timestamp_et	close	running_vwap	volume
2026-07-16T09:30:00-04:00	19.0000	19.0500	18618
2026-07-16T09:31:00-04:00	18.9250	19.0398	1210
2026-07-16T09:32:00-04:00	18.8800	19.0143	2772
2026-07-16T09:33:00-04:00	18.7500	19.0059	891
2026-07-16T09:34:00-04:00	18.7771	18.9970	1165
2026-07-16T09:35:00-04:00	18.8600	18.9911	1106
2026-07-16T09:37:00-04:00	18.8600	18.9771	3086
2026-07-16T09:38:00-04:00	18.5800	18.9426	3394
2026-07-16T09:39:00-04:00	18.5800	18.9412	127
2026-07-16T09:40:00-04:00	18.5900	18.9346	606
2026-07-16T09:41:00-04:00	18.6900	18.9063	3574
2026-07-16T09:42:00-04:00	18.5500	18.9006	693
2026-07-16T09:43:00-04:00	18.4500	18.8357	6051
2026-07-16T09:44:00-04:00	18.4762	18.8250	1434
2026-07-16T09:45:00-04:00	18.3401	18.7981	2788
2026-07-16T09:46:00-04:00	18.3450	18.7679	3280
2026-07-16T09:47:00-04:00	18.1650	18.7292	3894
2026-07-16T09:48:00-04:00	18.1600	18.7173	1223
2026-07-16T09:49:00-04:00	18.0900	18.6859	3067
2026-07-16T09:50:00-04:00	18.0000	18.5496	15094
2026-07-16T09:51:00-04:00	18.1450	18.5074	8091
2026-07-16T09:52:00-04:00	18.1100	18.4993	1887
2026-07-16T09:53:00-04:00	18.0850	18.4792	4255
2026-07-16T09:54:00-04:00	18.1350	18.4701	2254
2026-07-16T09:55:00-04:00	18.0100	18.4687	272
2026-07-16T09:56:00-04:00	18.1000	18.4206	14691
2026-07-16T09:57:00-04:00	17.9700	18.4097	2913
2026-07-16T09:58:00-04:00	17.9450	18.4044	1304
2026-07-16T09:59:00-04:00	18.0250	18.3976	2004
2026-07-16T10:00:00-04:00	18.0100	18.3925	1453
2026-07-16T10:01:00-04:00	17.9600	18.3803	3714
2026-07-16T10:02:00-04:00	18.0000	18.3636	5622
2026-07-16T10:03:00-04:00	17.9880	18.3617	587
2026-07-16T10:04:00-04:00	17.9000	18.3508	2752
2026-07-16T10:05:00-04:00	17.9344	18.3352	4338
2026-07-16T10:06:00-04:00	18.0043	18.3233	4304
2026-07-16T10:07:00-04:00	17.9450	18.3179	1951
2026-07-16T10:08:00-04:00	17.9500	18.3169	368
2026-07-16T10:09:00-04:00	18.0300	18.3108	2734
2026-07-16T10:10:00-04:00	17.9950	18.2997	5267
2026-07-16T10:11:00-04:00	18.0175	18.2902	4870
2026-07-16T10:12:00-04:00	17.9300	18.2818	3926
2026-07-16T10:13:00-04:00	17.9700	18.2787	1621
2026-07-16T10:14:00-04:00	17.9500	18.2722	3315
2026-07-16T10:15:00-04:00	17.9991	18.2676	2422
2026-07-16T10:16:00-04:00	17.9650	18.2650	1446
2026-07-16T10:17:00-04:00	17.8400	18.2477	7265
2026-07-16T10:18:00-04:00	17.7500	18.2401	2735
2026-07-16T10:19:00-04:00	17.8800	18.2341	2580
2026-07-16T10:20:00-04:00	17.7400	18.2163	7252
2026-07-16T10:21:00-04:00	17.7100	18.2110	2068
2026-07-16T10:22:00-04:00	17.7450	18.1955	6193
2026-07-16T10:23:00-04:00	17.6800	18.1898	2214
2026-07-16T10:24:00-04:00	17.7500	18.1836	2813
2026-07-16T10:25:00-04:00	17.6750	18.1678	6051
2026-07-16T10:26:00-04:00	17.6700	18.1616	2581
2026-07-16T10:27:00-04:00	17.6934	18.1606	429
2026-07-16T10:28:00-04:00	17.7800	18.1455	7695
2026-07-16T10:29:00-04:00	17.7500	18.1418	1986
2026-07-16T10:30:00-04:00	17.8162	18.1378	2620
2026-07-16T10:31:00-04:00	17.7250	18.1267	6272
2026-07-16T10:32:00-04:00	17.6500	18.1252	762
2026-07-16T10:33:00-04:00	17.7300	18.1216	2227
2026-07-16T10:34:00-04:00	17.6500	18.1202	668
2026-07-16T10:35:00-04:00	17.8000	18.1185	1042
2026-07-16T10:36:00-04:00	17.7999	18.1163	1465
2026-07-16T10:37:00-04:00	17.7000	18.1148	896
2026-07-16T10:38:00-04:00	17.7100	18.1132	883
2026-07-16T10:39:00-04:00	17.6300	18.1096	1833
2026-07-16T10:40:00-04:00	17.5459	18.0978	5340
2026-07-16T10:41:00-04:00	17.5550	18.0687	13546
2026-07-16T10:42:00-04:00	17.6500	18.0605	4733
2026-07-16T10:43:00-04:00	17.7000	18.0583	1600
2026-07-16T10:45:00-04:00	17.7000	18.0562	1469
2026-07-16T10:47:00-04:00	17.7000	18.0536	2025
2026-07-16T10:48:00-04:00	17.4950	18.0351	9786
2026-07-16T10:49:00-04:00	17.6200	18.0303	3057
2026-07-16T10:50:00-04:00	17.6764	18.0269	2487
2026-07-16T10:51:00-04:00	17.5200	18.0198	4289
2026-07-16T10:52:00-04:00	17.5200	18.0187	656
2026-07-16T10:53:00-04:00	17.5950	18.0180	471
2026-07-16T10:55:00-04:00	17.5300	18.0175	296
2026-07-16T10:56:00-04:00	17.5650	18.0135	2436
2026-07-16T10:58:00-04:00	17.6700	18.0107	2291
2026-07-16T10:59:00-04:00	17.6100	18.0100	499
2026-07-16T11:00:00-04:00	17.5700	18.0088	788
2026-07-16T11:01:00-04:00	17.5400	18.0085	177
2026-07-16T11:02:00-04:00	17.5850	18.0070	1021
2026-07-16T11:03:00-04:00	17.5850	18.0016	3616
2026-07-16T11:04:00-04:00	17.5800	18.0008	552
2026-07-16T11:05:00-04:00	17.5447	17.9987	1346
2026-07-16T11:06:00-04:00	17.5100	17.9954	2047
2026-07-16T11:07:00-04:00	17.5000	17.9844	6579
2026-07-16T11:08:00-04:00	17.5350	17.9830	1007
2026-07-16T11:09:00-04:00	17.4900	17.9604	14975
2026-07-16T11:10:00-04:00	17.3650	17.9445	9316
2026-07-16T11:11:00-04:00	17.4799	17.9441	322
2026-07-16T11:12:00-04:00	17.4000	17.9432	533
2026-07-16T11:13:00-04:00	17.4000	17.9424	472
2026-07-16T11:14:00-04:00	17.4000	17.9399	1511
2026-07-16T11:15:00-04:00	17.4100	17.9397	101
2026-07-16T11:16:00-04:00	17.3600	17.9385	731
2026-07-16T11:17:00-04:00	17.3800	17.9374	654
2026-07-16T11:18:00-04:00	17.4500	17.9336	2547
2026-07-16T11:19:00-04:00	17.4400	17.9321	997
2026-07-16T11:20:00-04:00	17.4250	17.9312	625
2026-07-16T11:21:00-04:00	17.4300	17.9309	185
2026-07-16T11:22:00-04:00	17.4600	17.9274	2507
2026-07-16T11:23:00-04:00	17.5200	17.9251	1944
2026-07-16T11:24:00-04:00	17.5900	17.9244	662
2026-07-16T11:25:00-04:00	17.6600	17.9238	710
2026-07-16T11:26:00-04:00	17.6592	17.9229	1233
2026-07-16T11:27:00-04:00	17.6900	17.9209	2730
2026-07-16T11:28:00-04:00	17.6500	17.9201	1002
2026-07-16T11:29:00-04:00	17.5900	17.9196	509
2026-07-16T11:30:00-04:00	17.5850	17.9171	2770
2026-07-16T11:31:00-04:00	17.5900	17.9169	242
2026-07-16T11:32:00-04:00	17.6700	17.9151	2421
2026-07-16T11:33:00-04:00	17.6400	17.9148	337
2026-07-16T11:34:00-04:00	17.6700	17.9145	505
2026-07-16T11:35:00-04:00	17.6450	17.9142	322
2026-07-16T11:36:00-04:00	17.6500	17.9140	354
2026-07-16T11:37:00-04:00	17.6100	17.9133	869
2026-07-16T11:39:00-04:00	17.6300	17.9085	6366
2026-07-16T11:40:00-04:00	17.6250	17.9082	329
2026-07-16T11:41:00-04:00	17.5700	17.9067	1729
2026-07-16T11:43:00-04:00	17.6000	17.8949	13285
2026-07-16T11:44:00-04:00	17.5900	17.8855	12381
2026-07-16T11:45:00-04:00	17.6800	17.8852	488
2026-07-16T11:46:00-04:00	17.6150	17.8845	948
2026-07-16T11:47:00-04:00	17.6020	17.8844	229
2026-07-16T11:48:00-04:00	17.5900	17.8840	556
2026-07-16T11:49:00-04:00	17.7100	17.8830	1930
2026-07-16T11:51:00-04:00	17.7450	17.8828	459
2026-07-16T11:52:00-04:00	17.7350	17.8827	230
2026-07-16T11:53:00-04:00	17.8450	17.8818	5463
2026-07-16T11:54:00-04:00	17.9500	17.8828	16476
2026-07-16T11:55:00-04:00	17.8950	17.8827	1851
2026-07-16T11:56:00-04:00	17.8950	17.8828	2649
2026-07-16T11:57:00-04:00	17.8950	17.8828	456
2026-07-16T11:58:00-04:00	17.9699	17.8829	536
2026-07-16T11:59:00-04:00	18.0200	17.8858	13684
2026-07-16T12:00:00-04:00	18.0101	17.8861	937
2026-07-16T12:01:00-04:00	17.9825	17.8876	7946
2026-07-16T12:02:00-04:00	17.9600	17.8877	654
2026-07-16T12:03:00-04:00	17.9900	17.8888	6306
2026-07-16T12:04:00-04:00	17.9850	17.8900	4838
2026-07-16T12:05:00-04:00	17.9850	17.8902	764
2026-07-16T12:06:00-04:00	17.9950	17.8902	349
2026-07-16T12:07:00-04:00	18.0200	17.8911	3128
2026-07-16T12:08:00-04:00	17.9950	17.8916	1993
2026-07-16T12:09:00-04:00	17.9950	17.8919	1049
2026-07-16T12:10:00-04:00	17.9350	17.8936	16684
2026-07-16T12:11:00-04:00	17.8550	17.8932	17097
2026-07-16T12:12:00-04:00	17.8650	17.8931	1323
2026-07-16T12:13:00-04:00	17.8700	17.8931	396
2026-07-16T12:14:00-04:00	17.8650	17.8931	200
2026-07-16T12:15:00-04:00	17.8650	17.8931	482
2026-07-16T12:16:00-04:00	17.8750	17.8930	850
2026-07-16T12:17:00-04:00	17.9300	17.8932	3718
2026-07-16T12:20:00-04:00	17.9100	17.8937	10856
2026-07-16T12:21:00-04:00	17.9100	17.8939	6658
2026-07-16T12:22:00-04:00	17.8750	17.8939	3525
2026-07-16T12:23:00-04:00	17.9000	17.8939	701
2026-07-16T12:24:00-04:00	17.8700	17.8939	1486
2026-07-16T12:25:00-04:00	17.8200	17.8938	377
2026-07-16T12:26:00-04:00	17.8550	17.8938	265
2026-07-16T12:27:00-04:00	17.8700	17.8938	2418
2026-07-16T12:28:00-04:00	17.8700	17.8937	568
2026-07-16T12:29:00-04:00	17.8750	17.8937	1922
2026-07-16T12:31:00-04:00	17.8500	17.8937	859
2026-07-16T12:32:00-04:00	17.8300	17.8936	1013
2026-07-16T12:33:00-04:00	17.8300	17.8936	201
2026-07-16T12:34:00-04:00	17.8352	17.8935	772
2026-07-16T12:36:00-04:00	17.8100	17.8934	287
2026-07-16T12:37:00-04:00	17.8513	17.8934	196
2026-07-16T12:38:00-04:00	17.8600	17.8933	1521
2026-07-16T12:40:00-04:00	17.8600	17.8932	1300
2026-07-16T12:41:00-04:00	17.8750	17.8931	4941
2026-07-16T12:43:00-04:00	17.8250	17.8928	2479
2026-07-16T12:44:00-04:00	17.7950	17.8924	2226
2026-07-16T12:45:00-04:00	17.7750	17.8923	673
2026-07-16T12:46:00-04:00	17.7700	17.8920	1296
2026-07-16T12:48:00-04:00	17.7700	17.8918	1087
2026-07-16T12:49:00-04:00	17.7600	17.8907	4522
2026-07-16T12:50:00-04:00	17.7200	17.8903	1401
2026-07-16T12:51:00-04:00	17.7100	17.8902	471
2026-07-16T12:53:00-04:00	17.7700	17.8898	1690
2026-07-16T12:54:00-04:00	17.7625	17.8894	1587
2026-07-16T12:55:00-04:00	17.8100	17.8888	4116
2026-07-16T12:56:00-04:00	17.7800	17.8885	1239
2026-07-16T12:57:00-04:00	17.8250	17.8884	1508
2026-07-16T12:59:00-04:00	17.8350	17.8883	790
2026-07-16T13:00:00-04:00	17.8300	17.8880	3233
2026-07-16T13:03:00-04:00	17.8800	17.8880	1484
2026-07-16T13:04:00-04:00	17.9650	17.8880	199
2026-07-16T13:05:00-04:00	18.1750	17.8893	3363
2026-07-16T13:06:00-04:00	18.1000	17.8894	333
2026-07-16T13:07:00-04:00	18.0700	17.8895	197
2026-07-16T13:08:00-04:00	18.0700	17.8896	246
2026-07-16T13:09:00-04:00	18.1300	17.8897	462
2026-07-16T13:10:00-04:00	18.1200	17.8902	1237
2026-07-16T13:11:00-04:00	18.2200	17.8934	6431
2026-07-16T13:12:00-04:00	18.2400	17.8950	2470
2026-07-16T13:13:00-04:00	18.2400	17.8951	195
2026-07-16T13:14:00-04:00	18.2150	17.8955	917
2026-07-16T13:15:00-04:00	18.2200	17.8963	1435
2026-07-16T13:16:00-04:00	18.2600	17.8966	537
2026-07-16T13:17:00-04:00	18.2800	17.8973	1060
2026-07-16T13:18:00-04:00	18.2750	17.8975	340
2026-07-16T13:19:00-04:00	18.2300	17.9021	8245
2026-07-16T13:20:00-04:00	18.2800	17.9046	4183
2026-07-16T13:24:00-04:00	18.2450	17.9047	350
2026-07-16T13:25:00-04:00	18.2550	17.9049	337
2026-07-16T13:26:00-04:00	18.3300	17.9063	2125
2026-07-16T13:27:00-04:00	18.3117	17.9066	455
2026-07-16T13:28:00-04:00	18.3700	17.9086	2652
2026-07-16T13:30:00-04:00	18.3250	17.9091	769
2026-07-16T13:31:00-04:00	18.3493	17.9098	967
2026-07-16T13:32:00-04:00	18.3500	17.9100	386
2026-07-16T13:33:00-04:00	18.4200	17.9134	4402
2026-07-16T13:34:00-04:00	18.4100	17.9145	1293
2026-07-16T13:35:00-04:00	18.4150	17.9151	772
2026-07-16T13:36:00-04:00	18.1300	17.9271	25867
2026-07-16T13:37:00-04:00	18.0800	17.9272	223
2026-07-16T13:38:00-04:00	17.9550	17.9277	3631
2026-07-16T13:39:00-04:00	17.9500	17.9278	3192
2026-07-16T13:40:00-04:00	18.0500	17.9291	8564
2026-07-16T13:41:00-04:00	17.9800	17.9293	2615
2026-07-16T13:42:00-04:00	17.9750	17.9293	542
2026-07-16T13:43:00-04:00	17.9700	17.9294	1009
2026-07-16T13:44:00-04:00	17.9650	17.9294	369
2026-07-16T13:45:00-04:00	18.0400	17.9301	4651
2026-07-16T13:48:00-04:00	18.2200	17.9394	28648
2026-07-16T13:49:00-04:00	18.1950	17.9399	1093
2026-07-16T13:50:00-04:00	18.2200	17.9400	279
2026-07-16T13:51:00-04:00	18.3250	17.9408	1643
2026-07-16T13:52:00-04:00	18.2900	17.9409	157
2026-07-16T13:53:00-04:00	18.3450	17.9412	449
2026-07-16T13:54:00-04:00	18.2500	17.9420	2012
2026-07-16T13:56:00-04:00	18.1900	17.9422	643
2026-07-16T13:57:00-04:00	18.0600	17.9434	5027
2026-07-16T13:58:00-04:00	18.0600	17.9435	356
2026-07-16T13:59:00-04:00	18.0000	17.9439	3784
2026-07-16T14:00:00-04:00	18.0500	17.9439	276
2026-07-16T14:01:00-04:00	18.1100	17.9442	1459
2026-07-16T14:02:00-04:00	18.0650	17.9447	2457
2026-07-16T14:03:00-04:00	18.0500	17.9450	2626
2026-07-16T14:05:00-04:00	18.1000	17.9457	3303
2026-07-16T14:06:00-04:00	18.0900	17.9457	253
2026-07-16T14:07:00-04:00	18.1100	17.9461	1887
2026-07-16T14:08:00-04:00	18.1400	17.9469	3080
2026-07-16T14:14:00-04:00	18.1450	17.9470	509
2026-07-16T14:15:00-04:00	18.1450	17.9473	1026
2026-07-16T14:16:00-04:00	18.2300	17.9487	3789
2026-07-16T14:19:00-04:00	18.2300	17.9488	396
2026-07-16T14:20:00-04:00	18.3000	17.9509	4533
2026-07-16T14:21:00-04:00	18.3700	17.9513	649
2026-07-16T14:22:00-04:00	18.4000	17.9525	2077
2026-07-16T14:23:00-04:00	18.3600	17.9528	541
2026-07-16T14:25:00-04:00	18.3650	17.9531	605
2026-07-16T14:28:00-04:00	18.4100	17.9544	2177
2026-07-16T14:29:00-04:00	18.3500	17.9547	482
2026-07-16T14:30:00-04:00	18.2800	17.9555	1725
2026-07-16T14:32:00-04:00	18.2900	17.9557	548
2026-07-16T14:33:00-04:00	18.2800	17.9560	517
2026-07-16T14:35:00-04:00	18.2500	17.9563	785
2026-07-16T14:36:00-04:00	18.2600	17.9565	625
2026-07-16T14:37:00-04:00	18.3000	17.9572	1417
2026-07-16T14:38:00-04:00	18.2928	17.9578	1497
2026-07-16T14:39:00-04:00	18.3100	17.9581	646
2026-07-16T14:40:00-04:00	18.2800	17.9588	1558
2026-07-16T14:41:00-04:00	18.3200	17.9590	325
2026-07-16T14:42:00-04:00	18.3200	17.9591	321
2026-07-16T14:43:00-04:00	18.3200	17.9596	1109
2026-07-16T14:44:00-04:00	18.3800	17.9608	2160
2026-07-16T14:45:00-04:00	18.3700	17.9614	1215
2026-07-16T14:46:00-04:00	18.3900	17.9619	811
2026-07-16T14:47:00-04:00	18.3550	17.9620	292
2026-07-16T14:48:00-04:00	18.4000	17.9622	362
2026-07-16T14:49:00-04:00	18.3900	17.9624	348
2026-07-16T14:50:00-04:00	18.3900	17.9630	985
2026-07-16T14:51:00-04:00	18.3900	17.9631	274
2026-07-16T14:52:00-04:00	18.3200	17.9637	1265
2026-07-16T14:53:00-04:00	18.3200	17.9640	456
2026-07-16T14:54:00-04:00	18.3600	17.9686	9445
2026-07-16T14:55:00-04:00	18.3450	17.9689	677
2026-07-16T14:56:00-04:00	18.3300	17.9693	853
2026-07-16T14:58:00-04:00	18.2900	17.9700	1622
2026-07-16T14:59:00-04:00	18.3400	17.9710	2151
2026-07-16T15:00:00-04:00	18.3900	17.9718	1642
2026-07-16T15:01:00-04:00	18.3650	17.9726	1633
2026-07-16T15:02:00-04:00	18.3800	17.9727	127
2026-07-16T15:03:00-04:00	18.3100	17.9782	13143
2026-07-16T15:05:00-04:00	18.3300	17.9792	2337
2026-07-16T15:06:00-04:00	18.3300	17.9796	921
2026-07-16T15:07:00-04:00	18.2900	17.9806	2489
2026-07-16T15:08:00-04:00	18.3000	17.9842	9444
2026-07-16T15:09:00-04:00	18.3500	17.9855	2982
2026-07-16T15:10:00-04:00	18.3500	17.9855	171
2026-07-16T15:11:00-04:00	18.3500	17.9858	570
2026-07-16T15:12:00-04:00	18.3600	17.9861	684
2026-07-16T15:13:00-04:00	18.3600	17.9864	792
2026-07-16T15:14:00-04:00	18.3500	17.9903	9030
2026-07-16T15:15:00-04:00	18.3650	17.9920	3577
2026-07-16T15:18:00-04:00	18.4000	17.9923	768
2026-07-16T15:21:00-04:00	18.4400	17.9935	2219
2026-07-16T15:22:00-04:00	18.3800	17.9941	1268
2026-07-16T15:24:00-04:00	18.4400	17.9944	587
2026-07-16T15:25:00-04:00	18.4249	17.9947	507
2026-07-16T15:26:00-04:00	18.4100	17.9951	806
2026-07-16T15:27:00-04:00	18.4250	17.9984	6547
2026-07-16T15:28:00-04:00	18.4250	18.0006	4274
2026-07-16T15:29:00-04:00	18.4200	18.0038	6529
2026-07-16T15:30:00-04:00	18.4550	18.0094	11049
2026-07-16T15:31:00-04:00	18.4100	18.0103	1783
2026-07-16T15:32:00-04:00	18.4400	18.0107	908
2026-07-16T15:33:00-04:00	18.4100	18.0111	780
2026-07-16T15:34:00-04:00	18.4250	18.0144	6812
2026-07-16T15:35:00-04:00	18.3900	18.0152	1858
2026-07-16T15:36:00-04:00	18.4350	18.0156	951
2026-07-16T15:37:00-04:00	18.4300	18.0166	2016
2026-07-16T15:38:00-04:00	18.4250	18.0175	2019
2026-07-16T15:40:00-04:00	18.4292	18.0179	898
2026-07-16T15:41:00-04:00	18.4700	18.0186	1350
2026-07-16T15:43:00-04:00	18.4100	18.0212	5903
2026-07-16T15:44:00-04:00	18.4000	18.0224	2977
2026-07-16T15:45:00-04:00	18.4004	18.0229	1083
2026-07-16T15:46:00-04:00	18.4450	18.0269	8709
2026-07-16T15:47:00-04:00	18.4450	18.0275	1323
2026-07-16T15:49:00-04:00	18.3750	18.0299	5941
2026-07-16T15:50:00-04:00	18.4300	18.0328	7357
2026-07-16T15:51:00-04:00	18.4500	18.0384	12727
2026-07-16T15:52:00-04:00	18.4500	18.0396	2871
2026-07-16T15:53:00-04:00	18.4450	18.0403	1521
2026-07-16T15:54:00-04:00	18.4950	18.0418	3171
2026-07-16T15:55:00-04:00	18.5500	18.0452	6542
2026-07-16T15:56:00-04:00	18.6150	18.0494	7441
2026-07-16T15:57:00-04:00	18.5900	18.0549	9633
2026-07-16T15:58:00-04:00	18.7600	18.0693	22075
2026-07-16T15:59:00-04:00	18.5650	18.0816	23695
2026-07-17T09:30:00-04:00	17.7800	17.8583	15684
2026-07-17T09:31:00-04:00	17.6425	17.8524	440
2026-07-17T09:32:00-04:00	17.9000	17.8580	2790
2026-07-17T09:33:00-04:00	18.0900	17.8709	1424
2026-07-17T09:34:00-04:00	18.1020	17.8768	722
2026-07-17T09:36:00-04:00	17.9500	17.8800	1582
2026-07-17T09:37:00-04:00	17.6700	17.8601	2655
2026-07-17T09:38:00-04:00	17.7371	17.8428	6519
2026-07-17T09:39:00-04:00	17.7493	17.8313	3424
2026-07-17T09:40:00-04:00	17.6200	17.8245	1630
2026-07-17T09:41:00-04:00	17.8000	17.8224	1398
2026-07-17T09:42:00-04:00	17.8500	17.8200	2116
2026-07-17T09:43:00-04:00	17.9150	17.8252	5741
2026-07-17T09:44:00-04:00	17.9800	17.8283	1280
2026-07-17T09:45:00-04:00	18.0000	17.8362	3298
2026-07-17T09:46:00-04:00	18.0900	17.8497	3729
2026-07-17T09:47:00-04:00	18.2750	17.8641	2199
2026-07-17T09:49:00-04:00	18.0500	17.8686	1226
2026-07-17T09:50:00-04:00	18.2300	17.8701	235
2026-07-17T09:51:00-04:00	18.1850	17.8779	1332
2026-07-17T09:52:00-04:00	18.3900	17.8956	2201
2026-07-17T09:54:00-04:00	18.4100	17.8988	356
2026-07-17T09:55:00-04:00	18.4250	17.9078	1079
2026-07-17T09:56:00-04:00	18.4082	17.9175	1235
2026-07-17T09:57:00-04:00	18.6000	17.9750	6498
2026-07-17T09:58:00-04:00	18.6650	17.9861	1152
2026-07-17T09:59:00-04:00	18.9400	17.9934	557
2026-07-17T10:00:00-04:00	18.7300	18.0059	1248
2026-07-17T10:02:00-04:00	18.6400	18.0154	1060
2026-07-17T10:04:00-04:00	18.7400	18.0224	734
2026-07-17T10:06:00-04:00	18.5750	18.0268	601
2026-07-17T10:07:00-04:00	18.7150	18.0357	999
2026-07-17T10:08:00-04:00	18.8200	18.0419	612
2026-07-17T10:09:00-04:00	18.9000	18.0516	920
2026-07-17T10:10:00-04:00	18.9600	18.0813	2811
2026-07-17T10:11:00-04:00	18.8900	18.1094	2883
2026-07-17T10:12:00-04:00	18.8200	18.1195	1204
2026-07-17T10:13:00-04:00	18.8744	18.1250	637
2026-07-17T10:14:00-04:00	18.7200	18.1304	793
2026-07-17T10:16:00-04:00	18.7150	18.1313	133
2026-07-17T10:17:00-04:00	18.7800	18.1441	1727
2026-07-17T10:18:00-04:00	18.8600	18.1485	554
2026-07-17T10:19:00-04:00	18.6950	18.1576	1509
2026-07-17T10:20:00-04:00	18.7000	18.1611	581
2026-07-17T10:21:00-04:00	18.7206	18.1823	3687
2026-07-17T10:22:00-04:00	18.7500	18.1845	362
2026-07-17T10:23:00-04:00	18.6900	18.1910	1338
2026-07-17T10:24:00-04:00	18.7050	18.1945	671
2026-07-17T10:25:00-04:00	18.7050	18.1986	786
2026-07-17T10:27:00-04:00	18.7050	18.2014	559
2026-07-17T10:28:00-04:00	18.7000	18.2092	1489
2026-07-17T10:29:00-04:00	18.6350	18.2161	1513
2026-07-17T10:31:00-04:00	18.5400	18.2232	2097
2026-07-17T10:32:00-04:00	18.5700	18.2485	9475
2026-07-17T10:33:00-04:00	18.5250	18.2521	1479
2026-07-17T10:34:00-04:00	18.5200	18.2531	464
2026-07-17T10:35:00-04:00	18.6206	18.2566	1196
2026-07-17T10:36:00-04:00	18.6499	18.2587	636
2026-07-17T10:37:00-04:00	18.5350	18.2606	722
2026-07-17T10:38:00-04:00	18.6500	18.2645	1206
2026-07-17T10:39:00-04:00	18.5900	18.2675	1099
2026-07-17T10:40:00-04:00	18.5950	18.2728	1907
2026-07-17T10:44:00-04:00	18.5000	18.2735	363
2026-07-17T10:45:00-04:00	18.5100	18.2745	539
2026-07-17T10:46:00-04:00	18.4850	18.2768	1511
2026-07-17T10:47:00-04:00	18.4200	18.2771	312
2026-07-17T10:48:00-04:00	18.4800	18.2776	301
2026-07-17T10:49:00-04:00	18.3976	18.2784	613
2026-07-17T10:50:00-04:00	18.4450	18.2799	1270
2026-07-17T10:51:00-04:00	18.3700	18.2813	1593
2026-07-17T10:52:00-04:00	18.4200	18.2830	1580
2026-07-17T10:53:00-04:00	18.3700	18.2831	147
2026-07-17T10:54:00-04:00	18.2600	18.2833	2389
2026-07-17T10:57:00-04:00	18.2000	18.2822	1984
2026-07-17T10:59:00-04:00	18.1800	18.2816	791
2026-07-17T11:00:00-04:00	18.2485	18.2815	176
2026-07-17T11:01:00-04:00	18.2300	18.2795	5482
2026-07-17T11:02:00-04:00	18.2600	18.2794	1240
2026-07-17T11:03:00-04:00	18.3600	18.2795	213
2026-07-17T11:04:00-04:00	18.3200	18.2796	140
2026-07-17T11:05:00-04:00	18.2650	18.2794	1634
2026-07-17T11:07:00-04:00	18.1400	18.2787	1098
2026-07-17T11:08:00-04:00	18.2600	18.2769	4099
2026-07-17T11:09:00-04:00	18.1900	18.2763	1689
2026-07-17T11:11:00-04:00	18.2850	18.2760	2046
2026-07-17T11:13:00-04:00	18.2900	18.2761	1321
2026-07-17T11:14:00-04:00	18.2950	18.2761	403
2026-07-17T11:16:00-04:00	18.2950	18.2781	13212
2026-07-17T11:17:00-04:00	18.3000	18.2782	538
2026-07-17T11:18:00-04:00	18.3350	18.2784	436
2026-07-17T11:19:00-04:00	18.4200	18.2801	2317
2026-07-17T11:20:00-04:00	18.4200	18.2810	1058
2026-07-17T11:21:00-04:00	18.3400	18.2811	168
2026-07-17T11:24:00-04:00	18.4150	18.2811	122
2026-07-17T11:25:00-04:00	18.4450	18.2815	432
2026-07-17T11:26:00-04:00	18.4450	18.2819	417
2026-07-17T11:28:00-04:00	18.4275	18.2856	4642
2026-07-17T11:29:00-04:00	18.4350	18.2874	2118
2026-07-17T11:30:00-04:00	18.3900	18.2884	1647
2026-07-17T11:31:00-04:00	18.3000	18.2886	3239
2026-07-17T11:33:00-04:00	18.2900	18.2885	446
2026-07-17T11:34:00-04:00	18.2000	18.2884	259
2026-07-17T11:35:00-04:00	18.2000	18.2882	463
2026-07-17T11:36:00-04:00	18.1000	18.2879	289
2026-07-17T11:37:00-04:00	18.1550	18.2861	2553
2026-07-17T11:38:00-04:00	18.1000	18.2859	212
2026-07-17T11:39:00-04:00	18.1200	18.2856	372
2026-07-17T11:40:00-04:00	18.1550	18.2846	1293
2026-07-17T11:41:00-04:00	18.1000	18.2823	2428
2026-07-17T11:42:00-04:00	18.0550	18.2820	258
2026-07-17T11:43:00-04:00	18.0000	18.2816	271
2026-07-17T11:44:00-04:00	17.9900	18.2808	589
2026-07-17T11:45:00-04:00	18.1000	18.2762	4454
2026-07-17T11:46:00-04:00	18.0600	18.2755	769
2026-07-17T11:48:00-04:00	18.0575	18.2714	3827
2026-07-17T11:49:00-04:00	18.1350	18.2681	4373
2026-07-17T11:50:00-04:00	18.1350	18.2678	585
2026-07-17T11:51:00-04:00	18.1300	18.2674	596
2026-07-17T11:52:00-04:00	18.2100	18.2661	3481
2026-07-17T11:53:00-04:00	18.2100	18.2659	702
2026-07-17T11:54:00-04:00	18.2000	18.2654	1695
2026-07-17T11:55:00-04:00	18.2200	18.2654	152
2026-07-17T11:56:00-04:00	18.2900	18.2655	820
2026-07-17T11:57:00-04:00	18.2751	18.2657	2378
2026-07-17T11:59:00-04:00	18.2750	18.2657	580
2026-07-17T12:00:00-04:00	18.4400	18.2681	4082
2026-07-17T12:01:00-04:00	18.3700	18.2694	2521
2026-07-17T12:02:00-04:00	18.3200	18.2702	3452
2026-07-17T12:03:00-04:00	18.3900	18.2717	3073
2026-07-17T12:04:00-04:00	18.4200	18.2719	459
2026-07-17T12:06:00-04:00	18.3600	18.2724	1419
2026-07-17T12:07:00-04:00	18.3600	18.2741	6575
2026-07-17T12:08:00-04:00	18.3550	18.2743	520
2026-07-17T12:09:00-04:00	18.3989	18.2760	3539
2026-07-17T12:10:00-04:00	18.3800	18.2763	689
2026-07-17T12:11:00-04:00	18.3971	18.2765	505
2026-07-17T12:12:00-04:00	18.2500	18.2765	146
2026-07-17T12:13:00-04:00	18.3350	18.2778	5770
2026-07-17T12:17:00-04:00	18.3699	18.2785	3694
2026-07-17T12:18:00-04:00	18.3100	18.2786	1121
2026-07-17T12:19:00-04:00	18.3050	18.2786	108
2026-07-17T12:20:00-04:00	18.3150	18.2796	7732
2026-07-17T12:21:00-04:00	18.2050	18.2790	3792
2026-07-17T12:22:00-04:00	18.1950	18.2788	581
2026-07-17T12:23:00-04:00	18.1600	18.2785	767
2026-07-17T12:25:00-04:00	18.1000	18.2782	429
2026-07-17T12:26:00-04:00	18.0950	18.2780	307
2026-07-17T12:27:00-04:00	18.1400	18.2747	5954
2026-07-17T12:28:00-04:00	18.1950	18.2737	2654
2026-07-17T12:29:00-04:00	18.1900	18.2734	1026
2026-07-17T12:30:00-04:00	18.2200	18.2732	1180
2026-07-17T12:31:00-04:00	18.2138	18.2730	791
2026-07-17T12:32:00-04:00	18.2400	18.2729	826
2026-07-17T12:33:00-04:00	18.2350	18.2724	4033
2026-07-17T12:34:00-04:00	18.2900	18.2723	2668
2026-07-17T12:36:00-04:00	18.2500	18.2719	5828
2026-07-17T12:37:00-04:00	18.2500	18.2718	668
2026-07-17T12:38:00-04:00	18.2450	18.2718	780
2026-07-17T12:39:00-04:00	18.2450	18.2717	391
2026-07-17T12:40:00-04:00	18.2500	18.2715	2864
2026-07-17T12:41:00-04:00	18.2500	18.2710	4801
2026-07-17T12:42:00-04:00	18.2700	18.2710	374
2026-07-17T12:43:00-04:00	18.2600	18.2711	5307
2026-07-17T12:45:00-04:00	18.2600	18.2711	183
2026-07-17T12:46:00-04:00	18.2600	18.2710	136
2026-07-17T12:47:00-04:00	18.2600	18.2711	1414
2026-07-17T12:48:00-04:00	18.2650	18.2711	135
2026-07-17T12:50:00-04:00	18.3200	18.2716	3129
2026-07-17T12:51:00-04:00	18.3300	18.2725	5106
2026-07-17T12:52:00-04:00	18.3350	18.2727	1007
2026-07-17T12:53:00-04:00	18.3350	18.2731	2035
2026-07-17T12:54:00-04:00	18.3350	18.2731	211
2026-07-17T12:55:00-04:00	18.3350	18.2732	202
2026-07-17T12:56:00-04:00	18.3350	18.2735	1522
2026-07-17T12:57:00-04:00	18.3300	18.2737	1279
2026-07-17T12:58:00-04:00	18.2700	18.2737	1269
2026-07-17T12:59:00-04:00	18.3300	18.2738	258
2026-07-17T13:00:00-04:00	18.3250	18.2738	112
2026-07-17T13:01:00-04:00	18.3700	18.2753	5406
2026-07-17T13:02:00-04:00	18.3912	18.2757	1209
2026-07-17T13:03:00-04:00	18.4750	18.2766	1621
2026-07-17T13:04:00-04:00	18.4800	18.2769	503
2026-07-17T13:07:00-04:00	18.4700	18.2847	12159
2026-07-17T13:09:00-04:00	18.4750	18.2847	151
2026-07-17T13:10:00-04:00	18.5500	18.2856	1226
2026-07-17T13:11:00-04:00	18.5450	18.2859	470
2026-07-17T13:13:00-04:00	18.4600	18.2890	5872
2026-07-17T13:14:00-04:00	18.4700	18.2895	1007
2026-07-17T13:15:00-04:00	18.3800	18.2902	2476
2026-07-17T13:16:00-04:00	18.4700	18.2916	3338
2026-07-17T13:17:00-04:00	18.4621	18.2917	118
2026-07-17T13:18:00-04:00	18.5100	18.2918	238
2026-07-17T13:19:00-04:00	18.5199	18.2922	615
2026-07-17T13:20:00-04:00	18.4850	18.2923	171
2026-07-17T13:22:00-04:00	18.3950	18.2930	2182
2026-07-17T13:24:00-04:00	18.4950	18.2981	11678
2026-07-17T13:25:00-04:00	18.4950	18.2982	316
2026-07-17T13:26:00-04:00	18.5150	18.2987	847
2026-07-17T13:27:00-04:00	18.4800	18.2989	436
2026-07-17T13:29:00-04:00	18.4950	18.2995	1229
2026-07-17T13:30:00-04:00	18.5300	18.3014	3085
2026-07-17T13:31:00-04:00	18.5300	18.3035	3542
2026-07-17T13:32:00-04:00	18.5300	18.3043	1404
2026-07-17T13:33:00-04:00	18.5300	18.3044	210
2026-07-17T13:34:00-04:00	18.5300	18.3075	5479
2026-07-17T13:36:00-04:00	18.4550	18.3083	2043
2026-07-17T13:37:00-04:00	18.4700	18.3096	3461
2026-07-17T13:38:00-04:00	18.4800	18.3099	639
2026-07-17T13:39:00-04:00	18.5000	18.3100	400
2026-07-17T13:40:00-04:00	18.4700	18.3102	466
2026-07-17T13:41:00-04:00	18.4050	18.3103	506
2026-07-17T13:42:00-04:00	18.4050	18.3109	2454
2026-07-17T13:43:00-04:00	18.3600	18.3109	245
2026-07-17T13:45:00-04:00	18.4150	18.3112	888
2026-07-17T13:46:00-04:00	18.4700	18.3112	253
2026-07-17T13:47:00-04:00	18.4200	18.3115	784
2026-07-17T13:48:00-04:00	18.4200	18.3115	223
2026-07-17T13:49:00-04:00	18.4250	18.3116	469
2026-07-17T13:50:00-04:00	18.4000	18.3117	365
2026-07-17T13:51:00-04:00	18.3550	18.3128	6522
2026-07-17T13:52:00-04:00	18.3001	18.3129	6376
2026-07-17T13:53:00-04:00	18.3250	18.3129	769
2026-07-17T13:54:00-04:00	18.2900	18.3128	2053
2026-07-17T13:55:00-04:00	18.3400	18.3128	417
2026-07-17T13:56:00-04:00	18.3000	18.3128	226
2026-07-17T13:57:00-04:00	18.3000	18.3125	6161
2026-07-17T13:58:00-04:00	18.3250	18.3125	6517
2026-07-17T13:59:00-04:00	18.3350	18.3129	6896
2026-07-17T14:00:00-04:00	18.2700	18.3129	1097
2026-07-17T14:01:00-04:00	18.2300	18.3121	4109
2026-07-17T14:02:00-04:00	18.2700	18.3121	960
2026-07-17T14:04:00-04:00	18.3100	18.3121	822
2026-07-17T14:06:00-04:00	18.2200	18.3118	2784
2026-07-17T14:08:00-04:00	18.2400	18.3115	1634
2026-07-17T14:09:00-04:00	18.2200	18.3115	136
2026-07-17T14:10:00-04:00	18.1900	18.3111	1755
2026-07-17T14:11:00-04:00	18.1550	18.3108	967
2026-07-17T14:13:00-04:00	18.1800	18.3107	306
2026-07-17T14:14:00-04:00	18.1800	18.3106	222
2026-07-17T14:15:00-04:00	18.2000	18.3072	12835
2026-07-17T14:16:00-04:00	18.1950	18.3067	2064
2026-07-17T14:18:00-04:00	18.1800	18.3064	916
2026-07-17T14:20:00-04:00	18.1300	18.2985	22962
2026-07-17T14:21:00-04:00	18.1200	18.2974	3225
2026-07-17T14:22:00-04:00	18.1300	18.2970	1029
2026-07-17T14:23:00-04:00	18.1900	18.2961	3641
2026-07-17T14:24:00-04:00	18.1800	18.2960	717
2026-07-17T14:25:00-04:00	18.1300	18.2958	487
2026-07-17T14:26:00-04:00	18.1200	18.2956	607
2026-07-17T14:27:00-04:00	18.0300	18.2946	2469
2026-07-17T14:28:00-04:00	18.0750	18.2945	126
2026-07-17T14:29:00-04:00	18.1400	18.2938	2441
2026-07-17T14:30:00-04:00	18.1300	18.2930	2764
2026-07-17T14:31:00-04:00	18.1050	18.2923	1689
2026-07-17T14:32:00-04:00	18.1050	18.2921	582
2026-07-17T14:33:00-04:00	18.0450	18.2917	936
2026-07-17T14:34:00-04:00	17.9900	18.2902	2632
2026-07-17T14:37:00-04:00	17.9450	18.2894	1301
2026-07-17T14:38:00-04:00	17.9500	18.2892	247
2026-07-17T14:40:00-04:00	17.8750	18.2857	4559
2026-07-17T14:44:00-04:00	17.8900	18.2837	2652
2026-07-17T14:45:00-04:00	17.9450	18.2795	6492
2026-07-17T14:46:00-04:00	17.9100	18.2779	2428
2026-07-17T14:48:00-04:00	17.9400	18.2770	1337
2026-07-17T14:50:00-04:00	17.9200	18.2768	272
2026-07-17T14:51:00-04:00	17.9250	18.2765	475
2026-07-17T14:52:00-04:00	17.9250	18.2764	155
2026-07-17T14:53:00-04:00	17.9500	18.2760	618
2026-07-17T14:54:00-04:00	17.9500	18.2759	298
2026-07-17T14:55:00-04:00	17.9500	18.2755	609
2026-07-17T14:56:00-04:00	17.9250	18.2752	424
2026-07-17T14:57:00-04:00	17.9500	18.2714	6234
2026-07-17T14:58:00-04:00	17.9700	18.2707	1248
2026-07-17T14:59:00-04:00	17.9100	18.2694	2128
2026-07-17T15:00:00-04:00	17.8950	18.2683	1595
2026-07-17T15:01:00-04:00	17.9700	18.2671	2255
2026-07-17T15:02:00-04:00	17.9400	18.2665	966
2026-07-17T15:03:00-04:00	17.9000	18.2662	520
2026-07-17T15:05:00-04:00	17.9200	18.2645	2651
2026-07-17T15:06:00-04:00	17.9000	18.2639	866
2026-07-17T15:08:00-04:00	17.8800	18.2626	2005
2026-07-17T15:09:00-04:00	17.9800	18.2576	9368
2026-07-17T15:10:00-04:00	17.9200	18.2560	2892
2026-07-17T15:15:00-04:00	17.9208	18.2553	1235
2026-07-17T15:16:00-04:00	17.9700	18.2518	6543
2026-07-17T15:17:00-04:00	17.9400	18.2491	5268
2026-07-17T15:18:00-04:00	17.9400	18.2490	164
2026-07-17T15:19:00-04:00	17.9450	18.2488	348
2026-07-17T15:20:00-04:00	17.9900	18.2457	7043
2026-07-17T15:21:00-04:00	17.9400	18.2448	1811
2026-07-17T15:22:00-04:00	17.8900	18.2430	3213
2026-07-17T15:23:00-04:00	17.8500	18.2399	4944
2026-07-17T15:24:00-04:00	17.8700	18.2394	732
2026-07-17T15:25:00-04:00	17.8300	18.2386	1085
2026-07-17T15:26:00-04:00	17.8300	18.2384	302
2026-07-17T15:27:00-04:00	17.8350	18.2351	4897
2026-07-17T15:28:00-04:00	17.8800	18.2331	3422
2026-07-17T15:29:00-04:00	17.8900	18.2319	2114
2026-07-17T15:30:00-04:00	17.9200	18.2286	6704
2026-07-17T15:31:00-04:00	18.0300	18.2278	2334
2026-07-17T15:32:00-04:00	18.0500	18.2276	771
2026-07-17T15:33:00-04:00	18.0500	18.2274	637
2026-07-17T15:34:00-04:00	18.0850	18.2273	169
2026-07-17T15:35:00-04:00	18.0900	18.2273	388
2026-07-17T15:36:00-04:00	18.1450	18.2251	11805
2026-07-17T15:37:00-04:00	18.2200	18.2250	2537
2026-07-17T15:39:00-04:00	18.1700	18.2249	1060
2026-07-17T15:40:00-04:00	18.1500	18.2245	3029
2026-07-17T15:41:00-04:00	18.1800	18.2245	295
2026-07-17T15:42:00-04:00	18.1000	18.2243	1195
2026-07-17T15:43:00-04:00	18.0800	18.2225	9020
2026-07-17T15:44:00-04:00	18.0450	18.2222	1445
2026-07-17T15:45:00-04:00	18.0950	18.2220	1112
2026-07-17T15:46:00-04:00	18.0950	18.2217	1559
2026-07-17T15:47:00-04:00	18.0900	18.2215	827
2026-07-17T15:48:00-04:00	18.0900	18.2213	831
2026-07-17T15:49:00-04:00	18.0750	18.2201	5948
2026-07-17T15:50:00-04:00	18.0350	18.2194	2494
2026-07-17T15:51:00-04:00	18.1200	18.2179	8538
2026-07-17T15:52:00-04:00	18.1200	18.2176	2192
2026-07-17T15:53:00-04:00	18.1150	18.2169	4712
2026-07-17T15:54:00-04:00	18.1900	18.2163	8085
2026-07-17T15:55:00-04:00	18.1950	18.2162	2193
2026-07-17T15:56:00-04:00	18.2650	18.2164	8455
2026-07-17T15:57:00-04:00	18.2050	18.2163	5570
2026-07-17T15:58:00-04:00	18.0625	18.2142	13002
2026-07-17T15:59:00-04:00	17.9200	18.2081	19616
2026-07-20T09:30:00-04:00	18.4150	18.3217	13807
2026-07-20T09:32:00-04:00	18.0800	18.2902	2369
2026-07-20T09:33:00-04:00	17.9001	18.2242	6307
2026-07-20T09:36:00-04:00	18.4940	18.2263	479
2026-07-20T09:38:00-04:00	18.0800	18.2241	382
2026-07-20T09:39:00-04:00	18.0800	18.2032	2911
2026-07-20T09:40:00-04:00	18.2100	18.2036	1832
2026-07-20T09:41:00-04:00	18.0200	18.1991	755
2026-07-20T09:42:00-04:00	18.0200	18.1978	207
2026-07-20T09:43:00-04:00	18.0900	18.1971	186
2026-07-20T09:44:00-04:00	18.0700	18.1966	130
2026-07-20T09:45:00-04:00	18.0400	18.1903	1120
2026-07-20T09:46:00-04:00	17.9100	18.1689	2527
2026-07-20T09:47:00-04:00	17.8900	18.1402	3336
2026-07-20T09:48:00-04:00	17.9100	18.1053	5809
2026-07-20T09:49:00-04:00	17.8800	18.1025	546
2026-07-20T09:50:00-04:00	17.9750	18.0996	789
2026-07-20T09:51:00-04:00	18.0071	18.0991	240
2026-07-20T09:52:00-04:00	17.8600	18.0967	497
2026-07-20T09:53:00-04:00	17.7150	18.0767	2895
2026-07-20T09:56:00-04:00	17.6300	18.0478	3489
2026-07-20T09:57:00-04:00	17.5200	18.0354	1311
2026-07-20T09:58:00-04:00	17.5600	17.9995	4408
2026-07-20T09:59:00-04:00	17.6093	17.9853	2124
2026-07-20T10:00:00-04:00	17.5500	17.9716	2060
2026-07-20T10:01:00-04:00	17.5600	17.9601	1738
2026-07-20T10:02:00-04:00	17.6100	17.9487	2083
2026-07-20T10:03:00-04:00	17.6600	17.9452	827
2026-07-20T10:04:00-04:00	17.7400	17.9416	1144
2026-07-20T10:05:00-04:00	17.7550	17.9322	3835
2026-07-20T10:06:00-04:00	17.7100	17.9290	1010
2026-07-20T10:07:00-04:00	17.7150	17.9281	326
2026-07-20T10:08:00-04:00	17.6700	17.9268	347
2026-07-20T10:09:00-04:00	17.6600	17.9261	177
2026-07-20T10:10:00-04:00	17.5800	17.9214	1081
2026-07-20T10:11:00-04:00	17.4100	17.9024	3255
2026-07-20T10:12:00-04:00	17.4200	17.8953	1214
2026-07-20T10:13:00-04:00	17.4100	17.8938	241
2026-07-20T10:14:00-04:00	17.4950	17.8790	3026
2026-07-20T10:15:00-04:00	17.4900	17.8774	322
2026-07-20T10:16:00-04:00	17.5064	17.8738	797
2026-07-20T10:20:00-04:00	17.3500	17.8616	1989
2026-07-20T10:21:00-04:00	17.3450	17.8600	254
2026-07-20T10:22:00-04:00	17.4000	17.8549	904
2026-07-20T10:23:00-04:00	17.4300	17.8520	594
2026-07-20T10:24:00-04:00	17.5700	17.8437	2223
2026-07-20T10:25:00-04:00	17.6000	17.8409	1014
2026-07-20T10:26:00-04:00	17.6000	17.8394	505
2026-07-20T10:27:00-04:00	17.5749	17.8380	443
2026-07-20T10:28:00-04:00	17.5200	17.8339	1220
2026-07-20T10:32:00-04:00	17.4900	17.8296	1169
2026-07-20T10:33:00-04:00	17.4400	17.8280	412
2026-07-20T10:34:00-04:00	17.4300	17.8246	807
2026-07-20T10:35:00-04:00	17.5000	17.7984	7096
2026-07-20T10:36:00-04:00	17.4300	17.7964	586
2026-07-20T10:37:00-04:00	17.4500	17.7905	1656
2026-07-20T10:38:00-04:00	17.4350	17.7893	358
2026-07-20T10:39:00-04:00	17.4700	17.7749	5490
2026-07-20T10:40:00-04:00	17.5600	17.7742	314
2026-07-20T10:41:00-04:00	17.4650	17.7719	905
2026-07-20T10:42:00-04:00	17.4450	17.7700	651
2026-07-20T10:43:00-04:00	17.4400	17.7619	2629
2026-07-20T10:46:00-04:00	17.4400	17.7616	114
2026-07-20T10:47:00-04:00	17.4400	17.7609	250
2026-07-20T10:48:00-04:00	17.3450	17.7581	813
2026-07-20T10:49:00-04:00	17.3400	17.7565	457
2026-07-20T10:50:00-04:00	17.5099	17.7533	1307
2026-07-20T10:51:00-04:00	17.5100	17.7530	131
2026-07-20T10:52:00-04:00	17.4300	17.7523	252
2026-07-20T10:53:00-04:00	17.4950	17.7517	270
2026-07-20T10:54:00-04:00	17.4600	17.7515	105
2026-07-20T10:55:00-04:00	17.4300	17.7509	209
2026-07-20T10:56:00-04:00	17.4300	17.7496	534
2026-07-20T10:58:00-04:00	17.4600	17.7480	616
2026-07-20T11:00:00-04:00	17.4600	17.7478	105
2026-07-20T11:01:00-04:00	17.4650	17.7399	3301
2026-07-20T11:02:00-04:00	17.5100	17.7380	1029
2026-07-20T11:03:00-04:00	17.4750	17.7335	2104
2026-07-20T11:04:00-04:00	17.4500	17.7323	554
2026-07-20T11:05:00-04:00	17.4200	17.7300	937
2026-07-20T11:07:00-04:00	17.4300	17.7281	760
2026-07-20T11:08:00-04:00	17.5100	17.7263	855
2026-07-20T11:09:00-04:00	17.4750	17.7257	319
2026-07-20T11:10:00-04:00	17.4200	17.7244	581
2026-07-20T11:11:00-04:00	17.5500	17.7241	196
2026-07-20T11:12:00-04:00	17.4700	17.7227	690
2026-07-20T11:14:00-04:00	17.4000	17.7191	1510
2026-07-20T11:16:00-04:00	17.4050	17.7187	152
2026-07-20T11:17:00-04:00	17.4700	17.7175	578
2026-07-20T11:18:00-04:00	17.4700	17.7169	339
2026-07-20T11:21:00-04:00	17.5000	17.7157	680
2026-07-20T11:23:00-04:00	17.4500	17.7105	2897
2026-07-20T11:24:00-04:00	17.4450	17.7094	546
2026-07-20T11:28:00-04:00	17.4400	17.7090	219
2026-07-20T11:29:00-04:00	17.3800	17.7078	504
2026-07-20T11:30:00-04:00	17.3800	17.7070	354
2026-07-20T11:32:00-04:00	17.3600	17.7052	766
2026-07-20T11:33:00-04:00	17.3700	17.7009	1664
2026-07-20T11:34:00-04:00	17.3600	17.7002	297
2026-07-20T11:35:00-04:00	17.3650	17.6998	188
2026-07-20T11:37:00-04:00	17.3550	17.6991	256
2026-07-20T11:38:00-04:00	17.3550	17.6980	470
2026-07-20T11:39:00-04:00	17.3900	17.6945	1525
2026-07-20T11:40:00-04:00	17.3829	17.6929	734
2026-07-20T11:41:00-04:00	17.3600	17.6900	1296
2026-07-20T11:42:00-04:00	17.3999	17.6892	401
2026-07-20T11:44:00-04:00	17.2950	17.6734	6088
2026-07-20T11:45:00-04:00	17.2900	17.6692	1604
2026-07-20T11:46:00-04:00	17.2600	17.6682	399
2026-07-20T11:48:00-04:00	17.2700	17.6565	4759
2026-07-20T11:49:00-04:00	17.3000	17.6465	4619
2026-07-20T11:50:00-04:00	17.3100	17.6444	1018
2026-07-20T11:51:00-04:00	17.3050	17.6440	181
2026-07-20T11:52:00-04:00	17.3000	17.6432	385
2026-07-20T11:53:00-04:00	17.3200	17.6398	1787
2026-07-20T11:54:00-04:00	17.2800	17.6394	174
2026-07-20T11:55:00-04:00	17.2800	17.6389	242
2026-07-20T11:56:00-04:00	17.3050	17.6317	3596
2026-07-20T11:57:00-04:00	17.2850	17.6126	9904
2026-07-20T11:58:00-04:00	17.2900	17.6111	789
2026-07-20T11:59:00-04:00	17.2850	17.6105	365
2026-07-20T12:00:00-04:00	17.2850	17.6090	778
2026-07-20T12:01:00-04:00	17.2400	17.5986	5252
2026-07-20T12:02:00-04:00	17.2100	17.5913	3627
2026-07-20T12:03:00-04:00	17.1900	17.5622	16027
2026-07-20T12:04:00-04:00	17.2000	17.5547	4765
2026-07-20T12:05:00-04:00	17.2750	17.5488	4599
2026-07-20T12:07:00-04:00	17.3700	17.5456	3339
2026-07-20T12:08:00-04:00	17.3700	17.5455	128
2026-07-20T12:09:00-04:00	17.4376	17.5383	12901
2026-07-20T12:10:00-04:00	17.5500	17.5372	7434
2026-07-20T12:11:00-04:00	17.6200	17.5398	7999
2026-07-20T12:12:00-04:00	17.4550	17.5396	764
2026-07-20T12:13:00-04:00	17.3900	17.5392	573
2026-07-20T12:14:00-04:00	17.4200	17.5381	2801
2026-07-20T12:15:00-04:00	17.4100	17.5377	1051
2026-07-20T12:16:00-04:00	17.3100	17.5368	1121
2026-07-20T12:17:00-04:00	17.3550	17.5356	1778
2026-07-20T12:18:00-04:00	17.3600	17.5352	507
2026-07-20T12:19:00-04:00	17.3300	17.5351	111
2026-07-20T12:20:00-04:00	17.3200	17.5347	472
2026-07-20T12:21:00-04:00	17.3200	17.5345	263
2026-07-20T12:22:00-04:00	17.3600	17.5339	920
2026-07-20T12:23:00-04:00	17.3600	17.5333	861
2026-07-20T12:24:00-04:00	17.3650	17.5292	5920
2026-07-20T12:25:00-04:00	17.3000	17.5288	575
2026-07-20T12:26:00-04:00	17.2800	17.5285	281
2026-07-20T12:28:00-04:00	17.3785	17.5274	1632
2026-07-20T12:29:00-04:00	17.3400	17.5264	1417
2026-07-20T12:30:00-04:00	17.3500	17.5262	333
2026-07-20T12:31:00-04:00	17.3300	17.5254	1246
2026-07-20T12:32:00-04:00	17.3100	17.5235	2423
2026-07-20T12:34:00-04:00	17.3500	17.5233	346
2026-07-20T12:35:00-04:00	17.3600	17.5227	986
2026-07-20T12:36:00-04:00	17.3200	17.5225	174
2026-07-20T12:37:00-04:00	17.3100	17.5215	1502
2026-07-20T12:38:00-04:00	17.3000	17.5204	1281
2026-07-20T12:39:00-04:00	17.2500	17.5202	253
2026-07-20T12:40:00-04:00	17.2500	17.5199	368
2026-07-20T12:41:00-04:00	17.2500	17.5171	2932
2026-07-20T12:42:00-04:00	17.2300	17.5167	395
2026-07-20T12:43:00-04:00	17.2500	17.5157	1022
2026-07-20T12:44:00-04:00	17.2500	17.5144	1322
2026-07-20T12:45:00-04:00	17.2600	17.5131	1457
2026-07-20T12:46:00-04:00	17.3000	17.5099	3918
2026-07-20T12:49:00-04:00	17.3450	17.5096	524
2026-07-20T12:50:00-04:00	17.3500	17.5093	573
2026-07-20T12:51:00-04:00	17.4000	17.5035	13123
2026-07-20T12:52:00-04:00	17.4300	17.5034	621
2026-07-20T12:54:00-04:00	17.4300	17.5032	810
2026-07-20T12:55:00-04:00	17.4100	17.5019	3804
2026-07-20T12:56:00-04:00	17.3750	17.4995	6394
2026-07-20T12:57:00-04:00	17.3750	17.4994	232
2026-07-20T12:58:00-04:00	17.3400	17.4973	4141
2026-07-20T13:00:00-04:00	17.3600	17.4966	1667
2026-07-20T13:01:00-04:00	17.4100	17.4965	252
2026-07-20T13:02:00-04:00	17.3600	17.4963	616
2026-07-20T13:03:00-04:00	17.3370	17.4960	525
2026-07-20T13:04:00-04:00	17.3400	17.4959	193
2026-07-20T13:05:00-04:00	17.2900	17.4954	763
2026-07-20T13:06:00-04:00	17.3050	17.4949	844
2026-07-20T13:07:00-04:00	17.3000	17.4948	311
2026-07-20T13:08:00-04:00	17.3350	17.4940	1351
2026-07-20T13:09:00-04:00	17.3450	17.4931	2192
2026-07-20T13:11:00-04:00	17.3200	17.4927	707
2026-07-20T13:12:00-04:00	17.3300	17.4927	118
2026-07-20T13:13:00-04:00	17.3270	17.4924	659
2026-07-20T13:14:00-04:00	17.3300	17.4920	769
2026-07-20T13:15:00-04:00	17.3100	17.4917	619
2026-07-20T13:16:00-04:00	17.3200	17.4914	586
2026-07-20T13:17:00-04:00	17.3400	17.4910	702
2026-07-20T13:18:00-04:00	17.3400	17.4907	670
2026-07-20T13:19:00-04:00	17.3500	17.4902	1159
2026-07-20T13:21:00-04:00	17.3500	17.4900	545
2026-07-20T13:22:00-04:00	17.4250	17.4885	7040
2026-07-20T13:24:00-04:00	17.4000	17.4885	171
2026-07-20T13:25:00-04:00	17.3950	17.4884	312
2026-07-20T13:26:00-04:00	17.3950	17.4878	2183
2026-07-20T13:27:00-04:00	17.3300	17.4872	1406
2026-07-20T13:28:00-04:00	17.3500	17.4865	1738
2026-07-20T13:29:00-04:00	17.3550	17.4861	972
2026-07-20T13:30:00-04:00	17.3800	17.4860	429
2026-07-20T13:31:00-04:00	17.3300	17.4850	2488
2026-07-20T13:32:00-04:00	17.3500	17.4847	595
2026-07-20T13:33:00-04:00	17.3800	17.4841	2263
2026-07-20T13:34:00-04:00	17.4150	17.4839	1014
2026-07-20T13:35:00-04:00	17.4300	17.4838	482
2026-07-20T13:37:00-04:00	17.4030	17.4836	644
2026-07-20T13:38:00-04:00	17.4350	17.4836	150
2026-07-20T13:39:00-04:00	17.4100	17.4833	1592
2026-07-20T13:40:00-04:00	17.3600	17.4830	833
2026-07-20T13:41:00-04:00	17.3750	17.4828	807
2026-07-20T13:42:00-04:00	17.3400	17.4827	303
2026-07-20T13:43:00-04:00	17.3700	17.4822	1372
2026-07-20T13:44:00-04:00	17.3850	17.4818	1534
2026-07-20T13:45:00-04:00	17.4000	17.4811	3544
2026-07-20T13:46:00-04:00	17.4300	17.4809	765
2026-07-20T13:47:00-04:00	17.4322	17.4809	394
2026-07-20T13:48:00-04:00	17.4350	17.4808	897
2026-07-20T13:49:00-04:00	17.4350	17.4806	1371
2026-07-20T13:50:00-04:00	17.4400	17.4805	852
2026-07-20T13:51:00-04:00	17.4700	17.4803	2308
2026-07-20T13:52:00-04:00	17.5000	17.4806	4640
2026-07-20T13:54:00-04:00	17.4850	17.4807	452
2026-07-20T13:55:00-04:00	17.4850	17.4807	484
2026-07-20T13:56:00-04:00	17.4600	17.4806	937
2026-07-20T13:57:00-04:00	17.4400	17.4805	1176
2026-07-20T13:58:00-04:00	17.4300	17.4805	481
2026-07-20T13:59:00-04:00	17.4700	17.4803	2443
2026-07-20T14:00:00-04:00	17.4650	17.4803	966
2026-07-20T14:01:00-04:00	17.4950	17.4805	4444
2026-07-20T14:03:00-04:00	17.4750	17.4805	298
2026-07-20T14:04:00-04:00	17.4500	17.4804	546
2026-07-20T14:05:00-04:00	17.4800	17.4804	1365
2026-07-20T14:07:00-04:00	17.4750	17.4804	1919
2026-07-20T14:08:00-04:00	17.5250	17.4809	7042
2026-07-20T14:09:00-04:00	17.5100	17.4811	1519
2026-07-20T14:10:00-04:00	17.5450	17.4813	1275
2026-07-20T14:11:00-04:00	17.5100	17.4813	623
2026-07-20T14:12:00-04:00	17.5200	17.4816	2483
2026-07-20T14:13:00-04:00	17.5200	17.4822	4662
2026-07-20T14:14:00-04:00	17.5550	17.4823	583
2026-07-20T14:15:00-04:00	17.5100	17.4827	5790
2026-07-20T14:17:00-04:00	17.4950	17.4829	5491
2026-07-20T14:18:00-04:00	17.4700	17.4828	4089
2026-07-20T14:19:00-04:00	17.4600	17.4828	725
2026-07-20T14:20:00-04:00	17.4400	17.4828	412
2026-07-20T14:21:00-04:00	17.4400	17.4824	3818
2026-07-20T14:22:00-04:00	17.4300	17.4823	631
2026-07-20T14:23:00-04:00	17.4100	17.4822	436
2026-07-20T14:24:00-04:00	17.3600	17.4814	3353
2026-07-20T14:25:00-04:00	17.3800	17.4810	1536
2026-07-20T14:26:00-04:00	17.4300	17.4807	2402
2026-07-20T14:27:00-04:00	17.4350	17.4807	322
2026-07-20T14:28:00-04:00	17.4350	17.4807	171
2026-07-20T14:29:00-04:00	17.4001	17.4806	654
2026-07-20T14:30:00-04:00	17.3500	17.4800	2318
2026-07-20T14:31:00-04:00	17.3650	17.4798	717
2026-07-20T14:32:00-04:00	17.3500	17.4795	985
2026-07-20T14:33:00-04:00	17.2800	17.4743	12806
2026-07-20T14:34:00-04:00	17.2300	17.4697	9302
2026-07-20T14:35:00-04:00	17.2350	17.4691	1277
2026-07-20T14:36:00-04:00	17.2300	17.4685	1055
2026-07-20T14:37:00-04:00	17.2500	17.4671	2919
2026-07-20T14:38:00-04:00	17.2300	17.4669	420
2026-07-20T14:39:00-04:00	17.2300	17.4662	1458
2026-07-20T14:40:00-04:00	17.2500	17.4638	5029
2026-07-20T14:41:00-04:00	17.2300	17.4633	870
2026-07-20T14:42:00-04:00	17.2300	17.4629	859
2026-07-20T14:43:00-04:00	17.2300	17.4623	1326
2026-07-20T14:44:00-04:00	17.2200	17.4617	1197
2026-07-20T14:45:00-04:00	17.1800	17.4562	9849
2026-07-20T14:46:00-04:00	17.1950	17.4551	2262
2026-07-20T14:47:00-04:00	17.2200	17.4534	3448
2026-07-20T14:48:00-04:00	17.2200	17.4516	3888
2026-07-20T14:49:00-04:00	17.2350	17.4511	1200
2026-07-20T14:50:00-04:00	17.2200	17.4505	1341
2026-07-20T14:51:00-04:00	17.2400	17.4502	846
2026-07-20T14:52:00-04:00	17.2250	17.4501	161
2026-07-20T14:53:00-04:00	17.2050	17.4481	4137
2026-07-20T14:54:00-04:00	17.2000	17.4477	824
2026-07-20T14:55:00-04:00	17.1800	17.4471	1187
2026-07-20T14:56:00-04:00	17.1900	17.4466	1064
2026-07-20T14:57:00-04:00	17.1950	17.4456	2041
2026-07-20T14:58:00-04:00	17.1850	17.4410	8995
2026-07-20T14:59:00-04:00	17.2000	17.4398	2542
2026-07-20T15:00:00-04:00	17.1950	17.4395	712
2026-07-20T15:01:00-04:00	17.2200	17.4380	3408
2026-07-20T15:02:00-04:00	17.2000	17.4376	959
2026-07-20T15:03:00-04:00	17.1950	17.4355	4667
2026-07-20T15:04:00-04:00	17.2000	17.4322	8022
2026-07-20T15:06:00-04:00	17.2400	17.4321	181
2026-07-20T15:07:00-04:00	17.2550	17.4314	2257
2026-07-20T15:08:00-04:00	17.2350	17.4311	680
2026-07-20T15:09:00-04:00	17.2450	17.4306	1451
2026-07-20T15:10:00-04:00	17.2400	17.4295	3117
2026-07-20T15:11:00-04:00	17.2201	17.4291	1209
2026-07-20T15:12:00-04:00	17.2300	17.4284	1911
2026-07-20T15:13:00-04:00	17.2000	17.4268	4027
2026-07-20T15:14:00-04:00	17.1800	17.4267	262
2026-07-20T15:15:00-04:00	17.1950	17.4254	3072
2026-07-20T15:16:00-04:00	17.2300	17.4249	1411
2026-07-20T15:17:00-04:00	17.2000	17.4238	2847
2026-07-20T15:18:00-04:00	17.2298	17.4225	3471
2026-07-20T15:19:00-04:00	17.2250	17.4214	3078
2026-07-20T15:20:00-04:00	17.2250	17.4213	245
2026-07-20T15:21:00-04:00	17.2150	17.4207	1782
2026-07-20T15:22:00-04:00	17.2000	17.4205	594
2026-07-20T15:23:00-04:00	17.1900	17.4203	304
2026-07-20T15:24:00-04:00	17.2000	17.4201	541
2026-07-20T15:25:00-04:00	17.2000	17.4190	3223
2026-07-20T15:26:00-04:00	17.2000	17.4175	3901
2026-07-20T15:27:00-04:00	17.1900	17.4171	1160
2026-07-20T15:28:00-04:00	17.2000	17.4162	2528
2026-07-20T15:29:00-04:00	17.2400	17.4148	4206
2026-07-20T15:31:00-04:00	17.2300	17.4137	3408
2026-07-20T15:32:00-04:00	17.2500	17.4125	4656
2026-07-20T15:33:00-04:00	17.2800	17.4124	588
2026-07-20T15:34:00-04:00	17.3050	17.4114	5088
2026-07-20T15:35:00-04:00	17.3950	17.4106	10129
2026-07-20T15:36:00-04:00	17.4300	17.4107	3903
2026-07-20T15:37:00-04:00	17.4000	17.4107	5610
2026-07-20T15:38:00-04:00	17.4700	17.4116	17670
2026-07-20T15:39:00-04:00	17.4825	17.4117	987
2026-07-20T15:40:00-04:00	17.4800	17.4122	4674
2026-07-20T15:41:00-04:00	17.4800	17.4126	3180
2026-07-20T15:42:00-04:00	17.4600	17.4126	420
2026-07-20T15:43:00-04:00	17.4100	17.4126	984
2026-07-20T15:44:00-04:00	17.5700	17.4144	12823
2026-07-20T15:45:00-04:00	17.5400	17.4145	362
2026-07-20T15:46:00-04:00	17.5300	17.4161	7978
2026-07-20T15:47:00-04:00	17.5000	17.4167	4737
2026-07-20T15:48:00-04:00	17.4700	17.4170	3231
2026-07-20T15:49:00-04:00	17.4900	17.4178	7689
2026-07-20T15:50:00-04:00	17.4850	17.4184	5087
2026-07-20T15:51:00-04:00	17.4600	17.4187	4505
2026-07-20T15:52:00-04:00	17.4450	17.4188	3188
2026-07-20T15:53:00-04:00	17.4800	17.4192	5086
2026-07-20T15:54:00-04:00	17.4900	17.4195	3508
2026-07-20T15:55:00-04:00	17.4700	17.4199	5095
2026-07-20T15:56:00-04:00	17.4700	17.4219	20291
2026-07-20T15:57:00-04:00	17.5250	17.4262	34682
2026-07-20T15:58:00-04:00	17.4400	17.4278	36861
2026-07-20T15:59:00-04:00	17.4600	17.4284	19027
2026-07-21T09:30:00-04:00	17.5300	17.4300	41052
2026-07-21T09:31:00-04:00	17.3477	17.4356	4094
2026-07-21T09:32:00-04:00	17.1350	17.3618	16110
2026-07-21T09:33:00-04:00	17.0100	17.3577	784
2026-07-21T09:34:00-04:00	17.1700	17.3533	1531
2026-07-21T09:35:00-04:00	17.2800	17.3480	2549
2026-07-21T09:36:00-04:00	17.1450	17.3449	1011
2026-07-21T09:37:00-04:00	17.2000	17.3317	5277
2026-07-21T09:38:00-04:00	17.3400	17.3303	4327
2026-07-21T09:39:00-04:00	17.2500	17.3284	3989
2026-07-21T09:40:00-04:00	17.3300	17.3285	1098
2026-07-21T09:41:00-04:00	17.2100	17.3252	3392
2026-07-21T09:43:00-04:00	17.2200	17.3227	2135
2026-07-21T09:44:00-04:00	17.3700	17.3227	404
2026-07-21T09:45:00-04:00	17.2550	17.3220	844
2026-07-21T09:47:00-04:00	17.2312	17.3210	944
2026-07-21T09:48:00-04:00	17.3650	17.3215	1753
2026-07-21T09:49:00-04:00	17.2800	17.3212	1789
2026-07-21T09:52:00-04:00	17.3700	17.3227	4047
2026-07-21T09:53:00-04:00	17.3750	17.3230	621
2026-07-21T09:54:00-04:00	17.4700	17.3354	10012
2026-07-21T09:55:00-04:00	17.5531	17.3423	3028
2026-07-21T09:56:00-04:00	17.6500	17.3450	1005
2026-07-21T09:58:00-04:00	17.5500	17.3464	598
2026-07-21T09:59:00-04:00	17.6000	17.3480	650
2026-07-21T10:00:00-04:00	17.6250	17.3524	1992
2026-07-21T10:01:00-04:00	17.6250	17.3540	676
2026-07-21T10:02:00-04:00	17.7550	17.3699	5372
2026-07-21T10:03:00-04:00	17.7550	17.3747	1518
2026-07-21T10:04:00-04:00	17.7550	17.3822	2480
2026-07-21T10:05:00-04:00	17.7500	17.3840	611
2026-07-21T10:06:00-04:00	17.8950	17.4116	7663
2026-07-21T10:07:00-04:00	17.8900	17.4208	2606
2026-07-21T10:08:00-04:00	17.8900	17.4340	4171
2026-07-21T10:09:00-04:00	17.8950	17.4358	542
2026-07-21T10:10:00-04:00	17.9700	17.4432	2164
2026-07-21T10:11:00-04:00	17.9900	17.4591	4380
2026-07-21T10:12:00-04:00	18.0100	17.4660	2025
2026-07-21T10:15:00-04:00	18.2000	17.4817	3452
2026-07-21T10:16:00-04:00	18.0200	17.4878	1686
2026-07-21T10:17:00-04:00	18.0200	17.4896	544
2026-07-21T10:18:00-04:00	18.0600	17.4907	283
2026-07-21T10:19:00-04:00	17.9919	17.4921	440
2026-07-21T10:20:00-04:00	17.9900	17.4929	252
2026-07-21T10:21:00-04:00	18.0700	17.4978	1405
2026-07-21T10:22:00-04:00	18.0900	17.5060	2296
2026-07-21T10:23:00-04:00	18.4600	17.5260	3761
2026-07-21T10:24:00-04:00	18.3600	17.5303	827
2026-07-21T10:25:00-04:00	18.4900	17.5374	1233
2026-07-21T10:26:00-04:00	18.3850	17.5697	6034
2026-07-21T10:27:00-04:00	18.6000	17.5817	2171
2026-07-21T10:28:00-04:00	18.6100	17.6050	4266
2026-07-21T10:29:00-04:00	18.4500	17.6261	4250
2026-07-21T10:30:00-04:00	18.6800	17.6424	2872
2026-07-21T10:31:00-04:00	18.6000	17.6535	2021
2026-07-21T10:32:00-04:00	18.5500	17.6644	2281
2026-07-21T10:33:00-04:00	18.7000	17.6675	575
2026-07-21T10:34:00-04:00	18.4856	17.6763	1891
2026-07-21T10:35:00-04:00	18.7000	17.6836	1436
2026-07-21T10:36:00-04:00	18.6500	17.6977	3009
2026-07-21T10:37:00-04:00	18.5550	17.7041	1420
2026-07-21T10:38:00-04:00	18.5600	17.7166	2828
2026-07-21T10:39:00-04:00	18.3100	17.7337	5071
2026-07-21T10:40:00-04:00	18.4450	17.7359	676
2026-07-21T10:41:00-04:00	18.2900	17.7443	2908
2026-07-21T10:42:00-04:00	18.4000	17.7487	1492
2026-07-21T10:43:00-04:00	18.2800	17.7601	4219
2026-07-21T10:44:00-04:00	18.2700	17.7735	5428
2026-07-21T10:45:00-04:00	18.1500	17.7806	4168
2026-07-21T10:46:00-04:00	18.1400	17.7811	277
2026-07-21T10:48:00-04:00	18.1100	17.7815	312
2026-07-21T10:49:00-04:00	18.2500	17.7824	440
2026-07-21T10:50:00-04:00	18.1700	17.7874	2805
2026-07-21T10:51:00-04:00	18.2600	17.7879	271
2026-07-21T10:52:00-04:00	18.1600	17.7883	251
2026-07-21T10:53:00-04:00	18.0520	17.7918	2437
2026-07-21T10:54:00-04:00	18.0100	17.7969	4356
2026-07-21T10:55:00-04:00	18.0300	17.7986	1526
2026-07-21T10:56:00-04:00	18.0950	17.8006	1798
2026-07-21T10:57:00-04:00	18.0400	17.8019	1275
2026-07-21T10:58:00-04:00	18.1000	17.8024	417
2026-07-21T11:00:00-04:00	18.0400	17.8033	811
2026-07-21T11:01:00-04:00	18.0250	17.8034	110
2026-07-21T11:02:00-04:00	18.0300	17.8060	2883
2026-07-21T11:05:00-04:00	18.0300	17.8071	1210
2026-07-21T11:06:00-04:00	18.1200	17.8080	782
2026-07-21T11:07:00-04:00	18.0300	17.8086	541
2026-07-21T11:08:00-04:00	18.0400	17.8108	2176
2026-07-21T11:09:00-04:00	18.1000	17.8112	413
2026-07-21T11:10:00-04:00	18.0200	17.8136	2529
2026-07-21T11:11:00-04:00	18.1600	17.8195	4944
2026-07-21T11:12:00-04:00	18.1600	17.8227	2554
2026-07-21T11:13:00-04:00	18.0400	17.8233	705
2026-07-21T11:14:00-04:00	18.0400	17.8235	301
2026-07-21T11:15:00-04:00	18.0900	17.8240	476
2026-07-21T11:16:00-04:00	18.0900	17.8272	3309
2026-07-21T11:17:00-04:00	18.0600	17.8282	1157
2026-07-21T11:18:00-04:00	18.0300	17.8284	267
2026-07-21T11:19:00-04:00	18.0200	17.8296	1502
2026-07-21T11:20:00-04:00	18.0000	17.8317	3135
2026-07-21T11:21:00-04:00	18.0450	17.8331	2185
2026-07-21T11:22:00-04:00	17.8376	17.8335	2370
2026-07-21T11:23:00-04:00	17.8300	17.8338	3394
2026-07-21T11:24:00-04:00	18.2000	17.8618	32513
2026-07-21T11:25:00-04:00	18.2300	17.8622	360
2026-07-21T11:26:00-04:00	18.2700	17.8675	4654
2026-07-21T11:27:00-04:00	18.2100	17.8678	328
2026-07-21T11:28:00-04:00	18.2650	17.8739	5195
2026-07-21T11:29:00-04:00	18.2600	17.8768	2456
2026-07-21T11:30:00-04:00	18.1900	17.8789	2166
2026-07-21T11:31:00-04:00	18.1100	17.8794	610
2026-07-21T11:32:00-04:00	18.2000	17.8861	7349
2026-07-21T11:33:00-04:00	18.2000	17.8902	4390
2026-07-21T11:35:00-04:00	18.0450	17.8915	2276
2026-07-21T11:39:00-04:00	18.1000	17.8968	9244
2026-07-21T11:40:00-04:00	18.1250	17.8974	994
2026-07-21T11:41:00-04:00	18.0850	17.8979	902
2026-07-21T11:44:00-04:00	18.0500	17.8989	1875
2026-07-21T11:49:00-04:00	18.0500	17.9000	2318
2026-07-21T11:50:00-04:00	18.1100	17.9007	1279
2026-07-21T11:51:00-04:00	18.0000	17.9012	1492
2026-07-21T11:52:00-04:00	18.0001	17.9014	482
2026-07-21T11:53:00-04:00	18.0000	17.9016	816
2026-07-21T11:54:00-04:00	18.0650	17.9017	200
2026-07-21T11:55:00-04:00	18.0800	17.9019	415
2026-07-21T11:56:00-04:00	18.0200	17.9023	1121
2026-07-21T11:57:00-04:00	18.0300	17.9024	184
2026-07-21T11:59:00-04:00	18.0550	17.9025	360
2026-07-21T12:00:00-04:00	18.0000	17.9029	1549
2026-07-21T12:02:00-04:00	17.9800	17.9031	720
2026-07-21T12:03:00-04:00	17.9950	17.9037	2645
2026-07-21T12:04:00-04:00	17.9950	17.9038	562
2026-07-21T12:05:00-04:00	17.9900	17.9045	2685
2026-07-21T12:06:00-04:00	17.9600	17.9045	319
2026-07-21T12:07:00-04:00	17.9700	17.9048	1484
2026-07-21T12:08:00-04:00	17.9650	17.9060	7723
2026-07-21T12:09:00-04:00	18.1700	17.9114	10628
2026-07-21T12:10:00-04:00	18.1500	17.9121	1175
2026-07-21T12:11:00-04:00	18.1550	17.9129	1357
2026-07-21T12:12:00-04:00	18.1400	17.9137	1263
2026-07-21T12:13:00-04:00	18.1950	17.9142	616
2026-07-21T12:14:00-04:00	18.2778	17.9157	1825
2026-07-21T12:17:00-04:00	18.3300	17.9174	1710
2026-07-21T12:18:00-04:00	18.3400	17.9179	515
2026-07-21T12:19:00-04:00	18.2600	17.9181	198
2026-07-21T12:20:00-04:00	18.2600	17.9190	1094
2026-07-21T12:22:00-04:00	18.2450	17.9192	206
2026-07-21T12:23:00-04:00	18.3300	17.9207	1597
2026-07-21T12:24:00-04:00	18.3600	17.9218	1025
2026-07-21T12:25:00-04:00	18.2600	17.9223	563
2026-07-21T12:27:00-04:00	18.2500	17.9224	109
2026-07-21T12:28:00-04:00	18.2400	17.9226	261
2026-07-21T12:29:00-04:00	18.3000	17.9243	1790
2026-07-21T12:31:00-04:00	18.2300	17.9243	116
2026-07-21T12:32:00-04:00	18.2750	17.9244	111
2026-07-21T12:33:00-04:00	18.2695	17.9251	805
2026-07-21T12:35:00-04:00	18.2700	17.9255	428
2026-07-21T12:36:00-04:00	18.2700	17.9258	319
2026-07-21T12:37:00-04:00	18.2400	17.9259	118
2026-07-21T12:38:00-04:00	18.2700	17.9260	133
2026-07-21T12:39:00-04:00	18.2750	17.9265	597
2026-07-21T12:41:00-04:00	18.2800	17.9274	1013
2026-07-21T12:42:00-04:00	18.2350	17.9290	2151
2026-07-21T12:43:00-04:00	18.1700	17.9318	4438
2026-07-21T12:45:00-04:00	18.2400	17.9335	2489
2026-07-21T12:46:00-04:00	18.2900	17.9343	938
2026-07-21T12:47:00-04:00	18.3200	17.9345	215
2026-07-21T12:48:00-04:00	18.4000	17.9346	111
2026-07-21T12:49:00-04:00	18.4700	17.9376	2504
2026-07-21T12:50:00-04:00	18.4700	17.9377	112
2026-07-21T12:51:00-04:00	18.6000	17.9432	4079
2026-07-21T12:52:00-04:00	18.4850	17.9436	292
2026-07-21T12:54:00-04:00	18.4800	17.9446	801
2026-07-21T12:55:00-04:00	18.3800	17.9449	318
2026-07-21T12:56:00-04:00	18.3500	17.9464	1429
2026-07-21T12:58:00-04:00	18.3200	17.9465	129
2026-07-21T12:59:00-04:00	18.4224	17.9466	102
2026-07-21T13:00:00-04:00	18.4500	17.9523	5242
2026-07-21T13:01:00-04:00	18.3950	17.9524	133
2026-07-21T13:02:00-04:00	18.4400	17.9651	11051
2026-07-21T13:04:00-04:00	18.5300	17.9692	3378
2026-07-21T13:05:00-04:00	18.4600	17.9694	158
2026-07-21T13:06:00-04:00	18.4600	17.9696	183
2026-07-21T13:07:00-04:00	18.5300	17.9703	618
2026-07-21T13:08:00-04:00	18.5100	17.9707	309
2026-07-21T13:09:00-04:00	18.5200	17.9714	600
2026-07-21T13:10:00-04:00	18.4800	17.9722	700
2026-07-21T13:11:00-04:00	18.4450	17.9725	339
2026-07-21T13:12:00-04:00	18.4500	17.9733	644
2026-07-21T13:13:00-04:00	18.4500	17.9738	506
2026-07-21T13:14:00-04:00	18.4400	17.9740	217
2026-07-21T13:16:00-04:00	18.4350	17.9741	100
2026-07-21T13:17:00-04:00	18.4300	17.9746	435
2026-07-21T13:18:00-04:00	18.4150	17.9755	997
2026-07-21T13:19:00-04:00	18.3950	17.9795	4373
2026-07-21T13:20:00-04:00	18.4100	17.9798	307
2026-07-21T13:21:00-04:00	18.3700	17.9801	280
2026-07-21T13:22:00-04:00	18.2150	17.9853	8596
2026-07-21T13:23:00-04:00	18.2450	17.9912	10794
2026-07-21T13:25:00-04:00	18.2800	17.9927	2592
2026-07-21T13:26:00-04:00	18.2800	17.9928	116
2026-07-21T13:27:00-04:00	18.2500	17.9934	1145
2026-07-21T13:28:00-04:00	18.2725	17.9935	101
2026-07-21T13:29:00-04:00	18.2100	17.9939	1054
2026-07-21T13:30:00-04:00	18.2070	17.9949	2119
2026-07-21T13:31:00-04:00	18.2000	17.9954	1125
2026-07-21T13:32:00-04:00	18.2001	17.9958	1013
2026-07-21T13:33:00-04:00	18.0601	17.9969	4632
2026-07-21T13:35:00-04:00	18.0350	17.9985	15497
2026-07-21T13:36:00-04:00	18.1426	17.9990	2502
2026-07-21T13:37:00-04:00	18.0700	17.9991	939
2026-07-21T13:40:00-04:00	18.0750	17.9992	809
2026-07-21T13:42:00-04:00	18.0750	17.9993	123
2026-07-21T13:43:00-04:00	18.0700	17.9995	1210
2026-07-21T13:45:00-04:00	18.1600	18.0006	4027
2026-07-21T13:46:00-04:00	18.1600	18.0007	265
2026-07-21T13:47:00-04:00	18.1650	18.0010	1162
2026-07-21T13:51:00-04:00	18.0600	18.0017	5316
2026-07-21T13:52:00-04:00	18.0500	18.0018	1120
2026-07-21T13:53:00-04:00	17.9900	18.0019	8428
2026-07-21T13:54:00-04:00	17.9700	18.0019	348
2026-07-21T13:55:00-04:00	17.9000	17.9999	10690
2026-07-21T13:56:00-04:00	17.9000	17.9996	1923
2026-07-21T13:57:00-04:00	17.9061	17.9990	3549
2026-07-21T13:58:00-04:00	17.8850	17.9989	417
2026-07-21T14:00:00-04:00	17.8850	17.9979	5069
2026-07-21T14:01:00-04:00	17.8100	17.9976	1125
2026-07-21T14:02:00-04:00	17.8600	17.9975	482
2026-07-21T14:03:00-04:00	17.7900	17.9973	538
2026-07-21T14:04:00-04:00	17.8550	17.9971	817
2026-07-21T14:06:00-04:00	17.7300	17.9961	2082
2026-07-21T14:07:00-04:00	17.7800	17.9957	1094
2026-07-21T14:08:00-04:00	17.7000	17.9947	2042
2026-07-21T14:09:00-04:00	17.5900	17.9887	8796
2026-07-21T14:10:00-04:00	17.5900	17.9883	614
2026-07-21T14:11:00-04:00	17.5900	17.9877	798
2026-07-21T14:12:00-04:00	17.7027	17.9863	2692
2026-07-21T14:13:00-04:00	17.6600	17.9862	236
2026-07-21T14:14:00-04:00	17.6300	17.9861	150
2026-07-21T14:15:00-04:00	17.6650	17.9851	1754
2026-07-21T14:16:00-04:00	17.6680	17.9848	587
2026-07-21T14:17:00-04:00	17.6204	17.9843	729
2026-07-21T14:18:00-04:00	17.6600	17.9842	197
2026-07-21T14:19:00-04:00	17.6200	17.9835	1135
2026-07-21T14:20:00-04:00	17.6700	17.9787	8966
2026-07-21T14:21:00-04:00	17.7550	17.9740	11594
2026-07-21T14:22:00-04:00	17.8900	17.9736	2300
2026-07-21T14:23:00-04:00	17.8500	17.9736	198
2026-07-21T14:24:00-04:00	17.8500	17.9733	1374
2026-07-21T14:26:00-04:00	17.8500	17.9729	1545
2026-07-21T14:27:00-04:00	17.8500	17.9728	265
2026-07-21T14:28:00-04:00	17.8200	17.9726	1093
2026-07-21T14:29:00-04:00	17.8550	17.9722	1800
2026-07-21T14:30:00-04:00	17.8600	17.9719	1536
2026-07-21T14:31:00-04:00	17.8350	17.9713	2616
2026-07-21T14:32:00-04:00	17.7450	17.9704	3073
2026-07-21T14:33:00-04:00	17.7800	17.9685	6630
2026-07-21T14:34:00-04:00	17.7900	17.9681	1253
2026-07-21T14:35:00-04:00	17.8700	17.9679	1118
2026-07-21T14:36:00-04:00	17.8700	17.9678	298
2026-07-21T14:37:00-04:00	17.9100	17.9675	3199
2026-07-21T14:40:00-04:00	17.9300	17.9675	273
2026-07-21T14:41:00-04:00	17.8500	17.9673	869
2026-07-21T14:42:00-04:00	17.9800	17.9673	4745
2026-07-21T14:45:00-04:00	17.8800	17.9672	456
2026-07-21T14:46:00-04:00	17.9500	17.9671	2083
2026-07-21T14:47:00-04:00	18.0000	17.9672	1015
2026-07-21T14:49:00-04:00	18.0000	17.9673	1991
2026-07-21T14:50:00-04:00	17.9500	17.9673	435
2026-07-21T14:52:00-04:00	17.9450	17.9672	549
2026-07-21T14:53:00-04:00	17.9450	17.9672	789
2026-07-21T14:54:00-04:00	17.9500	17.9670	3614
2026-07-21T14:55:00-04:00	17.8500	17.9663	5070
2026-07-21T14:56:00-04:00	17.8500	17.9655	4412
2026-07-21T14:59:00-04:00	17.8400	17.9653	906
2026-07-21T15:00:00-04:00	17.8900	17.9652	663
2026-07-21T15:02:00-04:00	17.8300	17.9648	1731
2026-07-21T15:03:00-04:00	17.8300	17.9648	270
2026-07-21T15:04:00-04:00	17.8700	17.9647	717
2026-07-21T15:05:00-04:00	17.8400	17.9639	3970
2026-07-21T15:06:00-04:00	17.9200	17.9638	1161
2026-07-21T15:07:00-04:00	17.8950	17.9637	706
2026-07-21T15:09:00-04:00	17.8600	17.9633	3975
2026-07-21T15:10:00-04:00	17.8200	17.9626	3275
2026-07-21T15:11:00-04:00	17.9000	17.9622	3545
2026-07-21T15:12:00-04:00	17.9000	17.9622	353
2026-07-21T15:13:00-04:00	17.9000	17.9620	1506
2026-07-21T15:14:00-04:00	17.9200	17.9619	18193
2026-07-21T15:15:00-04:00	17.9600	17.9619	756
2026-07-21T15:16:00-04:00	17.9100	17.9616	5327
2026-07-21T15:17:00-04:00	17.8900	17.9610	6842
2026-07-21T15:18:00-04:00	17.9000	17.9610	1045
2026-07-21T15:19:00-04:00	17.9700	17.9610	1054
2026-07-21T15:21:00-04:00	17.9150	17.9609	266
2026-07-21T15:22:00-04:00	17.9200	17.9607	2585
2026-07-21T15:23:00-04:00	17.9200	17.9607	749
2026-07-21T15:24:00-04:00	17.9300	17.9604	3542
2026-07-21T15:25:00-04:00	17.8900	17.9602	2396
2026-07-21T15:26:00-04:00	17.9300	17.9600	3324
2026-07-21T15:27:00-04:00	17.9200	17.9598	5704
2026-07-21T15:28:00-04:00	17.9900	17.9599	6791
2026-07-21T15:29:00-04:00	17.9700	17.9599	322
2026-07-21T15:30:00-04:00	17.9699	17.9598	5320
2026-07-21T15:31:00-04:00	17.9650	17.9598	1146
2026-07-21T15:32:00-04:00	17.9950	17.9598	3837
2026-07-21T15:34:00-04:00	17.8701	17.9592	9652
2026-07-21T15:35:00-04:00	17.9300	17.9591	2008
2026-07-21T15:36:00-04:00	17.9400	17.9591	545
2026-07-21T15:37:00-04:00	17.9400	17.9591	312
2026-07-21T15:38:00-04:00	17.9400	17.9591	1515
2026-07-21T15:39:00-04:00	17.9400	17.9590	1264
2026-07-21T15:40:00-04:00	17.9200	17.9590	1605
2026-07-21T15:42:00-04:00	17.9250	17.9589	1274
2026-07-21T15:43:00-04:00	18.0000	17.9591	9634
2026-07-21T15:44:00-04:00	17.9600	17.9591	3447
2026-07-21T15:45:00-04:00	18.0100	17.9595	3617
2026-07-21T15:46:00-04:00	18.0300	17.9595	594
2026-07-21T15:47:00-04:00	18.0500	17.9596	858
2026-07-21T15:48:00-04:00	17.9800	17.9599	10870
2026-07-21T15:49:00-04:00	17.9200	17.9597	6997
2026-07-21T15:50:00-04:00	17.9100	17.9586	21022
2026-07-21T15:51:00-04:00	17.9100	17.9585	1496
2026-07-21T15:52:00-04:00	17.8850	17.9584	1256
2026-07-21T15:53:00-04:00	17.9500	17.9581	7561
2026-07-21T15:54:00-04:00	18.0000	17.9583	4917
2026-07-21T15:55:00-04:00	18.0800	17.9591	6501
2026-07-21T15:56:00-04:00	18.1050	17.9604	9084
2026-07-21T15:57:00-04:00	18.0750	17.9609	3497
2026-07-21T15:58:00-04:00	18.0250	17.9636	32854
2026-07-21T15:59:00-04:00	18.0100	17.9645	35440
2026-07-22T09:30:00-04:00	18.2300	18.1900	10627
2026-07-22T09:31:00-04:00	18.6100	18.3063	5368
2026-07-22T09:33:00-04:00	18.5600	18.3188	827
2026-07-22T09:35:00-04:00	18.5900	18.3212	150
2026-07-22T09:36:00-04:00	18.4500	18.3515	3110
2026-07-22T09:37:00-04:00	18.3800	18.3528	866
2026-07-22T09:38:00-04:00	18.3300	18.3522	622
2026-07-22T09:40:00-04:00	18.2750	18.3450	2232
2026-07-22T09:42:00-04:00	18.4100	18.3522	2396
2026-07-22T09:45:00-04:00	18.7500	18.3820	2625
2026-07-22T09:46:00-04:00	18.7800	18.4218	3531
2026-07-22T09:47:00-04:00	18.6600	18.4291	908
2026-07-22T09:48:00-04:00	18.5900	18.4322	577
2026-07-22T09:49:00-04:00	18.5200	18.4423	2886
2026-07-22T09:50:00-04:00	18.5100	18.4457	1506
2026-07-22T09:51:00-04:00	18.4450	18.4463	1232
2026-07-22T09:52:00-04:00	18.3659	18.4410	5610
2026-07-22T09:53:00-04:00	18.4850	18.4437	4820
2026-07-22T09:54:00-04:00	18.4900	18.4446	604
2026-07-22T09:57:00-04:00	18.6100	18.4472	831
2026-07-22T09:58:00-04:00	18.6100	18.4500	929
2026-07-22T10:01:00-04:00	18.6000	18.4519	670
2026-07-22T10:02:00-04:00	18.5950	18.4551	938
2026-07-22T10:03:00-04:00	18.6800	18.4581	854
2026-07-22T10:04:00-04:00	18.5376	18.4585	306
2026-07-22T10:05:00-04:00	18.8000	18.4643	1050
2026-07-22T10:06:00-04:00	18.8200	18.4660	273
2026-07-22T10:07:00-04:00	18.7250	18.4751	2070
2026-07-22T10:12:00-04:00	18.6900	18.4854	3385
2026-07-22T10:13:00-04:00	18.7000	18.4902	1359
2026-07-22T10:14:00-04:00	18.4600	18.4908	2360
2026-07-22T10:15:00-04:00	18.4300	18.4901	614
2026-07-22T10:16:00-04:00	18.4400	18.4895	611
2026-07-22T10:17:00-04:00	18.4100	18.4866	2034
2026-07-22T10:18:00-04:00	18.4200	18.4859	780
2026-07-22T10:20:00-04:00	18.4700	18.4857	445
2026-07-22T10:21:00-04:00	18.5800	18.4872	1434
2026-07-22T10:23:00-04:00	18.5000	18.4872	2757
2026-07-22T10:24:00-04:00	18.4200	18.4859	2430
2026-07-22T10:25:00-04:00	18.4400	18.4858	760
2026-07-22T10:26:00-04:00	18.5100	18.4866	1199
2026-07-22T10:27:00-04:00	18.6500	18.4878	1029
2026-07-22T10:28:00-04:00	18.5600	18.4887	681
2026-07-22T10:29:00-04:00	18.4550	18.4893	2032
2026-07-22T10:30:00-04:00	18.5300	18.4909	1901
2026-07-22T10:31:00-04:00	18.5150	18.4910	428
2026-07-22T10:32:00-04:00	18.5150	18.4911	418
2026-07-22T10:34:00-04:00	18.5221	18.4912	206
2026-07-22T10:35:00-04:00	18.4825	18.4911	620
2026-07-22T10:37:00-04:00	18.4400	18.4906	770
2026-07-22T10:39:00-04:00	18.2850	18.4879	1336
2026-07-22T10:40:00-04:00	18.2700	18.4852	1108
2026-07-22T10:41:00-04:00	18.2800	18.4843	390
2026-07-22T10:42:00-04:00	18.3111	18.4786	2861
2026-07-22T10:43:00-04:00	18.2651	18.4778	327
2026-07-22T10:44:00-04:00	18.1800	18.4758	781
2026-07-22T10:46:00-04:00	18.2000	18.4712	1501
2026-07-22T10:47:00-04:00	18.1700	18.4684	872
2026-07-22T10:48:00-04:00	18.1200	18.4663	580
2026-07-22T10:50:00-04:00	18.0950	18.4614	1242
2026-07-22T10:51:00-04:00	18.0500	18.4579	808
2026-07-22T10:52:00-04:00	18.0000	18.4253	6955
2026-07-22T10:53:00-04:00	17.8600	18.3488	19251
2026-07-22T10:54:00-04:00	17.9250	18.3444	1255
2026-07-22T10:55:00-04:00	17.8416	18.3392	1307
2026-07-22T10:56:00-04:00	17.8700	18.3207	4877
2026-07-22T10:57:00-04:00	17.9200	18.2908	9846
2026-07-22T10:58:00-04:00	17.9400	18.2746	6373
2026-07-22T11:03:00-04:00	18.0800	18.2729	1315
2026-07-22T11:04:00-04:00	18.0850	18.2717	910
2026-07-22T11:05:00-04:00	18.1100	18.2713	400
2026-07-22T11:06:00-04:00	18.0400	18.2682	2116
2026-07-22T11:07:00-04:00	18.0100	18.2676	339
2026-07-22T11:08:00-04:00	17.8900	18.2652	1266
2026-07-22T11:09:00-04:00	17.8500	18.2633	745
2026-07-22T11:10:00-04:00	17.8300	18.2616	590
2026-07-22T11:11:00-04:00	17.8800	18.2551	2583
2026-07-22T11:12:00-04:00	17.8204	18.2528	878
2026-07-22T11:13:00-04:00	17.8450	18.2489	1500
2026-07-22T11:15:00-04:00	17.8650	18.2364	5448
2026-07-22T11:17:00-04:00	17.8750	18.2358	315
2026-07-22T11:18:00-04:00	17.9300	18.2342	816
2026-07-22T11:19:00-04:00	18.0350	18.2293	3648
2026-07-22T11:20:00-04:00	18.0400	18.2279	1205
2026-07-22T11:21:00-04:00	17.9800	18.2214	4800
2026-07-22T11:22:00-04:00	17.9200	18.2195	1157
2026-07-22T11:23:00-04:00	17.9700	18.2170	1714
2026-07-22T11:24:00-04:00	17.9700	18.2135	2873
2026-07-22T11:25:00-04:00	18.0600	18.2128	900
2026-07-22T11:26:00-04:00	18.0400	18.2019	14865
2026-07-22T11:28:00-04:00	18.0000	18.2005	1457
2026-07-22T11:29:00-04:00	18.0300	18.1974	3681
2026-07-22T11:30:00-04:00	18.0625	18.1935	5026
2026-07-22T11:31:00-04:00	18.0400	18.1932	510
2026-07-22T11:33:00-04:00	18.0100	18.1930	208
2026-07-22T11:34:00-04:00	18.0450	18.1917	1767
2026-07-22T11:35:00-04:00	18.0600	18.1895	4231
2026-07-22T11:36:00-04:00	18.0500	18.1876	3426
2026-07-22T11:37:00-04:00	18.0700	18.1867	1703
2026-07-22T11:38:00-04:00	18.0600	18.1847	3522
2026-07-22T11:39:00-04:00	18.0500	18.1847	103
2026-07-22T11:40:00-04:00	18.0500	18.1844	533
2026-07-22T11:41:00-04:00	18.0600	18.1820	4089
2026-07-22T11:42:00-04:00	18.1100	18.1794	7390
2026-07-22T11:43:00-04:00	18.0900	18.1788	1804
2026-07-22T11:44:00-04:00	18.1100	18.1786	461
2026-07-22T11:45:00-04:00	18.1400	18.1785	484
2026-07-22T11:46:00-04:00	18.0900	18.1776	2469
2026-07-22T11:47:00-04:00	18.0950	18.1759	5069
2026-07-22T11:48:00-04:00	18.1850	18.1756	4964
2026-07-22T11:49:00-04:00	18.2250	18.1760	2130
2026-07-22T11:50:00-04:00	18.1550	18.1758	3374
2026-07-22T11:51:00-04:00	18.1550	18.1758	713
2026-07-22T11:52:00-04:00	18.1100	18.1754	1400
2026-07-22T11:53:00-04:00	18.0650	18.1747	1568
2026-07-22T11:54:00-04:00	18.0600	18.1745	485
2026-07-22T11:55:00-04:00	18.0600	18.1742	769
2026-07-22T11:56:00-04:00	18.0500	18.1739	653
2026-07-22T11:58:00-04:00	18.0800	18.1737	598
2026-07-22T11:59:00-04:00	18.0700	18.1731	1777
2026-07-22T12:02:00-04:00	18.1300	18.1722	3085
2026-07-22T12:03:00-04:00	18.1350	18.1721	839
2026-07-22T12:04:00-04:00	18.0800	18.1716	1605
2026-07-22T12:07:00-04:00	18.1350	18.1714	1518
2026-07-22T12:08:00-04:00	18.1600	18.1713	604
2026-07-22T12:09:00-04:00	18.1900	18.1714	1114
2026-07-22T12:10:00-04:00	18.0950	18.1711	1732
2026-07-22T12:11:00-04:00	18.1000	18.1705	2289
2026-07-22T12:12:00-04:00	18.0400	18.1694	3113
2026-07-22T12:13:00-04:00	18.0797	18.1692	384
2026-07-22T12:14:00-04:00	18.0400	18.1690	483
2026-07-22T12:15:00-04:00	18.0000	18.1673	3113
2026-07-22T12:19:00-04:00	18.0800	18.1671	679
2026-07-22T12:20:00-04:00	18.1400	18.1667	3081
2026-07-22T12:22:00-04:00	18.1400	18.1666	421
2026-07-22T12:23:00-04:00	18.1000	18.1663	1364
2026-07-22T12:24:00-04:00	18.0850	18.1662	627
2026-07-22T12:25:00-04:00	18.0800	18.1661	330
2026-07-22T12:26:00-04:00	18.0000	18.1646	2724
2026-07-22T12:27:00-04:00	17.9900	18.1643	526
2026-07-22T12:28:00-04:00	18.0200	18.1632	2156
2026-07-22T12:29:00-04:00	17.9901	18.1626	1021
2026-07-22T12:30:00-04:00	18.0700	18.1623	1009
2026-07-22T12:31:00-04:00	18.0600	18.1618	1220
2026-07-22T12:32:00-04:00	18.0900	18.1615	1375
2026-07-22T12:34:00-04:00	18.0500	18.1611	1168
2026-07-22T12:35:00-04:00	18.0500	18.1608	793
2026-07-22T12:36:00-04:00	18.0450	18.1606	467
2026-07-22T12:37:00-04:00	17.9500	18.1570	6170
2026-07-22T12:38:00-04:00	17.9850	18.1562	1301
2026-07-22T12:39:00-04:00	18.0200	18.1546	3387
2026-07-22T12:40:00-04:00	18.0100	18.1544	352
2026-07-22T12:41:00-04:00	17.9950	18.1539	988
2026-07-22T12:43:00-04:00	17.9500	18.1516	3606
2026-07-22T12:46:00-04:00	17.9200	18.1508	1096
2026-07-22T12:47:00-04:00	17.9450	18.1506	320
2026-07-22T12:48:00-04:00	17.9900	18.1501	1083
2026-07-22T12:49:00-04:00	18.0500	18.1500	253
2026-07-22T12:50:00-04:00	18.0100	18.1499	215
2026-07-22T12:51:00-04:00	18.0000	18.1487	2664
2026-07-22T12:53:00-04:00	17.9500	18.1484	545
2026-07-22T12:55:00-04:00	17.9750	18.1481	503
2026-07-22T12:56:00-04:00	18.0000	18.1472	1902
2026-07-22T12:57:00-04:00	17.9401	18.1471	154
2026-07-22T12:58:00-04:00	17.9900	18.1469	545
2026-07-22T12:59:00-04:00	17.9401	18.1455	2192
2026-07-22T13:00:00-04:00	18.0150	18.1452	660
2026-07-22T13:03:00-04:00	18.0000	18.1384	15161
2026-07-22T13:04:00-04:00	18.0000	18.1384	125
2026-07-22T13:05:00-04:00	18.0000	18.1381	776
2026-07-22T13:06:00-04:00	18.0350	18.1347	10977
2026-07-22T13:07:00-04:00	18.0350	18.1347	232
2026-07-22T13:08:00-04:00	18.0250	18.1336	4204
2026-07-22T13:09:00-04:00	17.9800	18.1328	2049
2026-07-22T13:10:00-04:00	17.9500	18.1324	676
2026-07-22T13:11:00-04:00	17.9525	18.1315	1750
2026-07-22T13:12:00-04:00	17.9800	18.1314	423
2026-07-22T13:13:00-04:00	17.9300	18.1305	1523
2026-07-22T13:14:00-04:00	17.9250	18.1297	1494
2026-07-22T13:16:00-04:00	17.9600	18.1294	719
2026-07-22T13:19:00-04:00	17.9400	18.1289	975
2026-07-22T13:21:00-04:00	17.8400	18.1252	5545
2026-07-22T13:22:00-04:00	17.7300	18.1134	12860
2026-07-22T13:23:00-04:00	17.7250	18.1125	931
2026-07-22T13:24:00-04:00	17.7200	18.1068	5878
2026-07-22T13:26:00-04:00	17.7216	18.1062	619
2026-07-22T13:27:00-04:00	17.7300	18.1051	1161
2026-07-22T13:28:00-04:00	17.7200	18.1027	2529
2026-07-22T13:29:00-04:00	17.7250	18.1004	2470
2026-07-22T13:30:00-04:00	17.6800	18.0984	1942
2026-07-22T13:31:00-04:00	17.6744	18.0980	402
2026-07-22T13:32:00-04:00	17.7400	18.0946	3739
2026-07-22T13:34:00-04:00	17.7500	18.0935	1392
2026-07-22T13:35:00-04:00	17.8100	18.0862	11093
2026-07-22T13:38:00-04:00	17.8300	18.0859	559
2026-07-22T13:40:00-04:00	17.8400	18.0855	722
2026-07-22T13:41:00-04:00	17.7900	18.0844	1583
2026-07-22T13:42:00-04:00	17.7300	18.0833	1273
2026-07-22T13:44:00-04:00	17.7150	18.0823	1271
2026-07-22T13:47:00-04:00	17.7100	18.0819	356
2026-07-22T13:48:00-04:00	17.7100	18.0799	2399
2026-07-22T13:49:00-04:00	17.7300	18.0785	1731
2026-07-22T13:51:00-04:00	17.7500	18.0773	1668
2026-07-22T13:52:00-04:00	17.7300	18.0759	1755
2026-07-22T13:53:00-04:00	17.7100	18.0742	1951
2026-07-22T13:54:00-04:00	17.6600	18.0667	8441
2026-07-22T13:55:00-04:00	17.6550	18.0659	942
2026-07-22T13:58:00-04:00	17.6500	18.0648	1115
2026-07-22T13:59:00-04:00	17.6500	18.0642	683
2026-07-22T14:00:00-04:00	17.6500	18.0632	1109
2026-07-22T14:01:00-04:00	17.6500	18.0615	1838
2026-07-22T14:03:00-04:00	17.6500	18.0605	1087
2026-07-22T14:04:00-04:00	17.6500	18.0594	1203
2026-07-22T14:07:00-04:00	17.6700	18.0584	1134
2026-07-22T14:08:00-04:00	17.6600	18.0569	1717
2026-07-22T14:09:00-04:00	17.6550	18.0552	1951
2026-07-22T14:10:00-04:00	17.6500	18.0547	603
2026-07-22T14:11:00-04:00	17.6450	18.0545	264
2026-07-22T14:12:00-04:00	17.6400	18.0533	1275
2026-07-22T14:13:00-04:00	17.6400	18.0528	608
2026-07-22T14:14:00-04:00	17.6200	18.0484	4830
2026-07-22T14:15:00-04:00	17.5900	18.0458	2569
2026-07-22T14:16:00-04:00	17.5750	18.0452	644
2026-07-22T14:17:00-04:00	17.5900	18.0444	763
2026-07-22T14:18:00-04:00	17.6000	18.0435	1010
2026-07-22T14:19:00-04:00	17.5950	18.0421	1451
2026-07-22T14:21:00-04:00	17.5500	18.0398	2317
2026-07-22T14:23:00-04:00	17.5450	18.0389	779
2026-07-22T14:25:00-04:00	17.5450	18.0380	881
2026-07-22T14:27:00-04:00	17.5400	18.0377	300
2026-07-22T14:28:00-04:00	17.5700	18.0368	992
2026-07-22T14:29:00-04:00	17.6000	18.0345	2455
2026-07-22T14:30:00-04:00	17.5700	18.0301	4577
2026-07-22T14:31:00-04:00	17.6000	18.0297	464
2026-07-22T14:33:00-04:00	17.6200	18.0277	2328
2026-07-22T14:34:00-04:00	17.6300	18.0272	611
2026-07-22T14:35:00-04:00	17.6800	18.0264	1011
2026-07-22T14:37:00-04:00	17.7150	18.0261	594
2026-07-22T14:39:00-04:00	17.7300	18.0251	1529
2026-07-22T14:40:00-04:00	17.7250	18.0248	501
2026-07-22T14:41:00-04:00	17.7450	18.0227	3814
2026-07-22T14:42:00-04:00	17.7900	18.0224	697
2026-07-22T14:43:00-04:00	17.7750	18.0223	180
2026-07-22T14:44:00-04:00	17.7750	18.0219	820
2026-07-22T14:45:00-04:00	17.7550	18.0201	3277
2026-07-22T14:46:00-04:00	17.7700	18.0199	480
2026-07-22T14:47:00-04:00	17.7700	18.0187	2526
2026-07-22T14:48:00-04:00	17.7450	18.0179	1499
2026-07-22T14:49:00-04:00	17.7200	18.0169	1717
2026-07-22T14:51:00-04:00	17.7200	18.0165	810
2026-07-22T14:55:00-04:00	17.7400	18.0164	166
2026-07-22T14:56:00-04:00	17.7900	18.0130	7266
2026-07-22T14:57:00-04:00	17.8100	18.0118	3290
2026-07-22T14:58:00-04:00	17.8500	18.0116	692
2026-07-22T14:59:00-04:00	17.8200	18.0114	634
2026-07-22T15:01:00-04:00	17.8400	18.0072	12191
2026-07-22T15:02:00-04:00	17.8400	18.0056	5111
2026-07-22T15:03:00-04:00	17.8150	18.0040	4661
2026-07-22T15:04:00-04:00	17.8500	18.0028	4322
2026-07-22T15:05:00-04:00	17.8500	18.0027	254
2026-07-22T15:06:00-04:00	17.8450	18.0027	307
2026-07-22T15:07:00-04:00	17.8100	18.0014	3615
2026-07-22T15:08:00-04:00	17.8250	18.0003	3425
2026-07-22T15:09:00-04:00	17.8500	17.9997	2431
2026-07-22T15:12:00-04:00	17.8500	17.9990	2622
2026-07-22T15:15:00-04:00	17.8800	17.9990	202
2026-07-22T15:16:00-04:00	17.8900	17.9988	814
2026-07-22T15:17:00-04:00	17.8874	17.9986	925
2026-07-22T15:19:00-04:00	17.9100	17.9985	820
2026-07-22T15:20:00-04:00	17.8400	17.9969	7169
2026-07-22T15:21:00-04:00	17.8750	17.9967	822
2026-07-22T15:22:00-04:00	17.8600	17.9963	1757
2026-07-22T15:25:00-04:00	17.9100	17.9962	436
2026-07-22T15:26:00-04:00	17.9000	17.9960	1086
2026-07-22T15:27:00-04:00	17.9200	17.9959	552
2026-07-22T15:28:00-04:00	17.9000	17.9958	1049
2026-07-22T15:29:00-04:00	17.8450	17.9932	11094
2026-07-22T15:30:00-04:00	17.7950	17.9926	2013
2026-07-22T15:31:00-04:00	17.7800	17.9922	973
2026-07-22T15:32:00-04:00	17.8100	17.9919	1038
2026-07-22T15:34:00-04:00	17.7500	17.9906	3571
2026-07-22T15:35:00-04:00	17.7800	17.9900	1636
2026-07-22T15:38:00-04:00	17.8000	17.9884	4707
2026-07-22T15:39:00-04:00	17.7950	17.9872	3948
2026-07-22T15:41:00-04:00	17.8382	17.9866	2285
2026-07-22T15:43:00-04:00	17.8550	17.9861	2855
2026-07-22T15:44:00-04:00	17.9400	17.9860	971
2026-07-22T15:45:00-04:00	17.8312	17.9859	238
2026-07-22T15:46:00-04:00	17.9200	17.9855	3196
2026-07-22T15:47:00-04:00	17.9000	17.9842	8482
2026-07-22T15:48:00-04:00	17.9000	17.9840	1219
2026-07-22T15:49:00-04:00	17.9000	17.9829	9632
2026-07-22T15:50:00-04:00	17.8500	17.9814	8178
2026-07-22T15:51:00-04:00	17.7950	17.9798	6470
2026-07-22T15:52:00-04:00	17.8300	17.9781	7114
2026-07-22T15:53:00-04:00	17.8850	17.9769	7280
2026-07-22T15:54:00-04:00	17.9050	17.9763	6030
2026-07-22T15:55:00-04:00	17.8800	17.9751	8926
2026-07-22T15:56:00-04:00	17.8450	17.9732	9991
2026-07-22T15:57:00-04:00	17.8100	17.9689	19415
2026-07-22T15:58:00-04:00	17.7850	17.9639	20515
2026-07-22T15:59:00-04:00	17.7400	17.9511	45589
2026-07-23T09:30:00-04:00	17.8900	17.7500	9541
2026-07-23T09:31:00-04:00	18.2900	17.8328	2441
2026-07-23T09:32:00-04:00	18.2900	17.8540	619
2026-07-23T09:33:00-04:00	18.2700	17.8643	314
2026-07-23T09:34:00-04:00	18.5000	18.0077	4457
2026-07-23T09:35:00-04:00	18.5000	18.0328	876
2026-07-23T09:36:00-04:00	18.4800	18.0682	1737
2026-07-23T09:37:00-04:00	18.1700	18.0776	1394
2026-07-23T09:38:00-04:00	18.1300	18.0810	677
2026-07-23T09:39:00-04:00	18.1200	18.0925	2023
2026-07-23T09:40:00-04:00	18.2300	18.1047	1791
2026-07-23T09:41:00-04:00	18.2100	18.1059	300
2026-07-23T09:42:00-04:00	18.3550	18.1166	1501
2026-07-23T09:43:00-04:00	18.2500	18.1491	6776
2026-07-23T09:44:00-04:00	18.3800	18.1734	5250
2026-07-23T09:45:00-04:00	18.1575	18.1750	2982
2026-07-23T09:46:00-04:00	18.1200	18.1660	6891
2026-07-23T09:47:00-04:00	18.1450	18.1638	14978
2026-07-23T09:48:00-04:00	18.0800	18.1634	353
2026-07-23T09:49:00-04:00	18.0600	18.1590	2219
2026-07-23T09:50:00-04:00	18.0250	18.1578	638
2026-07-23T09:51:00-04:00	18.0250	18.1569	548
2026-07-23T09:52:00-04:00	17.9500	18.1535	1544
2026-07-23T09:53:00-04:00	17.9900	18.1533	103
2026-07-23T09:54:00-04:00	18.0000	18.1501	1403
2026-07-23T09:55:00-04:00	18.1961	18.1508	2171
2026-07-23T09:56:00-04:00	18.1750	18.1509	300
2026-07-23T09:57:00-04:00	18.1550	18.1519	1411
2026-07-23T09:58:00-04:00	18.1400	18.1518	200
2026-07-23T09:59:00-04:00	18.1450	18.1513	1041
2026-07-23T10:00:00-04:00	18.1400	18.1510	542
2026-07-23T10:02:00-04:00	18.1350	18.1509	1006
2026-07-23T10:03:00-04:00	18.1350	18.1508	287
2026-07-23T10:04:00-04:00	18.0800	18.1497	1647
2026-07-23T10:05:00-04:00	18.2100	18.1511	2126
2026-07-23T10:06:00-04:00	18.2100	18.1514	504
2026-07-23T10:07:00-04:00	18.1000	18.1511	2193
2026-07-23T10:08:00-04:00	18.0800	18.1491	2666
2026-07-23T10:09:00-04:00	18.0250	18.1472	1310
2026-07-23T10:10:00-04:00	18.0600	18.1465	896
2026-07-23T10:11:00-04:00	18.1200	18.1463	599
2026-07-23T10:13:00-04:00	18.0000	18.1449	907
2026-07-23T10:14:00-04:00	18.0000	18.1432	1689
2026-07-23T10:15:00-04:00	18.0500	18.1419	998
2026-07-23T10:16:00-04:00	17.9900	18.1415	211
2026-07-23T10:17:00-04:00	17.9200	18.1399	677
2026-07-23T10:18:00-04:00	17.9300	18.1393	262
2026-07-23T10:19:00-04:00	17.9350	18.1387	300
2026-07-23T10:20:00-04:00	17.9350	18.1360	1248
2026-07-23T10:22:00-04:00	18.0200	18.1326	3027
2026-07-23T10:23:00-04:00	17.9400	18.1315	578
2026-07-23T10:24:00-04:00	17.9350	18.1311	192
2026-07-23T10:26:00-04:00	18.0100	18.1305	516
2026-07-23T10:28:00-04:00	17.9500	18.1271	2032
2026-07-23T10:29:00-04:00	17.9550	18.1267	276
2026-07-23T10:30:00-04:00	17.9500	18.1255	696
2026-07-23T10:31:00-04:00	17.9100	18.1247	402
2026-07-23T10:32:00-04:00	17.8600	18.1231	682
2026-07-23T10:33:00-04:00	17.8650	18.1221	373
2026-07-23T10:35:00-04:00	17.7350	18.1141	2318
2026-07-23T10:36:00-04:00	17.7900	18.1014	4044
2026-07-23T10:37:00-04:00	17.8900	18.0982	1802
2026-07-23T10:38:00-04:00	17.9000	18.0931	2681
2026-07-23T10:39:00-04:00	17.8950	18.0927	216
2026-07-23T10:40:00-04:00	17.8950	18.0909	1002
2026-07-23T10:41:00-04:00	17.7200	18.0840	2442
2026-07-23T10:42:00-04:00	17.6450	18.0820	572
2026-07-23T10:43:00-04:00	17.6900	18.0772	1568
2026-07-23T10:44:00-04:00	17.6671	18.0678	3002
2026-07-23T10:45:00-04:00	17.6800	18.0652	870
2026-07-23T10:46:00-04:00	17.7700	18.0603	1863
2026-07-23T10:48:00-04:00	17.7700	18.0576	1177
2026-07-23T10:50:00-04:00	17.7200	18.0425	5885
2026-07-23T10:51:00-04:00	17.7400	18.0408	725
2026-07-23T10:52:00-04:00	17.7800	18.0392	739
2026-07-23T10:53:00-04:00	17.7950	18.0381	609
2026-07-23T10:54:00-04:00	17.8599	18.0370	747
2026-07-23T10:55:00-04:00	17.8200	18.0337	1894
2026-07-23T10:56:00-04:00	17.8450	18.0309	1977
2026-07-23T10:57:00-04:00	17.8450	18.0307	139
2026-07-23T10:58:00-04:00	17.7900	18.0286	1217
2026-07-23T10:59:00-04:00	17.8150	18.0281	319
2026-07-23T11:00:00-04:00	17.8050	18.0235	2710
2026-07-23T11:01:00-04:00	17.7000	18.0187	2291
2026-07-23T11:03:00-04:00	17.6300	18.0124	2579
2026-07-23T11:04:00-04:00	17.6400	18.0055	2634
2026-07-23T11:07:00-04:00	17.6000	18.0049	241
2026-07-23T11:08:00-04:00	17.6000	18.0034	569
2026-07-23T11:09:00-04:00	17.5900	18.0008	941
2026-07-23T11:10:00-04:00	17.5450	17.9984	834
2026-07-23T11:11:00-04:00	17.5400	17.9961	800
2026-07-23T11:12:00-04:00	17.5100	17.9924	1216
2026-07-23T11:13:00-04:00	17.5100	17.9899	832
2026-07-23T11:14:00-04:00	17.5700	17.9895	161
2026-07-23T11:15:00-04:00	17.5900	17.9866	1125
2026-07-23T11:16:00-04:00	17.5300	17.9763	3929
2026-07-23T11:17:00-04:00	17.5635	17.9726	1435
2026-07-23T11:18:00-04:00	17.5500	17.9720	240
2026-07-23T11:19:00-04:00	17.5200	17.9669	1927
2026-07-23T11:20:00-04:00	17.5900	17.9601	2933
2026-07-23T11:21:00-04:00	17.5950	17.9591	460
2026-07-23T11:22:00-04:00	17.5950	17.9559	1530
2026-07-23T11:23:00-04:00	17.6000	17.9540	898
2026-07-23T11:24:00-04:00	17.6000	17.9534	306
2026-07-23T11:25:00-04:00	17.7550	17.9467	5297
2026-07-23T11:27:00-04:00	17.6700	17.9447	1329
2026-07-23T11:28:00-04:00	17.6500	17.9437	597
2026-07-23T11:29:00-04:00	17.6500	17.9416	1451
2026-07-23T11:30:00-04:00	17.6400	17.9412	239
2026-07-23T11:32:00-04:00	17.7050	17.9395	1164
2026-07-23T11:33:00-04:00	17.7850	17.9375	2896
2026-07-23T11:35:00-04:00	17.8600	17.9373	417
2026-07-23T11:37:00-04:00	17.8000	17.9372	103
2026-07-23T11:38:00-04:00	17.8000	17.9370	383
2026-07-23T11:39:00-04:00	17.8100	17.9368	212
2026-07-23T11:40:00-04:00	17.9000	17.9359	4126
2026-07-23T11:41:00-04:00	17.8300	17.9344	4020
2026-07-23T11:42:00-04:00	17.8500	17.9343	123
2026-07-23T11:43:00-04:00	17.7800	17.9332	1384
2026-07-23T11:44:00-04:00	17.7850	17.9332	111
2026-07-23T11:45:00-04:00	17.7850	17.9326	801
2026-07-23T11:46:00-04:00	17.7850	17.9325	144
2026-07-23T11:48:00-04:00	17.7850	17.9322	364
2026-07-23T11:49:00-04:00	17.7300	17.9317	512
2026-07-23T11:50:00-04:00	17.7850	17.9283	4355
2026-07-23T11:51:00-04:00	17.6800	17.9245	3694
2026-07-23T11:52:00-04:00	17.6800	17.9244	104
2026-07-23T11:53:00-04:00	17.6700	17.9236	627
2026-07-23T11:54:00-04:00	17.7100	17.9220	1580
2026-07-23T11:55:00-04:00	17.7150	17.9202	1850
2026-07-23T11:56:00-04:00	17.7300	17.9192	1086
2026-07-23T11:57:00-04:00	17.6900	17.9176	1609
2026-07-23T11:58:00-04:00	17.7000	17.9170	600
2026-07-23T11:59:00-04:00	17.7200	17.9164	553
2026-07-23T12:00:00-04:00	17.7000	17.9156	771
2026-07-23T12:01:00-04:00	17.6800	17.9055	10484
2026-07-23T12:02:00-04:00	17.6900	17.9050	592
2026-07-23T12:03:00-04:00	17.6800	17.9048	118
2026-07-23T12:04:00-04:00	17.6850	17.9040	861
2026-07-23T12:05:00-04:00	17.6850	17.9028	1223
2026-07-23T12:06:00-04:00	17.6850	17.9005	2525
2026-07-23T12:07:00-04:00	17.6850	17.9001	343
2026-07-23T12:08:00-04:00	17.6900	17.8984	2074
2026-07-23T12:10:00-04:00	17.7050	17.8963	2713
2026-07-23T12:11:00-04:00	17.7100	17.8962	113
2026-07-23T12:12:00-04:00	17.6500	17.8923	4160
2026-07-23T12:13:00-04:00	17.6600	17.8904	2001
2026-07-23T12:14:00-04:00	17.7000	17.8890	1652
2026-07-23T12:15:00-04:00	17.6600	17.8877	1506
2026-07-23T12:17:00-04:00	17.7300	17.8852	3612
2026-07-23T12:19:00-04:00	17.7000	17.8841	1540
2026-07-23T12:20:00-04:00	17.7200	17.8832	1287
2026-07-23T12:21:00-04:00	17.7100	17.8830	388
2026-07-23T12:22:00-04:00	17.7150	17.8828	243
2026-07-23T12:23:00-04:00	17.7800	17.8812	3703
2026-07-23T12:24:00-04:00	17.7800	17.8805	1790
2026-07-23T12:25:00-04:00	17.7100	17.8791	2286
2026-07-23T12:26:00-04:00	17.6700	17.8787	509
2026-07-23T12:27:00-04:00	17.7250	17.8784	482
2026-07-23T12:28:00-04:00	17.7250	17.8783	236
2026-07-23T12:29:00-04:00	17.7150	17.8782	107
2026-07-23T12:30:00-04:00	17.6800	17.8771	1652
2026-07-23T12:31:00-04:00	17.7000	17.8771	134
2026-07-23T12:32:00-04:00	17.6831	17.8769	182
2026-07-23T12:33:00-04:00	17.6700	17.8764	639
2026-07-23T12:34:00-04:00	17.6350	17.8749	1843
2026-07-23T12:35:00-04:00	17.6700	17.8741	1025
2026-07-23T12:37:00-04:00	17.6800	17.8739	273
2026-07-23T12:38:00-04:00	17.6800	17.8736	334
2026-07-23T12:39:00-04:00	17.7000	17.8730	1040
2026-07-23T12:40:00-04:00	17.6900	17.8724	848
2026-07-23T12:41:00-04:00	17.6950	17.8676	6994
2026-07-23T12:43:00-04:00	17.6400	17.8672	518
2026-07-23T12:44:00-04:00	17.6550	17.8655	2258
2026-07-23T12:45:00-04:00	17.6600	17.8646	1228
2026-07-23T12:47:00-04:00	17.5750	17.8633	1348
2026-07-23T12:48:00-04:00	17.5750	17.8631	200
2026-07-23T12:49:00-04:00	17.5300	17.8626	384
2026-07-23T12:50:00-04:00	17.5100	17.8614	1017
2026-07-23T12:51:00-04:00	17.5200	17.8603	1005
2026-07-23T12:52:00-04:00	17.5100	17.8579	2035
2026-07-23T12:53:00-04:00	17.5350	17.8542	3242
2026-07-23T12:54:00-04:00	17.5350	17.8535	674
2026-07-23T12:55:00-04:00	17.5350	17.8524	1019
2026-07-23T12:56:00-04:00	17.5750	17.8479	4567
2026-07-23T12:57:00-04:00	17.5400	17.8477	271
2026-07-23T12:58:00-04:00	17.5800	17.8435	4785
2026-07-23T12:59:00-04:00	17.6050	17.8420	1761
2026-07-23T13:00:00-04:00	17.6450	17.8408	1927
2026-07-23T13:01:00-04:00	17.6400	17.8397	1522
2026-07-23T13:03:00-04:00	17.6400	17.8375	3480
2026-07-23T13:04:00-04:00	17.6900	17.8354	4251
2026-07-23T13:05:00-04:00	17.6100	17.8309	6807
2026-07-23T13:06:00-04:00	17.5800	17.8307	310
2026-07-23T13:08:00-04:00	17.5300	17.8281	2968
2026-07-23T13:09:00-04:00	17.5300	17.8280	101
2026-07-23T13:10:00-04:00	17.5350	17.8277	355
2026-07-23T13:11:00-04:00	17.5200	17.8272	502
2026-07-23T13:13:00-04:00	17.4500	17.8258	1295
2026-07-23T13:14:00-04:00	17.4700	17.8248	947
2026-07-23T13:15:00-04:00	17.5200	17.8230	1794
2026-07-23T13:17:00-04:00	17.5300	17.8224	629
2026-07-23T13:18:00-04:00	17.5100	17.8223	166
2026-07-23T13:20:00-04:00	17.5150	17.8221	200
2026-07-23T13:21:00-04:00	17.5400	17.8211	1187
2026-07-23T13:22:00-04:00	17.5000	17.8200	1142
2026-07-23T13:23:00-04:00	17.5000	17.8187	1360
2026-07-23T13:24:00-04:00	17.4700	17.8185	181
2026-07-23T13:25:00-04:00	17.5150	17.8173	1331
2026-07-23T13:27:00-04:00	17.5100	17.8167	685
2026-07-23T13:28:00-04:00	17.5100	17.8156	1121
2026-07-23T13:29:00-04:00	17.4800	17.8113	4498
2026-07-23T13:31:00-04:00	17.4400	17.8063	4846
2026-07-23T13:32:00-04:00	17.5099	17.8061	257
2026-07-23T13:33:00-04:00	17.4750	17.8057	392
2026-07-23T13:35:00-04:00	17.4200	17.8035	2109
2026-07-23T13:36:00-04:00	17.4500	17.8010	2411
2026-07-23T13:37:00-04:00	17.4000	17.7986	2153
2026-07-23T13:38:00-04:00	17.3850	17.7974	1035
2026-07-23T13:39:00-04:00	17.3900	17.7946	2490
2026-07-23T13:40:00-04:00	17.4150	17.7923	2114
2026-07-23T13:41:00-04:00	17.4100	17.7896	2575
2026-07-23T13:42:00-04:00	17.4200	17.7880	1552
2026-07-23T13:43:00-04:00	17.4500	17.7878	309
2026-07-23T13:44:00-04:00	17.4650	17.7864	1530
2026-07-23T13:45:00-04:00	17.5400	17.7851	1773
2026-07-23T13:46:00-04:00	17.5000	17.7844	874
2026-07-23T13:48:00-04:00	17.5050	17.7841	431
2026-07-23T13:49:00-04:00	17.4850	17.7833	944
2026-07-23T13:50:00-04:00	17.5000	17.7832	226
2026-07-23T13:51:00-04:00	17.4900	17.7823	1043
2026-07-23T13:53:00-04:00	17.4850	17.7814	1120
2026-07-23T13:54:00-04:00	17.4850	17.7810	562
2026-07-23T13:55:00-04:00	17.4850	17.7806	526
2026-07-23T13:56:00-04:00	17.4850	17.7788	2380
2026-07-23T13:57:00-04:00	17.4500	17.7780	959
2026-07-23T13:58:00-04:00	17.5300	17.7773	1053
2026-07-23T13:59:00-04:00	17.4850	17.7763	1267
2026-07-23T14:00:00-04:00	17.5000	17.7753	1431
2026-07-23T14:01:00-04:00	17.4700	17.7732	2703
2026-07-23T14:02:00-04:00	17.4650	17.7706	3298
2026-07-23T14:03:00-04:00	17.4800	17.7693	1837
2026-07-23T14:04:00-04:00	17.4507	17.7678	1798
2026-07-23T14:06:00-04:00	17.4800	17.7650	3941
2026-07-23T14:07:00-04:00	17.4750	17.7627	3211
2026-07-23T14:08:00-04:00	17.4750	17.7625	273
2026-07-23T14:10:00-04:00	17.5100	17.7604	3085
2026-07-23T14:12:00-04:00	17.5400	17.7592	2362
2026-07-23T14:14:00-04:00	17.5300	17.7586	972
2026-07-23T14:15:00-04:00	17.5800	17.7564	4731
2026-07-23T14:16:00-04:00	17.5450	17.7557	1311
2026-07-23T14:17:00-04:00	17.5700	17.7553	924
2026-07-23T14:19:00-04:00	17.5300	17.7546	1331
2026-07-23T14:20:00-04:00	17.5200	17.7544	438
2026-07-23T14:21:00-04:00	17.5500	17.7537	1219
2026-07-23T14:23:00-04:00	17.5900	17.7520	4656
2026-07-23T14:24:00-04:00	17.5900	17.7519	209
2026-07-23T14:25:00-04:00	17.5900	17.7516	899
2026-07-23T14:26:00-04:00	17.6300	17.7515	326
2026-07-23T14:27:00-04:00	17.6200	17.7510	1628
2026-07-23T14:29:00-04:00	17.6250	17.7508	681
2026-07-23T14:30:00-04:00	17.6100	17.7506	698
2026-07-23T14:31:00-04:00	17.6350	17.7502	1250
2026-07-23T14:32:00-04:00	17.6350	17.7500	904
2026-07-23T14:33:00-04:00	17.6104	17.7498	752
2026-07-23T14:34:00-04:00	17.6100	17.7496	714
2026-07-23T14:35:00-04:00	17.6350	17.7495	297
2026-07-23T14:36:00-04:00	17.6100	17.7493	548
2026-07-23T14:37:00-04:00	17.6350	17.7491	909
2026-07-23T14:38:00-04:00	17.6200	17.7490	131
2026-07-23T14:39:00-04:00	17.6800	17.7485	2733
2026-07-23T14:40:00-04:00	17.6850	17.7483	1640
2026-07-23T14:41:00-04:00	17.6400	17.7475	3498
2026-07-23T14:42:00-04:00	17.6896	17.7474	624
2026-07-23T14:43:00-04:00	17.6450	17.7473	199
2026-07-23T14:45:00-04:00	17.6500	17.7473	243
2026-07-23T14:46:00-04:00	17.6150	17.7435	13847
2026-07-23T14:47:00-04:00	17.6100	17.7435	308
2026-07-23T14:48:00-04:00	17.6100	17.7428	2262
2026-07-23T14:49:00-04:00	17.5700	17.7427	341
2026-07-23T14:50:00-04:00	17.5950	17.7425	645
2026-07-23T14:51:00-04:00	17.6200	17.7408	6517
2026-07-23T14:53:00-04:00	17.5900	17.7403	1498
2026-07-23T14:54:00-04:00	17.5600	17.7395	2023
2026-07-23T14:55:00-04:00	17.5300	17.7393	468
2026-07-23T14:57:00-04:00	17.5250	17.7392	220
2026-07-23T14:58:00-04:00	17.5250	17.7386	1214
2026-07-23T15:00:00-04:00	17.5200	17.7379	1490
2026-07-23T15:01:00-04:00	17.5000	17.7378	288
2026-07-23T15:03:00-04:00	17.5000	17.7377	171
2026-07-23T15:04:00-04:00	17.4300	17.7352	4071
2026-07-23T15:05:00-04:00	17.4100	17.7348	724
2026-07-23T15:06:00-04:00	17.4100	17.7344	480
2026-07-23T15:07:00-04:00	17.4300	17.7326	2888
2026-07-23T15:08:00-04:00	17.4250	17.7322	638
2026-07-23T15:09:00-04:00	17.4000	17.7319	416
2026-07-23T15:10:00-04:00	17.3800	17.7312	970
2026-07-23T15:11:00-04:00	17.3800	17.7308	538
2026-07-23T15:13:00-04:00	17.3500	17.7284	3050
2026-07-23T15:14:00-04:00	17.3500	17.7279	663
2026-07-23T15:15:00-04:00	17.3500	17.7264	1978
2026-07-23T15:16:00-04:00	17.3800	17.7235	3955
2026-07-23T15:17:00-04:00	17.4050	17.7224	1754
2026-07-23T15:18:00-04:00	17.4300	17.7218	930
2026-07-23T15:19:00-04:00	17.4600	17.7212	1150
2026-07-23T15:20:00-04:00	17.5100	17.7206	1281
2026-07-23T15:21:00-04:00	17.5700	17.7198	2339
2026-07-23T15:22:00-04:00	17.5600	17.7198	255
2026-07-23T15:24:00-04:00	17.5650	17.7195	709
2026-07-23T15:25:00-04:00	17.5600	17.7193	674
2026-07-23T15:26:00-04:00	17.5600	17.7191	587
2026-07-23T15:27:00-04:00	17.5600	17.7188	1116
2026-07-23T15:28:00-04:00	17.5500	17.7177	3276
2026-07-23T15:29:00-04:00	17.5500	17.7173	1125
2026-07-23T15:30:00-04:00	17.5600	17.7159	4721
2026-07-23T15:32:00-04:00	17.5550	17.7157	725
2026-07-23T15:33:00-04:00	17.5650	17.7150	2564
2026-07-23T15:34:00-04:00	17.6100	17.7143	3219
2026-07-23T15:35:00-04:00	17.6100	17.7141	1049
2026-07-23T15:36:00-04:00	17.6800	17.7127	13109
2026-07-23T15:37:00-04:00	17.6800	17.7125	1870
2026-07-23T15:38:00-04:00	17.6850	17.7125	1260
2026-07-23T15:39:00-04:00	17.7750	17.7133	15752
2026-07-23T15:40:00-04:00	17.7700	17.7134	1510
2026-07-23T15:41:00-04:00	17.7450	17.7139	6675
2026-07-23T15:42:00-04:00	17.7000	17.7138	1119
2026-07-23T15:43:00-04:00	17.6600	17.7138	920
2026-07-23T15:44:00-04:00	17.6350	17.7136	1466
2026-07-23T15:45:00-04:00	17.6500	17.7133	2186
2026-07-23T15:46:00-04:00	17.6300	17.7123	6527
2026-07-23T15:47:00-04:00	17.6150	17.7120	1696
2026-07-23T15:48:00-04:00	17.6500	17.7118	1730
2026-07-23T15:49:00-04:00	17.6700	17.7116	1709
2026-07-23T15:50:00-04:00	17.7300	17.7116	5867
2026-07-23T15:51:00-04:00	17.7350	17.7117	3148
2026-07-23T15:52:00-04:00	17.7550	17.7118	1638
2026-07-23T15:53:00-04:00	17.7050	17.7120	6778
2026-07-23T15:54:00-04:00	17.6900	17.7115	8694
2026-07-23T15:55:00-04:00	17.6900	17.7115	2474
2026-07-23T15:56:00-04:00	17.6900	17.7113	4832
2026-07-23T15:57:00-04:00	17.7150	17.7112	13891
2026-07-23T15:58:00-04:00	17.6600	17.7090	31891
2026-07-23T15:59:00-04:00	17.6400	17.7067	23977
2026-07-24T09:30:00-04:00	17.7200	17.8057	8591
2026-07-24T09:35:00-04:00	17.2500	17.7007	2746
2026-07-24T09:36:00-04:00	17.3500	17.6896	371
2026-07-24T09:37:00-04:00	17.3100	17.6826	219
2026-07-24T09:40:00-04:00	17.4722	17.6692	680
2026-07-24T09:41:00-04:00	17.4050	17.6365	1465
2026-07-24T09:43:00-04:00	17.4000	17.5932	4459
2026-07-24T09:45:00-04:00	17.2400	17.5609	1949
2026-07-24T09:46:00-04:00	17.2400	17.5524	563
2026-07-24T09:48:00-04:00	17.1100	17.5261	1512
2026-07-24T09:49:00-04:00	17.2550	17.5177	720
2026-07-24T09:50:00-04:00	17.1000	17.4919	1561
2026-07-24T09:51:00-04:00	17.0800	17.4798	760
2026-07-24T09:52:00-04:00	16.9020	17.3373	9355
2026-07-24T09:53:00-04:00	16.8000	17.2933	3344
2026-07-24T09:54:00-04:00	16.8543	17.2559	3411
2026-07-24T09:55:00-04:00	16.6900	17.2190	2926
2026-07-24T09:56:00-04:00	16.7050	17.2074	1042
2026-07-24T09:57:00-04:00	16.6349	17.2011	518
2026-07-24T09:58:00-04:00	16.8200	17.1963	585
2026-07-24T09:59:00-04:00	16.8271	17.1919	564
2026-07-24T10:00:00-04:00	16.8800	17.1863	825
2026-07-24T10:01:00-04:00	16.9500	17.1779	1681
2026-07-24T10:02:00-04:00	16.9999	17.1770	258
2026-07-24T10:03:00-04:00	16.8750	17.1743	423
2026-07-24T10:04:00-04:00	16.8450	17.1621	1764
2026-07-24T10:05:00-04:00	16.7300	17.1569	635
2026-07-24T10:06:00-04:00	16.7300	17.1459	1377
2026-07-24T10:07:00-04:00	16.7000	17.1427	400
2026-07-24T10:09:00-04:00	16.8700	17.1422	101
2026-07-24T10:10:00-04:00	16.8100	17.1388	585
2026-07-24T10:11:00-04:00	16.9100	17.1307	1760
2026-07-24T10:12:00-04:00	16.8300	17.1292	289
2026-07-24T10:14:00-04:00	16.9000	17.1286	142
2026-07-24T10:15:00-04:00	16.8150	17.1123	3356
2026-07-24T10:16:00-04:00	16.7200	17.1050	1179
2026-07-24T10:17:00-04:00	16.7300	17.0987	1031
2026-07-24T10:18:00-04:00	16.6100	17.0875	1608
2026-07-24T10:19:00-04:00	16.6950	17.0690	3179
2026-07-24T10:21:00-04:00	16.6850	17.0643	856
2026-07-24T10:22:00-04:00	16.7800	17.0611	714
2026-07-24T10:23:00-04:00	16.7850	17.0601	255
2026-07-24T10:25:00-04:00	16.7500	17.0559	951
2026-07-24T10:28:00-04:00	16.7500	17.0513	1111
2026-07-24T10:29:00-04:00	16.7700	17.0483	761
2026-07-24T10:30:00-04:00	16.7000	17.0234	6357
2026-07-24T10:31:00-04:00	16.7700	17.0217	493
2026-07-24T10:32:00-04:00	16.7150	17.0188	752
2026-07-24T10:33:00-04:00	16.7000	17.0182	149
2026-07-24T10:34:00-04:00	16.6950	17.0079	2471
2026-07-24T10:35:00-04:00	16.6200	17.0012	1565
2026-07-24T10:36:00-04:00	16.7091	16.9963	1430
2026-07-24T10:38:00-04:00	16.6300	16.9929	855
2026-07-24T10:39:00-04:00	16.6100	16.9860	1615
2026-07-24T10:42:00-04:00	16.6150	16.9680	4515
2026-07-24T10:43:00-04:00	16.6700	16.9626	1510
2026-07-24T10:44:00-04:00	16.6000	16.9577	1263
2026-07-24T10:45:00-04:00	16.6499	16.9492	2520
2026-07-24T10:46:00-04:00	16.6000	16.9427	1862
2026-07-24T10:47:00-04:00	16.5700	16.9386	1156
2026-07-24T10:48:00-04:00	16.5700	16.9342	1207
2026-07-24T10:49:00-04:00	16.6500	16.9299	1390
2026-07-24T10:50:00-04:00	16.6250	16.9261	1285
2026-07-24T10:51:00-04:00	16.7100	16.9248	633
2026-07-24T10:52:00-04:00	16.6950	16.9235	593
2026-07-24T10:53:00-04:00	16.7600	16.9223	730
2026-07-24T10:54:00-04:00	16.7350	16.9190	1979
2026-07-24T10:55:00-04:00	16.8700	16.9173	2457
2026-07-24T10:56:00-04:00	16.8850	16.9161	3785
2026-07-24T10:57:00-04:00	16.8950	16.9159	1188
2026-07-24T10:58:00-04:00	16.8950	16.9154	1448
2026-07-24T10:59:00-04:00	16.8900	16.9153	395
2026-07-24T11:00:00-04:00	16.9700	16.9163	2579
2026-07-24T11:01:00-04:00	17.0000	16.9176	2402
2026-07-24T11:02:00-04:00	16.9900	16.9207	5266
2026-07-24T11:03:00-04:00	16.9900	16.9209	440
2026-07-24T11:04:00-04:00	16.9900	16.9212	809
2026-07-24T11:07:00-04:00	16.9900	16.9214	393
2026-07-24T11:08:00-04:00	16.9900	16.9217	737
2026-07-24T11:09:00-04:00	16.8400	16.9204	3157
2026-07-24T11:10:00-04:00	16.9800	16.9206	2555
2026-07-24T11:11:00-04:00	16.9700	16.9217	2388
2026-07-24T11:12:00-04:00	16.9000	16.9220	1611
2026-07-24T11:13:00-04:00	16.8650	16.9217	917
2026-07-24T11:14:00-04:00	16.9700	16.9219	683
2026-07-24T11:15:00-04:00	17.0000	16.9221	340
2026-07-24T11:16:00-04:00	17.0000	16.9223	221
2026-07-24T11:17:00-04:00	16.9800	16.9224	352
2026-07-24T11:18:00-04:00	16.9950	16.9226	372
2026-07-24T11:19:00-04:00	16.9950	16.9228	357
2026-07-24T11:20:00-04:00	16.9800	16.9229	290
2026-07-24T11:21:00-04:00	17.0400	16.9248	2262
2026-07-24T11:22:00-04:00	17.1450	16.9413	12123
2026-07-24T11:23:00-04:00	17.1450	16.9518	7504
2026-07-24T11:24:00-04:00	17.1550	16.9544	2222
2026-07-24T11:25:00-04:00	17.1600	16.9562	1500
2026-07-24T11:26:00-04:00	17.1600	16.9569	567
2026-07-24T11:27:00-04:00	17.1100	16.9577	752
2026-07-24T11:28:00-04:00	17.1500	16.9591	1266
2026-07-24T11:29:00-04:00	17.0236	16.9618	4357
2026-07-24T11:30:00-04:00	17.0800	16.9620	410
2026-07-24T11:31:00-04:00	17.1000	16.9621	123
2026-07-24T11:32:00-04:00	17.1500	16.9651	2907
2026-07-24T11:33:00-04:00	17.1350	16.9655	396
2026-07-24T11:34:00-04:00	17.1000	16.9663	999
2026-07-24T11:36:00-04:00	17.0700	16.9669	1268
2026-07-24T11:37:00-04:00	17.0900	16.9680	1683
2026-07-24T11:38:00-04:00	17.1000	16.9687	843
2026-07-24T11:39:00-04:00	17.1500	16.9696	1035
2026-07-24T11:41:00-04:00	17.1300	16.9723	3377
2026-07-24T11:42:00-04:00	17.0900	16.9734	1695
2026-07-24T11:43:00-04:00	17.0200	16.9737	898
2026-07-24T11:44:00-04:00	17.0750	16.9739	258
2026-07-24T11:45:00-04:00	17.0650	16.9742	920
2026-07-24T11:46:00-04:00	17.0650	16.9744	365
2026-07-24T11:47:00-04:00	17.0450	16.9746	577
2026-07-24T11:48:00-04:00	17.0700	16.9752	1301
2026-07-24T11:49:00-04:00	17.0891	16.9755	592
2026-07-24T11:50:00-04:00	17.1100	16.9760	789
2026-07-24T11:51:00-04:00	17.0900	16.9762	321
2026-07-24T11:52:00-04:00	17.0800	16.9769	1298
2026-07-24T11:53:00-04:00	17.0500	16.9790	6137
2026-07-24T11:55:00-04:00	17.0550	16.9791	305
2026-07-24T11:56:00-04:00	17.0500	16.9791	216
2026-07-24T11:57:00-04:00	17.0500	16.9793	532
2026-07-24T11:58:00-04:00	17.0422	16.9797	1388
2026-07-24T11:59:00-04:00	17.0800	16.9803	1121
2026-07-24T12:00:00-04:00	17.0400	16.9803	212
2026-07-24T12:01:00-04:00	17.0350	16.9806	789
2026-07-24T12:03:00-04:00	17.0900	16.9819	3078
2026-07-24T12:04:00-04:00	17.1450	16.9829	1474
2026-07-24T12:05:00-04:00	17.1300	16.9835	954
2026-07-24T12:08:00-04:00	17.0800	16.9836	223
2026-07-24T12:09:00-04:00	17.1250	16.9838	353
2026-07-24T12:11:00-04:00	17.0500	16.9843	997
2026-07-24T12:12:00-04:00	17.0500	16.9844	464
2026-07-24T12:14:00-04:00	17.0795	16.9844	174
2026-07-24T12:15:00-04:00	17.0100	16.9845	612
2026-07-24T12:16:00-04:00	17.0000	16.9846	787
2026-07-24T12:17:00-04:00	16.9400	16.9842	3735
2026-07-24T12:18:00-04:00	16.9300	16.9841	282
2026-07-24T12:20:00-04:00	17.0100	16.9842	1373
2026-07-24T12:22:00-04:00	16.9950	16.9843	1797
2026-07-24T12:23:00-04:00	17.0499	16.9844	426
2026-07-24T12:24:00-04:00	17.0500	16.9847	1101
2026-07-24T12:26:00-04:00	16.9700	16.9847	1113
2026-07-24T12:27:00-04:00	16.9000	16.9844	884
2026-07-24T12:28:00-04:00	16.9050	16.9840	902
2026-07-24T12:30:00-04:00	16.8100	16.9826	1953
2026-07-24T12:31:00-04:00	16.7400	16.9820	600
2026-07-24T12:32:00-04:00	16.7500	16.9816	381
2026-07-24T12:33:00-04:00	16.7860	16.9767	5738
2026-07-24T12:34:00-04:00	16.7500	16.9761	553
2026-07-24T12:35:00-04:00	16.7500	16.9729	3381
2026-07-24T12:36:00-04:00	16.7800	16.9725	482
2026-07-24T12:38:00-04:00	16.8287	16.9723	321
2026-07-24T12:40:00-04:00	16.7350	16.9616	11276
2026-07-24T12:41:00-04:00	16.7050	16.9607	968
2026-07-24T12:42:00-04:00	16.7000	16.9594	1151
2026-07-24T12:44:00-04:00	16.6820	16.9590	362
2026-07-24T12:45:00-04:00	16.7028	16.9588	280
2026-07-24T12:46:00-04:00	16.6600	16.9576	1104
2026-07-24T12:47:00-04:00	16.6500	16.9562	1176
2026-07-24T12:48:00-04:00	16.6286	16.9546	1307
2026-07-24T12:49:00-04:00	16.6000	16.9536	761
2026-07-24T12:50:00-04:00	16.6200	16.9521	1116
2026-07-24T12:51:00-04:00	16.6400	16.9505	1356
2026-07-24T12:53:00-04:00	16.6171	16.9499	541
2026-07-24T12:55:00-04:00	16.6200	16.9469	2263
2026-07-24T12:56:00-04:00	16.6345	16.9457	977
2026-07-24T12:57:00-04:00	16.6100	16.9451	511
2026-07-24T12:58:00-04:00	16.7000	16.9434	1871
2026-07-24T12:59:00-04:00	16.7000	16.9423	1263
2026-07-24T13:00:00-04:00	16.6500	16.9405	1709
2026-07-24T13:01:00-04:00	16.6000	16.9396	741
2026-07-24T13:02:00-04:00	16.5750	16.9386	732
2026-07-24T13:03:00-04:00	16.5800	16.9375	851
2026-07-24T13:04:00-04:00	16.6000	16.9340	2898
2026-07-24T13:05:00-04:00	16.6197	16.9335	492
2026-07-24T13:06:00-04:00	16.6282	16.9332	242
2026-07-24T13:07:00-04:00	16.5700	16.9323	715
2026-07-24T13:09:00-04:00	16.6095	16.9313	824
2026-07-24T13:10:00-04:00	16.5500	16.9291	1676
2026-07-24T13:11:00-04:00	16.5500	16.9280	817
2026-07-24T13:13:00-04:00	16.6200	16.9260	1742
2026-07-24T13:15:00-04:00	16.6000	16.9259	129
2026-07-24T13:17:00-04:00	16.6000	16.9256	245
2026-07-24T13:18:00-04:00	16.6200	16.9249	684
2026-07-24T13:19:00-04:00	16.6400	16.9238	1106
2026-07-24T13:20:00-04:00	16.6800	16.9225	1433
2026-07-24T13:22:00-04:00	16.6350	16.9219	560
2026-07-24T13:23:00-04:00	16.6350	16.9213	656
2026-07-24T13:24:00-04:00	16.6350	16.9209	390
2026-07-24T13:26:00-04:00	16.6100	16.9199	920
2026-07-24T13:27:00-04:00	16.6396	16.9180	2000
2026-07-24T13:28:00-04:00	16.6583	16.9122	6713
2026-07-24T13:29:00-04:00	16.6500	16.9092	3261
2026-07-24T13:30:00-04:00	16.6450	16.9057	4254
2026-07-24T13:31:00-04:00	16.7300	16.9038	3172
2026-07-24T13:32:00-04:00	16.7300	16.9035	668
2026-07-24T13:35:00-04:00	16.7450	16.9030	935
2026-07-24T13:36:00-04:00	16.7300	16.9025	893
2026-07-24T13:37:00-04:00	16.6900	16.8959	10048
2026-07-24T13:38:00-04:00	16.6950	16.8945	2039
2026-07-24T13:39:00-04:00	16.7100	16.8942	519
2026-07-24T13:40:00-04:00	16.7600	16.8932	2026
2026-07-24T13:41:00-04:00	16.7750	16.8928	1266
2026-07-24T13:44:00-04:00	16.6800	16.8921	1140
2026-07-24T13:46:00-04:00	16.7250	16.8918	544
2026-07-24T13:49:00-04:00	16.7050	16.8916	308
2026-07-24T13:51:00-04:00	16.7573	16.8902	3213
2026-07-24T13:52:00-04:00	16.6900	16.8901	124
2026-07-24T13:53:00-04:00	16.7899	16.8900	600
2026-07-24T13:54:00-04:00	16.7000	16.8898	337
2026-07-24T13:56:00-04:00	16.7300	16.8896	429
2026-07-24T13:57:00-04:00	16.7250	16.8894	350
2026-07-24T13:59:00-04:00	16.6900	16.8886	1620
2026-07-24T14:00:00-04:00	16.7600	16.8885	101
2026-07-24T14:01:00-04:00	16.7200	16.8884	392
2026-07-24T14:03:00-04:00	16.7250	16.8876	1693
2026-07-24T14:04:00-04:00	16.7600	16.8870	1334
2026-07-24T14:05:00-04:00	16.7700	16.8868	564
2026-07-24T14:06:00-04:00	16.7700	16.8862	1670
2026-07-24T14:07:00-04:00	16.7800	16.8861	471
2026-07-24T14:08:00-04:00	16.7570	16.8854	1747
2026-07-24T14:09:00-04:00	16.7600	16.8854	153
2026-07-24T14:10:00-04:00	16.7400	16.8852	410
2026-07-24T14:11:00-04:00	16.7125	16.8848	900
2026-07-24T14:12:00-04:00	16.6800	16.8844	718
2026-07-24T14:13:00-04:00	16.6850	16.8783	10924
2026-07-24T14:14:00-04:00	16.6650	16.8770	2071
2026-07-24T14:16:00-04:00	16.6800	16.8766	666
2026-07-24T14:17:00-04:00	16.6900	16.8758	1617
2026-07-24T14:18:00-04:00	16.6900	16.8743	2729
2026-07-24T14:19:00-04:00	16.6650	16.8736	1243
2026-07-24T14:20:00-04:00	16.6300	16.8726	1493
2026-07-24T14:21:00-04:00	16.6550	16.8722	665
2026-07-24T14:23:00-04:00	16.7200	16.8711	2489
2026-07-24T14:26:00-04:00	16.6701	16.8708	579
2026-07-24T14:27:00-04:00	16.7200	16.8707	208
2026-07-24T14:28:00-04:00	16.7100	16.8705	416
2026-07-24T14:29:00-04:00	16.7100	16.8701	1082
2026-07-24T14:30:00-04:00	16.6600	16.8697	719
2026-07-24T14:32:00-04:00	16.6800	16.8695	283
2026-07-24T14:33:00-04:00	16.6700	16.8690	948
2026-07-24T14:34:00-04:00	16.6400	16.8689	217
2026-07-24T14:35:00-04:00	16.6200	16.8678	1784
2026-07-24T14:36:00-04:00	16.6200	16.8673	731
2026-07-24T14:37:00-04:00	16.6000	16.8671	276
2026-07-24T14:38:00-04:00	16.6350	16.8668	485
2026-07-24T14:39:00-04:00	16.6100	16.8665	430
2026-07-24T14:40:00-04:00	16.6100	16.8656	1330
2026-07-24T14:41:00-04:00	16.5700	16.8655	150
2026-07-24T14:42:00-04:00	16.5500	16.8644	1494
2026-07-24T14:43:00-04:00	16.5600	16.8639	594
2026-07-24T14:44:00-04:00	16.6100	16.8630	1347
2026-07-24T14:45:00-04:00	16.6150	16.8614	2422
2026-07-24T14:46:00-04:00	16.6600	16.8608	1169
2026-07-24T14:47:00-04:00	16.7100	16.8605	804
2026-07-24T14:48:00-04:00	16.6800	16.8600	990
2026-07-24T14:49:00-04:00	16.6500	16.8597	635
2026-07-24T14:50:00-04:00	16.6450	16.8594	598
2026-07-24T14:51:00-04:00	16.6350	16.8591	527
2026-07-24T14:52:00-04:00	16.7100	16.8580	2690
2026-07-24T14:53:00-04:00	16.7100	16.8579	239
2026-07-24T14:54:00-04:00	16.7100	16.8576	591
2026-07-24T14:56:00-04:00	16.7200	16.8571	1393
2026-07-24T14:58:00-04:00	16.6950	16.8567	934
2026-07-24T15:02:00-04:00	16.6600	16.8564	612
2026-07-24T15:03:00-04:00	16.6300	16.8562	343
2026-07-24T15:04:00-04:00	16.6650	16.8559	666
2026-07-24T15:05:00-04:00	16.6650	16.8557	432
2026-07-24T15:07:00-04:00	16.6200	16.8555	446
2026-07-24T15:08:00-04:00	16.6300	16.8554	104
2026-07-24T15:09:00-04:00	16.7099	16.8552	491
2026-07-24T15:10:00-04:00	16.6700	16.8550	452
2026-07-24T15:11:00-04:00	16.6700	16.8547	670
2026-07-24T15:12:00-04:00	16.6650	16.8540	1407
2026-07-24T15:13:00-04:00	16.6400	16.8537	618
2026-07-24T15:14:00-04:00	16.6650	16.8532	1141
2026-07-24T15:15:00-04:00	16.6600	16.8516	3148
2026-07-24T15:16:00-04:00	16.6600	16.8514	480
2026-07-24T15:17:00-04:00	16.7800	16.8429	40423
2026-07-24T15:18:00-04:00	16.7900	16.8426	2127
2026-07-24T15:19:00-04:00	16.7200	16.8418	3568
2026-07-24T15:20:00-04:00	16.7900	16.8410	4716
2026-07-24T15:21:00-04:00	16.7762	16.8405	3676
2026-07-24T15:22:00-04:00	16.8000	16.8404	830
2026-07-24T15:23:00-04:00	16.8000	16.8404	470
2026-07-24T15:24:00-04:00	16.7800	16.8404	165
2026-07-24T15:25:00-04:00	16.7600	16.8403	368
2026-07-24T15:26:00-04:00	16.7500	16.8400	1760
2026-07-24T15:27:00-04:00	16.7500	16.8398	1409
2026-07-24T15:28:00-04:00	16.7600	16.8389	6061
2026-07-24T15:30:00-04:00	16.7000	16.8382	2580
2026-07-24T15:31:00-04:00	16.7899	16.8378	2800
2026-07-24T15:32:00-04:00	16.7800	16.8373	3480
2026-07-24T15:33:00-04:00	16.8270	16.8373	1113
2026-07-24T15:34:00-04:00	16.8500	16.8373	2880
2026-07-24T15:35:00-04:00	16.9100	16.8376	2406
2026-07-24T15:36:00-04:00	16.8775	16.8378	2482
2026-07-24T15:38:00-04:00	16.9050	16.8381	2614
2026-07-24T15:39:00-04:00	16.8950	16.8384	2713
2026-07-24T15:40:00-04:00	16.8850	16.8385	1313
2026-07-24T15:41:00-04:00	16.8700	16.8386	1348
2026-07-24T15:42:00-04:00	16.8450	16.8386	3648
2026-07-24T15:44:00-04:00	16.9100	16.8391	5376
2026-07-24T15:45:00-04:00	16.9000	16.8394	2245
2026-07-24T15:46:00-04:00	16.9100	16.8395	604
2026-07-24T15:47:00-04:00	16.9300	16.8405	5620
2026-07-24T15:48:00-04:00	16.9000	16.8409	3076
2026-07-24T15:49:00-04:00	16.9200	16.8413	3026
2026-07-24T15:50:00-04:00	16.8850	16.8417	4696
2026-07-24T15:51:00-04:00	16.8500	16.8417	360
2026-07-24T15:52:00-04:00	16.8700	16.8418	1488
2026-07-24T15:53:00-04:00	16.8700	16.8419	1119
2026-07-24T15:54:00-04:00	16.9300	16.8425	4025
2026-07-24T15:55:00-04:00	17.0250	16.8446	7290
2026-07-24T15:56:00-04:00	17.0450	16.8474	7626
2026-07-24T15:57:00-04:00	17.0900	16.8534	15319
2026-07-24T15:58:00-04:00	17.0860	16.8624	21584
2026-07-24T15:59:00-04:00	17.1000	16.8711	24736
2026-07-27T09:30:00-04:00	17.3900	17.4667	12257
2026-07-27T09:31:00-04:00	17.3900	17.4588	1409
2026-07-27T09:32:00-04:00	17.3300	17.4554	361
2026-07-27T09:33:00-04:00	17.7100	17.5026	8180
2026-07-27T09:34:00-04:00	17.9700	17.5426	3298
2026-07-27T09:35:00-04:00	18.2500	17.5988	2525
2026-07-27T09:36:00-04:00	18.1400	17.6231	1244
2026-07-27T09:38:00-04:00	18.4100	17.8172	9402
2026-07-27T09:39:00-04:00	18.7300	17.9031	4450
2026-07-27T09:40:00-04:00	18.6850	17.9906	5392
2026-07-27T09:41:00-04:00	18.7000	18.1324	12409
2026-07-27T09:42:00-04:00	18.4900	18.1509	2533
2026-07-27T09:43:00-04:00	18.5450	18.1632	2185
2026-07-27T09:44:00-04:00	18.7730	18.1765	1681
2026-07-27T09:45:00-04:00	18.5300	18.1903	2382
2026-07-27T09:46:00-04:00	18.4100	18.1998	2443
2026-07-27T09:47:00-04:00	18.4900	18.2061	1596
2026-07-27T09:48:00-04:00	18.4750	18.2213	4237
2026-07-27T09:49:00-04:00	18.5081	18.2331	3291
2026-07-27T09:50:00-04:00	18.6000	18.2353	555
2026-07-27T09:51:00-04:00	18.5400	18.2466	2933
2026-07-27T09:52:00-04:00	18.5250	18.2663	6803
2026-07-27T09:53:00-04:00	18.5200	18.2715	1933
2026-07-27T09:55:00-04:00	18.5295	18.2772	2360
2026-07-27T09:56:00-04:00	18.3900	18.2840	4528
2026-07-27T09:57:00-04:00	18.3600	18.2852	1457
2026-07-27T09:58:00-04:00	18.3300	18.2853	348
2026-07-27T09:59:00-04:00	18.3300	18.2859	1288
2026-07-27T10:00:00-04:00	18.3500	18.2884	7397
2026-07-27T10:01:00-04:00	18.3000	18.2882	4170
2026-07-27T10:02:00-04:00	18.3150	18.2882	412
2026-07-27T10:03:00-04:00	18.3050	18.2883	332
2026-07-27T10:04:00-04:00	18.2500	18.2882	177
2026-07-27T10:05:00-04:00	18.2282	18.2802	15272
2026-07-27T10:06:00-04:00	18.2250	18.2792	2335
2026-07-27T10:07:00-04:00	18.2750	18.2790	4894
2026-07-27T10:08:00-04:00	18.2800	18.2792	1404
2026-07-27T10:09:00-04:00	18.2100	18.2785	1600
2026-07-27T10:10:00-04:00	18.0870	18.2730	5143
2026-07-27T10:11:00-04:00	18.1300	18.2723	634
2026-07-27T10:12:00-04:00	18.0676	18.2719	338
2026-07-27T10:13:00-04:00	18.1450	18.2712	639
2026-07-27T10:14:00-04:00	18.1500	18.2684	3197
2026-07-27T10:15:00-04:00	18.1600	18.2680	1373
2026-07-27T10:18:00-04:00	18.1800	18.2678	270
2026-07-27T10:19:00-04:00	18.1750	18.2669	1098
2026-07-27T10:20:00-04:00	18.0300	18.2613	4742
2026-07-27T10:21:00-04:00	18.0200	18.2592	1248
2026-07-27T10:23:00-04:00	18.0300	18.2583	596
2026-07-27T10:24:00-04:00	18.1600	18.2553	3355
2026-07-27T10:26:00-04:00	18.2400	18.2549	1230
2026-07-27T10:29:00-04:00	18.0700	18.2534	1356
2026-07-27T10:30:00-04:00	18.0100	18.2494	3209
2026-07-27T10:34:00-04:00	17.9850	18.2469	1612
2026-07-27T10:35:00-04:00	18.1750	18.2434	4794
2026-07-27T10:36:00-04:00	18.2050	18.2424	6191
2026-07-27T10:39:00-04:00	18.1700	18.2423	474
2026-07-27T10:40:00-04:00	18.0475	18.2319	11525
2026-07-27T10:41:00-04:00	17.8900	18.2294	1370
2026-07-27T10:43:00-04:00	17.8700	18.2286	449
2026-07-27T10:44:00-04:00	17.8750	18.2282	187
2026-07-27T10:45:00-04:00	18.0300	18.2253	2823
2026-07-27T10:46:00-04:00	18.1150	18.2249	894
2026-07-27T10:47:00-04:00	18.2300	18.2249	969
2026-07-27T10:48:00-04:00	18.2150	18.2249	204
2026-07-27T10:49:00-04:00	18.2950	18.2254	2068
2026-07-27T10:50:00-04:00	18.2800	18.2255	522
2026-07-27T10:51:00-04:00	18.4200	18.2263	860
2026-07-27T10:52:00-04:00	18.3450	18.2274	1895
2026-07-27T10:53:00-04:00	18.4000	18.2280	760
2026-07-27T10:55:00-04:00	18.4100	18.2300	2527
2026-07-27T10:56:00-04:00	18.4100	18.2313	1584
2026-07-27T10:57:00-04:00	18.4250	18.2324	1143
2026-07-27T10:58:00-04:00	18.3600	18.2348	3558
2026-07-27T10:59:00-04:00	18.5400	18.2379	2401
2026-07-27T11:00:00-04:00	18.4600	18.2407	2424
2026-07-27T11:01:00-04:00	18.4800	18.2408	144
2026-07-27T11:02:00-04:00	18.4900	18.2412	312
2026-07-27T11:03:00-04:00	18.4400	18.2437	2800
2026-07-27T11:04:00-04:00	18.4800	18.2445	644
2026-07-27T11:05:00-04:00	18.4800	18.2470	2386
2026-07-27T11:06:00-04:00	18.4100	18.2490	2255
2026-07-27T11:07:00-04:00	18.4300	18.2548	7435
2026-07-27T11:08:00-04:00	18.3600	18.2564	3018
2026-07-27T11:09:00-04:00	18.3550	18.2566	462
2026-07-27T11:10:00-04:00	18.4400	18.2575	1385
2026-07-27T11:11:00-04:00	18.4150	18.2578	365
2026-07-27T11:12:00-04:00	18.4150	18.2586	1119
2026-07-27T11:13:00-04:00	18.3700	18.2595	2081
2026-07-27T11:14:00-04:00	18.4200	18.2601	841
2026-07-27T11:15:00-04:00	18.3751	18.2611	1869
2026-07-27T11:16:00-04:00	18.4100	18.2615	805
2026-07-27T11:17:00-04:00	18.3500	18.2628	2754
2026-07-27T11:18:00-04:00	18.3400	18.2633	1892
2026-07-27T11:19:00-04:00	18.3550	18.2638	1439
2026-07-27T11:20:00-04:00	18.4100	18.2646	1397
2026-07-27T11:21:00-04:00	18.4250	18.2657	1690
2026-07-27T11:22:00-04:00	18.3750	18.2660	804
2026-07-27T11:23:00-04:00	18.3899	18.2667	1772
2026-07-27T11:24:00-04:00	18.2950	18.2667	506
2026-07-27T11:25:00-04:00	18.2900	18.2667	267
2026-07-27T11:26:00-04:00	18.2800	18.2668	1116
2026-07-27T11:27:00-04:00	18.2300	18.2668	846
2026-07-27T11:28:00-04:00	18.2500	18.2668	761
2026-07-27T11:29:00-04:00	18.3400	18.2672	1929
2026-07-27T11:30:00-04:00	18.2500	18.2672	2263
2026-07-27T11:31:00-04:00	18.2550	18.2672	700
2026-07-27T11:32:00-04:00	18.2500	18.2670	1185
2026-07-27T11:33:00-04:00	18.2300	18.2668	1890
2026-07-27T11:34:00-04:00	18.2600	18.2667	736
2026-07-27T11:35:00-04:00	18.2300	18.2665	1916
2026-07-27T11:36:00-04:00	18.2000	18.2658	3086
2026-07-27T11:37:00-04:00	18.1800	18.2655	906
2026-07-27T11:38:00-04:00	18.1100	18.2650	776
2026-07-27T11:39:00-04:00	18.2300	18.2649	692
2026-07-27T11:40:00-04:00	18.1450	18.2643	1761
2026-07-27T11:41:00-04:00	18.1400	18.2642	186
2026-07-27T11:42:00-04:00	18.2350	18.2639	1585
2026-07-27T11:43:00-04:00	18.1800	18.2638	526
2026-07-27T11:44:00-04:00	18.2300	18.2638	1339
2026-07-27T11:46:00-04:00	18.2300	18.2638	770
2026-07-27T11:47:00-04:00	18.2300	18.2637	458
2026-07-27T11:48:00-04:00	18.2700	18.2638	10047
2026-07-27T11:50:00-04:00	18.2300	18.2637	880
2026-07-27T11:51:00-04:00	18.3400	18.2640	1321
2026-07-27T11:52:00-04:00	18.2650	18.2642	3704
2026-07-27T11:53:00-04:00	18.2800	18.2643	397
2026-07-27T11:54:00-04:00	18.2600	18.2643	1468
2026-07-27T11:55:00-04:00	18.3000	18.2644	728
2026-07-27T11:56:00-04:00	18.3000	18.2644	413
2026-07-27T11:57:00-04:00	18.2900	18.2644	433
2026-07-27T11:58:00-04:00	18.2800	18.2645	1081
2026-07-27T11:59:00-04:00	18.2900	18.2645	756
2026-07-27T12:00:00-04:00	18.2372	18.2641	3412
2026-07-27T12:01:00-04:00	18.2800	18.2641	892
2026-07-27T12:02:00-04:00	18.1600	18.2637	1732
2026-07-27T12:03:00-04:00	18.1900	18.2636	219
2026-07-27T12:04:00-04:00	18.3300	18.2647	12734
2026-07-27T12:05:00-04:00	18.4100	18.2653	1347
2026-07-27T12:06:00-04:00	18.3600	18.2654	737
2026-07-27T12:07:00-04:00	18.3650	18.2655	338
2026-07-27T12:08:00-04:00	18.3550	18.2659	1084
2026-07-27T12:09:00-04:00	18.3600	18.2663	1211
2026-07-27T12:10:00-04:00	18.4600	18.2669	1218
2026-07-27T12:12:00-04:00	18.4900	18.2674	800
2026-07-27T12:13:00-04:00	18.4100	18.2681	1426
2026-07-27T12:14:00-04:00	18.4000	18.2686	1213
2026-07-27T12:15:00-04:00	18.3800	18.2691	1907
2026-07-27T12:16:00-04:00	18.3050	18.2692	562
2026-07-27T12:17:00-04:00	18.3050	18.2698	5341
2026-07-27T12:18:00-04:00	18.3050	18.2698	636
2026-07-27T12:19:00-04:00	18.3150	18.2700	1120
2026-07-27T12:21:00-04:00	18.2400	18.2699	3257
2026-07-27T12:23:00-04:00	18.1450	18.2696	818
2026-07-27T12:24:00-04:00	18.1500	18.2691	1890
2026-07-27T12:25:00-04:00	18.2400	18.2688	3366
2026-07-27T12:26:00-04:00	18.3100	18.2688	1003
2026-07-27T12:27:00-04:00	18.2575	18.2688	1214
2026-07-27T12:28:00-04:00	18.2500	18.2688	1152
2026-07-27T12:29:00-04:00	18.2100	18.2686	1517
2026-07-27T12:30:00-04:00	18.3250	18.2689	2306
2026-07-27T12:31:00-04:00	18.3350	18.2691	1462
2026-07-27T12:32:00-04:00	18.3350	18.2693	985
2026-07-27T12:33:00-04:00	18.3350	18.2693	333
2026-07-27T12:34:00-04:00	18.2600	18.2693	377
2026-07-27T12:35:00-04:00	18.3400	18.2696	1177
2026-07-27T12:36:00-04:00	18.3300	18.2697	518
2026-07-27T12:37:00-04:00	18.3600	18.2704	2436
2026-07-27T12:38:00-04:00	18.3800	18.2704	243
2026-07-27T12:39:00-04:00	18.3800	18.2708	1173
2026-07-27T12:40:00-04:00	18.3000	18.2712	3107
2026-07-27T12:41:00-04:00	18.2500	18.2712	1045
2026-07-27T12:42:00-04:00	18.2800	18.2713	2932
2026-07-27T12:43:00-04:00	18.3200	18.2713	551
2026-07-27T12:44:00-04:00	18.2500	18.2713	757
2026-07-27T12:45:00-04:00	18.2700	18.2713	411
2026-07-27T12:46:00-04:00	18.3300	18.2715	1122
2026-07-27T12:47:00-04:00	18.3200	18.2717	1658
2026-07-27T12:48:00-04:00	18.2600	18.2716	2694
2026-07-27T12:49:00-04:00	18.3400	18.2718	2335
2026-07-27T12:50:00-04:00	18.3100	18.2719	613
2026-07-27T12:51:00-04:00	18.4050	18.2725	2480
2026-07-27T12:52:00-04:00	18.3700	18.2731	2110
2026-07-27T12:53:00-04:00	18.3350	18.2732	496
2026-07-27T12:54:00-04:00	18.3350	18.2732	290
2026-07-27T12:55:00-04:00	18.2750	18.2732	1044
2026-07-27T12:56:00-04:00	18.3500	18.2734	1041
2026-07-27T13:01:00-04:00	18.3200	18.2735	1146
2026-07-27T13:02:00-04:00	18.3150	18.2736	1526
2026-07-27T13:03:00-04:00	18.3150	18.2737	263
2026-07-27T13:04:00-04:00	18.2700	18.2737	658
2026-07-27T13:07:00-04:00	18.2600	18.2737	613
2026-07-27T13:08:00-04:00	18.2900	18.2737	735
2026-07-27T13:10:00-04:00	18.3000	18.2737	777
2026-07-27T13:11:00-04:00	18.2400	18.2737	112
2026-07-27T13:12:00-04:00	18.2775	18.2737	199
2026-07-27T13:13:00-04:00	18.3050	18.2738	1454
2026-07-27T13:14:00-04:00	18.3050	18.2738	344
2026-07-27T13:15:00-04:00	18.3050	18.2739	282
2026-07-27T13:16:00-04:00	18.3650	18.2741	1342
2026-07-27T13:17:00-04:00	18.3200	18.2747	4777
2026-07-27T13:18:00-04:00	18.3300	18.2748	609
2026-07-27T13:20:00-04:00	18.3400	18.2749	1073
2026-07-27T13:21:00-04:00	18.3100	18.2750	757
2026-07-27T13:22:00-04:00	18.2900	18.2750	687
2026-07-27T13:23:00-04:00	18.2400	18.2750	618
2026-07-27T13:24:00-04:00	18.1900	18.2748	850
2026-07-27T13:25:00-04:00	18.2700	18.2748	553
2026-07-27T13:26:00-04:00	18.2000	18.2742	3131
2026-07-27T13:27:00-04:00	18.2600	18.2742	1378
2026-07-27T13:28:00-04:00	18.2350	18.2741	1114
2026-07-27T13:29:00-04:00	18.2100	18.2737	3056
2026-07-27T13:30:00-04:00	18.2150	18.2737	158
2026-07-27T13:31:00-04:00	18.2150	18.2736	392
2026-07-27T13:32:00-04:00	18.2400	18.2735	548
2026-07-27T13:33:00-04:00	18.2695	18.2735	989
2026-07-27T13:34:00-04:00	18.2500	18.2735	395
2026-07-27T13:35:00-04:00	18.2450	18.2734	1106
2026-07-27T13:37:00-04:00	18.2450	18.2734	231
2026-07-27T13:38:00-04:00	18.2700	18.2734	139
2026-07-27T13:39:00-04:00	18.2400	18.2732	4455
2026-07-27T13:40:00-04:00	18.2100	18.2731	1437
2026-07-27T13:41:00-04:00	18.2350	18.2730	1100
2026-07-27T13:42:00-04:00	18.2200	18.2726	4224
2026-07-27T13:43:00-04:00	18.1800	18.2723	1493
2026-07-27T13:44:00-04:00	18.1750	18.2723	128
2026-07-27T13:45:00-04:00	18.2200	18.2722	515
2026-07-27T13:46:00-04:00	18.2200	18.2721	1544
2026-07-27T13:47:00-04:00	18.2250	18.2720	738
2026-07-27T13:48:00-04:00	18.2300	18.2719	1156
2026-07-27T13:49:00-04:00	18.2450	18.2718	1826
2026-07-27T13:52:00-04:00	18.3019	18.2719	2664
2026-07-27T13:53:00-04:00	18.3150	18.2719	439
2026-07-27T13:54:00-04:00	18.3150	18.2719	193
2026-07-27T13:55:00-04:00	18.3150	18.2719	261
2026-07-27T13:56:00-04:00	18.3250	18.2721	1045
2026-07-27T13:57:00-04:00	18.3400	18.2725	2488
2026-07-27T13:59:00-04:00	18.3400	18.2727	1407
2026-07-27T14:00:00-04:00	18.3300	18.2729	1279
2026-07-27T14:02:00-04:00	18.3000	18.2730	1740
2026-07-27T14:03:00-04:00	18.2900	18.2730	479
2026-07-27T14:04:00-04:00	18.3200	18.2731	893
2026-07-27T14:05:00-04:00	18.3400	18.2734	2171
2026-07-27T14:06:00-04:00	18.3200	18.2736	1578
2026-07-27T14:07:00-04:00	18.3800	18.2737	418
2026-07-27T14:08:00-04:00	18.3650	18.2737	176
2026-07-27T14:09:00-04:00	18.3750	18.2739	1172
2026-07-27T14:10:00-04:00	18.3750	18.2742	1125
2026-07-27T14:13:00-04:00	18.3700	18.2747	2412
2026-07-27T14:14:00-04:00	18.4200	18.2750	983
2026-07-27T14:15:00-04:00	18.3900	18.2753	1222
2026-07-27T14:16:00-04:00	18.3950	18.2754	337
2026-07-27T14:17:00-04:00	18.3950	18.2755	401
2026-07-27T14:18:00-04:00	18.3950	18.2755	201
2026-07-27T14:19:00-04:00	18.3950	18.2757	701
2026-07-27T14:20:00-04:00	18.3900	18.2761	1646
2026-07-27T14:21:00-04:00	18.3900	18.2767	2512
2026-07-27T14:22:00-04:00	18.3950	18.2771	1377
2026-07-27T14:23:00-04:00	18.3700	18.2773	1178
2026-07-27T14:25:00-04:00	18.3850	18.2774	365
2026-07-27T14:26:00-04:00	18.4100	18.2776	866
2026-07-27T14:27:00-04:00	18.4600	18.2778	545
2026-07-27T14:28:00-04:00	18.4650	18.2786	1828
2026-07-27T14:29:00-04:00	18.4650	18.2788	451
2026-07-27T14:30:00-04:00	18.4400	18.2793	1600
2026-07-27T14:32:00-04:00	18.4799	18.2802	2247
2026-07-27T14:33:00-04:00	18.4300	18.2803	244
2026-07-27T14:34:00-04:00	18.4200	18.2811	2972
2026-07-27T14:37:00-04:00	18.4250	18.2812	331
2026-07-27T14:38:00-04:00	18.4200	18.2814	829
2026-07-27T14:39:00-04:00	18.4100	18.2816	740
2026-07-27T14:41:00-04:00	18.4150	18.2817	462
2026-07-27T14:42:00-04:00	18.4250	18.2821	1413
2026-07-27T14:43:00-04:00	18.4200	18.2822	257
2026-07-27T14:44:00-04:00	18.4300	18.2827	1636
2026-07-27T14:45:00-04:00	18.4550	18.2828	259
2026-07-27T14:46:00-04:00	18.4400	18.2830	550
2026-07-27T14:47:00-04:00	18.4300	18.2835	1810
2026-07-27T14:48:00-04:00	18.3100	18.2842	5599
2026-07-27T14:49:00-04:00	18.3400	18.2844	4257
2026-07-27T14:50:00-04:00	18.3300	18.2845	1238
2026-07-27T14:51:00-04:00	18.2800	18.2845	147
2026-07-27T14:52:00-04:00	18.3900	18.2848	2080
2026-07-27T14:53:00-04:00	18.4300	18.2855	2577
2026-07-27T14:55:00-04:00	18.4600	18.2859	1475
2026-07-27T14:56:00-04:00	18.4500	18.2861	557
2026-07-27T14:57:00-04:00	18.4200	18.2863	709
2026-07-27T14:58:00-04:00	18.4450	18.2865	744
2026-07-27T14:59:00-04:00	18.4800	18.2869	1100
2026-07-27T15:00:00-04:00	18.4900	18.2884	3664
2026-07-27T15:01:00-04:00	18.4850	18.2885	356
2026-07-27T15:02:00-04:00	18.4700	18.2887	568
2026-07-27T15:03:00-04:00	18.4600	18.2894	1983
2026-07-27T15:04:00-04:00	18.4300	18.2898	1393
2026-07-27T15:05:00-04:00	18.4100	18.2899	512
2026-07-27T15:06:00-04:00	18.4400	18.2901	667
2026-07-27T15:07:00-04:00	18.5200	18.2905	929
2026-07-27T15:08:00-04:00	18.5000	18.2908	607
2026-07-27T15:09:00-04:00	18.5300	18.2915	1720
2026-07-27T15:10:00-04:00	18.5500	18.2935	4179
2026-07-27T15:11:00-04:00	18.5200	18.2936	331
2026-07-27T15:12:00-04:00	18.5400	18.2939	714
2026-07-27T15:13:00-04:00	18.5300	18.2941	509
2026-07-27T15:14:00-04:00	18.5350	18.2942	202
2026-07-27T15:15:00-04:00	18.5350	18.2944	389
2026-07-27T15:16:00-04:00	18.5400	18.2956	2538
2026-07-27T15:17:00-04:00	18.5100	18.2969	3148
2026-07-27T15:19:00-04:00	18.4900	18.2970	429
2026-07-27T15:20:00-04:00	18.5100	18.2971	174
2026-07-27T15:21:00-04:00	18.5100	18.2973	558
2026-07-27T15:22:00-04:00	18.4800	18.2975	433
2026-07-27T15:25:00-04:00	18.5050	18.2977	689
2026-07-27T15:26:00-04:00	18.5300	18.2980	534
2026-07-27T15:27:00-04:00	18.5750	18.2988	1687
2026-07-27T15:28:00-04:00	18.5800	18.2994	1229
2026-07-27T15:29:00-04:00	18.5800	18.2995	161
2026-07-27T15:30:00-04:00	18.6000	18.2999	696
2026-07-27T15:31:00-04:00	18.6450	18.3016	2759
2026-07-27T15:32:00-04:00	18.6450	18.3030	2222
2026-07-27T15:33:00-04:00	18.6800	18.3061	4633
2026-07-27T15:34:00-04:00	18.6800	18.3069	1245
2026-07-27T15:35:00-04:00	18.6300	18.3091	3757
2026-07-27T15:36:00-04:00	18.5800	18.3106	3143
2026-07-27T15:37:00-04:00	18.5550	18.3111	1032
2026-07-27T15:38:00-04:00	18.5600	18.3112	181
2026-07-27T15:39:00-04:00	18.5600	18.3113	319
2026-07-27T15:40:00-04:00	18.5450	18.3124	2641
2026-07-27T15:41:00-04:00	18.6250	18.3136	2442
2026-07-27T15:42:00-04:00	18.5800	18.3145	1806
2026-07-27T15:43:00-04:00	18.5950	18.3150	957
2026-07-27T15:44:00-04:00	18.5750	18.3162	2832
2026-07-27T15:45:00-04:00	18.5750	18.3163	132
2026-07-27T15:46:00-04:00	18.6200	18.3171	1574
2026-07-27T15:47:00-04:00	18.6150	18.3174	488
2026-07-27T15:48:00-04:00	18.6650	18.3184	1821
2026-07-27T15:49:00-04:00	18.7500	18.3198	2048
2026-07-27T15:50:00-04:00	18.7300	18.3247	7130
2026-07-27T15:51:00-04:00	18.7800	18.3274	3665
2026-07-27T15:52:00-04:00	18.7999	18.3332	7772
2026-07-27T15:53:00-04:00	18.8700	18.3394	7314
2026-07-27T15:54:00-04:00	18.8700	18.3506	12546
2026-07-27T15:55:00-04:00	18.8400	18.3559	6837
2026-07-27T15:56:00-04:00	18.8500	18.3639	10349
2026-07-27T15:57:00-04:00	18.7800	18.3725	12945
2026-07-27T15:58:00-04:00	18.8150	18.3758	4966
2026-07-27T15:59:00-04:00	18.8700	18.3962	29933
2026-07-28T09:30:00-04:00	17.8150	17.9150	25632
2026-07-28T09:31:00-04:00	17.8200	17.8934	4055
2026-07-28T09:32:00-04:00	17.4800	17.7953	11718
2026-07-28T09:33:00-04:00	17.3100	17.7650	3259
2026-07-28T09:34:00-04:00	17.3300	17.7023	7415
2026-07-28T09:35:00-04:00	17.3150	17.6611	5757
2026-07-28T09:36:00-04:00	17.2200	17.6373	3888
2026-07-28T09:37:00-04:00	17.1100	17.5746	9396
2026-07-28T09:38:00-04:00	17.1000	17.5565	2917
2026-07-28T09:39:00-04:00	17.1050	17.5088	7947
2026-07-28T09:40:00-04:00	17.0900	17.4958	2562
2026-07-28T09:41:00-04:00	17.0500	17.4775	3965
2026-07-28T09:42:00-04:00	17.1700	17.4622	4899
2026-07-28T09:43:00-04:00	17.3800	17.4512	7877
2026-07-28T09:44:00-04:00	17.6000	17.4594	10846
2026-07-28T09:45:00-04:00	17.4950	17.4617	4762
2026-07-28T09:46:00-04:00	17.5500	17.4686	9911
2026-07-28T09:47:00-04:00	17.6850	17.4811	7538
2026-07-28T09:48:00-04:00	17.6900	17.4941	8945
2026-07-28T09:49:00-04:00	17.7900	17.5099	9822
2026-07-28T09:50:00-04:00	18.0700	17.5513	14606
2026-07-28T09:51:00-04:00	17.7450	17.5613	6840
2026-07-28T09:52:00-04:00	17.7400	17.5632	1902
2026-07-28T09:53:00-04:00	17.6600	17.5662	4331
2026-07-28T09:54:00-04:00	17.4500	17.5640	8570
2026-07-28T09:55:00-04:00	17.4550	17.5621	2955
2026-07-28T09:56:00-04:00	17.5900	17.5614	8684
2026-07-28T09:57:00-04:00	17.5600	17.5600	6514
2026-07-28T09:58:00-04:00	17.4850	17.5591	4052
2026-07-28T09:59:00-04:00	17.4200	17.5515	15328
2026-07-28T10:00:00-04:00	17.5100	17.5499	16814
2026-07-28T10:01:00-04:00	17.5150	17.5497	1736
2026-07-28T10:02:00-04:00	17.4300	17.5489	1953
2026-07-28T10:03:00-04:00	17.4400	17.5387	33469
2026-07-28T10:04:00-04:00	17.3950	17.5308	24663
2026-07-28T10:05:00-04:00	17.3100	17.5226	11201
2026-07-28T10:06:00-04:00	17.3700	17.5153	12661
2026-07-28T10:07:00-04:00	17.3350	17.5049	21049
2026-07-28T10:08:00-04:00	17.3150	17.4997	9357
2026-07-28T10:09:00-04:00	17.2750	17.4915	13975
2026-07-28T10:10:00-04:00	17.3100	17.4871	8427
2026-07-28T10:11:00-04:00	17.3100	17.4861	2134
2026-07-28T10:12:00-04:00	17.2750	17.4834	5461
2026-07-28T10:13:00-04:00	17.2300	17.4777	9502
2026-07-28T10:14:00-04:00	17.1850	17.4691	12671
2026-07-28T10:15:00-04:00	17.1150	17.4491	25072
2026-07-28T10:16:00-04:00	17.1600	17.4443	7061
2026-07-28T10:17:00-04:00	17.1100	17.4351	12734
2026-07-28T10:18:00-04:00	17.1600	17.4306	7535
2026-07-28T10:19:00-04:00	17.1700	17.4265	6844
2026-07-28T10:20:00-04:00	17.2200	17.4238	5903
2026-07-28T10:21:00-04:00	17.3400	17.4209	10461
2026-07-28T10:22:00-04:00	17.3400	17.4190	14416
2026-07-28T10:23:00-04:00	17.6250	17.4222	13467
2026-07-28T10:24:00-04:00	17.6500	17.4230	1476
2026-07-28T10:25:00-04:00	17.6650	17.4240	2063
2026-07-28T10:26:00-04:00	17.6800	17.4245	982
2026-07-28T10:27:00-04:00	17.8350	17.4263	2636
2026-07-28T10:28:00-04:00	17.8150	17.4289	3670
2026-07-28T10:29:00-04:00	17.8400	17.4310	2725
2026-07-28T10:30:00-04:00	17.8500	17.4318	1012
2026-07-28T10:31:00-04:00	17.8500	17.4324	704
2026-07-28T10:32:00-04:00	17.8450	17.4332	1200
2026-07-28T10:33:00-04:00	17.8400	17.4387	7148
2026-07-28T10:34:00-04:00	17.7600	17.4398	1817
2026-07-28T10:35:00-04:00	17.8500	17.4409	1339
2026-07-28T10:36:00-04:00	18.0600	17.4530	12343
2026-07-28T10:37:00-04:00	17.9350	17.4576	4891
2026-07-28T10:38:00-04:00	17.8700	17.4589	1768
2026-07-28T10:39:00-04:00	17.7500	17.4601	2142
2026-07-28T10:40:00-04:00	17.8100	17.4685	14595
2026-07-28T10:41:00-04:00	17.8100	17.4694	1364
2026-07-28T10:42:00-04:00	17.7500	17.4709	2795
2026-07-28T10:43:00-04:00	17.8100	17.4724	2630
2026-07-28T10:44:00-04:00	17.8100	17.4733	1676
2026-07-28T10:45:00-04:00	17.8200	17.4793	9464
2026-07-28T10:46:00-04:00	17.7750	17.4799	1176
2026-07-28T10:47:00-04:00	17.8100	17.4815	3160
2026-07-28T10:48:00-04:00	17.8500	17.4829	2340
2026-07-28T10:49:00-04:00	17.7950	17.4836	1251
2026-07-28T10:50:00-04:00	17.8200	17.4866	5326
2026-07-28T10:51:00-04:00	18.0000	17.5004	18957
2026-07-28T10:52:00-04:00	17.9900	17.5049	5900
2026-07-28T10:53:00-04:00	18.0000	17.5061	1494
2026-07-28T10:54:00-04:00	17.9850	17.5065	531
2026-07-28T10:55:00-04:00	18.0000	17.5078	1661
2026-07-28T10:56:00-04:00	17.9900	17.5107	3950
2026-07-28T10:57:00-04:00	17.8700	17.5139	5222
2026-07-28T10:58:00-04:00	17.8200	17.5169	6132
2026-07-28T10:59:00-04:00	17.8200	17.5170	216
2026-07-28T11:00:00-04:00	17.7900	17.5174	891
2026-07-28T11:01:00-04:00	17.7800	17.5177	896
2026-07-28T11:02:00-04:00	17.8100	17.5216	9924
2026-07-28T11:03:00-04:00	17.8000	17.5218	369
2026-07-28T11:04:00-04:00	17.8000	17.5219	345
2026-07-28T11:05:00-04:00	17.8000	17.5222	554
2026-07-28T11:06:00-04:00	17.7950	17.5228	1406
2026-07-28T11:07:00-04:00	17.7850	17.5231	932
2026-07-28T11:08:00-04:00	17.7850	17.5236	1384
2026-07-28T11:09:00-04:00	17.8100	17.5261	6293
2026-07-28T11:10:00-04:00	17.8400	17.5295	7293
2026-07-28T11:12:00-04:00	17.8250	17.5322	6847
2026-07-28T11:14:00-04:00	17.8250	17.5326	784
2026-07-28T11:15:00-04:00	17.8250	17.5329	628
2026-07-28T11:16:00-04:00	17.8250	17.5336	1595
2026-07-28T11:17:00-04:00	17.8250	17.5345	2176
2026-07-28T11:18:00-04:00	17.9100	17.5383	7139
2026-07-28T11:19:00-04:00	17.9700	17.5390	1217
2026-07-28T11:20:00-04:00	18.0200	17.5437	6908
2026-07-28T11:21:00-04:00	18.0150	17.5451	2014
2026-07-28T11:22:00-04:00	18.0150	17.5466	2299
2026-07-28T11:23:00-04:00	18.0150	17.5472	1046
2026-07-28T11:24:00-04:00	18.0400	17.5529	8459
2026-07-28T11:25:00-04:00	18.2000	17.5574	5395
2026-07-28T11:26:00-04:00	18.3000	17.5593	1944
2026-07-28T11:27:00-04:00	18.2700	17.5602	974
2026-07-28T11:28:00-04:00	18.2500	17.5700	10304
2026-07-28T11:30:00-04:00	18.2600	17.5713	1441
2026-07-28T11:31:00-04:00	18.2500	17.5775	6888
2026-07-28T11:33:00-04:00	18.2500	17.5784	1057
2026-07-28T11:34:00-04:00	18.2500	17.5795	1182
2026-07-28T11:35:00-04:00	18.2550	17.5805	1122
2026-07-28T11:36:00-04:00	18.2200	17.5812	852
2026-07-28T11:37:00-04:00	18.2100	17.5835	2798
2026-07-28T11:38:00-04:00	18.1600	17.5864	3683
2026-07-28T11:39:00-04:00	18.1200	17.5900	5151
2026-07-28T11:40:00-04:00	18.1300	17.5902	218
2026-07-28T11:41:00-04:00	18.0900	17.5918	2496
2026-07-28T11:42:00-04:00	18.0800	17.5928	1460
2026-07-28T11:43:00-04:00	17.9950	17.5952	4439
2026-07-28T11:44:00-04:00	17.9400	17.5958	1373
2026-07-28T11:45:00-04:00	17.9400	17.5965	1398
2026-07-28T11:46:00-04:00	17.9600	17.5970	1139
2026-07-28T11:47:00-04:00	17.8550	17.5986	4071
2026-07-28T11:48:00-04:00	17.7500	17.5991	2061
2026-07-28T11:49:00-04:00	17.6950	17.5995	3042
2026-07-28T11:50:00-04:00	17.6100	17.6003	13645
2026-07-28T11:51:00-04:00	17.6550	17.6004	1868
2026-07-28T11:52:00-04:00	17.6600	17.6005	1473
2026-07-28T11:53:00-04:00	17.7800	17.6026	11631
2026-07-28T11:54:00-04:00	17.7246	17.6035	5004
2026-07-28T11:55:00-04:00	17.6701	17.6047	10933
2026-07-28T11:56:00-04:00	17.6950	17.6049	1490
2026-07-28T11:57:00-04:00	17.7850	17.6062	6631
2026-07-28T11:58:00-04:00	17.7404	17.6062	377
2026-07-28T11:59:00-04:00	17.7950	17.6064	758
2026-07-28T12:00:00-04:00	17.7500	17.6066	1070
2026-07-28T12:01:00-04:00	17.6850	17.6075	8141
2026-07-28T12:02:00-04:00	17.6750	17.6076	1566
2026-07-28T12:03:00-04:00	17.7100	17.6080	4090
2026-07-28T12:04:00-04:00	17.7435	17.6089	4923
2026-07-28T12:05:00-04:00	17.8600	17.6098	3302
2026-07-28T12:06:00-04:00	17.7800	17.6104	2573
2026-07-28T12:07:00-04:00	17.7500	17.6108	2096
2026-07-28T12:08:00-04:00	17.7500	17.6110	1608
2026-07-28T12:09:00-04:00	17.7300	17.6111	584
2026-07-28T12:10:00-04:00	17.7200	17.6112	466
2026-07-28T12:11:00-04:00	17.7300	17.6114	1747
2026-07-28T12:12:00-04:00	17.7650	17.6125	6053
2026-07-28T12:13:00-04:00	17.6950	17.6132	7036
2026-07-28T12:15:00-04:00	17.7000	17.6133	904
2026-07-28T12:16:00-04:00	17.7000	17.6134	859
2026-07-28T12:17:00-04:00	17.7050	17.6135	1709
2026-07-28T12:18:00-04:00	17.6700	17.6139	5281
2026-07-28T12:19:00-04:00	17.6800	17.6144	7398
2026-07-28T12:20:00-04:00	17.6650	17.6147	4372
2026-07-28T12:21:00-04:00	17.8000	17.6161	9125
2026-07-28T12:22:00-04:00	17.7900	17.6165	2173
2026-07-28T12:23:00-04:00	17.7501	17.6167	1639
2026-07-28T12:24:00-04:00	17.7500	17.6170	2253
2026-07-28T12:25:00-04:00	17.7300	17.6172	1620
2026-07-28T12:26:00-04:00	17.7500	17.6174	1315
2026-07-28T12:28:00-04:00	17.8100	17.6180	3162
2026-07-28T12:29:00-04:00	17.9300	17.6186	1935
2026-07-28T12:30:00-04:00	17.8200	17.6191	2639
2026-07-28T12:31:00-04:00	17.8100	17.6193	999
2026-07-28T12:32:00-04:00	17.8200	17.6194	214
2026-07-28T12:33:00-04:00	17.8200	17.6203	4087
2026-07-28T12:34:00-04:00	17.7900	17.6208	3232
2026-07-28T12:35:00-04:00	17.7950	17.6211	1428
2026-07-28T12:37:00-04:00	17.7500	17.6219	5866
2026-07-28T12:38:00-04:00	17.7600	17.6222	2058
2026-07-28T12:40:00-04:00	17.7750	17.6224	1058
2026-07-28T12:41:00-04:00	17.7850	17.6224	218
2026-07-28T12:42:00-04:00	17.7850	17.6225	735
2026-07-28T12:43:00-04:00	17.7850	17.6232	4277
2026-07-28T12:44:00-04:00	17.8100	17.6238	3066
2026-07-28T12:45:00-04:00	17.7850	17.6239	736
2026-07-28T12:46:00-04:00	17.7850	17.6241	1135
2026-07-28T12:47:00-04:00	17.7600	17.6243	1480
2026-07-28T12:48:00-04:00	17.7500	17.6248	3241
2026-07-28T12:49:00-04:00	17.9000	17.6267	8325
2026-07-28T12:50:00-04:00	17.9000	17.6269	604
2026-07-28T12:51:00-04:00	17.9250	17.6272	1164
2026-07-28T12:52:00-04:00	17.9450	17.6277	1333
2026-07-28T12:53:00-04:00	17.9200	17.6294	5785
2026-07-28T12:54:00-04:00	17.7950	17.6307	5873
2026-07-28T12:55:00-04:00	17.7950	17.6309	1236
2026-07-28T12:56:00-04:00	17.8400	17.6321	6254
2026-07-28T12:57:00-04:00	17.8100	17.6322	437
2026-07-28T12:58:00-04:00	17.7800	17.6322	210
2026-07-28T13:00:00-04:00	17.8350	17.6324	916
2026-07-28T13:01:00-04:00	17.7900	17.6325	356
2026-07-28T13:02:00-04:00	17.7700	17.6331	4019
2026-07-28T13:03:00-04:00	17.7800	17.6338	4473
2026-07-28T13:04:00-04:00	17.8000	17.6341	2394
2026-07-28T13:05:00-04:00	17.8000	17.6342	499
2026-07-28T13:06:00-04:00	17.7850	17.6347	2891
2026-07-28T13:07:00-04:00	17.7600	17.6348	707
2026-07-28T13:08:00-04:00	17.7600	17.6350	1926
2026-07-28T13:09:00-04:00	17.7550	17.6356	5440
2026-07-28T13:10:00-04:00	17.6850	17.6360	5581
2026-07-28T13:11:00-04:00	17.5900	17.6359	5898
2026-07-28T13:12:00-04:00	17.5800	17.6359	269
2026-07-28T13:13:00-04:00	17.5850	17.6357	3258
2026-07-28T13:14:00-04:00	17.5950	17.6356	4422
2026-07-28T13:15:00-04:00	17.5200	17.6353	3046
2026-07-28T13:16:00-04:00	17.5600	17.6348	4936
2026-07-28T13:17:00-04:00	17.5850	17.6347	1814
2026-07-28T13:18:00-04:00	17.5600	17.6347	260
2026-07-28T13:19:00-04:00	17.5400	17.6346	995
2026-07-28T13:20:00-04:00	17.6800	17.6346	6263
2026-07-28T13:21:00-04:00	17.6103	17.6346	2159
2026-07-28T13:22:00-04:00	17.6150	17.6345	3729
2026-07-28T13:23:00-04:00	17.6150	17.6345	482
2026-07-28T13:24:00-04:00	17.5800	17.6343	3018
2026-07-28T13:25:00-04:00	17.4800	17.6337	5157
2026-07-28T13:26:00-04:00	17.4600	17.6336	546
2026-07-28T13:27:00-04:00	17.4500	17.6334	1310
2026-07-28T13:28:00-04:00	17.4800	17.6332	1573
2026-07-28T13:29:00-04:00	17.4700	17.6331	555
2026-07-28T13:30:00-04:00	17.4100	17.6324	2948
2026-07-28T13:31:00-04:00	17.3700	17.6323	404
2026-07-28T13:32:00-04:00	17.3400	17.6316	2936
2026-07-28T13:33:00-04:00	17.3800	17.6310	2596
2026-07-28T13:34:00-04:00	17.3750	17.6307	1057
2026-07-28T13:35:00-04:00	17.4600	17.6295	6730
2026-07-28T13:36:00-04:00	17.4800	17.6293	1535
2026-07-28T13:37:00-04:00	17.4750	17.6291	1655
2026-07-28T13:38:00-04:00	17.4850	17.6290	267
2026-07-28T13:39:00-04:00	17.4850	17.6290	308
2026-07-28T13:40:00-04:00	17.4900	17.6288	1385
2026-07-28T13:41:00-04:00	17.4800	17.6288	460
2026-07-28T13:42:00-04:00	17.4200	17.6278	5507
2026-07-28T13:43:00-04:00	17.4500	17.6274	2801
2026-07-28T13:44:00-04:00	17.4450	17.6271	1298
2026-07-28T13:45:00-04:00	17.4500	17.6269	1119
2026-07-28T13:46:00-04:00	17.4550	17.6268	1150
2026-07-28T13:47:00-04:00	17.4750	17.6263	3582
2026-07-28T13:48:00-04:00	17.5550	17.6261	3022
2026-07-28T13:49:00-04:00	17.5300	17.6259	1727
2026-07-28T13:50:00-04:00	17.4950	17.6255	5000
2026-07-28T13:51:00-04:00	17.4850	17.6253	1593
2026-07-28T13:52:00-04:00	17.4800	17.6250	2254
2026-07-28T13:53:00-04:00	17.4750	17.6249	740
2026-07-28T13:54:00-04:00	17.4750	17.6248	712
2026-07-28T13:55:00-04:00	17.4600	17.6240	5965
2026-07-28T13:56:00-04:00	17.5000	17.6237	2204
2026-07-28T13:57:00-04:00	17.4750	17.6232	3799
2026-07-28T13:58:00-04:00	17.5018	17.6231	1370
2026-07-28T13:59:00-04:00	17.5200	17.6229	2078
2026-07-28T14:00:00-04:00	17.6825	17.6229	15236
2026-07-28T14:01:00-04:00	17.6700	17.6230	1055
2026-07-28T14:02:00-04:00	17.6700	17.6230	1148
2026-07-28T14:03:00-04:00	17.6700	17.6231	569
2026-07-28T14:04:00-04:00	17.6750	17.6235	9393
2026-07-28T14:05:00-04:00	17.8000	17.6269	30999
2026-07-28T14:06:00-04:00	17.8200	17.6292	15255
2026-07-28T14:07:00-04:00	17.7916	17.6293	563
2026-07-28T14:08:00-04:00	17.7250	17.6295	2441
2026-07-28T14:09:00-04:00	17.7600	17.6299	3857
2026-07-28T14:10:00-04:00	17.7000	17.6300	1083
2026-07-28T14:11:00-04:00	17.7000	17.6307	10470
2026-07-28T14:12:00-04:00	17.7000	17.6307	548
2026-07-28T14:13:00-04:00	17.7000	17.6308	1373
2026-07-28T14:14:00-04:00	17.7450	17.6310	2323
2026-07-28T14:15:00-04:00	17.7700	17.6314	3171
2026-07-28T14:16:00-04:00	17.8000	17.6333	14649
2026-07-28T14:17:00-04:00	17.8000	17.6334	959
2026-07-28T14:18:00-04:00	17.7950	17.6335	649
2026-07-28T14:19:00-04:00	17.8000	17.6342	4981
2026-07-28T14:20:00-04:00	17.8350	17.6353	7237
2026-07-28T14:21:00-04:00	17.8400	17.6354	610
2026-07-28T14:22:00-04:00	17.8800	17.6360	3248
2026-07-28T14:23:00-04:00	17.8500	17.6361	799
2026-07-28T14:24:00-04:00	17.8250	17.6401	28017
2026-07-28T14:25:00-04:00	17.9100	17.6413	6544
2026-07-28T14:26:00-04:00	17.9100	17.6436	11522
2026-07-28T14:27:00-04:00	17.9250	17.6437	696
2026-07-28T14:28:00-04:00	17.9200	17.6447	4853
2026-07-28T14:29:00-04:00	17.9200	17.6457	4747
2026-07-28T14:30:00-04:00	17.9300	17.6464	3146
2026-07-28T14:31:00-04:00	17.9600	17.6466	1140
2026-07-28T14:32:00-04:00	17.9500	17.6474	3285
2026-07-28T14:33:00-04:00	17.9600	17.6474	262
2026-07-28T14:34:00-04:00	17.9400	17.6475	407
2026-07-28T14:35:00-04:00	17.9000	17.6485	4808
2026-07-28T14:36:00-04:00	17.9100	17.6493	4007
2026-07-28T14:37:00-04:00	17.9150	17.6494	636
2026-07-28T14:38:00-04:00	17.9000	17.6498	1956
2026-07-28T14:39:00-04:00	17.9100	17.6509	6210
2026-07-28T14:40:00-04:00	17.9000	17.6528	10155
2026-07-28T14:41:00-04:00	17.8950	17.6529	559
2026-07-28T14:42:00-04:00	17.8950	17.6530	638
2026-07-28T14:43:00-04:00	17.9175	17.6538	3834
2026-07-28T14:44:00-04:00	17.8850	17.6579	25323
2026-07-28T14:45:00-04:00	17.8850	17.6583	2671
2026-07-28T14:46:00-04:00	17.8500	17.6587	2160
2026-07-28T14:47:00-04:00	17.8800	17.6613	17244
2026-07-28T14:48:00-04:00	17.8150	17.6620	6217
2026-07-28T14:49:00-04:00	17.7700	17.6624	4221
2026-07-28T14:50:00-04:00	17.7700	17.6626	2784
2026-07-28T14:51:00-04:00	17.7900	17.6628	2928
2026-07-28T14:52:00-04:00	17.7500	17.6629	1386
2026-07-28T14:53:00-04:00	17.8000	17.6636	8383
2026-07-28T14:54:00-04:00	17.8750	17.6674	29941
2026-07-28T14:55:00-04:00	17.9200	17.6677	1830
2026-07-28T14:56:00-04:00	17.9050	17.6678	611
2026-07-28T14:57:00-04:00	17.9050	17.6681	2032
2026-07-28T14:58:00-04:00	17.9450	17.6685	2462
2026-07-28T14:59:00-04:00	18.0000	17.6692	3337
2026-07-28T15:00:00-04:00	18.0200	17.6695	978
2026-07-28T15:01:00-04:00	17.9950	17.6700	2399
2026-07-28T15:02:00-04:00	18.0650	17.6712	4828
2026-07-28T15:03:00-04:00	18.1100	17.6717	1942
2026-07-28T15:04:00-04:00	18.1000	17.6732	5103
2026-07-28T15:05:00-04:00	18.1000	17.6735	956
2026-07-28T15:06:00-04:00	18.1000	17.6737	619
2026-07-28T15:07:00-04:00	18.1000	17.6741	1597
2026-07-28T15:08:00-04:00	18.0600	17.6766	9387
2026-07-28T15:09:00-04:00	18.0410	17.6769	1521
2026-07-28T15:10:00-04:00	18.0300	17.6788	7701
2026-07-28T15:11:00-04:00	18.0600	17.6809	9225
2026-07-28T15:12:00-04:00	18.0650	17.6813	1586
2026-07-28T15:13:00-04:00	18.0200	17.6814	554
2026-07-28T15:14:00-04:00	18.0350	17.6820	2417
2026-07-28T15:15:00-04:00	18.0200	17.6823	1615
2026-07-28T15:16:00-04:00	18.0200	17.6827	1496
2026-07-28T15:17:00-04:00	18.0350	17.6830	1625
2026-07-28T15:18:00-04:00	18.0500	17.6855	10506
2026-07-28T15:19:00-04:00	18.0150	17.6857	1094
2026-07-28T15:20:00-04:00	18.0100	17.6860	1328
2026-07-28T15:21:00-04:00	18.0300	17.6873	6330
2026-07-28T15:22:00-04:00	18.0550	17.6888	6161
2026-07-28T15:23:00-04:00	18.0600	17.6893	2446
2026-07-28T15:24:00-04:00	18.0600	17.6897	1517
2026-07-28T15:25:00-04:00	18.0700	17.6903	2444
2026-07-28T15:26:00-04:00	18.0700	17.6907	1629
2026-07-28T15:27:00-04:00	18.0650	17.6910	1246
2026-07-28T15:28:00-04:00	18.0550	17.6918	3842
2026-07-28T15:29:00-04:00	18.0750	17.6933	6151
2026-07-28T15:30:00-04:00	18.0200	17.6953	9205
2026-07-28T15:31:00-04:00	18.0250	17.6966	6658
2026-07-28T15:32:00-04:00	18.0450	17.6981	6792
2026-07-28T15:33:00-04:00	18.0450	17.6982	835
2026-07-28T15:34:00-04:00	18.0550	17.6986	1901
2026-07-28T15:35:00-04:00	18.0550	17.6988	697
2026-07-28T15:36:00-04:00	18.0600	17.7027	18096
2026-07-28T15:37:00-04:00	18.0700	17.7034	3410
2026-07-28T15:38:00-04:00	18.0650	17.7037	1116
2026-07-28T15:39:00-04:00	18.0310	17.7045	3977
2026-07-28T15:40:00-04:00	18.0250	17.7057	6089
2026-07-28T15:41:00-04:00	18.0300	17.7068	5819
2026-07-28T15:42:00-04:00	18.0300	17.7070	799
2026-07-28T15:43:00-04:00	18.0450	17.7094	12123
2026-07-28T15:44:00-04:00	18.0450	17.7100	3277
2026-07-28T15:45:00-04:00	18.0550	17.7112	5917
2026-07-28T15:46:00-04:00	18.0550	17.7119	3040
2026-07-28T15:47:00-04:00	18.0800	17.7140	9898
2026-07-28T15:48:00-04:00	18.0900	17.7147	2959
2026-07-28T15:49:00-04:00	18.0900	17.7161	6788
2026-07-28T15:50:00-04:00	18.0500	17.7234	36539
2026-07-28T15:51:00-04:00	18.0050	17.7269	21337
2026-07-28T15:52:00-04:00	17.9950	17.7296	17178
2026-07-28T15:53:00-04:00	17.9950	17.7302	4340
2026-07-28T15:54:00-04:00	17.9600	17.7310	6153
2026-07-28T15:55:00-04:00	17.8500	17.7320	11405
2026-07-28T15:56:00-04:00	17.7500	17.7322	6513
2026-07-28T15:57:00-04:00	17.7800	17.7328	31701
2026-07-28T15:58:00-04:00	17.7800	17.7332	12845
2026-07-28T15:59:00-04:00	17.8150	17.7355	45591
2026-07-29T09:30:00-04:00	17.0500	17.1767	52922
2026-07-29T09:31:00-04:00	16.8050	17.0704	26521
2026-07-29T09:32:00-04:00	16.7100	16.8846	109618
2026-07-29T09:33:00-04:00	16.9800	16.8828	55283
2026-07-29T09:34:00-04:00	16.9850	16.8856	22638
2026-07-29T09:35:00-04:00	16.9600	16.8869	8342
2026-07-29T09:36:00-04:00	16.7600	16.8747	81468
2026-07-29T09:37:00-04:00	16.6400	16.8673	14492
2026-07-29T09:38:00-04:00	16.4100	16.8540	13952
2026-07-29T09:39:00-04:00	16.5120	16.8507	3335
2026-07-29T09:40:00-04:00	16.2200	16.8400	7414
2026-07-29T09:41:00-04:00	16.2600	16.8342	4029
2026-07-29T09:42:00-04:00	16.2850	16.8250	6745
2026-07-29T09:43:00-04:00	16.2750	16.7729	39840
2026-07-29T09:44:00-04:00	16.2900	16.7726	343
2026-07-29T09:45:00-04:00	16.2000	16.7666	4931
2026-07-29T09:46:00-04:00	15.9400	16.7378	18251
2026-07-29T09:47:00-04:00	16.1350	16.7220	11313
2026-07-29T09:48:00-04:00	16.1700	16.6650	50310
2026-07-29T09:49:00-04:00	16.4400	16.6530	21961
2026-07-29T09:50:00-04:00	16.2700	16.5778	172734
2026-07-29T09:51:00-04:00	16.3625	16.5731	13832
2026-07-29T09:52:00-04:00	16.0600	16.5316	64489
2026-07-29T09:53:00-04:00	16.0400	16.5285	5633
2026-07-29T09:54:00-04:00	16.1000	16.5279	1199
2026-07-29T09:55:00-04:00	16.1700	16.5063	44570
2026-07-29T09:56:00-04:00	16.3300	16.5025	13895
2026-07-29T09:57:00-04:00	16.2250	16.5017	2757
2026-07-29T09:58:00-04:00	16.2600	16.5014	1293
2026-07-29T09:59:00-04:00	16.3600	16.5004	4976
2026-07-29T10:00:00-04:00	16.3702	16.5001	2287
2026-07-29T10:01:00-04:00	16.3950	16.4988	9621
2026-07-29T10:02:00-04:00	16.4300	16.4985	3981
2026-07-29T10:03:00-04:00	16.4200	16.4976	12022
2026-07-29T10:04:00-04:00	16.4950	16.4975	6911
2026-07-29T10:05:00-04:00	16.6100	16.4977	4133
2026-07-29T10:06:00-04:00	16.5000	16.4980	6345
2026-07-29T10:07:00-04:00	16.5200	16.4966	41339
2026-07-29T10:08:00-04:00	16.4600	16.4945	40080
2026-07-29T10:09:00-04:00	16.5050	16.4948	34320
2026-07-29T10:10:00-04:00	16.4800	16.4943	17869
2026-07-29T10:11:00-04:00	16.5050	16.4943	6106
2026-07-29T10:12:00-04:00	16.5200	16.4947	39207
2026-07-29T10:13:00-04:00	16.5250	16.4948	5529
2026-07-29T10:14:00-04:00	16.4800	16.4941	39554
2026-07-29T10:15:00-04:00	16.5100	16.4942	11677
2026-07-29T10:16:00-04:00	16.5050	16.4942	1067
2026-07-29T10:17:00-04:00	16.4450	16.4926	39064
2026-07-29T10:18:00-04:00	16.4290	16.4914	31113
2026-07-29T10:19:00-04:00	16.3250	16.4906	6815
2026-07-29T10:20:00-04:00	16.3800	16.4888	18197
2026-07-29T10:21:00-04:00	16.4100	16.4886	3597
2026-07-29T10:22:00-04:00	16.3900	16.4883	2933
2026-07-29T10:23:00-04:00	16.3950	16.4882	1282
2026-07-29T10:24:00-04:00	16.2850	16.4874	6414
2026-07-29T10:25:00-04:00	16.0750	16.4769	37533
2026-07-29T10:26:00-04:00	16.0300	16.4730	11442
2026-07-29T10:27:00-04:00	16.0100	16.4707	7149
2026-07-29T10:28:00-04:00	16.0900	16.4691	5058
2026-07-29T10:29:00-04:00	16.1193	16.4675	5997
2026-07-29T10:30:00-04:00	16.0750	16.4669	2000
2026-07-29T10:31:00-04:00	16.0250	16.4653	4905
2026-07-29T10:32:00-04:00	16.0300	16.4627	7893
2026-07-29T10:33:00-04:00	16.0350	16.4606	6664
2026-07-29T10:34:00-04:00	16.0750	16.4552	18789
2026-07-29T10:35:00-04:00	16.0750	16.4542	3745
2026-07-29T10:36:00-04:00	16.1200	16.4527	6142
2026-07-29T10:37:00-04:00	16.0700	16.4513	5203
2026-07-29T10:38:00-04:00	16.0950	16.4503	4057
2026-07-29T10:39:00-04:00	16.0600	16.4494	3155
2026-07-29T10:40:00-04:00	16.0100	16.4450	14783
2026-07-29T10:41:00-04:00	16.0000	16.4335	39462
2026-07-29T10:42:00-04:00	15.9901	16.4281	18372
2026-07-29T10:43:00-04:00	15.9950	16.4218	22012
2026-07-29T10:44:00-04:00	16.0050	16.4204	5224
2026-07-29T10:45:00-04:00	15.9900	16.4188	5655
2026-07-29T10:46:00-04:00	15.9800	16.4161	9465
2026-07-29T10:47:00-04:00	16.0100	16.4136	9649
2026-07-29T10:48:00-04:00	15.9950	16.4127	3497
2026-07-29T10:49:00-04:00	15.9908	16.4097	11771
2026-07-29T10:50:00-04:00	16.0300	16.4070	10567
2026-07-29T10:51:00-04:00	16.0100	16.4052	7287
2026-07-29T10:52:00-04:00	16.0150	16.4035	6763
2026-07-29T10:53:00-04:00	16.1350	16.4013	11639
2026-07-29T10:54:00-04:00	16.1350	16.4007	3254
2026-07-29T10:55:00-04:00	16.0800	16.3995	6698
2026-07-29T10:56:00-04:00	16.0500	16.3987	3381
2026-07-29T10:57:00-04:00	16.0650	16.3950	17786
2026-07-29T10:58:00-04:00	16.0699	16.3939	5701
2026-07-29T10:59:00-04:00	16.0601	16.3936	1564
2026-07-29T11:00:00-04:00	16.1300	16.3902	20671
2026-07-29T11:01:00-04:00	16.1300	16.3893	4897
2026-07-29T11:02:00-04:00	16.0950	16.3878	8845
2026-07-29T11:03:00-04:00	16.0650	16.3860	9152
2026-07-29T11:04:00-04:00	16.0950	16.3824	20104
2026-07-29T11:05:00-04:00	16.0950	16.3804	11400
2026-07-29T11:06:00-04:00	16.1090	16.3801	1756
2026-07-29T11:07:00-04:00	16.1000	16.3801	350
2026-07-29T11:08:00-04:00	16.1000	16.3796	3173
2026-07-29T11:09:00-04:00	16.1000	16.3793	1643
2026-07-29T11:10:00-04:00	16.1000	16.3785	4559
2026-07-29T11:11:00-04:00	16.1000	16.3782	2105
2026-07-29T11:12:00-04:00	16.0950	16.3744	24253
2026-07-29T11:13:00-04:00	16.0900	16.3734	5790
2026-07-29T11:14:00-04:00	16.0300	16.3698	19610
2026-07-29T11:15:00-04:00	15.9850	16.3685	6137
2026-07-29T11:16:00-04:00	15.9000	16.3647	14888
2026-07-29T11:17:00-04:00	15.8700	16.3573	27559
2026-07-29T11:18:00-04:00	15.8676	16.3562	4212
2026-07-29T11:19:00-04:00	15.7550	16.3534	8937
2026-07-29T11:20:00-04:00	15.7550	16.3530	1012
2026-07-29T11:21:00-04:00	15.8300	16.3466	21142
2026-07-29T11:22:00-04:00	15.7900	16.3449	5725
2026-07-29T11:23:00-04:00	15.6700	16.3382	19918
2026-07-29T11:24:00-04:00	15.6900	16.3368	3838
2026-07-29T11:25:00-04:00	15.6500	16.3344	6633
2026-07-29T11:26:00-04:00	15.6200	16.3319	6712
2026-07-29T11:27:00-04:00	15.6090	16.3303	4163
2026-07-29T11:28:00-04:00	15.5710	16.3282	5413
2026-07-29T11:29:00-04:00	15.5750	16.3274	1850
2026-07-29T11:30:00-04:00	15.5650	16.3213	15715
2026-07-29T11:31:00-04:00	15.6150	16.3202	2727
2026-07-29T11:32:00-04:00	15.5964	16.3184	5016
2026-07-29T11:33:00-04:00	15.5950	16.3167	4336
2026-07-29T11:34:00-04:00	15.5500	16.3148	4973
2026-07-29T11:35:00-04:00	15.4850	16.3061	20375
2026-07-29T11:36:00-04:00	15.3801	16.2947	25593
2026-07-29T11:37:00-04:00	15.3677	16.2901	9665
2026-07-29T11:38:00-04:00	15.3200	16.2743	32606
2026-07-29T11:39:00-04:00	15.2850	16.2710	6583
2026-07-29T11:40:00-04:00	15.3036	16.2670	8488
2026-07-29T11:41:00-04:00	15.2750	16.2663	1327
2026-07-29T11:42:00-04:00	15.2900	16.2553	22921
2026-07-29T11:43:00-04:00	15.2800	16.2537	3580
2026-07-29T11:44:00-04:00	15.2950	16.2512	5285
2026-07-29T11:45:00-04:00	15.3150	16.2481	6974
2026-07-29T11:46:00-04:00	15.3250	16.2449	7253
2026-07-29T11:47:00-04:00	15.3250	16.2439	2083
2026-07-29T11:48:00-04:00	15.3450	16.2363	17979
2026-07-29T11:49:00-04:00	15.3450	16.2350	2899
2026-07-29T11:50:00-04:00	15.3400	16.2328	5390
2026-07-29T11:51:00-04:00	15.3450	16.2278	12000
2026-07-29T11:52:00-04:00	15.3500	16.2266	2845
2026-07-29T11:54:00-04:00	15.3600	16.2251	3790
2026-07-29T11:55:00-04:00	15.3600	16.2232	4497
2026-07-29T11:56:00-04:00	15.3601	16.2227	1353
2026-07-29T11:57:00-04:00	15.3650	16.2220	1800
2026-07-29T11:58:00-04:00	15.2150	16.2145	16646
2026-07-29T11:59:00-04:00	15.1650	16.2051	19443
2026-07-29T12:00:00-04:00	15.1550	16.2034	3515
2026-07-29T12:01:00-04:00	15.0700	16.1942	17908
2026-07-29T12:02:00-04:00	15.0800	16.1923	3669
2026-07-29T12:03:00-04:00	15.0693	16.1887	7063
2026-07-29T12:04:00-04:00	15.0100	16.1829	11006
2026-07-29T12:05:00-04:00	14.9400	16.1432	72451
2026-07-29T12:06:00-04:00	14.9896	16.1385	9327
