timestamp_et	close	running_vwap	volume
2026-07-31T09:30:00-04:00	15.3450	15.3667	11287
2026-07-31T09:31:00-04:00	15.5300	15.4054	5070
2026-07-31T09:32:00-04:00	15.6606	15.4262	2425
2026-07-31T09:34:00-04:00	15.5550	15.4558	4313
2026-07-31T09:35:00-04:00	15.4600	15.4928	27945
2026-07-31T09:36:00-04:00	15.3000	15.4834	3774
2026-07-31T09:37:00-04:00	15.1800	15.4569	6217
2026-07-31T09:38:00-04:00	15.1900	15.4443	3185
2026-07-31T09:39:00-04:00	15.4000	15.4330	8290
2026-07-31T09:40:00-04:00	15.4400	15.4304	5072
2026-07-31T09:41:00-04:00	15.4400	15.4310	1495
2026-07-31T09:43:00-04:00	15.4300	15.4310	615
2026-07-31T09:44:00-04:00	15.2416	15.4293	1240
2026-07-31T09:45:00-04:00	15.3950	15.4292	443
2026-07-31T09:46:00-04:00	15.3950	15.4284	1721
2026-07-31T09:47:00-04:00	15.3850	15.4256	6233
2026-07-31T09:48:00-04:00	15.3169	15.4211	4994
2026-07-31T09:49:00-04:00	15.3000	15.4185	1977
2026-07-31T09:50:00-04:00	15.3600	15.4086	12365
2026-07-31T09:51:00-04:00	15.2900	15.4079	596
2026-07-31T09:52:00-04:00	15.2000	15.4054	1534
2026-07-31T09:53:00-04:00	15.1900	15.3867	10978
2026-07-31T09:54:00-04:00	15.2400	15.3850	1410
2026-07-31T09:56:00-04:00	15.1400	15.3840	505
2026-07-31T09:58:00-04:00	15.2300	15.3770	4881
2026-07-31T10:00:00-04:00	15.0700	15.3684	4700
2026-07-31T10:01:00-04:00	15.0650	15.3556	5396
2026-07-31T10:02:00-04:00	15.1250	15.3462	5432
2026-07-31T10:04:00-04:00	15.1200	15.3445	955
2026-07-31T10:05:00-04:00	15.1150	15.3403	2777
2026-07-31T10:06:00-04:00	14.9950	15.3203	10019
2026-07-31T10:07:00-04:00	14.9600	15.2946	12475
2026-07-31T10:08:00-04:00	14.9500	15.2815	7114
2026-07-31T10:09:00-04:00	14.8100	15.2489	15519
2026-07-31T10:10:00-04:00	14.8450	15.2476	605
2026-07-31T10:11:00-04:00	14.7900	15.2439	1517
2026-07-31T10:12:00-04:00	14.8400	15.2369	3289
2026-07-31T10:13:00-04:00	14.7300	15.2263	4469
2026-07-31T10:14:00-04:00	14.7450	15.2223	1668
2026-07-31T10:15:00-04:00	14.7500	15.2198	1083
2026-07-31T10:16:00-04:00	14.7750	15.2038	7227
2026-07-31T10:17:00-04:00	14.8100	15.2016	1186
2026-07-31T10:18:00-04:00	14.8100	15.1997	1048
2026-07-31T10:19:00-04:00	14.8300	15.1296	52648
2026-07-31T10:20:00-04:00	14.9600	15.1207	12515
2026-07-31T10:21:00-04:00	14.9300	15.1197	1471
2026-07-31T10:22:00-04:00	14.9150	15.1166	4223
2026-07-31T10:23:00-04:00	14.8550	15.1147	2214
2026-07-31T10:24:00-04:00	14.7700	15.1111	3319
2026-07-31T10:25:00-04:00	14.8400	15.1042	7161
2026-07-31T10:26:00-04:00	14.7650	15.1015	2521
2026-07-31T10:27:00-04:00	14.8000	15.0987	2648
2026-07-31T10:28:00-04:00	14.7900	15.0981	603
2026-07-31T10:29:00-04:00	14.8000	15.0977	328
2026-07-31T10:30:00-04:00	14.8200	15.0971	672
2026-07-31T10:31:00-04:00	14.9000	15.0963	1153
2026-07-31T10:32:00-04:00	14.8750	15.0958	750
2026-07-31T10:34:00-04:00	14.7950	15.0909	5075
2026-07-31T10:35:00-04:00	14.8300	15.0875	4115
2026-07-31T10:36:00-04:00	14.8800	15.0874	187
2026-07-31T10:37:00-04:00	14.8650	15.0871	363
2026-07-31T10:38:00-04:00	14.8999	15.0870	129
2026-07-31T10:39:00-04:00	14.8700	15.0867	499
2026-07-31T10:40:00-04:00	14.9250	15.0860	1324
2026-07-31T10:41:00-04:00	14.9200	15.0854	1089
2026-07-31T10:42:00-04:00	14.8700	15.0828	3852
2026-07-31T10:45:00-04:00	14.8750	15.0825	492
2026-07-31T10:46:00-04:00	14.9100	15.0812	2259
2026-07-31T10:47:00-04:00	14.8950	15.0810	414
2026-07-31T10:48:00-04:00	14.8950	15.0809	163
2026-07-31T10:49:00-04:00	14.9000	15.0807	363
2026-07-31T10:50:00-04:00	14.9200	15.0804	582
2026-07-31T10:51:00-04:00	14.8800	15.0791	2374
2026-07-31T10:52:00-04:00	14.9000	15.0788	455
2026-07-31T10:53:00-04:00	14.8400	15.0778	1441
2026-07-31T10:54:00-04:00	14.8433	15.0763	2101
2026-07-31T10:55:00-04:00	14.8500	15.0753	1634
2026-07-31T10:56:00-04:00	14.8750	15.0733	3381
2026-07-31T10:57:00-04:00	14.8750	15.0730	541
2026-07-31T10:58:00-04:00	14.8750	15.0721	1345
2026-07-31T10:59:00-04:00	14.8800	15.0712	1649
2026-07-31T11:00:00-04:00	14.8850	15.0708	862
2026-07-31T11:01:00-04:00	14.9500	15.0690	4241
2026-07-31T11:02:00-04:00	14.9000	15.0688	331
2026-07-31T11:03:00-04:00	14.9000	15.0681	1472
2026-07-31T11:04:00-04:00	14.9350	15.0676	1402
2026-07-31T11:05:00-04:00	15.0250	15.0670	4610
2026-07-31T11:06:00-04:00	15.0200	15.0669	607
2026-07-31T11:07:00-04:00	15.0200	15.0669	126
2026-07-31T11:08:00-04:00	15.0100	15.0665	2327
2026-07-31T11:09:00-04:00	15.0100	15.0657	4238
2026-07-31T11:10:00-04:00	15.0200	15.0653	3107
2026-07-31T11:11:00-04:00	14.9250	15.0643	3280
2026-07-31T11:12:00-04:00	14.8800	15.0618	5604
2026-07-31T11:13:00-04:00	14.8600	15.0607	1950
2026-07-31T11:15:00-04:00	14.9150	15.0599	2046
2026-07-31T11:16:00-04:00	14.9599	15.0593	1535
2026-07-31T11:17:00-04:00	14.9150	15.0587	1684
2026-07-31T11:18:00-04:00	14.8700	15.0579	1494
2026-07-31T11:19:00-04:00	14.8750	15.0577	375
2026-07-31T11:20:00-04:00	14.8500	15.0575	468
2026-07-31T11:21:00-04:00	14.8450	15.0562	2539
2026-07-31T11:22:00-04:00	14.8400	15.0546	2637
2026-07-31T11:23:00-04:00	14.8200	15.0537	1655
2026-07-31T11:25:00-04:00	14.7700	15.0512	3616
2026-07-31T11:26:00-04:00	14.7400	15.0484	3793
2026-07-31T11:27:00-04:00	14.7600	15.0465	2527
2026-07-31T11:28:00-04:00	14.7550	15.0463	332
2026-07-31T11:29:00-04:00	14.7800	15.0450	1942
2026-07-31T11:30:00-04:00	14.7800	15.0441	1265
2026-07-31T11:31:00-04:00	14.7350	15.0423	2510
2026-07-31T11:32:00-04:00	14.7200	15.0417	853
2026-07-31T11:33:00-04:00	14.7350	15.0412	602
2026-07-31T11:34:00-04:00	14.7500	15.0394	2504
2026-07-31T11:35:00-04:00	14.7800	15.0385	1355
2026-07-31T11:36:00-04:00	14.7850	15.0379	1046
2026-07-31T11:37:00-04:00	14.7750	15.0372	1052
2026-07-31T11:38:00-04:00	14.7950	15.0364	1525
2026-07-31T11:40:00-04:00	14.7900	15.0358	916
2026-07-31T11:41:00-04:00	14.7300	15.0337	2974
2026-07-31T11:42:00-04:00	14.7300	15.0328	1150
2026-07-31T11:43:00-04:00	14.7300	15.0325	441
2026-07-31T11:44:00-04:00	14.7800	15.0312	2171
2026-07-31T11:45:00-04:00	14.7800	15.0303	1377
2026-07-31T11:47:00-04:00	14.7400	15.0290	1945
2026-07-31T11:48:00-04:00	14.7400	15.0281	1402
2026-07-31T11:49:00-04:00	14.7463	15.0270	1601
2026-07-31T11:50:00-04:00	14.7700	15.0263	1047
2026-07-31T11:51:00-04:00	14.7550	15.0259	757
2026-07-31T11:52:00-04:00	14.7900	15.0252	1184
2026-07-31T11:53:00-04:00	14.7518	15.0244	1339
2026-07-31T11:54:00-04:00	14.8000	15.0240	772
2026-07-31T11:55:00-04:00	14.8400	15.0233	1748
2026-07-31T11:56:00-04:00	14.8500	15.0230	763
2026-07-31T11:57:00-04:00	14.8750	15.0216	3700
2026-07-31T11:58:00-04:00	14.8750	15.0211	1490
2026-07-31T11:59:00-04:00	14.9700	15.0176	19530
2026-07-31T12:00:00-04:00	15.0200	15.0173	7996
2026-07-31T12:01:00-04:00	15.1000	15.0199	20396
2026-07-31T12:02:00-04:00	14.9850	15.0199	6409
2026-07-31T12:03:00-04:00	15.0100	15.0198	5052
2026-07-31T12:04:00-04:00	15.0400	15.0198	2092
2026-07-31T12:05:00-04:00	14.9900	15.0197	3462
2026-07-31T12:06:00-04:00	14.9000	15.0194	1647
2026-07-31T12:07:00-04:00	14.8750	15.0190	1521
2026-07-31T12:08:00-04:00	14.8300	15.0186	1109
2026-07-31T12:09:00-04:00	14.8700	15.0183	900
2026-07-31T12:10:00-04:00	14.9500	15.0174	4534
2026-07-31T12:11:00-04:00	14.9200	15.0173	585
2026-07-31T12:12:00-04:00	14.9499	15.0171	1276
2026-07-31T12:13:00-04:00	14.8900	15.0168	1261
2026-07-31T12:14:00-04:00	14.9050	15.0166	916
2026-07-31T12:15:00-04:00	14.8950	15.0164	1177
2026-07-31T12:16:00-04:00	14.8700	15.0158	2087
2026-07-31T12:17:00-04:00	14.8900	15.0157	316
2026-07-31T12:18:00-04:00	14.8900	15.0151	2539
2026-07-31T12:19:00-04:00	14.8900	15.0150	287
2026-07-31T12:20:00-04:00	14.8850	15.0147	1177
2026-07-31T12:21:00-04:00	14.9000	15.0147	231
2026-07-31T12:22:00-04:00	14.8900	15.0139	3609
2026-07-31T12:23:00-04:00	14.8950	15.0139	210
2026-07-31T12:24:00-04:00	14.9150	15.0135	1855
2026-07-31T12:25:00-04:00	14.8700	15.0131	1896
2026-07-31T12:26:00-04:00	14.8500	15.0129	536
2026-07-31T12:27:00-04:00	14.8800	15.0118	4165
2026-07-31T12:28:00-04:00	14.8700	15.0115	1346
2026-07-31T12:30:00-04:00	14.9350	15.0106	5519
2026-07-31T12:31:00-04:00	14.9350	15.0104	1091
2026-07-31T12:32:00-04:00	14.9400	15.0101	1939
2026-07-31T12:33:00-04:00	14.9350	15.0101	469
2026-07-31T12:34:00-04:00	14.9000	15.0099	1054
2026-07-31T12:35:00-04:00	14.8900	15.0097	1026
2026-07-31T12:36:00-04:00	14.8800	15.0096	213
2026-07-31T12:37:00-04:00	14.9000	15.0094	1379
2026-07-31T12:38:00-04:00	14.8800	15.0091	861
2026-07-31T12:39:00-04:00	14.8800	15.0086	2482
2026-07-31T12:41:00-04:00	14.9000	15.0077	4996
2026-07-31T12:42:00-04:00	14.9000	15.0076	691
2026-07-31T12:43:00-04:00	14.9000	15.0074	1047
2026-07-31T12:44:00-04:00	14.9100	15.0071	1824
2026-07-31T12:45:00-04:00	15.0600	15.0071	4789
2026-07-31T12:46:00-04:00	15.0500	15.0071	307
2026-07-31T12:47:00-04:00	15.0500	15.0071	436
2026-07-31T12:48:00-04:00	15.0800	15.0072	393
2026-07-31T12:49:00-04:00	15.0450	15.0074	3050
2026-07-31T12:50:00-04:00	15.0500	15.0075	1448
2026-07-31T12:51:00-04:00	15.0600	15.0080	4712
2026-07-31T12:52:00-04:00	15.1000	15.0082	1696
2026-07-31T12:53:00-04:00	15.1050	15.0083	242
2026-07-31T12:54:00-04:00	15.0700	15.0086	2776
2026-07-31T12:55:00-04:00	15.1000	15.0088	1236
2026-07-31T12:56:00-04:00	15.1050	15.0089	589
2026-07-31T12:57:00-04:00	15.1050	15.0090	737
2026-07-31T12:58:00-04:00	15.1000	15.0093	2070
2026-07-31T12:59:00-04:00	15.0700	15.0097	3360
2026-07-31T13:00:00-04:00	15.0800	15.0100	3433
2026-07-31T13:01:00-04:00	15.0900	15.0102	905
2026-07-31T13:02:00-04:00	15.0700	15.0102	238
2026-07-31T13:03:00-04:00	15.0700	15.0102	568
2026-07-31T13:04:00-04:00	15.0650	15.0103	790
2026-07-31T13:05:00-04:00	15.1000	15.0108	3900
2026-07-31T13:06:00-04:00	15.1100	15.0110	1119
2026-07-31T13:07:00-04:00	15.1500	15.0113	1090
2026-07-31T13:08:00-04:00	15.1100	15.0113	380
2026-07-31T13:09:00-04:00	15.0100	15.0116	4865
2026-07-31T13:10:00-04:00	15.0100	15.0116	1024
2026-07-31T13:11:00-04:00	15.0000	15.0116	2302
2026-07-31T13:14:00-04:00	15.0050	15.0116	1446
2026-07-31T13:15:00-04:00	15.0450	15.0116	2855
2026-07-31T13:16:00-04:00	15.0400	15.0117	512
2026-07-31T13:17:00-04:00	15.0300	15.0118	2690
2026-07-31T13:18:00-04:00	15.0200	15.0118	2058
2026-07-31T13:19:00-04:00	15.0200	15.0119	2083
2026-07-31T13:20:00-04:00	15.0300	15.0119	1204
2026-07-31T13:21:00-04:00	15.0300	15.0119	2145
2026-07-31T13:22:00-04:00	14.9650	15.0117	4497
2026-07-31T13:23:00-04:00	14.9900	15.0116	3123
2026-07-31T13:24:00-04:00	15.0100	15.0116	1449
2026-07-31T13:26:00-04:00	15.0500	15.0117	1899
2026-07-31T13:27:00-04:00	15.0800	15.0121	6276
2026-07-31T13:28:00-04:00	15.0550	15.0122	1392
2026-07-31T13:29:00-04:00	15.0550	15.0122	365
2026-07-31T13:30:00-04:00	15.0300	15.0123	1126
2026-07-31T13:31:00-04:00	15.0200	15.0124	3518
2026-07-31T13:32:00-04:00	15.0400	15.0124	909
2026-07-31T13:33:00-04:00	15.0700	15.0126	2258
2026-07-31T13:34:00-04:00	15.0600	15.0127	985
2026-07-31T13:35:00-04:00	15.0800	15.0128	553
2026-07-31T13:36:00-04:00	15.0800	15.0128	840
2026-07-31T13:37:00-04:00	15.0600	15.0131	4181
2026-07-31T13:38:00-04:00	15.0500	15.0132	1183
2026-07-31T13:39:00-04:00	15.0450	15.0134	5324
2026-07-31T13:41:00-04:00	15.0700	15.0135	2414
2026-07-31T13:42:00-04:00	15.0500	15.0137	2347
2026-07-31T13:43:00-04:00	15.0450	15.0137	302
2026-07-31T13:44:00-04:00	15.0550	15.0137	528
2026-07-31T13:45:00-04:00	15.0650	15.0139	1732
2026-07-31T13:46:00-04:00	15.0850	15.0142	2966
2026-07-31T13:47:00-04:00	15.0900	15.0142	780
2026-07-31T13:48:00-04:00	15.0550	15.0145	3467
2026-07-31T13:49:00-04:00	15.0400	15.0146	958
2026-07-31T13:50:00-04:00	15.0200	15.0146	728
2026-07-31T13:51:00-04:00	15.0600	15.0147	2142
2026-07-31T13:52:00-04:00	15.0500	15.0147	263
2026-07-31T13:53:00-04:00	15.0500	15.0147	343
2026-07-31T13:54:00-04:00	15.0800	15.0149	1726
2026-07-31T13:55:00-04:00	15.0800	15.0149	334
2026-07-31T13:56:00-04:00	15.0800	15.0150	544
2026-07-31T13:57:00-04:00	15.0500	15.0151	2289
2026-07-31T13:58:00-04:00	15.0400	15.0152	2064
2026-07-31T13:59:00-04:00	15.0300	15.0153	1262
2026-07-31T14:00:00-04:00	15.0200	15.0153	1071
2026-07-31T14:01:00-04:00	15.0200	15.0153	902
2026-07-31T14:02:00-04:00	15.0100	15.0153	1326
2026-07-31T14:03:00-04:00	15.0150	15.0153	1383
2026-07-31T14:04:00-04:00	14.9900	15.0153	795
2026-07-31T14:05:00-04:00	14.9900	15.0152	799
2026-07-31T14:06:00-04:00	15.0050	15.0152	3251
2026-07-31T14:07:00-04:00	15.0100	15.0152	817
2026-07-31T14:08:00-04:00	15.0100	15.0152	489
2026-07-31T14:09:00-04:00	15.0100	15.0151	2515
2026-07-31T14:10:00-04:00	14.9800	15.0151	1763
2026-07-31T14:11:00-04:00	14.9750	15.0149	3699
2026-07-31T14:12:00-04:00	14.9850	15.0148	959
2026-07-31T14:13:00-04:00	14.9700	15.0148	946
2026-07-31T14:14:00-04:00	14.9600	15.0147	348
2026-07-31T14:15:00-04:00	14.9600	15.0147	1148
2026-07-31T14:16:00-04:00	14.9650	15.0146	803
2026-07-31T14:17:00-04:00	14.9800	15.0145	1365
2026-07-31T14:18:00-04:00	15.0000	15.0145	1459
2026-07-31T14:19:00-04:00	14.9900	15.0144	3820
2026-07-31T14:20:00-04:00	14.9900	15.0144	419
2026-07-31T14:21:00-04:00	14.9900	15.0144	309
2026-07-31T14:22:00-04:00	14.9800	15.0143	1665
2026-07-31T14:23:00-04:00	14.9700	15.0142	1126
2026-07-31T14:24:00-04:00	14.9900	15.0142	673
2026-07-31T14:25:00-04:00	14.9700	15.0141	1554
2026-07-31T14:26:00-04:00	15.0000	15.0140	2890
2026-07-31T14:27:00-04:00	15.0000	15.0140	341
2026-07-31T14:28:00-04:00	15.0000	15.0140	2752
2026-07-31T14:29:00-04:00	15.0200	15.0140	2759
2026-07-31T14:31:00-04:00	15.0200	15.0140	129
2026-07-31T14:32:00-04:00	15.0200	15.0140	589
2026-07-31T14:33:00-04:00	15.0100	15.0140	1717
2026-07-31T14:34:00-04:00	15.0100	15.0140	179
2026-07-31T14:35:00-04:00	14.9900	15.0140	2540
2026-07-31T14:36:00-04:00	15.0000	15.0139	1740
2026-07-31T14:37:00-04:00	15.0000	15.0139	519
2026-07-31T14:38:00-04:00	15.0100	15.0139	2587
2026-07-31T14:39:00-04:00	15.0100	15.0139	337
2026-07-31T14:40:00-04:00	14.9800	15.0137	4452
2026-07-31T14:41:00-04:00	15.0000	15.0137	1831
2026-07-31T14:42:00-04:00	14.9900	15.0137	807
2026-07-31T14:44:00-04:00	14.9750	15.0136	1504
2026-07-31T14:45:00-04:00	15.0000	15.0135	2771
2026-07-31T14:46:00-04:00	14.9800	15.0135	2191
2026-07-31T14:47:00-04:00	14.9700	15.0134	1077
2026-07-31T14:48:00-04:00	14.9700	15.0133	1210
2026-07-31T14:49:00-04:00	14.9800	15.0133	1024
2026-07-31T14:50:00-04:00	15.0000	15.0132	1622
2026-07-31T14:51:00-04:00	15.0600	15.0138	14924
2026-07-31T14:52:00-04:00	15.1350	15.0200	42836
2026-07-31T14:53:00-04:00	14.9900	15.0222	58617
2026-07-31T14:54:00-04:00	14.9500	15.0215	8467
2026-07-31T14:55:00-04:00	14.8500	15.0206	6086
2026-07-31T14:56:00-04:00	14.9000	15.0201	3774
2026-07-31T14:57:00-04:00	14.8800	15.0197	2454
2026-07-31T14:58:00-04:00	14.9062	15.0193	2259
2026-07-31T14:59:00-04:00	14.9000	15.0188	3913
2026-07-31T15:00:00-04:00	14.9250	15.0183	4725
2026-07-31T15:01:00-04:00	14.9100	15.0179	3820
2026-07-31T15:02:00-04:00	14.8900	15.0173	4588
2026-07-31T15:03:00-04:00	14.8800	15.0170	1911
2026-07-31T15:04:00-04:00	14.8800	15.0167	2009
2026-07-31T15:05:00-04:00	14.9100	15.0159	6914
2026-07-31T15:06:00-04:00	14.8700	15.0154	3491
2026-07-31T15:07:00-04:00	14.8200	15.0147	3521
2026-07-31T15:08:00-04:00	14.8200	15.0142	2400
2026-07-31T15:09:00-04:00	14.8500	15.0140	1586
2026-07-31T15:10:00-04:00	14.8200	15.0082	29634
2026-07-31T15:11:00-04:00	14.8400	15.0081	984
2026-07-31T15:12:00-04:00	14.8700	15.0071	5903
2026-07-31T15:13:00-04:00	14.8700	15.0066	3655
2026-07-31T15:15:00-04:00	14.8600	15.0062	2786
2026-07-31T15:16:00-04:00	14.8036	15.0053	5316
2026-07-31T15:17:00-04:00	14.8100	15.0048	2246
2026-07-31T15:18:00-04:00	14.8250	15.0039	5286
2026-07-31T15:19:00-04:00	14.8250	15.0038	379
2026-07-31T15:20:00-04:00	14.8800	15.0023	10939
2026-07-31T15:21:00-04:00	14.9100	15.0021	1366
2026-07-31T15:22:00-04:00	14.9050	15.0020	1537
2026-07-31T15:23:00-04:00	14.8700	15.0018	1790
2026-07-31T15:24:00-04:00	14.8800	15.0015	2350
2026-07-31T15:25:00-04:00	14.8800	15.0009	4964
2026-07-31T15:26:00-04:00	14.8350	15.0003	4374
2026-07-31T15:27:00-04:00	14.8350	14.9993	6552
2026-07-31T15:28:00-04:00	14.8600	14.9990	2171
2026-07-31T15:29:00-04:00	14.8300	14.9985	3008
2026-07-31T15:30:00-04:00	14.8000	14.9976	5158
2026-07-31T15:31:00-04:00	14.7150	14.9967	3475
2026-07-31T15:32:00-04:00	14.7350	14.9950	6730
2026-07-31T15:33:00-04:00	14.7200	14.9946	1585
2026-07-31T15:34:00-04:00	14.7200	14.9918	10639
2026-07-31T15:35:00-04:00	14.7450	14.9912	2562
2026-07-31T15:36:00-04:00	14.7400	14.9903	3964
2026-07-31T15:37:00-04:00	14.7700	14.9894	4237
2026-07-31T15:38:00-04:00	14.7700	14.9890	1982
2026-07-31T15:39:00-04:00	14.7550	14.9887	1675
2026-07-31T15:40:00-04:00	14.7700	14.9874	6271
2026-07-31T15:41:00-04:00	14.7799	14.9866	4037
2026-07-31T15:42:00-04:00	14.7000	14.9856	4227
2026-07-31T15:43:00-04:00	14.7700	14.9847	4391
2026-07-31T15:44:00-04:00	14.7550	14.9840	3135
2026-07-31T15:45:00-04:00	14.7650	14.9830	5008
2026-07-31T15:46:00-04:00	14.7650	14.9827	1899
2026-07-31T15:47:00-04:00	14.7500	14.9818	4288
2026-07-31T15:48:00-04:00	14.7250	14.9800	8137
2026-07-31T15:49:00-04:00	14.7700	14.9791	4305
2026-07-31T15:50:00-04:00	14.8050	14.9781	7392
2026-07-31T15:51:00-04:00	14.8200	14.9779	1502
2026-07-31T15:52:00-04:00	14.8400	14.9772	6022
2026-07-31T15:53:00-04:00	14.8600	14.9766	5802
2026-07-31T15:54:00-04:00	14.8400	14.9751	14365
2026-07-31T15:55:00-04:00	14.8300	14.9747	3124
2026-07-31T15:56:00-04:00	14.7920	14.9734	9453
2026-07-31T15:57:00-04:00	14.7350	14.9710	12681
2026-07-31T15:58:00-04:00	14.7700	14.9665	24761
2026-07-31T15:59:00-04:00	14.7500	14.9601	35979
2026-08-03T09:30:00-04:00	14.5700	14.5567	23108
2026-08-03T09:31:00-04:00	14.5700	14.5573	1119
2026-08-03T09:32:00-04:00	14.5700	14.5564	2985
2026-08-03T09:33:00-04:00	14.6000	14.5600	2424
2026-08-03T09:34:00-04:00	14.7328	14.5671	1192
2026-08-03T09:35:00-04:00	14.7500	14.5726	917
2026-08-03T09:36:00-04:00	15.0000	14.6205	4572
2026-08-03T09:37:00-04:00	14.9600	14.6479	3250
2026-08-03T09:38:00-04:00	14.8000	14.6548	1372
2026-08-03T09:39:00-04:00	14.7500	14.6563	576
2026-08-03T09:40:00-04:00	14.6750	14.6567	1919
2026-08-03T09:41:00-04:00	14.7800	14.6606	2591
2026-08-03T09:42:00-04:00	14.7000	14.6610	642
2026-08-03T09:43:00-04:00	14.5800	14.6596	1003
2026-08-03T09:44:00-04:00	14.6300	14.6577	1602
2026-08-03T09:45:00-04:00	14.6450	14.6569	1218
2026-08-03T09:46:00-04:00	14.5500	14.6550	1220
2026-08-03T09:47:00-04:00	14.5500	14.6535	748
2026-08-03T09:48:00-04:00	14.4850	14.6467	2077
2026-08-03T09:49:00-04:00	14.5500	14.6381	3526
2026-08-03T09:50:00-04:00	14.6100	14.6368	1660
2026-08-03T09:51:00-04:00	14.7000	14.6374	929
2026-08-03T09:52:00-04:00	14.7500	14.6405	1880
2026-08-03T09:53:00-04:00	14.7600	14.6441	1946
2026-08-03T09:54:00-04:00	14.7664	14.6484	2139
2026-08-03T09:55:00-04:00	14.8900	14.6553	2205
2026-08-03T09:56:00-04:00	14.9200	14.6689	4051
2026-08-03T09:57:00-04:00	14.9000	14.6831	4796
2026-08-03T09:58:00-04:00	14.9199	14.6987	6201
2026-08-03T09:59:00-04:00	14.8900	14.7009	1000
2026-08-03T10:00:00-04:00	14.8800	14.7068	2866
2026-08-03T10:01:00-04:00	14.8400	14.7088	1268
2026-08-03T10:02:00-04:00	14.8600	14.7094	351
2026-08-03T10:03:00-04:00	14.8000	14.7109	1252
2026-08-03T10:04:00-04:00	14.8000	14.7119	1109
2026-08-03T10:05:00-04:00	14.8599	14.7157	2897
2026-08-03T10:06:00-04:00	14.8700	14.7179	1521
2026-08-03T10:07:00-04:00	14.8300	14.7202	1742
2026-08-03T10:08:00-04:00	14.7850	14.7219	2232
2026-08-03T10:09:00-04:00	14.8400	14.7242	2221
2026-08-03T10:10:00-04:00	14.8700	14.7245	213
2026-08-03T10:11:00-04:00	14.9000	14.7324	5045
2026-08-03T10:13:00-04:00	14.9350	14.7341	934
2026-08-03T10:14:00-04:00	14.9100	14.7364	1370
2026-08-03T10:15:00-04:00	14.8750	14.7409	3765
2026-08-03T10:16:00-04:00	14.9400	14.7491	5140
2026-08-03T10:17:00-04:00	15.0000	14.7523	1574
2026-08-03T10:18:00-04:00	14.9950	14.7589	3512
2026-08-03T10:19:00-04:00	14.9500	14.7624	2138
2026-08-03T10:20:00-04:00	14.9450	14.7636	880
2026-08-03T10:21:00-04:00	14.9150	14.7653	1384
2026-08-03T10:22:00-04:00	14.9200	14.7666	1079
2026-08-03T10:23:00-04:00	15.0000	14.7832	10544
2026-08-03T10:24:00-04:00	15.0200	14.7860	1760
2026-08-03T10:25:00-04:00	15.0500	14.7972	6453
2026-08-03T10:26:00-04:00	15.0300	14.7990	1179
2026-08-03T10:27:00-04:00	15.0270	14.8013	1442
2026-08-03T10:28:00-04:00	15.0000	14.8040	1968
2026-08-03T10:29:00-04:00	15.0350	14.8097	3640
2026-08-03T10:30:00-04:00	15.0000	14.8124	2091
2026-08-03T10:31:00-04:00	15.0300	14.8191	5055
2026-08-03T10:32:00-04:00	15.0450	14.8193	125
2026-08-03T10:33:00-04:00	14.9800	14.8240	4500
2026-08-03T10:34:00-04:00	14.9800	14.8273	3503
2026-08-03T10:35:00-04:00	15.0000	14.8290	1824
2026-08-03T10:36:00-04:00	15.0000	14.8320	3364
2026-08-03T10:37:00-04:00	15.0200	14.8325	497
2026-08-03T10:38:00-04:00	14.9150	14.8348	3498
2026-08-03T10:39:00-04:00	14.9500	14.8358	1746
2026-08-03T10:40:00-04:00	14.9500	14.8364	1008
2026-08-03T10:41:00-04:00	14.9700	14.8377	1716
2026-08-03T10:42:00-04:00	14.9750	14.8395	2480
2026-08-03T10:43:00-04:00	14.9800	14.8403	1055
2026-08-03T10:44:00-04:00	14.9800	14.8437	4862
2026-08-03T10:45:00-04:00	14.9160	14.8456	4052
2026-08-03T10:46:00-04:00	14.9500	14.8464	1854
2026-08-03T10:47:00-04:00	14.9850	14.8494	4538
2026-08-03T10:48:00-04:00	15.0050	14.8520	3484
2026-08-03T10:49:00-04:00	14.9900	14.8530	1460
2026-08-03T10:50:00-04:00	14.9800	14.8538	1279
2026-08-03T10:51:00-04:00	14.9500	14.8546	1611
2026-08-03T10:52:00-04:00	14.9000	14.8550	1727
2026-08-03T10:53:00-04:00	14.9550	14.8593	10657
2026-08-03T10:54:00-04:00	15.0100	14.8627	5071
2026-08-03T10:55:00-04:00	15.0000	14.8629	402
2026-08-03T10:56:00-04:00	14.9700	14.8645	3171
2026-08-03T10:57:00-04:00	14.9800	14.8648	742
2026-08-03T10:58:00-04:00	14.9400	14.8653	1268
2026-08-03T10:59:00-04:00	14.9200	14.8658	1866
2026-08-03T11:00:00-04:00	14.9900	14.8676	4080
2026-08-03T11:01:00-04:00	14.9900	14.8683	1348
2026-08-03T11:02:00-04:00	14.9700	14.8690	1547
2026-08-03T11:03:00-04:00	14.9500	14.8692	809
2026-08-03T11:04:00-04:00	14.9500	14.8699	1944
2026-08-03T11:05:00-04:00	14.9500	14.8710	3180
2026-08-03T11:06:00-04:00	14.9700	14.8714	1013
2026-08-03T11:07:00-04:00	14.9800	14.8731	4575
2026-08-03T11:08:00-04:00	14.9450	14.8742	3691
2026-08-03T11:09:00-04:00	14.9400	14.8748	2330
2026-08-03T11:10:00-04:00	14.9500	14.8755	2638
2026-08-03T11:11:00-04:00	14.9650	14.8763	2574
2026-08-03T11:12:00-04:00	14.9600	14.8774	3732
2026-08-03T11:13:00-04:00	14.9600	14.8776	613
2026-08-03T11:14:00-04:00	15.0000	14.8798	5445
2026-08-03T11:15:00-04:00	14.9850	14.8806	1933
2026-08-03T11:16:00-04:00	15.0100	14.8823	4022
2026-08-03T11:17:00-04:00	15.0150	14.8827	971
2026-08-03T11:19:00-04:00	15.0200	14.8837	1992
2026-08-03T11:20:00-04:00	15.0600	14.8864	5025
2026-08-03T11:21:00-04:00	15.0800	14.8905	6568
2026-08-03T11:22:00-04:00	15.0600	14.8919	2389
2026-08-03T11:23:00-04:00	15.0100	14.8928	2275
2026-08-03T11:24:00-04:00	14.9800	14.8930	560
2026-08-03T11:25:00-04:00	14.9700	14.8936	2342
2026-08-03T11:26:00-04:00	14.9600	14.8939	1162
2026-08-03T11:27:00-04:00	14.9800	14.8941	738
2026-08-03T11:28:00-04:00	14.9300	14.8946	2742
2026-08-03T11:29:00-04:00	14.9450	14.8950	2347
2026-08-03T11:30:00-04:00	14.9800	14.8956	2400
2026-08-03T11:31:00-04:00	14.9900	14.8959	1104
2026-08-03T11:32:00-04:00	14.9800	14.8961	811
2026-08-03T11:35:00-04:00	14.9600	14.8967	3077
2026-08-03T11:36:00-04:00	14.9650	14.8971	2018
2026-08-03T11:37:00-04:00	14.9700	14.8976	2395
2026-08-03T11:38:00-04:00	14.9500	14.8980	1879
2026-08-03T11:39:00-04:00	14.9600	14.8984	1969
2026-08-03T11:40:00-04:00	14.9650	14.8986	1099
2026-08-03T11:41:00-04:00	14.9500	14.8990	1925
2026-08-03T11:42:00-04:00	14.9600	14.8999	4804
2026-08-03T11:43:00-04:00	15.0000	14.9009	3982
2026-08-03T11:45:00-04:00	15.0000	14.9010	322
2026-08-03T11:46:00-04:00	15.0000	14.9018	2479
2026-08-03T11:47:00-04:00	15.0100	14.9020	680
2026-08-03T11:48:00-04:00	15.0101	14.9027	2227
2026-08-03T11:49:00-04:00	15.0200	14.9028	401
2026-08-03T11:50:00-04:00	15.0300	14.9034	1517
2026-08-03T11:51:00-04:00	15.0600	14.9050	3811
2026-08-03T11:52:00-04:00	15.1300	14.9077	4760
2026-08-03T11:53:00-04:00	15.1550	14.9103	3802
2026-08-03T11:54:00-04:00	15.1150	14.9133	5047
2026-08-03T11:55:00-04:00	15.1200	14.9144	2005
2026-08-03T11:56:00-04:00	15.0800	14.9150	1217
2026-08-03T11:57:00-04:00	15.0400	14.9155	1315
2026-08-03T11:58:00-04:00	15.0400	14.9159	1304
2026-08-03T11:59:00-04:00	15.0000	14.9164	1825
2026-08-03T12:00:00-04:00	15.0600	14.9173	2706
2026-08-03T12:01:00-04:00	15.0100	14.9177	1642
2026-08-03T12:02:00-04:00	14.9815	14.9185	4115
2026-08-03T12:03:00-04:00	14.9700	14.9188	2458
2026-08-03T12:04:00-04:00	14.9800	14.9191	1555
2026-08-03T12:05:00-04:00	14.9700	14.9193	1187
2026-08-03T12:06:00-04:00	14.9800	14.9196	1977
2026-08-03T12:07:00-04:00	14.9500	14.9199	4228
2026-08-03T12:08:00-04:00	14.9600	14.9200	900
2026-08-03T12:09:00-04:00	14.9500	14.9204	4583
2026-08-03T12:10:00-04:00	15.0000	14.9214	6470
2026-08-03T12:11:00-04:00	14.9900	14.9216	904
2026-08-03T12:12:00-04:00	14.9550	14.9217	1885
2026-08-03T12:13:00-04:00	14.9500	14.9218	596
2026-08-03T12:14:00-04:00	15.0000	14.9241	15701
2026-08-03T12:15:00-04:00	14.9700	14.9246	3944
2026-08-03T12:16:00-04:00	14.9901	14.9247	529
2026-08-03T12:17:00-04:00	15.0000	14.9249	1203
2026-08-03T12:18:00-04:00	15.0100	14.9251	1350
2026-08-03T12:19:00-04:00	15.0000	14.9255	2015
2026-08-03T12:20:00-04:00	15.0000	14.9257	901
2026-08-03T12:21:00-04:00	15.0200	14.9266	4564
2026-08-03T12:22:00-04:00	15.0150	14.9266	332
2026-08-03T12:23:00-04:00	15.0300	14.9267	334
2026-08-03T12:24:00-04:00	15.0100	14.9268	548
2026-08-03T12:25:00-04:00	15.0000	14.9271	1574
2026-08-03T12:26:00-04:00	15.0000	14.9271	329
2026-08-03T12:27:00-04:00	14.9950	14.9279	4127
2026-08-03T12:28:00-04:00	15.0150	14.9283	2832
2026-08-03T12:29:00-04:00	15.0150	14.9285	829
2026-08-03T12:30:00-04:00	15.0500	14.9299	5705
2026-08-03T12:31:00-04:00	15.0500	14.9309	3371
2026-08-03T12:32:00-04:00	15.0100	14.9312	1540
2026-08-03T12:33:00-04:00	14.9500	14.9313	1123
2026-08-03T12:34:00-04:00	14.8700	14.9296	22629
2026-08-03T12:35:00-04:00	14.8500	14.9295	604
2026-08-03T12:36:00-04:00	14.8200	14.9291	2135
2026-08-03T12:37:00-04:00	14.7900	14.9283	3268
2026-08-03T12:38:00-04:00	14.7300	14.9258	6991
2026-08-03T12:39:00-04:00	14.6100	14.9189	13140
2026-08-03T12:40:00-04:00	14.6000	14.9171	2812
2026-08-03T12:41:00-04:00	14.5500	14.9138	4905
2026-08-03T12:42:00-04:00	14.5800	14.9120	2833
2026-08-03T12:43:00-04:00	14.5200	14.9108	1647
2026-08-03T12:44:00-04:00	14.5600	14.9092	2435
2026-08-03T12:45:00-04:00	14.6500	14.9066	4645
2026-08-03T12:46:00-04:00	14.6500	14.9058	1788
2026-08-03T12:47:00-04:00	14.6450	14.9050	1593
2026-08-03T12:48:00-04:00	14.6100	14.9045	1047
2026-08-03T12:49:00-04:00	14.6400	14.9041	784
2026-08-03T12:50:00-04:00	14.6000	14.9009	5549
2026-08-03T12:51:00-04:00	14.5950	14.9000	1618
2026-08-03T12:52:00-04:00	14.6950	14.8960	8869
2026-08-03T12:53:00-04:00	14.6900	14.8953	1960
2026-08-03T12:54:00-04:00	14.6850	14.8945	1956
2026-08-03T12:55:00-04:00	14.6600	14.8942	780
2026-08-03T12:56:00-04:00	14.6750	14.8939	720
2026-08-03T12:57:00-04:00	14.6750	14.8934	1407
2026-08-03T12:58:00-04:00	14.6900	14.8922	3080
2026-08-03T12:59:00-04:00	14.6700	14.8913	2308
2026-08-03T13:00:00-04:00	14.7000	14.8883	8400
2026-08-03T13:01:00-04:00	14.6950	14.8882	283
2026-08-03T13:02:00-04:00	14.6800	14.8877	1543
2026-08-03T13:03:00-04:00	14.6400	14.8869	1868
2026-08-03T13:04:00-04:00	14.6300	14.8866	572
2026-08-03T13:05:00-04:00	14.6750	14.8859	1707
2026-08-03T13:06:00-04:00	14.6800	14.8858	256
2026-08-03T13:07:00-04:00	14.6750	14.8835	6619
2026-08-03T13:08:00-04:00	14.6800	14.8828	1916
2026-08-03T13:09:00-04:00	14.6900	14.8821	2189
2026-08-03T13:10:00-04:00	14.6900	14.8804	5369
2026-08-03T13:11:00-04:00	14.6900	14.8802	636
2026-08-03T13:12:00-04:00	14.6700	14.8789	3950
2026-08-03T13:13:00-04:00	14.6000	14.8778	2469
2026-08-03T13:14:00-04:00	14.5750	14.8756	4316
2026-08-03T13:15:00-04:00	14.5950	14.8748	1912
2026-08-03T13:16:00-04:00	14.6200	14.8722	6001
2026-08-03T13:17:00-04:00	14.6100	14.8720	562
2026-08-03T13:18:00-04:00	14.6200	14.8707	2926
2026-08-03T13:19:00-04:00	14.6450	14.8706	300
2026-08-03T13:20:00-04:00	14.6400	14.8703	882
2026-08-03T13:21:00-04:00	14.6400	14.8702	220
2026-08-03T13:22:00-04:00	14.6400	14.8693	2289
2026-08-03T13:23:00-04:00	14.6300	14.8689	1061
2026-08-03T13:24:00-04:00	14.6300	14.8689	100
2026-08-03T13:25:00-04:00	14.6200	14.8674	4055
2026-08-03T13:26:00-04:00	14.6050	14.8667	1670
2026-08-03T13:27:00-04:00	14.5900	14.8654	3010
2026-08-03T13:28:00-04:00	14.5900	14.8637	3896
2026-08-03T13:29:00-04:00	14.5900	14.8635	541
2026-08-03T13:30:00-04:00	14.5900	14.8632	655
2026-08-03T13:31:00-04:00	14.5900	14.8628	804
2026-08-03T13:33:00-04:00	14.6000	14.8615	3145
2026-08-03T13:34:00-04:00	14.5950	14.8611	1037
2026-08-03T13:35:00-04:00	14.5950	14.8607	1004
2026-08-03T13:36:00-04:00	14.6100	14.8600	1608
2026-08-03T13:37:00-04:00	14.6100	14.8600	110
2026-08-03T13:38:00-04:00	14.5800	14.8589	2509
2026-08-03T13:39:00-04:00	14.5950	14.8586	784
2026-08-03T13:40:00-04:00	14.5800	14.8582	991
2026-08-03T13:41:00-04:00	14.5350	14.8549	6653
2026-08-03T13:42:00-04:00	14.4700	14.8527	3873
2026-08-03T13:43:00-04:00	14.4600	14.8500	4571
2026-08-03T13:44:00-04:00	14.4250	14.8491	1495
2026-08-03T13:45:00-04:00	14.5200	14.8426	11942
2026-08-03T13:46:00-04:00	14.5600	14.8413	3180
2026-08-03T13:47:00-04:00	14.5300	14.8409	951
2026-08-03T13:48:00-04:00	14.5200	14.8394	3086
2026-08-03T13:49:00-04:00	14.4800	14.8390	793
2026-08-03T13:50:00-04:00	14.5000	14.8385	915
2026-08-03T13:51:00-04:00	14.4800	14.8378	1470
2026-08-03T13:52:00-04:00	14.5000	14.8370	1538
2026-08-03T13:53:00-04:00	14.4500	14.8362	1550
2026-08-03T13:54:00-04:00	14.3900	14.8353	1310
2026-08-03T13:55:00-04:00	14.4000	14.8341	1819
2026-08-03T13:56:00-04:00	14.3700	14.8276	9793
2026-08-03T13:57:00-04:00	14.3900	14.8221	8719
2026-08-03T13:58:00-04:00	14.3900	14.8219	362
2026-08-03T13:59:00-04:00	14.3900	14.8203	2605
2026-08-03T14:00:00-04:00	14.4350	14.8166	6804
2026-08-03T14:01:00-04:00	14.4250	14.8154	2184
2026-08-03T14:02:00-04:00	14.4200	14.8149	841
2026-08-03T14:03:00-04:00	14.4400	14.8143	1205
2026-08-03T14:04:00-04:00	14.3900	14.8122	3510
2026-08-03T14:05:00-04:00	14.4200	14.8097	4512
2026-08-03T14:06:00-04:00	14.4400	14.8075	4311
2026-08-03T14:07:00-04:00	14.4400	14.8071	719
2026-08-03T14:08:00-04:00	14.4350	14.8067	759
2026-08-03T14:09:00-04:00	14.4450	14.8058	1811
2026-08-03T14:10:00-04:00	14.4800	14.8036	4931
2026-08-03T14:11:00-04:00	14.4750	14.8033	656
2026-08-03T14:12:00-04:00	14.4450	14.8018	3294
2026-08-03T14:13:00-04:00	14.4475	14.7999	3919
2026-08-03T14:14:00-04:00	14.4300	14.7995	763
2026-08-03T14:15:00-04:00	14.4300	14.7989	1254
2026-08-03T14:16:00-04:00	14.4210	14.7974	3074
2026-08-03T14:17:00-04:00	14.4000	14.7941	6606
2026-08-03T14:18:00-04:00	14.4000	14.7927	2773
2026-08-03T14:19:00-04:00	14.3950	14.7920	1308
2026-08-03T14:20:00-04:00	14.3950	14.7916	823
2026-08-03T14:21:00-04:00	14.3800	14.7911	783
2026-08-03T14:22:00-04:00	14.3900	14.7902	1862
2026-08-03T14:23:00-04:00	14.3900	14.7897	966
2026-08-03T14:24:00-04:00	14.3700	14.7887	1765
2026-08-03T14:25:00-04:00	14.3500	14.7863	4411
2026-08-03T14:26:00-04:00	14.3750	14.7748	22274
2026-08-03T14:27:00-04:00	14.3150	14.7670	14458
2026-08-03T14:28:00-04:00	14.3000	14.7662	1362
2026-08-03T14:29:00-04:00	14.2550	14.7446	37338
2026-08-03T14:30:00-04:00	14.2950	14.7417	5368
2026-08-03T14:31:00-04:00	14.3400	14.7402	3148
2026-08-03T14:32:00-04:00	14.3300	14.7386	3563
2026-08-03T14:33:00-04:00	14.3300	14.7339	10076
2026-08-03T14:34:00-04:00	14.3300	14.7320	3998
2026-08-03T14:35:00-04:00	14.3200	14.7306	3073
2026-08-03T14:36:00-04:00	14.3200	14.7298	1780
2026-08-03T14:37:00-04:00	14.3110	14.7284	2943
2026-08-03T14:38:00-04:00	14.2800	14.7245	7836
2026-08-03T14:39:00-04:00	14.2800	14.7218	5402
2026-08-03T14:40:00-04:00	14.2850	14.7210	1711
2026-08-03T14:41:00-04:00	14.2900	14.7187	4772
2026-08-03T14:42:00-04:00	14.3000	14.7183	923
2026-08-03T14:43:00-04:00	14.2800	14.7170	2700
2026-08-03T14:44:00-04:00	14.3750	14.7048	31415
2026-08-03T14:45:00-04:00	14.3900	14.7033	4745
2026-08-03T14:46:00-04:00	14.3350	14.7016	4572
2026-08-03T14:47:00-04:00	14.3350	14.6998	4847
2026-08-03T14:48:00-04:00	14.3400	14.6981	4395
2026-08-03T14:49:00-04:00	14.3550	14.6966	4284
2026-08-03T14:50:00-04:00	14.3450	14.6954	3281
2026-08-03T14:51:00-04:00	14.3200	14.6945	2316
2026-08-03T14:52:00-04:00	14.3000	14.6939	1652
2026-08-03T14:53:00-04:00	14.3250	14.6921	4541
2026-08-03T14:54:00-04:00	14.2900	14.6910	2841
2026-08-03T14:55:00-04:00	14.2100	14.6872	8066
2026-08-03T14:56:00-04:00	14.2150	14.6847	5194
2026-08-03T14:57:00-04:00	14.2300	14.6824	4986
2026-08-03T14:58:00-04:00	14.2310	14.6807	3701
2026-08-03T14:59:00-04:00	14.2200	14.6793	3217
2026-08-03T15:00:00-04:00	14.3150	14.6738	14241
2026-08-03T15:01:00-04:00	14.3400	14.6720	5524
2026-08-03T15:02:00-04:00	14.2150	14.6598	30213
2026-08-03T15:03:00-04:00	14.2250	14.6526	18345
2026-08-03T15:04:00-04:00	14.1700	14.6511	3570
2026-08-03T15:05:00-04:00	14.2000	14.6434	17793
2026-08-03T15:06:00-04:00	14.1750	14.6419	3401
2026-08-03T15:07:00-04:00	14.1100	14.6406	2705
2026-08-03T15:08:00-04:00	14.1000	14.6381	5140
2026-08-03T15:09:00-04:00	14.0900	14.6298	17223
2026-08-03T15:10:00-04:00	14.0550	14.6094	41815
2026-08-03T15:11:00-04:00	14.0450	14.6079	3162
2026-08-03T15:12:00-04:00	14.0500	14.5988	19223
2026-08-03T15:13:00-04:00	14.0300	14.5762	49097
2026-08-03T15:14:00-04:00	13.9500	14.5711	10647
2026-08-03T15:15:00-04:00	13.9700	14.5663	9862
2026-08-03T15:16:00-04:00	13.9700	14.5639	5053
2026-08-03T15:17:00-04:00	13.9000	14.5531	21655
2026-08-03T15:18:00-04:00	13.9100	14.5399	26772
2026-08-03T15:19:00-04:00	13.9150	14.5351	10260
2026-08-03T15:20:00-04:00	13.9000	14.5347	805
2026-08-03T15:21:00-04:00	13.9100	14.5271	16162
2026-08-03T15:22:00-04:00	13.9400	14.5155	26276
2026-08-03T15:23:00-04:00	13.9600	14.5074	19942
2026-08-03T15:24:00-04:00	13.9800	14.5033	10743
2026-08-03T15:25:00-04:00	13.9700	14.5020	3385
2026-08-03T15:26:00-04:00	13.9750	14.5009	3042
2026-08-03T15:27:00-04:00	14.0000	14.4985	6591
2026-08-03T15:28:00-04:00	13.9200	14.4945	10150
2026-08-03T15:29:00-04:00	13.9150	14.4885	15072
2026-08-03T15:30:00-04:00	14.1100	14.4811	25042
2026-08-03T15:31:00-04:00	14.1100	14.4799	4429
2026-08-03T15:32:00-04:00	14.0200	14.4767	11173
2026-08-03T15:33:00-04:00	14.1400	14.4745	8629
2026-08-03T15:34:00-04:00	14.1500	14.4710	15850
2026-08-03T15:35:00-04:00	14.1700	14.4704	3368
2026-08-03T15:36:00-04:00	14.1300	14.4682	9876
2026-08-03T15:37:00-04:00	14.1300	14.4676	2845
2026-08-03T15:38:00-04:00	14.1600	14.4657	9633
2026-08-03T15:39:00-04:00	14.1550	14.4629	13082
2026-08-03T15:40:00-04:00	14.1100	14.4600	13016
2026-08-03T15:41:00-04:00	14.1350	14.4594	3053
2026-08-03T15:42:00-04:00	14.1000	14.4571	10058
2026-08-03T15:43:00-04:00	14.1500	14.4559	5927
2026-08-03T15:44:00-04:00	14.1100	14.4554	2349
2026-08-03T15:45:00-04:00	14.1150	14.4535	9023
2026-08-03T15:46:00-04:00	14.1650	14.4508	14110
2026-08-03T15:47:00-04:00	14.1600	14.4486	12874
2026-08-03T15:48:00-04:00	14.1600	14.4474	6549
2026-08-03T15:49:00-04:00	14.1300	14.4461	6329
2026-08-03T15:50:00-04:00	14.1300	14.4432	16268
2026-08-03T15:51:00-04:00	14.1500	14.4407	14566
2026-08-03T15:52:00-04:00	14.1500	14.4397	5630
2026-08-03T15:53:00-04:00	14.1600	14.4386	6552
2026-08-03T15:54:00-04:00	14.1600	14.4376	5373
2026-08-03T15:55:00-04:00	14.1800	14.4369	4877
2026-08-03T15:56:00-04:00	14.1900	14.4361	5405
2026-08-03T15:57:00-04:00	14.2200	14.4348	9760
2026-08-03T15:58:00-04:00	14.2550	14.4312	36144
2026-08-03T15:59:00-04:00	14.2500	14.4261	44013
2026-08-04T09:30:00-04:00	14.9900	14.9600	13874
2026-08-04T09:32:00-04:00	14.8200	14.9833	47885
2026-08-04T09:33:00-04:00	15.0000	14.9783	16911
2026-08-04T09:34:00-04:00	15.0700	14.9803	2711
2026-08-04T09:35:00-04:00	14.9700	14.9820	4092
2026-08-04T09:36:00-04:00	14.9800	14.9829	3631
2026-08-04T09:37:00-04:00	14.9900	14.9845	6672
2026-08-04T09:38:00-04:00	14.9200	14.9830	4904
2026-08-04T09:39:00-04:00	14.8800	14.9817	1238
2026-08-04T09:40:00-04:00	14.9052	14.9769	10608
2026-08-04T09:41:00-04:00	14.8800	14.9751	2648
2026-08-04T09:42:00-04:00	14.9487	14.9738	3861
2026-08-04T09:43:00-04:00	14.8900	14.9733	845
2026-08-04T09:44:00-04:00	14.8300	14.9695	3812
2026-08-04T09:45:00-04:00	14.7400	14.9605	5798
2026-08-04T09:46:00-04:00	14.6900	14.9555	2596
2026-08-04T09:47:00-04:00	14.7250	14.9474	4724
2026-08-04T09:48:00-04:00	14.6300	14.9443	1528
2026-08-04T09:49:00-04:00	14.6100	14.9302	6697
2026-08-04T09:50:00-04:00	14.6600	14.9255	2510
2026-08-04T09:51:00-04:00	14.7500	14.9157	8116
2026-08-04T09:52:00-04:00	14.6700	14.9054	7842
2026-08-04T09:53:00-04:00	14.6500	14.9044	679
2026-08-04T09:54:00-04:00	14.6500	14.8973	5386
2026-08-04T09:55:00-04:00	14.7000	14.8851	10223
2026-08-04T09:56:00-04:00	14.6600	14.8848	259
2026-08-04T09:57:00-04:00	14.6450	14.8751	7891
2026-08-04T09:58:00-04:00	14.6200	14.8740	896
2026-08-04T09:59:00-04:00	14.7600	14.8724	2128
2026-08-04T10:00:00-04:00	14.6900	14.8717	777
2026-08-04T10:01:00-04:00	14.6500	14.8694	2259
2026-08-04T10:02:00-04:00	14.6500	14.8678	1481
2026-08-04T10:03:00-04:00	14.7400	14.8621	7703
2026-08-04T10:04:00-04:00	14.7700	14.8614	1555
2026-08-04T10:05:00-04:00	14.8850	14.8611	4340
2026-08-04T10:06:00-04:00	14.8550	14.8610	2473
2026-08-04T10:07:00-04:00	14.8550	14.8609	1799
2026-08-04T10:08:00-04:00	14.7800	14.8600	2684
2026-08-04T10:09:00-04:00	14.7650	14.8596	877
2026-08-04T10:10:00-04:00	14.7500	14.8587	2120
2026-08-04T10:11:00-04:00	14.7300	14.8493	22121
2026-08-04T10:12:00-04:00	14.8500	14.8492	1074
2026-08-04T10:13:00-04:00	14.8000	14.8488	2856
2026-08-04T10:14:00-04:00	14.8650	14.8488	2865
2026-08-04T10:15:00-04:00	14.8500	14.8488	1074
2026-08-04T10:16:00-04:00	14.8550	14.8491	4797
2026-08-04T10:17:00-04:00	14.7900	14.8486	3925
2026-08-04T10:18:00-04:00	14.7600	14.8477	3212
2026-08-04T10:19:00-04:00	14.8500	14.8471	5978
2026-08-04T10:20:00-04:00	14.8300	14.8471	2281
2026-08-04T10:21:00-04:00	14.8300	14.8471	469
2026-08-04T10:22:00-04:00	14.8300	14.8470	1288
2026-08-04T10:23:00-04:00	14.8450	14.8468	2868
2026-08-04T10:24:00-04:00	14.9050	14.8471	2461
2026-08-04T10:25:00-04:00	14.9100	14.8475	1973
2026-08-04T10:26:00-04:00	14.9450	14.8480	1393
2026-08-04T10:27:00-04:00	14.9550	14.8501	5428
2026-08-04T10:28:00-04:00	14.9500	14.8502	341
2026-08-04T10:29:00-04:00	14.9900	14.8577	16203
2026-08-04T10:30:00-04:00	15.0300	14.8633	11881
2026-08-04T10:31:00-04:00	14.9300	14.8665	10566
2026-08-04T10:32:00-04:00	14.9000	14.8667	1543
2026-08-04T10:33:00-04:00	14.9000	14.8677	6605
2026-08-04T10:34:00-04:00	14.9050	14.8677	510
2026-08-04T10:35:00-04:00	14.8850	14.8678	1586
2026-08-04T10:36:00-04:00	14.8600	14.8679	3763
2026-08-04T10:37:00-04:00	14.9500	14.8701	14643
2026-08-04T10:38:00-04:00	14.9600	14.8706	1980
2026-08-04T10:39:00-04:00	15.0700	14.8870	39518
2026-08-04T10:40:00-04:00	15.0500	14.8925	12816
2026-08-04T10:41:00-04:00	14.9700	14.8945	7856
2026-08-04T10:42:00-04:00	14.9800	14.8961	7192
2026-08-04T10:43:00-04:00	14.9700	14.8963	1075
2026-08-04T10:45:00-04:00	14.9999	14.8967	2194
2026-08-04T10:46:00-04:00	14.9750	14.8973	2891
2026-08-04T10:47:00-04:00	14.9600	14.8977	3175
2026-08-04T10:48:00-04:00	14.9100	14.8982	5735
2026-08-04T10:49:00-04:00	14.8800	14.8981	2508
2026-08-04T10:50:00-04:00	14.9400	14.8985	4243
2026-08-04T10:51:00-04:00	14.9100	14.8987	3803
2026-08-04T10:53:00-04:00	14.8500	14.8985	3304
2026-08-04T10:54:00-04:00	14.8100	14.8981	1732
2026-08-04T10:55:00-04:00	14.7800	14.8978	1178
2026-08-04T10:56:00-04:00	14.7950	14.8977	628
2026-08-04T10:57:00-04:00	14.7900	14.8974	1298
2026-08-04T10:58:00-04:00	14.7193	14.8964	2838
2026-08-04T10:59:00-04:00	14.7352	14.8945	5181
2026-08-04T11:00:00-04:00	14.7600	14.8914	9343
2026-08-04T11:01:00-04:00	14.9000	14.8896	21482
2026-08-04T11:02:00-04:00	15.0250	14.8947	32331
2026-08-04T11:03:00-04:00	15.1875	14.9099	38770
2026-08-04T11:04:00-04:00	15.1850	14.9255	32423
2026-08-04T11:05:00-04:00	15.2350	14.9368	26276
2026-08-04T11:06:00-04:00	15.0600	14.9771	148167
2026-08-04T11:07:00-04:00	15.0299	14.9846	73733
2026-08-04T11:08:00-04:00	15.1100	14.9946	88608
2026-08-04T11:09:00-04:00	15.0469	14.9971	56425
2026-08-04T11:10:00-04:00	15.1650	15.0059	67253
2026-08-04T11:11:00-04:00	15.0950	15.0088	36760
2026-08-04T11:12:00-04:00	15.1450	15.0117	28841
2026-08-04T11:13:00-04:00	15.2050	15.0172	37408
2026-08-04T11:14:00-04:00	15.2800	15.0306	62551
2026-08-04T11:15:00-04:00	15.4250	15.0396	32073
2026-08-04T11:16:00-04:00	15.3100	15.0536	54648
2026-08-04T11:17:00-04:00	15.4200	15.0620	33946
2026-08-04T11:18:00-04:00	15.4959	15.0745	43616
2026-08-04T11:19:00-04:00	15.5600	15.0859	34500
2026-08-04T11:20:00-04:00	15.4650	15.1016	56888
2026-08-04T11:21:00-04:00	15.4450	15.1095	33435
2026-08-04T11:22:00-04:00	15.4050	15.1127	16119
2026-08-04T11:23:00-04:00	15.5100	15.1182	24719
2026-08-04T11:24:00-04:00	15.4250	15.1263	39959
2026-08-04T11:25:00-04:00	15.4700	15.1299	16983
2026-08-04T11:26:00-04:00	15.4381	15.1342	22453
2026-08-04T11:27:00-04:00	15.4700	15.1386	22688
2026-08-04T11:28:00-04:00	15.5200	15.1480	44072
2026-08-04T11:29:00-04:00	15.6900	15.1618	48890
2026-08-04T11:30:00-04:00	15.8000	15.1766	43380
2026-08-04T11:31:00-04:00	15.8300	15.1864	27347
2026-08-04T11:32:00-04:00	15.7000	15.1932	22288
2026-08-04T11:33:00-04:00	15.6600	15.1976	17737
2026-08-04T11:34:00-04:00	15.6450	15.1997	8818
2026-08-04T11:35:00-04:00	15.5850	15.2027	14393
2026-08-04T11:36:00-04:00	15.5850	15.2065	19530
2026-08-04T11:37:00-04:00	15.5850	15.2080	7523
2026-08-04T11:38:00-04:00	15.6200	15.2105	12230
2026-08-04T11:39:00-04:00	15.6400	15.2150	20610
2026-08-04T11:40:00-04:00	15.6100	15.2165	7364
2026-08-04T11:41:00-04:00	15.6000	15.2170	2946
2026-08-04T11:42:00-04:00	15.6700	15.2221	22688
2026-08-04T11:43:00-04:00	15.6600	15.2231	4433
2026-08-04T11:44:00-04:00	15.6200	15.2250	8981
2026-08-04T11:45:00-04:00	15.6100	15.2271	10098
2026-08-04T11:46:00-04:00	15.6500	15.2278	3879
2026-08-04T11:47:00-04:00	15.6650	15.2302	10912
2026-08-04T11:48:00-04:00	15.6000	15.2395	49348
2026-08-04T11:49:00-04:00	15.7050	15.2410	6887
2026-08-04T11:50:00-04:00	15.6811	15.2435	11736
2026-08-04T11:51:00-04:00	15.5700	15.2497	35803
2026-08-04T11:52:00-04:00	15.6300	15.2528	17742
2026-08-04T11:53:00-04:00	15.6250	15.2549	12205
2026-08-04T11:54:00-04:00	15.6600	15.2569	10929
2026-08-04T11:55:00-04:00	15.7168	15.2597	13255
2026-08-04T11:56:00-04:00	15.7400	15.2620	10815
2026-08-04T11:57:00-04:00	15.7600	15.2744	53718
2026-08-04T11:58:00-04:00	15.9550	15.2828	31097
2026-08-04T11:59:00-04:00	15.8900	15.2854	9447
2026-08-04T12:00:00-04:00	15.9700	15.2982	45099
2026-08-04T12:01:00-04:00	15.9250	15.3000	6779
2026-08-04T12:02:00-04:00	15.9350	15.3030	11193
2026-08-04T12:03:00-04:00	15.9200	15.3040	3495
2026-08-04T12:04:00-04:00	15.8700	15.3064	9692
2026-08-04T12:05:00-04:00	15.8600	15.3078	5901
2026-08-04T12:06:00-04:00	15.7200	15.3151	38846
2026-08-04T12:07:00-04:00	15.7100	15.3167	9410
2026-08-04T12:08:00-04:00	15.6750	15.3196	20065
2026-08-04T12:09:00-04:00	15.7200	15.3219	14557
2026-08-04T12:10:00-04:00	15.7500	15.3245	15351
2026-08-04T12:11:00-04:00	15.8100	15.3270	12982
2026-08-04T12:12:00-04:00	15.7900	15.3277	3618
2026-08-04T12:13:00-04:00	15.8100	15.3288	5657
2026-08-04T12:14:00-04:00	15.6600	15.3325	24175
2026-08-04T12:15:00-04:00	15.7000	15.3339	10297
2026-08-04T12:16:00-04:00	15.7050	15.3350	7635
2026-08-04T12:17:00-04:00	15.7050	15.3364	9282
2026-08-04T12:18:00-04:00	15.7355	15.3377	8730
2026-08-04T12:19:00-04:00	15.7200	15.3387	6401
2026-08-04T12:20:00-04:00	15.7600	15.3395	5113
2026-08-04T12:21:00-04:00	15.7700	15.3401	3444
2026-08-04T12:22:00-04:00	15.7500	15.3413	6661
2026-08-04T12:23:00-04:00	15.7750	15.3416	1904
2026-08-04T12:24:00-04:00	15.7450	15.3423	4847
2026-08-04T12:25:00-04:00	15.7562	15.3431	5025
2026-08-04T12:26:00-04:00	15.7200	15.3440	5867
2026-08-04T12:27:00-04:00	15.7400	15.3447	4735
2026-08-04T12:28:00-04:00	15.7350	15.3455	4790
2026-08-04T12:29:00-04:00	15.7700	15.3499	28076
2026-08-04T12:30:00-04:00	15.8300	15.3514	8489
2026-08-04T12:31:00-04:00	15.8400	15.3523	4983
2026-08-04T12:32:00-04:00	15.8100	15.3535	6881
2026-08-04T12:33:00-04:00	15.8399	15.3545	5332
2026-08-04T12:34:00-04:00	15.8364	15.3549	2418
2026-08-04T12:35:00-04:00	15.8200	15.3566	10033
2026-08-04T12:36:00-04:00	15.8300	15.3583	9805
2026-08-04T12:37:00-04:00	15.8123	15.3589	3421
2026-08-04T12:38:00-04:00	15.7600	15.3596	4378
2026-08-04T12:39:00-04:00	15.8200	15.3611	9120
2026-08-04T12:40:00-04:00	15.7050	15.3637	18123
2026-08-04T12:41:00-04:00	15.7400	15.3660	17624
2026-08-04T12:42:00-04:00	15.7400	15.3663	2134
2026-08-04T12:43:00-04:00	15.7400	15.3671	5812
2026-08-04T12:44:00-04:00	15.7277	15.3677	4069
2026-08-04T12:45:00-04:00	15.7450	15.3685	6155
2026-08-04T12:46:00-04:00	15.7500	15.3688	2101
2026-08-04T12:47:00-04:00	15.7450	15.3691	2018
2026-08-04T12:48:00-04:00	15.7400	15.3709	13164
2026-08-04T12:49:00-04:00	15.7201	15.3719	7760
2026-08-04T12:50:00-04:00	15.7385	15.3723	3194
2026-08-04T12:51:00-04:00	15.7300	15.3740	13837
2026-08-04T12:52:00-04:00	15.7400	15.3745	3549
2026-08-04T12:53:00-04:00	15.7400	15.3746	1051
2026-08-04T12:54:00-04:00	15.7400	15.3756	7604
2026-08-04T12:55:00-04:00	15.7100	15.3762	4773
2026-08-04T12:56:00-04:00	15.7350	15.3773	8565
2026-08-04T12:57:00-04:00	15.7500	15.3776	2516
2026-08-04T12:58:00-04:00	15.7450	15.3784	6323
2026-08-04T12:59:00-04:00	15.7549	15.3794	7510
2026-08-04T13:00:00-04:00	15.8100	15.3811	11474
2026-08-04T13:01:00-04:00	15.7800	15.3818	4541
2026-08-04T13:02:00-04:00	15.8100	15.3828	6717
2026-08-04T13:03:00-04:00	15.8300	15.3851	14672
2026-08-04T13:04:00-04:00	15.8200	15.3854	2538
2026-08-04T13:05:00-04:00	15.7900	15.3861	4540
2026-08-04T13:06:00-04:00	15.7700	15.3871	7675
2026-08-04T13:07:00-04:00	15.8150	15.3889	12335
2026-08-04T13:08:00-04:00	15.7950	15.3895	4302
2026-08-04T13:09:00-04:00	15.7500	15.3909	11044
2026-08-04T13:10:00-04:00	15.7750	15.3913	3240
2026-08-04T13:11:00-04:00	15.7750	15.3915	1572
2026-08-04T13:12:00-04:00	15.7750	15.3919	2507
2026-08-04T13:13:00-04:00	15.7750	15.3922	2407
2026-08-04T13:14:00-04:00	15.7850	15.3933	8200
2026-08-04T13:15:00-04:00	15.7700	15.3936	2070
2026-08-04T13:16:00-04:00	15.8300	15.3963	18826
2026-08-04T13:17:00-04:00	15.7800	15.3972	6759
2026-08-04T13:18:00-04:00	15.8150	15.3990	12764
2026-08-04T13:19:00-04:00	15.7600	15.3992	2104
2026-08-04T13:20:00-04:00	15.7200	15.3996	2878
2026-08-04T13:21:00-04:00	15.7600	15.4004	6840
2026-08-04T13:22:00-04:00	15.7600	15.4007	2917
2026-08-04T13:23:00-04:00	15.7883	15.4013	4746
2026-08-04T13:24:00-04:00	15.8000	15.4015	1521
2026-08-04T13:25:00-04:00	15.7950	15.4023	5782
2026-08-04T13:26:00-04:00	15.7300	15.4028	4059
2026-08-04T13:27:00-04:00	15.7250	15.4029	1264
2026-08-04T13:28:00-04:00	15.7500	15.4038	8409
2026-08-04T13:29:00-04:00	15.7400	15.4041	2454
2026-08-04T13:30:00-04:00	15.7100	15.4043	2417
2026-08-04T13:31:00-04:00	15.6550	15.4058	16915
2026-08-04T13:32:00-04:00	15.7236	15.4075	17644
2026-08-04T13:33:00-04:00	15.7100	15.4078	3132
2026-08-04T13:34:00-04:00	15.7000	15.4082	3849
2026-08-04T13:35:00-04:00	15.7000	15.4089	7141
2026-08-04T13:36:00-04:00	15.7400	15.4100	10504
2026-08-04T13:37:00-04:00	15.7300	15.4105	5215
2026-08-04T13:38:00-04:00	15.7200	15.4114	8303
2026-08-04T13:39:00-04:00	15.7100	15.4119	5439
2026-08-04T13:40:00-04:00	15.7100	15.4124	5352
2026-08-04T13:41:00-04:00	15.6900	15.4131	7189
2026-08-04T13:42:00-04:00	15.6800	15.4139	8907
2026-08-04T13:43:00-04:00	15.6850	15.4150	13109
2026-08-04T13:44:00-04:00	15.6750	15.4292	175335
2026-08-04T13:45:00-04:00	15.6750	15.4294	2834
2026-08-04T13:46:00-04:00	15.6627	15.4296	2776
2026-08-04T13:47:00-04:00	15.6350	15.4301	7331
2026-08-04T13:48:00-04:00	15.6550	15.4306	8118
2026-08-04T13:49:00-04:00	15.6550	15.4307	1279
2026-08-04T13:50:00-04:00	15.5502	15.4310	7225
2026-08-04T13:51:00-04:00	15.5400	15.4311	2747
2026-08-04T13:52:00-04:00	15.6100	15.4317	12422
2026-08-04T13:53:00-04:00	15.6176	15.4324	13240
2026-08-04T13:55:00-04:00	15.6025	15.4327	4609
2026-08-04T13:56:00-04:00	15.5600	15.4328	3753
2026-08-04T13:57:00-04:00	15.6050	15.4330	4129
2026-08-04T13:58:00-04:00	15.6100	15.4331	1040
2026-08-04T13:59:00-04:00	15.6100	15.4332	3002
2026-08-04T14:00:00-04:00	15.6300	15.4338	10280
2026-08-04T14:01:00-04:00	15.6250	15.4342	6716
2026-08-04T14:02:00-04:00	15.6400	15.4351	14010
2026-08-04T14:03:00-04:00	15.6150	15.4354	6789
2026-08-04T14:04:00-04:00	15.5550	15.4355	2029
2026-08-04T14:05:00-04:00	15.5300	15.4357	6133
2026-08-04T14:06:00-04:00	15.5100	15.4360	13974
2026-08-04T14:07:00-04:00	15.5600	15.4364	12048
2026-08-04T14:08:00-04:00	15.5650	15.4364	2524
2026-08-04T14:09:00-04:00	15.5900	15.4367	5730
2026-08-04T14:10:00-04:00	15.6140	15.4369	4843
2026-08-04T14:11:00-04:00	15.6000	15.4370	2091
2026-08-04T14:12:00-04:00	15.6400	15.4374	6753
2026-08-04T14:13:00-04:00	15.7150	15.4378	5067
2026-08-04T14:14:00-04:00	15.7250	15.4379	1231
2026-08-04T14:15:00-04:00	15.7455	15.4380	1160
2026-08-04T14:16:00-04:00	15.7250	15.4382	2482
2026-08-04T14:17:00-04:00	15.7300	15.4387	6121
2026-08-04T14:18:00-04:00	15.6400	15.4391	5671
2026-08-04T14:19:00-04:00	15.6600	15.4393	3989
2026-08-04T14:20:00-04:00	15.6800	15.4396	4589
2026-08-04T14:21:00-04:00	15.6500	15.4401	8250
2026-08-04T14:22:00-04:00	15.6000	15.4403	3812
2026-08-04T14:23:00-04:00	15.5849	15.4405	4134
2026-08-04T14:24:00-04:00	15.5600	15.4405	1355
2026-08-04T14:25:00-04:00	15.5800	15.4409	10347
2026-08-04T14:26:00-04:00	15.5800	15.4409	266
2026-08-04T14:27:00-04:00	15.5500	15.4411	5481
2026-08-04T14:28:00-04:00	15.5500	15.4412	1792
2026-08-04T14:29:00-04:00	15.5500	15.4413	3645
2026-08-04T14:30:00-04:00	15.6250	15.4419	11996
2026-08-04T14:31:00-04:00	15.6200	15.4421	3809
2026-08-04T14:32:00-04:00	15.6250	15.4423	4647
2026-08-04T14:33:00-04:00	15.5700	15.4425	4521
2026-08-04T14:34:00-04:00	15.5000	15.4426	4944
2026-08-04T14:35:00-04:00	15.4700	15.4426	4070
2026-08-04T14:36:00-04:00	15.4800	15.4428	10634
2026-08-04T14:37:00-04:00	15.4650	15.4428	2355
2026-08-04T14:38:00-04:00	15.4399	15.4428	11023
2026-08-04T14:39:00-04:00	15.4100	15.4427	4887
2026-08-04T14:40:00-04:00	15.3600	15.4427	4177
2026-08-04T14:41:00-04:00	15.4200	15.4426	7008
2026-08-04T14:42:00-04:00	15.4950	15.4429	31617
2026-08-04T14:43:00-04:00	15.4652	15.4430	8703
2026-08-04T14:44:00-04:00	15.5050	15.4431	5741
2026-08-04T14:45:00-04:00	15.5200	15.4432	8436
2026-08-04T14:46:00-04:00	15.5200	15.4433	3464
2026-08-04T14:47:00-04:00	15.5650	15.4435	7746
2026-08-04T14:48:00-04:00	15.5450	15.4436	1633
2026-08-04T14:49:00-04:00	15.5665	15.4439	10194
2026-08-04T14:50:00-04:00	15.5600	15.4439	1520
2026-08-04T14:51:00-04:00	15.5600	15.4440	1645
2026-08-04T14:52:00-04:00	15.5300	15.4441	5035
2026-08-04T14:53:00-04:00	15.5200	15.4442	2542
2026-08-04T14:54:00-04:00	15.5200	15.4443	5851
2026-08-04T14:55:00-04:00	15.5800	15.4445	5933
2026-08-04T14:56:00-04:00	15.5741	15.4446	2460
2026-08-04T14:57:00-04:00	15.5600	15.4447	3907
2026-08-04T14:58:00-04:00	15.5679	15.4450	8595
2026-08-04T14:59:00-04:00	15.5550	15.4451	3573
2026-08-04T15:00:00-04:00	15.5950	15.4454	10643
2026-08-04T15:01:00-04:00	15.5776	15.4455	2929
2026-08-04T15:02:00-04:00	15.5750	15.4456	2671
2026-08-04T15:03:00-04:00	15.5700	15.4458	5314
2026-08-04T15:04:00-04:00	15.5800	15.4462	10917
2026-08-04T15:05:00-04:00	15.5750	15.4463	2383
2026-08-04T15:06:00-04:00	15.5750	15.4463	1525
2026-08-04T15:07:00-04:00	15.5852	15.4464	2160
2026-08-04T15:08:00-04:00	15.4500	15.4466	13971
2026-08-04T15:09:00-04:00	15.4950	15.4467	10781
2026-08-04T15:10:00-04:00	15.4450	15.4467	10776
2026-08-04T15:11:00-04:00	15.4150	15.4466	11933
2026-08-04T15:12:00-04:00	15.3850	15.4466	5443
2026-08-04T15:13:00-04:00	15.4400	15.4464	21256
2026-08-04T15:14:00-04:00	15.4800	15.4464	5004
2026-08-04T15:15:00-04:00	15.4600	15.4464	3062
2026-08-04T15:16:00-04:00	15.4600	15.4464	2542
2026-08-04T15:17:00-04:00	15.5000	15.4466	14044
2026-08-04T15:18:00-04:00	15.5400	15.4466	2566
2026-08-04T15:19:00-04:00	15.5200	15.4467	3750
2026-08-04T15:20:00-04:00	15.5600	15.4476	28352
2026-08-04T15:21:00-04:00	15.5550	15.4477	3482
2026-08-04T15:22:00-04:00	15.5150	15.4478	5495
2026-08-04T15:23:00-04:00	15.4800	15.4479	10538
2026-08-04T15:24:00-04:00	15.5300	15.4479	2442
2026-08-04T15:25:00-04:00	15.5000	15.4480	5412
2026-08-04T15:26:00-04:00	15.5600	15.4483	14216
2026-08-04T15:28:00-04:00	15.5200	15.4484	3029
2026-08-04T15:29:00-04:00	15.5200	15.4485	9334
2026-08-04T15:30:00-04:00	15.5200	15.4487	8851
2026-08-04T15:31:00-04:00	15.5300	15.4489	11946
2026-08-04T15:32:00-04:00	15.4800	15.4489	2346
2026-08-04T15:33:00-04:00	15.5200	15.4490	7592
2026-08-04T15:34:00-04:00	15.5133	15.4491	3045
2026-08-04T15:35:00-04:00	15.4800	15.4492	10686
2026-08-04T15:36:00-04:00	15.4650	15.4492	7949
2026-08-04T15:37:00-04:00	15.5700	15.4496	16817
2026-08-04T15:38:00-04:00	15.6400	15.4497	3400
2026-08-04T15:39:00-04:00	15.6698	15.4500	4983
2026-08-04T15:40:00-04:00	15.5900	15.4504	9560
2026-08-04T15:41:00-04:00	15.6400	15.4510	13090
2026-08-04T15:42:00-04:00	15.6600	15.4514	8428
2026-08-04T15:43:00-04:00	15.6750	15.4518	7689
2026-08-04T15:44:00-04:00	15.6400	15.4522	8324
2026-08-04T15:45:00-04:00	15.6600	15.4528	13127
2026-08-04T15:46:00-04:00	15.6600	15.4532	6201
2026-08-04T15:47:00-04:00	15.6050	15.4541	23034
2026-08-04T15:48:00-04:00	15.5400	15.4546	18063
2026-08-04T15:49:00-04:00	15.4600	15.4547	16340
2026-08-04T15:50:00-04:00	15.5100	15.4548	8466
2026-08-04T15:51:00-04:00	15.3650	15.4545	45951
2026-08-04T15:52:00-04:00	15.3650	15.4541	22232
2026-08-04T15:53:00-04:00	15.3700	15.4534	27969
2026-08-04T15:54:00-04:00	15.4000	15.4532	13890
2026-08-04T15:55:00-04:00	15.3500	15.4528	20163
2026-08-04T15:56:00-04:00	15.2800	15.4514	39287
2026-08-04T15:57:00-04:00	15.3000	15.4497	45465
2026-08-04T15:58:00-04:00	15.2150	15.4473	52367
2026-08-04T15:59:00-04:00	15.3000	15.4436	102457
2026-08-05T09:30:00-04:00	15.0000	14.9733	85743
2026-08-05T09:31:00-04:00	14.9700	14.9790	17378
2026-08-05T09:32:00-04:00	14.6300	14.9513	11977
2026-08-05T09:33:00-04:00	14.1400	14.8421	24776
2026-08-05T09:34:00-04:00	13.8400	14.6408	35461
2026-08-05T09:35:00-04:00	13.9350	14.4979	41222
2026-08-05T09:36:00-04:00	13.8100	14.4530	15224
2026-08-05T09:37:00-04:00	13.8900	14.4440	3626
2026-08-05T09:38:00-04:00	13.9999	14.4273	8611
2026-08-05T09:39:00-04:00	13.9050	14.4146	6184
2026-08-05T09:40:00-04:00	13.9150	14.3638	26259
2026-08-05T09:41:00-04:00	14.0450	14.3474	12544
2026-08-05T09:42:00-04:00	14.0600	14.3420	5248
2026-08-05T09:43:00-04:00	13.8901	14.3299	9567
2026-08-05T09:44:00-04:00	14.0350	14.3223	7361
2026-08-05T09:45:00-04:00	13.8743	14.3129	6873
2026-08-05T09:46:00-04:00	13.8157	14.2819	21418
2026-08-05T09:47:00-04:00	13.9200	14.2764	5520
2026-08-05T09:48:00-04:00	13.9000	14.2720	4486
2026-08-05T09:49:00-04:00	13.9860	14.2682	4104
2026-08-05T09:50:00-04:00	13.8900	14.2605	8142
2026-08-05T09:51:00-04:00	13.8600	14.2563	3987
2026-08-05T09:52:00-04:00	13.8500	14.2361	19335
2026-08-05T09:53:00-04:00	13.8000	14.2291	6769
2026-08-05T09:54:00-04:00	13.8650	14.2234	5999
2026-08-05T09:55:00-04:00	14.0000	14.2176	9220
2026-08-05T09:56:00-04:00	13.9900	14.2138	7399
2026-08-05T09:57:00-04:00	13.9900	14.2097	8249
2026-08-05T09:58:00-04:00	13.9000	14.2067	4636
2026-08-05T09:59:00-04:00	13.8620	14.2005	8769
2026-08-05T10:00:00-04:00	13.8400	14.1951	6940
2026-08-05T10:01:00-04:00	13.7200	14.1808	14758
2026-08-05T10:02:00-04:00	13.7500	14.1671	15839
2026-08-05T10:03:00-04:00	13.7600	14.1622	5628
2026-08-05T10:04:00-04:00	13.8500	14.1563	8745
2026-08-05T10:05:00-04:00	13.9200	14.1525	7322
2026-08-05T10:06:00-04:00	13.9000	14.1511	2661
2026-08-05T10:07:00-04:00	13.8900	14.1422	17515
2026-08-05T10:08:00-04:00	13.9050	14.1373	10722
2026-08-05T10:09:00-04:00	13.9200	14.1333	9363
2026-08-05T10:10:00-04:00	13.9100	14.1260	19695
2026-08-05T10:11:00-04:00	13.9050	14.1222	9745
2026-08-05T10:12:00-04:00	13.8194	14.1203	4026
2026-08-05T10:13:00-04:00	13.8500	14.1174	6133
2026-08-05T10:14:00-04:00	13.8700	14.1146	5868
2026-08-05T10:15:00-04:00	13.8000	14.1127	3721
2026-08-05T10:16:00-04:00	13.8259	14.1084	8965
2026-08-05T10:17:00-04:00	13.7300	14.1048	6312
2026-08-05T10:18:00-04:00	13.6900	14.1019	4328
2026-08-05T10:19:00-04:00	13.7200	14.0971	7300
2026-08-05T10:20:00-04:00	13.7400	14.0962	1493
2026-08-05T10:21:00-04:00	13.8000	14.0928	6506
2026-08-05T10:22:00-04:00	13.7129	14.0905	4128
2026-08-05T10:23:00-04:00	13.6100	14.0852	7477
2026-08-05T10:24:00-04:00	13.6973	14.0810	6489
2026-08-05T10:25:00-04:00	13.6850	14.0795	2426
2026-08-05T10:26:00-04:00	13.6001	14.0707	12683
2026-08-05T10:27:00-04:00	13.6450	14.0683	3706
2026-08-05T10:28:00-04:00	13.5900	14.0646	5479
2026-08-05T10:29:00-04:00	13.6500	14.0633	1986
2026-08-05T10:30:00-04:00	13.5300	14.0541	12134
2026-08-05T10:31:00-04:00	13.5954	14.0517	3468
2026-08-05T10:32:00-04:00	13.5600	14.0484	4652
2026-08-05T10:33:00-04:00	13.6750	14.0476	1513
2026-08-05T10:34:00-04:00	13.6200	14.0459	2924
2026-08-05T10:35:00-04:00	13.6500	14.0442	2970
2026-08-05T10:36:00-04:00	13.6499	14.0434	1344
2026-08-05T10:37:00-04:00	13.6700	14.0403	5409
2026-08-05T10:38:00-04:00	13.6401	14.0316	15653
2026-08-05T10:39:00-04:00	13.6000	14.0297	3382
2026-08-05T10:40:00-04:00	13.4400	13.9705	91566
2026-08-05T10:41:00-04:00	13.4700	13.9683	3486
2026-08-05T10:42:00-04:00	13.4800	13.9666	2820
2026-08-05T10:43:00-04:00	13.4250	13.9535	19965
2026-08-05T10:44:00-04:00	13.4400	13.9505	4794
2026-08-05T10:45:00-04:00	13.3400	13.9486	2835
2026-08-05T10:46:00-04:00	13.2800	13.9362	16703
2026-08-05T10:47:00-04:00	13.2000	13.9298	7814
2026-08-05T10:48:00-04:00	13.2400	13.9255	5363
2026-08-05T10:49:00-04:00	13.3200	13.9208	6679
2026-08-05T10:50:00-04:00	13.3200	13.9203	781
2026-08-05T10:51:00-04:00	13.3400	13.9120	12670
2026-08-05T10:52:00-04:00	13.2950	13.9094	3899
2026-08-05T10:53:00-04:00	13.2800	13.9016	11282
2026-08-05T10:54:00-04:00	13.2800	13.8999	2656
2026-08-05T10:55:00-04:00	13.2600	13.8971	3936
2026-08-05T10:56:00-04:00	13.2400	13.8915	8002
2026-08-05T10:57:00-04:00	13.2800	13.8903	1696
2026-08-05T10:58:00-04:00	13.2700	13.8831	11155
2026-08-05T10:59:00-04:00	13.2900	13.8805	3931
2026-08-05T11:00:00-04:00	13.3000	13.8784	3336
2026-08-05T11:01:00-04:00	13.2950	13.8748	6031
2026-08-05T11:02:00-04:00	13.3300	13.8726	3701
2026-08-05T11:03:00-04:00	13.3165	13.8675	8712
2026-08-05T11:04:00-04:00	13.3200	13.8632	7836
2026-08-05T11:05:00-04:00	13.3899	13.8620	2240
2026-08-05T11:06:00-04:00	13.4000	13.8586	7057
2026-08-05T11:07:00-04:00	13.4476	13.8562	5517
2026-08-05T11:08:00-04:00	13.4200	13.8541	4670
2026-08-05T11:09:00-04:00	13.4200	13.8521	4431
2026-08-05T11:10:00-04:00	13.3701	13.8448	16894
2026-08-05T11:11:00-04:00	13.3700	13.8428	4379
2026-08-05T11:12:00-04:00	13.3700	13.8417	2265
2026-08-05T11:13:00-04:00	13.4100	13.8366	11728
2026-08-05T11:14:00-04:00	13.3700	13.8306	13720
2026-08-05T11:15:00-04:00	13.3400	13.8278	6298
2026-08-05T11:16:00-04:00	13.3450	13.8273	950
2026-08-05T11:17:00-04:00	13.3300	13.8191	17765
2026-08-05T11:18:00-04:00	13.2950	13.8109	16858
2026-08-05T11:19:00-04:00	13.3200	13.8092	3746
2026-08-05T11:20:00-04:00	13.3295	13.8083	2070
2026-08-05T11:21:00-04:00	13.2900	13.8059	5373
2026-08-05T11:22:00-04:00	13.2900	13.8049	1893
2026-08-05T11:23:00-04:00	13.3200	13.8030	4193
2026-08-05T11:24:00-04:00	13.3450	13.8026	972
2026-08-05T11:25:00-04:00	13.3100	13.8011	3501
2026-08-05T11:26:00-04:00	13.3000	13.8009	620
2026-08-05T11:27:00-04:00	13.3499	13.8005	801
2026-08-05T11:28:00-04:00	13.2550	13.7966	8341
2026-08-05T11:29:00-04:00	13.2500	13.7951	3136
2026-08-05T11:30:00-04:00	13.2800	13.7941	2211
2026-08-05T11:31:00-04:00	13.2900	13.7935	1122
2026-08-05T11:32:00-04:00	13.2639	13.7914	4662
2026-08-05T11:33:00-04:00	13.2350	13.7895	3862
2026-08-05T11:34:00-04:00	13.2200	13.7885	2053
2026-08-05T11:35:00-04:00	13.1750	13.7812	14038
2026-08-05T11:36:00-04:00	13.1700	13.7795	3239
2026-08-05T11:37:00-04:00	13.1950	13.7780	2952
2026-08-05T11:38:00-04:00	13.2200	13.7772	1595
2026-08-05T11:39:00-04:00	13.2400	13.7761	2315
2026-08-05T11:40:00-04:00	13.2300	13.7743	3898
2026-08-05T11:41:00-04:00	13.2001	13.7729	2990
2026-08-05T11:42:00-04:00	13.2506	13.7707	4759
2026-08-05T11:43:00-04:00	13.2800	13.7691	3759
2026-08-05T11:44:00-04:00	13.2550	13.7684	1613
2026-08-05T11:45:00-04:00	13.2600	13.7675	1924
2026-08-05T11:46:00-04:00	13.2500	13.7658	3989
2026-08-05T11:47:00-04:00	13.3100	13.7645	3364
2026-08-05T11:48:00-04:00	13.3450	13.7626	5243
2026-08-05T11:49:00-04:00	13.3200	13.7621	1394
2026-08-05T11:50:00-04:00	13.3752	13.7611	2997
2026-08-05T11:51:00-04:00	13.3600	13.7584	8441
2026-08-05T11:52:00-04:00	13.3650	13.7567	5069
2026-08-05T11:53:00-04:00	13.4100	13.7557	3460
2026-08-05T11:54:00-04:00	13.4150	13.7554	1234
2026-08-05T11:55:00-04:00	13.4100	13.7547	2446
2026-08-05T11:56:00-04:00	13.4144	13.7543	1357
2026-08-05T11:57:00-04:00	13.4150	13.7529	4837
2026-08-05T11:58:00-04:00	13.3900	13.7526	1095
2026-08-05T11:59:00-04:00	13.3200	13.7520	1545
2026-08-05T12:00:00-04:00	13.3600	13.7509	3394
2026-08-05T12:01:00-04:00	13.3500	13.7508	137
2026-08-05T12:02:00-04:00	13.3200	13.7500	2532
2026-08-05T12:03:00-04:00	13.3200	13.7495	1296
2026-08-05T12:04:00-04:00	13.3400	13.7487	2535
2026-08-05T12:05:00-04:00	13.3000	13.7481	1693
2026-08-05T12:06:00-04:00	13.3200	13.7473	2200
2026-08-05T12:07:00-04:00	13.2850	13.7466	1958
2026-08-05T12:08:00-04:00	13.1800	13.7428	8802
2026-08-05T12:09:00-04:00	13.2600	13.7409	4734
2026-08-05T12:10:00-04:00	13.3400	13.7384	7449
2026-08-05T12:11:00-04:00	13.3850	13.7376	2550
2026-08-05T12:12:00-04:00	13.3548	13.7373	921
2026-08-05T12:13:00-04:00	13.3350	13.7368	1622
2026-08-05T12:14:00-04:00	13.3700	13.7368	267
2026-08-05T12:15:00-04:00	13.4000	13.7363	1749
2026-08-05T12:16:00-04:00	13.4300	13.7356	2705
2026-08-05T12:17:00-04:00	13.4300	13.7352	1960
2026-08-05T12:18:00-04:00	13.5099	13.7346	2729
2026-08-05T12:19:00-04:00	13.4600	13.7340	3139
2026-08-05T12:20:00-04:00	13.5000	13.7335	2689
2026-08-05T12:21:00-04:00	13.4850	13.7329	3469
2026-08-05T12:22:00-04:00	13.4500	13.7326	1397
2026-08-05T12:24:00-04:00	13.4150	13.7319	2581
2026-08-05T12:25:00-04:00	13.4700	13.7308	5297
2026-08-05T12:26:00-04:00	13.4600	13.7303	2607
2026-08-05T12:28:00-04:00	13.4800	13.7299	2041
2026-08-05T12:29:00-04:00	13.4900	13.7295	2289
2026-08-05T12:30:00-04:00	13.5100	13.7290	2487
2026-08-05T12:31:00-04:00	13.5100	13.7290	181
2026-08-05T12:32:00-04:00	13.4900	13.7288	790
2026-08-05T12:33:00-04:00	13.4700	13.7284	2384
2026-08-05T12:34:00-04:00	13.4900	13.7281	1751
2026-08-05T12:35:00-04:00	13.4650	13.7276	2140
2026-08-05T12:36:00-04:00	13.4833	13.7276	348
2026-08-05T12:37:00-04:00	13.4600	13.7274	863
2026-08-05T12:38:00-04:00	13.4600	13.7273	551
2026-08-05T12:39:00-04:00	13.4700	13.7271	771
2026-08-05T12:40:00-04:00	13.4950	13.7264	3913
2026-08-05T12:41:00-04:00	13.4700	13.7261	1443
2026-08-05T12:42:00-04:00	13.4300	13.7249	5577
2026-08-05T12:43:00-04:00	13.4250	13.7248	464
2026-08-05T12:44:00-04:00	13.2300	13.7213	10933
2026-08-05T12:45:00-04:00	13.2400	13.7173	10972
2026-08-05T12:46:00-04:00	13.2700	13.7171	852
2026-08-05T12:47:00-04:00	13.1700	13.7155	3969
2026-08-05T12:48:00-04:00	13.2150	13.7124	8167
2026-08-05T12:49:00-04:00	13.2789	13.7119	1440
2026-08-05T12:50:00-04:00	13.2500	13.7112	2294
2026-08-05T12:51:00-04:00	13.2400	13.7087	7316
2026-08-05T12:52:00-04:00	13.2800	13.7083	1409
2026-08-05T12:53:00-04:00	13.2800	13.7071	3687
2026-08-05T12:54:00-04:00	13.2600	13.7066	1600
2026-08-05T12:55:00-04:00	13.2650	13.7065	269
2026-08-05T12:56:00-04:00	13.2700	13.7063	767
2026-08-05T12:57:00-04:00	13.2600	13.7000	20023
2026-08-05T12:58:00-04:00	13.2600	13.6980	6536
2026-08-05T12:59:00-04:00	13.2984	13.6966	4763
2026-08-05T13:00:00-04:00	13.2950	13.6957	3157
2026-08-05T13:02:00-04:00	13.2700	13.6945	4051
2026-08-05T13:03:00-04:00	13.2400	13.6935	3376
2026-08-05T13:04:00-04:00	13.2200	13.6930	1274
2026-08-05T13:05:00-04:00	13.2600	13.6925	1833
2026-08-05T13:06:00-04:00	13.2500	13.6923	680
2026-08-05T13:07:00-04:00	13.2550	13.6919	1229
2026-08-05T13:08:00-04:00	13.2500	13.6915	1133
2026-08-05T13:09:00-04:00	13.2500	13.6914	514
2026-08-05T13:10:00-04:00	13.2764	13.6909	1707
2026-08-05T13:11:00-04:00	13.2499	13.6897	3845
2026-08-05T13:13:00-04:00	13.2250	13.6895	478
2026-08-05T13:14:00-04:00	13.2700	13.6891	1270
2026-08-05T13:15:00-04:00	13.3000	13.6888	1191
2026-08-05T13:17:00-04:00	13.2936	13.6884	1651
2026-08-05T13:18:00-04:00	13.3074	13.6871	4673
2026-08-05T13:19:00-04:00	13.3200	13.6868	1164
2026-08-05T13:20:00-04:00	13.3264	13.6866	872
2026-08-05T13:21:00-04:00	13.3100	13.6865	553
2026-08-05T13:22:00-04:00	13.3000	13.6861	1498
2026-08-05T13:23:00-04:00	13.3300	13.6855	2224
2026-08-05T13:24:00-04:00	13.3000	13.6843	4794
2026-08-05T13:25:00-04:00	13.3158	13.6839	1459
2026-08-05T13:27:00-04:00	13.2765	13.6825	5113
2026-08-05T13:28:00-04:00	13.2500	13.6819	2012
2026-08-05T13:29:00-04:00	13.1900	13.6795	7238
2026-08-05T13:30:00-04:00	13.2200	13.6794	274
2026-08-05T13:31:00-04:00	13.2400	13.6792	656
2026-08-05T13:32:00-04:00	13.2300	13.6787	1948
2026-08-05T13:33:00-04:00	13.2200	13.6784	877
2026-08-05T13:34:00-04:00	13.2200	13.6783	354
2026-08-05T13:35:00-04:00	13.2300	13.6776	2290
2026-08-05T13:36:00-04:00	13.2600	13.6768	2675
2026-08-05T13:37:00-04:00	13.2800	13.6765	1139
2026-08-05T13:38:00-04:00	13.2750	13.6763	674
2026-08-05T13:40:00-04:00	13.2980	13.6762	585
2026-08-05T13:41:00-04:00	13.2900	13.6755	2360
2026-08-05T13:42:00-04:00	13.3199	13.6753	1092
2026-08-05T13:43:00-04:00	13.3200	13.6752	423
2026-08-05T13:44:00-04:00	13.3100	13.6750	471
2026-08-05T13:45:00-04:00	13.3100	13.6744	2454
2026-08-05T13:46:00-04:00	13.3300	13.6742	812
2026-08-05T13:47:00-04:00	13.3600	13.6738	1884
2026-08-05T13:48:00-04:00	13.3700	13.6736	1402
2026-08-05T13:49:00-04:00	13.3850	13.6734	637
2026-08-05T13:50:00-04:00	13.4000	13.6731	1732
2026-08-05T13:51:00-04:00	13.4250	13.6730	397
2026-08-05T13:52:00-04:00	13.3900	13.6726	2145
2026-08-05T13:53:00-04:00	13.3800	13.6725	1003
2026-08-05T13:54:00-04:00	13.4100	13.6722	1340
2026-08-05T13:56:00-04:00	13.4100	13.6721	382
2026-08-05T13:57:00-04:00	13.4100	13.6719	1471
2026-08-05T13:58:00-04:00	13.4150	13.6717	892
2026-08-05T13:59:00-04:00	13.3900	13.6714	1670
2026-08-05T14:01:00-04:00	13.4200	13.6702	7113
2026-08-05T14:02:00-04:00	13.4000	13.6701	569
2026-08-05T14:03:00-04:00	13.4050	13.6700	584
2026-08-05T14:04:00-04:00	13.4400	13.6697	1403
2026-08-05T14:05:00-04:00	13.4350	13.6696	1140
2026-08-05T14:06:00-04:00	13.4152	13.6690	3582
2026-08-05T14:07:00-04:00	13.4150	13.6687	1584
2026-08-05T14:08:00-04:00	13.3800	13.6670	9068
2026-08-05T14:09:00-04:00	13.3300	13.6657	5629
2026-08-05T14:10:00-04:00	13.3200	13.6649	3903
2026-08-05T14:11:00-04:00	13.2700	13.6644	2076
2026-08-05T14:12:00-04:00	13.3300	13.6636	3337
2026-08-05T14:13:00-04:00	13.3664	13.6629	3799
2026-08-05T14:14:00-04:00	13.3762	13.6615	7287
2026-08-05T14:15:00-04:00	13.3550	13.6614	558
2026-08-05T14:16:00-04:00	13.3800	13.6608	3104
2026-08-05T14:17:00-04:00	13.3800	13.6601	4159
2026-08-05T14:18:00-04:00	13.4200	13.6597	2245
2026-08-05T14:19:00-04:00	13.4600	13.6592	3243
2026-08-05T14:20:00-04:00	13.5159	13.6590	3044
2026-08-05T14:21:00-04:00	13.4850	13.6586	3820
2026-08-05T14:22:00-04:00	13.4550	13.6585	942
2026-08-05T14:23:00-04:00	13.4050	13.6580	2929
2026-08-05T14:24:00-04:00	13.4100	13.6575	3098
2026-08-05T14:25:00-04:00	13.4200	13.6575	314
2026-08-05T14:26:00-04:00	13.4150	13.6574	705
2026-08-05T14:28:00-04:00	13.3650	13.6570	2265
2026-08-05T14:29:00-04:00	13.3700	13.6568	742
2026-08-05T14:30:00-04:00	13.3700	13.6566	1317
2026-08-05T14:31:00-04:00	13.3700	13.6563	1423
2026-08-05T14:32:00-04:00	13.3700	13.6562	711
2026-08-05T14:33:00-04:00	13.3700	13.6558	2138
2026-08-05T14:34:00-04:00	13.4000	13.6557	1014
2026-08-05T14:35:00-04:00	13.2150	13.6418	57360
2026-08-05T14:36:00-04:00	13.2600	13.6399	8099
2026-08-05T14:37:00-04:00	13.2600	13.6397	960
2026-08-05T14:38:00-04:00	13.2550	13.6384	5554
2026-08-05T14:39:00-04:00	13.3150	13.6374	5105
2026-08-05T14:40:00-04:00	13.3150	13.6373	560
2026-08-05T14:41:00-04:00	13.3150	13.6347	13119
2026-08-05T14:42:00-04:00	13.3450	13.6343	2477
2026-08-05T14:43:00-04:00	13.3400	13.6342	637
2026-08-05T14:44:00-04:00	13.3699	13.6338	1959
2026-08-05T14:45:00-04:00	13.4000	13.6336	1755
2026-08-05T14:46:00-04:00	13.4200	13.6334	1566
2026-08-05T14:47:00-04:00	13.3800	13.6330	2699
2026-08-05T14:48:00-04:00	13.3800	13.6329	746
2026-08-05T14:49:00-04:00	13.3600	13.6327	953
2026-08-05T14:50:00-04:00	13.3600	13.6325	1671
2026-08-05T14:52:00-04:00	13.3400	13.6316	5072
2026-08-05T14:53:00-04:00	13.3281	13.6313	1527
2026-08-05T14:54:00-04:00	13.3200	13.6310	1595
2026-08-05T14:55:00-04:00	13.3200	13.6308	1292
2026-08-05T14:56:00-04:00	13.2500	13.6299	4236
2026-08-05T14:57:00-04:00	13.3100	13.6297	1196
2026-08-05T14:58:00-04:00	13.3050	13.6295	880
2026-08-05T14:59:00-04:00	13.3000	13.6290	2735
2026-08-05T15:00:00-04:00	13.3200	13.6287	1828
2026-08-05T15:01:00-04:00	13.3062	13.6284	1550
2026-08-05T15:02:00-04:00	13.3250	13.6280	2175
2026-08-05T15:03:00-04:00	13.3100	13.6279	448
2026-08-05T15:04:00-04:00	13.4131	13.6273	4580
2026-08-05T15:05:00-04:00	13.4050	13.6271	1773
2026-08-05T15:06:00-04:00	13.4250	13.6270	1189
2026-08-05T15:07:00-04:00	13.4100	13.6269	395
2026-08-05T15:08:00-04:00	13.4300	13.6268	1072
2026-08-05T15:09:00-04:00	13.4500	13.6267	514
2026-08-05T15:10:00-04:00	13.4150	13.6264	3135
2026-08-05T15:11:00-04:00	13.4300	13.6263	582
2026-08-05T15:12:00-04:00	13.4300	13.6261	1554
2026-08-05T15:13:00-04:00	13.3600	13.6236	17346
2026-08-05T15:14:00-04:00	13.3250	13.6229	4562
2026-08-05T15:15:00-04:00	13.3300	13.6223	3226
2026-08-05T15:16:00-04:00	13.3350	13.6222	1074
2026-08-05T15:17:00-04:00	13.3250	13.6220	626
2026-08-05T15:18:00-04:00	13.2750	13.6130	49011
2026-08-05T15:19:00-04:00	13.2950	13.6118	6380
2026-08-05T15:20:00-04:00	13.3000	13.6111	3890
2026-08-05T15:21:00-04:00	13.2300	13.6097	7454
2026-08-05T15:22:00-04:00	13.2800	13.6083	7320
2026-08-05T15:23:00-04:00	13.3158	13.6049	20292
2026-08-05T15:24:00-04:00	13.2950	13.6047	1211
2026-08-05T15:25:00-04:00	13.2950	13.6045	970
2026-08-05T15:26:00-04:00	13.3000	13.6024	12487
2026-08-05T15:27:00-04:00	13.2850	13.6023	562
2026-08-05T15:28:00-04:00	13.2900	13.6019	2396
2026-08-05T15:29:00-04:00	13.3100	13.6017	1655
2026-08-05T15:30:00-04:00	13.2550	13.6008	4818
2026-08-05T15:31:00-04:00	13.2275	13.5999	4837
2026-08-05T15:32:00-04:00	13.2150	13.5984	7345
2026-08-05T15:33:00-04:00	13.2400	13.5980	2075
2026-08-05T15:34:00-04:00	13.2300	13.5978	656
2026-08-05T15:35:00-04:00	13.1900	13.5936	20303
2026-08-05T15:36:00-04:00	13.1900	13.5934	935
2026-08-05T15:37:00-04:00	13.2000	13.5929	2425
2026-08-05T15:38:00-04:00	13.2100	13.5925	1964
2026-08-05T15:39:00-04:00	13.2398	13.5922	1465
2026-08-05T15:40:00-04:00	13.2400	13.5917	2650
2026-08-05T15:41:00-04:00	13.2250	13.5912	2627
2026-08-05T15:42:00-04:00	13.2500	13.5908	2320
2026-08-05T15:43:00-04:00	13.2300	13.5903	2664
2026-08-05T15:44:00-04:00	13.2300	13.5901	1145
2026-08-05T15:45:00-04:00	13.2000	13.5885	8006
2026-08-05T15:46:00-04:00	13.1500	13.5847	17591
2026-08-05T15:47:00-04:00	13.1300	13.5802	19543
2026-08-05T15:48:00-04:00	13.1300	13.5797	2505
2026-08-05T15:49:00-04:00	13.1500	13.5757	18377
2026-08-05T15:50:00-04:00	13.1400	13.5734	10778
2026-08-05T15:51:00-04:00	13.2100	13.5721	7072
2026-08-05T15:52:00-04:00	13.2000	13.5709	6660
2026-08-05T15:53:00-04:00	13.2050	13.5695	7826
2026-08-05T15:54:00-04:00	13.2100	13.5649	26608
2026-08-05T15:55:00-04:00	13.2050	13.5639	5490
2026-08-05T15:56:00-04:00	13.2100	13.5630	5618
2026-08-05T15:57:00-04:00	13.2050	13.5616	8081
2026-08-05T15:58:00-04:00	13.2150	13.5559	34528
2026-08-05T15:59:00-04:00	13.1800	13.5490	40913
2026-08-06T09:30:00-04:00	12.2100	12.5067	82068
2026-08-06T09:31:00-04:00	12.3800	12.4320	38608
2026-08-06T09:32:00-04:00	12.1250	12.3829	36733
2026-08-06T09:33:00-04:00	12.2000	12.3481	30204
2026-08-06T09:34:00-04:00	12.2750	12.3447	9946
2026-08-06T09:35:00-04:00	12.2000	12.3114	49792
2026-08-06T09:36:00-04:00	12.1000	12.2947	24060
2026-08-06T09:37:00-04:00	11.9950	12.2395	65132
2026-08-06T09:38:00-04:00	12.0550	12.2334	10579
2026-08-06T09:39:00-04:00	12.0836	12.2230	20332
2026-08-06T09:40:00-04:00	12.1600	12.2217	5597
2026-08-06T09:41:00-04:00	12.1818	12.2210	4636
2026-08-06T09:42:00-04:00	12.1200	12.2201	3643
2026-08-06T09:43:00-04:00	12.1100	12.2191	3738
2026-08-06T09:44:00-04:00	12.0600	12.2148	13130
2026-08-06T09:45:00-04:00	12.1200	12.2086	21052
2026-08-06T09:46:00-04:00	11.9300	12.2037	9353
2026-08-06T09:47:00-04:00	11.9300	12.2005	5664
2026-08-06T09:48:00-04:00	11.8400	12.1673	44084
2026-08-06T09:49:00-04:00	11.8623	12.1648	3723
2026-08-06T09:50:00-04:00	11.7500	12.1489	19347
2026-08-06T09:51:00-04:00	11.7000	12.1423	8237
2026-08-06T09:52:00-04:00	11.7800	12.1231	26963
2026-08-06T09:53:00-04:00	11.7000	12.1177	7414
2026-08-06T09:54:00-04:00	11.7750	12.1118	9226
2026-08-06T09:55:00-04:00	11.8250	12.1040	15101
2026-08-06T09:56:00-04:00	11.8400	12.1010	6349
2026-08-06T09:57:00-04:00	11.9509	12.0936	25231
2026-08-06T09:58:00-04:00	11.9000	12.0895	16824
2026-08-06T09:59:00-04:00	12.0000	12.0837	30639
2026-08-06T10:00:00-04:00	11.9700	12.0808	15815
2026-08-06T10:01:00-04:00	11.9020	12.0790	8044
2026-08-06T10:02:00-04:00	11.8200	12.0765	7136
2026-08-06T10:03:00-04:00	11.8700	12.0694	23563
2026-08-06T10:04:00-04:00	11.8900	12.0672	8967
2026-08-06T10:05:00-04:00	11.9000	12.0665	3054
2026-08-06T10:06:00-04:00	11.8900	12.0609	22522
2026-08-06T10:07:00-04:00	11.9850	12.0568	26182
2026-08-06T10:08:00-04:00	11.9400	12.0493	57374
2026-08-06T10:09:00-04:00	11.9750	12.0454	41472
2026-08-06T10:10:00-04:00	11.9800	12.0436	23401
2026-08-06T10:11:00-04:00	11.9350	12.0390	41786
2026-08-06T10:12:00-04:00	11.8850	12.0379	7853
2026-08-06T10:13:00-04:00	12.0600	12.0371	43097
2026-08-06T10:14:00-04:00	11.9600	12.0369	4559
2026-08-06T10:15:00-04:00	11.9650	12.0342	36557
2026-08-06T10:16:00-04:00	12.0000	12.0339	12867
2026-08-06T10:17:00-04:00	12.1400	12.0348	12795
2026-08-06T10:18:00-04:00	12.0300	12.0355	18104
2026-08-06T10:19:00-04:00	12.1400	12.0366	16668
2026-08-06T10:20:00-04:00	12.1500	12.0411	38816
2026-08-06T10:21:00-04:00	12.1500	12.0416	4838
2026-08-06T10:22:00-04:00	12.1100	12.0423	9418
2026-08-06T10:23:00-04:00	12.1100	12.0430	10091
2026-08-06T10:24:00-04:00	12.1200	12.0435	8041
2026-08-06T10:25:00-04:00	12.1000	12.0441	10621
2026-08-06T10:26:00-04:00	12.1400	12.0446	9199
2026-08-06T10:27:00-04:00	12.1450	12.0448	2531
2026-08-06T10:28:00-04:00	12.1000	12.0451	3891
2026-08-06T10:29:00-04:00	12.0100	12.0450	12859
2026-08-06T10:30:00-04:00	12.0100	12.0446	18624
2026-08-06T10:31:00-04:00	11.9500	12.0437	12373
2026-08-06T10:32:00-04:00	11.9700	12.0435	1995
2026-08-06T10:33:00-04:00	12.0200	12.0428	18266
2026-08-06T10:34:00-04:00	12.0050	12.0427	1092
2026-08-06T10:35:00-04:00	11.9600	12.0422	9243
2026-08-06T10:36:00-04:00	11.9950	12.0418	9281
2026-08-06T10:37:00-04:00	11.9800	12.0417	2203
2026-08-06T10:38:00-04:00	11.9300	12.0407	13288
2026-08-06T10:39:00-04:00	11.7950	12.0370	22908
2026-08-06T10:40:00-04:00	11.7801	12.0365	2719
2026-08-06T10:41:00-04:00	11.7200	12.0275	40865
2026-08-06T10:42:00-04:00	11.7700	12.0263	5748
2026-08-06T10:43:00-04:00	11.8650	12.0233	20479
2026-08-06T10:44:00-04:00	11.7800	12.0227	3739
2026-08-06T10:45:00-04:00	11.8000	12.0182	32351
2026-08-06T10:46:00-04:00	11.7400	12.0151	16577
2026-08-06T10:47:00-04:00	11.7564	12.0139	6079
2026-08-06T10:48:00-04:00	11.7600	12.0126	7443
2026-08-06T10:49:00-04:00	11.7400	12.0114	6442
2026-08-06T10:50:00-04:00	11.7600	12.0103	5997
2026-08-06T10:51:00-04:00	11.7350	12.0092	6393
2026-08-06T10:52:00-04:00	11.7200	12.0081	5377
2026-08-06T10:53:00-04:00	11.6652	11.9975	46571
2026-08-06T10:54:00-04:00	11.6600	11.9952	9783
2026-08-06T10:55:00-04:00	11.6300	11.9944	3712
2026-08-06T10:56:00-04:00	11.6400	11.9915	11825
2026-08-06T10:57:00-04:00	11.5850	11.9890	9788
2026-08-06T10:58:00-04:00	11.5600	11.9883	2785
2026-08-06T10:59:00-04:00	11.6050	11.9766	48015
2026-08-06T11:00:00-04:00	11.6350	11.9748	8091
2026-08-06T11:01:00-04:00	11.6400	11.9733	7383
2026-08-06T11:02:00-04:00	11.6100	11.9720	5837
2026-08-06T11:03:00-04:00	11.5400	11.9667	20369
2026-08-06T11:04:00-04:00	11.5750	11.9649	7256
2026-08-06T11:05:00-04:00	11.5765	11.9634	6558
2026-08-06T11:06:00-04:00	11.6200	11.9630	1765
2026-08-06T11:07:00-04:00	11.6400	11.9625	2909
2026-08-06T11:08:00-04:00	11.6401	11.9612	6554
2026-08-06T11:09:00-04:00	11.6600	11.9604	4337
2026-08-06T11:10:00-04:00	11.6600	11.9600	2326
2026-08-06T11:11:00-04:00	11.6800	11.9588	6854
2026-08-06T11:12:00-04:00	11.6400	11.9569	10274
2026-08-06T11:13:00-04:00	11.6400	11.9547	11862
2026-08-06T11:14:00-04:00	11.6400	11.9540	3725
2026-08-06T11:15:00-04:00	11.6400	11.9526	7894
2026-08-06T11:16:00-04:00	11.6300	11.9454	38003
2026-08-06T11:17:00-04:00	11.6100	11.9441	7173
2026-08-06T11:18:00-04:00	11.6000	11.9430	5427
2026-08-06T11:19:00-04:00	11.5850	11.9421	4603
2026-08-06T11:20:00-04:00	11.6100	11.9409	6383
2026-08-06T11:21:00-04:00	11.6350	11.9396	7385
2026-08-06T11:22:00-04:00	11.6800	11.9389	4355
2026-08-06T11:23:00-04:00	11.6900	11.9324	47131
2026-08-06T11:24:00-04:00	11.6692	11.9275	37188
2026-08-06T11:25:00-04:00	11.6300	11.9226	32065
2026-08-06T11:26:00-04:00	11.7100	11.9184	31736
2026-08-06T11:27:00-04:00	11.7200	11.9172	10830
2026-08-06T11:28:00-04:00	11.7000	11.9165	6580
2026-08-06T11:29:00-04:00	11.6800	11.9160	4229
2026-08-06T11:30:00-04:00	11.6800	11.9152	6587
2026-08-06T11:31:00-04:00	11.6400	11.9127	18224
2026-08-06T11:32:00-04:00	11.6000	11.9100	17451
2026-08-06T11:33:00-04:00	11.5750	11.9084	9925
2026-08-06T11:34:00-04:00	11.5800	11.9069	9569
2026-08-06T11:35:00-04:00	11.5650	11.9064	3052
2026-08-06T11:36:00-04:00	11.5700	11.9055	5250
2026-08-06T11:37:00-04:00	11.5699	11.9032	13512
2026-08-06T11:38:00-04:00	11.5550	11.9028	2183
2026-08-06T11:39:00-04:00	11.5800	11.8994	22136
2026-08-06T11:40:00-04:00	11.5750	11.8984	6831
2026-08-06T11:41:00-04:00	11.6104	11.8972	7961
2026-08-06T11:42:00-04:00	11.6000	11.8970	1688
2026-08-06T11:43:00-04:00	11.5700	11.8942	18494
2026-08-06T11:44:00-04:00	11.5900	11.8932	6723
2026-08-06T11:45:00-04:00	11.5900	11.8920	8442
2026-08-06T11:46:00-04:00	11.6200	11.8913	4686
2026-08-06T11:47:00-04:00	11.6600	11.8911	2034
2026-08-06T11:48:00-04:00	11.6800	11.8907	4015
2026-08-06T11:49:00-04:00	11.6600	11.8905	2041
2026-08-06T11:50:00-04:00	11.6600	11.8903	1622
2026-08-06T11:51:00-04:00	11.6200	11.8897	5322
2026-08-06T11:52:00-04:00	11.5900	11.8881	11203
2026-08-06T11:53:00-04:00	11.5700	11.8870	7891
2026-08-06T11:54:00-04:00	11.5750	11.8867	1551
2026-08-06T11:55:00-04:00	11.5450	11.8859	5661
2026-08-06T11:56:00-04:00	11.5400	11.8853	3263
2026-08-06T11:57:00-04:00	11.5350	11.8849	2524
2026-08-06T11:58:00-04:00	11.5300	11.8847	1491
2026-08-06T11:59:00-04:00	11.5100	11.8828	11459
2026-08-06T12:00:00-04:00	11.4500	11.8801	14210
2026-08-06T12:01:00-04:00	11.4200	11.8751	23908
2026-08-06T12:02:00-04:00	11.4150	11.8733	8967
2026-08-06T12:03:00-04:00	11.4190	11.8715	8413
2026-08-06T12:04:00-04:00	11.4200	11.8701	7021
2026-08-06T12:05:00-04:00	11.4550	11.8697	2145
2026-08-06T12:06:00-04:00	11.4650	11.8695	869
2026-08-06T12:07:00-04:00	11.4700	11.8688	3802
2026-08-06T12:08:00-04:00	11.4822	11.8687	768
2026-08-06T12:09:00-04:00	11.4800	11.8684	1634
2026-08-06T12:10:00-04:00	11.4800	11.8677	4165
2026-08-06T12:11:00-04:00	11.4400	11.8669	4353
2026-08-06T12:12:00-04:00	11.4400	11.8664	2823
2026-08-06T12:13:00-04:00	11.4400	11.8656	3878
2026-08-06T12:14:00-04:00	11.4100	11.8631	12436
2026-08-06T12:15:00-04:00	11.4200	11.8629	1023
2026-08-06T12:16:00-04:00	11.4100	11.8623	2983
2026-08-06T12:17:00-04:00	11.4200	11.8621	1119
2026-08-06T12:18:00-04:00	11.4476	11.8616	2804
2026-08-06T12:19:00-04:00	11.4550	11.8613	1591
2026-08-06T12:20:00-04:00	11.4300	11.8609	1879
2026-08-06T12:21:00-04:00	11.4000	11.8605	2124
2026-08-06T12:22:00-04:00	11.3800	11.8600	2456
2026-08-06T12:23:00-04:00	11.3300	11.8583	7575
2026-08-06T12:24:00-04:00	11.3300	11.8579	1603
2026-08-06T12:25:00-04:00	11.3200	11.8566	5710
2026-08-06T12:26:00-04:00	11.3150	11.8555	4652
2026-08-06T12:27:00-04:00	11.3200	11.8545	4397
2026-08-06T12:28:00-04:00	11.3200	11.8541	1676
2026-08-06T12:29:00-04:00	11.3150	11.8538	1259
2026-08-06T12:30:00-04:00	11.3000	11.8531	2790
2026-08-06T12:31:00-04:00	11.2900	11.8514	7251
2026-08-06T12:32:00-04:00	11.2990	11.8509	2130
2026-08-06T12:33:00-04:00	11.2550	11.8480	11684
2026-08-06T12:34:00-04:00	11.2590	11.8477	1090
2026-08-06T12:35:00-04:00	11.2450	11.8466	4064
2026-08-06T12:36:00-04:00	11.2200	11.8454	4732
2026-08-06T12:37:00-04:00	11.3350	11.8407	20419
2026-08-06T12:38:00-04:00	11.3800	11.8400	3438
2026-08-06T12:39:00-04:00	11.3900	11.8397	1727
2026-08-06T12:40:00-04:00	11.4000	11.8391	3194
2026-08-06T12:41:00-04:00	11.4100	11.8381	5366
2026-08-06T12:42:00-04:00	11.4600	11.8363	11136
2026-08-06T12:43:00-04:00	11.4300	11.8351	7413
2026-08-06T12:44:00-04:00	11.4000	11.8344	4101
2026-08-06T12:45:00-04:00	11.4200	11.8338	3330
2026-08-06T12:46:00-04:00	11.4100	11.8333	2713
2026-08-06T12:47:00-04:00	11.4750	11.8321	7662
2026-08-06T12:48:00-04:00	11.4800	11.8313	5045
2026-08-06T12:49:00-04:00	11.4800	11.8311	1952
2026-08-06T12:50:00-04:00	11.4700	11.8307	2662
2026-08-06T12:51:00-04:00	11.4950	11.8300	4449
2026-08-06T12:52:00-04:00	11.5100	11.8296	3165
2026-08-06T12:53:00-04:00	11.4800	11.8294	1967
2026-08-06T12:54:00-04:00	11.4550	11.8289	3096
2026-08-06T12:55:00-04:00	11.4900	11.8281	5335
2026-08-06T12:56:00-04:00	11.4700	11.8279	1539
2026-08-06T12:57:00-04:00	11.4700	11.8275	3042
2026-08-06T12:58:00-04:00	11.4900	11.8271	2475
2026-08-06T12:59:00-04:00	11.5100	11.8269	1764
2026-08-06T13:00:00-04:00	11.5200	11.8266	2116
2026-08-06T13:01:00-04:00	11.5100	11.8256	8381
2026-08-06T13:02:00-04:00	11.5000	11.8242	10275
2026-08-06T13:03:00-04:00	11.5000	11.8241	1050
2026-08-06T13:04:00-04:00	11.4250	11.8229	7766
2026-08-06T13:05:00-04:00	11.4200	11.8212	10477
2026-08-06T13:06:00-04:00	11.4450	11.8209	2011
2026-08-06T13:07:00-04:00	11.4320	11.8205	2854
2026-08-06T13:08:00-04:00	11.4300	11.8203	898
2026-08-06T13:09:00-04:00	11.4150	11.8196	4840
2026-08-06T13:10:00-04:00	11.4300	11.8194	728
2026-08-06T13:11:00-04:00	11.4300	11.8192	1601
2026-08-06T13:12:00-04:00	11.4300	11.8185	4576
2026-08-06T13:13:00-04:00	11.5000	11.8175	7524
2026-08-06T13:14:00-04:00	11.4950	11.8173	1632
2026-08-06T13:15:00-04:00	11.5100	11.8164	6648
2026-08-06T13:16:00-04:00	11.5300	11.8154	9715
2026-08-06T13:17:00-04:00	11.5250	11.8149	3780
2026-08-06T13:18:00-04:00	11.5100	11.8147	1836
2026-08-06T13:19:00-04:00	11.5350	11.8139	7383
2026-08-06T13:20:00-04:00	11.5300	11.8137	1519
2026-08-06T13:21:00-04:00	11.4900	11.8116	16345
2026-08-06T13:22:00-04:00	11.4600	11.8113	2255
2026-08-06T13:23:00-04:00	11.4600	11.8112	743
2026-08-06T13:24:00-04:00	11.4150	11.8107	3477
2026-08-06T13:25:00-04:00	11.4300	11.8103	2831
2026-08-06T13:26:00-04:00	11.4400	11.8099	2467
2026-08-06T13:27:00-04:00	11.4400	11.8098	1074
2026-08-06T13:28:00-04:00	11.4400	11.8096	1377
2026-08-06T13:29:00-04:00	11.4500	11.8075	14521
2026-08-06T13:30:00-04:00	11.4800	11.8071	3093
2026-08-06T13:31:00-04:00	11.4900	11.8064	5760
2026-08-06T13:32:00-04:00	11.5000	11.8056	7253
2026-08-06T13:33:00-04:00	11.4835	11.8055	596
2026-08-06T13:34:00-04:00	11.4850	11.8050	4444
2026-08-06T13:35:00-04:00	11.5100	11.8027	19072
2026-08-06T13:36:00-04:00	11.5100	11.8027	555
2026-08-06T13:38:00-04:00	11.5100	11.8026	992
2026-08-06T13:39:00-04:00	11.5000	11.8024	1069
2026-08-06T13:40:00-04:00	11.4900	11.8022	2389
2026-08-06T13:41:00-04:00	11.4500	11.8014	5893
2026-08-06T13:42:00-04:00	11.4200	11.8010	2896
2026-08-06T13:43:00-04:00	11.4200	11.8009	393
2026-08-06T13:44:00-04:00	11.4250	11.8008	1351
2026-08-06T13:45:00-04:00	11.4250	11.8005	1496
2026-08-06T13:46:00-04:00	11.4900	11.7984	17331
2026-08-06T13:47:00-04:00	11.4500	11.7980	3114
2026-08-06T13:48:00-04:00	11.4300	11.7977	2507
2026-08-06T13:49:00-04:00	11.4300	11.7971	3768
2026-08-06T13:50:00-04:00	11.4300	11.7967	3179
2026-08-06T13:51:00-04:00	11.4200	11.7962	3850
2026-08-06T13:52:00-04:00	11.4355	11.7948	10404
2026-08-06T13:54:00-04:00	11.4250	11.7944	2268
2026-08-06T13:55:00-04:00	11.4250	11.7943	972
2026-08-06T13:56:00-04:00	11.4200	11.7937	4499
2026-08-06T13:57:00-04:00	11.4200	11.7936	854
2026-08-06T13:58:00-04:00	11.4200	11.7935	749
2026-08-06T13:59:00-04:00	11.4100	11.7924	7328
2026-08-06T14:00:00-04:00	11.4500	11.7911	9780
2026-08-06T14:01:00-04:00	11.4400	11.7910	1510
2026-08-06T14:02:00-04:00	11.4100	11.7908	1003
2026-08-06T14:04:00-04:00	11.3800	11.7903	3827
2026-08-06T14:05:00-04:00	11.3500	11.7873	19191
2026-08-06T14:06:00-04:00	11.3400	11.7869	2475
2026-08-06T14:07:00-04:00	11.3150	11.7865	2220
2026-08-06T14:08:00-04:00	11.3050	11.7863	763
2026-08-06T14:09:00-04:00	11.3050	11.7861	1329
2026-08-06T14:10:00-04:00	11.3100	11.7850	6274
2026-08-06T14:11:00-04:00	11.3000	11.7848	1293
2026-08-06T14:12:00-04:00	11.2763	11.7826	12431
2026-08-06T14:13:00-04:00	11.2750	11.7824	778
2026-08-06T14:14:00-04:00	11.2750	11.7818	3433
2026-08-06T14:15:00-04:00	11.2750	11.7812	3302
2026-08-06T14:16:00-04:00	11.3200	11.7776	20920
2026-08-06T14:17:00-04:00	11.3250	11.7768	4961
2026-08-06T14:18:00-04:00	11.3200	11.7756	7554
2026-08-06T14:19:00-04:00	11.3250	11.7747	5309
2026-08-06T14:20:00-04:00	11.2900	11.7740	4259
2026-08-06T14:21:00-04:00	11.3050	11.7736	2841
2026-08-06T14:22:00-04:00	11.3000	11.7732	2073
2026-08-06T14:23:00-04:00	11.3000	11.7731	946
2026-08-06T14:24:00-04:00	11.3010	11.7728	1488
2026-08-06T14:25:00-04:00	11.3100	11.7715	8217
2026-08-06T14:26:00-04:00	11.2700	11.7703	7208
2026-08-06T14:27:00-04:00	11.2700	11.7696	3826
2026-08-06T14:28:00-04:00	11.2800	11.7681	8690
2026-08-06T14:29:00-04:00	11.2900	11.7679	1172
2026-08-06T14:30:00-04:00	11.2800	11.7676	1520
2026-08-06T14:31:00-04:00	11.2800	11.7672	2379
2026-08-06T14:32:00-04:00	11.2700	11.7668	2688
2026-08-06T14:33:00-04:00	11.2550	11.7658	5625
2026-08-06T14:34:00-04:00	11.2700	11.7639	10748
2026-08-06T14:35:00-04:00	11.3000	11.7632	3963
2026-08-06T14:36:00-04:00	11.3300	11.7629	1969
2026-08-06T14:37:00-04:00	11.3008	11.7609	13001
2026-08-06T14:38:00-04:00	11.3000	11.7608	1035
2026-08-06T14:39:00-04:00	11.3100	11.7605	1463
2026-08-06T14:40:00-04:00	11.3000	11.7604	658
2026-08-06T14:41:00-04:00	11.2990	11.7601	1938
2026-08-06T14:42:00-04:00	11.2900	11.7599	1564
2026-08-06T14:43:00-04:00	11.2700	11.7594	2716
2026-08-06T14:44:00-04:00	11.2550	11.7587	4023
2026-08-06T14:45:00-04:00	11.2550	11.7584	1692
2026-08-06T14:46:00-04:00	11.2450	11.7570	8257
2026-08-06T14:47:00-04:00	11.2300	11.7568	927
2026-08-06T14:48:00-04:00	11.2200	11.7562	3482
2026-08-06T14:49:00-04:00	11.2250	11.7558	1984
2026-08-06T14:50:00-04:00	11.2050	11.7542	8876
2026-08-06T14:51:00-04:00	11.2000	11.7534	4120
2026-08-06T14:52:00-04:00	11.2010	11.7533	783
2026-08-06T14:53:00-04:00	11.2050	11.7530	1582
2026-08-06T14:54:00-04:00	11.2000	11.7524	2908
2026-08-06T14:55:00-04:00	11.2100	11.7519	2692
2026-08-06T14:56:00-04:00	11.2000	11.7518	634
2026-08-06T14:57:00-04:00	11.1800	11.7496	11643
2026-08-06T14:58:00-04:00	11.1650	11.7482	7107
2026-08-06T14:59:00-04:00	11.1500	11.7462	10166
2026-08-06T15:00:00-04:00	11.1550	11.7456	3046
2026-08-06T15:01:00-04:00	11.1500	11.7444	6248
2026-08-06T15:02:00-04:00	11.1550	11.7436	4110
2026-08-06T15:03:00-04:00	11.1550	11.7432	1664
2026-08-06T15:04:00-04:00	11.1650	11.7393	20187
2026-08-06T15:05:00-04:00	11.1450	11.7385	4179
2026-08-06T15:06:00-04:00	11.1550	11.7378	3414
2026-08-06T15:07:00-04:00	11.1410	11.7367	5742
2026-08-06T15:08:00-04:00	11.1600	11.7335	16892
2026-08-06T15:09:00-04:00	11.1700	11.7331	2401
2026-08-06T15:10:00-04:00	11.1888	11.7325	3194
2026-08-06T15:11:00-04:00	11.1850	11.7322	1496
2026-08-06T15:12:00-04:00	11.1750	11.7315	3984
2026-08-06T15:13:00-04:00	11.1500	11.7306	4700
2026-08-06T15:14:00-04:00	11.1350	11.7290	8390
2026-08-06T15:15:00-04:00	11.1250	11.7278	6283
2026-08-06T15:16:00-04:00	11.1183	11.7272	2886
2026-08-06T15:17:00-04:00	11.1350	11.7251	10932
2026-08-06T15:18:00-04:00	11.1450	11.7244	3545
2026-08-06T15:19:00-04:00	11.1450	11.7242	1333
2026-08-06T15:20:00-04:00	11.1550	11.7229	7277
2026-08-06T15:21:00-04:00	11.1400	11.7222	3516
2026-08-06T15:22:00-04:00	11.1350	11.7217	2451
2026-08-06T15:23:00-04:00	11.1150	11.7183	17684
2026-08-06T15:24:00-04:00	11.1100	11.7178	2571
2026-08-06T15:25:00-04:00	11.1150	11.7171	3714
2026-08-06T15:26:00-04:00	11.1000	11.7160	5719
2026-08-06T15:27:00-04:00	11.1050	11.7156	2290
2026-08-06T15:28:00-04:00	11.0850	11.7142	6914
2026-08-06T15:29:00-04:00	11.0201	11.7117	11887
2026-08-06T15:30:00-04:00	11.0900	11.7035	40967
2026-08-06T15:31:00-04:00	11.0700	11.7022	6629
2026-08-06T15:32:00-04:00	11.0450	11.7000	10993
2026-08-06T15:33:00-04:00	11.0400	11.6991	4139
2026-08-06T15:34:00-04:00	11.0500	11.6923	34273
2026-08-06T15:35:00-04:00	11.0500	11.6896	13624
2026-08-06T15:36:00-04:00	11.0500	11.6891	2753
2026-08-06T15:37:00-04:00	11.0201	11.6858	16412
2026-08-06T15:38:00-04:00	11.0400	11.6829	14792
2026-08-06T15:39:00-04:00	11.0500	11.6815	7142
2026-08-06T15:40:00-04:00	11.0450	11.6812	1664
2026-08-06T15:41:00-04:00	11.0450	11.6809	1573
2026-08-06T15:42:00-04:00	11.0350	11.6800	4372
2026-08-06T15:43:00-04:00	11.0050	11.6751	24596
2026-08-06T15:44:00-04:00	11.0050	11.6740	5614
2026-08-06T15:45:00-04:00	11.0050	11.6595	74502
2026-08-06T15:46:00-04:00	11.0050	11.6567	14779
2026-08-06T15:47:00-04:00	11.0000	11.6538	15014
2026-08-06T15:48:00-04:00	11.0000	11.6508	16260
2026-08-06T15:49:00-04:00	11.0050	11.6492	8503
2026-08-06T15:50:00-04:00	11.0050	11.6374	65156
2026-08-06T15:51:00-04:00	10.8900	11.6218	80291
2026-08-06T15:52:00-04:00	10.8400	11.6038	86313
2026-08-06T15:53:00-04:00	10.9000	11.5994	22518
2026-08-06T15:54:00-04:00	10.9200	11.5976	10003
2026-08-06T15:55:00-04:00	10.9050	11.5955	11343
2026-08-06T15:56:00-04:00	10.9050	11.5926	15918
2026-08-06T15:57:00-04:00	10.9100	11.5881	25289
2026-08-06T15:58:00-04:00	10.8800	11.5828	29350
2026-08-06T15:59:00-04:00	10.8850	11.5741	48800
2026-08-07T09:30:00-04:00	10.8100	10.9200	103200
2026-08-07T09:31:00-04:00	10.7900	10.8857	36969
2026-08-07T09:32:00-04:00	10.8500	10.8836	15128
2026-08-07T09:33:00-04:00	10.8400	10.8750	24095
2026-08-07T09:34:00-04:00	10.9700	10.8780	11052
2026-08-07T09:35:00-04:00	10.8520	10.8824	15798
2026-08-07T09:36:00-04:00	10.8020	10.8786	12782
2026-08-07T09:37:00-04:00	10.7900	10.8765	6032
2026-08-07T09:38:00-04:00	10.9750	10.8860	49918
2026-08-07T09:39:00-04:00	11.0150	10.8908	10991
2026-08-07T09:40:00-04:00	10.9900	10.8968	14856
2026-08-07T09:41:00-04:00	11.0050	10.8999	9226
2026-08-07T09:42:00-04:00	10.9400	10.9021	20989
2026-08-07T09:43:00-04:00	10.9500	10.9045	20947
2026-08-07T09:44:00-04:00	10.9570	10.9053	5593
2026-08-07T09:45:00-04:00	10.8100	10.9004	30311
2026-08-07T09:46:00-04:00	10.7150	10.8877	31558
2026-08-07T09:47:00-04:00	10.7700	10.8821	18048
2026-08-07T09:48:00-04:00	10.6974	10.8765	16538
2026-08-07T09:49:00-04:00	10.6900	10.8650	27013
2026-08-07T09:50:00-04:00	10.7700	10.8604	19775
2026-08-07T09:51:00-04:00	10.7650	10.8590	7618
2026-08-07T09:52:00-04:00	10.7500	10.8555	19531
2026-08-07T09:53:00-04:00	10.7600	10.8516	19573
2026-08-07T09:54:00-04:00	10.7400	10.8472	20166
2026-08-07T09:55:00-04:00	10.7050	10.8448	10887
2026-08-07T09:56:00-04:00	10.6500	10.8399	17370
2026-08-07T09:57:00-04:00	10.7700	10.8351	33747
2026-08-07T09:58:00-04:00	10.6900	10.8335	8530
2026-08-07T09:59:00-04:00	10.6800	10.8323	5053
2026-08-07T10:00:00-04:00	10.6450	10.8295	10132
2026-08-07T10:01:00-04:00	10.5500	10.8229	17352
2026-08-07T10:02:00-04:00	10.6000	10.8182	12837
2026-08-07T10:03:00-04:00	10.6199	10.8150	10671
2026-08-07T10:04:00-04:00	10.5300	10.8090	15344
2026-08-07T10:05:00-04:00	10.5850	10.8021	20941
2026-08-07T10:06:00-04:00	10.5850	10.7994	9521
2026-08-07T10:07:00-04:00	10.6201	10.7969	9993
2026-08-07T10:08:00-04:00	10.6350	10.7939	14851
2026-08-07T10:09:00-04:00	10.5708	10.7924	5481
2026-08-07T10:10:00-04:00	10.5950	10.7906	6512
2026-08-07T10:11:00-04:00	10.5942	10.7886	8443
2026-08-07T10:12:00-04:00	10.5800	10.7842	15326
2026-08-07T10:13:00-04:00	10.5749	10.7840	977
2026-08-07T10:14:00-04:00	10.5450	10.7823	5545
2026-08-07T10:15:00-04:00	10.6000	10.7808	6106
2026-08-07T10:16:00-04:00	10.6000	10.7805	1112
2026-08-07T10:17:00-04:00	10.6200	10.7782	10473
2026-08-07T10:18:00-04:00	10.6391	10.7725	29435
2026-08-07T10:19:00-04:00	10.6900	10.7713	10036
2026-08-07T10:20:00-04:00	10.6500	10.7707	4652
2026-08-07T10:21:00-04:00	10.6200	10.7706	823
2026-08-07T10:22:00-04:00	10.5500	10.7694	4966
2026-08-07T10:23:00-04:00	10.6150	10.7668	13375
2026-08-07T10:24:00-04:00	10.6000	10.7660	4506
2026-08-07T10:25:00-04:00	10.6400	10.7631	19023
2026-08-07T10:26:00-04:00	10.6450	10.7621	7435
2026-08-07T10:27:00-04:00	10.6712	10.7595	25061
2026-08-07T10:28:00-04:00	10.6778	10.7585	10953
2026-08-07T10:29:00-04:00	10.6800	10.7575	11510
2026-08-07T10:30:00-04:00	10.6600	10.7561	12267
2026-08-07T10:31:00-04:00	10.6250	10.7554	6188
2026-08-07T10:32:00-04:00	10.5650	10.7534	11099
2026-08-07T10:33:00-04:00	10.5900	10.7516	10554
2026-08-07T10:34:00-04:00	10.6300	10.7503	10004
2026-08-07T10:35:00-04:00	10.5950	10.7492	8089
2026-08-07T10:36:00-04:00	10.6141	10.7479	8843
2026-08-07T10:37:00-04:00	10.6100	10.7456	17032
2026-08-07T10:38:00-04:00	10.6400	10.7450	5812
2026-08-07T10:39:00-04:00	10.7700	10.7441	55284
2026-08-07T10:40:00-04:00	10.7750	10.7457	48084
2026-08-07T10:41:00-04:00	10.7750	10.7461	20750
2026-08-07T10:42:00-04:00	10.7500	10.7462	11603
2026-08-07T10:43:00-04:00	10.7000	10.7461	3204
2026-08-07T10:44:00-04:00	10.7700	10.7461	6146
2026-08-07T10:45:00-04:00	10.8000	10.7467	23268
2026-08-07T10:46:00-04:00	10.8550	10.7475	10371
2026-08-07T10:47:00-04:00	10.8167	10.7478	5032
2026-08-07T10:48:00-04:00	10.8450	10.7483	6522
2026-08-07T10:49:00-04:00	10.8600	10.7490	8674
2026-08-07T10:50:00-04:00	10.8800	10.7502	11443
2026-08-07T10:51:00-04:00	10.9300	10.7518	12005
2026-08-07T10:52:00-04:00	11.0200	10.7533	8414
2026-08-07T10:53:00-04:00	11.1300	10.7739	76490
2026-08-07T10:54:00-04:00	11.3600	10.7912	46361
2026-08-07T10:55:00-04:00	11.3650	10.7993	20313
2026-08-07T10:56:00-04:00	11.3750	10.8132	35332
2026-08-07T10:57:00-04:00	11.3800	10.8170	9861
2026-08-07T10:58:00-04:00	11.2662	10.8228	18389
2026-08-07T10:59:00-04:00	11.2350	10.8279	18198
2026-08-07T11:00:00-04:00	11.3100	10.8305	8573
2026-08-07T11:01:00-04:00	11.2750	10.8418	39219
2026-08-07T11:02:00-04:00	11.3700	10.8444	8102
2026-08-07T11:03:00-04:00	11.4000	10.8480	10609
2026-08-07T11:04:00-04:00	11.4100	10.8504	6658
2026-08-07T11:05:00-04:00	11.5500	10.8578	18206
2026-08-07T11:06:00-04:00	11.4800	10.8695	29468
2026-08-07T11:07:00-04:00	11.5300	10.8757	15582
2026-08-07T11:08:00-04:00	11.5900	10.8798	10003
2026-08-07T11:09:00-04:00	11.6750	10.8917	25791
2026-08-07T11:10:00-04:00	11.5400	10.9076	38995
2026-08-07T11:11:00-04:00	11.4400	10.9149	22871
2026-08-07T11:12:00-04:00	11.5327	10.9226	22190
2026-08-07T11:13:00-04:00	11.5850	10.9254	7686
2026-08-07T11:14:00-04:00	11.5750	10.9311	15583
2026-08-07T11:15:00-04:00	11.5300	10.9330	5490
2026-08-07T11:16:00-04:00	11.5200	10.9362	9449
2026-08-07T11:17:00-04:00	11.5000	10.9373	3501
2026-08-07T11:18:00-04:00	11.6100	10.9430	16062
2026-08-07T11:19:00-04:00	11.6500	10.9486	14735
2026-08-07T11:20:00-04:00	11.6700	10.9499	3345
2026-08-07T11:21:00-04:00	11.6900	10.9536	9427
2026-08-07T11:22:00-04:00	11.6950	10.9547	2752
2026-08-07T11:23:00-04:00	11.6600	10.9569	5725
2026-08-07T11:24:00-04:00	11.7000	10.9588	4849
2026-08-07T11:25:00-04:00	11.7800	10.9641	12426
2026-08-07T11:26:00-04:00	11.7100	10.9676	8625
2026-08-07T11:27:00-04:00	11.6600	10.9682	1820
2026-08-07T11:28:00-04:00	11.7200	10.9777	24731
2026-08-07T11:29:00-04:00	11.6550	10.9816	10714
2026-08-07T11:30:00-04:00	11.6000	10.9843	8455
2026-08-07T11:31:00-04:00	11.5900	10.9877	10669
2026-08-07T11:32:00-04:00	11.6150	10.9888	3600
2026-08-07T11:33:00-04:00	11.6000	10.9930	13215
2026-08-07T11:34:00-04:00	11.6300	10.9976	14501
2026-08-07T11:35:00-04:00	11.6000	11.0016	12962
2026-08-07T11:36:00-04:00	11.5700	11.0025	2965
2026-08-07T11:37:00-04:00	11.5640	11.0052	9522
2026-08-07T11:38:00-04:00	11.5900	11.0143	31577
2026-08-07T11:39:00-04:00	11.5200	11.0162	7133
2026-08-07T11:40:00-04:00	11.6000	11.0213	18923
2026-08-07T11:41:00-04:00	11.5600	11.0223	3699
2026-08-07T11:42:00-04:00	11.5272	11.0239	6554
2026-08-07T11:43:00-04:00	11.5650	11.0288	19174
2026-08-07T11:44:00-04:00	11.6050	11.0369	29760
2026-08-07T11:45:00-04:00	11.6250	11.0408	14560
2026-08-07T11:46:00-04:00	11.5936	11.0428	7630
2026-08-07T11:47:00-04:00	11.5650	11.0439	4629
2026-08-07T11:48:00-04:00	11.5900	11.0470	12019
2026-08-07T11:49:00-04:00	11.5900	11.0497	10562
2026-08-07T11:50:00-04:00	11.5700	11.0501	1922
2026-08-07T11:51:00-04:00	11.5800	11.0523	8487
2026-08-07T11:52:00-04:00	11.5700	11.0551	12103
2026-08-07T11:53:00-04:00	11.5350	11.0557	2698
2026-08-07T11:54:00-04:00	11.4600	11.0587	16305
2026-08-07T11:55:00-04:00	11.4400	11.0591	1718
2026-08-07T11:56:00-04:00	11.4600	11.0608	9335
2026-08-07T11:57:00-04:00	11.4578	11.0610	1074
2026-08-07T11:58:00-04:00	11.4200	11.0645	21462
2026-08-07T11:59:00-04:00	11.5000	11.0667	11715
2026-08-07T12:00:00-04:00	11.4850	11.0671	2102
2026-08-07T12:01:00-04:00	11.4500	11.0686	9111
2026-08-07T12:02:00-04:00	11.4700	11.0699	7356
2026-08-07T12:03:00-04:00	11.4500	11.0706	4008
2026-08-07T12:04:00-04:00	11.4500	11.0714	5047
2026-08-07T12:05:00-04:00	11.5000	11.0738	13416
2026-08-07T12:06:00-04:00	11.5050	11.0745	3879
2026-08-07T12:07:00-04:00	11.5000	11.0752	3972
2026-08-07T12:08:00-04:00	11.4500	11.0766	7700
2026-08-07T12:09:00-04:00	11.4750	11.0773	4106
2026-08-07T12:10:00-04:00	11.5150	11.0778	2853
2026-08-07T12:11:00-04:00	11.5150	11.0784	3309
2026-08-07T12:12:00-04:00	11.4850	11.0796	6808
2026-08-07T12:13:00-04:00	11.5150	11.0812	8702
2026-08-07T12:14:00-04:00	11.5150	11.0812	316
2026-08-07T12:15:00-04:00	11.5050	11.0816	2142
2026-08-07T12:16:00-04:00	11.5200	11.0832	8760
2026-08-07T12:17:00-04:00	11.4950	11.0839	3756
2026-08-07T12:18:00-04:00	11.5750	11.0871	16229
2026-08-07T12:19:00-04:00	11.5200	11.0882	6169
2026-08-07T12:20:00-04:00	11.5300	11.0883	598
2026-08-07T12:21:00-04:00	11.4600	11.0894	6254
2026-08-07T12:22:00-04:00	11.4200	11.0904	7311
2026-08-07T12:23:00-04:00	11.4100	11.0907	1625
2026-08-07T12:24:00-04:00	11.3200	11.0914	6907
2026-08-07T12:25:00-04:00	11.3600	11.0922	7949
2026-08-07T12:26:00-04:00	11.3450	11.0924	1668
2026-08-07T12:27:00-04:00	11.3850	11.0944	17333
2026-08-07T12:28:00-04:00	11.4000	11.0965	17426
2026-08-07T12:29:00-04:00	11.4150	11.0968	2631
2026-08-07T12:30:00-04:00	11.3900	11.0969	791
2026-08-07T12:31:00-04:00	11.3900	11.0988	15586
2026-08-07T12:32:00-04:00	11.3800	11.0995	6270
2026-08-07T12:33:00-04:00	11.3700	11.0998	2120
2026-08-07T12:34:00-04:00	11.3700	11.1000	1947
2026-08-07T12:35:00-04:00	11.3700	11.1003	2774
2026-08-07T12:36:00-04:00	11.3700	11.1006	2773
2026-08-07T12:37:00-04:00	11.3200	11.1010	3534
2026-08-07T12:38:00-04:00	11.3000	11.1011	2176
2026-08-07T12:39:00-04:00	11.3200	11.1014	2184
2026-08-07T12:40:00-04:00	11.3550	11.1016	2673
2026-08-07T12:41:00-04:00	11.3300	11.1021	5273
2026-08-07T12:42:00-04:00	11.2550	11.1028	8382
2026-08-07T12:43:00-04:00	11.3041	11.1033	7944
2026-08-07T12:44:00-04:00	11.3100	11.1038	5577
2026-08-07T12:45:00-04:00	11.3200	11.1040	2823
2026-08-07T12:46:00-04:00	11.3850	11.1063	22287
2026-08-07T12:47:00-04:00	11.3700	11.1065	2272
2026-08-07T12:48:00-04:00	11.3600	11.1077	11053
2026-08-07T12:49:00-04:00	11.3437	11.1081	4106
2026-08-07T12:50:00-04:00	11.4400	11.1105	20480
2026-08-07T12:51:00-04:00	11.4100	11.1109	3272
2026-08-07T12:52:00-04:00	11.4000	11.1110	687
2026-08-07T12:53:00-04:00	11.3700	11.1111	1130
2026-08-07T12:54:00-04:00	11.3700	11.1117	6192
2026-08-07T12:55:00-04:00	11.3700	11.1125	7981
2026-08-07T12:56:00-04:00	11.3800	11.1127	1828
2026-08-07T12:57:00-04:00	11.3500	11.1129	2242
2026-08-07T12:58:00-04:00	11.3300	11.1132	4034
2026-08-07T12:59:00-04:00	11.3850	11.1149	16904
2026-08-07T13:00:00-04:00	11.3800	11.1150	985
2026-08-07T13:01:00-04:00	11.3600	11.1155	5477
2026-08-07T13:02:00-04:00	11.3500	11.1159	4005
2026-08-07T13:03:00-04:00	11.3600	11.1163	4712
2026-08-07T13:04:00-04:00	11.3400	11.1172	9489
2026-08-07T13:05:00-04:00	11.3600	11.1174	2428
2026-08-07T13:06:00-04:00	11.4050	11.1191	16424
2026-08-07T13:07:00-04:00	11.4350	11.1206	12223
2026-08-07T13:08:00-04:00	11.4700	11.1210	3062
2026-08-07T13:09:00-04:00	11.4000	11.1215	5162
2026-08-07T13:10:00-04:00	11.4000	11.1220	4601
2026-08-07T13:11:00-04:00	11.4250	11.1222	1455
2026-08-07T13:12:00-04:00	11.4250	11.1225	2654
2026-08-07T13:13:00-04:00	11.3800	11.1229	4232
2026-08-07T13:14:00-04:00	11.3200	11.1232	2882
2026-08-07T13:15:00-04:00	11.3300	11.1233	2017
2026-08-07T13:16:00-04:00	11.3200	11.1235	1790
2026-08-07T13:17:00-04:00	11.3200	11.1240	6544
2026-08-07T13:18:00-04:00	11.3800	11.1247	8497
2026-08-07T13:19:00-04:00	11.4100	11.1255	7592
2026-08-07T13:20:00-04:00	11.4500	11.1260	3978
2026-08-07T13:21:00-04:00	11.4100	11.1262	2160
2026-08-07T13:22:00-04:00	11.3700	11.1266	4659
2026-08-07T13:23:00-04:00	11.3700	11.1269	2461
2026-08-07T13:24:00-04:00	11.3900	11.1273	4595
2026-08-07T13:25:00-04:00	11.3600	11.1275	2450
2026-08-07T13:26:00-04:00	11.3900	11.1285	10887
2026-08-07T13:27:00-04:00	11.3850	11.1285	334
2026-08-07T13:28:00-04:00	11.3500	11.1287	1449
2026-08-07T13:29:00-04:00	11.3150	11.1292	6932
2026-08-07T13:30:00-04:00	11.3362	11.1300	11957
2026-08-07T13:31:00-04:00	11.3300	11.1305	7128
2026-08-07T13:32:00-04:00	11.3400	11.1313	9951
2026-08-07T13:33:00-04:00	11.3300	11.1313	586
2026-08-07T13:34:00-04:00	11.3200	11.1315	2227
2026-08-07T13:35:00-04:00	11.3000	11.1317	3405
2026-08-07T13:36:00-04:00	11.3300	11.1327	18528
2026-08-07T13:37:00-04:00	11.3200	11.1328	1121
2026-08-07T13:38:00-04:00	11.3150	11.1329	846
2026-08-07T13:39:00-04:00	11.2900	11.1330	1655
2026-08-07T13:40:00-04:00	11.3100	11.1331	1890
2026-08-07T13:41:00-04:00	11.2900	11.1332	2435
2026-08-07T13:42:00-04:00	11.3100	11.1337	8049
2026-08-07T13:43:00-04:00	11.3150	11.1337	403
2026-08-07T13:44:00-04:00	11.2600	11.1340	5515
2026-08-07T13:45:00-04:00	11.3600	11.1346	8818
2026-08-07T13:46:00-04:00	11.3900	11.1347	1014
2026-08-07T13:47:00-04:00	11.3200	11.1348	2021
2026-08-07T13:48:00-04:00	11.3400	11.1350	2623
2026-08-07T13:49:00-04:00	11.3650	11.1352	1885
2026-08-07T13:50:00-04:00	11.3450	11.1353	2154
2026-08-07T13:51:00-04:00	11.3200	11.1355	2535
2026-08-07T13:52:00-04:00	11.3500	11.1361	8633
2026-08-07T13:53:00-04:00	11.3500	11.1362	1088
2026-08-07T13:54:00-04:00	11.3300	11.1362	1128
2026-08-07T13:55:00-04:00	11.3500	11.1363	164
2026-08-07T13:56:00-04:00	11.3150	11.1364	1735
2026-08-07T13:57:00-04:00	11.3400	11.1368	6736
2026-08-07T13:58:00-04:00	11.3500	11.1369	571
2026-08-07T13:59:00-04:00	11.3000	11.1370	2943
2026-08-07T14:00:00-04:00	11.3150	11.1373	3639
2026-08-07T14:01:00-04:00	11.2800	11.1373	1069
2026-08-07T14:02:00-04:00	11.3600	11.1374	1538
2026-08-07T14:03:00-04:00	11.3200	11.1374	137
2026-08-07T14:04:00-04:00	11.3250	11.1375	1126
2026-08-07T14:05:00-04:00	11.3200	11.1376	1187
2026-08-07T14:06:00-04:00	11.3200	11.1376	473
2026-08-07T14:07:00-04:00	11.2724	11.1379	5966
2026-08-07T14:08:00-04:00	11.2700	11.1379	1108
2026-08-07T14:09:00-04:00	11.2700	11.1379	226
2026-08-07T14:10:00-04:00	11.2700	11.1380	582
2026-08-07T14:11:00-04:00	11.3100	11.1380	831
2026-08-07T14:12:00-04:00	11.2800	11.1380	404
2026-08-07T14:13:00-04:00	11.2650	11.1382	3684
2026-08-07T14:14:00-04:00	11.2750	11.1383	1369
2026-08-07T14:15:00-04:00	11.2500	11.1384	2440
2026-08-07T14:16:00-04:00	11.2500	11.1384	711
2026-08-07T14:17:00-04:00	11.2500	11.1387	8231
2026-08-07T14:18:00-04:00	11.2400	11.1387	604
2026-08-07T14:19:00-04:00	11.2550	11.1388	1484
2026-08-07T14:20:00-04:00	11.2350	11.1390	6181
2026-08-07T14:21:00-04:00	11.1900	11.1391	3820
2026-08-07T14:22:00-04:00	11.1910	11.1393	9633
2026-08-07T14:23:00-04:00	11.2050	11.1393	1228
2026-08-07T14:24:00-04:00	11.1850	11.1393	1531
2026-08-07T14:25:00-04:00	11.1800	11.1395	10675
2026-08-07T14:26:00-04:00	11.1400	11.1395	2018
2026-08-07T14:27:00-04:00	11.1550	11.1395	3815
2026-08-07T14:28:00-04:00	11.1600	11.1395	3785
2026-08-07T14:29:00-04:00	11.2000	11.1398	14547
2026-08-07T14:30:00-04:00	11.2100	11.1398	827
2026-08-07T14:31:00-04:00	11.2150	11.1749	2981939
2026-08-07T14:32:00-04:00	11.1800	11.1749	1988
2026-08-07T14:33:00-04:00	11.1800	11.1749	2637
2026-08-07T14:34:00-04:00	11.1900	11.1749	4744
2026-08-07T14:35:00-04:00	11.1900	11.1750	4920
2026-08-07T14:36:00-04:00	11.2100	11.1750	3304
2026-08-07T14:37:00-04:00	11.2250	11.1750	1028
2026-08-07T14:38:00-04:00	11.2250	11.1750	841
2026-08-07T14:39:00-04:00	11.2200	11.1750	3699
2026-08-07T14:40:00-04:00	11.2200	11.1750	3078
2026-08-07T14:41:00-04:00	11.2550	11.1752	8960
2026-08-07T14:42:00-04:00	11.2550	11.1752	371
2026-08-07T14:43:00-04:00	11.2550	11.1752	297
2026-08-07T14:44:00-04:00	11.2250	11.1752	7477
2026-08-07T14:45:00-04:00	11.2200	11.1753	2686
2026-08-07T14:46:00-04:00	11.1550	11.1753	10045
2026-08-07T14:47:00-04:00	11.1400	11.1752	6446
2026-08-07T14:48:00-04:00	11.1350	11.1752	2582
2026-08-07T14:49:00-04:00	11.1250	11.1752	6243
2026-08-07T14:50:00-04:00	11.1400	11.1751	5035
2026-08-07T14:51:00-04:00	11.1400	11.1751	752
2026-08-07T14:52:00-04:00	11.1400	11.1751	782
2026-08-07T14:53:00-04:00	11.1250	11.1751	3453
2026-08-07T14:54:00-04:00	11.1100	11.1750	8180
2026-08-07T14:55:00-04:00	11.1100	11.1750	2271
2026-08-07T14:56:00-04:00	11.0950	11.1750	1938
2026-08-07T14:57:00-04:00	11.1200	11.1749	10196
2026-08-07T14:58:00-04:00	11.1200	11.1749	586
2026-08-07T14:59:00-04:00	11.1150	11.1748	8361
2026-08-07T15:00:00-04:00	11.1300	11.1747	15544
2026-08-07T15:01:00-04:00	11.1350	11.1746	15323
2026-08-07T15:02:00-04:00	11.1300	11.1746	2004
2026-08-07T15:03:00-04:00	11.1350	11.1745	6045
2026-08-07T15:04:00-04:00	11.1300	11.1745	2491
2026-08-07T15:05:00-04:00	11.1350	11.1744	8425
2026-08-07T15:06:00-04:00	11.1600	11.1744	14265
2026-08-07T15:08:00-04:00	11.1400	11.1744	5629
2026-08-07T15:09:00-04:00	11.1350	11.1743	3022
2026-08-07T15:10:00-04:00	11.1450	11.1743	3707
2026-08-07T15:11:00-04:00	11.1450	11.1743	4072
2026-08-07T15:12:00-04:00	11.1450	11.1743	946
2026-08-07T15:13:00-04:00	11.1600	11.1743	8460
2026-08-07T15:14:00-04:00	11.1600	11.1743	1284
2026-08-07T15:15:00-04:00	11.1600	11.1743	1608
2026-08-07T15:16:00-04:00	11.1600	11.1743	1424
2026-08-07T15:17:00-04:00	11.1500	11.1742	9340
2026-08-07T15:18:00-04:00	11.1400	11.1742	7133
2026-08-07T15:19:00-04:00	11.1550	11.1742	3573
2026-08-07T15:20:00-04:00	11.1700	11.1742	2572
2026-08-07T15:21:00-04:00	11.1600	11.1742	8465
2026-08-07T15:22:00-04:00	11.1700	11.1741	7640
2026-08-07T15:23:00-04:00	11.1800	11.1741	1044
2026-08-07T15:24:00-04:00	11.1500	11.1741	2401
2026-08-07T15:25:00-04:00	11.1400	11.1741	2153
2026-08-07T15:26:00-04:00	11.1550	11.1741	3461
2026-08-07T15:27:00-04:00	11.1300	11.1741	7625
2026-08-07T15:28:00-04:00	11.1400	11.1740	7284
2026-08-07T15:29:00-04:00	11.1200	11.1740	4029
2026-08-07T15:30:00-04:00	11.1100	11.1739	6317
2026-08-07T15:31:00-04:00	11.0800	11.1737	13190
2026-08-07T15:32:00-04:00	11.0900	11.1737	4622
2026-08-07T15:33:00-04:00	11.0850	11.1736	1910
2026-08-07T15:34:00-04:00	11.0950	11.1735	13398
2026-08-07T15:35:00-04:00	11.1300	11.1734	10573
2026-08-07T15:36:00-04:00	11.1300	11.1734	2925
2026-08-07T15:37:00-04:00	11.1500	11.1733	2734
2026-08-07T15:38:00-04:00	11.1650	11.1733	10841
2026-08-07T15:39:00-04:00	11.1550	11.1733	3439
2026-08-07T15:40:00-04:00	11.1200	11.1733	5661
2026-08-07T15:41:00-04:00	11.1250	11.1732	5278
2026-08-07T15:42:00-04:00	11.1500	11.1732	3693
2026-08-07T15:43:00-04:00	11.1400	11.1732	4102
2026-08-07T15:44:00-04:00	11.0900	11.1731	9117
2026-08-07T15:45:00-04:00	11.0600	11.1725	38670
2026-08-07T15:46:00-04:00	11.0650	11.1722	14507
2026-08-07T15:47:00-04:00	11.0600	11.1721	7005
2026-08-07T15:48:00-04:00	11.0890	11.1719	17412
2026-08-07T15:49:00-04:00	11.0850	11.1717	8002
2026-08-07T15:50:00-04:00	11.1800	11.1717	20655
2026-08-07T15:51:00-04:00	11.2750	11.1720	26283
2026-08-07T15:52:00-04:00	11.2700	11.1722	20146
2026-08-07T15:53:00-04:00	11.2900	11.1723	5991
2026-08-07T15:54:00-04:00	11.3200	11.1727	15507
2026-08-07T15:55:00-04:00	11.3650	11.1736	31968
2026-08-07T15:56:00-04:00	11.4350	11.1747	32043
2026-08-07T15:57:00-04:00	11.5000	11.1759	24389
2026-08-07T15:58:00-04:00	11.4000	11.1782	59914
2026-08-07T15:59:00-04:00	11.4000	11.1805	65558
2026-08-10T09:30:00-04:00	11.6732	11.5294	60885
2026-08-10T09:31:00-04:00	11.9300	11.6490	34669
2026-08-10T09:32:00-04:00	11.8900	11.6625	6130
2026-08-10T09:33:00-04:00	11.8000	11.6954	30876
2026-08-10T09:34:00-04:00	11.7050	11.6980	6311
2026-08-10T09:35:00-04:00	11.7200	11.6995	5954
2026-08-10T09:36:00-04:00	11.6850	11.6989	8327
2026-08-10T09:37:00-04:00	11.5525	11.6878	15735
2026-08-10T09:38:00-04:00	11.3900	11.6816	4099
2026-08-10T09:39:00-04:00	11.2700	11.6722	4811
2026-08-10T09:40:00-04:00	11.1300	11.6570	6911
2026-08-10T09:41:00-04:00	11.0400	11.6242	11552
2026-08-10T09:42:00-04:00	11.1400	11.6083	6138
2026-08-10T09:43:00-04:00	11.1050	11.5938	5837
2026-08-10T09:44:00-04:00	11.1725	11.5873	2961
2026-08-10T09:45:00-04:00	10.9700	11.5519	14004
2026-08-10T09:46:00-04:00	10.9200	11.5266	9550
2026-08-10T09:47:00-04:00	10.8450	11.4773	18302
2026-08-10T09:48:00-04:00	10.7900	11.4252	21088
2026-08-10T09:49:00-04:00	10.8850	11.3996	13080
2026-08-10T09:50:00-04:00	10.8850	11.3784	12110
2026-08-10T09:51:00-04:00	10.8900	11.3750	2060
2026-08-10T09:52:00-04:00	10.7900	11.3668	4577
2026-08-10T09:53:00-04:00	10.8900	11.3539	7838
2026-08-10T09:54:00-04:00	10.9650	11.3441	7446
2026-08-10T09:55:00-04:00	10.9300	11.3350	7199
2026-08-10T09:56:00-04:00	10.9050	11.3316	2643
2026-08-10T09:57:00-04:00	10.8700	11.3230	6611
2026-08-10T09:58:00-04:00	10.8500	11.3177	3708
2026-08-10T09:59:00-04:00	10.7800	11.3023	10784
2026-08-10T10:00:00-04:00	10.8700	11.2920	8085
2026-08-10T10:01:00-04:00	10.7900	11.2836	6377
2026-08-10T10:02:00-04:00	10.7850	11.2752	6280
2026-08-10T10:03:00-04:00	10.7400	11.2522	17059
2026-08-10T10:04:00-04:00	10.7200	11.2469	4041
2026-08-10T10:05:00-04:00	10.8400	11.2348	11121
2026-08-10T10:06:00-04:00	10.8100	11.2291	5743
2026-08-10T10:07:00-04:00	10.8050	11.2287	456
2026-08-10T10:08:00-04:00	10.7550	11.2256	2701
2026-08-10T10:09:00-04:00	10.7200	11.2022	19448
2026-08-10T10:10:00-04:00	10.7400	11.1672	38223
2026-08-10T10:11:00-04:00	10.6600	11.1616	5567
2026-08-10T10:12:00-04:00	10.7000	11.1343	30031
2026-08-10T10:13:00-04:00	10.6600	11.1271	7912
2026-08-10T10:14:00-04:00	10.6500	11.1230	4347
2026-08-10T10:15:00-04:00	10.6999	11.1151	9560
2026-08-10T10:16:00-04:00	10.6643	11.1119	3704
2026-08-10T10:17:00-04:00	10.6600	11.1067	6103
2026-08-10T10:18:00-04:00	10.6800	11.1001	8230
2026-08-10T10:19:00-04:00	10.7100	11.0969	4350
2026-08-10T10:20:00-04:00	10.7100	11.0865	15362
2026-08-10T10:21:00-04:00	10.7300	11.0811	8257
2026-08-10T10:22:00-04:00	10.7400	11.0760	8712
2026-08-10T10:23:00-04:00	10.7000	11.0638	20692
2026-08-10T10:24:00-04:00	10.6950	11.0609	4649
2026-08-10T10:25:00-04:00	10.7600	11.0555	9975
2026-08-10T10:26:00-04:00	10.7850	11.0402	36631
2026-08-10T10:27:00-04:00	10.7750	11.0381	5159
2026-08-10T10:28:00-04:00	10.7000	11.0351	6523
2026-08-10T10:29:00-04:00	10.7250	11.0324	6010
2026-08-10T10:30:00-04:00	10.6899	11.0268	11388
2026-08-10T10:31:00-04:00	10.7100	11.0236	7118
2026-08-10T10:32:00-04:00	10.7400	11.0145	21775
2026-08-10T10:33:00-04:00	10.7550	11.0123	6112
2026-08-10T10:34:00-04:00	10.7500	11.0111	3258
2026-08-10T10:35:00-04:00	10.8072	11.0095	5481
2026-08-10T10:36:00-04:00	10.8250	11.0081	5411
2026-08-10T10:37:00-04:00	10.8400	11.0032	20271
2026-08-10T10:38:00-04:00	10.8018	11.0012	7014
2026-08-10T10:39:00-04:00	10.8000	11.0000	4239
2026-08-10T10:40:00-04:00	10.7600	10.9984	5206
2026-08-10T10:41:00-04:00	10.8300	10.9968	6744
2026-08-10T10:42:00-04:00	10.8650	10.9956	6689
2026-08-10T10:43:00-04:00	10.8300	10.9949	3959
2026-08-10T10:44:00-04:00	10.8400	10.9945	1875
2026-08-10T10:45:00-04:00	10.8457	10.9936	4412
2026-08-10T10:46:00-04:00	10.8700	10.9924	6713
2026-08-10T10:47:00-04:00	10.8850	10.9916	5410
2026-08-10T10:48:00-04:00	10.8800	10.9912	2639
2026-08-10T10:49:00-04:00	10.8101	10.9903	4061
2026-08-10T10:50:00-04:00	10.8496	10.9888	7998
2026-08-10T10:51:00-04:00	10.8250	10.9881	3673
2026-08-10T10:52:00-04:00	10.8500	10.9831	24313
2026-08-10T10:53:00-04:00	10.8325	10.9828	1493
2026-08-10T10:54:00-04:00	10.7835	10.9822	2623
2026-08-10T10:55:00-04:00	10.7700	10.9817	2080
2026-08-10T10:56:00-04:00	10.8300	10.9809	4383
2026-08-10T10:57:00-04:00	10.8300	10.9808	596
2026-08-10T10:58:00-04:00	10.8150	10.9807	221
2026-08-10T10:59:00-04:00	10.7800	10.9798	3984
2026-08-10T11:00:00-04:00	10.8425	10.9775	12972
2026-08-10T11:01:00-04:00	10.8450	10.9774	1030
2026-08-10T11:02:00-04:00	10.8300	10.9769	2810
2026-08-10T11:03:00-04:00	10.8117	10.9767	1370
2026-08-10T11:04:00-04:00	10.7700	10.9760	2919
2026-08-10T11:05:00-04:00	10.7400	10.9722	15018
2026-08-10T11:06:00-04:00	10.7700	10.9715	3102
2026-08-10T11:07:00-04:00	10.7700	10.9702	5411
2026-08-10T11:08:00-04:00	10.7300	10.9699	1454
2026-08-10T11:09:00-04:00	10.7400	10.9693	2424
2026-08-10T11:10:00-04:00	10.7300	10.9681	4546
2026-08-10T11:11:00-04:00	10.7000	10.9674	2799
2026-08-10T11:12:00-04:00	10.7250	10.9610	22715
2026-08-10T11:13:00-04:00	10.7200	10.9608	880
2026-08-10T11:14:00-04:00	10.7000	10.9591	5993
2026-08-10T11:15:00-04:00	10.8199	10.9579	6843
2026-08-10T11:16:00-04:00	10.7400	10.9573	2947
2026-08-10T11:17:00-04:00	10.6600	10.9566	2490
2026-08-10T11:18:00-04:00	10.6500	10.9560	2163
2026-08-10T11:19:00-04:00	10.6750	10.9555	1710
2026-08-10T11:20:00-04:00	10.7200	10.9536	7242
2026-08-10T11:21:00-04:00	10.7364	10.9534	1275
2026-08-10T11:22:00-04:00	10.7200	10.9531	1093
2026-08-10T11:23:00-04:00	10.7000	10.9523	3198
2026-08-10T11:24:00-04:00	10.7200	10.9517	2422
2026-08-10T11:25:00-04:00	10.7000	10.9509	3276
2026-08-10T11:26:00-04:00	10.7000	10.9503	2410
2026-08-10T11:27:00-04:00	10.7150	10.9497	2276
2026-08-10T11:28:00-04:00	10.7300	10.9493	2177
2026-08-10T11:29:00-04:00	10.7000	10.9487	2381
2026-08-10T11:30:00-04:00	10.7100	10.9481	2147
2026-08-10T11:31:00-04:00	10.7100	10.9478	1468
2026-08-10T11:32:00-04:00	10.7200	10.9475	1451
2026-08-10T11:33:00-04:00	10.7000	10.9454	8446
2026-08-10T11:34:00-04:00	10.7100	10.9453	444
2026-08-10T11:35:00-04:00	10.7290	10.9447	2790
2026-08-10T11:36:00-04:00	10.7100	10.9441	2491
2026-08-10T11:37:00-04:00	10.6650	10.9419	8798
2026-08-10T11:38:00-04:00	10.6600	10.9416	801
2026-08-10T11:39:00-04:00	10.6150	10.9377	13075
2026-08-10T11:40:00-04:00	10.6100	10.9364	3958
2026-08-10T11:41:00-04:00	10.6600	10.9337	9686
2026-08-10T11:42:00-04:00	10.6472	10.9326	4085
2026-08-10T11:43:00-04:00	10.6500	10.9310	5715
2026-08-10T11:44:00-04:00	10.6400	10.9292	7147
2026-08-10T11:45:00-04:00	10.6195	10.9271	7044
2026-08-10T11:46:00-04:00	10.6000	10.9262	3227
2026-08-10T11:47:00-04:00	10.6100	10.9255	2186
2026-08-10T11:48:00-04:00	10.6200	10.9232	8382
2026-08-10T11:49:00-04:00	10.6000	10.9223	2998
2026-08-10T11:50:00-04:00	10.6100	10.9204	6527
2026-08-10T11:51:00-04:00	10.6400	10.9182	8526
2026-08-10T11:52:00-04:00	10.6600	10.9174	3511
2026-08-10T11:53:00-04:00	10.6500	10.9170	1682
2026-08-10T11:54:00-04:00	10.6450	10.9160	3863
2026-08-10T11:55:00-04:00	10.6300	10.9145	6107
2026-08-10T11:56:00-04:00	10.6800	10.9132	5747
2026-08-10T11:57:00-04:00	10.7250	10.9126	3224
2026-08-10T11:58:00-04:00	10.7100	10.9109	10152
2026-08-10T11:59:00-04:00	10.6400	10.9079	14084
2026-08-10T12:00:00-04:00	10.6400	10.9067	5204
2026-08-10T12:01:00-04:00	10.6478	10.9053	6286
2026-08-10T12:02:00-04:00	10.6100	10.9044	3631
2026-08-10T12:03:00-04:00	10.6100	10.9039	1963
2026-08-10T12:04:00-04:00	10.6600	10.9027	5696
2026-08-10T12:05:00-04:00	10.6650	10.9025	677
2026-08-10T12:06:00-04:00	10.6650	10.9020	2771
2026-08-10T12:07:00-04:00	10.6300	10.9014	2497
2026-08-10T12:08:00-04:00	10.6200	10.9005	4067
2026-08-10T12:09:00-04:00	10.5900	10.8961	17911
2026-08-10T12:10:00-04:00	10.5600	10.8922	14352
2026-08-10T12:11:00-04:00	10.5700	10.8889	12718
2026-08-10T12:12:00-04:00	10.5308	10.8874	5077
2026-08-10T12:13:00-04:00	10.5250	10.8865	3182
2026-08-10T12:14:00-04:00	10.5200	10.8854	3662
2026-08-10T12:15:00-04:00	10.5100	10.8845	3053
2026-08-10T12:16:00-04:00	10.5219	10.8818	9672
2026-08-10T12:17:00-04:00	10.5400	10.8802	5567
2026-08-10T12:18:00-04:00	10.5250	10.8787	5374
2026-08-10T12:19:00-04:00	10.5500	10.8760	10093
2026-08-10T12:20:00-04:00	10.5350	10.8755	1772
2026-08-10T12:21:00-04:00	10.5300	10.8753	1046
2026-08-10T12:22:00-04:00	10.5400	10.8737	5922
2026-08-10T12:23:00-04:00	10.5430	10.8734	1018
2026-08-10T12:24:00-04:00	10.5300	10.8729	2019
2026-08-10T12:25:00-04:00	10.5500	10.8711	6982
2026-08-10T12:26:00-04:00	10.5274	10.8696	5600
2026-08-10T12:27:00-04:00	10.5100	10.8696	302
2026-08-10T12:28:00-04:00	10.5500	10.8681	5768
2026-08-10T12:29:00-04:00	10.5250	10.8655	10205
2026-08-10T12:30:00-04:00	10.5450	10.8637	7459
2026-08-10T12:31:00-04:00	10.5400	10.8635	841
2026-08-10T12:32:00-04:00	10.5198	10.8575	22479
2026-08-10T12:33:00-04:00	10.4850	10.8563	4455
2026-08-10T12:34:00-04:00	10.5000	10.8552	3923
2026-08-10T12:35:00-04:00	10.5100	10.8536	6372
2026-08-10T12:36:00-04:00	10.5200	10.8530	2435
2026-08-10T12:37:00-04:00	10.5000	10.8526	1789
2026-08-10T12:38:00-04:00	10.5100	10.8518	3102
2026-08-10T12:39:00-04:00	10.4700	10.8503	5544
2026-08-10T12:40:00-04:00	10.4800	10.8490	5033
2026-08-10T12:41:00-04:00	10.4200	10.8428	21585
2026-08-10T12:42:00-04:00	10.4400	10.8399	10240
2026-08-10T12:43:00-04:00	10.4300	10.8396	956
2026-08-10T12:44:00-04:00	10.4000	10.8351	14844
2026-08-10T12:45:00-04:00	10.3500	10.8331	6134
2026-08-10T12:46:00-04:00	10.3754	10.8295	11125
2026-08-10T12:47:00-04:00	10.3700	10.8274	6565
2026-08-10T12:48:00-04:00	10.3776	10.8259	4858
2026-08-10T12:49:00-04:00	10.3650	10.8216	13591
2026-08-10T12:50:00-04:00	10.3600	10.8188	8965
2026-08-10T12:51:00-04:00	10.3800	10.8175	4373
2026-08-10T12:52:00-04:00	10.3650	10.8165	3277
2026-08-10T12:53:00-04:00	10.3800	10.8114	17893
2026-08-10T12:54:00-04:00	10.3600	10.8110	1104
2026-08-10T12:55:00-04:00	10.3892	10.8094	5757
2026-08-10T12:56:00-04:00	10.3700	10.8088	1932
2026-08-10T12:57:00-04:00	10.3800	10.8079	3279
2026-08-10T12:58:00-04:00	10.3700	10.8062	6096
2026-08-10T12:59:00-04:00	10.3750	10.8054	2732
2026-08-10T13:00:00-04:00	10.3608	10.8043	3870
2026-08-10T13:01:00-04:00	10.3700	10.8037	2111
2026-08-10T13:02:00-04:00	10.3600	10.8031	2142
2026-08-10T13:03:00-04:00	10.3350	10.8017	4706
2026-08-10T13:04:00-04:00	10.3600	10.8000	5629
2026-08-10T13:05:00-04:00	10.3500	10.7996	1350
2026-08-10T13:06:00-04:00	10.3600	10.7982	5012
2026-08-10T13:07:00-04:00	10.3500	10.7969	4624
2026-08-10T13:08:00-04:00	10.3600	10.7966	1190
2026-08-10T13:09:00-04:00	10.3500	10.7961	1547
2026-08-10T13:10:00-04:00	10.3600	10.7954	2626
2026-08-10T13:11:00-04:00	10.3200	10.7934	6688
2026-08-10T13:12:00-04:00	10.3100	10.7923	3557
2026-08-10T13:13:00-04:00	10.3100	10.7907	5331
2026-08-10T13:14:00-04:00	10.3000	10.7895	3862
2026-08-10T13:15:00-04:00	10.3200	10.7879	5644
2026-08-10T13:16:00-04:00	10.3300	10.7875	1225
2026-08-10T13:17:00-04:00	10.3300	10.7869	1955
2026-08-10T13:18:00-04:00	10.3300	10.7855	4995
2026-08-10T13:19:00-04:00	10.3300	10.7833	7539
2026-08-10T13:20:00-04:00	10.3200	10.7825	3119
2026-08-10T13:21:00-04:00	10.3100	10.7802	7683
2026-08-10T13:22:00-04:00	10.3200	10.7790	4258
2026-08-10T13:23:00-04:00	10.3400	10.7765	9473
2026-08-10T13:24:00-04:00	10.3599	10.7755	3664
2026-08-10T13:25:00-04:00	10.3700	10.7737	7063
2026-08-10T13:26:00-04:00	10.3781	10.7736	428
2026-08-10T13:27:00-04:00	10.3700	10.7734	1025
2026-08-10T13:28:00-04:00	10.3500	10.7730	1399
2026-08-10T13:29:00-04:00	10.3700	10.7722	3256
2026-08-10T13:30:00-04:00	10.3500	10.7713	3678
2026-08-10T13:31:00-04:00	10.3600	10.7703	3918
2026-08-10T13:32:00-04:00	10.3700	10.7693	4158
2026-08-10T13:33:00-04:00	10.3800	10.7683	4199
2026-08-10T13:34:00-04:00	10.3600	10.7677	2382
2026-08-10T13:35:00-04:00	10.3700	10.7664	5465
2026-08-10T13:36:00-04:00	10.3800	10.7655	3851
2026-08-10T13:37:00-04:00	10.3700	10.7638	7178
2026-08-10T13:38:00-04:00	10.3600	10.7637	672
2026-08-10T13:39:00-04:00	10.3700	10.7615	9319
2026-08-10T13:40:00-04:00	10.3550	10.7604	4490
2026-08-10T13:41:00-04:00	10.3260	10.7596	3446
2026-08-10T13:42:00-04:00	10.3200	10.7583	4984
2026-08-10T13:43:00-04:00	10.3200	10.7578	2012
2026-08-10T13:44:00-04:00	10.3250	10.7573	1668
2026-08-10T13:45:00-04:00	10.3100	10.7568	1980
2026-08-10T13:46:00-04:00	10.3600	10.7552	6653
2026-08-10T13:47:00-04:00	10.3600	10.7548	2123
2026-08-10T13:48:00-04:00	10.3600	10.7546	483
2026-08-10T13:49:00-04:00	10.3500	10.7541	2134
2026-08-10T13:50:00-04:00	10.3700	10.7534	3242
2026-08-10T13:51:00-04:00	10.3600	10.7529	2327
2026-08-10T13:52:00-04:00	10.3500	10.7523	2544
2026-08-10T13:53:00-04:00	10.3400	10.7508	6346
2026-08-10T13:54:00-04:00	10.3600	10.7505	1475
2026-08-10T13:55:00-04:00	10.3500	10.7501	1318
2026-08-10T13:56:00-04:00	10.3400	10.7496	2152
2026-08-10T13:57:00-04:00	10.3588	10.7489	3437
2026-08-10T13:58:00-04:00	10.3800	10.7481	3378
2026-08-10T13:59:00-04:00	10.3600	10.7478	1622
2026-08-10T14:00:00-04:00	10.3700	10.7471	3301
2026-08-10T14:01:00-04:00	10.3600	10.7466	2104
2026-08-10T14:02:00-04:00	10.3700	10.7460	2844
2026-08-10T14:03:00-04:00	10.3762	10.7459	471
2026-08-10T14:04:00-04:00	10.3650	10.7456	1288
2026-08-10T14:05:00-04:00	10.4000	10.7422	16808
2026-08-10T14:06:00-04:00	10.3900	10.7415	3321
2026-08-10T14:07:00-04:00	10.4200	10.7402	7091
2026-08-10T14:08:00-04:00	10.4350	10.7401	515
2026-08-10T14:09:00-04:00	10.3800	10.7381	10120
2026-08-10T14:10:00-04:00	10.3700	10.7379	1347
2026-08-10T14:11:00-04:00	10.3750	10.7376	1214
2026-08-10T14:12:00-04:00	10.3600	10.7374	1078
2026-08-10T14:13:00-04:00	10.3700	10.7371	1216
2026-08-10T14:14:00-04:00	10.3200	10.7258	52335
2026-08-10T14:15:00-04:00	10.3400	10.7242	7459
2026-08-10T14:16:00-04:00	10.3350	10.7219	11037
2026-08-10T14:17:00-04:00	10.3350	10.7218	538
2026-08-10T14:18:00-04:00	10.3100	10.7215	1606
2026-08-10T14:19:00-04:00	10.3200	10.7173	19195
2026-08-10T14:20:00-04:00	10.3200	10.7166	3290
2026-08-10T14:21:00-04:00	10.3381	10.7157	4666
2026-08-10T14:22:00-04:00	10.3100	10.7151	2675
2026-08-10T14:23:00-04:00	10.3000	10.7143	4078
2026-08-10T14:24:00-04:00	10.3100	10.7127	7325
2026-08-10T14:25:00-04:00	10.3250	10.7110	8383
2026-08-10T14:26:00-04:00	10.3400	10.7073	19089
2026-08-10T14:27:00-04:00	10.3400	10.7069	1979
2026-08-10T14:28:00-04:00	10.3300	10.7066	1966
2026-08-10T14:29:00-04:00	10.3400	10.7050	8174
2026-08-10T14:30:00-04:00	10.3400	10.7042	4253
2026-08-10T14:31:00-04:00	10.3350	10.7039	1603
2026-08-10T14:32:00-04:00	10.3200	10.7015	12631
2026-08-10T14:33:00-04:00	10.3200	10.7010	2766
2026-08-10T14:34:00-04:00	10.3250	10.7005	2337
2026-08-10T14:35:00-04:00	10.3500	10.6993	6758
2026-08-10T14:36:00-04:00	10.3100	10.6988	2607
2026-08-10T14:37:00-04:00	10.3100	10.6982	2866
2026-08-10T14:38:00-04:00	10.3150	10.6965	8991
2026-08-10T14:39:00-04:00	10.3500	10.6953	6559
2026-08-10T14:40:00-04:00	10.3550	10.6953	510
2026-08-10T14:41:00-04:00	10.3300	10.6947	3367
2026-08-10T14:42:00-04:00	10.3300	10.6945	1049
2026-08-10T14:43:00-04:00	10.3100	10.6940	2491
2026-08-10T14:44:00-04:00	10.3250	10.6934	2992
2026-08-10T14:45:00-04:00	10.3400	10.6919	8564
2026-08-10T14:46:00-04:00	10.3200	10.6915	2659
2026-08-10T14:47:00-04:00	10.3200	10.6912	1237
2026-08-10T14:48:00-04:00	10.2700	10.6872	20188
2026-08-10T14:49:00-04:00	10.2500	10.6843	14239
2026-08-10T14:50:00-04:00	10.2900	10.6819	11826
2026-08-10T14:51:00-04:00	10.2700	10.6815	2336
2026-08-10T14:52:00-04:00	10.2500	10.6810	2342
2026-08-10T14:53:00-04:00	10.2550	10.6805	2544
2026-08-10T14:54:00-04:00	10.2500	10.6796	4203
2026-08-10T14:55:00-04:00	10.2400	10.6767	14290
2026-08-10T14:56:00-04:00	10.2300	10.6756	5137
2026-08-10T14:57:00-04:00	10.2700	10.6719	18795
2026-08-10T14:58:00-04:00	10.2850	10.6710	5016
2026-08-10T14:59:00-04:00	10.3000	10.4837	2130812
2026-08-10T15:00:00-04:00	10.3300	10.4834	8173
2026-08-10T15:01:00-04:00	10.3150	10.4831	7391
2026-08-10T15:02:00-04:00	10.3150	10.4830	1478
2026-08-10T15:03:00-04:00	10.3100	10.4828	4579
2026-08-10T15:04:00-04:00	10.3000	10.4827	3778
2026-08-10T15:05:00-04:00	10.3500	10.4821	16306
2026-08-10T15:06:00-04:00	10.3781	10.4820	2896
2026-08-10T15:07:00-04:00	10.3699	10.4819	4883
2026-08-10T15:08:00-04:00	10.3700	10.4817	7394
2026-08-10T15:09:00-04:00	10.3850	10.4815	8415
2026-08-10T15:10:00-04:00	10.3888	10.4813	8863
2026-08-10T15:11:00-04:00	10.3800	10.4811	12738
2026-08-10T15:12:00-04:00	10.3600	10.4808	8784
2026-08-10T15:13:00-04:00	10.3650	10.4805	10895
2026-08-10T15:14:00-04:00	10.3600	10.4805	2983
2026-08-10T15:15:00-04:00	10.3600	10.4802	7935
2026-08-10T15:16:00-04:00	10.3599	10.4802	957
2026-08-10T15:17:00-04:00	10.3100	10.4799	8507
2026-08-10T15:18:00-04:00	10.2700	10.4796	7437
2026-08-10T15:19:00-04:00	10.3150	10.4790	12673
2026-08-10T15:20:00-04:00	10.3599	10.4790	2689
2026-08-10T15:21:00-04:00	10.3272	10.4789	1571
2026-08-10T15:22:00-04:00	10.3200	10.4788	3279
2026-08-10T15:23:00-04:00	10.3200	10.4784	10213
2026-08-10T15:24:00-04:00	10.3200	10.4784	856
2026-08-10T15:25:00-04:00	10.3100	10.4782	4195
2026-08-10T15:26:00-04:00	10.2900	10.4779	7277
2026-08-10T15:27:00-04:00	10.3200	10.4774	13991
2026-08-10T15:28:00-04:00	10.3000	10.4770	10680
2026-08-10T15:29:00-04:00	10.3000	10.4768	4655
2026-08-10T15:30:00-04:00	10.3150	10.4762	18349
2026-08-10T15:31:00-04:00	10.3100	10.4761	2102
2026-08-10T15:32:00-04:00	10.3250	10.4758	8534
2026-08-10T15:33:00-04:00	10.2950	10.4753	12693
2026-08-10T15:34:00-04:00	10.3100	10.4749	11799
2026-08-10T15:35:00-04:00	10.3100	10.4747	5183
2026-08-10T15:36:00-04:00	10.3400	10.4740	22278
2026-08-10T15:37:00-04:00	10.3100	10.4738	4727
2026-08-10T15:38:00-04:00	10.3200	10.4734	10826
2026-08-10T15:39:00-04:00	10.3300	10.4732	8059
2026-08-10T15:40:00-04:00	10.3200	10.4726	19180
2026-08-10T15:41:00-04:00	10.3100	10.4725	2322
2026-08-10T15:42:00-04:00	10.3000	10.4723	4510
2026-08-10T15:43:00-04:00	10.2900	10.4721	5913
2026-08-10T15:44:00-04:00	10.3200	10.4706	43815
2026-08-10T15:45:00-04:00	10.3200	10.4703	7975
2026-08-10T15:46:00-04:00	10.3264	10.4700	8328
2026-08-10T15:47:00-04:00	10.3350	10.4696	14275
2026-08-10T15:48:00-04:00	10.3350	10.4693	12626
2026-08-10T15:49:00-04:00	10.3450	10.4684	30595
2026-08-10T15:50:00-04:00	10.3900	10.4679	27782
2026-08-10T15:51:00-04:00	10.3750	10.4677	11069
2026-08-10T15:52:00-04:00	10.3800	10.4673	20602
2026-08-10T15:53:00-04:00	10.3700	10.4671	10424
2026-08-10T15:54:00-04:00	10.3650	10.4669	8900
2026-08-10T15:55:00-04:00	10.4150	10.4665	26092
2026-08-10T15:56:00-04:00	10.4150	10.4664	11755
2026-08-10T15:57:00-04:00	10.4500	10.4661	50739
2026-08-10T15:58:00-04:00	10.4850	10.4662	50047
2026-08-10T15:59:00-04:00	10.4800	10.4664	82370
2026-08-11T09:30:00-04:00	10.2900	10.3567	45422
2026-08-11T09:31:00-04:00	10.2600	10.3557	741
2026-08-11T09:32:00-04:00	10.1700	10.3222	13858
2026-08-11T09:33:00-04:00	10.2600	10.3001	16166
2026-08-11T09:34:00-04:00	10.2200	10.2829	18800
2026-08-11T09:35:00-04:00	10.2200	10.2759	11876
2026-08-11T09:36:00-04:00	10.2250	10.2714	10388
2026-08-11T09:37:00-04:00	10.3150	10.2735	10692
2026-08-11T09:38:00-04:00	10.2850	10.2752	10503
2026-08-11T09:39:00-04:00	10.2100	10.2700	24036
2026-08-11T09:40:00-04:00	10.2200	10.2684	7056
2026-08-11T09:41:00-04:00	10.2100	10.2670	6158
2026-08-11T09:42:00-04:00	10.1700	10.2619	10019
2026-08-11T09:43:00-04:00	10.0420	10.2272	42067
2026-08-11T09:44:00-04:00	10.0750	10.2257	2148
2026-08-11T09:45:00-04:00	10.0300	10.2150	14367
2026-08-11T09:46:00-04:00	10.1600	10.2096	14620
2026-08-11T09:47:00-04:00	10.1450	10.2088	3285
2026-08-11T09:48:00-04:00	10.0368	10.1982	23689
2026-08-11T09:49:00-04:00	10.0800	10.1965	3993
2026-08-11T09:50:00-04:00	10.1300	10.1916	20714
2026-08-11T09:51:00-04:00	10.0750	10.1864	16810
2026-08-11T09:52:00-04:00	10.1200	10.1842	8677
2026-08-11T09:53:00-04:00	10.0950	10.1816	10673
2026-08-11T09:54:00-04:00	10.0500	10.1809	2590
2026-08-11T09:55:00-04:00	10.0300	10.1733	21079
2026-08-11T09:56:00-04:00	10.0300	10.1727	1851
2026-08-11T09:57:00-04:00	10.0500	10.1723	1016
2026-08-11T09:58:00-04:00	10.1000	10.1703	9268
2026-08-11T09:59:00-04:00	10.0510	10.1678	9268
2026-08-11T10:00:00-04:00	10.1100	10.1662	9108
2026-08-11T10:01:00-04:00	10.1099	10.1660	1554
2026-08-11T10:02:00-04:00	10.0800	10.1629	13447
2026-08-11T10:03:00-04:00	10.1049	10.1619	7031
2026-08-11T10:04:00-04:00	10.1400	10.1614	5316
2026-08-11T10:05:00-04:00	10.2300	10.1617	3475
2026-08-11T10:06:00-04:00	10.2450	10.1632	7018
2026-08-11T10:07:00-04:00	10.2200	10.1638	4130
2026-08-11T10:08:00-04:00	10.1850	10.1641	4122
2026-08-11T10:09:00-04:00	10.1800	10.1644	4692
2026-08-11T10:10:00-04:00	10.2050	10.1647	3877
2026-08-11T10:11:00-04:00	10.2700	10.1671	13384
2026-08-11T10:12:00-04:00	10.2550	10.1678	3696
2026-08-11T10:13:00-04:00	10.2650	10.1697	10677
2026-08-11T10:14:00-04:00	10.2400	10.1708	7752
2026-08-11T10:15:00-04:00	10.1600	10.1710	9730
2026-08-11T10:16:00-04:00	10.1500	10.1701	12722
2026-08-11T10:17:00-04:00	10.1500	10.1699	3453
2026-08-11T10:18:00-04:00	10.1700	10.1697	17908
2026-08-11T10:19:00-04:00	10.1450	10.1697	2037
2026-08-11T10:20:00-04:00	10.1600	10.1694	5315
2026-08-11T10:21:00-04:00	10.0650	10.1665	22712
2026-08-11T10:22:00-04:00	10.0650	10.1647	10826
2026-08-11T10:23:00-04:00	10.0800	10.1625	14069
2026-08-11T10:24:00-04:00	10.1000	10.1611	15611
2026-08-11T10:25:00-04:00	10.1200	10.1607	6757
2026-08-11T10:26:00-04:00	10.1600	10.1606	6530
2026-08-11T10:27:00-04:00	10.1500	10.1606	3741
2026-08-11T10:28:00-04:00	10.2150	10.1615	14608
2026-08-11T10:29:00-04:00	10.2150	10.1619	4195
2026-08-11T10:30:00-04:00	10.2100	10.1622	4504
2026-08-11T10:31:00-04:00	10.2300	10.1632	8195
2026-08-11T10:32:00-04:00	10.2200	10.1637	4672
2026-08-11T10:33:00-04:00	10.2400	10.1644	7249
2026-08-11T10:34:00-04:00	10.2700	10.1647	2431
2026-08-11T10:35:00-04:00	10.2700	10.1649	1359
2026-08-11T10:36:00-04:00	10.2500	10.1665	12667
2026-08-11T10:37:00-04:00	10.2300	10.1677	13422
2026-08-11T10:38:00-04:00	10.3100	10.1694	10533
2026-08-11T10:39:00-04:00	10.3200	10.1709	7070
2026-08-11T10:40:00-04:00	10.3150	10.1710	833
2026-08-11T10:41:00-04:00	10.3650	10.1736	9852
2026-08-11T10:42:00-04:00	10.3750	10.1755	7196
2026-08-11T10:43:00-04:00	10.3900	10.1761	2406
2026-08-11T10:44:00-04:00	10.3400	10.1769	3424
2026-08-11T10:45:00-04:00	10.3900	10.1774	1795
2026-08-11T10:46:00-04:00	10.3850	10.1787	4510
2026-08-11T10:47:00-04:00	10.4000	10.1792	1715
2026-08-11T10:48:00-04:00	10.4000	10.1797	2001
2026-08-11T10:49:00-04:00	10.3850	10.1813	5447
2026-08-11T10:50:00-04:00	10.3650	10.1819	2558
2026-08-11T10:51:00-04:00	10.4100	10.1838	6915
2026-08-11T10:52:00-04:00	10.3950	10.1842	1278
2026-08-11T10:53:00-04:00	10.4100	10.1852	3386
2026-08-11T10:54:00-04:00	10.4100	10.1858	2077
2026-08-11T10:55:00-04:00	10.4150	10.1864	1848
2026-08-11T10:56:00-04:00	10.3600	10.1872	3253
2026-08-11T10:57:00-04:00	10.3700	10.1878	2658
2026-08-11T10:58:00-04:00	10.4200	10.1896	6576
2026-08-11T10:59:00-04:00	10.4200	10.1901	1808
2026-08-11T11:00:00-04:00	10.4200	10.1905	1525
2026-08-11T11:01:00-04:00	10.3501	10.1916	4606
2026-08-11T11:02:00-04:00	10.3800	10.1930	6491
2026-08-11T11:03:00-04:00	10.3900	10.1933	1142
2026-08-11T11:04:00-04:00	10.3900	10.1936	1219
2026-08-11T11:05:00-04:00	10.3900	10.1940	1695
2026-08-11T11:06:00-04:00	10.3300	10.1949	4598
2026-08-11T11:07:00-04:00	10.3300	10.1963	9047
2026-08-11T11:08:00-04:00	10.3300	10.1965	1449
2026-08-11T11:09:00-04:00	10.3300	10.1970	3191
2026-08-11T11:10:00-04:00	10.3500	10.1988	11343
2026-08-11T11:11:00-04:00	10.3500	10.1993	2636
2026-08-11T11:12:00-04:00	10.2850	10.2011	15048
2026-08-11T11:13:00-04:00	10.2945	10.2019	6957
2026-08-11T11:14:00-04:00	10.2850	10.2022	2708
2026-08-11T11:15:00-04:00	10.2800	10.2028	7395
2026-08-11T11:16:00-04:00	10.3000	10.2031	2857
2026-08-11T11:17:00-04:00	10.3200	10.2043	10075
2026-08-11T11:18:00-04:00	10.2700	10.2045	2500
2026-08-11T11:19:00-04:00	10.2800	10.2048	3936
2026-08-11T11:20:00-04:00	10.2800	10.2049	1088
2026-08-11T11:21:00-04:00	10.2800	10.2050	1156
2026-08-11T11:22:00-04:00	10.2900	10.2054	4286
2026-08-11T11:23:00-04:00	10.2700	10.2056	2044
2026-08-11T11:24:00-04:00	10.2700	10.2062	9504
2026-08-11T11:25:00-04:00	10.2700	10.2064	1852
2026-08-11T11:26:00-04:00	10.2600	10.2065	2201
2026-08-11T11:27:00-04:00	10.2500	10.2067	3458
2026-08-11T11:28:00-04:00	10.2900	10.2072	7106
2026-08-11T11:29:00-04:00	10.2900	10.2074	1231
2026-08-11T11:30:00-04:00	10.2900	10.2076	3560
2026-08-11T11:31:00-04:00	10.2900	10.2078	2162
2026-08-11T11:32:00-04:00	10.2700	10.2084	8859
2026-08-11T11:33:00-04:00	10.2900	10.2086	2428
2026-08-11T11:34:00-04:00	10.2900	10.2092	6773
2026-08-11T11:35:00-04:00	10.2900	10.2094	2863
2026-08-11T11:36:00-04:00	10.2850	10.2100	6946
2026-08-11T11:37:00-04:00	10.2700	10.2101	2011
2026-08-11T11:38:00-04:00	10.3100	10.2108	6612
2026-08-11T11:39:00-04:00	10.3200	10.2109	1145
2026-08-11T11:40:00-04:00	10.3000	10.2110	1690
2026-08-11T11:41:00-04:00	10.2700	10.2112	2498
2026-08-11T11:42:00-04:00	10.2900	10.2115	4147
2026-08-11T11:43:00-04:00	10.2850	10.2116	1217
2026-08-11T11:44:00-04:00	10.3400	10.2123	5603
2026-08-11T11:45:00-04:00	10.3500	10.2128	3855
2026-08-11T11:46:00-04:00	10.3100	10.2128	484
2026-08-11T11:47:00-04:00	10.3200	10.2131	2568
2026-08-11T11:48:00-04:00	10.3250	10.2133	1469
2026-08-11T11:49:00-04:00	10.3400	10.2135	1614
2026-08-11T11:50:00-04:00	10.3300	10.2139	3541
2026-08-11T11:51:00-04:00	10.3100	10.2153	14657
2026-08-11T11:52:00-04:00	10.2700	10.2157	6405
2026-08-11T11:53:00-04:00	10.2400	10.2159	6418
2026-08-11T11:54:00-04:00	10.2450	10.2160	4945
2026-08-11T11:55:00-04:00	10.2400	10.2160	1068
2026-08-11T11:56:00-04:00	10.2000	10.2160	17777
2026-08-11T11:57:00-04:00	10.2500	10.2163	14556
2026-08-11T11:58:00-04:00	10.2500	10.2164	2461
2026-08-11T11:59:00-04:00	10.2600	10.2164	2343
2026-08-11T12:00:00-04:00	10.2950	10.2170	8462
2026-08-11T12:01:00-04:00	10.3100	10.2174	4913
2026-08-11T12:02:00-04:00	10.3200	10.2176	1617
2026-08-11T12:03:00-04:00	10.2800	10.2178	3861
2026-08-11T12:04:00-04:00	10.3000	10.2179	1487
2026-08-11T12:05:00-04:00	10.2600	10.2182	5481
2026-08-11T12:06:00-04:00	10.2800	10.2183	1341
2026-08-11T12:07:00-04:00	10.2600	10.2184	1696
2026-08-11T12:08:00-04:00	10.2800	10.2186	5116
2026-08-11T12:09:00-04:00	10.2900	10.2186	299
2026-08-11T12:10:00-04:00	10.2800	10.2187	1761
2026-08-11T12:11:00-04:00	10.2701	10.2192	9172
2026-08-11T12:12:00-04:00	10.3100	10.2197	6728
2026-08-11T12:13:00-04:00	10.2800	10.2200	4782
2026-08-11T12:14:00-04:00	10.2716	10.2201	1788
2026-08-11T12:15:00-04:00	10.2600	10.2202	2486
2026-08-11T12:16:00-04:00	10.3650	10.2211	9868
2026-08-11T12:17:00-04:00	10.3700	10.2213	1512
2026-08-11T12:18:00-04:00	10.4000	10.2222	6241
2026-08-11T12:19:00-04:00	10.4000	10.2225	1673
2026-08-11T12:20:00-04:00	10.4100	10.2233	5353
2026-08-11T12:21:00-04:00	10.4000	10.2236	2094
2026-08-11T12:22:00-04:00	10.3700	10.2242	4223
2026-08-11T12:23:00-04:00	10.3000	10.2259	21925
2026-08-11T12:24:00-04:00	10.3000	10.2261	2812
2026-08-11T12:25:00-04:00	10.2850	10.2262	1033
2026-08-11T12:26:00-04:00	10.2300	10.2263	9373
2026-08-11T12:27:00-04:00	10.2120	10.2263	5652
2026-08-11T12:28:00-04:00	10.2100	10.2263	696
2026-08-11T12:29:00-04:00	10.2100	10.2263	1018
2026-08-11T12:30:00-04:00	10.2100	10.2262	2875
2026-08-11T12:31:00-04:00	10.2200	10.2260	26736
2026-08-11T12:32:00-04:00	10.2150	10.2256	36886
2026-08-11T12:33:00-04:00	10.2420	10.2259	18626
2026-08-11T12:34:00-04:00	10.2600	10.2262	15108
2026-08-11T12:35:00-04:00	10.3399	10.2275	20054
2026-08-11T12:36:00-04:00	10.3700	10.2280	4921
2026-08-11T12:37:00-04:00	10.3800	10.2283	2430
2026-08-11T12:38:00-04:00	10.3900	10.2297	11548
2026-08-11T12:39:00-04:00	10.3900	10.2313	13436
2026-08-11T12:40:00-04:00	10.3400	10.2319	6421
2026-08-11T12:41:00-04:00	10.3300	10.2322	3864
2026-08-11T12:42:00-04:00	10.3200	10.2324	3811
2026-08-11T12:43:00-04:00	10.3300	10.2327	4005
2026-08-11T12:44:00-04:00	10.3300	10.2330	3322
2026-08-11T12:45:00-04:00	10.3200	10.2337	10658
2026-08-11T12:46:00-04:00	10.3700	10.2353	17503
2026-08-11T12:47:00-04:00	10.3401	10.2383	35376
2026-08-11T12:48:00-04:00	10.3400	10.2384	1643
2026-08-11T12:49:00-04:00	10.3400	10.2388	5188
2026-08-11T12:50:00-04:00	10.3800	10.2406	20277
2026-08-11T12:51:00-04:00	10.4100	10.2409	3105
2026-08-11T12:52:00-04:00	10.4100	10.2412	2049
2026-08-11T12:53:00-04:00	10.3900	10.2420	8405
2026-08-11T12:54:00-04:00	10.3600	10.2429	9662
2026-08-11T12:55:00-04:00	10.3400	10.2436	10948
2026-08-11T12:56:00-04:00	10.3400	10.2438	3762
2026-08-11T12:57:00-04:00	10.3600	10.2444	7766
2026-08-11T12:58:00-04:00	10.3500	10.2449	6789
2026-08-11T12:59:00-04:00	10.3400	10.2451	3750
2026-08-11T13:00:00-04:00	10.3400	10.2452	1637
2026-08-11T13:01:00-04:00	10.3800	10.2458	7787
2026-08-11T13:02:00-04:00	10.3800	10.2460	2169
2026-08-11T13:03:00-04:00	10.3300	10.2467	10470
2026-08-11T13:04:00-04:00	10.3400	10.2470	5513
2026-08-11T13:05:00-04:00	10.3300	10.2474	6817
2026-08-11T13:06:00-04:00	10.3400	10.2478	7055
2026-08-11T13:07:00-04:00	10.3415	10.2480	2768
2026-08-11T13:08:00-04:00	10.3550	10.2483	4061
2026-08-11T13:09:00-04:00	10.3550	10.2485	3283
2026-08-11T13:10:00-04:00	10.3550	10.2488	4445
2026-08-11T13:11:00-04:00	10.3550	10.2492	6177
2026-08-11T13:12:00-04:00	10.3700	10.2495	3760
2026-08-11T13:13:00-04:00	10.3800	10.2495	427
2026-08-11T13:14:00-04:00	10.3800	10.2498	3021
2026-08-11T13:15:00-04:00	10.3600	10.2499	2389
2026-08-11T13:16:00-04:00	10.3550	10.2502	3374
2026-08-11T13:17:00-04:00	10.3650	10.2505	4446
2026-08-11T13:18:00-04:00	10.3800	10.2509	5342
2026-08-11T13:19:00-04:00	10.3700	10.2511	2575
2026-08-11T13:20:00-04:00	10.3800	10.2512	1743
2026-08-11T13:21:00-04:00	10.3650	10.2514	2486
2026-08-11T13:22:00-04:00	10.3650	10.2516	2757
2026-08-11T13:23:00-04:00	10.3610	10.2517	1744
2026-08-11T13:24:00-04:00	10.3650	10.2519	2574
2026-08-11T13:25:00-04:00	10.3900	10.2527	9683
2026-08-11T13:26:00-04:00	10.3900	10.2530	3607
2026-08-11T13:27:00-04:00	10.3550	10.2538	12503
2026-08-11T13:28:00-04:00	10.3450	10.2539	1564
2026-08-11T13:29:00-04:00	10.3250	10.2547	17354
2026-08-11T13:30:00-04:00	10.3400	10.2550	4722
2026-08-11T13:31:00-04:00	10.3550	10.2552	3709
2026-08-11T13:32:00-04:00	10.3550	10.2553	2458
2026-08-11T13:33:00-04:00	10.3550	10.2555	2465
2026-08-11T13:34:00-04:00	10.3450	10.2559	6781
2026-08-11T13:35:00-04:00	10.3500	10.2564	9965
2026-08-11T13:36:00-04:00	10.3500	10.2565	1384
2026-08-11T13:37:00-04:00	10.3150	10.2568	8255
2026-08-11T13:38:00-04:00	10.3150	10.2569	2098
2026-08-11T13:39:00-04:00	10.3129	10.2570	2262
2026-08-11T13:40:00-04:00	10.3150	10.2570	1779
2026-08-11T13:41:00-04:00	10.3150	10.2571	2432
2026-08-11T13:42:00-04:00	10.3200	10.2576	12406
2026-08-11T13:43:00-04:00	10.3100	10.2576	1733
2026-08-11T13:44:00-04:00	10.3100	10.2577	2597
2026-08-11T13:45:00-04:00	10.3000	10.2580	9840
2026-08-11T13:46:00-04:00	10.3300	10.2582	6988
2026-08-11T13:47:00-04:00	10.3300	10.2583	1204
2026-08-11T13:48:00-04:00	10.3300	10.2583	2120
2026-08-11T13:49:00-04:00	10.2900	10.2586	11385
2026-08-11T13:50:00-04:00	10.2800	10.2587	1321
2026-08-11T13:51:00-04:00	10.2800	10.2587	6196
2026-08-11T13:52:00-04:00	10.2800	10.2588	2031
2026-08-11T13:53:00-04:00	10.2850	10.2588	2921
2026-08-11T13:54:00-04:00	10.2888	10.2588	1471
2026-08-11T13:55:00-04:00	10.3000	10.2590	8925
2026-08-11T13:56:00-04:00	10.2700	10.2591	6080
2026-08-11T13:57:00-04:00	10.2700	10.2591	2154
2026-08-11T13:58:00-04:00	10.2700	10.2591	5393
2026-08-11T13:59:00-04:00	10.2650	10.2591	3708
2026-08-11T14:00:00-04:00	10.2700	10.2591	3290
2026-08-11T14:01:00-04:00	10.2900	10.2592	6740
2026-08-11T14:02:00-04:00	10.2900	10.2593	2202
2026-08-11T14:03:00-04:00	10.3100	10.2594	4140
2026-08-11T14:04:00-04:00	10.3300	10.2595	4397
2026-08-11T14:05:00-04:00	10.4350	10.2619	31356
2026-08-11T14:06:00-04:00	10.4800	10.2650	27010
2026-08-11T14:07:00-04:00	10.4500	10.2667	16262
2026-08-11T14:08:00-04:00	10.4650	10.2671	3807
2026-08-11T14:09:00-04:00	10.4750	10.2677	5802
2026-08-11T14:10:00-04:00	10.5500	10.2712	25600
2026-08-11T14:11:00-04:00	10.4350	10.2753	38612
2026-08-11T14:12:00-04:00	10.4350	10.2755	2563
2026-08-11T14:13:00-04:00	10.4388	10.2757	2735
2026-08-11T14:14:00-04:00	10.4350	10.2762	5684
2026-08-11T14:15:00-04:00	10.4950	10.2783	21327
2026-08-11T14:16:00-04:00	10.4800	10.2790	6513
2026-08-11T14:17:00-04:00	10.4750	10.2791	1249
2026-08-11T14:18:00-04:00	10.4700	10.2805	14355
2026-08-11T14:19:00-04:00	10.4950	10.2820	14932
2026-08-11T14:20:00-04:00	10.5000	10.2825	4116
2026-08-11T14:21:00-04:00	10.4600	10.2838	13913
2026-08-11T14:22:00-04:00	10.4800	10.2860	24230
2026-08-11T14:23:00-04:00	10.4500	10.2862	2817
2026-08-11T14:24:00-04:00	10.4850	10.2885	26250
2026-08-11T14:25:00-04:00	10.4850	10.2888	3080
2026-08-11T14:26:00-04:00	10.4700	10.2893	5040
2026-08-11T14:27:00-04:00	10.4600	10.2897	4860
2026-08-11T14:28:00-04:00	10.4400	10.2904	9891
2026-08-11T14:29:00-04:00	10.4300	10.2918	20028
2026-08-11T14:30:00-04:00	10.4000	10.2923	9199
2026-08-11T14:31:00-04:00	10.4150	10.2929	10245
2026-08-11T14:32:00-04:00	10.4150	10.2931	3779
2026-08-11T14:33:00-04:00	10.4300	10.2938	11315
2026-08-11T14:34:00-04:00	10.4600	10.2942	5807
2026-08-11T14:35:00-04:00	10.4550	10.2943	1482
2026-08-11T14:36:00-04:00	10.4550	10.2945	3456
2026-08-11T14:37:00-04:00	10.4785	10.2958	16363
2026-08-11T14:38:00-04:00	10.4700	10.2960	2731
2026-08-11T14:39:00-04:00	10.4650	10.2963	3794
2026-08-11T14:40:00-04:00	10.4300	10.2969	9265
2026-08-11T14:41:00-04:00	10.4400	10.2972	3688
2026-08-11T14:42:00-04:00	10.4400	10.2973	1367
2026-08-11T14:43:00-04:00	10.4450	10.2974	2600
2026-08-11T14:44:00-04:00	10.4450	10.2979	7189
2026-08-11T14:45:00-04:00	10.4300	10.2985	9937
2026-08-11T14:46:00-04:00	10.4450	10.2989	5535
2026-08-11T14:47:00-04:00	10.4400	10.3013	35976
2026-08-11T14:48:00-04:00	10.4410	10.3014	1574
2026-08-11T14:49:00-04:00	10.4550	10.3023	14055
2026-08-11T14:50:00-04:00	10.4550	10.3025	2298
2026-08-11T14:51:00-04:00	10.4550	10.3028	5424
2026-08-11T14:52:00-04:00	10.4600	10.3030	2262
2026-08-11T14:53:00-04:00	10.4600	10.3031	1911
2026-08-11T14:54:00-04:00	10.4600	10.3033	3312
2026-08-11T14:55:00-04:00	10.5100	10.3054	26116
2026-08-11T14:56:00-04:00	10.4700	10.3059	7308
2026-08-11T14:57:00-04:00	10.4800	10.3065	8325
2026-08-11T14:58:00-04:00	10.5050	10.3101	45621
2026-08-11T14:59:00-04:00	10.5200	10.3107	7053
2026-08-11T15:00:00-04:00	10.5200	10.3113	6437
2026-08-11T15:01:00-04:00	10.4500	10.3127	21975
2026-08-11T15:02:00-04:00	10.4450	10.3141	26960
2026-08-11T15:03:00-04:00	10.4500	10.3145	6344
2026-08-11T15:04:00-04:00	10.5000	10.3196	75216
2026-08-11T15:05:00-04:00	10.4850	10.3207	16625
2026-08-11T15:06:00-04:00	10.5200	10.3209	2692
2026-08-11T15:07:00-04:00	10.4850	10.3215	8650
2026-08-11T15:08:00-04:00	10.4700	10.3219	7174
2026-08-11T15:09:00-04:00	10.4700	10.3223	7191
2026-08-11T15:10:00-04:00	10.5100	10.3236	19068
2026-08-11T15:11:00-04:00	10.5200	10.3238	3265
2026-08-11T15:12:00-04:00	10.5000	10.3246	10821
2026-08-11T15:13:00-04:00	10.5300	10.3256	13605
2026-08-11T15:14:00-04:00	10.5400	10.3261	6307
2026-08-11T15:15:00-04:00	10.5300	10.3266	5834
2026-08-11T15:16:00-04:00	10.5700	10.3277	13084
2026-08-11T15:17:00-04:00	10.5400	10.3295	20690
2026-08-11T15:18:00-04:00	10.5300	10.3296	1439
2026-08-11T15:19:00-04:00	10.5400	10.3303	10028
2026-08-11T15:20:00-04:00	10.5376	10.3318	18846
2026-08-11T15:21:00-04:00	10.5300	10.3321	4641
2026-08-11T15:22:00-04:00	10.5800	10.3331	11719
2026-08-11T15:23:00-04:00	10.5550	10.3338	8468
2026-08-11T15:24:00-04:00	10.5500	10.3348	13115
2026-08-11T15:25:00-04:00	10.5400	10.3350	2370
2026-08-11T15:26:00-04:00	10.5300	10.3352	2181
2026-08-11T15:27:00-04:00	10.5500	10.3356	6021
2026-08-11T15:28:00-04:00	10.5650	10.3364	9691
2026-08-11T15:29:00-04:00	10.5700	10.3373	11292
2026-08-11T15:30:00-04:00	10.5700	10.3377	4932
2026-08-11T15:31:00-04:00	10.5400	10.3403	34563
2026-08-11T15:32:00-04:00	10.5400	10.3409	7942
2026-08-11T15:33:00-04:00	10.5500	10.3417	11865
2026-08-11T15:34:00-04:00	10.5600	10.3426	11325
2026-08-11T15:35:00-04:00	10.5200	10.3437	16965
2026-08-11T15:36:00-04:00	10.5200	10.3438	960
2026-08-11T15:37:00-04:00	10.5250	10.3444	10945
2026-08-11T15:38:00-04:00	10.5300	10.3449	7820
2026-08-11T15:39:00-04:00	10.5400	10.3453	6175
2026-08-11T15:40:00-04:00	10.5000	10.3460	11481
2026-08-11T15:41:00-04:00	10.5300	10.3472	20080
2026-08-11T15:42:00-04:00	10.5400	10.3476	6315
2026-08-11T15:43:00-04:00	10.5400	10.3481	7066
2026-08-11T15:44:00-04:00	10.5400	10.3486	8107
2026-08-11T15:45:00-04:00	10.5200	10.3524	61280
2026-08-11T15:46:00-04:00	10.5450	10.3537	21109
2026-08-11T15:47:00-04:00	10.4900	10.3584	94750
2026-08-11T15:48:00-04:00	10.4300	10.3595	52470
2026-08-11T15:49:00-04:00	10.4450	10.3603	30902
2026-08-11T15:50:00-04:00	10.5000	10.3616	35813
2026-08-11T15:51:00-04:00	10.4450	10.3629	40724
2026-08-11T15:52:00-04:00	10.4700	10.3635	20169
2026-08-11T15:53:00-04:00	10.5100	10.3648	29678
2026-08-11T15:54:00-04:00	10.5250	10.3655	15023
2026-08-11T15:55:00-04:00	10.5850	10.3676	37256
2026-08-11T15:56:00-04:00	10.5450	10.3684	14617
2026-08-11T15:57:00-04:00	10.5800	10.3715	51958
2026-08-11T15:58:00-04:00	10.5801	10.3754	63266
2026-08-11T15:59:00-04:00	10.6200	10.3797	66417
2026-08-12T09:30:00-04:00	10.6100	10.6567	60921
2026-08-12T09:31:00-04:00	10.5000	10.6511	2952
2026-08-12T09:32:00-04:00	10.5700	10.6423	5920
2026-08-12T09:33:00-04:00	10.6500	10.6421	4578
2026-08-12T09:34:00-04:00	10.6873	10.6442	5158
2026-08-12T09:35:00-04:00	10.6800	10.6476	8112
2026-08-12T09:36:00-04:00	10.6800	10.6478	601
2026-08-12T09:37:00-04:00	10.6100	10.6464	5211
2026-08-12T09:38:00-04:00	10.6100	10.6424	7666
2026-08-12T09:39:00-04:00	10.7800	10.6697	48526
2026-08-12T09:40:00-04:00	10.8989	10.6836	11484
2026-08-12T09:41:00-04:00	10.9050	10.7072	19251
2026-08-12T09:42:00-04:00	10.9911	10.7121	3519
2026-08-12T09:43:00-04:00	10.9750	10.7268	10346
2026-08-12T09:44:00-04:00	10.9050	10.7285	1648
2026-08-12T09:45:00-04:00	10.9300	10.7312	2739
2026-08-12T09:46:00-04:00	10.9450	10.7415	10393
2026-08-12T09:47:00-04:00	10.9000	10.7457	5022
2026-08-12T09:48:00-04:00	10.8800	10.7551	16539
2026-08-12T09:49:00-04:00	10.9150	10.7614	10693
2026-08-12T09:50:00-04:00	10.9000	10.7726	18158
2026-08-12T09:51:00-04:00	10.9800	10.7867	21055
2026-08-12T09:52:00-04:00	10.9700	10.7915	6994
2026-08-12T09:53:00-04:00	10.9750	10.8015	19117
2026-08-12T09:54:00-04:00	10.9363	10.8052	8412
2026-08-12T09:55:00-04:00	10.9159	10.8089	10751
2026-08-12T09:56:00-04:00	10.9500	10.8106	4061
2026-08-12T09:57:00-04:00	11.0200	10.8130	4102
2026-08-12T09:58:00-04:00	10.9750	10.8134	883
2026-08-12T09:59:00-04:00	10.9400	10.8186	13226
2026-08-12T10:00:00-04:00	10.9639	10.8231	13800
2026-08-12T10:01:00-04:00	10.9700	10.8241	2692
2026-08-12T10:02:00-04:00	10.8979	10.8251	3836
2026-08-12T10:03:00-04:00	10.8600	10.8253	1637
2026-08-12T10:04:00-04:00	10.8300	10.8254	1939
2026-08-12T10:05:00-04:00	10.8700	10.8261	6816
2026-08-12T10:06:00-04:00	10.9300	10.8269	3269
2026-08-12T10:07:00-04:00	10.9550	10.8277	2308
2026-08-12T10:08:00-04:00	10.9800	10.8286	2626
2026-08-12T10:09:00-04:00	11.0000	10.8307	5010
2026-08-12T10:10:00-04:00	10.9400	10.8317	3172
2026-08-12T10:11:00-04:00	10.9700	10.8374	18882
2026-08-12T10:12:00-04:00	10.8800	10.8391	12402
2026-08-12T10:13:00-04:00	10.9600	10.8419	11537
2026-08-12T10:14:00-04:00	10.9400	10.8427	3830
2026-08-12T10:15:00-04:00	10.9000	10.8430	1854
2026-08-12T10:16:00-04:00	10.9300	10.8439	6142
2026-08-12T10:17:00-04:00	10.9599	10.8443	1595
2026-08-12T10:18:00-04:00	10.9450	10.8452	4496
2026-08-12T10:19:00-04:00	10.8900	10.8454	1052
2026-08-12T10:20:00-04:00	10.8950	10.8457	3578
2026-08-12T10:21:00-04:00	10.9500	10.8473	8263
2026-08-12T10:22:00-04:00	10.9500	10.8478	1787
2026-08-12T10:23:00-04:00	10.9350	10.8484	2917
2026-08-12T10:24:00-04:00	10.9200	10.8488	2491
2026-08-12T10:25:00-04:00	10.9250	10.8498	5206
2026-08-12T10:26:00-04:00	10.9100	10.8501	2708
2026-08-12T10:27:00-04:00	10.9300	10.8502	571
2026-08-12T10:28:00-04:00	10.9600	10.8510	3874
2026-08-12T10:29:00-04:00	10.9500	10.8512	1187
2026-08-12T10:30:00-04:00	10.9500	10.8525	7651
2026-08-12T10:31:00-04:00	10.9200	10.8527	1744
2026-08-12T10:32:00-04:00	10.9700	10.8531	1586
2026-08-12T10:33:00-04:00	10.9350	10.8531	262
2026-08-12T10:34:00-04:00	10.8600	10.8536	6727
2026-08-12T10:35:00-04:00	10.8200	10.8535	6406
2026-08-12T10:36:00-04:00	10.8150	10.8535	1337
2026-08-12T10:37:00-04:00	10.8500	10.8532	6009
2026-08-12T10:38:00-04:00	10.8350	10.8532	1783
2026-08-12T10:39:00-04:00	10.8300	10.8531	1331
2026-08-12T10:40:00-04:00	10.8750	10.8532	4927
2026-08-12T10:41:00-04:00	10.8750	10.8532	645
2026-08-12T10:42:00-04:00	10.8400	10.8532	1025
2026-08-12T10:43:00-04:00	10.8250	10.8531	1358
2026-08-12T10:44:00-04:00	10.8000	10.8530	2240
2026-08-12T10:45:00-04:00	10.8200	10.8528	2482
2026-08-12T10:46:00-04:00	10.8100	10.8527	1620
2026-08-12T10:47:00-04:00	10.8100	10.8525	2782
2026-08-12T10:48:00-04:00	10.8450	10.8522	7200
2026-08-12T10:49:00-04:00	10.8400	10.8522	3243
2026-08-12T10:50:00-04:00	10.8850	10.8534	30145
2026-08-12T10:51:00-04:00	10.8700	10.8535	3231
2026-08-12T10:52:00-04:00	10.8750	10.8537	17411
2026-08-12T10:53:00-04:00	10.8750	10.8539	5191
2026-08-12T10:54:00-04:00	10.7959	10.8538	3169
2026-08-12T10:55:00-04:00	10.7600	10.8533	3468
2026-08-12T10:56:00-04:00	10.7500	10.8526	4942
2026-08-12T10:57:00-04:00	10.7400	10.8521	2621
2026-08-12T10:58:00-04:00	10.7500	10.8517	2141
2026-08-12T10:59:00-04:00	10.7300	10.8515	993
2026-08-12T11:00:00-04:00	10.8000	10.8502	10632
2026-08-12T11:01:00-04:00	10.7900	10.8502	347
2026-08-12T11:02:00-04:00	10.7800	10.8500	2146
2026-08-12T11:03:00-04:00	10.7400	10.8498	952
2026-08-12T11:04:00-04:00	10.7600	10.8494	2797
2026-08-12T11:05:00-04:00	10.7600	10.8492	1292
2026-08-12T11:06:00-04:00	10.7700	10.8490	1845
2026-08-12T11:07:00-04:00	10.7566	10.8489	823
2026-08-12T11:08:00-04:00	10.7550	10.8487	1056
2026-08-12T11:09:00-04:00	10.7500	10.8481	3907
2026-08-12T11:10:00-04:00	10.7300	10.8446	20276
2026-08-12T11:11:00-04:00	10.7350	10.8443	2237
2026-08-12T11:12:00-04:00	10.8300	10.8434	25240
2026-08-12T11:13:00-04:00	10.8350	10.8433	1193
2026-08-12T11:14:00-04:00	10.8400	10.8433	859
2026-08-12T11:15:00-04:00	10.8450	10.8433	3195
2026-08-12T11:16:00-04:00	10.8800	10.8437	11065
2026-08-12T11:17:00-04:00	10.9000	10.8438	590
2026-08-12T11:18:00-04:00	10.9000	10.8440	2609
2026-08-12T11:19:00-04:00	10.8700	10.8442	5127
2026-08-12T11:20:00-04:00	10.8200	10.8442	2876
2026-08-12T11:21:00-04:00	10.8200	10.8441	3067
2026-08-12T11:22:00-04:00	10.8000	10.8440	1834
2026-08-12T11:23:00-04:00	10.8200	10.8439	2402
2026-08-12T11:24:00-04:00	10.8500	10.8439	1038
2026-08-12T11:25:00-04:00	10.8400	10.8439	1380
2026-08-12T11:26:00-04:00	10.8300	10.8439	678
2026-08-12T11:27:00-04:00	10.8400	10.8439	475
2026-08-12T11:28:00-04:00	10.8500	10.8439	406
2026-08-12T11:29:00-04:00	10.8300	10.8439	1366
2026-08-12T11:30:00-04:00	10.8450	10.8438	3748
2026-08-12T11:31:00-04:00	10.8550	10.8438	743
2026-08-12T11:32:00-04:00	10.8307	10.8438	763
2026-08-12T11:33:00-04:00	10.8000	10.8437	2573
2026-08-12T11:34:00-04:00	10.8299	10.8437	1375
2026-08-12T11:35:00-04:00	10.8100	10.8436	1528
2026-08-12T11:36:00-04:00	10.8050	10.8435	2242
2026-08-12T11:37:00-04:00	10.8150	10.8435	1517
2026-08-12T11:38:00-04:00	10.8000	10.8432	4996
2026-08-12T11:39:00-04:00	10.7900	10.8431	811
2026-08-12T11:40:00-04:00	10.7600	10.8407	25334
2026-08-12T11:41:00-04:00	10.7600	10.8405	1951
2026-08-12T11:42:00-04:00	10.7750	10.8393	14086
2026-08-12T11:43:00-04:00	10.7600	10.8371	25735
2026-08-12T11:44:00-04:00	10.7500	10.8370	1477
2026-08-12T11:45:00-04:00	10.7200	10.8352	14260
2026-08-12T11:46:00-04:00	10.6800	10.8343	5590
2026-08-12T11:47:00-04:00	10.6600	10.8332	5420
2026-08-12T11:48:00-04:00	10.6100	10.8322	4126
2026-08-12T11:49:00-04:00	10.6200	10.8314	3486
2026-08-12T11:50:00-04:00	10.6200	10.8292	8640
2026-08-12T11:51:00-04:00	10.6050	10.8287	2264
2026-08-12T11:52:00-04:00	10.6050	10.8283	1571
2026-08-12T11:53:00-04:00	10.6250	10.8270	5332
2026-08-12T11:54:00-04:00	10.6350	10.8179	43086
2026-08-12T11:55:00-04:00	10.6300	10.8165	6871
2026-08-12T11:56:00-04:00	10.5900	10.8119	20158
2026-08-12T11:57:00-04:00	10.5900	10.8105	6361
2026-08-12T11:58:00-04:00	10.5850	10.8083	9262
2026-08-12T11:59:00-04:00	10.5850	10.8058	11040
2026-08-12T12:00:00-04:00	10.6100	10.8036	10269
2026-08-12T12:01:00-04:00	10.6000	10.8036	433
2026-08-12T12:02:00-04:00	10.6150	10.8034	1014
2026-08-12T12:03:00-04:00	10.6150	10.8029	2277
2026-08-12T12:04:00-04:00	10.6491	10.8019	6457
2026-08-12T12:05:00-04:00	10.6400	10.8017	1102
2026-08-12T12:06:00-04:00	10.6350	10.8016	381
2026-08-12T12:07:00-04:00	10.6350	10.8015	718
2026-08-12T12:08:00-04:00	10.6400	10.8013	1380
2026-08-12T12:09:00-04:00	10.6698	10.7997	11244
2026-08-12T12:10:00-04:00	10.6750	10.7963	27487
2026-08-12T12:11:00-04:00	10.6700	10.7962	1407
2026-08-12T12:12:00-04:00	10.6600	10.7933	23594
2026-08-12T12:14:00-04:00	10.7100	10.7405	1112635
2026-08-12T12:15:00-04:00	10.7050	10.7404	5992
2026-08-12T12:16:00-04:00	10.7200	10.7402	14882
2026-08-12T12:17:00-04:00	10.7300	10.7402	1107
2026-08-12T12:18:00-04:00	10.7300	10.7402	2001
2026-08-12T12:19:00-04:00	10.6950	10.7400	7088
2026-08-12T12:20:00-04:00	10.7000	10.7397	14864
2026-08-12T12:21:00-04:00	10.7200	10.7396	11685
2026-08-12T12:22:00-04:00	10.7200	10.7396	1926
2026-08-12T12:23:00-04:00	10.7100	10.7396	946
2026-08-12T12:24:00-04:00	10.7250	10.7395	8600
2026-08-12T12:25:00-04:00	10.7500	10.7395	9839
2026-08-12T12:26:00-04:00	10.7500	10.7395	371
2026-08-12T12:27:00-04:00	10.7000	10.7394	4304
2026-08-12T12:28:00-04:00	10.6600	10.7392	6720
2026-08-12T12:29:00-04:00	10.6400	10.7391	2616
2026-08-12T12:30:00-04:00	10.6900	10.7388	9157
2026-08-12T12:31:00-04:00	10.7200	10.7388	3621
2026-08-12T12:32:00-04:00	10.7600	10.7388	8567
2026-08-12T12:33:00-04:00	10.7900	10.7389	2771
2026-08-12T12:35:00-04:00	10.8100	10.7390	2579
2026-08-12T12:36:00-04:00	10.8299	10.7390	1891
2026-08-12T12:37:00-04:00	10.8550	10.7392	3586
2026-08-12T12:38:00-04:00	10.8600	10.7392	1214
2026-08-12T12:39:00-04:00	10.8655	10.7393	860
2026-08-12T12:40:00-04:00	10.8745	10.7397	7854
2026-08-12T12:41:00-04:00	10.8800	10.7397	236
2026-08-12T12:42:00-04:00	10.8750	10.7397	476
2026-08-12T12:43:00-04:00	10.8800	10.7398	362
2026-08-12T12:44:00-04:00	10.9200	10.7404	8464
2026-08-12T12:45:00-04:00	10.9800	10.7408	5125
2026-08-12T12:46:00-04:00	11.0200	10.7417	6966
2026-08-12T12:47:00-04:00	10.9950	10.7420	2580
2026-08-12T12:48:00-04:00	10.9800	10.7424	3696
2026-08-12T12:50:00-04:00	10.9750	10.7434	10300
2026-08-12T12:51:00-04:00	10.9700	10.7442	8998
2026-08-12T12:52:00-04:00	10.9800	10.7444	1347
2026-08-12T12:53:00-04:00	10.9800	10.7445	1290
2026-08-12T12:54:00-04:00	10.9700	10.7447	1727
2026-08-12T12:55:00-04:00	11.0000	10.7475	27658
2026-08-12T12:56:00-04:00	11.0250	10.7494	16350
2026-08-12T12:57:00-04:00	10.9300	10.7504	11151
2026-08-12T12:58:00-04:00	10.9100	10.7505	1996
2026-08-12T12:59:00-04:00	10.9200	10.7509	5792
2026-08-12T13:00:00-04:00	10.9200	10.7512	4995
2026-08-12T13:01:00-04:00	10.9201	10.7517	5841
2026-08-12T13:02:00-04:00	10.9235	10.7519	3023
2026-08-12T13:04:00-04:00	10.9150	10.7520	1338
2026-08-12T13:05:00-04:00	10.8800	10.7523	6405
2026-08-12T13:06:00-04:00	10.8900	10.7527	6610
2026-08-12T13:07:00-04:00	10.8800	10.7527	763
2026-08-12T13:08:00-04:00	10.8800	10.7528	1572
2026-08-12T13:09:00-04:00	10.8600	10.7529	1428
2026-08-12T13:10:00-04:00	10.8700	10.7530	1692
2026-08-12T13:11:00-04:00	10.8850	10.7531	3533
2026-08-12T13:12:00-04:00	10.8700	10.7532	1839
2026-08-12T13:13:00-04:00	10.8800	10.7533	813
2026-08-12T13:14:00-04:00	10.8600	10.7533	1228
2026-08-12T13:15:00-04:00	10.8500	10.7534	1043
2026-08-12T13:16:00-04:00	10.9050	10.7537	5485
2026-08-12T13:17:00-04:00	10.8900	10.7537	644
2026-08-12T13:18:00-04:00	10.8800	10.7538	1615
2026-08-12T13:19:00-04:00	10.8650	10.7539	2061
2026-08-12T13:20:00-04:00	10.8500	10.7540	1404
2026-08-12T13:21:00-04:00	10.8550	10.7540	1396
2026-08-12T13:22:00-04:00	10.8450	10.7541	2524
2026-08-12T13:23:00-04:00	10.8700	10.7543	5238
2026-08-12T13:24:00-04:00	10.8883	10.7544	1603
2026-08-12T13:25:00-04:00	10.8900	10.7545	1618
2026-08-12T13:26:00-04:00	10.8850	10.7545	1050
2026-08-12T13:27:00-04:00	10.8870	10.7546	2048
2026-08-12T13:28:00-04:00	10.9350	10.7550	4689
2026-08-12T13:29:00-04:00	10.9300	10.7551	1747
2026-08-12T13:30:00-04:00	10.9200	10.7552	1756
2026-08-12T13:31:00-04:00	10.9100	10.7556	6727
2026-08-12T13:32:00-04:00	10.9000	10.7557	955
2026-08-12T13:33:00-04:00	10.8900	10.7558	1858
2026-08-12T13:34:00-04:00	10.9150	10.7560	3157
2026-08-12T13:35:00-04:00	10.9900	10.7565	6004
2026-08-12T13:36:00-04:00	11.0000	10.7568	2860
2026-08-12T13:37:00-04:00	11.0950	10.7618	42601
2026-08-12T13:38:00-04:00	11.0950	10.7621	2571
2026-08-12T13:39:00-04:00	11.1400	10.7628	4601
2026-08-12T13:40:00-04:00	11.1700	10.7645	11258
2026-08-12T13:41:00-04:00	11.0700	10.7656	8798
2026-08-12T13:42:00-04:00	11.1000	10.7666	7278
2026-08-12T13:43:00-04:00	11.1150	10.7669	2229
2026-08-12T13:44:00-04:00	11.1000	10.7675	5221
2026-08-12T13:45:00-04:00	11.0700	10.7676	807
2026-08-12T13:46:00-04:00	11.1300	10.7714	27968
2026-08-12T13:47:00-04:00	11.1800	10.7718	3056
2026-08-12T13:48:00-04:00	11.1600	10.7723	2935
2026-08-12T13:49:00-04:00	11.1700	10.7724	985
2026-08-12T13:50:00-04:00	11.2000	10.7760	23301
2026-08-12T13:51:00-04:00	11.2000	10.7768	4895
2026-08-12T13:52:00-04:00	11.1990	10.7772	2376
2026-08-12T13:53:00-04:00	11.1700	10.7773	1001
2026-08-12T13:54:00-04:00	11.1800	10.7776	1681
2026-08-12T13:55:00-04:00	11.1738	10.7780	2795
2026-08-12T13:56:00-04:00	11.1700	10.7784	2675
2026-08-12T13:57:00-04:00	11.2300	10.7794	6107
2026-08-12T13:58:00-04:00	11.2000	10.7800	3791
2026-08-12T13:59:00-04:00	11.2100	10.7803	1522
2026-08-12T14:00:00-04:00	11.1800	10.7805	1674
2026-08-12T14:01:00-04:00	11.2050	10.7807	1454
2026-08-12T14:02:00-04:00	11.2300	10.7817	6091
2026-08-12T14:03:00-04:00	11.2500	10.7818	486
2026-08-12T14:04:00-04:00	11.2200	10.7821	1731
2026-08-12T14:05:00-04:00	11.2400	10.7824	1807
2026-08-12T14:06:00-04:00	11.2200	10.7828	2175
2026-08-12T14:07:00-04:00	11.2000	10.7839	7379
2026-08-12T14:08:00-04:00	11.2400	10.7847	4901
2026-08-12T14:09:00-04:00	11.2750	10.7901	30520
2026-08-12T14:10:00-04:00	11.2756	10.7906	2622
2026-08-12T14:11:00-04:00	11.2650	10.7913	4533
2026-08-12T14:12:00-04:00	11.2900	10.7938	14102
2026-08-12T14:13:00-04:00	11.3350	10.7963	12905
2026-08-12T14:14:00-04:00	11.3100	10.7982	10109
2026-08-12T14:15:00-04:00	11.3000	10.7983	701
2026-08-12T14:16:00-04:00	11.2800	10.7987	2417
2026-08-12T14:17:00-04:00	11.2600	10.8000	7349
2026-08-12T14:18:00-04:00	11.2050	10.8012	8044
2026-08-12T14:19:00-04:00	11.1800	10.9479	1754674
2026-08-12T14:20:00-04:00	11.1500	10.9480	1345
2026-08-12T14:21:00-04:00	11.1400	10.9481	3311
2026-08-12T14:22:00-04:00	11.1600	10.9483	5175
2026-08-12T14:23:00-04:00	11.1400	10.9486	6260
2026-08-12T14:24:00-04:00	11.0700	10.9491	15180
2026-08-12T14:25:00-04:00	11.0600	10.9492	4292
2026-08-12T14:26:00-04:00	11.0300	10.9493	3829
2026-08-12T14:27:00-04:00	11.0300	10.9493	2427
2026-08-12T14:28:00-04:00	11.0200	10.9493	3137
2026-08-12T14:29:00-04:00	11.0400	10.9494	4479
2026-08-12T14:30:00-04:00	11.0800	10.9495	2062
2026-08-12T14:31:00-04:00	11.0600	10.9496	2767
2026-08-12T14:32:00-04:00	11.0700	10.9496	1658
2026-08-12T14:33:00-04:00	11.0550	10.9496	2048
2026-08-12T14:34:00-04:00	11.0300	10.9497	3321
2026-08-12T14:35:00-04:00	11.0600	10.9498	3588
2026-08-12T14:36:00-04:00	11.0300	10.9498	1105
2026-08-12T14:37:00-04:00	11.0400	10.9498	1983
2026-08-12T14:38:00-04:00	11.0600	10.9500	4915
2026-08-12T14:39:00-04:00	11.0400	10.9500	2012
2026-08-12T14:40:00-04:00	11.0200	10.9500	1445
2026-08-12T14:41:00-04:00	11.0300	10.9501	2153
2026-08-12T14:42:00-04:00	11.0400	10.9501	2495
2026-08-12T14:43:00-04:00	10.9950	10.9504	20837
2026-08-12T14:44:00-04:00	10.9700	10.9504	3567
2026-08-12T14:45:00-04:00	10.9600	10.9504	1681
2026-08-12T14:46:00-04:00	10.9700	10.9541	1863413
2026-08-12T14:47:00-04:00	10.9900	10.9541	4303
2026-08-12T14:48:00-04:00	10.9600	10.9541	2049
2026-08-12T14:49:00-04:00	10.9800	10.9541	1261
2026-08-12T14:50:00-04:00	10.9700	10.9541	1789
2026-08-12T14:51:00-04:00	10.9600	10.9541	1418
2026-08-12T14:52:00-04:00	10.9600	10.9541	1954
2026-08-12T14:53:00-04:00	10.9600	10.9541	1696
2026-08-12T14:54:00-04:00	10.9500	10.9541	1925
2026-08-12T14:55:00-04:00	11.0200	10.9543	19814
2026-08-12T14:56:00-04:00	11.0374	10.9543	1747
2026-08-12T14:57:00-04:00	11.0300	10.9543	3187
2026-08-12T14:58:00-04:00	11.0300	10.9544	6175
2026-08-12T14:59:00-04:00	11.0350	10.9544	1814
2026-08-12T15:00:00-04:00	11.0700	10.9545	7392
2026-08-12T15:01:00-04:00	11.0700	10.9545	948
2026-08-12T15:02:00-04:00	11.0750	10.9813	1937098
2026-08-12T15:03:00-04:00	11.0700	10.9971	1941893
2026-08-12T15:04:00-04:00	11.0300	10.9972	7405
2026-08-12T15:05:00-04:00	11.0400	10.9972	3158
2026-08-12T15:06:00-04:00	11.0400	10.9972	701
2026-08-12T15:07:00-04:00	11.0300	10.9972	1278
2026-08-12T15:08:00-04:00	11.0250	10.9972	5229
2026-08-12T15:09:00-04:00	11.0100	10.9972	3685
2026-08-12T15:10:00-04:00	11.0400	10.9972	5925
2026-08-12T15:11:00-04:00	11.0450	10.9972	1166
2026-08-12T15:12:00-04:00	11.0100	10.9972	2536
2026-08-12T15:13:00-04:00	11.0400	10.9972	3774
2026-08-12T15:14:00-04:00	11.0300	10.9972	2801
2026-08-12T15:15:00-04:00	11.0000	10.9973	2803
2026-08-12T15:16:00-04:00	11.0500	10.9973	18389
2026-08-12T15:17:00-04:00	11.0499	10.9973	2050
2026-08-12T15:18:00-04:00	11.0400	10.9973	1540
2026-08-12T15:19:00-04:00	11.0300	10.9974	1980
2026-08-12T15:20:00-04:00	11.0100	10.9974	4636
2026-08-12T15:21:00-04:00	11.0500	10.9974	10583
2026-08-12T15:22:00-04:00	11.0699	10.9974	531
2026-08-12T15:23:00-04:00	11.0000	10.9974	6831
2026-08-12T15:24:00-04:00	10.9800	10.9974	1101
2026-08-12T15:25:00-04:00	11.0100	10.9974	7627
2026-08-12T15:26:00-04:00	11.0119	10.9974	965
2026-08-12T15:27:00-04:00	11.0200	10.9974	2895
2026-08-12T15:28:00-04:00	11.0000	10.9974	2030
2026-08-12T15:29:00-04:00	11.0300	10.9974	5881
2026-08-12T15:30:00-04:00	11.0100	10.9975	5677
2026-08-12T15:31:00-04:00	11.0120	10.9975	5075
2026-08-12T15:32:00-04:00	10.9900	10.9975	11143
2026-08-12T15:33:00-04:00	10.9650	10.9975	1995
2026-08-12T15:34:00-04:00	10.9500	10.9974	24950
2026-08-12T15:35:00-04:00	10.9800	10.9973	13600
2026-08-12T15:36:00-04:00	10.9800	10.9973	3054
2026-08-12T15:37:00-04:00	10.9800	10.9973	2467
2026-08-12T15:38:00-04:00	10.9800	10.9973	3324
2026-08-12T15:39:00-04:00	10.9550	10.9973	4225
2026-08-12T15:40:00-04:00	10.9500	10.9973	6349
2026-08-12T15:41:00-04:00	10.9600	10.9972	7102
2026-08-12T15:42:00-04:00	10.9200	10.9971	16445
2026-08-12T15:43:00-04:00	10.9450	10.9971	7028
2026-08-12T15:44:00-04:00	10.9550	10.9971	1962
2026-08-12T15:45:00-04:00	10.9700	10.9971	5294
2026-08-12T15:46:00-04:00	10.9500	10.9970	10170
2026-08-12T15:47:00-04:00	10.9750	10.9970	12529
2026-08-12T15:48:00-04:00	10.9700	10.9970	32969
2026-08-12T15:49:00-04:00	10.9850	10.9969	8824
2026-08-12T15:50:00-04:00	11.0250	10.9970	30833
2026-08-12T15:51:00-04:00	10.9700	10.9970	15326
2026-08-12T15:52:00-04:00	10.9900	10.9970	56756
2026-08-12T15:53:00-04:00	11.0500	10.9970	17278
2026-08-12T15:54:00-04:00	11.0700	10.9971	2296
2026-08-12T15:55:00-04:00	11.0000	10.9971	15266
2026-08-12T15:56:00-04:00	11.1200	10.9973	21787
2026-08-12T15:57:00-04:00	11.1000	10.9976	27478
2026-08-12T15:58:00-04:00	11.1500	10.9982	54152
2026-08-12T15:59:00-04:00	11.0550	10.9986	55692
2026-08-13T09:30:00-04:00	10.8900	10.8633	31850
2026-08-13T09:31:00-04:00	11.3550	11.0388	27550
2026-08-13T09:32:00-04:00	11.3000	11.1164	21909
2026-08-13T09:33:00-04:00	11.1900	11.1227	6135
2026-08-13T09:34:00-04:00	11.2400	11.1259	2845
2026-08-13T09:35:00-04:00	11.2400	11.1287	2205
2026-08-13T09:36:00-04:00	11.3225	11.1306	1138
2026-08-13T09:37:00-04:00	11.3050	11.1539	13019
2026-08-13T09:38:00-04:00	11.4000	11.1668	7151
2026-08-13T09:39:00-04:00	11.3725	11.1827	11390
2026-08-13T09:40:00-04:00	11.5500	11.2081	11006
2026-08-13T09:41:00-04:00	11.5200	11.2272	9204
2026-08-13T09:42:00-04:00	11.5300	11.2511	12856
2026-08-13T09:43:00-04:00	11.4500	11.2633	8689
2026-08-13T09:44:00-04:00	11.4750	11.2858	18572
2026-08-13T09:45:00-04:00	11.4700	11.2908	4664
2026-08-13T09:46:00-04:00	11.4650	11.2940	3864
2026-08-13T09:47:00-04:00	11.5200	11.3002	8458
2026-08-13T09:48:00-04:00	11.4730	11.3119	14688
2026-08-13T09:49:00-04:00	11.4500	11.3133	2170
2026-08-13T09:50:00-04:00	11.4500	11.3309	28490
2026-08-13T09:51:00-04:00	11.4900	11.3344	6304
2026-08-13T09:52:00-04:00	11.4450	11.3369	5207
2026-08-13T09:53:00-04:00	11.5000	11.3412	8442
2026-08-13T09:54:00-04:00	11.5701	11.3490	10022
2026-08-13T09:55:00-04:00	11.5900	11.3548	7087
2026-08-13T09:56:00-04:00	11.6242	11.3589	4897
2026-08-13T09:57:00-04:00	11.5100	11.3630	7041
2026-08-13T09:58:00-04:00	11.4550	11.3640	3494
2026-08-13T09:59:00-04:00	11.4900	11.3660	5526
2026-08-13T10:00:00-04:00	11.5200	11.3688	5423
2026-08-13T10:01:00-04:00	11.5076	11.3733	9499
2026-08-13T10:02:00-04:00	11.5350	11.3809	15012
2026-08-13T10:03:00-04:00	11.6700	11.3920	15423
2026-08-13T10:04:00-04:00	11.8000	11.4166	24978
2026-08-13T10:05:00-04:00	11.8100	11.4522	35802
2026-08-13T10:06:00-04:00	11.6731	11.4618	15837
2026-08-13T10:07:00-04:00	11.6700	11.4709	18294
2026-08-13T10:08:00-04:00	11.5800	11.4737	8279
2026-08-13T10:09:00-04:00	11.5997	11.4746	3375
2026-08-13T10:10:00-04:00	11.5348	11.5210	466929
2026-08-13T10:11:00-04:00	11.5500	11.5211	4684
2026-08-13T10:12:00-04:00	11.5100	11.5210	20903
2026-08-13T10:13:00-04:00	11.5050	11.5209	4561
2026-08-13T10:14:00-04:00	11.4400	11.5207	3992
2026-08-13T10:15:00-04:00	11.4899	11.5205	3354
2026-08-13T10:16:00-04:00	11.5200	11.5204	5845
2026-08-13T10:17:00-04:00	11.5750	11.5206	7046
2026-08-13T10:18:00-04:00	11.5100	11.5207	9367
2026-08-13T10:19:00-04:00	11.4250	11.5204	3682
2026-08-13T10:20:00-04:00	11.4300	11.5200	3387
2026-08-13T10:21:00-04:00	11.5000	11.5196	10571
2026-08-13T10:22:00-04:00	11.5460	11.5196	3864
2026-08-13T10:23:00-04:00	11.5350	11.5200	9574
2026-08-13T10:24:00-04:00	11.5500	11.5201	2436
2026-08-13T10:25:00-04:00	11.5550	11.5203	7627
2026-08-13T10:26:00-04:00	11.5100	11.5203	1662
2026-08-13T10:27:00-04:00	11.5000	11.5202	3611
2026-08-13T10:28:00-04:00	11.4750	11.5202	1117
2026-08-13T10:29:00-04:00	11.4700	11.5199	7261
2026-08-13T10:30:00-04:00	11.3650	11.5191	6565
2026-08-13T10:32:00-04:00	11.3400	11.5182	5837
2026-08-13T10:33:00-04:00	11.3250	11.5168	7964
2026-08-13T10:34:00-04:00	11.3100	11.5153	7994
2026-08-13T10:35:00-04:00	11.3500	11.5133	11346
2026-08-13T10:36:00-04:00	11.3500	11.5130	2527
2026-08-13T10:37:00-04:00	11.2750	11.5126	1611
2026-08-13T10:38:00-04:00	11.2400	11.5122	1644
2026-08-13T10:39:00-04:00	11.2599	11.5089	15200
2026-08-13T10:40:00-04:00	11.2950	11.5077	6257
2026-08-13T10:41:00-04:00	11.3000	11.5039	19873
2026-08-13T10:42:00-04:00	11.2800	11.5037	871
2026-08-13T10:43:00-04:00	11.3000	11.5029	4115
2026-08-13T10:44:00-04:00	11.2700	11.5024	2536
2026-08-13T10:45:00-04:00	11.2741	11.5020	1914
