timestamp_et	close	running_vwap	volume
2026-07-23T09:30:00-04:00	17.8900	17.7500	9541
2026-07-23T09:31:00-04:00	18.2900	17.8328	2441
2026-07-23T09:32:00-04:00	18.2900	17.8540	619
2026-07-23T09:33:00-04:00	18.2700	17.8643	314
2026-07-23T09:34:00-04:00	18.5000	18.0077	4457
2026-07-23T09:35:00-04:00	18.5000	18.0328	876
2026-07-23T09:36:00-04:00	18.4800	18.0682	1737
2026-07-23T09:37:00-04:00	18.1700	18.0776	1394
2026-07-23T09:38:00-04:00	18.1300	18.0810	677
2026-07-23T09:39:00-04:00	18.1200	18.0925	2023
2026-07-23T09:40:00-04:00	18.2300	18.1047	1791
2026-07-23T09:41:00-04:00	18.2100	18.1059	300
2026-07-23T09:42:00-04:00	18.3550	18.1166	1501
2026-07-23T09:43:00-04:00	18.2500	18.1491	6776
2026-07-23T09:44:00-04:00	18.3800	18.1734	5250
2026-07-23T09:45:00-04:00	18.1575	18.1750	2982
2026-07-23T09:46:00-04:00	18.1200	18.1660	6891
2026-07-23T09:47:00-04:00	18.1450	18.1638	14978
2026-07-23T09:48:00-04:00	18.0800	18.1634	353
2026-07-23T09:49:00-04:00	18.0600	18.1590	2219
2026-07-23T09:50:00-04:00	18.0250	18.1578	638
2026-07-23T09:51:00-04:00	18.0250	18.1569	548
2026-07-23T09:52:00-04:00	17.9500	18.1535	1544
2026-07-23T09:53:00-04:00	17.9900	18.1533	103
2026-07-23T09:54:00-04:00	18.0000	18.1501	1403
2026-07-23T09:55:00-04:00	18.1961	18.1508	2171
2026-07-23T09:56:00-04:00	18.1750	18.1509	300
2026-07-23T09:57:00-04:00	18.1550	18.1519	1411
2026-07-23T09:58:00-04:00	18.1400	18.1518	200
2026-07-23T09:59:00-04:00	18.1450	18.1513	1041
2026-07-23T10:00:00-04:00	18.1400	18.1510	542
2026-07-23T10:02:00-04:00	18.1350	18.1509	1006
2026-07-23T10:03:00-04:00	18.1350	18.1508	287
2026-07-23T10:04:00-04:00	18.0800	18.1497	1647
2026-07-23T10:05:00-04:00	18.2100	18.1511	2126
2026-07-23T10:06:00-04:00	18.2100	18.1514	504
2026-07-23T10:07:00-04:00	18.1000	18.1511	2193
2026-07-23T10:08:00-04:00	18.0800	18.1491	2666
2026-07-23T10:09:00-04:00	18.0250	18.1472	1310
2026-07-23T10:10:00-04:00	18.0600	18.1465	896
2026-07-23T10:11:00-04:00	18.1200	18.1463	599
2026-07-23T10:13:00-04:00	18.0000	18.1449	907
2026-07-23T10:14:00-04:00	18.0000	18.1432	1689
2026-07-23T10:15:00-04:00	18.0500	18.1419	998
2026-07-23T10:16:00-04:00	17.9900	18.1415	211
2026-07-23T10:17:00-04:00	17.9200	18.1399	677
2026-07-23T10:18:00-04:00	17.9300	18.1393	262
2026-07-23T10:19:00-04:00	17.9350	18.1387	300
2026-07-23T10:20:00-04:00	17.9350	18.1360	1248
2026-07-23T10:22:00-04:00	18.0200	18.1326	3027
2026-07-23T10:23:00-04:00	17.9400	18.1315	578
2026-07-23T10:24:00-04:00	17.9350	18.1311	192
2026-07-23T10:26:00-04:00	18.0100	18.1305	516
2026-07-23T10:28:00-04:00	17.9500	18.1271	2032
2026-07-23T10:29:00-04:00	17.9550	18.1267	276
2026-07-23T10:30:00-04:00	17.9500	18.1255	696
2026-07-23T10:31:00-04:00	17.9100	18.1247	402
2026-07-23T10:32:00-04:00	17.8600	18.1231	682
2026-07-23T10:33:00-04:00	17.8650	18.1221	373
2026-07-23T10:35:00-04:00	17.7350	18.1141	2318
2026-07-23T10:36:00-04:00	17.7900	18.1014	4044
2026-07-23T10:37:00-04:00	17.8900	18.0982	1802
2026-07-23T10:38:00-04:00	17.9000	18.0931	2681
2026-07-23T10:39:00-04:00	17.8950	18.0927	216
2026-07-23T10:40:00-04:00	17.8950	18.0909	1002
2026-07-23T10:41:00-04:00	17.7200	18.0840	2442
2026-07-23T10:42:00-04:00	17.6450	18.0820	572
2026-07-23T10:43:00-04:00	17.6900	18.0772	1568
2026-07-23T10:44:00-04:00	17.6671	18.0678	3002
2026-07-23T10:45:00-04:00	17.6800	18.0652	870
2026-07-23T10:46:00-04:00	17.7700	18.0603	1863
2026-07-23T10:48:00-04:00	17.7700	18.0576	1177
2026-07-23T10:50:00-04:00	17.7200	18.0425	5885
2026-07-23T10:51:00-04:00	17.7400	18.0408	725
2026-07-23T10:52:00-04:00	17.7800	18.0392	739
2026-07-23T10:53:00-04:00	17.7950	18.0381	609
2026-07-23T10:54:00-04:00	17.8599	18.0370	747
2026-07-23T10:55:00-04:00	17.8200	18.0337	1894
2026-07-23T10:56:00-04:00	17.8450	18.0309	1977
2026-07-23T10:57:00-04:00	17.8450	18.0307	139
2026-07-23T10:58:00-04:00	17.7900	18.0286	1217
2026-07-23T10:59:00-04:00	17.8150	18.0281	319
2026-07-23T11:00:00-04:00	17.8050	18.0235	2710
2026-07-23T11:01:00-04:00	17.7000	18.0187	2291
2026-07-23T11:03:00-04:00	17.6300	18.0124	2579
2026-07-23T11:04:00-04:00	17.6400	18.0055	2634
2026-07-23T11:07:00-04:00	17.6000	18.0049	241
2026-07-23T11:08:00-04:00	17.6000	18.0034	569
2026-07-23T11:09:00-04:00	17.5900	18.0008	941
2026-07-23T11:10:00-04:00	17.5450	17.9984	834
2026-07-23T11:11:00-04:00	17.5400	17.9961	800
2026-07-23T11:12:00-04:00	17.5100	17.9924	1216
2026-07-23T11:13:00-04:00	17.5100	17.9899	832
2026-07-23T11:14:00-04:00	17.5700	17.9895	161
2026-07-23T11:15:00-04:00	17.5900	17.9866	1125
2026-07-23T11:16:00-04:00	17.5300	17.9763	3929
2026-07-23T11:17:00-04:00	17.5635	17.9726	1435
2026-07-23T11:18:00-04:00	17.5500	17.9720	240
2026-07-23T11:19:00-04:00	17.5200	17.9669	1927
2026-07-23T11:20:00-04:00	17.5900	17.9601	2933
2026-07-23T11:21:00-04:00	17.5950	17.9591	460
2026-07-23T11:22:00-04:00	17.5950	17.9559	1530
2026-07-23T11:23:00-04:00	17.6000	17.9540	898
2026-07-23T11:24:00-04:00	17.6000	17.9534	306
2026-07-23T11:25:00-04:00	17.7550	17.9467	5297
2026-07-23T11:27:00-04:00	17.6700	17.9447	1329
2026-07-23T11:28:00-04:00	17.6500	17.9437	597
2026-07-23T11:29:00-04:00	17.6500	17.9416	1451
2026-07-23T11:30:00-04:00	17.6400	17.9412	239
2026-07-23T11:32:00-04:00	17.7050	17.9395	1164
2026-07-23T11:33:00-04:00	17.7850	17.9375	2896
2026-07-23T11:35:00-04:00	17.8600	17.9373	417
2026-07-23T11:37:00-04:00	17.8000	17.9372	103
2026-07-23T11:38:00-04:00	17.8000	17.9370	383
2026-07-23T11:39:00-04:00	17.8100	17.9368	212
2026-07-23T11:40:00-04:00	17.9000	17.9359	4126
2026-07-23T11:41:00-04:00	17.8300	17.9344	4020
2026-07-23T11:42:00-04:00	17.8500	17.9343	123
2026-07-23T11:43:00-04:00	17.7800	17.9332	1384
2026-07-23T11:44:00-04:00	17.7850	17.9332	111
2026-07-23T11:45:00-04:00	17.7850	17.9326	801
2026-07-23T11:46:00-04:00	17.7850	17.9325	144
2026-07-23T11:48:00-04:00	17.7850	17.9322	364
2026-07-23T11:49:00-04:00	17.7300	17.9317	512
2026-07-23T11:50:00-04:00	17.7850	17.9283	4355
2026-07-23T11:51:00-04:00	17.6800	17.9245	3694
2026-07-23T11:52:00-04:00	17.6800	17.9244	104
2026-07-23T11:53:00-04:00	17.6700	17.9236	627
2026-07-23T11:54:00-04:00	17.7100	17.9220	1580
2026-07-23T11:55:00-04:00	17.7150	17.9202	1850
2026-07-23T11:56:00-04:00	17.7300	17.9192	1086
2026-07-23T11:57:00-04:00	17.6900	17.9176	1609
2026-07-23T11:58:00-04:00	17.7000	17.9170	600
2026-07-23T11:59:00-04:00	17.7200	17.9164	553
2026-07-23T12:00:00-04:00	17.7000	17.9156	771
2026-07-23T12:01:00-04:00	17.6800	17.9055	10484
2026-07-23T12:02:00-04:00	17.6900	17.9050	592
2026-07-23T12:03:00-04:00	17.6800	17.9048	118
2026-07-23T12:04:00-04:00	17.6850	17.9040	861
2026-07-23T12:05:00-04:00	17.6850	17.9028	1223
2026-07-23T12:06:00-04:00	17.6850	17.9005	2525
2026-07-23T12:07:00-04:00	17.6850	17.9001	343
2026-07-23T12:08:00-04:00	17.6900	17.8984	2074
2026-07-23T12:10:00-04:00	17.7050	17.8963	2713
2026-07-23T12:11:00-04:00	17.7100	17.8962	113
2026-07-23T12:12:00-04:00	17.6500	17.8923	4160
2026-07-23T12:13:00-04:00	17.6600	17.8904	2001
2026-07-23T12:14:00-04:00	17.7000	17.8890	1652
2026-07-23T12:15:00-04:00	17.6600	17.8877	1506
2026-07-23T12:17:00-04:00	17.7300	17.8852	3612
2026-07-23T12:19:00-04:00	17.7000	17.8841	1540
2026-07-23T12:20:00-04:00	17.7200	17.8832	1287
2026-07-23T12:21:00-04:00	17.7100	17.8830	388
2026-07-23T12:22:00-04:00	17.7150	17.8828	243
2026-07-23T12:23:00-04:00	17.7800	17.8812	3703
2026-07-23T12:24:00-04:00	17.7800	17.8805	1790
2026-07-23T12:25:00-04:00	17.7100	17.8791	2286
2026-07-23T12:26:00-04:00	17.6700	17.8787	509
2026-07-23T12:27:00-04:00	17.7250	17.8784	482
2026-07-23T12:28:00-04:00	17.7250	17.8783	236
2026-07-23T12:29:00-04:00	17.7150	17.8782	107
2026-07-23T12:30:00-04:00	17.6800	17.8771	1652
2026-07-23T12:31:00-04:00	17.7000	17.8771	134
2026-07-23T12:32:00-04:00	17.6831	17.8769	182
2026-07-23T12:33:00-04:00	17.6700	17.8764	639
2026-07-23T12:34:00-04:00	17.6350	17.8749	1843
2026-07-23T12:35:00-04:00	17.6700	17.8741	1025
2026-07-23T12:37:00-04:00	17.6800	17.8739	273
2026-07-23T12:38:00-04:00	17.6800	17.8736	334
2026-07-23T12:39:00-04:00	17.7000	17.8730	1040
2026-07-23T12:40:00-04:00	17.6900	17.8724	848
2026-07-23T12:41:00-04:00	17.6950	17.8676	6994
2026-07-23T12:43:00-04:00	17.6400	17.8672	518
2026-07-23T12:44:00-04:00	17.6550	17.8655	2258
2026-07-23T12:45:00-04:00	17.6600	17.8646	1228
2026-07-23T12:47:00-04:00	17.5750	17.8633	1348
2026-07-23T12:48:00-04:00	17.5750	17.8631	200
2026-07-23T12:49:00-04:00	17.5300	17.8626	384
2026-07-23T12:50:00-04:00	17.5100	17.8614	1017
2026-07-23T12:51:00-04:00	17.5200	17.8603	1005
2026-07-23T12:52:00-04:00	17.5100	17.8579	2035
2026-07-23T12:53:00-04:00	17.5350	17.8542	3242
2026-07-23T12:54:00-04:00	17.5350	17.8535	674
2026-07-23T12:55:00-04:00	17.5350	17.8524	1019
2026-07-23T12:56:00-04:00	17.5750	17.8479	4567
2026-07-23T12:57:00-04:00	17.5400	17.8477	271
2026-07-23T12:58:00-04:00	17.5800	17.8435	4785
2026-07-23T12:59:00-04:00	17.6050	17.8420	1761
2026-07-23T13:00:00-04:00	17.6450	17.8408	1927
2026-07-23T13:01:00-04:00	17.6400	17.8397	1522
2026-07-23T13:03:00-04:00	17.6400	17.8375	3480
2026-07-23T13:04:00-04:00	17.6900	17.8354	4251
2026-07-23T13:05:00-04:00	17.6100	17.8309	6807
2026-07-23T13:06:00-04:00	17.5800	17.8307	310
2026-07-23T13:08:00-04:00	17.5300	17.8281	2968
2026-07-23T13:09:00-04:00	17.5300	17.8280	101
2026-07-23T13:10:00-04:00	17.5350	17.8277	355
2026-07-23T13:11:00-04:00	17.5200	17.8272	502
2026-07-23T13:13:00-04:00	17.4500	17.8258	1295
2026-07-23T13:14:00-04:00	17.4700	17.8248	947
2026-07-23T13:15:00-04:00	17.5200	17.8230	1794
2026-07-23T13:17:00-04:00	17.5300	17.8224	629
2026-07-23T13:18:00-04:00	17.5100	17.8223	166
2026-07-23T13:20:00-04:00	17.5150	17.8221	200
2026-07-23T13:21:00-04:00	17.5400	17.8211	1187
2026-07-23T13:22:00-04:00	17.5000	17.8200	1142
2026-07-23T13:23:00-04:00	17.5000	17.8187	1360
2026-07-23T13:24:00-04:00	17.4700	17.8185	181
2026-07-23T13:25:00-04:00	17.5150	17.8173	1331
2026-07-23T13:27:00-04:00	17.5100	17.8167	685
2026-07-23T13:28:00-04:00	17.5100	17.8156	1121
2026-07-23T13:29:00-04:00	17.4800	17.8113	4498
2026-07-23T13:31:00-04:00	17.4400	17.8063	4846
2026-07-23T13:32:00-04:00	17.5099	17.8061	257
2026-07-23T13:33:00-04:00	17.4750	17.8057	392
2026-07-23T13:35:00-04:00	17.4200	17.8035	2109
2026-07-23T13:36:00-04:00	17.4500	17.8010	2411
2026-07-23T13:37:00-04:00	17.4000	17.7986	2153
2026-07-23T13:38:00-04:00	17.3850	17.7974	1035
2026-07-23T13:39:00-04:00	17.3900	17.7946	2490
2026-07-23T13:40:00-04:00	17.4150	17.7923	2114
2026-07-23T13:41:00-04:00	17.4100	17.7896	2575
2026-07-23T13:42:00-04:00	17.4200	17.7880	1552
2026-07-23T13:43:00-04:00	17.4500	17.7878	309
2026-07-23T13:44:00-04:00	17.4650	17.7864	1530
2026-07-23T13:45:00-04:00	17.5400	17.7851	1773
2026-07-23T13:46:00-04:00	17.5000	17.7844	874
2026-07-23T13:48:00-04:00	17.5050	17.7841	431
2026-07-23T13:49:00-04:00	17.4850	17.7833	944
2026-07-23T13:50:00-04:00	17.5000	17.7832	226
2026-07-23T13:51:00-04:00	17.4900	17.7823	1043
2026-07-23T13:53:00-04:00	17.4850	17.7814	1120
2026-07-23T13:54:00-04:00	17.4850	17.7810	562
2026-07-23T13:55:00-04:00	17.4850	17.7806	526
2026-07-23T13:56:00-04:00	17.4850	17.7788	2380
2026-07-23T13:57:00-04:00	17.4500	17.7780	959
2026-07-23T13:58:00-04:00	17.5300	17.7773	1053
2026-07-23T13:59:00-04:00	17.4850	17.7763	1267
2026-07-23T14:00:00-04:00	17.5000	17.7753	1431
2026-07-23T14:01:00-04:00	17.4700	17.7732	2703
2026-07-23T14:02:00-04:00	17.4650	17.7706	3298
2026-07-23T14:03:00-04:00	17.4800	17.7693	1837
2026-07-23T14:04:00-04:00	17.4507	17.7678	1798
2026-07-23T14:06:00-04:00	17.4800	17.7650	3941
2026-07-23T14:07:00-04:00	17.4750	17.7627	3211
2026-07-23T14:08:00-04:00	17.4750	17.7625	273
2026-07-23T14:10:00-04:00	17.5100	17.7604	3085
2026-07-23T14:12:00-04:00	17.5400	17.7592	2362
2026-07-23T14:14:00-04:00	17.5300	17.7586	972
2026-07-23T14:15:00-04:00	17.5800	17.7564	4731
2026-07-23T14:16:00-04:00	17.5450	17.7557	1311
2026-07-23T14:17:00-04:00	17.5700	17.7553	924
2026-07-23T14:19:00-04:00	17.5300	17.7546	1331
2026-07-23T14:20:00-04:00	17.5200	17.7544	438
2026-07-23T14:21:00-04:00	17.5500	17.7537	1219
2026-07-23T14:23:00-04:00	17.5900	17.7520	4656
2026-07-23T14:24:00-04:00	17.5900	17.7519	209
2026-07-23T14:25:00-04:00	17.5900	17.7516	899
2026-07-23T14:26:00-04:00	17.6300	17.7515	326
2026-07-23T14:27:00-04:00	17.6200	17.7510	1628
2026-07-23T14:29:00-04:00	17.6250	17.7508	681
2026-07-23T14:30:00-04:00	17.6100	17.7506	698
2026-07-23T14:31:00-04:00	17.6350	17.7502	1250
2026-07-23T14:32:00-04:00	17.6350	17.7500	904
2026-07-23T14:33:00-04:00	17.6104	17.7498	752
2026-07-23T14:34:00-04:00	17.6100	17.7496	714
2026-07-23T14:35:00-04:00	17.6350	17.7495	297
2026-07-23T14:36:00-04:00	17.6100	17.7493	548
2026-07-23T14:37:00-04:00	17.6350	17.7491	909
2026-07-23T14:38:00-04:00	17.6200	17.7490	131
2026-07-23T14:39:00-04:00	17.6800	17.7485	2733
2026-07-23T14:40:00-04:00	17.6850	17.7483	1640
2026-07-23T14:41:00-04:00	17.6400	17.7475	3498
2026-07-23T14:42:00-04:00	17.6896	17.7474	624
2026-07-23T14:43:00-04:00	17.6450	17.7473	199
2026-07-23T14:45:00-04:00	17.6500	17.7473	243
2026-07-23T14:46:00-04:00	17.6150	17.7435	13847
2026-07-23T14:47:00-04:00	17.6100	17.7435	308
2026-07-23T14:48:00-04:00	17.6100	17.7428	2262
2026-07-23T14:49:00-04:00	17.5700	17.7427	341
2026-07-23T14:50:00-04:00	17.5950	17.7425	645
2026-07-23T14:51:00-04:00	17.6200	17.7408	6517
2026-07-23T14:53:00-04:00	17.5900	17.7403	1498
2026-07-23T14:54:00-04:00	17.5600	17.7395	2023
2026-07-23T14:55:00-04:00	17.5300	17.7393	468
2026-07-23T14:57:00-04:00	17.5250	17.7392	220
2026-07-23T14:58:00-04:00	17.5250	17.7386	1214
2026-07-23T15:00:00-04:00	17.5200	17.7379	1490
2026-07-23T15:01:00-04:00	17.5000	17.7378	288
2026-07-23T15:03:00-04:00	17.5000	17.7377	171
2026-07-23T15:04:00-04:00	17.4300	17.7352	4071
2026-07-23T15:05:00-04:00	17.4100	17.7348	724
2026-07-23T15:06:00-04:00	17.4100	17.7344	480
2026-07-23T15:07:00-04:00	17.4300	17.7326	2888
2026-07-23T15:08:00-04:00	17.4250	17.7322	638
2026-07-23T15:09:00-04:00	17.4000	17.7319	416
2026-07-23T15:10:00-04:00	17.3800	17.7312	970
2026-07-23T15:11:00-04:00	17.3800	17.7308	538
2026-07-23T15:13:00-04:00	17.3500	17.7284	3050
2026-07-23T15:14:00-04:00	17.3500	17.7279	663
2026-07-23T15:15:00-04:00	17.3500	17.7264	1978
2026-07-23T15:16:00-04:00	17.3800	17.7235	3955
2026-07-23T15:17:00-04:00	17.4050	17.7224	1754
2026-07-23T15:18:00-04:00	17.4300	17.7218	930
2026-07-23T15:19:00-04:00	17.4600	17.7212	1150
2026-07-23T15:20:00-04:00	17.5100	17.7206	1281
2026-07-23T15:21:00-04:00	17.5700	17.7198	2339
2026-07-23T15:22:00-04:00	17.5600	17.7198	255
2026-07-23T15:24:00-04:00	17.5650	17.7195	709
2026-07-23T15:25:00-04:00	17.5600	17.7193	674
2026-07-23T15:26:00-04:00	17.5600	17.7191	587
2026-07-23T15:27:00-04:00	17.5600	17.7188	1116
2026-07-23T15:28:00-04:00	17.5500	17.7177	3276
2026-07-23T15:29:00-04:00	17.5500	17.7173	1125
2026-07-23T15:30:00-04:00	17.5600	17.7159	4721
2026-07-23T15:32:00-04:00	17.5550	17.7157	725
2026-07-23T15:33:00-04:00	17.5650	17.7150	2564
2026-07-23T15:34:00-04:00	17.6100	17.7143	3219
2026-07-23T15:35:00-04:00	17.6100	17.7141	1049
2026-07-23T15:36:00-04:00	17.6800	17.7127	13109
2026-07-23T15:37:00-04:00	17.6800	17.7125	1870
2026-07-23T15:38:00-04:00	17.6850	17.7125	1260
2026-07-23T15:39:00-04:00	17.7750	17.7133	15752
2026-07-23T15:40:00-04:00	17.7700	17.7134	1510
2026-07-23T15:41:00-04:00	17.7450	17.7139	6675
2026-07-23T15:42:00-04:00	17.7000	17.7138	1119
2026-07-23T15:43:00-04:00	17.6600	17.7138	920
2026-07-23T15:44:00-04:00	17.6350	17.7136	1466
2026-07-23T15:45:00-04:00	17.6500	17.7133	2186
2026-07-23T15:46:00-04:00	17.6300	17.7123	6527
2026-07-23T15:47:00-04:00	17.6150	17.7120	1696
2026-07-23T15:48:00-04:00	17.6500	17.7118	1730
2026-07-23T15:49:00-04:00	17.6700	17.7116	1709
2026-07-23T15:50:00-04:00	17.7300	17.7116	5867
2026-07-23T15:51:00-04:00	17.7350	17.7117	3148
2026-07-23T15:52:00-04:00	17.7550	17.7118	1638
2026-07-23T15:53:00-04:00	17.7050	17.7120	6778
2026-07-23T15:54:00-04:00	17.6900	17.7115	8694
2026-07-23T15:55:00-04:00	17.6900	17.7115	2474
2026-07-23T15:56:00-04:00	17.6900	17.7113	4832
2026-07-23T15:57:00-04:00	17.7150	17.7112	13891
2026-07-23T15:58:00-04:00	17.6600	17.7090	31891
2026-07-23T15:59:00-04:00	17.6400	17.7067	23977
2026-07-24T09:30:00-04:00	17.7200	17.8057	8591
2026-07-24T09:35:00-04:00	17.2500	17.7007	2746
2026-07-24T09:36:00-04:00	17.3500	17.6896	371
2026-07-24T09:37:00-04:00	17.3100	17.6826	219
2026-07-24T09:40:00-04:00	17.4722	17.6692	680
2026-07-24T09:41:00-04:00	17.4050	17.6365	1465
2026-07-24T09:43:00-04:00	17.4000	17.5932	4459
2026-07-24T09:45:00-04:00	17.2400	17.5609	1949
2026-07-24T09:46:00-04:00	17.2400	17.5524	563
2026-07-24T09:48:00-04:00	17.1100	17.5261	1512
2026-07-24T09:49:00-04:00	17.2550	17.5177	720
2026-07-24T09:50:00-04:00	17.1000	17.4919	1561
2026-07-24T09:51:00-04:00	17.0800	17.4798	760
2026-07-24T09:52:00-04:00	16.9020	17.3373	9355
2026-07-24T09:53:00-04:00	16.8000	17.2933	3344
2026-07-24T09:54:00-04:00	16.8543	17.2559	3411
2026-07-24T09:55:00-04:00	16.6900	17.2190	2926
2026-07-24T09:56:00-04:00	16.7050	17.2074	1042
2026-07-24T09:57:00-04:00	16.6349	17.2011	518
2026-07-24T09:58:00-04:00	16.8200	17.1963	585
2026-07-24T09:59:00-04:00	16.8271	17.1919	564
2026-07-24T10:00:00-04:00	16.8800	17.1863	825
2026-07-24T10:01:00-04:00	16.9500	17.1779	1681
2026-07-24T10:02:00-04:00	16.9999	17.1770	258
2026-07-24T10:03:00-04:00	16.8750	17.1743	423
2026-07-24T10:04:00-04:00	16.8450	17.1621	1764
2026-07-24T10:05:00-04:00	16.7300	17.1569	635
2026-07-24T10:06:00-04:00	16.7300	17.1459	1377
2026-07-24T10:07:00-04:00	16.7000	17.1427	400
2026-07-24T10:09:00-04:00	16.8700	17.1422	101
2026-07-24T10:10:00-04:00	16.8100	17.1388	585
2026-07-24T10:11:00-04:00	16.9100	17.1307	1760
2026-07-24T10:12:00-04:00	16.8300	17.1292	289
2026-07-24T10:14:00-04:00	16.9000	17.1286	142
2026-07-24T10:15:00-04:00	16.8150	17.1123	3356
2026-07-24T10:16:00-04:00	16.7200	17.1050	1179
2026-07-24T10:17:00-04:00	16.7300	17.0987	1031
2026-07-24T10:18:00-04:00	16.6100	17.0875	1608
2026-07-24T10:19:00-04:00	16.6950	17.0690	3179
2026-07-24T10:21:00-04:00	16.6850	17.0643	856
2026-07-24T10:22:00-04:00	16.7800	17.0611	714
2026-07-24T10:23:00-04:00	16.7850	17.0601	255
2026-07-24T10:25:00-04:00	16.7500	17.0559	951
2026-07-24T10:28:00-04:00	16.7500	17.0513	1111
2026-07-24T10:29:00-04:00	16.7700	17.0483	761
2026-07-24T10:30:00-04:00	16.7000	17.0234	6357
2026-07-24T10:31:00-04:00	16.7700	17.0217	493
2026-07-24T10:32:00-04:00	16.7150	17.0188	752
2026-07-24T10:33:00-04:00	16.7000	17.0182	149
2026-07-24T10:34:00-04:00	16.6950	17.0079	2471
2026-07-24T10:35:00-04:00	16.6200	17.0012	1565
2026-07-24T10:36:00-04:00	16.7091	16.9963	1430
2026-07-24T10:38:00-04:00	16.6300	16.9929	855
2026-07-24T10:39:00-04:00	16.6100	16.9860	1615
2026-07-24T10:42:00-04:00	16.6150	16.9680	4515
2026-07-24T10:43:00-04:00	16.6700	16.9626	1510
2026-07-24T10:44:00-04:00	16.6000	16.9577	1263
2026-07-24T10:45:00-04:00	16.6499	16.9492	2520
2026-07-24T10:46:00-04:00	16.6000	16.9427	1862
2026-07-24T10:47:00-04:00	16.5700	16.9386	1156
2026-07-24T10:48:00-04:00	16.5700	16.9342	1207
2026-07-24T10:49:00-04:00	16.6500	16.9299	1390
2026-07-24T10:50:00-04:00	16.6250	16.9261	1285
2026-07-24T10:51:00-04:00	16.7100	16.9248	633
2026-07-24T10:52:00-04:00	16.6950	16.9235	593
2026-07-24T10:53:00-04:00	16.7600	16.9223	730
2026-07-24T10:54:00-04:00	16.7350	16.9190	1979
2026-07-24T10:55:00-04:00	16.8700	16.9173	2457
2026-07-24T10:56:00-04:00	16.8850	16.9161	3785
2026-07-24T10:57:00-04:00	16.8950	16.9159	1188
2026-07-24T10:58:00-04:00	16.8950	16.9154	1448
2026-07-24T10:59:00-04:00	16.8900	16.9153	395
2026-07-24T11:00:00-04:00	16.9700	16.9163	2579
2026-07-24T11:01:00-04:00	17.0000	16.9176	2402
2026-07-24T11:02:00-04:00	16.9900	16.9207	5266
2026-07-24T11:03:00-04:00	16.9900	16.9209	440
2026-07-24T11:04:00-04:00	16.9900	16.9212	809
2026-07-24T11:07:00-04:00	16.9900	16.9214	393
2026-07-24T11:08:00-04:00	16.9900	16.9217	737
2026-07-24T11:09:00-04:00	16.8400	16.9204	3157
2026-07-24T11:10:00-04:00	16.9800	16.9206	2555
2026-07-24T11:11:00-04:00	16.9700	16.9217	2388
2026-07-24T11:12:00-04:00	16.9000	16.9220	1611
2026-07-24T11:13:00-04:00	16.8650	16.9217	917
2026-07-24T11:14:00-04:00	16.9700	16.9219	683
2026-07-24T11:15:00-04:00	17.0000	16.9221	340
2026-07-24T11:16:00-04:00	17.0000	16.9223	221
2026-07-24T11:17:00-04:00	16.9800	16.9224	352
2026-07-24T11:18:00-04:00	16.9950	16.9226	372
2026-07-24T11:19:00-04:00	16.9950	16.9228	357
2026-07-24T11:20:00-04:00	16.9800	16.9229	290
2026-07-24T11:21:00-04:00	17.0400	16.9248	2262
2026-07-24T11:22:00-04:00	17.1450	16.9413	12123
2026-07-24T11:23:00-04:00	17.1450	16.9518	7504
2026-07-24T11:24:00-04:00	17.1550	16.9544	2222
2026-07-24T11:25:00-04:00	17.1600	16.9562	1500
2026-07-24T11:26:00-04:00	17.1600	16.9569	567
2026-07-24T11:27:00-04:00	17.1100	16.9577	752
2026-07-24T11:28:00-04:00	17.1500	16.9591	1266
2026-07-24T11:29:00-04:00	17.0236	16.9618	4357
2026-07-24T11:30:00-04:00	17.0800	16.9620	410
2026-07-24T11:31:00-04:00	17.1000	16.9621	123
2026-07-24T11:32:00-04:00	17.1500	16.9651	2907
2026-07-24T11:33:00-04:00	17.1350	16.9655	396
2026-07-24T11:34:00-04:00	17.1000	16.9663	999
2026-07-24T11:36:00-04:00	17.0700	16.9669	1268
2026-07-24T11:37:00-04:00	17.0900	16.9680	1683
2026-07-24T11:38:00-04:00	17.1000	16.9687	843
2026-07-24T11:39:00-04:00	17.1500	16.9696	1035
2026-07-24T11:41:00-04:00	17.1300	16.9723	3377
2026-07-24T11:42:00-04:00	17.0900	16.9734	1695
2026-07-24T11:43:00-04:00	17.0200	16.9737	898
2026-07-24T11:44:00-04:00	17.0750	16.9739	258
2026-07-24T11:45:00-04:00	17.0650	16.9742	920
2026-07-24T11:46:00-04:00	17.0650	16.9744	365
2026-07-24T11:47:00-04:00	17.0450	16.9746	577
2026-07-24T11:48:00-04:00	17.0700	16.9752	1301
2026-07-24T11:49:00-04:00	17.0891	16.9755	592
2026-07-24T11:50:00-04:00	17.1100	16.9760	789
2026-07-24T11:51:00-04:00	17.0900	16.9762	321
2026-07-24T11:52:00-04:00	17.0800	16.9769	1298
2026-07-24T11:53:00-04:00	17.0500	16.9790	6137
2026-07-24T11:55:00-04:00	17.0550	16.9791	305
2026-07-24T11:56:00-04:00	17.0500	16.9791	216
2026-07-24T11:57:00-04:00	17.0500	16.9793	532
2026-07-24T11:58:00-04:00	17.0422	16.9797	1388
2026-07-24T11:59:00-04:00	17.0800	16.9803	1121
2026-07-24T12:00:00-04:00	17.0400	16.9803	212
2026-07-24T12:01:00-04:00	17.0350	16.9806	789
2026-07-24T12:03:00-04:00	17.0900	16.9819	3078
2026-07-24T12:04:00-04:00	17.1450	16.9829	1474
2026-07-24T12:05:00-04:00	17.1300	16.9835	954
2026-07-24T12:08:00-04:00	17.0800	16.9836	223
2026-07-24T12:09:00-04:00	17.1250	16.9838	353
2026-07-24T12:11:00-04:00	17.0500	16.9843	997
2026-07-24T12:12:00-04:00	17.0500	16.9844	464
2026-07-24T12:14:00-04:00	17.0795	16.9844	174
2026-07-24T12:15:00-04:00	17.0100	16.9845	612
2026-07-24T12:16:00-04:00	17.0000	16.9846	787
2026-07-24T12:17:00-04:00	16.9400	16.9842	3735
2026-07-24T12:18:00-04:00	16.9300	16.9841	282
2026-07-24T12:20:00-04:00	17.0100	16.9842	1373
2026-07-24T12:22:00-04:00	16.9950	16.9843	1797
2026-07-24T12:23:00-04:00	17.0499	16.9844	426
2026-07-24T12:24:00-04:00	17.0500	16.9847	1101
2026-07-24T12:26:00-04:00	16.9700	16.9847	1113
2026-07-24T12:27:00-04:00	16.9000	16.9844	884
2026-07-24T12:28:00-04:00	16.9050	16.9840	902
2026-07-24T12:30:00-04:00	16.8100	16.9826	1953
2026-07-24T12:31:00-04:00	16.7400	16.9820	600
2026-07-24T12:32:00-04:00	16.7500	16.9816	381
2026-07-24T12:33:00-04:00	16.7860	16.9767	5738
2026-07-24T12:34:00-04:00	16.7500	16.9761	553
2026-07-24T12:35:00-04:00	16.7500	16.9729	3381
2026-07-24T12:36:00-04:00	16.7800	16.9725	482
2026-07-24T12:38:00-04:00	16.8287	16.9723	321
2026-07-24T12:40:00-04:00	16.7350	16.9616	11276
2026-07-24T12:41:00-04:00	16.7050	16.9607	968
2026-07-24T12:42:00-04:00	16.7000	16.9594	1151
2026-07-24T12:44:00-04:00	16.6820	16.9590	362
2026-07-24T12:45:00-04:00	16.7028	16.9588	280
2026-07-24T12:46:00-04:00	16.6600	16.9576	1104
2026-07-24T12:47:00-04:00	16.6500	16.9562	1176
2026-07-24T12:48:00-04:00	16.6286	16.9546	1307
2026-07-24T12:49:00-04:00	16.6000	16.9536	761
2026-07-24T12:50:00-04:00	16.6200	16.9521	1116
2026-07-24T12:51:00-04:00	16.6400	16.9505	1356
2026-07-24T12:53:00-04:00	16.6171	16.9499	541
2026-07-24T12:55:00-04:00	16.6200	16.9469	2263
2026-07-24T12:56:00-04:00	16.6345	16.9457	977
2026-07-24T12:57:00-04:00	16.6100	16.9451	511
2026-07-24T12:58:00-04:00	16.7000	16.9434	1871
2026-07-24T12:59:00-04:00	16.7000	16.9423	1263
2026-07-24T13:00:00-04:00	16.6500	16.9405	1709
2026-07-24T13:01:00-04:00	16.6000	16.9396	741
2026-07-24T13:02:00-04:00	16.5750	16.9386	732
2026-07-24T13:03:00-04:00	16.5800	16.9375	851
2026-07-24T13:04:00-04:00	16.6000	16.9340	2898
2026-07-24T13:05:00-04:00	16.6197	16.9335	492
2026-07-24T13:06:00-04:00	16.6282	16.9332	242
2026-07-24T13:07:00-04:00	16.5700	16.9323	715
2026-07-24T13:09:00-04:00	16.6095	16.9313	824
2026-07-24T13:10:00-04:00	16.5500	16.9291	1676
2026-07-24T13:11:00-04:00	16.5500	16.9280	817
2026-07-24T13:13:00-04:00	16.6200	16.9260	1742
2026-07-24T13:15:00-04:00	16.6000	16.9259	129
2026-07-24T13:17:00-04:00	16.6000	16.9256	245
2026-07-24T13:18:00-04:00	16.6200	16.9249	684
2026-07-24T13:19:00-04:00	16.6400	16.9238	1106
2026-07-24T13:20:00-04:00	16.6800	16.9225	1433
2026-07-24T13:22:00-04:00	16.6350	16.9219	560
2026-07-24T13:23:00-04:00	16.6350	16.9213	656
2026-07-24T13:24:00-04:00	16.6350	16.9209	390
2026-07-24T13:26:00-04:00	16.6100	16.9199	920
2026-07-24T13:27:00-04:00	16.6396	16.9180	2000
2026-07-24T13:28:00-04:00	16.6583	16.9122	6713
2026-07-24T13:29:00-04:00	16.6500	16.9092	3261
2026-07-24T13:30:00-04:00	16.6450	16.9057	4254
2026-07-24T13:31:00-04:00	16.7300	16.9038	3172
2026-07-24T13:32:00-04:00	16.7300	16.9035	668
2026-07-24T13:35:00-04:00	16.7450	16.9030	935
2026-07-24T13:36:00-04:00	16.7300	16.9025	893
2026-07-24T13:37:00-04:00	16.6900	16.8959	10048
2026-07-24T13:38:00-04:00	16.6950	16.8945	2039
2026-07-24T13:39:00-04:00	16.7100	16.8942	519
2026-07-24T13:40:00-04:00	16.7600	16.8932	2026
2026-07-24T13:41:00-04:00	16.7750	16.8928	1266
2026-07-24T13:44:00-04:00	16.6800	16.8921	1140
2026-07-24T13:46:00-04:00	16.7250	16.8918	544
2026-07-24T13:49:00-04:00	16.7050	16.8916	308
2026-07-24T13:51:00-04:00	16.7573	16.8902	3213
2026-07-24T13:52:00-04:00	16.6900	16.8901	124
2026-07-24T13:53:00-04:00	16.7899	16.8900	600
2026-07-24T13:54:00-04:00	16.7000	16.8898	337
2026-07-24T13:56:00-04:00	16.7300	16.8896	429
2026-07-24T13:57:00-04:00	16.7250	16.8894	350
2026-07-24T13:59:00-04:00	16.6900	16.8886	1620
2026-07-24T14:00:00-04:00	16.7600	16.8885	101
2026-07-24T14:01:00-04:00	16.7200	16.8884	392
2026-07-24T14:03:00-04:00	16.7250	16.8876	1693
2026-07-24T14:04:00-04:00	16.7600	16.8870	1334
2026-07-24T14:05:00-04:00	16.7700	16.8868	564
2026-07-24T14:06:00-04:00	16.7700	16.8862	1670
2026-07-24T14:07:00-04:00	16.7800	16.8861	471
2026-07-24T14:08:00-04:00	16.7570	16.8854	1747
2026-07-24T14:09:00-04:00	16.7600	16.8854	153
2026-07-24T14:10:00-04:00	16.7400	16.8852	410
2026-07-24T14:11:00-04:00	16.7125	16.8848	900
2026-07-24T14:12:00-04:00	16.6800	16.8844	718
2026-07-24T14:13:00-04:00	16.6850	16.8783	10924
2026-07-24T14:14:00-04:00	16.6650	16.8770	2071
2026-07-24T14:16:00-04:00	16.6800	16.8766	666
2026-07-24T14:17:00-04:00	16.6900	16.8758	1617
2026-07-24T14:18:00-04:00	16.6900	16.8743	2729
2026-07-24T14:19:00-04:00	16.6650	16.8736	1243
2026-07-24T14:20:00-04:00	16.6300	16.8726	1493
2026-07-24T14:21:00-04:00	16.6550	16.8722	665
2026-07-24T14:23:00-04:00	16.7200	16.8711	2489
2026-07-24T14:26:00-04:00	16.6701	16.8708	579
2026-07-24T14:27:00-04:00	16.7200	16.8707	208
2026-07-24T14:28:00-04:00	16.7100	16.8705	416
2026-07-24T14:29:00-04:00	16.7100	16.8701	1082
2026-07-24T14:30:00-04:00	16.6600	16.8697	719
2026-07-24T14:32:00-04:00	16.6800	16.8695	283
2026-07-24T14:33:00-04:00	16.6700	16.8690	948
2026-07-24T14:34:00-04:00	16.6400	16.8689	217
2026-07-24T14:35:00-04:00	16.6200	16.8678	1784
2026-07-24T14:36:00-04:00	16.6200	16.8673	731
2026-07-24T14:37:00-04:00	16.6000	16.8671	276
2026-07-24T14:38:00-04:00	16.6350	16.8668	485
2026-07-24T14:39:00-04:00	16.6100	16.8665	430
2026-07-24T14:40:00-04:00	16.6100	16.8656	1330
2026-07-24T14:41:00-04:00	16.5700	16.8655	150
2026-07-24T14:42:00-04:00	16.5500	16.8644	1494
2026-07-24T14:43:00-04:00	16.5600	16.8639	594
2026-07-24T14:44:00-04:00	16.6100	16.8630	1347
2026-07-24T14:45:00-04:00	16.6150	16.8614	2422
2026-07-24T14:46:00-04:00	16.6600	16.8608	1169
2026-07-24T14:47:00-04:00	16.7100	16.8605	804
2026-07-24T14:48:00-04:00	16.6800	16.8600	990
2026-07-24T14:49:00-04:00	16.6500	16.8597	635
2026-07-24T14:50:00-04:00	16.6450	16.8594	598
2026-07-24T14:51:00-04:00	16.6350	16.8591	527
2026-07-24T14:52:00-04:00	16.7100	16.8580	2690
2026-07-24T14:53:00-04:00	16.7100	16.8579	239
2026-07-24T14:54:00-04:00	16.7100	16.8576	591
2026-07-24T14:56:00-04:00	16.7200	16.8571	1393
2026-07-24T14:58:00-04:00	16.6950	16.8567	934
2026-07-24T15:02:00-04:00	16.6600	16.8564	612
2026-07-24T15:03:00-04:00	16.6300	16.8562	343
2026-07-24T15:04:00-04:00	16.6650	16.8559	666
2026-07-24T15:05:00-04:00	16.6650	16.8557	432
2026-07-24T15:07:00-04:00	16.6200	16.8555	446
2026-07-24T15:08:00-04:00	16.6300	16.8554	104
2026-07-24T15:09:00-04:00	16.7099	16.8552	491
2026-07-24T15:10:00-04:00	16.6700	16.8550	452
2026-07-24T15:11:00-04:00	16.6700	16.8547	670
2026-07-24T15:12:00-04:00	16.6650	16.8540	1407
2026-07-24T15:13:00-04:00	16.6400	16.8537	618
2026-07-24T15:14:00-04:00	16.6650	16.8532	1141
2026-07-24T15:15:00-04:00	16.6600	16.8516	3148
2026-07-24T15:16:00-04:00	16.6600	16.8514	480
2026-07-24T15:17:00-04:00	16.7800	16.8429	40423
2026-07-24T15:18:00-04:00	16.7900	16.8426	2127
2026-07-24T15:19:00-04:00	16.7200	16.8418	3568
2026-07-24T15:20:00-04:00	16.7900	16.8410	4716
2026-07-24T15:21:00-04:00	16.7762	16.8405	3676
2026-07-24T15:22:00-04:00	16.8000	16.8404	830
2026-07-24T15:23:00-04:00	16.8000	16.8404	470
2026-07-24T15:24:00-04:00	16.7800	16.8404	165
2026-07-24T15:25:00-04:00	16.7600	16.8403	368
2026-07-24T15:26:00-04:00	16.7500	16.8400	1760
2026-07-24T15:27:00-04:00	16.7500	16.8398	1409
2026-07-24T15:28:00-04:00	16.7600	16.8389	6061
2026-07-24T15:30:00-04:00	16.7000	16.8382	2580
2026-07-24T15:31:00-04:00	16.7899	16.8378	2800
2026-07-24T15:32:00-04:00	16.7800	16.8373	3480
2026-07-24T15:33:00-04:00	16.8270	16.8373	1113
2026-07-24T15:34:00-04:00	16.8500	16.8373	2880
2026-07-24T15:35:00-04:00	16.9100	16.8376	2406
2026-07-24T15:36:00-04:00	16.8775	16.8378	2482
2026-07-24T15:38:00-04:00	16.9050	16.8381	2614
2026-07-24T15:39:00-04:00	16.8950	16.8384	2713
2026-07-24T15:40:00-04:00	16.8850	16.8385	1313
2026-07-24T15:41:00-04:00	16.8700	16.8386	1348
2026-07-24T15:42:00-04:00	16.8450	16.8386	3648
2026-07-24T15:44:00-04:00	16.9100	16.8391	5376
2026-07-24T15:45:00-04:00	16.9000	16.8394	2245
2026-07-24T15:46:00-04:00	16.9100	16.8395	604
2026-07-24T15:47:00-04:00	16.9300	16.8405	5620
2026-07-24T15:48:00-04:00	16.9000	16.8409	3076
2026-07-24T15:49:00-04:00	16.9200	16.8413	3026
2026-07-24T15:50:00-04:00	16.8850	16.8417	4696
2026-07-24T15:51:00-04:00	16.8500	16.8417	360
2026-07-24T15:52:00-04:00	16.8700	16.8418	1488
2026-07-24T15:53:00-04:00	16.8700	16.8419	1119
2026-07-24T15:54:00-04:00	16.9300	16.8425	4025
2026-07-24T15:55:00-04:00	17.0250	16.8446	7290
2026-07-24T15:56:00-04:00	17.0450	16.8474	7626
2026-07-24T15:57:00-04:00	17.0900	16.8534	15319
2026-07-24T15:58:00-04:00	17.0860	16.8624	21584
2026-07-24T15:59:00-04:00	17.1000	16.8711	24736
2026-07-27T09:30:00-04:00	17.3900	17.4667	12257
2026-07-27T09:31:00-04:00	17.3900	17.4588	1409
2026-07-27T09:32:00-04:00	17.3300	17.4554	361
2026-07-27T09:33:00-04:00	17.7100	17.5026	8180
2026-07-27T09:34:00-04:00	17.9700	17.5426	3298
2026-07-27T09:35:00-04:00	18.2500	17.5988	2525
2026-07-27T09:36:00-04:00	18.1400	17.6231	1244
2026-07-27T09:38:00-04:00	18.4100	17.8172	9402
2026-07-27T09:39:00-04:00	18.7300	17.9031	4450
2026-07-27T09:40:00-04:00	18.6850	17.9906	5392
2026-07-27T09:41:00-04:00	18.7000	18.1324	12409
2026-07-27T09:42:00-04:00	18.4900	18.1509	2533
2026-07-27T09:43:00-04:00	18.5450	18.1632	2185
2026-07-27T09:44:00-04:00	18.7730	18.1765	1681
2026-07-27T09:45:00-04:00	18.5300	18.1903	2382
2026-07-27T09:46:00-04:00	18.4100	18.1998	2443
2026-07-27T09:47:00-04:00	18.4900	18.2061	1596
2026-07-27T09:48:00-04:00	18.4750	18.2213	4237
2026-07-27T09:49:00-04:00	18.5081	18.2331	3291
2026-07-27T09:50:00-04:00	18.6000	18.2353	555
2026-07-27T09:51:00-04:00	18.5400	18.2466	2933
2026-07-27T09:52:00-04:00	18.5250	18.2663	6803
2026-07-27T09:53:00-04:00	18.5200	18.2715	1933
2026-07-27T09:55:00-04:00	18.5295	18.2772	2360
2026-07-27T09:56:00-04:00	18.3900	18.2840	4528
2026-07-27T09:57:00-04:00	18.3600	18.2852	1457
2026-07-27T09:58:00-04:00	18.3300	18.2853	348
2026-07-27T09:59:00-04:00	18.3300	18.2859	1288
2026-07-27T10:00:00-04:00	18.3500	18.2884	7397
2026-07-27T10:01:00-04:00	18.3000	18.2882	4170
2026-07-27T10:02:00-04:00	18.3150	18.2882	412
2026-07-27T10:03:00-04:00	18.3050	18.2883	332
2026-07-27T10:04:00-04:00	18.2500	18.2882	177
2026-07-27T10:05:00-04:00	18.2282	18.2802	15272
2026-07-27T10:06:00-04:00	18.2250	18.2792	2335
2026-07-27T10:07:00-04:00	18.2750	18.2790	4894
2026-07-27T10:08:00-04:00	18.2800	18.2792	1404
2026-07-27T10:09:00-04:00	18.2100	18.2785	1600
2026-07-27T10:10:00-04:00	18.0870	18.2730	5143
2026-07-27T10:11:00-04:00	18.1300	18.2723	634
2026-07-27T10:12:00-04:00	18.0676	18.2719	338
2026-07-27T10:13:00-04:00	18.1450	18.2712	639
2026-07-27T10:14:00-04:00	18.1500	18.2684	3197
2026-07-27T10:15:00-04:00	18.1600	18.2680	1373
2026-07-27T10:18:00-04:00	18.1800	18.2678	270
2026-07-27T10:19:00-04:00	18.1750	18.2669	1098
2026-07-27T10:20:00-04:00	18.0300	18.2613	4742
2026-07-27T10:21:00-04:00	18.0200	18.2592	1248
2026-07-27T10:23:00-04:00	18.0300	18.2583	596
2026-07-27T10:24:00-04:00	18.1600	18.2553	3355
2026-07-27T10:26:00-04:00	18.2400	18.2549	1230
2026-07-27T10:29:00-04:00	18.0700	18.2534	1356
2026-07-27T10:30:00-04:00	18.0100	18.2494	3209
2026-07-27T10:34:00-04:00	17.9850	18.2469	1612
2026-07-27T10:35:00-04:00	18.1750	18.2434	4794
2026-07-27T10:36:00-04:00	18.2050	18.2424	6191
2026-07-27T10:39:00-04:00	18.1700	18.2423	474
2026-07-27T10:40:00-04:00	18.0475	18.2319	11525
2026-07-27T10:41:00-04:00	17.8900	18.2294	1370
2026-07-27T10:43:00-04:00	17.8700	18.2286	449
2026-07-27T10:44:00-04:00	17.8750	18.2282	187
2026-07-27T10:45:00-04:00	18.0300	18.2253	2823
2026-07-27T10:46:00-04:00	18.1150	18.2249	894
2026-07-27T10:47:00-04:00	18.2300	18.2249	969
2026-07-27T10:48:00-04:00	18.2150	18.2249	204
2026-07-27T10:49:00-04:00	18.2950	18.2254	2068
2026-07-27T10:50:00-04:00	18.2800	18.2255	522
2026-07-27T10:51:00-04:00	18.4200	18.2263	860
2026-07-27T10:52:00-04:00	18.3450	18.2274	1895
2026-07-27T10:53:00-04:00	18.4000	18.2280	760
2026-07-27T10:55:00-04:00	18.4100	18.2300	2527
2026-07-27T10:56:00-04:00	18.4100	18.2313	1584
2026-07-27T10:57:00-04:00	18.4250	18.2324	1143
2026-07-27T10:58:00-04:00	18.3600	18.2348	3558
2026-07-27T10:59:00-04:00	18.5400	18.2379	2401
2026-07-27T11:00:00-04:00	18.4600	18.2407	2424
2026-07-27T11:01:00-04:00	18.4800	18.2408	144
2026-07-27T11:02:00-04:00	18.4900	18.2412	312
2026-07-27T11:03:00-04:00	18.4400	18.2437	2800
2026-07-27T11:04:00-04:00	18.4800	18.2445	644
2026-07-27T11:05:00-04:00	18.4800	18.2470	2386
2026-07-27T11:06:00-04:00	18.4100	18.2490	2255
2026-07-27T11:07:00-04:00	18.4300	18.2548	7435
2026-07-27T11:08:00-04:00	18.3600	18.2564	3018
2026-07-27T11:09:00-04:00	18.3550	18.2566	462
2026-07-27T11:10:00-04:00	18.4400	18.2575	1385
2026-07-27T11:11:00-04:00	18.4150	18.2578	365
2026-07-27T11:12:00-04:00	18.4150	18.2586	1119
2026-07-27T11:13:00-04:00	18.3700	18.2595	2081
2026-07-27T11:14:00-04:00	18.4200	18.2601	841
2026-07-27T11:15:00-04:00	18.3751	18.2611	1869
2026-07-27T11:16:00-04:00	18.4100	18.2615	805
2026-07-27T11:17:00-04:00	18.3500	18.2628	2754
2026-07-27T11:18:00-04:00	18.3400	18.2633	1892
2026-07-27T11:19:00-04:00	18.3550	18.2638	1439
2026-07-27T11:20:00-04:00	18.4100	18.2646	1397
2026-07-27T11:21:00-04:00	18.4250	18.2657	1690
2026-07-27T11:22:00-04:00	18.3750	18.2660	804
2026-07-27T11:23:00-04:00	18.3899	18.2667	1772
2026-07-27T11:24:00-04:00	18.2950	18.2667	506
2026-07-27T11:25:00-04:00	18.2900	18.2667	267
2026-07-27T11:26:00-04:00	18.2800	18.2668	1116
2026-07-27T11:27:00-04:00	18.2300	18.2668	846
2026-07-27T11:28:00-04:00	18.2500	18.2668	761
2026-07-27T11:29:00-04:00	18.3400	18.2672	1929
2026-07-27T11:30:00-04:00	18.2500	18.2672	2263
2026-07-27T11:31:00-04:00	18.2550	18.2672	700
2026-07-27T11:32:00-04:00	18.2500	18.2670	1185
2026-07-27T11:33:00-04:00	18.2300	18.2668	1890
2026-07-27T11:34:00-04:00	18.2600	18.2667	736
2026-07-27T11:35:00-04:00	18.2300	18.2665	1916
2026-07-27T11:36:00-04:00	18.2000	18.2658	3086
2026-07-27T11:37:00-04:00	18.1800	18.2655	906
2026-07-27T11:38:00-04:00	18.1100	18.2650	776
2026-07-27T11:39:00-04:00	18.2300	18.2649	692
2026-07-27T11:40:00-04:00	18.1450	18.2643	1761
2026-07-27T11:41:00-04:00	18.1400	18.2642	186
2026-07-27T11:42:00-04:00	18.2350	18.2639	1585
2026-07-27T11:43:00-04:00	18.1800	18.2638	526
2026-07-27T11:44:00-04:00	18.2300	18.2638	1339
2026-07-27T11:46:00-04:00	18.2300	18.2638	770
2026-07-27T11:47:00-04:00	18.2300	18.2637	458
2026-07-27T11:48:00-04:00	18.2700	18.2638	10047
2026-07-27T11:50:00-04:00	18.2300	18.2637	880
2026-07-27T11:51:00-04:00	18.3400	18.2640	1321
2026-07-27T11:52:00-04:00	18.2650	18.2642	3704
2026-07-27T11:53:00-04:00	18.2800	18.2643	397
2026-07-27T11:54:00-04:00	18.2600	18.2643	1468
2026-07-27T11:55:00-04:00	18.3000	18.2644	728
2026-07-27T11:56:00-04:00	18.3000	18.2644	413
2026-07-27T11:57:00-04:00	18.2900	18.2644	433
2026-07-27T11:58:00-04:00	18.2800	18.2645	1081
2026-07-27T11:59:00-04:00	18.2900	18.2645	756
2026-07-27T12:00:00-04:00	18.2372	18.2641	3412
2026-07-27T12:01:00-04:00	18.2800	18.2641	892
2026-07-27T12:02:00-04:00	18.1600	18.2637	1732
2026-07-27T12:03:00-04:00	18.1900	18.2636	219
2026-07-27T12:04:00-04:00	18.3300	18.2647	12734
2026-07-27T12:05:00-04:00	18.4100	18.2653	1347
2026-07-27T12:06:00-04:00	18.3600	18.2654	737
2026-07-27T12:07:00-04:00	18.3650	18.2655	338
2026-07-27T12:08:00-04:00	18.3550	18.2659	1084
2026-07-27T12:09:00-04:00	18.3600	18.2663	1211
2026-07-27T12:10:00-04:00	18.4600	18.2669	1218
2026-07-27T12:12:00-04:00	18.4900	18.2674	800
2026-07-27T12:13:00-04:00	18.4100	18.2681	1426
2026-07-27T12:14:00-04:00	18.4000	18.2686	1213
2026-07-27T12:15:00-04:00	18.3800	18.2691	1907
2026-07-27T12:16:00-04:00	18.3050	18.2692	562
2026-07-27T12:17:00-04:00	18.3050	18.2698	5341
2026-07-27T12:18:00-04:00	18.3050	18.2698	636
2026-07-27T12:19:00-04:00	18.3150	18.2700	1120
2026-07-27T12:21:00-04:00	18.2400	18.2699	3257
2026-07-27T12:23:00-04:00	18.1450	18.2696	818
2026-07-27T12:24:00-04:00	18.1500	18.2691	1890
2026-07-27T12:25:00-04:00	18.2400	18.2688	3366
2026-07-27T12:26:00-04:00	18.3100	18.2688	1003
2026-07-27T12:27:00-04:00	18.2575	18.2688	1214
2026-07-27T12:28:00-04:00	18.2500	18.2688	1152
2026-07-27T12:29:00-04:00	18.2100	18.2686	1517
2026-07-27T12:30:00-04:00	18.3250	18.2689	2306
2026-07-27T12:31:00-04:00	18.3350	18.2691	1462
2026-07-27T12:32:00-04:00	18.3350	18.2693	985
2026-07-27T12:33:00-04:00	18.3350	18.2693	333
2026-07-27T12:34:00-04:00	18.2600	18.2693	377
2026-07-27T12:35:00-04:00	18.3400	18.2696	1177
2026-07-27T12:36:00-04:00	18.3300	18.2697	518
2026-07-27T12:37:00-04:00	18.3600	18.2704	2436
2026-07-27T12:38:00-04:00	18.3800	18.2704	243
2026-07-27T12:39:00-04:00	18.3800	18.2708	1173
2026-07-27T12:40:00-04:00	18.3000	18.2712	3107
2026-07-27T12:41:00-04:00	18.2500	18.2712	1045
2026-07-27T12:42:00-04:00	18.2800	18.2713	2932
2026-07-27T12:43:00-04:00	18.3200	18.2713	551
2026-07-27T12:44:00-04:00	18.2500	18.2713	757
2026-07-27T12:45:00-04:00	18.2700	18.2713	411
2026-07-27T12:46:00-04:00	18.3300	18.2715	1122
2026-07-27T12:47:00-04:00	18.3200	18.2717	1658
2026-07-27T12:48:00-04:00	18.2600	18.2716	2694
2026-07-27T12:49:00-04:00	18.3400	18.2718	2335
2026-07-27T12:50:00-04:00	18.3100	18.2719	613
2026-07-27T12:51:00-04:00	18.4050	18.2725	2480
2026-07-27T12:52:00-04:00	18.3700	18.2731	2110
2026-07-27T12:53:00-04:00	18.3350	18.2732	496
2026-07-27T12:54:00-04:00	18.3350	18.2732	290
2026-07-27T12:55:00-04:00	18.2750	18.2732	1044
2026-07-27T12:56:00-04:00	18.3500	18.2734	1041
2026-07-27T13:01:00-04:00	18.3200	18.2735	1146
2026-07-27T13:02:00-04:00	18.3150	18.2736	1526
2026-07-27T13:03:00-04:00	18.3150	18.2737	263
2026-07-27T13:04:00-04:00	18.2700	18.2737	658
2026-07-27T13:07:00-04:00	18.2600	18.2737	613
2026-07-27T13:08:00-04:00	18.2900	18.2737	735
2026-07-27T13:10:00-04:00	18.3000	18.2737	777
2026-07-27T13:11:00-04:00	18.2400	18.2737	112
2026-07-27T13:12:00-04:00	18.2775	18.2737	199
2026-07-27T13:13:00-04:00	18.3050	18.2738	1454
2026-07-27T13:14:00-04:00	18.3050	18.2738	344
2026-07-27T13:15:00-04:00	18.3050	18.2739	282
2026-07-27T13:16:00-04:00	18.3650	18.2741	1342
2026-07-27T13:17:00-04:00	18.3200	18.2747	4777
2026-07-27T13:18:00-04:00	18.3300	18.2748	609
2026-07-27T13:20:00-04:00	18.3400	18.2749	1073
2026-07-27T13:21:00-04:00	18.3100	18.2750	757
2026-07-27T13:22:00-04:00	18.2900	18.2750	687
2026-07-27T13:23:00-04:00	18.2400	18.2750	618
2026-07-27T13:24:00-04:00	18.1900	18.2748	850
2026-07-27T13:25:00-04:00	18.2700	18.2748	553
2026-07-27T13:26:00-04:00	18.2000	18.2742	3131
2026-07-27T13:27:00-04:00	18.2600	18.2742	1378
2026-07-27T13:28:00-04:00	18.2350	18.2741	1114
2026-07-27T13:29:00-04:00	18.2100	18.2737	3056
2026-07-27T13:30:00-04:00	18.2150	18.2737	158
2026-07-27T13:31:00-04:00	18.2150	18.2736	392
2026-07-27T13:32:00-04:00	18.2400	18.2735	548
2026-07-27T13:33:00-04:00	18.2695	18.2735	989
2026-07-27T13:34:00-04:00	18.2500	18.2735	395
2026-07-27T13:35:00-04:00	18.2450	18.2734	1106
2026-07-27T13:37:00-04:00	18.2450	18.2734	231
2026-07-27T13:38:00-04:00	18.2700	18.2734	139
2026-07-27T13:39:00-04:00	18.2400	18.2732	4455
2026-07-27T13:40:00-04:00	18.2100	18.2731	1437
2026-07-27T13:41:00-04:00	18.2350	18.2730	1100
2026-07-27T13:42:00-04:00	18.2200	18.2726	4224
2026-07-27T13:43:00-04:00	18.1800	18.2723	1493
2026-07-27T13:44:00-04:00	18.1750	18.2723	128
2026-07-27T13:45:00-04:00	18.2200	18.2722	515
2026-07-27T13:46:00-04:00	18.2200	18.2721	1544
2026-07-27T13:47:00-04:00	18.2250	18.2720	738
2026-07-27T13:48:00-04:00	18.2300	18.2719	1156
2026-07-27T13:49:00-04:00	18.2450	18.2718	1826
2026-07-27T13:52:00-04:00	18.3019	18.2719	2664
2026-07-27T13:53:00-04:00	18.3150	18.2719	439
2026-07-27T13:54:00-04:00	18.3150	18.2719	193
2026-07-27T13:55:00-04:00	18.3150	18.2719	261
2026-07-27T13:56:00-04:00	18.3250	18.2721	1045
2026-07-27T13:57:00-04:00	18.3400	18.2725	2488
2026-07-27T13:59:00-04:00	18.3400	18.2727	1407
2026-07-27T14:00:00-04:00	18.3300	18.2729	1279
2026-07-27T14:02:00-04:00	18.3000	18.2730	1740
2026-07-27T14:03:00-04:00	18.2900	18.2730	479
2026-07-27T14:04:00-04:00	18.3200	18.2731	893
2026-07-27T14:05:00-04:00	18.3400	18.2734	2171
2026-07-27T14:06:00-04:00	18.3200	18.2736	1578
2026-07-27T14:07:00-04:00	18.3800	18.2737	418
2026-07-27T14:08:00-04:00	18.3650	18.2737	176
2026-07-27T14:09:00-04:00	18.3750	18.2739	1172
2026-07-27T14:10:00-04:00	18.3750	18.2742	1125
2026-07-27T14:13:00-04:00	18.3700	18.2747	2412
2026-07-27T14:14:00-04:00	18.4200	18.2750	983
2026-07-27T14:15:00-04:00	18.3900	18.2753	1222
2026-07-27T14:16:00-04:00	18.3950	18.2754	337
2026-07-27T14:17:00-04:00	18.3950	18.2755	401
2026-07-27T14:18:00-04:00	18.3950	18.2755	201
2026-07-27T14:19:00-04:00	18.3950	18.2757	701
2026-07-27T14:20:00-04:00	18.3900	18.2761	1646
2026-07-27T14:21:00-04:00	18.3900	18.2767	2512
2026-07-27T14:22:00-04:00	18.3950	18.2771	1377
2026-07-27T14:23:00-04:00	18.3700	18.2773	1178
2026-07-27T14:25:00-04:00	18.3850	18.2774	365
2026-07-27T14:26:00-04:00	18.4100	18.2776	866
2026-07-27T14:27:00-04:00	18.4600	18.2778	545
2026-07-27T14:28:00-04:00	18.4650	18.2786	1828
2026-07-27T14:29:00-04:00	18.4650	18.2788	451
2026-07-27T14:30:00-04:00	18.4400	18.2793	1600
2026-07-27T14:32:00-04:00	18.4799	18.2802	2247
2026-07-27T14:33:00-04:00	18.4300	18.2803	244
2026-07-27T14:34:00-04:00	18.4200	18.2811	2972
2026-07-27T14:37:00-04:00	18.4250	18.2812	331
2026-07-27T14:38:00-04:00	18.4200	18.2814	829
2026-07-27T14:39:00-04:00	18.4100	18.2816	740
2026-07-27T14:41:00-04:00	18.4150	18.2817	462
2026-07-27T14:42:00-04:00	18.4250	18.2821	1413
2026-07-27T14:43:00-04:00	18.4200	18.2822	257
2026-07-27T14:44:00-04:00	18.4300	18.2827	1636
2026-07-27T14:45:00-04:00	18.4550	18.2828	259
2026-07-27T14:46:00-04:00	18.4400	18.2830	550
2026-07-27T14:47:00-04:00	18.4300	18.2835	1810
2026-07-27T14:48:00-04:00	18.3100	18.2842	5599
2026-07-27T14:49:00-04:00	18.3400	18.2844	4257
2026-07-27T14:50:00-04:00	18.3300	18.2845	1238
2026-07-27T14:51:00-04:00	18.2800	18.2845	147
2026-07-27T14:52:00-04:00	18.3900	18.2848	2080
2026-07-27T14:53:00-04:00	18.4300	18.2855	2577
2026-07-27T14:55:00-04:00	18.4600	18.2859	1475
2026-07-27T14:56:00-04:00	18.4500	18.2861	557
2026-07-27T14:57:00-04:00	18.4200	18.2863	709
2026-07-27T14:58:00-04:00	18.4450	18.2865	744
2026-07-27T14:59:00-04:00	18.4800	18.2869	1100
2026-07-27T15:00:00-04:00	18.4900	18.2884	3664
2026-07-27T15:01:00-04:00	18.4850	18.2885	356
2026-07-27T15:02:00-04:00	18.4700	18.2887	568
2026-07-27T15:03:00-04:00	18.4600	18.2894	1983
2026-07-27T15:04:00-04:00	18.4300	18.2898	1393
2026-07-27T15:05:00-04:00	18.4100	18.2899	512
2026-07-27T15:06:00-04:00	18.4400	18.2901	667
2026-07-27T15:07:00-04:00	18.5200	18.2905	929
2026-07-27T15:08:00-04:00	18.5000	18.2908	607
2026-07-27T15:09:00-04:00	18.5300	18.2915	1720
2026-07-27T15:10:00-04:00	18.5500	18.2935	4179
2026-07-27T15:11:00-04:00	18.5200	18.2936	331
2026-07-27T15:12:00-04:00	18.5400	18.2939	714
2026-07-27T15:13:00-04:00	18.5300	18.2941	509
2026-07-27T15:14:00-04:00	18.5350	18.2942	202
2026-07-27T15:15:00-04:00	18.5350	18.2944	389
2026-07-27T15:16:00-04:00	18.5400	18.2956	2538
2026-07-27T15:17:00-04:00	18.5100	18.2969	3148
2026-07-27T15:19:00-04:00	18.4900	18.2970	429
2026-07-27T15:20:00-04:00	18.5100	18.2971	174
2026-07-27T15:21:00-04:00	18.5100	18.2973	558
2026-07-27T15:22:00-04:00	18.4800	18.2975	433
2026-07-27T15:25:00-04:00	18.5050	18.2977	689
2026-07-27T15:26:00-04:00	18.5300	18.2980	534
2026-07-27T15:27:00-04:00	18.5750	18.2988	1687
2026-07-27T15:28:00-04:00	18.5800	18.2994	1229
2026-07-27T15:29:00-04:00	18.5800	18.2995	161
2026-07-27T15:30:00-04:00	18.6000	18.2999	696
2026-07-27T15:31:00-04:00	18.6450	18.3016	2759
2026-07-27T15:32:00-04:00	18.6450	18.3030	2222
2026-07-27T15:33:00-04:00	18.6800	18.3061	4633
2026-07-27T15:34:00-04:00	18.6800	18.3069	1245
2026-07-27T15:35:00-04:00	18.6300	18.3091	3757
2026-07-27T15:36:00-04:00	18.5800	18.3106	3143
2026-07-27T15:37:00-04:00	18.5550	18.3111	1032
2026-07-27T15:38:00-04:00	18.5600	18.3112	181
2026-07-27T15:39:00-04:00	18.5600	18.3113	319
2026-07-27T15:40:00-04:00	18.5450	18.3124	2641
2026-07-27T15:41:00-04:00	18.6250	18.3136	2442
2026-07-27T15:42:00-04:00	18.5800	18.3145	1806
2026-07-27T15:43:00-04:00	18.5950	18.3150	957
2026-07-27T15:44:00-04:00	18.5750	18.3162	2832
2026-07-27T15:45:00-04:00	18.5750	18.3163	132
2026-07-27T15:46:00-04:00	18.6200	18.3171	1574
2026-07-27T15:47:00-04:00	18.6150	18.3174	488
2026-07-27T15:48:00-04:00	18.6650	18.3184	1821
2026-07-27T15:49:00-04:00	18.7500	18.3198	2048
2026-07-27T15:50:00-04:00	18.7300	18.3247	7130
2026-07-27T15:51:00-04:00	18.7800	18.3274	3665
2026-07-27T15:52:00-04:00	18.7999	18.3332	7772
2026-07-27T15:53:00-04:00	18.8700	18.3394	7314
2026-07-27T15:54:00-04:00	18.8700	18.3506	12546
2026-07-27T15:55:00-04:00	18.8400	18.3559	6837
2026-07-27T15:56:00-04:00	18.8500	18.3639	10349
2026-07-27T15:57:00-04:00	18.7800	18.3725	12945
2026-07-27T15:58:00-04:00	18.8150	18.3758	4966
2026-07-27T15:59:00-04:00	18.8700	18.3962	29933
2026-07-28T09:30:00-04:00	17.8150	17.9150	25632
2026-07-28T09:31:00-04:00	17.8200	17.8934	4055
2026-07-28T09:32:00-04:00	17.4800	17.7953	11718
2026-07-28T09:33:00-04:00	17.3100	17.7650	3259
2026-07-28T09:34:00-04:00	17.3300	17.7023	7415
2026-07-28T09:35:00-04:00	17.3150	17.6611	5757
2026-07-28T09:36:00-04:00	17.2200	17.6373	3888
2026-07-28T09:37:00-04:00	17.1100	17.5746	9396
2026-07-28T09:38:00-04:00	17.1000	17.5565	2917
2026-07-28T09:39:00-04:00	17.1050	17.5088	7947
2026-07-28T09:40:00-04:00	17.0900	17.4958	2562
2026-07-28T09:41:00-04:00	17.0500	17.4775	3965
2026-07-28T09:42:00-04:00	17.1700	17.4622	4899
2026-07-28T09:43:00-04:00	17.3800	17.4512	7877
2026-07-28T09:44:00-04:00	17.6000	17.4594	10846
2026-07-28T09:45:00-04:00	17.4950	17.4617	4762
2026-07-28T09:46:00-04:00	17.5500	17.4686	9911
2026-07-28T09:47:00-04:00	17.6850	17.4811	7538
2026-07-28T09:48:00-04:00	17.6900	17.4941	8945
2026-07-28T09:49:00-04:00	17.7900	17.5099	9822
2026-07-28T09:50:00-04:00	18.0700	17.5513	14606
2026-07-28T09:51:00-04:00	17.7450	17.5613	6840
2026-07-28T09:52:00-04:00	17.7400	17.5632	1902
2026-07-28T09:53:00-04:00	17.6600	17.5662	4331
2026-07-28T09:54:00-04:00	17.4500	17.5640	8570
2026-07-28T09:55:00-04:00	17.4550	17.5621	2955
2026-07-28T09:56:00-04:00	17.5900	17.5614	8684
2026-07-28T09:57:00-04:00	17.5600	17.5600	6514
2026-07-28T09:58:00-04:00	17.4850	17.5591	4052
2026-07-28T09:59:00-04:00	17.4200	17.5515	15328
2026-07-28T10:00:00-04:00	17.5100	17.5499	16814
2026-07-28T10:01:00-04:00	17.5150	17.5497	1736
2026-07-28T10:02:00-04:00	17.4300	17.5489	1953
2026-07-28T10:03:00-04:00	17.4400	17.5387	33469
2026-07-28T10:04:00-04:00	17.3950	17.5308	24663
2026-07-28T10:05:00-04:00	17.3100	17.5226	11201
2026-07-28T10:06:00-04:00	17.3700	17.5153	12661
2026-07-28T10:07:00-04:00	17.3350	17.5049	21049
2026-07-28T10:08:00-04:00	17.3150	17.4997	9357
2026-07-28T10:09:00-04:00	17.2750	17.4915	13975
2026-07-28T10:10:00-04:00	17.3100	17.4871	8427
2026-07-28T10:11:00-04:00	17.3100	17.4861	2134
2026-07-28T10:12:00-04:00	17.2750	17.4834	5461
2026-07-28T10:13:00-04:00	17.2300	17.4777	9502
2026-07-28T10:14:00-04:00	17.1850	17.4691	12671
2026-07-28T10:15:00-04:00	17.1150	17.4491	25072
2026-07-28T10:16:00-04:00	17.1600	17.4443	7061
2026-07-28T10:17:00-04:00	17.1100	17.4351	12734
2026-07-28T10:18:00-04:00	17.1600	17.4306	7535
2026-07-28T10:19:00-04:00	17.1700	17.4265	6844
2026-07-28T10:20:00-04:00	17.2200	17.4238	5903
2026-07-28T10:21:00-04:00	17.3400	17.4209	10461
2026-07-28T10:22:00-04:00	17.3400	17.4190	14416
2026-07-28T10:23:00-04:00	17.6250	17.4222	13467
2026-07-28T10:24:00-04:00	17.6500	17.4230	1476
2026-07-28T10:25:00-04:00	17.6650	17.4240	2063
2026-07-28T10:26:00-04:00	17.6800	17.4245	982
2026-07-28T10:27:00-04:00	17.8350	17.4263	2636
2026-07-28T10:28:00-04:00	17.8150	17.4289	3670
2026-07-28T10:29:00-04:00	17.8400	17.4310	2725
2026-07-28T10:30:00-04:00	17.8500	17.4318	1012
2026-07-28T10:31:00-04:00	17.8500	17.4324	704
2026-07-28T10:32:00-04:00	17.8450	17.4332	1200
2026-07-28T10:33:00-04:00	17.8400	17.4387	7148
2026-07-28T10:34:00-04:00	17.7600	17.4398	1817
2026-07-28T10:35:00-04:00	17.8500	17.4409	1339
2026-07-28T10:36:00-04:00	18.0600	17.4530	12343
2026-07-28T10:37:00-04:00	17.9350	17.4576	4891
2026-07-28T10:38:00-04:00	17.8700	17.4589	1768
2026-07-28T10:39:00-04:00	17.7500	17.4601	2142
2026-07-28T10:40:00-04:00	17.8100	17.4685	14595
2026-07-28T10:41:00-04:00	17.8100	17.4694	1364
2026-07-28T10:42:00-04:00	17.7500	17.4709	2795
2026-07-28T10:43:00-04:00	17.8100	17.4724	2630
2026-07-28T10:44:00-04:00	17.8100	17.4733	1676
2026-07-28T10:45:00-04:00	17.8200	17.4793	9464
2026-07-28T10:46:00-04:00	17.7750	17.4799	1176
2026-07-28T10:47:00-04:00	17.8100	17.4815	3160
2026-07-28T10:48:00-04:00	17.8500	17.4829	2340
2026-07-28T10:49:00-04:00	17.7950	17.4836	1251
2026-07-28T10:50:00-04:00	17.8200	17.4866	5326
2026-07-28T10:51:00-04:00	18.0000	17.5004	18957
2026-07-28T10:52:00-04:00	17.9900	17.5049	5900
2026-07-28T10:53:00-04:00	18.0000	17.5061	1494
2026-07-28T10:54:00-04:00	17.9850	17.5065	531
2026-07-28T10:55:00-04:00	18.0000	17.5078	1661
2026-07-28T10:56:00-04:00	17.9900	17.5107	3950
2026-07-28T10:57:00-04:00	17.8700	17.5139	5222
2026-07-28T10:58:00-04:00	17.8200	17.5169	6132
2026-07-28T10:59:00-04:00	17.8200	17.5170	216
2026-07-28T11:00:00-04:00	17.7900	17.5174	891
2026-07-28T11:01:00-04:00	17.7800	17.5177	896
2026-07-28T11:02:00-04:00	17.8100	17.5216	9924
2026-07-28T11:03:00-04:00	17.8000	17.5218	369
2026-07-28T11:04:00-04:00	17.8000	17.5219	345
2026-07-28T11:05:00-04:00	17.8000	17.5222	554
2026-07-28T11:06:00-04:00	17.7950	17.5228	1406
2026-07-28T11:07:00-04:00	17.7850	17.5231	932
2026-07-28T11:08:00-04:00	17.7850	17.5236	1384
2026-07-28T11:09:00-04:00	17.8100	17.5261	6293
2026-07-28T11:10:00-04:00	17.8400	17.5295	7293
2026-07-28T11:12:00-04:00	17.8250	17.5322	6847
2026-07-28T11:14:00-04:00	17.8250	17.5326	784
2026-07-28T11:15:00-04:00	17.8250	17.5329	628
2026-07-28T11:16:00-04:00	17.8250	17.5336	1595
2026-07-28T11:17:00-04:00	17.8250	17.5345	2176
2026-07-28T11:18:00-04:00	17.9100	17.5383	7139
2026-07-28T11:19:00-04:00	17.9700	17.5390	1217
2026-07-28T11:20:00-04:00	18.0200	17.5437	6908
2026-07-28T11:21:00-04:00	18.0150	17.5451	2014
2026-07-28T11:22:00-04:00	18.0150	17.5466	2299
2026-07-28T11:23:00-04:00	18.0150	17.5472	1046
2026-07-28T11:24:00-04:00	18.0400	17.5529	8459
2026-07-28T11:25:00-04:00	18.2000	17.5574	5395
2026-07-28T11:26:00-04:00	18.3000	17.5593	1944
2026-07-28T11:27:00-04:00	18.2700	17.5602	974
2026-07-28T11:28:00-04:00	18.2500	17.5700	10304
2026-07-28T11:30:00-04:00	18.2600	17.5713	1441
2026-07-28T11:31:00-04:00	18.2500	17.5775	6888
2026-07-28T11:33:00-04:00	18.2500	17.5784	1057
2026-07-28T11:34:00-04:00	18.2500	17.5795	1182
2026-07-28T11:35:00-04:00	18.2550	17.5805	1122
2026-07-28T11:36:00-04:00	18.2200	17.5812	852
2026-07-28T11:37:00-04:00	18.2100	17.5835	2798
2026-07-28T11:38:00-04:00	18.1600	17.5864	3683
2026-07-28T11:39:00-04:00	18.1200	17.5900	5151
2026-07-28T11:40:00-04:00	18.1300	17.5902	218
2026-07-28T11:41:00-04:00	18.0900	17.5918	2496
2026-07-28T11:42:00-04:00	18.0800	17.5928	1460
2026-07-28T11:43:00-04:00	17.9950	17.5952	4439
2026-07-28T11:44:00-04:00	17.9400	17.5958	1373
2026-07-28T11:45:00-04:00	17.9400	17.5965	1398
2026-07-28T11:46:00-04:00	17.9600	17.5970	1139
2026-07-28T11:47:00-04:00	17.8550	17.5986	4071
2026-07-28T11:48:00-04:00	17.7500	17.5991	2061
2026-07-28T11:49:00-04:00	17.6950	17.5995	3042
2026-07-28T11:50:00-04:00	17.6100	17.6003	13645
2026-07-28T11:51:00-04:00	17.6550	17.6004	1868
2026-07-28T11:52:00-04:00	17.6600	17.6005	1473
2026-07-28T11:53:00-04:00	17.7800	17.6026	11631
2026-07-28T11:54:00-04:00	17.7246	17.6035	5004
2026-07-28T11:55:00-04:00	17.6701	17.6047	10933
2026-07-28T11:56:00-04:00	17.6950	17.6049	1490
2026-07-28T11:57:00-04:00	17.7850	17.6062	6631
2026-07-28T11:58:00-04:00	17.7404	17.6062	377
2026-07-28T11:59:00-04:00	17.7950	17.6064	758
2026-07-28T12:00:00-04:00	17.7500	17.6066	1070
2026-07-28T12:01:00-04:00	17.6850	17.6075	8141
2026-07-28T12:02:00-04:00	17.6750	17.6076	1566
2026-07-28T12:03:00-04:00	17.7100	17.6080	4090
2026-07-28T12:04:00-04:00	17.7435	17.6089	4923
2026-07-28T12:05:00-04:00	17.8600	17.6098	3302
2026-07-28T12:06:00-04:00	17.7800	17.6104	2573
2026-07-28T12:07:00-04:00	17.7500	17.6108	2096
2026-07-28T12:08:00-04:00	17.7500	17.6110	1608
2026-07-28T12:09:00-04:00	17.7300	17.6111	584
2026-07-28T12:10:00-04:00	17.7200	17.6112	466
2026-07-28T12:11:00-04:00	17.7300	17.6114	1747
2026-07-28T12:12:00-04:00	17.7650	17.6125	6053
2026-07-28T12:13:00-04:00	17.6950	17.6132	7036
2026-07-28T12:15:00-04:00	17.7000	17.6133	904
2026-07-28T12:16:00-04:00	17.7000	17.6134	859
2026-07-28T12:17:00-04:00	17.7050	17.6135	1709
2026-07-28T12:18:00-04:00	17.6700	17.6139	5281
2026-07-28T12:19:00-04:00	17.6800	17.6144	7398
2026-07-28T12:20:00-04:00	17.6650	17.6147	4372
2026-07-28T12:21:00-04:00	17.8000	17.6161	9125
2026-07-28T12:22:00-04:00	17.7900	17.6165	2173
2026-07-28T12:23:00-04:00	17.7501	17.6167	1639
2026-07-28T12:24:00-04:00	17.7500	17.6170	2253
2026-07-28T12:25:00-04:00	17.7300	17.6172	1620
2026-07-28T12:26:00-04:00	17.7500	17.6174	1315
2026-07-28T12:28:00-04:00	17.8100	17.6180	3162
2026-07-28T12:29:00-04:00	17.9300	17.6186	1935
2026-07-28T12:30:00-04:00	17.8200	17.6191	2639
2026-07-28T12:31:00-04:00	17.8100	17.6193	999
2026-07-28T12:32:00-04:00	17.8200	17.6194	214
2026-07-28T12:33:00-04:00	17.8200	17.6203	4087
2026-07-28T12:34:00-04:00	17.7900	17.6208	3232
2026-07-28T12:35:00-04:00	17.7950	17.6211	1428
2026-07-28T12:37:00-04:00	17.7500	17.6219	5866
2026-07-28T12:38:00-04:00	17.7600	17.6222	2058
2026-07-28T12:40:00-04:00	17.7750	17.6224	1058
2026-07-28T12:41:00-04:00	17.7850	17.6224	218
2026-07-28T12:42:00-04:00	17.7850	17.6225	735
2026-07-28T12:43:00-04:00	17.7850	17.6232	4277
2026-07-28T12:44:00-04:00	17.8100	17.6238	3066
2026-07-28T12:45:00-04:00	17.7850	17.6239	736
2026-07-28T12:46:00-04:00	17.7850	17.6241	1135
2026-07-28T12:47:00-04:00	17.7600	17.6243	1480
2026-07-28T12:48:00-04:00	17.7500	17.6248	3241
2026-07-28T12:49:00-04:00	17.9000	17.6267	8325
2026-07-28T12:50:00-04:00	17.9000	17.6269	604
2026-07-28T12:51:00-04:00	17.9250	17.6272	1164
2026-07-28T12:52:00-04:00	17.9450	17.6277	1333
2026-07-28T12:53:00-04:00	17.9200	17.6294	5785
2026-07-28T12:54:00-04:00	17.7950	17.6307	5873
2026-07-28T12:55:00-04:00	17.7950	17.6309	1236
2026-07-28T12:56:00-04:00	17.8400	17.6321	6254
2026-07-28T12:57:00-04:00	17.8100	17.6322	437
2026-07-28T12:58:00-04:00	17.7800	17.6322	210
2026-07-28T13:00:00-04:00	17.8350	17.6324	916
2026-07-28T13:01:00-04:00	17.7900	17.6325	356
2026-07-28T13:02:00-04:00	17.7700	17.6331	4019
2026-07-28T13:03:00-04:00	17.7800	17.6338	4473
2026-07-28T13:04:00-04:00	17.8000	17.6341	2394
2026-07-28T13:05:00-04:00	17.8000	17.6342	499
2026-07-28T13:06:00-04:00	17.7850	17.6347	2891
2026-07-28T13:07:00-04:00	17.7600	17.6348	707
2026-07-28T13:08:00-04:00	17.7600	17.6350	1926
2026-07-28T13:09:00-04:00	17.7550	17.6356	5440
2026-07-28T13:10:00-04:00	17.6850	17.6360	5581
2026-07-28T13:11:00-04:00	17.5900	17.6359	5898
2026-07-28T13:12:00-04:00	17.5800	17.6359	269
2026-07-28T13:13:00-04:00	17.5850	17.6357	3258
2026-07-28T13:14:00-04:00	17.5950	17.6356	4422
2026-07-28T13:15:00-04:00	17.5200	17.6353	3046
2026-07-28T13:16:00-04:00	17.5600	17.6348	4936
2026-07-28T13:17:00-04:00	17.5850	17.6347	1814
2026-07-28T13:18:00-04:00	17.5600	17.6347	260
2026-07-28T13:19:00-04:00	17.5400	17.6346	995
2026-07-28T13:20:00-04:00	17.6800	17.6346	6263
2026-07-28T13:21:00-04:00	17.6103	17.6346	2159
2026-07-28T13:22:00-04:00	17.6150	17.6345	3729
2026-07-28T13:23:00-04:00	17.6150	17.6345	482
2026-07-28T13:24:00-04:00	17.5800	17.6343	3018
2026-07-28T13:25:00-04:00	17.4800	17.6337	5157
2026-07-28T13:26:00-04:00	17.4600	17.6336	546
2026-07-28T13:27:00-04:00	17.4500	17.6334	1310
2026-07-28T13:28:00-04:00	17.4800	17.6332	1573
2026-07-28T13:29:00-04:00	17.4700	17.6331	555
2026-07-28T13:30:00-04:00	17.4100	17.6324	2948
2026-07-28T13:31:00-04:00	17.3700	17.6323	404
2026-07-28T13:32:00-04:00	17.3400	17.6316	2936
2026-07-28T13:33:00-04:00	17.3800	17.6310	2596
2026-07-28T13:34:00-04:00	17.3750	17.6307	1057
2026-07-28T13:35:00-04:00	17.4600	17.6295	6730
2026-07-28T13:36:00-04:00	17.4800	17.6293	1535
2026-07-28T13:37:00-04:00	17.4750	17.6291	1655
2026-07-28T13:38:00-04:00	17.4850	17.6290	267
2026-07-28T13:39:00-04:00	17.4850	17.6290	308
2026-07-28T13:40:00-04:00	17.4900	17.6288	1385
2026-07-28T13:41:00-04:00	17.4800	17.6288	460
2026-07-28T13:42:00-04:00	17.4200	17.6278	5507
2026-07-28T13:43:00-04:00	17.4500	17.6274	2801
2026-07-28T13:44:00-04:00	17.4450	17.6271	1298
2026-07-28T13:45:00-04:00	17.4500	17.6269	1119
2026-07-28T13:46:00-04:00	17.4550	17.6268	1150
2026-07-28T13:47:00-04:00	17.4750	17.6263	3582
2026-07-28T13:48:00-04:00	17.5550	17.6261	3022
2026-07-28T13:49:00-04:00	17.5300	17.6259	1727
2026-07-28T13:50:00-04:00	17.4950	17.6255	5000
2026-07-28T13:51:00-04:00	17.4850	17.6253	1593
2026-07-28T13:52:00-04:00	17.4800	17.6250	2254
2026-07-28T13:53:00-04:00	17.4750	17.6249	740
2026-07-28T13:54:00-04:00	17.4750	17.6248	712
2026-07-28T13:55:00-04:00	17.4600	17.6240	5965
2026-07-28T13:56:00-04:00	17.5000	17.6237	2204
2026-07-28T13:57:00-04:00	17.4750	17.6232	3799
2026-07-28T13:58:00-04:00	17.5018	17.6231	1370
2026-07-28T13:59:00-04:00	17.5200	17.6229	2078
2026-07-28T14:00:00-04:00	17.6825	17.6229	15236
2026-07-28T14:01:00-04:00	17.6700	17.6230	1055
2026-07-28T14:02:00-04:00	17.6700	17.6230	1148
2026-07-28T14:03:00-04:00	17.6700	17.6231	569
2026-07-28T14:04:00-04:00	17.6750	17.6235	9393
2026-07-28T14:05:00-04:00	17.8000	17.6269	30999
2026-07-28T14:06:00-04:00	17.8200	17.6292	15255
2026-07-28T14:07:00-04:00	17.7916	17.6293	563
2026-07-28T14:08:00-04:00	17.7250	17.6295	2441
2026-07-28T14:09:00-04:00	17.7600	17.6299	3857
2026-07-28T14:10:00-04:00	17.7000	17.6300	1083
2026-07-28T14:11:00-04:00	17.7000	17.6307	10470
2026-07-28T14:12:00-04:00	17.7000	17.6307	548
2026-07-28T14:13:00-04:00	17.7000	17.6308	1373
2026-07-28T14:14:00-04:00	17.7450	17.6310	2323
2026-07-28T14:15:00-04:00	17.7700	17.6314	3171
2026-07-28T14:16:00-04:00	17.8000	17.6333	14649
2026-07-28T14:17:00-04:00	17.8000	17.6334	959
2026-07-28T14:18:00-04:00	17.7950	17.6335	649
2026-07-28T14:19:00-04:00	17.8000	17.6342	4981
2026-07-28T14:20:00-04:00	17.8350	17.6353	7237
2026-07-28T14:21:00-04:00	17.8400	17.6354	610
2026-07-28T14:22:00-04:00	17.8800	17.6360	3248
2026-07-28T14:23:00-04:00	17.8500	17.6361	799
2026-07-28T14:24:00-04:00	17.8250	17.6401	28017
2026-07-28T14:25:00-04:00	17.9100	17.6413	6544
2026-07-28T14:26:00-04:00	17.9100	17.6436	11522
2026-07-28T14:27:00-04:00	17.9250	17.6437	696
2026-07-28T14:28:00-04:00	17.9200	17.6447	4853
2026-07-28T14:29:00-04:00	17.9200	17.6457	4747
2026-07-28T14:30:00-04:00	17.9300	17.6464	3146
2026-07-28T14:31:00-04:00	17.9600	17.6466	1140
2026-07-28T14:32:00-04:00	17.9500	17.6474	3285
2026-07-28T14:33:00-04:00	17.9600	17.6474	262
2026-07-28T14:34:00-04:00	17.9400	17.6475	407
2026-07-28T14:35:00-04:00	17.9000	17.6485	4808
2026-07-28T14:36:00-04:00	17.9100	17.6493	4007
2026-07-28T14:37:00-04:00	17.9150	17.6494	636
2026-07-28T14:38:00-04:00	17.9000	17.6498	1956
2026-07-28T14:39:00-04:00	17.9100	17.6509	6210
2026-07-28T14:40:00-04:00	17.9000	17.6528	10155
2026-07-28T14:41:00-04:00	17.8950	17.6529	559
2026-07-28T14:42:00-04:00	17.8950	17.6530	638
2026-07-28T14:43:00-04:00	17.9175	17.6538	3834
2026-07-28T14:44:00-04:00	17.8850	17.6579	25323
2026-07-28T14:45:00-04:00	17.8850	17.6583	2671
2026-07-28T14:46:00-04:00	17.8500	17.6587	2160
2026-07-28T14:47:00-04:00	17.8800	17.6613	17244
2026-07-28T14:48:00-04:00	17.8150	17.6620	6217
2026-07-28T14:49:00-04:00	17.7700	17.6624	4221
2026-07-28T14:50:00-04:00	17.7700	17.6626	2784
2026-07-28T14:51:00-04:00	17.7900	17.6628	2928
2026-07-28T14:52:00-04:00	17.7500	17.6629	1386
2026-07-28T14:53:00-04:00	17.8000	17.6636	8383
2026-07-28T14:54:00-04:00	17.8750	17.6674	29941
2026-07-28T14:55:00-04:00	17.9200	17.6677	1830
2026-07-28T14:56:00-04:00	17.9050	17.6678	611
2026-07-28T14:57:00-04:00	17.9050	17.6681	2032
2026-07-28T14:58:00-04:00	17.9450	17.6685	2462
2026-07-28T14:59:00-04:00	18.0000	17.6692	3337
2026-07-28T15:00:00-04:00	18.0200	17.6695	978
2026-07-28T15:01:00-04:00	17.9950	17.6700	2399
2026-07-28T15:02:00-04:00	18.0650	17.6712	4828
2026-07-28T15:03:00-04:00	18.1100	17.6717	1942
2026-07-28T15:04:00-04:00	18.1000	17.6732	5103
2026-07-28T15:05:00-04:00	18.1000	17.6735	956
2026-07-28T15:06:00-04:00	18.1000	17.6737	619
2026-07-28T15:07:00-04:00	18.1000	17.6741	1597
2026-07-28T15:08:00-04:00	18.0600	17.6766	9387
2026-07-28T15:09:00-04:00	18.0410	17.6769	1521
2026-07-28T15:10:00-04:00	18.0300	17.6788	7701
2026-07-28T15:11:00-04:00	18.0600	17.6809	9225
2026-07-28T15:12:00-04:00	18.0650	17.6813	1586
2026-07-28T15:13:00-04:00	18.0200	17.6814	554
2026-07-28T15:14:00-04:00	18.0350	17.6820	2417
2026-07-28T15:15:00-04:00	18.0200	17.6823	1615
2026-07-28T15:16:00-04:00	18.0200	17.6827	1496
2026-07-28T15:17:00-04:00	18.0350	17.6830	1625
2026-07-28T15:18:00-04:00	18.0500	17.6855	10506
2026-07-28T15:19:00-04:00	18.0150	17.6857	1094
2026-07-28T15:20:00-04:00	18.0100	17.6860	1328
2026-07-28T15:21:00-04:00	18.0300	17.6873	6330
2026-07-28T15:22:00-04:00	18.0550	17.6888	6161
2026-07-28T15:23:00-04:00	18.0600	17.6893	2446
2026-07-28T15:24:00-04:00	18.0600	17.6897	1517
2026-07-28T15:25:00-04:00	18.0700	17.6903	2444
2026-07-28T15:26:00-04:00	18.0700	17.6907	1629
2026-07-28T15:27:00-04:00	18.0650	17.6910	1246
2026-07-28T15:28:00-04:00	18.0550	17.6918	3842
2026-07-28T15:29:00-04:00	18.0750	17.6933	6151
2026-07-28T15:30:00-04:00	18.0200	17.6953	9205
2026-07-28T15:31:00-04:00	18.0250	17.6966	6658
2026-07-28T15:32:00-04:00	18.0450	17.6981	6792
2026-07-28T15:33:00-04:00	18.0450	17.6982	835
2026-07-28T15:34:00-04:00	18.0550	17.6986	1901
2026-07-28T15:35:00-04:00	18.0550	17.6988	697
2026-07-28T15:36:00-04:00	18.0600	17.7027	18096
2026-07-28T15:37:00-04:00	18.0700	17.7034	3410
2026-07-28T15:38:00-04:00	18.0650	17.7037	1116
2026-07-28T15:39:00-04:00	18.0310	17.7045	3977
2026-07-28T15:40:00-04:00	18.0250	17.7057	6089
2026-07-28T15:41:00-04:00	18.0300	17.7068	5819
2026-07-28T15:42:00-04:00	18.0300	17.7070	799
2026-07-28T15:43:00-04:00	18.0450	17.7094	12123
2026-07-28T15:44:00-04:00	18.0450	17.7100	3277
2026-07-28T15:45:00-04:00	18.0550	17.7112	5917
2026-07-28T15:46:00-04:00	18.0550	17.7119	3040
2026-07-28T15:47:00-04:00	18.0800	17.7140	9898
2026-07-28T15:48:00-04:00	18.0900	17.7147	2959
2026-07-28T15:49:00-04:00	18.0900	17.7161	6788
2026-07-28T15:50:00-04:00	18.0500	17.7234	36539
2026-07-28T15:51:00-04:00	18.0050	17.7269	21337
2026-07-28T15:52:00-04:00	17.9950	17.7296	17178
2026-07-28T15:53:00-04:00	17.9950	17.7302	4340
2026-07-28T15:54:00-04:00	17.9600	17.7310	6153
2026-07-28T15:55:00-04:00	17.8500	17.7320	11405
2026-07-28T15:56:00-04:00	17.7500	17.7322	6513
2026-07-28T15:57:00-04:00	17.7800	17.7328	31701
2026-07-28T15:58:00-04:00	17.7800	17.7332	12845
2026-07-28T15:59:00-04:00	17.8150	17.7355	45591
2026-07-29T09:30:00-04:00	17.0500	17.1767	52922
2026-07-29T09:31:00-04:00	16.8050	17.0704	26521
2026-07-29T09:32:00-04:00	16.7100	16.8846	109618
2026-07-29T09:33:00-04:00	16.9800	16.8828	55283
2026-07-29T09:34:00-04:00	16.9850	16.8856	22638
2026-07-29T09:35:00-04:00	16.9600	16.8869	8342
2026-07-29T09:36:00-04:00	16.7600	16.8747	81468
2026-07-29T09:37:00-04:00	16.6400	16.8673	14492
2026-07-29T09:38:00-04:00	16.4100	16.8540	13952
2026-07-29T09:39:00-04:00	16.5120	16.8507	3335
2026-07-29T09:40:00-04:00	16.2200	16.8400	7414
2026-07-29T09:41:00-04:00	16.2600	16.8342	4029
2026-07-29T09:42:00-04:00	16.2850	16.8250	6745
2026-07-29T09:43:00-04:00	16.2750	16.7729	39840
2026-07-29T09:44:00-04:00	16.2900	16.7726	343
2026-07-29T09:45:00-04:00	16.2000	16.7666	4931
2026-07-29T09:46:00-04:00	15.9400	16.7378	18251
2026-07-29T09:47:00-04:00	16.1350	16.7220	11313
2026-07-29T09:48:00-04:00	16.1700	16.6650	50310
2026-07-29T09:49:00-04:00	16.4400	16.6530	21961
2026-07-29T09:50:00-04:00	16.2700	16.5778	172734
2026-07-29T09:51:00-04:00	16.3625	16.5731	13832
2026-07-29T09:52:00-04:00	16.0600	16.5316	64489
2026-07-29T09:53:00-04:00	16.0400	16.5285	5633
2026-07-29T09:54:00-04:00	16.1000	16.5279	1199
2026-07-29T09:55:00-04:00	16.1700	16.5063	44570
2026-07-29T09:56:00-04:00	16.3300	16.5025	13895
2026-07-29T09:57:00-04:00	16.2250	16.5017	2757
2026-07-29T09:58:00-04:00	16.2600	16.5014	1293
2026-07-29T09:59:00-04:00	16.3600	16.5004	4976
2026-07-29T10:00:00-04:00	16.3702	16.5001	2287
2026-07-29T10:01:00-04:00	16.3950	16.4988	9621
2026-07-29T10:02:00-04:00	16.4300	16.4985	3981
2026-07-29T10:03:00-04:00	16.4200	16.4976	12022
2026-07-29T10:04:00-04:00	16.4950	16.4975	6911
2026-07-29T10:05:00-04:00	16.6100	16.4977	4133
2026-07-29T10:06:00-04:00	16.5000	16.4980	6345
2026-07-29T10:07:00-04:00	16.5200	16.4966	41339
2026-07-29T10:08:00-04:00	16.4600	16.4945	40080
2026-07-29T10:09:00-04:00	16.5050	16.4948	34320
2026-07-29T10:10:00-04:00	16.4800	16.4943	17869
2026-07-29T10:11:00-04:00	16.5050	16.4943	6106
2026-07-29T10:12:00-04:00	16.5200	16.4947	39207
2026-07-29T10:13:00-04:00	16.5250	16.4948	5529
2026-07-29T10:14:00-04:00	16.4800	16.4941	39554
2026-07-29T10:15:00-04:00	16.5100	16.4942	11677
2026-07-29T10:16:00-04:00	16.5050	16.4942	1067
2026-07-29T10:17:00-04:00	16.4450	16.4926	39064
2026-07-29T10:18:00-04:00	16.4290	16.4914	31113
2026-07-29T10:19:00-04:00	16.3250	16.4906	6815
2026-07-29T10:20:00-04:00	16.3800	16.4888	18197
2026-07-29T10:21:00-04:00	16.4100	16.4886	3597
2026-07-29T10:22:00-04:00	16.3900	16.4883	2933
2026-07-29T10:23:00-04:00	16.3950	16.4882	1282
2026-07-29T10:24:00-04:00	16.2850	16.4874	6414
2026-07-29T10:25:00-04:00	16.0750	16.4769	37533
2026-07-29T10:26:00-04:00	16.0300	16.4730	11442
2026-07-29T10:27:00-04:00	16.0100	16.4707	7149
2026-07-29T10:28:00-04:00	16.0900	16.4691	5058
2026-07-29T10:29:00-04:00	16.1193	16.4675	5997
2026-07-29T10:30:00-04:00	16.0750	16.4669	2000
2026-07-29T10:31:00-04:00	16.0250	16.4653	4905
2026-07-29T10:32:00-04:00	16.0300	16.4627	7893
2026-07-29T10:33:00-04:00	16.0350	16.4606	6664
2026-07-29T10:34:00-04:00	16.0750	16.4552	18789
2026-07-29T10:35:00-04:00	16.0750	16.4542	3745
2026-07-29T10:36:00-04:00	16.1200	16.4527	6142
2026-07-29T10:37:00-04:00	16.0700	16.4513	5203
2026-07-29T10:38:00-04:00	16.0950	16.4503	4057
2026-07-29T10:39:00-04:00	16.0600	16.4494	3155
2026-07-29T10:40:00-04:00	16.0100	16.4450	14783
2026-07-29T10:41:00-04:00	16.0000	16.4335	39462
2026-07-29T10:42:00-04:00	15.9901	16.4281	18372
2026-07-29T10:43:00-04:00	15.9950	16.4218	22012
2026-07-29T10:44:00-04:00	16.0050	16.4204	5224
2026-07-29T10:45:00-04:00	15.9900	16.4188	5655
2026-07-29T10:46:00-04:00	15.9800	16.4161	9465
2026-07-29T10:47:00-04:00	16.0100	16.4136	9649
2026-07-29T10:48:00-04:00	15.9950	16.4127	3497
2026-07-29T10:49:00-04:00	15.9908	16.4097	11771
2026-07-29T10:50:00-04:00	16.0300	16.4070	10567
2026-07-29T10:51:00-04:00	16.0100	16.4052	7287
2026-07-29T10:52:00-04:00	16.0150	16.4035	6763
2026-07-29T10:53:00-04:00	16.1350	16.4013	11639
2026-07-29T10:54:00-04:00	16.1350	16.4007	3254
2026-07-29T10:55:00-04:00	16.0800	16.3995	6698
2026-07-29T10:56:00-04:00	16.0500	16.3987	3381
2026-07-29T10:57:00-04:00	16.0650	16.3950	17786
2026-07-29T10:58:00-04:00	16.0699	16.3939	5701
2026-07-29T10:59:00-04:00	16.0601	16.3936	1564
2026-07-29T11:00:00-04:00	16.1300	16.3902	20671
2026-07-29T11:01:00-04:00	16.1300	16.3893	4897
2026-07-29T11:02:00-04:00	16.0950	16.3878	8845
2026-07-29T11:03:00-04:00	16.0650	16.3860	9152
2026-07-29T11:04:00-04:00	16.0950	16.3824	20104
2026-07-29T11:05:00-04:00	16.0950	16.3804	11400
2026-07-29T11:06:00-04:00	16.1090	16.3801	1756
2026-07-29T11:07:00-04:00	16.1000	16.3801	350
2026-07-29T11:08:00-04:00	16.1000	16.3796	3173
2026-07-29T11:09:00-04:00	16.1000	16.3793	1643
2026-07-29T11:10:00-04:00	16.1000	16.3785	4559
2026-07-29T11:11:00-04:00	16.1000	16.3782	2105
2026-07-29T11:12:00-04:00	16.0950	16.3744	24253
2026-07-29T11:13:00-04:00	16.0900	16.3734	5790
2026-07-29T11:14:00-04:00	16.0300	16.3698	19610
2026-07-29T11:15:00-04:00	15.9850	16.3685	6137
2026-07-29T11:16:00-04:00	15.9000	16.3647	14888
2026-07-29T11:17:00-04:00	15.8700	16.3573	27559
2026-07-29T11:18:00-04:00	15.8676	16.3562	4212
2026-07-29T11:19:00-04:00	15.7550	16.3534	8937
2026-07-29T11:20:00-04:00	15.7550	16.3530	1012
2026-07-29T11:21:00-04:00	15.8300	16.3466	21142
2026-07-29T11:22:00-04:00	15.7900	16.3449	5725
2026-07-29T11:23:00-04:00	15.6700	16.3382	19918
2026-07-29T11:24:00-04:00	15.6900	16.3368	3838
2026-07-29T11:25:00-04:00	15.6500	16.3344	6633
2026-07-29T11:26:00-04:00	15.6200	16.3319	6712
2026-07-29T11:27:00-04:00	15.6090	16.3303	4163
2026-07-29T11:28:00-04:00	15.5710	16.3282	5413
2026-07-29T11:29:00-04:00	15.5750	16.3274	1850
2026-07-29T11:30:00-04:00	15.5650	16.3213	15715
2026-07-29T11:31:00-04:00	15.6150	16.3202	2727
2026-07-29T11:32:00-04:00	15.5964	16.3184	5016
2026-07-29T11:33:00-04:00	15.5950	16.3167	4336
2026-07-29T11:34:00-04:00	15.5500	16.3148	4973
2026-07-29T11:35:00-04:00	15.4850	16.3061	20375
2026-07-29T11:36:00-04:00	15.3801	16.2947	25593
2026-07-29T11:37:00-04:00	15.3677	16.2901	9665
2026-07-29T11:38:00-04:00	15.3200	16.2743	32606
2026-07-29T11:39:00-04:00	15.2850	16.2710	6583
2026-07-29T11:40:00-04:00	15.3036	16.2670	8488
2026-07-29T11:41:00-04:00	15.2750	16.2663	1327
2026-07-29T11:42:00-04:00	15.2900	16.2553	22921
2026-07-29T11:43:00-04:00	15.2800	16.2537	3580
2026-07-29T11:44:00-04:00	15.2950	16.2512	5285
2026-07-29T11:45:00-04:00	15.3150	16.2481	6974
2026-07-29T11:46:00-04:00	15.3250	16.2449	7253
2026-07-29T11:47:00-04:00	15.3250	16.2439	2083
2026-07-29T11:48:00-04:00	15.3450	16.2363	17979
2026-07-29T11:49:00-04:00	15.3450	16.2350	2899
2026-07-29T11:50:00-04:00	15.3400	16.2328	5390
2026-07-29T11:51:00-04:00	15.3450	16.2278	12000
2026-07-29T11:52:00-04:00	15.3500	16.2266	2845
2026-07-29T11:53:00-04:00	15.3650	16.2251	3661
2026-07-29T11:54:00-04:00	15.3600	16.2235	4058
2026-07-29T11:55:00-04:00	15.3600	16.2219	3858
2026-07-29T11:56:00-04:00	15.3650	16.2212	1823
2026-07-29T11:57:00-04:00	15.3650	16.2204	1875
2026-07-29T11:58:00-04:00	15.2150	16.2131	16471
2026-07-29T11:59:00-04:00	15.1650	16.2037	19445
2026-07-29T12:00:00-04:00	15.1550	16.2019	3631
2026-07-29T12:01:00-04:00	15.0750	16.1931	17133
2026-07-29T12:02:00-04:00	15.0600	16.1909	4383
2026-07-29T12:03:00-04:00	15.0800	16.1873	7006
2026-07-29T12:04:00-04:00	15.0100	16.1816	11007
2026-07-29T12:05:00-04:00	14.9400	16.1420	72453
2026-07-29T12:06:00-04:00	14.9896	16.1373	9164
2026-07-29T12:07:00-04:00	15.0100	16.1357	3315
2026-07-29T12:08:00-04:00	15.0500	16.1320	7636
2026-07-29T12:09:00-04:00	15.0400	16.1284	7803
2026-07-29T12:10:00-04:00	15.0559	16.1238	9824
2026-07-29T12:11:00-04:00	15.0550	16.1176	13485
2026-07-29T12:12:00-04:00	15.0550	16.1163	2842
2026-07-29T12:13:00-04:00	15.0600	16.1132	6860
2026-07-29T12:14:00-04:00	15.0700	16.1115	3876
2026-07-29T12:15:00-04:00	15.0800	16.1087	6394
2026-07-29T12:16:00-04:00	15.0648	16.1060	5912
2026-07-29T12:17:00-04:00	15.0700	16.1043	3771
2026-07-29T12:18:00-04:00	15.0850	16.1034	2241
2026-07-29T12:19:00-04:00	15.0600	16.1008	5990
2026-07-29T12:20:00-04:00	15.1200	16.0977	7276
2026-07-29T12:21:00-04:00	15.1250	16.0960	4157
2026-07-29T12:22:00-04:00	15.1250	16.0957	746
2026-07-29T12:23:00-04:00	15.1250	16.0921	9106
2026-07-29T12:24:00-04:00	15.1009	16.0900	5171
2026-07-29T12:25:00-04:00	15.1400	16.0883	4054
2026-07-29T12:26:00-04:00	15.1300	16.0873	2527
2026-07-29T12:27:00-04:00	15.1000	16.0852	5112
2026-07-29T12:28:00-04:00	15.1300	16.0838	3593
2026-07-29T12:29:00-04:00	15.1300	16.0837	328
2026-07-29T12:30:00-04:00	15.1400	16.0815	5700
2026-07-29T12:31:00-04:00	15.1600	16.0779	9148
2026-07-29T12:32:00-04:00	15.1401	16.0742	9687
2026-07-29T12:33:00-04:00	15.1250	16.0715	7172
2026-07-29T12:34:00-04:00	15.1300	16.0681	8896
2026-07-29T12:35:00-04:00	15.0700	16.0633	12103
2026-07-29T12:36:00-04:00	15.0550	16.0621	2838
2026-07-29T12:37:00-04:00	15.0210	16.0607	3288
2026-07-29T12:38:00-04:00	14.9400	16.0546	14069
2026-07-29T12:39:00-04:00	14.9500	16.0542	889
2026-07-29T12:40:00-04:00	14.9900	16.0502	9272
2026-07-29T12:41:00-04:00	14.9200	16.0484	4178
2026-07-29T12:42:00-04:00	14.8100	16.0383	20986
2026-07-29T12:43:00-04:00	14.8200	16.0382	200
2026-07-29T12:44:00-04:00	14.8100	16.0376	1340
2026-07-29T12:45:00-04:00	14.9200	16.0310	14500
2026-07-29T12:46:00-04:00	14.9400	16.0307	542
2026-07-29T12:47:00-04:00	14.9800	16.0290	4221
2026-07-29T12:48:00-04:00	14.9600	16.0286	1029
2026-07-29T12:49:00-04:00	14.9600	16.0279	1485
2026-07-29T12:50:00-04:00	14.9600	16.0274	1274
2026-07-29T12:51:00-04:00	14.9750	16.0238	9080
2026-07-29T12:52:00-04:00	14.9650	16.0215	5454
2026-07-29T12:53:00-04:00	14.9899	16.0173	10253
2026-07-29T12:54:00-04:00	14.9800	16.0127	11431
2026-07-29T12:55:00-04:00	14.9800	16.0124	887
2026-07-29T12:56:00-04:00	14.9850	16.0095	7259
2026-07-29T12:57:00-04:00	14.9800	16.0047	12318
2026-07-29T12:58:00-04:00	15.0000	16.0021	6778
2026-07-29T12:59:00-04:00	15.0000	16.0013	2115
2026-07-29T13:00:00-04:00	15.0100	15.9999	3611
2026-07-29T13:01:00-04:00	15.0200	15.9984	3995
2026-07-29T13:02:00-04:00	14.9500	15.9941	11115
2026-07-29T13:03:00-04:00	14.9501	15.9925	4151
2026-07-29T13:04:00-04:00	15.0100	15.9908	4539
2026-07-29T13:05:00-04:00	15.0200	15.9885	6122
2026-07-29T13:06:00-04:00	15.0150	15.9873	3269
2026-07-29T13:07:00-04:00	15.0100	15.9864	2561
2026-07-29T13:08:00-04:00	15.0600	15.9847	4704
2026-07-29T13:09:00-04:00	14.9849	15.9830	4644
2026-07-29T13:10:00-04:00	15.0600	15.9817	3787
2026-07-29T13:11:00-04:00	15.1350	15.9798	5753
2026-07-29T13:12:00-04:00	15.1100	15.9786	3912
2026-07-29T13:13:00-04:00	15.0600	15.9776	2844
2026-07-29T13:14:00-04:00	15.0350	15.9764	3368
2026-07-29T13:15:00-04:00	15.0200	15.9756	2328
2026-07-29T13:16:00-04:00	14.9900	15.9738	4912
2026-07-29T13:17:00-04:00	15.0050	15.9729	2394
2026-07-29T13:18:00-04:00	15.0150	15.9723	1946
2026-07-29T13:19:00-04:00	15.0290	15.9707	4330
2026-07-29T13:20:00-04:00	15.0250	15.9696	3145
2026-07-29T13:21:00-04:00	15.0900	15.9683	4021
2026-07-29T13:22:00-04:00	15.0800	15.9660	6968
2026-07-29T13:23:00-04:00	15.0600	15.9634	8163
2026-07-29T13:24:00-04:00	15.0300	15.9622	3365
2026-07-29T13:25:00-04:00	15.0001	15.9615	1910
2026-07-29T13:26:00-04:00	15.0400	15.9594	6145
2026-07-29T13:27:00-04:00	15.0208	15.9580	4431
2026-07-29T13:28:00-04:00	15.0450	15.9574	1651
2026-07-29T13:29:00-04:00	15.0200	15.9570	1349
2026-07-29T13:30:00-04:00	15.0300	15.9567	873
2026-07-29T13:31:00-04:00	15.0500	15.9541	7786
2026-07-29T13:32:00-04:00	15.0600	15.9534	2094
2026-07-29T13:33:00-04:00	15.0650	15.9524	3019
2026-07-29T13:34:00-04:00	15.0500	15.9515	2742
2026-07-29T13:35:00-04:00	15.0500	15.9509	2119
2026-07-29T13:36:00-04:00	15.0400	15.9500	2438
2026-07-29T13:37:00-04:00	15.0250	15.9493	2181
2026-07-29T13:38:00-04:00	15.0200	15.9490	813
2026-07-29T13:39:00-04:00	15.0150	15.9483	2181
2026-07-29T13:40:00-04:00	15.0000	15.9436	13909
2026-07-29T13:41:00-04:00	14.9700	15.9423	3686
2026-07-29T13:42:00-04:00	14.9700	15.9412	3218
2026-07-29T13:43:00-04:00	14.9900	15.9402	2933
2026-07-29T13:44:00-04:00	15.0000	15.9399	808
2026-07-29T13:45:00-04:00	14.9550	15.9385	4127
2026-07-29T13:46:00-04:00	14.9150	15.9378	1754
2026-07-29T13:47:00-04:00	14.9700	15.9348	8507
2026-07-29T13:48:00-04:00	14.9550	15.9279	20479
2026-07-29T13:49:00-04:00	14.9550	15.9271	2246
2026-07-29T13:50:00-04:00	14.9450	15.9264	1948
2026-07-29T13:51:00-04:00	14.9400	15.9260	1234
2026-07-29T13:52:00-04:00	14.9650	15.9217	12532
2026-07-29T13:53:00-04:00	14.9650	15.9207	2967
2026-07-29T13:54:00-04:00	14.9490	15.9188	5476
2026-07-29T13:55:00-04:00	14.9650	15.9167	6480
2026-07-29T13:56:00-04:00	14.9400	15.9154	3592
2026-07-29T13:57:00-04:00	14.9600	15.9146	2661
2026-07-29T13:58:00-04:00	14.9850	15.9139	1887
2026-07-29T13:59:00-04:00	14.9964	15.9134	1590
2026-07-29T14:00:00-04:00	15.2380	15.9064	27004
2026-07-29T14:01:00-04:00	15.2400	15.9047	7371
2026-07-29T14:02:00-04:00	15.2100	15.9042	1861
2026-07-29T14:03:00-04:00	15.1800	15.9038	1856
2026-07-29T14:04:00-04:00	15.1000	15.8982	21144
2026-07-29T14:05:00-04:00	15.0850	15.8930	18646
2026-07-29T14:06:00-04:00	15.1400	15.8904	10473
2026-07-29T14:07:00-04:00	15.1800	15.8894	4079
2026-07-29T14:08:00-04:00	15.1500	15.8892	531
2026-07-29T14:09:00-04:00	15.1300	15.8884	3278
2026-07-29T14:10:00-04:00	15.2650	15.8866	8104
2026-07-29T14:11:00-04:00	15.2536	15.8861	2690
2026-07-29T14:12:00-04:00	15.1888	15.8840	9169
2026-07-29T14:13:00-04:00	15.1450	15.8825	6022
2026-07-29T14:14:00-04:00	15.1700	15.8793	13244
2026-07-29T14:15:00-04:00	15.2700	15.8785	3803
2026-07-29T14:16:00-04:00	15.2600	15.8768	8405
2026-07-29T14:17:00-04:00	15.1800	15.8752	7301
2026-07-29T14:18:00-04:00	15.1400	15.8739	5222
2026-07-29T14:19:00-04:00	15.0600	15.8696	16616
2026-07-29T14:20:00-04:00	15.0600	15.8689	2610
2026-07-29T14:21:00-04:00	15.0700	15.8674	5858
2026-07-29T14:22:00-04:00	15.0000	15.8657	5828
2026-07-29T14:23:00-04:00	15.0100	15.8650	2610
2026-07-29T14:24:00-04:00	15.0150	15.8609	14788
2026-07-29T14:25:00-04:00	15.0000	15.8593	5783
2026-07-29T14:26:00-04:00	15.0000	15.8585	2857
2026-07-29T14:27:00-04:00	14.9950	15.8580	1652
2026-07-29T14:28:00-04:00	15.0100	15.8567	5089
2026-07-29T14:29:00-04:00	15.0100	15.8561	2046
2026-07-29T14:30:00-04:00	15.0400	15.8547	5432
2026-07-29T14:31:00-04:00	15.0400	15.8519	10647
2026-07-29T14:32:00-04:00	15.0200	15.8503	6048
2026-07-29T14:33:00-04:00	15.0500	15.8497	2195
2026-07-29T14:34:00-04:00	15.0450	15.8491	2452
2026-07-29T14:35:00-04:00	15.0500	15.8467	9322
2026-07-29T14:36:00-04:00	15.0600	15.8441	10029
2026-07-29T14:37:00-04:00	15.0800	15.8435	2473
2026-07-29T14:38:00-04:00	15.1300	15.8417	8030
2026-07-29T14:39:00-04:00	15.1300	15.8395	9873
2026-07-29T14:40:00-04:00	15.2000	15.8383	5503
2026-07-29T14:41:00-04:00	15.2000	15.8370	6705
2026-07-29T14:42:00-04:00	15.2100	15.8351	9355
2026-07-29T14:43:00-04:00	15.2898	15.8336	8422
2026-07-29T14:44:00-04:00	15.3200	15.8331	3185
2026-07-29T14:45:00-04:00	15.3100	15.8304	16351
2026-07-29T14:46:00-04:00	15.2800	15.8278	15830
2026-07-29T14:47:00-04:00	15.3200	15.8260	11327
2026-07-29T14:48:00-04:00	15.2750	15.8246	8316
2026-07-29T14:49:00-04:00	15.3100	15.8230	9705
2026-07-29T14:50:00-04:00	15.3700	15.8199	21241
2026-07-29T14:51:00-04:00	15.3300	15.8178	14931
2026-07-29T14:52:00-04:00	15.3600	15.8170	5538
2026-07-29T14:53:00-04:00	15.3900	15.8160	7693
2026-07-29T14:54:00-04:00	15.4600	15.8152	6937
2026-07-29T14:55:00-04:00	15.2375	15.8069	56300
2026-07-29T14:56:00-04:00	15.1550	15.8052	9106
2026-07-29T14:57:00-04:00	15.2050	15.8041	5762
2026-07-29T14:58:00-04:00	15.2286	15.8037	2671
2026-07-29T14:59:00-04:00	15.2300	15.8029	4357
2026-07-29T15:00:00-04:00	15.1900	15.8021	4778
2026-07-29T15:01:00-04:00	15.2500	15.8009	7035
2026-07-29T15:02:00-04:00	15.2200	15.7999	5645
2026-07-29T15:03:00-04:00	15.1350	15.7980	10626
2026-07-29T15:04:00-04:00	15.0650	15.7969	5079
2026-07-29T15:05:00-04:00	15.0650	15.7964	2327
2026-07-29T15:06:00-04:00	15.0650	15.7947	7897
2026-07-29T15:07:00-04:00	15.0650	15.7936	5223
2026-07-29T15:08:00-04:00	15.0275	15.7912	11117
2026-07-29T15:09:00-04:00	15.0400	15.7905	3221
2026-07-29T15:10:00-04:00	15.0250	15.7891	6099
2026-07-29T15:11:00-04:00	15.0700	15.7884	3579
2026-07-29T15:12:00-04:00	15.0750	15.7877	3479
2026-07-29T15:13:00-04:00	15.1074	15.7868	4151
2026-07-29T15:14:00-04:00	15.0950	15.7866	1306
2026-07-29T15:15:00-04:00	15.0800	15.7853	6346
2026-07-29T15:16:00-04:00	15.0600	15.7845	3950
2026-07-29T15:17:00-04:00	15.0400	15.7833	5604
2026-07-29T15:18:00-04:00	15.0200	15.7820	6069
2026-07-29T15:19:00-04:00	14.9850	15.7802	8093
2026-07-29T15:20:00-04:00	14.9200	15.7777	10288
2026-07-29T15:21:00-04:00	14.8500	15.7740	14485
2026-07-29T15:22:00-04:00	14.8500	15.7722	6777
2026-07-29T15:23:00-04:00	14.8150	15.7712	3535
2026-07-29T15:24:00-04:00	14.7900	15.7658	19976
2026-07-29T15:25:00-04:00	14.7650	15.7644	4997
2026-07-29T15:26:00-04:00	14.7000	15.7622	7344
2026-07-29T15:27:00-04:00	14.6900	15.7553	23565
2026-07-29T15:28:00-04:00	14.6800	15.7460	31155
2026-07-29T15:29:00-04:00	14.7000	15.7434	9217
2026-07-29T15:30:00-04:00	14.7000	15.7427	2421
2026-07-29T15:31:00-04:00	14.6900	15.7405	7675
2026-07-29T15:32:00-04:00	14.6981	15.7384	7344
2026-07-29T15:33:00-04:00	14.6800	15.7376	2703
2026-07-29T15:34:00-04:00	14.6850	15.7361	5259
2026-07-29T15:35:00-04:00	14.6900	15.7328	11544
2026-07-29T15:36:00-04:00	14.7200	15.7309	6611
2026-07-29T15:37:00-04:00	14.7200	15.7292	6347
2026-07-29T15:38:00-04:00	14.6900	15.7234	20871
2026-07-29T15:39:00-04:00	14.6850	15.7167	23893
2026-07-29T15:40:00-04:00	14.6850	15.7104	22887
2026-07-29T15:41:00-04:00	14.6800	15.6975	48195
2026-07-29T15:42:00-04:00	14.6800	15.6936	14536
2026-07-29T15:43:00-04:00	14.6850	15.6915	8173
2026-07-29T15:44:00-04:00	14.6850	15.6900	5676
2026-07-29T15:45:00-04:00	14.6150	15.6780	44100
2026-07-29T15:46:00-04:00	14.4500	15.6594	61804
2026-07-29T15:47:00-04:00	14.5300	15.6549	15563
2026-07-29T15:48:00-04:00	14.6400	15.6502	17570
2026-07-29T15:49:00-04:00	14.6450	15.6486	6610
2026-07-29T15:50:00-04:00	14.6400	15.6458	10692
2026-07-29T15:51:00-04:00	14.6250	15.6439	7461
2026-07-29T15:52:00-04:00	14.6350	15.6401	15106
2026-07-29T15:53:00-04:00	14.6250	15.6361	16153
2026-07-29T15:54:00-04:00	14.6600	15.6337	9937
2026-07-29T15:55:00-04:00	14.6800	15.6298	16397
2026-07-29T15:56:00-04:00	14.7250	15.6275	10279
2026-07-29T15:57:00-04:00	14.7500	15.6228	22229
2026-07-29T15:58:00-04:00	14.7850	15.6168	29488
2026-07-29T15:59:00-04:00	15.0100	15.6065	63808
2026-07-30T09:30:00-04:00	14.6900	14.8067	36469
2026-07-30T09:31:00-04:00	14.5000	14.6953	19015
2026-07-30T09:32:00-04:00	14.4800	14.6724	5673
2026-07-30T09:33:00-04:00	14.4786	14.6701	656
2026-07-30T09:34:00-04:00	14.6400	14.6480	16155
2026-07-30T09:35:00-04:00	14.4200	14.6397	4081
2026-07-30T09:36:00-04:00	14.4800	14.6332	3341
2026-07-30T09:37:00-04:00	14.4588	14.6070	15550
2026-07-30T09:38:00-04:00	14.4101	14.5885	9108
2026-07-30T09:39:00-04:00	14.5169	14.5858	3030
2026-07-30T09:40:00-04:00	14.3800	14.5687	12491
2026-07-30T09:41:00-04:00	14.5282	14.5614	10700
2026-07-30T09:42:00-04:00	14.5800	14.5615	2706
2026-07-30T09:43:00-04:00	14.6300	14.5630	4808
2026-07-30T09:44:00-04:00	14.6900	14.5680	7350
2026-07-30T09:45:00-04:00	14.7300	14.5740	6301
2026-07-30T09:46:00-04:00	14.7350	14.5752	1060
2026-07-30T09:47:00-04:00	14.8200	14.5801	3240
2026-07-30T09:48:00-04:00	14.9306	14.5909	5500
2026-07-30T09:49:00-04:00	15.0400	14.6196	13985
2026-07-30T09:50:00-04:00	15.1050	14.6966	35923
2026-07-30T09:51:00-04:00	15.1100	14.7024	3046
2026-07-30T09:52:00-04:00	15.1300	14.7221	9639
2026-07-30T09:53:00-04:00	15.1900	14.7289	3464
2026-07-30T09:54:00-04:00	15.2500	14.7616	15269
2026-07-30T09:55:00-04:00	15.2100	14.7793	9966
2026-07-30T09:56:00-04:00	15.1700	14.7836	2860
2026-07-30T09:57:00-04:00	15.0450	14.8026	17536
2026-07-30T09:58:00-04:00	14.9450	14.8072	7046
2026-07-30T09:59:00-04:00	14.9250	14.8079	1812
2026-07-30T10:00:00-04:00	14.9200	14.8119	9823
2026-07-30T10:01:00-04:00	14.9101	14.8133	3820
2026-07-30T10:02:00-04:00	14.9100	14.8140	1803
2026-07-30T10:03:00-04:00	14.9200	14.8167	9171
2026-07-30T10:04:00-04:00	14.8700	14.8169	1187
2026-07-30T10:05:00-04:00	14.9000	14.8183	5278
2026-07-30T10:06:00-04:00	14.8400	14.8187	3369
2026-07-30T10:07:00-04:00	14.8200	14.8187	1332
2026-07-30T10:08:00-04:00	14.8050	14.8177	13243
2026-07-30T10:09:00-04:00	14.7900	14.8174	2725
2026-07-30T10:10:00-04:00	14.7350	14.8169	2127
2026-07-30T10:11:00-04:00	14.7500	14.8166	2225
2026-07-30T10:12:00-04:00	14.7600	14.8148	7160
2026-07-30T10:13:00-04:00	14.7500	14.8139	3834
2026-07-30T10:14:00-04:00	14.7800	14.8132	9165
2026-07-30T10:15:00-04:00	14.7629	14.8129	2238
2026-07-30T10:16:00-04:00	14.8000	14.8127	2051
2026-07-30T10:17:00-04:00	14.8464	14.8130	5113
2026-07-30T10:18:00-04:00	14.9350	14.8155	10051
2026-07-30T10:19:00-04:00	14.9600	14.8176	5845
2026-07-30T10:20:00-04:00	14.9900	14.8276	21500
2026-07-30T10:21:00-04:00	15.0600	14.8320	8350
2026-07-30T10:22:00-04:00	15.0150	14.8336	3443
2026-07-30T10:23:00-04:00	15.0250	14.8352	3568
2026-07-30T10:24:00-04:00	14.9900	14.8389	10418
2026-07-30T10:25:00-04:00	15.0350	14.8420	7066
2026-07-30T10:26:00-04:00	15.0700	14.8424	807
2026-07-30T10:27:00-04:00	15.1000	14.8441	3172
2026-07-30T10:28:00-04:00	15.0950	14.8447	915
2026-07-30T10:29:00-04:00	15.1500	14.8464	2629
2026-07-30T10:30:00-04:00	15.1400	14.8476	1885
2026-07-30T10:31:00-04:00	15.1150	14.8531	9416
2026-07-30T10:32:00-04:00	15.1350	14.8559	4591
2026-07-30T10:33:00-04:00	15.1350	14.8601	7121
2026-07-30T10:34:00-04:00	15.1300	14.8671	13522
2026-07-30T10:35:00-04:00	15.1900	14.8777	18003
2026-07-30T10:36:00-04:00	15.4000	14.8923	16988
2026-07-30T10:37:00-04:00	15.3500	14.8971	5515
2026-07-30T10:38:00-04:00	15.3550	14.9012	4588
2026-07-30T10:39:00-04:00	15.3200	14.9058	6035
2026-07-30T10:40:00-04:00	15.3800	14.9081	2671
2026-07-30T10:41:00-04:00	15.3500	14.9132	6261
2026-07-30T10:42:00-04:00	15.3000	14.9187	7672
2026-07-30T10:43:00-04:00	15.3050	14.9216	4137
2026-07-30T10:44:00-04:00	15.2800	14.9250	5300
2026-07-30T10:45:00-04:00	15.3100	14.9261	1701
2026-07-30T10:46:00-04:00	15.2600	14.9305	7105
2026-07-30T10:47:00-04:00	15.2400	14.9321	3059
2026-07-30T10:48:00-04:00	15.1200	14.9360	11218
2026-07-30T10:49:00-04:00	15.1800	14.9389	7795
2026-07-30T10:50:00-04:00	15.2800	14.9423	6539
2026-07-30T10:51:00-04:00	15.1900	14.9440	3812
2026-07-30T10:52:00-04:00	15.2100	14.9453	3031
2026-07-30T10:53:00-04:00	15.2000	14.9461	1794
2026-07-30T10:54:00-04:00	15.1950	14.9521	15969
2026-07-30T10:55:00-04:00	15.2700	14.9534	2850
2026-07-30T10:56:00-04:00	15.2200	14.9559	5859
2026-07-30T10:57:00-04:00	15.2800	14.9564	1188
2026-07-30T10:58:00-04:00	15.2700	14.9586	4855
2026-07-30T10:59:00-04:00	15.3200	14.9762	35241
2026-07-30T11:00:00-04:00	15.2700	14.9789	5886
2026-07-30T11:01:00-04:00	15.3300	14.9812	4854
2026-07-30T11:02:00-04:00	15.3800	14.9844	5758
2026-07-30T11:03:00-04:00	15.4500	14.9874	4612
2026-07-30T11:04:00-04:00	15.4250	14.9887	2093
2026-07-30T11:05:00-04:00	15.4300	14.9911	3866
2026-07-30T11:06:00-04:00	15.4150	14.9917	985
2026-07-30T11:07:00-04:00	15.3900	14.9982	11988
2026-07-30T11:08:00-04:00	15.3900	15.0037	10802
2026-07-30T11:09:00-04:00	15.4200	15.0056	3344
2026-07-30T11:10:00-04:00	15.3700	15.0086	6094
2026-07-30T11:11:00-04:00	15.4100	15.0100	2778
2026-07-30T11:12:00-04:00	15.4100	15.0115	2878
2026-07-30T11:13:00-04:00	15.4200	15.0122	1201
2026-07-30T11:14:00-04:00	15.4050	15.0175	10358
2026-07-30T11:15:00-04:00	15.4500	15.0274	17985
2026-07-30T11:16:00-04:00	15.4300	15.0305	6023
2026-07-30T11:17:00-04:00	15.4050	15.0340	6968
2026-07-30T11:18:00-04:00	15.4300	15.0364	5028
2026-07-30T11:19:00-04:00	15.4750	15.0398	6046
2026-07-30T11:20:00-04:00	15.4800	15.0432	6196
2026-07-30T11:21:00-04:00	15.5600	15.0643	35599
2026-07-30T11:22:00-04:00	15.6100	15.0850	33888
2026-07-30T11:23:00-04:00	15.5050	15.0916	12911
2026-07-30T11:24:00-04:00	15.5500	15.0919	608
2026-07-30T11:25:00-04:00	15.4900	15.1028	22710
2026-07-30T11:26:00-04:00	15.4000	15.1051	6908
2026-07-30T11:27:00-04:00	15.3800	15.1054	1074
2026-07-30T11:28:00-04:00	15.2100	15.1065	6949
2026-07-30T11:29:00-04:00	15.2659	15.1079	9210
2026-07-30T11:30:00-04:00	15.2850	15.1084	2577
2026-07-30T11:31:00-04:00	15.2700	15.1094	5820
2026-07-30T11:32:00-04:00	15.2600	15.1101	4277
2026-07-30T11:33:00-04:00	15.2450	15.1101	425
2026-07-30T11:34:00-04:00	15.2100	15.1103	1702
2026-07-30T11:35:00-04:00	15.3200	15.1117	7214
2026-07-30T11:36:00-04:00	15.3200	15.1119	911
2026-07-30T11:37:00-04:00	15.3200	15.1123	1460
2026-07-30T11:38:00-04:00	15.2850	15.1126	2043
2026-07-30T11:39:00-04:00	15.2900	15.1134	4162
2026-07-30T11:40:00-04:00	15.2950	15.1137	1401
2026-07-30T11:41:00-04:00	15.2950	15.1137	406
2026-07-30T11:42:00-04:00	15.2700	15.1143	3207
2026-07-30T11:43:00-04:00	15.2700	15.1149	4180
2026-07-30T11:44:00-04:00	15.3442	15.1154	2124
2026-07-30T11:45:00-04:00	15.3250	15.1155	455
2026-07-30T11:46:00-04:00	15.3450	15.1179	10356
2026-07-30T11:47:00-04:00	15.3450	15.1182	1412
2026-07-30T11:48:00-04:00	15.3150	15.1190	3777
2026-07-30T11:49:00-04:00	15.3400	15.1197	3348
2026-07-30T11:50:00-04:00	15.3400	15.1202	2197
2026-07-30T11:51:00-04:00	15.3347	15.1218	7448
2026-07-30T11:52:00-04:00	15.3200	15.1227	4194
2026-07-30T11:53:00-04:00	15.3500	15.1229	906
2026-07-30T11:54:00-04:00	15.3800	15.1244	6267
2026-07-30T11:55:00-04:00	15.4200	15.1248	1224
2026-07-30T11:56:00-04:00	15.4000	15.1259	3935
2026-07-30T11:57:00-04:00	15.4050	15.1262	1084
2026-07-30T11:58:00-04:00	15.3700	15.1272	4224
2026-07-30T11:59:00-04:00	15.3400	15.1281	4351
2026-07-30T12:00:00-04:00	15.3400	15.1285	1652
2026-07-30T12:01:00-04:00	15.3600	15.1298	6032
2026-07-30T12:02:00-04:00	15.3500	15.1305	3095
2026-07-30T12:04:00-04:00	15.2800	15.1316	7202
2026-07-30T12:05:00-04:00	15.2300	15.1322	5078
2026-07-30T12:06:00-04:00	15.2550	15.1327	4670
2026-07-30T12:07:00-04:00	15.2250	15.1328	865
2026-07-30T12:09:00-04:00	15.2150	15.1329	1121
2026-07-30T12:10:00-04:00	15.2000	15.1329	1089
2026-07-30T12:11:00-04:00	15.1350	15.1331	6880
2026-07-30T12:12:00-04:00	15.1500	15.1332	5404
2026-07-30T12:13:00-04:00	15.1900	15.1332	1308
2026-07-30T12:14:00-04:00	15.1900	15.1334	3026
2026-07-30T12:15:00-04:00	15.1800	15.1335	1853
2026-07-30T12:16:00-04:00	15.2000	15.1336	2864
2026-07-30T12:17:00-04:00	15.1900	15.1337	888
2026-07-30T12:18:00-04:00	15.1750	15.1337	330
2026-07-30T12:19:00-04:00	15.1700	15.1339	6728
2026-07-30T12:20:00-04:00	15.1900	15.1341	3557
2026-07-30T12:21:00-04:00	15.2000	15.1342	2824
2026-07-30T12:22:00-04:00	15.2000	15.1345	4229
2026-07-30T12:23:00-04:00	15.2000	15.1345	343
2026-07-30T12:24:00-04:00	15.1700	15.1348	5804
2026-07-30T12:25:00-04:00	15.1700	15.1349	3395
2026-07-30T12:26:00-04:00	15.2000	15.1350	1814
2026-07-30T12:27:00-04:00	15.1900	15.1350	467
2026-07-30T12:28:00-04:00	15.1300	15.1350	4911
2026-07-30T12:29:00-04:00	15.1200	15.1349	4997
2026-07-30T12:30:00-04:00	15.0900	15.1349	1625
2026-07-30T12:31:00-04:00	14.9750	15.1339	7645
2026-07-30T12:32:00-04:00	14.9700	15.1333	4647
2026-07-30T12:33:00-04:00	15.0200	15.1330	2674
2026-07-30T12:34:00-04:00	15.1000	15.1328	5185
2026-07-30T12:35:00-04:00	15.1400	15.1328	1690
2026-07-30T12:36:00-04:00	15.1400	15.1328	2865
2026-07-30T12:37:00-04:00	15.1400	15.1328	432
2026-07-30T12:38:00-04:00	15.1400	15.1328	442
2026-07-30T12:39:00-04:00	15.0650	15.1326	6324
2026-07-30T12:40:00-04:00	14.9950	15.1323	2576
2026-07-30T12:41:00-04:00	15.0300	15.1320	2955
2026-07-30T12:42:00-04:00	15.0300	15.1317	3792
2026-07-30T12:43:00-04:00	15.0000	15.1311	5542
2026-07-30T12:45:00-04:00	15.0100	15.1309	1685
2026-07-30T12:46:00-04:00	15.0600	15.1304	7150
2026-07-30T12:48:00-04:00	15.0700	15.1302	2954
2026-07-30T12:49:00-04:00	15.0700	15.1302	281
2026-07-30T12:50:00-04:00	15.0800	15.1301	4009
2026-07-30T12:51:00-04:00	15.1050	15.1299	5314
2026-07-30T12:52:00-04:00	15.1900	15.1300	3168
2026-07-30T12:53:00-04:00	15.1800	15.1302	4470
2026-07-30T12:54:00-04:00	15.1800	15.1302	1464
2026-07-30T12:55:00-04:00	15.1550	15.1303	2177
2026-07-30T12:56:00-04:00	15.1300	15.1303	1167
2026-07-30T12:57:00-04:00	15.1400	15.1303	2284
2026-07-30T12:58:00-04:00	15.1400	15.1303	1105
2026-07-30T12:59:00-04:00	15.1400	15.1303	1465
2026-07-30T13:00:00-04:00	15.1300	15.1303	1841
2026-07-30T13:01:00-04:00	15.1450	15.1303	1030
2026-07-30T13:02:00-04:00	15.1100	15.1303	3889
2026-07-30T13:03:00-04:00	15.1300	15.1303	6976
2026-07-30T13:04:00-04:00	15.1600	15.1303	368
2026-07-30T13:05:00-04:00	15.1300	15.1303	883
2026-07-30T13:06:00-04:00	15.1900	15.1305	4591
2026-07-30T13:07:00-04:00	15.1900	15.1305	479
2026-07-30T13:08:00-04:00	15.1900	15.1308	5274
2026-07-30T13:09:00-04:00	15.2100	15.1310	2848
2026-07-30T13:10:00-04:00	15.0900	15.1310	8982
2026-07-30T13:11:00-04:00	15.0950	15.1309	1409
2026-07-30T13:12:00-04:00	15.0950	15.1309	293
2026-07-30T13:13:00-04:00	15.0700	15.1308	1899
2026-07-30T13:14:00-04:00	15.0800	15.1307	4738
2026-07-30T13:15:00-04:00	15.0350	15.1304	5043
2026-07-30T13:16:00-04:00	15.0600	15.1301	3980
2026-07-30T13:17:00-04:00	15.0300	15.1300	2165
2026-07-30T13:18:00-04:00	15.0200	15.1298	2089
2026-07-30T13:19:00-04:00	15.0100	15.1294	5067
2026-07-30T13:20:00-04:00	15.0000	15.1293	814
2026-07-30T13:21:00-04:00	15.0300	15.1290	3430
2026-07-30T13:22:00-04:00	15.0100	15.1289	1608
2026-07-30T13:23:00-04:00	15.0400	15.1286	3226
2026-07-30T13:24:00-04:00	15.0750	15.1284	4286
2026-07-30T13:25:00-04:00	15.0600	15.1283	2103
2026-07-30T13:26:00-04:00	15.0600	15.1282	752
2026-07-30T13:28:00-04:00	15.1000	15.1281	3013
2026-07-30T13:29:00-04:00	15.1000	15.1279	7776
2026-07-30T13:30:00-04:00	15.0900	15.1279	1784
2026-07-30T13:31:00-04:00	15.0650	15.1277	5129
2026-07-30T13:32:00-04:00	15.0400	15.1275	2082
2026-07-30T13:33:00-04:00	15.0350	15.1275	327
2026-07-30T13:34:00-04:00	15.0300	15.1274	1384
2026-07-30T13:35:00-04:00	15.0300	15.1273	2026
2026-07-30T13:36:00-04:00	15.0500	15.1269	4803
2026-07-30T13:37:00-04:00	15.0600	15.1269	501
2026-07-30T13:38:00-04:00	15.0665	15.1268	1553
2026-07-30T13:39:00-04:00	15.0300	15.1266	3838
2026-07-30T13:40:00-04:00	15.0400	15.1264	3315
2026-07-30T13:41:00-04:00	15.0500	15.1263	1266
2026-07-30T13:42:00-04:00	15.0600	15.1261	3356
2026-07-30T13:43:00-04:00	15.1100	15.1261	1587
2026-07-30T13:44:00-04:00	15.0825	15.1260	1208
2026-07-30T13:45:00-04:00	15.1000	15.1260	583
2026-07-30T13:46:00-04:00	15.0800	15.1259	4094
2026-07-30T13:47:00-04:00	15.1000	15.1258	2160
2026-07-30T13:48:00-04:00	15.0700	15.1258	877
2026-07-30T13:49:00-04:00	15.0800	15.1258	767
2026-07-30T13:50:00-04:00	15.0400	15.1253	8106
2026-07-30T13:51:00-04:00	15.0400	15.1252	1549
2026-07-30T13:52:00-04:00	15.0250	15.1247	7473
2026-07-30T13:53:00-04:00	15.0150	15.1244	3588
2026-07-30T13:54:00-04:00	15.0150	15.1243	1419
2026-07-30T13:55:00-04:00	15.0050	15.1241	2431
2026-07-30T13:56:00-04:00	15.0050	15.1240	659
2026-07-30T13:57:00-04:00	15.0050	15.1238	2120
2026-07-30T13:58:00-04:00	15.0300	15.1233	6760
2026-07-30T13:59:00-04:00	15.0400	15.1233	860
2026-07-30T14:00:00-04:00	15.0500	15.1232	1243
2026-07-30T14:01:00-04:00	15.0400	15.1231	1801
2026-07-30T14:02:00-04:00	15.0450	15.1230	1270
2026-07-30T14:03:00-04:00	15.0200	15.1228	2907
2026-07-30T14:04:00-04:00	15.0100	15.1226	3067
2026-07-30T14:05:00-04:00	15.0250	15.1224	2617
2026-07-30T14:06:00-04:00	15.0400	15.1223	1924
2026-07-30T14:07:00-04:00	15.0450	15.1222	1313
2026-07-30T14:08:00-04:00	15.0600	15.1221	3257
2026-07-30T14:09:00-04:00	15.0700	15.1220	2206
2026-07-30T14:10:00-04:00	15.0950	15.1219	2234
2026-07-30T14:11:00-04:00	15.0650	15.1218	2847
2026-07-30T14:12:00-04:00	15.0400	15.1215	5727
2026-07-30T14:13:00-04:00	15.0300	15.1214	2086
2026-07-30T14:14:00-04:00	15.0400	15.1210	5998
2026-07-30T14:15:00-04:00	15.0300	15.1209	1828
2026-07-30T14:16:00-04:00	15.0150	15.1207	2503
2026-07-30T14:17:00-04:00	15.0150	15.1207	397
2026-07-30T14:18:00-04:00	15.0050	15.1205	2038
2026-07-30T14:19:00-04:00	14.9950	15.1203	3213
2026-07-30T14:20:00-04:00	14.9950	15.1202	744
2026-07-30T14:21:00-04:00	15.0000	15.1199	3068
2026-07-30T14:22:00-04:00	15.0000	15.1197	2872
2026-07-30T14:23:00-04:00	15.0100	15.1193	4794
2026-07-30T14:24:00-04:00	14.9950	15.1191	3243
2026-07-30T14:25:00-04:00	15.0200	15.1188	4250
2026-07-30T14:26:00-04:00	15.0400	15.1187	1137
2026-07-30T14:27:00-04:00	15.0700	15.1186	2275
2026-07-30T14:29:00-04:00	15.0950	15.1186	3579
2026-07-30T14:30:00-04:00	15.0950	15.1185	435
2026-07-30T14:31:00-04:00	15.0800	15.1183	10679
2026-07-30T14:32:00-04:00	15.0600	15.1179	10568
2026-07-30T14:33:00-04:00	15.0800	15.1179	453
2026-07-30T14:34:00-04:00	15.0800	15.1179	572
2026-07-30T14:35:00-04:00	15.0750	15.1178	838
2026-07-30T14:36:00-04:00	15.0600	15.1178	2390
2026-07-30T14:37:00-04:00	15.0600	15.1177	613
2026-07-30T14:38:00-04:00	15.0100	15.1170	11707
2026-07-30T14:39:00-04:00	15.0100	15.1168	1937
2026-07-30T14:40:00-04:00	15.0300	15.1168	1250
2026-07-30T14:41:00-04:00	15.0100	15.1166	2268
2026-07-30T14:42:00-04:00	15.0300	15.1162	10148
2026-07-30T14:43:00-04:00	15.0350	15.1162	229
2026-07-30T14:44:00-04:00	15.0350	15.1161	577
2026-07-30T14:45:00-04:00	15.0300	15.1160	2228
2026-07-30T14:46:00-04:00	15.0200	15.1152	11499
2026-07-30T14:47:00-04:00	15.0500	15.1150	4878
2026-07-30T14:48:00-04:00	15.0700	15.1149	2510
2026-07-30T14:49:00-04:00	15.0900	15.1149	2509
2026-07-30T14:50:00-04:00	15.1200	15.1149	6132
2026-07-30T14:51:00-04:00	15.1400	15.1149	2803
2026-07-30T14:52:00-04:00	15.1400	15.1149	833
2026-07-30T14:53:00-04:00	15.1100	15.1149	2201
2026-07-30T14:54:00-04:00	15.1000	15.1149	2311
2026-07-30T14:55:00-04:00	15.1150	15.1149	7868
2026-07-30T14:57:00-04:00	15.1400	15.1149	639
2026-07-30T14:58:00-04:00	15.1300	15.1149	1425
2026-07-30T14:59:00-04:00	15.1400	15.1149	770
2026-07-30T15:00:00-04:00	15.1550	15.1150	5597
2026-07-30T15:01:00-04:00	15.1550	15.1151	632
2026-07-30T15:02:00-04:00	15.1101	15.1151	8293
2026-07-30T15:03:00-04:00	15.1200	15.1151	4114
2026-07-30T15:04:00-04:00	15.1250	15.1151	1104
2026-07-30T15:05:00-04:00	15.1500	15.1153	6872
2026-07-30T15:06:00-04:00	15.1450	15.1153	1438
2026-07-30T15:07:00-04:00	15.1450	15.1153	135
2026-07-30T15:08:00-04:00	15.1400	15.1153	1488
2026-07-30T15:09:00-04:00	15.1301	15.1153	990
2026-07-30T15:10:00-04:00	15.1400	15.1155	10207
2026-07-30T15:11:00-04:00	15.1400	15.1155	352
2026-07-30T15:12:00-04:00	15.1500	15.1155	2244
2026-07-30T15:13:00-04:00	15.1800	15.1158	7713
2026-07-30T15:14:00-04:00	15.1700	15.1159	3784
2026-07-30T15:15:00-04:00	15.1700	15.1159	579
2026-07-30T15:16:00-04:00	15.1900	15.1160	725
2026-07-30T15:17:00-04:00	15.1450	15.1163	14251
2026-07-30T15:18:00-04:00	15.1300	15.1163	2961
2026-07-30T15:19:00-04:00	15.1100	15.1163	3689
2026-07-30T15:20:00-04:00	15.0750	15.1162	5760
2026-07-30T15:21:00-04:00	14.9950	15.1156	10124
2026-07-30T15:22:00-04:00	14.9400	15.1133	23257
2026-07-30T15:23:00-04:00	14.9500	15.1130	2949
2026-07-30T15:24:00-04:00	14.9750	15.1127	3200
2026-07-30T15:25:00-04:00	15.0100	15.1125	2808
2026-07-30T15:26:00-04:00	14.9850	15.1122	4655
2026-07-30T15:27:00-04:00	15.0500	15.1114	14908
2026-07-30T15:28:00-04:00	15.0200	15.1111	5292
2026-07-30T15:29:00-04:00	15.0200	15.1109	4272
2026-07-30T15:30:00-04:00	15.0400	15.1107	5234
2026-07-30T15:31:00-04:00	15.0600	15.1105	6066
2026-07-30T15:32:00-04:00	15.0600	15.1103	5359
2026-07-30T15:33:00-04:00	15.0050	15.1098	11094
2026-07-30T15:34:00-04:00	14.9800	15.1093	6599
2026-07-30T15:35:00-04:00	14.9600	15.1089	5480
2026-07-30T15:36:00-04:00	14.9500	15.1085	4271
2026-07-30T15:37:00-04:00	14.9300	15.1074	11211
2026-07-30T15:38:00-04:00	14.9450	15.1070	4112
2026-07-30T15:39:00-04:00	14.9500	15.1067	3869
2026-07-30T15:40:00-04:00	14.9550	15.1062	4868
2026-07-30T15:41:00-04:00	14.9491	15.1055	8935
2026-07-30T15:42:00-04:00	14.9000	15.1026	25886
2026-07-30T15:43:00-04:00	15.0000	15.1021	7274
2026-07-30T15:44:00-04:00	14.9700	15.1020	1705
2026-07-30T15:45:00-04:00	14.9450	15.1017	3867
2026-07-30T15:46:00-04:00	14.8750	15.0999	15291
2026-07-30T15:47:00-04:00	14.8700	15.0994	4174
2026-07-30T15:48:00-04:00	14.8601	15.0988	4659
2026-07-30T15:49:00-04:00	14.8600	15.0970	14312
2026-07-30T15:50:00-04:00	14.9350	15.0957	14075
2026-07-30T15:51:00-04:00	14.9700	15.0953	5834
2026-07-30T15:52:00-04:00	14.9401	15.0945	10416
2026-07-30T15:53:00-04:00	14.9450	15.0942	3553
2026-07-30T15:54:00-04:00	14.9800	15.0933	14872
2026-07-30T15:55:00-04:00	15.0000	15.0931	3306
2026-07-30T15:56:00-04:00	15.0250	15.0926	12415
2026-07-30T15:57:00-04:00	15.0950	15.0925	13862
2026-07-30T15:58:00-04:00	15.1550	15.0931	26004
2026-07-30T15:59:00-04:00	15.2650	15.0967	51824
2026-07-31T09:30:00-04:00	15.3450	15.3667	11287
2026-07-31T09:31:00-04:00	15.5300	15.4054	5070
2026-07-31T09:32:00-04:00	15.6606	15.4262	2425
2026-07-31T09:34:00-04:00	15.5550	15.4558	4313
2026-07-31T09:35:00-04:00	15.4600	15.4928	27945
2026-07-31T09:36:00-04:00	15.3000	15.4834	3774
2026-07-31T09:37:00-04:00	15.1800	15.4569	6217
2026-07-31T09:38:00-04:00	15.1900	15.4443	3185
2026-07-31T09:39:00-04:00	15.4000	15.4330	8290
2026-07-31T09:40:00-04:00	15.4400	15.4304	5072
2026-07-31T09:41:00-04:00	15.4400	15.4310	1495
2026-07-31T09:43:00-04:00	15.4300	15.4310	615
2026-07-31T09:44:00-04:00	15.2416	15.4293	1240
2026-07-31T09:45:00-04:00	15.3950	15.4292	443
2026-07-31T09:46:00-04:00	15.3950	15.4284	1721
2026-07-31T09:47:00-04:00	15.3850	15.4256	6233
2026-07-31T09:48:00-04:00	15.3169	15.4211	4994
2026-07-31T09:49:00-04:00	15.3000	15.4185	1977
2026-07-31T09:50:00-04:00	15.3600	15.4086	12365
2026-07-31T09:51:00-04:00	15.2900	15.4079	596
2026-07-31T09:52:00-04:00	15.2000	15.4054	1534
2026-07-31T09:53:00-04:00	15.1900	15.3867	10978
2026-07-31T09:54:00-04:00	15.2400	15.3850	1410
2026-07-31T09:56:00-04:00	15.1400	15.3840	505
2026-07-31T09:58:00-04:00	15.2300	15.3770	4881
2026-07-31T10:00:00-04:00	15.0700	15.3684	4700
2026-07-31T10:01:00-04:00	15.0650	15.3556	5396
2026-07-31T10:02:00-04:00	15.1250	15.3462	5432
2026-07-31T10:04:00-04:00	15.1200	15.3445	955
2026-07-31T10:05:00-04:00	15.1150	15.3403	2777
2026-07-31T10:06:00-04:00	14.9950	15.3203	10019
2026-07-31T10:07:00-04:00	14.9600	15.2946	12475
2026-07-31T10:08:00-04:00	14.9500	15.2815	7114
2026-07-31T10:09:00-04:00	14.8100	15.2489	15519
2026-07-31T10:10:00-04:00	14.8450	15.2476	605
2026-07-31T10:11:00-04:00	14.7900	15.2439	1517
2026-07-31T10:12:00-04:00	14.8400	15.2369	3289
2026-07-31T10:13:00-04:00	14.7300	15.2263	4469
2026-07-31T10:14:00-04:00	14.7450	15.2223	1668
2026-07-31T10:15:00-04:00	14.7500	15.2198	1083
2026-07-31T10:16:00-04:00	14.7750	15.2038	7227
2026-07-31T10:17:00-04:00	14.8100	15.2016	1186
2026-07-31T10:18:00-04:00	14.8100	15.1997	1048
2026-07-31T10:19:00-04:00	14.8300	15.1296	52648
2026-07-31T10:20:00-04:00	14.9600	15.1207	12515
2026-07-31T10:21:00-04:00	14.9300	15.1197	1471
2026-07-31T10:22:00-04:00	14.9150	15.1166	4223
2026-07-31T10:23:00-04:00	14.8550	15.1147	2214
2026-07-31T10:24:00-04:00	14.7700	15.1111	3319
2026-07-31T10:25:00-04:00	14.8400	15.1042	7161
2026-07-31T10:26:00-04:00	14.7650	15.1015	2521
2026-07-31T10:27:00-04:00	14.8000	15.0987	2648
2026-07-31T10:28:00-04:00	14.7900	15.0981	603
2026-07-31T10:29:00-04:00	14.8000	15.0977	328
2026-07-31T10:30:00-04:00	14.8200	15.0971	672
2026-07-31T10:31:00-04:00	14.9000	15.0963	1153
2026-07-31T10:32:00-04:00	14.8750	15.0958	750
2026-07-31T10:34:00-04:00	14.7950	15.0909	5075
2026-07-31T10:35:00-04:00	14.8300	15.0875	4115
2026-07-31T10:36:00-04:00	14.8800	15.0874	187
2026-07-31T10:37:00-04:00	14.8650	15.0871	363
2026-07-31T10:38:00-04:00	14.8999	15.0870	129
2026-07-31T10:39:00-04:00	14.8700	15.0867	499
2026-07-31T10:40:00-04:00	14.9250	15.0860	1324
2026-07-31T10:41:00-04:00	14.9200	15.0854	1089
2026-07-31T10:42:00-04:00	14.8700	15.0828	3852
2026-07-31T10:45:00-04:00	14.8750	15.0825	492
2026-07-31T10:46:00-04:00	14.9100	15.0812	2259
2026-07-31T10:47:00-04:00	14.8950	15.0810	414
2026-07-31T10:48:00-04:00	14.8950	15.0809	163
2026-07-31T10:49:00-04:00	14.9000	15.0807	363
2026-07-31T10:50:00-04:00	14.9200	15.0804	582
2026-07-31T10:51:00-04:00	14.8800	15.0791	2374
2026-07-31T10:52:00-04:00	14.9000	15.0788	455
2026-07-31T10:53:00-04:00	14.8400	15.0778	1441
2026-07-31T10:54:00-04:00	14.8433	15.0763	2101
2026-07-31T10:55:00-04:00	14.8500	15.0753	1634
2026-07-31T10:56:00-04:00	14.8750	15.0733	3381
2026-07-31T10:57:00-04:00	14.8750	15.0730	541
2026-07-31T10:58:00-04:00	14.8750	15.0721	1345
2026-07-31T10:59:00-04:00	14.8800	15.0712	1649
2026-07-31T11:00:00-04:00	14.8850	15.0708	862
2026-07-31T11:01:00-04:00	14.9500	15.0690	4241
2026-07-31T11:02:00-04:00	14.9000	15.0688	331
2026-07-31T11:03:00-04:00	14.9000	15.0681	1472
2026-07-31T11:04:00-04:00	14.9350	15.0676	1402
2026-07-31T11:05:00-04:00	15.0250	15.0670	4610
2026-07-31T11:06:00-04:00	15.0200	15.0669	607
2026-07-31T11:07:00-04:00	15.0200	15.0669	126
2026-07-31T11:08:00-04:00	15.0100	15.0665	2327
2026-07-31T11:09:00-04:00	15.0100	15.0657	4238
2026-07-31T11:10:00-04:00	15.0200	15.0653	3107
2026-07-31T11:11:00-04:00	14.9250	15.0643	3280
2026-07-31T11:12:00-04:00	14.8800	15.0618	5604
2026-07-31T11:13:00-04:00	14.8600	15.0607	1950
2026-07-31T11:15:00-04:00	14.9150	15.0599	2046
2026-07-31T11:16:00-04:00	14.9599	15.0593	1535
2026-07-31T11:17:00-04:00	14.9150	15.0587	1684
2026-07-31T11:18:00-04:00	14.8700	15.0579	1494
2026-07-31T11:19:00-04:00	14.8750	15.0577	375
2026-07-31T11:20:00-04:00	14.8500	15.0575	468
2026-07-31T11:21:00-04:00	14.8450	15.0562	2539
2026-07-31T11:22:00-04:00	14.8400	15.0546	2637
2026-07-31T11:23:00-04:00	14.8200	15.0537	1655
2026-07-31T11:25:00-04:00	14.7700	15.0512	3616
2026-07-31T11:26:00-04:00	14.7400	15.0484	3793
2026-07-31T11:27:00-04:00	14.7600	15.0465	2527
2026-07-31T11:28:00-04:00	14.7550	15.0463	332
2026-07-31T11:29:00-04:00	14.7800	15.0450	1942
2026-07-31T11:30:00-04:00	14.7800	15.0441	1265
2026-07-31T11:31:00-04:00	14.7350	15.0423	2510
2026-07-31T11:32:00-04:00	14.7200	15.0417	853
2026-07-31T11:33:00-04:00	14.7350	15.0412	602
2026-07-31T11:34:00-04:00	14.7500	15.0394	2504
2026-07-31T11:35:00-04:00	14.7800	15.0385	1355
2026-07-31T11:36:00-04:00	14.7850	15.0379	1046
2026-07-31T11:37:00-04:00	14.7750	15.0372	1052
2026-07-31T11:38:00-04:00	14.7950	15.0364	1525
2026-07-31T11:40:00-04:00	14.7900	15.0358	916
2026-07-31T11:41:00-04:00	14.7300	15.0337	2974
2026-07-31T11:42:00-04:00	14.7300	15.0328	1150
2026-07-31T11:43:00-04:00	14.7300	15.0325	441
2026-07-31T11:44:00-04:00	14.7800	15.0312	2171
2026-07-31T11:45:00-04:00	14.7800	15.0303	1377
2026-07-31T11:47:00-04:00	14.7400	15.0290	1945
2026-07-31T11:48:00-04:00	14.7400	15.0281	1402
2026-07-31T11:49:00-04:00	14.7463	15.0270	1601
2026-07-31T11:50:00-04:00	14.7700	15.0263	1047
2026-07-31T11:51:00-04:00	14.7550	15.0259	757
2026-07-31T11:52:00-04:00	14.7900	15.0252	1184
2026-07-31T11:53:00-04:00	14.7518	15.0244	1339
2026-07-31T11:54:00-04:00	14.8000	15.0240	772
2026-07-31T11:55:00-04:00	14.8400	15.0233	1748
2026-07-31T11:56:00-04:00	14.8500	15.0230	763
2026-07-31T11:57:00-04:00	14.8750	15.0216	3700
2026-07-31T11:58:00-04:00	14.8750	15.0211	1490
2026-07-31T11:59:00-04:00	14.9700	15.0176	19530
2026-07-31T12:00:00-04:00	15.0200	15.0173	7996
2026-07-31T12:01:00-04:00	15.1000	15.0199	20396
2026-07-31T12:02:00-04:00	14.9850	15.0199	6409
2026-07-31T12:03:00-04:00	15.0100	15.0198	5052
2026-07-31T12:04:00-04:00	15.0400	15.0198	2092
2026-07-31T12:05:00-04:00	14.9900	15.0197	3462
2026-07-31T12:06:00-04:00	14.9000	15.0194	1647
2026-07-31T12:07:00-04:00	14.8750	15.0190	1521
2026-07-31T12:08:00-04:00	14.8300	15.0186	1109
2026-07-31T12:09:00-04:00	14.8700	15.0183	900
2026-07-31T12:10:00-04:00	14.9500	15.0174	4534
2026-07-31T12:11:00-04:00	14.9200	15.0173	585
2026-07-31T12:12:00-04:00	14.9499	15.0171	1276
2026-07-31T12:13:00-04:00	14.8900	15.0168	1261
2026-07-31T12:14:00-04:00	14.9050	15.0166	916
2026-07-31T12:15:00-04:00	14.8950	15.0164	1177
2026-07-31T12:16:00-04:00	14.8700	15.0158	2087
2026-07-31T12:17:00-04:00	14.8900	15.0157	316
2026-07-31T12:18:00-04:00	14.8900	15.0151	2539
2026-07-31T12:19:00-04:00	14.8900	15.0150	287
2026-07-31T12:20:00-04:00	14.8850	15.0147	1177
2026-07-31T12:21:00-04:00	14.9000	15.0147	231
2026-07-31T12:22:00-04:00	14.8900	15.0139	3609
2026-07-31T12:23:00-04:00	14.8950	15.0139	210
2026-07-31T12:24:00-04:00	14.9150	15.0135	1855
2026-07-31T12:25:00-04:00	14.8700	15.0131	1896
2026-07-31T12:26:00-04:00	14.8500	15.0129	536
2026-07-31T12:27:00-04:00	14.8800	15.0118	4165
2026-07-31T12:28:00-04:00	14.8700	15.0115	1346
2026-07-31T12:30:00-04:00	14.9350	15.0106	5519
2026-07-31T12:31:00-04:00	14.9350	15.0104	1091
2026-07-31T12:32:00-04:00	14.9400	15.0101	1939
2026-07-31T12:33:00-04:00	14.9350	15.0101	469
2026-07-31T12:34:00-04:00	14.9000	15.0099	1054
2026-07-31T12:35:00-04:00	14.8900	15.0097	1026
2026-07-31T12:36:00-04:00	14.8800	15.0096	213
2026-07-31T12:37:00-04:00	14.9000	15.0094	1379
2026-07-31T12:38:00-04:00	14.8800	15.0091	861
2026-07-31T12:39:00-04:00	14.8800	15.0086	2482
2026-07-31T12:41:00-04:00	14.9000	15.0077	4996
2026-07-31T12:42:00-04:00	14.9000	15.0076	691
2026-07-31T12:43:00-04:00	14.9000	15.0074	1047
2026-07-31T12:44:00-04:00	14.9100	15.0071	1824
2026-07-31T12:45:00-04:00	15.0600	15.0071	4789
2026-07-31T12:46:00-04:00	15.0500	15.0071	307
2026-07-31T12:47:00-04:00	15.0500	15.0071	436
2026-07-31T12:48:00-04:00	15.0800	15.0072	393
2026-07-31T12:49:00-04:00	15.0450	15.0074	3050
2026-07-31T12:50:00-04:00	15.0500	15.0075	1448
2026-07-31T12:51:00-04:00	15.0600	15.0080	4712
2026-07-31T12:52:00-04:00	15.1000	15.0082	1696
2026-07-31T12:53:00-04:00	15.1050	15.0083	242
2026-07-31T12:54:00-04:00	15.0700	15.0086	2776
2026-07-31T12:55:00-04:00	15.1000	15.0088	1236
2026-07-31T12:56:00-04:00	15.1050	15.0089	589
2026-07-31T12:57:00-04:00	15.1050	15.0090	737
2026-07-31T12:58:00-04:00	15.1000	15.0093	2070
2026-07-31T12:59:00-04:00	15.0700	15.0097	3360
2026-07-31T13:00:00-04:00	15.0800	15.0100	3433
2026-07-31T13:01:00-04:00	15.0900	15.0102	905
2026-07-31T13:02:00-04:00	15.0700	15.0102	238
2026-07-31T13:03:00-04:00	15.0700	15.0102	568
2026-07-31T13:04:00-04:00	15.0650	15.0103	790
2026-07-31T13:05:00-04:00	15.1000	15.0108	3900
2026-07-31T13:06:00-04:00	15.1100	15.0110	1119
2026-07-31T13:07:00-04:00	15.1500	15.0113	1090
2026-07-31T13:08:00-04:00	15.1100	15.0113	380
2026-07-31T13:09:00-04:00	15.0100	15.0116	4865
2026-07-31T13:10:00-04:00	15.0100	15.0116	1024
2026-07-31T13:11:00-04:00	15.0000	15.0116	2302
2026-07-31T13:14:00-04:00	15.0050	15.0116	1446
2026-07-31T13:15:00-04:00	15.0450	15.0116	2855
2026-07-31T13:16:00-04:00	15.0400	15.0117	512
2026-07-31T13:17:00-04:00	15.0300	15.0118	2690
2026-07-31T13:18:00-04:00	15.0200	15.0118	2058
2026-07-31T13:19:00-04:00	15.0200	15.0119	2083
2026-07-31T13:20:00-04:00	15.0300	15.0119	1204
2026-07-31T13:21:00-04:00	15.0300	15.0119	2145
2026-07-31T13:22:00-04:00	14.9650	15.0117	4497
2026-07-31T13:23:00-04:00	14.9900	15.0116	3123
2026-07-31T13:24:00-04:00	15.0100	15.0116	1449
2026-07-31T13:26:00-04:00	15.0500	15.0117	1899
2026-07-31T13:27:00-04:00	15.0800	15.0121	6276
2026-07-31T13:28:00-04:00	15.0550	15.0122	1392
2026-07-31T13:29:00-04:00	15.0550	15.0122	365
2026-07-31T13:30:00-04:00	15.0300	15.0123	1126
2026-07-31T13:31:00-04:00	15.0200	15.0124	3518
2026-07-31T13:32:00-04:00	15.0400	15.0124	909
2026-07-31T13:33:00-04:00	15.0700	15.0126	2258
2026-07-31T13:34:00-04:00	15.0600	15.0127	985
2026-07-31T13:35:00-04:00	15.0800	15.0128	553
2026-07-31T13:36:00-04:00	15.0800	15.0128	840
2026-07-31T13:37:00-04:00	15.0600	15.0131	4181
2026-07-31T13:38:00-04:00	15.0500	15.0132	1183
2026-07-31T13:39:00-04:00	15.0450	15.0134	5324
2026-07-31T13:41:00-04:00	15.0700	15.0135	2414
2026-07-31T13:42:00-04:00	15.0500	15.0137	2347
2026-07-31T13:43:00-04:00	15.0450	15.0137	302
2026-07-31T13:44:00-04:00	15.0550	15.0137	528
2026-07-31T13:45:00-04:00	15.0650	15.0139	1732
2026-07-31T13:46:00-04:00	15.0850	15.0142	2966
2026-07-31T13:47:00-04:00	15.0900	15.0142	780
2026-07-31T13:48:00-04:00	15.0550	15.0145	3467
2026-07-31T13:49:00-04:00	15.0400	15.0146	958
2026-07-31T13:50:00-04:00	15.0200	15.0146	728
2026-07-31T13:51:00-04:00	15.0600	15.0147	2142
2026-07-31T13:52:00-04:00	15.0500	15.0147	263
2026-07-31T13:53:00-04:00	15.0500	15.0147	343
2026-07-31T13:54:00-04:00	15.0800	15.0149	1726
2026-07-31T13:55:00-04:00	15.0800	15.0149	334
2026-07-31T13:56:00-04:00	15.0800	15.0150	544
2026-07-31T13:57:00-04:00	15.0500	15.0151	2289
2026-07-31T13:58:00-04:00	15.0400	15.0152	2064
2026-07-31T13:59:00-04:00	15.0300	15.0153	1262
2026-07-31T14:00:00-04:00	15.0200	15.0153	1071
2026-07-31T14:01:00-04:00	15.0200	15.0153	902
2026-07-31T14:02:00-04:00	15.0100	15.0153	1326
2026-07-31T14:03:00-04:00	15.0150	15.0153	1383
2026-07-31T14:04:00-04:00	14.9900	15.0153	795
2026-07-31T14:05:00-04:00	14.9900	15.0152	799
2026-07-31T14:06:00-04:00	15.0050	15.0152	3251
2026-07-31T14:07:00-04:00	15.0100	15.0152	817
2026-07-31T14:08:00-04:00	15.0100	15.0152	489
2026-07-31T14:09:00-04:00	15.0100	15.0151	2515
2026-07-31T14:10:00-04:00	14.9800	15.0151	1763
2026-07-31T14:11:00-04:00	14.9750	15.0149	3699
2026-07-31T14:12:00-04:00	14.9850	15.0148	959
2026-07-31T14:13:00-04:00	14.9700	15.0148	946
2026-07-31T14:14:00-04:00	14.9600	15.0147	348
2026-07-31T14:15:00-04:00	14.9600	15.0147	1148
2026-07-31T14:16:00-04:00	14.9650	15.0146	803
2026-07-31T14:17:00-04:00	14.9800	15.0145	1365
2026-07-31T14:18:00-04:00	15.0000	15.0145	1459
2026-07-31T14:19:00-04:00	14.9900	15.0144	3820
2026-07-31T14:20:00-04:00	14.9900	15.0144	419
2026-07-31T14:21:00-04:00	14.9900	15.0144	309
2026-07-31T14:22:00-04:00	14.9800	15.0143	1665
2026-07-31T14:23:00-04:00	14.9700	15.0142	1126
2026-07-31T14:24:00-04:00	14.9900	15.0142	673
2026-07-31T14:25:00-04:00	14.9700	15.0141	1554
2026-07-31T14:26:00-04:00	15.0000	15.0140	2890
2026-07-31T14:27:00-04:00	15.0000	15.0140	341
2026-07-31T14:28:00-04:00	15.0000	15.0140	2752
2026-07-31T14:29:00-04:00	15.0200	15.0140	2759
2026-07-31T14:31:00-04:00	15.0200	15.0140	129
2026-07-31T14:32:00-04:00	15.0200	15.0140	589
2026-07-31T14:33:00-04:00	15.0100	15.0140	1717
2026-07-31T14:34:00-04:00	15.0100	15.0140	179
2026-07-31T14:35:00-04:00	14.9900	15.0140	2540
2026-07-31T14:36:00-04:00	15.0000	15.0139	1740
2026-07-31T14:37:00-04:00	15.0000	15.0139	519
2026-07-31T14:38:00-04:00	15.0100	15.0139	2587
2026-07-31T14:39:00-04:00	15.0100	15.0139	337
2026-07-31T14:40:00-04:00	14.9800	15.0137	4452
2026-07-31T14:41:00-04:00	15.0000	15.0137	1831
2026-07-31T14:42:00-04:00	14.9900	15.0137	807
2026-07-31T14:44:00-04:00	14.9750	15.0136	1504
2026-07-31T14:45:00-04:00	15.0000	15.0135	2771
2026-07-31T14:46:00-04:00	14.9800	15.0135	2191
2026-07-31T14:47:00-04:00	14.9700	15.0134	1077
2026-07-31T14:48:00-04:00	14.9700	15.0133	1210
2026-07-31T14:49:00-04:00	14.9800	15.0133	1024
2026-07-31T14:50:00-04:00	15.0000	15.0132	1622
2026-07-31T14:51:00-04:00	15.0600	15.0138	14924
2026-07-31T14:52:00-04:00	15.1350	15.0200	42836
2026-07-31T14:53:00-04:00	14.9900	15.0222	58617
2026-07-31T14:54:00-04:00	14.9500	15.0215	8467
2026-07-31T14:55:00-04:00	14.8500	15.0206	6086
2026-07-31T14:56:00-04:00	14.9000	15.0201	3774
2026-07-31T14:57:00-04:00	14.8800	15.0197	2454
2026-07-31T14:58:00-04:00	14.9062	15.0193	2259
2026-07-31T14:59:00-04:00	14.9000	15.0188	3913
2026-07-31T15:00:00-04:00	14.9250	15.0183	4725
2026-07-31T15:01:00-04:00	14.9100	15.0179	3820
2026-07-31T15:02:00-04:00	14.8900	15.0173	4588
2026-07-31T15:03:00-04:00	14.8800	15.0170	1911
2026-07-31T15:04:00-04:00	14.8800	15.0167	2009
2026-07-31T15:05:00-04:00	14.9100	15.0159	6914
2026-07-31T15:06:00-04:00	14.8700	15.0154	3491
2026-07-31T15:07:00-04:00	14.8200	15.0147	3521
2026-07-31T15:08:00-04:00	14.8200	15.0142	2400
2026-07-31T15:09:00-04:00	14.8500	15.0140	1586
2026-07-31T15:10:00-04:00	14.8200	15.0082	29634
2026-07-31T15:11:00-04:00	14.8400	15.0081	984
2026-07-31T15:12:00-04:00	14.8700	15.0071	5903
2026-07-31T15:13:00-04:00	14.8700	15.0066	3655
2026-07-31T15:15:00-04:00	14.8600	15.0062	2786
2026-07-31T15:16:00-04:00	14.8036	15.0053	5316
2026-07-31T15:17:00-04:00	14.8100	15.0048	2246
2026-07-31T15:18:00-04:00	14.8250	15.0039	5286
2026-07-31T15:19:00-04:00	14.8250	15.0038	379
2026-07-31T15:20:00-04:00	14.8800	15.0023	10939
2026-07-31T15:21:00-04:00	14.9100	15.0021	1366
2026-07-31T15:22:00-04:00	14.9050	15.0020	1537
2026-07-31T15:23:00-04:00	14.8700	15.0018	1790
2026-07-31T15:24:00-04:00	14.8800	15.0015	2350
2026-07-31T15:25:00-04:00	14.8800	15.0009	4964
2026-07-31T15:26:00-04:00	14.8350	15.0003	4374
2026-07-31T15:27:00-04:00	14.8350	14.9993	6552
2026-07-31T15:28:00-04:00	14.8600	14.9990	2171
2026-07-31T15:29:00-04:00	14.8300	14.9985	3008
2026-07-31T15:30:00-04:00	14.8000	14.9976	5158
2026-07-31T15:31:00-04:00	14.7150	14.9967	3475
2026-07-31T15:32:00-04:00	14.7350	14.9950	6730
2026-07-31T15:33:00-04:00	14.7200	14.9946	1585
2026-07-31T15:34:00-04:00	14.7200	14.9918	10639
2026-07-31T15:35:00-04:00	14.7450	14.9912	2562
2026-07-31T15:36:00-04:00	14.7400	14.9903	3964
2026-07-31T15:37:00-04:00	14.7700	14.9894	4237
2026-07-31T15:38:00-04:00	14.7700	14.9890	1982
2026-07-31T15:39:00-04:00	14.7550	14.9887	1675
2026-07-31T15:40:00-04:00	14.7700	14.9874	6271
2026-07-31T15:41:00-04:00	14.7799	14.9866	4037
2026-07-31T15:42:00-04:00	14.7000	14.9856	4227
2026-07-31T15:43:00-04:00	14.7700	14.9847	4391
2026-07-31T15:44:00-04:00	14.7550	14.9840	3135
2026-07-31T15:45:00-04:00	14.7650	14.9830	5008
2026-07-31T15:46:00-04:00	14.7650	14.9827	1899
2026-07-31T15:47:00-04:00	14.7500	14.9818	4288
2026-07-31T15:48:00-04:00	14.7250	14.9800	8137
2026-07-31T15:49:00-04:00	14.7700	14.9791	4305
2026-07-31T15:50:00-04:00	14.8050	14.9781	7392
2026-07-31T15:51:00-04:00	14.8200	14.9779	1502
2026-07-31T15:52:00-04:00	14.8400	14.9772	6022
2026-07-31T15:53:00-04:00	14.8600	14.9766	5802
2026-07-31T15:54:00-04:00	14.8400	14.9751	14365
2026-07-31T15:55:00-04:00	14.8300	14.9747	3124
2026-07-31T15:56:00-04:00	14.7920	14.9734	9453
2026-07-31T15:57:00-04:00	14.7350	14.9710	12681
2026-07-31T15:58:00-04:00	14.7700	14.9665	24761
2026-07-31T15:59:00-04:00	14.7500	14.9601	35979
2026-08-03T09:30:00-04:00	14.5700	14.5567	23108
2026-08-03T09:31:00-04:00	14.5700	14.5573	1119
2026-08-03T09:32:00-04:00	14.5700	14.5564	2985
2026-08-03T09:33:00-04:00	14.6000	14.5600	2424
2026-08-03T09:34:00-04:00	14.7328	14.5671	1192
2026-08-03T09:35:00-04:00	14.7500	14.5726	917
2026-08-03T09:36:00-04:00	15.0000	14.6205	4572
2026-08-03T09:37:00-04:00	14.9600	14.6479	3250
2026-08-03T09:38:00-04:00	14.8000	14.6548	1372
2026-08-03T09:39:00-04:00	14.7500	14.6563	576
2026-08-03T09:40:00-04:00	14.6750	14.6567	1919
2026-08-03T09:41:00-04:00	14.7800	14.6606	2591
2026-08-03T09:42:00-04:00	14.7000	14.6610	642
2026-08-03T09:43:00-04:00	14.5800	14.6596	1003
2026-08-03T09:44:00-04:00	14.6300	14.6577	1602
2026-08-03T09:45:00-04:00	14.6450	14.6569	1218
2026-08-03T09:46:00-04:00	14.5500	14.6550	1220
2026-08-03T09:47:00-04:00	14.5500	14.6535	748
2026-08-03T09:48:00-04:00	14.4850	14.6467	2077
2026-08-03T09:49:00-04:00	14.5500	14.6381	3526
2026-08-03T09:50:00-04:00	14.6100	14.6368	1660
2026-08-03T09:51:00-04:00	14.7000	14.6374	929
2026-08-03T09:52:00-04:00	14.7500	14.6405	1880
2026-08-03T09:53:00-04:00	14.7600	14.6441	1946
2026-08-03T09:54:00-04:00	14.7664	14.6484	2139
2026-08-03T09:55:00-04:00	14.8900	14.6553	2205
2026-08-03T09:56:00-04:00	14.9200	14.6689	4051
2026-08-03T09:57:00-04:00	14.9000	14.6831	4796
2026-08-03T09:58:00-04:00	14.9199	14.6987	6201
2026-08-03T09:59:00-04:00	14.8900	14.7009	1000
2026-08-03T10:00:00-04:00	14.8800	14.7068	2866
2026-08-03T10:01:00-04:00	14.8400	14.7088	1268
2026-08-03T10:02:00-04:00	14.8600	14.7094	351
2026-08-03T10:03:00-04:00	14.8000	14.7109	1252
2026-08-03T10:04:00-04:00	14.8000	14.7119	1109
2026-08-03T10:05:00-04:00	14.8599	14.7157	2897
2026-08-03T10:06:00-04:00	14.8700	14.7179	1521
2026-08-03T10:07:00-04:00	14.8300	14.7202	1742
2026-08-03T10:08:00-04:00	14.7850	14.7219	2232
2026-08-03T10:09:00-04:00	14.8400	14.7242	2221
2026-08-03T10:10:00-04:00	14.8700	14.7245	213
2026-08-03T10:11:00-04:00	14.9000	14.7324	5045
2026-08-03T10:13:00-04:00	14.9350	14.7341	934
2026-08-03T10:14:00-04:00	14.9100	14.7364	1370
2026-08-03T10:15:00-04:00	14.8750	14.7409	3765
2026-08-03T10:16:00-04:00	14.9400	14.7491	5140
2026-08-03T10:17:00-04:00	15.0000	14.7523	1574
2026-08-03T10:18:00-04:00	14.9950	14.7589	3512
2026-08-03T10:19:00-04:00	14.9500	14.7624	2138
2026-08-03T10:20:00-04:00	14.9450	14.7636	880
2026-08-03T10:21:00-04:00	14.9150	14.7653	1384
2026-08-03T10:22:00-04:00	14.9200	14.7666	1079
2026-08-03T10:23:00-04:00	15.0000	14.7832	10544
2026-08-03T10:24:00-04:00	15.0200	14.7860	1760
2026-08-03T10:25:00-04:00	15.0500	14.7972	6453
2026-08-03T10:26:00-04:00	15.0300	14.7990	1179
2026-08-03T10:27:00-04:00	15.0270	14.8013	1442
2026-08-03T10:28:00-04:00	15.0000	14.8040	1968
2026-08-03T10:29:00-04:00	15.0350	14.8097	3640
2026-08-03T10:30:00-04:00	15.0000	14.8124	2091
2026-08-03T10:31:00-04:00	15.0300	14.8191	5055
2026-08-03T10:32:00-04:00	15.0450	14.8193	125
2026-08-03T10:33:00-04:00	14.9800	14.8240	4500
2026-08-03T10:34:00-04:00	14.9800	14.8273	3503
2026-08-03T10:35:00-04:00	15.0000	14.8290	1824
2026-08-03T10:36:00-04:00	15.0000	14.8320	3364
2026-08-03T10:37:00-04:00	15.0200	14.8325	497
2026-08-03T10:38:00-04:00	14.9150	14.8348	3498
2026-08-03T10:39:00-04:00	14.9500	14.8358	1746
2026-08-03T10:40:00-04:00	14.9500	14.8364	1008
2026-08-03T10:41:00-04:00	14.9700	14.8377	1716
2026-08-03T10:42:00-04:00	14.9750	14.8395	2480
2026-08-03T10:43:00-04:00	14.9800	14.8403	1055
2026-08-03T10:44:00-04:00	14.9800	14.8437	4862
2026-08-03T10:45:00-04:00	14.9160	14.8456	4052
2026-08-03T10:46:00-04:00	14.9500	14.8464	1854
2026-08-03T10:47:00-04:00	14.9850	14.8494	4538
2026-08-03T10:48:00-04:00	15.0050	14.8520	3484
2026-08-03T10:49:00-04:00	14.9900	14.8530	1460
2026-08-03T10:50:00-04:00	14.9800	14.8538	1279
2026-08-03T10:51:00-04:00	14.9500	14.8546	1611
2026-08-03T10:52:00-04:00	14.9000	14.8550	1727
2026-08-03T10:53:00-04:00	14.9550	14.8593	10657
2026-08-03T10:54:00-04:00	15.0100	14.8627	5071
2026-08-03T10:55:00-04:00	15.0000	14.8629	402
2026-08-03T10:56:00-04:00	14.9700	14.8645	3171
2026-08-03T10:57:00-04:00	14.9800	14.8648	742
2026-08-03T10:58:00-04:00	14.9400	14.8653	1268
2026-08-03T10:59:00-04:00	14.9200	14.8658	1866
2026-08-03T11:00:00-04:00	14.9900	14.8676	4080
2026-08-03T11:01:00-04:00	14.9900	14.8683	1348
2026-08-03T11:02:00-04:00	14.9700	14.8690	1547
2026-08-03T11:03:00-04:00	14.9500	14.8692	809
2026-08-03T11:04:00-04:00	14.9500	14.8699	1944
2026-08-03T11:05:00-04:00	14.9500	14.8710	3180
2026-08-03T11:06:00-04:00	14.9700	14.8714	1013
2026-08-03T11:07:00-04:00	14.9800	14.8731	4575
2026-08-03T11:08:00-04:00	14.9450	14.8742	3691
2026-08-03T11:09:00-04:00	14.9400	14.8748	2330
2026-08-03T11:10:00-04:00	14.9500	14.8755	2638
2026-08-03T11:11:00-04:00	14.9650	14.8763	2574
2026-08-03T11:12:00-04:00	14.9600	14.8774	3732
2026-08-03T11:13:00-04:00	14.9600	14.8776	613
2026-08-03T11:14:00-04:00	15.0000	14.8798	5445
2026-08-03T11:15:00-04:00	14.9850	14.8806	1933
2026-08-03T11:16:00-04:00	15.0100	14.8823	4022
2026-08-03T11:17:00-04:00	15.0150	14.8827	971
2026-08-03T11:19:00-04:00	15.0200	14.8837	1992
2026-08-03T11:20:00-04:00	15.0600	14.8864	5025
2026-08-03T11:21:00-04:00	15.0800	14.8905	6568
2026-08-03T11:22:00-04:00	15.0600	14.8919	2389
2026-08-03T11:23:00-04:00	15.0100	14.8928	2275
2026-08-03T11:24:00-04:00	14.9800	14.8930	560
2026-08-03T11:25:00-04:00	14.9700	14.8936	2342
2026-08-03T11:26:00-04:00	14.9600	14.8939	1162
2026-08-03T11:27:00-04:00	14.9800	14.8941	738
2026-08-03T11:28:00-04:00	14.9300	14.8946	2742
2026-08-03T11:29:00-04:00	14.9450	14.8950	2347
2026-08-03T11:30:00-04:00	14.9800	14.8956	2400
2026-08-03T11:31:00-04:00	14.9900	14.8959	1104
2026-08-03T11:32:00-04:00	14.9800	14.8961	811
2026-08-03T11:35:00-04:00	14.9600	14.8967	3077
2026-08-03T11:36:00-04:00	14.9650	14.8971	2018
2026-08-03T11:37:00-04:00	14.9700	14.8976	2395
2026-08-03T11:38:00-04:00	14.9500	14.8980	1879
2026-08-03T11:39:00-04:00	14.9600	14.8984	1969
2026-08-03T11:40:00-04:00	14.9650	14.8986	1099
2026-08-03T11:41:00-04:00	14.9500	14.8990	1925
2026-08-03T11:42:00-04:00	14.9600	14.8999	4804
2026-08-03T11:43:00-04:00	15.0000	14.9009	3982
2026-08-03T11:45:00-04:00	15.0000	14.9010	322
2026-08-03T11:46:00-04:00	15.0000	14.9018	2479
2026-08-03T11:47:00-04:00	15.0100	14.9020	680
2026-08-03T11:48:00-04:00	15.0101	14.9027	2227
2026-08-03T11:49:00-04:00	15.0200	14.9028	401
2026-08-03T11:50:00-04:00	15.0300	14.9034	1517
2026-08-03T11:51:00-04:00	15.0600	14.9050	3811
2026-08-03T11:52:00-04:00	15.1300	14.9077	4760
2026-08-03T11:53:00-04:00	15.1550	14.9103	3802
2026-08-03T11:54:00-04:00	15.1150	14.9133	5047
2026-08-03T11:55:00-04:00	15.1200	14.9144	2005
2026-08-03T11:56:00-04:00	15.0800	14.9150	1217
2026-08-03T11:57:00-04:00	15.0400	14.9155	1315
2026-08-03T11:58:00-04:00	15.0400	14.9159	1304
2026-08-03T11:59:00-04:00	15.0000	14.9164	1825
2026-08-03T12:00:00-04:00	15.0600	14.9173	2706
2026-08-03T12:01:00-04:00	15.0100	14.9177	1642
2026-08-03T12:02:00-04:00	14.9815	14.9185	4115
2026-08-03T12:03:00-04:00	14.9700	14.9188	2458
2026-08-03T12:04:00-04:00	14.9800	14.9191	1555
2026-08-03T12:05:00-04:00	14.9700	14.9193	1187
2026-08-03T12:06:00-04:00	14.9800	14.9196	1977
2026-08-03T12:07:00-04:00	14.9500	14.9199	4228
2026-08-03T12:08:00-04:00	14.9600	14.9200	900
2026-08-03T12:09:00-04:00	14.9500	14.9204	4583
2026-08-03T12:10:00-04:00	15.0000	14.9214	6470
2026-08-03T12:11:00-04:00	14.9900	14.9216	904
2026-08-03T12:12:00-04:00	14.9550	14.9217	1885
2026-08-03T12:13:00-04:00	14.9500	14.9218	596
2026-08-03T12:14:00-04:00	15.0000	14.9241	15701
2026-08-03T12:15:00-04:00	14.9700	14.9246	3944
2026-08-03T12:16:00-04:00	14.9901	14.9247	529
2026-08-03T12:17:00-04:00	15.0000	14.9249	1203
2026-08-03T12:18:00-04:00	15.0100	14.9251	1350
2026-08-03T12:19:00-04:00	15.0000	14.9255	2015
2026-08-03T12:20:00-04:00	15.0000	14.9257	901
2026-08-03T12:21:00-04:00	15.0200	14.9266	4564
2026-08-03T12:22:00-04:00	15.0150	14.9266	332
2026-08-03T12:23:00-04:00	15.0300	14.9267	334
2026-08-03T12:24:00-04:00	15.0100	14.9268	548
2026-08-03T12:25:00-04:00	15.0000	14.9271	1574
2026-08-03T12:26:00-04:00	15.0000	14.9271	329
2026-08-03T12:27:00-04:00	14.9950	14.9279	4127
2026-08-03T12:28:00-04:00	15.0150	14.9283	2832
2026-08-03T12:29:00-04:00	15.0150	14.9285	829
2026-08-03T12:30:00-04:00	15.0500	14.9299	5705
2026-08-03T12:31:00-04:00	15.0500	14.9309	3371
2026-08-03T12:32:00-04:00	15.0100	14.9312	1540
2026-08-03T12:33:00-04:00	14.9500	14.9313	1123
2026-08-03T12:34:00-04:00	14.8700	14.9296	22629
2026-08-03T12:35:00-04:00	14.8500	14.9295	604
2026-08-03T12:36:00-04:00	14.8200	14.9291	2135
2026-08-03T12:37:00-04:00	14.7900	14.9283	3268
2026-08-03T12:38:00-04:00	14.7300	14.9258	6991
2026-08-03T12:39:00-04:00	14.6100	14.9189	13140
2026-08-03T12:40:00-04:00	14.6000	14.9171	2812
2026-08-03T12:41:00-04:00	14.5500	14.9138	4905
2026-08-03T12:42:00-04:00	14.5800	14.9120	2833
2026-08-03T12:43:00-04:00	14.5200	14.9108	1647
2026-08-03T12:44:00-04:00	14.5600	14.9092	2435
2026-08-03T12:45:00-04:00	14.6500	14.9066	4645
2026-08-03T12:46:00-04:00	14.6500	14.9058	1788
2026-08-03T12:47:00-04:00	14.6450	14.9050	1593
2026-08-03T12:48:00-04:00	14.6100	14.9045	1047
2026-08-03T12:49:00-04:00	14.6400	14.9041	784
2026-08-03T12:50:00-04:00	14.6000	14.9009	5549
2026-08-03T12:51:00-04:00	14.5950	14.9000	1618
2026-08-03T12:52:00-04:00	14.6950	14.8960	8869
2026-08-03T12:53:00-04:00	14.6900	14.8953	1960
2026-08-03T12:54:00-04:00	14.6850	14.8945	1956
2026-08-03T12:55:00-04:00	14.6600	14.8942	780
2026-08-03T12:56:00-04:00	14.6750	14.8939	720
2026-08-03T12:57:00-04:00	14.6750	14.8934	1407
2026-08-03T12:58:00-04:00	14.6900	14.8922	3080
2026-08-03T12:59:00-04:00	14.6700	14.8913	2308
2026-08-03T13:00:00-04:00	14.7000	14.8883	8400
2026-08-03T13:01:00-04:00	14.6950	14.8882	283
2026-08-03T13:02:00-04:00	14.6800	14.8877	1543
2026-08-03T13:03:00-04:00	14.6400	14.8869	1868
2026-08-03T13:04:00-04:00	14.6300	14.8866	572
2026-08-03T13:05:00-04:00	14.6750	14.8859	1707
2026-08-03T13:06:00-04:00	14.6800	14.8858	256
2026-08-03T13:07:00-04:00	14.6750	14.8835	6619
2026-08-03T13:08:00-04:00	14.6800	14.8828	1916
2026-08-03T13:09:00-04:00	14.6900	14.8821	2189
2026-08-03T13:10:00-04:00	14.6900	14.8804	5369
2026-08-03T13:11:00-04:00	14.6900	14.8802	636
2026-08-03T13:12:00-04:00	14.6700	14.8789	3950
2026-08-03T13:13:00-04:00	14.6000	14.8778	2469
2026-08-03T13:14:00-04:00	14.5750	14.8756	4316
2026-08-03T13:15:00-04:00	14.5950	14.8748	1912
2026-08-03T13:16:00-04:00	14.6200	14.8722	6001
2026-08-03T13:17:00-04:00	14.6100	14.8720	562
2026-08-03T13:18:00-04:00	14.6200	14.8707	2926
2026-08-03T13:19:00-04:00	14.6450	14.8706	300
2026-08-03T13:20:00-04:00	14.6400	14.8703	882
2026-08-03T13:21:00-04:00	14.6400	14.8702	220
2026-08-03T13:22:00-04:00	14.6400	14.8693	2289
2026-08-03T13:23:00-04:00	14.6300	14.8689	1061
2026-08-03T13:24:00-04:00	14.6300	14.8689	100
2026-08-03T13:25:00-04:00	14.6200	14.8674	4055
2026-08-03T13:26:00-04:00	14.6050	14.8667	1670
2026-08-03T13:27:00-04:00	14.5900	14.8654	3010
2026-08-03T13:28:00-04:00	14.5900	14.8637	3896
2026-08-03T13:29:00-04:00	14.5900	14.8635	541
2026-08-03T13:30:00-04:00	14.5900	14.8632	655
2026-08-03T13:31:00-04:00	14.5900	14.8628	804
2026-08-03T13:33:00-04:00	14.6000	14.8615	3145
2026-08-03T13:34:00-04:00	14.5950	14.8611	1037
2026-08-03T13:35:00-04:00	14.5950	14.8607	1004
2026-08-03T13:36:00-04:00	14.6100	14.8600	1608
2026-08-03T13:37:00-04:00	14.6100	14.8600	110
2026-08-03T13:38:00-04:00	14.5800	14.8589	2509
2026-08-03T13:39:00-04:00	14.5950	14.8586	784
2026-08-03T13:40:00-04:00	14.5800	14.8582	991
2026-08-03T13:41:00-04:00	14.5350	14.8549	6653
2026-08-03T13:42:00-04:00	14.4700	14.8527	3873
2026-08-03T13:43:00-04:00	14.4600	14.8500	4571
2026-08-03T13:44:00-04:00	14.4250	14.8491	1495
2026-08-03T13:45:00-04:00	14.5200	14.8426	11942
2026-08-03T13:46:00-04:00	14.5600	14.8413	3180
2026-08-03T13:47:00-04:00	14.5300	14.8409	951
2026-08-03T13:48:00-04:00	14.5200	14.8394	3086
2026-08-03T13:49:00-04:00	14.4800	14.8390	793
2026-08-03T13:50:00-04:00	14.5000	14.8385	915
2026-08-03T13:51:00-04:00	14.4800	14.8378	1470
2026-08-03T13:52:00-04:00	14.5000	14.8370	1538
2026-08-03T13:53:00-04:00	14.4500	14.8362	1550
2026-08-03T13:54:00-04:00	14.3900	14.8353	1310
2026-08-03T13:55:00-04:00	14.4000	14.8341	1819
2026-08-03T13:56:00-04:00	14.3700	14.8276	9793
2026-08-03T13:57:00-04:00	14.3900	14.8221	8719
2026-08-03T13:58:00-04:00	14.3900	14.8219	362
2026-08-03T13:59:00-04:00	14.3900	14.8203	2605
2026-08-03T14:00:00-04:00	14.4350	14.8166	6804
2026-08-03T14:01:00-04:00	14.4250	14.8154	2184
2026-08-03T14:02:00-04:00	14.4200	14.8149	841
2026-08-03T14:03:00-04:00	14.4400	14.8143	1205
2026-08-03T14:04:00-04:00	14.3900	14.8122	3510
2026-08-03T14:05:00-04:00	14.4200	14.8097	4512
2026-08-03T14:06:00-04:00	14.4400	14.8075	4311
2026-08-03T14:07:00-04:00	14.4400	14.8071	719
2026-08-03T14:08:00-04:00	14.4350	14.8067	759
2026-08-03T14:09:00-04:00	14.4450	14.8058	1811
2026-08-03T14:10:00-04:00	14.4800	14.8036	4931
2026-08-03T14:11:00-04:00	14.4750	14.8033	656
2026-08-03T14:12:00-04:00	14.4450	14.8018	3294
2026-08-03T14:13:00-04:00	14.4475	14.7999	3919
2026-08-03T14:14:00-04:00	14.4300	14.7995	763
2026-08-03T14:15:00-04:00	14.4300	14.7989	1254
2026-08-03T14:16:00-04:00	14.4210	14.7974	3074
2026-08-03T14:17:00-04:00	14.4000	14.7941	6606
2026-08-03T14:18:00-04:00	14.4000	14.7927	2773
2026-08-03T14:19:00-04:00	14.3950	14.7920	1308
2026-08-03T14:20:00-04:00	14.3950	14.7916	823
2026-08-03T14:21:00-04:00	14.3800	14.7911	783
2026-08-03T14:22:00-04:00	14.3900	14.7902	1862
2026-08-03T14:23:00-04:00	14.3900	14.7897	966
2026-08-03T14:24:00-04:00	14.3700	14.7887	1765
2026-08-03T14:25:00-04:00	14.3500	14.7863	4411
2026-08-03T14:26:00-04:00	14.3750	14.7748	22274
2026-08-03T14:27:00-04:00	14.3150	14.7670	14458
2026-08-03T14:28:00-04:00	14.3000	14.7662	1362
2026-08-03T14:29:00-04:00	14.2550	14.7446	37338
2026-08-03T14:30:00-04:00	14.2950	14.7417	5368
2026-08-03T14:31:00-04:00	14.3400	14.7402	3148
2026-08-03T14:32:00-04:00	14.3300	14.7386	3563
2026-08-03T14:33:00-04:00	14.3300	14.7339	10076
2026-08-03T14:34:00-04:00	14.3300	14.7320	3998
2026-08-03T14:35:00-04:00	14.3200	14.7306	3073
2026-08-03T14:36:00-04:00	14.3200	14.7298	1780
2026-08-03T14:37:00-04:00	14.3110	14.7284	2943
2026-08-03T14:38:00-04:00	14.2800	14.7245	7836
2026-08-03T14:39:00-04:00	14.2800	14.7218	5402
2026-08-03T14:40:00-04:00	14.2850	14.7210	1711
2026-08-03T14:41:00-04:00	14.2900	14.7187	4772
2026-08-03T14:42:00-04:00	14.3000	14.7183	923
2026-08-03T14:43:00-04:00	14.2800	14.7170	2700
2026-08-03T14:44:00-04:00	14.3750	14.7048	31415
2026-08-03T14:45:00-04:00	14.3900	14.7033	4745
2026-08-03T14:46:00-04:00	14.3350	14.7016	4572
2026-08-03T14:47:00-04:00	14.3350	14.6998	4847
2026-08-03T14:48:00-04:00	14.3400	14.6981	4395
2026-08-03T14:49:00-04:00	14.3550	14.6966	4284
2026-08-03T14:50:00-04:00	14.3450	14.6954	3281
2026-08-03T14:51:00-04:00	14.3200	14.6945	2316
2026-08-03T14:52:00-04:00	14.3000	14.6939	1652
2026-08-03T14:53:00-04:00	14.3250	14.6921	4541
2026-08-03T14:54:00-04:00	14.2900	14.6910	2841
2026-08-03T14:55:00-04:00	14.2100	14.6872	8066
2026-08-03T14:56:00-04:00	14.2150	14.6847	5194
2026-08-03T14:57:00-04:00	14.2300	14.6824	4986
2026-08-03T14:58:00-04:00	14.2310	14.6807	3701
2026-08-03T14:59:00-04:00	14.2200	14.6793	3217
2026-08-03T15:00:00-04:00	14.3150	14.6738	14241
2026-08-03T15:01:00-04:00	14.3400	14.6720	5524
2026-08-03T15:02:00-04:00	14.2150	14.6598	30213
2026-08-03T15:03:00-04:00	14.2250	14.6526	18345
2026-08-03T15:04:00-04:00	14.1700	14.6511	3570
2026-08-03T15:05:00-04:00	14.2000	14.6434	17793
2026-08-03T15:06:00-04:00	14.1750	14.6419	3401
2026-08-03T15:07:00-04:00	14.1100	14.6406	2705
2026-08-03T15:08:00-04:00	14.1000	14.6381	5140
2026-08-03T15:09:00-04:00	14.0900	14.6298	17223
2026-08-03T15:10:00-04:00	14.0550	14.6094	41815
2026-08-03T15:11:00-04:00	14.0450	14.6079	3162
2026-08-03T15:12:00-04:00	14.0500	14.5988	19223
2026-08-03T15:13:00-04:00	14.0300	14.5762	49097
2026-08-03T15:14:00-04:00	13.9500	14.5711	10647
2026-08-03T15:15:00-04:00	13.9700	14.5663	9862
2026-08-03T15:16:00-04:00	13.9700	14.5639	5053
2026-08-03T15:17:00-04:00	13.9000	14.5531	21655
2026-08-03T15:18:00-04:00	13.9100	14.5399	26772
2026-08-03T15:19:00-04:00	13.9150	14.5351	10260
2026-08-03T15:20:00-04:00	13.9000	14.5347	805
2026-08-03T15:21:00-04:00	13.9100	14.5271	16162
2026-08-03T15:22:00-04:00	13.9400	14.5155	26276
2026-08-03T15:23:00-04:00	13.9600	14.5074	19942
2026-08-03T15:24:00-04:00	13.9800	14.5033	10743
2026-08-03T15:25:00-04:00	13.9700	14.5020	3385
2026-08-03T15:26:00-04:00	13.9750	14.5009	3042
2026-08-03T15:27:00-04:00	14.0000	14.4985	6591
2026-08-03T15:28:00-04:00	13.9200	14.4945	10150
2026-08-03T15:29:00-04:00	13.9150	14.4885	15072
2026-08-03T15:30:00-04:00	14.1100	14.4811	25042
2026-08-03T15:31:00-04:00	14.1100	14.4799	4429
2026-08-03T15:32:00-04:00	14.0200	14.4767	11173
2026-08-03T15:33:00-04:00	14.1400	14.4745	8629
2026-08-03T15:34:00-04:00	14.1500	14.4710	15850
2026-08-03T15:35:00-04:00	14.1700	14.4704	3368
2026-08-03T15:36:00-04:00	14.1300	14.4682	9876
2026-08-03T15:37:00-04:00	14.1300	14.4676	2845
2026-08-03T15:38:00-04:00	14.1600	14.4657	9633
2026-08-03T15:39:00-04:00	14.1550	14.4629	13082
2026-08-03T15:40:00-04:00	14.1100	14.4600	13016
2026-08-03T15:41:00-04:00	14.1350	14.4594	3053
2026-08-03T15:42:00-04:00	14.1000	14.4571	10058
2026-08-03T15:43:00-04:00	14.1500	14.4559	5927
2026-08-03T15:44:00-04:00	14.1100	14.4554	2349
2026-08-03T15:45:00-04:00	14.1150	14.4535	9023
2026-08-03T15:46:00-04:00	14.1650	14.4508	14110
2026-08-03T15:47:00-04:00	14.1600	14.4486	12874
2026-08-03T15:48:00-04:00	14.1600	14.4474	6549
2026-08-03T15:49:00-04:00	14.1300	14.4461	6329
2026-08-03T15:50:00-04:00	14.1300	14.4432	16268
2026-08-03T15:51:00-04:00	14.1500	14.4407	14566
2026-08-03T15:52:00-04:00	14.1500	14.4397	5630
2026-08-03T15:53:00-04:00	14.1600	14.4386	6552
2026-08-03T15:54:00-04:00	14.1600	14.4376	5373
2026-08-03T15:55:00-04:00	14.1800	14.4369	4877
2026-08-03T15:56:00-04:00	14.1900	14.4361	5405
2026-08-03T15:57:00-04:00	14.2200	14.4348	9760
2026-08-03T15:58:00-04:00	14.2550	14.4312	36144
2026-08-03T15:59:00-04:00	14.2500	14.4261	44013
2026-08-04T09:30:00-04:00	14.9900	14.9600	13874
2026-08-04T09:32:00-04:00	14.8200	14.9833	47885
2026-08-04T09:33:00-04:00	15.0000	14.9783	16911
2026-08-04T09:34:00-04:00	15.0700	14.9803	2711
2026-08-04T09:35:00-04:00	14.9700	14.9820	4092
2026-08-04T09:36:00-04:00	14.9800	14.9829	3631
2026-08-04T09:37:00-04:00	14.9900	14.9845	6672
2026-08-04T09:38:00-04:00	14.9200	14.9830	4904
2026-08-04T09:39:00-04:00	14.8800	14.9817	1238
2026-08-04T09:40:00-04:00	14.9052	14.9769	10608
2026-08-04T09:41:00-04:00	14.8800	14.9751	2648
2026-08-04T09:42:00-04:00	14.9487	14.9738	3861
2026-08-04T09:43:00-04:00	14.8900	14.9733	845
2026-08-04T09:44:00-04:00	14.8300	14.9695	3812
2026-08-04T09:45:00-04:00	14.7400	14.9605	5798
2026-08-04T09:46:00-04:00	14.6900	14.9555	2596
2026-08-04T09:47:00-04:00	14.7250	14.9474	4724
2026-08-04T09:48:00-04:00	14.6300	14.9443	1528
2026-08-04T09:49:00-04:00	14.6100	14.9302	6697
2026-08-04T09:50:00-04:00	14.6600	14.9255	2510
2026-08-04T09:51:00-04:00	14.7500	14.9157	8116
2026-08-04T09:52:00-04:00	14.6700	14.9054	7842
2026-08-04T09:53:00-04:00	14.6500	14.9044	679
2026-08-04T09:54:00-04:00	14.6500	14.8973	5386
2026-08-04T09:55:00-04:00	14.7000	14.8851	10223
2026-08-04T09:56:00-04:00	14.6600	14.8848	259
2026-08-04T09:57:00-04:00	14.6450	14.8751	7891
2026-08-04T09:58:00-04:00	14.6200	14.8740	896
2026-08-04T09:59:00-04:00	14.7600	14.8724	2128
2026-08-04T10:00:00-04:00	14.6900	14.8717	777
2026-08-04T10:01:00-04:00	14.6500	14.8694	2259
2026-08-04T10:02:00-04:00	14.6500	14.8678	1481
2026-08-04T10:03:00-04:00	14.7400	14.8621	7703
2026-08-04T10:04:00-04:00	14.7700	14.8614	1555
2026-08-04T10:05:00-04:00	14.8850	14.8611	4340
2026-08-04T10:06:00-04:00	14.8550	14.8610	2660
2026-08-04T10:07:00-04:00	14.8550	14.8609	1612
2026-08-04T10:08:00-04:00	14.7800	14.8601	2684
2026-08-04T10:09:00-04:00	14.7650	14.8596	877
2026-08-04T10:10:00-04:00	14.7500	14.8587	2120
2026-08-04T10:11:00-04:00	14.7300	14.8493	22121
2026-08-04T10:12:00-04:00	14.8500	14.8492	1074
2026-08-04T10:13:00-04:00	14.8000	14.8488	2856
2026-08-04T10:14:00-04:00	14.8650	14.8488	2865
2026-08-04T10:15:00-04:00	14.8500	14.8488	1074
2026-08-04T10:16:00-04:00	14.8550	14.8491	4797
2026-08-04T10:17:00-04:00	14.7900	14.8486	3925
2026-08-04T10:18:00-04:00	14.7600	14.8477	3212
2026-08-04T10:19:00-04:00	14.8500	14.8471	5978
2026-08-04T10:20:00-04:00	14.8300	14.8471	2281
2026-08-04T10:21:00-04:00	14.8300	14.8471	469
2026-08-04T10:22:00-04:00	14.8300	14.8470	1288
2026-08-04T10:23:00-04:00	14.8450	14.8468	2868
2026-08-04T10:24:00-04:00	14.9050	14.8471	2461
2026-08-04T10:25:00-04:00	14.9100	14.8475	1973
2026-08-04T10:26:00-04:00	14.9450	14.8480	1393
2026-08-04T10:27:00-04:00	14.9550	14.8501	5428
2026-08-04T10:28:00-04:00	14.9500	14.8502	341
2026-08-04T10:29:00-04:00	14.9900	14.8577	16203
2026-08-04T10:30:00-04:00	15.0300	14.8633	11881
2026-08-04T10:31:00-04:00	14.9300	14.8665	10566
2026-08-04T10:32:00-04:00	14.9000	14.8667	1543
2026-08-04T10:33:00-04:00	14.9000	14.8677	6605
2026-08-04T10:34:00-04:00	14.9050	14.8677	510
2026-08-04T10:35:00-04:00	14.8850	14.8678	1586
2026-08-04T10:36:00-04:00	14.8600	14.8679	3763
2026-08-04T10:37:00-04:00	14.9500	14.8701	14643
2026-08-04T10:38:00-04:00	14.9600	14.8706	1980
2026-08-04T10:39:00-04:00	15.0700	14.8870	39518
2026-08-04T10:40:00-04:00	15.0500	14.8925	12816
2026-08-04T10:41:00-04:00	14.9700	14.8946	8026
2026-08-04T10:42:00-04:00	14.9800	14.8961	7022
2026-08-04T10:43:00-04:00	14.9700	14.8963	1075
2026-08-04T10:45:00-04:00	14.9999	14.8968	2194
2026-08-04T10:46:00-04:00	14.9750	14.8973	2891
2026-08-04T10:47:00-04:00	14.9600	14.8977	3175
2026-08-04T10:48:00-04:00	14.9100	14.8982	5735
2026-08-04T10:49:00-04:00	14.8800	14.8981	2508
2026-08-04T10:50:00-04:00	14.9400	14.8985	4243
2026-08-04T10:51:00-04:00	14.9100	14.8987	3803
2026-08-04T10:53:00-04:00	14.8500	14.8985	3304
2026-08-04T10:54:00-04:00	14.8100	14.8981	1732
2026-08-04T10:55:00-04:00	14.7800	14.8978	1178
2026-08-04T10:56:00-04:00	14.7950	14.8977	628
2026-08-04T10:57:00-04:00	14.7900	14.8974	1298
2026-08-04T10:58:00-04:00	14.7193	14.8964	2838
2026-08-04T10:59:00-04:00	14.7352	14.8945	5181
2026-08-04T11:00:00-04:00	14.7600	14.8914	9343
2026-08-04T11:01:00-04:00	14.9000	14.8897	21482
2026-08-04T11:02:00-04:00	15.0250	14.8947	32331
2026-08-04T11:03:00-04:00	15.1875	14.9099	38770
2026-08-04T11:04:00-04:00	15.1850	14.9255	32423
2026-08-04T11:05:00-04:00	15.2350	14.9368	26276
2026-08-04T11:06:00-04:00	15.0600	14.9771	148167
2026-08-04T11:07:00-04:00	15.0299	14.9846	73733
2026-08-04T11:08:00-04:00	15.1100	14.9946	88608
2026-08-04T11:09:00-04:00	15.0469	14.9971	56425
2026-08-04T11:10:00-04:00	15.1650	15.0059	67253
2026-08-04T11:11:00-04:00	15.0950	15.0088	36760
2026-08-04T11:12:00-04:00	15.1450	15.0117	28841
2026-08-04T11:13:00-04:00	15.2050	15.0172	37408
2026-08-04T11:14:00-04:00	15.2800	15.0306	62551
2026-08-04T11:15:00-04:00	15.4250	15.0396	32073
2026-08-04T11:16:00-04:00	15.3100	15.0536	54648
2026-08-04T11:17:00-04:00	15.4200	15.0620	33946
2026-08-04T11:18:00-04:00	15.4959	15.0745	43616
2026-08-04T11:19:00-04:00	15.5600	15.0859	34500
2026-08-04T11:20:00-04:00	15.4650	15.1016	56888
2026-08-04T11:21:00-04:00	15.4450	15.1095	33435
2026-08-04T11:22:00-04:00	15.4050	15.1127	16119
2026-08-04T11:23:00-04:00	15.5100	15.1182	24719
2026-08-04T11:24:00-04:00	15.4250	15.1263	39959
2026-08-04T11:25:00-04:00	15.4700	15.1299	16983
2026-08-04T11:26:00-04:00	15.4381	15.1342	22453
2026-08-04T11:27:00-04:00	15.4700	15.1386	22688
2026-08-04T11:28:00-04:00	15.5200	15.1480	44072
2026-08-04T11:29:00-04:00	15.6900	15.1618	48890
2026-08-04T11:30:00-04:00	15.8000	15.1766	43380
2026-08-04T11:31:00-04:00	15.8300	15.1864	27347
2026-08-04T11:32:00-04:00	15.7000	15.1932	22288
2026-08-04T11:33:00-04:00	15.6600	15.1976	17737
2026-08-04T11:34:00-04:00	15.6450	15.1997	8818
2026-08-04T11:35:00-04:00	15.5850	15.2027	14393
2026-08-04T11:36:00-04:00	15.5850	15.2065	19530
2026-08-04T11:37:00-04:00	15.5850	15.2080	7523
2026-08-04T11:38:00-04:00	15.6200	15.2105	12230
2026-08-04T11:39:00-04:00	15.6400	15.2150	20610
2026-08-04T11:40:00-04:00	15.6100	15.2165	7364
2026-08-04T11:41:00-04:00	15.6000	15.2171	2946
2026-08-04T11:42:00-04:00	15.6700	15.2221	22688
2026-08-04T11:43:00-04:00	15.6600	15.2231	4433
2026-08-04T11:44:00-04:00	15.6200	15.2250	8981
2026-08-04T11:45:00-04:00	15.6100	15.2271	10098
2026-08-04T11:46:00-04:00	15.6500	15.2278	3879
2026-08-04T11:47:00-04:00	15.6650	15.2302	10912
2026-08-04T11:48:00-04:00	15.6000	15.2395	49348
2026-08-04T11:49:00-04:00	15.7050	15.2410	6887
2026-08-04T11:50:00-04:00	15.6811	15.2435	11736
2026-08-04T11:51:00-04:00	15.5700	15.2497	35803
2026-08-04T11:52:00-04:00	15.6300	15.2528	17742
2026-08-04T11:53:00-04:00	15.6250	15.2549	12205
2026-08-04T11:54:00-04:00	15.6600	15.2569	10929
2026-08-04T11:55:00-04:00	15.7168	15.2597	13255
2026-08-04T11:56:00-04:00	15.7400	15.2620	10815
2026-08-04T11:57:00-04:00	15.7600	15.2744	53718
2026-08-04T11:58:00-04:00	15.9550	15.2828	31097
2026-08-04T11:59:00-04:00	15.8900	15.2854	9447
2026-08-04T12:00:00-04:00	15.9700	15.2982	45099
2026-08-04T12:01:00-04:00	15.9250	15.3000	6779
2026-08-04T12:02:00-04:00	15.9350	15.3030	11193
2026-08-04T12:03:00-04:00	15.9200	15.3040	3495
2026-08-04T12:04:00-04:00	15.8700	15.3064	9692
2026-08-04T12:05:00-04:00	15.8600	15.3078	5901
2026-08-04T12:06:00-04:00	15.7200	15.3152	38846
2026-08-04T12:07:00-04:00	15.7100	15.3167	9410
2026-08-04T12:08:00-04:00	15.6750	15.3196	20065
2026-08-04T12:09:00-04:00	15.7200	15.3219	14557
2026-08-04T12:10:00-04:00	15.7500	15.3245	15351
2026-08-04T12:11:00-04:00	15.8100	15.3271	12982
2026-08-04T12:12:00-04:00	15.7900	15.3277	3619
2026-08-04T12:13:00-04:00	15.8100	15.3288	5656
2026-08-04T12:14:00-04:00	15.6600	15.3325	24175
2026-08-04T12:15:00-04:00	15.7000	15.3339	10297
2026-08-04T12:16:00-04:00	15.7050	15.3350	7635
2026-08-04T12:17:00-04:00	15.7050	15.3364	9282
2026-08-04T12:18:00-04:00	15.7355	15.3377	8730
2026-08-04T12:19:00-04:00	15.7200	15.3387	6401
2026-08-04T12:20:00-04:00	15.7600	15.3395	5113
2026-08-04T12:21:00-04:00	15.7700	15.3401	3444
2026-08-04T12:22:00-04:00	15.7500	15.3413	6661
2026-08-04T12:23:00-04:00	15.7750	15.3416	1904
2026-08-04T12:24:00-04:00	15.7450	15.3424	4847
2026-08-04T12:25:00-04:00	15.7562	15.3431	5025
2026-08-04T12:26:00-04:00	15.7200	15.3440	5867
2026-08-04T12:27:00-04:00	15.7400	15.3447	4735
2026-08-04T12:28:00-04:00	15.7350	15.3455	4791
2026-08-04T12:29:00-04:00	15.7700	15.3499	28075
2026-08-04T12:30:00-04:00	15.8300	15.3514	8489
2026-08-04T12:31:00-04:00	15.8400	15.3523	4983
2026-08-04T12:32:00-04:00	15.8100	15.3535	6881
2026-08-04T12:33:00-04:00	15.8399	15.3545	5332
2026-08-04T12:34:00-04:00	15.8364	15.3549	2418
2026-08-04T12:35:00-04:00	15.8200	15.3566	10033
2026-08-04T12:36:00-04:00	15.8300	15.3583	9805
2026-08-04T12:37:00-04:00	15.8123	15.3589	3421
2026-08-04T12:38:00-04:00	15.7600	15.3596	4378
2026-08-04T12:39:00-04:00	15.8200	15.3611	9120
2026-08-04T12:40:00-04:00	15.7050	15.3637	18123
2026-08-04T12:41:00-04:00	15.7400	15.3660	17624
2026-08-04T12:42:00-04:00	15.7400	15.3663	2134
2026-08-04T12:43:00-04:00	15.7400	15.3671	5812
2026-08-04T12:44:00-04:00	15.7277	15.3677	4069
2026-08-04T12:45:00-04:00	15.7450	15.3685	6155
2026-08-04T12:46:00-04:00	15.7500	15.3688	2101
2026-08-04T12:47:00-04:00	15.7450	15.3691	2018
2026-08-04T12:48:00-04:00	15.7400	15.3709	13164
2026-08-04T12:49:00-04:00	15.7201	15.3719	7740
2026-08-04T12:50:00-04:00	15.7385	15.3723	3194
2026-08-04T12:51:00-04:00	15.7300	15.3740	13837
2026-08-04T12:52:00-04:00	15.7400	15.3745	3549
2026-08-04T12:53:00-04:00	15.7400	15.3746	1051
2026-08-04T12:54:00-04:00	15.7400	15.3756	7604
2026-08-04T12:55:00-04:00	15.7100	15.3762	4773
2026-08-04T12:56:00-04:00	15.7350	15.3773	8565
2026-08-04T12:57:00-04:00	15.7500	15.3776	2516
2026-08-04T12:58:00-04:00	15.7450	15.3784	6323
2026-08-04T12:59:00-04:00	15.7549	15.3794	7510
2026-08-04T13:00:00-04:00	15.8100	15.3811	11474
2026-08-04T13:01:00-04:00	15.7800	15.3818	4541
2026-08-04T13:02:00-04:00	15.8100	15.3828	6717
2026-08-04T13:03:00-04:00	15.8300	15.3851	14672
2026-08-04T13:04:00-04:00	15.8200	15.3854	2514
2026-08-04T13:05:00-04:00	15.7900	15.3861	4527
2026-08-04T13:06:00-04:00	15.7700	15.3871	7675
2026-08-04T13:07:00-04:00	15.8150	15.3889	12335
2026-08-04T13:08:00-04:00	15.7950	15.3895	4050
2026-08-04T13:09:00-04:00	15.7500	15.3909	11044
2026-08-04T13:10:00-04:00	15.7750	15.3913	3240
2026-08-04T13:11:00-04:00	15.7750	15.3915	1572
2026-08-04T13:12:00-04:00	15.7750	15.3918	2507
2026-08-04T13:13:00-04:00	15.7750	15.3921	2407
2026-08-04T13:14:00-04:00	15.7850	15.3933	8200
2026-08-04T13:15:00-04:00	15.7700	15.3935	2070
2026-08-04T13:16:00-04:00	15.8300	15.3962	18826
2026-08-04T13:17:00-04:00	15.7800	15.3971	6759
2026-08-04T13:18:00-04:00	15.8150	15.3989	12764
2026-08-04T13:19:00-04:00	15.7600	15.3992	2104
2026-08-04T13:20:00-04:00	15.7200	15.3995	2878
2026-08-04T13:21:00-04:00	15.7600	15.4003	6840
2026-08-04T13:22:00-04:00	15.7600	15.4007	2917
2026-08-04T13:23:00-04:00	15.7883	15.4013	4746
2026-08-04T13:24:00-04:00	15.8000	15.4015	1521
2026-08-04T13:25:00-04:00	15.7950	15.4023	5782
2026-08-04T13:26:00-04:00	15.7300	15.4027	4059
2026-08-04T13:27:00-04:00	15.7250	15.4029	1264
2026-08-04T13:28:00-04:00	15.7500	15.4038	8409
2026-08-04T13:29:00-04:00	15.7400	15.4040	2431
2026-08-04T13:30:00-04:00	15.7100	15.4043	2417
2026-08-04T13:31:00-04:00	15.6550	15.4058	16915
2026-08-04T13:32:00-04:00	15.7236	15.4075	17644
2026-08-04T13:33:00-04:00	15.7100	15.4078	3132
2026-08-04T13:34:00-04:00	15.7000	15.4082	3849
2026-08-04T13:35:00-04:00	15.7000	15.4089	7141
2026-08-04T13:36:00-04:00	15.7400	15.4100	10504
2026-08-04T13:37:00-04:00	15.7300	15.4105	5215
2026-08-04T13:38:00-04:00	15.7200	15.4113	8303
2026-08-04T13:39:00-04:00	15.7100	15.4119	5439
2026-08-04T13:40:00-04:00	15.7100	15.4124	5352
2026-08-04T13:41:00-04:00	15.6900	15.4131	7189
2026-08-04T13:42:00-04:00	15.6800	15.4138	8907
2026-08-04T13:43:00-04:00	15.6850	15.4150	13109
2026-08-04T13:44:00-04:00	15.6750	15.4292	175335
2026-08-04T13:45:00-04:00	15.6750	15.4294	2834
2026-08-04T13:46:00-04:00	15.6627	15.4296	2776
2026-08-04T13:47:00-04:00	15.6350	15.4301	7331
2026-08-04T13:48:00-04:00	15.6550	15.4306	8118
2026-08-04T13:49:00-04:00	15.6550	15.4307	1279
2026-08-04T13:50:00-04:00	15.5502	15.4310	7225
2026-08-04T13:51:00-04:00	15.5400	15.4311	2747
2026-08-04T13:52:00-04:00	15.6100	15.4317	12422
2026-08-04T13:53:00-04:00	15.6176	15.4324	13240
2026-08-04T13:55:00-04:00	15.6025	15.4326	4609
2026-08-04T13:56:00-04:00	15.5600	15.4328	3753
2026-08-04T13:57:00-04:00	15.6050	15.4330	4129
2026-08-04T13:58:00-04:00	15.6100	15.4330	1040
2026-08-04T13:59:00-04:00	15.6100	15.4332	3002
2026-08-04T14:00:00-04:00	15.6300	15.4338	10280
2026-08-04T14:01:00-04:00	15.6250	15.4341	6716
2026-08-04T14:02:00-04:00	15.6400	15.4350	14010
2026-08-04T14:03:00-04:00	15.6150	15.4354	6789
2026-08-04T14:04:00-04:00	15.5550	15.4355	2029
2026-08-04T14:05:00-04:00	15.5300	15.4357	6133
2026-08-04T14:06:00-04:00	15.5100	15.4359	13974
2026-08-04T14:07:00-04:00	15.5600	15.4363	12048
2026-08-04T14:08:00-04:00	15.5650	15.4364	2524
2026-08-04T14:09:00-04:00	15.5900	15.4366	5730
2026-08-04T14:10:00-04:00	15.6140	15.4369	4843
2026-08-04T14:11:00-04:00	15.6000	15.4370	2091
2026-08-04T14:12:00-04:00	15.6400	15.4374	6852
2026-08-04T14:13:00-04:00	15.7150	15.4377	4968
2026-08-04T14:14:00-04:00	15.7250	15.4378	1231
2026-08-04T14:15:00-04:00	15.7455	15.4379	1160
2026-08-04T14:16:00-04:00	15.7250	15.4381	2482
2026-08-04T14:17:00-04:00	15.7300	15.4387	6121
2026-08-04T14:18:00-04:00	15.6400	15.4390	5671
2026-08-04T14:19:00-04:00	15.6600	15.4393	3989
2026-08-04T14:20:00-04:00	15.6800	15.4396	4589
2026-08-04T14:21:00-04:00	15.6500	15.4401	8250
2026-08-04T14:22:00-04:00	15.6000	15.4403	3812
2026-08-04T14:23:00-04:00	15.5849	15.4405	4134
2026-08-04T14:24:00-04:00	15.5600	15.4405	1355
2026-08-04T14:25:00-04:00	15.5800	15.4409	10347
2026-08-04T14:26:00-04:00	15.5800	15.4409	266
2026-08-04T14:27:00-04:00	15.5500	15.4411	5481
2026-08-04T14:28:00-04:00	15.5500	15.4412	1792
2026-08-04T14:29:00-04:00	15.5500	15.4413	3645
2026-08-04T14:30:00-04:00	15.6250	15.4418	11996
2026-08-04T14:31:00-04:00	15.6200	15.4420	3809
2026-08-04T14:32:00-04:00	15.6250	15.4423	4647
2026-08-04T14:33:00-04:00	15.5700	15.4424	4521
2026-08-04T14:34:00-04:00	15.5000	15.4425	4944
2026-08-04T14:35:00-04:00	15.4700	15.4426	4070
2026-08-04T14:36:00-04:00	15.4800	15.4427	10634
2026-08-04T14:37:00-04:00	15.4650	15.4427	2355
2026-08-04T14:38:00-04:00	15.4399	15.4427	11023
2026-08-04T14:39:00-04:00	15.4100	15.4427	4887
2026-08-04T14:40:00-04:00	15.3600	15.4426	4601
2026-08-04T14:41:00-04:00	15.4200	15.4426	6584
2026-08-04T14:42:00-04:00	15.4950	15.4429	31617
2026-08-04T14:43:00-04:00	15.4652	15.4429	8703
2026-08-04T14:44:00-04:00	15.5050	15.4430	5741
2026-08-04T14:45:00-04:00	15.5200	15.4432	8436
2026-08-04T14:46:00-04:00	15.5200	15.4433	3464
2026-08-04T14:47:00-04:00	15.5650	15.4435	7746
2026-08-04T14:48:00-04:00	15.5450	15.4435	1633
2026-08-04T14:49:00-04:00	15.5665	15.4439	10194
2026-08-04T14:50:00-04:00	15.5600	15.4439	1520
2026-08-04T14:51:00-04:00	15.5600	15.4440	1645
2026-08-04T14:52:00-04:00	15.5300	15.4441	5035
2026-08-04T14:53:00-04:00	15.5200	15.4442	2542
2026-08-04T14:54:00-04:00	15.5200	15.4443	5851
2026-08-04T14:55:00-04:00	15.5800	15.4444	5933
2026-08-04T14:56:00-04:00	15.5741	15.4445	2460
2026-08-04T14:57:00-04:00	15.5600	15.4447	3907
2026-08-04T14:58:00-04:00	15.5679	15.4449	8595
2026-08-04T14:59:00-04:00	15.5550	15.4450	3573
2026-08-04T15:00:00-04:00	15.5950	15.4454	10643
2026-08-04T15:01:00-04:00	15.5776	15.4455	2929
2026-08-04T15:02:00-04:00	15.5750	15.4456	2671
2026-08-04T15:03:00-04:00	15.5700	15.4458	5314
2026-08-04T15:04:00-04:00	15.5800	15.4462	10917
2026-08-04T15:05:00-04:00	15.5750	15.4462	2383
2026-08-04T15:06:00-04:00	15.5750	15.4463	1525
2026-08-04T15:07:00-04:00	15.5852	15.4464	2160
2026-08-04T15:08:00-04:00	15.4500	15.4466	14034
2026-08-04T15:09:00-04:00	15.4950	15.4467	10718
2026-08-04T15:10:00-04:00	15.4450	15.4467	10776
2026-08-04T15:11:00-04:00	15.4150	15.4466	11933
2026-08-04T15:12:00-04:00	15.3850	15.4465	5443
2026-08-04T15:13:00-04:00	15.4400	15.4464	21256
2026-08-04T15:14:00-04:00	15.4800	15.4464	5004
2026-08-04T15:15:00-04:00	15.4600	15.4464	3062
2026-08-04T15:16:00-04:00	15.4600	15.4464	2542
2026-08-04T15:17:00-04:00	15.5000	15.4465	14044
2026-08-04T15:18:00-04:00	15.5400	15.4466	2566
2026-08-04T15:19:00-04:00	15.5200	15.4467	3750
2026-08-04T15:20:00-04:00	15.5600	15.4475	28352
2026-08-04T15:21:00-04:00	15.5550	15.4476	3482
2026-08-04T15:22:00-04:00	15.5150	15.4477	5495
2026-08-04T15:23:00-04:00	15.4800	15.4478	10538
2026-08-04T15:24:00-04:00	15.5300	15.4479	2442
2026-08-04T15:25:00-04:00	15.5000	15.4479	5412
2026-08-04T15:26:00-04:00	15.5600	15.4483	14216
2026-08-04T15:28:00-04:00	15.5200	15.4483	3029
2026-08-04T15:29:00-04:00	15.5200	15.4485	9334
2026-08-04T15:30:00-04:00	15.5200	15.4487	8851
2026-08-04T15:31:00-04:00	15.5300	15.4488	11946
2026-08-04T15:32:00-04:00	15.4800	15.4489	2346
2026-08-04T15:33:00-04:00	15.5200	15.4490	7592
2026-08-04T15:34:00-04:00	15.5133	15.4490	3045
2026-08-04T15:35:00-04:00	15.4800	15.4492	10686
2026-08-04T15:36:00-04:00	15.4650	15.4492	7949
2026-08-04T15:37:00-04:00	15.5700	15.4496	16817
2026-08-04T15:38:00-04:00	15.6400	15.4497	3400
2026-08-04T15:39:00-04:00	15.6698	15.4500	4983
2026-08-04T15:40:00-04:00	15.5900	15.4504	9560
2026-08-04T15:41:00-04:00	15.6400	15.4509	13090
2026-08-04T15:42:00-04:00	15.6600	15.4514	8428
2026-08-04T15:43:00-04:00	15.6750	15.4518	7689
2026-08-04T15:44:00-04:00	15.6400	15.4522	8324
2026-08-04T15:45:00-04:00	15.6600	15.4528	13127
2026-08-04T15:46:00-04:00	15.6600	15.4531	6201
2026-08-04T15:47:00-04:00	15.6050	15.4541	23034
2026-08-04T15:48:00-04:00	15.5400	15.4546	18063
2026-08-04T15:49:00-04:00	15.4600	15.4547	16340
2026-08-04T15:50:00-04:00	15.5100	15.4548	8466
2026-08-04T15:51:00-04:00	15.3650	15.4544	45951
2026-08-04T15:52:00-04:00	15.3650	15.4540	22232
2026-08-04T15:53:00-04:00	15.3700	15.4534	29788
2026-08-04T15:54:00-04:00	15.4000	15.4532	12071
2026-08-04T15:55:00-04:00	15.3500	15.4528	20163
2026-08-04T15:56:00-04:00	15.2800	15.4514	39287
2026-08-04T15:57:00-04:00	15.3000	15.4497	45465
2026-08-04T15:58:00-04:00	15.2150	15.4473	52467
2026-08-04T15:59:00-04:00	15.3000	15.4435	102357
2026-08-05T09:30:00-04:00	15.0000	14.9733	85743
2026-08-05T09:31:00-04:00	14.9700	14.9790	17378
2026-08-05T09:32:00-04:00	14.6300	14.9513	11977
2026-08-05T09:33:00-04:00	14.1400	14.8421	24776
2026-08-05T09:34:00-04:00	13.8400	14.6408	35461
2026-08-05T09:35:00-04:00	13.9350	14.4979	41222
2026-08-05T09:36:00-04:00	13.8100	14.4530	15224
2026-08-05T09:37:00-04:00	13.8900	14.4440	3626
2026-08-05T09:38:00-04:00	13.9999	14.4273	8611
2026-08-05T09:39:00-04:00	13.9050	14.4146	6184
2026-08-05T09:40:00-04:00	13.9150	14.3638	26259
2026-08-05T09:41:00-04:00	14.0450	14.3474	12544
2026-08-05T09:42:00-04:00	14.0600	14.3420	5248
2026-08-05T09:43:00-04:00	13.8901	14.3299	9567
2026-08-05T09:44:00-04:00	14.0350	14.3223	7361
2026-08-05T09:45:00-04:00	13.8743	14.3129	6873
2026-08-05T09:46:00-04:00	13.8157	14.2819	21418
2026-08-05T09:47:00-04:00	13.9200	14.2764	5520
2026-08-05T09:48:00-04:00	13.9000	14.2720	4486
2026-08-05T09:49:00-04:00	13.9860	14.2682	4104
2026-08-05T09:50:00-04:00	13.8900	14.2605	8142
2026-08-05T09:51:00-04:00	13.8600	14.2563	3987
2026-08-05T09:52:00-04:00	13.8500	14.2361	19335
2026-08-05T09:53:00-04:00	13.8000	14.2291	6769
2026-08-05T09:54:00-04:00	13.8650	14.2234	5999
2026-08-05T09:55:00-04:00	14.0000	14.2176	9220
2026-08-05T09:56:00-04:00	13.9900	14.2135	8061
2026-08-05T09:57:00-04:00	13.9900	14.2097	7587
2026-08-05T09:58:00-04:00	13.9000	14.2067	4636
2026-08-05T09:59:00-04:00	13.8620	14.2005	8769
2026-08-05T10:00:00-04:00	13.8400	14.1951	6940
2026-08-05T10:01:00-04:00	13.7200	14.1808	14758
2026-08-05T10:02:00-04:00	13.7500	14.1671	15834
2026-08-05T10:03:00-04:00	13.7600	14.1623	5628
2026-08-05T10:04:00-04:00	13.8500	14.1563	8745
2026-08-05T10:05:00-04:00	13.9200	14.1525	7322
2026-08-05T10:06:00-04:00	13.9000	14.1511	2661
2026-08-05T10:07:00-04:00	13.8900	14.1423	17515
2026-08-05T10:08:00-04:00	13.9050	14.1373	10722
2026-08-05T10:09:00-04:00	13.9200	14.1333	9358
2026-08-05T10:10:00-04:00	13.9100	14.1260	19600
2026-08-05T10:11:00-04:00	13.9050	14.1223	9745
2026-08-05T10:12:00-04:00	13.8194	14.1204	4026
2026-08-05T10:13:00-04:00	13.8500	14.1174	6133
2026-08-05T10:14:00-04:00	13.8700	14.1146	5868
2026-08-05T10:15:00-04:00	13.8000	14.1128	3721
2026-08-05T10:16:00-04:00	13.8259	14.1084	8965
2026-08-05T10:17:00-04:00	13.7300	14.1048	6312
2026-08-05T10:18:00-04:00	13.6900	14.1019	4328
2026-08-05T10:19:00-04:00	13.7200	14.0971	7300
2026-08-05T10:20:00-04:00	13.7400	14.0962	1493
2026-08-05T10:21:00-04:00	13.8000	14.0928	6595
2026-08-05T10:22:00-04:00	13.7129	14.0905	4039
2026-08-05T10:23:00-04:00	13.6100	14.0852	7477
2026-08-05T10:24:00-04:00	13.6973	14.0810	6489
2026-08-05T10:25:00-04:00	13.6850	14.0795	2426
2026-08-05T10:26:00-04:00	13.6001	14.0708	12683
2026-08-05T10:27:00-04:00	13.6450	14.0683	3706
2026-08-05T10:28:00-04:00	13.5900	14.0646	5479
2026-08-05T10:29:00-04:00	13.6500	14.0634	1986
2026-08-05T10:30:00-04:00	13.5300	14.0542	12103
2026-08-05T10:31:00-04:00	13.5954	14.0517	3468
2026-08-05T10:32:00-04:00	13.5600	14.0485	4652
2026-08-05T10:33:00-04:00	13.6750	14.0476	1513
2026-08-05T10:34:00-04:00	13.6200	14.0459	2924
2026-08-05T10:35:00-04:00	13.6500	14.0442	2970
2026-08-05T10:36:00-04:00	13.6499	14.0434	1344
2026-08-05T10:37:00-04:00	13.6700	14.0404	5409
2026-08-05T10:38:00-04:00	13.6401	14.0317	15653
2026-08-05T10:39:00-04:00	13.6000	14.0297	3382
2026-08-05T10:40:00-04:00	13.4400	13.9706	91501
2026-08-05T10:41:00-04:00	13.4700	13.9684	3486
2026-08-05T10:42:00-04:00	13.4800	13.9667	2820
2026-08-05T10:43:00-04:00	13.4250	13.9535	19965
2026-08-05T10:44:00-04:00	13.4400	13.9506	4794
2026-08-05T10:45:00-04:00	13.3400	13.9486	2835
2026-08-05T10:46:00-04:00	13.2800	13.9363	16703
2026-08-05T10:47:00-04:00	13.2000	13.9299	7814
2026-08-05T10:48:00-04:00	13.2400	13.9256	5363
2026-08-05T10:49:00-04:00	13.3200	13.9209	6679
2026-08-05T10:50:00-04:00	13.3200	13.9203	781
2026-08-05T10:51:00-04:00	13.3400	13.9121	12670
2026-08-05T10:52:00-04:00	13.2950	13.9094	3899
2026-08-05T10:53:00-04:00	13.2800	13.9017	11282
2026-08-05T10:54:00-04:00	13.2800	13.8999	2656
2026-08-05T10:55:00-04:00	13.2600	13.8972	3936
2026-08-05T10:56:00-04:00	13.2400	13.8915	8010
2026-08-05T10:57:00-04:00	13.2800	13.8904	1688
2026-08-05T10:58:00-04:00	13.2700	13.8831	11155
2026-08-05T10:59:00-04:00	13.2900	13.8806	3931
2026-08-05T11:00:00-04:00	13.3000	13.8785	3336
2026-08-05T11:01:00-04:00	13.2950	13.8748	6031
2026-08-05T11:02:00-04:00	13.3300	13.8726	3701
2026-08-05T11:03:00-04:00	13.3165	13.8675	8712
2026-08-05T11:04:00-04:00	13.3200	13.8632	7836
2026-08-05T11:05:00-04:00	13.3899	13.8620	2240
2026-08-05T11:06:00-04:00	13.4000	13.8586	7057
2026-08-05T11:07:00-04:00	13.4476	13.8562	5517
2026-08-05T11:08:00-04:00	13.4200	13.8541	4670
2026-08-05T11:09:00-04:00	13.4200	13.8522	4430
2026-08-05T11:10:00-04:00	13.3701	13.8448	16894
2026-08-05T11:11:00-04:00	13.3700	13.8428	4379
2026-08-05T11:12:00-04:00	13.3700	13.8417	2265
2026-08-05T11:13:00-04:00	13.4100	13.8367	11665
2026-08-05T11:14:00-04:00	13.3700	13.8306	13720
2026-08-05T11:15:00-04:00	13.3400	13.8278	6298
2026-08-05T11:16:00-04:00	13.3450	13.8274	950
2026-08-05T11:17:00-04:00	13.3300	13.8191	17765
2026-08-05T11:18:00-04:00	13.2950	13.8110	16858
2026-08-05T11:19:00-04:00	13.3200	13.8093	3746
2026-08-05T11:20:00-04:00	13.3295	13.8083	2070
2026-08-05T11:21:00-04:00	13.2900	13.8059	5373
2026-08-05T11:22:00-04:00	13.2900	13.8050	1893
2026-08-05T11:23:00-04:00	13.3200	13.8031	4193
2026-08-05T11:24:00-04:00	13.3450	13.8027	972
2026-08-05T11:25:00-04:00	13.3100	13.8012	3501
2026-08-05T11:26:00-04:00	13.3000	13.8009	620
2026-08-05T11:27:00-04:00	13.3499	13.8006	801
2026-08-05T11:28:00-04:00	13.2550	13.7966	8341
2026-08-05T11:29:00-04:00	13.2500	13.7951	3136
2026-08-05T11:30:00-04:00	13.2800	13.7941	2211
2026-08-05T11:31:00-04:00	13.2900	13.7936	1122
2026-08-05T11:32:00-04:00	13.2639	13.7914	4662
2026-08-05T11:33:00-04:00	13.2350	13.7896	3862
2026-08-05T11:34:00-04:00	13.2200	13.7885	2053
2026-08-05T11:36:00-04:00	13.1700	13.7866	3707
2026-08-05T11:37:00-04:00	13.1950	13.7852	2530
2026-08-05T11:38:00-04:00	13.2200	13.7844	1595
2026-08-05T11:39:00-04:00	13.2400	13.7833	2309
2026-08-05T11:40:00-04:00	13.2300	13.7815	3801
2026-08-05T11:41:00-04:00	13.2001	13.7800	3093
2026-08-05T11:42:00-04:00	13.2506	13.7778	4744
2026-08-05T11:43:00-04:00	13.2800	13.7761	3774
2026-08-05T11:44:00-04:00	13.2550	13.7754	1613
2026-08-05T11:45:00-04:00	13.2600	13.7744	2198
2026-08-05T11:46:00-04:00	13.2500	13.7728	3715
2026-08-05T11:47:00-04:00	13.3100	13.7714	3363
2026-08-05T11:48:00-04:00	13.3450	13.7694	5570
2026-08-05T11:49:00-04:00	13.3300	13.7688	1515
