timestamp_et	close	running_vwap	volume
2026-07-28T09:30:00-04:00	17.8150	17.9150	25632
2026-07-28T09:31:00-04:00	17.8200	17.8934	4055
2026-07-28T09:32:00-04:00	17.4800	17.7953	11718
2026-07-28T09:33:00-04:00	17.3100	17.7650	3259
2026-07-28T09:34:00-04:00	17.3300	17.7023	7415
2026-07-28T09:35:00-04:00	17.3150	17.6611	5757
2026-07-28T09:36:00-04:00	17.2200	17.6373	3888
2026-07-28T09:37:00-04:00	17.1100	17.5746	9396
2026-07-28T09:38:00-04:00	17.1000	17.5565	2917
2026-07-28T09:39:00-04:00	17.1050	17.5088	7947
2026-07-28T09:40:00-04:00	17.0900	17.4958	2562
2026-07-28T09:41:00-04:00	17.0500	17.4775	3965
2026-07-28T09:42:00-04:00	17.1700	17.4622	4899
2026-07-28T09:43:00-04:00	17.3800	17.4512	7877
2026-07-28T09:44:00-04:00	17.6000	17.4594	10846
2026-07-28T09:45:00-04:00	17.4950	17.4617	4762
2026-07-28T09:46:00-04:00	17.5500	17.4686	9911
2026-07-28T09:47:00-04:00	17.6850	17.4811	7538
2026-07-28T09:48:00-04:00	17.6900	17.4941	8945
2026-07-28T09:49:00-04:00	17.7900	17.5099	9822
2026-07-28T09:50:00-04:00	18.0700	17.5513	14606
2026-07-28T09:51:00-04:00	17.7450	17.5613	6840
2026-07-28T09:52:00-04:00	17.7400	17.5632	1902
2026-07-28T09:53:00-04:00	17.6600	17.5662	4331
2026-07-28T09:54:00-04:00	17.4500	17.5640	8570
2026-07-28T09:55:00-04:00	17.4550	17.5621	2955
2026-07-28T09:56:00-04:00	17.5900	17.5614	8684
2026-07-28T09:57:00-04:00	17.5600	17.5600	6514
2026-07-28T09:58:00-04:00	17.4850	17.5591	4052
2026-07-28T09:59:00-04:00	17.4200	17.5515	15328
2026-07-28T10:00:00-04:00	17.5100	17.5499	16814
2026-07-28T10:01:00-04:00	17.5150	17.5497	1736
2026-07-28T10:02:00-04:00	17.4300	17.5489	1953
2026-07-28T10:03:00-04:00	17.4400	17.5387	33469
2026-07-28T10:04:00-04:00	17.3950	17.5308	24663
2026-07-28T10:05:00-04:00	17.3100	17.5226	11201
2026-07-28T10:06:00-04:00	17.3700	17.5153	12661
2026-07-28T10:07:00-04:00	17.3350	17.5049	21049
2026-07-28T10:08:00-04:00	17.3150	17.4997	9357
2026-07-28T10:09:00-04:00	17.2750	17.4915	13975
2026-07-28T10:10:00-04:00	17.3100	17.4871	8427
2026-07-28T10:11:00-04:00	17.3100	17.4861	2134
2026-07-28T10:12:00-04:00	17.2750	17.4834	5461
2026-07-28T10:13:00-04:00	17.2300	17.4777	9502
2026-07-28T10:14:00-04:00	17.1850	17.4691	12671
2026-07-28T10:15:00-04:00	17.1150	17.4491	25072
2026-07-28T10:16:00-04:00	17.1600	17.4443	7061
2026-07-28T10:17:00-04:00	17.1100	17.4351	12734
2026-07-28T10:18:00-04:00	17.1600	17.4306	7535
2026-07-28T10:19:00-04:00	17.1700	17.4265	6844
2026-07-28T10:20:00-04:00	17.2200	17.4238	5903
2026-07-28T10:21:00-04:00	17.3400	17.4209	10461
2026-07-28T10:22:00-04:00	17.3400	17.4190	14416
2026-07-28T10:23:00-04:00	17.6250	17.4222	13467
2026-07-28T10:24:00-04:00	17.6500	17.4230	1476
2026-07-28T10:25:00-04:00	17.6650	17.4240	2063
2026-07-28T10:26:00-04:00	17.6800	17.4245	982
2026-07-28T10:27:00-04:00	17.8350	17.4263	2636
2026-07-28T10:28:00-04:00	17.8150	17.4289	3670
2026-07-28T10:29:00-04:00	17.8400	17.4310	2725
2026-07-28T10:30:00-04:00	17.8500	17.4318	1012
2026-07-28T10:31:00-04:00	17.8500	17.4324	704
2026-07-28T10:32:00-04:00	17.8450	17.4332	1200
2026-07-28T10:33:00-04:00	17.8400	17.4387	7148
2026-07-28T10:34:00-04:00	17.7600	17.4398	1817
2026-07-28T10:35:00-04:00	17.8500	17.4409	1339
2026-07-28T10:36:00-04:00	18.0600	17.4530	12343
2026-07-28T10:37:00-04:00	17.9350	17.4576	4891
2026-07-28T10:38:00-04:00	17.8700	17.4589	1768
2026-07-28T10:39:00-04:00	17.7500	17.4601	2142
2026-07-28T10:40:00-04:00	17.8100	17.4685	14595
2026-07-28T10:41:00-04:00	17.8100	17.4694	1364
2026-07-28T10:42:00-04:00	17.7500	17.4709	2795
2026-07-28T10:43:00-04:00	17.8100	17.4724	2630
2026-07-28T10:44:00-04:00	17.8100	17.4733	1676
2026-07-28T10:45:00-04:00	17.8200	17.4793	9464
2026-07-28T10:46:00-04:00	17.7750	17.4799	1176
2026-07-28T10:47:00-04:00	17.8100	17.4815	3160
2026-07-28T10:48:00-04:00	17.8500	17.4829	2340
2026-07-28T10:49:00-04:00	17.7950	17.4836	1251
2026-07-28T10:50:00-04:00	17.8200	17.4866	5326
2026-07-28T10:51:00-04:00	18.0000	17.5004	18957
2026-07-28T10:52:00-04:00	17.9900	17.5049	5900
2026-07-28T10:53:00-04:00	18.0000	17.5061	1494
2026-07-28T10:54:00-04:00	17.9850	17.5065	531
2026-07-28T10:55:00-04:00	18.0000	17.5078	1661
2026-07-28T10:56:00-04:00	17.9900	17.5107	3950
2026-07-28T10:57:00-04:00	17.8700	17.5139	5222
2026-07-28T10:58:00-04:00	17.8200	17.5169	6132
2026-07-28T10:59:00-04:00	17.8200	17.5170	216
2026-07-28T11:00:00-04:00	17.7900	17.5174	891
2026-07-28T11:01:00-04:00	17.7800	17.5177	896
2026-07-28T11:02:00-04:00	17.8100	17.5216	9924
2026-07-28T11:03:00-04:00	17.8000	17.5218	369
2026-07-28T11:04:00-04:00	17.8000	17.5219	345
2026-07-28T11:05:00-04:00	17.8000	17.5222	554
2026-07-28T11:06:00-04:00	17.7950	17.5228	1406
2026-07-28T11:07:00-04:00	17.7850	17.5231	932
2026-07-28T11:08:00-04:00	17.7850	17.5236	1384
2026-07-28T11:09:00-04:00	17.8100	17.5261	6293
2026-07-28T11:10:00-04:00	17.8400	17.5295	7293
2026-07-28T11:12:00-04:00	17.8250	17.5322	6847
2026-07-28T11:14:00-04:00	17.8250	17.5326	784
2026-07-28T11:15:00-04:00	17.8250	17.5329	628
2026-07-28T11:16:00-04:00	17.8250	17.5336	1595
2026-07-28T11:17:00-04:00	17.8250	17.5345	2176
2026-07-28T11:18:00-04:00	17.9100	17.5383	7139
2026-07-28T11:19:00-04:00	17.9700	17.5390	1217
2026-07-28T11:20:00-04:00	18.0200	17.5437	6908
2026-07-28T11:21:00-04:00	18.0150	17.5451	2014
2026-07-28T11:22:00-04:00	18.0150	17.5466	2299
2026-07-28T11:23:00-04:00	18.0150	17.5472	1046
2026-07-28T11:24:00-04:00	18.0400	17.5529	8459
2026-07-28T11:25:00-04:00	18.2000	17.5574	5395
2026-07-28T11:26:00-04:00	18.3000	17.5593	1944
2026-07-28T11:27:00-04:00	18.2700	17.5602	974
2026-07-28T11:28:00-04:00	18.2500	17.5700	10304
2026-07-28T11:30:00-04:00	18.2600	17.5713	1441
2026-07-28T11:31:00-04:00	18.2500	17.5775	6888
2026-07-28T11:33:00-04:00	18.2500	17.5784	1057
2026-07-28T11:34:00-04:00	18.2500	17.5795	1182
2026-07-28T11:35:00-04:00	18.2550	17.5805	1122
2026-07-28T11:36:00-04:00	18.2200	17.5812	852
2026-07-28T11:37:00-04:00	18.2100	17.5835	2798
2026-07-28T11:38:00-04:00	18.1600	17.5864	3683
2026-07-28T11:39:00-04:00	18.1200	17.5900	5151
2026-07-28T11:40:00-04:00	18.1300	17.5902	218
2026-07-28T11:41:00-04:00	18.0900	17.5918	2496
2026-07-28T11:42:00-04:00	18.0800	17.5928	1460
2026-07-28T11:43:00-04:00	17.9950	17.5952	4439
2026-07-28T11:44:00-04:00	17.9400	17.5958	1373
2026-07-28T11:45:00-04:00	17.9400	17.5965	1398
2026-07-28T11:46:00-04:00	17.9600	17.5970	1139
2026-07-28T11:47:00-04:00	17.8550	17.5986	4071
2026-07-28T11:48:00-04:00	17.7500	17.5991	2061
2026-07-28T11:49:00-04:00	17.6950	17.5995	3042
2026-07-28T11:50:00-04:00	17.6100	17.6003	13645
2026-07-28T11:51:00-04:00	17.6550	17.6004	1868
2026-07-28T11:52:00-04:00	17.6600	17.6005	1473
2026-07-28T11:53:00-04:00	17.7800	17.6026	11631
2026-07-28T11:54:00-04:00	17.7246	17.6035	5004
2026-07-28T11:55:00-04:00	17.6701	17.6047	10933
2026-07-28T11:56:00-04:00	17.6950	17.6049	1490
2026-07-28T11:57:00-04:00	17.7850	17.6062	6631
2026-07-28T11:58:00-04:00	17.7404	17.6062	377
2026-07-28T11:59:00-04:00	17.7950	17.6064	758
2026-07-28T12:00:00-04:00	17.7500	17.6066	1070
2026-07-28T12:01:00-04:00	17.6850	17.6075	8141
2026-07-28T12:02:00-04:00	17.6750	17.6076	1566
2026-07-28T12:03:00-04:00	17.7100	17.6080	4090
2026-07-28T12:04:00-04:00	17.7435	17.6089	4923
2026-07-28T12:05:00-04:00	17.8600	17.6098	3302
2026-07-28T12:06:00-04:00	17.7800	17.6104	2573
2026-07-28T12:07:00-04:00	17.7500	17.6108	2096
2026-07-28T12:08:00-04:00	17.7500	17.6110	1608
2026-07-28T12:09:00-04:00	17.7300	17.6111	584
2026-07-28T12:10:00-04:00	17.7200	17.6112	466
2026-07-28T12:11:00-04:00	17.7300	17.6114	1747
2026-07-28T12:12:00-04:00	17.7650	17.6125	6053
2026-07-28T12:13:00-04:00	17.6950	17.6132	7036
2026-07-28T12:15:00-04:00	17.7000	17.6133	904
2026-07-28T12:16:00-04:00	17.7000	17.6134	859
2026-07-28T12:17:00-04:00	17.7050	17.6135	1709
2026-07-28T12:18:00-04:00	17.6700	17.6139	5281
2026-07-28T12:19:00-04:00	17.6800	17.6144	7398
2026-07-28T12:20:00-04:00	17.6650	17.6147	4372
2026-07-28T12:21:00-04:00	17.8000	17.6161	9125
2026-07-28T12:22:00-04:00	17.7900	17.6165	2173
2026-07-28T12:23:00-04:00	17.7501	17.6167	1639
2026-07-28T12:24:00-04:00	17.7500	17.6170	2253
2026-07-28T12:25:00-04:00	17.7300	17.6172	1620
2026-07-28T12:26:00-04:00	17.7500	17.6174	1315
2026-07-28T12:28:00-04:00	17.8100	17.6180	3162
2026-07-28T12:29:00-04:00	17.9300	17.6186	1935
2026-07-28T12:30:00-04:00	17.8200	17.6191	2639
2026-07-28T12:31:00-04:00	17.8100	17.6193	999
2026-07-28T12:32:00-04:00	17.8200	17.6194	214
2026-07-28T12:33:00-04:00	17.8200	17.6203	4087
2026-07-28T12:34:00-04:00	17.7900	17.6208	3232
2026-07-28T12:35:00-04:00	17.7950	17.6211	1428
2026-07-28T12:37:00-04:00	17.7500	17.6219	5866
2026-07-28T12:38:00-04:00	17.7600	17.6222	2058
2026-07-28T12:40:00-04:00	17.7750	17.6224	1058
2026-07-28T12:41:00-04:00	17.7850	17.6224	218
2026-07-28T12:42:00-04:00	17.7850	17.6225	735
2026-07-28T12:43:00-04:00	17.7850	17.6232	4277
2026-07-28T12:44:00-04:00	17.8100	17.6238	3066
2026-07-28T12:45:00-04:00	17.7850	17.6239	736
2026-07-28T12:46:00-04:00	17.7850	17.6241	1135
2026-07-28T12:47:00-04:00	17.7600	17.6243	1480
2026-07-28T12:48:00-04:00	17.7500	17.6248	3241
2026-07-28T12:49:00-04:00	17.9000	17.6267	8325
2026-07-28T12:50:00-04:00	17.9000	17.6269	604
2026-07-28T12:51:00-04:00	17.9250	17.6272	1164
2026-07-28T12:52:00-04:00	17.9450	17.6277	1333
2026-07-28T12:53:00-04:00	17.9200	17.6294	5785
2026-07-28T12:54:00-04:00	17.7950	17.6307	5873
2026-07-28T12:55:00-04:00	17.7950	17.6309	1236
2026-07-28T12:56:00-04:00	17.8400	17.6321	6254
2026-07-28T12:57:00-04:00	17.8100	17.6322	437
2026-07-28T12:58:00-04:00	17.7800	17.6322	210
2026-07-28T13:00:00-04:00	17.8350	17.6324	916
2026-07-28T13:01:00-04:00	17.7900	17.6325	356
2026-07-28T13:02:00-04:00	17.7700	17.6331	4019
2026-07-28T13:03:00-04:00	17.7800	17.6338	4473
2026-07-28T13:04:00-04:00	17.8000	17.6341	2394
2026-07-28T13:05:00-04:00	17.8000	17.6342	499
2026-07-28T13:06:00-04:00	17.7850	17.6347	2891
2026-07-28T13:07:00-04:00	17.7600	17.6348	707
2026-07-28T13:08:00-04:00	17.7600	17.6350	1926
2026-07-28T13:09:00-04:00	17.7550	17.6356	5440
2026-07-28T13:10:00-04:00	17.6850	17.6360	5581
2026-07-28T13:11:00-04:00	17.5900	17.6359	5898
2026-07-28T13:12:00-04:00	17.5800	17.6359	269
2026-07-28T13:13:00-04:00	17.5850	17.6357	3258
2026-07-28T13:14:00-04:00	17.5950	17.6356	4422
2026-07-28T13:15:00-04:00	17.5200	17.6353	3046
2026-07-28T13:16:00-04:00	17.5600	17.6348	4936
2026-07-28T13:17:00-04:00	17.5850	17.6347	1814
2026-07-28T13:18:00-04:00	17.5600	17.6347	260
2026-07-28T13:19:00-04:00	17.5400	17.6346	995
2026-07-28T13:20:00-04:00	17.6800	17.6346	6263
2026-07-28T13:21:00-04:00	17.6103	17.6346	2159
2026-07-28T13:22:00-04:00	17.6150	17.6345	3729
2026-07-28T13:23:00-04:00	17.6150	17.6345	482
2026-07-28T13:24:00-04:00	17.5800	17.6343	3018
2026-07-28T13:25:00-04:00	17.4800	17.6337	5157
2026-07-28T13:26:00-04:00	17.4600	17.6336	546
2026-07-28T13:27:00-04:00	17.4500	17.6334	1310
2026-07-28T13:28:00-04:00	17.4800	17.6332	1573
2026-07-28T13:29:00-04:00	17.4700	17.6331	555
2026-07-28T13:30:00-04:00	17.4100	17.6324	2948
2026-07-28T13:31:00-04:00	17.3700	17.6323	404
2026-07-28T13:32:00-04:00	17.3400	17.6316	2936
2026-07-28T13:33:00-04:00	17.3800	17.6310	2596
2026-07-28T13:34:00-04:00	17.3750	17.6307	1057
2026-07-28T13:35:00-04:00	17.4600	17.6295	6730
2026-07-28T13:36:00-04:00	17.4800	17.6293	1535
2026-07-28T13:37:00-04:00	17.4750	17.6291	1655
2026-07-28T13:38:00-04:00	17.4850	17.6290	267
2026-07-28T13:39:00-04:00	17.4850	17.6290	308
2026-07-28T13:40:00-04:00	17.4900	17.6288	1385
2026-07-28T13:41:00-04:00	17.4800	17.6288	460
2026-07-28T13:42:00-04:00	17.4200	17.6278	5507
2026-07-28T13:43:00-04:00	17.4500	17.6274	2801
2026-07-28T13:44:00-04:00	17.4450	17.6271	1298
2026-07-28T13:45:00-04:00	17.4500	17.6269	1119
2026-07-28T13:46:00-04:00	17.4550	17.6268	1150
2026-07-28T13:47:00-04:00	17.4750	17.6263	3582
2026-07-28T13:48:00-04:00	17.5550	17.6261	3022
2026-07-28T13:49:00-04:00	17.5300	17.6259	1727
2026-07-28T13:50:00-04:00	17.4950	17.6255	5000
2026-07-28T13:51:00-04:00	17.4850	17.6253	1593
2026-07-28T13:52:00-04:00	17.4800	17.6250	2254
2026-07-28T13:53:00-04:00	17.4750	17.6249	740
2026-07-28T13:54:00-04:00	17.4750	17.6248	712
2026-07-28T13:55:00-04:00	17.4600	17.6240	5965
2026-07-28T13:56:00-04:00	17.5000	17.6237	2204
2026-07-28T13:57:00-04:00	17.4750	17.6232	3799
2026-07-28T13:58:00-04:00	17.5018	17.6231	1370
2026-07-28T13:59:00-04:00	17.5200	17.6229	2078
2026-07-28T14:00:00-04:00	17.6825	17.6229	15236
2026-07-28T14:01:00-04:00	17.6700	17.6230	1055
2026-07-28T14:02:00-04:00	17.6700	17.6230	1148
2026-07-28T14:03:00-04:00	17.6700	17.6231	569
2026-07-28T14:04:00-04:00	17.6750	17.6235	9393
2026-07-28T14:05:00-04:00	17.8000	17.6269	30999
2026-07-28T14:06:00-04:00	17.8200	17.6292	15255
2026-07-28T14:07:00-04:00	17.7916	17.6293	563
2026-07-28T14:08:00-04:00	17.7250	17.6295	2441
2026-07-28T14:09:00-04:00	17.7600	17.6299	3857
2026-07-28T14:10:00-04:00	17.7000	17.6300	1083
2026-07-28T14:11:00-04:00	17.7000	17.6307	10470
2026-07-28T14:12:00-04:00	17.7000	17.6307	548
2026-07-28T14:13:00-04:00	17.7000	17.6308	1373
2026-07-28T14:14:00-04:00	17.7450	17.6310	2323
2026-07-28T14:15:00-04:00	17.7700	17.6314	3171
2026-07-28T14:16:00-04:00	17.8000	17.6333	14649
2026-07-28T14:17:00-04:00	17.8000	17.6334	959
2026-07-28T14:18:00-04:00	17.7950	17.6335	649
2026-07-28T14:19:00-04:00	17.8000	17.6342	4981
2026-07-28T14:20:00-04:00	17.8350	17.6353	7237
2026-07-28T14:21:00-04:00	17.8400	17.6354	610
2026-07-28T14:22:00-04:00	17.8800	17.6360	3248
2026-07-28T14:23:00-04:00	17.8500	17.6361	799
2026-07-28T14:24:00-04:00	17.8250	17.6401	28017
2026-07-28T14:25:00-04:00	17.9100	17.6413	6544
2026-07-28T14:26:00-04:00	17.9100	17.6436	11522
2026-07-28T14:27:00-04:00	17.9250	17.6437	696
2026-07-28T14:28:00-04:00	17.9200	17.6447	4853
2026-07-28T14:29:00-04:00	17.9200	17.6457	4747
2026-07-28T14:30:00-04:00	17.9300	17.6464	3146
2026-07-28T14:31:00-04:00	17.9600	17.6466	1140
2026-07-28T14:32:00-04:00	17.9500	17.6474	3285
2026-07-28T14:33:00-04:00	17.9600	17.6474	262
2026-07-28T14:34:00-04:00	17.9400	17.6475	407
2026-07-28T14:35:00-04:00	17.9000	17.6485	4808
2026-07-28T14:36:00-04:00	17.9100	17.6493	4007
2026-07-28T14:37:00-04:00	17.9150	17.6494	636
2026-07-28T14:38:00-04:00	17.9000	17.6498	1956
2026-07-28T14:39:00-04:00	17.9100	17.6509	6210
2026-07-28T14:40:00-04:00	17.9000	17.6528	10155
2026-07-28T14:41:00-04:00	17.8950	17.6529	559
2026-07-28T14:42:00-04:00	17.8950	17.6530	638
2026-07-28T14:43:00-04:00	17.9175	17.6538	3834
2026-07-28T14:44:00-04:00	17.8850	17.6579	25323
2026-07-28T14:45:00-04:00	17.8850	17.6583	2671
2026-07-28T14:46:00-04:00	17.8500	17.6587	2160
2026-07-28T14:47:00-04:00	17.8800	17.6613	17244
2026-07-28T14:48:00-04:00	17.8150	17.6620	6217
2026-07-28T14:49:00-04:00	17.7700	17.6624	4221
2026-07-28T14:50:00-04:00	17.7700	17.6626	2784
2026-07-28T14:51:00-04:00	17.7900	17.6628	2928
2026-07-28T14:52:00-04:00	17.7500	17.6629	1386
2026-07-28T14:53:00-04:00	17.8000	17.6636	8383
2026-07-28T14:54:00-04:00	17.8750	17.6674	29941
2026-07-28T14:55:00-04:00	17.9200	17.6677	1830
2026-07-28T14:56:00-04:00	17.9050	17.6678	611
2026-07-28T14:57:00-04:00	17.9050	17.6681	2032
2026-07-28T14:58:00-04:00	17.9450	17.6685	2462
2026-07-28T14:59:00-04:00	18.0000	17.6692	3337
2026-07-28T15:00:00-04:00	18.0200	17.6695	978
2026-07-28T15:01:00-04:00	17.9950	17.6700	2399
2026-07-28T15:02:00-04:00	18.0650	17.6712	4828
2026-07-28T15:03:00-04:00	18.1100	17.6717	1942
2026-07-28T15:04:00-04:00	18.1000	17.6732	5103
2026-07-28T15:05:00-04:00	18.1000	17.6735	956
2026-07-28T15:06:00-04:00	18.1000	17.6737	619
2026-07-28T15:07:00-04:00	18.1000	17.6741	1597
2026-07-28T15:08:00-04:00	18.0600	17.6766	9387
2026-07-28T15:09:00-04:00	18.0410	17.6769	1521
2026-07-28T15:10:00-04:00	18.0300	17.6788	7701
2026-07-28T15:11:00-04:00	18.0600	17.6809	9225
2026-07-28T15:12:00-04:00	18.0650	17.6813	1586
2026-07-28T15:13:00-04:00	18.0200	17.6814	554
2026-07-28T15:14:00-04:00	18.0350	17.6820	2417
2026-07-28T15:15:00-04:00	18.0200	17.6823	1615
2026-07-28T15:16:00-04:00	18.0200	17.6827	1496
2026-07-28T15:17:00-04:00	18.0350	17.6830	1625
2026-07-28T15:18:00-04:00	18.0500	17.6855	10506
2026-07-28T15:19:00-04:00	18.0150	17.6857	1094
2026-07-28T15:20:00-04:00	18.0100	17.6860	1328
2026-07-28T15:21:00-04:00	18.0300	17.6873	6330
2026-07-28T15:22:00-04:00	18.0550	17.6888	6161
2026-07-28T15:23:00-04:00	18.0600	17.6893	2446
2026-07-28T15:24:00-04:00	18.0600	17.6897	1517
2026-07-28T15:25:00-04:00	18.0700	17.6903	2444
2026-07-28T15:26:00-04:00	18.0700	17.6907	1629
2026-07-28T15:27:00-04:00	18.0650	17.6910	1246
2026-07-28T15:28:00-04:00	18.0550	17.6918	3842
2026-07-28T15:29:00-04:00	18.0750	17.6933	6151
2026-07-28T15:30:00-04:00	18.0200	17.6953	9205
2026-07-28T15:31:00-04:00	18.0250	17.6966	6658
2026-07-28T15:32:00-04:00	18.0450	17.6981	6792
2026-07-28T15:33:00-04:00	18.0450	17.6982	835
2026-07-28T15:34:00-04:00	18.0550	17.6986	1901
2026-07-28T15:35:00-04:00	18.0550	17.6988	697
2026-07-28T15:36:00-04:00	18.0600	17.7027	18096
2026-07-28T15:37:00-04:00	18.0700	17.7034	3410
2026-07-28T15:38:00-04:00	18.0650	17.7037	1116
2026-07-28T15:39:00-04:00	18.0310	17.7045	3977
2026-07-28T15:40:00-04:00	18.0250	17.7057	6089
2026-07-28T15:41:00-04:00	18.0300	17.7068	5819
2026-07-28T15:42:00-04:00	18.0300	17.7070	799
2026-07-28T15:43:00-04:00	18.0450	17.7094	12123
2026-07-28T15:44:00-04:00	18.0450	17.7100	3277
2026-07-28T15:45:00-04:00	18.0550	17.7112	5917
2026-07-28T15:46:00-04:00	18.0550	17.7119	3040
2026-07-28T15:47:00-04:00	18.0800	17.7140	9898
2026-07-28T15:48:00-04:00	18.0900	17.7147	2959
2026-07-28T15:49:00-04:00	18.0900	17.7161	6788
2026-07-28T15:50:00-04:00	18.0500	17.7234	36539
2026-07-28T15:51:00-04:00	18.0050	17.7269	21337
2026-07-28T15:52:00-04:00	17.9950	17.7296	17178
2026-07-28T15:53:00-04:00	17.9950	17.7302	4340
2026-07-28T15:54:00-04:00	17.9600	17.7310	6153
2026-07-28T15:55:00-04:00	17.8500	17.7320	11405
2026-07-28T15:56:00-04:00	17.7500	17.7322	6513
2026-07-28T15:57:00-04:00	17.7800	17.7328	31701
2026-07-28T15:58:00-04:00	17.7800	17.7332	12845
2026-07-28T15:59:00-04:00	17.8150	17.7355	45591
2026-07-29T09:30:00-04:00	17.0500	17.1767	52922
2026-07-29T09:31:00-04:00	16.8050	17.0704	26521
2026-07-29T09:32:00-04:00	16.7100	16.8846	109618
2026-07-29T09:33:00-04:00	16.9800	16.8828	55283
2026-07-29T09:34:00-04:00	16.9850	16.8856	22638
2026-07-29T09:35:00-04:00	16.9600	16.8869	8342
2026-07-29T09:36:00-04:00	16.7600	16.8747	81468
2026-07-29T09:37:00-04:00	16.6400	16.8673	14492
2026-07-29T09:38:00-04:00	16.4100	16.8540	13952
2026-07-29T09:39:00-04:00	16.5120	16.8507	3335
2026-07-29T09:40:00-04:00	16.2200	16.8400	7414
2026-07-29T09:41:00-04:00	16.2600	16.8342	4029
2026-07-29T09:42:00-04:00	16.2850	16.8250	6745
2026-07-29T09:43:00-04:00	16.2750	16.7729	39840
2026-07-29T09:44:00-04:00	16.2900	16.7726	343
2026-07-29T09:45:00-04:00	16.2000	16.7666	4931
2026-07-29T09:46:00-04:00	15.9400	16.7378	18251
2026-07-29T09:47:00-04:00	16.1350	16.7220	11313
2026-07-29T09:48:00-04:00	16.1700	16.6650	50310
2026-07-29T09:49:00-04:00	16.4400	16.6530	21961
2026-07-29T09:50:00-04:00	16.2700	16.5778	172734
2026-07-29T09:51:00-04:00	16.3625	16.5731	13832
2026-07-29T09:52:00-04:00	16.0600	16.5316	64489
2026-07-29T09:53:00-04:00	16.0400	16.5285	5633
2026-07-29T09:54:00-04:00	16.1000	16.5279	1199
2026-07-29T09:55:00-04:00	16.1700	16.5063	44570
2026-07-29T09:56:00-04:00	16.3300	16.5025	13895
2026-07-29T09:57:00-04:00	16.2250	16.5017	2757
2026-07-29T09:58:00-04:00	16.2600	16.5014	1293
2026-07-29T09:59:00-04:00	16.3600	16.5004	4976
2026-07-29T10:00:00-04:00	16.3702	16.5001	2287
2026-07-29T10:01:00-04:00	16.3950	16.4988	9621
2026-07-29T10:02:00-04:00	16.4300	16.4985	3981
2026-07-29T10:03:00-04:00	16.4200	16.4976	12022
2026-07-29T10:04:00-04:00	16.4950	16.4975	6911
2026-07-29T10:05:00-04:00	16.6100	16.4977	4133
2026-07-29T10:06:00-04:00	16.5000	16.4980	6345
2026-07-29T10:07:00-04:00	16.5200	16.4966	41339
2026-07-29T10:08:00-04:00	16.4600	16.4945	40080
2026-07-29T10:09:00-04:00	16.5050	16.4948	34320
2026-07-29T10:10:00-04:00	16.4800	16.4943	17869
2026-07-29T10:11:00-04:00	16.5050	16.4943	6106
2026-07-29T10:12:00-04:00	16.5200	16.4947	39207
2026-07-29T10:13:00-04:00	16.5250	16.4948	5529
2026-07-29T10:14:00-04:00	16.4800	16.4941	39554
2026-07-29T10:15:00-04:00	16.5100	16.4942	11677
2026-07-29T10:16:00-04:00	16.5050	16.4942	1067
2026-07-29T10:17:00-04:00	16.4450	16.4926	39064
2026-07-29T10:18:00-04:00	16.4290	16.4914	31113
2026-07-29T10:19:00-04:00	16.3250	16.4906	6815
2026-07-29T10:20:00-04:00	16.3800	16.4888	18197
2026-07-29T10:21:00-04:00	16.4100	16.4886	3597
2026-07-29T10:22:00-04:00	16.3900	16.4883	2933
2026-07-29T10:23:00-04:00	16.3950	16.4882	1282
2026-07-29T10:24:00-04:00	16.2850	16.4874	6414
2026-07-29T10:25:00-04:00	16.0750	16.4769	37533
2026-07-29T10:26:00-04:00	16.0300	16.4730	11442
2026-07-29T10:27:00-04:00	16.0100	16.4707	7149
2026-07-29T10:28:00-04:00	16.0900	16.4691	5058
2026-07-29T10:29:00-04:00	16.1193	16.4675	5997
2026-07-29T10:30:00-04:00	16.0750	16.4669	2000
2026-07-29T10:31:00-04:00	16.0250	16.4653	4905
2026-07-29T10:32:00-04:00	16.0300	16.4627	7893
2026-07-29T10:33:00-04:00	16.0350	16.4606	6664
2026-07-29T10:34:00-04:00	16.0750	16.4552	18789
2026-07-29T10:35:00-04:00	16.0750	16.4542	3745
2026-07-29T10:36:00-04:00	16.1200	16.4527	6142
2026-07-29T10:37:00-04:00	16.0700	16.4513	5203
2026-07-29T10:38:00-04:00	16.0950	16.4503	4057
2026-07-29T10:39:00-04:00	16.0600	16.4494	3155
2026-07-29T10:40:00-04:00	16.0100	16.4450	14783
2026-07-29T10:41:00-04:00	16.0000	16.4335	39462
2026-07-29T10:42:00-04:00	15.9901	16.4281	18372
2026-07-29T10:43:00-04:00	15.9950	16.4218	22012
2026-07-29T10:44:00-04:00	16.0050	16.4204	5224
2026-07-29T10:45:00-04:00	15.9900	16.4188	5655
2026-07-29T10:46:00-04:00	15.9800	16.4161	9465
2026-07-29T10:47:00-04:00	16.0100	16.4136	9649
2026-07-29T10:48:00-04:00	15.9950	16.4127	3497
2026-07-29T10:49:00-04:00	15.9908	16.4097	11771
2026-07-29T10:50:00-04:00	16.0300	16.4070	10567
2026-07-29T10:51:00-04:00	16.0100	16.4052	7287
2026-07-29T10:52:00-04:00	16.0150	16.4035	6763
2026-07-29T10:53:00-04:00	16.1350	16.4013	11639
2026-07-29T10:54:00-04:00	16.1350	16.4007	3254
2026-07-29T10:55:00-04:00	16.0800	16.3995	6698
2026-07-29T10:56:00-04:00	16.0500	16.3987	3381
2026-07-29T10:57:00-04:00	16.0650	16.3950	17786
2026-07-29T10:58:00-04:00	16.0699	16.3939	5701
2026-07-29T10:59:00-04:00	16.0601	16.3936	1564
2026-07-29T11:00:00-04:00	16.1300	16.3902	20671
2026-07-29T11:01:00-04:00	16.1300	16.3893	4897
2026-07-29T11:02:00-04:00	16.0950	16.3878	8845
2026-07-29T11:03:00-04:00	16.0650	16.3860	9152
2026-07-29T11:04:00-04:00	16.0950	16.3824	20104
2026-07-29T11:05:00-04:00	16.0950	16.3804	11400
2026-07-29T11:06:00-04:00	16.1090	16.3801	1756
2026-07-29T11:07:00-04:00	16.1000	16.3801	350
2026-07-29T11:08:00-04:00	16.1000	16.3796	3173
2026-07-29T11:09:00-04:00	16.1000	16.3793	1643
2026-07-29T11:10:00-04:00	16.1000	16.3785	4559
2026-07-29T11:11:00-04:00	16.1000	16.3782	2105
2026-07-29T11:12:00-04:00	16.0950	16.3744	24253
2026-07-29T11:13:00-04:00	16.0900	16.3734	5790
2026-07-29T11:14:00-04:00	16.0300	16.3698	19610
2026-07-29T11:15:00-04:00	15.9850	16.3685	6137
2026-07-29T11:16:00-04:00	15.9000	16.3647	14888
2026-07-29T11:17:00-04:00	15.8700	16.3573	27559
2026-07-29T11:18:00-04:00	15.8676	16.3562	4212
2026-07-29T11:19:00-04:00	15.7550	16.3534	8937
2026-07-29T11:20:00-04:00	15.7550	16.3530	1012
2026-07-29T11:21:00-04:00	15.8300	16.3466	21142
2026-07-29T11:22:00-04:00	15.7900	16.3449	5725
2026-07-29T11:23:00-04:00	15.6700	16.3382	19918
2026-07-29T11:24:00-04:00	15.6900	16.3368	3838
2026-07-29T11:25:00-04:00	15.6500	16.3344	6633
2026-07-29T11:26:00-04:00	15.6200	16.3319	6712
2026-07-29T11:27:00-04:00	15.6090	16.3303	4163
2026-07-29T11:28:00-04:00	15.5710	16.3282	5413
2026-07-29T11:29:00-04:00	15.5750	16.3274	1850
2026-07-29T11:30:00-04:00	15.5650	16.3213	15715
2026-07-29T11:31:00-04:00	15.6150	16.3202	2727
2026-07-29T11:32:00-04:00	15.5964	16.3184	5016
2026-07-29T11:33:00-04:00	15.5950	16.3167	4336
2026-07-29T11:34:00-04:00	15.5500	16.3148	4973
2026-07-29T11:35:00-04:00	15.4850	16.3061	20375
2026-07-29T11:36:00-04:00	15.3801	16.2947	25593
2026-07-29T11:37:00-04:00	15.3677	16.2901	9665
2026-07-29T11:38:00-04:00	15.3200	16.2743	32606
2026-07-29T11:39:00-04:00	15.2850	16.2710	6583
2026-07-29T11:40:00-04:00	15.3036	16.2670	8488
2026-07-29T11:41:00-04:00	15.2750	16.2663	1327
2026-07-29T11:42:00-04:00	15.2900	16.2553	22921
2026-07-29T11:43:00-04:00	15.2800	16.2537	3580
2026-07-29T11:44:00-04:00	15.2950	16.2512	5285
2026-07-29T11:45:00-04:00	15.3150	16.2481	6974
2026-07-29T11:46:00-04:00	15.3250	16.2449	7253
2026-07-29T11:47:00-04:00	15.3250	16.2439	2083
2026-07-29T11:48:00-04:00	15.3450	16.2363	17979
2026-07-29T11:49:00-04:00	15.3450	16.2350	2899
2026-07-29T11:50:00-04:00	15.3400	16.2328	5390
2026-07-29T11:51:00-04:00	15.3450	16.2278	12000
2026-07-29T11:52:00-04:00	15.3500	16.2266	2845
2026-07-29T11:53:00-04:00	15.3650	16.2251	3661
2026-07-29T11:54:00-04:00	15.3600	16.2235	4058
2026-07-29T11:55:00-04:00	15.3600	16.2219	3858
2026-07-29T11:56:00-04:00	15.3650	16.2212	1823
2026-07-29T11:57:00-04:00	15.3650	16.2204	1875
2026-07-29T11:58:00-04:00	15.2150	16.2131	16471
2026-07-29T11:59:00-04:00	15.1650	16.2037	19445
2026-07-29T12:00:00-04:00	15.1550	16.2019	3631
2026-07-29T12:01:00-04:00	15.0750	16.1931	17133
2026-07-29T12:02:00-04:00	15.0600	16.1909	4383
2026-07-29T12:03:00-04:00	15.0800	16.1873	7006
2026-07-29T12:04:00-04:00	15.0100	16.1816	11007
2026-07-29T12:05:00-04:00	14.9400	16.1420	72453
2026-07-29T12:06:00-04:00	14.9896	16.1373	9164
2026-07-29T12:07:00-04:00	15.0100	16.1357	3315
2026-07-29T12:08:00-04:00	15.0500	16.1320	7636
2026-07-29T12:09:00-04:00	15.0400	16.1284	7803
2026-07-29T12:10:00-04:00	15.0559	16.1238	9824
2026-07-29T12:11:00-04:00	15.0550	16.1176	13485
2026-07-29T12:12:00-04:00	15.0550	16.1163	2842
2026-07-29T12:13:00-04:00	15.0600	16.1132	6860
2026-07-29T12:14:00-04:00	15.0700	16.1115	3876
2026-07-29T12:15:00-04:00	15.0800	16.1087	6394
2026-07-29T12:16:00-04:00	15.0648	16.1060	5912
2026-07-29T12:17:00-04:00	15.0700	16.1043	3771
2026-07-29T12:18:00-04:00	15.0850	16.1034	2241
2026-07-29T12:19:00-04:00	15.0600	16.1008	5990
2026-07-29T12:20:00-04:00	15.1200	16.0977	7276
2026-07-29T12:21:00-04:00	15.1250	16.0960	4157
2026-07-29T12:22:00-04:00	15.1250	16.0957	746
2026-07-29T12:23:00-04:00	15.1250	16.0921	9106
2026-07-29T12:24:00-04:00	15.1009	16.0900	5171
2026-07-29T12:25:00-04:00	15.1400	16.0883	4054
2026-07-29T12:26:00-04:00	15.1300	16.0873	2527
2026-07-29T12:27:00-04:00	15.1000	16.0852	5112
2026-07-29T12:28:00-04:00	15.1300	16.0838	3593
2026-07-29T12:29:00-04:00	15.1300	16.0837	328
2026-07-29T12:30:00-04:00	15.1400	16.0815	5700
2026-07-29T12:31:00-04:00	15.1600	16.0779	9148
2026-07-29T12:32:00-04:00	15.1401	16.0742	9687
2026-07-29T12:33:00-04:00	15.1250	16.0715	7172
2026-07-29T12:34:00-04:00	15.1300	16.0681	8896
2026-07-29T12:35:00-04:00	15.0700	16.0633	12103
2026-07-29T12:36:00-04:00	15.0550	16.0621	2838
2026-07-29T12:37:00-04:00	15.0210	16.0607	3288
2026-07-29T12:38:00-04:00	14.9400	16.0546	14069
2026-07-29T12:39:00-04:00	14.9500	16.0542	889
2026-07-29T12:40:00-04:00	14.9900	16.0502	9272
2026-07-29T12:41:00-04:00	14.9200	16.0484	4178
2026-07-29T12:42:00-04:00	14.8100	16.0383	20986
2026-07-29T12:43:00-04:00	14.8200	16.0382	200
2026-07-29T12:44:00-04:00	14.8100	16.0376	1340
2026-07-29T12:45:00-04:00	14.9200	16.0310	14500
2026-07-29T12:46:00-04:00	14.9400	16.0307	542
2026-07-29T12:47:00-04:00	14.9800	16.0290	4221
2026-07-29T12:48:00-04:00	14.9600	16.0286	1029
2026-07-29T12:49:00-04:00	14.9600	16.0279	1485
2026-07-29T12:50:00-04:00	14.9600	16.0274	1274
2026-07-29T12:51:00-04:00	14.9750	16.0238	9080
2026-07-29T12:52:00-04:00	14.9650	16.0215	5454
2026-07-29T12:53:00-04:00	14.9899	16.0173	10253
2026-07-29T12:54:00-04:00	14.9800	16.0127	11431
2026-07-29T12:55:00-04:00	14.9800	16.0124	887
2026-07-29T12:56:00-04:00	14.9850	16.0095	7259
2026-07-29T12:57:00-04:00	14.9800	16.0047	12318
2026-07-29T12:58:00-04:00	15.0000	16.0021	6778
2026-07-29T12:59:00-04:00	15.0000	16.0013	2115
2026-07-29T13:00:00-04:00	15.0100	15.9999	3611
2026-07-29T13:01:00-04:00	15.0200	15.9984	3995
2026-07-29T13:02:00-04:00	14.9500	15.9941	11115
2026-07-29T13:03:00-04:00	14.9501	15.9925	4151
2026-07-29T13:04:00-04:00	15.0100	15.9908	4539
2026-07-29T13:05:00-04:00	15.0200	15.9885	6122
2026-07-29T13:06:00-04:00	15.0150	15.9873	3269
2026-07-29T13:07:00-04:00	15.0100	15.9864	2561
2026-07-29T13:08:00-04:00	15.0600	15.9847	4704
2026-07-29T13:09:00-04:00	14.9849	15.9830	4644
2026-07-29T13:10:00-04:00	15.0600	15.9817	3787
2026-07-29T13:11:00-04:00	15.1350	15.9798	5753
2026-07-29T13:12:00-04:00	15.1100	15.9786	3912
2026-07-29T13:13:00-04:00	15.0600	15.9776	2844
2026-07-29T13:14:00-04:00	15.0350	15.9764	3368
2026-07-29T13:15:00-04:00	15.0200	15.9756	2328
2026-07-29T13:16:00-04:00	14.9900	15.9738	4912
2026-07-29T13:17:00-04:00	15.0050	15.9729	2394
2026-07-29T13:18:00-04:00	15.0150	15.9723	1946
2026-07-29T13:19:00-04:00	15.0290	15.9707	4330
2026-07-29T13:20:00-04:00	15.0250	15.9696	3145
2026-07-29T13:21:00-04:00	15.0900	15.9683	4021
2026-07-29T13:22:00-04:00	15.0800	15.9660	6968
2026-07-29T13:23:00-04:00	15.0600	15.9634	8163
2026-07-29T13:24:00-04:00	15.0300	15.9622	3365
2026-07-29T13:25:00-04:00	15.0001	15.9615	1910
2026-07-29T13:26:00-04:00	15.0400	15.9594	6145
2026-07-29T13:27:00-04:00	15.0208	15.9580	4431
2026-07-29T13:28:00-04:00	15.0450	15.9574	1651
2026-07-29T13:29:00-04:00	15.0200	15.9570	1349
2026-07-29T13:30:00-04:00	15.0300	15.9567	873
2026-07-29T13:31:00-04:00	15.0500	15.9541	7786
2026-07-29T13:32:00-04:00	15.0600	15.9534	2094
2026-07-29T13:33:00-04:00	15.0650	15.9524	3019
2026-07-29T13:34:00-04:00	15.0500	15.9515	2742
2026-07-29T13:35:00-04:00	15.0500	15.9509	2119
2026-07-29T13:36:00-04:00	15.0400	15.9500	2438
2026-07-29T13:37:00-04:00	15.0250	15.9493	2181
2026-07-29T13:38:00-04:00	15.0200	15.9490	813
2026-07-29T13:39:00-04:00	15.0150	15.9483	2181
2026-07-29T13:40:00-04:00	15.0000	15.9436	13909
2026-07-29T13:41:00-04:00	14.9700	15.9423	3686
2026-07-29T13:42:00-04:00	14.9700	15.9412	3218
2026-07-29T13:43:00-04:00	14.9900	15.9402	2933
2026-07-29T13:44:00-04:00	15.0000	15.9399	808
2026-07-29T13:45:00-04:00	14.9550	15.9385	4127
2026-07-29T13:46:00-04:00	14.9150	15.9378	1754
2026-07-29T13:47:00-04:00	14.9700	15.9348	8507
2026-07-29T13:48:00-04:00	14.9550	15.9279	20479
2026-07-29T13:49:00-04:00	14.9550	15.9271	2246
2026-07-29T13:50:00-04:00	14.9450	15.9264	1948
2026-07-29T13:51:00-04:00	14.9400	15.9260	1234
2026-07-29T13:52:00-04:00	14.9650	15.9217	12532
2026-07-29T13:53:00-04:00	14.9650	15.9207	2967
2026-07-29T13:54:00-04:00	14.9490	15.9188	5476
2026-07-29T13:55:00-04:00	14.9650	15.9167	6480
2026-07-29T13:56:00-04:00	14.9400	15.9154	3592
2026-07-29T13:57:00-04:00	14.9600	15.9146	2661
2026-07-29T13:58:00-04:00	14.9850	15.9139	1887
2026-07-29T13:59:00-04:00	14.9964	15.9134	1590
2026-07-29T14:00:00-04:00	15.2380	15.9064	27004
2026-07-29T14:01:00-04:00	15.2400	15.9047	7371
2026-07-29T14:02:00-04:00	15.2100	15.9042	1861
2026-07-29T14:03:00-04:00	15.1800	15.9038	1856
2026-07-29T14:04:00-04:00	15.1000	15.8982	21144
2026-07-29T14:05:00-04:00	15.0850	15.8930	18646
2026-07-29T14:06:00-04:00	15.1400	15.8904	10473
2026-07-29T14:07:00-04:00	15.1800	15.8894	4079
2026-07-29T14:08:00-04:00	15.1500	15.8892	531
2026-07-29T14:09:00-04:00	15.1300	15.8884	3278
2026-07-29T14:10:00-04:00	15.2650	15.8866	8104
2026-07-29T14:11:00-04:00	15.2536	15.8861	2690
2026-07-29T14:12:00-04:00	15.1888	15.8840	9169
2026-07-29T14:13:00-04:00	15.1450	15.8825	6022
2026-07-29T14:14:00-04:00	15.1700	15.8793	13244
2026-07-29T14:15:00-04:00	15.2700	15.8785	3803
2026-07-29T14:16:00-04:00	15.2600	15.8768	8405
2026-07-29T14:17:00-04:00	15.1800	15.8752	7301
2026-07-29T14:18:00-04:00	15.1400	15.8739	5222
2026-07-29T14:19:00-04:00	15.0600	15.8696	16616
2026-07-29T14:20:00-04:00	15.0600	15.8689	2610
2026-07-29T14:21:00-04:00	15.0700	15.8674	5858
2026-07-29T14:22:00-04:00	15.0000	15.8657	5828
2026-07-29T14:23:00-04:00	15.0100	15.8650	2610
2026-07-29T14:24:00-04:00	15.0150	15.8609	14788
2026-07-29T14:25:00-04:00	15.0000	15.8593	5783
2026-07-29T14:26:00-04:00	15.0000	15.8585	2857
2026-07-29T14:27:00-04:00	14.9950	15.8580	1652
2026-07-29T14:28:00-04:00	15.0100	15.8567	5089
2026-07-29T14:29:00-04:00	15.0100	15.8561	2046
2026-07-29T14:30:00-04:00	15.0400	15.8547	5432
2026-07-29T14:31:00-04:00	15.0400	15.8519	10647
2026-07-29T14:32:00-04:00	15.0200	15.8503	6048
2026-07-29T14:33:00-04:00	15.0500	15.8497	2195
2026-07-29T14:34:00-04:00	15.0450	15.8491	2452
2026-07-29T14:35:00-04:00	15.0500	15.8467	9322
2026-07-29T14:36:00-04:00	15.0600	15.8441	10029
2026-07-29T14:37:00-04:00	15.0800	15.8435	2473
2026-07-29T14:38:00-04:00	15.1300	15.8417	8030
2026-07-29T14:39:00-04:00	15.1300	15.8395	9873
2026-07-29T14:40:00-04:00	15.2000	15.8383	5503
2026-07-29T14:41:00-04:00	15.2000	15.8370	6705
2026-07-29T14:42:00-04:00	15.2100	15.8351	9355
2026-07-29T14:43:00-04:00	15.2898	15.8336	8422
2026-07-29T14:44:00-04:00	15.3200	15.8331	3185
2026-07-29T14:45:00-04:00	15.3100	15.8304	16351
2026-07-29T14:46:00-04:00	15.2800	15.8278	15830
2026-07-29T14:47:00-04:00	15.3200	15.8260	11327
2026-07-29T14:48:00-04:00	15.2750	15.8246	8316
2026-07-29T14:49:00-04:00	15.3100	15.8230	9705
2026-07-29T14:50:00-04:00	15.3700	15.8199	21241
2026-07-29T14:51:00-04:00	15.3300	15.8178	14931
2026-07-29T14:52:00-04:00	15.3600	15.8170	5538
2026-07-29T14:53:00-04:00	15.3900	15.8160	7693
2026-07-29T14:54:00-04:00	15.4600	15.8152	6937
2026-07-29T14:55:00-04:00	15.2375	15.8069	56300
2026-07-29T14:56:00-04:00	15.1550	15.8052	9106
2026-07-29T14:57:00-04:00	15.2050	15.8041	5762
2026-07-29T14:58:00-04:00	15.2286	15.8037	2671
2026-07-29T14:59:00-04:00	15.2300	15.8029	4357
2026-07-29T15:00:00-04:00	15.1900	15.8021	4778
2026-07-29T15:01:00-04:00	15.2500	15.8009	7035
2026-07-29T15:02:00-04:00	15.2200	15.7999	5645
2026-07-29T15:03:00-04:00	15.1350	15.7980	10626
2026-07-29T15:04:00-04:00	15.0650	15.7969	5079
2026-07-29T15:05:00-04:00	15.0650	15.7964	2327
2026-07-29T15:06:00-04:00	15.0650	15.7947	7897
2026-07-29T15:07:00-04:00	15.0650	15.7936	5223
2026-07-29T15:08:00-04:00	15.0275	15.7912	11117
2026-07-29T15:09:00-04:00	15.0400	15.7905	3221
2026-07-29T15:10:00-04:00	15.0250	15.7891	6099
2026-07-29T15:11:00-04:00	15.0700	15.7884	3579
2026-07-29T15:12:00-04:00	15.0750	15.7877	3479
2026-07-29T15:13:00-04:00	15.1074	15.7868	4151
2026-07-29T15:14:00-04:00	15.0950	15.7866	1306
2026-07-29T15:15:00-04:00	15.0800	15.7853	6346
2026-07-29T15:16:00-04:00	15.0600	15.7845	3950
2026-07-29T15:17:00-04:00	15.0400	15.7833	5604
2026-07-29T15:18:00-04:00	15.0200	15.7820	6069
2026-07-29T15:19:00-04:00	14.9850	15.7802	8093
2026-07-29T15:20:00-04:00	14.9200	15.7777	10288
2026-07-29T15:21:00-04:00	14.8500	15.7740	14485
2026-07-29T15:22:00-04:00	14.8500	15.7722	6777
2026-07-29T15:23:00-04:00	14.8150	15.7712	3535
2026-07-29T15:24:00-04:00	14.7900	15.7658	19976
2026-07-29T15:25:00-04:00	14.7650	15.7644	4997
2026-07-29T15:26:00-04:00	14.7000	15.7622	7344
2026-07-29T15:27:00-04:00	14.6900	15.7553	23565
2026-07-29T15:28:00-04:00	14.6800	15.7460	31155
2026-07-29T15:29:00-04:00	14.7000	15.7434	9217
2026-07-29T15:30:00-04:00	14.7000	15.7427	2421
2026-07-29T15:31:00-04:00	14.6900	15.7405	7675
2026-07-29T15:32:00-04:00	14.6981	15.7384	7344
2026-07-29T15:33:00-04:00	14.6800	15.7376	2703
2026-07-29T15:34:00-04:00	14.6850	15.7361	5259
2026-07-29T15:35:00-04:00	14.6900	15.7328	11544
2026-07-29T15:36:00-04:00	14.7200	15.7309	6611
2026-07-29T15:37:00-04:00	14.7200	15.7292	6347
2026-07-29T15:38:00-04:00	14.6900	15.7234	20871
2026-07-29T15:39:00-04:00	14.6850	15.7167	23893
2026-07-29T15:40:00-04:00	14.6850	15.7104	22887
2026-07-29T15:41:00-04:00	14.6800	15.6975	48195
2026-07-29T15:42:00-04:00	14.6800	15.6936	14536
2026-07-29T15:43:00-04:00	14.6850	15.6915	8173
2026-07-29T15:44:00-04:00	14.6850	15.6900	5676
2026-07-29T15:45:00-04:00	14.6150	15.6780	44100
2026-07-29T15:46:00-04:00	14.4500	15.6594	61804
2026-07-29T15:47:00-04:00	14.5300	15.6549	15563
2026-07-29T15:48:00-04:00	14.6400	15.6502	17570
2026-07-29T15:49:00-04:00	14.6450	15.6486	6610
2026-07-29T15:50:00-04:00	14.6400	15.6458	10692
2026-07-29T15:51:00-04:00	14.6250	15.6439	7461
2026-07-29T15:52:00-04:00	14.6350	15.6401	15106
2026-07-29T15:53:00-04:00	14.6250	15.6361	16153
2026-07-29T15:54:00-04:00	14.6600	15.6337	9937
2026-07-29T15:55:00-04:00	14.6800	15.6298	16397
2026-07-29T15:56:00-04:00	14.7250	15.6275	10279
2026-07-29T15:57:00-04:00	14.7500	15.6228	22229
2026-07-29T15:58:00-04:00	14.7850	15.6168	29488
2026-07-29T15:59:00-04:00	15.0100	15.6065	63808
2026-07-30T09:30:00-04:00	14.6900	14.8067	36469
2026-07-30T09:31:00-04:00	14.5000	14.6953	19015
2026-07-30T09:32:00-04:00	14.4800	14.6724	5673
2026-07-30T09:33:00-04:00	14.4786	14.6701	656
2026-07-30T09:34:00-04:00	14.6400	14.6480	16155
2026-07-30T09:35:00-04:00	14.4200	14.6397	4081
2026-07-30T09:36:00-04:00	14.4800	14.6332	3341
2026-07-30T09:37:00-04:00	14.4588	14.6070	15550
2026-07-30T09:38:00-04:00	14.4101	14.5885	9108
2026-07-30T09:39:00-04:00	14.5169	14.5858	3030
2026-07-30T09:40:00-04:00	14.3800	14.5687	12491
2026-07-30T09:41:00-04:00	14.5282	14.5614	10700
2026-07-30T09:42:00-04:00	14.5800	14.5615	2706
2026-07-30T09:43:00-04:00	14.6300	14.5630	4808
2026-07-30T09:44:00-04:00	14.6900	14.5680	7350
2026-07-30T09:45:00-04:00	14.7300	14.5740	6301
2026-07-30T09:46:00-04:00	14.7350	14.5752	1060
2026-07-30T09:47:00-04:00	14.8200	14.5801	3240
2026-07-30T09:48:00-04:00	14.9306	14.5909	5500
2026-07-30T09:49:00-04:00	15.0400	14.6196	13985
2026-07-30T09:50:00-04:00	15.1050	14.6966	35923
2026-07-30T09:51:00-04:00	15.1100	14.7024	3046
2026-07-30T09:52:00-04:00	15.1300	14.7221	9639
2026-07-30T09:53:00-04:00	15.1900	14.7289	3464
2026-07-30T09:54:00-04:00	15.2500	14.7616	15269
2026-07-30T09:55:00-04:00	15.2100	14.7793	9966
2026-07-30T09:56:00-04:00	15.1700	14.7836	2860
2026-07-30T09:57:00-04:00	15.0450	14.8026	17536
2026-07-30T09:58:00-04:00	14.9450	14.8072	7046
2026-07-30T09:59:00-04:00	14.9250	14.8079	1812
2026-07-30T10:00:00-04:00	14.9200	14.8119	9823
2026-07-30T10:01:00-04:00	14.9101	14.8133	3820
2026-07-30T10:02:00-04:00	14.9100	14.8140	1803
2026-07-30T10:03:00-04:00	14.9200	14.8167	9171
2026-07-30T10:04:00-04:00	14.8700	14.8169	1187
2026-07-30T10:05:00-04:00	14.9000	14.8183	5278
2026-07-30T10:06:00-04:00	14.8400	14.8187	3369
2026-07-30T10:07:00-04:00	14.8200	14.8187	1332
2026-07-30T10:08:00-04:00	14.8050	14.8177	13243
2026-07-30T10:09:00-04:00	14.7900	14.8174	2725
2026-07-30T10:10:00-04:00	14.7350	14.8169	2127
2026-07-30T10:11:00-04:00	14.7500	14.8166	2225
2026-07-30T10:12:00-04:00	14.7600	14.8148	7160
2026-07-30T10:13:00-04:00	14.7500	14.8139	3834
2026-07-30T10:14:00-04:00	14.7800	14.8132	9165
2026-07-30T10:15:00-04:00	14.7629	14.8129	2238
2026-07-30T10:16:00-04:00	14.8000	14.8127	2051
2026-07-30T10:17:00-04:00	14.8464	14.8130	5113
2026-07-30T10:18:00-04:00	14.9350	14.8155	10051
2026-07-30T10:19:00-04:00	14.9600	14.8176	5845
2026-07-30T10:20:00-04:00	14.9900	14.8276	21500
2026-07-30T10:21:00-04:00	15.0600	14.8320	8350
2026-07-30T10:22:00-04:00	15.0150	14.8336	3443
2026-07-30T10:23:00-04:00	15.0250	14.8352	3568
2026-07-30T10:24:00-04:00	14.9900	14.8389	10418
2026-07-30T10:25:00-04:00	15.0350	14.8420	7066
2026-07-30T10:26:00-04:00	15.0700	14.8424	807
2026-07-30T10:27:00-04:00	15.1000	14.8441	3172
2026-07-30T10:28:00-04:00	15.0950	14.8447	915
2026-07-30T10:29:00-04:00	15.1500	14.8464	2629
2026-07-30T10:30:00-04:00	15.1400	14.8476	1885
2026-07-30T10:31:00-04:00	15.1150	14.8531	9416
2026-07-30T10:32:00-04:00	15.1350	14.8559	4591
2026-07-30T10:33:00-04:00	15.1350	14.8601	7121
2026-07-30T10:34:00-04:00	15.1300	14.8671	13522
2026-07-30T10:35:00-04:00	15.1900	14.8777	18003
2026-07-30T10:36:00-04:00	15.4000	14.8923	16988
2026-07-30T10:37:00-04:00	15.3500	14.8971	5515
2026-07-30T10:38:00-04:00	15.3550	14.9012	4588
2026-07-30T10:39:00-04:00	15.3200	14.9058	6035
2026-07-30T10:40:00-04:00	15.3800	14.9081	2671
2026-07-30T10:41:00-04:00	15.3500	14.9132	6261
2026-07-30T10:42:00-04:00	15.3000	14.9187	7672
2026-07-30T10:43:00-04:00	15.3050	14.9216	4137
2026-07-30T10:44:00-04:00	15.2800	14.9250	5300
2026-07-30T10:45:00-04:00	15.3100	14.9261	1701
2026-07-30T10:46:00-04:00	15.2600	14.9305	7105
2026-07-30T10:47:00-04:00	15.2400	14.9321	3059
2026-07-30T10:48:00-04:00	15.1200	14.9360	11218
2026-07-30T10:49:00-04:00	15.1800	14.9389	7795
2026-07-30T10:50:00-04:00	15.2800	14.9423	6539
2026-07-30T10:51:00-04:00	15.1900	14.9440	3812
2026-07-30T10:52:00-04:00	15.2100	14.9453	3031
2026-07-30T10:53:00-04:00	15.2000	14.9461	1794
2026-07-30T10:54:00-04:00	15.1950	14.9521	15969
2026-07-30T10:55:00-04:00	15.2700	14.9534	2850
2026-07-30T10:56:00-04:00	15.2200	14.9559	5859
2026-07-30T10:57:00-04:00	15.2800	14.9564	1188
2026-07-30T10:58:00-04:00	15.2700	14.9586	4855
2026-07-30T10:59:00-04:00	15.3200	14.9762	35241
2026-07-30T11:00:00-04:00	15.2700	14.9789	5886
2026-07-30T11:01:00-04:00	15.3300	14.9812	4854
2026-07-30T11:02:00-04:00	15.3800	14.9844	5758
2026-07-30T11:03:00-04:00	15.4500	14.9874	4612
2026-07-30T11:04:00-04:00	15.4250	14.9887	2093
2026-07-30T11:05:00-04:00	15.4300	14.9911	3866
2026-07-30T11:06:00-04:00	15.4150	14.9917	985
2026-07-30T11:07:00-04:00	15.3900	14.9982	11988
2026-07-30T11:08:00-04:00	15.3900	15.0037	10802
2026-07-30T11:09:00-04:00	15.4200	15.0056	3344
2026-07-30T11:10:00-04:00	15.3700	15.0086	6094
2026-07-30T11:11:00-04:00	15.4100	15.0100	2778
2026-07-30T11:12:00-04:00	15.4100	15.0115	2878
2026-07-30T11:13:00-04:00	15.4200	15.0122	1201
2026-07-30T11:14:00-04:00	15.4050	15.0175	10358
2026-07-30T11:15:00-04:00	15.4500	15.0274	17985
2026-07-30T11:16:00-04:00	15.4300	15.0305	6023
2026-07-30T11:17:00-04:00	15.4050	15.0340	6968
2026-07-30T11:18:00-04:00	15.4300	15.0364	5028
2026-07-30T11:19:00-04:00	15.4750	15.0398	6046
2026-07-30T11:20:00-04:00	15.4800	15.0432	6196
2026-07-30T11:21:00-04:00	15.5600	15.0643	35599
2026-07-30T11:22:00-04:00	15.6100	15.0850	33888
2026-07-30T11:23:00-04:00	15.5050	15.0916	12911
2026-07-30T11:24:00-04:00	15.5500	15.0919	608
2026-07-30T11:25:00-04:00	15.4900	15.1028	22710
2026-07-30T11:26:00-04:00	15.4000	15.1051	6908
2026-07-30T11:27:00-04:00	15.3800	15.1054	1074
2026-07-30T11:28:00-04:00	15.2100	15.1065	6949
2026-07-30T11:29:00-04:00	15.2659	15.1079	9210
2026-07-30T11:30:00-04:00	15.2850	15.1084	2577
2026-07-30T11:31:00-04:00	15.2700	15.1094	5820
2026-07-30T11:32:00-04:00	15.2600	15.1101	4277
2026-07-30T11:33:00-04:00	15.2450	15.1101	425
2026-07-30T11:34:00-04:00	15.2100	15.1103	1702
2026-07-30T11:35:00-04:00	15.3200	15.1117	7214
2026-07-30T11:36:00-04:00	15.3200	15.1119	911
2026-07-30T11:37:00-04:00	15.3200	15.1123	1460
2026-07-30T11:38:00-04:00	15.2850	15.1126	2043
2026-07-30T11:39:00-04:00	15.2900	15.1134	4162
2026-07-30T11:40:00-04:00	15.2950	15.1137	1401
2026-07-30T11:41:00-04:00	15.2950	15.1137	406
2026-07-30T11:42:00-04:00	15.2700	15.1143	3207
2026-07-30T11:43:00-04:00	15.2700	15.1149	4180
2026-07-30T11:44:00-04:00	15.3442	15.1154	2124
2026-07-30T11:45:00-04:00	15.3250	15.1155	455
2026-07-30T11:46:00-04:00	15.3450	15.1179	10356
2026-07-30T11:47:00-04:00	15.3450	15.1182	1412
2026-07-30T11:48:00-04:00	15.3150	15.1190	3777
2026-07-30T11:49:00-04:00	15.3400	15.1197	3348
2026-07-30T11:50:00-04:00	15.3400	15.1202	2197
2026-07-30T11:51:00-04:00	15.3347	15.1218	7448
2026-07-30T11:52:00-04:00	15.3200	15.1227	4194
2026-07-30T11:53:00-04:00	15.3500	15.1229	906
2026-07-30T11:54:00-04:00	15.3800	15.1244	6267
2026-07-30T11:55:00-04:00	15.4200	15.1248	1224
2026-07-30T11:56:00-04:00	15.4000	15.1259	3935
2026-07-30T11:57:00-04:00	15.4050	15.1262	1084
2026-07-30T11:58:00-04:00	15.3700	15.1272	4224
2026-07-30T11:59:00-04:00	15.3400	15.1281	4351
2026-07-30T12:00:00-04:00	15.3400	15.1285	1652
2026-07-30T12:01:00-04:00	15.3600	15.1298	6032
2026-07-30T12:02:00-04:00	15.3500	15.1305	3095
2026-07-30T12:04:00-04:00	15.2800	15.1316	7202
2026-07-30T12:05:00-04:00	15.2300	15.1322	5078
2026-07-30T12:06:00-04:00	15.2550	15.1327	4670
2026-07-30T12:07:00-04:00	15.2250	15.1328	865
2026-07-30T12:09:00-04:00	15.2150	15.1329	1121
2026-07-30T12:10:00-04:00	15.2000	15.1329	1089
2026-07-30T12:11:00-04:00	15.1350	15.1331	6880
2026-07-30T12:12:00-04:00	15.1500	15.1332	5404
2026-07-30T12:13:00-04:00	15.1900	15.1332	1308
2026-07-30T12:14:00-04:00	15.1900	15.1334	3026
2026-07-30T12:15:00-04:00	15.1800	15.1335	1853
2026-07-30T12:16:00-04:00	15.2000	15.1336	2864
2026-07-30T12:17:00-04:00	15.1900	15.1337	888
2026-07-30T12:18:00-04:00	15.1750	15.1337	330
2026-07-30T12:19:00-04:00	15.1700	15.1339	6728
2026-07-30T12:20:00-04:00	15.1900	15.1341	3557
2026-07-30T12:21:00-04:00	15.2000	15.1342	2824
2026-07-30T12:22:00-04:00	15.2000	15.1345	4229
2026-07-30T12:23:00-04:00	15.2000	15.1345	343
2026-07-30T12:24:00-04:00	15.1700	15.1348	5804
2026-07-30T12:25:00-04:00	15.1700	15.1349	3395
2026-07-30T12:26:00-04:00	15.2000	15.1350	1814
2026-07-30T12:27:00-04:00	15.1900	15.1350	467
2026-07-30T12:28:00-04:00	15.1300	15.1350	4911
2026-07-30T12:29:00-04:00	15.1200	15.1349	4997
2026-07-30T12:30:00-04:00	15.0900	15.1349	1625
2026-07-30T12:31:00-04:00	14.9750	15.1339	7645
2026-07-30T12:32:00-04:00	14.9700	15.1333	4647
2026-07-30T12:33:00-04:00	15.0200	15.1330	2674
2026-07-30T12:34:00-04:00	15.1000	15.1328	5185
2026-07-30T12:35:00-04:00	15.1400	15.1328	1690
2026-07-30T12:36:00-04:00	15.1400	15.1328	2865
2026-07-30T12:37:00-04:00	15.1400	15.1328	432
2026-07-30T12:38:00-04:00	15.1400	15.1328	442
2026-07-30T12:39:00-04:00	15.0650	15.1326	6324
2026-07-30T12:40:00-04:00	14.9950	15.1323	2576
2026-07-30T12:41:00-04:00	15.0300	15.1320	2955
2026-07-30T12:42:00-04:00	15.0300	15.1317	3792
2026-07-30T12:43:00-04:00	15.0000	15.1311	5542
2026-07-30T12:45:00-04:00	15.0100	15.1309	1685
2026-07-30T12:46:00-04:00	15.0600	15.1304	7150
2026-07-30T12:48:00-04:00	15.0700	15.1302	2954
2026-07-30T12:49:00-04:00	15.0700	15.1302	281
2026-07-30T12:50:00-04:00	15.0800	15.1301	4009
2026-07-30T12:51:00-04:00	15.1050	15.1299	5314
2026-07-30T12:52:00-04:00	15.1900	15.1300	3168
2026-07-30T12:53:00-04:00	15.1800	15.1302	4470
2026-07-30T12:54:00-04:00	15.1800	15.1302	1464
2026-07-30T12:55:00-04:00	15.1550	15.1303	2177
2026-07-30T12:56:00-04:00	15.1300	15.1303	1167
2026-07-30T12:57:00-04:00	15.1400	15.1303	2284
2026-07-30T12:58:00-04:00	15.1400	15.1303	1105
2026-07-30T12:59:00-04:00	15.1400	15.1303	1465
2026-07-30T13:00:00-04:00	15.1300	15.1303	1841
2026-07-30T13:01:00-04:00	15.1450	15.1303	1030
2026-07-30T13:02:00-04:00	15.1100	15.1303	3889
2026-07-30T13:03:00-04:00	15.1300	15.1303	6976
2026-07-30T13:04:00-04:00	15.1600	15.1303	368
2026-07-30T13:05:00-04:00	15.1300	15.1303	883
2026-07-30T13:06:00-04:00	15.1900	15.1305	4591
2026-07-30T13:07:00-04:00	15.1900	15.1305	479
2026-07-30T13:08:00-04:00	15.1900	15.1308	5274
2026-07-30T13:09:00-04:00	15.2100	15.1310	2848
2026-07-30T13:10:00-04:00	15.0900	15.1310	8982
2026-07-30T13:11:00-04:00	15.0950	15.1309	1409
2026-07-30T13:12:00-04:00	15.0950	15.1309	293
2026-07-30T13:13:00-04:00	15.0700	15.1308	1899
2026-07-30T13:14:00-04:00	15.0800	15.1307	4738
2026-07-30T13:15:00-04:00	15.0350	15.1304	5043
2026-07-30T13:16:00-04:00	15.0600	15.1301	3980
2026-07-30T13:17:00-04:00	15.0300	15.1300	2165
2026-07-30T13:18:00-04:00	15.0200	15.1298	2089
2026-07-30T13:19:00-04:00	15.0100	15.1294	5067
2026-07-30T13:20:00-04:00	15.0000	15.1293	814
2026-07-30T13:21:00-04:00	15.0300	15.1290	3430
2026-07-30T13:22:00-04:00	15.0100	15.1289	1608
2026-07-30T13:23:00-04:00	15.0400	15.1286	3226
2026-07-30T13:24:00-04:00	15.0750	15.1284	4286
2026-07-30T13:25:00-04:00	15.0600	15.1283	2103
2026-07-30T13:26:00-04:00	15.0600	15.1282	752
2026-07-30T13:28:00-04:00	15.1000	15.1281	3013
2026-07-30T13:29:00-04:00	15.1000	15.1279	7776
2026-07-30T13:30:00-04:00	15.0900	15.1279	1784
2026-07-30T13:31:00-04:00	15.0650	15.1277	5129
2026-07-30T13:32:00-04:00	15.0400	15.1275	2082
2026-07-30T13:33:00-04:00	15.0350	15.1275	327
2026-07-30T13:34:00-04:00	15.0300	15.1274	1384
2026-07-30T13:35:00-04:00	15.0300	15.1273	2026
2026-07-30T13:36:00-04:00	15.0500	15.1269	4803
2026-07-30T13:37:00-04:00	15.0600	15.1269	501
2026-07-30T13:38:00-04:00	15.0665	15.1268	1553
2026-07-30T13:39:00-04:00	15.0300	15.1266	3838
2026-07-30T13:40:00-04:00	15.0400	15.1264	3315
2026-07-30T13:41:00-04:00	15.0500	15.1263	1266
2026-07-30T13:42:00-04:00	15.0600	15.1261	3356
2026-07-30T13:43:00-04:00	15.1100	15.1261	1587
2026-07-30T13:44:00-04:00	15.0825	15.1260	1208
2026-07-30T13:45:00-04:00	15.1000	15.1260	583
2026-07-30T13:46:00-04:00	15.0800	15.1259	4094
2026-07-30T13:47:00-04:00	15.1000	15.1258	2160
2026-07-30T13:48:00-04:00	15.0700	15.1258	877
2026-07-30T13:49:00-04:00	15.0800	15.1258	767
2026-07-30T13:50:00-04:00	15.0400	15.1253	8106
2026-07-30T13:51:00-04:00	15.0400	15.1252	1549
2026-07-30T13:52:00-04:00	15.0250	15.1247	7473
2026-07-30T13:53:00-04:00	15.0150	15.1244	3588
2026-07-30T13:54:00-04:00	15.0150	15.1243	1419
2026-07-30T13:55:00-04:00	15.0050	15.1241	2431
2026-07-30T13:56:00-04:00	15.0050	15.1240	659
2026-07-30T13:57:00-04:00	15.0050	15.1238	2120
2026-07-30T13:58:00-04:00	15.0300	15.1233	6760
2026-07-30T13:59:00-04:00	15.0400	15.1233	860
2026-07-30T14:00:00-04:00	15.0500	15.1232	1243
2026-07-30T14:01:00-04:00	15.0400	15.1231	1801
2026-07-30T14:02:00-04:00	15.0450	15.1230	1270
2026-07-30T14:03:00-04:00	15.0200	15.1228	2907
2026-07-30T14:04:00-04:00	15.0100	15.1226	3067
2026-07-30T14:05:00-04:00	15.0250	15.1224	2617
2026-07-30T14:06:00-04:00	15.0400	15.1223	1924
2026-07-30T14:07:00-04:00	15.0450	15.1222	1313
2026-07-30T14:08:00-04:00	15.0600	15.1221	3257
2026-07-30T14:09:00-04:00	15.0700	15.1220	2206
2026-07-30T14:10:00-04:00	15.0950	15.1219	2234
2026-07-30T14:11:00-04:00	15.0650	15.1218	2847
2026-07-30T14:12:00-04:00	15.0400	15.1215	5727
2026-07-30T14:13:00-04:00	15.0300	15.1214	2086
2026-07-30T14:14:00-04:00	15.0400	15.1210	5998
2026-07-30T14:15:00-04:00	15.0300	15.1209	1828
2026-07-30T14:16:00-04:00	15.0150	15.1207	2503
2026-07-30T14:17:00-04:00	15.0150	15.1207	397
2026-07-30T14:18:00-04:00	15.0050	15.1205	2038
2026-07-30T14:19:00-04:00	14.9950	15.1203	3213
2026-07-30T14:20:00-04:00	14.9950	15.1202	744
2026-07-30T14:21:00-04:00	15.0000	15.1199	3068
2026-07-30T14:22:00-04:00	15.0000	15.1197	2872
2026-07-30T14:23:00-04:00	15.0100	15.1193	4794
2026-07-30T14:24:00-04:00	14.9950	15.1191	3243
2026-07-30T14:25:00-04:00	15.0200	15.1188	4250
2026-07-30T14:26:00-04:00	15.0400	15.1187	1137
2026-07-30T14:27:00-04:00	15.0700	15.1186	2275
2026-07-30T14:29:00-04:00	15.0950	15.1186	3579
2026-07-30T14:30:00-04:00	15.0950	15.1185	435
2026-07-30T14:31:00-04:00	15.0800	15.1183	10679
2026-07-30T14:32:00-04:00	15.0600	15.1179	10568
2026-07-30T14:33:00-04:00	15.0800	15.1179	453
2026-07-30T14:34:00-04:00	15.0800	15.1179	572
2026-07-30T14:35:00-04:00	15.0750	15.1178	838
2026-07-30T14:36:00-04:00	15.0600	15.1178	2390
2026-07-30T14:37:00-04:00	15.0600	15.1177	613
2026-07-30T14:38:00-04:00	15.0100	15.1170	11707
2026-07-30T14:39:00-04:00	15.0100	15.1168	1937
2026-07-30T14:40:00-04:00	15.0300	15.1168	1250
2026-07-30T14:41:00-04:00	15.0100	15.1166	2268
2026-07-30T14:42:00-04:00	15.0300	15.1162	10148
2026-07-30T14:43:00-04:00	15.0350	15.1162	229
2026-07-30T14:44:00-04:00	15.0350	15.1161	577
2026-07-30T14:45:00-04:00	15.0300	15.1160	2228
2026-07-30T14:46:00-04:00	15.0200	15.1152	11499
2026-07-30T14:47:00-04:00	15.0500	15.1150	4878
2026-07-30T14:48:00-04:00	15.0700	15.1149	2510
2026-07-30T14:49:00-04:00	15.0900	15.1149	2509
2026-07-30T14:50:00-04:00	15.1200	15.1149	6132
2026-07-30T14:51:00-04:00	15.1400	15.1149	2803
2026-07-30T14:52:00-04:00	15.1400	15.1149	833
2026-07-30T14:53:00-04:00	15.1100	15.1149	2201
2026-07-30T14:54:00-04:00	15.1000	15.1149	2311
2026-07-30T14:55:00-04:00	15.1150	15.1149	7868
2026-07-30T14:57:00-04:00	15.1400	15.1149	639
2026-07-30T14:58:00-04:00	15.1300	15.1149	1425
2026-07-30T14:59:00-04:00	15.1400	15.1149	770
2026-07-30T15:00:00-04:00	15.1550	15.1150	5597
2026-07-30T15:01:00-04:00	15.1550	15.1151	632
2026-07-30T15:02:00-04:00	15.1101	15.1151	8293
2026-07-30T15:03:00-04:00	15.1200	15.1151	4114
2026-07-30T15:04:00-04:00	15.1250	15.1151	1104
2026-07-30T15:05:00-04:00	15.1500	15.1153	6872
2026-07-30T15:06:00-04:00	15.1450	15.1153	1438
2026-07-30T15:07:00-04:00	15.1450	15.1153	135
2026-07-30T15:08:00-04:00	15.1400	15.1153	1488
2026-07-30T15:09:00-04:00	15.1301	15.1153	990
2026-07-30T15:10:00-04:00	15.1400	15.1155	10207
2026-07-30T15:11:00-04:00	15.1400	15.1155	352
2026-07-30T15:12:00-04:00	15.1500	15.1155	2244
2026-07-30T15:13:00-04:00	15.1800	15.1158	7713
2026-07-30T15:14:00-04:00	15.1700	15.1159	3784
2026-07-30T15:15:00-04:00	15.1700	15.1159	579
2026-07-30T15:16:00-04:00	15.1900	15.1160	725
2026-07-30T15:17:00-04:00	15.1450	15.1163	14251
2026-07-30T15:18:00-04:00	15.1300	15.1163	2961
2026-07-30T15:19:00-04:00	15.1100	15.1163	3689
2026-07-30T15:20:00-04:00	15.0750	15.1162	5760
2026-07-30T15:21:00-04:00	14.9950	15.1156	10124
2026-07-30T15:22:00-04:00	14.9400	15.1133	23257
2026-07-30T15:23:00-04:00	14.9500	15.1130	2949
2026-07-30T15:24:00-04:00	14.9750	15.1127	3200
2026-07-30T15:25:00-04:00	15.0100	15.1125	2808
2026-07-30T15:26:00-04:00	14.9850	15.1122	4655
2026-07-30T15:27:00-04:00	15.0500	15.1114	14908
2026-07-30T15:28:00-04:00	15.0200	15.1111	5292
2026-07-30T15:29:00-04:00	15.0200	15.1109	4272
2026-07-30T15:30:00-04:00	15.0400	15.1107	5234
2026-07-30T15:31:00-04:00	15.0600	15.1105	6066
2026-07-30T15:32:00-04:00	15.0600	15.1103	5359
2026-07-30T15:33:00-04:00	15.0050	15.1098	11094
2026-07-30T15:34:00-04:00	14.9800	15.1093	6599
2026-07-30T15:35:00-04:00	14.9600	15.1089	5480
2026-07-30T15:36:00-04:00	14.9500	15.1085	4271
2026-07-30T15:37:00-04:00	14.9300	15.1074	11211
2026-07-30T15:38:00-04:00	14.9450	15.1070	4112
2026-07-30T15:39:00-04:00	14.9500	15.1067	3869
2026-07-30T15:40:00-04:00	14.9550	15.1062	4868
2026-07-30T15:41:00-04:00	14.9491	15.1055	8935
2026-07-30T15:42:00-04:00	14.9000	15.1026	25886
2026-07-30T15:43:00-04:00	15.0000	15.1021	7274
2026-07-30T15:44:00-04:00	14.9700	15.1020	1705
2026-07-30T15:45:00-04:00	14.9450	15.1017	3867
2026-07-30T15:46:00-04:00	14.8750	15.0999	15291
2026-07-30T15:47:00-04:00	14.8700	15.0994	4174
2026-07-30T15:48:00-04:00	14.8601	15.0988	4659
2026-07-30T15:49:00-04:00	14.8600	15.0970	14312
2026-07-30T15:50:00-04:00	14.9350	15.0957	14075
2026-07-30T15:51:00-04:00	14.9700	15.0953	5834
2026-07-30T15:52:00-04:00	14.9401	15.0945	10416
2026-07-30T15:53:00-04:00	14.9450	15.0942	3553
2026-07-30T15:54:00-04:00	14.9800	15.0933	14872
2026-07-30T15:55:00-04:00	15.0000	15.0931	3306
2026-07-30T15:56:00-04:00	15.0250	15.0926	12415
2026-07-30T15:57:00-04:00	15.0950	15.0925	13862
2026-07-30T15:58:00-04:00	15.1550	15.0931	26004
2026-07-30T15:59:00-04:00	15.2650	15.0967	51824
2026-07-31T09:30:00-04:00	15.3450	15.3667	11287
2026-07-31T09:31:00-04:00	15.5300	15.4054	5070
2026-07-31T09:32:00-04:00	15.6606	15.4262	2425
2026-07-31T09:34:00-04:00	15.5550	15.4558	4313
2026-07-31T09:35:00-04:00	15.4600	15.4928	27945
2026-07-31T09:36:00-04:00	15.3000	15.4834	3774
2026-07-31T09:37:00-04:00	15.1800	15.4569	6217
2026-07-31T09:38:00-04:00	15.1900	15.4443	3185
2026-07-31T09:39:00-04:00	15.4000	15.4330	8290
2026-07-31T09:40:00-04:00	15.4400	15.4304	5072
2026-07-31T09:41:00-04:00	15.4400	15.4310	1495
2026-07-31T09:43:00-04:00	15.4300	15.4310	615
2026-07-31T09:44:00-04:00	15.2416	15.4293	1240
2026-07-31T09:45:00-04:00	15.3950	15.4292	443
2026-07-31T09:46:00-04:00	15.3950	15.4284	1721
2026-07-31T09:47:00-04:00	15.3850	15.4256	6233
2026-07-31T09:48:00-04:00	15.3169	15.4211	4994
2026-07-31T09:49:00-04:00	15.3000	15.4185	1977
2026-07-31T09:50:00-04:00	15.3600	15.4086	12365
2026-07-31T09:51:00-04:00	15.2900	15.4079	596
2026-07-31T09:52:00-04:00	15.2000	15.4054	1534
2026-07-31T09:53:00-04:00	15.1900	15.3867	10978
2026-07-31T09:54:00-04:00	15.2400	15.3850	1410
2026-07-31T09:56:00-04:00	15.1400	15.3840	505
2026-07-31T09:58:00-04:00	15.2300	15.3770	4881
2026-07-31T10:00:00-04:00	15.0700	15.3684	4700
2026-07-31T10:01:00-04:00	15.0650	15.3556	5396
2026-07-31T10:02:00-04:00	15.1250	15.3462	5432
2026-07-31T10:04:00-04:00	15.1200	15.3445	955
2026-07-31T10:05:00-04:00	15.1150	15.3403	2777
2026-07-31T10:06:00-04:00	14.9950	15.3203	10019
2026-07-31T10:07:00-04:00	14.9600	15.2946	12475
2026-07-31T10:08:00-04:00	14.9500	15.2815	7114
2026-07-31T10:09:00-04:00	14.8100	15.2489	15519
2026-07-31T10:10:00-04:00	14.8450	15.2476	605
2026-07-31T10:11:00-04:00	14.7900	15.2439	1517
2026-07-31T10:12:00-04:00	14.8400	15.2369	3289
2026-07-31T10:13:00-04:00	14.7300	15.2263	4469
2026-07-31T10:14:00-04:00	14.7450	15.2223	1668
2026-07-31T10:15:00-04:00	14.7500	15.2198	1083
2026-07-31T10:16:00-04:00	14.7750	15.2038	7227
2026-07-31T10:17:00-04:00	14.8100	15.2016	1186
2026-07-31T10:18:00-04:00	14.8100	15.1997	1048
2026-07-31T10:19:00-04:00	14.8300	15.1296	52648
2026-07-31T10:20:00-04:00	14.9600	15.1207	12515
2026-07-31T10:21:00-04:00	14.9300	15.1197	1471
2026-07-31T10:22:00-04:00	14.9150	15.1166	4223
2026-07-31T10:23:00-04:00	14.8550	15.1147	2214
2026-07-31T10:24:00-04:00	14.7700	15.1111	3319
2026-07-31T10:25:00-04:00	14.8400	15.1042	7161
2026-07-31T10:26:00-04:00	14.7650	15.1015	2521
2026-07-31T10:27:00-04:00	14.8000	15.0987	2648
2026-07-31T10:28:00-04:00	14.7900	15.0981	603
2026-07-31T10:29:00-04:00	14.8000	15.0977	328
2026-07-31T10:30:00-04:00	14.8200	15.0971	672
2026-07-31T10:31:00-04:00	14.9000	15.0963	1153
2026-07-31T10:32:00-04:00	14.8750	15.0958	750
2026-07-31T10:34:00-04:00	14.7950	15.0909	5075
2026-07-31T10:35:00-04:00	14.8300	15.0875	4115
2026-07-31T10:36:00-04:00	14.8800	15.0874	187
2026-07-31T10:37:00-04:00	14.8650	15.0871	363
2026-07-31T10:38:00-04:00	14.8999	15.0870	129
2026-07-31T10:39:00-04:00	14.8700	15.0867	499
2026-07-31T10:40:00-04:00	14.9250	15.0860	1324
2026-07-31T10:41:00-04:00	14.9200	15.0854	1089
2026-07-31T10:42:00-04:00	14.8700	15.0828	3852
2026-07-31T10:45:00-04:00	14.8750	15.0825	492
2026-07-31T10:46:00-04:00	14.9100	15.0812	2259
2026-07-31T10:47:00-04:00	14.8950	15.0810	414
2026-07-31T10:48:00-04:00	14.8950	15.0809	163
2026-07-31T10:49:00-04:00	14.9000	15.0807	363
2026-07-31T10:50:00-04:00	14.9200	15.0804	582
2026-07-31T10:51:00-04:00	14.8800	15.0791	2374
2026-07-31T10:52:00-04:00	14.9000	15.0788	455
2026-07-31T10:53:00-04:00	14.8400	15.0778	1441
2026-07-31T10:54:00-04:00	14.8433	15.0763	2101
2026-07-31T10:55:00-04:00	14.8500	15.0753	1634
2026-07-31T10:56:00-04:00	14.8750	15.0733	3381
2026-07-31T10:57:00-04:00	14.8750	15.0730	541
2026-07-31T10:58:00-04:00	14.8750	15.0721	1345
2026-07-31T10:59:00-04:00	14.8800	15.0712	1649
2026-07-31T11:00:00-04:00	14.8850	15.0708	862
2026-07-31T11:01:00-04:00	14.9500	15.0690	4241
2026-07-31T11:02:00-04:00	14.9000	15.0688	331
2026-07-31T11:03:00-04:00	14.9000	15.0681	1472
2026-07-31T11:04:00-04:00	14.9350	15.0676	1402
2026-07-31T11:05:00-04:00	15.0250	15.0670	4610
2026-07-31T11:06:00-04:00	15.0200	15.0669	607
2026-07-31T11:07:00-04:00	15.0200	15.0669	126
2026-07-31T11:08:00-04:00	15.0100	15.0665	2327
2026-07-31T11:09:00-04:00	15.0100	15.0657	4238
2026-07-31T11:10:00-04:00	15.0200	15.0653	3107
2026-07-31T11:11:00-04:00	14.9250	15.0643	3280
2026-07-31T11:12:00-04:00	14.8800	15.0618	5604
2026-07-31T11:13:00-04:00	14.8600	15.0607	1950
2026-07-31T11:15:00-04:00	14.9150	15.0599	2046
2026-07-31T11:16:00-04:00	14.9599	15.0593	1535
2026-07-31T11:17:00-04:00	14.9150	15.0587	1684
2026-07-31T11:18:00-04:00	14.8700	15.0579	1494
2026-07-31T11:19:00-04:00	14.8750	15.0577	375
2026-07-31T11:20:00-04:00	14.8500	15.0575	468
2026-07-31T11:21:00-04:00	14.8450	15.0562	2539
2026-07-31T11:22:00-04:00	14.8400	15.0546	2637
2026-07-31T11:23:00-04:00	14.8200	15.0537	1655
2026-07-31T11:25:00-04:00	14.7700	15.0512	3616
2026-07-31T11:26:00-04:00	14.7400	15.0484	3793
2026-07-31T11:27:00-04:00	14.7600	15.0465	2527
2026-07-31T11:28:00-04:00	14.7550	15.0463	332
2026-07-31T11:29:00-04:00	14.7800	15.0450	1942
2026-07-31T11:30:00-04:00	14.7800	15.0441	1265
2026-07-31T11:31:00-04:00	14.7350	15.0423	2510
2026-07-31T11:32:00-04:00	14.7200	15.0417	853
2026-07-31T11:33:00-04:00	14.7350	15.0412	602
2026-07-31T11:34:00-04:00	14.7500	15.0394	2504
2026-07-31T11:35:00-04:00	14.7800	15.0385	1355
2026-07-31T11:36:00-04:00	14.7850	15.0379	1046
2026-07-31T11:37:00-04:00	14.7750	15.0372	1052
2026-07-31T11:38:00-04:00	14.7950	15.0364	1525
2026-07-31T11:40:00-04:00	14.7900	15.0358	916
2026-07-31T11:41:00-04:00	14.7300	15.0337	2974
2026-07-31T11:42:00-04:00	14.7300	15.0328	1150
2026-07-31T11:43:00-04:00	14.7300	15.0325	441
2026-07-31T11:44:00-04:00	14.7800	15.0312	2171
2026-07-31T11:45:00-04:00	14.7800	15.0303	1377
2026-07-31T11:47:00-04:00	14.7400	15.0290	1945
2026-07-31T11:48:00-04:00	14.7400	15.0281	1402
2026-07-31T11:49:00-04:00	14.7463	15.0270	1601
2026-07-31T11:50:00-04:00	14.7700	15.0263	1047
2026-07-31T11:51:00-04:00	14.7550	15.0259	757
2026-07-31T11:52:00-04:00	14.7900	15.0252	1184
2026-07-31T11:53:00-04:00	14.7518	15.0244	1339
2026-07-31T11:54:00-04:00	14.8000	15.0240	772
2026-07-31T11:55:00-04:00	14.8400	15.0233	1748
2026-07-31T11:56:00-04:00	14.8500	15.0230	763
2026-07-31T11:57:00-04:00	14.8750	15.0216	3700
2026-07-31T11:58:00-04:00	14.8750	15.0211	1490
2026-07-31T11:59:00-04:00	14.9700	15.0176	19530
2026-07-31T12:00:00-04:00	15.0200	15.0173	7996
2026-07-31T12:01:00-04:00	15.1000	15.0199	20396
2026-07-31T12:02:00-04:00	14.9850	15.0199	6409
2026-07-31T12:03:00-04:00	15.0100	15.0198	5052
2026-07-31T12:04:00-04:00	15.0400	15.0198	2092
2026-07-31T12:05:00-04:00	14.9900	15.0197	3462
2026-07-31T12:06:00-04:00	14.9000	15.0194	1647
2026-07-31T12:07:00-04:00	14.8750	15.0190	1521
2026-07-31T12:08:00-04:00	14.8300	15.0186	1109
2026-07-31T12:09:00-04:00	14.8700	15.0183	900
2026-07-31T12:10:00-04:00	14.9500	15.0174	4534
2026-07-31T12:11:00-04:00	14.9200	15.0173	585
2026-07-31T12:12:00-04:00	14.9499	15.0171	1276
2026-07-31T12:13:00-04:00	14.8900	15.0168	1261
2026-07-31T12:14:00-04:00	14.9050	15.0166	916
2026-07-31T12:15:00-04:00	14.8950	15.0164	1177
2026-07-31T12:16:00-04:00	14.8700	15.0158	2087
2026-07-31T12:17:00-04:00	14.8900	15.0157	316
2026-07-31T12:18:00-04:00	14.8900	15.0151	2539
2026-07-31T12:19:00-04:00	14.8900	15.0150	287
2026-07-31T12:20:00-04:00	14.8850	15.0147	1177
2026-07-31T12:21:00-04:00	14.9000	15.0147	231
2026-07-31T12:22:00-04:00	14.8900	15.0139	3609
2026-07-31T12:23:00-04:00	14.8950	15.0139	210
2026-07-31T12:24:00-04:00	14.9150	15.0135	1855
2026-07-31T12:25:00-04:00	14.8700	15.0131	1896
2026-07-31T12:26:00-04:00	14.8500	15.0129	536
2026-07-31T12:27:00-04:00	14.8800	15.0118	4165
2026-07-31T12:28:00-04:00	14.8700	15.0115	1346
2026-07-31T12:30:00-04:00	14.9350	15.0106	5519
2026-07-31T12:31:00-04:00	14.9350	15.0104	1091
2026-07-31T12:32:00-04:00	14.9400	15.0101	1939
2026-07-31T12:33:00-04:00	14.9350	15.0101	469
2026-07-31T12:34:00-04:00	14.9000	15.0099	1054
2026-07-31T12:35:00-04:00	14.8900	15.0097	1026
2026-07-31T12:36:00-04:00	14.8800	15.0096	213
2026-07-31T12:37:00-04:00	14.9000	15.0094	1379
2026-07-31T12:38:00-04:00	14.8800	15.0091	861
2026-07-31T12:39:00-04:00	14.8800	15.0086	2482
2026-07-31T12:41:00-04:00	14.9000	15.0077	4996
2026-07-31T12:42:00-04:00	14.9000	15.0076	691
2026-07-31T12:43:00-04:00	14.9000	15.0074	1047
2026-07-31T12:44:00-04:00	14.9100	15.0071	1824
2026-07-31T12:45:00-04:00	15.0600	15.0071	4789
2026-07-31T12:46:00-04:00	15.0500	15.0071	307
2026-07-31T12:47:00-04:00	15.0500	15.0071	436
2026-07-31T12:48:00-04:00	15.0800	15.0072	393
2026-07-31T12:49:00-04:00	15.0450	15.0074	3050
2026-07-31T12:50:00-04:00	15.0500	15.0075	1448
2026-07-31T12:51:00-04:00	15.0600	15.0080	4712
2026-07-31T12:52:00-04:00	15.1000	15.0082	1696
2026-07-31T12:53:00-04:00	15.1050	15.0083	242
2026-07-31T12:54:00-04:00	15.0700	15.0086	2776
2026-07-31T12:55:00-04:00	15.1000	15.0088	1236
2026-07-31T12:56:00-04:00	15.1050	15.0089	589
2026-07-31T12:57:00-04:00	15.1050	15.0090	737
2026-07-31T12:58:00-04:00	15.1000	15.0093	2070
2026-07-31T12:59:00-04:00	15.0700	15.0097	3360
2026-07-31T13:00:00-04:00	15.0800	15.0100	3433
2026-07-31T13:01:00-04:00	15.0900	15.0102	905
2026-07-31T13:02:00-04:00	15.0700	15.0102	238
2026-07-31T13:03:00-04:00	15.0700	15.0102	568
2026-07-31T13:04:00-04:00	15.0650	15.0103	790
2026-07-31T13:05:00-04:00	15.1000	15.0108	3900
2026-07-31T13:06:00-04:00	15.1100	15.0110	1119
2026-07-31T13:07:00-04:00	15.1500	15.0113	1090
2026-07-31T13:08:00-04:00	15.1100	15.0113	380
2026-07-31T13:09:00-04:00	15.0100	15.0116	4865
2026-07-31T13:10:00-04:00	15.0100	15.0116	1024
2026-07-31T13:11:00-04:00	15.0000	15.0116	2302
2026-07-31T13:14:00-04:00	15.0050	15.0116	1446
2026-07-31T13:15:00-04:00	15.0450	15.0116	2855
2026-07-31T13:16:00-04:00	15.0400	15.0117	512
2026-07-31T13:17:00-04:00	15.0300	15.0118	2690
2026-07-31T13:18:00-04:00	15.0200	15.0118	2058
2026-07-31T13:19:00-04:00	15.0200	15.0119	2083
2026-07-31T13:20:00-04:00	15.0300	15.0119	1204
2026-07-31T13:21:00-04:00	15.0300	15.0119	2145
2026-07-31T13:22:00-04:00	14.9650	15.0117	4497
2026-07-31T13:23:00-04:00	14.9900	15.0116	3123
2026-07-31T13:24:00-04:00	15.0100	15.0116	1449
2026-07-31T13:26:00-04:00	15.0500	15.0117	1899
2026-07-31T13:27:00-04:00	15.0800	15.0121	6276
2026-07-31T13:28:00-04:00	15.0550	15.0122	1392
2026-07-31T13:29:00-04:00	15.0550	15.0122	365
2026-07-31T13:30:00-04:00	15.0300	15.0123	1126
2026-07-31T13:31:00-04:00	15.0200	15.0124	3518
2026-07-31T13:32:00-04:00	15.0400	15.0124	909
2026-07-31T13:33:00-04:00	15.0700	15.0126	2258
2026-07-31T13:34:00-04:00	15.0600	15.0127	985
2026-07-31T13:35:00-04:00	15.0800	15.0128	553
2026-07-31T13:36:00-04:00	15.0800	15.0128	840
2026-07-31T13:37:00-04:00	15.0600	15.0131	4181
2026-07-31T13:38:00-04:00	15.0500	15.0132	1183
2026-07-31T13:39:00-04:00	15.0450	15.0134	5324
2026-07-31T13:41:00-04:00	15.0700	15.0135	2414
2026-07-31T13:42:00-04:00	15.0500	15.0137	2347
2026-07-31T13:43:00-04:00	15.0450	15.0137	302
2026-07-31T13:44:00-04:00	15.0550	15.0137	528
2026-07-31T13:45:00-04:00	15.0650	15.0139	1732
2026-07-31T13:46:00-04:00	15.0850	15.0142	2966
2026-07-31T13:47:00-04:00	15.0900	15.0142	780
2026-07-31T13:48:00-04:00	15.0550	15.0145	3467
2026-07-31T13:49:00-04:00	15.0400	15.0146	958
2026-07-31T13:50:00-04:00	15.0200	15.0146	728
2026-07-31T13:51:00-04:00	15.0600	15.0147	2142
2026-07-31T13:52:00-04:00	15.0500	15.0147	263
2026-07-31T13:53:00-04:00	15.0500	15.0147	343
2026-07-31T13:54:00-04:00	15.0800	15.0149	1726
2026-07-31T13:55:00-04:00	15.0800	15.0149	334
2026-07-31T13:56:00-04:00	15.0800	15.0150	544
2026-07-31T13:57:00-04:00	15.0500	15.0151	2289
2026-07-31T13:58:00-04:00	15.0400	15.0152	2064
2026-07-31T13:59:00-04:00	15.0300	15.0153	1262
2026-07-31T14:00:00-04:00	15.0200	15.0153	1071
2026-07-31T14:01:00-04:00	15.0200	15.0153	902
2026-07-31T14:02:00-04:00	15.0100	15.0153	1326
2026-07-31T14:03:00-04:00	15.0150	15.0153	1383
2026-07-31T14:04:00-04:00	14.9900	15.0153	795
2026-07-31T14:05:00-04:00	14.9900	15.0152	799
2026-07-31T14:06:00-04:00	15.0050	15.0152	3251
2026-07-31T14:07:00-04:00	15.0100	15.0152	817
2026-07-31T14:08:00-04:00	15.0100	15.0152	489
2026-07-31T14:09:00-04:00	15.0100	15.0151	2515
2026-07-31T14:10:00-04:00	14.9800	15.0151	1763
2026-07-31T14:11:00-04:00	14.9750	15.0149	3699
2026-07-31T14:12:00-04:00	14.9850	15.0148	959
2026-07-31T14:13:00-04:00	14.9700	15.0148	946
2026-07-31T14:14:00-04:00	14.9600	15.0147	348
2026-07-31T14:15:00-04:00	14.9600	15.0147	1148
2026-07-31T14:16:00-04:00	14.9650	15.0146	803
2026-07-31T14:17:00-04:00	14.9800	15.0145	1365
2026-07-31T14:18:00-04:00	15.0000	15.0145	1459
2026-07-31T14:19:00-04:00	14.9900	15.0144	3820
2026-07-31T14:20:00-04:00	14.9900	15.0144	419
2026-07-31T14:21:00-04:00	14.9900	15.0144	309
2026-07-31T14:22:00-04:00	14.9800	15.0143	1665
2026-07-31T14:23:00-04:00	14.9700	15.0142	1126
2026-07-31T14:24:00-04:00	14.9900	15.0142	673
2026-07-31T14:25:00-04:00	14.9700	15.0141	1554
2026-07-31T14:26:00-04:00	15.0000	15.0140	2890
2026-07-31T14:27:00-04:00	15.0000	15.0140	341
2026-07-31T14:28:00-04:00	15.0000	15.0140	2752
2026-07-31T14:29:00-04:00	15.0200	15.0140	2759
2026-07-31T14:31:00-04:00	15.0200	15.0140	129
2026-07-31T14:32:00-04:00	15.0200	15.0140	589
2026-07-31T14:33:00-04:00	15.0100	15.0140	1717
2026-07-31T14:34:00-04:00	15.0100	15.0140	179
2026-07-31T14:35:00-04:00	14.9900	15.0140	2540
2026-07-31T14:36:00-04:00	15.0000	15.0139	1740
2026-07-31T14:37:00-04:00	15.0000	15.0139	519
2026-07-31T14:38:00-04:00	15.0100	15.0139	2587
2026-07-31T14:39:00-04:00	15.0100	15.0139	337
2026-07-31T14:40:00-04:00	14.9800	15.0137	4452
2026-07-31T14:41:00-04:00	15.0000	15.0137	1831
2026-07-31T14:42:00-04:00	14.9900	15.0137	807
2026-07-31T14:44:00-04:00	14.9750	15.0136	1504
2026-07-31T14:45:00-04:00	15.0000	15.0135	2771
2026-07-31T14:46:00-04:00	14.9800	15.0135	2191
2026-07-31T14:47:00-04:00	14.9700	15.0134	1077
2026-07-31T14:48:00-04:00	14.9700	15.0133	1210
2026-07-31T14:49:00-04:00	14.9800	15.0133	1024
2026-07-31T14:50:00-04:00	15.0000	15.0132	1622
2026-07-31T14:51:00-04:00	15.0600	15.0138	14924
2026-07-31T14:52:00-04:00	15.1350	15.0200	42836
2026-07-31T14:53:00-04:00	14.9900	15.0222	58617
2026-07-31T14:54:00-04:00	14.9500	15.0215	8467
2026-07-31T14:55:00-04:00	14.8500	15.0206	6086
2026-07-31T14:56:00-04:00	14.9000	15.0201	3774
2026-07-31T14:57:00-04:00	14.8800	15.0197	2454
2026-07-31T14:58:00-04:00	14.9062	15.0193	2259
2026-07-31T14:59:00-04:00	14.9000	15.0188	3913
2026-07-31T15:00:00-04:00	14.9250	15.0183	4725
2026-07-31T15:01:00-04:00	14.9100	15.0179	3820
2026-07-31T15:02:00-04:00	14.8900	15.0173	4588
2026-07-31T15:03:00-04:00	14.8800	15.0170	1911
2026-07-31T15:04:00-04:00	14.8800	15.0167	2009
2026-07-31T15:05:00-04:00	14.9100	15.0159	6914
2026-07-31T15:06:00-04:00	14.8700	15.0154	3491
2026-07-31T15:07:00-04:00	14.8200	15.0147	3521
2026-07-31T15:08:00-04:00	14.8200	15.0142	2400
2026-07-31T15:09:00-04:00	14.8500	15.0140	1586
2026-07-31T15:10:00-04:00	14.8200	15.0082	29634
2026-07-31T15:11:00-04:00	14.8400	15.0081	984
2026-07-31T15:12:00-04:00	14.8700	15.0071	5903
2026-07-31T15:13:00-04:00	14.8700	15.0066	3655
2026-07-31T15:15:00-04:00	14.8600	15.0062	2786
2026-07-31T15:16:00-04:00	14.8036	15.0053	5316
2026-07-31T15:17:00-04:00	14.8100	15.0048	2246
2026-07-31T15:18:00-04:00	14.8250	15.0039	5286
2026-07-31T15:19:00-04:00	14.8250	15.0038	379
2026-07-31T15:20:00-04:00	14.8800	15.0023	10939
2026-07-31T15:21:00-04:00	14.9100	15.0021	1366
2026-07-31T15:22:00-04:00	14.9050	15.0020	1537
2026-07-31T15:23:00-04:00	14.8700	15.0018	1790
2026-07-31T15:24:00-04:00	14.8800	15.0015	2350
2026-07-31T15:25:00-04:00	14.8800	15.0009	4964
2026-07-31T15:26:00-04:00	14.8350	15.0003	4374
2026-07-31T15:27:00-04:00	14.8350	14.9993	6552
2026-07-31T15:28:00-04:00	14.8600	14.9990	2171
2026-07-31T15:29:00-04:00	14.8300	14.9985	3008
2026-07-31T15:30:00-04:00	14.8000	14.9976	5158
2026-07-31T15:31:00-04:00	14.7150	14.9967	3475
2026-07-31T15:32:00-04:00	14.7350	14.9950	6730
2026-07-31T15:33:00-04:00	14.7200	14.9946	1585
2026-07-31T15:34:00-04:00	14.7200	14.9918	10639
2026-07-31T15:35:00-04:00	14.7450	14.9912	2562
2026-07-31T15:36:00-04:00	14.7400	14.9903	3964
2026-07-31T15:37:00-04:00	14.7700	14.9894	4237
2026-07-31T15:38:00-04:00	14.7700	14.9890	1982
2026-07-31T15:39:00-04:00	14.7550	14.9887	1675
2026-07-31T15:40:00-04:00	14.7700	14.9874	6271
2026-07-31T15:41:00-04:00	14.7799	14.9866	4037
2026-07-31T15:42:00-04:00	14.7000	14.9856	4227
2026-07-31T15:43:00-04:00	14.7700	14.9847	4391
2026-07-31T15:44:00-04:00	14.7550	14.9840	3135
2026-07-31T15:45:00-04:00	14.7650	14.9830	5008
2026-07-31T15:46:00-04:00	14.7650	14.9827	1899
2026-07-31T15:47:00-04:00	14.7500	14.9818	4288
2026-07-31T15:48:00-04:00	14.7250	14.9800	8137
2026-07-31T15:49:00-04:00	14.7700	14.9791	4305
2026-07-31T15:50:00-04:00	14.8050	14.9781	7392
2026-07-31T15:51:00-04:00	14.8200	14.9779	1502
2026-07-31T15:52:00-04:00	14.8400	14.9772	6022
2026-07-31T15:53:00-04:00	14.8600	14.9766	5802
2026-07-31T15:54:00-04:00	14.8400	14.9751	14365
2026-07-31T15:55:00-04:00	14.8300	14.9747	3124
2026-07-31T15:56:00-04:00	14.7920	14.9734	9453
2026-07-31T15:57:00-04:00	14.7350	14.9710	12681
2026-07-31T15:58:00-04:00	14.7700	14.9665	24761
2026-07-31T15:59:00-04:00	14.7500	14.9601	35979
2026-08-03T09:30:00-04:00	14.5700	14.5567	23108
2026-08-03T09:31:00-04:00	14.5700	14.5573	1119
2026-08-03T09:32:00-04:00	14.5700	14.5564	2985
2026-08-03T09:33:00-04:00	14.6000	14.5600	2424
2026-08-03T09:34:00-04:00	14.7328	14.5671	1192
2026-08-03T09:35:00-04:00	14.7500	14.5726	917
2026-08-03T09:36:00-04:00	15.0000	14.6205	4572
2026-08-03T09:37:00-04:00	14.9600	14.6479	3250
2026-08-03T09:38:00-04:00	14.8000	14.6548	1372
2026-08-03T09:39:00-04:00	14.7500	14.6563	576
2026-08-03T09:40:00-04:00	14.6750	14.6567	1919
2026-08-03T09:41:00-04:00	14.7800	14.6606	2591
2026-08-03T09:42:00-04:00	14.7000	14.6610	642
2026-08-03T09:43:00-04:00	14.5800	14.6596	1003
2026-08-03T09:44:00-04:00	14.6300	14.6577	1602
2026-08-03T09:45:00-04:00	14.6450	14.6569	1218
2026-08-03T09:46:00-04:00	14.5500	14.6550	1220
2026-08-03T09:47:00-04:00	14.5500	14.6535	748
2026-08-03T09:48:00-04:00	14.4850	14.6467	2077
2026-08-03T09:49:00-04:00	14.5500	14.6381	3526
2026-08-03T09:50:00-04:00	14.6100	14.6368	1660
2026-08-03T09:51:00-04:00	14.7000	14.6374	929
2026-08-03T09:52:00-04:00	14.7500	14.6405	1880
2026-08-03T09:53:00-04:00	14.7600	14.6441	1946
2026-08-03T09:54:00-04:00	14.7664	14.6484	2139
2026-08-03T09:55:00-04:00	14.8900	14.6553	2205
2026-08-03T09:56:00-04:00	14.9200	14.6689	4051
2026-08-03T09:57:00-04:00	14.9000	14.6831	4796
2026-08-03T09:58:00-04:00	14.9199	14.6987	6201
2026-08-03T09:59:00-04:00	14.8900	14.7009	1000
2026-08-03T10:00:00-04:00	14.8800	14.7068	2866
2026-08-03T10:01:00-04:00	14.8400	14.7088	1268
2026-08-03T10:02:00-04:00	14.8600	14.7094	351
2026-08-03T10:03:00-04:00	14.8000	14.7109	1252
2026-08-03T10:04:00-04:00	14.8000	14.7119	1109
2026-08-03T10:05:00-04:00	14.8599	14.7157	2897
2026-08-03T10:06:00-04:00	14.8700	14.7179	1521
2026-08-03T10:07:00-04:00	14.8300	14.7202	1742
2026-08-03T10:08:00-04:00	14.7850	14.7219	2232
2026-08-03T10:09:00-04:00	14.8400	14.7242	2221
2026-08-03T10:10:00-04:00	14.8700	14.7245	213
2026-08-03T10:11:00-04:00	14.9000	14.7324	5045
2026-08-03T10:13:00-04:00	14.9350	14.7341	934
2026-08-03T10:14:00-04:00	14.9100	14.7364	1370
2026-08-03T10:15:00-04:00	14.8750	14.7409	3765
2026-08-03T10:16:00-04:00	14.9400	14.7491	5140
2026-08-03T10:17:00-04:00	15.0000	14.7523	1574
2026-08-03T10:18:00-04:00	14.9950	14.7589	3512
2026-08-03T10:19:00-04:00	14.9500	14.7624	2138
2026-08-03T10:20:00-04:00	14.9450	14.7636	880
2026-08-03T10:21:00-04:00	14.9150	14.7653	1384
2026-08-03T10:22:00-04:00	14.9200	14.7666	1079
2026-08-03T10:23:00-04:00	15.0000	14.7832	10544
2026-08-03T10:24:00-04:00	15.0200	14.7860	1760
2026-08-03T10:25:00-04:00	15.0500	14.7972	6453
2026-08-03T10:26:00-04:00	15.0300	14.7990	1179
2026-08-03T10:27:00-04:00	15.0270	14.8013	1442
2026-08-03T10:28:00-04:00	15.0000	14.8040	1968
2026-08-03T10:29:00-04:00	15.0350	14.8097	3640
2026-08-03T10:30:00-04:00	15.0000	14.8124	2091
2026-08-03T10:31:00-04:00	15.0300	14.8191	5055
2026-08-03T10:32:00-04:00	15.0450	14.8193	125
2026-08-03T10:33:00-04:00	14.9800	14.8240	4500
2026-08-03T10:34:00-04:00	14.9800	14.8273	3503
2026-08-03T10:35:00-04:00	15.0000	14.8290	1824
2026-08-03T10:36:00-04:00	15.0000	14.8320	3364
2026-08-03T10:37:00-04:00	15.0200	14.8325	497
2026-08-03T10:38:00-04:00	14.9150	14.8348	3498
2026-08-03T10:39:00-04:00	14.9500	14.8358	1746
2026-08-03T10:40:00-04:00	14.9500	14.8364	1008
2026-08-03T10:41:00-04:00	14.9700	14.8377	1716
2026-08-03T10:42:00-04:00	14.9750	14.8395	2480
2026-08-03T10:43:00-04:00	14.9800	14.8403	1055
2026-08-03T10:44:00-04:00	14.9800	14.8437	4862
2026-08-03T10:45:00-04:00	14.9160	14.8456	4052
2026-08-03T10:46:00-04:00	14.9500	14.8464	1854
2026-08-03T10:47:00-04:00	14.9850	14.8494	4538
2026-08-03T10:48:00-04:00	15.0050	14.8520	3484
2026-08-03T10:49:00-04:00	14.9900	14.8530	1460
2026-08-03T10:50:00-04:00	14.9800	14.8538	1279
2026-08-03T10:51:00-04:00	14.9500	14.8546	1611
2026-08-03T10:52:00-04:00	14.9000	14.8550	1727
2026-08-03T10:53:00-04:00	14.9550	14.8593	10657
2026-08-03T10:54:00-04:00	15.0100	14.8627	5071
2026-08-03T10:55:00-04:00	15.0000	14.8629	402
2026-08-03T10:56:00-04:00	14.9700	14.8645	3171
2026-08-03T10:57:00-04:00	14.9800	14.8648	742
2026-08-03T10:58:00-04:00	14.9400	14.8653	1268
2026-08-03T10:59:00-04:00	14.9200	14.8658	1866
2026-08-03T11:00:00-04:00	14.9900	14.8676	4080
2026-08-03T11:01:00-04:00	14.9900	14.8683	1348
2026-08-03T11:02:00-04:00	14.9700	14.8690	1547
2026-08-03T11:03:00-04:00	14.9500	14.8692	809
2026-08-03T11:04:00-04:00	14.9500	14.8699	1944
2026-08-03T11:05:00-04:00	14.9500	14.8710	3180
2026-08-03T11:06:00-04:00	14.9700	14.8714	1013
2026-08-03T11:07:00-04:00	14.9800	14.8731	4575
2026-08-03T11:08:00-04:00	14.9450	14.8742	3691
2026-08-03T11:09:00-04:00	14.9400	14.8748	2330
2026-08-03T11:10:00-04:00	14.9500	14.8755	2638
2026-08-03T11:11:00-04:00	14.9650	14.8763	2574
2026-08-03T11:12:00-04:00	14.9600	14.8774	3732
2026-08-03T11:13:00-04:00	14.9600	14.8776	613
2026-08-03T11:14:00-04:00	15.0000	14.8798	5445
2026-08-03T11:15:00-04:00	14.9850	14.8806	1933
2026-08-03T11:16:00-04:00	15.0100	14.8823	4022
2026-08-03T11:17:00-04:00	15.0150	14.8827	971
2026-08-03T11:19:00-04:00	15.0200	14.8837	1992
2026-08-03T11:20:00-04:00	15.0600	14.8864	5025
2026-08-03T11:21:00-04:00	15.0800	14.8905	6568
2026-08-03T11:22:00-04:00	15.0600	14.8919	2389
2026-08-03T11:23:00-04:00	15.0100	14.8928	2275
2026-08-03T11:24:00-04:00	14.9800	14.8930	560
2026-08-03T11:25:00-04:00	14.9700	14.8936	2342
2026-08-03T11:26:00-04:00	14.9600	14.8939	1162
2026-08-03T11:27:00-04:00	14.9800	14.8941	738
2026-08-03T11:28:00-04:00	14.9300	14.8946	2742
2026-08-03T11:29:00-04:00	14.9450	14.8950	2347
2026-08-03T11:30:00-04:00	14.9800	14.8956	2400
2026-08-03T11:31:00-04:00	14.9900	14.8959	1104
2026-08-03T11:32:00-04:00	14.9800	14.8961	811
2026-08-03T11:35:00-04:00	14.9600	14.8967	3077
2026-08-03T11:36:00-04:00	14.9650	14.8971	2018
2026-08-03T11:37:00-04:00	14.9700	14.8976	2395
2026-08-03T11:38:00-04:00	14.9500	14.8980	1879
2026-08-03T11:39:00-04:00	14.9600	14.8984	1969
2026-08-03T11:40:00-04:00	14.9650	14.8986	1099
2026-08-03T11:41:00-04:00	14.9500	14.8990	1925
2026-08-03T11:42:00-04:00	14.9600	14.8999	4804
2026-08-03T11:43:00-04:00	15.0000	14.9009	3982
2026-08-03T11:45:00-04:00	15.0000	14.9010	322
2026-08-03T11:46:00-04:00	15.0000	14.9018	2479
2026-08-03T11:47:00-04:00	15.0100	14.9020	680
2026-08-03T11:48:00-04:00	15.0101	14.9027	2227
2026-08-03T11:49:00-04:00	15.0200	14.9028	401
2026-08-03T11:50:00-04:00	15.0300	14.9034	1517
2026-08-03T11:51:00-04:00	15.0600	14.9050	3811
2026-08-03T11:52:00-04:00	15.1300	14.9077	4760
2026-08-03T11:53:00-04:00	15.1550	14.9103	3802
2026-08-03T11:54:00-04:00	15.1150	14.9133	5047
2026-08-03T11:55:00-04:00	15.1200	14.9144	2005
2026-08-03T11:56:00-04:00	15.0800	14.9150	1217
2026-08-03T11:57:00-04:00	15.0400	14.9155	1315
2026-08-03T11:58:00-04:00	15.0400	14.9159	1304
2026-08-03T11:59:00-04:00	15.0000	14.9164	1825
2026-08-03T12:00:00-04:00	15.0600	14.9173	2706
2026-08-03T12:01:00-04:00	15.0100	14.9177	1642
2026-08-03T12:02:00-04:00	14.9815	14.9185	4115
2026-08-03T12:03:00-04:00	14.9700	14.9188	2458
2026-08-03T12:04:00-04:00	14.9800	14.9191	1555
2026-08-03T12:05:00-04:00	14.9700	14.9193	1187
2026-08-03T12:06:00-04:00	14.9800	14.9196	1977
2026-08-03T12:07:00-04:00	14.9500	14.9199	4228
2026-08-03T12:08:00-04:00	14.9600	14.9200	900
2026-08-03T12:09:00-04:00	14.9500	14.9204	4583
2026-08-03T12:10:00-04:00	15.0000	14.9214	6470
2026-08-03T12:11:00-04:00	14.9900	14.9216	904
2026-08-03T12:12:00-04:00	14.9550	14.9217	1885
2026-08-03T12:13:00-04:00	14.9500	14.9218	596
2026-08-03T12:14:00-04:00	15.0000	14.9241	15701
2026-08-03T12:15:00-04:00	14.9700	14.9246	3944
2026-08-03T12:16:00-04:00	14.9901	14.9247	529
2026-08-03T12:17:00-04:00	15.0000	14.9249	1203
2026-08-03T12:18:00-04:00	15.0100	14.9251	1350
2026-08-03T12:19:00-04:00	15.0000	14.9255	2015
2026-08-03T12:20:00-04:00	15.0000	14.9257	901
2026-08-03T12:21:00-04:00	15.0200	14.9266	4564
2026-08-03T12:22:00-04:00	15.0150	14.9266	332
2026-08-03T12:23:00-04:00	15.0300	14.9267	334
2026-08-03T12:24:00-04:00	15.0100	14.9268	548
2026-08-03T12:25:00-04:00	15.0000	14.9271	1574
2026-08-03T12:26:00-04:00	15.0000	14.9271	329
2026-08-03T12:27:00-04:00	14.9950	14.9279	4127
2026-08-03T12:28:00-04:00	15.0150	14.9283	2832
2026-08-03T12:29:00-04:00	15.0150	14.9285	829
2026-08-03T12:30:00-04:00	15.0500	14.9299	5705
2026-08-03T12:31:00-04:00	15.0500	14.9309	3371
2026-08-03T12:32:00-04:00	15.0100	14.9312	1540
2026-08-03T12:33:00-04:00	14.9500	14.9313	1123
2026-08-03T12:34:00-04:00	14.8700	14.9296	22629
2026-08-03T12:35:00-04:00	14.8500	14.9295	604
2026-08-03T12:36:00-04:00	14.8200	14.9291	2135
2026-08-03T12:37:00-04:00	14.7900	14.9283	3268
2026-08-03T12:38:00-04:00	14.7300	14.9258	6991
2026-08-03T12:39:00-04:00	14.6100	14.9189	13140
2026-08-03T12:40:00-04:00	14.6000	14.9171	2812
2026-08-03T12:41:00-04:00	14.5500	14.9138	4905
2026-08-03T12:42:00-04:00	14.5800	14.9120	2833
2026-08-03T12:43:00-04:00	14.5200	14.9108	1647
2026-08-03T12:44:00-04:00	14.5600	14.9092	2435
2026-08-03T12:45:00-04:00	14.6500	14.9066	4645
2026-08-03T12:46:00-04:00	14.6500	14.9058	1788
2026-08-03T12:47:00-04:00	14.6450	14.9050	1593
2026-08-03T12:48:00-04:00	14.6100	14.9045	1047
2026-08-03T12:49:00-04:00	14.6400	14.9041	784
2026-08-03T12:50:00-04:00	14.6000	14.9009	5549
2026-08-03T12:51:00-04:00	14.5950	14.9000	1618
2026-08-03T12:52:00-04:00	14.6950	14.8960	8869
2026-08-03T12:53:00-04:00	14.6900	14.8953	1960
2026-08-03T12:54:00-04:00	14.6850	14.8945	1956
2026-08-03T12:55:00-04:00	14.6600	14.8942	780
2026-08-03T12:56:00-04:00	14.6750	14.8939	720
2026-08-03T12:57:00-04:00	14.6750	14.8934	1407
2026-08-03T12:58:00-04:00	14.6900	14.8922	3080
2026-08-03T12:59:00-04:00	14.6700	14.8913	2308
2026-08-03T13:00:00-04:00	14.7000	14.8883	8400
2026-08-03T13:01:00-04:00	14.6950	14.8882	283
2026-08-03T13:02:00-04:00	14.6800	14.8877	1543
2026-08-03T13:03:00-04:00	14.6400	14.8869	1868
2026-08-03T13:04:00-04:00	14.6300	14.8866	572
2026-08-03T13:05:00-04:00	14.6750	14.8859	1707
2026-08-03T13:06:00-04:00	14.6800	14.8858	256
2026-08-03T13:07:00-04:00	14.6750	14.8835	6619
2026-08-03T13:08:00-04:00	14.6800	14.8828	1916
2026-08-03T13:09:00-04:00	14.6900	14.8821	2189
2026-08-03T13:10:00-04:00	14.6900	14.8804	5369
2026-08-03T13:11:00-04:00	14.6900	14.8802	636
2026-08-03T13:12:00-04:00	14.6700	14.8789	3950
2026-08-03T13:13:00-04:00	14.6000	14.8778	2469
2026-08-03T13:14:00-04:00	14.5750	14.8756	4316
2026-08-03T13:15:00-04:00	14.5950	14.8748	1912
2026-08-03T13:16:00-04:00	14.6200	14.8722	6001
2026-08-03T13:17:00-04:00	14.6100	14.8720	562
2026-08-03T13:18:00-04:00	14.6200	14.8707	2926
2026-08-03T13:19:00-04:00	14.6450	14.8706	300
2026-08-03T13:20:00-04:00	14.6400	14.8703	882
2026-08-03T13:21:00-04:00	14.6400	14.8702	220
2026-08-03T13:22:00-04:00	14.6400	14.8693	2289
2026-08-03T13:23:00-04:00	14.6300	14.8689	1061
2026-08-03T13:24:00-04:00	14.6300	14.8689	100
2026-08-03T13:25:00-04:00	14.6200	14.8674	4055
2026-08-03T13:26:00-04:00	14.6050	14.8667	1670
2026-08-03T13:27:00-04:00	14.5900	14.8654	3010
2026-08-03T13:28:00-04:00	14.5900	14.8637	3896
2026-08-03T13:29:00-04:00	14.5900	14.8635	541
2026-08-03T13:30:00-04:00	14.5900	14.8632	655
2026-08-03T13:31:00-04:00	14.5900	14.8628	804
2026-08-03T13:33:00-04:00	14.6000	14.8615	3145
2026-08-03T13:34:00-04:00	14.5950	14.8611	1037
2026-08-03T13:35:00-04:00	14.5950	14.8607	1004
2026-08-03T13:36:00-04:00	14.6100	14.8600	1608
2026-08-03T13:37:00-04:00	14.6100	14.8600	110
2026-08-03T13:38:00-04:00	14.5800	14.8589	2509
2026-08-03T13:39:00-04:00	14.5950	14.8586	784
2026-08-03T13:40:00-04:00	14.5800	14.8582	991
2026-08-03T13:41:00-04:00	14.5350	14.8549	6653
2026-08-03T13:42:00-04:00	14.4700	14.8527	3873
2026-08-03T13:43:00-04:00	14.4600	14.8500	4571
2026-08-03T13:44:00-04:00	14.4250	14.8491	1495
2026-08-03T13:45:00-04:00	14.5200	14.8426	11942
2026-08-03T13:46:00-04:00	14.5600	14.8413	3180
2026-08-03T13:47:00-04:00	14.5300	14.8409	951
2026-08-03T13:48:00-04:00	14.5200	14.8394	3086
2026-08-03T13:49:00-04:00	14.4800	14.8390	793
2026-08-03T13:50:00-04:00	14.5000	14.8385	915
2026-08-03T13:51:00-04:00	14.4800	14.8378	1470
2026-08-03T13:52:00-04:00	14.5000	14.8370	1538
2026-08-03T13:53:00-04:00	14.4500	14.8362	1550
2026-08-03T13:54:00-04:00	14.3900	14.8353	1310
2026-08-03T13:55:00-04:00	14.4000	14.8341	1819
2026-08-03T13:56:00-04:00	14.3700	14.8276	9793
2026-08-03T13:57:00-04:00	14.3900	14.8221	8719
2026-08-03T13:58:00-04:00	14.3900	14.8219	362
2026-08-03T13:59:00-04:00	14.3900	14.8203	2605
2026-08-03T14:00:00-04:00	14.4350	14.8166	6804
2026-08-03T14:01:00-04:00	14.4250	14.8154	2184
2026-08-03T14:02:00-04:00	14.4200	14.8149	841
2026-08-03T14:03:00-04:00	14.4400	14.8143	1205
2026-08-03T14:04:00-04:00	14.3900	14.8122	3510
2026-08-03T14:05:00-04:00	14.4200	14.8097	4512
2026-08-03T14:06:00-04:00	14.4400	14.8075	4311
2026-08-03T14:07:00-04:00	14.4400	14.8071	719
2026-08-03T14:08:00-04:00	14.4350	14.8067	759
2026-08-03T14:09:00-04:00	14.4450	14.8058	1811
2026-08-03T14:10:00-04:00	14.4800	14.8036	4931
2026-08-03T14:11:00-04:00	14.4750	14.8033	656
2026-08-03T14:12:00-04:00	14.4450	14.8018	3294
2026-08-03T14:13:00-04:00	14.4475	14.7999	3919
2026-08-03T14:14:00-04:00	14.4300	14.7995	763
2026-08-03T14:15:00-04:00	14.4300	14.7989	1254
2026-08-03T14:16:00-04:00	14.4210	14.7974	3074
2026-08-03T14:17:00-04:00	14.4000	14.7941	6606
2026-08-03T14:18:00-04:00	14.4000	14.7927	2773
2026-08-03T14:19:00-04:00	14.3950	14.7920	1308
2026-08-03T14:20:00-04:00	14.3950	14.7916	823
2026-08-03T14:21:00-04:00	14.3800	14.7911	783
2026-08-03T14:22:00-04:00	14.3900	14.7902	1862
2026-08-03T14:23:00-04:00	14.3900	14.7897	966
2026-08-03T14:24:00-04:00	14.3700	14.7887	1765
2026-08-03T14:25:00-04:00	14.3500	14.7863	4411
2026-08-03T14:26:00-04:00	14.3750	14.7748	22274
2026-08-03T14:27:00-04:00	14.3150	14.7670	14458
2026-08-03T14:28:00-04:00	14.3000	14.7662	1362
2026-08-03T14:29:00-04:00	14.2550	14.7446	37338
2026-08-03T14:30:00-04:00	14.2950	14.7417	5368
2026-08-03T14:31:00-04:00	14.3400	14.7402	3148
2026-08-03T14:32:00-04:00	14.3300	14.7386	3563
2026-08-03T14:33:00-04:00	14.3300	14.7339	10076
2026-08-03T14:34:00-04:00	14.3300	14.7320	3998
2026-08-03T14:35:00-04:00	14.3200	14.7306	3073
2026-08-03T14:36:00-04:00	14.3200	14.7298	1780
2026-08-03T14:37:00-04:00	14.3110	14.7284	2943
2026-08-03T14:38:00-04:00	14.2800	14.7245	7836
2026-08-03T14:39:00-04:00	14.2800	14.7218	5402
2026-08-03T14:40:00-04:00	14.2850	14.7210	1711
2026-08-03T14:41:00-04:00	14.2900	14.7187	4772
2026-08-03T14:42:00-04:00	14.3000	14.7183	923
2026-08-03T14:43:00-04:00	14.2800	14.7170	2700
2026-08-03T14:44:00-04:00	14.3750	14.7048	31415
2026-08-03T14:45:00-04:00	14.3900	14.7033	4745
2026-08-03T14:46:00-04:00	14.3350	14.7016	4572
2026-08-03T14:47:00-04:00	14.3350	14.6998	4847
2026-08-03T14:48:00-04:00	14.3400	14.6981	4395
2026-08-03T14:49:00-04:00	14.3550	14.6966	4284
2026-08-03T14:50:00-04:00	14.3450	14.6954	3281
2026-08-03T14:51:00-04:00	14.3200	14.6945	2316
2026-08-03T14:52:00-04:00	14.3000	14.6939	1652
2026-08-03T14:53:00-04:00	14.3250	14.6921	4541
2026-08-03T14:54:00-04:00	14.2900	14.6910	2841
2026-08-03T14:55:00-04:00	14.2100	14.6872	8066
2026-08-03T14:56:00-04:00	14.2150	14.6847	5194
2026-08-03T14:57:00-04:00	14.2300	14.6824	4986
2026-08-03T14:58:00-04:00	14.2310	14.6807	3701
2026-08-03T14:59:00-04:00	14.2200	14.6793	3217
2026-08-03T15:00:00-04:00	14.3150	14.6738	14241
2026-08-03T15:01:00-04:00	14.3400	14.6720	5524
2026-08-03T15:02:00-04:00	14.2150	14.6598	30213
2026-08-03T15:03:00-04:00	14.2250	14.6526	18345
2026-08-03T15:04:00-04:00	14.1700	14.6511	3570
2026-08-03T15:05:00-04:00	14.2000	14.6434	17793
2026-08-03T15:06:00-04:00	14.1750	14.6419	3401
2026-08-03T15:07:00-04:00	14.1100	14.6406	2705
2026-08-03T15:08:00-04:00	14.1000	14.6381	5140
2026-08-03T15:09:00-04:00	14.0900	14.6298	17223
2026-08-03T15:10:00-04:00	14.0550	14.6094	41815
2026-08-03T15:11:00-04:00	14.0450	14.6079	3162
2026-08-03T15:12:00-04:00	14.0500	14.5988	19223
2026-08-03T15:13:00-04:00	14.0300	14.5762	49097
2026-08-03T15:14:00-04:00	13.9500	14.5711	10647
2026-08-03T15:15:00-04:00	13.9700	14.5663	9862
2026-08-03T15:16:00-04:00	13.9700	14.5639	5053
2026-08-03T15:17:00-04:00	13.9000	14.5531	21655
2026-08-03T15:18:00-04:00	13.9100	14.5399	26772
2026-08-03T15:19:00-04:00	13.9150	14.5351	10260
2026-08-03T15:20:00-04:00	13.9000	14.5347	805
2026-08-03T15:21:00-04:00	13.9100	14.5271	16162
2026-08-03T15:22:00-04:00	13.9400	14.5155	26276
2026-08-03T15:23:00-04:00	13.9600	14.5074	19942
2026-08-03T15:24:00-04:00	13.9800	14.5033	10743
2026-08-03T15:25:00-04:00	13.9700	14.5020	3385
2026-08-03T15:26:00-04:00	13.9750	14.5009	3042
2026-08-03T15:27:00-04:00	14.0000	14.4985	6591
2026-08-03T15:28:00-04:00	13.9200	14.4945	10150
2026-08-03T15:29:00-04:00	13.9150	14.4885	15072
2026-08-03T15:30:00-04:00	14.1100	14.4811	25042
2026-08-03T15:31:00-04:00	14.1100	14.4799	4429
2026-08-03T15:32:00-04:00	14.0200	14.4767	11173
2026-08-03T15:33:00-04:00	14.1400	14.4745	8629
2026-08-03T15:34:00-04:00	14.1500	14.4710	15850
2026-08-03T15:35:00-04:00	14.1700	14.4704	3368
2026-08-03T15:36:00-04:00	14.1300	14.4682	9876
2026-08-03T15:37:00-04:00	14.1300	14.4676	2845
2026-08-03T15:38:00-04:00	14.1600	14.4657	9633
2026-08-03T15:39:00-04:00	14.1550	14.4629	13082
2026-08-03T15:40:00-04:00	14.1100	14.4600	13016
2026-08-03T15:41:00-04:00	14.1350	14.4594	3053
2026-08-03T15:42:00-04:00	14.1000	14.4571	10058
2026-08-03T15:43:00-04:00	14.1500	14.4559	5927
2026-08-03T15:44:00-04:00	14.1100	14.4554	2349
2026-08-03T15:45:00-04:00	14.1150	14.4535	9023
2026-08-03T15:46:00-04:00	14.1650	14.4508	14110
2026-08-03T15:47:00-04:00	14.1600	14.4486	12874
2026-08-03T15:48:00-04:00	14.1600	14.4474	6549
2026-08-03T15:49:00-04:00	14.1300	14.4461	6329
2026-08-03T15:50:00-04:00	14.1300	14.4432	16268
2026-08-03T15:51:00-04:00	14.1500	14.4407	14566
2026-08-03T15:52:00-04:00	14.1500	14.4397	5630
2026-08-03T15:53:00-04:00	14.1600	14.4386	6552
2026-08-03T15:54:00-04:00	14.1600	14.4376	5373
2026-08-03T15:55:00-04:00	14.1800	14.4369	4877
2026-08-03T15:56:00-04:00	14.1900	14.4361	5405
2026-08-03T15:57:00-04:00	14.2200	14.4348	9760
2026-08-03T15:58:00-04:00	14.2550	14.4312	36144
2026-08-03T15:59:00-04:00	14.2500	14.4261	44013
2026-08-04T09:30:00-04:00	14.9900	14.9600	13874
2026-08-04T09:32:00-04:00	14.8200	14.9833	47885
2026-08-04T09:33:00-04:00	15.0000	14.9783	16911
2026-08-04T09:34:00-04:00	15.0700	14.9803	2711
2026-08-04T09:35:00-04:00	14.9700	14.9820	4092
2026-08-04T09:36:00-04:00	14.9800	14.9829	3631
2026-08-04T09:37:00-04:00	14.9900	14.9845	6672
2026-08-04T09:38:00-04:00	14.9200	14.9830	4904
2026-08-04T09:39:00-04:00	14.8800	14.9817	1238
2026-08-04T09:40:00-04:00	14.9052	14.9769	10608
2026-08-04T09:41:00-04:00	14.8800	14.9751	2648
2026-08-04T09:42:00-04:00	14.9487	14.9738	3861
2026-08-04T09:43:00-04:00	14.8900	14.9733	845
2026-08-04T09:44:00-04:00	14.8300	14.9695	3812
2026-08-04T09:45:00-04:00	14.7400	14.9605	5798
2026-08-04T09:46:00-04:00	14.6900	14.9555	2596
2026-08-04T09:47:00-04:00	14.7250	14.9474	4724
2026-08-04T09:48:00-04:00	14.6300	14.9443	1528
2026-08-04T09:49:00-04:00	14.6100	14.9302	6697
2026-08-04T09:50:00-04:00	14.6600	14.9255	2510
2026-08-04T09:51:00-04:00	14.7500	14.9157	8116
2026-08-04T09:52:00-04:00	14.6700	14.9054	7842
2026-08-04T09:53:00-04:00	14.6500	14.9044	679
2026-08-04T09:54:00-04:00	14.6500	14.8973	5386
2026-08-04T09:55:00-04:00	14.7000	14.8851	10223
2026-08-04T09:56:00-04:00	14.6600	14.8848	259
2026-08-04T09:57:00-04:00	14.6450	14.8751	7891
2026-08-04T09:58:00-04:00	14.6200	14.8740	896
2026-08-04T09:59:00-04:00	14.7600	14.8724	2128
2026-08-04T10:00:00-04:00	14.6900	14.8717	777
2026-08-04T10:01:00-04:00	14.6500	14.8694	2259
2026-08-04T10:02:00-04:00	14.6500	14.8678	1481
2026-08-04T10:03:00-04:00	14.7400	14.8621	7703
2026-08-04T10:04:00-04:00	14.7700	14.8614	1555
2026-08-04T10:05:00-04:00	14.8850	14.8611	4340
2026-08-04T10:06:00-04:00	14.8550	14.8610	2660
2026-08-04T10:07:00-04:00	14.8550	14.8609	1612
2026-08-04T10:08:00-04:00	14.7800	14.8601	2684
2026-08-04T10:09:00-04:00	14.7650	14.8596	877
2026-08-04T10:10:00-04:00	14.7500	14.8587	2120
2026-08-04T10:11:00-04:00	14.7300	14.8493	22121
2026-08-04T10:12:00-04:00	14.8500	14.8492	1074
2026-08-04T10:13:00-04:00	14.8000	14.8488	2856
2026-08-04T10:14:00-04:00	14.8650	14.8488	2865
2026-08-04T10:15:00-04:00	14.8500	14.8488	1074
2026-08-04T10:16:00-04:00	14.8550	14.8491	4797
2026-08-04T10:17:00-04:00	14.7900	14.8486	3925
2026-08-04T10:18:00-04:00	14.7600	14.8477	3212
2026-08-04T10:19:00-04:00	14.8500	14.8471	5978
2026-08-04T10:20:00-04:00	14.8300	14.8471	2281
2026-08-04T10:21:00-04:00	14.8300	14.8471	469
2026-08-04T10:22:00-04:00	14.8300	14.8470	1288
2026-08-04T10:23:00-04:00	14.8450	14.8468	2868
2026-08-04T10:24:00-04:00	14.9050	14.8471	2461
2026-08-04T10:25:00-04:00	14.9100	14.8475	1973
2026-08-04T10:26:00-04:00	14.9450	14.8480	1393
2026-08-04T10:27:00-04:00	14.9550	14.8501	5428
2026-08-04T10:28:00-04:00	14.9500	14.8502	341
2026-08-04T10:29:00-04:00	14.9900	14.8577	16203
2026-08-04T10:30:00-04:00	15.0300	14.8633	11881
2026-08-04T10:31:00-04:00	14.9300	14.8665	10566
2026-08-04T10:32:00-04:00	14.9000	14.8667	1543
2026-08-04T10:33:00-04:00	14.9000	14.8677	6605
2026-08-04T10:34:00-04:00	14.9050	14.8677	510
2026-08-04T10:35:00-04:00	14.8850	14.8678	1586
2026-08-04T10:36:00-04:00	14.8600	14.8679	3763
2026-08-04T10:37:00-04:00	14.9500	14.8701	14643
2026-08-04T10:38:00-04:00	14.9600	14.8706	1980
2026-08-04T10:39:00-04:00	15.0700	14.8870	39518
2026-08-04T10:40:00-04:00	15.0500	14.8925	12816
2026-08-04T10:41:00-04:00	14.9700	14.8946	8026
2026-08-04T10:42:00-04:00	14.9800	14.8961	7022
2026-08-04T10:43:00-04:00	14.9700	14.8963	1075
2026-08-04T10:45:00-04:00	14.9999	14.8968	2194
2026-08-04T10:46:00-04:00	14.9750	14.8973	2891
2026-08-04T10:47:00-04:00	14.9600	14.8977	3175
2026-08-04T10:48:00-04:00	14.9100	14.8982	5735
2026-08-04T10:49:00-04:00	14.8800	14.8981	2508
2026-08-04T10:50:00-04:00	14.9400	14.8985	4243
2026-08-04T10:51:00-04:00	14.9100	14.8987	3803
2026-08-04T10:53:00-04:00	14.8500	14.8985	3304
2026-08-04T10:54:00-04:00	14.8100	14.8981	1732
2026-08-04T10:55:00-04:00	14.7800	14.8978	1178
2026-08-04T10:56:00-04:00	14.7950	14.8977	628
2026-08-04T10:57:00-04:00	14.7900	14.8974	1298
2026-08-04T10:58:00-04:00	14.7193	14.8964	2838
2026-08-04T10:59:00-04:00	14.7352	14.8945	5181
2026-08-04T11:00:00-04:00	14.7600	14.8914	9343
2026-08-04T11:01:00-04:00	14.9000	14.8897	21482
2026-08-04T11:02:00-04:00	15.0250	14.8947	32331
2026-08-04T11:03:00-04:00	15.1875	14.9099	38770
2026-08-04T11:04:00-04:00	15.1850	14.9255	32423
2026-08-04T11:05:00-04:00	15.2350	14.9368	26276
2026-08-04T11:06:00-04:00	15.0600	14.9771	148167
2026-08-04T11:07:00-04:00	15.0299	14.9846	73733
2026-08-04T11:08:00-04:00	15.1100	14.9946	88608
2026-08-04T11:09:00-04:00	15.0469	14.9971	56425
2026-08-04T11:10:00-04:00	15.1650	15.0059	67253
2026-08-04T11:11:00-04:00	15.0950	15.0088	36760
2026-08-04T11:12:00-04:00	15.1450	15.0117	28841
2026-08-04T11:13:00-04:00	15.2050	15.0172	37408
2026-08-04T11:14:00-04:00	15.2800	15.0306	62551
2026-08-04T11:15:00-04:00	15.4250	15.0396	32073
2026-08-04T11:16:00-04:00	15.3100	15.0536	54648
2026-08-04T11:17:00-04:00	15.4200	15.0620	33946
2026-08-04T11:18:00-04:00	15.4959	15.0745	43616
2026-08-04T11:19:00-04:00	15.5600	15.0859	34500
2026-08-04T11:20:00-04:00	15.4650	15.1016	56888
2026-08-04T11:21:00-04:00	15.4450	15.1095	33435
2026-08-04T11:22:00-04:00	15.4050	15.1127	16119
2026-08-04T11:23:00-04:00	15.5100	15.1182	24719
2026-08-04T11:24:00-04:00	15.4250	15.1263	39959
2026-08-04T11:25:00-04:00	15.4700	15.1299	16983
2026-08-04T11:26:00-04:00	15.4381	15.1342	22453
2026-08-04T11:27:00-04:00	15.4700	15.1386	22688
2026-08-04T11:28:00-04:00	15.5200	15.1480	44072
2026-08-04T11:29:00-04:00	15.6900	15.1618	48890
2026-08-04T11:30:00-04:00	15.8000	15.1766	43380
2026-08-04T11:31:00-04:00	15.8300	15.1864	27347
2026-08-04T11:32:00-04:00	15.7000	15.1932	22288
2026-08-04T11:33:00-04:00	15.6600	15.1976	17737
2026-08-04T11:34:00-04:00	15.6450	15.1997	8818
2026-08-04T11:35:00-04:00	15.5850	15.2027	14393
2026-08-04T11:36:00-04:00	15.5850	15.2065	19530
2026-08-04T11:37:00-04:00	15.5850	15.2080	7523
2026-08-04T11:38:00-04:00	15.6200	15.2105	12230
2026-08-04T11:39:00-04:00	15.6400	15.2150	20610
2026-08-04T11:40:00-04:00	15.6100	15.2165	7364
2026-08-04T11:41:00-04:00	15.6000	15.2171	2946
2026-08-04T11:42:00-04:00	15.6700	15.2221	22688
2026-08-04T11:43:00-04:00	15.6600	15.2231	4433
2026-08-04T11:44:00-04:00	15.6200	15.2250	8981
2026-08-04T11:45:00-04:00	15.6100	15.2271	10098
2026-08-04T11:46:00-04:00	15.6500	15.2278	3879
2026-08-04T11:47:00-04:00	15.6650	15.2302	10912
2026-08-04T11:48:00-04:00	15.6000	15.2395	49348
2026-08-04T11:49:00-04:00	15.7050	15.2410	6887
2026-08-04T11:50:00-04:00	15.6811	15.2435	11736
2026-08-04T11:51:00-04:00	15.5700	15.2497	35803
2026-08-04T11:52:00-04:00	15.6300	15.2528	17742
2026-08-04T11:53:00-04:00	15.6250	15.2549	12205
2026-08-04T11:54:00-04:00	15.6600	15.2569	10929
2026-08-04T11:55:00-04:00	15.7168	15.2597	13255
2026-08-04T11:56:00-04:00	15.7400	15.2620	10815
2026-08-04T11:57:00-04:00	15.7600	15.2744	53718
2026-08-04T11:58:00-04:00	15.9550	15.2828	31097
2026-08-04T11:59:00-04:00	15.8900	15.2854	9447
2026-08-04T12:00:00-04:00	15.9700	15.2982	45099
2026-08-04T12:01:00-04:00	15.9250	15.3000	6779
2026-08-04T12:02:00-04:00	15.9350	15.3030	11193
2026-08-04T12:03:00-04:00	15.9200	15.3040	3495
2026-08-04T12:04:00-04:00	15.8700	15.3064	9692
2026-08-04T12:05:00-04:00	15.8600	15.3078	5901
2026-08-04T12:06:00-04:00	15.7200	15.3152	38846
2026-08-04T12:07:00-04:00	15.7100	15.3167	9410
2026-08-04T12:08:00-04:00	15.6750	15.3196	20065
2026-08-04T12:09:00-04:00	15.7200	15.3219	14557
2026-08-04T12:10:00-04:00	15.7500	15.3245	15351
2026-08-04T12:11:00-04:00	15.8100	15.3271	12982
2026-08-04T12:12:00-04:00	15.7900	15.3277	3619
2026-08-04T12:13:00-04:00	15.8100	15.3288	5656
2026-08-04T12:14:00-04:00	15.6600	15.3325	24175
2026-08-04T12:15:00-04:00	15.7000	15.3339	10297
2026-08-04T12:16:00-04:00	15.7050	15.3350	7635
2026-08-04T12:17:00-04:00	15.7050	15.3364	9282
2026-08-04T12:18:00-04:00	15.7355	15.3377	8730
2026-08-04T12:19:00-04:00	15.7200	15.3387	6401
2026-08-04T12:20:00-04:00	15.7600	15.3395	5113
2026-08-04T12:21:00-04:00	15.7700	15.3401	3444
2026-08-04T12:22:00-04:00	15.7500	15.3413	6661
2026-08-04T12:23:00-04:00	15.7750	15.3416	1904
2026-08-04T12:24:00-04:00	15.7450	15.3424	4847
2026-08-04T12:25:00-04:00	15.7562	15.3431	5025
2026-08-04T12:26:00-04:00	15.7200	15.3440	5867
2026-08-04T12:27:00-04:00	15.7400	15.3447	4735
2026-08-04T12:28:00-04:00	15.7350	15.3455	4791
2026-08-04T12:29:00-04:00	15.7700	15.3499	28075
2026-08-04T12:30:00-04:00	15.8300	15.3514	8489
2026-08-04T12:31:00-04:00	15.8400	15.3523	4983
2026-08-04T12:32:00-04:00	15.8100	15.3535	6881
2026-08-04T12:33:00-04:00	15.8399	15.3545	5332
2026-08-04T12:34:00-04:00	15.8364	15.3549	2418
2026-08-04T12:35:00-04:00	15.8200	15.3566	10033
2026-08-04T12:36:00-04:00	15.8300	15.3583	9805
2026-08-04T12:37:00-04:00	15.8123	15.3589	3421
2026-08-04T12:38:00-04:00	15.7600	15.3596	4378
2026-08-04T12:39:00-04:00	15.8200	15.3611	9120
2026-08-04T12:40:00-04:00	15.7050	15.3637	18123
2026-08-04T12:41:00-04:00	15.7400	15.3660	17624
2026-08-04T12:42:00-04:00	15.7400	15.3663	2134
2026-08-04T12:43:00-04:00	15.7400	15.3671	5812
2026-08-04T12:44:00-04:00	15.7277	15.3677	4069
2026-08-04T12:45:00-04:00	15.7450	15.3685	6155
2026-08-04T12:46:00-04:00	15.7500	15.3688	2101
2026-08-04T12:47:00-04:00	15.7450	15.3691	2018
2026-08-04T12:48:00-04:00	15.7400	15.3709	13164
2026-08-04T12:49:00-04:00	15.7201	15.3719	7740
2026-08-04T12:50:00-04:00	15.7385	15.3723	3194
2026-08-04T12:51:00-04:00	15.7300	15.3740	13837
2026-08-04T12:52:00-04:00	15.7400	15.3745	3549
2026-08-04T12:53:00-04:00	15.7400	15.3746	1051
2026-08-04T12:54:00-04:00	15.7400	15.3756	7604
2026-08-04T12:55:00-04:00	15.7100	15.3762	4773
2026-08-04T12:56:00-04:00	15.7350	15.3773	8565
2026-08-04T12:57:00-04:00	15.7500	15.3776	2516
2026-08-04T12:58:00-04:00	15.7450	15.3784	6323
2026-08-04T12:59:00-04:00	15.7549	15.3794	7510
2026-08-04T13:00:00-04:00	15.8100	15.3811	11474
2026-08-04T13:01:00-04:00	15.7800	15.3818	4541
2026-08-04T13:02:00-04:00	15.8100	15.3828	6717
2026-08-04T13:03:00-04:00	15.8300	15.3851	14672
2026-08-04T13:04:00-04:00	15.8200	15.3854	2514
2026-08-04T13:05:00-04:00	15.7900	15.3861	4527
2026-08-04T13:06:00-04:00	15.7700	15.3871	7675
2026-08-04T13:07:00-04:00	15.8150	15.3889	12335
2026-08-04T13:08:00-04:00	15.7950	15.3895	4050
2026-08-04T13:09:00-04:00	15.7500	15.3909	11044
2026-08-04T13:10:00-04:00	15.7750	15.3913	3240
2026-08-04T13:11:00-04:00	15.7750	15.3915	1572
2026-08-04T13:12:00-04:00	15.7750	15.3918	2507
2026-08-04T13:13:00-04:00	15.7750	15.3921	2407
2026-08-04T13:14:00-04:00	15.7850	15.3933	8200
2026-08-04T13:15:00-04:00	15.7700	15.3935	2070
2026-08-04T13:16:00-04:00	15.8300	15.3962	18826
2026-08-04T13:17:00-04:00	15.7800	15.3971	6759
2026-08-04T13:18:00-04:00	15.8150	15.3989	12764
2026-08-04T13:19:00-04:00	15.7600	15.3992	2104
2026-08-04T13:20:00-04:00	15.7200	15.3995	2878
2026-08-04T13:21:00-04:00	15.7600	15.4003	6840
2026-08-04T13:22:00-04:00	15.7600	15.4007	2917
2026-08-04T13:23:00-04:00	15.7883	15.4013	4746
2026-08-04T13:24:00-04:00	15.8000	15.4015	1521
2026-08-04T13:25:00-04:00	15.7950	15.4023	5782
2026-08-04T13:26:00-04:00	15.7300	15.4027	4059
2026-08-04T13:27:00-04:00	15.7250	15.4029	1264
2026-08-04T13:28:00-04:00	15.7500	15.4038	8409
2026-08-04T13:29:00-04:00	15.7400	15.4040	2431
2026-08-04T13:30:00-04:00	15.7100	15.4043	2417
2026-08-04T13:31:00-04:00	15.6550	15.4058	16915
2026-08-04T13:32:00-04:00	15.7236	15.4075	17644
2026-08-04T13:33:00-04:00	15.7100	15.4078	3132
2026-08-04T13:34:00-04:00	15.7000	15.4082	3849
2026-08-04T13:35:00-04:00	15.7000	15.4089	7141
2026-08-04T13:36:00-04:00	15.7400	15.4100	10504
2026-08-04T13:37:00-04:00	15.7300	15.4105	5215
2026-08-04T13:38:00-04:00	15.7200	15.4113	8303
2026-08-04T13:39:00-04:00	15.7100	15.4119	5439
2026-08-04T13:40:00-04:00	15.7100	15.4124	5352
2026-08-04T13:41:00-04:00	15.6900	15.4131	7189
2026-08-04T13:42:00-04:00	15.6800	15.4138	8907
2026-08-04T13:43:00-04:00	15.6850	15.4150	13109
2026-08-04T13:44:00-04:00	15.6750	15.4292	175335
2026-08-04T13:45:00-04:00	15.6750	15.4294	2834
2026-08-04T13:46:00-04:00	15.6627	15.4296	2776
2026-08-04T13:47:00-04:00	15.6350	15.4301	7331
2026-08-04T13:48:00-04:00	15.6550	15.4306	8118
2026-08-04T13:49:00-04:00	15.6550	15.4307	1279
2026-08-04T13:50:00-04:00	15.5502	15.4310	7225
2026-08-04T13:51:00-04:00	15.5400	15.4311	2747
2026-08-04T13:52:00-04:00	15.6100	15.4317	12422
2026-08-04T13:53:00-04:00	15.6176	15.4324	13240
2026-08-04T13:55:00-04:00	15.6025	15.4326	4609
2026-08-04T13:56:00-04:00	15.5600	15.4328	3753
2026-08-04T13:57:00-04:00	15.6050	15.4330	4129
2026-08-04T13:58:00-04:00	15.6100	15.4330	1040
2026-08-04T13:59:00-04:00	15.6100	15.4332	3002
2026-08-04T14:00:00-04:00	15.6300	15.4338	10280
2026-08-04T14:01:00-04:00	15.6250	15.4341	6716
2026-08-04T14:02:00-04:00	15.6400	15.4350	14010
2026-08-04T14:03:00-04:00	15.6150	15.4354	6789
2026-08-04T14:04:00-04:00	15.5550	15.4355	2029
2026-08-04T14:05:00-04:00	15.5300	15.4357	6133
2026-08-04T14:06:00-04:00	15.5100	15.4359	13974
2026-08-04T14:07:00-04:00	15.5600	15.4363	12048
2026-08-04T14:08:00-04:00	15.5650	15.4364	2524
2026-08-04T14:09:00-04:00	15.5900	15.4366	5730
2026-08-04T14:10:00-04:00	15.6140	15.4369	4843
2026-08-04T14:11:00-04:00	15.6000	15.4370	2091
2026-08-04T14:12:00-04:00	15.6400	15.4374	6852
2026-08-04T14:13:00-04:00	15.7150	15.4377	4968
2026-08-04T14:14:00-04:00	15.7250	15.4378	1231
2026-08-04T14:15:00-04:00	15.7455	15.4379	1160
2026-08-04T14:16:00-04:00	15.7250	15.4381	2482
2026-08-04T14:17:00-04:00	15.7300	15.4387	6121
2026-08-04T14:18:00-04:00	15.6400	15.4390	5671
2026-08-04T14:19:00-04:00	15.6600	15.4393	3989
2026-08-04T14:20:00-04:00	15.6800	15.4396	4589
2026-08-04T14:21:00-04:00	15.6500	15.4401	8250
2026-08-04T14:22:00-04:00	15.6000	15.4403	3812
2026-08-04T14:23:00-04:00	15.5849	15.4405	4134
2026-08-04T14:24:00-04:00	15.5600	15.4405	1355
2026-08-04T14:25:00-04:00	15.5800	15.4409	10347
2026-08-04T14:26:00-04:00	15.5800	15.4409	266
2026-08-04T14:27:00-04:00	15.5500	15.4411	5481
2026-08-04T14:28:00-04:00	15.5500	15.4412	1792
2026-08-04T14:29:00-04:00	15.5500	15.4413	3645
2026-08-04T14:30:00-04:00	15.6250	15.4418	11996
2026-08-04T14:31:00-04:00	15.6200	15.4420	3809
2026-08-04T14:32:00-04:00	15.6250	15.4423	4647
2026-08-04T14:33:00-04:00	15.5700	15.4424	4521
2026-08-04T14:34:00-04:00	15.5000	15.4425	4944
2026-08-04T14:35:00-04:00	15.4700	15.4426	4070
2026-08-04T14:36:00-04:00	15.4800	15.4427	10634
2026-08-04T14:37:00-04:00	15.4650	15.4427	2355
2026-08-04T14:38:00-04:00	15.4399	15.4427	11023
2026-08-04T14:39:00-04:00	15.4100	15.4427	4887
2026-08-04T14:40:00-04:00	15.3600	15.4426	4601
2026-08-04T14:41:00-04:00	15.4200	15.4426	6584
2026-08-04T14:42:00-04:00	15.4950	15.4429	31617
2026-08-04T14:43:00-04:00	15.4652	15.4429	8703
2026-08-04T14:44:00-04:00	15.5050	15.4430	5741
2026-08-04T14:45:00-04:00	15.5200	15.4432	8436
2026-08-04T14:46:00-04:00	15.5200	15.4433	3464
2026-08-04T14:47:00-04:00	15.5650	15.4435	7746
2026-08-04T14:48:00-04:00	15.5450	15.4435	1633
2026-08-04T14:49:00-04:00	15.5665	15.4439	10194
2026-08-04T14:50:00-04:00	15.5600	15.4439	1520
2026-08-04T14:51:00-04:00	15.5600	15.4440	1645
2026-08-04T14:52:00-04:00	15.5300	15.4441	5035
2026-08-04T14:53:00-04:00	15.5200	15.4442	2542
2026-08-04T14:54:00-04:00	15.5200	15.4443	5851
2026-08-04T14:55:00-04:00	15.5800	15.4444	5933
2026-08-04T14:56:00-04:00	15.5741	15.4445	2460
2026-08-04T14:57:00-04:00	15.5600	15.4447	3907
2026-08-04T14:58:00-04:00	15.5679	15.4449	8595
2026-08-04T14:59:00-04:00	15.5550	15.4450	3573
2026-08-04T15:00:00-04:00	15.5950	15.4454	10643
2026-08-04T15:01:00-04:00	15.5776	15.4455	2929
2026-08-04T15:02:00-04:00	15.5750	15.4456	2671
2026-08-04T15:03:00-04:00	15.5700	15.4458	5314
2026-08-04T15:04:00-04:00	15.5800	15.4462	10917
2026-08-04T15:05:00-04:00	15.5750	15.4462	2383
2026-08-04T15:06:00-04:00	15.5750	15.4463	1525
2026-08-04T15:07:00-04:00	15.5852	15.4464	2160
2026-08-04T15:08:00-04:00	15.4500	15.4466	14034
2026-08-04T15:09:00-04:00	15.4950	15.4467	10718
2026-08-04T15:10:00-04:00	15.4450	15.4467	10776
2026-08-04T15:11:00-04:00	15.4150	15.4466	11933
2026-08-04T15:12:00-04:00	15.3850	15.4465	5443
2026-08-04T15:13:00-04:00	15.4400	15.4464	21256
2026-08-04T15:14:00-04:00	15.4800	15.4464	5004
2026-08-04T15:15:00-04:00	15.4600	15.4464	3062
2026-08-04T15:16:00-04:00	15.4600	15.4464	2542
2026-08-04T15:17:00-04:00	15.5000	15.4465	14044
2026-08-04T15:18:00-04:00	15.5400	15.4466	2566
2026-08-04T15:19:00-04:00	15.5200	15.4467	3750
2026-08-04T15:20:00-04:00	15.5600	15.4475	28352
2026-08-04T15:21:00-04:00	15.5550	15.4476	3482
2026-08-04T15:22:00-04:00	15.5150	15.4477	5495
2026-08-04T15:23:00-04:00	15.4800	15.4478	10538
2026-08-04T15:24:00-04:00	15.5300	15.4479	2442
2026-08-04T15:25:00-04:00	15.5000	15.4479	5412
2026-08-04T15:26:00-04:00	15.5600	15.4483	14216
2026-08-04T15:28:00-04:00	15.5200	15.4483	3029
2026-08-04T15:29:00-04:00	15.5200	15.4485	9334
2026-08-04T15:30:00-04:00	15.5200	15.4487	8851
2026-08-04T15:31:00-04:00	15.5300	15.4488	11946
2026-08-04T15:32:00-04:00	15.4800	15.4489	2346
2026-08-04T15:33:00-04:00	15.5200	15.4490	7592
2026-08-04T15:34:00-04:00	15.5133	15.4490	3045
2026-08-04T15:35:00-04:00	15.4800	15.4492	10686
2026-08-04T15:36:00-04:00	15.4650	15.4492	7949
2026-08-04T15:37:00-04:00	15.5700	15.4496	16817
2026-08-04T15:38:00-04:00	15.6400	15.4497	3400
2026-08-04T15:39:00-04:00	15.6698	15.4500	4983
2026-08-04T15:40:00-04:00	15.5900	15.4504	9560
2026-08-04T15:41:00-04:00	15.6400	15.4509	13090
2026-08-04T15:42:00-04:00	15.6600	15.4514	8428
2026-08-04T15:43:00-04:00	15.6750	15.4518	7689
2026-08-04T15:44:00-04:00	15.6400	15.4522	8324
2026-08-04T15:45:00-04:00	15.6600	15.4528	13127
2026-08-04T15:46:00-04:00	15.6600	15.4531	6201
2026-08-04T15:47:00-04:00	15.6050	15.4541	23034
2026-08-04T15:48:00-04:00	15.5400	15.4546	18063
2026-08-04T15:49:00-04:00	15.4600	15.4547	16340
2026-08-04T15:50:00-04:00	15.5100	15.4548	8466
2026-08-04T15:51:00-04:00	15.3650	15.4544	45951
2026-08-04T15:52:00-04:00	15.3650	15.4540	22232
2026-08-04T15:53:00-04:00	15.3700	15.4534	29788
2026-08-04T15:54:00-04:00	15.4000	15.4532	12071
2026-08-04T15:55:00-04:00	15.3500	15.4528	20163
2026-08-04T15:56:00-04:00	15.2800	15.4514	39287
2026-08-04T15:57:00-04:00	15.3000	15.4497	45465
2026-08-04T15:58:00-04:00	15.2150	15.4473	52467
2026-08-04T15:59:00-04:00	15.3000	15.4435	102357
2026-08-05T09:30:00-04:00	15.0000	14.9733	85743
2026-08-05T09:31:00-04:00	14.9700	14.9790	17378
2026-08-05T09:32:00-04:00	14.6300	14.9513	11977
2026-08-05T09:33:00-04:00	14.1400	14.8421	24776
2026-08-05T09:34:00-04:00	13.8400	14.6408	35461
2026-08-05T09:35:00-04:00	13.9350	14.4979	41222
2026-08-05T09:36:00-04:00	13.8100	14.4530	15224
2026-08-05T09:37:00-04:00	13.8900	14.4440	3626
2026-08-05T09:38:00-04:00	13.9999	14.4273	8611
2026-08-05T09:39:00-04:00	13.9050	14.4146	6184
2026-08-05T09:40:00-04:00	13.9150	14.3638	26259
2026-08-05T09:41:00-04:00	14.0450	14.3474	12544
2026-08-05T09:42:00-04:00	14.0600	14.3420	5248
2026-08-05T09:43:00-04:00	13.8901	14.3299	9567
2026-08-05T09:44:00-04:00	14.0350	14.3223	7361
2026-08-05T09:45:00-04:00	13.8743	14.3129	6873
2026-08-05T09:46:00-04:00	13.8157	14.2819	21418
2026-08-05T09:47:00-04:00	13.9200	14.2764	5520
2026-08-05T09:48:00-04:00	13.9000	14.2720	4486
2026-08-05T09:49:00-04:00	13.9860	14.2682	4104
2026-08-05T09:50:00-04:00	13.8900	14.2605	8142
2026-08-05T09:51:00-04:00	13.8600	14.2563	3987
2026-08-05T09:52:00-04:00	13.8500	14.2361	19335
2026-08-05T09:53:00-04:00	13.8000	14.2291	6769
2026-08-05T09:54:00-04:00	13.8650	14.2234	5999
2026-08-05T09:55:00-04:00	14.0000	14.2176	9220
2026-08-05T09:56:00-04:00	13.9900	14.2135	8061
2026-08-05T09:57:00-04:00	13.9900	14.2097	7587
2026-08-05T09:58:00-04:00	13.9000	14.2067	4636
2026-08-05T09:59:00-04:00	13.8620	14.2005	8769
2026-08-05T10:00:00-04:00	13.8400	14.1951	6940
2026-08-05T10:01:00-04:00	13.7200	14.1808	14758
2026-08-05T10:02:00-04:00	13.7500	14.1671	15834
2026-08-05T10:03:00-04:00	13.7600	14.1623	5628
2026-08-05T10:04:00-04:00	13.8500	14.1563	8745
2026-08-05T10:05:00-04:00	13.9200	14.1525	7322
2026-08-05T10:06:00-04:00	13.9000	14.1511	2661
2026-08-05T10:07:00-04:00	13.8900	14.1423	17515
2026-08-05T10:08:00-04:00	13.9050	14.1373	10722
2026-08-05T10:09:00-04:00	13.9200	14.1333	9358
2026-08-05T10:10:00-04:00	13.9100	14.1260	19600
2026-08-05T10:11:00-04:00	13.9050	14.1223	9745
2026-08-05T10:12:00-04:00	13.8194	14.1204	4026
2026-08-05T10:13:00-04:00	13.8500	14.1174	6133
2026-08-05T10:14:00-04:00	13.8700	14.1146	5868
2026-08-05T10:15:00-04:00	13.8000	14.1128	3721
2026-08-05T10:16:00-04:00	13.8259	14.1084	8965
2026-08-05T10:17:00-04:00	13.7300	14.1048	6312
2026-08-05T10:18:00-04:00	13.6900	14.1019	4328
2026-08-05T10:19:00-04:00	13.7200	14.0971	7300
2026-08-05T10:20:00-04:00	13.7400	14.0962	1493
2026-08-05T10:21:00-04:00	13.8000	14.0928	6595
2026-08-05T10:22:00-04:00	13.7129	14.0905	4039
2026-08-05T10:23:00-04:00	13.6100	14.0852	7477
2026-08-05T10:24:00-04:00	13.6973	14.0810	6489
2026-08-05T10:25:00-04:00	13.6850	14.0795	2426
2026-08-05T10:26:00-04:00	13.6001	14.0708	12683
2026-08-05T10:27:00-04:00	13.6450	14.0683	3706
2026-08-05T10:28:00-04:00	13.5900	14.0646	5479
2026-08-05T10:29:00-04:00	13.6500	14.0634	1986
2026-08-05T10:30:00-04:00	13.5300	14.0542	12103
2026-08-05T10:31:00-04:00	13.5954	14.0517	3468
2026-08-05T10:32:00-04:00	13.5600	14.0485	4652
2026-08-05T10:33:00-04:00	13.6750	14.0476	1513
2026-08-05T10:34:00-04:00	13.6200	14.0459	2924
2026-08-05T10:35:00-04:00	13.6500	14.0442	2970
2026-08-05T10:36:00-04:00	13.6499	14.0434	1344
2026-08-05T10:37:00-04:00	13.6700	14.0404	5409
2026-08-05T10:38:00-04:00	13.6401	14.0317	15653
2026-08-05T10:39:00-04:00	13.6000	14.0297	3382
2026-08-05T10:40:00-04:00	13.4400	13.9706	91501
2026-08-05T10:41:00-04:00	13.4700	13.9684	3486
2026-08-05T10:42:00-04:00	13.4800	13.9667	2820
2026-08-05T10:43:00-04:00	13.4250	13.9535	19965
2026-08-05T10:44:00-04:00	13.4400	13.9506	4794
2026-08-05T10:45:00-04:00	13.3400	13.9486	2835
2026-08-05T10:46:00-04:00	13.2800	13.9363	16703
2026-08-05T10:47:00-04:00	13.2000	13.9299	7814
2026-08-05T10:48:00-04:00	13.2400	13.9256	5363
2026-08-05T10:49:00-04:00	13.3200	13.9209	6679
2026-08-05T10:50:00-04:00	13.3200	13.9203	781
2026-08-05T10:51:00-04:00	13.3400	13.9121	12670
2026-08-05T10:52:00-04:00	13.2950	13.9094	3899
2026-08-05T10:53:00-04:00	13.2800	13.9017	11282
2026-08-05T10:54:00-04:00	13.2800	13.8999	2656
2026-08-05T10:55:00-04:00	13.2600	13.8972	3936
2026-08-05T10:56:00-04:00	13.2400	13.8915	8010
2026-08-05T10:57:00-04:00	13.2800	13.8904	1688
2026-08-05T10:58:00-04:00	13.2700	13.8831	11155
2026-08-05T10:59:00-04:00	13.2900	13.8806	3931
2026-08-05T11:00:00-04:00	13.3000	13.8785	3336
2026-08-05T11:01:00-04:00	13.2950	13.8748	6031
2026-08-05T11:02:00-04:00	13.3300	13.8726	3701
2026-08-05T11:03:00-04:00	13.3165	13.8675	8712
2026-08-05T11:04:00-04:00	13.3200	13.8632	7836
2026-08-05T11:05:00-04:00	13.3899	13.8620	2240
2026-08-05T11:06:00-04:00	13.4000	13.8586	7057
2026-08-05T11:07:00-04:00	13.4476	13.8562	5517
2026-08-05T11:08:00-04:00	13.4200	13.8541	4670
2026-08-05T11:09:00-04:00	13.4200	13.8522	4430
2026-08-05T11:10:00-04:00	13.3701	13.8448	16894
2026-08-05T11:11:00-04:00	13.3700	13.8428	4379
2026-08-05T11:12:00-04:00	13.3700	13.8417	2265
2026-08-05T11:13:00-04:00	13.4100	13.8367	11665
2026-08-05T11:14:00-04:00	13.3700	13.8306	13720
2026-08-05T11:15:00-04:00	13.3400	13.8278	6298
2026-08-05T11:16:00-04:00	13.3450	13.8274	950
2026-08-05T11:17:00-04:00	13.3300	13.8191	17765
2026-08-05T11:18:00-04:00	13.2950	13.8110	16858
2026-08-05T11:19:00-04:00	13.3200	13.8093	3746
2026-08-05T11:20:00-04:00	13.3295	13.8083	2070
2026-08-05T11:21:00-04:00	13.2900	13.8059	5373
2026-08-05T11:22:00-04:00	13.2900	13.8050	1893
2026-08-05T11:23:00-04:00	13.3200	13.8031	4193
2026-08-05T11:24:00-04:00	13.3450	13.8027	972
2026-08-05T11:25:00-04:00	13.3100	13.8012	3501
2026-08-05T11:26:00-04:00	13.3000	13.8009	620
2026-08-05T11:27:00-04:00	13.3499	13.8006	801
2026-08-05T11:28:00-04:00	13.2550	13.7966	8341
2026-08-05T11:29:00-04:00	13.2500	13.7951	3136
2026-08-05T11:30:00-04:00	13.2800	13.7941	2211
2026-08-05T11:31:00-04:00	13.2900	13.7936	1122
2026-08-05T11:32:00-04:00	13.2639	13.7914	4662
2026-08-05T11:33:00-04:00	13.2350	13.7896	3862
2026-08-05T11:34:00-04:00	13.2200	13.7885	2053
2026-08-05T11:35:00-04:00	13.1750	13.7812	14038
2026-08-05T11:36:00-04:00	13.1700	13.7795	3239
2026-08-05T11:37:00-04:00	13.1950	13.7780	2952
2026-08-05T11:38:00-04:00	13.2200	13.7772	1595
2026-08-05T11:39:00-04:00	13.2400	13.7761	2315
2026-08-05T11:40:00-04:00	13.2300	13.7743	3898
2026-08-05T11:41:00-04:00	13.2001	13.7729	2990
2026-08-05T11:42:00-04:00	13.2506	13.7707	4759
2026-08-05T11:43:00-04:00	13.2800	13.7691	3759
2026-08-05T11:44:00-04:00	13.2550	13.7684	1613
2026-08-05T11:45:00-04:00	13.2600	13.7676	1924
2026-08-05T11:46:00-04:00	13.2500	13.7658	3989
2026-08-05T11:47:00-04:00	13.3100	13.7645	3364
2026-08-05T11:48:00-04:00	13.3450	13.7627	5243
2026-08-05T11:49:00-04:00	13.3200	13.7622	1305
2026-08-05T11:50:00-04:00	13.3752	13.7612	2997
2026-08-05T11:51:00-04:00	13.3600	13.7584	8442
2026-08-05T11:52:00-04:00	13.3650	13.7568	5068
2026-08-05T11:53:00-04:00	13.4100	13.7558	3460
2026-08-05T11:54:00-04:00	13.4150	13.7554	1234
2026-08-05T11:55:00-04:00	13.4100	13.7547	2446
2026-08-05T11:56:00-04:00	13.4144	13.7543	1357
2026-08-05T11:57:00-04:00	13.4150	13.7529	4837
2026-08-05T11:58:00-04:00	13.3900	13.7526	1095
2026-08-05T11:59:00-04:00	13.3200	13.7521	1545
2026-08-05T12:00:00-04:00	13.3600	13.7510	3394
2026-08-05T12:01:00-04:00	13.3500	13.7509	137
2026-08-05T12:02:00-04:00	13.3200	13.7500	2532
2026-08-05T12:03:00-04:00	13.3200	13.7496	1296
2026-08-05T12:04:00-04:00	13.3400	13.7487	2535
2026-08-05T12:05:00-04:00	13.3000	13.7481	1693
2026-08-05T12:06:00-04:00	13.3200	13.7474	2200
2026-08-05T12:07:00-04:00	13.2850	13.7466	1958
2026-08-05T12:08:00-04:00	13.1800	13.7429	8802
2026-08-05T12:09:00-04:00	13.2600	13.7409	4734
2026-08-05T12:10:00-04:00	13.3400	13.7384	7449
2026-08-05T12:11:00-04:00	13.3850	13.7377	2550
2026-08-05T12:12:00-04:00	13.3548	13.7374	921
2026-08-05T12:13:00-04:00	13.3350	13.7369	1622
2026-08-05T12:14:00-04:00	13.3700	13.7368	267
2026-08-05T12:15:00-04:00	13.4000	13.7363	1749
2026-08-05T12:16:00-04:00	13.4300	13.7357	2705
2026-08-05T12:17:00-04:00	13.4300	13.7352	1960
2026-08-05T12:18:00-04:00	13.5099	13.7347	2729
2026-08-05T12:19:00-04:00	13.4600	13.7341	3139
2026-08-05T12:20:00-04:00	13.5000	13.7336	2689
2026-08-05T12:21:00-04:00	13.4850	13.7329	3469
2026-08-05T12:22:00-04:00	13.4500	13.7326	1397
2026-08-05T12:24:00-04:00	13.4150	13.7320	2581
2026-08-05T12:25:00-04:00	13.4700	13.7309	5297
2026-08-05T12:26:00-04:00	13.4600	13.7303	2607
2026-08-05T12:28:00-04:00	13.4800	13.7299	2041
2026-08-05T12:29:00-04:00	13.4900	13.7295	2289
2026-08-05T12:30:00-04:00	13.5100	13.7291	2487
2026-08-05T12:31:00-04:00	13.5100	13.7290	181
2026-08-05T12:32:00-04:00	13.4900	13.7289	790
2026-08-05T12:33:00-04:00	13.4700	13.7284	2384
2026-08-05T12:34:00-04:00	13.4900	13.7281	1779
2026-08-05T12:35:00-04:00	13.4650	13.7277	2112
2026-08-05T12:36:00-04:00	13.4833	13.7276	348
2026-08-05T12:37:00-04:00	13.4600	13.7274	863
2026-08-05T12:38:00-04:00	13.4600	13.7273	551
2026-08-05T12:39:00-04:00	13.4700	13.7272	771
2026-08-05T12:40:00-04:00	13.4950	13.7265	3913
2026-08-05T12:41:00-04:00	13.4700	13.7262	1443
2026-08-05T12:42:00-04:00	13.4300	13.7250	5577
2026-08-05T12:43:00-04:00	13.4250	13.7249	464
2026-08-05T12:44:00-04:00	13.2300	13.7213	10933
2026-08-05T12:45:00-04:00	13.2400	13.7174	10972
2026-08-05T12:46:00-04:00	13.2700	13.7171	852
2026-08-05T12:47:00-04:00	13.1700	13.7156	3969
2026-08-05T12:48:00-04:00	13.2150	13.7125	8167
2026-08-05T12:49:00-04:00	13.2789	13.7120	1440
2026-08-05T12:50:00-04:00	13.2500	13.7112	2294
2026-08-05T12:51:00-04:00	13.2400	13.7087	7316
2026-08-05T12:52:00-04:00	13.2800	13.7083	1409
2026-08-05T12:53:00-04:00	13.2800	13.7071	3727
2026-08-05T12:54:00-04:00	13.2600	13.7066	1560
2026-08-05T12:55:00-04:00	13.2650	13.7065	269
2026-08-05T12:56:00-04:00	13.2700	13.7063	767
2026-08-05T12:57:00-04:00	13.2600	13.7000	20023
2026-08-05T12:58:00-04:00	13.2600	13.6980	6536
2026-08-05T12:59:00-04:00	13.2984	13.6966	4763
2026-08-05T13:00:00-04:00	13.2950	13.6958	3157
2026-08-05T13:02:00-04:00	13.2700	13.6946	4051
2026-08-05T13:03:00-04:00	13.2400	13.6935	3376
2026-08-05T13:04:00-04:00	13.2200	13.6931	1274
2026-08-05T13:05:00-04:00	13.2600	13.6925	1833
2026-08-05T13:06:00-04:00	13.2500	13.6923	680
2026-08-05T13:07:00-04:00	13.2550	13.6919	1229
2026-08-05T13:08:00-04:00	13.2500	13.6916	1133
2026-08-05T13:09:00-04:00	13.2500	13.6914	514
2026-08-05T13:10:00-04:00	13.2764	13.6909	1707
2026-08-05T13:11:00-04:00	13.2499	13.6897	3845
2026-08-05T13:13:00-04:00	13.2250	13.6896	478
2026-08-05T13:14:00-04:00	13.2700	13.6892	1270
2026-08-05T13:15:00-04:00	13.3000	13.6889	1191
2026-08-05T13:17:00-04:00	13.2936	13.6884	1651
2026-08-05T13:18:00-04:00	13.3074	13.6872	4673
2026-08-05T13:19:00-04:00	13.3200	13.6869	1164
2026-08-05T13:20:00-04:00	13.3264	13.6866	872
2026-08-05T13:21:00-04:00	13.3100	13.6865	553
2026-08-05T13:22:00-04:00	13.3000	13.6861	1498
2026-08-05T13:23:00-04:00	13.3300	13.6855	2224
2026-08-05T13:24:00-04:00	13.3000	13.6843	4794
2026-08-05T13:25:00-04:00	13.3158	13.6839	1459
2026-08-05T13:27:00-04:00	13.2765	13.6825	5113
2026-08-05T13:28:00-04:00	13.2500	13.6819	2012
2026-08-05T13:29:00-04:00	13.1900	13.6796	7238
2026-08-05T13:30:00-04:00	13.2200	13.6794	437
2026-08-05T13:31:00-04:00	13.2400	13.6793	493
2026-08-05T13:32:00-04:00	13.2300	13.6787	1948
2026-08-05T13:33:00-04:00	13.2200	13.6784	877
2026-08-05T13:34:00-04:00	13.2200	13.6783	354
2026-08-05T13:35:00-04:00	13.2300	13.6776	2290
2026-08-05T13:36:00-04:00	13.2600	13.6768	2675
2026-08-05T13:37:00-04:00	13.2800	13.6765	1139
2026-08-05T13:38:00-04:00	13.2750	13.6763	674
2026-08-05T13:40:00-04:00	13.2980	13.6762	585
2026-08-05T13:41:00-04:00	13.2900	13.6756	2360
2026-08-05T13:42:00-04:00	13.3199	13.6753	1092
2026-08-05T13:43:00-04:00	13.3200	13.6752	423
2026-08-05T13:44:00-04:00	13.3100	13.6751	471
2026-08-05T13:45:00-04:00	13.3100	13.6745	2454
2026-08-05T13:46:00-04:00	13.3300	13.6743	812
2026-08-05T13:47:00-04:00	13.3600	13.6739	1884
2026-08-05T13:48:00-04:00	13.3700	13.6736	1402
2026-08-05T13:49:00-04:00	13.3850	13.6735	637
2026-08-05T13:50:00-04:00	13.4000	13.6732	1732
2026-08-05T13:51:00-04:00	13.4250	13.6731	427
2026-08-05T13:52:00-04:00	13.3900	13.6727	2115
2026-08-05T13:53:00-04:00	13.3800	13.6725	1003
2026-08-05T13:54:00-04:00	13.4100	13.6722	1340
2026-08-05T13:56:00-04:00	13.4100	13.6722	382
2026-08-05T13:57:00-04:00	13.4100	13.6719	1471
2026-08-05T13:58:00-04:00	13.4150	13.6718	892
2026-08-05T13:59:00-04:00	13.3900	13.6714	1670
2026-08-05T14:01:00-04:00	13.4200	13.6702	7113
2026-08-05T14:02:00-04:00	13.4000	13.6701	569
2026-08-05T14:03:00-04:00	13.4050	13.6700	584
2026-08-05T14:04:00-04:00	13.4400	13.6698	1403
2026-08-05T14:05:00-04:00	13.4350	13.6696	1140
2026-08-05T14:06:00-04:00	13.4152	13.6690	3582
2026-08-05T14:07:00-04:00	13.4150	13.6688	1584
2026-08-05T14:08:00-04:00	13.3800	13.6670	9068
2026-08-05T14:09:00-04:00	13.3300	13.6658	5629
2026-08-05T14:10:00-04:00	13.3200	13.6649	3903
2026-08-05T14:11:00-04:00	13.2700	13.6644	2076
2026-08-05T14:12:00-04:00	13.3300	13.6637	3337
2026-08-05T14:13:00-04:00	13.3664	13.6629	3799
2026-08-05T14:14:00-04:00	13.3762	13.6615	7287
2026-08-05T14:15:00-04:00	13.3550	13.6614	558
2026-08-05T14:16:00-04:00	13.3800	13.6608	3104
2026-08-05T14:17:00-04:00	13.3800	13.6601	4159
2026-08-05T14:18:00-04:00	13.4200	13.6597	2245
2026-08-05T14:19:00-04:00	13.4600	13.6593	3243
2026-08-05T14:20:00-04:00	13.5159	13.6590	3044
2026-08-05T14:21:00-04:00	13.4850	13.6586	3820
2026-08-05T14:22:00-04:00	13.4550	13.6585	942
2026-08-05T14:23:00-04:00	13.4050	13.6580	2929
2026-08-05T14:24:00-04:00	13.4100	13.6575	3098
2026-08-05T14:25:00-04:00	13.4200	13.6575	314
2026-08-05T14:26:00-04:00	13.4150	13.6574	705
2026-08-05T14:28:00-04:00	13.3650	13.6570	2265
2026-08-05T14:29:00-04:00	13.3700	13.6569	742
2026-08-05T14:30:00-04:00	13.3700	13.6566	1317
2026-08-05T14:31:00-04:00	13.3700	13.6564	1405
2026-08-05T14:32:00-04:00	13.3700	13.6563	605
2026-08-05T14:33:00-04:00	13.3700	13.6559	2138
2026-08-05T14:34:00-04:00	13.4000	13.6557	1014
2026-08-05T14:35:00-04:00	13.2150	13.6419	57359
2026-08-05T14:36:00-04:00	13.2600	13.6400	8099
2026-08-05T14:37:00-04:00	13.2600	13.6398	960
2026-08-05T14:38:00-04:00	13.2550	13.6385	5554
2026-08-05T14:39:00-04:00	13.3150	13.6374	5105
2026-08-05T14:40:00-04:00	13.3150	13.6373	560
2026-08-05T14:41:00-04:00	13.3150	13.6347	13119
2026-08-05T14:42:00-04:00	13.3450	13.6343	2477
2026-08-05T14:43:00-04:00	13.3400	13.6342	637
2026-08-05T14:44:00-04:00	13.3699	13.6339	1959
2026-08-05T14:45:00-04:00	13.4000	13.6336	1755
2026-08-05T14:46:00-04:00	13.4200	13.6334	1566
2026-08-05T14:47:00-04:00	13.3800	13.6330	2699
2026-08-05T14:48:00-04:00	13.3800	13.6329	746
2026-08-05T14:49:00-04:00	13.3600	13.6328	953
2026-08-05T14:50:00-04:00	13.3600	13.6325	1671
2026-08-05T14:52:00-04:00	13.3400	13.6317	5072
2026-08-05T14:53:00-04:00	13.3281	13.6314	1527
2026-08-05T14:54:00-04:00	13.3200	13.6311	1595
2026-08-05T14:55:00-04:00	13.3200	13.6309	1292
2026-08-05T14:56:00-04:00	13.2500	13.6300	4236
2026-08-05T14:57:00-04:00	13.3100	13.6297	1196
2026-08-05T14:58:00-04:00	13.3050	13.6296	880
2026-08-05T14:59:00-04:00	13.3000	13.6291	2735
2026-08-05T15:00:00-04:00	13.3200	13.6287	1828
2026-08-05T15:01:00-04:00	13.3062	13.6284	1550
2026-08-05T15:02:00-04:00	13.3250	13.6280	2175
2026-08-05T15:03:00-04:00	13.3100	13.6280	448
2026-08-05T15:04:00-04:00	13.4131	13.6274	4580
2026-08-05T15:05:00-04:00	13.4050	13.6271	1773
2026-08-05T15:06:00-04:00	13.4250	13.6270	1189
2026-08-05T15:07:00-04:00	13.4100	13.6270	395
2026-08-05T15:08:00-04:00	13.4300	13.6268	1072
2026-08-05T15:09:00-04:00	13.4500	13.6268	514
2026-08-05T15:10:00-04:00	13.4150	13.6264	3135
2026-08-05T15:11:00-04:00	13.4300	13.6263	582
2026-08-05T15:12:00-04:00	13.4300	13.6262	1554
2026-08-05T15:13:00-04:00	13.3600	13.6237	17346
2026-08-05T15:14:00-04:00	13.3250	13.6229	4562
2026-08-05T15:15:00-04:00	13.3300	13.6224	3226
2026-08-05T15:16:00-04:00	13.3350	13.6222	1074
2026-08-05T15:17:00-04:00	13.3250	13.6221	626
2026-08-05T15:18:00-04:00	13.2750	13.6130	49011
2026-08-05T15:19:00-04:00	13.2950	13.6119	6380
2026-08-05T15:20:00-04:00	13.3000	13.6112	3890
2026-08-05T15:21:00-04:00	13.2300	13.6097	7454
2026-08-05T15:22:00-04:00	13.2800	13.6083	7320
2026-08-05T15:23:00-04:00	13.3158	13.6049	20292
2026-08-05T15:24:00-04:00	13.2950	13.6047	1211
2026-08-05T15:25:00-04:00	13.2950	13.6045	970
2026-08-05T15:26:00-04:00	13.3000	13.6024	12487
2026-08-05T15:27:00-04:00	13.2850	13.6023	562
2026-08-05T15:28:00-04:00	13.2900	13.6019	2396
2026-08-05T15:29:00-04:00	13.3100	13.6017	1655
2026-08-05T15:30:00-04:00	13.2550	13.6008	4818
2026-08-05T15:31:00-04:00	13.2275	13.5999	4837
2026-08-05T15:32:00-04:00	13.2150	13.5984	7345
2026-08-05T15:33:00-04:00	13.2400	13.5980	2075
2026-08-05T15:34:00-04:00	13.2300	13.5979	656
2026-08-05T15:35:00-04:00	13.1900	13.5936	20258
2026-08-05T15:36:00-04:00	13.1900	13.5934	884
2026-08-05T15:37:00-04:00	13.2000	13.5929	2425
2026-08-05T15:38:00-04:00	13.2100	13.5925	1964
2026-08-05T15:39:00-04:00	13.2398	13.5922	1465
2026-08-05T15:40:00-04:00	13.2400	13.5917	2650
2026-08-05T15:41:00-04:00	13.2250	13.5913	2627
2026-08-05T15:42:00-04:00	13.2500	13.5908	2320
2026-08-05T15:43:00-04:00	13.2300	13.5903	2664
2026-08-05T15:44:00-04:00	13.2300	13.5901	1145
2026-08-05T15:45:00-04:00	13.2000	13.5886	8006
2026-08-05T15:46:00-04:00	13.1500	13.5848	17591
2026-08-05T15:47:00-04:00	13.1300	13.5803	19543
2026-08-05T15:48:00-04:00	13.1300	13.5797	2505
2026-08-05T15:49:00-04:00	13.1500	13.5757	18377
2026-08-05T15:50:00-04:00	13.1400	13.5734	10778
2026-08-05T15:51:00-04:00	13.2100	13.5721	7072
2026-08-05T15:52:00-04:00	13.2000	13.5709	6660
2026-08-05T15:53:00-04:00	13.2050	13.5695	7826
2026-08-05T15:54:00-04:00	13.2100	13.5649	26608
2026-08-05T15:55:00-04:00	13.2050	13.5640	5490
2026-08-05T15:56:00-04:00	13.2100	13.5630	5618
2026-08-05T15:57:00-04:00	13.2050	13.5616	8081
2026-08-05T15:58:00-04:00	13.2150	13.5559	34528
2026-08-05T15:59:00-04:00	13.1800	13.5490	40913
2026-08-06T09:30:00-04:00	12.2100	12.5067	82068
2026-08-06T09:31:00-04:00	12.3800	12.4320	38608
2026-08-06T09:32:00-04:00	12.1250	12.3829	36733
2026-08-06T09:33:00-04:00	12.2000	12.3482	30114
2026-08-06T09:34:00-04:00	12.2750	12.3448	9946
2026-08-06T09:35:00-04:00	12.2000	12.3114	49792
2026-08-06T09:36:00-04:00	12.1000	12.2948	24060
2026-08-06T09:37:00-04:00	11.9950	12.2395	65132
2026-08-06T09:38:00-04:00	12.0550	12.2335	10579
2026-08-06T09:39:00-04:00	12.0836	12.2230	20332
2026-08-06T09:40:00-04:00	12.1600	12.2217	5597
2026-08-06T09:41:00-04:00	12.1818	12.2210	4636
2026-08-06T09:42:00-04:00	12.1200	12.2202	3643
2026-08-06T09:43:00-04:00	12.1100	12.2192	3738
2026-08-06T09:44:00-04:00	12.0600	12.2148	13130
2026-08-06T09:45:00-04:00	12.1200	12.2086	21052
2026-08-06T09:46:00-04:00	11.9300	12.2037	9353
2026-08-06T09:47:00-04:00	11.9300	12.2005	5664
2026-08-06T09:48:00-04:00	11.8400	12.1673	44084
2026-08-06T09:49:00-04:00	11.8623	12.1648	3723
2026-08-06T09:50:00-04:00	11.7500	12.1489	19347
2026-08-06T09:51:00-04:00	11.7000	12.1423	8237
2026-08-06T09:52:00-04:00	11.7800	12.1231	26963
2026-08-06T09:53:00-04:00	11.7000	12.1177	7414
2026-08-06T09:54:00-04:00	11.7750	12.1118	9226
2026-08-06T09:55:00-04:00	11.8250	12.1040	15101
2026-08-06T09:56:00-04:00	11.8400	12.1010	6349
2026-08-06T09:57:00-04:00	11.9509	12.0936	25231
2026-08-06T09:58:00-04:00	11.9000	12.0895	16865
2026-08-06T09:59:00-04:00	12.0000	12.0837	30598
2026-08-06T10:00:00-04:00	11.9700	12.0808	15815
2026-08-06T10:01:00-04:00	11.9020	12.0790	8044
2026-08-06T10:02:00-04:00	11.8200	12.0765	7136
2026-08-06T10:03:00-04:00	11.8700	12.0694	23563
2026-08-06T10:04:00-04:00	11.8900	12.0672	8967
2026-08-06T10:05:00-04:00	11.9000	12.0665	3054
2026-08-06T10:06:00-04:00	11.8900	12.0609	22522
2026-08-06T10:07:00-04:00	11.9850	12.0568	26182
2026-08-06T10:08:00-04:00	11.9400	12.0493	57374
2026-08-06T10:09:00-04:00	11.9750	12.0454	41472
2026-08-06T10:10:00-04:00	11.9800	12.0436	23401
2026-08-06T10:11:00-04:00	11.9350	12.0389	41786
2026-08-06T10:12:00-04:00	11.8850	12.0378	7853
2026-08-06T10:13:00-04:00	12.0600	12.0370	43097
2026-08-06T10:14:00-04:00	11.9600	12.0369	4559
2026-08-06T10:15:00-04:00	11.9650	12.0342	36557
2026-08-06T10:16:00-04:00	12.0000	12.0339	12867
2026-08-06T10:17:00-04:00	12.1400	12.0348	12795
2026-08-06T10:18:00-04:00	12.0300	12.0355	18104
2026-08-06T10:19:00-04:00	12.1400	12.0366	16668
2026-08-06T10:20:00-04:00	12.1500	12.0411	38816
2026-08-06T10:21:00-04:00	12.1500	12.0416	4838
2026-08-06T10:22:00-04:00	12.1100	12.0422	9418
2026-08-06T10:23:00-04:00	12.1100	12.0430	10091
2026-08-06T10:24:00-04:00	12.1200	12.0435	8041
2026-08-06T10:25:00-04:00	12.1000	12.0440	10621
2026-08-06T10:26:00-04:00	12.1400	12.0446	9199
2026-08-06T10:27:00-04:00	12.1450	12.0448	2531
2026-08-06T10:28:00-04:00	12.1000	12.0451	3891
2026-08-06T10:29:00-04:00	12.0100	12.0450	12859
2026-08-06T10:30:00-04:00	12.0100	12.0446	18624
2026-08-06T10:31:00-04:00	11.9500	12.0437	12373
2026-08-06T10:32:00-04:00	11.9700	12.0435	1995
2026-08-06T10:33:00-04:00	12.0200	12.0428	18266
2026-08-06T10:34:00-04:00	12.0050	12.0427	1092
2026-08-06T10:35:00-04:00	11.9600	12.0422	9243
2026-08-06T10:36:00-04:00	11.9950	12.0418	9282
2026-08-06T10:37:00-04:00	11.9800	12.0417	2202
2026-08-06T10:38:00-04:00	11.9300	12.0407	13288
2026-08-06T10:39:00-04:00	11.7950	12.0370	22908
2026-08-06T10:40:00-04:00	11.7801	12.0365	2719
2026-08-06T10:41:00-04:00	11.7200	12.0275	40865
2026-08-06T10:42:00-04:00	11.7700	12.0263	5748
2026-08-06T10:43:00-04:00	11.8650	12.0233	20479
2026-08-06T10:44:00-04:00	11.7800	12.0227	3739
2026-08-06T10:45:00-04:00	11.8000	12.0182	32461
2026-08-06T10:46:00-04:00	11.7400	12.0151	16467
2026-08-06T10:47:00-04:00	11.7564	12.0139	6079
2026-08-06T10:48:00-04:00	11.7600	12.0126	7448
2026-08-06T10:49:00-04:00	11.7400	12.0114	6437
2026-08-06T10:50:00-04:00	11.7600	12.0103	5997
2026-08-06T10:51:00-04:00	11.7350	12.0092	6393
2026-08-06T10:52:00-04:00	11.7200	12.0081	5377
2026-08-06T10:53:00-04:00	11.6652	11.9975	46571
2026-08-06T10:54:00-04:00	11.6600	11.9952	9783
2026-08-06T10:55:00-04:00	11.6300	11.9944	3712
2026-08-06T10:56:00-04:00	11.6400	11.9915	11825
2026-08-06T10:57:00-04:00	11.5850	11.9890	9788
2026-08-06T10:58:00-04:00	11.5600	11.9883	2785
2026-08-06T10:59:00-04:00	11.6050	11.9766	48015
2026-08-06T11:00:00-04:00	11.6350	11.9748	8091
2026-08-06T11:01:00-04:00	11.6400	11.9733	7383
2026-08-06T11:02:00-04:00	11.6100	11.9720	5837
2026-08-06T11:03:00-04:00	11.5400	11.9667	20369
2026-08-06T11:04:00-04:00	11.5750	11.9649	7256
2026-08-06T11:05:00-04:00	11.5765	11.9634	6558
2026-08-06T11:06:00-04:00	11.6200	11.9630	1765
2026-08-06T11:07:00-04:00	11.6400	11.9625	2909
2026-08-06T11:08:00-04:00	11.6401	11.9612	6554
2026-08-06T11:09:00-04:00	11.6600	11.9604	4240
2026-08-06T11:10:00-04:00	11.6600	11.9600	2326
2026-08-06T11:11:00-04:00	11.6800	11.9588	6854
2026-08-06T11:12:00-04:00	11.6400	11.9569	10274
2026-08-06T11:13:00-04:00	11.6400	11.9547	11862
2026-08-06T11:14:00-04:00	11.6400	11.9540	3725
2026-08-06T11:15:00-04:00	11.6400	11.9526	7894
2026-08-06T11:16:00-04:00	11.6300	11.9454	38003
2026-08-06T11:17:00-04:00	11.6100	11.9441	7173
2026-08-06T11:18:00-04:00	11.6000	11.9430	5427
2026-08-06T11:19:00-04:00	11.5850	11.9421	4613
2026-08-06T11:20:00-04:00	11.6100	11.9409	6373
2026-08-06T11:21:00-04:00	11.6350	11.9396	7385
2026-08-06T11:22:00-04:00	11.6800	11.9389	4355
2026-08-06T11:23:00-04:00	11.6900	11.9324	47131
2026-08-06T11:24:00-04:00	11.6692	11.9275	37188
2026-08-06T11:25:00-04:00	11.6300	11.9226	32065
2026-08-06T11:26:00-04:00	11.7100	11.9184	31736
2026-08-06T11:27:00-04:00	11.7200	11.9172	10830
2026-08-06T11:28:00-04:00	11.7000	11.9165	6511
2026-08-06T11:29:00-04:00	11.6800	11.9160	4229
2026-08-06T11:30:00-04:00	11.6800	11.9152	6587
2026-08-06T11:31:00-04:00	11.6400	11.9127	18224
2026-08-06T11:32:00-04:00	11.6000	11.9101	17451
2026-08-06T11:33:00-04:00	11.5750	11.9084	9925
2026-08-06T11:34:00-04:00	11.5800	11.9069	9569
2026-08-06T11:35:00-04:00	11.5650	11.9064	3052
2026-08-06T11:36:00-04:00	11.5700	11.9055	5276
2026-08-06T11:37:00-04:00	11.5699	11.9032	13486
2026-08-06T11:38:00-04:00	11.5550	11.9028	2183
2026-08-06T11:39:00-04:00	11.5800	11.8994	22136
2026-08-06T11:40:00-04:00	11.5750	11.8984	6831
2026-08-06T11:41:00-04:00	11.6104	11.8972	7961
2026-08-06T11:42:00-04:00	11.6000	11.8970	1688
2026-08-06T11:43:00-04:00	11.5700	11.8942	18493
2026-08-06T11:44:00-04:00	11.5900	11.8932	6692
2026-08-06T11:45:00-04:00	11.5900	11.8920	8442
2026-08-06T11:46:00-04:00	11.6200	11.8914	4686
2026-08-06T11:47:00-04:00	11.6600	11.8911	2034
2026-08-06T11:48:00-04:00	11.6800	11.8907	4015
2026-08-06T11:49:00-04:00	11.6600	11.8905	2041
2026-08-06T11:50:00-04:00	11.6600	11.8903	1622
2026-08-06T11:51:00-04:00	11.6200	11.8897	5323
2026-08-06T11:52:00-04:00	11.5900	11.8881	11202
2026-08-06T11:53:00-04:00	11.5700	11.8870	7891
2026-08-06T11:54:00-04:00	11.5750	11.8867	1551
2026-08-06T11:55:00-04:00	11.5450	11.8859	5661
2026-08-06T11:56:00-04:00	11.5400	11.8853	3263
2026-08-06T11:57:00-04:00	11.5350	11.8849	2524
2026-08-06T11:58:00-04:00	11.5300	11.8847	1491
2026-08-06T11:59:00-04:00	11.5100	11.8828	11459
2026-08-06T12:00:00-04:00	11.4500	11.8801	14210
2026-08-06T12:01:00-04:00	11.4200	11.8751	23908
2026-08-06T12:02:00-04:00	11.4150	11.8733	8967
2026-08-06T12:03:00-04:00	11.4190	11.8715	8413
2026-08-06T12:04:00-04:00	11.4200	11.8701	7021
2026-08-06T12:05:00-04:00	11.4550	11.8697	2145
2026-08-06T12:06:00-04:00	11.4650	11.8695	869
2026-08-06T12:07:00-04:00	11.4700	11.8688	3802
2026-08-06T12:08:00-04:00	11.4822	11.8687	768
2026-08-06T12:09:00-04:00	11.4800	11.8684	1634
2026-08-06T12:10:00-04:00	11.4800	11.8677	4165
2026-08-06T12:11:00-04:00	11.4400	11.8669	4353
2026-08-06T12:12:00-04:00	11.4400	11.8664	2823
2026-08-06T12:13:00-04:00	11.4400	11.8656	3878
2026-08-06T12:14:00-04:00	11.4100	11.8631	12436
2026-08-06T12:15:00-04:00	11.4200	11.8629	1023
2026-08-06T12:16:00-04:00	11.4100	11.8623	2983
2026-08-06T12:17:00-04:00	11.4200	11.8621	1119
2026-08-06T12:18:00-04:00	11.4476	11.8616	2804
2026-08-06T12:19:00-04:00	11.4550	11.8613	1591
2026-08-06T12:20:00-04:00	11.4300	11.8609	1879
2026-08-06T12:21:00-04:00	11.4000	11.8605	2124
2026-08-06T12:22:00-04:00	11.3800	11.8600	2456
2026-08-06T12:23:00-04:00	11.3300	11.8583	7575
2026-08-06T12:24:00-04:00	11.3300	11.8579	1603
2026-08-06T12:25:00-04:00	11.3200	11.8566	5710
2026-08-06T12:26:00-04:00	11.3150	11.8555	4652
2026-08-06T12:27:00-04:00	11.3200	11.8545	4397
2026-08-06T12:28:00-04:00	11.3200	11.8541	1676
2026-08-06T12:29:00-04:00	11.3150	11.8538	1259
2026-08-06T12:30:00-04:00	11.3000	11.8531	2790
2026-08-06T12:31:00-04:00	11.2900	11.8514	7251
2026-08-06T12:32:00-04:00	11.2990	11.8509	2130
2026-08-06T12:33:00-04:00	11.2550	11.8480	11684
2026-08-06T12:34:00-04:00	11.2590	11.8477	1090
2026-08-06T12:35:00-04:00	11.2450	11.8467	4064
2026-08-06T12:36:00-04:00	11.2200	11.8454	4732
2026-08-06T12:37:00-04:00	11.3350	11.8407	20419
2026-08-06T12:38:00-04:00	11.3800	11.8400	3438
2026-08-06T12:39:00-04:00	11.3900	11.8397	1727
2026-08-06T12:40:00-04:00	11.4000	11.8391	3194
2026-08-06T12:41:00-04:00	11.4100	11.8381	5366
2026-08-06T12:42:00-04:00	11.4600	11.8363	11136
2026-08-06T12:43:00-04:00	11.4300	11.8351	7413
2026-08-06T12:44:00-04:00	11.4000	11.8344	4101
2026-08-06T12:45:00-04:00	11.4200	11.8338	3330
2026-08-06T12:46:00-04:00	11.4100	11.8333	2713
2026-08-06T12:47:00-04:00	11.4750	11.8321	7662
2026-08-06T12:48:00-04:00	11.4800	11.8313	5045
2026-08-06T12:49:00-04:00	11.4800	11.8311	1952
2026-08-06T12:50:00-04:00	11.4700	11.8307	2662
2026-08-06T12:51:00-04:00	11.4950	11.8300	4449
2026-08-06T12:52:00-04:00	11.5100	11.8296	3165
2026-08-06T12:53:00-04:00	11.4800	11.8294	1967
2026-08-06T12:54:00-04:00	11.4550	11.8289	3096
2026-08-06T12:55:00-04:00	11.4900	11.8281	5335
2026-08-06T12:56:00-04:00	11.4700	11.8279	1539
2026-08-06T12:57:00-04:00	11.4700	11.8275	3042
2026-08-06T12:58:00-04:00	11.4900	11.8271	2475
2026-08-06T12:59:00-04:00	11.5100	11.8269	1764
2026-08-06T13:00:00-04:00	11.5200	11.8266	2116
2026-08-06T13:01:00-04:00	11.5100	11.8256	8381
2026-08-06T13:02:00-04:00	11.5000	11.8242	10275
2026-08-06T13:03:00-04:00	11.5000	11.8241	1050
2026-08-06T13:04:00-04:00	11.4250	11.8229	7766
2026-08-06T13:05:00-04:00	11.4200	11.8212	10426
2026-08-06T13:06:00-04:00	11.4450	11.8209	2011
2026-08-06T13:07:00-04:00	11.4320	11.8205	2854
2026-08-06T13:08:00-04:00	11.4300	11.8203	898
2026-08-06T13:09:00-04:00	11.4150	11.8196	4840
2026-08-06T13:10:00-04:00	11.4300	11.8194	728
2026-08-06T13:11:00-04:00	11.4300	11.8192	1601
2026-08-06T13:12:00-04:00	11.4300	11.8185	4576
2026-08-06T13:13:00-04:00	11.5000	11.8175	7524
2026-08-06T13:14:00-04:00	11.4950	11.8173	1632
2026-08-06T13:15:00-04:00	11.5100	11.8164	6648
2026-08-06T13:16:00-04:00	11.5300	11.8154	9715
2026-08-06T13:17:00-04:00	11.5250	11.8149	3780
2026-08-06T13:18:00-04:00	11.5100	11.8147	1836
2026-08-06T13:19:00-04:00	11.5350	11.8139	7383
2026-08-06T13:20:00-04:00	11.5300	11.8137	1519
2026-08-06T13:21:00-04:00	11.4900	11.8116	16345
2026-08-06T13:22:00-04:00	11.4600	11.8113	2255
2026-08-06T13:23:00-04:00	11.4600	11.8112	743
2026-08-06T13:24:00-04:00	11.4150	11.8107	3477
2026-08-06T13:25:00-04:00	11.4300	11.8103	2837
2026-08-06T13:26:00-04:00	11.4400	11.8099	2461
2026-08-06T13:27:00-04:00	11.4400	11.8098	1074
2026-08-06T13:28:00-04:00	11.4400	11.8096	1377
2026-08-06T13:29:00-04:00	11.4500	11.8076	14521
2026-08-06T13:30:00-04:00	11.4800	11.8072	3093
2026-08-06T13:31:00-04:00	11.4900	11.8064	5760
2026-08-06T13:32:00-04:00	11.5000	11.8056	7253
2026-08-06T13:33:00-04:00	11.4835	11.8055	596
2026-08-06T13:34:00-04:00	11.4850	11.8050	4444
2026-08-06T13:35:00-04:00	11.5100	11.8027	19072
2026-08-06T13:36:00-04:00	11.5100	11.8027	555
2026-08-06T13:38:00-04:00	11.5100	11.8026	992
2026-08-06T13:39:00-04:00	11.5000	11.8024	1069
2026-08-06T13:40:00-04:00	11.4900	11.8022	2389
2026-08-06T13:41:00-04:00	11.4500	11.8014	5893
2026-08-06T13:42:00-04:00	11.4200	11.8010	2896
2026-08-06T13:43:00-04:00	11.4200	11.8009	393
2026-08-06T13:44:00-04:00	11.4250	11.8008	1351
2026-08-06T13:45:00-04:00	11.4250	11.8005	1496
2026-08-06T13:46:00-04:00	11.4900	11.7984	17231
2026-08-06T13:47:00-04:00	11.4500	11.7980	3114
2026-08-06T13:48:00-04:00	11.4300	11.7977	2507
2026-08-06T13:49:00-04:00	11.4300	11.7972	3768
2026-08-06T13:50:00-04:00	11.4300	11.7967	3179
2026-08-06T13:51:00-04:00	11.4200	11.7962	3850
2026-08-06T13:52:00-04:00	11.4355	11.7948	10404
2026-08-06T13:54:00-04:00	11.4250	11.7945	2268
2026-08-06T13:55:00-04:00	11.4250	11.7943	972
2026-08-06T13:56:00-04:00	11.4200	11.7937	4499
2026-08-06T13:57:00-04:00	11.4200	11.7936	854
2026-08-06T13:58:00-04:00	11.4200	11.7935	749
2026-08-06T13:59:00-04:00	11.4100	11.7924	7328
2026-08-06T14:00:00-04:00	11.4500	11.7912	9780
2026-08-06T14:01:00-04:00	11.4400	11.7910	1510
2026-08-06T14:02:00-04:00	11.4100	11.7908	1003
2026-08-06T14:04:00-04:00	11.3800	11.7903	3827
2026-08-06T14:05:00-04:00	11.3500	11.7873	19191
2026-08-06T14:06:00-04:00	11.3400	11.7869	2475
2026-08-06T14:07:00-04:00	11.3150	11.7865	2220
2026-08-06T14:08:00-04:00	11.3050	11.7864	763
2026-08-06T14:09:00-04:00	11.3050	11.7861	1329
2026-08-06T14:10:00-04:00	11.3100	11.7850	6274
2026-08-06T14:11:00-04:00	11.3000	11.7848	1293
2026-08-06T14:12:00-04:00	11.2763	11.7826	12431
2026-08-06T14:13:00-04:00	11.2750	11.7824	778
2026-08-06T14:14:00-04:00	11.2750	11.7818	3433
2026-08-06T14:15:00-04:00	11.2750	11.7812	3302
2026-08-06T14:16:00-04:00	11.3200	11.7777	20920
2026-08-06T14:17:00-04:00	11.3250	11.7768	4960
2026-08-06T14:18:00-04:00	11.3200	11.7756	7554
2026-08-06T14:19:00-04:00	11.3250	11.7748	5309
2026-08-06T14:20:00-04:00	11.2900	11.7740	4259
2026-08-06T14:21:00-04:00	11.3050	11.7736	2841
2026-08-06T14:22:00-04:00	11.3000	11.7732	2073
2026-08-06T14:23:00-04:00	11.3000	11.7731	946
2026-08-06T14:24:00-04:00	11.3010	11.7728	1488
2026-08-06T14:25:00-04:00	11.3100	11.7715	8217
2026-08-06T14:26:00-04:00	11.2700	11.7703	7208
2026-08-06T14:27:00-04:00	11.2700	11.7696	3826
2026-08-06T14:28:00-04:00	11.2800	11.7681	8691
2026-08-06T14:29:00-04:00	11.2900	11.7679	1171
2026-08-06T14:30:00-04:00	11.2800	11.7676	1520
2026-08-06T14:31:00-04:00	11.2800	11.7672	2379
2026-08-06T14:32:00-04:00	11.2700	11.7668	2688
2026-08-06T14:33:00-04:00	11.2550	11.7658	5625
2026-08-06T14:34:00-04:00	11.2700	11.7639	10748
2026-08-06T14:35:00-04:00	11.3000	11.7633	3963
2026-08-06T14:36:00-04:00	11.3300	11.7630	1969
2026-08-06T14:37:00-04:00	11.3008	11.7609	13001
2026-08-06T14:38:00-04:00	11.3000	11.7608	1035
2026-08-06T14:39:00-04:00	11.3100	11.7606	1463
2026-08-06T14:40:00-04:00	11.3000	11.7604	658
2026-08-06T14:41:00-04:00	11.2990	11.7601	1938
2026-08-06T14:42:00-04:00	11.2900	11.7599	1564
2026-08-06T14:43:00-04:00	11.2700	11.7594	2716
2026-08-06T14:44:00-04:00	11.2550	11.7587	4023
2026-08-06T14:45:00-04:00	11.2550	11.7585	1692
2026-08-06T14:46:00-04:00	11.2450	11.7570	8257
2026-08-06T14:47:00-04:00	11.2300	11.7568	927
2026-08-06T14:48:00-04:00	11.2200	11.7562	3482
2026-08-06T14:49:00-04:00	11.2250	11.7559	1984
2026-08-06T14:50:00-04:00	11.2050	11.7542	8876
2026-08-06T14:51:00-04:00	11.2000	11.7534	4120
2026-08-06T14:52:00-04:00	11.2010	11.7533	783
2026-08-06T14:53:00-04:00	11.2050	11.7530	1582
2026-08-06T14:54:00-04:00	11.2000	11.7524	2908
2026-08-06T14:55:00-04:00	11.2100	11.7520	2692
2026-08-06T14:56:00-04:00	11.2000	11.7518	634
2026-08-06T14:57:00-04:00	11.1800	11.7496	11643
2026-08-06T14:58:00-04:00	11.1650	11.7482	7107
2026-08-06T14:59:00-04:00	11.1500	11.7462	10166
2026-08-06T15:00:00-04:00	11.1550	11.7456	3046
2026-08-06T15:01:00-04:00	11.1500	11.7444	6248
2026-08-06T15:02:00-04:00	11.1550	11.7436	4110
2026-08-06T15:03:00-04:00	11.1550	11.7432	1664
2026-08-06T15:04:00-04:00	11.1650	11.7393	20187
2026-08-06T15:05:00-04:00	11.1450	11.7385	4179
2026-08-06T15:06:00-04:00	11.1550	11.7378	3414
2026-08-06T15:07:00-04:00	11.1410	11.7367	5742
2026-08-06T15:08:00-04:00	11.1600	11.7335	16892
2026-08-06T15:09:00-04:00	11.1700	11.7331	2401
2026-08-06T15:10:00-04:00	11.1888	11.7325	3190
2026-08-06T15:11:00-04:00	11.1850	11.7322	1496
2026-08-06T15:12:00-04:00	11.1750	11.7315	3984
2026-08-06T15:13:00-04:00	11.1500	11.7306	4726
2026-08-06T15:14:00-04:00	11.1350	11.7290	8364
2026-08-06T15:15:00-04:00	11.1250	11.7278	6283
2026-08-06T15:16:00-04:00	11.1183	11.7272	2886
2026-08-06T15:17:00-04:00	11.1350	11.7251	10872
2026-08-06T15:18:00-04:00	11.1450	11.7245	3545
2026-08-06T15:19:00-04:00	11.1450	11.7242	1333
2026-08-06T15:20:00-04:00	11.1550	11.7229	7277
2026-08-06T15:21:00-04:00	11.1400	11.7222	3516
2026-08-06T15:22:00-04:00	11.1350	11.7218	2451
2026-08-06T15:23:00-04:00	11.1150	11.7183	17684
2026-08-06T15:24:00-04:00	11.1100	11.7178	2571
2026-08-06T15:25:00-04:00	11.1150	11.7171	3714
2026-08-06T15:26:00-04:00	11.1000	11.7160	5719
2026-08-06T15:27:00-04:00	11.1050	11.7156	2290
2026-08-06T15:28:00-04:00	11.0850	11.7142	6914
2026-08-06T15:29:00-04:00	11.0201	11.7117	11887
2026-08-06T15:30:00-04:00	11.0900	11.7035	40967
2026-08-06T15:31:00-04:00	11.0700	11.7022	6629
2026-08-06T15:32:00-04:00	11.0450	11.7000	10993
2026-08-06T15:33:00-04:00	11.0400	11.6991	4139
2026-08-06T15:34:00-04:00	11.0500	11.6923	34273
2026-08-06T15:35:00-04:00	11.0500	11.6896	13624
2026-08-06T15:36:00-04:00	11.0500	11.6891	2753
2026-08-06T15:37:00-04:00	11.0201	11.6858	16412
2026-08-06T15:38:00-04:00	11.0400	11.6829	14792
2026-08-06T15:39:00-04:00	11.0500	11.6815	7142
2026-08-06T15:40:00-04:00	11.0450	11.6812	1664
2026-08-06T15:41:00-04:00	11.0450	11.6809	1728
2026-08-06T15:42:00-04:00	11.0350	11.6801	4217
2026-08-06T15:43:00-04:00	11.0050	11.6751	24596
2026-08-06T15:44:00-04:00	11.0050	11.6740	5614
2026-08-06T15:45:00-04:00	11.0050	11.6595	74502
2026-08-06T15:46:00-04:00	11.0050	11.6567	14779
2026-08-06T15:47:00-04:00	11.0000	11.6538	15014
2026-08-06T15:48:00-04:00	11.0000	11.6507	16719
2026-08-06T15:49:00-04:00	11.0050	11.6492	8044
2026-08-06T15:50:00-04:00	11.0050	11.6374	65156
2026-08-06T15:51:00-04:00	10.8900	11.6218	80291
2026-08-06T15:52:00-04:00	10.8400	11.6038	86313
2026-08-06T15:53:00-04:00	10.9000	11.5994	22518
2026-08-06T15:54:00-04:00	10.9200	11.5976	10003
2026-08-06T15:55:00-04:00	10.9050	11.5955	11343
2026-08-06T15:56:00-04:00	10.9050	11.5926	15918
2026-08-06T15:57:00-04:00	10.9100	11.5880	25776
2026-08-06T15:58:00-04:00	10.8800	11.5828	28863
2026-08-06T15:59:00-04:00	10.8850	11.5741	48800
2026-08-07T09:30:00-04:00	10.8100	10.9200	103200
2026-08-07T09:31:00-04:00	10.7900	10.8857	36969
2026-08-07T09:32:00-04:00	10.8500	10.8836	15128
2026-08-07T09:33:00-04:00	10.8400	10.8750	24095
2026-08-07T09:34:00-04:00	10.9700	10.8780	11052
2026-08-07T09:35:00-04:00	10.8520	10.8824	15798
2026-08-07T09:36:00-04:00	10.8020	10.8786	12782
2026-08-07T09:37:00-04:00	10.7900	10.8765	6032
2026-08-07T09:38:00-04:00	10.9750	10.8860	49918
2026-08-07T09:39:00-04:00	11.0150	10.8908	10991
2026-08-07T09:40:00-04:00	10.9900	10.8968	14856
2026-08-07T09:41:00-04:00	11.0050	10.8999	9226
2026-08-07T09:42:00-04:00	10.9400	10.9021	20989
2026-08-07T09:43:00-04:00	10.9500	10.9045	20947
2026-08-07T09:44:00-04:00	10.9570	10.9053	5593
2026-08-07T09:45:00-04:00	10.8100	10.9004	30311
2026-08-07T09:46:00-04:00	10.7150	10.8877	31558
2026-08-07T09:47:00-04:00	10.7700	10.8821	18048
2026-08-07T09:48:00-04:00	10.6974	10.8765	16538
2026-08-07T09:49:00-04:00	10.6900	10.8650	27013
2026-08-07T09:50:00-04:00	10.7700	10.8604	19775
2026-08-07T09:51:00-04:00	10.7650	10.8590	7618
2026-08-07T09:52:00-04:00	10.7500	10.8555	19531
2026-08-07T09:53:00-04:00	10.7600	10.8516	19573
2026-08-07T09:54:00-04:00	10.7400	10.8472	20166
2026-08-07T09:55:00-04:00	10.7050	10.8448	10887
2026-08-07T09:56:00-04:00	10.6500	10.8399	17370
2026-08-07T09:57:00-04:00	10.7700	10.8351	33587
2026-08-07T09:58:00-04:00	10.6900	10.8335	8530
2026-08-07T09:59:00-04:00	10.6800	10.8323	5053
2026-08-07T10:00:00-04:00	10.6450	10.8295	10132
2026-08-07T10:01:00-04:00	10.5500	10.8229	17352
2026-08-07T10:02:00-04:00	10.6000	10.8182	12837
2026-08-07T10:03:00-04:00	10.6199	10.8150	10671
2026-08-07T10:04:00-04:00	10.5300	10.8091	15344
2026-08-07T10:05:00-04:00	10.5850	10.8022	20941
2026-08-07T10:06:00-04:00	10.5850	10.7994	9521
2026-08-07T10:07:00-04:00	10.6201	10.7970	9993
2026-08-07T10:08:00-04:00	10.6350	10.7939	14851
2026-08-07T10:09:00-04:00	10.5708	10.7924	5481
2026-08-07T10:10:00-04:00	10.5950	10.7906	6512
2026-08-07T10:11:00-04:00	10.5942	10.7886	8443
2026-08-07T10:12:00-04:00	10.5800	10.7842	15326
2026-08-07T10:13:00-04:00	10.5749	10.7840	977
2026-08-07T10:14:00-04:00	10.5450	10.7823	5545
2026-08-07T10:15:00-04:00	10.6000	10.7808	6106
2026-08-07T10:16:00-04:00	10.6000	10.7805	1112
2026-08-07T10:17:00-04:00	10.6200	10.7782	10473
2026-08-07T10:18:00-04:00	10.6391	10.7725	29435
2026-08-07T10:19:00-04:00	10.6900	10.7713	10036
2026-08-07T10:20:00-04:00	10.6500	10.7707	4652
2026-08-07T10:21:00-04:00	10.6200	10.7706	823
2026-08-07T10:22:00-04:00	10.5500	10.7694	4965
2026-08-07T10:23:00-04:00	10.6150	10.7668	13375
2026-08-07T10:24:00-04:00	10.6000	10.7660	4506
2026-08-07T10:25:00-04:00	10.6400	10.7631	19013
2026-08-07T10:26:00-04:00	10.6450	10.7621	7435
2026-08-07T10:27:00-04:00	10.6712	10.7595	25061
2026-08-07T10:28:00-04:00	10.6778	10.7585	10953
2026-08-07T10:29:00-04:00	10.6800	10.7575	11510
2026-08-07T10:30:00-04:00	10.6600	10.7561	12267
2026-08-07T10:31:00-04:00	10.6250	10.7554	6188
2026-08-07T10:32:00-04:00	10.5650	10.7534	11099
2026-08-07T10:33:00-04:00	10.5900	10.7516	10554
2026-08-07T10:34:00-04:00	10.6300	10.7503	10004
2026-08-07T10:35:00-04:00	10.5950	10.7492	8089
2026-08-07T10:36:00-04:00	10.6141	10.7479	8843
2026-08-07T10:37:00-04:00	10.6100	10.7456	17032
2026-08-07T10:38:00-04:00	10.6400	10.7450	5812
2026-08-07T10:39:00-04:00	10.7700	10.7441	55284
2026-08-07T10:40:00-04:00	10.7750	10.7457	48084
2026-08-07T10:41:00-04:00	10.7750	10.7461	20750
2026-08-07T10:42:00-04:00	10.7500	10.7462	11603
2026-08-07T10:43:00-04:00	10.7000	10.7461	3204
2026-08-07T10:44:00-04:00	10.7700	10.7461	6146
2026-08-07T10:45:00-04:00	10.8000	10.7467	23268
2026-08-07T10:46:00-04:00	10.8550	10.7475	10371
2026-08-07T10:47:00-04:00	10.8167	10.7478	5032
2026-08-07T10:48:00-04:00	10.8450	10.7483	6522
2026-08-07T10:49:00-04:00	10.8600	10.7490	8674
2026-08-07T10:50:00-04:00	10.8800	10.7502	11443
2026-08-07T10:51:00-04:00	10.9300	10.7518	12005
2026-08-07T10:52:00-04:00	11.0200	10.7533	8414
2026-08-07T10:53:00-04:00	11.1300	10.7739	76490
2026-08-07T10:54:00-04:00	11.3600	10.7912	46361
2026-08-07T10:55:00-04:00	11.3650	10.7993	20313
2026-08-07T10:56:00-04:00	11.3750	10.8132	35332
2026-08-07T10:57:00-04:00	11.3800	10.8170	9861
2026-08-07T10:58:00-04:00	11.2662	10.8228	18389
2026-08-07T10:59:00-04:00	11.2350	10.8279	18198
2026-08-07T11:00:00-04:00	11.3100	10.8305	8573
2026-08-07T11:01:00-04:00	11.2750	10.8418	39219
2026-08-07T11:02:00-04:00	11.3700	10.8445	8190
2026-08-07T11:03:00-04:00	11.4000	10.8480	10521
2026-08-07T11:04:00-04:00	11.4100	10.8504	6658
2026-08-07T11:05:00-04:00	11.5500	10.8577	17845
2026-08-07T11:06:00-04:00	11.4800	10.8693	29269
2026-08-07T11:07:00-04:00	11.5300	10.8755	15570
2026-08-07T11:08:00-04:00	11.5900	10.8796	10003
2026-08-07T11:09:00-04:00	11.6750	10.8915	25791
2026-08-07T11:10:00-04:00	11.5400	10.9074	38995
2026-08-07T11:11:00-04:00	11.4400	10.9148	22871
2026-08-07T11:12:00-04:00	11.5327	10.9224	22190
2026-08-07T11:13:00-04:00	11.5850	10.9253	7686
2026-08-07T11:14:00-04:00	11.5750	10.9309	15583
2026-08-07T11:15:00-04:00	11.5300	10.9328	5490
2026-08-07T11:16:00-04:00	11.5200	10.9360	9449
2026-08-07T11:17:00-04:00	11.5000	10.9371	3501
2026-08-07T11:18:00-04:00	11.6100	10.9428	16062
2026-08-07T11:19:00-04:00	11.6500	10.9484	14735
2026-08-07T11:20:00-04:00	11.6700	10.9497	3345
2026-08-07T11:21:00-04:00	11.6900	10.9534	9427
2026-08-07T11:22:00-04:00	11.6950	10.9545	2752
2026-08-07T11:23:00-04:00	11.6600	10.9567	5725
2026-08-07T11:24:00-04:00	11.7000	10.9586	4849
2026-08-07T11:25:00-04:00	11.7800	10.9639	12426
2026-08-07T11:26:00-04:00	11.7100	10.9674	8625
2026-08-07T11:27:00-04:00	11.6600	10.9681	1820
2026-08-07T11:28:00-04:00	11.7200	10.9776	24731
2026-08-07T11:29:00-04:00	11.6550	10.9815	10714
2026-08-07T11:30:00-04:00	11.6000	10.9841	8455
2026-08-07T11:31:00-04:00	11.5900	10.9876	10669
2026-08-07T11:32:00-04:00	11.6150	10.9887	3600
2026-08-07T11:33:00-04:00	11.6000	10.9929	13215
2026-08-07T11:34:00-04:00	11.6300	10.9975	14501
2026-08-07T11:35:00-04:00	11.6000	11.0015	12962
2026-08-07T11:36:00-04:00	11.5700	11.0023	2965
2026-08-07T11:37:00-04:00	11.5640	11.0050	9522
2026-08-07T11:38:00-04:00	11.5900	11.0142	31577
2026-08-07T11:39:00-04:00	11.5200	11.0160	7133
2026-08-07T11:40:00-04:00	11.6000	11.0212	18923
2026-08-07T11:41:00-04:00	11.5600	11.0222	3699
2026-08-07T11:42:00-04:00	11.5272	11.0238	6554
2026-08-07T11:43:00-04:00	11.5650	11.0287	19174
2026-08-07T11:44:00-04:00	11.6050	11.0368	29671
2026-08-07T11:45:00-04:00	11.6250	11.0407	14560
2026-08-07T11:46:00-04:00	11.5936	11.0427	7630
2026-08-07T11:47:00-04:00	11.5650	11.0438	4629
2026-08-07T11:48:00-04:00	11.5900	11.0468	12019
2026-08-07T11:49:00-04:00	11.5900	11.0496	10562
2026-08-07T11:50:00-04:00	11.5700	11.0500	1922
2026-08-07T11:51:00-04:00	11.5800	11.0521	8487
2026-08-07T11:52:00-04:00	11.5700	11.0550	12103
2026-08-07T11:53:00-04:00	11.5350	11.0556	2698
2026-08-07T11:54:00-04:00	11.4600	11.0586	16305
2026-08-07T11:55:00-04:00	11.4400	11.0589	1718
2026-08-07T11:56:00-04:00	11.4600	11.0607	9335
2026-08-07T11:57:00-04:00	11.4578	11.0608	1074
2026-08-07T11:58:00-04:00	11.4200	11.0644	21462
2026-08-07T11:59:00-04:00	11.5000	11.0666	11715
2026-08-07T12:00:00-04:00	11.4850	11.0670	2102
2026-08-07T12:01:00-04:00	11.4500	11.0685	9111
2026-08-07T12:02:00-04:00	11.4700	11.0698	7356
2026-08-07T12:03:00-04:00	11.4500	11.0704	4008
2026-08-07T12:04:00-04:00	11.4500	11.0713	5047
2026-08-07T12:05:00-04:00	11.5000	11.0737	13416
2026-08-07T12:06:00-04:00	11.5050	11.0744	3879
2026-08-07T12:07:00-04:00	11.5000	11.0751	3972
2026-08-07T12:08:00-04:00	11.4500	11.0765	7700
2026-08-07T12:09:00-04:00	11.4750	11.0772	4106
2026-08-07T12:10:00-04:00	11.5150	11.0777	2853
2026-08-07T12:11:00-04:00	11.5150	11.0783	3328
2026-08-07T12:12:00-04:00	11.4850	11.0795	6789
2026-08-07T12:13:00-04:00	11.5150	11.0811	8702
2026-08-07T12:14:00-04:00	11.5150	11.0811	316
2026-08-07T12:15:00-04:00	11.5050	11.0815	2142
2026-08-07T12:16:00-04:00	11.5200	11.0831	8758
2026-08-07T12:17:00-04:00	11.4950	11.0838	3686
2026-08-07T12:18:00-04:00	11.5750	11.0869	16229
2026-08-07T12:19:00-04:00	11.5200	11.0881	6169
2026-08-07T12:20:00-04:00	11.5300	11.0882	598
2026-08-07T12:21:00-04:00	11.4600	11.0893	6254
2026-08-07T12:22:00-04:00	11.4200	11.0903	7311
2026-08-07T12:23:00-04:00	11.4100	11.0906	1625
2026-08-07T12:24:00-04:00	11.3200	11.0913	6907
2026-08-07T12:25:00-04:00	11.3600	11.0921	7949
2026-08-07T12:26:00-04:00	11.3450	11.0923	1668
2026-08-07T12:27:00-04:00	11.3850	11.0943	17333
2026-08-07T12:28:00-04:00	11.4000	11.0964	17426
2026-08-07T12:29:00-04:00	11.4150	11.0967	2631
2026-08-07T12:30:00-04:00	11.3900	11.0968	791
2026-08-07T12:31:00-04:00	11.3900	11.0987	15586
2026-08-07T12:32:00-04:00	11.3800	11.0994	6270
2026-08-07T12:33:00-04:00	11.3700	11.0997	2120
2026-08-07T12:34:00-04:00	11.3700	11.0999	1947
2026-08-07T12:35:00-04:00	11.3700	11.1002	2774
2026-08-07T12:36:00-04:00	11.3700	11.1005	2773
2026-08-07T12:37:00-04:00	11.3200	11.1009	3534
2026-08-07T12:38:00-04:00	11.3000	11.1010	2176
2026-08-07T12:39:00-04:00	11.3200	11.1013	2184
2026-08-07T12:40:00-04:00	11.3550	11.1015	2763
2026-08-07T12:41:00-04:00	11.3300	11.1020	5167
2026-08-07T12:42:00-04:00	11.2550	11.1027	8382
2026-08-07T12:43:00-04:00	11.3041	11.1032	7944
2026-08-07T12:44:00-04:00	11.3100	11.1037	5577
2026-08-07T12:45:00-04:00	11.3200	11.1039	2823
2026-08-07T12:46:00-04:00	11.3850	11.1062	22287
2026-08-07T12:47:00-04:00	11.3700	11.1064	2272
2026-08-07T12:48:00-04:00	11.3600	11.1076	11053
2026-08-07T12:49:00-04:00	11.3437	11.1080	4106
2026-08-07T12:50:00-04:00	11.4400	11.1104	20480
2026-08-07T12:51:00-04:00	11.4100	11.1108	3272
2026-08-07T12:52:00-04:00	11.4000	11.1109	687
2026-08-07T12:53:00-04:00	11.3700	11.1110	1130
2026-08-07T12:54:00-04:00	11.3700	11.1116	6192
2026-08-07T12:55:00-04:00	11.3700	11.1124	7981
2026-08-07T12:56:00-04:00	11.3800	11.1126	1828
2026-08-07T12:57:00-04:00	11.3500	11.1128	2242
2026-08-07T12:58:00-04:00	11.3300	11.1131	4034
2026-08-07T12:59:00-04:00	11.3850	11.1148	16904
2026-08-07T13:00:00-04:00	11.3800	11.1149	985
2026-08-07T13:01:00-04:00	11.3600	11.1154	5477
2026-08-07T13:02:00-04:00	11.3500	11.1158	4005
2026-08-07T13:03:00-04:00	11.3600	11.1162	4712
2026-08-07T13:04:00-04:00	11.3400	11.1171	9489
2026-08-07T13:05:00-04:00	11.3600	11.1173	2428
2026-08-07T13:06:00-04:00	11.4050	11.1191	16424
2026-08-07T13:07:00-04:00	11.4350	11.1205	12224
2026-08-07T13:08:00-04:00	11.4700	11.1209	3061
2026-08-07T13:09:00-04:00	11.4000	11.1215	5162
2026-08-07T13:10:00-04:00	11.4000	11.1220	4601
2026-08-07T13:11:00-04:00	11.4250	11.1221	1455
2026-08-07T13:12:00-04:00	11.4250	11.1224	2654
2026-08-07T13:13:00-04:00	11.3800	11.1228	4232
2026-08-07T13:14:00-04:00	11.3200	11.1231	2882
2026-08-07T13:15:00-04:00	11.3300	11.1232	2017
2026-08-07T13:16:00-04:00	11.3200	11.1234	1790
2026-08-07T13:17:00-04:00	11.3200	11.1239	6544
2026-08-07T13:18:00-04:00	11.3800	11.1247	8497
2026-08-07T13:19:00-04:00	11.4100	11.1254	7592
2026-08-07T13:20:00-04:00	11.4500	11.1259	3930
2026-08-07T13:21:00-04:00	11.4100	11.1261	2160
2026-08-07T13:22:00-04:00	11.3700	11.1265	4659
2026-08-07T13:23:00-04:00	11.3700	11.1268	2461
2026-08-07T13:24:00-04:00	11.3900	11.1272	4595
2026-08-07T13:25:00-04:00	11.3600	11.1274	2450
2026-08-07T13:26:00-04:00	11.3900	11.1284	10887
2026-08-07T13:27:00-04:00	11.3850	11.1284	334
2026-08-07T13:28:00-04:00	11.3500	11.1286	1449
2026-08-07T13:29:00-04:00	11.3150	11.1291	6932
2026-08-07T13:30:00-04:00	11.3362	11.1299	11957
2026-08-07T13:31:00-04:00	11.3300	11.1304	7128
2026-08-07T13:32:00-04:00	11.3400	11.1312	9953
2026-08-07T13:33:00-04:00	11.3300	11.1312	584
2026-08-07T13:34:00-04:00	11.3200	11.1314	2227
2026-08-07T13:35:00-04:00	11.3000	11.1316	3405
2026-08-07T13:36:00-04:00	11.3300	11.1327	18528
2026-08-07T13:37:00-04:00	11.3200	11.1327	1121
2026-08-07T13:38:00-04:00	11.3150	11.1328	846
2026-08-07T13:39:00-04:00	11.2900	11.1329	1655
2026-08-07T13:40:00-04:00	11.3100	11.1330	1890
2026-08-07T13:41:00-04:00	11.2900	11.1331	2435
2026-08-07T13:42:00-04:00	11.3100	11.1336	8049
2026-08-07T13:43:00-04:00	11.3150	11.1337	403
2026-08-07T13:44:00-04:00	11.2600	11.1339	5515
2026-08-07T13:45:00-04:00	11.3600	11.1345	8818
2026-08-07T13:46:00-04:00	11.3900	11.1346	1014
2026-08-07T13:47:00-04:00	11.3200	11.1347	2021
2026-08-07T13:48:00-04:00	11.3400	11.1349	2623
2026-08-07T13:49:00-04:00	11.3650	11.1351	1885
2026-08-07T13:50:00-04:00	11.3450	11.1352	2154
2026-08-07T13:51:00-04:00	11.3200	11.1354	2535
2026-08-07T13:52:00-04:00	11.3500	11.1360	8633
2026-08-07T13:53:00-04:00	11.3500	11.1361	1088
2026-08-07T13:54:00-04:00	11.3300	11.1362	1128
2026-08-07T13:55:00-04:00	11.3500	11.1362	164
2026-08-07T13:56:00-04:00	11.3150	11.1363	1735
2026-08-07T13:57:00-04:00	11.3400	11.1367	6736
2026-08-07T13:58:00-04:00	11.3500	11.1368	571
2026-08-07T13:59:00-04:00	11.3000	11.1370	2943
2026-08-07T14:00:00-04:00	11.3150	11.1372	3639
2026-08-07T14:01:00-04:00	11.2800	11.1372	1069
2026-08-07T14:02:00-04:00	11.3600	11.1373	1538
2026-08-07T14:03:00-04:00	11.3200	11.1373	137
2026-08-07T14:04:00-04:00	11.3250	11.1374	1126
2026-08-07T14:05:00-04:00	11.3200	11.1375	1187
2026-08-07T14:06:00-04:00	11.3200	11.1375	643
2026-08-07T14:07:00-04:00	11.2724	11.1378	5796
2026-08-07T14:08:00-04:00	11.2700	11.1379	1108
2026-08-07T14:09:00-04:00	11.2700	11.1379	226
2026-08-07T14:10:00-04:00	11.2700	11.1379	582
2026-08-07T14:11:00-04:00	11.3100	11.1379	831
2026-08-07T14:12:00-04:00	11.2800	11.1380	404
2026-08-07T14:13:00-04:00	11.2650	11.1381	3684
2026-08-07T14:14:00-04:00	11.2750	11.1382	1369
2026-08-07T14:15:00-04:00	11.2500	11.1383	2440
2026-08-07T14:16:00-04:00	11.2500	11.1383	711
2026-08-07T14:17:00-04:00	11.2500	11.1386	8231
2026-08-07T14:18:00-04:00	11.2400	11.1387	604
2026-08-07T14:19:00-04:00	11.2550	11.1387	1484
2026-08-07T14:20:00-04:00	11.2350	11.1389	6181
2026-08-07T14:21:00-04:00	11.1900	11.1390	3817
2026-08-07T14:22:00-04:00	11.1910	11.1392	9633
2026-08-07T14:23:00-04:00	11.2050	11.1392	1228
2026-08-07T14:24:00-04:00	11.1850	11.1393	1531
2026-08-07T14:25:00-04:00	11.1800	11.1394	10675
2026-08-07T14:26:00-04:00	11.1400	11.1394	2103
2026-08-07T14:27:00-04:00	11.1550	11.1394	3730
2026-08-07T14:28:00-04:00	11.1600	11.1394	3785
2026-08-07T14:29:00-04:00	11.2000	11.1397	14547
2026-08-07T14:30:00-04:00	11.2100	11.1397	827
2026-08-07T14:31:00-04:00	11.2150	11.1398	513
2026-08-07T14:32:00-04:00	11.1800	11.1398	2018
2026-08-07T14:33:00-04:00	11.1800	11.1398	2607
2026-08-07T14:34:00-04:00	11.1900	11.1399	4744
2026-08-07T14:35:00-04:00	11.1900	11.1400	4920
2026-08-07T14:36:00-04:00	11.2100	11.1401	3304
2026-08-07T14:37:00-04:00	11.2250	11.1401	1028
2026-08-07T14:38:00-04:00	11.2250	11.1401	841
2026-08-07T14:39:00-04:00	11.2200	11.1402	3699
2026-08-07T14:40:00-04:00	11.2200	11.1403	3078
2026-08-07T14:41:00-04:00	11.2550	11.1407	8960
2026-08-07T14:42:00-04:00	11.2550	11.1407	371
2026-08-07T14:43:00-04:00	11.2550	11.1407	297
2026-08-07T14:44:00-04:00	11.2250	11.1409	7477
2026-08-07T14:45:00-04:00	11.2200	11.1410	2686
2026-08-07T14:46:00-04:00	11.1550	11.1411	10045
2026-08-07T14:47:00-04:00	11.1400	11.1411	6446
2026-08-07T14:48:00-04:00	11.1350	11.1411	2687
2026-08-07T14:49:00-04:00	11.1250	11.1411	6138
2026-08-07T14:50:00-04:00	11.1400	11.1411	4981
2026-08-07T14:51:00-04:00	11.1400	11.1411	752
2026-08-07T14:52:00-04:00	11.1400	11.1411	782
2026-08-07T14:53:00-04:00	11.1250	11.1411	3453
2026-08-07T14:54:00-04:00	11.1100	11.1410	8180
2026-08-07T14:55:00-04:00	11.1100	11.1410	2271
2026-08-07T14:56:00-04:00	11.0950	11.1410	1918
2026-08-07T14:57:00-04:00	11.1200	11.1409	10196
2026-08-07T14:58:00-04:00	11.1200	11.1409	586
2026-08-07T14:59:00-04:00	11.1150	11.1408	8361
2026-08-07T15:00:00-04:00	11.1300	11.1407	15544
2026-08-07T15:01:00-04:00	11.1350	11.1407	15323
2026-08-07T15:02:00-04:00	11.1300	11.1407	2004
2026-08-07T15:03:00-04:00	11.1350	11.1407	6045
2026-08-07T15:04:00-04:00	11.1300	11.1407	2491
2026-08-07T15:05:00-04:00	11.1350	11.1407	8425
2026-08-07T15:06:00-04:00	11.1600	11.1407	14265
2026-08-07T15:08:00-04:00	11.1400	11.1407	5629
2026-08-07T15:09:00-04:00	11.1350	11.1407	3022
2026-08-07T15:10:00-04:00	11.1450	11.1407	3707
2026-08-07T15:11:00-04:00	11.1450	11.1407	4072
2026-08-07T15:12:00-04:00	11.1450	11.1407	946
2026-08-07T15:13:00-04:00	11.1600	11.1408	8460
2026-08-07T15:14:00-04:00	11.1600	11.1408	1284
2026-08-07T15:15:00-04:00	11.1600	11.1408	1608
2026-08-07T15:16:00-04:00	11.1600	11.1408	1424
2026-08-07T15:17:00-04:00	11.1500	11.1408	9340
2026-08-07T15:18:00-04:00	11.1400	11.1408	7133
2026-08-07T15:19:00-04:00	11.1550	11.1408	3573
2026-08-07T15:20:00-04:00	11.1700	11.1409	2572
2026-08-07T15:21:00-04:00	11.1600	11.1409	8465
2026-08-07T15:22:00-04:00	11.1700	11.1410	7640
2026-08-07T15:23:00-04:00	11.1800	11.1410	1044
2026-08-07T15:24:00-04:00	11.1500	11.1410	2401
2026-08-07T15:25:00-04:00	11.1400	11.1410	2153
2026-08-07T15:26:00-04:00	11.1550	11.1410	3461
2026-08-07T15:27:00-04:00	11.1300	11.1410	7625
2026-08-07T15:28:00-04:00	11.1400	11.1410	7284
2026-08-07T15:29:00-04:00	11.1200	11.1409	4029
2026-08-07T15:30:00-04:00	11.1100	11.1409	6317
2026-08-07T15:31:00-04:00	11.0800	11.1407	13190
2026-08-07T15:32:00-04:00	11.0900	11.1406	4622
2026-08-07T15:33:00-04:00	11.0850	11.1406	1910
2026-08-07T15:34:00-04:00	11.0950	11.1403	13398
2026-08-07T15:35:00-04:00	11.1300	11.1403	10486
2026-08-07T15:36:00-04:00	11.1300	11.1403	2925
2026-08-07T15:37:00-04:00	11.1500	11.1403	2734
2026-08-07T15:38:00-04:00	11.1650	11.1403	10841
2026-08-07T15:39:00-04:00	11.1550	11.1404	3433
2026-08-07T15:40:00-04:00	11.1200	11.1403	5573
2026-08-07T15:41:00-04:00	11.1250	11.1403	5278
2026-08-07T15:42:00-04:00	11.1500	11.1403	3693
2026-08-07T15:43:00-04:00	11.1400	11.1403	4102
2026-08-07T15:44:00-04:00	11.0900	11.1402	9117
2026-08-07T15:45:00-04:00	11.0600	11.1394	38670
2026-08-07T15:46:00-04:00	11.0650	11.1391	14507
2026-08-07T15:47:00-04:00	11.0600	11.1389	7005
2026-08-07T15:48:00-04:00	11.0890	11.1386	17412
2026-08-07T15:49:00-04:00	11.0850	11.1385	8002
2026-08-07T15:50:00-04:00	11.1800	11.1386	20655
2026-08-07T15:51:00-04:00	11.2750	11.1394	26283
2026-08-07T15:52:00-04:00	11.2700	11.1401	20146
2026-08-07T15:53:00-04:00	11.2900	11.1403	5991
2026-08-07T15:54:00-04:00	11.3200	11.1411	15507
2026-08-07T15:55:00-04:00	11.3650	11.1430	31968
2026-08-07T15:56:00-04:00	11.4350	11.1454	32043
2026-08-07T15:57:00-04:00	11.5000	11.1477	24389
2026-08-07T15:58:00-04:00	11.4000	11.1523	59914
2026-08-07T15:59:00-04:00	11.4000	11.1570	65558
2026-08-10T09:30:00-04:00	11.6732	11.5294	60885
2026-08-10T09:31:00-04:00	11.9300	11.6490	34669
2026-08-10T09:32:00-04:00	11.8900	11.6625	6130
2026-08-10T09:33:00-04:00	11.8000	11.6954	30876
2026-08-10T09:34:00-04:00	11.7050	11.6980	6311
2026-08-10T09:35:00-04:00	11.7200	11.6995	5954
2026-08-10T09:36:00-04:00	11.6850	11.6989	8327
2026-08-10T09:37:00-04:00	11.5525	11.6878	15735
2026-08-10T09:38:00-04:00	11.3900	11.6816	4099
2026-08-10T09:39:00-04:00	11.2700	11.6722	4811
2026-08-10T09:40:00-04:00	11.1300	11.6570	6911
2026-08-10T09:41:00-04:00	11.0400	11.6242	11552
2026-08-10T09:42:00-04:00	11.1400	11.6083	6138
2026-08-10T09:43:00-04:00	11.1050	11.5938	5837
2026-08-10T09:44:00-04:00	11.1725	11.5873	2961
2026-08-10T09:45:00-04:00	10.9700	11.5519	14004
2026-08-10T09:46:00-04:00	10.9200	11.5266	9547
2026-08-10T09:47:00-04:00	10.8450	11.4773	18302
2026-08-10T09:48:00-04:00	10.7900	11.4252	21088
2026-08-10T09:49:00-04:00	10.8850	11.3996	13080
2026-08-10T09:50:00-04:00	10.8850	11.3784	12110
2026-08-10T09:51:00-04:00	10.8900	11.3750	2060
2026-08-10T09:52:00-04:00	10.7900	11.3668	4577
2026-08-10T09:53:00-04:00	10.8900	11.3539	7838
2026-08-10T09:54:00-04:00	10.9650	11.3441	7446
2026-08-10T09:55:00-04:00	10.9300	11.3350	7199
2026-08-10T09:56:00-04:00	10.9050	11.3316	2643
2026-08-10T09:57:00-04:00	10.8700	11.3230	6611
2026-08-10T09:58:00-04:00	10.8500	11.3177	3708
2026-08-10T09:59:00-04:00	10.7800	11.3023	10784
2026-08-10T10:00:00-04:00	10.8700	11.2920	8085
2026-08-10T10:01:00-04:00	10.7900	11.2836	6377
2026-08-10T10:02:00-04:00	10.7850	11.2752	6280
2026-08-10T10:03:00-04:00	10.7400	11.2522	17059
2026-08-10T10:04:00-04:00	10.7200	11.2469	4041
2026-08-10T10:05:00-04:00	10.8400	11.2348	11121
2026-08-10T10:06:00-04:00	10.8100	11.2291	5743
2026-08-10T10:07:00-04:00	10.8050	11.2287	456
2026-08-10T10:08:00-04:00	10.7550	11.2256	2683
2026-08-10T10:09:00-04:00	10.7200	11.2023	19347
2026-08-10T10:10:00-04:00	10.7400	11.1673	38223
2026-08-10T10:11:00-04:00	10.6600	11.1617	5567
2026-08-10T10:12:00-04:00	10.7000	11.1344	30031
2026-08-10T10:13:00-04:00	10.6600	11.1271	7912
2026-08-10T10:14:00-04:00	10.6500	11.1231	4347
2026-08-10T10:15:00-04:00	10.6999	11.1152	9560
2026-08-10T10:16:00-04:00	10.6643	11.1120	3704
2026-08-10T10:17:00-04:00	10.6600	11.1068	6103
2026-08-10T10:18:00-04:00	10.6800	11.1002	8230
2026-08-10T10:19:00-04:00	10.7100	11.0970	4350
2026-08-10T10:20:00-04:00	10.7100	11.0866	15362
2026-08-10T10:21:00-04:00	10.7300	11.0812	8257
2026-08-10T10:22:00-04:00	10.7400	11.0760	8712
2026-08-10T10:23:00-04:00	10.7000	11.0638	20692
2026-08-10T10:24:00-04:00	10.6950	11.0610	4649
2026-08-10T10:25:00-04:00	10.7600	11.0556	9975
2026-08-10T10:26:00-04:00	10.7850	11.0402	36631
2026-08-10T10:27:00-04:00	10.7750	11.0381	5159
2026-08-10T10:28:00-04:00	10.7000	11.0351	6523
2026-08-10T10:29:00-04:00	10.7250	11.0325	6010
2026-08-10T10:30:00-04:00	10.6899	11.0269	11388
2026-08-10T10:31:00-04:00	10.7100	11.0236	7118
2026-08-10T10:32:00-04:00	10.7400	11.0146	21775
2026-08-10T10:33:00-04:00	10.7550	11.0123	6112
2026-08-10T10:34:00-04:00	10.7500	11.0112	3258
2026-08-10T10:35:00-04:00	10.8072	11.0095	5481
2026-08-10T10:36:00-04:00	10.8250	11.0082	5411
2026-08-10T10:37:00-04:00	10.8400	11.0032	20261
2026-08-10T10:38:00-04:00	10.8018	11.0012	7008
2026-08-10T10:39:00-04:00	10.8000	11.0000	4239
2026-08-10T10:40:00-04:00	10.7600	10.9984	5206
2026-08-10T10:41:00-04:00	10.8300	10.9968	6744
2026-08-10T10:42:00-04:00	10.8650	10.9957	6689
2026-08-10T10:43:00-04:00	10.8300	10.9949	3959
2026-08-10T10:44:00-04:00	10.8400	10.9945	1875
2026-08-10T10:45:00-04:00	10.8457	10.9936	4412
2026-08-10T10:46:00-04:00	10.8700	10.9924	6713
2026-08-10T10:47:00-04:00	10.8850	10.9916	5388
2026-08-10T10:48:00-04:00	10.8800	10.9912	2639
2026-08-10T10:49:00-04:00	10.8101	10.9904	4061
2026-08-10T10:50:00-04:00	10.8496	10.9888	8003
2026-08-10T10:51:00-04:00	10.8250	10.9881	3668
2026-08-10T10:52:00-04:00	10.8500	10.9831	24313
2026-08-10T10:53:00-04:00	10.8325	10.9829	1493
2026-08-10T10:54:00-04:00	10.7835	10.9823	2721
2026-08-10T10:55:00-04:00	10.7700	10.9818	1982
2026-08-10T10:56:00-04:00	10.8300	10.9809	4383
2026-08-10T10:57:00-04:00	10.8300	10.9808	596
2026-08-10T10:58:00-04:00	10.8150	10.9808	221
2026-08-10T10:59:00-04:00	10.7800	10.9799	3984
2026-08-10T11:00:00-04:00	10.8425	10.9776	12972
2026-08-10T11:01:00-04:00	10.8450	10.9775	1030
2026-08-10T11:02:00-04:00	10.8300	10.9770	2810
2026-08-10T11:03:00-04:00	10.8117	10.9767	1370
2026-08-10T11:04:00-04:00	10.7700	10.9761	2919
2026-08-10T11:05:00-04:00	10.7400	10.9723	15018
2026-08-10T11:06:00-04:00	10.7700	10.9716	3102
2026-08-10T11:07:00-04:00	10.7700	10.9703	5411
2026-08-10T11:08:00-04:00	10.7300	10.9700	1454
2026-08-10T11:09:00-04:00	10.7400	10.9693	2424
2026-08-10T11:10:00-04:00	10.7300	10.9682	4546
2026-08-10T11:11:00-04:00	10.7000	10.9674	2799
2026-08-10T11:12:00-04:00	10.7250	10.9611	22715
2026-08-10T11:13:00-04:00	10.7200	10.9609	880
2026-08-10T11:14:00-04:00	10.7000	10.9592	5993
2026-08-10T11:15:00-04:00	10.8199	10.9580	6842
2026-08-10T11:16:00-04:00	10.7400	10.9574	2947
2026-08-10T11:17:00-04:00	10.6600	10.9567	2490
2026-08-10T11:18:00-04:00	10.6500	10.9561	2163
2026-08-10T11:19:00-04:00	10.6750	10.9556	1710
2026-08-10T11:20:00-04:00	10.7200	10.9537	7242
2026-08-10T11:21:00-04:00	10.7364	10.9534	1275
2026-08-10T11:22:00-04:00	10.7200	10.9532	1093
2026-08-10T11:23:00-04:00	10.7000	10.9524	3197
2026-08-10T11:24:00-04:00	10.7200	10.9518	2323
2026-08-10T11:25:00-04:00	10.7000	10.9510	3278
2026-08-10T11:26:00-04:00	10.7000	10.9504	2408
2026-08-10T11:27:00-04:00	10.7150	10.9498	2276
2026-08-10T11:28:00-04:00	10.7300	10.9494	2177
2026-08-10T11:29:00-04:00	10.7000	10.9488	2283
2026-08-10T11:30:00-04:00	10.7100	10.9483	2147
2026-08-10T11:31:00-04:00	10.7100	10.9479	1468
2026-08-10T11:32:00-04:00	10.7200	10.9476	1451
2026-08-10T11:33:00-04:00	10.7000	10.9455	8446
2026-08-10T11:34:00-04:00	10.7100	10.9454	444
2026-08-10T11:35:00-04:00	10.7290	10.9448	2790
2026-08-10T11:36:00-04:00	10.7100	10.9442	2491
2026-08-10T11:37:00-04:00	10.6650	10.9420	8798
2026-08-10T11:38:00-04:00	10.6600	10.9417	801
2026-08-10T11:39:00-04:00	10.6150	10.9378	13075
2026-08-10T11:40:00-04:00	10.6100	10.9365	3958
2026-08-10T11:41:00-04:00	10.6600	10.9338	9686
2026-08-10T11:42:00-04:00	10.6472	10.9327	4085
2026-08-10T11:43:00-04:00	10.6500	10.9312	5715
2026-08-10T11:44:00-04:00	10.6400	10.9293	7147
2026-08-10T11:45:00-04:00	10.6195	10.9273	7044
2026-08-10T11:46:00-04:00	10.6000	10.9263	3227
2026-08-10T11:47:00-04:00	10.6100	10.9257	2186
2026-08-10T11:48:00-04:00	10.6200	10.9233	8382
2026-08-10T11:49:00-04:00	10.6000	10.9224	2998
2026-08-10T11:50:00-04:00	10.6100	10.9205	6527
2026-08-10T11:51:00-04:00	10.6400	10.9183	8526
2026-08-10T11:52:00-04:00	10.6600	10.9175	3511
2026-08-10T11:53:00-04:00	10.6500	10.9171	1682
2026-08-10T11:54:00-04:00	10.6450	10.9161	3863
2026-08-10T11:55:00-04:00	10.6300	10.9146	6107
2026-08-10T11:56:00-04:00	10.6800	10.9133	5747
2026-08-10T11:57:00-04:00	10.7250	10.9127	3224
2026-08-10T11:58:00-04:00	10.7100	10.9110	10152
2026-08-10T11:59:00-04:00	10.6400	10.9080	14090
2026-08-10T12:00:00-04:00	10.6400	10.9068	5198
2026-08-10T12:01:00-04:00	10.6478	10.9054	6286
2026-08-10T12:02:00-04:00	10.6100	10.9045	3631
2026-08-10T12:03:00-04:00	10.6100	10.9040	1982
2026-08-10T12:04:00-04:00	10.6600	10.9028	5677
2026-08-10T12:05:00-04:00	10.6650	10.9026	677
2026-08-10T12:06:00-04:00	10.6650	10.9021	2771
2026-08-10T12:07:00-04:00	10.6300	10.9015	2497
2026-08-10T12:08:00-04:00	10.6200	10.9006	4067
2026-08-10T12:09:00-04:00	10.5900	10.8962	17911
2026-08-10T12:10:00-04:00	10.5600	10.8923	14352
2026-08-10T12:11:00-04:00	10.5700	10.8889	12718
2026-08-10T12:12:00-04:00	10.5308	10.8875	5077
2026-08-10T12:13:00-04:00	10.5250	10.8866	3182
2026-08-10T12:14:00-04:00	10.5200	10.8855	3662
2026-08-10T12:15:00-04:00	10.5100	10.8846	3053
2026-08-10T12:16:00-04:00	10.5219	10.8818	9672
2026-08-10T12:17:00-04:00	10.5400	10.8803	5567
2026-08-10T12:18:00-04:00	10.5250	10.8788	5374
2026-08-10T12:19:00-04:00	10.5500	10.8761	10093
2026-08-10T12:20:00-04:00	10.5350	10.8756	1821
2026-08-10T12:21:00-04:00	10.5300	10.8753	997
2026-08-10T12:22:00-04:00	10.5400	10.8738	5922
2026-08-10T12:23:00-04:00	10.5430	10.8735	1018
2026-08-10T12:24:00-04:00	10.5300	10.8730	2019
2026-08-10T12:25:00-04:00	10.5500	10.8712	6982
2026-08-10T12:26:00-04:00	10.5274	10.8697	5600
2026-08-10T12:27:00-04:00	10.5100	10.8696	302
2026-08-10T12:28:00-04:00	10.5500	10.8682	5768
2026-08-10T12:29:00-04:00	10.5250	10.8656	10205
2026-08-10T12:30:00-04:00	10.5450	10.8638	7459
2026-08-10T12:31:00-04:00	10.5400	10.8636	841
2026-08-10T12:32:00-04:00	10.5198	10.8575	22479
2026-08-10T12:33:00-04:00	10.4850	10.8563	4455
2026-08-10T12:34:00-04:00	10.5000	10.8553	3923
2026-08-10T12:35:00-04:00	10.5100	10.8537	6372
2026-08-10T12:36:00-04:00	10.5200	10.8531	2435
2026-08-10T12:37:00-04:00	10.5000	10.8526	1789
2026-08-10T12:38:00-04:00	10.5100	10.8518	3102
2026-08-10T12:39:00-04:00	10.4700	10.8504	5544
2026-08-10T12:40:00-04:00	10.4800	10.8490	5033
2026-08-10T12:41:00-04:00	10.4200	10.8429	21585
2026-08-10T12:42:00-04:00	10.4400	10.8399	10240
2026-08-10T12:43:00-04:00	10.4300	10.8397	956
2026-08-10T12:44:00-04:00	10.4000	10.8352	14757
2026-08-10T12:45:00-04:00	10.3500	10.8331	6134
2026-08-10T12:46:00-04:00	10.3754	10.8296	11125
2026-08-10T12:47:00-04:00	10.3700	10.8275	6565
2026-08-10T12:48:00-04:00	10.3776	10.8260	4858
2026-08-10T12:49:00-04:00	10.3650	10.8217	13591
2026-08-10T12:50:00-04:00	10.3600	10.8189	8965
2026-08-10T12:51:00-04:00	10.3800	10.8176	4373
2026-08-10T12:52:00-04:00	10.3650	10.8166	3277
2026-08-10T12:53:00-04:00	10.3800	10.8114	17893
2026-08-10T12:54:00-04:00	10.3600	10.8111	1104
2026-08-10T12:55:00-04:00	10.3892	10.8095	5757
2026-08-10T12:56:00-04:00	10.3700	10.8089	1932
2026-08-10T12:57:00-04:00	10.3800	10.8080	3279
2026-08-10T12:58:00-04:00	10.3700	10.8063	6096
2026-08-10T12:59:00-04:00	10.3750	10.8055	2732
2026-08-10T13:00:00-04:00	10.3608	10.8044	3870
2026-08-10T13:01:00-04:00	10.3700	10.8038	2111
2026-08-10T13:02:00-04:00	10.3600	10.8031	2142
2026-08-10T13:03:00-04:00	10.3350	10.8017	4706
2026-08-10T13:04:00-04:00	10.3600	10.8001	5629
2026-08-10T13:05:00-04:00	10.3500	10.7997	1350
2026-08-10T13:06:00-04:00	10.3600	10.7983	5012
2026-08-10T13:07:00-04:00	10.3500	10.7970	4624
2026-08-10T13:08:00-04:00	10.3600	10.7966	1190
2026-08-10T13:09:00-04:00	10.3500	10.7962	1547
2026-08-10T13:10:00-04:00	10.3600	10.7955	2626
2026-08-10T13:11:00-04:00	10.3200	10.7935	6688
2026-08-10T13:12:00-04:00	10.3100	10.7924	3557
2026-08-10T13:13:00-04:00	10.3100	10.7908	5331
2026-08-10T13:14:00-04:00	10.3000	10.7896	3862
2026-08-10T13:15:00-04:00	10.3200	10.7879	5644
2026-08-10T13:16:00-04:00	10.3300	10.7876	1225
2026-08-10T13:17:00-04:00	10.3300	10.7870	1955
2026-08-10T13:18:00-04:00	10.3300	10.7855	4995
2026-08-10T13:19:00-04:00	10.3300	10.7834	7539
2026-08-10T13:20:00-04:00	10.3200	10.7825	3119
2026-08-10T13:21:00-04:00	10.3100	10.7803	7683
2026-08-10T13:22:00-04:00	10.3200	10.7791	4258
2026-08-10T13:23:00-04:00	10.3400	10.7765	9473
2026-08-10T13:24:00-04:00	10.3599	10.7756	3664
2026-08-10T13:25:00-04:00	10.3700	10.7738	7053
2026-08-10T13:26:00-04:00	10.3781	10.7737	428
2026-08-10T13:27:00-04:00	10.3700	10.7734	1025
2026-08-10T13:28:00-04:00	10.3500	10.7731	1399
2026-08-10T13:29:00-04:00	10.3700	10.7723	3256
2026-08-10T13:30:00-04:00	10.3500	10.7713	3678
2026-08-10T13:31:00-04:00	10.3600	10.7704	3918
2026-08-10T13:32:00-04:00	10.3700	10.7693	4158
2026-08-10T13:33:00-04:00	10.3800	10.7683	4199
2026-08-10T13:34:00-04:00	10.3600	10.7678	2382
2026-08-10T13:35:00-04:00	10.3700	10.7665	5465
2026-08-10T13:36:00-04:00	10.3800	10.7656	3851
2026-08-10T13:37:00-04:00	10.3700	10.7639	7178
2026-08-10T13:38:00-04:00	10.3600	10.7637	672
2026-08-10T13:39:00-04:00	10.3700	10.7616	9319
2026-08-10T13:40:00-04:00	10.3550	10.7605	4444
2026-08-10T13:41:00-04:00	10.3260	10.7596	3446
2026-08-10T13:42:00-04:00	10.3200	10.7583	4984
2026-08-10T13:43:00-04:00	10.3200	10.7578	2042
2026-08-10T13:44:00-04:00	10.3250	10.7574	1638
2026-08-10T13:45:00-04:00	10.3100	10.7569	1980
2026-08-10T13:46:00-04:00	10.3600	10.7553	6653
2026-08-10T13:47:00-04:00	10.3600	10.7548	2123
2026-08-10T13:48:00-04:00	10.3600	10.7547	483
2026-08-10T13:49:00-04:00	10.3500	10.7542	2134
2026-08-10T13:50:00-04:00	10.3700	10.7535	3242
2026-08-10T13:51:00-04:00	10.3600	10.7529	2327
2026-08-10T13:52:00-04:00	10.3500	10.7523	2544
2026-08-10T13:53:00-04:00	10.3400	10.7509	6346
2026-08-10T13:54:00-04:00	10.3600	10.7505	1475
2026-08-10T13:55:00-04:00	10.3500	10.7502	1318
2026-08-10T13:57:00-04:00	10.3588	10.7494	3558
2026-08-10T13:58:00-04:00	10.3600	10.7487	3158
2026-08-10T13:59:00-04:00	10.3600	10.7483	1720
2026-08-10T14:00:00-04:00	10.3700	10.7476	3306
2026-08-10T14:01:00-04:00	10.3600	10.7469	3209
2026-08-10T14:02:00-04:00	10.3500	10.7465	1735
2026-08-10T14:03:00-04:00	10.3762	10.7464	470
2026-08-10T14:04:00-04:00	10.3650	10.7461	1398
2026-08-10T14:05:00-04:00	10.4000	10.7425	17527
2026-08-10T14:06:00-04:00	10.3800	10.7420	2493
2026-08-10T14:07:00-04:00	10.4200	10.7407	7091
2026-08-10T14:08:00-04:00	10.4350	10.7406	503
2026-08-10T14:09:00-04:00	10.3800	10.7386	10030
2026-08-10T14:10:00-04:00	10.3700	10.7384	1449
