timestamp_et	close	running_vwap	volume
2026-08-04T09:30:00-04:00	14.9900	14.9600	13874
2026-08-04T09:32:00-04:00	14.8200	14.9833	47885
2026-08-04T09:33:00-04:00	15.0000	14.9783	16911
2026-08-04T09:34:00-04:00	15.0700	14.9803	2711
2026-08-04T09:35:00-04:00	14.9700	14.9820	4092
2026-08-04T09:36:00-04:00	14.9800	14.9829	3631
2026-08-04T09:37:00-04:00	14.9900	14.9845	6672
2026-08-04T09:38:00-04:00	14.9200	14.9830	4904
2026-08-04T09:39:00-04:00	14.8800	14.9817	1238
2026-08-04T09:40:00-04:00	14.9052	14.9769	10608
2026-08-04T09:41:00-04:00	14.8800	14.9751	2648
2026-08-04T09:42:00-04:00	14.9487	14.9738	3861
2026-08-04T09:43:00-04:00	14.8900	14.9733	845
2026-08-04T09:44:00-04:00	14.8300	14.9695	3812
2026-08-04T09:45:00-04:00	14.7400	14.9605	5798
2026-08-04T09:46:00-04:00	14.6900	14.9555	2596
2026-08-04T09:47:00-04:00	14.7250	14.9474	4724
2026-08-04T09:48:00-04:00	14.6300	14.9443	1528
2026-08-04T09:49:00-04:00	14.6100	14.9302	6697
2026-08-04T09:50:00-04:00	14.6600	14.9255	2510
2026-08-04T09:51:00-04:00	14.7500	14.9157	8116
2026-08-04T09:52:00-04:00	14.6700	14.9054	7842
2026-08-04T09:53:00-04:00	14.6500	14.9044	679
2026-08-04T09:54:00-04:00	14.6500	14.8973	5386
2026-08-04T09:55:00-04:00	14.7000	14.8851	10223
2026-08-04T09:56:00-04:00	14.6600	14.8848	259
2026-08-04T09:57:00-04:00	14.6450	14.8751	7891
2026-08-04T09:58:00-04:00	14.6200	14.8740	896
2026-08-04T09:59:00-04:00	14.7600	14.8724	2128
2026-08-04T10:00:00-04:00	14.6900	14.8717	777
2026-08-04T10:01:00-04:00	14.6500	14.8694	2259
2026-08-04T10:02:00-04:00	14.6500	14.8678	1481
2026-08-04T10:03:00-04:00	14.7400	14.8621	7703
2026-08-04T10:04:00-04:00	14.7700	14.8614	1555
2026-08-04T10:05:00-04:00	14.8850	14.8611	4340
2026-08-04T10:06:00-04:00	14.8550	14.8610	2473
2026-08-04T10:07:00-04:00	14.8550	14.8609	1799
2026-08-04T10:08:00-04:00	14.7800	14.8600	2684
2026-08-04T10:09:00-04:00	14.7650	14.8596	877
2026-08-04T10:10:00-04:00	14.7500	14.8587	2120
2026-08-04T10:11:00-04:00	14.7300	14.8493	22121
2026-08-04T10:12:00-04:00	14.8500	14.8492	1074
2026-08-04T10:13:00-04:00	14.8000	14.8488	2856
2026-08-04T10:14:00-04:00	14.8650	14.8488	2865
2026-08-04T10:15:00-04:00	14.8500	14.8488	1074
2026-08-04T10:16:00-04:00	14.8550	14.8491	4797
2026-08-04T10:17:00-04:00	14.7900	14.8486	3925
2026-08-04T10:18:00-04:00	14.7600	14.8477	3212
2026-08-04T10:19:00-04:00	14.8500	14.8471	5978
2026-08-04T10:20:00-04:00	14.8300	14.8471	2281
2026-08-04T10:21:00-04:00	14.8300	14.8471	469
2026-08-04T10:22:00-04:00	14.8300	14.8470	1288
2026-08-04T10:23:00-04:00	14.8450	14.8468	2868
2026-08-04T10:24:00-04:00	14.9050	14.8471	2461
2026-08-04T10:25:00-04:00	14.9100	14.8475	1973
2026-08-04T10:26:00-04:00	14.9450	14.8480	1393
2026-08-04T10:27:00-04:00	14.9550	14.8501	5428
2026-08-04T10:28:00-04:00	14.9500	14.8502	341
2026-08-04T10:29:00-04:00	14.9900	14.8577	16203
2026-08-04T10:30:00-04:00	15.0300	14.8633	11881
2026-08-04T10:31:00-04:00	14.9300	14.8665	10566
2026-08-04T10:32:00-04:00	14.9000	14.8667	1543
2026-08-04T10:33:00-04:00	14.9000	14.8677	6605
2026-08-04T10:34:00-04:00	14.9050	14.8677	510
2026-08-04T10:35:00-04:00	14.8850	14.8678	1586
2026-08-04T10:36:00-04:00	14.8600	14.8679	3763
2026-08-04T10:37:00-04:00	14.9500	14.8701	14643
2026-08-04T10:38:00-04:00	14.9600	14.8706	1980
2026-08-04T10:39:00-04:00	15.0700	14.8870	39518
2026-08-04T10:40:00-04:00	15.0500	14.8925	12816
2026-08-04T10:41:00-04:00	14.9700	14.8945	7856
2026-08-04T10:42:00-04:00	14.9800	14.8961	7192
2026-08-04T10:43:00-04:00	14.9700	14.8963	1075
2026-08-04T10:45:00-04:00	14.9999	14.8967	2194
2026-08-04T10:46:00-04:00	14.9750	14.8973	2891
2026-08-04T10:47:00-04:00	14.9600	14.8977	3175
2026-08-04T10:48:00-04:00	14.9100	14.8982	5735
2026-08-04T10:49:00-04:00	14.8800	14.8981	2508
2026-08-04T10:50:00-04:00	14.9400	14.8985	4243
2026-08-04T10:51:00-04:00	14.9100	14.8987	3803
2026-08-04T10:53:00-04:00	14.8500	14.8985	3304
2026-08-04T10:54:00-04:00	14.8100	14.8981	1732
2026-08-04T10:55:00-04:00	14.7800	14.8978	1178
2026-08-04T10:56:00-04:00	14.7950	14.8977	628
2026-08-04T10:57:00-04:00	14.7900	14.8974	1298
2026-08-04T10:58:00-04:00	14.7193	14.8964	2838
2026-08-04T10:59:00-04:00	14.7352	14.8945	5181
2026-08-04T11:00:00-04:00	14.7600	14.8914	9343
2026-08-04T11:01:00-04:00	14.9000	14.8896	21482
2026-08-04T11:02:00-04:00	15.0250	14.8947	32331
2026-08-04T11:03:00-04:00	15.1875	14.9099	38770
2026-08-04T11:04:00-04:00	15.1850	14.9255	32423
2026-08-04T11:05:00-04:00	15.2350	14.9368	26276
2026-08-04T11:06:00-04:00	15.0600	14.9771	148167
2026-08-04T11:07:00-04:00	15.0299	14.9846	73733
2026-08-04T11:08:00-04:00	15.1100	14.9946	88608
2026-08-04T11:09:00-04:00	15.0469	14.9971	56425
2026-08-04T11:10:00-04:00	15.1650	15.0059	67253
2026-08-04T11:11:00-04:00	15.0950	15.0088	36760
2026-08-04T11:12:00-04:00	15.1450	15.0117	28841
2026-08-04T11:13:00-04:00	15.2050	15.0172	37408
2026-08-04T11:14:00-04:00	15.2800	15.0306	62551
2026-08-04T11:15:00-04:00	15.4250	15.0396	32073
2026-08-04T11:16:00-04:00	15.3100	15.0536	54648
2026-08-04T11:17:00-04:00	15.4200	15.0620	33946
2026-08-04T11:18:00-04:00	15.4959	15.0745	43616
2026-08-04T11:19:00-04:00	15.5600	15.0859	34500
2026-08-04T11:20:00-04:00	15.4650	15.1016	56888
2026-08-04T11:21:00-04:00	15.4450	15.1095	33435
2026-08-04T11:22:00-04:00	15.4050	15.1127	16119
2026-08-04T11:23:00-04:00	15.5100	15.1182	24719
2026-08-04T11:24:00-04:00	15.4250	15.1263	39959
2026-08-04T11:25:00-04:00	15.4700	15.1299	16983
2026-08-04T11:26:00-04:00	15.4381	15.1342	22453
2026-08-04T11:27:00-04:00	15.4700	15.1386	22688
2026-08-04T11:28:00-04:00	15.5200	15.1480	44072
2026-08-04T11:29:00-04:00	15.6900	15.1618	48890
2026-08-04T11:30:00-04:00	15.8000	15.1766	43380
2026-08-04T11:31:00-04:00	15.8300	15.1864	27347
2026-08-04T11:32:00-04:00	15.7000	15.1932	22288
2026-08-04T11:33:00-04:00	15.6600	15.1976	17737
2026-08-04T11:34:00-04:00	15.6450	15.1997	8818
2026-08-04T11:35:00-04:00	15.5850	15.2027	14393
2026-08-04T11:36:00-04:00	15.5850	15.2065	19530
2026-08-04T11:37:00-04:00	15.5850	15.2080	7523
2026-08-04T11:38:00-04:00	15.6200	15.2105	12230
2026-08-04T11:39:00-04:00	15.6400	15.2150	20610
2026-08-04T11:40:00-04:00	15.6100	15.2165	7364
2026-08-04T11:41:00-04:00	15.6000	15.2170	2946
2026-08-04T11:42:00-04:00	15.6700	15.2221	22688
2026-08-04T11:43:00-04:00	15.6600	15.2231	4433
2026-08-04T11:44:00-04:00	15.6200	15.2250	8981
2026-08-04T11:45:00-04:00	15.6100	15.2271	10098
2026-08-04T11:46:00-04:00	15.6500	15.2278	3879
2026-08-04T11:47:00-04:00	15.6650	15.2302	10912
2026-08-04T11:48:00-04:00	15.6000	15.2395	49348
2026-08-04T11:49:00-04:00	15.7050	15.2410	6887
2026-08-04T11:50:00-04:00	15.6811	15.2435	11736
2026-08-04T11:51:00-04:00	15.5700	15.2497	35803
2026-08-04T11:52:00-04:00	15.6300	15.2528	17742
2026-08-04T11:53:00-04:00	15.6250	15.2549	12205
2026-08-04T11:54:00-04:00	15.6600	15.2569	10929
2026-08-04T11:55:00-04:00	15.7168	15.2597	13255
2026-08-04T11:56:00-04:00	15.7400	15.2620	10815
2026-08-04T11:57:00-04:00	15.7600	15.2744	53718
2026-08-04T11:58:00-04:00	15.9550	15.2828	31097
2026-08-04T11:59:00-04:00	15.8900	15.2854	9447
2026-08-04T12:00:00-04:00	15.9700	15.2982	45099
2026-08-04T12:01:00-04:00	15.9250	15.3000	6779
2026-08-04T12:02:00-04:00	15.9350	15.3030	11193
2026-08-04T12:03:00-04:00	15.9200	15.3040	3495
2026-08-04T12:04:00-04:00	15.8700	15.3064	9692
2026-08-04T12:05:00-04:00	15.8600	15.3078	5901
2026-08-04T12:06:00-04:00	15.7200	15.3151	38846
2026-08-04T12:07:00-04:00	15.7100	15.3167	9410
2026-08-04T12:08:00-04:00	15.6750	15.3196	20065
2026-08-04T12:09:00-04:00	15.7200	15.3219	14557
2026-08-04T12:10:00-04:00	15.7500	15.3245	15351
2026-08-04T12:11:00-04:00	15.8100	15.3270	12982
2026-08-04T12:12:00-04:00	15.7900	15.3277	3618
2026-08-04T12:13:00-04:00	15.8100	15.3288	5657
2026-08-04T12:14:00-04:00	15.6600	15.3325	24175
2026-08-04T12:15:00-04:00	15.7000	15.3339	10297
2026-08-04T12:16:00-04:00	15.7050	15.3350	7635
2026-08-04T12:17:00-04:00	15.7050	15.3364	9282
2026-08-04T12:18:00-04:00	15.7355	15.3377	8730
2026-08-04T12:19:00-04:00	15.7200	15.3387	6401
2026-08-04T12:20:00-04:00	15.7600	15.3395	5113
2026-08-04T12:21:00-04:00	15.7700	15.3401	3444
2026-08-04T12:22:00-04:00	15.7500	15.3413	6661
2026-08-04T12:23:00-04:00	15.7750	15.3416	1904
2026-08-04T12:24:00-04:00	15.7450	15.3423	4847
2026-08-04T12:25:00-04:00	15.7562	15.3431	5025
2026-08-04T12:26:00-04:00	15.7200	15.3440	5867
2026-08-04T12:27:00-04:00	15.7400	15.3447	4735
2026-08-04T12:28:00-04:00	15.7350	15.3455	4790
2026-08-04T12:29:00-04:00	15.7700	15.3499	28076
2026-08-04T12:30:00-04:00	15.8300	15.3514	8489
2026-08-04T12:31:00-04:00	15.8400	15.3523	4983
2026-08-04T12:32:00-04:00	15.8100	15.3535	6881
2026-08-04T12:33:00-04:00	15.8399	15.3545	5332
2026-08-04T12:34:00-04:00	15.8364	15.3549	2418
2026-08-04T12:35:00-04:00	15.8200	15.3566	10033
2026-08-04T12:36:00-04:00	15.8300	15.3583	9805
2026-08-04T12:37:00-04:00	15.8123	15.3589	3421
2026-08-04T12:38:00-04:00	15.7600	15.3596	4378
2026-08-04T12:39:00-04:00	15.8200	15.3611	9120
2026-08-04T12:40:00-04:00	15.7050	15.3637	18123
2026-08-04T12:41:00-04:00	15.7400	15.3660	17624
2026-08-04T12:42:00-04:00	15.7400	15.3663	2134
2026-08-04T12:43:00-04:00	15.7400	15.3671	5812
2026-08-04T12:44:00-04:00	15.7277	15.3677	4069
2026-08-04T12:45:00-04:00	15.7450	15.3685	6155
2026-08-04T12:46:00-04:00	15.7500	15.3688	2101
2026-08-04T12:47:00-04:00	15.7450	15.3691	2018
2026-08-04T12:48:00-04:00	15.7400	15.3709	13164
2026-08-04T12:49:00-04:00	15.7201	15.3719	7760
2026-08-04T12:50:00-04:00	15.7385	15.3723	3194
2026-08-04T12:51:00-04:00	15.7300	15.3740	13837
2026-08-04T12:52:00-04:00	15.7400	15.3745	3549
2026-08-04T12:53:00-04:00	15.7400	15.3746	1051
2026-08-04T12:54:00-04:00	15.7400	15.3756	7604
2026-08-04T12:55:00-04:00	15.7100	15.3762	4773
2026-08-04T12:56:00-04:00	15.7350	15.3773	8565
2026-08-04T12:57:00-04:00	15.7500	15.3776	2516
2026-08-04T12:58:00-04:00	15.7450	15.3784	6323
2026-08-04T12:59:00-04:00	15.7549	15.3794	7510
2026-08-04T13:00:00-04:00	15.8100	15.3811	11474
2026-08-04T13:01:00-04:00	15.7800	15.3818	4541
2026-08-04T13:02:00-04:00	15.8100	15.3828	6717
2026-08-04T13:03:00-04:00	15.8300	15.3851	14672
2026-08-04T13:04:00-04:00	15.8200	15.3854	2538
2026-08-04T13:05:00-04:00	15.7900	15.3861	4540
2026-08-04T13:06:00-04:00	15.7700	15.3871	7675
2026-08-04T13:07:00-04:00	15.8150	15.3889	12335
2026-08-04T13:08:00-04:00	15.7950	15.3895	4302
2026-08-04T13:09:00-04:00	15.7500	15.3909	11044
2026-08-04T13:10:00-04:00	15.7750	15.3913	3240
2026-08-04T13:11:00-04:00	15.7750	15.3915	1572
2026-08-04T13:12:00-04:00	15.7750	15.3919	2507
2026-08-04T13:13:00-04:00	15.7750	15.3922	2407
2026-08-04T13:14:00-04:00	15.7850	15.3933	8200
2026-08-04T13:15:00-04:00	15.7700	15.3936	2070
2026-08-04T13:16:00-04:00	15.8300	15.3963	18826
2026-08-04T13:17:00-04:00	15.7800	15.3972	6759
2026-08-04T13:18:00-04:00	15.8150	15.3990	12764
2026-08-04T13:19:00-04:00	15.7600	15.3992	2104
2026-08-04T13:20:00-04:00	15.7200	15.3996	2878
2026-08-04T13:21:00-04:00	15.7600	15.4004	6840
2026-08-04T13:22:00-04:00	15.7600	15.4007	2917
2026-08-04T13:23:00-04:00	15.7883	15.4013	4746
2026-08-04T13:24:00-04:00	15.8000	15.4015	1521
2026-08-04T13:25:00-04:00	15.7950	15.4023	5782
2026-08-04T13:26:00-04:00	15.7300	15.4028	4059
2026-08-04T13:27:00-04:00	15.7250	15.4029	1264
2026-08-04T13:28:00-04:00	15.7500	15.4038	8409
2026-08-04T13:29:00-04:00	15.7400	15.4041	2454
2026-08-04T13:30:00-04:00	15.7100	15.4043	2417
2026-08-04T13:31:00-04:00	15.6550	15.4058	16915
2026-08-04T13:32:00-04:00	15.7236	15.4075	17644
2026-08-04T13:33:00-04:00	15.7100	15.4078	3132
2026-08-04T13:34:00-04:00	15.7000	15.4082	3849
2026-08-04T13:35:00-04:00	15.7000	15.4089	7141
2026-08-04T13:36:00-04:00	15.7400	15.4100	10504
2026-08-04T13:37:00-04:00	15.7300	15.4105	5215
2026-08-04T13:38:00-04:00	15.7200	15.4114	8303
2026-08-04T13:39:00-04:00	15.7100	15.4119	5439
2026-08-04T13:40:00-04:00	15.7100	15.4124	5352
2026-08-04T13:41:00-04:00	15.6900	15.4131	7189
2026-08-04T13:42:00-04:00	15.6800	15.4139	8907
2026-08-04T13:43:00-04:00	15.6850	15.4150	13109
2026-08-04T13:44:00-04:00	15.6750	15.4292	175335
2026-08-04T13:45:00-04:00	15.6750	15.4294	2834
2026-08-04T13:46:00-04:00	15.6627	15.4296	2776
2026-08-04T13:47:00-04:00	15.6350	15.4301	7331
2026-08-04T13:48:00-04:00	15.6550	15.4306	8118
2026-08-04T13:49:00-04:00	15.6550	15.4307	1279
2026-08-04T13:50:00-04:00	15.5502	15.4310	7225
2026-08-04T13:51:00-04:00	15.5400	15.4311	2747
2026-08-04T13:52:00-04:00	15.6100	15.4317	12422
2026-08-04T13:53:00-04:00	15.6176	15.4324	13240
2026-08-04T13:55:00-04:00	15.6025	15.4327	4609
2026-08-04T13:56:00-04:00	15.5600	15.4328	3753
2026-08-04T13:57:00-04:00	15.6050	15.4330	4129
2026-08-04T13:58:00-04:00	15.6100	15.4331	1040
2026-08-04T13:59:00-04:00	15.6100	15.4332	3002
2026-08-04T14:00:00-04:00	15.6300	15.4338	10280
2026-08-04T14:01:00-04:00	15.6250	15.4342	6716
2026-08-04T14:02:00-04:00	15.6400	15.4351	14010
2026-08-04T14:03:00-04:00	15.6150	15.4354	6789
2026-08-04T14:04:00-04:00	15.5550	15.4355	2029
2026-08-04T14:05:00-04:00	15.5300	15.4357	6133
2026-08-04T14:06:00-04:00	15.5100	15.4360	13974
2026-08-04T14:07:00-04:00	15.5600	15.4364	12048
2026-08-04T14:08:00-04:00	15.5650	15.4364	2524
2026-08-04T14:09:00-04:00	15.5900	15.4367	5730
2026-08-04T14:10:00-04:00	15.6140	15.4369	4843
2026-08-04T14:11:00-04:00	15.6000	15.4370	2091
2026-08-04T14:12:00-04:00	15.6400	15.4374	6753
2026-08-04T14:13:00-04:00	15.7150	15.4378	5067
2026-08-04T14:14:00-04:00	15.7250	15.4379	1231
2026-08-04T14:15:00-04:00	15.7455	15.4380	1160
2026-08-04T14:16:00-04:00	15.7250	15.4382	2482
2026-08-04T14:17:00-04:00	15.7300	15.4387	6121
2026-08-04T14:18:00-04:00	15.6400	15.4391	5671
2026-08-04T14:19:00-04:00	15.6600	15.4393	3989
2026-08-04T14:20:00-04:00	15.6800	15.4396	4589
2026-08-04T14:21:00-04:00	15.6500	15.4401	8250
2026-08-04T14:22:00-04:00	15.6000	15.4403	3812
2026-08-04T14:23:00-04:00	15.5849	15.4405	4134
2026-08-04T14:24:00-04:00	15.5600	15.4405	1355
2026-08-04T14:25:00-04:00	15.5800	15.4409	10347
2026-08-04T14:26:00-04:00	15.5800	15.4409	266
2026-08-04T14:27:00-04:00	15.5500	15.4411	5481
2026-08-04T14:28:00-04:00	15.5500	15.4412	1792
2026-08-04T14:29:00-04:00	15.5500	15.4413	3645
2026-08-04T14:30:00-04:00	15.6250	15.4419	11996
2026-08-04T14:31:00-04:00	15.6200	15.4421	3809
2026-08-04T14:32:00-04:00	15.6250	15.4423	4647
2026-08-04T14:33:00-04:00	15.5700	15.4425	4521
2026-08-04T14:34:00-04:00	15.5000	15.4426	4944
2026-08-04T14:35:00-04:00	15.4700	15.4426	4070
2026-08-04T14:36:00-04:00	15.4800	15.4428	10634
2026-08-04T14:37:00-04:00	15.4650	15.4428	2355
2026-08-04T14:38:00-04:00	15.4399	15.4428	11023
2026-08-04T14:39:00-04:00	15.4100	15.4427	4887
2026-08-04T14:40:00-04:00	15.3600	15.4427	4177
2026-08-04T14:41:00-04:00	15.4200	15.4426	7008
2026-08-04T14:42:00-04:00	15.4950	15.4429	31617
2026-08-04T14:43:00-04:00	15.4652	15.4430	8703
2026-08-04T14:44:00-04:00	15.5050	15.4431	5741
2026-08-04T14:45:00-04:00	15.5200	15.4432	8436
2026-08-04T14:46:00-04:00	15.5200	15.4433	3464
2026-08-04T14:47:00-04:00	15.5650	15.4435	7746
2026-08-04T14:48:00-04:00	15.5450	15.4436	1633
2026-08-04T14:49:00-04:00	15.5665	15.4439	10194
2026-08-04T14:50:00-04:00	15.5600	15.4439	1520
2026-08-04T14:51:00-04:00	15.5600	15.4440	1645
2026-08-04T14:52:00-04:00	15.5300	15.4441	5035
2026-08-04T14:53:00-04:00	15.5200	15.4442	2542
2026-08-04T14:54:00-04:00	15.5200	15.4443	5851
2026-08-04T14:55:00-04:00	15.5800	15.4445	5933
2026-08-04T14:56:00-04:00	15.5741	15.4446	2460
2026-08-04T14:57:00-04:00	15.5600	15.4447	3907
2026-08-04T14:58:00-04:00	15.5679	15.4450	8595
2026-08-04T14:59:00-04:00	15.5550	15.4451	3573
2026-08-04T15:00:00-04:00	15.5950	15.4454	10643
2026-08-04T15:01:00-04:00	15.5776	15.4455	2929
2026-08-04T15:02:00-04:00	15.5750	15.4456	2671
2026-08-04T15:03:00-04:00	15.5700	15.4458	5314
2026-08-04T15:04:00-04:00	15.5800	15.4462	10917
2026-08-04T15:05:00-04:00	15.5750	15.4463	2383
2026-08-04T15:06:00-04:00	15.5750	15.4463	1525
2026-08-04T15:07:00-04:00	15.5852	15.4464	2160
2026-08-04T15:08:00-04:00	15.4500	15.4466	13971
2026-08-04T15:09:00-04:00	15.4950	15.4467	10781
2026-08-04T15:10:00-04:00	15.4450	15.4467	10776
2026-08-04T15:11:00-04:00	15.4150	15.4466	11933
2026-08-04T15:12:00-04:00	15.3850	15.4466	5443
2026-08-04T15:13:00-04:00	15.4400	15.4464	21256
2026-08-04T15:14:00-04:00	15.4800	15.4464	5004
2026-08-04T15:15:00-04:00	15.4600	15.4464	3062
2026-08-04T15:16:00-04:00	15.4600	15.4464	2542
2026-08-04T15:17:00-04:00	15.5000	15.4466	14044
2026-08-04T15:18:00-04:00	15.5400	15.4466	2566
2026-08-04T15:19:00-04:00	15.5200	15.4467	3750
2026-08-04T15:20:00-04:00	15.5600	15.4476	28352
2026-08-04T15:21:00-04:00	15.5550	15.4477	3482
2026-08-04T15:22:00-04:00	15.5150	15.4478	5495
2026-08-04T15:23:00-04:00	15.4800	15.4479	10538
2026-08-04T15:24:00-04:00	15.5300	15.4479	2442
2026-08-04T15:25:00-04:00	15.5000	15.4480	5412
2026-08-04T15:26:00-04:00	15.5600	15.4483	14216
2026-08-04T15:28:00-04:00	15.5200	15.4484	3029
2026-08-04T15:29:00-04:00	15.5200	15.4485	9334
2026-08-04T15:30:00-04:00	15.5200	15.4487	8851
2026-08-04T15:31:00-04:00	15.5300	15.4489	11946
2026-08-04T15:32:00-04:00	15.4800	15.4489	2346
2026-08-04T15:33:00-04:00	15.5200	15.4490	7592
2026-08-04T15:34:00-04:00	15.5133	15.4491	3045
2026-08-04T15:35:00-04:00	15.4800	15.4492	10686
2026-08-04T15:36:00-04:00	15.4650	15.4492	7949
2026-08-04T15:37:00-04:00	15.5700	15.4496	16817
2026-08-04T15:38:00-04:00	15.6400	15.4497	3400
2026-08-04T15:39:00-04:00	15.6698	15.4500	4983
2026-08-04T15:40:00-04:00	15.5900	15.4504	9560
2026-08-04T15:41:00-04:00	15.6400	15.4510	13090
2026-08-04T15:42:00-04:00	15.6600	15.4514	8428
2026-08-04T15:43:00-04:00	15.6750	15.4518	7689
2026-08-04T15:44:00-04:00	15.6400	15.4522	8324
2026-08-04T15:45:00-04:00	15.6600	15.4528	13127
2026-08-04T15:46:00-04:00	15.6600	15.4532	6201
2026-08-04T15:47:00-04:00	15.6050	15.4541	23034
2026-08-04T15:48:00-04:00	15.5400	15.4546	18063
2026-08-04T15:49:00-04:00	15.4600	15.4547	16340
2026-08-04T15:50:00-04:00	15.5100	15.4548	8466
2026-08-04T15:51:00-04:00	15.3650	15.4545	45951
2026-08-04T15:52:00-04:00	15.3650	15.4541	22232
2026-08-04T15:53:00-04:00	15.3700	15.4534	27969
2026-08-04T15:54:00-04:00	15.4000	15.4532	13890
2026-08-04T15:55:00-04:00	15.3500	15.4528	20163
2026-08-04T15:56:00-04:00	15.2800	15.4514	39287
2026-08-04T15:57:00-04:00	15.3000	15.4497	45465
2026-08-04T15:58:00-04:00	15.2150	15.4473	52367
2026-08-04T15:59:00-04:00	15.3000	15.4436	102457
2026-08-05T09:30:00-04:00	15.0000	14.9733	85743
2026-08-05T09:31:00-04:00	14.9700	14.9790	17378
2026-08-05T09:32:00-04:00	14.6300	14.9513	11977
2026-08-05T09:33:00-04:00	14.1400	14.8421	24776
2026-08-05T09:34:00-04:00	13.8400	14.6408	35461
2026-08-05T09:35:00-04:00	13.9350	14.4979	41222
2026-08-05T09:36:00-04:00	13.8100	14.4530	15224
2026-08-05T09:37:00-04:00	13.8900	14.4440	3626
2026-08-05T09:38:00-04:00	13.9999	14.4273	8611
2026-08-05T09:39:00-04:00	13.9050	14.4146	6184
2026-08-05T09:40:00-04:00	13.9150	14.3638	26259
2026-08-05T09:41:00-04:00	14.0450	14.3474	12544
2026-08-05T09:42:00-04:00	14.0600	14.3420	5248
2026-08-05T09:43:00-04:00	13.8901	14.3299	9567
2026-08-05T09:44:00-04:00	14.0350	14.3223	7361
2026-08-05T09:45:00-04:00	13.8743	14.3129	6873
2026-08-05T09:46:00-04:00	13.8157	14.2819	21418
2026-08-05T09:47:00-04:00	13.9200	14.2764	5520
2026-08-05T09:48:00-04:00	13.9000	14.2720	4486
2026-08-05T09:49:00-04:00	13.9860	14.2682	4104
2026-08-05T09:50:00-04:00	13.8900	14.2605	8142
2026-08-05T09:51:00-04:00	13.8600	14.2563	3987
2026-08-05T09:52:00-04:00	13.8500	14.2361	19335
2026-08-05T09:53:00-04:00	13.8000	14.2291	6769
2026-08-05T09:54:00-04:00	13.8650	14.2234	5999
2026-08-05T09:55:00-04:00	14.0000	14.2176	9220
2026-08-05T09:56:00-04:00	13.9900	14.2135	8061
2026-08-05T09:57:00-04:00	13.9900	14.2097	7587
2026-08-05T09:58:00-04:00	13.9000	14.2067	4636
2026-08-05T09:59:00-04:00	13.8620	14.2005	8769
2026-08-05T10:00:00-04:00	13.8400	14.1951	6940
2026-08-05T10:01:00-04:00	13.7200	14.1808	14758
2026-08-05T10:02:00-04:00	13.7500	14.1671	15834
2026-08-05T10:03:00-04:00	13.7600	14.1623	5628
2026-08-05T10:04:00-04:00	13.8500	14.1563	8745
2026-08-05T10:05:00-04:00	13.9200	14.1525	7322
2026-08-05T10:06:00-04:00	13.9000	14.1511	2661
2026-08-05T10:07:00-04:00	13.8900	14.1423	17515
2026-08-05T10:08:00-04:00	13.9050	14.1373	10722
2026-08-05T10:09:00-04:00	13.9200	14.1333	9358
2026-08-05T10:10:00-04:00	13.9100	14.1260	19600
2026-08-05T10:11:00-04:00	13.9050	14.1223	9745
2026-08-05T10:12:00-04:00	13.8194	14.1204	4026
2026-08-05T10:13:00-04:00	13.8500	14.1174	6133
2026-08-05T10:14:00-04:00	13.8700	14.1146	5868
2026-08-05T10:15:00-04:00	13.8000	14.1128	3721
2026-08-05T10:16:00-04:00	13.8259	14.1084	8965
2026-08-05T10:17:00-04:00	13.7300	14.1048	6312
2026-08-05T10:18:00-04:00	13.6900	14.1019	4328
2026-08-05T10:19:00-04:00	13.7200	14.0971	7300
2026-08-05T10:20:00-04:00	13.7400	14.0962	1493
2026-08-05T10:21:00-04:00	13.8000	14.0928	6595
2026-08-05T10:22:00-04:00	13.7129	14.0905	4039
2026-08-05T10:23:00-04:00	13.6100	14.0852	7477
2026-08-05T10:24:00-04:00	13.6973	14.0810	6489
2026-08-05T10:25:00-04:00	13.6850	14.0795	2426
2026-08-05T10:26:00-04:00	13.6001	14.0708	12683
2026-08-05T10:27:00-04:00	13.6450	14.0683	3706
2026-08-05T10:28:00-04:00	13.5900	14.0646	5479
2026-08-05T10:29:00-04:00	13.6500	14.0634	1986
2026-08-05T10:30:00-04:00	13.5300	14.0542	12103
2026-08-05T10:31:00-04:00	13.5954	14.0517	3468
2026-08-05T10:32:00-04:00	13.5600	14.0485	4652
2026-08-05T10:33:00-04:00	13.6750	14.0476	1513
2026-08-05T10:34:00-04:00	13.6200	14.0459	2924
2026-08-05T10:35:00-04:00	13.6500	14.0442	2970
2026-08-05T10:36:00-04:00	13.6499	14.0434	1344
2026-08-05T10:37:00-04:00	13.6700	14.0404	5409
2026-08-05T10:38:00-04:00	13.6401	14.0317	15653
2026-08-05T10:39:00-04:00	13.6000	14.0297	3382
2026-08-05T10:40:00-04:00	13.4400	13.9706	91501
2026-08-05T10:41:00-04:00	13.4700	13.9684	3486
2026-08-05T10:42:00-04:00	13.4800	13.9667	2820
2026-08-05T10:43:00-04:00	13.4250	13.9535	19965
2026-08-05T10:44:00-04:00	13.4400	13.9506	4794
2026-08-05T10:45:00-04:00	13.3400	13.9486	2835
2026-08-05T10:46:00-04:00	13.2800	13.9363	16703
2026-08-05T10:47:00-04:00	13.2000	13.9299	7814
2026-08-05T10:48:00-04:00	13.2400	13.9256	5363
2026-08-05T10:49:00-04:00	13.3200	13.9209	6679
2026-08-05T10:50:00-04:00	13.3200	13.9203	781
2026-08-05T10:51:00-04:00	13.3400	13.9121	12670
2026-08-05T10:52:00-04:00	13.2950	13.9094	3899
2026-08-05T10:53:00-04:00	13.2800	13.9017	11282
2026-08-05T10:54:00-04:00	13.2800	13.8999	2656
2026-08-05T10:55:00-04:00	13.2600	13.8972	3936
2026-08-05T10:56:00-04:00	13.2400	13.8915	8010
2026-08-05T10:57:00-04:00	13.2800	13.8904	1688
2026-08-05T10:58:00-04:00	13.2700	13.8831	11155
2026-08-05T10:59:00-04:00	13.2900	13.8806	3931
2026-08-05T11:00:00-04:00	13.3000	13.8785	3336
2026-08-05T11:01:00-04:00	13.2950	13.8748	6031
2026-08-05T11:02:00-04:00	13.3300	13.8726	3701
2026-08-05T11:03:00-04:00	13.3165	13.8675	8712
2026-08-05T11:04:00-04:00	13.3200	13.8632	7836
2026-08-05T11:05:00-04:00	13.3899	13.8620	2240
2026-08-05T11:06:00-04:00	13.4000	13.8586	7057
2026-08-05T11:07:00-04:00	13.4476	13.8562	5517
2026-08-05T11:08:00-04:00	13.4200	13.8541	4670
2026-08-05T11:09:00-04:00	13.4200	13.8522	4430
2026-08-05T11:10:00-04:00	13.3701	13.8448	16894
2026-08-05T11:11:00-04:00	13.3700	13.8428	4379
2026-08-05T11:12:00-04:00	13.3700	13.8417	2265
2026-08-05T11:13:00-04:00	13.4100	13.8367	11665
2026-08-05T11:14:00-04:00	13.3700	13.8306	13720
2026-08-05T11:15:00-04:00	13.3400	13.8278	6298
2026-08-05T11:16:00-04:00	13.3450	13.8274	950
2026-08-05T11:17:00-04:00	13.3300	13.8191	17765
2026-08-05T11:18:00-04:00	13.2950	13.8110	16858
2026-08-05T11:19:00-04:00	13.3200	13.8093	3746
2026-08-05T11:20:00-04:00	13.3295	13.8083	2070
2026-08-05T11:21:00-04:00	13.2900	13.8059	5373
2026-08-05T11:22:00-04:00	13.2900	13.8050	1893
2026-08-05T11:23:00-04:00	13.3200	13.8031	4193
2026-08-05T11:24:00-04:00	13.3450	13.8027	972
2026-08-05T11:25:00-04:00	13.3100	13.8012	3501
2026-08-05T11:26:00-04:00	13.3000	13.8009	620
2026-08-05T11:27:00-04:00	13.3499	13.8006	801
2026-08-05T11:28:00-04:00	13.2550	13.7966	8341
2026-08-05T11:29:00-04:00	13.2500	13.7951	3136
2026-08-05T11:30:00-04:00	13.2800	13.7941	2211
2026-08-05T11:31:00-04:00	13.2900	13.7936	1122
2026-08-05T11:32:00-04:00	13.2639	13.7914	4662
2026-08-05T11:33:00-04:00	13.2350	13.7896	3862
2026-08-05T11:34:00-04:00	13.2200	13.7885	2053
2026-08-05T11:35:00-04:00	13.1750	13.7812	14038
2026-08-05T11:36:00-04:00	13.1700	13.7795	3239
2026-08-05T11:37:00-04:00	13.1950	13.7780	2952
2026-08-05T11:38:00-04:00	13.2200	13.7772	1595
2026-08-05T11:39:00-04:00	13.2400	13.7761	2315
2026-08-05T11:40:00-04:00	13.2300	13.7743	3898
2026-08-05T11:41:00-04:00	13.2001	13.7729	2990
2026-08-05T11:42:00-04:00	13.2506	13.7707	4759
2026-08-05T11:43:00-04:00	13.2800	13.7691	3759
2026-08-05T11:44:00-04:00	13.2550	13.7684	1613
2026-08-05T11:45:00-04:00	13.2600	13.7676	1924
2026-08-05T11:46:00-04:00	13.2500	13.7658	3989
2026-08-05T11:47:00-04:00	13.3100	13.7645	3364
2026-08-05T11:48:00-04:00	13.3450	13.7627	5243
2026-08-05T11:49:00-04:00	13.3200	13.7622	1305
2026-08-05T11:50:00-04:00	13.3752	13.7612	2997
2026-08-05T11:51:00-04:00	13.3600	13.7584	8442
2026-08-05T11:52:00-04:00	13.3650	13.7568	5068
2026-08-05T11:53:00-04:00	13.4100	13.7558	3460
2026-08-05T11:54:00-04:00	13.4150	13.7554	1234
2026-08-05T11:55:00-04:00	13.4100	13.7547	2446
2026-08-05T11:56:00-04:00	13.4144	13.7543	1357
2026-08-05T11:57:00-04:00	13.4150	13.7529	4837
2026-08-05T11:58:00-04:00	13.3900	13.7526	1095
2026-08-05T11:59:00-04:00	13.3200	13.7521	1545
2026-08-05T12:00:00-04:00	13.3600	13.7510	3394
2026-08-05T12:01:00-04:00	13.3500	13.7509	137
2026-08-05T12:02:00-04:00	13.3200	13.7500	2532
2026-08-05T12:03:00-04:00	13.3200	13.7496	1296
2026-08-05T12:04:00-04:00	13.3400	13.7487	2535
2026-08-05T12:05:00-04:00	13.3000	13.7481	1693
2026-08-05T12:06:00-04:00	13.3200	13.7474	2200
2026-08-05T12:07:00-04:00	13.2850	13.7466	1958
2026-08-05T12:08:00-04:00	13.1800	13.7429	8802
2026-08-05T12:09:00-04:00	13.2600	13.7409	4734
2026-08-05T12:10:00-04:00	13.3400	13.7384	7449
2026-08-05T12:11:00-04:00	13.3850	13.7377	2550
2026-08-05T12:12:00-04:00	13.3548	13.7374	921
2026-08-05T12:13:00-04:00	13.3350	13.7369	1622
2026-08-05T12:14:00-04:00	13.3700	13.7368	267
2026-08-05T12:15:00-04:00	13.4000	13.7363	1749
2026-08-05T12:16:00-04:00	13.4300	13.7357	2705
2026-08-05T12:17:00-04:00	13.4300	13.7352	1960
2026-08-05T12:18:00-04:00	13.5099	13.7347	2729
2026-08-05T12:19:00-04:00	13.4600	13.7341	3139
2026-08-05T12:20:00-04:00	13.5000	13.7336	2689
2026-08-05T12:21:00-04:00	13.4850	13.7329	3469
2026-08-05T12:22:00-04:00	13.4500	13.7326	1397
2026-08-05T12:24:00-04:00	13.4150	13.7320	2581
2026-08-05T12:25:00-04:00	13.4700	13.7309	5297
2026-08-05T12:26:00-04:00	13.4600	13.7303	2607
2026-08-05T12:28:00-04:00	13.4800	13.7299	2041
2026-08-05T12:29:00-04:00	13.4900	13.7295	2289
2026-08-05T12:30:00-04:00	13.5100	13.7291	2487
2026-08-05T12:31:00-04:00	13.5100	13.7290	181
2026-08-05T12:32:00-04:00	13.4900	13.7289	790
2026-08-05T12:33:00-04:00	13.4700	13.7284	2384
2026-08-05T12:34:00-04:00	13.4900	13.7281	1779
2026-08-05T12:35:00-04:00	13.4650	13.7277	2112
2026-08-05T12:36:00-04:00	13.4833	13.7276	348
2026-08-05T12:37:00-04:00	13.4600	13.7274	863
2026-08-05T12:38:00-04:00	13.4600	13.7273	551
2026-08-05T12:39:00-04:00	13.4700	13.7272	771
2026-08-05T12:40:00-04:00	13.4950	13.7265	3913
2026-08-05T12:41:00-04:00	13.4700	13.7262	1443
2026-08-05T12:42:00-04:00	13.4300	13.7250	5577
2026-08-05T12:43:00-04:00	13.4250	13.7249	464
2026-08-05T12:44:00-04:00	13.2300	13.7213	10933
2026-08-05T12:45:00-04:00	13.2400	13.7174	10972
2026-08-05T12:46:00-04:00	13.2700	13.7171	852
2026-08-05T12:47:00-04:00	13.1700	13.7156	3969
2026-08-05T12:48:00-04:00	13.2150	13.7125	8167
2026-08-05T12:49:00-04:00	13.2789	13.7120	1440
2026-08-05T12:50:00-04:00	13.2500	13.7112	2294
2026-08-05T12:51:00-04:00	13.2400	13.7087	7316
2026-08-05T12:52:00-04:00	13.2800	13.7083	1409
2026-08-05T12:53:00-04:00	13.2800	13.7071	3727
2026-08-05T12:54:00-04:00	13.2600	13.7066	1560
2026-08-05T12:55:00-04:00	13.2650	13.7065	269
2026-08-05T12:56:00-04:00	13.2700	13.7063	767
2026-08-05T12:57:00-04:00	13.2600	13.7000	20023
2026-08-05T12:58:00-04:00	13.2600	13.6980	6536
2026-08-05T12:59:00-04:00	13.2984	13.6966	4763
2026-08-05T13:00:00-04:00	13.2950	13.6958	3157
2026-08-05T13:02:00-04:00	13.2700	13.6946	4051
2026-08-05T13:03:00-04:00	13.2400	13.6935	3376
2026-08-05T13:04:00-04:00	13.2200	13.6931	1274
2026-08-05T13:05:00-04:00	13.2600	13.6925	1833
2026-08-05T13:06:00-04:00	13.2500	13.6923	680
2026-08-05T13:07:00-04:00	13.2550	13.6919	1229
2026-08-05T13:08:00-04:00	13.2500	13.6916	1133
2026-08-05T13:09:00-04:00	13.2500	13.6914	514
2026-08-05T13:10:00-04:00	13.2764	13.6909	1707
2026-08-05T13:11:00-04:00	13.2499	13.6897	3845
2026-08-05T13:13:00-04:00	13.2250	13.6896	478
2026-08-05T13:14:00-04:00	13.2700	13.6892	1270
2026-08-05T13:15:00-04:00	13.3000	13.6889	1191
2026-08-05T13:17:00-04:00	13.2936	13.6884	1651
2026-08-05T13:18:00-04:00	13.3074	13.6872	4673
2026-08-05T13:19:00-04:00	13.3200	13.6869	1164
2026-08-05T13:20:00-04:00	13.3264	13.6866	872
2026-08-05T13:21:00-04:00	13.3100	13.6865	553
2026-08-05T13:22:00-04:00	13.3000	13.6861	1498
2026-08-05T13:23:00-04:00	13.3300	13.6855	2224
2026-08-05T13:24:00-04:00	13.3000	13.6843	4794
2026-08-05T13:25:00-04:00	13.3158	13.6839	1459
2026-08-05T13:27:00-04:00	13.2765	13.6825	5113
2026-08-05T13:28:00-04:00	13.2500	13.6819	2012
2026-08-05T13:29:00-04:00	13.1900	13.6796	7238
2026-08-05T13:30:00-04:00	13.2200	13.6794	437
2026-08-05T13:31:00-04:00	13.2400	13.6793	493
2026-08-05T13:32:00-04:00	13.2300	13.6787	1948
2026-08-05T13:33:00-04:00	13.2200	13.6784	877
2026-08-05T13:34:00-04:00	13.2200	13.6783	354
2026-08-05T13:35:00-04:00	13.2300	13.6776	2290
2026-08-05T13:36:00-04:00	13.2600	13.6768	2675
2026-08-05T13:37:00-04:00	13.2800	13.6765	1139
2026-08-05T13:38:00-04:00	13.2750	13.6763	674
2026-08-05T13:40:00-04:00	13.2980	13.6762	585
2026-08-05T13:41:00-04:00	13.2900	13.6756	2360
2026-08-05T13:42:00-04:00	13.3199	13.6753	1092
2026-08-05T13:43:00-04:00	13.3200	13.6752	423
2026-08-05T13:44:00-04:00	13.3100	13.6751	471
2026-08-05T13:45:00-04:00	13.3100	13.6745	2454
2026-08-05T13:46:00-04:00	13.3300	13.6743	812
2026-08-05T13:47:00-04:00	13.3600	13.6739	1884
2026-08-05T13:48:00-04:00	13.3700	13.6736	1402
2026-08-05T13:49:00-04:00	13.3850	13.6735	637
2026-08-05T13:50:00-04:00	13.4000	13.6732	1732
2026-08-05T13:51:00-04:00	13.4250	13.6731	427
2026-08-05T13:52:00-04:00	13.3900	13.6727	2115
2026-08-05T13:53:00-04:00	13.3800	13.6725	1003
2026-08-05T13:54:00-04:00	13.4100	13.6722	1340
2026-08-05T13:56:00-04:00	13.4100	13.6722	382
2026-08-05T13:57:00-04:00	13.4100	13.6719	1471
2026-08-05T13:58:00-04:00	13.4150	13.6718	892
2026-08-05T13:59:00-04:00	13.3900	13.6714	1670
2026-08-05T14:01:00-04:00	13.4200	13.6702	7113
2026-08-05T14:02:00-04:00	13.4000	13.6701	569
2026-08-05T14:03:00-04:00	13.4050	13.6700	584
2026-08-05T14:04:00-04:00	13.4400	13.6698	1403
2026-08-05T14:05:00-04:00	13.4350	13.6696	1140
2026-08-05T14:06:00-04:00	13.4152	13.6690	3582
2026-08-05T14:07:00-04:00	13.4150	13.6688	1584
2026-08-05T14:08:00-04:00	13.3800	13.6670	9068
2026-08-05T14:09:00-04:00	13.3300	13.6658	5629
2026-08-05T14:10:00-04:00	13.3200	13.6649	3903
2026-08-05T14:11:00-04:00	13.2700	13.6644	2076
2026-08-05T14:12:00-04:00	13.3300	13.6637	3337
2026-08-05T14:13:00-04:00	13.3664	13.6629	3799
2026-08-05T14:14:00-04:00	13.3762	13.6615	7287
2026-08-05T14:15:00-04:00	13.3550	13.6614	558
2026-08-05T14:16:00-04:00	13.3800	13.6608	3104
2026-08-05T14:17:00-04:00	13.3800	13.6601	4159
2026-08-05T14:18:00-04:00	13.4200	13.6597	2245
2026-08-05T14:19:00-04:00	13.4600	13.6593	3243
2026-08-05T14:20:00-04:00	13.5159	13.6590	3044
2026-08-05T14:21:00-04:00	13.4850	13.6586	3820
2026-08-05T14:22:00-04:00	13.4550	13.6585	942
2026-08-05T14:23:00-04:00	13.4050	13.6580	2929
2026-08-05T14:24:00-04:00	13.4100	13.6575	3098
2026-08-05T14:25:00-04:00	13.4200	13.6575	314
2026-08-05T14:26:00-04:00	13.4150	13.6574	705
2026-08-05T14:28:00-04:00	13.3650	13.6570	2265
2026-08-05T14:29:00-04:00	13.3700	13.6569	742
2026-08-05T14:30:00-04:00	13.3700	13.6566	1317
2026-08-05T14:31:00-04:00	13.3700	13.6564	1405
2026-08-05T14:32:00-04:00	13.3700	13.6563	605
2026-08-05T14:33:00-04:00	13.3700	13.6559	2138
2026-08-05T14:34:00-04:00	13.4000	13.6557	1014
2026-08-05T14:35:00-04:00	13.2150	13.6419	57359
2026-08-05T14:36:00-04:00	13.2600	13.6400	8099
2026-08-05T14:37:00-04:00	13.2600	13.6398	960
2026-08-05T14:38:00-04:00	13.2550	13.6385	5554
2026-08-05T14:39:00-04:00	13.3150	13.6374	5105
2026-08-05T14:40:00-04:00	13.3150	13.6373	560
2026-08-05T14:41:00-04:00	13.3150	13.6347	13119
2026-08-05T14:42:00-04:00	13.3450	13.6343	2477
2026-08-05T14:43:00-04:00	13.3400	13.6342	637
2026-08-05T14:44:00-04:00	13.3699	13.6339	1959
2026-08-05T14:45:00-04:00	13.4000	13.6336	1755
2026-08-05T14:46:00-04:00	13.4200	13.6334	1566
2026-08-05T14:47:00-04:00	13.3800	13.6330	2699
2026-08-05T14:48:00-04:00	13.3800	13.6329	746
2026-08-05T14:49:00-04:00	13.3600	13.6328	953
2026-08-05T14:50:00-04:00	13.3600	13.6325	1671
2026-08-05T14:52:00-04:00	13.3400	13.6317	5072
2026-08-05T14:53:00-04:00	13.3281	13.6314	1527
2026-08-05T14:54:00-04:00	13.3200	13.6311	1595
2026-08-05T14:55:00-04:00	13.3200	13.6309	1292
2026-08-05T14:56:00-04:00	13.2500	13.6300	4236
2026-08-05T14:57:00-04:00	13.3100	13.6297	1196
2026-08-05T14:58:00-04:00	13.3050	13.6296	880
2026-08-05T14:59:00-04:00	13.3000	13.6291	2735
2026-08-05T15:00:00-04:00	13.3200	13.6287	1828
2026-08-05T15:01:00-04:00	13.3062	13.6284	1550
2026-08-05T15:02:00-04:00	13.3250	13.6280	2175
2026-08-05T15:03:00-04:00	13.3100	13.6280	448
2026-08-05T15:04:00-04:00	13.4131	13.6274	4580
2026-08-05T15:05:00-04:00	13.4050	13.6271	1773
2026-08-05T15:06:00-04:00	13.4250	13.6270	1189
2026-08-05T15:07:00-04:00	13.4100	13.6270	395
2026-08-05T15:08:00-04:00	13.4300	13.6268	1072
2026-08-05T15:09:00-04:00	13.4500	13.6268	514
2026-08-05T15:10:00-04:00	13.4150	13.6264	3135
2026-08-05T15:11:00-04:00	13.4300	13.6263	582
2026-08-05T15:12:00-04:00	13.4300	13.6262	1554
2026-08-05T15:13:00-04:00	13.3600	13.6237	17346
2026-08-05T15:14:00-04:00	13.3250	13.6229	4562
2026-08-05T15:15:00-04:00	13.3300	13.6224	3226
2026-08-05T15:16:00-04:00	13.3350	13.6222	1074
2026-08-05T15:17:00-04:00	13.3250	13.6221	626
2026-08-05T15:18:00-04:00	13.2750	13.6130	49011
2026-08-05T15:19:00-04:00	13.2950	13.6119	6380
2026-08-05T15:20:00-04:00	13.3000	13.6112	3890
2026-08-05T15:21:00-04:00	13.2300	13.6097	7454
2026-08-05T15:22:00-04:00	13.2800	13.6083	7320
2026-08-05T15:23:00-04:00	13.3158	13.6049	20292
2026-08-05T15:24:00-04:00	13.2950	13.6047	1211
2026-08-05T15:25:00-04:00	13.2950	13.6045	970
2026-08-05T15:26:00-04:00	13.3000	13.6024	12487
2026-08-05T15:27:00-04:00	13.2850	13.6023	562
2026-08-05T15:28:00-04:00	13.2900	13.6019	2396
2026-08-05T15:29:00-04:00	13.3100	13.6017	1655
2026-08-05T15:30:00-04:00	13.2550	13.6008	4818
2026-08-05T15:31:00-04:00	13.2275	13.5999	4837
2026-08-05T15:32:00-04:00	13.2150	13.5984	7345
2026-08-05T15:33:00-04:00	13.2400	13.5980	2075
2026-08-05T15:34:00-04:00	13.2300	13.5979	656
2026-08-05T15:35:00-04:00	13.1900	13.5936	20258
2026-08-05T15:36:00-04:00	13.1900	13.5934	884
2026-08-05T15:37:00-04:00	13.2000	13.5929	2425
2026-08-05T15:38:00-04:00	13.2100	13.5925	1964
2026-08-05T15:39:00-04:00	13.2398	13.5922	1465
2026-08-05T15:40:00-04:00	13.2400	13.5917	2650
2026-08-05T15:41:00-04:00	13.2250	13.5913	2627
2026-08-05T15:42:00-04:00	13.2500	13.5908	2320
2026-08-05T15:43:00-04:00	13.2300	13.5903	2664
2026-08-05T15:44:00-04:00	13.2300	13.5901	1145
2026-08-05T15:45:00-04:00	13.2000	13.5886	8006
2026-08-05T15:46:00-04:00	13.1500	13.5848	17591
2026-08-05T15:47:00-04:00	13.1300	13.5803	19543
2026-08-05T15:48:00-04:00	13.1300	13.5797	2505
2026-08-05T15:49:00-04:00	13.1500	13.5757	18377
2026-08-05T15:50:00-04:00	13.1400	13.5734	10778
2026-08-05T15:51:00-04:00	13.2100	13.5721	7072
2026-08-05T15:52:00-04:00	13.2000	13.5709	6660
2026-08-05T15:53:00-04:00	13.2050	13.5695	7826
2026-08-05T15:54:00-04:00	13.2100	13.5649	26608
2026-08-05T15:55:00-04:00	13.2050	13.5640	5490
2026-08-05T15:56:00-04:00	13.2100	13.5630	5618
2026-08-05T15:57:00-04:00	13.2050	13.5616	8081
2026-08-05T15:58:00-04:00	13.2150	13.5559	34528
2026-08-05T15:59:00-04:00	13.1800	13.5490	40913
2026-08-06T09:30:00-04:00	12.2100	12.5067	82068
2026-08-06T09:31:00-04:00	12.3800	12.4320	38608
2026-08-06T09:32:00-04:00	12.1250	12.3829	36733
2026-08-06T09:33:00-04:00	12.2000	12.3482	30114
2026-08-06T09:34:00-04:00	12.2750	12.3448	9946
2026-08-06T09:35:00-04:00	12.2000	12.3114	49792
2026-08-06T09:36:00-04:00	12.1000	12.2948	24060
2026-08-06T09:37:00-04:00	11.9950	12.2395	65132
2026-08-06T09:38:00-04:00	12.0550	12.2335	10579
2026-08-06T09:39:00-04:00	12.0836	12.2230	20332
2026-08-06T09:40:00-04:00	12.1600	12.2217	5597
2026-08-06T09:41:00-04:00	12.1818	12.2210	4636
2026-08-06T09:42:00-04:00	12.1200	12.2202	3643
2026-08-06T09:43:00-04:00	12.1100	12.2192	3738
2026-08-06T09:44:00-04:00	12.0600	12.2148	13130
2026-08-06T09:45:00-04:00	12.1200	12.2086	21052
2026-08-06T09:46:00-04:00	11.9300	12.2037	9353
2026-08-06T09:47:00-04:00	11.9300	12.2005	5664
2026-08-06T09:48:00-04:00	11.8400	12.1673	44084
2026-08-06T09:49:00-04:00	11.8623	12.1648	3723
2026-08-06T09:50:00-04:00	11.7500	12.1489	19347
2026-08-06T09:51:00-04:00	11.7000	12.1423	8237
2026-08-06T09:52:00-04:00	11.7800	12.1231	26963
2026-08-06T09:53:00-04:00	11.7000	12.1177	7414
2026-08-06T09:54:00-04:00	11.7750	12.1118	9226
2026-08-06T09:55:00-04:00	11.8250	12.1040	15101
2026-08-06T09:56:00-04:00	11.8400	12.1010	6349
2026-08-06T09:57:00-04:00	11.9509	12.0936	25231
2026-08-06T09:58:00-04:00	11.9000	12.0895	16865
2026-08-06T09:59:00-04:00	12.0000	12.0837	30598
2026-08-06T10:00:00-04:00	11.9700	12.0808	15815
2026-08-06T10:01:00-04:00	11.9020	12.0790	8044
2026-08-06T10:02:00-04:00	11.8200	12.0765	7136
2026-08-06T10:03:00-04:00	11.8700	12.0694	23563
2026-08-06T10:04:00-04:00	11.8900	12.0672	8967
2026-08-06T10:05:00-04:00	11.9000	12.0665	3054
2026-08-06T10:06:00-04:00	11.8900	12.0609	22522
2026-08-06T10:07:00-04:00	11.9850	12.0568	26182
2026-08-06T10:08:00-04:00	11.9400	12.0493	57374
2026-08-06T10:09:00-04:00	11.9750	12.0454	41472
2026-08-06T10:10:00-04:00	11.9800	12.0436	23401
2026-08-06T10:11:00-04:00	11.9350	12.0389	41786
2026-08-06T10:12:00-04:00	11.8850	12.0378	7853
2026-08-06T10:13:00-04:00	12.0600	12.0370	43097
2026-08-06T10:14:00-04:00	11.9600	12.0369	4559
2026-08-06T10:15:00-04:00	11.9650	12.0342	36557
2026-08-06T10:16:00-04:00	12.0000	12.0339	12867
2026-08-06T10:17:00-04:00	12.1400	12.0348	12795
2026-08-06T10:18:00-04:00	12.0300	12.0355	18104
2026-08-06T10:19:00-04:00	12.1400	12.0366	16668
2026-08-06T10:20:00-04:00	12.1500	12.0411	38816
2026-08-06T10:21:00-04:00	12.1500	12.0416	4838
2026-08-06T10:22:00-04:00	12.1100	12.0422	9418
2026-08-06T10:23:00-04:00	12.1100	12.0430	10091
2026-08-06T10:24:00-04:00	12.1200	12.0435	8041
2026-08-06T10:25:00-04:00	12.1000	12.0440	10621
2026-08-06T10:26:00-04:00	12.1400	12.0446	9199
2026-08-06T10:27:00-04:00	12.1450	12.0448	2531
2026-08-06T10:28:00-04:00	12.1000	12.0451	3891
2026-08-06T10:29:00-04:00	12.0100	12.0450	12859
2026-08-06T10:30:00-04:00	12.0100	12.0446	18624
2026-08-06T10:31:00-04:00	11.9500	12.0437	12373
2026-08-06T10:32:00-04:00	11.9700	12.0435	1995
2026-08-06T10:33:00-04:00	12.0200	12.0428	18266
2026-08-06T10:34:00-04:00	12.0050	12.0427	1092
2026-08-06T10:35:00-04:00	11.9600	12.0422	9243
2026-08-06T10:36:00-04:00	11.9950	12.0418	9282
2026-08-06T10:37:00-04:00	11.9800	12.0417	2202
2026-08-06T10:38:00-04:00	11.9300	12.0407	13288
2026-08-06T10:39:00-04:00	11.7950	12.0370	22908
2026-08-06T10:40:00-04:00	11.7801	12.0365	2719
2026-08-06T10:41:00-04:00	11.7200	12.0275	40865
2026-08-06T10:42:00-04:00	11.7700	12.0263	5748
2026-08-06T10:43:00-04:00	11.8650	12.0233	20479
2026-08-06T10:44:00-04:00	11.7800	12.0227	3739
2026-08-06T10:45:00-04:00	11.8000	12.0182	32461
2026-08-06T10:46:00-04:00	11.7400	12.0151	16467
2026-08-06T10:47:00-04:00	11.7564	12.0139	6079
2026-08-06T10:48:00-04:00	11.7600	12.0126	7448
2026-08-06T10:49:00-04:00	11.7400	12.0114	6437
2026-08-06T10:50:00-04:00	11.7600	12.0103	5997
2026-08-06T10:51:00-04:00	11.7350	12.0092	6393
2026-08-06T10:52:00-04:00	11.7200	12.0081	5377
2026-08-06T10:53:00-04:00	11.6652	11.9975	46571
2026-08-06T10:54:00-04:00	11.6600	11.9952	9783
2026-08-06T10:55:00-04:00	11.6300	11.9944	3712
2026-08-06T10:56:00-04:00	11.6400	11.9915	11825
2026-08-06T10:57:00-04:00	11.5850	11.9890	9788
2026-08-06T10:58:00-04:00	11.5600	11.9883	2785
2026-08-06T10:59:00-04:00	11.6050	11.9766	48015
2026-08-06T11:00:00-04:00	11.6350	11.9748	8091
2026-08-06T11:01:00-04:00	11.6400	11.9733	7383
2026-08-06T11:02:00-04:00	11.6100	11.9720	5837
2026-08-06T11:03:00-04:00	11.5400	11.9667	20369
2026-08-06T11:04:00-04:00	11.5750	11.9649	7256
2026-08-06T11:05:00-04:00	11.5765	11.9634	6558
2026-08-06T11:06:00-04:00	11.6200	11.9630	1765
2026-08-06T11:07:00-04:00	11.6400	11.9625	2909
2026-08-06T11:08:00-04:00	11.6401	11.9612	6554
2026-08-06T11:09:00-04:00	11.6600	11.9604	4240
2026-08-06T11:10:00-04:00	11.6600	11.9600	2326
2026-08-06T11:11:00-04:00	11.6800	11.9588	6854
2026-08-06T11:12:00-04:00	11.6400	11.9569	10274
2026-08-06T11:13:00-04:00	11.6400	11.9547	11862
2026-08-06T11:14:00-04:00	11.6400	11.9540	3725
2026-08-06T11:15:00-04:00	11.6400	11.9526	7894
2026-08-06T11:16:00-04:00	11.6300	11.9454	38003
2026-08-06T11:17:00-04:00	11.6100	11.9441	7173
2026-08-06T11:18:00-04:00	11.6000	11.9430	5427
2026-08-06T11:19:00-04:00	11.5850	11.9421	4613
2026-08-06T11:20:00-04:00	11.6100	11.9409	6373
2026-08-06T11:21:00-04:00	11.6350	11.9396	7385
2026-08-06T11:22:00-04:00	11.6800	11.9389	4355
2026-08-06T11:23:00-04:00	11.6900	11.9324	47131
2026-08-06T11:24:00-04:00	11.6692	11.9275	37188
2026-08-06T11:25:00-04:00	11.6300	11.9226	32065
2026-08-06T11:26:00-04:00	11.7100	11.9184	31736
2026-08-06T11:27:00-04:00	11.7200	11.9172	10830
2026-08-06T11:28:00-04:00	11.7000	11.9165	6511
2026-08-06T11:29:00-04:00	11.6800	11.9160	4229
2026-08-06T11:30:00-04:00	11.6800	11.9152	6587
2026-08-06T11:31:00-04:00	11.6400	11.9127	18224
2026-08-06T11:32:00-04:00	11.6000	11.9101	17451
2026-08-06T11:33:00-04:00	11.5750	11.9084	9925
2026-08-06T11:34:00-04:00	11.5800	11.9069	9569
2026-08-06T11:35:00-04:00	11.5650	11.9064	3052
2026-08-06T11:36:00-04:00	11.5700	11.9055	5276
2026-08-06T11:37:00-04:00	11.5699	11.9032	13486
2026-08-06T11:38:00-04:00	11.5550	11.9028	2183
2026-08-06T11:39:00-04:00	11.5800	11.8994	22136
2026-08-06T11:40:00-04:00	11.5750	11.8984	6831
2026-08-06T11:41:00-04:00	11.6104	11.8972	7961
2026-08-06T11:42:00-04:00	11.6000	11.8970	1688
2026-08-06T11:43:00-04:00	11.5700	11.8942	18493
2026-08-06T11:44:00-04:00	11.5900	11.8932	6692
2026-08-06T11:45:00-04:00	11.5900	11.8920	8442
2026-08-06T11:46:00-04:00	11.6200	11.8914	4686
2026-08-06T11:47:00-04:00	11.6600	11.8911	2034
2026-08-06T11:48:00-04:00	11.6800	11.8907	4015
2026-08-06T11:49:00-04:00	11.6600	11.8905	2041
2026-08-06T11:50:00-04:00	11.6600	11.8903	1622
2026-08-06T11:51:00-04:00	11.6200	11.8897	5323
2026-08-06T11:52:00-04:00	11.5900	11.8881	11202
2026-08-06T11:53:00-04:00	11.5700	11.8870	7891
2026-08-06T11:54:00-04:00	11.5750	11.8867	1551
2026-08-06T11:55:00-04:00	11.5450	11.8859	5661
2026-08-06T11:56:00-04:00	11.5400	11.8853	3263
2026-08-06T11:57:00-04:00	11.5350	11.8849	2524
2026-08-06T11:58:00-04:00	11.5300	11.8847	1491
2026-08-06T11:59:00-04:00	11.5100	11.8828	11459
2026-08-06T12:00:00-04:00	11.4500	11.8801	14210
2026-08-06T12:01:00-04:00	11.4200	11.8751	23908
2026-08-06T12:02:00-04:00	11.4150	11.8733	8967
2026-08-06T12:03:00-04:00	11.4190	11.8715	8413
2026-08-06T12:04:00-04:00	11.4200	11.8701	7021
2026-08-06T12:05:00-04:00	11.4550	11.8697	2145
2026-08-06T12:06:00-04:00	11.4650	11.8695	869
2026-08-06T12:07:00-04:00	11.4700	11.8688	3802
2026-08-06T12:08:00-04:00	11.4822	11.8687	768
2026-08-06T12:09:00-04:00	11.4800	11.8684	1634
2026-08-06T12:10:00-04:00	11.4800	11.8677	4165
2026-08-06T12:11:00-04:00	11.4400	11.8669	4353
2026-08-06T12:12:00-04:00	11.4400	11.8664	2823
2026-08-06T12:13:00-04:00	11.4400	11.8656	3878
2026-08-06T12:14:00-04:00	11.4100	11.8631	12436
2026-08-06T12:15:00-04:00	11.4200	11.8629	1023
2026-08-06T12:16:00-04:00	11.4100	11.8623	2983
2026-08-06T12:17:00-04:00	11.4200	11.8621	1119
2026-08-06T12:18:00-04:00	11.4476	11.8616	2804
2026-08-06T12:19:00-04:00	11.4550	11.8613	1591
2026-08-06T12:20:00-04:00	11.4300	11.8609	1879
2026-08-06T12:21:00-04:00	11.4000	11.8605	2124
2026-08-06T12:22:00-04:00	11.3800	11.8600	2456
2026-08-06T12:23:00-04:00	11.3300	11.8583	7575
2026-08-06T12:24:00-04:00	11.3300	11.8579	1603
2026-08-06T12:25:00-04:00	11.3200	11.8566	5710
2026-08-06T12:26:00-04:00	11.3150	11.8555	4652
2026-08-06T12:27:00-04:00	11.3200	11.8545	4397
2026-08-06T12:28:00-04:00	11.3200	11.8541	1676
2026-08-06T12:29:00-04:00	11.3150	11.8538	1259
2026-08-06T12:30:00-04:00	11.3000	11.8531	2790
2026-08-06T12:31:00-04:00	11.2900	11.8514	7251
2026-08-06T12:32:00-04:00	11.2990	11.8509	2130
2026-08-06T12:33:00-04:00	11.2550	11.8480	11684
2026-08-06T12:34:00-04:00	11.2590	11.8477	1090
2026-08-06T12:35:00-04:00	11.2450	11.8467	4064
2026-08-06T12:36:00-04:00	11.2200	11.8454	4732
2026-08-06T12:37:00-04:00	11.3350	11.8407	20419
2026-08-06T12:38:00-04:00	11.3800	11.8400	3438
2026-08-06T12:39:00-04:00	11.3900	11.8397	1727
2026-08-06T12:40:00-04:00	11.4000	11.8391	3194
2026-08-06T12:41:00-04:00	11.4100	11.8381	5366
2026-08-06T12:42:00-04:00	11.4600	11.8363	11136
2026-08-06T12:43:00-04:00	11.4300	11.8351	7413
2026-08-06T12:44:00-04:00	11.4000	11.8344	4101
2026-08-06T12:45:00-04:00	11.4200	11.8338	3330
2026-08-06T12:46:00-04:00	11.4100	11.8333	2713
2026-08-06T12:47:00-04:00	11.4750	11.8321	7662
2026-08-06T12:48:00-04:00	11.4800	11.8313	5045
2026-08-06T12:49:00-04:00	11.4800	11.8311	1952
2026-08-06T12:50:00-04:00	11.4700	11.8307	2662
2026-08-06T12:51:00-04:00	11.4950	11.8300	4449
2026-08-06T12:52:00-04:00	11.5100	11.8296	3165
2026-08-06T12:53:00-04:00	11.4800	11.8294	1967
2026-08-06T12:54:00-04:00	11.4550	11.8289	3096
2026-08-06T12:55:00-04:00	11.4900	11.8281	5335
2026-08-06T12:56:00-04:00	11.4700	11.8279	1539
2026-08-06T12:57:00-04:00	11.4700	11.8275	3042
2026-08-06T12:58:00-04:00	11.4900	11.8271	2475
2026-08-06T12:59:00-04:00	11.5100	11.8269	1764
2026-08-06T13:00:00-04:00	11.5200	11.8266	2116
2026-08-06T13:01:00-04:00	11.5100	11.8256	8381
2026-08-06T13:02:00-04:00	11.5000	11.8242	10275
2026-08-06T13:03:00-04:00	11.5000	11.8241	1050
2026-08-06T13:04:00-04:00	11.4250	11.8229	7766
2026-08-06T13:05:00-04:00	11.4200	11.8212	10426
2026-08-06T13:06:00-04:00	11.4450	11.8209	2011
2026-08-06T13:07:00-04:00	11.4320	11.8205	2854
2026-08-06T13:08:00-04:00	11.4300	11.8203	898
2026-08-06T13:09:00-04:00	11.4150	11.8196	4840
2026-08-06T13:10:00-04:00	11.4300	11.8194	728
2026-08-06T13:11:00-04:00	11.4300	11.8192	1601
2026-08-06T13:12:00-04:00	11.4300	11.8185	4576
2026-08-06T13:13:00-04:00	11.5000	11.8175	7524
2026-08-06T13:14:00-04:00	11.4950	11.8173	1632
2026-08-06T13:15:00-04:00	11.5100	11.8164	6648
2026-08-06T13:16:00-04:00	11.5300	11.8154	9715
2026-08-06T13:17:00-04:00	11.5250	11.8149	3780
2026-08-06T13:18:00-04:00	11.5100	11.8147	1836
2026-08-06T13:19:00-04:00	11.5350	11.8139	7383
2026-08-06T13:20:00-04:00	11.5300	11.8137	1519
2026-08-06T13:21:00-04:00	11.4900	11.8116	16345
2026-08-06T13:22:00-04:00	11.4600	11.8113	2255
2026-08-06T13:23:00-04:00	11.4600	11.8112	743
2026-08-06T13:24:00-04:00	11.4150	11.8107	3477
2026-08-06T13:25:00-04:00	11.4300	11.8103	2837
2026-08-06T13:26:00-04:00	11.4400	11.8099	2461
2026-08-06T13:27:00-04:00	11.4400	11.8098	1074
2026-08-06T13:28:00-04:00	11.4400	11.8096	1377
2026-08-06T13:29:00-04:00	11.4500	11.8076	14521
2026-08-06T13:30:00-04:00	11.4800	11.8072	3093
2026-08-06T13:31:00-04:00	11.4900	11.8064	5760
2026-08-06T13:32:00-04:00	11.5000	11.8056	7253
2026-08-06T13:33:00-04:00	11.4835	11.8055	596
2026-08-06T13:34:00-04:00	11.4850	11.8050	4444
2026-08-06T13:35:00-04:00	11.5100	11.8027	19072
2026-08-06T13:36:00-04:00	11.5100	11.8027	555
2026-08-06T13:38:00-04:00	11.5100	11.8026	992
2026-08-06T13:39:00-04:00	11.5000	11.8024	1069
2026-08-06T13:40:00-04:00	11.4900	11.8022	2389
2026-08-06T13:41:00-04:00	11.4500	11.8014	5893
2026-08-06T13:42:00-04:00	11.4200	11.8010	2896
2026-08-06T13:43:00-04:00	11.4200	11.8009	393
2026-08-06T13:44:00-04:00	11.4250	11.8008	1351
2026-08-06T13:45:00-04:00	11.4250	11.8005	1496
2026-08-06T13:46:00-04:00	11.4900	11.7984	17231
2026-08-06T13:47:00-04:00	11.4500	11.7980	3114
2026-08-06T13:48:00-04:00	11.4300	11.7977	2507
2026-08-06T13:49:00-04:00	11.4300	11.7972	3768
2026-08-06T13:50:00-04:00	11.4300	11.7967	3179
2026-08-06T13:51:00-04:00	11.4200	11.7962	3850
2026-08-06T13:52:00-04:00	11.4355	11.7948	10404
2026-08-06T13:54:00-04:00	11.4250	11.7945	2268
2026-08-06T13:55:00-04:00	11.4250	11.7943	972
2026-08-06T13:56:00-04:00	11.4200	11.7937	4499
2026-08-06T13:57:00-04:00	11.4200	11.7936	854
2026-08-06T13:58:00-04:00	11.4200	11.7935	749
2026-08-06T13:59:00-04:00	11.4100	11.7924	7328
2026-08-06T14:00:00-04:00	11.4500	11.7912	9780
2026-08-06T14:01:00-04:00	11.4400	11.7910	1510
2026-08-06T14:02:00-04:00	11.4100	11.7908	1003
2026-08-06T14:04:00-04:00	11.3800	11.7903	3827
2026-08-06T14:05:00-04:00	11.3500	11.7873	19191
2026-08-06T14:06:00-04:00	11.3400	11.7869	2475
2026-08-06T14:07:00-04:00	11.3150	11.7865	2220
2026-08-06T14:08:00-04:00	11.3050	11.7864	763
2026-08-06T14:09:00-04:00	11.3050	11.7861	1329
2026-08-06T14:10:00-04:00	11.3100	11.7850	6274
2026-08-06T14:11:00-04:00	11.3000	11.7848	1293
2026-08-06T14:12:00-04:00	11.2763	11.7826	12431
2026-08-06T14:13:00-04:00	11.2750	11.7824	778
2026-08-06T14:14:00-04:00	11.2750	11.7818	3433
2026-08-06T14:15:00-04:00	11.2750	11.7812	3302
2026-08-06T14:16:00-04:00	11.3200	11.7777	20920
2026-08-06T14:17:00-04:00	11.3250	11.7768	4960
2026-08-06T14:18:00-04:00	11.3200	11.7756	7554
2026-08-06T14:19:00-04:00	11.3250	11.7748	5309
2026-08-06T14:20:00-04:00	11.2900	11.7740	4259
2026-08-06T14:21:00-04:00	11.3050	11.7736	2841
2026-08-06T14:22:00-04:00	11.3000	11.7732	2073
2026-08-06T14:23:00-04:00	11.3000	11.7731	946
2026-08-06T14:24:00-04:00	11.3010	11.7728	1488
2026-08-06T14:25:00-04:00	11.3100	11.7715	8217
2026-08-06T14:26:00-04:00	11.2700	11.7703	7208
2026-08-06T14:27:00-04:00	11.2700	11.7696	3826
2026-08-06T14:28:00-04:00	11.2800	11.7681	8691
2026-08-06T14:29:00-04:00	11.2900	11.7679	1171
2026-08-06T14:30:00-04:00	11.2800	11.7676	1520
2026-08-06T14:31:00-04:00	11.2800	11.7672	2379
2026-08-06T14:32:00-04:00	11.2700	11.7668	2688
2026-08-06T14:33:00-04:00	11.2550	11.7658	5625
2026-08-06T14:34:00-04:00	11.2700	11.7639	10748
2026-08-06T14:35:00-04:00	11.3000	11.7633	3963
2026-08-06T14:36:00-04:00	11.3300	11.7630	1969
2026-08-06T14:37:00-04:00	11.3008	11.7609	13001
2026-08-06T14:38:00-04:00	11.3000	11.7608	1035
2026-08-06T14:39:00-04:00	11.3100	11.7606	1463
2026-08-06T14:40:00-04:00	11.3000	11.7604	658
2026-08-06T14:41:00-04:00	11.2990	11.7601	1938
2026-08-06T14:42:00-04:00	11.2900	11.7599	1564
2026-08-06T14:43:00-04:00	11.2700	11.7594	2716
2026-08-06T14:44:00-04:00	11.2550	11.7587	4023
2026-08-06T14:45:00-04:00	11.2550	11.7585	1692
2026-08-06T14:46:00-04:00	11.2450	11.7570	8257
2026-08-06T14:47:00-04:00	11.2300	11.7568	927
2026-08-06T14:48:00-04:00	11.2200	11.7562	3482
2026-08-06T14:49:00-04:00	11.2250	11.7559	1984
2026-08-06T14:50:00-04:00	11.2050	11.7542	8876
2026-08-06T14:51:00-04:00	11.2000	11.7534	4120
2026-08-06T14:52:00-04:00	11.2010	11.7533	783
2026-08-06T14:53:00-04:00	11.2050	11.7530	1582
2026-08-06T14:54:00-04:00	11.2000	11.7524	2908
2026-08-06T14:55:00-04:00	11.2100	11.7520	2692
2026-08-06T14:56:00-04:00	11.2000	11.7518	634
2026-08-06T14:57:00-04:00	11.1800	11.7496	11643
2026-08-06T14:58:00-04:00	11.1650	11.7482	7107
2026-08-06T14:59:00-04:00	11.1500	11.7462	10166
2026-08-06T15:00:00-04:00	11.1550	11.7456	3046
2026-08-06T15:01:00-04:00	11.1500	11.7444	6248
2026-08-06T15:02:00-04:00	11.1550	11.7436	4110
2026-08-06T15:03:00-04:00	11.1550	11.7432	1664
2026-08-06T15:04:00-04:00	11.1650	11.7393	20187
2026-08-06T15:05:00-04:00	11.1450	11.7385	4179
2026-08-06T15:06:00-04:00	11.1550	11.7378	3414
2026-08-06T15:07:00-04:00	11.1410	11.7367	5742
2026-08-06T15:08:00-04:00	11.1600	11.7335	16892
2026-08-06T15:09:00-04:00	11.1700	11.7331	2401
2026-08-06T15:10:00-04:00	11.1888	11.7325	3190
2026-08-06T15:11:00-04:00	11.1850	11.7322	1496
2026-08-06T15:12:00-04:00	11.1750	11.7315	3984
2026-08-06T15:13:00-04:00	11.1500	11.7306	4726
2026-08-06T15:14:00-04:00	11.1350	11.7290	8364
2026-08-06T15:15:00-04:00	11.1250	11.7278	6283
2026-08-06T15:16:00-04:00	11.1183	11.7272	2886
2026-08-06T15:17:00-04:00	11.1350	11.7251	10872
2026-08-06T15:18:00-04:00	11.1450	11.7245	3545
2026-08-06T15:19:00-04:00	11.1450	11.7242	1333
2026-08-06T15:20:00-04:00	11.1550	11.7229	7277
2026-08-06T15:21:00-04:00	11.1400	11.7222	3516
2026-08-06T15:22:00-04:00	11.1350	11.7218	2451
2026-08-06T15:23:00-04:00	11.1150	11.7183	17684
2026-08-06T15:24:00-04:00	11.1100	11.7178	2571
2026-08-06T15:25:00-04:00	11.1150	11.7171	3714
2026-08-06T15:26:00-04:00	11.1000	11.7160	5719
2026-08-06T15:27:00-04:00	11.1050	11.7156	2290
2026-08-06T15:28:00-04:00	11.0850	11.7142	6914
2026-08-06T15:29:00-04:00	11.0201	11.7117	11887
2026-08-06T15:30:00-04:00	11.0900	11.7035	40967
2026-08-06T15:31:00-04:00	11.0700	11.7022	6629
2026-08-06T15:32:00-04:00	11.0450	11.7000	10993
2026-08-06T15:33:00-04:00	11.0400	11.6991	4139
2026-08-06T15:34:00-04:00	11.0500	11.6923	34273
2026-08-06T15:35:00-04:00	11.0500	11.6896	13624
2026-08-06T15:36:00-04:00	11.0500	11.6891	2753
2026-08-06T15:37:00-04:00	11.0201	11.6858	16412
2026-08-06T15:38:00-04:00	11.0400	11.6829	14792
2026-08-06T15:39:00-04:00	11.0500	11.6815	7142
2026-08-06T15:40:00-04:00	11.0450	11.6812	1664
2026-08-06T15:41:00-04:00	11.0450	11.6809	1728
2026-08-06T15:42:00-04:00	11.0350	11.6801	4217
2026-08-06T15:43:00-04:00	11.0050	11.6751	24596
2026-08-06T15:44:00-04:00	11.0050	11.6740	5614
2026-08-06T15:45:00-04:00	11.0050	11.6595	74502
2026-08-06T15:46:00-04:00	11.0050	11.6567	14779
2026-08-06T15:47:00-04:00	11.0000	11.6538	15014
2026-08-06T15:48:00-04:00	11.0000	11.6507	16719
2026-08-06T15:49:00-04:00	11.0050	11.6492	8044
2026-08-06T15:50:00-04:00	11.0050	11.6374	65156
2026-08-06T15:51:00-04:00	10.8900	11.6218	80291
2026-08-06T15:52:00-04:00	10.8400	11.6038	86313
2026-08-06T15:53:00-04:00	10.9000	11.5994	22518
2026-08-06T15:54:00-04:00	10.9200	11.5976	10003
2026-08-06T15:55:00-04:00	10.9050	11.5955	11343
2026-08-06T15:56:00-04:00	10.9050	11.5926	15918
2026-08-06T15:57:00-04:00	10.9100	11.5880	25776
2026-08-06T15:58:00-04:00	10.8800	11.5828	28863
2026-08-06T15:59:00-04:00	10.8850	11.5741	48800
2026-08-07T09:30:00-04:00	10.8100	10.9200	103200
2026-08-07T09:31:00-04:00	10.7900	10.8857	36969
2026-08-07T09:32:00-04:00	10.8500	10.8836	15128
2026-08-07T09:33:00-04:00	10.8400	10.8750	24095
2026-08-07T09:34:00-04:00	10.9700	10.8780	11052
2026-08-07T09:35:00-04:00	10.8520	10.8824	15798
2026-08-07T09:36:00-04:00	10.8020	10.8786	12782
2026-08-07T09:37:00-04:00	10.7900	10.8765	6032
2026-08-07T09:38:00-04:00	10.9750	10.8860	49918
2026-08-07T09:39:00-04:00	11.0150	10.8908	10991
2026-08-07T09:40:00-04:00	10.9900	10.8968	14856
2026-08-07T09:41:00-04:00	11.0050	10.8999	9226
2026-08-07T09:42:00-04:00	10.9400	10.9021	20989
2026-08-07T09:43:00-04:00	10.9500	10.9045	20947
2026-08-07T09:44:00-04:00	10.9570	10.9053	5593
2026-08-07T09:45:00-04:00	10.8100	10.9004	30311
2026-08-07T09:46:00-04:00	10.7150	10.8877	31558
2026-08-07T09:47:00-04:00	10.7700	10.8821	18048
2026-08-07T09:48:00-04:00	10.6974	10.8765	16538
2026-08-07T09:49:00-04:00	10.6900	10.8650	27013
2026-08-07T09:50:00-04:00	10.7700	10.8604	19775
2026-08-07T09:51:00-04:00	10.7650	10.8590	7618
2026-08-07T09:52:00-04:00	10.7500	10.8555	19531
2026-08-07T09:53:00-04:00	10.7600	10.8516	19573
2026-08-07T09:54:00-04:00	10.7400	10.8472	20166
2026-08-07T09:55:00-04:00	10.7050	10.8448	10887
2026-08-07T09:56:00-04:00	10.6500	10.8399	17370
2026-08-07T09:57:00-04:00	10.7700	10.8351	33587
2026-08-07T09:58:00-04:00	10.6900	10.8335	8530
2026-08-07T09:59:00-04:00	10.6800	10.8323	5053
2026-08-07T10:00:00-04:00	10.6450	10.8295	10132
2026-08-07T10:01:00-04:00	10.5500	10.8229	17352
2026-08-07T10:02:00-04:00	10.6000	10.8182	12837
2026-08-07T10:03:00-04:00	10.6199	10.8150	10671
2026-08-07T10:04:00-04:00	10.5300	10.8091	15344
2026-08-07T10:05:00-04:00	10.5850	10.8022	20941
2026-08-07T10:06:00-04:00	10.5850	10.7994	9521
2026-08-07T10:07:00-04:00	10.6201	10.7970	9993
2026-08-07T10:08:00-04:00	10.6350	10.7939	14851
2026-08-07T10:09:00-04:00	10.5708	10.7924	5481
2026-08-07T10:10:00-04:00	10.5950	10.7906	6512
2026-08-07T10:11:00-04:00	10.5942	10.7886	8443
2026-08-07T10:12:00-04:00	10.5800	10.7842	15326
2026-08-07T10:13:00-04:00	10.5749	10.7840	977
2026-08-07T10:14:00-04:00	10.5450	10.7823	5545
2026-08-07T10:15:00-04:00	10.6000	10.7808	6106
2026-08-07T10:16:00-04:00	10.6000	10.7805	1112
2026-08-07T10:17:00-04:00	10.6200	10.7782	10473
2026-08-07T10:18:00-04:00	10.6391	10.7725	29435
2026-08-07T10:19:00-04:00	10.6900	10.7713	10036
2026-08-07T10:20:00-04:00	10.6500	10.7707	4652
2026-08-07T10:21:00-04:00	10.6200	10.7706	823
2026-08-07T10:22:00-04:00	10.5500	10.7694	4965
2026-08-07T10:23:00-04:00	10.6150	10.7668	13375
2026-08-07T10:24:00-04:00	10.6000	10.7660	4506
2026-08-07T10:25:00-04:00	10.6400	10.7631	19013
2026-08-07T10:26:00-04:00	10.6450	10.7621	7435
2026-08-07T10:27:00-04:00	10.6712	10.7595	25061
2026-08-07T10:28:00-04:00	10.6778	10.7585	10953
2026-08-07T10:29:00-04:00	10.6800	10.7575	11510
2026-08-07T10:30:00-04:00	10.6600	10.7561	12267
2026-08-07T10:31:00-04:00	10.6250	10.7554	6188
2026-08-07T10:32:00-04:00	10.5650	10.7534	11099
2026-08-07T10:33:00-04:00	10.5900	10.7516	10554
2026-08-07T10:34:00-04:00	10.6300	10.7503	10004
2026-08-07T10:35:00-04:00	10.5950	10.7492	8089
2026-08-07T10:36:00-04:00	10.6141	10.7479	8843
2026-08-07T10:37:00-04:00	10.6100	10.7456	17032
2026-08-07T10:38:00-04:00	10.6400	10.7450	5812
2026-08-07T10:39:00-04:00	10.7700	10.7441	55284
2026-08-07T10:40:00-04:00	10.7750	10.7457	48084
2026-08-07T10:41:00-04:00	10.7750	10.7461	20750
2026-08-07T10:42:00-04:00	10.7500	10.7462	11603
2026-08-07T10:43:00-04:00	10.7000	10.7461	3204
2026-08-07T10:44:00-04:00	10.7700	10.7461	6146
2026-08-07T10:45:00-04:00	10.8000	10.7467	23268
2026-08-07T10:46:00-04:00	10.8550	10.7475	10371
2026-08-07T10:47:00-04:00	10.8167	10.7478	5032
2026-08-07T10:48:00-04:00	10.8450	10.7483	6522
2026-08-07T10:49:00-04:00	10.8600	10.7490	8674
2026-08-07T10:50:00-04:00	10.8800	10.7502	11443
2026-08-07T10:51:00-04:00	10.9300	10.7518	12005
2026-08-07T10:52:00-04:00	11.0200	10.7533	8414
2026-08-07T10:53:00-04:00	11.1300	10.7739	76490
2026-08-07T10:54:00-04:00	11.3600	10.7912	46361
2026-08-07T10:55:00-04:00	11.3650	10.7993	20313
2026-08-07T10:56:00-04:00	11.3750	10.8132	35332
2026-08-07T10:57:00-04:00	11.3800	10.8170	9861
2026-08-07T10:58:00-04:00	11.2662	10.8228	18389
2026-08-07T10:59:00-04:00	11.2350	10.8279	18198
2026-08-07T11:00:00-04:00	11.3100	10.8305	8573
2026-08-07T11:01:00-04:00	11.2750	10.8418	39219
2026-08-07T11:02:00-04:00	11.3700	10.8445	8190
2026-08-07T11:03:00-04:00	11.4000	10.8480	10521
2026-08-07T11:04:00-04:00	11.4100	10.8504	6658
2026-08-07T11:05:00-04:00	11.5500	10.8577	17845
2026-08-07T11:06:00-04:00	11.4800	10.8693	29269
2026-08-07T11:07:00-04:00	11.5300	10.8755	15570
2026-08-07T11:08:00-04:00	11.5900	10.8796	10003
2026-08-07T11:09:00-04:00	11.6750	10.8915	25791
2026-08-07T11:10:00-04:00	11.5400	10.9074	38995
2026-08-07T11:11:00-04:00	11.4400	10.9148	22871
2026-08-07T11:12:00-04:00	11.5327	10.9224	22190
2026-08-07T11:13:00-04:00	11.5850	10.9253	7686
2026-08-07T11:14:00-04:00	11.5750	10.9309	15583
2026-08-07T11:15:00-04:00	11.5300	10.9328	5490
2026-08-07T11:16:00-04:00	11.5200	10.9360	9449
2026-08-07T11:17:00-04:00	11.5000	10.9371	3501
2026-08-07T11:18:00-04:00	11.6100	10.9428	16062
2026-08-07T11:19:00-04:00	11.6500	10.9484	14735
2026-08-07T11:20:00-04:00	11.6700	10.9497	3345
2026-08-07T11:21:00-04:00	11.6900	10.9534	9427
2026-08-07T11:22:00-04:00	11.6950	10.9545	2752
2026-08-07T11:23:00-04:00	11.6600	10.9567	5725
2026-08-07T11:24:00-04:00	11.7000	10.9586	4849
2026-08-07T11:25:00-04:00	11.7800	10.9639	12426
2026-08-07T11:26:00-04:00	11.7100	10.9674	8625
2026-08-07T11:27:00-04:00	11.6600	10.9681	1820
2026-08-07T11:28:00-04:00	11.7200	10.9776	24731
2026-08-07T11:29:00-04:00	11.6550	10.9815	10714
2026-08-07T11:30:00-04:00	11.6000	10.9841	8455
2026-08-07T11:31:00-04:00	11.5900	10.9876	10669
2026-08-07T11:32:00-04:00	11.6150	10.9887	3600
2026-08-07T11:33:00-04:00	11.6000	10.9929	13215
2026-08-07T11:34:00-04:00	11.6300	10.9975	14501
2026-08-07T11:35:00-04:00	11.6000	11.0015	12962
2026-08-07T11:36:00-04:00	11.5700	11.0023	2965
2026-08-07T11:37:00-04:00	11.5640	11.0050	9522
2026-08-07T11:38:00-04:00	11.5900	11.0142	31577
2026-08-07T11:39:00-04:00	11.5200	11.0160	7133
2026-08-07T11:40:00-04:00	11.6000	11.0212	18923
2026-08-07T11:41:00-04:00	11.5600	11.0222	3699
2026-08-07T11:42:00-04:00	11.5272	11.0238	6554
2026-08-07T11:43:00-04:00	11.5650	11.0287	19174
2026-08-07T11:44:00-04:00	11.6050	11.0368	29671
2026-08-07T11:45:00-04:00	11.6250	11.0407	14560
2026-08-07T11:46:00-04:00	11.5936	11.0427	7630
2026-08-07T11:47:00-04:00	11.5650	11.0438	4629
2026-08-07T11:48:00-04:00	11.5900	11.0468	12019
2026-08-07T11:49:00-04:00	11.5900	11.0496	10562
2026-08-07T11:50:00-04:00	11.5700	11.0500	1922
2026-08-07T11:51:00-04:00	11.5800	11.0521	8487
2026-08-07T11:52:00-04:00	11.5700	11.0550	12103
2026-08-07T11:53:00-04:00	11.5350	11.0556	2698
2026-08-07T11:54:00-04:00	11.4600	11.0586	16305
2026-08-07T11:55:00-04:00	11.4400	11.0589	1718
2026-08-07T11:56:00-04:00	11.4600	11.0607	9335
2026-08-07T11:57:00-04:00	11.4578	11.0608	1074
2026-08-07T11:58:00-04:00	11.4200	11.0644	21462
2026-08-07T11:59:00-04:00	11.5000	11.0666	11715
2026-08-07T12:00:00-04:00	11.4850	11.0670	2102
2026-08-07T12:01:00-04:00	11.4500	11.0685	9111
2026-08-07T12:02:00-04:00	11.4700	11.0698	7356
2026-08-07T12:03:00-04:00	11.4500	11.0704	4008
2026-08-07T12:04:00-04:00	11.4500	11.0713	5047
2026-08-07T12:05:00-04:00	11.5000	11.0737	13416
2026-08-07T12:06:00-04:00	11.5050	11.0744	3879
2026-08-07T12:07:00-04:00	11.5000	11.0751	3972
2026-08-07T12:08:00-04:00	11.4500	11.0765	7700
2026-08-07T12:09:00-04:00	11.4750	11.0772	4106
2026-08-07T12:10:00-04:00	11.5150	11.0777	2853
2026-08-07T12:11:00-04:00	11.5150	11.0783	3328
2026-08-07T12:12:00-04:00	11.4850	11.0795	6789
2026-08-07T12:13:00-04:00	11.5150	11.0811	8702
2026-08-07T12:14:00-04:00	11.5150	11.0811	316
2026-08-07T12:15:00-04:00	11.5050	11.0815	2142
2026-08-07T12:16:00-04:00	11.5200	11.0831	8758
2026-08-07T12:17:00-04:00	11.4950	11.0838	3686
2026-08-07T12:18:00-04:00	11.5750	11.0869	16229
2026-08-07T12:19:00-04:00	11.5200	11.0881	6169
2026-08-07T12:20:00-04:00	11.5300	11.0882	598
2026-08-07T12:21:00-04:00	11.4600	11.0893	6254
2026-08-07T12:22:00-04:00	11.4200	11.0903	7311
2026-08-07T12:23:00-04:00	11.4100	11.0906	1625
2026-08-07T12:24:00-04:00	11.3200	11.0913	6907
2026-08-07T12:25:00-04:00	11.3600	11.0921	7949
2026-08-07T12:26:00-04:00	11.3450	11.0923	1668
2026-08-07T12:27:00-04:00	11.3850	11.0943	17333
2026-08-07T12:28:00-04:00	11.4000	11.0964	17426
2026-08-07T12:29:00-04:00	11.4150	11.0967	2631
2026-08-07T12:30:00-04:00	11.3900	11.0968	791
2026-08-07T12:31:00-04:00	11.3900	11.0987	15586
2026-08-07T12:32:00-04:00	11.3800	11.0994	6270
2026-08-07T12:33:00-04:00	11.3700	11.0997	2120
2026-08-07T12:34:00-04:00	11.3700	11.0999	1947
2026-08-07T12:35:00-04:00	11.3700	11.1002	2774
2026-08-07T12:36:00-04:00	11.3700	11.1005	2773
2026-08-07T12:37:00-04:00	11.3200	11.1009	3534
2026-08-07T12:38:00-04:00	11.3000	11.1010	2176
2026-08-07T12:39:00-04:00	11.3200	11.1013	2184
2026-08-07T12:40:00-04:00	11.3550	11.1015	2763
2026-08-07T12:41:00-04:00	11.3300	11.1020	5167
2026-08-07T12:42:00-04:00	11.2550	11.1027	8382
2026-08-07T12:43:00-04:00	11.3041	11.1032	7944
2026-08-07T12:44:00-04:00	11.3100	11.1037	5577
2026-08-07T12:45:00-04:00	11.3200	11.1039	2823
2026-08-07T12:46:00-04:00	11.3850	11.1062	22287
2026-08-07T12:47:00-04:00	11.3700	11.1064	2272
2026-08-07T12:48:00-04:00	11.3600	11.1076	11053
2026-08-07T12:49:00-04:00	11.3437	11.1080	4106
2026-08-07T12:50:00-04:00	11.4400	11.1104	20480
2026-08-07T12:51:00-04:00	11.4100	11.1108	3272
2026-08-07T12:52:00-04:00	11.4000	11.1109	687
2026-08-07T12:53:00-04:00	11.3700	11.1110	1130
2026-08-07T12:54:00-04:00	11.3700	11.1116	6192
2026-08-07T12:55:00-04:00	11.3700	11.1124	7981
2026-08-07T12:56:00-04:00	11.3800	11.1126	1828
2026-08-07T12:57:00-04:00	11.3500	11.1128	2242
2026-08-07T12:58:00-04:00	11.3300	11.1131	4034
2026-08-07T12:59:00-04:00	11.3850	11.1148	16904
2026-08-07T13:00:00-04:00	11.3800	11.1149	985
2026-08-07T13:01:00-04:00	11.3600	11.1154	5477
2026-08-07T13:02:00-04:00	11.3500	11.1158	4005
2026-08-07T13:03:00-04:00	11.3600	11.1162	4712
2026-08-07T13:04:00-04:00	11.3400	11.1171	9489
2026-08-07T13:05:00-04:00	11.3600	11.1173	2428
2026-08-07T13:06:00-04:00	11.4050	11.1191	16424
2026-08-07T13:07:00-04:00	11.4350	11.1205	12224
2026-08-07T13:08:00-04:00	11.4700	11.1209	3061
2026-08-07T13:09:00-04:00	11.4000	11.1215	5162
2026-08-07T13:10:00-04:00	11.4000	11.1220	4601
2026-08-07T13:11:00-04:00	11.4250	11.1221	1455
2026-08-07T13:12:00-04:00	11.4250	11.1224	2654
2026-08-07T13:13:00-04:00	11.3800	11.1228	4232
2026-08-07T13:14:00-04:00	11.3200	11.1231	2882
2026-08-07T13:15:00-04:00	11.3300	11.1232	2017
2026-08-07T13:16:00-04:00	11.3200	11.1234	1790
2026-08-07T13:17:00-04:00	11.3200	11.1239	6544
2026-08-07T13:18:00-04:00	11.3800	11.1247	8497
2026-08-07T13:19:00-04:00	11.4100	11.1254	7592
2026-08-07T13:20:00-04:00	11.4500	11.1259	3930
2026-08-07T13:21:00-04:00	11.4100	11.1261	2160
2026-08-07T13:22:00-04:00	11.3700	11.1265	4659
2026-08-07T13:23:00-04:00	11.3700	11.1268	2461
2026-08-07T13:24:00-04:00	11.3900	11.1272	4595
2026-08-07T13:25:00-04:00	11.3600	11.1274	2450
2026-08-07T13:26:00-04:00	11.3900	11.1284	10887
2026-08-07T13:27:00-04:00	11.3850	11.1284	334
2026-08-07T13:28:00-04:00	11.3500	11.1286	1449
2026-08-07T13:29:00-04:00	11.3150	11.1291	6932
2026-08-07T13:30:00-04:00	11.3362	11.1299	11957
2026-08-07T13:31:00-04:00	11.3300	11.1304	7128
2026-08-07T13:32:00-04:00	11.3400	11.1312	9953
2026-08-07T13:33:00-04:00	11.3300	11.1312	584
2026-08-07T13:34:00-04:00	11.3200	11.1314	2227
2026-08-07T13:35:00-04:00	11.3000	11.1316	3405
2026-08-07T13:36:00-04:00	11.3300	11.1327	18528
2026-08-07T13:37:00-04:00	11.3200	11.1327	1121
2026-08-07T13:38:00-04:00	11.3150	11.1328	846
2026-08-07T13:39:00-04:00	11.2900	11.1329	1655
2026-08-07T13:40:00-04:00	11.3100	11.1330	1890
2026-08-07T13:41:00-04:00	11.2900	11.1331	2435
2026-08-07T13:42:00-04:00	11.3100	11.1336	8049
2026-08-07T13:43:00-04:00	11.3150	11.1337	403
2026-08-07T13:44:00-04:00	11.2600	11.1339	5515
2026-08-07T13:45:00-04:00	11.3600	11.1345	8818
2026-08-07T13:46:00-04:00	11.3900	11.1346	1014
2026-08-07T13:47:00-04:00	11.3200	11.1347	2021
2026-08-07T13:48:00-04:00	11.3400	11.1349	2623
2026-08-07T13:49:00-04:00	11.3650	11.1351	1885
2026-08-07T13:50:00-04:00	11.3450	11.1352	2154
2026-08-07T13:51:00-04:00	11.3200	11.1354	2535
2026-08-07T13:52:00-04:00	11.3500	11.1360	8633
2026-08-07T13:53:00-04:00	11.3500	11.1361	1088
2026-08-07T13:54:00-04:00	11.3300	11.1362	1128
2026-08-07T13:55:00-04:00	11.3500	11.1362	164
2026-08-07T13:56:00-04:00	11.3150	11.1363	1735
2026-08-07T13:57:00-04:00	11.3400	11.1367	6736
2026-08-07T13:58:00-04:00	11.3500	11.1368	571
2026-08-07T13:59:00-04:00	11.3000	11.1370	2943
2026-08-07T14:00:00-04:00	11.3150	11.1372	3639
2026-08-07T14:01:00-04:00	11.2800	11.1372	1069
2026-08-07T14:02:00-04:00	11.3600	11.1373	1538
2026-08-07T14:03:00-04:00	11.3200	11.1373	137
2026-08-07T14:04:00-04:00	11.3250	11.1374	1126
2026-08-07T14:05:00-04:00	11.3200	11.1375	1187
2026-08-07T14:06:00-04:00	11.3200	11.1375	643
2026-08-07T14:07:00-04:00	11.2724	11.1378	5796
2026-08-07T14:08:00-04:00	11.2700	11.1379	1108
2026-08-07T14:09:00-04:00	11.2700	11.1379	226
2026-08-07T14:10:00-04:00	11.2700	11.1379	582
2026-08-07T14:11:00-04:00	11.3100	11.1379	831
2026-08-07T14:12:00-04:00	11.2800	11.1380	404
2026-08-07T14:13:00-04:00	11.2650	11.1381	3684
2026-08-07T14:14:00-04:00	11.2750	11.1382	1369
2026-08-07T14:15:00-04:00	11.2500	11.1383	2440
2026-08-07T14:16:00-04:00	11.2500	11.1383	711
2026-08-07T14:17:00-04:00	11.2500	11.1386	8231
2026-08-07T14:18:00-04:00	11.2400	11.1387	604
2026-08-07T14:19:00-04:00	11.2550	11.1387	1484
2026-08-07T14:20:00-04:00	11.2350	11.1389	6181
2026-08-07T14:21:00-04:00	11.1900	11.1390	3817
2026-08-07T14:22:00-04:00	11.1910	11.1392	9633
2026-08-07T14:23:00-04:00	11.2050	11.1392	1228
2026-08-07T14:24:00-04:00	11.1850	11.1393	1531
2026-08-07T14:25:00-04:00	11.1800	11.1394	10675
2026-08-07T14:26:00-04:00	11.1400	11.1394	2103
2026-08-07T14:27:00-04:00	11.1550	11.1394	3730
2026-08-07T14:28:00-04:00	11.1600	11.1394	3785
2026-08-07T14:29:00-04:00	11.2000	11.1397	14547
2026-08-07T14:30:00-04:00	11.2100	11.1397	827
2026-08-07T14:31:00-04:00	11.2150	11.1398	513
2026-08-07T14:32:00-04:00	11.1800	11.1398	2018
2026-08-07T14:33:00-04:00	11.1800	11.1398	2607
2026-08-07T14:34:00-04:00	11.1900	11.1399	4744
2026-08-07T14:35:00-04:00	11.1900	11.1400	4920
2026-08-07T14:36:00-04:00	11.2100	11.1401	3304
2026-08-07T14:37:00-04:00	11.2250	11.1401	1028
2026-08-07T14:38:00-04:00	11.2250	11.1401	841
2026-08-07T14:39:00-04:00	11.2200	11.1402	3699
2026-08-07T14:40:00-04:00	11.2200	11.1403	3078
2026-08-07T14:41:00-04:00	11.2550	11.1407	8960
2026-08-07T14:42:00-04:00	11.2550	11.1407	371
2026-08-07T14:43:00-04:00	11.2550	11.1407	297
2026-08-07T14:44:00-04:00	11.2250	11.1409	7477
2026-08-07T14:45:00-04:00	11.2200	11.1410	2686
2026-08-07T14:46:00-04:00	11.1550	11.1411	10045
2026-08-07T14:47:00-04:00	11.1400	11.1411	6446
2026-08-07T14:48:00-04:00	11.1350	11.1411	2687
2026-08-07T14:49:00-04:00	11.1250	11.1411	6138
2026-08-07T14:50:00-04:00	11.1400	11.1411	4981
2026-08-07T14:51:00-04:00	11.1400	11.1411	752
2026-08-07T14:52:00-04:00	11.1400	11.1411	782
2026-08-07T14:53:00-04:00	11.1250	11.1411	3453
2026-08-07T14:54:00-04:00	11.1100	11.1410	8180
2026-08-07T14:55:00-04:00	11.1100	11.1410	2271
2026-08-07T14:56:00-04:00	11.0950	11.1410	1918
2026-08-07T14:57:00-04:00	11.1200	11.1409	10196
2026-08-07T14:58:00-04:00	11.1200	11.1409	586
2026-08-07T14:59:00-04:00	11.1150	11.1408	8361
2026-08-07T15:00:00-04:00	11.1300	11.1407	15544
2026-08-07T15:01:00-04:00	11.1350	11.1407	15323
2026-08-07T15:02:00-04:00	11.1300	11.1407	2004
2026-08-07T15:03:00-04:00	11.1350	11.1407	6045
2026-08-07T15:04:00-04:00	11.1300	11.1407	2491
2026-08-07T15:05:00-04:00	11.1350	11.1407	8425
2026-08-07T15:06:00-04:00	11.1600	11.1407	14265
2026-08-07T15:08:00-04:00	11.1400	11.1407	5629
2026-08-07T15:09:00-04:00	11.1350	11.1407	3022
2026-08-07T15:10:00-04:00	11.1450	11.1407	3707
2026-08-07T15:11:00-04:00	11.1450	11.1407	4072
2026-08-07T15:12:00-04:00	11.1450	11.1407	946
2026-08-07T15:13:00-04:00	11.1600	11.1408	8460
2026-08-07T15:14:00-04:00	11.1600	11.1408	1284
2026-08-07T15:15:00-04:00	11.1600	11.1408	1608
2026-08-07T15:16:00-04:00	11.1600	11.1408	1424
2026-08-07T15:17:00-04:00	11.1500	11.1408	9340
2026-08-07T15:18:00-04:00	11.1400	11.1408	7133
2026-08-07T15:19:00-04:00	11.1550	11.1408	3573
2026-08-07T15:20:00-04:00	11.1700	11.1409	2572
2026-08-07T15:21:00-04:00	11.1600	11.1409	8465
2026-08-07T15:22:00-04:00	11.1700	11.1410	7640
2026-08-07T15:23:00-04:00	11.1800	11.1410	1044
2026-08-07T15:24:00-04:00	11.1500	11.1410	2401
2026-08-07T15:25:00-04:00	11.1400	11.1410	2153
2026-08-07T15:26:00-04:00	11.1550	11.1410	3461
2026-08-07T15:27:00-04:00	11.1300	11.1410	7625
2026-08-07T15:28:00-04:00	11.1400	11.1410	7284
2026-08-07T15:29:00-04:00	11.1200	11.1409	4029
2026-08-07T15:30:00-04:00	11.1100	11.1409	6317
2026-08-07T15:31:00-04:00	11.0800	11.1407	13190
2026-08-07T15:32:00-04:00	11.0900	11.1406	4622
2026-08-07T15:33:00-04:00	11.0850	11.1406	1910
2026-08-07T15:34:00-04:00	11.0950	11.1403	13398
2026-08-07T15:35:00-04:00	11.1300	11.1403	10486
2026-08-07T15:36:00-04:00	11.1300	11.1403	2925
2026-08-07T15:37:00-04:00	11.1500	11.1403	2734
2026-08-07T15:38:00-04:00	11.1650	11.1403	10841
2026-08-07T15:39:00-04:00	11.1550	11.1404	3433
2026-08-07T15:40:00-04:00	11.1200	11.1403	5573
2026-08-07T15:41:00-04:00	11.1250	11.1403	5278
2026-08-07T15:42:00-04:00	11.1500	11.1403	3693
2026-08-07T15:43:00-04:00	11.1400	11.1403	4102
2026-08-07T15:44:00-04:00	11.0900	11.1402	9117
2026-08-07T15:45:00-04:00	11.0600	11.1394	38670
2026-08-07T15:46:00-04:00	11.0650	11.1391	14507
2026-08-07T15:47:00-04:00	11.0600	11.1389	7005
2026-08-07T15:48:00-04:00	11.0890	11.1386	17412
2026-08-07T15:49:00-04:00	11.0850	11.1385	8002
2026-08-07T15:50:00-04:00	11.1800	11.1386	20655
2026-08-07T15:51:00-04:00	11.2750	11.1394	26283
2026-08-07T15:52:00-04:00	11.2700	11.1401	20146
2026-08-07T15:53:00-04:00	11.2900	11.1403	5991
2026-08-07T15:54:00-04:00	11.3200	11.1411	15507
2026-08-07T15:55:00-04:00	11.3650	11.1430	31968
2026-08-07T15:56:00-04:00	11.4350	11.1454	32043
2026-08-07T15:57:00-04:00	11.5000	11.1477	24389
2026-08-07T15:58:00-04:00	11.4000	11.1523	59914
2026-08-07T15:59:00-04:00	11.4000	11.1570	65558
2026-08-10T09:30:00-04:00	11.6732	11.5294	60885
2026-08-10T09:31:00-04:00	11.9300	11.6490	34669
2026-08-10T09:32:00-04:00	11.8900	11.6625	6130
2026-08-10T09:33:00-04:00	11.8000	11.6954	30876
2026-08-10T09:34:00-04:00	11.7050	11.6980	6311
2026-08-10T09:35:00-04:00	11.7200	11.6995	5954
2026-08-10T09:36:00-04:00	11.6850	11.6989	8327
2026-08-10T09:37:00-04:00	11.5525	11.6878	15735
2026-08-10T09:38:00-04:00	11.3900	11.6816	4099
2026-08-10T09:39:00-04:00	11.2700	11.6722	4811
2026-08-10T09:40:00-04:00	11.1300	11.6570	6911
2026-08-10T09:41:00-04:00	11.0400	11.6242	11552
2026-08-10T09:42:00-04:00	11.1400	11.6083	6138
2026-08-10T09:43:00-04:00	11.1050	11.5938	5837
2026-08-10T09:44:00-04:00	11.1725	11.5873	2961
2026-08-10T09:45:00-04:00	10.9700	11.5519	14004
2026-08-10T09:46:00-04:00	10.9200	11.5266	9547
2026-08-10T09:47:00-04:00	10.8450	11.4773	18302
2026-08-10T09:48:00-04:00	10.7900	11.4252	21088
2026-08-10T09:49:00-04:00	10.8850	11.3996	13080
2026-08-10T09:50:00-04:00	10.8850	11.3784	12110
2026-08-10T09:51:00-04:00	10.8900	11.3750	2060
2026-08-10T09:52:00-04:00	10.7900	11.3668	4577
2026-08-10T09:53:00-04:00	10.8900	11.3539	7838
2026-08-10T09:54:00-04:00	10.9650	11.3441	7446
2026-08-10T09:55:00-04:00	10.9300	11.3350	7199
2026-08-10T09:56:00-04:00	10.9050	11.3316	2643
2026-08-10T09:57:00-04:00	10.8700	11.3230	6611
2026-08-10T09:58:00-04:00	10.8500	11.3177	3708
2026-08-10T09:59:00-04:00	10.7800	11.3023	10784
2026-08-10T10:00:00-04:00	10.8700	11.2920	8085
2026-08-10T10:01:00-04:00	10.7900	11.2836	6377
2026-08-10T10:02:00-04:00	10.7850	11.2752	6280
2026-08-10T10:03:00-04:00	10.7400	11.2522	17059
2026-08-10T10:04:00-04:00	10.7200	11.2469	4041
2026-08-10T10:05:00-04:00	10.8400	11.2348	11121
2026-08-10T10:06:00-04:00	10.8100	11.2291	5743
2026-08-10T10:07:00-04:00	10.8050	11.2287	456
2026-08-10T10:08:00-04:00	10.7550	11.2256	2683
2026-08-10T10:09:00-04:00	10.7200	11.2023	19347
2026-08-10T10:10:00-04:00	10.7400	11.1673	38223
2026-08-10T10:11:00-04:00	10.6600	11.1617	5567
2026-08-10T10:12:00-04:00	10.7000	11.1344	30031
2026-08-10T10:13:00-04:00	10.6600	11.1271	7912
2026-08-10T10:14:00-04:00	10.6500	11.1231	4347
2026-08-10T10:15:00-04:00	10.6999	11.1152	9560
2026-08-10T10:16:00-04:00	10.6643	11.1120	3704
2026-08-10T10:17:00-04:00	10.6600	11.1068	6103
2026-08-10T10:18:00-04:00	10.6800	11.1002	8230
2026-08-10T10:19:00-04:00	10.7100	11.0970	4350
2026-08-10T10:20:00-04:00	10.7100	11.0866	15362
2026-08-10T10:21:00-04:00	10.7300	11.0812	8257
2026-08-10T10:22:00-04:00	10.7400	11.0760	8712
2026-08-10T10:23:00-04:00	10.7000	11.0638	20692
2026-08-10T10:24:00-04:00	10.6950	11.0610	4649
2026-08-10T10:25:00-04:00	10.7600	11.0556	9975
2026-08-10T10:26:00-04:00	10.7850	11.0402	36631
2026-08-10T10:27:00-04:00	10.7750	11.0381	5159
2026-08-10T10:28:00-04:00	10.7000	11.0351	6523
2026-08-10T10:29:00-04:00	10.7250	11.0325	6010
2026-08-10T10:30:00-04:00	10.6899	11.0269	11388
2026-08-10T10:31:00-04:00	10.7100	11.0236	7118
2026-08-10T10:32:00-04:00	10.7400	11.0146	21775
2026-08-10T10:33:00-04:00	10.7550	11.0123	6112
2026-08-10T10:34:00-04:00	10.7500	11.0112	3258
2026-08-10T10:35:00-04:00	10.8072	11.0095	5481
2026-08-10T10:36:00-04:00	10.8250	11.0082	5411
2026-08-10T10:37:00-04:00	10.8400	11.0032	20261
2026-08-10T10:38:00-04:00	10.8018	11.0012	7008
2026-08-10T10:39:00-04:00	10.8000	11.0000	4239
2026-08-10T10:40:00-04:00	10.7600	10.9984	5206
2026-08-10T10:41:00-04:00	10.8300	10.9968	6744
2026-08-10T10:42:00-04:00	10.8650	10.9957	6689
2026-08-10T10:43:00-04:00	10.8300	10.9949	3959
2026-08-10T10:44:00-04:00	10.8400	10.9945	1875
2026-08-10T10:45:00-04:00	10.8457	10.9936	4412
2026-08-10T10:46:00-04:00	10.8700	10.9924	6713
2026-08-10T10:47:00-04:00	10.8850	10.9916	5388
2026-08-10T10:48:00-04:00	10.8800	10.9912	2639
2026-08-10T10:49:00-04:00	10.8101	10.9904	4061
2026-08-10T10:50:00-04:00	10.8496	10.9888	8003
2026-08-10T10:51:00-04:00	10.8250	10.9881	3668
2026-08-10T10:52:00-04:00	10.8500	10.9831	24313
2026-08-10T10:53:00-04:00	10.8325	10.9829	1493
2026-08-10T10:54:00-04:00	10.7835	10.9823	2721
2026-08-10T10:55:00-04:00	10.7700	10.9818	1982
2026-08-10T10:56:00-04:00	10.8300	10.9809	4383
2026-08-10T10:57:00-04:00	10.8300	10.9808	596
2026-08-10T10:58:00-04:00	10.8150	10.9808	221
2026-08-10T10:59:00-04:00	10.7800	10.9799	3984
2026-08-10T11:00:00-04:00	10.8425	10.9776	12972
2026-08-10T11:01:00-04:00	10.8450	10.9775	1030
2026-08-10T11:02:00-04:00	10.8300	10.9770	2810
2026-08-10T11:03:00-04:00	10.8117	10.9767	1370
2026-08-10T11:04:00-04:00	10.7700	10.9761	2919
2026-08-10T11:05:00-04:00	10.7400	10.9723	15018
2026-08-10T11:06:00-04:00	10.7700	10.9716	3102
2026-08-10T11:07:00-04:00	10.7700	10.9703	5411
2026-08-10T11:08:00-04:00	10.7300	10.9700	1454
2026-08-10T11:09:00-04:00	10.7400	10.9693	2424
2026-08-10T11:10:00-04:00	10.7300	10.9682	4546
2026-08-10T11:11:00-04:00	10.7000	10.9674	2799
2026-08-10T11:12:00-04:00	10.7250	10.9611	22715
2026-08-10T11:13:00-04:00	10.7200	10.9609	880
2026-08-10T11:14:00-04:00	10.7000	10.9592	5993
2026-08-10T11:15:00-04:00	10.8199	10.9580	6842
2026-08-10T11:16:00-04:00	10.7400	10.9574	2947
2026-08-10T11:17:00-04:00	10.6600	10.9567	2490
2026-08-10T11:18:00-04:00	10.6500	10.9561	2163
2026-08-10T11:19:00-04:00	10.6750	10.9556	1710
2026-08-10T11:20:00-04:00	10.7200	10.9537	7242
2026-08-10T11:21:00-04:00	10.7364	10.9534	1275
2026-08-10T11:22:00-04:00	10.7200	10.9532	1093
2026-08-10T11:23:00-04:00	10.7000	10.9524	3197
2026-08-10T11:24:00-04:00	10.7200	10.9518	2323
2026-08-10T11:25:00-04:00	10.7000	10.9510	3278
2026-08-10T11:26:00-04:00	10.7000	10.9504	2408
2026-08-10T11:27:00-04:00	10.7150	10.9498	2276
2026-08-10T11:28:00-04:00	10.7300	10.9494	2177
2026-08-10T11:29:00-04:00	10.7000	10.9488	2283
2026-08-10T11:30:00-04:00	10.7100	10.9483	2147
2026-08-10T11:31:00-04:00	10.7100	10.9479	1468
2026-08-10T11:32:00-04:00	10.7200	10.9476	1451
2026-08-10T11:33:00-04:00	10.7000	10.9455	8446
2026-08-10T11:34:00-04:00	10.7100	10.9454	444
2026-08-10T11:35:00-04:00	10.7290	10.9448	2790
2026-08-10T11:36:00-04:00	10.7100	10.9442	2491
2026-08-10T11:37:00-04:00	10.6650	10.9420	8798
2026-08-10T11:38:00-04:00	10.6600	10.9417	801
2026-08-10T11:39:00-04:00	10.6150	10.9378	13075
2026-08-10T11:40:00-04:00	10.6100	10.9365	3958
2026-08-10T11:41:00-04:00	10.6600	10.9338	9686
2026-08-10T11:42:00-04:00	10.6472	10.9327	4085
2026-08-10T11:43:00-04:00	10.6500	10.9312	5715
2026-08-10T11:44:00-04:00	10.6400	10.9293	7147
2026-08-10T11:45:00-04:00	10.6195	10.9273	7044
2026-08-10T11:46:00-04:00	10.6000	10.9263	3227
2026-08-10T11:47:00-04:00	10.6100	10.9257	2186
2026-08-10T11:48:00-04:00	10.6200	10.9233	8382
2026-08-10T11:49:00-04:00	10.6000	10.9224	2998
2026-08-10T11:50:00-04:00	10.6100	10.9205	6527
2026-08-10T11:51:00-04:00	10.6400	10.9183	8526
2026-08-10T11:52:00-04:00	10.6600	10.9175	3511
2026-08-10T11:53:00-04:00	10.6500	10.9171	1682
2026-08-10T11:54:00-04:00	10.6450	10.9161	3863
2026-08-10T11:55:00-04:00	10.6300	10.9146	6107
2026-08-10T11:56:00-04:00	10.6800	10.9133	5747
2026-08-10T11:57:00-04:00	10.7250	10.9127	3224
2026-08-10T11:58:00-04:00	10.7100	10.9110	10152
2026-08-10T11:59:00-04:00	10.6400	10.9080	14090
2026-08-10T12:00:00-04:00	10.6400	10.9068	5198
2026-08-10T12:01:00-04:00	10.6478	10.9054	6286
2026-08-10T12:02:00-04:00	10.6100	10.9045	3631
2026-08-10T12:03:00-04:00	10.6100	10.9040	1982
2026-08-10T12:04:00-04:00	10.6600	10.9028	5677
2026-08-10T12:05:00-04:00	10.6650	10.9026	677
2026-08-10T12:06:00-04:00	10.6650	10.9021	2771
2026-08-10T12:07:00-04:00	10.6300	10.9015	2497
2026-08-10T12:08:00-04:00	10.6200	10.9006	4067
2026-08-10T12:09:00-04:00	10.5900	10.8962	17911
2026-08-10T12:10:00-04:00	10.5600	10.8923	14352
2026-08-10T12:11:00-04:00	10.5700	10.8889	12718
2026-08-10T12:12:00-04:00	10.5308	10.8875	5077
2026-08-10T12:13:00-04:00	10.5250	10.8866	3182
2026-08-10T12:14:00-04:00	10.5200	10.8855	3662
2026-08-10T12:15:00-04:00	10.5100	10.8846	3053
2026-08-10T12:16:00-04:00	10.5219	10.8818	9672
2026-08-10T12:17:00-04:00	10.5400	10.8803	5567
2026-08-10T12:18:00-04:00	10.5250	10.8788	5374
2026-08-10T12:19:00-04:00	10.5500	10.8761	10093
2026-08-10T12:20:00-04:00	10.5350	10.8756	1821
2026-08-10T12:21:00-04:00	10.5300	10.8753	997
2026-08-10T12:22:00-04:00	10.5400	10.8738	5922
2026-08-10T12:23:00-04:00	10.5430	10.8735	1018
2026-08-10T12:24:00-04:00	10.5300	10.8730	2019
2026-08-10T12:25:00-04:00	10.5500	10.8712	6982
2026-08-10T12:26:00-04:00	10.5274	10.8697	5600
2026-08-10T12:27:00-04:00	10.5100	10.8696	302
2026-08-10T12:28:00-04:00	10.5500	10.8682	5768
2026-08-10T12:29:00-04:00	10.5250	10.8656	10205
2026-08-10T12:30:00-04:00	10.5450	10.8638	7459
2026-08-10T12:31:00-04:00	10.5400	10.8636	841
2026-08-10T12:32:00-04:00	10.5198	10.8575	22479
2026-08-10T12:33:00-04:00	10.4850	10.8563	4455
2026-08-10T12:34:00-04:00	10.5000	10.8553	3923
2026-08-10T12:35:00-04:00	10.5100	10.8537	6372
2026-08-10T12:36:00-04:00	10.5200	10.8531	2435
2026-08-10T12:37:00-04:00	10.5000	10.8526	1789
2026-08-10T12:38:00-04:00	10.5100	10.8518	3102
2026-08-10T12:39:00-04:00	10.4700	10.8504	5544
2026-08-10T12:40:00-04:00	10.4800	10.8490	5033
2026-08-10T12:41:00-04:00	10.4200	10.8429	21585
2026-08-10T12:42:00-04:00	10.4400	10.8399	10240
2026-08-10T12:43:00-04:00	10.4300	10.8397	956
2026-08-10T12:44:00-04:00	10.4000	10.8352	14757
2026-08-10T12:45:00-04:00	10.3500	10.8331	6134
2026-08-10T12:46:00-04:00	10.3754	10.8296	11125
2026-08-10T12:47:00-04:00	10.3700	10.8275	6565
2026-08-10T12:48:00-04:00	10.3776	10.8260	4858
2026-08-10T12:49:00-04:00	10.3650	10.8217	13591
2026-08-10T12:50:00-04:00	10.3600	10.8189	8965
2026-08-10T12:51:00-04:00	10.3800	10.8176	4373
2026-08-10T12:52:00-04:00	10.3650	10.8166	3277
2026-08-10T12:53:00-04:00	10.3800	10.8114	17893
2026-08-10T12:54:00-04:00	10.3600	10.8111	1104
2026-08-10T12:55:00-04:00	10.3892	10.8095	5757
2026-08-10T12:56:00-04:00	10.3700	10.8089	1932
2026-08-10T12:57:00-04:00	10.3800	10.8080	3279
2026-08-10T12:58:00-04:00	10.3700	10.8063	6096
2026-08-10T12:59:00-04:00	10.3750	10.8055	2732
2026-08-10T13:00:00-04:00	10.3608	10.8044	3870
2026-08-10T13:01:00-04:00	10.3700	10.8038	2111
2026-08-10T13:02:00-04:00	10.3600	10.8031	2142
2026-08-10T13:03:00-04:00	10.3350	10.8017	4706
2026-08-10T13:04:00-04:00	10.3600	10.8001	5629
2026-08-10T13:05:00-04:00	10.3500	10.7997	1350
2026-08-10T13:06:00-04:00	10.3600	10.7983	5012
2026-08-10T13:07:00-04:00	10.3500	10.7970	4624
2026-08-10T13:08:00-04:00	10.3600	10.7966	1190
2026-08-10T13:09:00-04:00	10.3500	10.7962	1547
2026-08-10T13:10:00-04:00	10.3600	10.7955	2626
2026-08-10T13:11:00-04:00	10.3200	10.7935	6688
2026-08-10T13:12:00-04:00	10.3100	10.7924	3557
2026-08-10T13:13:00-04:00	10.3100	10.7908	5331
2026-08-10T13:14:00-04:00	10.3000	10.7896	3862
2026-08-10T13:15:00-04:00	10.3200	10.7879	5644
2026-08-10T13:16:00-04:00	10.3300	10.7876	1225
2026-08-10T13:17:00-04:00	10.3300	10.7870	1955
2026-08-10T13:18:00-04:00	10.3300	10.7855	4995
2026-08-10T13:19:00-04:00	10.3300	10.7834	7539
2026-08-10T13:20:00-04:00	10.3200	10.7825	3119
2026-08-10T13:21:00-04:00	10.3100	10.7803	7683
2026-08-10T13:22:00-04:00	10.3200	10.7791	4258
2026-08-10T13:23:00-04:00	10.3400	10.7765	9473
2026-08-10T13:24:00-04:00	10.3599	10.7756	3664
2026-08-10T13:25:00-04:00	10.3700	10.7738	7053
2026-08-10T13:26:00-04:00	10.3781	10.7737	428
2026-08-10T13:27:00-04:00	10.3700	10.7734	1025
2026-08-10T13:28:00-04:00	10.3500	10.7731	1399
2026-08-10T13:29:00-04:00	10.3700	10.7723	3256
2026-08-10T13:30:00-04:00	10.3500	10.7713	3678
2026-08-10T13:31:00-04:00	10.3600	10.7704	3918
2026-08-10T13:32:00-04:00	10.3700	10.7693	4158
2026-08-10T13:33:00-04:00	10.3800	10.7683	4199
2026-08-10T13:34:00-04:00	10.3600	10.7678	2382
2026-08-10T13:35:00-04:00	10.3700	10.7665	5465
2026-08-10T13:36:00-04:00	10.3800	10.7656	3851
2026-08-10T13:37:00-04:00	10.3700	10.7639	7178
2026-08-10T13:38:00-04:00	10.3600	10.7637	672
2026-08-10T13:39:00-04:00	10.3700	10.7616	9319
2026-08-10T13:40:00-04:00	10.3550	10.7605	4444
2026-08-10T13:41:00-04:00	10.3260	10.7596	3446
2026-08-10T13:42:00-04:00	10.3200	10.7583	4984
2026-08-10T13:43:00-04:00	10.3200	10.7578	2042
2026-08-10T13:44:00-04:00	10.3250	10.7574	1638
2026-08-10T13:45:00-04:00	10.3100	10.7569	1980
2026-08-10T13:46:00-04:00	10.3600	10.7553	6653
2026-08-10T13:47:00-04:00	10.3600	10.7548	2123
2026-08-10T13:48:00-04:00	10.3600	10.7547	483
2026-08-10T13:49:00-04:00	10.3500	10.7542	2134
2026-08-10T13:50:00-04:00	10.3700	10.7535	3242
2026-08-10T13:51:00-04:00	10.3600	10.7529	2327
2026-08-10T13:52:00-04:00	10.3500	10.7523	2544
2026-08-10T13:53:00-04:00	10.3400	10.7509	6346
2026-08-10T13:54:00-04:00	10.3600	10.7505	1475
2026-08-10T13:55:00-04:00	10.3500	10.7502	1318
2026-08-10T13:56:00-04:00	10.3400	10.7497	2152
2026-08-10T13:57:00-04:00	10.3588	10.7489	3437
2026-08-10T13:58:00-04:00	10.3800	10.7482	3378
2026-08-10T13:59:00-04:00	10.3600	10.7478	1622
2026-08-10T14:00:00-04:00	10.3700	10.7471	3305
2026-08-10T14:01:00-04:00	10.3600	10.7467	2100
2026-08-10T14:02:00-04:00	10.3700	10.7460	2844
2026-08-10T14:03:00-04:00	10.3762	10.7459	471
2026-08-10T14:04:00-04:00	10.3650	10.7457	1288
2026-08-10T14:05:00-04:00	10.4000	10.7422	16808
2026-08-10T14:06:00-04:00	10.3900	10.7416	3321
2026-08-10T14:07:00-04:00	10.4200	10.7403	7091
2026-08-10T14:08:00-04:00	10.4350	10.7402	515
2026-08-10T14:09:00-04:00	10.3800	10.7382	10120
2026-08-10T14:10:00-04:00	10.3700	10.7379	1347
2026-08-10T14:11:00-04:00	10.3750	10.7377	1214
2026-08-10T14:12:00-04:00	10.3600	10.7374	1083
2026-08-10T14:13:00-04:00	10.3700	10.7372	1211
2026-08-10T14:14:00-04:00	10.3200	10.7259	52335
2026-08-10T14:15:00-04:00	10.3400	10.7243	7459
2026-08-10T14:16:00-04:00	10.3350	10.7220	11037
2026-08-10T14:17:00-04:00	10.3350	10.7219	538
2026-08-10T14:18:00-04:00	10.3100	10.7215	1606
2026-08-10T14:19:00-04:00	10.3200	10.7174	19195
2026-08-10T14:20:00-04:00	10.3200	10.7167	3290
2026-08-10T14:21:00-04:00	10.3381	10.7158	4666
2026-08-10T14:22:00-04:00	10.3100	10.7152	2675
2026-08-10T14:23:00-04:00	10.3000	10.7143	4078
2026-08-10T14:24:00-04:00	10.3100	10.7128	7325
2026-08-10T14:25:00-04:00	10.3250	10.7111	8383
2026-08-10T14:26:00-04:00	10.3400	10.7073	19089
2026-08-10T14:27:00-04:00	10.3400	10.7070	1979
2026-08-10T14:28:00-04:00	10.3300	10.7066	1966
2026-08-10T14:29:00-04:00	10.3400	10.7051	8174
2026-08-10T14:30:00-04:00	10.3400	10.7043	4253
2026-08-10T14:31:00-04:00	10.3350	10.7040	1603
2026-08-10T14:32:00-04:00	10.3250	10.7015	12750
2026-08-10T14:33:00-04:00	10.3200	10.7010	2647
2026-08-10T14:34:00-04:00	10.3250	10.7006	2337
2026-08-10T14:35:00-04:00	10.3500	10.6993	6758
2026-08-10T14:36:00-04:00	10.3100	10.6988	2607
2026-08-10T14:37:00-04:00	10.3100	10.6983	2866
2026-08-10T14:38:00-04:00	10.3150	10.6966	8991
2026-08-10T14:39:00-04:00	10.3500	10.6954	6559
2026-08-10T14:40:00-04:00	10.3550	10.6953	510
2026-08-10T14:41:00-04:00	10.3300	10.6947	3367
2026-08-10T14:42:00-04:00	10.3300	10.6945	1049
2026-08-10T14:43:00-04:00	10.3100	10.6940	2491
2026-08-10T14:44:00-04:00	10.3250	10.6935	2992
2026-08-10T14:45:00-04:00	10.3400	10.6920	8506
2026-08-10T14:46:00-04:00	10.3200	10.6915	2659
2026-08-10T14:47:00-04:00	10.3200	10.6913	1238
2026-08-10T14:48:00-04:00	10.2700	10.6873	20187
2026-08-10T14:49:00-04:00	10.2500	10.6843	14239
2026-08-10T14:50:00-04:00	10.2900	10.6820	11826
2026-08-10T14:51:00-04:00	10.2700	10.6815	2336
2026-08-10T14:52:00-04:00	10.2500	10.6811	2342
2026-08-10T14:53:00-04:00	10.2550	10.6805	2544
2026-08-10T14:54:00-04:00	10.2500	10.6797	4203
2026-08-10T14:55:00-04:00	10.2400	10.6767	14290
2026-08-10T14:56:00-04:00	10.2300	10.6757	5137
2026-08-10T14:57:00-04:00	10.2700	10.6720	18795
2026-08-10T14:58:00-04:00	10.2850	10.6710	5016
2026-08-10T14:59:00-04:00	10.3000	10.6704	3522
2026-08-10T15:00:00-04:00	10.3300	10.6691	8173
2026-08-10T15:01:00-04:00	10.3150	10.6679	7391
2026-08-10T15:02:00-04:00	10.3150	10.6676	1478
2026-08-10T15:03:00-04:00	10.3100	10.6669	4579
2026-08-10T15:04:00-04:00	10.3000	10.6662	3778
2026-08-10T15:05:00-04:00	10.3500	10.6637	16306
2026-08-10T15:06:00-04:00	10.3781	10.6633	2896
2026-08-10T15:07:00-04:00	10.3699	10.6627	4883
2026-08-10T15:08:00-04:00	10.3700	10.6617	7394
2026-08-10T15:09:00-04:00	10.3850	10.6606	8415
2026-08-10T15:10:00-04:00	10.3888	10.6595	8863
2026-08-10T15:11:00-04:00	10.3800	10.6580	12738
2026-08-10T15:12:00-04:00	10.3600	10.6568	8754
2026-08-10T15:13:00-04:00	10.3650	10.6554	10895
2026-08-10T15:14:00-04:00	10.3600	10.6550	2983
2026-08-10T15:15:00-04:00	10.3600	10.6539	7935
2026-08-10T15:16:00-04:00	10.3599	10.6538	957
2026-08-10T15:17:00-04:00	10.3100	10.6526	8507
2026-08-10T15:18:00-04:00	10.2700	10.6513	7437
2026-08-10T15:19:00-04:00	10.3150	10.6494	12673
2026-08-10T15:20:00-04:00	10.3599	10.6490	2689
2026-08-10T15:21:00-04:00	10.3272	10.6488	1571
2026-08-10T15:22:00-04:00	10.3200	10.6483	3279
2026-08-10T15:23:00-04:00	10.3200	10.6469	10213
2026-08-10T15:24:00-04:00	10.3200	10.6468	856
2026-08-10T15:25:00-04:00	10.3100	10.6461	4195
2026-08-10T15:26:00-04:00	10.2900	10.6450	7277
2026-08-10T15:27:00-04:00	10.3200	10.6430	13991
2026-08-10T15:28:00-04:00	10.3000	10.6415	10680
2026-08-10T15:29:00-04:00	10.3000	10.6408	4655
2026-08-10T15:30:00-04:00	10.3150	10.6382	18349
2026-08-10T15:31:00-04:00	10.3100	10.6380	2102
2026-08-10T15:32:00-04:00	10.3250	10.6368	8534
2026-08-10T15:33:00-04:00	10.2950	10.6351	12692
2026-08-10T15:34:00-04:00	10.3100	10.6334	11799
2026-08-10T15:35:00-04:00	10.3100	10.6327	5183
2026-08-10T15:36:00-04:00	10.3400	10.6299	22278
2026-08-10T15:37:00-04:00	10.3100	10.6293	4727
2026-08-10T15:38:00-04:00	10.3200	10.6279	10826
2026-08-10T15:39:00-04:00	10.3300	10.6269	8059
2026-08-10T15:40:00-04:00	10.3200	10.6246	19180
2026-08-10T15:41:00-04:00	10.3100	10.6243	2322
2026-08-10T15:42:00-04:00	10.3000	10.6237	4510
2026-08-10T15:43:00-04:00	10.2900	10.6229	5913
2026-08-10T15:44:00-04:00	10.3200	10.6175	43815
2026-08-10T15:45:00-04:00	10.3200	10.6165	7975
2026-08-10T15:46:00-04:00	10.3264	10.6156	8328
2026-08-10T15:47:00-04:00	10.3350	10.6140	14275
2026-08-10T15:48:00-04:00	10.3350	10.6126	12626
2026-08-10T15:49:00-04:00	10.3450	10.6095	30595
2026-08-10T15:50:00-04:00	10.3900	10.6070	27782
2026-08-10T15:51:00-04:00	10.3750	10.6060	11069
2026-08-10T15:52:00-04:00	10.3800	10.6042	20602
2026-08-10T15:53:00-04:00	10.3700	10.6033	10424
2026-08-10T15:54:00-04:00	10.3650	10.6025	8900
2026-08-10T15:55:00-04:00	10.4150	10.6006	26092
2026-08-10T15:56:00-04:00	10.4150	10.5998	11755
2026-08-10T15:57:00-04:00	10.4500	10.5968	50739
2026-08-10T15:58:00-04:00	10.4850	10.5946	50047
2026-08-10T15:59:00-04:00	10.4800	10.5914	82370
2026-08-11T09:30:00-04:00	10.2900	10.3567	45422
2026-08-11T09:31:00-04:00	10.2600	10.3557	741
2026-08-11T09:32:00-04:00	10.1700	10.3222	13858
2026-08-11T09:33:00-04:00	10.2600	10.3001	16166
2026-08-11T09:34:00-04:00	10.2200	10.2829	18800
2026-08-11T09:35:00-04:00	10.2200	10.2759	11876
2026-08-11T09:36:00-04:00	10.2250	10.2714	10388
2026-08-11T09:37:00-04:00	10.3150	10.2735	10692
2026-08-11T09:38:00-04:00	10.2850	10.2752	10503
2026-08-11T09:39:00-04:00	10.2100	10.2700	24036
2026-08-11T09:40:00-04:00	10.2200	10.2684	7056
2026-08-11T09:41:00-04:00	10.2100	10.2670	6158
2026-08-11T09:42:00-04:00	10.1700	10.2619	10019
2026-08-11T09:43:00-04:00	10.0420	10.2272	42067
2026-08-11T09:44:00-04:00	10.0750	10.2257	2148
2026-08-11T09:45:00-04:00	10.0300	10.2150	14367
2026-08-11T09:46:00-04:00	10.1600	10.2096	14620
2026-08-11T09:47:00-04:00	10.1450	10.2088	3285
2026-08-11T09:48:00-04:00	10.0368	10.1982	23689
2026-08-11T09:49:00-04:00	10.0800	10.1965	3993
2026-08-11T09:50:00-04:00	10.1300	10.1916	20714
2026-08-11T09:51:00-04:00	10.0750	10.1864	16810
2026-08-11T09:52:00-04:00	10.1200	10.1842	8677
2026-08-11T09:53:00-04:00	10.0950	10.1816	10673
2026-08-11T09:54:00-04:00	10.0500	10.1809	2590
2026-08-11T09:55:00-04:00	10.0300	10.1733	21079
2026-08-11T09:56:00-04:00	10.0300	10.1727	1851
2026-08-11T09:57:00-04:00	10.0500	10.1723	1016
2026-08-11T09:58:00-04:00	10.1000	10.1703	9268
2026-08-11T09:59:00-04:00	10.0510	10.1678	9268
2026-08-11T10:00:00-04:00	10.1100	10.1662	9108
2026-08-11T10:01:00-04:00	10.1099	10.1660	1554
2026-08-11T10:02:00-04:00	10.0800	10.1629	13447
2026-08-11T10:03:00-04:00	10.1049	10.1619	7031
2026-08-11T10:04:00-04:00	10.1400	10.1614	5316
2026-08-11T10:05:00-04:00	10.2300	10.1617	3475
2026-08-11T10:06:00-04:00	10.2450	10.1632	6921
2026-08-11T10:07:00-04:00	10.2200	10.1638	4130
2026-08-11T10:08:00-04:00	10.1850	10.1641	4122
2026-08-11T10:09:00-04:00	10.1800	10.1643	4692
2026-08-11T10:10:00-04:00	10.2050	10.1647	3877
2026-08-11T10:11:00-04:00	10.2700	10.1671	13384
2026-08-11T10:12:00-04:00	10.2550	10.1678	3696
2026-08-11T10:13:00-04:00	10.2650	10.1697	10677
2026-08-11T10:14:00-04:00	10.2400	10.1708	7752
2026-08-11T10:15:00-04:00	10.1600	10.1710	10110
2026-08-11T10:16:00-04:00	10.1500	10.1701	12342
2026-08-11T10:17:00-04:00	10.1500	10.1699	3453
2026-08-11T10:18:00-04:00	10.1700	10.1697	17908
2026-08-11T10:19:00-04:00	10.1450	10.1697	2037
2026-08-11T10:20:00-04:00	10.1600	10.1695	5315
2026-08-11T10:21:00-04:00	10.0650	10.1665	22712
2026-08-11T10:22:00-04:00	10.0650	10.1648	10826
2026-08-11T10:23:00-04:00	10.0800	10.1625	14069
2026-08-11T10:24:00-04:00	10.1000	10.1611	15611
2026-08-11T10:25:00-04:00	10.1200	10.1607	6757
2026-08-11T10:26:00-04:00	10.1600	10.1606	6530
2026-08-11T10:27:00-04:00	10.1500	10.1606	3741
2026-08-11T10:28:00-04:00	10.2150	10.1615	14608
2026-08-11T10:29:00-04:00	10.2150	10.1619	4195
2026-08-11T10:30:00-04:00	10.2100	10.1622	4504
2026-08-11T10:31:00-04:00	10.2300	10.1632	8195
2026-08-11T10:32:00-04:00	10.2200	10.1637	4672
2026-08-11T10:33:00-04:00	10.2400	10.1644	7249
2026-08-11T10:34:00-04:00	10.2700	10.1647	2431
2026-08-11T10:35:00-04:00	10.2700	10.1649	1359
2026-08-11T10:36:00-04:00	10.2500	10.1665	12667
2026-08-11T10:37:00-04:00	10.2300	10.1677	13422
2026-08-11T10:38:00-04:00	10.3100	10.1694	10533
2026-08-11T10:39:00-04:00	10.3200	10.1709	7070
2026-08-11T10:40:00-04:00	10.3150	10.1710	833
2026-08-11T10:41:00-04:00	10.3650	10.1736	9852
2026-08-11T10:42:00-04:00	10.3750	10.1755	7196
2026-08-11T10:43:00-04:00	10.3900	10.1761	2406
2026-08-11T10:44:00-04:00	10.3400	10.1770	3424
2026-08-11T10:45:00-04:00	10.3900	10.1774	1795
2026-08-11T10:46:00-04:00	10.3850	10.1787	4510
2026-08-11T10:47:00-04:00	10.4000	10.1792	1715
2026-08-11T10:48:00-04:00	10.4000	10.1798	2001
2026-08-11T10:49:00-04:00	10.3850	10.1813	5447
2026-08-11T10:50:00-04:00	10.3650	10.1819	2558
2026-08-11T10:51:00-04:00	10.4100	10.1838	6915
2026-08-11T10:52:00-04:00	10.3950	10.1842	1278
2026-08-11T10:53:00-04:00	10.4100	10.1852	3386
2026-08-11T10:54:00-04:00	10.4100	10.1858	2077
2026-08-11T10:55:00-04:00	10.4150	10.1864	1848
2026-08-11T10:56:00-04:00	10.3600	10.1872	3253
2026-08-11T10:57:00-04:00	10.3700	10.1878	2658
2026-08-11T10:58:00-04:00	10.4200	10.1896	6576
2026-08-11T10:59:00-04:00	10.4200	10.1901	1808
2026-08-11T11:00:00-04:00	10.4200	10.1905	1525
2026-08-11T11:01:00-04:00	10.3501	10.1916	4606
2026-08-11T11:02:00-04:00	10.3800	10.1930	6491
2026-08-11T11:03:00-04:00	10.3900	10.1933	1142
2026-08-11T11:04:00-04:00	10.3900	10.1936	1219
2026-08-11T11:05:00-04:00	10.3900	10.1940	1695
2026-08-11T11:06:00-04:00	10.3300	10.1949	4598
2026-08-11T11:07:00-04:00	10.3300	10.1963	9047
2026-08-11T11:08:00-04:00	10.3300	10.1966	1449
2026-08-11T11:09:00-04:00	10.3300	10.1970	3191
2026-08-11T11:10:00-04:00	10.3500	10.1988	11343
2026-08-11T11:11:00-04:00	10.3500	10.1993	2636
2026-08-11T11:12:00-04:00	10.2850	10.2011	15048
2026-08-11T11:13:00-04:00	10.2945	10.2019	6957
2026-08-11T11:14:00-04:00	10.2850	10.2022	2708
2026-08-11T11:15:00-04:00	10.2800	10.2028	7395
2026-08-11T11:16:00-04:00	10.3000	10.2031	2857
2026-08-11T11:17:00-04:00	10.3200	10.2043	10075
2026-08-11T11:18:00-04:00	10.2700	10.2045	2500
2026-08-11T11:19:00-04:00	10.2800	10.2048	3936
2026-08-11T11:20:00-04:00	10.2800	10.2049	1088
2026-08-11T11:21:00-04:00	10.2800	10.2050	1156
2026-08-11T11:22:00-04:00	10.2900	10.2054	4286
2026-08-11T11:23:00-04:00	10.2700	10.2056	2044
2026-08-11T11:24:00-04:00	10.2700	10.2063	9504
2026-08-11T11:25:00-04:00	10.2700	10.2064	1852
2026-08-11T11:26:00-04:00	10.2600	10.2065	2201
2026-08-11T11:27:00-04:00	10.2500	10.2067	3458
2026-08-11T11:28:00-04:00	10.2900	10.2073	7106
2026-08-11T11:29:00-04:00	10.2900	10.2074	1231
2026-08-11T11:30:00-04:00	10.2900	10.2077	3560
2026-08-11T11:31:00-04:00	10.2900	10.2078	2162
2026-08-11T11:32:00-04:00	10.2700	10.2084	8859
2026-08-11T11:33:00-04:00	10.2900	10.2086	2428
2026-08-11T11:34:00-04:00	10.2900	10.2092	6773
2026-08-11T11:35:00-04:00	10.2900	10.2095	2863
2026-08-11T11:36:00-04:00	10.2850	10.2100	6946
2026-08-11T11:37:00-04:00	10.2700	10.2101	2011
2026-08-11T11:38:00-04:00	10.3100	10.2108	6612
2026-08-11T11:39:00-04:00	10.3200	10.2109	1145
2026-08-11T11:40:00-04:00	10.3000	10.2111	1690
2026-08-11T11:41:00-04:00	10.2700	10.2112	2498
2026-08-11T11:42:00-04:00	10.2900	10.2116	4147
2026-08-11T11:43:00-04:00	10.2850	10.2116	1217
2026-08-11T11:44:00-04:00	10.3400	10.2123	5603
2026-08-11T11:45:00-04:00	10.3500	10.2128	3855
2026-08-11T11:46:00-04:00	10.3100	10.2128	484
2026-08-11T11:47:00-04:00	10.3200	10.2131	2568
2026-08-11T11:48:00-04:00	10.3250	10.2133	1469
2026-08-11T11:49:00-04:00	10.3400	10.2135	1614
2026-08-11T11:50:00-04:00	10.3300	10.2139	3541
2026-08-11T11:51:00-04:00	10.3100	10.2153	14657
2026-08-11T11:52:00-04:00	10.2700	10.2157	6405
2026-08-11T11:53:00-04:00	10.2400	10.2159	6418
2026-08-11T11:54:00-04:00	10.2450	10.2160	4945
2026-08-11T11:55:00-04:00	10.2400	10.2160	1068
2026-08-11T11:56:00-04:00	10.2000	10.2160	17777
2026-08-11T11:57:00-04:00	10.2500	10.2163	14556
2026-08-11T11:58:00-04:00	10.2500	10.2164	2461
2026-08-11T11:59:00-04:00	10.2600	10.2165	2343
2026-08-11T12:00:00-04:00	10.2950	10.2170	8462
2026-08-11T12:01:00-04:00	10.3100	10.2174	4913
2026-08-11T12:02:00-04:00	10.3200	10.2176	1617
2026-08-11T12:03:00-04:00	10.2800	10.2178	3861
2026-08-11T12:04:00-04:00	10.3000	10.2180	1487
2026-08-11T12:05:00-04:00	10.2600	10.2182	5481
2026-08-11T12:06:00-04:00	10.2800	10.2183	1341
2026-08-11T12:07:00-04:00	10.2600	10.2184	1696
2026-08-11T12:08:00-04:00	10.2800	10.2186	5116
2026-08-11T12:09:00-04:00	10.2900	10.2186	299
2026-08-11T12:10:00-04:00	10.2800	10.2187	1761
2026-08-11T12:11:00-04:00	10.2701	10.2192	9172
2026-08-11T12:12:00-04:00	10.3100	10.2197	6728
2026-08-11T12:13:00-04:00	10.2800	10.2200	4782
2026-08-11T12:14:00-04:00	10.2716	10.2201	1788
2026-08-11T12:15:00-04:00	10.2600	10.2202	2486
2026-08-11T12:16:00-04:00	10.3650	10.2211	9868
2026-08-11T12:17:00-04:00	10.3700	10.2213	1512
2026-08-11T12:18:00-04:00	10.4000	10.2222	6241
2026-08-11T12:19:00-04:00	10.4000	10.2225	1673
2026-08-11T12:20:00-04:00	10.4100	10.2233	5353
2026-08-11T12:21:00-04:00	10.4000	10.2237	2094
2026-08-11T12:22:00-04:00	10.3700	10.2242	4223
2026-08-11T12:23:00-04:00	10.3000	10.2260	21925
2026-08-11T12:24:00-04:00	10.3000	10.2261	2812
2026-08-11T12:25:00-04:00	10.2850	10.2262	1033
2026-08-11T12:26:00-04:00	10.2300	10.2264	9373
2026-08-11T12:27:00-04:00	10.2120	10.2263	5652
2026-08-11T12:28:00-04:00	10.2100	10.2263	696
2026-08-11T12:29:00-04:00	10.2100	10.2263	1018
2026-08-11T12:30:00-04:00	10.2100	10.2262	2875
2026-08-11T12:31:00-04:00	10.2200	10.2260	26736
2026-08-11T12:32:00-04:00	10.2150	10.2257	36886
2026-08-11T12:33:00-04:00	10.2420	10.2259	18626
2026-08-11T12:34:00-04:00	10.2600	10.2262	15108
2026-08-11T12:35:00-04:00	10.3399	10.2275	20054
2026-08-11T12:36:00-04:00	10.3700	10.2280	4921
2026-08-11T12:37:00-04:00	10.3800	10.2283	2430
2026-08-11T12:38:00-04:00	10.3900	10.2296	11548
2026-08-11T12:39:00-04:00	10.3900	10.2312	13436
2026-08-11T12:40:00-04:00	10.3400	10.2319	6421
2026-08-11T12:41:00-04:00	10.3300	10.2321	3864
2026-08-11T12:42:00-04:00	10.3200	10.2324	3811
2026-08-11T12:43:00-04:00	10.3300	10.2327	4005
2026-08-11T12:44:00-04:00	10.3300	10.2329	3322
2026-08-11T12:45:00-04:00	10.3200	10.2337	10658
2026-08-11T12:46:00-04:00	10.3700	10.2352	17503
2026-08-11T12:47:00-04:00	10.3401	10.2382	35376
2026-08-11T12:48:00-04:00	10.3400	10.2384	1643
2026-08-11T12:49:00-04:00	10.3400	10.2387	5188
2026-08-11T12:50:00-04:00	10.3800	10.2406	20277
2026-08-11T12:51:00-04:00	10.4100	10.2409	3105
2026-08-11T12:52:00-04:00	10.4100	10.2411	2049
2026-08-11T12:53:00-04:00	10.3900	10.2420	8405
2026-08-11T12:54:00-04:00	10.3600	10.2429	9662
2026-08-11T12:55:00-04:00	10.3400	10.2435	10948
2026-08-11T12:56:00-04:00	10.3400	10.2438	3762
2026-08-11T12:57:00-04:00	10.3600	10.2443	7766
2026-08-11T12:58:00-04:00	10.3500	10.2448	6789
2026-08-11T12:59:00-04:00	10.3400	10.2451	3750
2026-08-11T13:00:00-04:00	10.3400	10.2452	1637
2026-08-11T13:01:00-04:00	10.3800	10.2458	7787
2026-08-11T13:02:00-04:00	10.3800	10.2460	2169
2026-08-11T13:03:00-04:00	10.3300	10.2467	10470
2026-08-11T13:04:00-04:00	10.3400	10.2470	5513
2026-08-11T13:05:00-04:00	10.3300	10.2474	6817
2026-08-11T13:06:00-04:00	10.3400	10.2478	7055
2026-08-11T13:07:00-04:00	10.3415	10.2479	2768
2026-08-11T13:08:00-04:00	10.3550	10.2482	4061
2026-08-11T13:09:00-04:00	10.3550	10.2484	3283
2026-08-11T13:10:00-04:00	10.3550	10.2488	4445
2026-08-11T13:11:00-04:00	10.3550	10.2492	6177
2026-08-11T13:12:00-04:00	10.3700	10.2495	3760
2026-08-11T13:13:00-04:00	10.3800	10.2495	427
2026-08-11T13:14:00-04:00	10.3800	10.2497	3021
2026-08-11T13:15:00-04:00	10.3600	10.2499	2389
2026-08-11T13:16:00-04:00	10.3550	10.2501	3374
2026-08-11T13:17:00-04:00	10.3650	10.2504	4446
2026-08-11T13:18:00-04:00	10.3800	10.2509	5342
2026-08-11T13:19:00-04:00	10.3700	10.2511	2575
2026-08-11T13:20:00-04:00	10.3800	10.2512	1743
2026-08-11T13:21:00-04:00	10.3650	10.2514	2486
2026-08-11T13:22:00-04:00	10.3650	10.2516	2757
2026-08-11T13:23:00-04:00	10.3610	10.2517	1744
2026-08-11T13:24:00-04:00	10.3650	10.2519	2574
2026-08-11T13:25:00-04:00	10.3900	10.2526	9683
2026-08-11T13:26:00-04:00	10.3900	10.2529	3607
2026-08-11T13:27:00-04:00	10.3550	10.2538	12503
2026-08-11T13:28:00-04:00	10.3450	10.2539	1564
2026-08-11T13:29:00-04:00	10.3250	10.2547	17354
2026-08-11T13:30:00-04:00	10.3400	10.2549	4722
2026-08-11T13:31:00-04:00	10.3550	10.2552	3709
2026-08-11T13:32:00-04:00	10.3550	10.2553	2458
2026-08-11T13:33:00-04:00	10.3550	10.2555	2465
2026-08-11T13:34:00-04:00	10.3450	10.2558	6781
2026-08-11T13:35:00-04:00	10.3500	10.2564	9965
2026-08-11T13:36:00-04:00	10.3500	10.2565	1384
2026-08-11T13:37:00-04:00	10.3150	10.2568	8255
2026-08-11T13:38:00-04:00	10.3150	10.2569	2098
2026-08-11T13:39:00-04:00	10.3129	10.2569	2262
2026-08-11T13:40:00-04:00	10.3150	10.2570	1779
2026-08-11T13:41:00-04:00	10.3150	10.2571	2432
2026-08-11T13:42:00-04:00	10.3200	10.2575	12406
2026-08-11T13:43:00-04:00	10.3100	10.2576	1733
2026-08-11T13:44:00-04:00	10.3100	10.2577	2597
2026-08-11T13:45:00-04:00	10.3000	10.2579	9840
2026-08-11T13:46:00-04:00	10.3300	10.2582	6988
2026-08-11T13:47:00-04:00	10.3300	10.2582	1204
2026-08-11T13:48:00-04:00	10.3300	10.2583	2090
2026-08-11T13:49:00-04:00	10.2900	10.2586	11375
2026-08-11T13:50:00-04:00	10.2800	10.2586	1321
2026-08-11T13:51:00-04:00	10.2800	10.2587	6196
2026-08-11T13:52:00-04:00	10.2800	10.2587	2031
2026-08-11T13:53:00-04:00	10.2850	10.2588	2921
2026-08-11T13:54:00-04:00	10.2888	10.2588	1471
2026-08-11T13:55:00-04:00	10.3000	10.2590	8925
2026-08-11T13:56:00-04:00	10.2700	10.2590	6080
2026-08-11T13:57:00-04:00	10.2700	10.2590	2154
2026-08-11T13:58:00-04:00	10.2700	10.2591	5393
2026-08-11T13:59:00-04:00	10.2650	10.2591	3708
2026-08-11T14:00:00-04:00	10.2700	10.2591	3290
2026-08-11T14:01:00-04:00	10.2900	10.2592	6740
2026-08-11T14:02:00-04:00	10.2900	10.2592	2202
2026-08-11T14:03:00-04:00	10.3100	10.2593	4140
2026-08-11T14:04:00-04:00	10.3300	10.2595	4397
2026-08-11T14:05:00-04:00	10.4350	10.2619	31356
2026-08-11T14:06:00-04:00	10.4800	10.2650	27010
2026-08-11T14:07:00-04:00	10.4500	10.2667	16262
2026-08-11T14:08:00-04:00	10.4650	10.2671	3807
2026-08-11T14:09:00-04:00	10.4750	10.2677	5802
2026-08-11T14:10:00-04:00	10.5500	10.2711	25600
2026-08-11T14:11:00-04:00	10.4350	10.2752	38612
2026-08-11T14:12:00-04:00	10.4350	10.2755	2563
2026-08-11T14:13:00-04:00	10.4388	10.2757	2735
2026-08-11T14:14:00-04:00	10.4350	10.2761	5684
2026-08-11T14:15:00-04:00	10.4950	10.2783	21327
2026-08-11T14:16:00-04:00	10.4800	10.2790	6513
2026-08-11T14:17:00-04:00	10.4750	10.2791	1249
2026-08-11T14:18:00-04:00	10.4700	10.2805	14355
2026-08-11T14:19:00-04:00	10.4950	10.2820	14932
2026-08-11T14:20:00-04:00	10.5000	10.2824	4116
2026-08-11T14:21:00-04:00	10.4600	10.2838	13912
2026-08-11T14:22:00-04:00	10.4800	10.2859	24230
2026-08-11T14:23:00-04:00	10.4500	10.2862	2817
2026-08-11T14:24:00-04:00	10.4850	10.2885	26250
2026-08-11T14:25:00-04:00	10.4850	10.2888	3080
2026-08-11T14:26:00-04:00	10.4700	10.2892	5040
2026-08-11T14:27:00-04:00	10.4600	10.2897	4860
2026-08-11T14:28:00-04:00	10.4400	10.2904	9891
2026-08-11T14:29:00-04:00	10.4300	10.2918	20028
2026-08-11T14:30:00-04:00	10.4000	10.2923	9199
2026-08-11T14:31:00-04:00	10.4150	10.2928	10245
2026-08-11T14:32:00-04:00	10.4150	10.2931	3779
2026-08-11T14:33:00-04:00	10.4300	10.2937	11315
2026-08-11T14:34:00-04:00	10.4600	10.2942	5807
2026-08-11T14:35:00-04:00	10.4550	10.2943	1482
2026-08-11T14:36:00-04:00	10.4550	10.2945	3456
2026-08-11T14:37:00-04:00	10.4785	10.2958	16363
2026-08-11T14:38:00-04:00	10.4700	10.2960	2731
2026-08-11T14:39:00-04:00	10.4650	10.2963	3794
2026-08-11T14:40:00-04:00	10.4300	10.2969	9265
2026-08-11T14:41:00-04:00	10.4400	10.2972	3688
2026-08-11T14:42:00-04:00	10.4400	10.2972	1367
2026-08-11T14:43:00-04:00	10.4450	10.2974	2600
2026-08-11T14:44:00-04:00	10.4450	10.2979	7189
2026-08-11T14:45:00-04:00	10.4300	10.2985	10037
2026-08-11T14:46:00-04:00	10.4450	10.2989	5394
2026-08-11T14:47:00-04:00	10.4400	10.3013	35976
2026-08-11T14:48:00-04:00	10.4410	10.3014	1574
2026-08-11T14:49:00-04:00	10.4550	10.3023	14055
2026-08-11T14:50:00-04:00	10.4550	10.3025	2298
2026-08-11T14:51:00-04:00	10.4550	10.3028	5424
2026-08-11T14:52:00-04:00	10.4600	10.3030	2262
2026-08-11T14:53:00-04:00	10.4600	10.3031	1911
2026-08-11T14:54:00-04:00	10.4600	10.3033	3312
2026-08-11T14:55:00-04:00	10.5100	10.3054	26116
2026-08-11T14:56:00-04:00	10.4700	10.3059	7308
2026-08-11T14:57:00-04:00	10.4800	10.3065	8325
2026-08-11T14:58:00-04:00	10.5050	10.3101	45621
2026-08-11T14:59:00-04:00	10.5200	10.3107	7053
2026-08-11T15:00:00-04:00	10.5200	10.3113	6437
2026-08-11T15:01:00-04:00	10.4500	10.3127	21975
2026-08-11T15:02:00-04:00	10.4450	10.3141	26960
2026-08-11T15:03:00-04:00	10.4500	10.3145	6344
2026-08-11T15:04:00-04:00	10.5000	10.3196	75216
2026-08-11T15:05:00-04:00	10.4850	10.3207	16625
2026-08-11T15:06:00-04:00	10.5200	10.3209	2692
2026-08-11T15:07:00-04:00	10.4850	10.3215	8650
2026-08-11T15:08:00-04:00	10.4700	10.3219	7174
2026-08-11T15:09:00-04:00	10.4700	10.3223	7191
2026-08-11T15:10:00-04:00	10.5100	10.3236	19068
2026-08-11T15:11:00-04:00	10.5200	10.3238	3265
2026-08-11T15:12:00-04:00	10.5000	10.3246	10821
2026-08-11T15:13:00-04:00	10.5300	10.3256	13605
2026-08-11T15:14:00-04:00	10.5400	10.3261	6307
2026-08-11T15:15:00-04:00	10.5300	10.3266	5834
2026-08-11T15:16:00-04:00	10.5700	10.3277	13084
2026-08-11T15:17:00-04:00	10.5400	10.3295	20690
2026-08-11T15:18:00-04:00	10.5300	10.3296	1439
2026-08-11T15:19:00-04:00	10.5400	10.3303	10028
2026-08-11T15:20:00-04:00	10.5376	10.3318	18846
2026-08-11T15:21:00-04:00	10.5300	10.3321	4641
2026-08-11T15:22:00-04:00	10.5800	10.3331	11719
2026-08-11T15:23:00-04:00	10.5550	10.3338	8468
2026-08-11T15:24:00-04:00	10.5500	10.3348	13115
2026-08-11T15:25:00-04:00	10.5400	10.3350	2370
2026-08-11T15:26:00-04:00	10.5300	10.3352	2181
2026-08-11T15:27:00-04:00	10.5500	10.3356	6021
2026-08-11T15:28:00-04:00	10.5650	10.3364	9691
2026-08-11T15:29:00-04:00	10.5700	10.3373	11292
2026-08-11T15:30:00-04:00	10.5700	10.3378	4932
2026-08-11T15:31:00-04:00	10.5400	10.3403	34563
2026-08-11T15:32:00-04:00	10.5400	10.3409	7942
2026-08-11T15:33:00-04:00	10.5500	10.3417	11865
2026-08-11T15:34:00-04:00	10.5600	10.3426	11325
2026-08-11T15:35:00-04:00	10.5200	10.3437	16965
2026-08-11T15:36:00-04:00	10.5200	10.3438	960
2026-08-11T15:37:00-04:00	10.5250	10.3444	10945
2026-08-11T15:38:00-04:00	10.5300	10.3450	7820
2026-08-11T15:39:00-04:00	10.5400	10.3454	6175
2026-08-11T15:40:00-04:00	10.5000	10.3460	11481
2026-08-11T15:41:00-04:00	10.5300	10.3472	20080
2026-08-11T15:42:00-04:00	10.5400	10.3476	6315
2026-08-11T15:43:00-04:00	10.5400	10.3481	7066
2026-08-11T15:44:00-04:00	10.5400	10.3486	8107
2026-08-11T15:45:00-04:00	10.5200	10.3524	61280
2026-08-11T15:46:00-04:00	10.5450	10.3537	21109
2026-08-11T15:47:00-04:00	10.4900	10.3584	94750
2026-08-11T15:48:00-04:00	10.4300	10.3595	52470
2026-08-11T15:49:00-04:00	10.4450	10.3603	30902
2026-08-11T15:50:00-04:00	10.5000	10.3616	35813
2026-08-11T15:51:00-04:00	10.4450	10.3629	40724
2026-08-11T15:52:00-04:00	10.4700	10.3635	20169
2026-08-11T15:53:00-04:00	10.5100	10.3648	29678
2026-08-11T15:54:00-04:00	10.5250	10.3655	15023
2026-08-11T15:55:00-04:00	10.5850	10.3676	37256
2026-08-11T15:56:00-04:00	10.5450	10.3684	14617
2026-08-11T15:57:00-04:00	10.5800	10.3715	51958
2026-08-11T15:58:00-04:00	10.5801	10.3754	63266
2026-08-11T15:59:00-04:00	10.6200	10.3797	67437
2026-08-12T09:30:00-04:00	10.6100	10.6567	60921
2026-08-12T09:31:00-04:00	10.5000	10.6511	2952
2026-08-12T09:32:00-04:00	10.5700	10.6423	5920
2026-08-12T09:33:00-04:00	10.6500	10.6421	4578
2026-08-12T09:34:00-04:00	10.6873	10.6442	5158
2026-08-12T09:35:00-04:00	10.6800	10.6476	8112
2026-08-12T09:36:00-04:00	10.6800	10.6478	601
2026-08-12T09:37:00-04:00	10.6100	10.6464	5211
2026-08-12T09:38:00-04:00	10.6100	10.6424	7666
2026-08-12T09:39:00-04:00	10.7800	10.6697	48526
2026-08-12T09:40:00-04:00	10.8989	10.6836	11484
2026-08-12T09:41:00-04:00	10.9050	10.7072	19251
2026-08-12T09:42:00-04:00	10.9911	10.7121	3519
2026-08-12T09:43:00-04:00	10.9750	10.7268	10346
2026-08-12T09:44:00-04:00	10.9050	10.7285	1648
2026-08-12T09:45:00-04:00	10.9300	10.7312	2739
2026-08-12T09:46:00-04:00	10.9450	10.7415	10393
2026-08-12T09:47:00-04:00	10.9000	10.7457	5022
2026-08-12T09:48:00-04:00	10.8800	10.7551	16539
2026-08-12T09:49:00-04:00	10.9150	10.7614	10693
2026-08-12T09:50:00-04:00	10.9000	10.7726	18158
2026-08-12T09:51:00-04:00	10.9800	10.7867	21055
2026-08-12T09:52:00-04:00	10.9700	10.7913	6647
2026-08-12T09:53:00-04:00	10.9750	10.8012	18949
2026-08-12T09:54:00-04:00	10.9363	10.8050	8412
2026-08-12T09:55:00-04:00	10.9159	10.8086	10751
2026-08-12T09:56:00-04:00	10.9500	10.8104	4061
2026-08-12T09:57:00-04:00	11.0200	10.8127	4102
2026-08-12T09:58:00-04:00	10.9750	10.8132	883
2026-08-12T09:59:00-04:00	10.9400	10.8184	13226
2026-08-12T10:00:00-04:00	10.9639	10.8229	13800
2026-08-12T10:01:00-04:00	10.9700	10.8239	2692
2026-08-12T10:02:00-04:00	10.8979	10.8249	3836
2026-08-12T10:03:00-04:00	10.8600	10.8251	1637
2026-08-12T10:04:00-04:00	10.8300	10.8252	1939
2026-08-12T10:05:00-04:00	10.8700	10.8259	6816
2026-08-12T10:06:00-04:00	10.9300	10.8267	3269
2026-08-12T10:07:00-04:00	10.9550	10.8275	2308
2026-08-12T10:08:00-04:00	10.9800	10.8284	2626
2026-08-12T10:09:00-04:00	11.0000	10.8306	5010
2026-08-12T10:10:00-04:00	10.9400	10.8315	3172
2026-08-12T10:11:00-04:00	10.9700	10.8372	18882
2026-08-12T10:12:00-04:00	10.8800	10.8390	12402
2026-08-12T10:13:00-04:00	10.9600	10.8418	11537
2026-08-12T10:14:00-04:00	10.9400	10.8426	3830
2026-08-12T10:15:00-04:00	10.9000	10.8428	1854
2026-08-12T10:16:00-04:00	10.9300	10.8438	6142
2026-08-12T10:17:00-04:00	10.9599	10.8441	1595
2026-08-12T10:18:00-04:00	10.9450	10.8451	4496
2026-08-12T10:19:00-04:00	10.8900	10.8452	1052
2026-08-12T10:20:00-04:00	10.8950	10.8455	3578
2026-08-12T10:21:00-04:00	10.9500	10.8472	8263
2026-08-12T10:22:00-04:00	10.9500	10.8476	1787
2026-08-12T10:23:00-04:00	10.9350	10.8482	2917
2026-08-12T10:24:00-04:00	10.9200	10.8486	2491
2026-08-12T10:25:00-04:00	10.9250	10.8496	5202
2026-08-12T10:26:00-04:00	10.9100	10.8500	2708
2026-08-12T10:27:00-04:00	10.9300	10.8501	571
2026-08-12T10:28:00-04:00	10.9600	10.8508	3874
2026-08-12T10:29:00-04:00	10.9500	10.8511	1187
2026-08-12T10:30:00-04:00	10.9500	10.8523	7651
2026-08-12T10:31:00-04:00	10.9200	10.8526	1744
2026-08-12T10:32:00-04:00	10.9700	10.8530	1576
2026-08-12T10:33:00-04:00	10.9350	10.8530	262
2026-08-12T10:34:00-04:00	10.8600	10.8535	6727
2026-08-12T10:35:00-04:00	10.8200	10.8534	6406
2026-08-12T10:36:00-04:00	10.8150	10.8533	1337
2026-08-12T10:37:00-04:00	10.8500	10.8531	6009
2026-08-12T10:38:00-04:00	10.8350	10.8530	1783
2026-08-12T10:39:00-04:00	10.8300	10.8530	1331
2026-08-12T10:40:00-04:00	10.8750	10.8530	4927
2026-08-12T10:41:00-04:00	10.8750	10.8531	645
2026-08-12T10:42:00-04:00	10.8400	10.8531	1025
2026-08-12T10:43:00-04:00	10.8250	10.8530	1358
2026-08-12T10:44:00-04:00	10.8000	10.8528	2240
2026-08-12T10:45:00-04:00	10.8200	10.8527	2482
2026-08-12T10:46:00-04:00	10.8100	10.8526	1620
2026-08-12T10:47:00-04:00	10.8100	10.8524	2782
2026-08-12T10:48:00-04:00	10.8450	10.8521	7200
2026-08-12T10:49:00-04:00	10.8400	10.8521	3243
2026-08-12T10:50:00-04:00	10.8850	10.8532	30145
2026-08-12T10:51:00-04:00	10.8700	10.8533	3231
2026-08-12T10:52:00-04:00	10.8750	10.8536	17411
2026-08-12T10:53:00-04:00	10.8750	10.8538	5191
2026-08-12T10:54:00-04:00	10.7959	10.8537	3169
2026-08-12T10:55:00-04:00	10.7600	10.8532	3468
2026-08-12T10:56:00-04:00	10.7500	10.8525	4942
2026-08-12T10:57:00-04:00	10.7400	10.8520	2621
2026-08-12T10:58:00-04:00	10.7500	10.8516	2141
2026-08-12T10:59:00-04:00	10.7300	10.8514	993
2026-08-12T11:00:00-04:00	10.8000	10.8501	10632
2026-08-12T11:01:00-04:00	10.7900	10.8501	347
2026-08-12T11:02:00-04:00	10.7800	10.8499	2146
2026-08-12T11:03:00-04:00	10.7400	10.8497	952
2026-08-12T11:04:00-04:00	10.7600	10.8493	2797
2026-08-12T11:05:00-04:00	10.7600	10.8491	1292
2026-08-12T11:06:00-04:00	10.7700	10.8489	1845
2026-08-12T11:07:00-04:00	10.7566	10.8488	823
2026-08-12T11:08:00-04:00	10.7550	10.8486	1056
2026-08-12T11:09:00-04:00	10.7500	10.8480	3907
2026-08-12T11:10:00-04:00	10.7300	10.8445	20277
2026-08-12T11:11:00-04:00	10.7350	10.8442	2236
2026-08-12T11:12:00-04:00	10.8300	10.8433	25240
2026-08-12T11:13:00-04:00	10.8350	10.8432	1193
2026-08-12T11:14:00-04:00	10.8400	10.8432	859
2026-08-12T11:15:00-04:00	10.8450	10.8432	3195
2026-08-12T11:16:00-04:00	10.8800	10.8436	11065
2026-08-12T11:17:00-04:00	10.9000	10.8437	590
2026-08-12T11:18:00-04:00	10.9000	10.8439	2609
2026-08-12T11:19:00-04:00	10.8700	10.8441	5127
2026-08-12T11:20:00-04:00	10.8200	10.8441	2838
2026-08-12T11:21:00-04:00	10.8200	10.8440	2963
2026-08-12T11:22:00-04:00	10.8000	10.8439	1834
2026-08-12T11:23:00-04:00	10.8200	10.8438	2402
2026-08-12T11:24:00-04:00	10.8500	10.8438	1038
2026-08-12T11:25:00-04:00	10.8400	10.8438	1380
2026-08-12T11:26:00-04:00	10.8300	10.8438	678
2026-08-12T11:27:00-04:00	10.8400	10.8438	475
2026-08-12T11:28:00-04:00	10.8500	10.8438	406
2026-08-12T11:29:00-04:00	10.8300	10.8438	1423
2026-08-12T11:30:00-04:00	10.8450	10.8437	3691
2026-08-12T11:31:00-04:00	10.8550	10.8438	743
2026-08-12T11:32:00-04:00	10.8307	10.8438	763
2026-08-12T11:33:00-04:00	10.8000	10.8436	2573
2026-08-12T11:34:00-04:00	10.8299	10.8436	1375
2026-08-12T11:35:00-04:00	10.8100	10.8435	1528
2026-08-12T11:36:00-04:00	10.8050	10.8434	2242
2026-08-12T11:37:00-04:00	10.8150	10.8434	1517
2026-08-12T11:38:00-04:00	10.8000	10.8431	4996
2026-08-12T11:39:00-04:00	10.7900	10.8430	811
2026-08-12T11:40:00-04:00	10.7600	10.8406	25334
2026-08-12T11:41:00-04:00	10.7600	10.8404	1951
2026-08-12T11:42:00-04:00	10.7750	10.8392	14086
2026-08-12T11:43:00-04:00	10.7600	10.8370	25735
2026-08-12T11:44:00-04:00	10.7500	10.8369	1477
2026-08-12T11:45:00-04:00	10.7200	10.8351	14116
2026-08-12T11:46:00-04:00	10.6800	10.8342	5590
2026-08-12T11:47:00-04:00	10.6600	10.8331	5420
2026-08-12T11:48:00-04:00	10.6100	10.8321	4126
2026-08-12T11:49:00-04:00	10.6200	10.8313	3486
2026-08-12T11:50:00-04:00	10.6200	10.8292	8640
2026-08-12T11:51:00-04:00	10.6050	10.8286	2264
2026-08-12T11:52:00-04:00	10.6050	10.8282	1571
2026-08-12T11:53:00-04:00	10.6250	10.8269	5332
2026-08-12T11:54:00-04:00	10.6350	10.8178	43086
2026-08-12T11:55:00-04:00	10.6300	10.8164	6871
2026-08-12T11:56:00-04:00	10.5900	10.8119	20158
2026-08-12T11:57:00-04:00	10.5900	10.8104	6361
2026-08-12T11:58:00-04:00	10.5850	10.8082	9262
2026-08-12T11:59:00-04:00	10.5850	10.8057	11040
2026-08-12T12:00:00-04:00	10.6100	10.8036	10269
2026-08-12T12:01:00-04:00	10.6000	10.8035	433
2026-08-12T12:02:00-04:00	10.6150	10.8033	1014
2026-08-12T12:03:00-04:00	10.6150	10.8029	2277
2026-08-12T12:04:00-04:00	10.6491	10.8018	6457
2026-08-12T12:05:00-04:00	10.6400	10.8016	1102
2026-08-12T12:06:00-04:00	10.6350	10.8015	381
2026-08-12T12:07:00-04:00	10.6350	10.8014	718
2026-08-12T12:08:00-04:00	10.6400	10.8012	1380
2026-08-12T12:09:00-04:00	10.6698	10.7996	11244
2026-08-12T12:10:00-04:00	10.6750	10.7962	27487
2026-08-12T12:11:00-04:00	10.6700	10.7961	1407
2026-08-12T12:12:00-04:00	10.6600	10.7932	23594
2026-08-12T12:14:00-04:00	10.7100	10.7885	50446
2026-08-12T12:15:00-04:00	10.7050	10.7881	5964
2026-08-12T12:16:00-04:00	10.7200	10.7871	14882
2026-08-12T12:17:00-04:00	10.7300	10.7870	1107
2026-08-12T12:18:00-04:00	10.7300	10.7869	2066
2026-08-12T12:19:00-04:00	10.6950	10.7864	7023
2026-08-12T12:20:00-04:00	10.7000	10.7852	14864
2026-08-12T12:21:00-04:00	10.7200	10.7845	11685
2026-08-12T12:22:00-04:00	10.7200	10.7844	1926
2026-08-12T12:23:00-04:00	10.7100	10.7843	946
2026-08-12T12:24:00-04:00	10.7250	10.7838	8600
2026-08-12T12:25:00-04:00	10.7500	10.7835	9770
2026-08-12T12:26:00-04:00	10.7500	10.7835	371
2026-08-12T12:27:00-04:00	10.7000	10.7832	4304
2026-08-12T12:28:00-04:00	10.6600	10.7826	6720
2026-08-12T12:29:00-04:00	10.6400	10.7823	2616
2026-08-12T12:30:00-04:00	10.6900	10.7815	9157
2026-08-12T12:31:00-04:00	10.7200	10.7812	3621
2026-08-12T12:32:00-04:00	10.7600	10.7810	8567
2026-08-12T12:33:00-04:00	10.7900	10.7810	2771
2026-08-12T12:35:00-04:00	10.8100	10.7811	2579
2026-08-12T12:36:00-04:00	10.8299	10.7811	1891
2026-08-12T12:37:00-04:00	10.8550	10.7813	3586
2026-08-12T12:38:00-04:00	10.8600	10.7814	1214
2026-08-12T12:39:00-04:00	10.8655	10.7814	860
2026-08-12T12:40:00-04:00	10.8745	10.7819	7854
2026-08-12T12:41:00-04:00	10.8800	10.7819	236
2026-08-12T12:42:00-04:00	10.8750	10.7820	476
2026-08-12T12:43:00-04:00	10.8800	10.7820	362
2026-08-12T12:44:00-04:00	10.9200	10.7828	8464
2026-08-12T12:45:00-04:00	10.9800	10.7835	5125
2026-08-12T12:46:00-04:00	11.0200	10.7848	6966
2026-08-12T12:47:00-04:00	10.9950	10.7853	2580
2026-08-12T12:48:00-04:00	10.9800	10.7859	3696
2026-08-12T12:50:00-04:00	10.9750	10.7874	10300
2026-08-12T12:51:00-04:00	10.9700	10.7886	8998
2026-08-12T12:52:00-04:00	10.9800	10.7888	1347
2026-08-12T12:53:00-04:00	10.9800	10.7890	1290
2026-08-12T12:54:00-04:00	10.9700	10.7893	1727
2026-08-12T12:55:00-04:00	11.0000	10.7935	27658
2026-08-12T12:56:00-04:00	11.0250	10.7963	16350
2026-08-12T12:57:00-04:00	10.9300	10.7976	11151
2026-08-12T12:58:00-04:00	10.9100	10.7978	1996
2026-08-12T12:59:00-04:00	10.9200	10.7983	5792
2026-08-12T13:00:00-04:00	10.9200	10.7987	4995
2026-08-12T13:01:00-04:00	10.9201	10.7993	5841
2026-08-12T13:02:00-04:00	10.9235	10.7996	3023
2026-08-12T13:04:00-04:00	10.9150	10.7997	1338
2026-08-12T13:05:00-04:00	10.8800	10.8001	6405
2026-08-12T13:06:00-04:00	10.8900	10.8005	6610
2026-08-12T13:07:00-04:00	10.8800	10.8006	763
2026-08-12T13:08:00-04:00	10.8800	10.8006	1572
2026-08-12T13:09:00-04:00	10.8600	10.8007	1428
2026-08-12T13:10:00-04:00	10.8700	10.8008	1692
2026-08-12T13:11:00-04:00	10.8850	10.8010	3533
2026-08-12T13:12:00-04:00	10.8700	10.8011	1839
2026-08-12T13:13:00-04:00	10.8800	10.8011	813
2026-08-12T13:14:00-04:00	10.8600	10.8012	1228
2026-08-12T13:15:00-04:00	10.8500	10.8012	1043
2026-08-12T13:16:00-04:00	10.9050	10.8016	5485
2026-08-12T13:17:00-04:00	10.8900	10.8016	644
2026-08-12T13:18:00-04:00	10.8800	10.8017	1615
2026-08-12T13:19:00-04:00	10.8650	10.8018	2061
2026-08-12T13:20:00-04:00	10.8500	10.8019	1404
2026-08-12T13:21:00-04:00	10.8550	10.8019	1396
2026-08-12T13:22:00-04:00	10.8450	10.8020	2588
2026-08-12T13:23:00-04:00	10.8700	10.8022	5174
2026-08-12T13:24:00-04:00	10.8883	10.8023	1603
2026-08-12T13:25:00-04:00	10.8900	10.8024	1618
2026-08-12T13:26:00-04:00	10.8850	10.8024	1050
2026-08-12T13:27:00-04:00	10.8870	10.8026	2048
2026-08-12T13:28:00-04:00	10.9350	10.8029	4689
2026-08-12T13:29:00-04:00	10.9300	10.8031	1747
2026-08-12T13:30:00-04:00	10.9200	10.8032	1756
2026-08-12T13:31:00-04:00	10.9100	10.8037	6727
2026-08-12T13:32:00-04:00	10.9000	10.8038	955
2026-08-12T13:33:00-04:00	10.8900	10.8039	1858
2026-08-12T13:34:00-04:00	10.9150	10.8042	3157
2026-08-12T13:35:00-04:00	10.9900	10.8048	6004
2026-08-12T13:36:00-04:00	11.0000	10.8052	2860
2026-08-12T13:37:00-04:00	11.0950	10.8124	42601
2026-08-12T13:38:00-04:00	11.0950	10.8129	2571
2026-08-12T13:39:00-04:00	11.1400	10.8139	4601
2026-08-12T13:40:00-04:00	11.1700	10.8164	11258
2026-08-12T13:41:00-04:00	11.0700	10.8181	8798
2026-08-12T13:42:00-04:00	11.1000	10.8194	7278
2026-08-12T13:43:00-04:00	11.1150	10.8198	2229
2026-08-12T13:44:00-04:00	11.1000	10.8208	5221
2026-08-12T13:45:00-04:00	11.0700	10.8209	807
2026-08-12T13:46:00-04:00	11.1300	10.8262	27968
2026-08-12T13:47:00-04:00	11.1800	10.8269	3056
2026-08-12T13:48:00-04:00	11.1600	10.8275	2935
2026-08-12T13:49:00-04:00	11.1700	10.8277	985
2026-08-12T13:50:00-04:00	11.2000	10.8329	23301
2026-08-12T13:51:00-04:00	11.2000	10.8340	4895
2026-08-12T13:52:00-04:00	11.1990	10.8346	2376
2026-08-12T13:53:00-04:00	11.1700	10.8348	903
2026-08-12T13:54:00-04:00	11.1800	10.8351	1681
2026-08-12T13:55:00-04:00	11.1738	10.8357	2795
2026-08-12T13:56:00-04:00	11.1700	10.8363	2675
2026-08-12T13:57:00-04:00	11.2300	10.8377	6107
2026-08-12T13:58:00-04:00	11.2000	10.8386	3791
2026-08-12T13:59:00-04:00	11.2100	10.8390	1522
2026-08-12T14:00:00-04:00	11.1800	10.8393	1674
2026-08-12T14:01:00-04:00	11.2050	10.8396	1454
2026-08-12T14:02:00-04:00	11.2300	10.8411	6091
2026-08-12T14:03:00-04:00	11.2500	10.8412	486
2026-08-12T14:04:00-04:00	11.2200	10.8416	1731
2026-08-12T14:05:00-04:00	11.2400	10.8420	1807
2026-08-12T14:06:00-04:00	11.2200	10.8426	2175
2026-08-12T14:07:00-04:00	11.2000	10.8442	7379
2026-08-12T14:08:00-04:00	11.2400	10.8453	4901
2026-08-12T14:09:00-04:00	11.2750	10.8530	30520
2026-08-12T14:10:00-04:00	11.2756	10.8536	2622
2026-08-12T14:11:00-04:00	11.2650	10.8547	4533
2026-08-12T14:12:00-04:00	11.2900	10.8582	14102
2026-08-12T14:13:00-04:00	11.3350	10.8618	12905
2026-08-12T14:14:00-04:00	11.3100	10.8644	10109
2026-08-12T14:15:00-04:00	11.3000	10.8646	701
2026-08-12T14:16:00-04:00	11.2800	10.8652	2417
2026-08-12T14:17:00-04:00	11.2600	10.8669	7349
2026-08-12T14:18:00-04:00	11.2050	10.8685	8044
2026-08-12T14:19:00-04:00	11.1800	10.8690	2665
2026-08-12T14:20:00-04:00	11.1500	10.8692	1345
2026-08-12T14:21:00-04:00	11.1400	10.8697	3311
2026-08-12T14:22:00-04:00	11.1600	10.8706	5175
2026-08-12T14:23:00-04:00	11.1400	10.8715	6260
2026-08-12T14:24:00-04:00	11.0700	10.8734	15180
2026-08-12T14:25:00-04:00	11.0600	10.8738	4292
2026-08-12T14:26:00-04:00	11.0300	10.8742	3829
2026-08-12T14:27:00-04:00	11.0300	10.8744	2427
2026-08-12T14:28:00-04:00	11.0200	10.8746	3137
2026-08-12T14:29:00-04:00	11.0400	10.8750	4479
2026-08-12T14:30:00-04:00	11.0800	10.8753	2062
2026-08-12T14:31:00-04:00	11.0600	10.8756	2767
2026-08-12T14:32:00-04:00	11.0700	10.8757	1658
2026-08-12T14:33:00-04:00	11.0550	10.8759	2048
2026-08-12T14:34:00-04:00	11.0300	10.8762	3321
2026-08-12T14:35:00-04:00	11.0600	10.8766	3588
2026-08-12T14:36:00-04:00	11.0300	10.8767	1105
2026-08-12T14:37:00-04:00	11.0400	10.8769	1983
2026-08-12T14:38:00-04:00	11.0600	10.8773	4915
2026-08-12T14:39:00-04:00	11.0400	10.8775	2012
2026-08-12T14:40:00-04:00	11.0200	10.8776	1445
2026-08-12T14:41:00-04:00	11.0300	10.8778	2153
2026-08-12T14:42:00-04:00	11.0400	10.8780	2495
2026-08-12T14:43:00-04:00	10.9950	10.8795	20837
2026-08-12T14:44:00-04:00	10.9700	10.8797	3567
2026-08-12T14:45:00-04:00	10.9600	10.8798	1681
2026-08-12T14:46:00-04:00	10.9700	10.8798	1667
2026-08-12T14:47:00-04:00	10.9900	10.8801	4303
2026-08-12T14:48:00-04:00	10.9600	10.8802	2049
2026-08-12T14:49:00-04:00	10.9800	10.8802	1261
2026-08-12T14:50:00-04:00	10.9700	10.8803	1789
2026-08-12T14:51:00-04:00	10.9600	10.8804	1418
2026-08-12T14:52:00-04:00	10.9600	10.8805	1954
2026-08-12T14:53:00-04:00	10.9600	10.8806	1696
2026-08-12T14:54:00-04:00	10.9500	10.8806	1925
2026-08-12T14:55:00-04:00	11.0200	10.8819	19814
2026-08-12T14:56:00-04:00	11.0374	10.8820	1747
2026-08-12T14:57:00-04:00	11.0300	10.8823	3187
2026-08-12T14:58:00-04:00	11.0300	10.8827	6175
2026-08-12T14:59:00-04:00	11.0350	10.8829	1814
2026-08-12T15:00:00-04:00	11.0700	10.8835	7392
2026-08-12T15:01:00-04:00	11.0700	10.8836	948
2026-08-12T15:02:00-04:00	11.0750	10.8852	16213
2026-08-12T15:03:00-04:00	11.0700	10.8857	4795
2026-08-12T15:04:00-04:00	11.0300	10.8862	7325
2026-08-12T15:05:00-04:00	11.0400	10.8865	3158
2026-08-12T15:06:00-04:00	11.0400	10.8865	701
2026-08-12T15:07:00-04:00	11.0300	10.8866	1278
2026-08-12T15:08:00-04:00	11.0250	10.8870	5229
2026-08-12T15:09:00-04:00	11.0100	10.8873	3685
2026-08-12T15:10:00-04:00	11.0400	10.8877	5925
2026-08-12T15:11:00-04:00	11.0450	10.8878	1166
2026-08-12T15:12:00-04:00	11.0100	10.8879	2536
2026-08-12T15:13:00-04:00	11.0400	10.8882	3774
2026-08-12T15:14:00-04:00	11.0300	10.8884	2801
2026-08-12T15:15:00-04:00	11.0000	10.8886	2803
2026-08-12T15:16:00-04:00	11.0500	10.8900	18385
2026-08-12T15:17:00-04:00	11.0499	10.8902	2050
2026-08-12T15:18:00-04:00	11.0400	10.8903	1540
2026-08-12T15:19:00-04:00	11.0300	10.8904	1980
2026-08-12T15:20:00-04:00	11.0100	10.8907	4636
2026-08-12T15:21:00-04:00	11.0500	10.8915	10583
2026-08-12T15:22:00-04:00	11.0699	10.8915	531
2026-08-12T15:23:00-04:00	11.0000	10.8920	6831
2026-08-12T15:24:00-04:00	10.9800	10.8920	1101
2026-08-12T15:25:00-04:00	11.0100	10.8924	7627
2026-08-12T15:26:00-04:00	11.0119	10.8925	965
2026-08-12T15:27:00-04:00	11.0200	10.8927	2895
2026-08-12T15:28:00-04:00	11.0000	10.8928	2030
2026-08-12T15:29:00-04:00	11.0300	10.8932	5881
2026-08-12T15:30:00-04:00	11.0100	10.8935	5677
2026-08-12T15:31:00-04:00	11.0120	10.8938	5075
2026-08-12T15:32:00-04:00	10.9900	10.8944	11143
2026-08-12T15:33:00-04:00	10.9650	10.8944	1995
2026-08-12T15:34:00-04:00	10.9500	10.8952	24950
2026-08-12T15:35:00-04:00	10.9800	10.8957	13600
2026-08-12T15:36:00-04:00	10.9800	10.8958	3054
2026-08-12T15:37:00-04:00	10.9800	10.8959	2467
2026-08-12T15:38:00-04:00	10.9800	10.8960	3324
2026-08-12T15:39:00-04:00	10.9550	10.8961	4225
2026-08-12T15:40:00-04:00	10.9500	10.8963	6774
2026-08-12T15:41:00-04:00	10.9600	10.8965	6677
2026-08-12T15:42:00-04:00	10.9200	10.8967	16445
2026-08-12T15:43:00-04:00	10.9450	10.8968	7028
2026-08-12T15:44:00-04:00	10.9550	10.8969	1962
2026-08-12T15:45:00-04:00	10.9700	10.8971	5294
2026-08-12T15:46:00-04:00	10.9500	10.8974	10170
2026-08-12T15:47:00-04:00	10.9750	10.8978	12529
2026-08-12T15:48:00-04:00	10.9700	10.8990	32969
2026-08-12T15:49:00-04:00	10.9850	10.8994	8824
2026-08-12T15:50:00-04:00	11.0250	10.9008	30833
2026-08-12T15:51:00-04:00	10.9700	10.9014	15326
2026-08-12T15:52:00-04:00	10.9900	10.9039	56756
2026-08-12T15:53:00-04:00	11.0500	10.9048	17278
2026-08-12T15:54:00-04:00	11.0700	10.9049	2296
2026-08-12T15:55:00-04:00	11.0000	10.9057	15266
2026-08-12T15:56:00-04:00	11.1200	10.9073	21787
2026-08-12T15:57:00-04:00	11.1000	10.9097	27478
2026-08-12T15:58:00-04:00	11.1500	10.9145	54983
2026-08-12T15:59:00-04:00	11.0550	10.9181	54861
2026-08-13T09:30:00-04:00	10.8900	10.8633	31850
2026-08-13T09:31:00-04:00	11.3550	11.0388	27540
2026-08-13T09:32:00-04:00	11.3000	11.1164	21909
2026-08-13T09:33:00-04:00	11.1900	11.1227	6135
2026-08-13T09:34:00-04:00	11.2400	11.1259	2845
2026-08-13T09:35:00-04:00	11.2400	11.1286	2205
2026-08-13T09:36:00-04:00	11.3225	11.1306	1138
2026-08-13T09:37:00-04:00	11.3050	11.1539	13019
2026-08-13T09:38:00-04:00	11.4000	11.1668	7151
2026-08-13T09:39:00-04:00	11.3725	11.1827	11390
2026-08-13T09:40:00-04:00	11.5500	11.2081	11006
2026-08-13T09:41:00-04:00	11.5200	11.2272	9204
2026-08-13T09:42:00-04:00	11.5300	11.2511	12856
2026-08-13T09:43:00-04:00	11.4500	11.2633	8689
2026-08-13T09:44:00-04:00	11.4750	11.2858	18572
2026-08-13T09:45:00-04:00	11.4700	11.2908	4664
2026-08-13T09:46:00-04:00	11.4650	11.2940	3864
2026-08-13T09:47:00-04:00	11.5200	11.3003	8458
2026-08-13T09:48:00-04:00	11.4730	11.3119	14688
2026-08-13T09:49:00-04:00	11.4500	11.3133	2170
2026-08-13T09:50:00-04:00	11.4500	11.3309	28490
2026-08-13T09:51:00-04:00	11.4900	11.3344	6304
2026-08-13T09:52:00-04:00	11.4450	11.3369	5207
2026-08-13T09:53:00-04:00	11.5000	11.3412	8442
2026-08-13T09:54:00-04:00	11.5701	11.3490	10022
2026-08-13T09:55:00-04:00	11.5900	11.3548	7087
2026-08-13T09:56:00-04:00	11.6242	11.3589	4897
2026-08-13T09:57:00-04:00	11.5100	11.3630	7041
2026-08-13T09:58:00-04:00	11.4550	11.3640	3494
2026-08-13T09:59:00-04:00	11.4900	11.3660	5526
2026-08-13T10:00:00-04:00	11.5200	11.3688	5423
2026-08-13T10:01:00-04:00	11.5076	11.3733	9499
2026-08-13T10:02:00-04:00	11.5350	11.3809	15012
2026-08-13T10:03:00-04:00	11.6700	11.3920	15423
2026-08-13T10:04:00-04:00	11.8000	11.4166	24978
2026-08-13T10:05:00-04:00	11.8100	11.4522	35802
2026-08-13T10:06:00-04:00	11.6731	11.4619	15837
2026-08-13T10:07:00-04:00	11.6700	11.4709	18294
2026-08-13T10:08:00-04:00	11.5800	11.4737	8279
2026-08-13T10:09:00-04:00	11.5997	11.4746	3375
2026-08-13T10:10:00-04:00	11.5348	11.4764	9144
2026-08-13T10:11:00-04:00	11.5500	11.4771	4684
2026-08-13T10:12:00-04:00	11.5100	11.4786	20903
2026-08-13T10:13:00-04:00	11.5050	11.4789	4561
2026-08-13T10:14:00-04:00	11.4400	11.4788	3992
2026-08-13T10:15:00-04:00	11.4899	11.4787	3354
2026-08-13T10:16:00-04:00	11.5200	11.4789	5845
2026-08-13T10:17:00-04:00	11.5750	11.4799	7046
2026-08-13T10:18:00-04:00	11.5100	11.4808	9367
2026-08-13T10:19:00-04:00	11.4250	11.4805	3682
2026-08-13T10:20:00-04:00	11.4300	11.4801	3387
2026-08-13T10:21:00-04:00	11.5000	11.4801	10571
2026-08-13T10:22:00-04:00	11.5460	11.4805	3864
2026-08-13T10:23:00-04:00	11.5350	11.4819	9574
2026-08-13T10:24:00-04:00	11.5500	11.4821	2436
2026-08-13T10:25:00-04:00	11.5550	11.4830	7627
2026-08-13T10:26:00-04:00	11.5100	11.4831	1662
2026-08-13T10:27:00-04:00	11.5000	11.4833	3611
2026-08-13T10:28:00-04:00	11.4750	11.4833	1117
2026-08-13T10:29:00-04:00	11.4700	11.4833	7261
2026-08-13T10:30:00-04:00	11.3650	11.4822	6565
2026-08-13T10:31:00-04:00	11.3800	11.4800	11602
2026-08-13T10:32:00-04:00	11.3400	11.4789	5219
2026-08-13T10:33:00-04:00	11.3250	11.4768	8405
2026-08-13T10:34:00-04:00	11.3100	11.4754	5323
2026-08-13T10:35:00-04:00	11.3650	11.4723	14395
2026-08-13T10:36:00-04:00	11.3400	11.4719	1977
2026-08-13T10:37:00-04:00	11.2750	11.4714	1960
2026-08-13T10:38:00-04:00	11.2400	11.4709	1644
2026-08-13T10:39:00-04:00	11.2600	11.4663	15289
2026-08-13T10:40:00-04:00	11.2800	11.4646	6010
2026-08-13T10:41:00-04:00	11.2800	11.4593	20031
2026-08-13T10:42:00-04:00	11.2800	11.4591	861
2026-08-13T10:43:00-04:00	11.3000	11.4580	4125
2026-08-13T10:44:00-04:00	11.2800	11.4573	2536
2026-08-13T10:45:00-04:00	11.2741	11.4568	1914
2026-08-13T10:46:00-04:00	11.2800	11.4555	5305
2026-08-13T10:47:00-04:00	11.2600	11.4534	7476
2026-08-13T10:48:00-04:00	11.3400	11.4516	9274
2026-08-13T10:49:00-04:00	11.3150	11.4511	3267
2026-08-13T10:50:00-04:00	11.2850	11.4505	2612
2026-08-13T10:51:00-04:00	11.2450	11.4495	3284
2026-08-13T10:52:00-04:00	11.2350	11.4482	4572
2026-08-13T10:53:00-04:00	11.2300	11.4477	1918
2026-08-13T10:54:00-04:00	11.2300	11.4471	1838
2026-08-13T10:55:00-04:00	11.2300	11.4466	1748
2026-08-13T10:56:00-04:00	11.2200	11.4434	10563
2026-08-13T10:57:00-04:00	11.2050	11.4402	10393
2026-08-13T10:58:00-04:00	11.2600	11.4382	7348
2026-08-13T10:59:00-04:00	11.2300	11.4357	9891
2026-08-13T11:00:00-04:00	11.3050	11.4320	18439
2026-08-13T11:01:00-04:00	11.2799	11.4308	6379
2026-08-13T11:02:00-04:00	11.2100	11.4304	1259
2026-08-13T11:03:00-04:00	11.1500	11.4293	3564
2026-08-13T11:04:00-04:00	11.1135	11.4270	5974
2026-08-13T11:05:00-04:00	11.1250	11.4262	2116
2026-08-13T11:06:00-04:00	11.1100	11.4251	3051
2026-08-13T11:07:00-04:00	11.1000	11.4223	6907
2026-08-13T11:08:00-04:00	11.1050	11.4204	4792
2026-08-13T11:09:00-04:00	11.1100	11.4196	2361
2026-08-13T11:10:00-04:00	11.0800	11.4174	5271
2026-08-13T11:11:00-04:00	11.0900	11.4166	2001
2026-08-13T11:12:00-04:00	11.0350	11.4119	10467
2026-08-13T11:13:00-04:00	11.0200	11.4102	3705
2026-08-13T11:14:00-04:00	11.0000	11.4039	13739
2026-08-13T11:15:00-04:00	10.9900	11.3980	12367
2026-08-13T11:16:00-04:00	10.9714	11.3969	2416
2026-08-13T11:17:00-04:00	10.9900	11.3955	2940
2026-08-13T11:18:00-04:00	10.9720	11.3876	17266
2026-08-13T11:19:00-04:00	10.9700	11.3850	5755
2026-08-13T11:20:00-04:00	10.9500	11.3838	2326
2026-08-13T11:21:00-04:00	10.9236	11.3831	1473
2026-08-13T11:22:00-04:00	10.9400	11.3812	3768
2026-08-13T11:23:00-04:00	10.9600	11.3781	6640
2026-08-13T11:24:00-04:00	10.9500	11.3778	673
2026-08-13T11:25:00-04:00	10.9600	11.3773	1102
2026-08-13T11:26:00-04:00	10.9700	11.3748	5568
2026-08-13T11:27:00-04:00	11.0000	11.3709	9503
2026-08-13T11:28:00-04:00	11.0080	11.3632	19913
2026-08-13T11:29:00-04:00	10.9950	11.3628	1075
2026-08-13T11:30:00-04:00	10.9950	11.3606	5651
2026-08-13T11:31:00-04:00	11.0400	11.3586	5993
2026-08-13T11:32:00-04:00	11.0250	11.3576	3099
2026-08-13T11:33:00-04:00	11.0850	11.3554	7549
2026-08-13T11:34:00-04:00	11.0899	11.3533	7255
2026-08-13T11:35:00-04:00	11.0700	11.3531	782
2026-08-13T11:36:00-04:00	11.0600	11.3525	2105
2026-08-13T11:37:00-04:00	11.1200	11.3502	9128
2026-08-13T11:38:00-04:00	11.1264	11.3497	1935
2026-08-13T11:39:00-04:00	11.1350	11.3489	3633
2026-08-13T11:40:00-04:00	11.1200	11.3485	1885
2026-08-13T11:41:00-04:00	11.1500	11.3476	4448
2026-08-13T11:42:00-04:00	11.1600	11.3467	4764
2026-08-13T11:43:00-04:00	11.1500	11.3461	3455
2026-08-13T11:44:00-04:00	11.1200	11.3457	1590
2026-08-13T11:45:00-04:00	11.1000	11.3454	1264
2026-08-13T11:46:00-04:00	11.1000	11.3448	2520
2026-08-13T11:47:00-04:00	11.0650	11.3439	3538
2026-08-13T11:48:00-04:00	11.0700	11.3416	8958
2026-08-13T11:49:00-04:00	11.0750	11.3411	1862
2026-08-13T11:50:00-04:00	11.0700	11.3405	2111
2026-08-13T11:51:00-04:00	11.0400	11.3402	1228
2026-08-13T11:52:00-04:00	11.0464	11.3398	1430
2026-08-13T11:53:00-04:00	11.0300	11.3390	2555
2026-08-13T11:54:00-04:00	11.0400	11.3382	2690
2026-08-13T11:55:00-04:00	11.0200	11.3379	938
2026-08-13T11:56:00-04:00	11.0100	11.3368	3531
2026-08-13T11:57:00-04:00	11.0100	11.3356	3885
2026-08-13T11:58:00-04:00	10.9900	11.3347	2855
2026-08-13T11:59:00-04:00	10.9700	11.3311	10820
2026-08-13T12:00:00-04:00	10.9700	11.3303	2289
2026-08-13T12:01:00-04:00	10.9800	11.3298	1669
2026-08-13T12:02:00-04:00	10.9800	11.3292	1710
2026-08-13T12:03:00-04:00	10.9600	11.3266	7627
2026-08-13T12:04:00-04:00	10.9500	11.3263	952
2026-08-13T12:05:00-04:00	10.9400	11.3246	4805
2026-08-13T12:06:00-04:00	10.9600	11.3225	6226
2026-08-13T12:07:00-04:00	10.9400	11.3209	4694
2026-08-13T12:08:00-04:00	10.9281	11.3201	2110
2026-08-13T12:09:00-04:00	10.8800	11.3151	13032
2026-08-13T12:10:00-04:00	10.8800	11.3141	2651
2026-08-13T12:11:00-04:00	10.8881	11.3136	1147
2026-08-13T12:12:00-04:00	10.8800	11.3109	6892
2026-08-13T12:13:00-04:00	10.8750	11.3102	1838
2026-08-13T12:14:00-04:00	10.8450	11.2944	40122
2026-08-13T12:15:00-04:00	10.8350	11.2766	48648
2026-08-13T12:16:00-04:00	10.7700	11.2722	11304
2026-08-13T12:17:00-04:00	10.7750	11.2677	11214
2026-08-13T12:18:00-04:00	10.7700	11.2645	8005
2026-08-13T12:19:00-04:00	10.7900	11.2636	2272
2026-08-13T12:20:00-04:00	10.7920	11.2550	23005
2026-08-13T12:21:00-04:00	10.8400	11.2447	31376
2026-08-13T12:22:00-04:00	10.8300	11.2444	1041
2026-08-13T12:23:00-04:00	10.8200	11.2440	1292
2026-08-13T12:24:00-04:00	10.8750	11.2412	9701
2026-08-13T12:25:00-04:00	10.9050	11.2389	8701
2026-08-13T12:26:00-04:00	10.9750	11.2315	34912
2026-08-13T12:27:00-04:00	10.9542	11.2312	1264
2026-08-13T12:28:00-04:00	10.9899	11.2299	7222
2026-08-13T12:29:00-04:00	11.0050	11.2291	4987
2026-08-13T12:30:00-04:00	10.9950	11.2288	1985
2026-08-13T12:31:00-04:00	10.9800	11.2285	1378
2026-08-13T12:32:00-04:00	10.9400	11.2280	2315
2026-08-13T12:33:00-04:00	10.9550	11.2276	2320
2026-08-13T12:34:00-04:00	10.9800	11.2262	7554
2026-08-13T12:35:00-04:00	11.0100	11.2257	3031
2026-08-13T12:36:00-04:00	11.0100	11.2249	4949
2026-08-13T12:38:00-04:00	11.0850	11.2240	8362
2026-08-13T12:39:00-04:00	11.0900	11.2232	7853
2026-08-13T12:40:00-04:00	11.0800	11.2227	4727
2026-08-13T12:41:00-04:00	11.0700	11.2226	1474
2026-08-13T12:42:00-04:00	11.0400	11.2219	5556
2026-08-13T12:44:00-04:00	11.0490	11.2215	3551
2026-08-13T12:45:00-04:00	11.0600	11.2211	3073
2026-08-13T12:46:00-04:00	11.0900	11.2209	2268
2026-08-13T12:47:00-04:00	11.0900	11.2206	3787
2026-08-13T12:48:00-04:00	11.1150	11.2201	6022
2026-08-13T12:49:00-04:00	11.1000	11.2200	1640
2026-08-13T12:50:00-04:00	11.1300	11.2199	361
2026-08-13T12:51:00-04:00	11.1100	11.2198	1931
2026-08-13T12:52:00-04:00	11.1000	11.2197	1395
2026-08-13T12:53:00-04:00	11.1100	11.2196	989
2026-08-13T12:54:00-04:00	11.1200	11.2194	3240
2026-08-13T12:55:00-04:00	11.1200	11.2193	593
2026-08-13T12:56:00-04:00	11.1150	11.2193	502
2026-08-13T12:57:00-04:00	11.1050	11.2192	1978
2026-08-13T12:58:00-04:00	11.1000	11.2179	16232
2026-08-13T12:59:00-04:00	11.0550	11.2172	6835
2026-08-13T13:00:00-04:00	11.0300	11.2166	4834
2026-08-13T13:01:00-04:00	10.9920	11.2148	12404
2026-08-13T13:02:00-04:00	11.0320	11.2134	10505
2026-08-13T13:03:00-04:00	11.0200	11.2131	2682
2026-08-13T13:04:00-04:00	11.0188	11.2113	13916
2026-08-13T13:05:00-04:00	11.0100	11.2077	28032
2026-08-13T13:06:00-04:00	11.0500	11.2066	10082
2026-08-13T13:07:00-04:00	11.0550	11.2065	595
2026-08-13T13:08:00-04:00	11.0550	11.2065	228
2026-08-13T13:09:00-04:00	11.0600	11.2064	1066
2026-08-13T13:10:00-04:00	11.0500	11.2062	2046
2026-08-13T13:11:00-04:00	11.0200	11.2059	2419
2026-08-13T13:12:00-04:00	11.0400	11.2054	4566
2026-08-13T13:13:00-04:00	11.0350	11.2053	1292
2026-08-13T13:14:00-04:00	11.0600	11.2048	4630
2026-08-13T13:15:00-04:00	11.0700	11.2048	153
2026-08-13T13:16:00-04:00	11.1300	11.2043	8124
2026-08-13T13:17:00-04:00	11.1300	11.2042	1377
2026-08-13T13:18:00-04:00	11.1050	11.2041	2465
2026-08-13T13:19:00-04:00	11.0850	11.2036	6476
2026-08-13T13:20:00-04:00	11.0800	11.2033	3883
2026-08-13T13:21:00-04:00	11.0800	11.2033	320
2026-08-13T13:22:00-04:00	11.1000	11.2030	4659
2026-08-13T13:23:00-04:00	11.0800	11.2028	1997
2026-08-13T13:24:00-04:00	11.1000	11.2027	2159
2026-08-13T13:25:00-04:00	11.1100	11.2027	209
2026-08-13T13:26:00-04:00	11.1100	11.2025	2968
2026-08-13T13:27:00-04:00	11.1100	11.2024	1700
2026-08-13T13:28:00-04:00	11.1200	11.2023	1064
2026-08-13T13:29:00-04:00	11.1200	11.2022	3718
2026-08-13T13:30:00-04:00	11.1300	11.2020	3105
2026-08-13T13:31:00-04:00	11.1400	11.2020	381
2026-08-13T13:32:00-04:00	11.1400	11.2019	1899
2026-08-13T13:33:00-04:00	11.1390	11.2015	11151
2026-08-13T13:34:00-04:00	11.1250	11.2014	3488
2026-08-13T13:35:00-04:00	11.1300	11.2013	2180
2026-08-13T13:36:00-04:00	11.1450	11.2011	6432
2026-08-13T13:37:00-04:00	11.1300	11.2010	1818
2026-08-13T13:38:00-04:00	11.1200	11.2008	4330
2026-08-13T13:39:00-04:00	11.1481	11.2005	7269
2026-08-13T13:40:00-04:00	11.1500	11.2005	469
2026-08-13T13:41:00-04:00	11.1400	11.2003	5407
2026-08-13T13:42:00-04:00	11.1200	11.2002	2588
2026-08-13T13:43:00-04:00	11.1250	11.2001	2157
2026-08-13T13:44:00-04:00	11.1275	11.2000	1700
2026-08-13T13:45:00-04:00	11.1400	11.1998	6359
2026-08-13T13:46:00-04:00	11.1500	11.1996	6531
2026-08-13T13:47:00-04:00	11.1600	11.1995	2813
2026-08-13T13:48:00-04:00	11.1800	11.1995	3560
2026-08-13T13:49:00-04:00	11.1500	11.1994	3517
2026-08-13T13:50:00-04:00	11.1550	11.1993	1384
2026-08-13T13:51:00-04:00	11.1400	11.1992	3341
2026-08-13T13:52:00-04:00	11.1400	11.1992	517
2026-08-13T13:53:00-04:00	11.1500	11.1992	277
2026-08-13T13:54:00-04:00	11.1500	11.1991	5419
2026-08-13T13:56:00-04:00	11.1500	11.1989	3966
2026-08-13T13:57:00-04:00	11.1654	11.1988	6101
2026-08-13T13:58:00-04:00	11.1800	11.1987	6406
2026-08-13T13:59:00-04:00	11.1700	11.1986	5229
2026-08-13T14:00:00-04:00	11.1700	11.1986	804
2026-08-13T14:01:00-04:00	11.1800	11.1986	2505
2026-08-13T14:02:00-04:00	11.2200	11.1987	11464
2026-08-13T14:03:00-04:00	11.2450	11.1989	7997
2026-08-13T14:05:00-04:00	11.2400	11.1989	2538
2026-08-13T14:06:00-04:00	11.2500	11.1991	5049
2026-08-13T14:07:00-04:00	11.2400	11.1992	5430
2026-08-13T14:08:00-04:00	11.2300	11.1993	4346
2026-08-13T14:09:00-04:00	11.2300	11.1993	1183
2026-08-13T14:10:00-04:00	11.2300	11.1993	3279
2026-08-13T14:11:00-04:00	11.2100	11.1994	3191
2026-08-13T14:12:00-04:00	11.2150	11.1994	815
2026-08-13T14:13:00-04:00	11.2100	11.1994	2268
2026-08-13T14:14:00-04:00	11.2150	11.1994	579
2026-08-13T14:15:00-04:00	11.2200	11.1995	4853
2026-08-13T14:16:00-04:00	11.2200	11.1995	848
2026-08-13T14:17:00-04:00	11.2200	11.1995	1334
2026-08-13T14:18:00-04:00	11.2400	11.1997	9202
2026-08-13T14:19:00-04:00	11.2400	11.1997	2884
2026-08-13T14:20:00-04:00	11.2400	11.1998	2012
2026-08-13T14:21:00-04:00	11.2400	11.1998	1745
2026-08-13T14:22:00-04:00	11.2500	11.1999	4758
2026-08-13T14:23:00-04:00	11.2850	11.2005	11435
2026-08-13T14:24:00-04:00	11.2750	11.2007	6134
2026-08-13T14:25:00-04:00	11.2750	11.2008	1709
2026-08-13T14:26:00-04:00	11.2750	11.2009	2954
2026-08-13T14:27:00-04:00	11.2600	11.2009	1538
2026-08-13T14:28:00-04:00	11.2900	11.2011	3590
2026-08-13T14:29:00-04:00	11.3000	11.2014	6641
2026-08-13T14:30:00-04:00	11.3200	11.2018	6391
2026-08-13T14:31:00-04:00	11.3300	11.2022	5534
2026-08-13T14:32:00-04:00	11.3300	11.2032	15344
2026-08-13T14:33:00-04:00	11.3250	11.2033	2141
2026-08-13T14:34:00-04:00	11.3300	11.2051	27280
2026-08-13T14:35:00-04:00	11.3250	11.2061	14768
2026-08-13T14:36:00-04:00	11.3240	11.2066	8389
2026-08-13T14:37:00-04:00	11.3300	11.2066	863
2026-08-13T14:38:00-04:00	11.3300	11.2070	5884
2026-08-13T14:39:00-04:00	11.3400	11.2072	2761
2026-08-13T14:40:00-04:00	11.3200	11.2073	1098
2026-08-13T14:41:00-04:00	11.3150	11.2075	4237
2026-08-13T14:42:00-04:00	11.3064	11.2083	15458
2026-08-13T14:43:00-04:00	11.3199	11.2087	6962
2026-08-13T14:44:00-04:00	11.3390	11.2102	23957
2026-08-13T14:45:00-04:00	11.3650	11.2109	10599
2026-08-13T14:46:00-04:00	11.3600	11.2112	3155
2026-08-13T14:47:00-04:00	11.3100	11.2115	6195
2026-08-13T14:48:00-04:00	11.3100	11.2117	3707
2026-08-13T14:49:00-04:00	11.3500	11.2125	14224
2026-08-13T14:50:00-04:00	11.3800	11.2139	18200
2026-08-13T14:51:00-04:00	11.4050	11.2146	7617
2026-08-13T14:52:00-04:00	11.3800	11.2154	9869
2026-08-13T14:53:00-04:00	11.3850	11.2162	9317
2026-08-13T14:54:00-04:00	11.4100	11.2168	6122
2026-08-13T14:55:00-04:00	11.3950	11.2171	3531
2026-08-13T14:56:00-04:00	11.3950	11.2173	1805
2026-08-13T14:57:00-04:00	11.4050	11.2177	4166
2026-08-13T14:58:00-04:00	11.4200	11.2180	3360
2026-08-13T14:59:00-04:00	11.4300	11.2213	31823
2026-08-13T15:00:00-04:00	11.4400	11.2214	1489
2026-08-13T15:01:00-04:00	11.4100	11.2222	7935
2026-08-13T15:02:00-04:00	11.3900	11.2228	8206
2026-08-13T15:03:00-04:00	11.4100	11.2232	3837
2026-08-13T15:04:00-04:00	11.4100	11.2236	5034
2026-08-13T15:05:00-04:00	11.4250	11.2240	4535
2026-08-13T15:06:00-04:00	11.4100	11.2245	5274
2026-08-13T15:07:00-04:00	11.4200	11.2247	2489
2026-08-13T15:08:00-04:00	11.4100	11.2253	7267
2026-08-13T15:09:00-04:00	11.4100	11.2259	6684
2026-08-13T15:10:00-04:00	11.4100	11.2261	2290
2026-08-13T15:11:00-04:00	11.4100	11.2271	12455
2026-08-13T15:12:00-04:00	11.4200	11.2276	4970
2026-08-13T15:13:00-04:00	11.4100	11.2283	8734
2026-08-13T15:14:00-04:00	11.4100	11.2285	2841
2026-08-13T15:15:00-04:00	11.4100	11.2287	1570
2026-08-13T15:16:00-04:00	11.4100	11.2294	8973
2026-08-13T15:17:00-04:00	11.4120	11.2295	1871
2026-08-13T15:18:00-04:00	11.4300	11.2321	28210
2026-08-13T15:19:00-04:00	11.4550	11.2327	6446
2026-08-13T15:20:00-04:00	11.4900	11.2330	3267
2026-08-13T15:21:00-04:00	11.5100	11.2338	6031
2026-08-13T15:22:00-04:00	11.4600	11.2352	14071
2026-08-13T15:23:00-04:00	11.4600	11.2353	549
2026-08-13T15:24:00-04:00	11.4700	11.2354	1179
2026-08-13T15:25:00-04:00	11.4600	11.2364	9516
2026-08-13T15:26:00-04:00	11.4600	11.2387	24147
2026-08-13T15:27:00-04:00	11.4800	11.2391	4169
2026-08-13T15:28:00-04:00	11.4900	11.2405	12948
2026-08-13T15:29:00-04:00	11.5100	11.2411	4921
2026-08-13T15:30:00-04:00	11.4900	11.2422	10069
2026-08-13T15:31:00-04:00	11.4384	11.2438	18689
2026-08-13T15:32:00-04:00	11.4400	11.2444	7029
2026-08-13T15:33:00-04:00	11.4700	11.2452	8137
2026-08-13T15:34:00-04:00	11.5200	11.2467	13486
2026-08-13T15:35:00-04:00	11.5100	11.2473	5701
2026-08-13T15:36:00-04:00	11.5300	11.2478	4334
2026-08-13T15:37:00-04:00	11.5400	11.2501	19370
2026-08-13T15:38:00-04:00	11.5050	11.2525	22012
2026-08-13T15:39:00-04:00	11.4900	11.2543	17739
2026-08-13T15:40:00-04:00	11.4400	11.2555	13787
2026-08-13T15:41:00-04:00	11.4450	11.2565	13780
2026-08-13T15:42:00-04:00	11.4000	11.2576	17087
2026-08-13T15:43:00-04:00	11.3850	11.2582	11886
2026-08-13T15:44:00-04:00	11.3600	11.2587	11032
2026-08-13T15:45:00-04:00	11.3550	11.2591	10867
2026-08-13T15:46:00-04:00	11.3400	11.2593	5561
2026-08-13T15:47:00-04:00	11.3550	11.2606	34625
2026-08-13T15:48:00-04:00	11.3850	11.2613	17738
2026-08-13T15:49:00-04:00	11.3700	11.2624	21941
2026-08-13T15:50:00-04:00	11.3200	11.2646	65714
2026-08-13T15:51:00-04:00	11.3546	11.2650	14141
2026-08-13T15:52:00-04:00	11.3500	11.2657	17729
2026-08-13T15:53:00-04:00	11.3850	11.2665	20003
2026-08-13T15:54:00-04:00	11.4100	11.2674	18461
2026-08-13T15:55:00-04:00	11.5000	11.2705	43422
2026-08-13T15:56:00-04:00	11.5450	11.2749	47885
2026-08-13T15:57:00-04:00	11.5200	11.2795	53685
2026-08-13T15:58:00-04:00	11.5300	11.2843	60937
2026-08-13T15:59:00-04:00	11.5052	11.2920	110394
2026-08-14T09:30:00-04:00	10.2100	10.1400	493573
2026-08-14T09:31:00-04:00	10.2200	10.1403	1682
2026-08-14T09:32:00-04:00	10.4800	10.1586	30499
2026-08-14T09:33:00-04:00	10.2350	10.1634	13575
2026-08-14T09:34:00-04:00	10.2403	10.2104	363797
2026-08-14T09:35:00-04:00	10.0100	10.2030	86195
2026-08-14T09:36:00-04:00	9.9900	10.1926	57078
2026-08-14T09:37:00-04:00	9.7550	10.1543	116372
2026-08-14T09:38:00-04:00	9.7850	10.1416	40701
2026-08-14T09:39:00-04:00	9.9919	10.1241	100855
2026-08-14T09:40:00-04:00	9.9500	10.1207	24527
2026-08-14T09:41:00-04:00	10.0450	10.1187	26424
2026-08-14T09:42:00-04:00	10.0500	10.1174	17679
2026-08-14T09:43:00-04:00	9.9400	10.1165	9105
2026-08-14T09:44:00-04:00	9.8400	10.1137	14964
2026-08-14T09:45:00-04:00	9.7400	10.1068	27418
2026-08-14T09:46:00-04:00	9.8000	10.1011	25484
2026-08-14T09:47:00-04:00	9.9100	10.0991	13007
2026-08-14T09:48:00-04:00	9.7700	10.0977	7427
2026-08-14T09:49:00-04:00	9.6600	10.0928	18462
2026-08-14T09:50:00-04:00	9.7300	10.0803	48959
2026-08-14T09:51:00-04:00	9.8700	10.0793	6379
2026-08-14T09:52:00-04:00	9.8700	10.0761	25150
2026-08-14T09:53:00-04:00	9.8400	10.0753	5924
2026-08-14T09:54:00-04:00	9.8800	10.0747	4531
2026-08-14T09:55:00-04:00	9.7950	10.0660	52967
2026-08-14T09:56:00-04:00	9.8260	10.0592	41240
2026-08-14T09:57:00-04:00	9.9000	10.0576	15030
2026-08-14T09:58:00-04:00	10.0000	10.0562	30669
2026-08-14T09:59:00-04:00	10.0200	10.0553	23662
2026-08-14T10:00:00-04:00	10.3550	10.0641	94363
2026-08-14T10:01:00-04:00	10.2200	10.0717	71094
2026-08-14T10:02:00-04:00	10.2400	10.0769	63250
2026-08-14T10:03:00-04:00	10.2400	10.0786	20628
2026-08-14T10:04:00-04:00	10.2350	10.0817	39479
2026-08-14T10:05:00-04:00	10.3000	10.0874	54452
2026-08-14T10:06:00-04:00	10.3500	10.0915	31768
2026-08-14T10:07:00-04:00	10.3400	10.0947	26856
2026-08-14T10:08:00-04:00	10.4100	10.0973	20918
2026-08-14T10:09:00-04:00	10.2650	10.1026	52433
2026-08-14T10:10:00-04:00	10.2600	10.1030	5966
2026-08-14T10:11:00-04:00	10.3100	10.1050	21851
2026-08-14T10:12:00-04:00	10.2657	10.1062	16796
2026-08-14T10:13:00-04:00	10.2650	10.1079	23888
2026-08-14T10:14:00-04:00	10.2150	10.1085	11665
2026-08-14T10:15:00-04:00	10.2600	10.1093	13400
2026-08-14T10:16:00-04:00	10.3671	10.1103	10639
2026-08-14T10:17:00-04:00	10.3850	10.1176	64011
2026-08-14T10:18:00-04:00	10.2250	10.1199	36378
2026-08-14T10:19:00-04:00	10.2700	10.1210	19660
2026-08-14T10:20:00-04:00	10.2900	10.1213	4444
2026-08-14T10:21:00-04:00	10.3199	10.1221	10807
2026-08-14T10:22:00-04:00	10.2900	10.1230	12697
2026-08-14T10:23:00-04:00	10.2700	10.1246	25176
2026-08-14T10:24:00-04:00	10.2000	10.1257	35000
2026-08-14T10:25:00-04:00	10.2150	10.1261	15359
2026-08-14T10:26:00-04:00	10.2100	10.1265	14703
2026-08-14T10:27:00-04:00	10.2399	10.1267	4048
2026-08-14T10:28:00-04:00	10.1400	10.1268	6209
2026-08-14T10:29:00-04:00	10.1600	10.1269	14292
2026-08-14T10:30:00-04:00	10.1000	10.1270	19461
2026-08-14T10:31:00-04:00	10.1322	10.1270	9947
2026-08-14T10:32:00-04:00	10.1400	10.1270	5715
2026-08-14T10:33:00-04:00	10.0900	10.1269	8329
2026-08-14T10:34:00-04:00	10.1164	10.1268	8658
2026-08-14T10:35:00-04:00	10.1130	10.1266	18422
2026-08-14T10:36:00-04:00	10.0850	10.1266	2327
2026-08-14T10:37:00-04:00	10.0900	10.1265	10157
2026-08-14T10:38:00-04:00	10.0750	10.1264	3485
2026-08-14T10:39:00-04:00	10.1650	10.1265	12496
2026-08-14T10:40:00-04:00	10.2400	10.1271	17832
2026-08-14T10:41:00-04:00	10.1600	10.1275	18016
2026-08-14T10:42:00-04:00	10.1100	10.1275	6042
2026-08-14T10:43:00-04:00	10.1300	10.1274	10727
2026-08-14T10:44:00-04:00	10.2000	10.1276	10273
2026-08-14T10:45:00-04:00	10.1900	10.1290	50120
2026-08-14T10:46:00-04:00	10.1500	10.1290	1191
2026-08-14T10:47:00-04:00	10.0400	10.1285	28925
2026-08-14T10:48:00-04:00	10.0400	10.1284	4729
2026-08-14T10:49:00-04:00	10.0300	10.1281	8789
2026-08-14T10:50:00-04:00	9.9700	10.1276	11474
2026-08-14T10:51:00-04:00	9.9750	10.1271	8992
2026-08-14T10:52:00-04:00	10.0100	10.1267	9025
2026-08-14T10:53:00-04:00	10.0150	10.1261	16437
2026-08-14T10:54:00-04:00	10.0750	10.1249	42778
2026-08-14T10:55:00-04:00	10.1400	10.1249	6585
2026-08-14T10:56:00-04:00	10.0150	10.1245	16221
2026-08-14T10:57:00-04:00	10.1400	10.1245	5763
2026-08-14T10:58:00-04:00	10.1450	10.1248	26621
2026-08-14T10:59:00-04:00	10.1065	10.1247	10674
2026-08-14T11:00:00-04:00	10.0800	10.1246	4133
2026-08-14T11:01:00-04:00	10.0500	10.1245	4603
2026-08-14T11:02:00-04:00	10.0500	10.1244	3432
2026-08-14T11:03:00-04:00	10.0215	10.1241	8098
2026-08-14T11:04:00-04:00	9.9900	10.1239	6837
2026-08-14T11:05:00-04:00	10.0600	10.1224	46143
2026-08-14T11:06:00-04:00	10.0900	10.1223	12458
2026-08-14T11:07:00-04:00	10.2000	10.1224	6769
2026-08-14T11:08:00-04:00	10.1600	10.1227	18612
2026-08-14T11:09:00-04:00	10.2050	10.1229	11189
2026-08-14T11:10:00-04:00	10.1850	10.1232	12164
2026-08-14T11:11:00-04:00	10.2150	10.1240	21770
2026-08-14T11:12:00-04:00	10.2500	10.1249	28623
2026-08-14T11:13:00-04:00	10.2800	10.1254	11945
2026-08-14T11:14:00-04:00	10.2928	10.1263	17576
2026-08-14T11:15:00-04:00	10.2900	10.1268	8753
2026-08-14T11:16:00-04:00	10.3100	10.1275	13610
2026-08-14T11:17:00-04:00	10.2700	10.1280	9537
2026-08-14T11:18:00-04:00	10.2500	10.1283	9476
2026-08-14T11:19:00-04:00	10.2700	10.1285	4043
2026-08-14T11:20:00-04:00	10.2500	10.1289	9996
2026-08-14T11:21:00-04:00	10.2600	10.1292	6367
2026-08-14T11:22:00-04:00	10.1651	10.1296	21697
2026-08-14T11:23:00-04:00	10.1900	10.1298	11641
2026-08-14T11:24:00-04:00	10.1400	10.1299	5021
2026-08-14T11:25:00-04:00	10.1550	10.1299	4785
2026-08-14T11:26:00-04:00	10.1400	10.1299	3735
2026-08-14T11:27:00-04:00	10.0800	10.1297	22573
2026-08-14T11:28:00-04:00	10.0100	10.1293	12812
2026-08-14T11:29:00-04:00	10.0100	10.1290	6421
2026-08-14T11:30:00-04:00	9.9781	10.1286	10110
2026-08-14T11:31:00-04:00	9.9481	10.1243	72361
2026-08-14T11:32:00-04:00	9.9600	10.1236	13321
2026-08-14T11:33:00-04:00	9.9200	10.1229	13150
2026-08-14T11:34:00-04:00	9.9400	10.1225	8053
2026-08-14T11:35:00-04:00	9.9700	10.1221	7476
2026-08-14T11:36:00-04:00	9.9550	10.1218	6522
2026-08-14T11:37:00-04:00	9.9850	10.1214	11506
2026-08-14T11:38:00-04:00	9.9780	10.1210	9002
2026-08-14T11:39:00-04:00	9.9876	10.1202	19763
2026-08-14T11:40:00-04:00	10.0500	10.1200	6671
2026-08-14T11:41:00-04:00	10.0900	10.1199	8467
2026-08-14T11:42:00-04:00	10.0900	10.1195	42456
2026-08-14T11:43:00-04:00	10.0900	10.1195	4171
2026-08-14T11:44:00-04:00	10.0463	10.1193	12634
2026-08-14T11:45:00-04:00	10.0500	10.1192	5621
2026-08-14T11:46:00-04:00	10.1150	10.1185	134946
2026-08-14T11:47:00-04:00	10.0800	10.1185	7065
2026-08-14T11:48:00-04:00	10.0200	10.1184	3792
2026-08-14T11:49:00-04:00	9.9748	10.1180	11032
2026-08-14T11:50:00-04:00	9.9700	10.1177	8841
2026-08-14T11:51:00-04:00	9.9700	10.1171	13740
2026-08-14T11:52:00-04:00	10.0100	10.1170	5550
2026-08-14T11:53:00-04:00	9.9900	10.1168	6278
2026-08-14T11:54:00-04:00	10.0173	10.1167	4629
2026-08-14T11:55:00-04:00	10.0300	10.1166	2268
2026-08-14T11:56:00-04:00	10.0600	10.1166	2968
2026-08-14T11:57:00-04:00	10.0850	10.1165	2503
2026-08-14T11:58:00-04:00	10.1100	10.1165	6703
2026-08-14T11:59:00-04:00	10.1150	10.1165	3538
2026-08-14T12:00:00-04:00	10.1300	10.1165	2013
2026-08-14T12:01:00-04:00	10.1350	10.1165	960
2026-08-14T12:02:00-04:00	10.1100	10.1166	21843
2026-08-14T12:03:00-04:00	10.1200	10.1166	2189
2026-08-14T12:04:00-04:00	10.1600	10.1167	10526
2026-08-14T12:05:00-04:00	10.2000	10.1173	32395
2026-08-14T12:06:00-04:00	10.1350	10.1175	23062
2026-08-14T12:07:00-04:00	10.1500	10.1176	8256
2026-08-14T12:08:00-04:00	10.1800	10.1176	1477
2026-08-14T12:09:00-04:00	10.1600	10.1177	3534
2026-08-14T12:10:00-04:00	10.1600	10.1177	2109
2026-08-14T12:11:00-04:00	10.1650	10.1177	1897
2026-08-14T12:12:00-04:00	10.1800	10.1177	1649
2026-08-14T12:13:00-04:00	10.1700	10.1178	4419
2026-08-14T12:14:00-04:00	10.1800	10.1178	2745
2026-08-14T12:15:00-04:00	10.1800	10.1178	1083
2026-08-14T12:16:00-04:00	10.2100	10.1180	8673
2026-08-14T12:17:00-04:00	10.1850	10.1183	14104
2026-08-14T12:18:00-04:00	10.1850	10.1183	2601
2026-08-14T12:19:00-04:00	10.1650	10.1184	8694
2026-08-14T12:20:00-04:00	10.1950	10.1185	4484
2026-08-14T12:21:00-04:00	10.2399	10.1190	15848
2026-08-14T12:22:00-04:00	10.1950	10.1191	3996
2026-08-14T12:23:00-04:00	10.1650	10.1192	6594
2026-08-14T12:24:00-04:00	10.1900	10.1193	5920
2026-08-14T12:25:00-04:00	10.2000	10.1193	3688
2026-08-14T12:26:00-04:00	10.2350	10.1194	2961
2026-08-14T12:27:00-04:00	10.2300	10.1194	1514
2026-08-14T12:28:00-04:00	10.2300	10.1201	23148
2026-08-14T12:29:00-04:00	10.2000	10.1202	3326
2026-08-14T12:30:00-04:00	10.2000	10.1203	5314
2026-08-14T12:31:00-04:00	10.1750	10.1204	6719
2026-08-14T12:32:00-04:00	10.1650	10.1205	2964
2026-08-14T12:33:00-04:00	10.1750	10.1206	7518
2026-08-14T12:34:00-04:00	10.1800	10.1206	1931
2026-08-14T12:35:00-04:00	10.2400	10.1208	7633
2026-08-14T12:36:00-04:00	10.2250	10.1208	1132
2026-08-14T12:37:00-04:00	10.2200	10.1209	2210
2026-08-14T12:38:00-04:00	10.2150	10.1210	5069
2026-08-14T12:39:00-04:00	10.2850	10.1214	12006
2026-08-14T12:40:00-04:00	10.2200	10.1217	9020
2026-08-14T12:41:00-04:00	10.1800	10.1218	7477
2026-08-14T12:42:00-04:00	10.1650	10.1218	1769
2026-08-14T12:43:00-04:00	10.1800	10.1219	2792
2026-08-14T12:44:00-04:00	10.1879	10.1219	562
2026-08-14T12:45:00-04:00	10.1300	10.1220	23594
2026-08-14T12:46:00-04:00	10.1300	10.1220	1304
2026-08-14T12:47:00-04:00	10.1000	10.1220	9924
2026-08-14T12:48:00-04:00	10.1050	10.1219	8999
2026-08-14T12:49:00-04:00	10.0850	10.1219	2176
2026-08-14T12:50:00-04:00	10.1150	10.1219	8204
2026-08-14T12:51:00-04:00	10.1100	10.1219	1667
2026-08-14T12:52:00-04:00	10.2000	10.1221	11796
2026-08-14T12:53:00-04:00	10.2300	10.1221	2748
2026-08-14T12:54:00-04:00	10.2150	10.1222	5313
2026-08-14T12:55:00-04:00	10.2200	10.1223	1682
2026-08-14T12:56:00-04:00	10.2300	10.1227	19361
2026-08-14T12:57:00-04:00	10.2300	10.1228	2802
2026-08-14T12:58:00-04:00	10.2300	10.1229	5659
2026-08-14T12:59:00-04:00	10.2500	10.1230	3265
2026-08-14T13:00:00-04:00	10.2700	10.1235	14631
2026-08-14T13:01:00-04:00	10.2650	10.1242	19398
2026-08-14T13:02:00-04:00	10.2500	10.1245	10849
2026-08-14T13:03:00-04:00	10.2300	10.1248	10316
2026-08-14T13:04:00-04:00	10.2500	10.1249	3191
2026-08-14T13:05:00-04:00	10.2600	10.1257	26621
2026-08-14T13:06:00-04:00	10.3100	10.1272	37230
2026-08-14T13:07:00-04:00	10.4550	10.1305	50886
2026-08-14T13:08:00-04:00	10.5300	10.1329	27306
2026-08-14T13:09:00-04:00	10.5500	10.1336	7425
2026-08-14T13:10:00-04:00	10.6700	10.1361	22879
2026-08-14T13:11:00-04:00	10.7000	10.1396	27203
2026-08-14T13:12:00-04:00	10.7400	10.1504	82815
2026-08-14T13:13:00-04:00	10.7800	10.1532	21288
2026-08-14T13:14:00-04:00	10.7600	10.1559	20780
2026-08-14T13:15:00-04:00	10.8150	10.1578	12934
2026-08-14T13:16:00-04:00	10.8500	10.1604	18541
2026-08-14T13:17:00-04:00	10.7700	10.1743	102729
2026-08-14T13:18:00-04:00	10.7600	10.1755	9317
2026-08-14T13:19:00-04:00	10.8700	10.1778	16356
2026-08-14T13:20:00-04:00	10.9300	10.1942	108550
2026-08-14T13:21:00-04:00	10.8950	10.1960	12021
2026-08-14T13:22:00-04:00	10.8950	10.1968	5828
2026-08-14T13:23:00-04:00	10.9250	10.1977	5749
2026-08-14T13:24:00-04:00	10.9300	10.1981	2663
2026-08-14T13:25:00-04:00	10.9400	10.1994	8484
2026-08-14T13:26:00-04:00	10.9400	10.2043	33473
2026-08-14T13:27:00-04:00	10.9300	10.2049	3807
2026-08-14T13:28:00-04:00	10.9200	10.2061	8594
2026-08-14T13:29:00-04:00	10.9750	10.2069	4913
2026-08-14T13:30:00-04:00	10.8900	10.2100	21587
2026-08-14T13:31:00-04:00	10.9099	10.2110	7182
2026-08-14T13:32:00-04:00	11.0750	10.2163	32633
2026-08-14T13:33:00-04:00	11.0800	10.2186	13174
2026-08-14T13:34:00-04:00	11.1350	10.2223	21646
2026-08-14T13:35:00-04:00	11.0935	10.2230	3861
2026-08-14T13:36:00-04:00	11.1400	10.2249	10570
2026-08-14T13:37:00-04:00	11.0900	10.2306	32525
2026-08-14T13:38:00-04:00	11.0001	10.2312	4312
2026-08-14T13:39:00-04:00	11.0700	10.2331	11478
2026-08-14T13:40:00-04:00	11.0600	10.2342	6660
2026-08-14T13:41:00-04:00	11.0678	10.2350	5139
2026-08-14T13:42:00-04:00	11.0500	10.2354	2592
2026-08-14T13:43:00-04:00	10.9700	10.2364	6913
2026-08-14T13:44:00-04:00	11.0100	10.2374	6437
2026-08-14T13:45:00-04:00	11.0300	10.2377	1872
2026-08-14T13:46:00-04:00	11.0200	10.2382	3221
2026-08-14T13:47:00-04:00	11.0001	10.2385	2565
2026-08-14T13:48:00-04:00	10.9800	10.2399	9457
2026-08-14T13:49:00-04:00	10.9000	10.2433	26579
2026-08-14T13:50:00-04:00	10.9100	10.2443	7729
2026-08-14T13:51:00-04:00	10.9300	10.2458	11180
2026-08-14T13:52:00-04:00	10.9390	10.2479	15930
2026-08-14T13:53:00-04:00	10.9200	10.2491	9442
2026-08-14T13:54:00-04:00	10.9500	10.2504	9502
2026-08-14T13:55:00-04:00	10.9600	10.2511	5854
2026-08-14T13:56:00-04:00	10.9900	10.2524	8866
2026-08-14T13:57:00-04:00	10.9900	10.2527	2226
2026-08-14T13:58:00-04:00	11.0200	10.2537	6804
2026-08-14T13:59:00-04:00	10.9800	10.2548	7675
2026-08-14T14:00:00-04:00	11.0100	10.2552	2837
2026-08-14T14:01:00-04:00	11.0050	10.2557	3960
2026-08-14T14:02:00-04:00	11.0700	10.2563	3632
2026-08-14T14:03:00-04:00	11.0350	10.2570	5127
2026-08-14T14:04:00-04:00	11.0242	10.2573	1558
2026-08-14T14:05:00-04:00	11.0150	10.2579	4135
2026-08-14T14:06:00-04:00	11.0184	10.2582	2545
2026-08-14T14:07:00-04:00	11.0100	10.2587	3314
2026-08-14T14:08:00-04:00	11.0200	10.2596	6461
2026-08-14T14:09:00-04:00	11.0050	10.2599	2006
2026-08-14T14:10:00-04:00	10.9700	10.2606	5513
2026-08-14T14:11:00-04:00	10.9799	10.2609	1732
2026-08-14T14:12:00-04:00	10.9156	10.2628	15212
2026-08-14T14:13:00-04:00	10.9150	10.2633	4611
2026-08-14T14:14:00-04:00	10.9500	10.2639	4097
2026-08-14T14:15:00-04:00	10.9800	10.2640	1201
2026-08-14T14:16:00-04:00	10.9600	10.2644	3038
2026-08-14T14:17:00-04:00	10.9450	10.2649	3959
2026-08-14T14:18:00-04:00	10.9350	10.2652	1894
2026-08-14T14:19:00-04:00	10.9700	10.2659	5583
2026-08-14T14:20:00-04:00	10.8800	10.2663	3847
2026-08-14T14:21:00-04:00	10.9000	10.2668	3695
2026-08-14T14:22:00-04:00	10.9700	10.2675	5464
2026-08-14T14:23:00-04:00	10.9800	10.2691	12592
2026-08-14T14:24:00-04:00	10.9750	10.2694	1720
2026-08-14T14:25:00-04:00	10.9750	10.2696	1561
2026-08-14T14:26:00-04:00	10.9750	10.2698	1403
2026-08-14T14:27:00-04:00	10.9700	10.2701	2790
2026-08-14T14:28:00-04:00	10.9600	10.2707	4191
2026-08-14T14:29:00-04:00	10.9550	10.2709	2257
2026-08-14T14:30:00-04:00	10.9600	10.2714	3361
2026-08-14T14:31:00-04:00	10.9650	10.2715	894
2026-08-14T14:32:00-04:00	10.9700	10.2717	1874
2026-08-14T14:33:00-04:00	10.9885	10.2724	5282
2026-08-14T14:34:00-04:00	10.9600	10.2728	3101
2026-08-14T14:35:00-04:00	10.9450	10.2735	5802
2026-08-14T14:36:00-04:00	10.9450	10.2737	1194
2026-08-14T14:37:00-04:00	10.9050	10.2742	4738
2026-08-14T14:38:00-04:00	10.9075	10.2744	1484
2026-08-14T14:39:00-04:00	10.9150	10.2745	1066
2026-08-14T14:40:00-04:00	10.9300	10.2749	3224
2026-08-14T14:41:00-04:00	10.9500	10.2752	1886
2026-08-14T14:42:00-04:00	10.9700	10.2756	3877
2026-08-14T14:43:00-04:00	10.9300	10.2763	5224
2026-08-14T14:44:00-04:00	10.9300	10.2766	2745
2026-08-14T14:45:00-04:00	10.9400	10.2768	1254
2026-08-14T14:46:00-04:00	10.9850	10.2772	3361
2026-08-14T14:47:00-04:00	10.9600	10.2779	5182
2026-08-14T14:48:00-04:00	11.0300	10.2823	33827
2026-08-14T14:49:00-04:00	11.0472	10.2830	4812
2026-08-14T14:50:00-04:00	11.1500	10.2838	5410
2026-08-14T14:51:00-04:00	11.1550	10.2845	4324
2026-08-14T14:52:00-04:00	11.1850	10.2876	19361
2026-08-14T14:53:00-04:00	11.1700	10.2881	3121
2026-08-14T14:54:00-04:00	11.1609	10.2891	6709
2026-08-14T14:55:00-04:00	11.1300	10.2898	4432
2026-08-14T14:56:00-04:00	11.1300	10.2920	14789
2026-08-14T14:57:00-04:00	11.0800	10.2935	10023
2026-08-14T14:58:00-04:00	11.1150	10.2942	5159
2026-08-14T14:59:00-04:00	11.0900	10.2946	2342
2026-08-14T15:00:00-04:00	11.1300	10.2970	16227
2026-08-14T15:01:00-04:00	11.1100	10.2977	4523
2026-08-14T15:02:00-04:00	11.1300	10.2979	1704
2026-08-14T15:03:00-04:00	11.0200	10.2998	13916
2026-08-14T15:04:00-04:00	11.0150	10.3003	3774
2026-08-14T15:05:00-04:00	10.9900	10.3007	3259
2026-08-14T15:06:00-04:00	10.9800	10.3012	4588
2026-08-14T15:07:00-04:00	10.9600	10.3017	3919
2026-08-14T15:08:00-04:00	10.9600	10.3018	911
2026-08-14T15:09:00-04:00	10.9400	10.3024	5339
2026-08-14T15:10:00-04:00	10.9800	10.3027	2356
2026-08-14T15:11:00-04:00	11.0000	10.3030	2860
2026-08-14T15:12:00-04:00	11.0200	10.3035	3635
2026-08-14T15:13:00-04:00	11.0100	10.3044	7396
2026-08-14T15:14:00-04:00	10.9830	10.3056	9965
2026-08-14T15:15:00-04:00	11.0368	10.3066	7871
2026-08-14T15:16:00-04:00	11.0100	10.3071	4165
2026-08-14T15:17:00-04:00	11.0300	10.3074	2511
2026-08-14T15:18:00-04:00	11.0150	10.3079	3260
2026-08-14T15:19:00-04:00	10.9850	10.3085	5363
2026-08-14T15:20:00-04:00	10.9523	10.3096	9340
2026-08-14T15:21:00-04:00	10.9700	10.3101	4328
2026-08-14T15:22:00-04:00	10.9650	10.3103	2066
2026-08-14T15:23:00-04:00	10.9881	10.3106	2516
2026-08-14T15:24:00-04:00	11.0300	10.3112	4954
2026-08-14T15:25:00-04:00	11.0700	10.3119	4893
2026-08-14T15:26:00-04:00	11.0500	10.3123	3714
2026-08-14T15:27:00-04:00	11.0300	10.3131	6425
2026-08-14T15:28:00-04:00	11.0400	10.3137	4203
2026-08-14T15:29:00-04:00	11.0300	10.3146	7565
2026-08-14T15:30:00-04:00	11.0800	10.3170	18667
2026-08-14T15:31:00-04:00	11.0600	10.3180	7749
2026-08-14T15:32:00-04:00	11.0500	10.3193	9901
2026-08-14T15:33:00-04:00	11.1000	10.3211	14185
2026-08-14T15:34:00-04:00	11.0700	10.3253	32877
2026-08-14T15:35:00-04:00	11.1100	10.3275	16573
2026-08-14T15:36:00-04:00	11.1400	10.3282	4873
2026-08-14T15:37:00-04:00	11.1800	10.3315	23387
2026-08-14T15:38:00-04:00	11.1350	10.3334	13517
2026-08-14T15:39:00-04:00	11.1400	10.3339	4087
2026-08-14T15:40:00-04:00	11.1350	10.3361	15598
2026-08-14T15:41:00-04:00	11.1515	10.3371	7805
2026-08-14T15:42:00-04:00	11.1900	10.3389	12373
2026-08-14T15:43:00-04:00	11.1450	10.3405	11629
2026-08-14T15:44:00-04:00	11.1800	10.3410	3286
2026-08-14T15:45:00-04:00	11.1950	10.3429	13325
2026-08-14T15:46:00-04:00	11.1950	10.3441	8738
2026-08-14T15:47:00-04:00	11.1900	10.3462	14736
2026-08-14T15:48:00-04:00	11.2385	10.3487	17163
2026-08-14T15:49:00-04:00	11.1650	10.3507	14308
2026-08-14T15:50:00-04:00	11.1200	10.3545	28881
2026-08-14T15:51:00-04:00	11.1500	10.3569	18699
2026-08-14T15:52:00-04:00	11.1700	10.3584	11875
2026-08-14T15:53:00-04:00	11.1400	10.3604	15112
2026-08-14T15:54:00-04:00	11.1000	10.3634	24213
2026-08-14T15:55:00-04:00	10.9900	10.3680	42369
2026-08-14T15:56:00-04:00	10.9800	10.3746	66281
2026-08-14T15:57:00-04:00	10.9200	10.3806	67798
2026-08-14T15:58:00-04:00	10.9150	10.3858	60753
2026-08-14T15:59:00-04:00	10.9250	10.3925	81175
2026-08-17T09:30:00-04:00	10.6650	10.5710	296987
2026-08-17T09:31:00-04:00	10.5850	10.5685	48244
2026-08-17T09:32:00-04:00	11.1758	10.6166	44264
2026-08-17T09:33:00-04:00	11.5700	10.7192	54380
2026-08-17T09:34:00-04:00	11.6300	10.8589	84099
2026-08-17T09:35:00-04:00	11.5890	10.8890	22315
2026-08-17T09:36:00-04:00	11.4500	10.9061	16844
2026-08-17T09:37:00-04:00	11.3250	10.9214	19626
2026-08-17T09:38:00-04:00	11.3675	10.9382	23315
2026-08-17T09:39:00-04:00	11.4800	10.9474	11315
2026-08-17T09:40:00-04:00	11.3500	10.9515	5951
2026-08-17T09:41:00-04:00	11.2800	10.9567	9352
2026-08-17T09:42:00-04:00	11.3500	10.9591	3897
2026-08-17T09:43:00-04:00	11.3200	10.9606	2529
2026-08-17T09:44:00-04:00	11.4200	10.9707	15346
2026-08-17T09:45:00-04:00	11.3800	10.9739	5428
2026-08-17T09:46:00-04:00	11.3550	10.9844	18078
2026-08-17T09:47:00-04:00	11.3600	10.9921	13731
2026-08-17T09:48:00-04:00	11.4650	10.9975	8672
2026-08-17T09:49:00-04:00	11.3600	11.0000	4576
2026-08-17T09:50:00-04:00	11.3850	11.0020	3486
2026-08-17T09:51:00-04:00	11.3100	11.0065	9727
2026-08-17T09:52:00-04:00	11.3350	11.0080	3279
2026-08-17T09:53:00-04:00	11.3800	11.0130	10577
2026-08-17T09:54:00-04:00	11.3750	11.0168	7888
2026-08-17T09:55:00-04:00	11.3300	11.0183	3488
2026-08-17T09:56:00-04:00	11.3900	11.0195	2530
2026-08-17T09:57:00-04:00	11.3650	11.0220	5454
2026-08-17T09:58:00-04:00	11.4150	11.0252	6857
2026-08-17T09:59:00-04:00	11.3737	11.0265	2585
2026-08-17T10:00:00-04:00	11.3537	11.0282	3990
2026-08-17T10:01:00-04:00	11.2049	11.0303	6894
2026-08-17T10:02:00-04:00	11.2400	11.0306	1251
2026-08-17T10:03:00-04:00	11.2300	11.0331	11883
2026-08-17T10:04:00-04:00	11.2500	11.0352	8060
2026-08-17T10:05:00-04:00	11.2700	11.0406	18375
2026-08-17T10:06:00-04:00	11.2700	11.0438	12126
2026-08-17T10:07:00-04:00	11.2650	11.0451	4943
2026-08-17T10:08:00-04:00	11.3200	11.0467	5195
2026-08-17T10:09:00-04:00	11.4000	11.0480	3385
2026-08-17T10:10:00-04:00	11.5350	11.0544	12165
2026-08-17T10:11:00-04:00	11.5025	11.0593	9369
2026-08-17T10:12:00-04:00	11.4500	11.0616	4996
2026-08-17T10:13:00-04:00	11.3950	11.0683	16816
2026-08-17T10:14:00-04:00	11.3700	11.0702	5413
2026-08-17T10:15:00-04:00	11.2850	11.0736	12648
2026-08-17T10:16:00-04:00	11.3800	11.0770	12186
2026-08-17T10:17:00-04:00	11.5000	11.0833	15240
2026-08-17T10:18:00-04:00	11.5150	11.0858	5113
2026-08-17T10:19:00-04:00	11.4400	11.0879	5395
2026-08-17T10:20:00-04:00	11.3900	11.0885	1849
2026-08-17T10:21:00-04:00	11.4700	11.0901	3951
2026-08-17T10:22:00-04:00	11.4100	11.0908	1941
2026-08-17T10:23:00-04:00	11.4000	11.0924	5457
2026-08-17T10:24:00-04:00	11.3800	11.0938	4444
2026-08-17T10:25:00-04:00	11.4250	11.0974	10414
2026-08-17T10:26:00-04:00	11.4750	11.1000	6962
2026-08-17T10:27:00-04:00	11.4800	11.1008	1890
2026-08-17T10:28:00-04:00	11.4571	11.1011	882
2026-08-17T10:29:00-04:00	11.4750	11.1013	500
2026-08-17T10:30:00-04:00	11.5200	11.1057	11140
2026-08-17T10:31:00-04:00	11.5400	11.1066	1914
2026-08-17T10:32:00-04:00	11.4600	11.1098	8675
2026-08-17T10:33:00-04:00	11.3550	11.1125	10359
2026-08-17T10:34:00-04:00	11.2050	11.1135	8045
2026-08-17T10:35:00-04:00	11.2399	11.1145	9628
2026-08-17T10:36:00-04:00	11.1900	11.1149	4452
2026-08-17T10:37:00-04:00	11.2000	11.1150	1232
2026-08-17T10:38:00-04:00	11.1400	11.1153	7798
2026-08-17T10:39:00-04:00	11.1650	11.1153	1385
2026-08-17T10:40:00-04:00	11.1000	11.1154	8323
2026-08-17T10:41:00-04:00	11.0600	11.1150	10823
2026-08-17T10:42:00-04:00	11.0514	11.1146	6792
2026-08-17T10:43:00-04:00	11.0350	11.1129	27760
2026-08-17T10:44:00-04:00	11.0000	11.1127	2755
2026-08-17T10:45:00-04:00	11.0300	11.1126	1118
2026-08-17T10:46:00-04:00	10.9600	11.1122	3193
2026-08-17T10:47:00-04:00	10.9700	11.1118	3147
2026-08-17T10:48:00-04:00	10.9600	11.1109	6190
2026-08-17T10:49:00-04:00	10.9600	11.1107	1551
2026-08-17T10:50:00-04:00	10.9600	11.1090	12912
2026-08-17T10:51:00-04:00	11.0500	11.1065	32902
2026-08-17T10:52:00-04:00	11.1350	11.1071	36680
2026-08-17T10:53:00-04:00	11.1250	11.1076	20197
2026-08-17T10:54:00-04:00	11.1188	11.1076	2205
2026-08-17T10:55:00-04:00	11.1120	11.1082	25190
2026-08-17T10:56:00-04:00	11.0800	11.1082	3006
2026-08-17T10:57:00-04:00	11.0650	11.1080	3136
2026-08-17T10:58:00-04:00	11.0550	11.1078	4919
2026-08-17T10:59:00-04:00	11.0500	11.1078	1502
2026-08-17T11:00:00-04:00	11.0500	11.1077	2372
2026-08-17T11:01:00-04:00	11.1200	11.1074	21073
2026-08-17T11:02:00-04:00	11.2650	11.1093	20265
2026-08-17T11:03:00-04:00	11.2300	11.1153	57529
2026-08-17T11:04:00-04:00	11.1800	11.1158	7593
2026-08-17T11:05:00-04:00	11.2100	11.1163	8915
2026-08-17T11:06:00-04:00	11.2150	11.1166	5255
2026-08-17T11:07:00-04:00	11.2150	11.1168	2438
2026-08-17T11:08:00-04:00	11.2400	11.1173	6506
2026-08-17T11:09:00-04:00	11.3150	11.1429	153167
2026-08-17T11:10:00-04:00	11.4200	11.1435	3900
2026-08-17T11:11:00-04:00	11.5000	11.1448	5945
2026-08-17T11:12:00-04:00	11.4400	11.1475	13860
2026-08-17T11:13:00-04:00	11.4600	11.1502	13835
2026-08-17T11:14:00-04:00	11.3900	11.1507	2782
2026-08-17T11:15:00-04:00	11.3900	11.1511	2700
2026-08-17T11:16:00-04:00	11.3900	11.1520	6056
2026-08-17T11:17:00-04:00	11.2900	11.1548	26955
2026-08-17T11:18:00-04:00	11.3200	11.1568	20141
2026-08-17T11:19:00-04:00	11.4000	11.1573	3311
2026-08-17T11:20:00-04:00	11.3750	11.1575	1483
2026-08-17T11:21:00-04:00	11.3450	11.1578	2482
2026-08-17T11:22:00-04:00	11.3600	11.1583	4315
2026-08-17T11:23:00-04:00	11.5300	11.1678	53283
2026-08-17T11:24:00-04:00	11.5100	11.1701	11670
2026-08-17T11:25:00-04:00	11.5350	11.1709	3922
2026-08-17T11:26:00-04:00	11.5000	11.1721	6258
2026-08-17T11:27:00-04:00	11.4500	11.1768	28365
2026-08-17T11:28:00-04:00	11.4350	11.1770	1501
2026-08-17T11:29:00-04:00	11.4200	11.1777	5009
2026-08-17T11:30:00-04:00	11.4300	11.1785	4857
2026-08-17T11:31:00-04:00	11.4100	11.1805	16438
2026-08-17T11:32:00-04:00	11.4000	11.1818	10333
2026-08-17T11:33:00-04:00	11.3750	11.1822	3219
2026-08-17T11:34:00-04:00	11.3900	11.1828	5831
2026-08-17T11:35:00-04:00	11.3600	11.1833	4383
2026-08-17T11:36:00-04:00	11.3100	11.1837	5813
2026-08-17T11:37:00-04:00	11.3300	11.1841	5547
2026-08-17T11:38:00-04:00	11.3300	11.1842	1069
2026-08-17T11:39:00-04:00	11.3249	11.1843	849
2026-08-17T11:40:00-04:00	11.4000	11.1851	7714
2026-08-17T11:41:00-04:00	11.4500	11.1854	1726
2026-08-17T11:42:00-04:00	11.5950	11.1890	17774
2026-08-17T11:43:00-04:00	11.6352	11.1903	5718
2026-08-17T11:44:00-04:00	11.5847	11.1917	6531
2026-08-17T11:45:00-04:00	11.5950	11.1923	2551
2026-08-17T11:46:00-04:00	11.5950	11.1946	10901
2026-08-17T11:47:00-04:00	11.5750	11.1951	2431
2026-08-17T11:48:00-04:00	11.5700	11.1958	3654
2026-08-17T11:49:00-04:00	11.5300	11.1968	5213
2026-08-17T11:50:00-04:00	11.5000	11.1970	1050
2026-08-17T11:51:00-04:00	11.5400	11.1973	1608
2026-08-17T11:52:00-04:00	11.5400	11.1977	2254
2026-08-17T11:53:00-04:00	11.5800	11.2003	13236
2026-08-17T11:54:00-04:00	11.6250	11.2044	19188
2026-08-17T11:55:00-04:00	11.5950	11.2069	12282
2026-08-17T11:56:00-04:00	11.6050	11.2078	4528
2026-08-17T11:57:00-04:00	11.5800	11.2086	3997
2026-08-17T11:58:00-04:00	11.5700	11.2103	9073
2026-08-17T11:59:00-04:00	11.5600	11.2108	2657
2026-08-17T12:00:00-04:00	11.4950	11.2113	3150
2026-08-17T12:01:00-04:00	11.4500	11.2114	1138
2026-08-17T12:02:00-04:00	11.4050	11.2122	8257
2026-08-17T12:03:00-04:00	11.4050	11.2131	8650
2026-08-17T12:04:00-04:00	11.3900	11.2134	2457
2026-08-17T12:05:00-04:00	11.4050	11.2135	1430
2026-08-17T12:06:00-04:00	11.3850	11.2137	1914
2026-08-17T12:07:00-04:00	11.3050	11.2164	43074
2026-08-17T12:08:00-04:00	11.3541	11.2167	4334
2026-08-17T12:09:00-04:00	11.3160	11.2167	623
2026-08-17T12:10:00-04:00	11.3600	11.2169	2643
2026-08-17T12:11:00-04:00	11.3600	11.2172	4612
2026-08-17T12:12:00-04:00	11.4000	11.2199	35724
2026-08-17T12:13:00-04:00	11.3900	11.2203	4469
2026-08-17T12:14:00-04:00	11.3900	11.2204	905
2026-08-17T12:15:00-04:00	11.4200	11.2209	5842
2026-08-17T12:16:00-04:00	11.3800	11.2214	5851
2026-08-17T12:17:00-04:00	11.4050	11.2218	4337
2026-08-17T12:18:00-04:00	11.4050	11.2224	6773
2026-08-17T12:19:00-04:00	11.3850	11.2233	10383
2026-08-17T12:20:00-04:00	11.3600	11.2234	2455
2026-08-17T12:21:00-04:00	11.3600	11.2235	1125
2026-08-17T12:22:00-04:00	11.3600	11.2253	30125
2026-08-17T12:23:00-04:00	11.2300	11.2256	13145
2026-08-17T12:24:00-04:00	11.2100	11.2256	3556
2026-08-17T12:25:00-04:00	11.2700	11.2257	10238
2026-08-17T12:26:00-04:00	11.2600	11.2257	1724
2026-08-17T12:27:00-04:00	11.2600	11.2257	1414
2026-08-17T12:28:00-04:00	11.2500	11.2258	1925
2026-08-17T12:29:00-04:00	11.2500	11.2258	625
2026-08-17T12:30:00-04:00	11.2559	11.2259	5589
2026-08-17T12:31:00-04:00	11.2700	11.2259	836
2026-08-17T12:32:00-04:00	11.3150	11.2272	30411
2026-08-17T12:33:00-04:00	11.3150	11.2273	3058
2026-08-17T12:34:00-04:00	11.3150	11.2275	4936
2026-08-17T12:35:00-04:00	11.3200	11.2277	3927
2026-08-17T12:36:00-04:00	11.3300	11.2277	1455
2026-08-17T12:38:00-04:00	11.3400	11.2278	1905
2026-08-17T12:39:00-04:00	11.3200	11.2278	275
2026-08-17T12:40:00-04:00	11.3350	11.2279	1962
2026-08-17T12:41:00-04:00	11.3150	11.2280	2407
2026-08-17T12:42:00-04:00	11.3150	11.2281	756
2026-08-17T12:43:00-04:00	11.2400	11.2282	14720
2026-08-17T12:44:00-04:00	11.1700	11.2282	2399
2026-08-17T12:45:00-04:00	11.1650	11.2280	5987
2026-08-17T12:46:00-04:00	11.1600	11.2279	4651
2026-08-17T12:47:00-04:00	11.1600	11.2278	1075
2026-08-17T12:48:00-04:00	11.1900	11.2278	2659
2026-08-17T12:49:00-04:00	11.1450	11.2277	2708
2026-08-17T12:50:00-04:00	11.1000	11.2265	26969
2026-08-17T12:51:00-04:00	11.0874	11.2263	2177
