timestamp_et	close	running_vwap	volume
2026-08-18T09:30:00-04:00	9.8250	10.0283	183368
2026-08-18T09:31:00-04:00	9.6500	9.8581	133963
2026-08-18T09:32:00-04:00	9.8700	9.8536	70370
2026-08-18T09:33:00-04:00	9.8450	9.8550	23884
2026-08-18T09:34:00-04:00	9.9300	9.8578	17855
2026-08-18T09:35:00-04:00	9.8707	9.8592	13964
2026-08-18T09:36:00-04:00	9.8250	9.8588	20155
2026-08-18T09:37:00-04:00	9.8639	9.8592	15449
2026-08-18T09:38:00-04:00	9.9100	9.8601	11348
2026-08-18T09:39:00-04:00	9.8600	9.8608	9448
2026-08-18T09:40:00-04:00	9.9011	9.8617	11922
2026-08-18T09:41:00-04:00	9.8800	9.8628	19430
2026-08-18T09:42:00-04:00	9.8000	9.8610	31460
2026-08-18T09:43:00-04:00	9.7550	9.8578	22532
2026-08-18T09:44:00-04:00	9.5900	9.7914	248355
2026-08-18T09:45:00-04:00	9.6264	9.7834	34760
2026-08-18T09:46:00-04:00	9.6000	9.7760	35301
2026-08-18T09:47:00-04:00	9.6000	9.7726	19113
2026-08-18T09:48:00-04:00	9.5000	9.7643	32346
2026-08-18T09:49:00-04:00	9.4750	9.7452	67777
2026-08-18T09:50:00-04:00	9.5200	9.7415	16367
2026-08-18T09:51:00-04:00	9.4911	9.7381	14315
2026-08-18T09:52:00-04:00	9.5200	9.7231	78247
2026-08-18T09:53:00-04:00	9.5300	9.7211	11103
2026-08-18T09:54:00-04:00	9.5100	9.7186	13376
2026-08-18T09:55:00-04:00	9.5050	9.7168	10673
2026-08-18T09:56:00-04:00	9.5300	9.7112	32267
2026-08-18T09:57:00-04:00	9.5200	9.7090	14141
2026-08-18T09:58:00-04:00	9.4950	9.7042	30017
2026-08-18T09:59:00-04:00	9.5700	9.6976	58818
2026-08-18T10:00:00-04:00	9.6400	9.6949	48343
2026-08-18T10:01:00-04:00	9.5559	9.6935	19115
2026-08-18T10:02:00-04:00	9.6500	9.6926	16930
2026-08-18T10:03:00-04:00	9.7100	9.6925	18040
2026-08-18T10:04:00-04:00	9.7500	9.6930	13931
2026-08-18T10:05:00-04:00	9.7850	9.6937	12146
2026-08-18T10:06:00-04:00	9.7000	9.6942	27619
2026-08-18T10:07:00-04:00	9.7600	9.6947	13937
2026-08-18T10:08:00-04:00	9.7650	9.6950	7114
2026-08-18T10:09:00-04:00	9.7400	9.6952	7848
2026-08-18T10:10:00-04:00	9.7650	9.6956	10637
2026-08-18T10:11:00-04:00	9.7500	9.6962	15515
2026-08-18T10:12:00-04:00	9.7700	9.6970	16931
2026-08-18T10:13:00-04:00	9.7600	9.6975	12049
2026-08-18T10:14:00-04:00	9.8000	9.6982	13139
2026-08-18T10:15:00-04:00	9.8361	9.6992	12499
2026-08-18T10:16:00-04:00	9.8050	9.7007	19046
2026-08-18T10:17:00-04:00	9.8100	9.7010	4175
2026-08-18T10:18:00-04:00	9.8326	9.7014	5915
2026-08-18T10:19:00-04:00	9.8200	9.7018	5091
2026-08-18T10:20:00-04:00	9.8350	9.7022	4298
2026-08-18T10:21:00-04:00	9.8000	9.7030	12087
2026-08-18T10:22:00-04:00	9.7900	9.7033	5637
2026-08-18T10:23:00-04:00	9.8200	9.7043	15884
2026-08-18T10:24:00-04:00	9.8201	9.7047	4450
2026-08-18T10:25:00-04:00	9.8500	9.7051	5507
2026-08-18T10:26:00-04:00	9.8600	9.7059	8956
2026-08-18T10:27:00-04:00	9.8700	9.7074	15986
2026-08-18T10:28:00-04:00	9.9050	9.7081	5833
2026-08-18T10:29:00-04:00	9.8778	9.7093	11535
2026-08-18T10:30:00-04:00	9.9300	9.7111	14715
2026-08-18T10:31:00-04:00	9.9300	9.7123	9051
2026-08-18T10:32:00-04:00	9.9100	9.7139	13846
2026-08-18T10:33:00-04:00	9.9100	9.7149	8830
2026-08-18T10:34:00-04:00	9.9300	9.7154	4931
2026-08-18T10:35:00-04:00	9.9550	9.7160	3929
2026-08-18T10:36:00-04:00	9.8881	9.7175	14680
2026-08-18T10:37:00-04:00	9.8700	9.7188	15047
2026-08-18T10:38:00-04:00	9.8800	9.7194	6812
2026-08-18T10:39:00-04:00	9.8700	9.7200	7553
2026-08-18T10:40:00-04:00	9.8600	9.7201	893
2026-08-18T10:41:00-04:00	9.8550	9.7210	12452
2026-08-18T10:42:00-04:00	9.8250	9.7224	21931
2026-08-18T10:43:00-04:00	9.8150	9.7225	1886
2026-08-18T10:44:00-04:00	9.8000	9.7229	10442
2026-08-18T10:45:00-04:00	9.8350	9.7237	14991
2026-08-18T10:46:00-04:00	9.8300	9.7246	15782
2026-08-18T10:47:00-04:00	9.8300	9.7250	7445
2026-08-18T10:48:00-04:00	9.7800	9.7255	12433
2026-08-18T10:49:00-04:00	9.7900	9.7260	15706
2026-08-18T10:50:00-04:00	9.7950	9.7262	4241
2026-08-18T10:51:00-04:00	9.8000	9.7264	6742
2026-08-18T10:52:00-04:00	9.7950	9.7266	5038
2026-08-18T10:53:00-04:00	9.7800	9.7269	8458
2026-08-18T10:54:00-04:00	9.7850	9.7270	4865
2026-08-18T10:55:00-04:00	9.7850	9.7271	4384
2026-08-18T10:56:00-04:00	9.8100	9.7274	6147
2026-08-18T10:57:00-04:00	9.8500	9.7276	3156
2026-08-18T10:58:00-04:00	9.8550	9.7284	12353
2026-08-18T10:59:00-04:00	9.8500	9.7291	12311
2026-08-18T11:00:00-04:00	9.8450	9.7294	5091
2026-08-18T11:01:00-04:00	9.8700	9.7300	10025
2026-08-18T11:02:00-04:00	9.8750	9.7301	1386
2026-08-18T11:03:00-04:00	9.9000	9.7307	6927
2026-08-18T11:04:00-04:00	9.9150	9.7313	6469
2026-08-18T11:05:00-04:00	9.9500	9.7322	8458
2026-08-18T11:06:00-04:00	9.9800	9.7334	10330
2026-08-18T11:07:00-04:00	9.9961	9.7341	5082
2026-08-18T11:08:00-04:00	10.0500	9.7393	36849
2026-08-18T11:09:00-04:00	10.1000	9.7405	6827
2026-08-18T11:10:00-04:00	10.1100	9.7420	8624
2026-08-18T11:11:00-04:00	10.1401	9.7434	7227
2026-08-18T11:12:00-04:00	10.1800	9.7464	15218
2026-08-18T11:13:00-04:00	10.3250	9.7523	23594
2026-08-18T11:14:00-04:00	10.2800	9.7889	156021
2026-08-18T11:15:00-04:00	10.2300	9.7944	27759
2026-08-18T11:16:00-04:00	10.2561	9.7959	7475
2026-08-18T11:17:00-04:00	10.1400	9.7964	3333
2026-08-18T11:18:00-04:00	10.1300	9.7972	5579
2026-08-18T11:19:00-04:00	10.1250	9.7984	8758
2026-08-18T11:20:00-04:00	10.1001	9.7998	10723
2026-08-18T11:21:00-04:00	10.1100	9.8003	3578
2026-08-18T11:22:00-04:00	10.1100	9.8015	9533
2026-08-18T11:23:00-04:00	10.1250	9.8023	5676
2026-08-18T11:24:00-04:00	10.2000	9.8046	14664
2026-08-18T11:25:00-04:00	10.2500	9.8052	3366
2026-08-18T11:26:00-04:00	10.3100	9.8069	8178
2026-08-18T11:27:00-04:00	10.3450	9.8085	7475
2026-08-18T11:28:00-04:00	10.3250	9.8136	23400
2026-08-18T11:29:00-04:00	10.2600	9.8179	22406
2026-08-18T11:30:00-04:00	10.1850	9.8186	4626
2026-08-18T11:31:00-04:00	10.2100	9.8204	11589
2026-08-18T11:32:00-04:00	10.2400	9.8217	7710
2026-08-18T11:33:00-04:00	10.2300	9.8223	4036
2026-08-18T11:34:00-04:00	10.2600	9.8235	6522
2026-08-18T11:35:00-04:00	10.2700	9.8241	3327
2026-08-18T11:36:00-04:00	10.3050	9.8257	9012
2026-08-18T11:37:00-04:00	10.3100	9.8260	1442
2026-08-18T11:38:00-04:00	10.2601	9.8267	3868
2026-08-18T11:39:00-04:00	10.2600	9.8282	8884
2026-08-18T11:40:00-04:00	10.2600	10.0345	2513799
2026-08-18T11:41:00-04:00	10.2550	10.0348	6718
2026-08-18T11:42:00-04:00	10.2550	10.0349	2922
2026-08-18T11:43:00-04:00	10.2300	10.0354	10402
2026-08-18T11:44:00-04:00	10.2100	10.0355	4609
2026-08-18T11:45:00-04:00	10.2351	10.0364	22876
2026-08-18T11:46:00-04:00	10.2350	10.0364	1854
2026-08-18T11:47:00-04:00	10.2150	10.0366	2861
2026-08-18T11:48:00-04:00	10.1950	10.0367	4749
2026-08-18T11:49:00-04:00	10.1500	10.0372	21699
2026-08-18T11:50:00-04:00	10.1400	10.0373	727
2026-08-18T11:51:00-04:00	10.1800	10.0374	5417
2026-08-18T11:52:00-04:00	10.1960	10.0378	14769
2026-08-18T11:53:00-04:00	10.1900	10.0378	406
2026-08-18T11:54:00-04:00	10.2264	10.0379	3451
2026-08-18T11:55:00-04:00	10.2500	10.0381	2772
2026-08-18T11:56:00-04:00	10.2450	10.0381	1440
2026-08-18T11:57:00-04:00	10.2300	10.0384	6918
2026-08-18T11:58:00-04:00	10.2400	10.0385	2107
2026-08-18T11:59:00-04:00	10.2100	10.0390	16485
2026-08-18T12:00:00-04:00	10.1900	10.0903	2648477
2026-08-18T12:01:00-04:00	10.1900	10.0904	4414
2026-08-18T12:02:00-04:00	10.1850	10.0904	4451
2026-08-18T12:03:00-04:00	10.1700	10.0904	1493
2026-08-18T12:04:00-04:00	10.1550	10.0904	748
2026-08-18T12:05:00-04:00	10.1800	10.0906	16214
2026-08-18T12:06:00-04:00	10.2200	10.0907	6203
2026-08-18T12:07:00-04:00	10.1900	10.0908	3943
2026-08-18T12:08:00-04:00	10.1550	10.0908	4613
2026-08-18T12:09:00-04:00	10.1350	10.0910	23750
2026-08-18T12:10:00-04:00	10.1400	10.0910	4126
2026-08-18T12:11:00-04:00	10.1350	10.0910	1448
2026-08-18T12:12:00-04:00	10.1450	10.0911	7704
2026-08-18T12:13:00-04:00	10.1600	10.0911	2716
2026-08-18T12:14:00-04:00	10.1950	10.0912	6265
2026-08-18T12:15:00-04:00	10.1950	10.0913	9946
2026-08-18T12:16:00-04:00	10.1950	10.0914	4985
2026-08-18T12:17:00-04:00	10.2400	10.0915	5733
2026-08-18T12:18:00-04:00	10.2400	10.0915	1767
2026-08-18T12:19:00-04:00	10.2800	10.0919	18159
2026-08-18T12:20:00-04:00	10.2800	10.0920	6011
2026-08-18T12:21:00-04:00	10.2881	10.0921	2169
2026-08-18T12:22:00-04:00	10.3000	10.0924	12051
2026-08-18T12:23:00-04:00	10.2450	10.0925	6289
2026-08-18T12:24:00-04:00	10.2450	10.0926	1995
2026-08-18T12:25:00-04:00	10.2700	10.0926	2417
2026-08-18T12:26:00-04:00	10.2850	10.0927	1431
2026-08-18T12:27:00-04:00	10.2900	10.0930	15055
2026-08-18T12:28:00-04:00	10.2850	10.0931	1902
2026-08-18T12:29:00-04:00	10.2800	10.0933	10324
2026-08-18T12:30:00-04:00	10.3000	10.0934	4146
2026-08-18T12:31:00-04:00	10.2900	10.0935	2977
2026-08-18T12:32:00-04:00	10.2800	10.0936	3791
2026-08-18T12:33:00-04:00	10.3050	10.0937	3217
2026-08-18T12:34:00-04:00	10.3000	10.0939	7881
2026-08-18T12:35:00-04:00	10.2750	10.0942	12639
2026-08-18T12:36:00-04:00	10.2750	10.0943	5964
2026-08-18T12:37:00-04:00	10.2750	10.0945	10540
2026-08-18T12:38:00-04:00	10.3250	10.0947	4771
2026-08-18T12:39:00-04:00	10.3200	10.0964	66691
2026-08-18T12:40:00-04:00	10.3000	10.0966	9718
2026-08-18T12:41:00-04:00	10.3150	10.0968	5219
2026-08-18T12:42:00-04:00	10.3300	10.0969	2867
2026-08-18T12:43:00-04:00	10.3100	10.0972	12232
2026-08-18T12:44:00-04:00	10.3700	10.0974	8233
2026-08-18T12:45:00-04:00	10.3700	10.0978	9310
2026-08-18T12:46:00-04:00	10.4050	10.0979	4002
2026-08-18T12:47:00-04:00	10.4100	10.0979	971
2026-08-18T12:48:00-04:00	10.4110	10.0980	1969
2026-08-18T12:49:00-04:00	10.4200	10.0982	3591
2026-08-18T12:50:00-04:00	10.4200	10.0982	1563
2026-08-18T12:51:00-04:00	10.3700	10.0985	7478
2026-08-18T12:52:00-04:00	10.3700	10.0985	1830
2026-08-18T12:53:00-04:00	10.3550	10.0989	10796
2026-08-18T12:54:00-04:00	10.3600	10.0989	1392
2026-08-18T12:55:00-04:00	10.3600	10.0990	2988
2026-08-18T12:56:00-04:00	10.3500	10.0992	6199
2026-08-18T12:57:00-04:00	10.3600	10.0994	5373
2026-08-18T12:58:00-04:00	10.3500	10.0994	1283
2026-08-18T12:59:00-04:00	10.3800	10.0996	6365
2026-08-18T13:00:00-04:00	10.3800	10.0997	3842
2026-08-18T13:01:00-04:00	10.3600	10.0998	2506
2026-08-18T13:02:00-04:00	10.3600	10.0999	933
2026-08-18T13:03:00-04:00	10.3900	10.1003	11506
2026-08-18T13:04:00-04:00	10.3350	10.1006	13085
2026-08-18T13:05:00-04:00	10.3300	10.1007	3751
2026-08-18T13:06:00-04:00	10.3137	10.1009	5729
2026-08-18T13:07:00-04:00	10.3400	10.1010	3585
2026-08-18T13:08:00-04:00	10.3300	10.1011	3822
2026-08-18T13:09:00-04:00	10.3336	10.1016	16529
2026-08-18T13:10:00-04:00	10.3600	10.1017	3619
2026-08-18T13:11:00-04:00	10.3400	10.1018	2999
2026-08-18T13:12:00-04:00	10.3500	10.1019	4363
2026-08-18T13:13:00-04:00	10.3700	10.1020	2749
2026-08-18T13:14:00-04:00	10.3701	10.1021	3489
2026-08-18T13:15:00-04:00	10.3800	10.1022	3903
2026-08-18T13:16:00-04:00	10.3550	10.1023	2053
2026-08-18T13:17:00-04:00	10.3550	10.1024	3231
2026-08-18T13:18:00-04:00	10.3300	10.1025	3682
2026-08-18T13:19:00-04:00	10.3250	10.1025	1555
2026-08-18T13:20:00-04:00	10.3150	10.1027	5292
2026-08-18T13:21:00-04:00	10.3136	10.1027	684
2026-08-18T13:22:00-04:00	10.2850	10.1029	9102
2026-08-18T13:23:00-04:00	10.2900	10.1029	1823
2026-08-18T13:24:00-04:00	10.3100	10.1031	7117
2026-08-18T13:25:00-04:00	10.3100	10.1032	2067
2026-08-18T13:26:00-04:00	10.3100	10.1032	804
2026-08-18T13:27:00-04:00	10.2950	10.1034	7072
2026-08-18T13:28:00-04:00	10.2900	10.1034	2672
2026-08-18T13:29:00-04:00	10.3000	10.1036	8951
2026-08-18T13:30:00-04:00	10.3400	10.1039	8942
2026-08-18T13:31:00-04:00	10.3400	10.1039	1232
2026-08-18T13:32:00-04:00	10.3600	10.1040	2825
2026-08-18T13:33:00-04:00	10.3500	10.1041	4358
2026-08-18T13:34:00-04:00	10.3500	10.1042	2772
2026-08-18T13:35:00-04:00	10.3300	10.1044	7425
2026-08-18T13:36:00-04:00	10.3050	10.1045	2505
2026-08-18T13:37:00-04:00	10.2901	10.1045	2453
2026-08-18T13:38:00-04:00	10.3300	10.1047	6714
2026-08-18T13:39:00-04:00	10.3200	10.1047	1376
2026-08-18T13:40:00-04:00	10.3050	10.1048	1537
2026-08-18T13:41:00-04:00	10.3050	10.1048	781
2026-08-18T13:42:00-04:00	10.3050	10.1048	923
2026-08-18T13:43:00-04:00	10.3050	10.1048	1485
2026-08-18T13:44:00-04:00	10.3200	10.1051	11955
2026-08-18T13:45:00-04:00	10.3219	10.1052	1889
2026-08-18T13:46:00-04:00	10.3200	10.1052	1181
2026-08-18T13:47:00-04:00	10.3000	10.1053	4893
2026-08-18T13:48:00-04:00	10.3000	10.1054	1142
2026-08-18T13:49:00-04:00	10.3000	10.1054	2678
2026-08-18T13:50:00-04:00	10.3000	10.1055	1830
2026-08-18T13:51:00-04:00	10.4750	10.1065	27811
2026-08-18T13:52:00-04:00	10.4300	10.1067	6121
2026-08-18T13:53:00-04:00	10.4300	10.1068	1403
2026-08-18T13:54:00-04:00	10.4700	10.1071	8063
2026-08-18T13:55:00-04:00	10.4900	10.1081	22015
2026-08-18T13:56:00-04:00	10.5300	10.1089	16538
2026-08-18T13:57:00-04:00	10.5200	10.1094	10631
2026-08-18T13:58:00-04:00	10.5400	10.1103	17931
2026-08-18T13:59:00-04:00	10.5300	10.1107	6891
2026-08-18T14:00:00-04:00	10.5450	10.1108	3315
2026-08-18T14:01:00-04:00	10.5500	10.1115	12107
2026-08-18T14:02:00-04:00	10.5700	10.1118	5498
2026-08-18T14:03:00-04:00	10.6000	10.1123	9231
2026-08-18T14:04:00-04:00	10.6100	10.1132	15257
2026-08-18T14:05:00-04:00	10.5600	10.1139	13811
2026-08-18T14:06:00-04:00	10.5350	10.1142	6836
2026-08-18T14:07:00-04:00	10.5390	10.1143	933
2026-08-18T14:08:00-04:00	10.5250	10.1147	8853
2026-08-18T14:09:00-04:00	10.5350	10.1153	12570
2026-08-18T14:10:00-04:00	10.5350	10.1155	2763
2026-08-18T14:11:00-04:00	10.5450	10.1157	4348
2026-08-18T14:12:00-04:00	10.5450	10.1157	1275
2026-08-18T14:13:00-04:00	10.5900	10.1162	9013
2026-08-18T14:14:00-04:00	10.6300	10.1166	7092
2026-08-18T14:15:00-04:00	10.6300	10.1168	2495
2026-08-18T14:16:00-04:00	10.6200	10.1172	6446
2026-08-18T14:17:00-04:00	10.6300	10.1173	2076
2026-08-18T14:18:00-04:00	10.6250	10.1174	2863
2026-08-18T14:19:00-04:00	10.6794	10.1189	23219
2026-08-18T14:20:00-04:00	10.6900	10.1196	10559
2026-08-18T14:21:00-04:00	10.6900	10.1202	10168
2026-08-18T14:22:00-04:00	10.6850	10.1203	1299
2026-08-18T14:23:00-04:00	10.6890	10.1208	6713
2026-08-18T14:24:00-04:00	10.7200	10.1212	7198
2026-08-18T14:25:00-04:00	10.6973	10.1231	27161
2026-08-18T14:26:00-04:00	10.6900	10.1234	4609
2026-08-18T14:27:00-04:00	10.7185	10.1237	5722
2026-08-18T14:28:00-04:00	10.6816	10.1244	10271
2026-08-18T14:29:00-04:00	10.7250	10.1250	9548
2026-08-18T14:30:00-04:00	10.6800	10.1257	10392
2026-08-18T14:31:00-04:00	10.6750	10.1264	10211
2026-08-18T14:32:00-04:00	10.6700	10.1271	11568
2026-08-18T14:33:00-04:00	10.6200	10.1277	11428
2026-08-18T14:34:00-04:00	10.6100	10.1279	3311
2026-08-18T14:35:00-04:00	10.6100	10.1281	3932
2026-08-18T14:36:00-04:00	10.6000	10.1283	4266
2026-08-18T14:37:00-04:00	10.5950	10.1284	552
2026-08-18T14:38:00-04:00	10.6010	10.1303	35919
2026-08-18T14:39:00-04:00	10.6350	10.1307	7774
2026-08-18T14:40:00-04:00	10.6480	10.1314	11528
2026-08-18T14:41:00-04:00	10.6300	10.1315	2252
2026-08-18T14:42:00-04:00	10.6100	10.1316	1223
2026-08-18T14:43:00-04:00	10.6000	10.1318	3862
2026-08-18T14:44:00-04:00	10.5950	10.1321	5823
2026-08-18T14:45:00-04:00	10.5850	10.1328	13694
2026-08-18T14:46:00-04:00	10.6000	10.1330	4784
2026-08-18T14:47:00-04:00	10.5950	10.1331	1750
2026-08-18T14:48:00-04:00	10.5850	10.1333	3839
2026-08-18T14:49:00-04:00	10.6201	10.1339	10786
2026-08-18T14:50:00-04:00	10.6050	10.1341	4428
2026-08-18T14:51:00-04:00	10.6200	10.1344	5284
2026-08-18T14:52:00-04:00	10.6150	10.1345	2088
2026-08-18T14:53:00-04:00	10.6200	10.1347	3658
2026-08-18T14:54:00-04:00	10.6200	10.1349	4024
2026-08-18T14:55:00-04:00	10.6250	10.1352	4776
2026-08-18T14:56:00-04:00	10.6350	10.1354	3565
2026-08-18T14:57:00-04:00	10.6350	10.1360	10052
2026-08-18T14:58:00-04:00	10.6250	10.1361	2849
2026-08-18T14:59:00-04:00	10.6150	10.1363	4374
2026-08-18T15:00:00-04:00	10.6400	10.1371	13520
2026-08-18T15:01:00-04:00	10.6500	10.1376	8168
2026-08-18T15:02:00-04:00	10.6500	10.1395	33379
2026-08-18T15:03:00-04:00	10.6300	10.1398	6128
2026-08-18T15:04:00-04:00	10.6300	10.1403	9350
2026-08-18T15:05:00-04:00	10.6600	10.1411	14207
2026-08-18T15:06:00-04:00	10.6719	10.1423	20579
2026-08-18T15:07:00-04:00	10.6900	10.1435	19435
2026-08-18T15:08:00-04:00	10.6650	10.1438	5848
2026-08-18T15:09:00-04:00	10.6650	10.1440	2992
2026-08-18T15:10:00-04:00	10.6600	10.1454	24897
2026-08-18T15:11:00-04:00	10.6400	10.1457	5342
2026-08-18T15:12:00-04:00	10.6300	10.1458	1841
2026-08-18T15:13:00-04:00	10.6250	10.1461	5123
2026-08-18T15:14:00-04:00	10.6300	10.1468	14099
2026-08-18T15:15:00-04:00	10.6150	10.1472	8543
2026-08-18T15:16:00-04:00	10.6050	10.1475	4641
2026-08-18T15:17:00-04:00	10.5950	10.1479	8369
2026-08-18T15:18:00-04:00	10.5950	10.1482	5921
2026-08-18T15:19:00-04:00	10.6000	10.1490	16485
2026-08-18T15:20:00-04:00	10.6050	10.1494	9272
2026-08-18T15:21:00-04:00	10.6050	10.1496	3101
2026-08-18T15:22:00-04:00	10.6150	10.1501	10630
2026-08-18T15:23:00-04:00	10.6150	10.1504	6281
2026-08-18T15:24:00-04:00	10.6250	10.1507	4912
2026-08-18T15:25:00-04:00	10.6800	10.1518	20475
2026-08-18T15:26:00-04:00	10.6950	10.1521	5673
2026-08-18T15:27:00-04:00	10.6950	10.1529	13523
2026-08-18T15:28:00-04:00	10.6750	10.1535	10753
2026-08-18T15:29:00-04:00	10.6850	10.1539	7104
2026-08-18T15:30:00-04:00	10.7250	10.1549	15620
2026-08-18T15:31:00-04:00	10.6950	10.1555	10409
2026-08-18T15:32:00-04:00	10.6650	10.1563	15360
2026-08-18T15:33:00-04:00	10.6750	10.1570	11397
2026-08-18T15:34:00-04:00	10.6850	10.1573	5713
2026-08-18T15:35:00-04:00	10.6650	10.1580	12636
2026-08-18T15:36:00-04:00	10.6700	10.1591	19687
2026-08-18T15:37:00-04:00	10.6700	10.1593	4654
2026-08-18T15:38:00-04:00	10.5150	10.1615	53004
2026-08-18T15:39:00-04:00	10.5297	10.1621	15011
2026-08-18T15:40:00-04:00	10.5250	10.1623	3598
2026-08-18T15:41:00-04:00	10.5000	10.1630	20810
2026-08-18T15:42:00-04:00	10.4800	10.1635	12911
2026-08-18T15:43:00-04:00	10.4850	10.1639	12016
2026-08-18T15:44:00-04:00	10.4850	10.1647	23962
2026-08-18T15:45:00-04:00	10.4850	10.1649	7853
2026-08-18T15:46:00-04:00	10.4750	10.1655	17412
2026-08-18T15:47:00-04:00	10.4450	10.1661	19837
2026-08-18T15:48:00-04:00	10.4500	10.1666	16797
2026-08-18T15:49:00-04:00	10.4350	10.1672	19401
2026-08-18T15:50:00-04:00	10.4450	10.1677	19377
2026-08-18T15:51:00-04:00	10.4750	10.1684	22730
2026-08-18T15:52:00-04:00	10.4750	10.1691	21911
2026-08-18T15:53:00-04:00	10.4650	10.1695	11883
2026-08-18T15:54:00-04:00	10.4475	10.1702	24072
2026-08-18T15:55:00-04:00	10.4550	10.1709	25504
2026-08-18T15:56:00-04:00	10.4450	10.1718	32641
2026-08-18T15:57:00-04:00	10.4250	10.1726	29379
2026-08-18T15:58:00-04:00	10.4200	10.1739	50516
2026-08-18T15:59:00-04:00	10.4250	10.1766	107799
2026-08-19T09:30:00-04:00	10.2897	10.3149	56130
2026-08-19T09:31:00-04:00	10.2850	10.2999	17457
2026-08-19T09:32:00-04:00	10.3400	10.3000	107
2026-08-19T09:33:00-04:00	10.4200	10.3017	1447
2026-08-19T09:34:00-04:00	10.1900	10.2795	32724
2026-08-19T09:35:00-04:00	10.1750	10.2371	61850
2026-08-19T09:36:00-04:00	10.0900	10.2196	31514
2026-08-19T09:37:00-04:00	10.2000	10.2121	30717
2026-08-19T09:38:00-04:00	10.1350	10.2106	6818
2026-08-19T09:39:00-04:00	10.1450	10.2099	2615
2026-08-19T09:40:00-04:00	10.1350	10.2082	5616
2026-08-19T09:41:00-04:00	10.2500	10.2048	87535
2026-08-19T09:42:00-04:00	10.2500	10.2139	77717
2026-08-19T09:43:00-04:00	10.2000	10.2105	59016
2026-08-19T09:44:00-04:00	10.1650	10.2104	1397
2026-08-19T09:45:00-04:00	10.1400	10.2098	4470
2026-08-19T09:46:00-04:00	10.0900	10.2066	15270
2026-08-19T09:47:00-04:00	10.0900	10.2062	1532
2026-08-19T09:48:00-04:00	10.0900	10.2024	15291
2026-08-19T09:49:00-04:00	10.1050	10.1983	19534
2026-08-19T09:50:00-04:00	10.1200	10.1967	10601
2026-08-19T09:51:00-04:00	10.0900	10.1905	37069
2026-08-19T09:52:00-04:00	10.0700	10.1846	28811
2026-08-19T09:53:00-04:00	10.1400	10.1836	9741
2026-08-19T09:54:00-04:00	10.1200	10.1831	3767
2026-08-19T09:55:00-04:00	10.2400	10.1832	9583
2026-08-19T09:56:00-04:00	10.2500	10.1839	10218
2026-08-19T09:57:00-04:00	10.2800	10.1844	3489
2026-08-19T09:58:00-04:00	10.2500	10.1858	9301
2026-08-19T09:59:00-04:00	10.2150	10.1859	1427
2026-08-19T10:00:00-04:00	10.1700	10.1857	8468
2026-08-19T10:01:00-04:00	10.1700	10.1856	5236
2026-08-19T10:02:00-04:00	10.1100	10.1845	11704
2026-08-19T10:03:00-04:00	10.0950	10.1829	13655
2026-08-19T10:04:00-04:00	10.0800	10.1786	30753
2026-08-19T10:05:00-04:00	10.0900	10.1738	36805
2026-08-19T10:06:00-04:00	10.0100	10.1683	28458
2026-08-19T10:07:00-04:00	10.0459	10.1656	15425
2026-08-19T10:08:00-04:00	10.1200	10.1650	7614
2026-08-19T10:09:00-04:00	10.1250	10.1647	5706
2026-08-19T10:10:00-04:00	10.1345	10.1645	12903
2026-08-19T10:11:00-04:00	10.1050	10.1636	13585
2026-08-19T10:12:00-04:00	10.1500	10.1628	20958
2026-08-19T10:13:00-04:00	10.1850	10.1630	6686
2026-08-19T10:14:00-04:00	10.1250	10.1628	4030
2026-08-19T10:15:00-04:00	10.1300	10.1627	4870
2026-08-19T10:16:00-04:00	10.2200	10.1630	9639
2026-08-19T10:17:00-04:00	10.2300	10.1638	11461
2026-08-19T10:18:00-04:00	10.2900	10.1645	5329
2026-08-19T10:19:00-04:00	10.2600	10.1648	3212
2026-08-19T10:20:00-04:00	10.2950	10.1657	6702
2026-08-19T10:21:00-04:00	10.2700	10.1665	5884
2026-08-19T10:22:00-04:00	10.2300	10.1671	7739
2026-08-19T10:23:00-04:00	10.2400	10.1673	2657
2026-08-19T10:24:00-04:00	10.2200	10.1675	3625
2026-08-19T10:25:00-04:00	10.2100	10.1676	1691
2026-08-19T10:26:00-04:00	10.2392	10.1680	5288
2026-08-19T10:27:00-04:00	10.2400	10.1683	4905
2026-08-19T10:28:00-04:00	10.2900	10.1689	4885
2026-08-19T10:29:00-04:00	10.2800	10.1691	2185
2026-08-19T10:30:00-04:00	10.2700	10.1694	3032
2026-08-19T10:31:00-04:00	10.2700	10.1702	7622
2026-08-19T10:32:00-04:00	10.2800	10.1706	2916
2026-08-19T10:33:00-04:00	10.2900	10.1720	11406
2026-08-19T10:34:00-04:00	10.2500	10.1726	6961
2026-08-19T10:35:00-04:00	10.2850	10.1728	2116
2026-08-19T10:36:00-04:00	10.3200	10.1739	7808
2026-08-19T10:37:00-04:00	10.3600	10.1753	7511
2026-08-19T10:38:00-04:00	10.4100	10.1822	31706
2026-08-19T10:39:00-04:00	10.3700	10.1828	2744
2026-08-19T10:40:00-04:00	10.3800	10.1840	6525
2026-08-19T10:41:00-04:00	10.3900	10.1849	4454
2026-08-19T10:42:00-04:00	10.3801	10.1853	2341
2026-08-19T10:43:00-04:00	10.3750	10.1857	2299
2026-08-19T10:44:00-04:00	10.3150	10.1879	15683
2026-08-19T10:45:00-04:00	10.2910	10.1883	4265
2026-08-19T10:46:00-04:00	10.2962	10.1905	23105
2026-08-19T10:47:00-04:00	10.2950	10.1906	1297
2026-08-19T10:48:00-04:00	10.2800	10.1917	12423
2026-08-19T10:49:00-04:00	10.2600	10.1918	2747
2026-08-19T10:50:00-04:00	10.2700	10.1921	3613
2026-08-19T10:51:00-04:00	10.2500	10.1924	4985
2026-08-19T10:52:00-04:00	10.2450	10.1924	584
2026-08-19T10:53:00-04:00	10.1900	10.1925	12535
2026-08-19T10:54:00-04:00	10.1850	10.1925	9827
2026-08-19T10:55:00-04:00	10.1700	10.1924	7032
2026-08-19T10:56:00-04:00	10.2150	10.1924	5991
2026-08-19T10:57:00-04:00	10.2200	10.1924	1082
2026-08-19T10:58:00-04:00	10.2100	10.1925	7116
2026-08-19T10:59:00-04:00	10.2200	10.1925	1220
2026-08-19T11:00:00-04:00	10.1950	10.1926	4332
2026-08-19T11:01:00-04:00	10.1950	10.1926	1543
2026-08-19T11:02:00-04:00	10.1800	10.1925	2390
2026-08-19T11:03:00-04:00	10.1700	10.1924	15095
2026-08-19T11:04:00-04:00	10.1500	10.1922	5959
2026-08-19T11:05:00-04:00	10.1700	10.1921	6543
2026-08-19T11:06:00-04:00	10.1900	10.1921	1455
2026-08-19T11:07:00-04:00	10.2000	10.1921	1061
2026-08-19T11:08:00-04:00	10.1850	10.1921	2020
2026-08-19T11:09:00-04:00	10.1800	10.1920	8314
2026-08-19T11:10:00-04:00	10.1800	10.1919	5003
2026-08-19T11:11:00-04:00	10.1600	10.1919	2580
2026-08-19T11:12:00-04:00	10.1800	10.1918	6084
2026-08-19T11:13:00-04:00	10.1950	10.1918	1553
2026-08-19T11:14:00-04:00	10.1850	10.1918	3672
2026-08-19T11:15:00-04:00	10.1700	10.1917	6937
2026-08-19T11:16:00-04:00	10.2000	10.1917	11349
2026-08-19T11:17:00-04:00	10.1900	10.1917	2441
2026-08-19T11:19:00-04:00	10.1810	10.1917	522
2026-08-19T11:20:00-04:00	10.1200	10.1914	8216
2026-08-19T11:21:00-04:00	10.1102	10.1523	1270449
2026-08-19T11:22:00-04:00	10.1300	10.1521	20682
2026-08-19T11:23:00-04:00	10.1300	10.1520	2292
2026-08-19T11:24:00-04:00	10.1150	10.1520	1711
2026-08-19T11:25:00-04:00	10.1050	10.1512	47073
2026-08-19T11:26:00-04:00	10.1000	10.1499	60861
2026-08-19T11:27:00-04:00	10.1100	10.1497	9139
2026-08-19T11:28:00-04:00	10.1400	10.1497	3768
2026-08-19T11:29:00-04:00	10.1400	10.1497	16620
2026-08-19T11:30:00-04:00	10.1300	10.1497	5495
2026-08-19T11:31:00-04:00	10.1350	10.1496	4563
2026-08-19T11:32:00-04:00	10.1350	10.1496	387
2026-08-19T11:33:00-04:00	10.1100	10.1495	9343
2026-08-19T11:34:00-04:00	10.1502	10.1495	14386
2026-08-19T11:35:00-04:00	10.1500	10.1503	1468425
2026-08-19T11:36:00-04:00	10.1578	10.1503	2295
2026-08-19T11:37:00-04:00	10.1450	10.1503	1833
2026-08-19T11:38:00-04:00	10.1450	10.1503	5805
2026-08-19T11:39:00-04:00	10.1450	10.1502	1286
2026-08-19T11:40:00-04:00	10.1400	10.1502	3261
2026-08-19T11:41:00-04:00	10.1450	10.1502	2966
2026-08-19T11:42:00-04:00	10.1450	10.1502	5251
2026-08-19T11:43:00-04:00	10.1400	10.1502	12049
2026-08-19T11:44:00-04:00	10.1450	10.1502	11599
2026-08-19T11:45:00-04:00	10.1450	10.1502	800
2026-08-19T11:46:00-04:00	10.1800	10.1503	18665
2026-08-19T11:47:00-04:00	10.1800	10.1503	1883
2026-08-19T11:48:00-04:00	10.2250	10.1505	15436
2026-08-19T11:49:00-04:00	10.2100	10.1506	6548
2026-08-19T11:50:00-04:00	10.2200	10.1506	3829
2026-08-19T11:51:00-04:00	10.2350	10.1507	4994
2026-08-19T11:52:00-04:00	10.2099	10.1508	6697
2026-08-19T11:53:00-04:00	10.1650	10.1509	3975
2026-08-19T11:54:00-04:00	10.1400	10.1509	1106
2026-08-19T11:55:00-04:00	10.1400	10.1508	6289
2026-08-19T11:56:00-04:00	10.1400	10.1508	2094
2026-08-19T11:57:00-04:00	10.1350	10.1508	739
2026-08-19T11:58:00-04:00	10.1400	10.1508	5363
2026-08-19T11:59:00-04:00	10.1400	10.1508	4616
2026-08-19T12:00:00-04:00	10.0799	10.1503	38247
2026-08-19T12:01:00-04:00	10.0750	10.1500	15192
2026-08-19T12:02:00-04:00	10.0800	10.1500	1437
2026-08-19T12:03:00-04:00	10.0428	10.1498	8913
2026-08-19T12:04:00-04:00	10.0300	10.1497	5386
2026-08-19T12:05:00-04:00	10.0500	10.1494	11191
2026-08-19T12:06:00-04:00	10.0600	10.1493	4447
2026-08-19T12:07:00-04:00	10.0800	10.1492	7531
2026-08-19T12:08:00-04:00	10.0450	10.1491	5590
2026-08-19T12:09:00-04:00	10.0500	10.1491	969
2026-08-19T12:10:00-04:00	10.0300	10.1490	4219
2026-08-19T12:11:00-04:00	10.0300	10.1488	7085
2026-08-19T12:12:00-04:00	10.0300	10.1487	2494
2026-08-19T12:13:00-04:00	10.0300	10.1486	2144
2026-08-19T12:14:00-04:00	10.0300	10.1486	1109
2026-08-19T12:15:00-04:00	9.9950	10.1472	40873
2026-08-19T12:16:00-04:00	10.0210	10.1465	24156
2026-08-19T12:17:00-04:00	10.0550	10.1462	10050
2026-08-19T12:18:00-04:00	10.0501	10.1461	5243
2026-08-19T12:19:00-04:00	10.0696	10.1461	2443
2026-08-19T12:20:00-04:00	10.0700	10.1461	776
2026-08-19T12:21:00-04:00	10.0650	10.1460	2454
2026-08-19T12:22:00-04:00	10.0800	10.1459	9038
2026-08-19T12:23:00-04:00	10.0800	10.1458	3673
2026-08-19T12:24:00-04:00	10.0800	10.1458	4686
2026-08-19T12:25:00-04:00	10.0900	10.1457	1982
2026-08-19T12:26:00-04:00	10.0950	10.1457	1660
2026-08-19T12:27:00-04:00	10.0700	10.1457	3545
2026-08-19T12:28:00-04:00	10.0551	10.1456	1998
2026-08-19T12:29:00-04:00	10.0400	10.1455	3792
2026-08-19T12:30:00-04:00	10.0450	10.1455	1291
2026-08-19T12:31:00-04:00	10.0495	10.1455	370
2026-08-19T12:32:00-04:00	10.0458	10.1455	1096
2026-08-19T12:33:00-04:00	10.0450	10.1454	3860
2026-08-19T12:34:00-04:00	10.0400	10.1452	9835
2026-08-19T12:35:00-04:00	10.0350	10.1451	3255
2026-08-19T12:36:00-04:00	10.0350	10.1451	1505
2026-08-19T12:37:00-04:00	10.0350	10.1450	1364
2026-08-19T12:38:00-04:00	10.0300	10.1448	7689
2026-08-19T12:39:00-04:00	10.0300	10.1448	711
2026-08-19T12:40:00-04:00	10.0300	10.1448	2123
2026-08-19T12:41:00-04:00	10.0500	10.1445	9991
2026-08-19T12:42:00-04:00	10.0350	10.1445	1381
2026-08-19T12:43:00-04:00	10.0400	10.1443	10127
2026-08-19T12:44:00-04:00	10.0400	10.1443	993
2026-08-19T12:45:00-04:00	10.0100	10.1441	6937
2026-08-19T12:46:00-04:00	10.0050	10.1439	4756
2026-08-19T12:47:00-04:00	9.9700	10.1434	14090
2026-08-19T12:48:00-04:00	9.9950	10.1431	9871
2026-08-19T12:49:00-04:00	10.0200	10.1430	5164
2026-08-19T12:50:00-04:00	10.0300	10.1428	4224
2026-08-19T12:51:00-04:00	10.0100	10.1427	4600
2026-08-19T12:52:00-04:00	10.0100	10.1427	131
2026-08-19T12:53:00-04:00	10.0050	10.1427	1507
2026-08-19T12:54:00-04:00	10.0000	10.1424	8613
2026-08-19T12:55:00-04:00	9.9900	10.1423	2315
2026-08-19T12:56:00-04:00	9.9850	10.1422	3257
2026-08-19T12:57:00-04:00	9.9850	10.1422	669
2026-08-19T12:58:00-04:00	9.9850	10.1422	727
2026-08-19T12:59:00-04:00	9.9850	10.1420	5888
2026-08-19T13:00:00-04:00	9.9800	10.1419	1693
2026-08-19T13:02:00-04:00	9.9800	10.1418	2478
2026-08-19T13:03:00-04:00	9.9800	10.1418	1420
2026-08-19T13:04:00-04:00	9.9800	10.1417	1848
2026-08-19T13:05:00-04:00	9.9748	10.1416	4080
2026-08-19T13:06:00-04:00	9.9700	10.1413	7881
2026-08-19T13:07:00-04:00	9.9450	10.1396	43292
2026-08-19T13:08:00-04:00	9.9450	10.1392	9708
2026-08-19T13:09:00-04:00	9.9450	10.1391	3416
2026-08-19T13:10:00-04:00	9.9100	10.1380	24647
2026-08-19T13:11:00-04:00	9.9200	10.1376	7294
2026-08-19T13:12:00-04:00	9.9400	10.1374	4598
2026-08-19T13:13:00-04:00	9.9350	10.1371	7474
2026-08-19T13:14:00-04:00	9.9350	10.1368	8718
2026-08-19T13:15:00-04:00	9.9450	10.1365	6304
2026-08-19T13:16:00-04:00	9.9800	10.1363	6781
2026-08-19T13:17:00-04:00	9.9826	10.1359	13349
2026-08-19T13:18:00-04:00	9.9850	10.1358	581
2026-08-19T13:19:00-04:00	9.9898	10.1358	691
2026-08-19T13:20:00-04:00	9.9800	10.1353	14941
2026-08-19T13:21:00-04:00	9.9800	10.1352	3946
2026-08-19T13:22:00-04:00	9.9850	10.1352	563
2026-08-19T13:23:00-04:00	9.9900	10.1350	6193
2026-08-19T13:26:00-04:00	10.0100	10.1348	7730
2026-08-19T13:27:00-04:00	10.0200	10.1346	7696
2026-08-19T13:28:00-04:00	10.0300	10.1345	2841
2026-08-19T13:29:00-04:00	10.0300	10.1345	2543
2026-08-19T13:30:00-04:00	10.0450	10.1345	552
2026-08-19T13:31:00-04:00	10.0450	10.1345	100
2026-08-19T13:32:00-04:00	10.0450	10.1345	1491
2026-08-19T13:33:00-04:00	10.0401	10.1344	1490
2026-08-19T13:34:00-04:00	10.0400	10.1344	2415
2026-08-19T13:35:00-04:00	10.0300	10.1343	4914
2026-08-19T13:36:00-04:00	10.0150	10.1342	3687
2026-08-19T13:37:00-04:00	9.9850	10.1338	15305
2026-08-19T13:38:00-04:00	9.9950	10.1336	6866
2026-08-19T13:39:00-04:00	9.9900	10.1335	3232
2026-08-19T13:40:00-04:00	9.9800	10.1334	2085
2026-08-19T13:42:00-04:00	10.0050	10.1330	14210
2026-08-19T13:43:00-04:00	10.0050	10.1330	226
2026-08-19T13:44:00-04:00	10.0100	10.1330	1039
2026-08-19T13:45:00-04:00	10.0050	10.1329	4587
2026-08-19T13:46:00-04:00	10.0100	10.1328	1309
2026-08-19T13:47:00-04:00	10.0350	10.1327	6443
2026-08-19T13:48:00-04:00	10.0400	10.1327	2269
2026-08-19T13:49:00-04:00	10.0350	10.1326	1161
2026-08-19T13:50:00-04:00	10.0518	10.1325	9919
2026-08-19T13:51:00-04:00	10.0550	10.1324	1935
2026-08-19T13:52:00-04:00	10.0200	10.1322	10727
2026-08-19T13:53:00-04:00	10.0400	10.1321	3422
2026-08-19T13:54:00-04:00	10.0400	10.1321	2281
2026-08-19T13:55:00-04:00	10.0200	10.1321	2340
2026-08-19T13:56:00-04:00	10.0200	10.1320	1279
2026-08-19T13:57:00-04:00	10.0000	10.1319	3688
2026-08-19T13:58:00-04:00	9.9950	10.1319	716
2026-08-19T13:59:00-04:00	9.9800	10.1319	1754
2026-08-19T14:00:00-04:00	9.9900	10.1317	5895
2026-08-19T14:01:00-04:00	9.9850	10.1317	185
2026-08-19T14:02:00-04:00	9.9700	10.1315	4454
2026-08-19T14:03:00-04:00	9.9200	10.1305	27627
2026-08-19T14:04:00-04:00	9.9200	10.1302	7565
2026-08-19T14:05:00-04:00	9.9600	10.1296	15662
2026-08-19T14:06:00-04:00	10.0000	10.1294	8564
2026-08-19T14:07:00-04:00	9.9850	10.1293	1152
2026-08-19T14:08:00-04:00	9.9650	10.1292	2984
2026-08-19T14:09:00-04:00	9.9700	10.1288	13924
2026-08-19T14:10:00-04:00	9.9600	10.1285	10308
2026-08-19T14:11:00-04:00	9.9529	10.1282	8797
2026-08-19T14:12:00-04:00	9.9550	10.1281	533
2026-08-19T14:13:00-04:00	9.9300	10.1278	8215
2026-08-19T14:14:00-04:00	9.9300	10.1278	1094
2026-08-19T14:15:00-04:00	9.9250	10.1277	2016
2026-08-19T14:16:00-04:00	9.9200	10.1277	923
2026-08-19T14:17:00-04:00	9.9100	10.1276	1492
2026-08-19T14:18:00-04:00	9.9300	10.1266	27619
2026-08-19T14:19:00-04:00	9.9050	10.1263	6340
2026-08-19T14:20:00-04:00	9.9250	10.1260	7595
2026-08-19T14:21:00-04:00	9.9301	10.1258	5053
2026-08-19T14:22:00-04:00	9.9300	10.1258	1098
2026-08-19T14:23:00-04:00	9.9250	10.1257	1241
2026-08-19T14:24:00-04:00	9.9350	10.1250	19849
2026-08-19T14:25:00-04:00	9.9400	10.1249	3757
2026-08-19T14:26:00-04:00	9.9450	10.1248	3197
2026-08-19T14:27:00-04:00	9.9400	10.1246	3265
2026-08-19T14:28:00-04:00	9.9350	10.1246	2188
2026-08-19T14:29:00-04:00	9.9350	10.1244	4054
2026-08-19T14:30:00-04:00	9.9350	10.1244	266
2026-08-19T14:31:00-04:00	9.9350	10.1243	1593
2026-08-19T14:32:00-04:00	9.9300	10.1240	9912
2026-08-19T14:33:00-04:00	9.9150	10.1239	1642
2026-08-19T14:34:00-04:00	9.9150	10.1239	1113
2026-08-19T14:35:00-04:00	9.9000	10.1236	6381
2026-08-19T14:36:00-04:00	9.9100	10.1231	11694
2026-08-19T14:37:00-04:00	9.8900	10.1228	6780
2026-08-19T14:38:00-04:00	9.8900	10.1227	3405
2026-08-19T14:39:00-04:00	9.9100	10.1224	4992
2026-08-19T14:40:00-04:00	9.9200	10.1220	11111
2026-08-19T14:41:00-04:00	9.9200	10.1220	961
2026-08-19T14:42:00-04:00	9.9200	10.1219	1574
2026-08-19T14:43:00-04:00	9.9400	10.1216	9133
2026-08-19T14:44:00-04:00	9.9500	10.1213	10298
2026-08-19T14:45:00-04:00	9.9300	10.0610	2566695
2026-08-19T14:46:00-04:00	9.9349	10.0609	2521
2026-08-19T14:47:00-04:00	9.9350	10.0609	1115
2026-08-19T14:48:00-04:00	9.9400	10.0608	9680
2026-08-19T14:49:00-04:00	9.9700	10.0607	5446
2026-08-19T14:50:00-04:00	9.9550	10.0606	5811
2026-08-19T14:51:00-04:00	9.9950	10.0605	8585
2026-08-19T14:52:00-04:00	9.9800	10.0605	4984
2026-08-19T14:53:00-04:00	9.9800	10.0605	1616
2026-08-19T14:54:00-04:00	9.9800	10.0604	4814
2026-08-19T14:55:00-04:00	10.0200	10.0604	8059
2026-08-19T14:56:00-04:00	10.0100	10.0603	2308
2026-08-19T14:57:00-04:00	9.9900	10.0603	9651
2026-08-19T14:58:00-04:00	10.0000	10.0602	2313
2026-08-19T14:59:00-04:00	10.0150	10.0602	8264
2026-08-19T15:00:00-04:00	10.0350	10.0601	15922
2026-08-19T15:01:00-04:00	10.0200	10.0601	5592
2026-08-19T15:02:00-04:00	10.0150	10.0601	2369
2026-08-19T15:03:00-04:00	10.0150	10.0601	566
2026-08-19T15:04:00-04:00	10.0101	10.0600	7074
2026-08-19T15:05:00-04:00	10.0150	10.0600	2626
2026-08-19T15:06:00-04:00	10.0400	10.0600	6673
2026-08-19T15:07:00-04:00	10.0300	10.0600	4648
2026-08-19T15:08:00-04:00	10.0300	10.0600	2468
2026-08-19T15:09:00-04:00	10.0250	10.0600	4764
2026-08-19T15:10:00-04:00	10.0150	10.0599	2747
2026-08-19T15:11:00-04:00	10.0150	10.0599	1703
2026-08-19T15:12:00-04:00	10.0200	10.0599	7244
2026-08-19T15:13:00-04:00	10.0300	10.0598	13098
2026-08-19T15:14:00-04:00	9.9950	10.0598	5808
2026-08-19T15:15:00-04:00	9.9750	10.0596	16037
2026-08-19T15:16:00-04:00	10.0100	10.0596	12198
2026-08-19T15:17:00-04:00	10.0500	10.0595	14739
2026-08-19T15:18:00-04:00	10.0500	10.0595	1001
2026-08-19T15:19:00-04:00	10.0500	10.0595	2945
2026-08-19T15:20:00-04:00	10.0400	10.0595	9477
2026-08-19T15:21:00-04:00	10.0250	10.0595	6541
2026-08-19T15:22:00-04:00	10.0250	10.0595	3752
2026-08-19T15:23:00-04:00	10.0854	10.0595	11314
2026-08-19T15:24:00-04:00	10.0850	10.0595	944
2026-08-19T15:25:00-04:00	10.1000	10.0596	29285
2026-08-19T15:26:00-04:00	10.1050	10.0597	23822
2026-08-19T15:27:00-04:00	10.1900	10.0599	14695
2026-08-19T15:28:00-04:00	10.1700	10.0604	33718
2026-08-19T15:29:00-04:00	10.1400	10.0604	3012
2026-08-19T15:30:00-04:00	10.1150	10.0605	11097
2026-08-19T15:31:00-04:00	10.1200	10.0605	4657
2026-08-19T15:32:00-04:00	10.1200	10.0606	14282
2026-08-19T15:33:00-04:00	10.1150	10.0607	8120
2026-08-19T15:34:00-04:00	10.1150	10.0607	1320
2026-08-19T15:35:00-04:00	10.1200	10.0608	25693
2026-08-19T15:36:00-04:00	10.1050	10.0608	1823
2026-08-19T15:37:00-04:00	10.1400	10.0609	10357
2026-08-19T15:38:00-04:00	10.1350	10.0610	2364
2026-08-19T15:39:00-04:00	10.1250	10.0610	9488
2026-08-19T15:40:00-04:00	10.1500	10.0614	34017
2026-08-19T15:41:00-04:00	10.1400	10.0616	16928
2026-08-19T15:42:00-04:00	10.1450	10.0617	13697
2026-08-19T15:43:00-04:00	10.1250	10.0618	9097
2026-08-19T15:44:00-04:00	10.1350	10.0619	9552
2026-08-19T15:45:00-04:00	10.1700	10.0622	27777
2026-08-19T15:46:00-04:00	10.1866	10.0626	32896
2026-08-19T15:47:00-04:00	10.1750	10.0627	3671
2026-08-19T15:48:00-04:00	10.1801	10.0629	18710
2026-08-19T15:49:00-04:00	10.1600	10.0633	30089
2026-08-19T15:50:00-04:00	10.1050	10.0634	10209
2026-08-19T15:51:00-04:00	10.1050	10.0636	76321
2026-08-19T15:52:00-04:00	10.1850	10.0638	22887
2026-08-19T15:53:00-04:00	10.1100	10.0641	29863
2026-08-19T15:54:00-04:00	10.1400	10.0642	14209
2026-08-19T15:55:00-04:00	10.2050	10.0645	22938
2026-08-19T15:56:00-04:00	10.2000	10.0651	37025
2026-08-19T15:57:00-04:00	10.1625	10.0654	23238
2026-08-19T15:58:00-04:00	10.1800	10.0661	60906
2026-08-19T15:59:00-04:00	10.1800	10.0675	104871
2026-08-20T09:30:00-04:00	9.9984	9.9656	67650
2026-08-20T09:31:00-04:00	9.7800	9.8906	55958
2026-08-20T09:32:00-04:00	9.6600	9.8496	34706
2026-08-20T09:33:00-04:00	9.7123	9.8372	15112
2026-08-20T09:34:00-04:00	9.6201	9.8021	41810
2026-08-20T09:35:00-04:00	9.7000	9.7892	34959
2026-08-20T09:36:00-04:00	9.6400	9.7695	43571
2026-08-20T09:37:00-04:00	9.6500	9.7650	11579
2026-08-20T09:38:00-04:00	9.7050	9.7630	7364
2026-08-20T09:39:00-04:00	9.7050	9.7535	77480
2026-08-20T09:40:00-04:00	9.6850	9.7515	11142
2026-08-20T09:41:00-04:00	9.6803	9.7508	4358
2026-08-20T09:42:00-04:00	9.5500	9.7388	35951
2026-08-20T09:43:00-04:00	9.5200	9.7327	14210
2026-08-20T09:44:00-04:00	9.5100	9.7153	42825
2026-08-20T09:45:00-04:00	9.4836	9.6969	45105
2026-08-20T09:46:00-04:00	9.4900	9.6908	16320
2026-08-20T09:47:00-04:00	9.4150	9.6712	46992
2026-08-20T09:48:00-04:00	9.4500	9.6473	70580
2026-08-20T09:49:00-04:00	9.4593	9.6458	5354
2026-08-20T09:50:00-04:00	9.4300	9.6411	16115
2026-08-20T09:51:00-04:00	9.4000	9.6220	60735
2026-08-20T09:52:00-04:00	9.3550	9.6027	63373
2026-08-20T09:53:00-04:00	9.4000	9.5969	22471
2026-08-20T09:54:00-04:00	9.3600	9.5954	5644
2026-08-20T09:55:00-04:00	9.4100	9.5930	10630
2026-08-20T09:56:00-04:00	9.3850	9.5854	34510
2026-08-20T09:57:00-04:00	9.3650	9.5796	25448
2026-08-20T09:58:00-04:00	9.3450	9.5696	41970
2026-08-20T09:59:00-04:00	9.3400	9.5617	33405
2026-08-20T10:00:00-04:00	9.3863	9.5587	17904
2026-08-20T10:01:00-04:00	9.3700	9.5567	10288
2026-08-20T10:02:00-04:00	9.3400	9.5552	7291
2026-08-20T10:03:00-04:00	9.3800	9.5477	40883
2026-08-20T10:04:00-04:00	9.3900	9.5459	11876
2026-08-20T10:05:00-04:00	9.4000	9.5457	1139
2026-08-20T10:06:00-04:00	9.4200	9.5440	14399
2026-08-20T10:07:00-04:00	9.4200	9.5435	4748
2026-08-20T10:08:00-04:00	9.4200	9.5431	3162
2026-08-20T10:09:00-04:00	9.4150	9.5419	11093
2026-08-20T10:10:00-04:00	9.4303	9.5412	6636
2026-08-20T10:11:00-04:00	9.4399	9.5394	22504
2026-08-20T10:12:00-04:00	9.4200	9.5386	8085
2026-08-20T10:13:00-04:00	9.3800	9.5367	14979
2026-08-20T10:14:00-04:00	9.3800	9.5350	11935
2026-08-20T10:15:00-04:00	9.3600	9.5337	9744
2026-08-20T10:16:00-04:00	9.3700	9.5324	9761
2026-08-20T10:17:00-04:00	9.3300	9.5297	16846
2026-08-20T10:18:00-04:00	9.3300	9.5293	3142
2026-08-20T10:19:00-04:00	9.2800	9.5216	39903
2026-08-20T10:20:00-04:00	9.2800	9.5192	12973
2026-08-20T10:21:00-04:00	9.2600	9.5180	6133
2026-08-20T10:22:00-04:00	9.2500	9.5134	22214
2026-08-20T10:23:00-04:00	9.2502	9.5069	33720
2026-08-20T10:24:00-04:00	9.2100	9.5023	22338
2026-08-20T10:25:00-04:00	9.2200	9.4952	33563
2026-08-20T10:26:00-04:00	9.1900	9.4896	27139
2026-08-20T10:27:00-04:00	9.1900	9.4868	13075
2026-08-20T10:28:00-04:00	9.1950	9.4838	14979
2026-08-20T10:29:00-04:00	9.1900	9.4826	6042
2026-08-20T10:30:00-04:00	9.1750	9.4801	11959
2026-08-20T10:31:00-04:00	9.2300	9.4766	19587
2026-08-20T10:32:00-04:00	9.2300	9.4761	3383
2026-08-20T10:33:00-04:00	9.2850	9.4746	10709
2026-08-20T10:34:00-04:00	9.2950	9.4735	9062
2026-08-20T10:35:00-04:00	9.2900	9.4735	435
2026-08-20T10:36:00-04:00	9.3300	9.4723	11480
2026-08-20T10:37:00-04:00	9.3300	9.4720	3548
2026-08-20T10:38:00-04:00	9.2900	9.4711	7485
2026-08-20T10:39:00-04:00	9.2600	9.4699	9234
2026-08-20T10:40:00-04:00	9.2900	9.4685	12203
2026-08-20T10:41:00-04:00	9.2900	9.4679	4804
2026-08-20T10:42:00-04:00	9.3600	9.4671	9506
2026-08-20T10:43:00-04:00	9.3700	9.4664	10216
2026-08-20T10:44:00-04:00	9.3700	9.4659	8599
2026-08-20T10:45:00-04:00	9.3600	9.4655	7207
2026-08-20T10:46:00-04:00	9.3300	9.4649	7793
2026-08-20T10:47:00-04:00	9.3000	9.4636	12298
2026-08-20T10:48:00-04:00	9.2900	9.4626	9882
2026-08-20T10:49:00-04:00	9.3200	9.4623	3506
2026-08-20T10:50:00-04:00	9.3200	9.4622	567
2026-08-20T10:51:00-04:00	9.3100	9.4620	2626
2026-08-20T10:52:00-04:00	9.2800	9.4615	5089
2026-08-20T10:53:00-04:00	9.2800	9.4603	11029
2026-08-20T10:54:00-04:00	9.2501	9.4593	7568
2026-08-20T10:55:00-04:00	9.2100	9.4580	9259
2026-08-20T10:56:00-04:00	9.2000	9.4560	13598
2026-08-20T10:57:00-04:00	9.2000	9.4558	1435
2026-08-20T10:58:00-04:00	9.1800	9.4544	8899
2026-08-20T10:59:00-04:00	9.1600	9.4512	18673
2026-08-20T11:00:00-04:00	9.1750	9.4466	28083
2026-08-20T11:01:00-04:00	9.1750	9.4449	11012
2026-08-20T11:02:00-04:00	9.1850	9.4416	21873
2026-08-20T11:03:00-04:00	9.1686	9.4397	12890
2026-08-20T11:04:00-04:00	9.1650	9.4334	42234
2026-08-20T11:05:00-04:00	9.1850	9.4271	46363
2026-08-20T11:06:00-04:00	9.1900	9.4235	27379
2026-08-20T11:07:00-04:00	9.1650	9.4206	21946
2026-08-20T11:08:00-04:00	9.1500	9.4195	7390
2026-08-20T11:09:00-04:00	9.1550	9.4186	6845
2026-08-20T11:10:00-04:00	9.1550	9.4154	23712
2026-08-20T11:11:00-04:00	9.1500	9.4139	11642
2026-08-20T11:12:00-04:00	9.1850	9.4117	18332
2026-08-20T11:13:00-04:00	9.1900	9.4108	7902
2026-08-20T11:14:00-04:00	9.2050	9.4104	4090
2026-08-20T11:15:00-04:00	9.2600	9.4094	11348
2026-08-20T11:16:00-04:00	9.2500	9.4087	9399
2026-08-20T11:17:00-04:00	9.2700	9.4082	6365
2026-08-20T11:18:00-04:00	9.2500	9.4078	5478
2026-08-20T11:19:00-04:00	9.2400	9.4073	6764
2026-08-20T11:20:00-04:00	9.1800	9.4062	10409
2026-08-20T11:21:00-04:00	9.2100	9.4052	10075
2026-08-20T11:22:00-04:00	9.2050	9.4046	6390
2026-08-20T11:23:00-04:00	9.2200	9.4037	9743
2026-08-20T11:24:00-04:00	9.2200	9.4036	712
2026-08-20T11:25:00-04:00	9.2200	9.4031	6448
2026-08-20T11:26:00-04:00	9.2150	9.4030	316
2026-08-20T11:27:00-04:00	9.2150	9.4027	3318
2026-08-20T11:28:00-04:00	9.2107	9.4010	19265
2026-08-20T11:29:00-04:00	9.2250	9.4004	7044
2026-08-20T11:30:00-04:00	9.2050	9.4002	1439
2026-08-20T11:31:00-04:00	9.2000	9.3992	10933
2026-08-20T11:32:00-04:00	9.1950	9.3991	477
2026-08-20T11:33:00-04:00	9.1700	9.3983	7864
2026-08-20T11:34:00-04:00	9.1650	9.3979	4158
2026-08-20T11:35:00-04:00	9.1453	9.3957	18696
2026-08-20T11:36:00-04:00	9.1101	9.3938	14993
2026-08-20T11:37:00-04:00	9.0850	9.3910	20722
2026-08-20T11:38:00-04:00	9.0250	9.3890	12801
2026-08-20T11:39:00-04:00	9.0600	9.3785	68599
2026-08-20T11:40:00-04:00	9.0650	9.3751	24992
2026-08-20T11:41:00-04:00	9.0550	9.3728	16916
2026-08-20T11:42:00-04:00	9.0550	9.3723	4085
2026-08-20T11:43:00-04:00	9.0600	9.3692	22443
2026-08-20T11:44:00-04:00	9.0600	9.3688	3378
2026-08-20T11:45:00-04:00	9.0550	9.3682	4513
2026-08-20T11:46:00-04:00	9.0450	9.3648	26458
2026-08-20T11:47:00-04:00	9.0400	9.3632	12059
2026-08-20T11:48:00-04:00	9.0550	9.3625	5255
2026-08-20T11:49:00-04:00	9.0573	9.3611	10734
2026-08-20T11:50:00-04:00	9.0500	9.3558	41069
2026-08-20T11:51:00-04:00	9.0450	9.3550	6790
2026-08-20T11:52:00-04:00	9.1200	9.3512	35902
2026-08-20T11:53:00-04:00	9.1300	9.3489	26859
2026-08-20T11:54:00-04:00	9.1500	9.3478	13815
2026-08-20T11:55:00-04:00	9.1000	9.3469	10440
2026-08-20T11:56:00-04:00	9.1252	9.3464	4848
2026-08-20T11:57:00-04:00	9.1550	9.3454	13146
2026-08-20T11:58:00-04:00	9.1750	9.3441	17877
2026-08-20T11:59:00-04:00	9.2000	9.3435	10554
2026-08-20T12:00:00-04:00	9.1600	9.3421	21762
2026-08-20T12:01:00-04:00	9.1792	9.3417	4976
2026-08-20T12:02:00-04:00	9.1900	9.3414	5463
2026-08-20T12:03:00-04:00	9.1800	9.3412	2729
2026-08-20T12:04:00-04:00	9.1850	9.3402	16493
2026-08-20T12:05:00-04:00	9.2050	9.3398	7844
2026-08-20T12:06:00-04:00	9.1950	9.3397	2152
2026-08-20T12:07:00-04:00	9.1200	9.3391	7624
2026-08-20T12:08:00-04:00	9.1400	9.3363	36155
2026-08-20T12:09:00-04:00	9.1200	9.3354	11966
2026-08-20T12:10:00-04:00	9.1150	9.3350	5471
2026-08-20T12:11:00-04:00	9.1250	9.3346	4511
2026-08-20T12:12:00-04:00	9.1150	9.3338	9875
2026-08-20T12:13:00-04:00	9.0900	9.3330	9417
2026-08-20T12:14:00-04:00	9.1150	9.3324	8040
2026-08-20T12:15:00-04:00	9.1250	9.3321	3810
2026-08-20T12:16:00-04:00	9.1250	9.3320	959
2026-08-20T12:17:00-04:00	9.1150	9.3317	3548
2026-08-20T12:18:00-04:00	9.1150	9.3314	4701
2026-08-20T12:19:00-04:00	9.1150	9.3311	3438
2026-08-20T12:20:00-04:00	9.1150	9.3309	2095
2026-08-20T12:21:00-04:00	9.1150	9.3306	4482
2026-08-20T12:22:00-04:00	9.1100	9.3304	2311
2026-08-20T12:23:00-04:00	9.1200	9.3292	15705
2026-08-20T12:24:00-04:00	9.1050	9.3280	16069
2026-08-20T12:25:00-04:00	9.0606	9.3269	11346
2026-08-20T12:26:00-04:00	9.0500	9.3267	2304
2026-08-20T12:27:00-04:00	9.0800	9.3252	17115
2026-08-20T12:28:00-04:00	9.0700	9.3250	1697
2026-08-20T12:29:00-04:00	9.0600	9.3248	2210
2026-08-20T12:30:00-04:00	9.0350	9.3240	8249
2026-08-20T12:31:00-04:00	9.0350	9.3210	29063
2026-08-20T12:32:00-04:00	9.0300	9.3204	6097
2026-08-20T12:33:00-04:00	9.0300	9.3202	1970
2026-08-20T12:34:00-04:00	9.0301	9.3194	8182
2026-08-20T12:35:00-04:00	9.0014	9.3170	22734
2026-08-20T12:36:00-04:00	9.0150	9.3138	30812
2026-08-20T12:37:00-04:00	9.0150	9.3133	5129
2026-08-20T12:38:00-04:00	9.0050	9.3128	4947
2026-08-20T12:39:00-04:00	9.0000	9.3101	26073
2026-08-20T12:40:00-04:00	8.9000	9.2982	97526
2026-08-20T12:41:00-04:00	8.8950	9.2915	53231
2026-08-20T12:42:00-04:00	8.9200	9.2870	37094
2026-08-20T12:43:00-04:00	8.9500	9.2797	68486
2026-08-20T12:44:00-04:00	8.9802	9.2780	17921
2026-08-20T12:45:00-04:00	8.9700	9.2757	24978
2026-08-20T12:46:00-04:00	8.9950	9.2744	15145
2026-08-20T12:47:00-04:00	9.0100	9.2742	2299
2026-08-20T12:48:00-04:00	9.0000	9.2740	2359
2026-08-20T12:49:00-04:00	9.0150	9.2737	4340
2026-08-20T12:50:00-04:00	9.0300	9.2733	5747
2026-08-20T12:51:00-04:00	9.0000	9.2729	4852
2026-08-20T12:52:00-04:00	8.9700	9.2724	4988
2026-08-20T12:53:00-04:00	8.9700	9.2715	9737
2026-08-20T12:54:00-04:00	8.9700	9.2711	4733
2026-08-20T12:55:00-04:00	8.9710	9.2707	5111
2026-08-20T12:56:00-04:00	8.9750	9.2704	2533
2026-08-20T12:57:00-04:00	8.9950	9.2688	19949
2026-08-20T12:58:00-04:00	8.9900	9.2684	4344
2026-08-20T12:59:00-04:00	8.9850	9.2681	3635
2026-08-20T13:00:00-04:00	8.9752	9.2676	6135
2026-08-20T13:01:00-04:00	8.9800	9.2664	13363
2026-08-20T13:02:00-04:00	8.9800	9.2662	2069
2026-08-20T13:03:00-04:00	9.0050	9.2654	10490
2026-08-20T13:04:00-04:00	9.0100	9.2651	3997
2026-08-20T13:05:00-04:00	9.0050	9.2648	4680
2026-08-20T13:06:00-04:00	8.9850	9.2635	16338
2026-08-20T13:07:00-04:00	8.9850	9.2633	2917
2026-08-20T13:08:00-04:00	8.9800	9.2630	2786
2026-08-20T13:09:00-04:00	8.9800	9.2629	1867
2026-08-20T13:10:00-04:00	8.9750	9.2621	9832
2026-08-20T13:11:00-04:00	8.9600	9.2617	3969
2026-08-20T13:12:00-04:00	8.9750	9.2610	9292
2026-08-20T13:13:00-04:00	8.9600	9.2590	22373
2026-08-20T13:14:00-04:00	8.9500	9.2586	5065
2026-08-20T13:15:00-04:00	8.9500	9.2584	1953
2026-08-20T13:16:00-04:00	8.9450	9.2576	9316
2026-08-20T13:17:00-04:00	8.9498	9.2561	16211
2026-08-20T13:18:00-04:00	8.9301	9.2556	5436
2026-08-20T13:19:00-04:00	8.9350	9.2554	2968
2026-08-20T13:20:00-04:00	8.9350	9.2551	3523
2026-08-20T13:21:00-04:00	8.9350	9.2546	4629
2026-08-20T13:22:00-04:00	8.9450	9.2541	5651
2026-08-20T13:23:00-04:00	8.9450	9.2540	1266
2026-08-20T13:24:00-04:00	8.9450	9.2539	1791
2026-08-20T13:25:00-04:00	8.9350	9.2535	4195
2026-08-20T13:26:00-04:00	8.9700	9.2525	11500
2026-08-20T13:27:00-04:00	8.9600	9.2515	12342
2026-08-20T13:29:00-04:00	8.9500	9.2479	45171
2026-08-20T13:30:00-04:00	8.9402	9.2477	2033
2026-08-20T13:31:00-04:00	8.9200	9.2475	2765
2026-08-20T13:32:00-04:00	8.9150	9.2473	2277
2026-08-20T13:33:00-04:00	8.9500	9.2458	17144
2026-08-20T13:34:00-04:00	8.9600	9.2456	2837
2026-08-20T13:35:00-04:00	8.9700	9.2452	4659
2026-08-20T13:36:00-04:00	8.9600	9.2450	2728
2026-08-20T13:37:00-04:00	8.9950	9.2440	13392
2026-08-20T13:38:00-04:00	9.0350	9.2421	32084
2026-08-20T13:39:00-04:00	9.0000	9.2419	3270
2026-08-20T13:40:00-04:00	8.9800	9.2416	3851
2026-08-20T13:41:00-04:00	8.9700	9.2415	2445
2026-08-20T13:42:00-04:00	8.9800	9.2402	17559
2026-08-20T13:43:00-04:00	8.9700	9.2396	8492
2026-08-20T13:44:00-04:00	9.0250	9.2392	7054
2026-08-20T13:45:00-04:00	9.0300	9.2391	1585
2026-08-20T13:46:00-04:00	9.0500	9.2387	6325
2026-08-20T13:47:00-04:00	9.0650	9.2386	3613
2026-08-20T13:48:00-04:00	9.0750	9.2383	7096
2026-08-20T13:49:00-04:00	9.0576	9.2380	5139
2026-08-20T13:50:00-04:00	9.0950	9.2376	10752
2026-08-20T13:51:00-04:00	9.0950	9.2375	2588
2026-08-20T13:52:00-04:00	9.0800	9.2372	6533
2026-08-20T13:53:00-04:00	9.0700	9.2367	10821
2026-08-20T13:54:00-04:00	9.0700	9.2366	3585
2026-08-20T13:55:00-04:00	9.0600	9.2365	921
2026-08-20T13:56:00-04:00	9.0614	9.2364	3356
2026-08-20T13:57:00-04:00	9.0650	9.2360	8274
2026-08-20T13:58:00-04:00	9.0650	9.2358	4555
2026-08-20T13:59:00-04:00	9.0700	9.2350	18598
2026-08-20T14:00:00-04:00	9.0250	9.2348	4315
2026-08-20T14:01:00-04:00	9.0500	9.2343	9872
2026-08-20T14:02:00-04:00	9.0501	9.2342	1672
2026-08-20T14:03:00-04:00	9.0550	9.2338	9092
2026-08-20T14:04:00-04:00	9.0549	9.2338	534
2026-08-20T14:05:00-04:00	9.0450	9.2337	2098
2026-08-20T14:06:00-04:00	9.0400	9.2336	2452
2026-08-20T14:07:00-04:00	9.0550	9.2330	11297
2026-08-20T14:08:00-04:00	9.0502	9.2329	2080
2026-08-20T14:09:00-04:00	9.0700	9.2327	6304
2026-08-20T14:10:00-04:00	9.0450	9.2324	4699
2026-08-20T14:11:00-04:00	9.0500	9.2323	3021
2026-08-20T14:12:00-04:00	9.0500	9.2319	7832
2026-08-20T14:13:00-04:00	9.0500	9.2317	4358
2026-08-20T14:14:00-04:00	9.0450	9.2316	1944
2026-08-20T14:15:00-04:00	9.0450	9.2314	4228
2026-08-20T14:16:00-04:00	9.0153	9.2306	14931
2026-08-20T14:17:00-04:00	9.0050	9.2305	1756
2026-08-20T14:18:00-04:00	9.0200	9.2300	9132
2026-08-20T14:19:00-04:00	9.0441	9.2297	7441
2026-08-20T14:20:00-04:00	9.0650	9.2292	10597
2026-08-20T14:21:00-04:00	9.0600	9.2289	8396
2026-08-20T14:22:00-04:00	9.0600	9.2286	4906
2026-08-20T14:23:00-04:00	9.0500	9.2286	1212
2026-08-20T14:24:00-04:00	9.0500	9.2285	1803
2026-08-20T14:25:00-04:00	9.0550	9.2284	2246
2026-08-20T14:26:00-04:00	9.0500	9.2283	1761
2026-08-20T14:27:00-04:00	9.0700	9.2274	22515
2026-08-20T14:28:00-04:00	9.0750	9.2271	7997
2026-08-20T14:29:00-04:00	9.0750	9.2270	1992
2026-08-20T14:30:00-04:00	9.0550	9.2266	10353
2026-08-20T14:31:00-04:00	9.0700	9.2263	7615
2026-08-20T14:32:00-04:00	9.0750	9.2260	6738
2026-08-20T14:33:00-04:00	9.0557	9.2258	6002
2026-08-20T14:34:00-04:00	9.0450	9.2255	7801
2026-08-20T14:35:00-04:00	9.0450	9.2253	2660
2026-08-20T14:36:00-04:00	9.0450	9.2253	1766
2026-08-20T14:37:00-04:00	9.0450	9.2252	2019
2026-08-20T14:38:00-04:00	9.0450	9.2251	2090
2026-08-20T14:39:00-04:00	9.0450	9.2249	4081
2026-08-20T14:40:00-04:00	9.0450	9.2247	3975
2026-08-20T14:41:00-04:00	9.1200	9.2239	24622
2026-08-20T14:42:00-04:00	9.1600	9.2238	5490
2026-08-20T14:43:00-04:00	9.1525	9.2238	5245
2026-08-20T14:44:00-04:00	9.1600	9.2236	8837
2026-08-20T14:45:00-04:00	9.1550	9.2236	1781
2026-08-20T14:46:00-04:00	9.1550	9.2235	5703
2026-08-20T14:47:00-04:00	9.1650	9.2234	7197
2026-08-20T14:48:00-04:00	9.1650	9.2233	5090
2026-08-20T14:49:00-04:00	9.1500	9.2231	12749
2026-08-20T14:50:00-04:00	9.1800	9.2229	17579
2026-08-20T14:51:00-04:00	9.1800	9.2229	1886
2026-08-20T14:52:00-04:00	9.1850	9.2229	2400
2026-08-20T14:53:00-04:00	9.1350	9.2227	10490
2026-08-20T14:54:00-04:00	9.1250	9.2226	1839
2026-08-20T14:55:00-04:00	9.1200	9.2226	2570
2026-08-20T14:56:00-04:00	9.1100	9.2222	14937
2026-08-20T14:57:00-04:00	9.1199	9.2221	1442
2026-08-20T14:58:00-04:00	9.1400	9.2219	12458
2026-08-20T14:59:00-04:00	9.0850	9.2210	30078
2026-08-20T15:00:00-04:00	9.1100	9.2208	7990
2026-08-20T15:01:00-04:00	9.1150	9.2207	1428
2026-08-20T15:02:00-04:00	9.1150	9.2207	1801
2026-08-20T15:03:00-04:00	9.1150	9.2206	1741
2026-08-20T15:04:00-04:00	9.1050	9.2202	17001
2026-08-20T15:05:00-04:00	9.0950	9.2200	6072
2026-08-20T15:06:00-04:00	9.0900	9.2197	8878
2026-08-20T15:07:00-04:00	9.0750	9.2192	17927
2026-08-20T15:08:00-04:00	9.0600	9.2182	25861
2026-08-20T15:09:00-04:00	9.0650	9.2182	2140
2026-08-20T15:10:00-04:00	9.0800	9.2179	8203
2026-08-20T15:11:00-04:00	9.0750	9.2178	1845
2026-08-20T15:12:00-04:00	9.0750	9.2177	3597
2026-08-20T15:13:00-04:00	9.0750	9.2176	3145
2026-08-20T15:14:00-04:00	9.0750	9.2175	3125
2026-08-20T15:15:00-04:00	9.0700	9.2174	3469
2026-08-20T15:16:00-04:00	9.0957	9.2169	18199
2026-08-20T15:17:00-04:00	9.1000	9.2168	2505
2026-08-20T15:18:00-04:00	9.0950	9.2165	11826
2026-08-20T15:19:00-04:00	9.1000	9.2163	7198
2026-08-20T15:20:00-04:00	9.1086	9.2162	1122
2026-08-20T15:21:00-04:00	9.1100	9.2161	4737
2026-08-20T15:22:00-04:00	9.1050	9.2160	3402
2026-08-20T15:23:00-04:00	9.0950	9.2154	23127
2026-08-20T15:24:00-04:00	9.0950	9.2152	8873
2026-08-20T15:25:00-04:00	9.0950	9.2151	4252
2026-08-20T15:26:00-04:00	9.1450	9.2144	32033
2026-08-20T15:27:00-04:00	9.1450	9.2144	2332
2026-08-20T15:28:00-04:00	9.1500	9.2144	2950
2026-08-20T15:29:00-04:00	9.1400	9.2143	6174
2026-08-20T15:30:00-04:00	9.1500	9.2137	33345
2026-08-20T15:31:00-04:00	9.1700	9.2136	7800
2026-08-20T15:32:00-04:00	9.1900	9.2136	7563
2026-08-20T15:33:00-04:00	9.1800	9.2134	19216
2026-08-20T15:34:00-04:00	9.1500	9.2133	8118
2026-08-20T15:35:00-04:00	9.1550	9.2130	23524
2026-08-20T15:36:00-04:00	9.1100	9.2125	25286
2026-08-20T15:37:00-04:00	9.1201	9.2123	8570
2026-08-20T15:38:00-04:00	9.1150	9.2121	8299
2026-08-20T15:39:00-04:00	9.1100	9.2119	9483
2026-08-20T15:40:00-04:00	9.1100	9.2118	7879
2026-08-20T15:41:00-04:00	9.1100	9.2115	10244
2026-08-20T15:42:00-04:00	9.1050	9.2113	10204
2026-08-20T15:43:00-04:00	9.1350	9.2107	30584
2026-08-20T15:44:00-04:00	9.1350	9.2107	2570
2026-08-20T15:45:00-04:00	9.1700	9.2103	32349
2026-08-20T15:46:00-04:00	9.1100	9.2095	45838
2026-08-20T15:47:00-04:00	9.1350	9.2091	20815
2026-08-20T15:48:00-04:00	9.1400	9.2089	13429
2026-08-20T15:49:00-04:00	9.1447	9.2088	11619
2026-08-20T15:50:00-04:00	9.1950	9.2086	30626
2026-08-20T15:51:00-04:00	9.2150	9.2086	19634
2026-08-20T15:52:00-04:00	9.2200	9.2087	25923
2026-08-20T15:53:00-04:00	9.2100	9.2087	9865
2026-08-20T15:54:00-04:00	9.1950	9.2086	29491
2026-08-20T15:55:00-04:00	9.1888	9.2084	48310
2026-08-20T15:56:00-04:00	9.2200	9.2084	45345
2026-08-20T15:57:00-04:00	9.2150	9.2085	31513
2026-08-20T15:58:00-04:00	9.1900	9.2077	187605
2026-08-20T15:59:00-04:00	9.1950	9.2075	60159
2026-08-21T09:30:00-04:00	9.2890	9.2447	108305
2026-08-21T09:31:00-04:00	9.2078	9.2446	2368
2026-08-21T09:32:00-04:00	9.3000	9.2450	8752
2026-08-21T09:33:00-04:00	9.4300	9.2504	5263
2026-08-21T09:34:00-04:00	9.4950	9.3049	40696
2026-08-21T09:35:00-04:00	9.6400	9.3573	39512
2026-08-21T09:36:00-04:00	9.6100	9.4379	111089
2026-08-21T09:37:00-04:00	9.5750	9.4445	15517
2026-08-21T09:38:00-04:00	9.6900	9.4570	19512
2026-08-21T09:39:00-04:00	9.6100	9.4725	31184
2026-08-21T09:40:00-04:00	9.6700	9.4796	16639
2026-08-21T09:41:00-04:00	9.6311	9.4859	16371
2026-08-21T09:42:00-04:00	9.6400	9.4898	11213
2026-08-21T09:43:00-04:00	9.6000	9.4939	13803
2026-08-21T09:44:00-04:00	9.5440	9.4954	11328
2026-08-21T09:45:00-04:00	9.5295	9.4960	6364
2026-08-21T09:46:00-04:00	9.4900	9.4962	10901
2026-08-21T09:47:00-04:00	9.5250	9.4965	6043
2026-08-21T09:48:00-04:00	9.4849	9.4965	8407
2026-08-21T09:49:00-04:00	9.4899	9.4953	18257
2026-08-21T09:50:00-04:00	9.5200	9.4954	3516
2026-08-21T09:51:00-04:00	9.5140	9.4958	5652
2026-08-21T09:52:00-04:00	9.5050	9.4961	12514
2026-08-21T09:53:00-04:00	9.5500	9.4962	1857
2026-08-21T09:54:00-04:00	9.5700	9.4972	9139
2026-08-21T09:55:00-04:00	9.5800	9.4987	8403
2026-08-21T09:56:00-04:00	9.6400	9.5005	8372
2026-08-21T09:57:00-04:00	9.6550	9.5011	2232
2026-08-21T09:58:00-04:00	9.6190	9.5023	5146
2026-08-21T09:59:00-04:00	9.5940	9.5033	5912
2026-08-21T10:00:00-04:00	9.6090	9.5041	4547
2026-08-21T10:01:00-04:00	9.6000	9.5044	1812
2026-08-21T10:02:00-04:00	9.5300	9.5048	4749
2026-08-21T10:03:00-04:00	9.5500	9.5050	8174
2026-08-21T10:04:00-04:00	9.5400	9.5052	2043
2026-08-21T10:05:00-04:00	9.5700	9.5055	4057
2026-08-21T10:06:00-04:00	9.6000	9.5062	5196
2026-08-21T10:07:00-04:00	9.6100	9.5237	96201
2026-08-21T10:08:00-04:00	9.5600	9.5246	11418
2026-08-21T10:09:00-04:00	9.5700	9.5248	3051
2026-08-21T10:10:00-04:00	9.5550	9.5249	1324
2026-08-21T10:11:00-04:00	9.5500	9.5250	3801
2026-08-21T10:12:00-04:00	9.4952	9.5248	13754
2026-08-21T10:13:00-04:00	9.4100	9.5241	5529
2026-08-21T10:14:00-04:00	9.3400	9.5224	8046
2026-08-21T10:15:00-04:00	9.3700	9.5206	8207
2026-08-21T10:16:00-04:00	9.3600	9.5196	4947
2026-08-21T10:17:00-04:00	9.3600	9.5171	11541
2026-08-21T10:18:00-04:00	9.3702	9.5168	1711
2026-08-21T10:19:00-04:00	9.3250	9.5152	6783
2026-08-21T10:20:00-04:00	9.3750	9.5140	6115
2026-08-21T10:21:00-04:00	9.3600	9.5120	9984
2026-08-21T10:22:00-04:00	9.3650	9.5119	730
2026-08-21T10:23:00-04:00	9.3900	9.5111	4549
2026-08-21T10:24:00-04:00	9.3888	9.5105	3854
2026-08-21T10:25:00-04:00	9.4050	9.5100	3587
2026-08-21T10:26:00-04:00	9.4350	9.5091	8948
2026-08-21T10:27:00-04:00	9.4500	9.5088	3459
2026-08-21T10:28:00-04:00	9.4450	9.5087	1332
2026-08-21T10:29:00-04:00	9.4200	9.5081	5281
2026-08-21T10:30:00-04:00	9.4200	9.5075	5456
2026-08-21T10:31:00-04:00	9.4000	9.5074	669
2026-08-21T10:32:00-04:00	9.4000	9.5072	1480
2026-08-21T10:34:00-04:00	9.3835	9.5069	2080
2026-08-21T10:35:00-04:00	9.3200	9.5060	4840
2026-08-21T10:36:00-04:00	9.3100	9.5054	2409
2026-08-21T10:37:00-04:00	9.2900	9.5041	5390
2026-08-21T10:38:00-04:00	9.3350	9.5026	6582
2026-08-21T10:39:00-04:00	9.3400	9.5026	220
2026-08-21T10:40:00-04:00	9.3400	9.5022	1910
2026-08-21T10:41:00-04:00	9.3141	9.5018	2101
2026-08-21T10:42:00-04:00	9.2886	9.5003	5852
2026-08-21T10:43:00-04:00	9.3200	9.4997	2921
2026-08-21T10:44:00-04:00	9.3250	9.4995	765
2026-08-21T10:45:00-04:00	9.3550	9.4991	2364
2026-08-21T10:46:00-04:00	9.3900	9.4983	6518
2026-08-21T10:47:00-04:00	9.3900	9.4980	2178
2026-08-21T10:48:00-04:00	9.3950	9.4978	1987
2026-08-21T10:49:00-04:00	9.4150	9.4974	4241
2026-08-21T10:50:00-04:00	9.4100	9.4972	1599
2026-08-21T10:51:00-04:00	9.4300	9.4969	3049
2026-08-21T10:52:00-04:00	9.4200	9.4965	6020
2026-08-21T10:53:00-04:00	9.3800	9.4957	6016
2026-08-21T10:54:00-04:00	9.3850	9.4957	300
2026-08-21T10:55:00-04:00	9.3900	9.4953	3058
2026-08-21T10:56:00-04:00	9.4000	9.4949	3460
2026-08-21T10:57:00-04:00	9.3900	9.4949	811
2026-08-21T10:58:00-04:00	9.3800	9.4945	2977
2026-08-21T10:59:00-04:00	9.3800	9.4941	2729
2026-08-21T11:00:00-04:00	9.3850	9.4939	1930
2026-08-21T11:01:00-04:00	9.3529	9.4930	5810
2026-08-21T11:02:00-04:00	9.3501	9.4918	8413
2026-08-21T11:03:00-04:00	9.3800	9.4915	2552
2026-08-21T11:04:00-04:00	9.3800	9.4904	8984
2026-08-21T11:05:00-04:00	9.3750	9.4899	3673
2026-08-21T11:06:00-04:00	9.3802	9.4896	2960
2026-08-21T11:07:00-04:00	9.3602	9.4893	2235
2026-08-21T11:08:00-04:00	9.4000	9.4890	3022
2026-08-21T11:09:00-04:00	9.4100	9.4888	2279
2026-08-21T11:10:00-04:00	9.4400	9.4881	13345
2026-08-21T11:11:00-04:00	9.4750	9.4880	4354
2026-08-21T11:12:00-04:00	9.4600	9.4879	2238
2026-08-21T11:13:00-04:00	9.4501	9.4878	2603
2026-08-21T11:14:00-04:00	9.4413	9.4877	2258
2026-08-21T11:15:00-04:00	9.4400	9.4873	9834
2026-08-21T11:16:00-04:00	9.4400	9.4873	964
2026-08-21T11:17:00-04:00	9.3900	9.4866	7918
2026-08-21T11:18:00-04:00	9.3913	9.4865	1008
2026-08-21T11:19:00-04:00	9.3850	9.4864	1119
2026-08-21T11:20:00-04:00	9.3900	9.4860	3536
2026-08-21T11:21:00-04:00	9.3750	9.4859	1743
2026-08-21T11:22:00-04:00	9.3900	9.4856	2337
2026-08-21T11:23:00-04:00	9.3986	9.4854	1989
2026-08-21T11:24:00-04:00	9.3800	9.4852	2099
2026-08-21T11:25:00-04:00	9.3850	9.4849	3373
2026-08-21T11:26:00-04:00	9.4000	9.4847	2185
2026-08-21T11:27:00-04:00	9.4200	9.4844	3962
2026-08-21T11:28:00-04:00	9.4050	9.4843	1986
2026-08-21T11:29:00-04:00	9.4000	9.4840	3875
2026-08-21T11:30:00-04:00	9.4200	9.4839	681
2026-08-21T11:31:00-04:00	9.4400	9.4838	3168
2026-08-21T11:32:00-04:00	9.4530	9.4837	2303
2026-08-21T11:33:00-04:00	9.4800	9.4837	4492
2026-08-21T11:34:00-04:00	9.4800	9.4837	1111
2026-08-21T11:35:00-04:00	9.4750	9.4837	1812
2026-08-21T11:36:00-04:00	9.4401	9.4835	4352
2026-08-21T11:37:00-04:00	9.4450	9.4835	944
2026-08-21T11:38:00-04:00	9.4400	9.4833	5706
2026-08-21T11:39:00-04:00	9.4540	9.4832	1913
2026-08-21T11:40:00-04:00	9.4900	9.4832	14367
2026-08-21T11:41:00-04:00	9.4900	9.4832	513
2026-08-21T11:42:00-04:00	9.5000	9.4833	8668
2026-08-21T11:43:00-04:00	9.4950	9.4834	2638
2026-08-21T11:44:00-04:00	9.4800	9.4834	2639
2026-08-21T11:45:00-04:00	9.4701	9.4833	984
2026-08-21T11:46:00-04:00	9.4677	9.4833	2679
2026-08-21T11:47:00-04:00	9.4700	9.4832	4451
2026-08-21T11:48:00-04:00	9.4800	9.4832	2230
2026-08-21T11:49:00-04:00	9.4700	9.4832	2140
2026-08-21T11:50:00-04:00	9.4700	9.4832	1974
2026-08-21T11:51:00-04:00	9.5193	9.4833	9008
2026-08-21T11:52:00-04:00	9.5200	9.4835	3873
2026-08-21T11:53:00-04:00	9.5310	9.4836	3809
2026-08-21T11:54:00-04:00	9.5100	9.4837	5272
2026-08-21T11:55:00-04:00	9.5100	9.4838	354
2026-08-21T11:56:00-04:00	9.5250	9.4839	4875
2026-08-21T11:57:00-04:00	9.5100	9.4840	3455
2026-08-21T11:58:00-04:00	9.5100	9.4841	3379
2026-08-21T11:59:00-04:00	9.5200	9.4842	2716
2026-08-21T12:00:00-04:00	9.5100	9.4843	6152
2026-08-21T12:01:00-04:00	9.4900	9.4844	4213
2026-08-21T12:02:00-04:00	9.4900	9.4844	2627
2026-08-21T12:03:00-04:00	9.4900	9.4844	953
2026-08-21T12:04:00-04:00	9.5050	9.4844	2300
2026-08-21T12:05:00-04:00	9.5000	9.4844	1690
2026-08-21T12:06:00-04:00	9.5100	9.4845	4742
2026-08-21T12:07:00-04:00	9.5050	9.4845	771
2026-08-21T12:08:00-04:00	9.5100	9.4846	2603
2026-08-21T12:09:00-04:00	9.5250	9.4849	10136
2026-08-21T12:10:00-04:00	9.5300	9.4849	1482
2026-08-21T12:11:00-04:00	9.5750	9.4855	8364
2026-08-21T12:12:00-04:00	9.5700	9.4857	3112
2026-08-21T12:13:00-04:00	9.5850	9.4860	3310
2026-08-21T12:14:00-04:00	9.5500	9.4864	6528
2026-08-21T12:15:00-04:00	9.5300	9.4866	4136
2026-08-21T12:16:00-04:00	9.5700	9.4868	3675
2026-08-21T12:17:00-04:00	9.5782	9.4871	4259
2026-08-21T12:19:00-04:00	9.5746	9.4875	5821
2026-08-21T12:20:00-04:00	9.5600	9.4876	1514
2026-08-21T12:21:00-04:00	9.5600	9.4882	9692
2026-08-21T12:22:00-04:00	9.5900	9.4884	1973
2026-08-21T12:23:00-04:00	9.5800	9.4886	2513
2026-08-21T12:24:00-04:00	9.5900	9.4887	831
2026-08-21T12:25:00-04:00	9.6200	9.4892	4675
2026-08-21T12:26:00-04:00	9.6250	9.4902	10517
2026-08-21T12:27:00-04:00	9.6400	9.4905	2158
2026-08-21T12:28:00-04:00	9.6600	9.4911	4635
2026-08-21T12:29:00-04:00	9.6300	9.4916	4336
2026-08-21T12:30:00-04:00	9.6200	9.4932	16689
2026-08-21T12:31:00-04:00	9.6200	9.4934	1644
2026-08-21T12:32:00-04:00	9.6250	9.4936	1940
2026-08-21T12:33:00-04:00	9.6200	9.4941	5208
2026-08-21T12:34:00-04:00	9.6009	9.4948	7582
2026-08-21T12:35:00-04:00	9.6200	9.4950	2389
2026-08-21T12:36:00-04:00	9.6200	9.4955	5479
2026-08-21T12:37:00-04:00	9.6150	9.4956	641
2026-08-21T12:38:00-04:00	9.6100	9.4957	1735
2026-08-21T12:39:00-04:00	9.6350	9.4961	3241
2026-08-21T12:40:00-04:00	9.6500	9.4967	5393
2026-08-21T12:41:00-04:00	9.6600	9.4970	2873
2026-08-21T12:42:00-04:00	9.6600	9.4976	4270
2026-08-21T12:43:00-04:00	9.6500	9.4996	15565
2026-08-21T12:44:00-04:00	9.6400	9.5000	4186
2026-08-21T12:45:00-04:00	9.6050	9.5004	4539
2026-08-21T12:46:00-04:00	9.6000	9.5007	3611
2026-08-21T12:47:00-04:00	9.5702	9.5010	5550
2026-08-21T12:48:00-04:00	9.5300	9.5012	6628
2026-08-21T12:49:00-04:00	9.5350	9.5012	1274
2026-08-21T12:50:00-04:00	9.5400	9.5013	1885
2026-08-21T12:51:00-04:00	9.5400	9.5013	2054
2026-08-21T12:52:00-04:00	9.5250	9.5014	1960
2026-08-21T12:54:00-04:00	9.5150	9.5014	1522
2026-08-21T12:55:00-04:00	9.5150	9.5014	1099
2026-08-21T12:56:00-04:00	9.5200	9.5014	8335
2026-08-21T12:57:00-04:00	9.5200	9.5015	1010
2026-08-21T12:58:00-04:00	9.5200	9.5015	1886
2026-08-21T13:00:00-04:00	9.5150	9.5015	1806
2026-08-21T13:01:00-04:00	9.5100	9.5015	1573
2026-08-21T13:02:00-04:00	9.5050	9.5015	453
2026-08-21T13:03:00-04:00	9.5050	9.5015	1281
2026-08-21T13:04:00-04:00	9.5050	9.5015	360
2026-08-21T13:05:00-04:00	9.5300	9.5017	9661
2026-08-21T13:06:00-04:00	9.5600	9.5018	2653
2026-08-21T13:07:00-04:00	9.5400	9.5019	3344
2026-08-21T13:08:00-04:00	9.5500	9.5019	1695
2026-08-21T13:09:00-04:00	9.5300	9.5020	4177
2026-08-21T13:10:00-04:00	9.5400	9.5021	3744
2026-08-21T13:11:00-04:00	9.5400	9.5021	1123
2026-08-21T13:12:00-04:00	9.5500	9.5022	1360
2026-08-21T13:13:00-04:00	9.5400	9.5023	3695
2026-08-21T13:14:00-04:00	9.5200	9.5026	20239
2026-08-21T13:15:00-04:00	9.5001	9.5026	2311
2026-08-21T13:16:00-04:00	9.5004	9.5026	2872
2026-08-21T13:17:00-04:00	9.4925	9.5026	1582
2026-08-21T13:18:00-04:00	9.5400	9.5033	37802
2026-08-21T13:19:00-04:00	9.5250	9.5033	1855
2026-08-21T13:20:00-04:00	9.5500	9.5034	3685
2026-08-21T13:21:00-04:00	9.6150	9.5057	36020
2026-08-21T13:22:00-04:00	9.6050	9.5058	1114
2026-08-21T13:23:00-04:00	9.6050	9.5059	806
2026-08-21T13:24:00-04:00	9.6000	9.5059	1072
2026-08-21T13:25:00-04:00	9.6000	9.5060	1442
2026-08-21T13:26:00-04:00	9.6000	9.5064	6143
2026-08-21T13:27:00-04:00	9.6500	9.5104	46075
2026-08-21T13:28:00-04:00	9.6550	9.5105	1072
2026-08-21T13:29:00-04:00	9.6500	9.5107	1812
2026-08-21T13:30:00-04:00	9.6300	9.5110	4032
2026-08-21T13:31:00-04:00	9.6300	9.5112	2678
2026-08-21T13:32:00-04:00	9.6400	9.5121	11293
2026-08-21T13:33:00-04:00	9.6600	9.5126	6450
2026-08-21T13:34:00-04:00	9.6450	9.5128	1787
2026-08-21T13:35:00-04:00	9.6500	9.5132	4658
2026-08-21T13:36:00-04:00	9.6500	9.5134	2672
2026-08-21T13:37:00-04:00	9.6500	9.5135	1123
2026-08-21T13:38:00-04:00	9.6568	9.5140	5559
2026-08-21T13:39:00-04:00	9.6600	9.5143	2990
2026-08-21T13:40:00-04:00	9.6600	9.5146	3783
2026-08-21T13:41:00-04:00	9.6700	9.5156	10130
2026-08-21T13:42:00-04:00	9.6650	9.5161	6231
2026-08-21T13:43:00-04:00	9.6650	9.5162	234
2026-08-21T13:44:00-04:00	9.6669	9.5168	6801
2026-08-21T13:45:00-04:00	9.6800	9.5173	4965
2026-08-21T13:46:00-04:00	9.6800	9.5176	3881
2026-08-21T13:47:00-04:00	9.6850	9.5179	2124
2026-08-21T13:48:00-04:00	9.6750	9.5182	3666
2026-08-21T13:49:00-04:00	9.6800	9.5190	8333
2026-08-21T13:50:00-04:00	9.6800	9.5191	528
2026-08-21T13:51:00-04:00	9.6700	9.5193	2660
2026-08-21T13:52:00-04:00	9.6400	9.5198	6394
2026-08-21T13:53:00-04:00	9.6500	9.5204	8851
2026-08-21T13:54:00-04:00	9.6400	9.5206	2417
2026-08-21T13:55:00-04:00	9.6398	9.5207	943
2026-08-21T13:56:00-04:00	9.6400	9.5214	10241
2026-08-21T13:57:00-04:00	9.6400	9.5216	2488
2026-08-21T13:58:00-04:00	9.6500	9.5219	5320
2026-08-21T13:59:00-04:00	9.6400	9.5223	4711
2026-08-21T14:01:00-04:00	9.6350	9.5225	3108
2026-08-21T14:02:00-04:00	9.6458	9.5227	3374
2026-08-21T14:03:00-04:00	9.6496	9.5228	1413
2026-08-21T14:04:00-04:00	9.6350	9.5229	596
2026-08-21T14:05:00-04:00	9.6500	9.5233	6311
2026-08-21T14:06:00-04:00	9.6300	9.5235	2698
2026-08-21T14:07:00-04:00	9.6050	9.5236	2439
2026-08-21T14:09:00-04:00	9.6050	9.5237	1471
2026-08-21T14:10:00-04:00	9.6000	9.5237	1049
2026-08-21T14:11:00-04:00	9.6000	9.5238	1693
2026-08-21T14:12:00-04:00	9.6049	9.5238	713
2026-08-21T14:13:00-04:00	9.5864	9.5240	4478
2026-08-21T14:14:00-04:00	9.5450	9.5241	5228
2026-08-21T14:15:00-04:00	9.5450	9.5241	1708
2026-08-21T14:16:00-04:00	9.5550	9.5242	3366
2026-08-21T14:17:00-04:00	9.5400	9.5242	2126
2026-08-21T14:18:00-04:00	9.5450	9.5242	653
2026-08-21T14:19:00-04:00	9.5349	9.5242	2429
2026-08-21T14:20:00-04:00	9.5300	9.5242	138
2026-08-21T14:21:00-04:00	9.5300	9.5242	7856
2026-08-21T14:22:00-04:00	9.5300	9.5242	1336
2026-08-21T14:23:00-04:00	9.5400	9.5243	5963
2026-08-21T14:24:00-04:00	9.5400	9.5243	200
2026-08-21T14:25:00-04:00	9.5300	9.5243	1591
2026-08-21T14:26:00-04:00	9.5250	9.5243	326
2026-08-21T14:27:00-04:00	9.5250	9.5243	1376
2026-08-21T14:28:00-04:00	9.5250	9.5243	891
2026-08-21T14:29:00-04:00	9.5250	9.5243	1016
2026-08-21T14:30:00-04:00	9.5250	9.5243	2413
2026-08-21T14:31:00-04:00	9.5150	9.5243	3210
2026-08-21T14:32:00-04:00	9.5100	9.5243	284
2026-08-21T14:33:00-04:00	9.4850	9.5241	7827
2026-08-21T14:34:00-04:00	9.4800	9.5241	869
2026-08-21T14:35:00-04:00	9.4700	9.5241	1482
2026-08-21T14:37:00-04:00	9.4500	9.5238	6434
2026-08-21T14:38:00-04:00	9.4700	9.5235	9006
2026-08-21T14:39:00-04:00	9.4700	9.5234	2954
2026-08-21T14:40:00-04:00	9.4650	9.5234	610
2026-08-21T14:41:00-04:00	9.4550	9.5232	4868
2026-08-21T14:42:00-04:00	9.4550	9.5229	8843
2026-08-21T14:43:00-04:00	9.4550	9.5229	416
2026-08-21T14:44:00-04:00	9.4550	9.5228	887
2026-08-21T14:45:00-04:00	9.4650	9.5225	8981
2026-08-21T14:46:00-04:00	9.4700	9.5225	642
2026-08-21T14:47:00-04:00	9.4750	9.5224	5700
2026-08-21T14:48:00-04:00	9.4850	9.5223	2366
2026-08-21T14:49:00-04:00	9.4850	9.5223	963
2026-08-21T14:50:00-04:00	9.4750	9.5222	2472
2026-08-21T14:51:00-04:00	9.4550	9.5221	2541
2026-08-21T14:52:00-04:00	9.4550	9.5220	3174
2026-08-21T14:53:00-04:00	9.4450	9.5219	3175
2026-08-21T14:54:00-04:00	9.4100	9.5214	8627
2026-08-21T14:55:00-04:00	9.4250	9.5209	10377
2026-08-21T14:56:00-04:00	9.4300	9.5208	2331
2026-08-21T14:57:00-04:00	9.4345	9.5206	2825
2026-08-21T14:58:00-04:00	9.4250	9.5206	517
2026-08-21T14:59:00-04:00	9.4150	9.5200	11006
2026-08-21T15:00:00-04:00	9.4150	9.5194	11848
2026-08-21T15:01:00-04:00	9.4150	9.5193	1306
2026-08-21T15:02:00-04:00	9.4199	9.5187	11796
2026-08-21T15:03:00-04:00	9.4150	9.5186	1224
2026-08-21T15:04:00-04:00	9.3950	9.5180	10279
2026-08-21T15:05:00-04:00	9.4100	9.5177	5425
2026-08-21T15:06:00-04:00	9.4650	9.5169	23936
2026-08-21T15:08:00-04:00	9.4700	9.5168	3563
2026-08-21T15:09:00-04:00	9.4600	9.5168	225
2026-08-21T15:10:00-04:00	9.4650	9.5167	2517
2026-08-21T15:11:00-04:00	9.4625	9.5164	11012
2026-08-21T15:13:00-04:00	9.4700	9.5163	1627
2026-08-21T15:14:00-04:00	9.4650	9.5163	3389
2026-08-21T15:15:00-04:00	9.4550	9.5162	3388
2026-08-21T15:16:00-04:00	9.4550	9.5161	765
2026-08-21T15:17:00-04:00	9.4500	9.5160	3687
2026-08-21T15:18:00-04:00	9.4600	9.5156	12157
2026-08-21T15:19:00-04:00	9.4500	9.5154	5604
2026-08-21T15:20:00-04:00	9.4500	9.5154	1314
2026-08-21T15:21:00-04:00	9.4500	9.5152	6005
2026-08-21T15:22:00-04:00	9.4600	9.5152	302
2026-08-21T15:23:00-04:00	9.4600	9.5150	5331
2026-08-21T15:24:00-04:00	9.4500	9.5149	4015
2026-08-21T15:25:00-04:00	9.4500	9.5149	2017
2026-08-21T15:26:00-04:00	9.4450	9.5148	542
2026-08-21T15:27:00-04:00	9.4450	9.5148	1701
2026-08-21T15:28:00-04:00	9.4300	9.5142	12747
2026-08-21T15:29:00-04:00	9.4500	9.5140	6643
2026-08-21T15:30:00-04:00	9.4350	9.5139	3008
2026-08-21T15:31:00-04:00	9.4300	9.5137	3887
2026-08-21T15:32:00-04:00	9.4210	9.5137	1357
2026-08-21T15:33:00-04:00	9.4200	9.5136	2329
2026-08-21T15:34:00-04:00	9.4200	9.5132	7284
2026-08-21T15:35:00-04:00	9.4350	9.5124	19051
2026-08-21T15:36:00-04:00	9.4350	9.5124	1096
2026-08-21T15:37:00-04:00	9.4200	9.5123	2054
2026-08-21T15:38:00-04:00	9.4200	9.5122	1025
2026-08-21T15:39:00-04:00	9.4200	9.5122	1734
2026-08-21T15:40:00-04:00	9.4200	9.5119	6691
2026-08-21T15:41:00-04:00	9.4250	9.5117	3314
2026-08-21T15:42:00-04:00	9.4225	9.5116	2291
2026-08-21T15:43:00-04:00	9.4250	9.5116	1555
2026-08-21T15:44:00-04:00	9.4250	9.5115	2459
2026-08-21T15:45:00-04:00	9.4000	9.5109	12945
2026-08-21T15:46:00-04:00	9.3850	9.5095	23053
2026-08-21T15:47:00-04:00	9.3950	9.5091	7454
2026-08-21T15:48:00-04:00	9.3901	9.5089	3246
2026-08-21T15:49:00-04:00	9.3950	9.5087	4206
2026-08-21T15:50:00-04:00	9.3800	9.5082	7120
2026-08-21T15:51:00-04:00	9.3810	9.5080	3765
2026-08-21T15:52:00-04:00	9.3845	9.5080	425
2026-08-21T15:53:00-04:00	9.3775	9.5076	6850
2026-08-21T15:54:00-04:00	9.3550	9.5072	6426
2026-08-21T15:55:00-04:00	9.3550	9.5059	18820
2026-08-21T15:56:00-04:00	9.3550	9.5056	4204
2026-08-21T15:57:00-04:00	9.3450	9.5039	23148
2026-08-21T15:58:00-04:00	9.3450	9.5023	22954
2026-08-21T15:59:00-04:00	9.3150	9.4969	69143
2026-08-24T09:30:00-04:00	9.2100	9.2067	69926
2026-08-24T09:31:00-04:00	9.2100	9.2033	8965
2026-08-24T09:32:00-04:00	9.1400	9.1983	8635
2026-08-24T09:33:00-04:00	9.2300	9.1975	9704
2026-08-24T09:34:00-04:00	9.2300	9.1995	7136
2026-08-24T09:35:00-04:00	9.1900	9.2006	12567
2026-08-24T09:36:00-04:00	9.2600	9.2035	10313
2026-08-24T09:37:00-04:00	9.3100	9.2103	10377
2026-08-24T09:38:00-04:00	9.3200	9.2124	2948
2026-08-24T09:39:00-04:00	9.3450	9.2295	21971
2026-08-24T09:40:00-04:00	9.4050	9.2349	5973
2026-08-24T09:41:00-04:00	9.4450	9.2485	11889
2026-08-24T09:42:00-04:00	9.4151	9.2641	17197
2026-08-24T09:43:00-04:00	9.3700	9.2666	4303
2026-08-24T09:44:00-04:00	9.3300	9.2696	6967
2026-08-24T09:45:00-04:00	9.2000	9.2687	8488
2026-08-24T09:46:00-04:00	9.2400	9.2676	5716
2026-08-24T09:47:00-04:00	9.2700	9.2675	2323
2026-08-24T09:48:00-04:00	9.2100	9.2665	5966
2026-08-24T09:49:00-04:00	9.2000	9.2638	10911
2026-08-24T09:50:00-04:00	9.2000	9.2619	7721
2026-08-24T09:51:00-04:00	9.1800	9.2594	9468
2026-08-24T09:52:00-04:00	9.1850	9.2581	4366
2026-08-24T09:53:00-04:00	9.1700	9.2562	5726
2026-08-24T09:54:00-04:00	9.2000	9.2543	8214
2026-08-24T09:55:00-04:00	9.2100	9.2539	2496
2026-08-24T09:56:00-04:00	9.1800	9.2527	5305
2026-08-24T09:57:00-04:00	9.1800	9.2520	2872
2026-08-24T09:58:00-04:00	9.2400	9.2513	10456
2026-08-24T09:59:00-04:00	9.2100	9.2507	5292
2026-08-24T10:00:00-04:00	9.2000	9.2498	7894
2026-08-24T10:01:00-04:00	9.2100	9.2491	6094
2026-08-24T10:02:00-04:00	9.1700	9.2466	11641
2026-08-24T10:03:00-04:00	9.1550	9.2392	27609
2026-08-24T10:04:00-04:00	9.3350	9.2459	91495
2026-08-24T10:05:00-04:00	9.4200	9.2493	10510
2026-08-24T10:06:00-04:00	9.4100	9.2506	3858
2026-08-24T10:07:00-04:00	9.3350	9.2535	12869
2026-08-24T10:08:00-04:00	9.3750	9.2544	4191
2026-08-24T10:09:00-04:00	9.4150	9.2555	3441
2026-08-24T10:10:00-04:00	9.4150	9.2572	5710
2026-08-24T10:11:00-04:00	9.3300	9.2584	6147
2026-08-24T10:12:00-04:00	9.2950	9.2587	4939
2026-08-24T10:13:00-04:00	9.3100	9.2591	4500
2026-08-24T10:14:00-04:00	9.3100	9.2595	4263
2026-08-24T10:15:00-04:00	9.3300	9.2604	6917
2026-08-24T10:16:00-04:00	9.3300	9.2610	4093
2026-08-24T10:17:00-04:00	9.3200	9.2611	1244
2026-08-24T10:18:00-04:00	9.3300	9.2618	5763
2026-08-24T10:19:00-04:00	9.3400	9.2622	3001
2026-08-24T10:20:00-04:00	9.3600	9.2632	5630
2026-08-24T10:21:00-04:00	9.4017	9.2643	4801
2026-08-24T10:22:00-04:00	9.4250	9.2669	9513
2026-08-24T10:23:00-04:00	9.3800	9.2687	7890
2026-08-24T10:24:00-04:00	9.3200	9.2695	6090
2026-08-24T10:25:00-04:00	9.3700	9.2708	10149
2026-08-24T10:26:00-04:00	9.3450	9.2711	2267
2026-08-24T10:27:00-04:00	9.3500	9.2714	2338
2026-08-24T10:28:00-04:00	9.3600	9.2718	2496
2026-08-24T10:29:00-04:00	9.3400	9.2723	4356
2026-08-24T10:30:00-04:00	9.3500	9.2728	4014
2026-08-24T10:31:00-04:00	9.3700	9.2730	1238
2026-08-24T10:32:00-04:00	9.3100	9.2736	6551
2026-08-24T10:33:00-04:00	9.2950	9.2739	6691
2026-08-24T10:34:00-04:00	9.3200	9.2741	3399
2026-08-24T10:35:00-04:00	9.3100	9.2746	7565
2026-08-24T10:36:00-04:00	9.3300	9.2749	3676
2026-08-24T10:37:00-04:00	9.3200	9.2752	2869
2026-08-24T10:38:00-04:00	9.3300	9.2753	1561
2026-08-24T10:39:00-04:00	9.3150	9.2756	5180
2026-08-24T10:40:00-04:00	9.3150	9.2757	1223
2026-08-24T10:41:00-04:00	9.3500	9.2764	6778
2026-08-24T10:42:00-04:00	9.3300	9.2766	2986
2026-08-24T10:43:00-04:00	9.3300	9.2771	5914
2026-08-24T10:44:00-04:00	9.4100	9.2794	14703
2026-08-24T10:45:00-04:00	9.4250	9.2800	2502
2026-08-24T10:46:00-04:00	9.4550	9.2838	15857
2026-08-24T10:47:00-04:00	9.4606	9.2842	1569
2026-08-24T10:48:00-04:00	9.4500	9.2844	786
2026-08-24T10:49:00-04:00	9.4400	9.2853	3695
2026-08-24T10:50:00-04:00	9.4600	9.2861	3548
2026-08-24T10:51:00-04:00	9.4500	9.2884	9411
2026-08-24T10:52:00-04:00	9.4700	9.2903	7842
2026-08-24T10:53:00-04:00	9.4700	9.2910	2959
2026-08-24T10:54:00-04:00	9.4800	9.2919	3219
2026-08-24T10:55:00-04:00	9.4900	9.2921	939
2026-08-24T10:56:00-04:00	9.4800	9.2957	14694
2026-08-24T10:57:00-04:00	9.4900	9.2968	4239
2026-08-24T10:58:00-04:00	9.4900	9.2981	4938
2026-08-24T10:59:00-04:00	9.4832	9.2991	4104
2026-08-24T11:00:00-04:00	9.4500	9.3003	5554
2026-08-24T11:01:00-04:00	9.4400	9.3055	28856
2026-08-24T11:02:00-04:00	9.4300	9.3059	2700
2026-08-24T11:03:00-04:00	9.4350	9.3064	2750
2026-08-24T11:04:00-04:00	9.4100	9.3067	2138
2026-08-24T11:05:00-04:00	9.4100	9.3072	4218
2026-08-24T11:06:00-04:00	9.4000	9.3076	3197
2026-08-24T11:07:00-04:00	9.3800	9.3081	4660
2026-08-24T11:08:00-04:00	9.3800	9.3082	667
2026-08-24T11:09:00-04:00	9.4000	9.3095	12095
2026-08-24T11:10:00-04:00	9.3900	9.3097	1939
2026-08-24T11:11:00-04:00	9.3650	9.3107	16664
2026-08-24T11:12:00-04:00	9.3450	9.3110	7081
2026-08-24T11:13:00-04:00	9.3600	9.3112	3423
2026-08-24T11:14:00-04:00	9.3700	9.3115	4838
2026-08-24T11:15:00-04:00	9.3700	9.3116	1868
2026-08-24T11:16:00-04:00	9.3700	9.3119	3207
2026-08-24T11:17:00-04:00	9.3900	9.3121	2586
2026-08-24T11:18:00-04:00	9.3900	9.3123	2113
2026-08-24T11:19:00-04:00	9.3700	9.3124	2202
2026-08-24T11:20:00-04:00	9.3800	9.3129	5695
2026-08-24T11:21:00-04:00	9.3700	9.3133	5615
2026-08-24T11:22:00-04:00	9.3900	9.3135	3344
2026-08-24T11:23:00-04:00	9.4050	9.3138	2816
2026-08-24T11:24:00-04:00	9.4200	9.3144	5260
2026-08-24T11:25:00-04:00	9.4450	9.3146	1778
2026-08-24T11:26:00-04:00	9.4800	9.3151	2687
2026-08-24T11:27:00-04:00	9.4700	9.3160	4798
2026-08-24T11:28:00-04:00	9.4650	9.3160	227
2026-08-24T11:29:00-04:00	9.5200	9.3182	10159
2026-08-24T11:30:00-04:00	9.5500	9.3226	18902
2026-08-24T11:31:00-04:00	9.5400	9.3232	2422
2026-08-24T11:32:00-04:00	9.5350	9.3236	1835
2026-08-24T11:33:00-04:00	9.5300	9.3258	9817
2026-08-24T11:34:00-04:00	9.5250	9.3261	1583
2026-08-24T11:35:00-04:00	9.5200	9.3269	3548
2026-08-24T11:36:00-04:00	9.5500	9.3282	5761
2026-08-24T11:37:00-04:00	9.5400	9.3286	1820
2026-08-24T11:38:00-04:00	9.5350	9.3290	1949
2026-08-24T11:39:00-04:00	9.5300	9.3304	6772
2026-08-24T11:40:00-04:00	9.5200	9.3309	2154
2026-08-24T11:41:00-04:00	9.5064	9.3321	6373
2026-08-24T11:42:00-04:00	9.4300	9.3333	9806
2026-08-24T11:43:00-04:00	9.4100	9.3341	8054
2026-08-24T11:44:00-04:00	9.4300	9.3347	7430
2026-08-24T11:45:00-04:00	9.4400	9.3349	1643
2026-08-24T11:46:00-04:00	9.4450	9.3352	3067
2026-08-24T11:47:00-04:00	9.4700	9.3357	3969
2026-08-24T11:48:00-04:00	9.4700	9.3361	2166
2026-08-24T11:49:00-04:00	9.4600	9.3364	2691
2026-08-24T11:50:00-04:00	9.4500	9.3366	1854
2026-08-24T11:51:00-04:00	9.4600	9.3371	4253
2026-08-24T11:52:00-04:00	9.4600	9.3371	118
2026-08-24T11:53:00-04:00	9.4600	9.3374	2626
2026-08-24T11:54:00-04:00	9.4600	9.3378	3196
2026-08-24T11:55:00-04:00	9.4800	9.3385	5303
2026-08-24T11:56:00-04:00	9.4850	9.3387	933
2026-08-24T11:57:00-04:00	9.4600	9.3390	2956
2026-08-24T11:58:00-04:00	9.4500	9.3394	3306
2026-08-24T11:59:00-04:00	9.4400	9.3396	2489
2026-08-24T12:00:00-04:00	9.4500	9.3400	3138
2026-08-24T12:01:00-04:00	9.4400	9.3405	5146
2026-08-24T12:02:00-04:00	9.4400	9.3410	5733
2026-08-24T12:03:00-04:00	9.4600	9.3417	6248
2026-08-24T12:04:00-04:00	9.4800	9.3425	6401
2026-08-24T12:05:00-04:00	9.4750	9.3432	5218
2026-08-24T12:06:00-04:00	9.4800	9.3436	3017
2026-08-24T12:07:00-04:00	9.5000	9.3438	1714
2026-08-24T12:08:00-04:00	9.4800	9.3442	2815
2026-08-24T12:09:00-04:00	9.4800	9.3447	4390
2026-08-24T12:10:00-04:00	9.4800	9.3457	7949
2026-08-24T12:11:00-04:00	9.4750	9.3458	741
2026-08-24T12:12:00-04:00	9.4900	9.3466	6508
2026-08-24T12:13:00-04:00	9.4850	9.3468	1054
2026-08-24T12:14:00-04:00	9.5000	9.3476	6387
2026-08-24T12:15:00-04:00	9.5200	9.3486	6660
2026-08-24T12:16:00-04:00	9.5200	9.3489	1644
2026-08-24T12:17:00-04:00	9.5600	9.3499	5823
2026-08-24T12:18:00-04:00	9.6050	9.3530	14175
2026-08-24T12:19:00-04:00	9.6000	9.3532	912
2026-08-24T12:20:00-04:00	9.5900	9.3539	3254
2026-08-24T12:21:00-04:00	9.5950	9.3542	1520
2026-08-24T12:22:00-04:00	9.5950	9.3545	1174
2026-08-24T12:23:00-04:00	9.5900	9.3569	11997
2026-08-24T12:24:00-04:00	9.6050	9.3572	1381
2026-08-24T12:25:00-04:00	9.6100	9.3576	2067
2026-08-24T12:26:00-04:00	9.6100	9.3578	670
2026-08-24T12:27:00-04:00	9.5900	9.3595	8433
2026-08-24T12:28:00-04:00	9.5800	9.3608	6554
2026-08-24T12:29:00-04:00	9.6200	9.3626	8899
2026-08-24T12:30:00-04:00	9.6200	9.3630	1572
2026-08-24T12:31:00-04:00	9.6100	9.3684	24594
2026-08-24T12:32:00-04:00	9.6050	9.3693	4638
2026-08-24T12:33:00-04:00	9.6100	9.3695	1095
2026-08-24T12:34:00-04:00	9.6100	9.3698	1459
2026-08-24T12:35:00-04:00	9.6200	9.3702	1837
2026-08-24T12:36:00-04:00	9.6200	9.3706	2183
2026-08-24T12:37:00-04:00	9.6050	9.3714	3756
2026-08-24T12:38:00-04:00	9.6400	9.3733	9206
2026-08-24T12:39:00-04:00	9.6500	9.3747	6181
2026-08-24T12:40:00-04:00	9.6450	9.3753	2810
2026-08-24T12:41:00-04:00	9.6500	9.3776	10331
2026-08-24T12:42:00-04:00	9.6500	9.3779	1400
2026-08-24T12:43:00-04:00	9.6400	9.3785	2623
2026-08-24T12:44:00-04:00	9.6250	9.3808	11173
2026-08-24T12:45:00-04:00	9.6200	9.3821	6851
2026-08-24T12:46:00-04:00	9.6300	9.3825	2359
2026-08-24T12:47:00-04:00	9.6600	9.3832	3210
2026-08-24T12:48:00-04:00	9.6550	9.3841	3987
2026-08-24T12:49:00-04:00	9.6500	9.3852	5511
2026-08-24T12:50:00-04:00	9.6500	9.3856	1663
2026-08-24T12:51:00-04:00	9.6500	9.3858	1182
2026-08-24T12:52:00-04:00	9.6500	9.3863	2300
2026-08-24T12:53:00-04:00	9.6500	9.3866	1589
2026-08-24T12:54:00-04:00	9.6600	9.3874	4012
2026-08-24T12:55:00-04:00	9.6600	9.3879	2432
2026-08-24T12:56:00-04:00	9.6500	9.3899	9267
2026-08-24T12:57:00-04:00	9.6600	9.3904	2638
2026-08-24T12:58:00-04:00	9.6400	9.3948	22656
2026-08-24T12:59:00-04:00	9.6300	9.3952	2442
2026-08-24T13:00:00-04:00	9.6400	9.3969	9222
2026-08-24T13:01:00-04:00	9.6800	9.4008	18691
2026-08-24T13:02:00-04:00	9.6800	9.4024	7616
2026-08-24T13:03:00-04:00	9.6450	9.4034	5215
2026-08-24T13:04:00-04:00	9.6400	9.4037	1810
2026-08-24T13:05:00-04:00	9.6600	9.4074	20652
2026-08-24T13:06:00-04:00	9.6200	9.4111	23565
2026-08-24T13:07:00-04:00	9.6200	9.4116	3174
2026-08-24T13:08:00-04:00	9.6400	9.4121	2974
2026-08-24T13:09:00-04:00	9.6400	9.4123	1510
2026-08-24T13:10:00-04:00	9.6450	9.4129	3914
2026-08-24T13:11:00-04:00	9.6450	9.4134	3038
2026-08-24T13:12:00-04:00	9.6200	9.4139	3032
2026-08-24T13:13:00-04:00	9.6200	9.4150	7497
2026-08-24T13:14:00-04:00	9.6100	9.4153	2473
2026-08-24T13:15:00-04:00	9.6000	9.4159	4213
2026-08-24T13:16:00-04:00	9.5800	9.4167	6981
2026-08-24T13:17:00-04:00	9.5850	9.4171	3018
2026-08-24T13:18:00-04:00	9.5700	9.4174	2844
2026-08-24T13:19:00-04:00	9.5700	9.4177	3285
2026-08-24T13:20:00-04:00	9.5900	9.4184	5966
2026-08-24T13:21:00-04:00	9.5300	9.4191	8040
2026-08-24T13:22:00-04:00	9.5250	9.4192	2405
2026-08-24T13:23:00-04:00	9.5200	9.4193	1375
2026-08-24T13:24:00-04:00	9.5128	9.4195	2823
2026-08-24T13:25:00-04:00	9.5249	9.4198	3630
2026-08-24T13:26:00-04:00	9.5200	9.4199	1699
2026-08-24T13:27:00-04:00	9.5300	9.4202	5185
2026-08-24T13:28:00-04:00	9.5250	9.4204	2403
2026-08-24T13:29:00-04:00	9.5200	9.4206	2078
2026-08-24T13:30:00-04:00	9.5200	9.4207	2281
2026-08-24T13:31:00-04:00	9.5200	9.4209	3734
2026-08-24T13:32:00-04:00	9.5350	9.4223	18938
2026-08-24T13:33:00-04:00	9.5500	9.4229	6221
2026-08-24T13:34:00-04:00	9.5650	9.4234	6226
2026-08-24T13:35:00-04:00	9.5650	9.4237	2927
2026-08-24T13:36:00-04:00	9.5800	9.4241	4787
2026-08-24T13:37:00-04:00	9.5800	9.4243	1751
2026-08-24T13:38:00-04:00	9.5700	9.4245	2066
2026-08-24T13:39:00-04:00	9.5800	9.4248	2593
2026-08-24T13:40:00-04:00	9.6350	9.4279	25940
2026-08-24T13:41:00-04:00	9.6350	9.4282	1780
2026-08-24T13:42:00-04:00	9.5800	9.4302	19184
2026-08-24T13:43:00-04:00	9.5650	9.4305	4104
2026-08-24T13:44:00-04:00	9.5650	9.4307	1556
2026-08-24T13:45:00-04:00	9.5600	9.4308	1638
2026-08-24T13:46:00-04:00	9.5600	9.4310	2165
2026-08-24T13:47:00-04:00	9.5700	9.4316	7019
2026-08-24T13:48:00-04:00	9.5700	9.4317	1875
2026-08-24T13:49:00-04:00	9.5650	9.4321	3920
2026-08-24T13:50:00-04:00	9.5600	9.4323	2579
2026-08-24T13:51:00-04:00	9.5500	9.4327	5194
2026-08-24T13:52:00-04:00	9.5550	9.4329	3054
2026-08-24T13:53:00-04:00	9.5650	9.4331	3252
2026-08-24T13:54:00-04:00	9.5300	9.4339	10626
2026-08-24T13:55:00-04:00	9.5200	9.4340	3081
2026-08-24T13:56:00-04:00	9.5200	9.4342	2962
2026-08-24T13:57:00-04:00	9.5550	9.4343	1633
2026-08-24T13:58:00-04:00	9.5400	9.4345	2490
2026-08-24T13:59:00-04:00	9.5400	9.4348	4759
2026-08-24T14:00:00-04:00	9.5200	9.4350	4046
2026-08-24T14:01:00-04:00	9.5200	9.4352	4382
2026-08-24T14:02:00-04:00	9.5400	9.4353	1725
2026-08-24T14:03:00-04:00	9.5300	9.4354	698
2026-08-24T14:04:00-04:00	9.5350	9.4355	2949
2026-08-24T14:05:00-04:00	9.5700	9.4362	8837
2026-08-24T14:06:00-04:00	9.6200	9.4366	4173
2026-08-24T14:07:00-04:00	9.6050	9.4368	2310
2026-08-24T14:08:00-04:00	9.6050	9.4370	2088
2026-08-24T14:09:00-04:00	9.6050	9.4373	2296
2026-08-24T14:10:00-04:00	9.6600	9.4397	19751
2026-08-24T14:11:00-04:00	9.6900	9.4406	6377
2026-08-24T14:12:00-04:00	9.6900	9.4407	995
2026-08-24T14:13:00-04:00	9.6900	9.4413	3499
2026-08-24T14:14:00-04:00	9.6900	9.4415	1715
2026-08-24T14:15:00-04:00	9.6995	9.4419	2854
2026-08-24T14:16:00-04:00	9.7250	9.4532	71217
2026-08-24T14:17:00-04:00	9.7100	9.4550	12788
2026-08-24T14:18:00-04:00	9.7100	9.4553	2347
2026-08-24T14:19:00-04:00	9.8100	9.4680	72525
2026-08-24T14:20:00-04:00	9.7500	9.4697	11061
2026-08-24T14:21:00-04:00	9.7600	9.4704	4276
2026-08-24T14:22:00-04:00	9.7850	9.4712	4852
2026-08-24T14:23:00-04:00	9.7750	9.4719	4652
2026-08-24T14:24:00-04:00	9.7800	9.4727	4550
2026-08-24T14:25:00-04:00	9.7800	9.4728	947
2026-08-24T14:26:00-04:00	9.7600	9.4751	14734
2026-08-24T14:27:00-04:00	9.7400	9.4759	6400
2026-08-24T14:28:00-04:00	9.7200	9.4779	16076
2026-08-24T14:29:00-04:00	9.7400	9.4791	8824
2026-08-24T14:30:00-04:00	9.7500	9.4792	1259
2026-08-24T14:31:00-04:00	9.7250	9.4800	5511
2026-08-24T14:32:00-04:00	9.7300	9.4816	13065
2026-08-24T14:33:00-04:00	9.7100	9.4832	14152
2026-08-24T14:34:00-04:00	9.6900	9.4838	5387
2026-08-24T14:35:00-04:00	9.6350	9.4843	5982
2026-08-24T14:36:00-04:00	9.6000	9.4845	3439
2026-08-24T14:37:00-04:00	9.6100	9.4850	7909
2026-08-24T14:38:00-04:00	9.6200	9.4851	2239
2026-08-24T14:39:00-04:00	9.5900	9.4853	3548
2026-08-24T14:40:00-04:00	9.5900	9.4855	2133
2026-08-24T14:41:00-04:00	9.6000	9.4856	2687
2026-08-24T14:42:00-04:00	9.6000	9.4858	2813
2026-08-24T14:43:00-04:00	9.6200	9.4862	6930
2026-08-24T14:45:00-04:00	9.6300	9.4865	4879
2026-08-24T14:46:00-04:00	9.6150	9.4869	6691
2026-08-24T14:47:00-04:00	9.6100	9.4872	4873
2026-08-24T14:48:00-04:00	9.6100	9.4874	2668
2026-08-24T14:49:00-04:00	9.6100	9.4875	1704
2026-08-24T14:50:00-04:00	9.6100	9.4877	3097
2026-08-24T14:51:00-04:00	9.6250	9.4879	3694
2026-08-24T14:52:00-04:00	9.6200	9.4882	3928
2026-08-24T14:53:00-04:00	9.6300	9.4885	5132
2026-08-24T14:54:00-04:00	9.6300	9.4889	5564
2026-08-24T14:55:00-04:00	9.6300	9.4890	1996
2026-08-24T14:56:00-04:00	9.6250	9.4892	2293
2026-08-24T14:57:00-04:00	9.6150	9.4896	7382
2026-08-24T14:58:00-04:00	9.6150	9.4899	4418
2026-08-24T14:59:00-04:00	9.6000	9.4904	8926
2026-08-24T15:00:00-04:00	9.6050	9.4907	5179
2026-08-24T15:01:00-04:00	9.6300	9.4910	5583
2026-08-24T15:02:00-04:00	9.6650	9.4916	7982
2026-08-24T15:03:00-04:00	9.6600	9.4925	11345
2026-08-24T15:04:00-04:00	9.6600	9.4928	3754
2026-08-24T15:05:00-04:00	9.6800	9.4936	9286
2026-08-24T15:06:00-04:00	9.6950	9.4940	4353
2026-08-24T15:07:00-04:00	9.6600	9.4968	35798
2026-08-24T15:08:00-04:00	9.6600	9.4970	2816
2026-08-24T15:09:00-04:00	9.6500	9.4973	3355
2026-08-24T15:10:00-04:00	9.6400	9.4974	1364
2026-08-24T15:11:00-04:00	9.6500	9.4977	4683
2026-08-24T15:12:00-04:00	9.6550	9.4979	2909
2026-08-24T15:13:00-04:00	9.6700	9.4983	5347
2026-08-24T15:14:00-04:00	9.6600	9.4987	4668
2026-08-24T15:15:00-04:00	9.6500	9.4990	5413
2026-08-24T15:16:00-04:00	9.6500	9.4992	2794
2026-08-24T15:17:00-04:00	9.6500	9.4995	3794
2026-08-24T15:18:00-04:00	9.6550	9.4996	1819
2026-08-24T15:19:00-04:00	9.6550	9.4998	3161
2026-08-24T15:20:00-04:00	9.6700	9.5003	6312
2026-08-24T15:21:00-04:00	9.6700	9.5006	3635
2026-08-24T15:22:00-04:00	9.6850	9.5012	8484
2026-08-24T15:23:00-04:00	9.6800	9.5022	11675
2026-08-24T15:24:00-04:00	9.6750	9.5025	4436
2026-08-24T15:25:00-04:00	9.6850	9.5028	3747
2026-08-24T15:26:00-04:00	9.6850	9.5030	1721
2026-08-24T15:27:00-04:00	9.6950	9.5035	6440
2026-08-24T15:28:00-04:00	9.6800	9.5057	27671
2026-08-24T15:29:00-04:00	9.6458	9.5068	16404
2026-08-24T15:30:00-04:00	9.6700	9.5074	10137
2026-08-24T15:31:00-04:00	9.6800	9.5078	4530
2026-08-24T15:32:00-04:00	9.6800	9.5087	12672
2026-08-24T15:33:00-04:00	9.6700	9.5091	4993
2026-08-24T15:34:00-04:00	9.6500	9.5099	14943
2026-08-24T15:35:00-04:00	9.6700	9.5104	6569
2026-08-24T15:36:00-04:00	9.6800	9.5108	5523
2026-08-24T15:37:00-04:00	9.6700	9.5115	11044
2026-08-24T15:38:00-04:00	9.6800	9.5117	2983
2026-08-24T15:39:00-04:00	9.6850	9.5124	9681
2026-08-24T15:40:00-04:00	9.6700	9.5137	19283
2026-08-24T15:41:00-04:00	9.6650	9.5139	3520
2026-08-24T15:42:00-04:00	9.6650	9.5146	11320
2026-08-24T15:43:00-04:00	9.6750	9.5151	7820
2026-08-24T15:44:00-04:00	9.6750	9.5154	4707
2026-08-24T15:45:00-04:00	9.6700	9.5162	11869
2026-08-24T15:46:00-04:00	9.6550	9.5174	21046
2026-08-24T15:47:00-04:00	9.7000	9.5185	16019
2026-08-24T15:48:00-04:00	9.6657	9.5200	24223
2026-08-24T15:49:00-04:00	9.7250	9.5212	16590
2026-08-24T15:50:00-04:00	9.7150	9.5218	8620
2026-08-24T15:51:00-04:00	9.6950	9.5243	36404
2026-08-24T15:52:00-04:00	9.7200	9.5255	16042
2026-08-24T15:53:00-04:00	9.6700	9.5274	30756
2026-08-24T15:54:00-04:00	9.6500	9.5284	20606
2026-08-24T15:55:00-04:00	9.6300	9.5295	28467
2026-08-24T15:56:00-04:00	9.6800	9.5310	28946
2026-08-24T15:57:00-04:00	9.7350	9.5346	54375
2026-08-24T15:58:00-04:00	9.7500	9.5413	88649
2026-08-24T15:59:00-04:00	9.7800	9.5547	169438
2026-08-25T09:30:00-04:00	9.8400	9.8933	129434
2026-08-25T09:31:00-04:00	9.8450	9.8910	14239
2026-08-25T09:32:00-04:00	9.9000	9.8887	12906
2026-08-25T09:33:00-04:00	9.8450	9.8861	14841
2026-08-25T09:34:00-04:00	9.8050	9.8840	5696
2026-08-25T09:35:00-04:00	9.9000	9.8814	21558
2026-08-25T09:36:00-04:00	9.8200	9.8808	9662
2026-08-25T09:37:00-04:00	9.7850	9.8751	15181
2026-08-25T09:38:00-04:00	9.7300	9.8576	32672
2026-08-25T09:39:00-04:00	9.7100	9.8526	9273
2026-08-25T09:40:00-04:00	9.7500	9.8495	7383
2026-08-25T09:41:00-04:00	9.6350	9.8410	12884
2026-08-25T09:42:00-04:00	9.6050	9.8252	22018
2026-08-25T09:43:00-04:00	9.4501	9.8101	15007
2026-08-25T09:44:00-04:00	9.4900	9.7893	22202
2026-08-25T09:45:00-04:00	9.5500	9.7813	11125
2026-08-25T09:46:00-04:00	9.5800	9.7750	10639
2026-08-25T09:47:00-04:00	9.5850	9.7722	5420
2026-08-25T09:48:00-04:00	9.5800	9.7693	5926
2026-08-25T09:49:00-04:00	9.3600	9.7502	22246
2026-08-25T09:50:00-04:00	9.5300	9.7208	45727
2026-08-25T09:51:00-04:00	9.5301	9.7185	5184
2026-08-25T09:52:00-04:00	9.5050	9.7154	6912
2026-08-25T09:53:00-04:00	9.5000	9.7136	4008
2026-08-25T09:54:00-04:00	9.5440	9.7118	4891
2026-08-25T09:55:00-04:00	9.5700	9.7100	5921
2026-08-25T09:56:00-04:00	9.5650	9.7094	2110
2026-08-25T09:57:00-04:00	9.5500	9.7083	3577
2026-08-25T09:58:00-04:00	9.5690	9.7074	3082
2026-08-25T09:59:00-04:00	9.5340	9.7043	8681
2026-08-25T10:00:00-04:00	9.5500	9.7027	5131
2026-08-25T10:01:00-04:00	9.4900	9.6989	9908
2026-08-25T10:02:00-04:00	9.4100	9.6963	5004
2026-08-25T10:03:00-04:00	9.3700	9.6899	10772
2026-08-25T10:04:00-04:00	9.3450	9.6852	7170
2026-08-25T10:05:00-04:00	9.4000	9.6704	27876
2026-08-25T10:06:00-04:00	9.3700	9.6690	2491
2026-08-25T10:07:00-04:00	9.3501	9.6596	17204
2026-08-25T10:08:00-04:00	9.3400	9.6538	10694
2026-08-25T10:09:00-04:00	9.3400	9.6300	46056
2026-08-25T10:10:00-04:00	9.3600	9.6270	6834
2026-08-25T10:11:00-04:00	9.3600	9.6257	3197
2026-08-25T10:12:00-04:00	9.3550	9.6252	1303
2026-08-25T10:13:00-04:00	9.3400	9.6211	9079
2026-08-25T10:14:00-04:00	9.2700	9.6053	33173
2026-08-25T10:15:00-04:00	9.3250	9.6009	10170
2026-08-25T10:16:00-04:00	9.3200	9.5965	11686
2026-08-25T10:17:00-04:00	9.3200	9.5920	11214
2026-08-25T10:18:00-04:00	9.2800	9.5769	36652
2026-08-25T10:19:00-04:00	9.2800	9.5746	5807
2026-08-25T10:20:00-04:00	9.3000	9.5724	6328
2026-08-25T10:21:00-04:00	9.3200	9.5714	2988
2026-08-25T10:22:00-04:00	9.2850	9.5696	4897
2026-08-25T10:23:00-04:00	9.3000	9.5672	6922
2026-08-25T10:24:00-04:00	9.3300	9.5656	4937
2026-08-25T10:25:00-04:00	9.2900	9.5606	15092
2026-08-25T10:26:00-04:00	9.2900	9.5598	2502
2026-08-25T10:27:00-04:00	9.2700	9.5591	1910
2026-08-25T10:28:00-04:00	9.2600	9.5456	39432
2026-08-25T10:29:00-04:00	9.2650	9.5430	8148
2026-08-25T10:30:00-04:00	9.2600	9.5383	14131
2026-08-25T10:31:00-04:00	9.2300	9.5375	2178
2026-08-25T10:32:00-04:00	9.2689	9.5353	7066
2026-08-25T10:33:00-04:00	9.2650	9.5344	2817
2026-08-25T10:34:00-04:00	9.2478	9.5306	12318
2026-08-25T10:35:00-04:00	9.2350	9.5286	6076
2026-08-25T10:36:00-04:00	9.2500	9.5263	7132
2026-08-25T10:37:00-04:00	9.2599	9.5248	5170
2026-08-25T10:38:00-04:00	9.2700	9.5221	9029
2026-08-25T10:39:00-04:00	9.2450	9.5212	3313
2026-08-25T10:40:00-04:00	9.2400	9.5197	4787
2026-08-25T10:41:00-04:00	9.2500	9.5189	2977
2026-08-25T10:42:00-04:00	9.2600	9.5176	4295
2026-08-25T10:43:00-04:00	9.2400	9.5165	4031
2026-08-25T10:44:00-04:00	9.2800	9.5129	13548
2026-08-25T10:45:00-04:00	9.2800	9.5126	949
2026-08-25T10:46:00-04:00	9.2900	9.5095	13688
2026-08-25T10:47:00-04:00	9.2510	9.5086	3254
2026-08-25T10:48:00-04:00	9.2300	9.5052	12342
2026-08-25T10:49:00-04:00	9.2400	9.5044	2855
2026-08-25T10:50:00-04:00	9.2350	9.5034	3559
2026-08-25T10:51:00-04:00	9.2450	9.4990	17453
2026-08-25T10:52:00-04:00	9.2450	9.4985	1832
2026-08-25T10:53:00-04:00	9.2500	9.4975	4126
2026-08-25T10:54:00-04:00	9.2400	9.4969	2130
2026-08-25T10:55:00-04:00	9.2311	9.4963	2525
2026-08-25T10:56:00-04:00	9.2300	9.4951	4497
2026-08-25T10:57:00-04:00	9.2300	9.4925	10026
2026-08-25T10:58:00-04:00	9.2200	9.4917	3036
2026-08-25T10:59:00-04:00	9.2098	9.4906	4107
2026-08-25T11:00:00-04:00	9.2500	9.4880	10642
2026-08-25T11:01:00-04:00	9.2550	9.4877	1589
2026-08-25T11:02:00-04:00	9.2200	9.4859	7294
2026-08-25T11:03:00-04:00	9.2200	9.4848	4455
2026-08-25T11:04:00-04:00	9.2250	9.4843	1852
2026-08-25T11:05:00-04:00	9.2300	9.4834	3899
2026-08-25T11:06:00-04:00	9.2500	9.4824	4533
2026-08-25T11:07:00-04:00	9.2550	9.4809	6913
2026-08-25T11:08:00-04:00	9.2800	9.4802	3653
2026-08-25T11:09:00-04:00	9.2800	9.4787	8154
2026-08-25T11:10:00-04:00	9.3400	9.4765	16095
2026-08-25T11:11:00-04:00	9.3400	9.4760	4024
2026-08-25T11:12:00-04:00	9.3000	9.4753	5163
2026-08-25T11:13:00-04:00	9.3600	9.4740	10691
2026-08-25T11:14:00-04:00	9.3150	9.4735	3307
2026-08-25T11:15:00-04:00	9.3150	9.4728	5576
2026-08-25T11:16:00-04:00	9.3212	9.4727	833
2026-08-25T11:17:00-04:00	9.3200	9.4724	2047
2026-08-25T11:18:00-04:00	9.3500	9.4722	1894
2026-08-25T11:19:00-04:00	9.3500	9.4721	1008
2026-08-25T11:20:00-04:00	9.2700	9.4707	8545
2026-08-25T11:21:00-04:00	9.2600	9.4699	4826
2026-08-25T11:22:00-04:00	9.2402	9.4690	4431
2026-08-25T11:23:00-04:00	9.2300	9.4685	2604
2026-08-25T11:24:00-04:00	9.2300	9.4673	5948
2026-08-25T11:25:00-04:00	9.2350	9.4669	1876
2026-08-25T11:26:00-04:00	9.1950	9.4639	13689
2026-08-25T11:27:00-04:00	9.2100	9.4625	6294
2026-08-25T11:28:00-04:00	9.2200	9.4622	1626
2026-08-25T11:29:00-04:00	9.2400	9.4615	3461
2026-08-25T11:30:00-04:00	9.2200	9.4610	2794
2026-08-25T11:31:00-04:00	9.2200	9.4604	3032
2026-08-25T11:32:00-04:00	9.2100	9.4595	4087
2026-08-25T11:33:00-04:00	9.2300	9.4580	7637
2026-08-25T11:34:00-04:00	9.2350	9.4580	377
2026-08-25T11:35:00-04:00	9.2650	9.4575	3017
2026-08-25T11:36:00-04:00	9.2400	9.4570	2771
2026-08-25T11:37:00-04:00	9.2350	9.4564	3399
2026-08-25T11:38:00-04:00	9.2350	9.4563	498
2026-08-25T11:39:00-04:00	9.2350	9.4560	1761
2026-08-25T11:40:00-04:00	9.2300	9.4557	1588
2026-08-25T11:41:00-04:00	9.2100	9.4552	2544
2026-08-25T11:42:00-04:00	9.2300	9.4549	1602
2026-08-25T11:43:00-04:00	9.2100	9.4540	4641
2026-08-25T11:44:00-04:00	9.2200	9.4532	4227
2026-08-25T11:45:00-04:00	9.2100	9.4529	1684
2026-08-25T11:46:00-04:00	9.1800	9.4517	5644
2026-08-25T11:47:00-04:00	9.1850	9.4502	7052
2026-08-25T11:48:00-04:00	9.1800	9.4496	3178
2026-08-25T11:49:00-04:00	9.1800	9.4483	6072
2026-08-25T11:50:00-04:00	9.1850	9.4470	6511
2026-08-25T11:51:00-04:00	9.1700	9.4443	12509
2026-08-25T11:52:00-04:00	9.1800	9.4442	665
2026-08-25T11:53:00-04:00	9.1800	9.4438	1889
2026-08-25T11:54:00-04:00	9.1852	9.4428	4746
2026-08-25T11:55:00-04:00	9.1800	9.4408	9935
2026-08-25T11:56:00-04:00	9.2000	9.4359	26116
2026-08-25T11:57:00-04:00	9.2050	9.4351	4431
2026-08-25T11:58:00-04:00	9.1900	9.4345	3584
2026-08-25T11:59:00-04:00	9.1950	9.4342	1713
2026-08-25T12:00:00-04:00	9.2100	9.4338	2411
2026-08-25T12:01:00-04:00	9.2100	9.4333	2648
2026-08-25T12:02:00-04:00	9.2120	9.4327	4081
2026-08-25T12:03:00-04:00	9.2000	9.4301	15352
2026-08-25T12:04:00-04:00	9.1850	9.4295	3312
2026-08-25T12:05:00-04:00	9.1502	9.4173	62387
2026-08-25T12:06:00-04:00	9.1500	9.4150	12278
2026-08-25T12:07:00-04:00	9.1700	9.4148	1024
2026-08-25T12:08:00-04:00	9.1800	9.4143	3013
2026-08-25T12:09:00-04:00	9.1900	9.4142	1059
2026-08-25T12:10:00-04:00	9.1700	9.4130	6937
2026-08-25T12:11:00-04:00	9.1850	9.4127	1938
2026-08-25T12:12:00-04:00	9.1800	9.4110	10164
2026-08-25T12:13:00-04:00	9.1800	9.4085	16024
2026-08-25T12:14:00-04:00	9.1900	9.4080	3320
2026-08-25T12:15:00-04:00	9.2000	9.4079	1040
2026-08-25T12:16:00-04:00	9.1900	9.4067	7833
2026-08-25T12:17:00-04:00	9.1900	9.4062	3727
2026-08-25T12:18:00-04:00	9.2000	9.4056	4355
2026-08-25T12:19:00-04:00	9.2000	9.4051	3530
2026-08-25T12:20:00-04:00	9.2000	9.4047	2870
2026-08-25T12:21:00-04:00	9.1950	9.4022	18170
2026-08-25T12:22:00-04:00	9.1950	9.4019	1601
2026-08-25T12:23:00-04:00	9.1950	9.4018	774
2026-08-25T12:24:00-04:00	9.1900	9.4015	2634
2026-08-25T12:25:00-04:00	9.2200	9.4004	8343
2026-08-25T12:26:00-04:00	9.2100	9.3988	14384
2026-08-25T12:27:00-04:00	9.2100	9.3984	3172
2026-08-25T12:28:00-04:00	9.2200	9.3980	3473
2026-08-25T12:29:00-04:00	9.2150	9.3972	7158
2026-08-25T12:31:00-04:00	9.2000	9.3969	2380
2026-08-25T12:32:00-04:00	9.2100	9.3965	3311
2026-08-25T12:33:00-04:00	9.2195	9.3963	1735
2026-08-25T12:34:00-04:00	9.2200	9.3953	8694
2026-08-25T12:35:00-04:00	9.2100	9.3950	2745
2026-08-25T12:36:00-04:00	9.2200	9.3947	2459
2026-08-25T12:37:00-04:00	9.2200	9.3946	1273
2026-08-25T12:38:00-04:00	9.1900	9.3934	10282
2026-08-25T12:39:00-04:00	9.1950	9.3928	4184
2026-08-25T12:40:00-04:00	9.1850	9.3922	5144
2026-08-25T12:41:00-04:00	9.2000	9.3918	3096
2026-08-25T12:42:00-04:00	9.2000	9.3916	1399
2026-08-25T12:43:00-04:00	9.2150	9.3915	1473
2026-08-25T12:44:00-04:00	9.2100	9.3912	2053
2026-08-25T12:45:00-04:00	9.2200	9.3911	1385
2026-08-25T12:46:00-04:00	9.2400	9.3898	14271
2026-08-25T12:47:00-04:00	9.2200	9.3896	1854
2026-08-25T12:48:00-04:00	9.2250	9.3892	3733
2026-08-25T12:49:00-04:00	9.2300	9.3889	3031
2026-08-25T12:50:00-04:00	9.2200	9.3886	2884
2026-08-25T12:51:00-04:00	9.2200	9.3883	3334
2026-08-25T12:52:00-04:00	9.2250	9.3879	3797
2026-08-25T12:53:00-04:00	9.2250	9.3874	5421
2026-08-25T12:54:00-04:00	9.1950	9.3862	10432
2026-08-25T12:55:00-04:00	9.2106	9.3859	2848
2026-08-25T12:56:00-04:00	9.2275	9.3857	2140
2026-08-25T12:57:00-04:00	9.2250	9.3856	262
2026-08-25T12:58:00-04:00	9.2100	9.3846	9800
2026-08-25T12:59:00-04:00	9.2100	9.3840	6421
2026-08-25T13:00:00-04:00	9.2050	9.3838	1493
2026-08-25T13:01:00-04:00	9.2050	9.3836	1999
2026-08-25T13:02:00-04:00	9.2000	9.3834	1553
2026-08-25T13:03:00-04:00	9.2000	9.3830	3882
2026-08-25T13:04:00-04:00	9.2000	9.3827	2773
2026-08-25T13:05:00-04:00	9.2100	9.3823	3844
2026-08-25T13:06:00-04:00	9.2300	9.3820	3728
2026-08-25T13:07:00-04:00	9.2400	9.3817	3644
2026-08-25T13:08:00-04:00	9.2550	9.3816	1161
2026-08-25T13:09:00-04:00	9.2705	9.3815	1768
2026-08-25T13:10:00-04:00	9.2600	9.3813	2270
2026-08-25T13:11:00-04:00	9.2800	9.3812	2234
2026-08-25T13:12:00-04:00	9.3000	9.3806	13067
2026-08-25T13:13:00-04:00	9.3150	9.3804	5037
2026-08-25T13:14:00-04:00	9.3225	9.3803	787
2026-08-25T13:15:00-04:00	9.2900	9.3801	5396
2026-08-25T13:16:00-04:00	9.3100	9.3800	2586
2026-08-25T13:17:00-04:00	9.3300	9.3799	1918
2026-08-25T13:18:00-04:00	9.3250	9.3798	3719
2026-08-25T13:19:00-04:00	9.3250	9.3797	1952
2026-08-25T13:20:00-04:00	9.3100	9.3796	3136
2026-08-25T13:21:00-04:00	9.3000	9.3793	6286
2026-08-25T13:22:00-04:00	9.3100	9.3793	748
2026-08-25T13:23:00-04:00	9.3010	9.3792	2225
2026-08-25T13:24:00-04:00	9.2867	9.3788	7765
2026-08-25T13:26:00-04:00	9.2800	9.3787	2972
2026-08-25T13:27:00-04:00	9.2750	9.3785	2363
2026-08-25T13:28:00-04:00	9.2800	9.3784	1384
2026-08-25T13:29:00-04:00	9.2800	9.3784	1151
2026-08-25T13:30:00-04:00	9.2600	9.3780	5663
2026-08-25T13:31:00-04:00	9.2650	9.3779	2432
2026-08-25T13:32:00-04:00	9.2550	9.3777	2368
2026-08-25T13:33:00-04:00	9.2550	9.3776	1911
2026-08-25T13:34:00-04:00	9.2600	9.3773	4306
2026-08-25T13:35:00-04:00	9.2600	9.3772	1860
2026-08-25T13:36:00-04:00	9.2650	9.3769	4002
2026-08-25T13:37:00-04:00	9.2650	9.3769	468
2026-08-25T13:38:00-04:00	9.2700	9.3766	5266
2026-08-25T13:39:00-04:00	9.2800	9.3766	366
2026-08-25T13:40:00-04:00	9.2850	9.3764	2530
2026-08-25T13:41:00-04:00	9.2850	9.3756	20459
2026-08-25T13:42:00-04:00	9.2700	9.3754	2326
2026-08-25T13:43:00-04:00	9.2700	9.3752	4105
2026-08-25T13:44:00-04:00	9.2700	9.3750	3226
2026-08-25T13:45:00-04:00	9.2700	9.3748	3309
2026-08-25T13:46:00-04:00	9.2700	9.3747	2093
2026-08-25T13:47:00-04:00	9.2900	9.3742	10974
2026-08-25T13:48:00-04:00	9.2900	9.3737	10800
2026-08-25T13:49:00-04:00	9.2800	9.3736	1609
2026-08-25T13:50:00-04:00	9.2600	9.3734	3823
2026-08-25T13:51:00-04:00	9.2800	9.3733	1427
2026-08-25T13:52:00-04:00	9.2750	9.3731	3203
2026-08-25T13:53:00-04:00	9.2750	9.3731	1245
2026-08-25T13:54:00-04:00	9.2750	9.3730	1192
2026-08-25T13:55:00-04:00	9.2600	9.3725	8762
2026-08-25T13:56:00-04:00	9.2700	9.3724	1268
2026-08-25T13:57:00-04:00	9.2800	9.3723	2407
2026-08-25T13:58:00-04:00	9.2850	9.3721	4153
2026-08-25T13:59:00-04:00	9.2800	9.3718	5943
2026-08-25T14:00:00-04:00	9.2800	9.3717	1715
2026-08-25T14:01:00-04:00	9.2700	9.3715	3767
2026-08-25T14:02:00-04:00	9.2700	9.3714	2925
2026-08-25T14:03:00-04:00	9.2700	9.3713	1783
2026-08-25T14:04:00-04:00	9.2600	9.3709	7449
2026-08-25T14:05:00-04:00	9.2800	9.3706	6284
2026-08-25T14:06:00-04:00	9.2600	9.3700	10070
2026-08-25T14:07:00-04:00	9.2550	9.3698	4391
2026-08-25T14:08:00-04:00	9.2550	9.3697	510
2026-08-25T14:09:00-04:00	9.2600	9.3695	3622
2026-08-25T14:10:00-04:00	9.2600	9.3691	7348
2026-08-25T14:11:00-04:00	9.2500	9.3689	3320
2026-08-25T14:12:00-04:00	9.2600	9.3687	3804
2026-08-25T14:13:00-04:00	9.2500	9.3686	934
2026-08-25T14:14:00-04:00	9.2600	9.3686	1339
2026-08-25T14:15:00-04:00	9.2700	9.3684	3395
2026-08-25T14:16:00-04:00	9.2600	9.3683	1996
2026-08-25T14:17:00-04:00	9.2600	9.3682	876
2026-08-25T14:18:00-04:00	9.2700	9.3679	7697
2026-08-25T14:19:00-04:00	9.2900	9.3678	851
2026-08-25T14:20:00-04:00	9.2800	9.3676	5844
2026-08-25T14:21:00-04:00	9.2800	9.3675	1035
2026-08-25T14:22:00-04:00	9.2750	9.3673	4389
2026-08-25T14:23:00-04:00	9.2800	9.3671	4816
2026-08-25T14:24:00-04:00	9.2800	9.3668	8482
2026-08-25T14:25:00-04:00	9.2692	9.3664	7805
2026-08-25T14:26:00-04:00	9.2150	9.3651	17613
2026-08-25T14:27:00-04:00	9.2150	9.3650	1023
2026-08-25T14:28:00-04:00	9.2150	9.3650	721
2026-08-25T14:29:00-04:00	9.2700	9.3628	40975
2026-08-25T14:30:00-04:00	9.2550	9.3627	3405
2026-08-25T14:31:00-04:00	9.2500	9.3626	1040
2026-08-25T14:32:00-04:00	9.2400	9.3626	632
2026-08-25T14:33:00-04:00	9.2400	9.3624	2010
2026-08-25T14:34:00-04:00	9.2450	9.3622	4213
2026-08-25T14:35:00-04:00	9.2500	9.3621	1796
2026-08-25T14:36:00-04:00	9.2400	9.3617	6493
2026-08-25T14:37:00-04:00	9.2400	9.3617	1138
2026-08-25T14:38:00-04:00	9.2300	9.3614	3461
2026-08-25T14:39:00-04:00	9.2300	9.3613	1998
2026-08-25T14:40:00-04:00	9.2300	9.3611	4118
2026-08-25T14:41:00-04:00	9.2250	9.3609	1932
2026-08-25T14:42:00-04:00	9.2200	9.3608	1811
2026-08-25T14:43:00-04:00	9.2500	9.3608	592
2026-08-25T14:44:00-04:00	9.2200	9.3605	3609
2026-08-25T14:45:00-04:00	9.2400	9.3604	3414
2026-08-25T14:46:00-04:00	9.2500	9.3602	3477
2026-08-25T14:47:00-04:00	9.2600	9.3599	5451
2026-08-25T14:48:00-04:00	9.2700	9.3593	13070
2026-08-25T14:49:00-04:00	9.2700	9.3592	4083
2026-08-25T14:50:00-04:00	9.2700	9.3591	2754
2026-08-25T14:51:00-04:00	9.2700	9.3590	1281
2026-08-25T14:52:00-04:00	9.2750	9.3588	5270
2026-08-25T14:53:00-04:00	9.2100	9.3583	8414
2026-08-25T14:54:00-04:00	9.2150	9.3581	2876
2026-08-25T14:55:00-04:00	9.2350	9.3578	4258
2026-08-25T14:56:00-04:00	9.2400	9.3577	2604
2026-08-25T14:57:00-04:00	9.2500	9.3575	4760
2026-08-25T14:58:00-04:00	9.2700	9.3573	3131
2026-08-25T14:59:00-04:00	9.2600	9.3572	3751
2026-08-25T15:00:00-04:00	9.2500	9.3570	3118
2026-08-25T15:01:00-04:00	9.2500	9.3568	4624
2026-08-25T15:02:00-04:00	9.2600	9.3567	581
2026-08-25T15:03:00-04:00	9.2300	9.3565	3458
2026-08-25T15:04:00-04:00	9.2300	9.3564	1833
2026-08-25T15:05:00-04:00	9.2500	9.3562	3901
2026-08-25T15:06:00-04:00	9.2500	9.3560	5160
2026-08-25T15:07:00-04:00	9.2600	9.3559	2735
2026-08-25T15:08:00-04:00	9.2600	9.3558	1414
2026-08-25T15:09:00-04:00	9.2600	9.3557	3028
2026-08-25T15:10:00-04:00	9.2600	9.3554	5766
2026-08-25T15:11:00-04:00	9.2700	9.3552	5129
2026-08-25T15:12:00-04:00	9.2650	9.3551	2559
2026-08-25T15:13:00-04:00	9.2650	9.3551	1434
2026-08-25T15:14:00-04:00	9.2600	9.3549	4000
2026-08-25T15:15:00-04:00	9.2400	9.3546	5516
2026-08-25T15:16:00-04:00	9.2350	9.3543	5556
2026-08-25T15:17:00-04:00	9.2300	9.3541	4405
2026-08-25T15:18:00-04:00	9.2500	9.3538	5412
2026-08-25T15:19:00-04:00	9.2400	9.3537	2726
2026-08-25T15:20:00-04:00	9.2300	9.3535	3144
2026-08-25T15:21:00-04:00	9.2300	9.3531	6923
2026-08-25T15:22:00-04:00	9.2300	9.3529	4856
2026-08-25T15:23:00-04:00	9.2500	9.3528	1748
2026-08-25T15:24:00-04:00	9.2700	9.3527	2917
2026-08-25T15:25:00-04:00	9.2600	9.3526	2691
2026-08-25T15:26:00-04:00	9.2700	9.3524	3502
2026-08-25T15:27:00-04:00	9.2500	9.3523	3184
2026-08-25T15:28:00-04:00	9.2600	9.3520	6018
2026-08-25T15:29:00-04:00	9.2700	9.3519	3142
2026-08-25T15:30:00-04:00	9.2700	9.3517	5672
2026-08-25T15:31:00-04:00	9.2700	9.3514	10451
2026-08-25T15:32:00-04:00	9.2700	9.3512	4313
2026-08-25T15:33:00-04:00	9.2800	9.3510	7212
2026-08-25T15:34:00-04:00	9.2950	9.3508	6010
2026-08-25T15:35:00-04:00	9.3200	9.3505	17060
2026-08-25T15:36:00-04:00	9.3300	9.3505	2656
2026-08-25T15:37:00-04:00	9.3150	9.3504	4972
2026-08-25T15:38:00-04:00	9.2950	9.3502	9774
2026-08-25T15:39:00-04:00	9.2800	9.3500	7085
2026-08-25T15:40:00-04:00	9.3000	9.3498	11981
2026-08-25T15:41:00-04:00	9.3100	9.3497	3693
2026-08-25T15:42:00-04:00	9.3250	9.3495	15643
2026-08-25T15:43:00-04:00	9.3300	9.3495	3697
2026-08-25T15:44:00-04:00	9.3300	9.3494	1804
2026-08-25T15:45:00-04:00	9.3200	9.3493	15001
2026-08-25T15:46:00-04:00	9.3250	9.3492	9030
2026-08-25T15:47:00-04:00	9.3250	9.3491	5874
2026-08-25T15:48:00-04:00	9.3250	9.3490	9558
2026-08-25T15:49:00-04:00	9.3200	9.3489	5972
2026-08-25T15:50:00-04:00	9.3200	9.3487	17027
2026-08-25T15:51:00-04:00	9.3050	9.3484	14317
2026-08-25T15:52:00-04:00	9.3300	9.3482	21692
2026-08-25T15:53:00-04:00	9.3550	9.3482	13836
2026-08-25T15:54:00-04:00	9.3700	9.3484	25044
2026-08-25T15:55:00-04:00	9.3450	9.3484	28251
2026-08-25T15:56:00-04:00	9.3200	9.3481	40006
2026-08-25T15:57:00-04:00	9.3450	9.3479	41250
2026-08-25T15:58:00-04:00	9.3500	9.3479	32553
2026-08-25T15:59:00-04:00	9.3100	9.3470	80553
2026-08-26T09:30:00-04:00	9.2350	9.2100	56897
2026-08-26T09:31:00-04:00	9.3800	9.2256	8011
2026-08-26T09:32:00-04:00	9.4400	9.2348	3387
2026-08-26T09:33:00-04:00	9.4500	9.2440	3350
2026-08-26T09:34:00-04:00	9.4050	9.2716	12244
2026-08-26T09:35:00-04:00	9.4150	9.2786	4725
2026-08-26T09:36:00-04:00	9.3473	9.2808	2175
2026-08-26T09:37:00-04:00	9.3777	9.2828	1824
2026-08-26T09:38:00-04:00	9.5050	9.3204	21299
2026-08-26T09:39:00-04:00	9.4376	9.3234	2509
2026-08-26T09:40:00-04:00	9.4000	9.3292	7405
2026-08-26T09:41:00-04:00	9.3750	9.3299	1778
2026-08-26T09:42:00-04:00	9.3500	9.3303	2164
2026-08-26T09:43:00-04:00	9.3900	9.3308	1526
2026-08-26T09:44:00-04:00	9.3800	9.3315	1447
2026-08-26T09:45:00-04:00	9.3000	9.3309	86090
2026-08-26T09:46:00-04:00	9.3100	9.3306	2706
2026-08-26T09:47:00-04:00	9.3050	9.3305	651
2026-08-26T09:48:00-04:00	9.3055	9.3282	12376
2026-08-26T09:49:00-04:00	9.2900	9.3280	1514
2026-08-26T09:50:00-04:00	9.2890	9.3276	3413
2026-08-26T09:51:00-04:00	9.3600	9.3277	2921
2026-08-26T09:52:00-04:00	9.3500	9.3282	3750
2026-08-26T09:53:00-04:00	9.3850	9.3317	22122
2026-08-26T09:54:00-04:00	9.4000	9.3321	1921
2026-08-26T09:55:00-04:00	9.4200	9.3341	6710
2026-08-26T09:56:00-04:00	9.4100	9.3344	916
2026-08-26T09:57:00-04:00	9.4300	9.3349	1618
2026-08-26T09:58:00-04:00	9.3200	9.3358	23304
2026-08-26T09:59:00-04:00	9.3200	9.3358	432
2026-08-26T10:00:00-04:00	9.3300	9.3358	915
2026-08-26T10:01:00-04:00	9.3650	9.3360	5789
2026-08-26T10:02:00-04:00	9.3900	9.3361	888
2026-08-26T10:03:00-04:00	9.3700	9.3363	1209
2026-08-26T10:04:00-04:00	9.3900	9.3375	10854
2026-08-26T10:05:00-04:00	9.4300	9.3408	13669
2026-08-26T10:06:00-04:00	9.4100	9.3423	6456
2026-08-26T10:07:00-04:00	9.4050	9.3426	1615
2026-08-26T10:08:00-04:00	9.4050	9.3430	2215
2026-08-26T10:09:00-04:00	9.3600	9.3433	2998
2026-08-26T10:10:00-04:00	9.3300	9.3431	3826
2026-08-26T10:11:00-04:00	9.3700	9.3433	2073
2026-08-26T10:12:00-04:00	9.3500	9.3439	19783
2026-08-26T10:13:00-04:00	9.3400	9.3437	2746
2026-08-26T10:14:00-04:00	9.3100	9.3434	3517
2026-08-26T10:15:00-04:00	9.2700	9.3426	4144
2026-08-26T10:16:00-04:00	9.2950	9.3413	8624
2026-08-26T10:17:00-04:00	9.2750	9.3407	3711
2026-08-26T10:19:00-04:00	9.2600	9.3397	6169
2026-08-26T10:20:00-04:00	9.2350	9.3376	9296
2026-08-26T10:21:00-04:00	9.2200	9.3367	3302
2026-08-26T10:22:00-04:00	9.1900	9.3340	8439
2026-08-26T10:23:00-04:00	9.1900	9.3321	5430
2026-08-26T10:24:00-04:00	9.1900	9.3305	4881
2026-08-26T10:26:00-04:00	9.1800	9.3285	5348
2026-08-26T10:27:00-04:00	9.1800	9.3277	2570
2026-08-26T10:28:00-04:00	9.1700	9.3269	2224
2026-08-26T10:29:00-04:00	9.1650	9.3248	6110
2026-08-26T10:30:00-04:00	9.1600	9.3207	11356
2026-08-26T10:31:00-04:00	9.1400	9.3167	9874
2026-08-26T10:32:00-04:00	9.1699	9.3155	3688
2026-08-26T10:33:00-04:00	9.1400	9.3141	4009
2026-08-26T10:34:00-04:00	9.1599	9.3140	325
2026-08-26T10:35:00-04:00	9.1450	9.3127	3730
2026-08-26T10:36:00-04:00	9.1600	9.3115	3556
2026-08-26T10:37:00-04:00	9.1800	9.3105	3683
2026-08-26T10:38:00-04:00	9.1800	9.3098	2361
2026-08-26T10:39:00-04:00	9.1600	9.3087	3974
2026-08-26T10:40:00-04:00	9.1600	9.3077	3370
2026-08-26T10:41:00-04:00	9.1400	9.3068	2480
2026-08-26T10:42:00-04:00	9.1300	9.3039	8383
2026-08-26T10:43:00-04:00	9.1200	9.3013	6809
2026-08-26T10:44:00-04:00	9.1001	9.3003	2851
2026-08-26T10:45:00-04:00	9.1100	9.2986	4422
2026-08-26T10:46:00-04:00	9.1200	9.2977	2793
2026-08-26T10:47:00-04:00	9.1450	9.2958	6128
2026-08-26T10:48:00-04:00	9.1600	9.2955	1224
2026-08-26T10:49:00-04:00	9.1400	9.2953	846
2026-08-26T10:50:00-04:00	9.1450	9.2949	1356
2026-08-26T10:51:00-04:00	9.1450	9.2948	490
2026-08-26T10:52:00-04:00	9.1500	9.2946	675
2026-08-26T10:53:00-04:00	9.1500	9.2941	1836
2026-08-26T10:54:00-04:00	9.1400	9.2932	3182
2026-08-26T10:55:00-04:00	9.1500	9.2925	2755
2026-08-26T10:56:00-04:00	9.1850	9.2916	4287
2026-08-26T10:57:00-04:00	9.1850	9.2914	1367
2026-08-26T10:58:00-04:00	9.1700	9.2900	6867
2026-08-26T10:59:00-04:00	9.1850	9.2894	2877
2026-08-26T11:00:00-04:00	9.1850	9.2892	1391
2026-08-26T11:01:00-04:00	9.1850	9.2890	861
2026-08-26T11:02:00-04:00	9.1600	9.2885	2440
2026-08-26T11:03:00-04:00	9.1600	9.2878	3010
2026-08-26T11:04:00-04:00	9.1800	9.2871	3483
2026-08-26T11:05:00-04:00	9.1750	9.2868	1591
2026-08-26T11:06:00-04:00	9.1800	9.2851	8963
2026-08-26T11:07:00-04:00	9.2000	9.2847	2947
2026-08-26T11:08:00-04:00	9.2071	9.2843	2802
2026-08-26T11:09:00-04:00	9.2000	9.2840	1642
2026-08-26T11:10:00-04:00	9.1900	9.2831	5503
2026-08-26T11:11:00-04:00	9.1800	9.2830	994
2026-08-26T11:12:00-04:00	9.1700	9.2823	3449
2026-08-26T11:13:00-04:00	9.1600	9.2819	2072
2026-08-26T11:14:00-04:00	9.1400	9.2814	2245
2026-08-26T11:15:00-04:00	9.1400	9.2804	4707
2026-08-26T11:16:00-04:00	9.1500	9.2797	2948
2026-08-26T11:17:00-04:00	9.1600	9.2792	2889
2026-08-26T11:18:00-04:00	9.1550	9.2784	3833
2026-08-26T11:19:00-04:00	9.1700	9.2775	4830
2026-08-26T11:20:00-04:00	9.1650	9.2773	1342
2026-08-26T11:21:00-04:00	9.1650	9.2768	2822
2026-08-26T11:22:00-04:00	9.1700	9.2761	3658
2026-08-26T11:23:00-04:00	9.2000	9.2757	3236
2026-08-26T11:24:00-04:00	9.2001	9.2756	1249
2026-08-26T11:25:00-04:00	9.2300	9.2744	13862
2026-08-26T11:26:00-04:00	9.2300	9.2741	3434
2026-08-26T11:27:00-04:00	9.2700	9.2739	7544
2026-08-26T11:28:00-04:00	9.2501	9.2738	1734
2026-08-26T11:29:00-04:00	9.2600	9.2738	3267
2026-08-26T11:30:00-04:00	9.2600	9.2738	2562
2026-08-26T11:31:00-04:00	9.2474	9.2737	1497
2026-08-26T11:32:00-04:00	9.2300	9.2735	3525
2026-08-26T11:33:00-04:00	9.2350	9.2734	1188
2026-08-26T11:34:00-04:00	9.2400	9.2733	1865
2026-08-26T11:35:00-04:00	9.2437	9.2730	7467
2026-08-26T11:36:00-04:00	9.2200	9.2727	3668
2026-08-26T11:37:00-04:00	9.2300	9.2723	5535
2026-08-26T11:38:00-04:00	9.2200	9.2719	5317
2026-08-26T11:39:00-04:00	9.2200	9.2718	1503
2026-08-26T11:40:00-04:00	9.2117	9.2716	3129
2026-08-26T11:41:00-04:00	9.2200	9.2715	1617
2026-08-26T11:42:00-04:00	9.2400	9.2713	2899
2026-08-26T11:43:00-04:00	9.2350	9.2713	1083
2026-08-26T11:44:00-04:00	9.2200	9.2711	2840
2026-08-26T11:45:00-04:00	9.2200	9.2710	987
2026-08-26T11:46:00-04:00	9.2450	9.2708	4612
2026-08-26T11:47:00-04:00	9.2500	9.2706	3620
2026-08-26T11:48:00-04:00	9.2600	9.2706	1799
2026-08-26T11:49:00-04:00	9.2600	9.2706	3978
2026-08-26T11:50:00-04:00	9.2700	9.2706	1898
2026-08-26T11:51:00-04:00	9.2600	9.2705	1464
2026-08-26T11:52:00-04:00	9.2650	9.2705	2016
2026-08-26T11:53:00-04:00	9.2750	9.2705	3920
2026-08-26T11:54:00-04:00	9.2750	9.2706	5620
2026-08-26T11:55:00-04:00	9.2650	9.2706	4359
2026-08-26T11:56:00-04:00	9.2700	9.2706	801
2026-08-26T11:57:00-04:00	9.2650	9.2706	1165
2026-08-26T11:58:00-04:00	9.2700	9.2706	3789
2026-08-26T11:59:00-04:00	9.2700	9.2706	5642
2026-08-26T12:00:00-04:00	9.2450	9.2704	4645
2026-08-26T12:01:00-04:00	9.2400	9.2704	869
2026-08-26T12:02:00-04:00	9.2500	9.2704	1368
2026-08-26T12:03:00-04:00	9.2800	9.2704	3217
2026-08-26T12:04:00-04:00	9.2750	9.2704	1639
2026-08-26T12:05:00-04:00	9.2500	9.2703	7699
2026-08-26T12:06:00-04:00	9.2700	9.2703	1946
2026-08-26T12:07:00-04:00	9.2700	9.2703	1413
2026-08-26T12:08:00-04:00	9.2600	9.2702	2635
2026-08-26T12:09:00-04:00	9.2500	9.2702	2532
2026-08-26T12:10:00-04:00	9.2500	9.2700	8195
2026-08-26T12:11:00-04:00	9.2800	9.2700	6003
2026-08-26T12:12:00-04:00	9.2750	9.2700	470
2026-08-26T12:13:00-04:00	9.2450	9.2697	10378
2026-08-26T12:14:00-04:00	9.2400	9.2696	2975
2026-08-26T12:15:00-04:00	9.2500	9.2696	1749
2026-08-26T12:16:00-04:00	9.2500	9.2696	1163
2026-08-26T12:17:00-04:00	9.2500	9.2695	1860
2026-08-26T12:18:00-04:00	9.2600	9.2695	1654
2026-08-26T12:19:00-04:00	9.2600	9.2695	920
2026-08-26T12:20:00-04:00	9.2500	9.2694	2055
2026-08-26T12:21:00-04:00	9.2800	9.2694	3327
2026-08-26T12:22:00-04:00	9.2700	9.2695	4566
2026-08-26T12:23:00-04:00	9.2800	9.2695	1943
2026-08-26T12:24:00-04:00	9.2700	9.2695	3170
2026-08-26T12:25:00-04:00	9.2800	9.2696	1502
2026-08-26T12:26:00-04:00	9.2900	9.2696	1267
2026-08-26T12:27:00-04:00	9.2950	9.2697	4704
2026-08-26T12:28:00-04:00	9.3000	9.2698	2286
2026-08-26T12:29:00-04:00	9.3000	9.2699	2781
2026-08-26T12:30:00-04:00	9.3000	9.2699	403
2026-08-26T12:31:00-04:00	9.2900	9.2700	3524
2026-08-26T12:32:00-04:00	9.3000	9.2700	1252
2026-08-26T12:33:00-04:00	9.3000	9.2700	1259
2026-08-26T12:34:00-04:00	9.3050	9.2702	2646
2026-08-26T12:35:00-04:00	9.3100	9.2703	2770
2026-08-26T12:36:00-04:00	9.3085	9.2707	10283
2026-08-26T12:37:00-04:00	9.2950	9.2709	3557
2026-08-26T12:38:00-04:00	9.3100	9.2709	492
2026-08-26T12:39:00-04:00	9.2950	9.2709	1285
2026-08-26T12:40:00-04:00	9.2900	9.2709	606
2026-08-26T12:41:00-04:00	9.3000	9.2711	6973
2026-08-26T12:42:00-04:00	9.3000	9.2712	2266
2026-08-26T12:43:00-04:00	9.3000	9.2713	2378
2026-08-26T12:44:00-04:00	9.3100	9.2714	2366
2026-08-26T12:45:00-04:00	9.2850	9.2714	3672
2026-08-26T12:46:00-04:00	9.2850	9.2715	2197
2026-08-26T12:47:00-04:00	9.3100	9.2715	1900
2026-08-26T12:48:00-04:00	9.3100	9.2716	774
2026-08-26T12:49:00-04:00	9.3100	9.2716	1056
2026-08-26T12:50:00-04:00	9.3100	9.2717	950
2026-08-26T12:51:00-04:00	9.2900	9.2717	1961
2026-08-26T12:52:00-04:00	9.2800	9.2717	657
2026-08-26T12:53:00-04:00	9.2900	9.2717	110
2026-08-26T12:54:00-04:00	9.2800	9.2717	2235
2026-08-26T12:55:00-04:00	9.2750	9.2718	1153
2026-08-26T12:56:00-04:00	9.2800	9.2718	2008
2026-08-26T12:57:00-04:00	9.2900	9.2718	2458
2026-08-26T12:58:00-04:00	9.3000	9.2719	2798
2026-08-26T12:59:00-04:00	9.3000	9.2720	3111
2026-08-26T13:00:00-04:00	9.3000	9.2721	1746
2026-08-26T13:01:00-04:00	9.3100	9.2721	1336
2026-08-26T13:02:00-04:00	9.2750	9.2722	3745
2026-08-26T13:03:00-04:00	9.2750	9.2722	1306
2026-08-26T13:05:00-04:00	9.2900	9.2722	206
2026-08-26T13:06:00-04:00	9.3100	9.2723	5457
2026-08-26T13:07:00-04:00	9.3400	9.2730	9111
2026-08-26T13:08:00-04:00	9.3300	9.2730	863
2026-08-26T13:09:00-04:00	9.3250	9.2730	787
2026-08-26T13:10:00-04:00	9.3250	9.2731	391
2026-08-26T13:11:00-04:00	9.3250	9.2731	339
2026-08-26T13:12:00-04:00	9.3250	9.2731	564
2026-08-26T13:13:00-04:00	9.3050	9.2732	3181
2026-08-26T13:14:00-04:00	9.3100	9.2734	4475
2026-08-26T13:15:00-04:00	9.3050	9.2734	258
2026-08-26T13:16:00-04:00	9.3200	9.2735	2361
2026-08-26T13:17:00-04:00	9.3250	9.2736	990
2026-08-26T13:18:00-04:00	9.3100	9.2737	2232
2026-08-26T13:19:00-04:00	9.3200	9.2737	880
2026-08-26T13:20:00-04:00	9.3200	9.2738	635
2026-08-26T13:21:00-04:00	9.3400	9.2738	635
2026-08-26T13:22:00-04:00	9.3300	9.2739	1559
2026-08-26T13:23:00-04:00	9.3350	9.2742	5969
2026-08-26T13:24:00-04:00	9.3300	9.2743	762
2026-08-26T13:25:00-04:00	9.3150	9.2743	1678
2026-08-26T13:26:00-04:00	9.3200	9.2744	1463
2026-08-26T13:27:00-04:00	9.3300	9.2747	4246
2026-08-26T13:28:00-04:00	9.3300	9.2747	647
2026-08-26T13:29:00-04:00	9.3500	9.2749	3087
2026-08-26T13:30:00-04:00	9.3400	9.2751	2798
2026-08-26T13:31:00-04:00	9.3500	9.2751	459
2026-08-26T13:32:00-04:00	9.3500	9.2753	2056
2026-08-26T13:33:00-04:00	9.3199	9.2758	10722
2026-08-26T13:34:00-04:00	9.3200	9.2759	1477
2026-08-26T13:35:00-04:00	9.3150	9.2759	1770
2026-08-26T13:36:00-04:00	9.3150	9.2762	6711
2026-08-26T13:37:00-04:00	9.3450	9.2764	3796
2026-08-26T13:38:00-04:00	9.3450	9.2765	420
2026-08-26T13:39:00-04:00	9.3400	9.2766	2801
2026-08-26T13:40:00-04:00	9.3300	9.2767	1399
2026-08-26T13:41:00-04:00	9.3200	9.2768	1602
2026-08-26T13:42:00-04:00	9.3000	9.2769	4963
2026-08-26T13:43:00-04:00	9.3100	9.2770	3720
2026-08-26T13:44:00-04:00	9.2800	9.2771	14322
2026-08-26T13:46:00-04:00	9.2700	9.2771	5598
2026-08-26T13:47:00-04:00	9.2700	9.2771	602
2026-08-26T13:48:00-04:00	9.2600	9.2771	1648
2026-08-26T13:49:00-04:00	9.2600	9.2771	1297
2026-08-26T13:50:00-04:00	9.2600	9.2770	3844
2026-08-26T13:51:00-04:00	9.2650	9.2770	1319
2026-08-26T13:52:00-04:00	9.2600	9.2770	1783
2026-08-26T13:53:00-04:00	9.2599	9.2769	1560
2026-08-26T13:54:00-04:00	9.2550	9.2769	1803
2026-08-26T13:55:00-04:00	9.2500	9.2768	4086
2026-08-26T13:56:00-04:00	9.2600	9.2767	4710
2026-08-26T13:57:00-04:00	9.2403	9.2766	3415
2026-08-26T13:58:00-04:00	9.2500	9.2766	1516
2026-08-26T13:59:00-04:00	9.2550	9.2765	1931
2026-08-26T14:00:00-04:00	9.2850	9.2765	22308
2026-08-26T14:01:00-04:00	9.2850	9.2765	518
2026-08-26T14:02:00-04:00	9.2800	9.2766	4033
2026-08-26T14:03:00-04:00	9.2850	9.2766	1082
2026-08-26T14:04:00-04:00	9.2850	9.2766	798
2026-08-26T14:05:00-04:00	9.2800	9.2766	5018
2026-08-26T14:06:00-04:00	9.2900	9.2766	4110
2026-08-26T14:07:00-04:00	9.2850	9.2766	1903
2026-08-26T14:08:00-04:00	9.2900	9.2767	1158
2026-08-26T14:09:00-04:00	9.2900	9.2767	3216
2026-08-26T14:10:00-04:00	9.3000	9.2767	3540
2026-08-26T14:11:00-04:00	9.2900	9.2767	1361
2026-08-26T14:12:00-04:00	9.2900	9.2767	690
2026-08-26T14:13:00-04:00	9.2700	9.2767	5142
2026-08-26T14:14:00-04:00	9.2750	9.2767	524
2026-08-26T14:15:00-04:00	9.2750	9.2767	2482
2026-08-26T14:16:00-04:00	9.2750	9.2767	845
2026-08-26T14:17:00-04:00	9.2700	9.2767	483
2026-08-26T14:18:00-04:00	9.2750	9.2767	2734
2026-08-26T14:19:00-04:00	9.2750	9.2767	438
2026-08-26T14:20:00-04:00	9.2900	9.2768	2506
2026-08-26T14:21:00-04:00	9.2900	9.2768	100
2026-08-26T14:22:00-04:00	9.2800	9.2768	1369
2026-08-26T14:23:00-04:00	9.2700	9.2768	3961
2026-08-26T14:24:00-04:00	9.2500	9.2767	2229
2026-08-26T14:25:00-04:00	9.2550	9.2766	5593
2026-08-26T14:26:00-04:00	9.2700	9.2766	5391
2026-08-26T14:27:00-04:00	9.2700	9.2766	1641
2026-08-26T14:28:00-04:00	9.2700	9.2766	382
2026-08-26T14:29:00-04:00	9.2750	9.2766	2423
2026-08-26T14:30:00-04:00	9.2600	9.2765	3131
2026-08-26T14:31:00-04:00	9.2550	9.2765	498
2026-08-26T14:32:00-04:00	9.2700	9.2764	7688
2026-08-26T14:33:00-04:00	9.2800	9.2764	4871
2026-08-26T14:34:00-04:00	9.2600	9.2764	3590
2026-08-26T14:35:00-04:00	9.2800	9.2764	538
2026-08-26T14:36:00-04:00	9.2800	9.2764	4661
2026-08-26T14:38:00-04:00	9.2650	9.2764	1876
2026-08-26T14:39:00-04:00	9.2600	9.2764	1037
2026-08-26T14:40:00-04:00	9.2630	9.2764	2094
2026-08-26T14:41:00-04:00	9.2600	9.2763	1541
2026-08-26T14:42:00-04:00	9.2600	9.2763	758
2026-08-26T14:43:00-04:00	9.2700	9.2763	2002
2026-08-26T14:44:00-04:00	9.2700	9.2763	8200
2026-08-26T14:45:00-04:00	9.2850	9.2763	2139
2026-08-26T14:46:00-04:00	9.2850	9.2763	1342
2026-08-26T14:47:00-04:00	9.2700	9.2763	3443
2026-08-26T14:48:00-04:00	9.2700	9.2763	1867
2026-08-26T14:49:00-04:00	9.2700	9.2763	1989
2026-08-26T14:50:00-04:00	9.2700	9.2763	597
2026-08-26T14:51:00-04:00	9.2800	9.2763	490
2026-08-26T14:52:00-04:00	9.2700	9.2763	3455
2026-08-26T14:53:00-04:00	9.2600	9.2763	965
2026-08-26T14:54:00-04:00	9.2600	9.2762	5923
2026-08-26T14:55:00-04:00	9.2600	9.2761	1920
2026-08-26T14:56:00-04:00	9.2500	9.2761	1247
2026-08-26T14:57:00-04:00	9.2500	9.2761	1662
2026-08-26T14:58:00-04:00	9.2500	9.2760	5605
2026-08-26T15:00:00-04:00	9.2600	9.2760	1018
2026-08-26T15:01:00-04:00	9.2350	9.2757	8047
2026-08-26T15:02:00-04:00	9.2400	9.2757	2344
2026-08-26T15:03:00-04:00	9.2400	9.2756	2987
2026-08-26T15:04:00-04:00	9.2400	9.2754	8013
2026-08-26T15:05:00-04:00	9.2300	9.2753	1762
2026-08-26T15:06:00-04:00	9.2300	9.2750	7728
2026-08-26T15:07:00-04:00	9.2300	9.2750	1049
2026-08-26T15:08:00-04:00	9.2300	9.2749	1312
2026-08-26T15:09:00-04:00	9.2100	9.2747	4970
2026-08-26T15:10:00-04:00	9.2000	9.2747	134
2026-08-26T15:11:00-04:00	9.2000	9.2743	5696
2026-08-26T15:12:00-04:00	9.1900	9.2737	9126
2026-08-26T15:13:00-04:00	9.1800	9.2736	1435
2026-08-26T15:14:00-04:00	9.1800	9.2734	3244
2026-08-26T15:15:00-04:00	9.1700	9.2731	3355
2026-08-26T15:16:00-04:00	9.1950	9.2728	5056
2026-08-26T15:17:00-04:00	9.1838	9.2725	4004
2026-08-26T15:18:00-04:00	9.1800	9.2723	3852
2026-08-26T15:19:00-04:00	9.1900	9.2717	8439
2026-08-26T15:20:00-04:00	9.1850	9.2716	1655
2026-08-26T15:21:00-04:00	9.1800	9.2714	2036
2026-08-26T15:22:00-04:00	9.1950	9.2712	4612
2026-08-26T15:23:00-04:00	9.1900	9.2711	2018
2026-08-26T15:24:00-04:00	9.1900	9.2710	1094
2026-08-26T15:25:00-04:00	9.2100	9.2709	1741
2026-08-26T15:26:00-04:00	9.1900	9.2708	1848
2026-08-26T15:27:00-04:00	9.2000	9.2705	6886
2026-08-26T15:28:00-04:00	9.2000	9.2704	844
2026-08-26T15:29:00-04:00	9.2300	9.2701	7553
2026-08-26T15:30:00-04:00	9.2300	9.2698	11879
2026-08-26T15:31:00-04:00	9.2700	9.2697	4410
2026-08-26T15:32:00-04:00	9.2600	9.2697	2451
2026-08-26T15:33:00-04:00	9.2550	9.2697	6106
2026-08-26T15:34:00-04:00	9.2500	9.2696	4635
2026-08-26T15:35:00-04:00	9.2550	9.2696	4762
2026-08-26T15:36:00-04:00	9.2500	9.2695	7618
2026-08-26T15:37:00-04:00	9.2500	9.2694	3583
2026-08-26T15:38:00-04:00	9.2500	9.2693	14773
2026-08-26T15:39:00-04:00	9.2400	9.2692	2820
2026-08-26T15:40:00-04:00	9.2350	9.2689	10932
2026-08-26T15:41:00-04:00	9.2300	9.2689	2950
2026-08-26T15:42:00-04:00	9.2400	9.2687	7440
2026-08-26T15:43:00-04:00	9.2100	9.2685	7483
2026-08-26T15:44:00-04:00	9.2000	9.2682	5715
2026-08-26T15:45:00-04:00	9.1800	9.2672	18552
2026-08-26T15:46:00-04:00	9.1800	9.2669	3879
2026-08-26T15:47:00-04:00	9.1700	9.2663	9482
2026-08-26T15:48:00-04:00	9.1800	9.2658	8384
2026-08-26T15:49:00-04:00	9.1900	9.2654	7102
2026-08-26T15:50:00-04:00	9.1700	9.2649	9168
2026-08-26T15:51:00-04:00	9.1850	9.2642	11570
2026-08-26T15:52:00-04:00	9.1750	9.2637	8569
2026-08-26T15:53:00-04:00	9.1800	9.2626	19253
2026-08-26T15:54:00-04:00	9.1850	9.2621	9980
2026-08-26T15:55:00-04:00	9.1750	9.2615	12342
2026-08-26T15:56:00-04:00	9.1450	9.2595	30551
2026-08-26T15:57:00-04:00	9.1650	9.2564	51918
2026-08-26T15:58:00-04:00	9.1550	9.2533	50358
2026-08-26T15:59:00-04:00	9.1200	9.2471	93675
2026-08-27T09:30:00-04:00	9.2600	9.2833	35560
2026-08-27T09:31:00-04:00	9.4000	9.2924	4344
2026-08-27T09:32:00-04:00	9.3000	9.2998	21590
2026-08-27T09:33:00-04:00	9.3200	9.3002	1398
2026-08-27T09:34:00-04:00	9.1600	9.2912	7602
2026-08-27T09:35:00-04:00	9.1700	9.2894	1070
2026-08-27T09:36:00-04:00	9.2300	9.2876	1663
2026-08-27T09:37:00-04:00	9.2700	9.2866	2183
2026-08-27T09:38:00-04:00	9.1800	9.2790	7951
2026-08-27T09:39:00-04:00	9.2001	9.2745	6465
2026-08-27T09:40:00-04:00	9.2300	9.2727	2964
2026-08-27T09:41:00-04:00	9.2500	9.2726	542
2026-08-27T09:42:00-04:00	9.2700	9.2726	1246
2026-08-27T09:43:00-04:00	9.2800	9.2723	4497
2026-08-27T09:44:00-04:00	9.2800	9.2725	2705
2026-08-27T09:45:00-04:00	9.2800	9.2728	2680
2026-08-27T09:46:00-04:00	9.2600	9.2726	3876
2026-08-27T09:47:00-04:00	9.2350	9.2721	1428
2026-08-27T09:48:00-04:00	9.2400	9.2709	2916
2026-08-27T09:49:00-04:00	9.2150	9.2687	3771
2026-08-27T09:50:00-04:00	9.2699	9.2685	1994
2026-08-27T09:51:00-04:00	9.2200	9.2677	2401
2026-08-27T09:52:00-04:00	9.1200	9.2434	29388
2026-08-27T09:53:00-04:00	9.1250	9.1972	87921
2026-08-27T09:54:00-04:00	9.1250	9.1960	4552
2026-08-27T09:55:00-04:00	9.0950	9.1876	22007
2026-08-27T09:56:00-04:00	9.0900	9.1868	2199
2026-08-27T09:57:00-04:00	9.0700	9.1832	8602
2026-08-27T09:58:00-04:00	9.0600	9.1734	25160
2026-08-27T09:59:00-04:00	9.0600	9.1712	6034
2026-08-27T10:00:00-04:00	9.0500	9.1641	18448
2026-08-27T10:01:00-04:00	9.0900	9.1619	8156
2026-08-27T10:02:00-04:00	9.0780	9.1615	2107
2026-08-27T10:03:00-04:00	9.1000	9.1586	15572
2026-08-27T10:04:00-04:00	9.1200	9.1579	10780
2026-08-27T10:05:00-04:00	9.0900	9.1574	3363
2026-08-27T10:06:00-04:00	9.1000	9.1565	4687
2026-08-27T10:08:00-04:00	9.0950	9.1560	3210
2026-08-27T10:09:00-04:00	9.0850	9.1554	3356
2026-08-27T10:10:00-04:00	9.0850	9.1546	4800
2026-08-27T10:11:00-04:00	9.0750	9.1526	9117
2026-08-27T10:12:00-04:00	9.0700	9.1522	2048
2026-08-27T10:13:00-04:00	9.0950	9.1513	5890
2026-08-27T10:14:00-04:00	9.1100	9.1509	3701
2026-08-27T10:15:00-04:00	9.1900	9.1515	13910
2026-08-27T10:16:00-04:00	9.1550	9.1519	23867
2026-08-27T10:17:00-04:00	9.2156	9.1524	4582
2026-08-27T10:18:00-04:00	9.2450	9.1587	35895
2026-08-27T10:19:00-04:00	9.1800	9.1596	10979
2026-08-27T10:20:00-04:00	9.1800	9.1596	158
2026-08-27T10:21:00-04:00	9.1500	9.1596	3243
2026-08-27T10:22:00-04:00	9.1300	9.1594	5288
2026-08-27T10:23:00-04:00	9.1500	9.1593	1243
2026-08-27T10:24:00-04:00	9.1700	9.1593	3984
2026-08-27T10:25:00-04:00	9.2100	9.1596	5643
2026-08-27T10:26:00-04:00	9.2100	9.1597	859
2026-08-27T10:27:00-04:00	9.2200	9.1598	1214
2026-08-27T10:28:00-04:00	9.2250	9.1599	307
2026-08-27T10:29:00-04:00	9.2300	9.1606	5580
2026-08-27T10:30:00-04:00	9.2200	9.1615	6702
2026-08-27T10:31:00-04:00	9.2200	9.1618	3540
2026-08-27T10:32:00-04:00	9.2200	9.1619	689
2026-08-27T10:33:00-04:00	9.2100	9.1621	2339
2026-08-27T10:34:00-04:00	9.2100	9.1624	3113
2026-08-27T10:35:00-04:00	9.2100	9.1630	5968
2026-08-27T10:36:00-04:00	9.2000	9.1630	933
2026-08-27T10:37:00-04:00	9.2200	9.1632	1975
2026-08-27T10:38:00-04:00	9.2000	9.1634	2564
2026-08-27T10:39:00-04:00	9.1600	9.1634	2334
2026-08-27T10:40:00-04:00	9.1750	9.1634	1095
2026-08-27T10:41:00-04:00	9.1857	9.1636	6571
2026-08-27T10:42:00-04:00	9.1750	9.1637	1742
2026-08-27T10:43:00-04:00	9.1750	9.1637	753
2026-08-27T10:44:00-04:00	9.1700	9.1637	1432
2026-08-27T10:45:00-04:00	9.1700	9.1638	3133
2026-08-27T10:46:00-04:00	9.1900	9.1638	657
2026-08-27T10:47:00-04:00	9.1850	9.1639	2739
2026-08-27T10:49:00-04:00	9.1900	9.1641	4542
2026-08-27T10:50:00-04:00	9.1450	9.1640	4828
2026-08-27T10:51:00-04:00	9.1600	9.1639	10789
2026-08-27T10:52:00-04:00	9.1600	9.1639	3517
2026-08-27T10:53:00-04:00	9.2000	9.1641	2260
2026-08-27T10:54:00-04:00	9.2100	9.1641	946
2026-08-27T10:55:00-04:00	9.1500	9.1641	4565
2026-08-27T10:56:00-04:00	9.2100	9.1643	1827
2026-08-27T10:57:00-04:00	9.1800	9.1644	2925
2026-08-27T10:58:00-04:00	9.1900	9.1644	1319
2026-08-27T10:59:00-04:00	9.2050	9.1647	3049
2026-08-27T11:00:00-04:00	9.2300	9.1648	1486
2026-08-27T11:01:00-04:00	9.2400	9.1649	1087
2026-08-27T11:02:00-04:00	9.2300	9.1650	1351
2026-08-27T11:04:00-04:00	9.2199	9.1652	1912
2026-08-27T11:05:00-04:00	9.2000	9.1653	1734
2026-08-27T11:06:00-04:00	9.2050	9.1655	2225
2026-08-27T11:07:00-04:00	9.2200	9.1656	1113
2026-08-27T11:08:00-04:00	9.1900	9.1656	1372
2026-08-27T11:09:00-04:00	9.2100	9.1657	554
2026-08-27T11:10:00-04:00	9.2450	9.1669	10364
2026-08-27T11:11:00-04:00	9.2700	9.1671	1579
2026-08-27T11:12:00-04:00	9.2500	9.1695	14937
2026-08-27T11:13:00-04:00	9.2010	9.1701	8570
2026-08-27T11:14:00-04:00	9.2324	9.1704	3292
2026-08-27T11:15:00-04:00	9.2400	9.1705	1473
2026-08-27T11:16:00-04:00	9.2700	9.1709	2902
2026-08-27T11:17:00-04:00	9.2850	9.1713	2143
2026-08-27T11:18:00-04:00	9.3000	9.1734	11657
2026-08-27T11:19:00-04:00	9.2928	9.1738	1799
2026-08-27T11:20:00-04:00	9.3102	9.1740	1172
2026-08-27T11:21:00-04:00	9.2700	9.1749	5914
2026-08-27T11:22:00-04:00	9.2700	9.1751	1348
2026-08-27T11:23:00-04:00	9.2900	9.1754	2117
2026-08-27T11:24:00-04:00	9.2700	9.1756	1354
2026-08-27T11:25:00-04:00	9.2900	9.1760	2681
2026-08-27T11:26:00-04:00	9.3300	9.1770	5180
2026-08-27T11:27:00-04:00	9.3700	9.1779	3424
2026-08-27T11:28:00-04:00	9.3550	9.1787	2861
2026-08-27T11:29:00-04:00	9.3700	9.1790	1281
2026-08-27T11:30:00-04:00	9.3600	9.1792	959
2026-08-27T11:31:00-04:00	9.3800	9.1801	3101
2026-08-27T11:32:00-04:00	9.3650	9.1803	944
2026-08-27T11:33:00-04:00	9.3400	9.1810	2673
2026-08-27T11:34:00-04:00	9.3350	9.1826	7698
2026-08-27T11:35:00-04:00	9.3200	9.1834	3922
2026-08-27T11:36:00-04:00	9.3350	9.1838	1679
2026-08-27T11:37:00-04:00	9.3350	9.1842	2111
2026-08-27T11:38:00-04:00	9.3550	9.1848	2371
2026-08-27T11:39:00-04:00	9.3500	9.1851	1461
2026-08-27T11:40:00-04:00	9.3100	9.1868	8549
2026-08-27T11:41:00-04:00	9.2950	9.1871	1904
2026-08-27T11:42:00-04:00	9.2900	9.1888	12481
2026-08-27T11:43:00-04:00	9.2550	9.1891	2208
2026-08-27T11:44:00-04:00	9.2200	9.1893	6079
2026-08-27T11:45:00-04:00	9.2400	9.1895	2768
2026-08-27T11:46:00-04:00	9.2400	9.1895	473
2026-08-27T11:47:00-04:00	9.2500	9.1896	517
2026-08-27T11:48:00-04:00	9.2300	9.1896	568
2026-08-27T11:49:00-04:00	9.2200	9.1900	6466
2026-08-27T11:50:00-04:00	9.2494	9.1901	2733
2026-08-27T11:51:00-04:00	9.2350	9.1902	2054
2026-08-27T11:52:00-04:00	9.2350	9.1903	536
2026-08-27T11:53:00-04:00	9.2350	9.1904	2085
2026-08-27T11:54:00-04:00	9.2200	9.1905	2311
2026-08-27T11:55:00-04:00	9.2600	9.1910	5065
2026-08-27T11:56:00-04:00	9.2430	9.1911	1665
2026-08-27T11:57:00-04:00	9.2600	9.1911	508
2026-08-27T11:58:00-04:00	9.2650	9.1912	1092
2026-08-27T11:59:00-04:00	9.2700	9.1914	1432
2026-08-27T12:00:00-04:00	9.2600	9.1915	1716
2026-08-27T12:01:00-04:00	9.2400	9.1917	2912
2026-08-27T12:02:00-04:00	9.2500	9.1918	1476
2026-08-27T12:03:00-04:00	9.2500	9.1920	2611
2026-08-27T12:04:00-04:00	9.2600	9.1920	346
2026-08-27T12:05:00-04:00	9.2400	9.1921	902
2026-08-27T12:06:00-04:00	9.2600	9.1923	2854
2026-08-27T12:07:00-04:00	9.2600	9.1923	100
2026-08-27T12:08:00-04:00	9.2500	9.1926	3359
2026-08-27T12:10:00-04:00	9.2450	9.1926	250
2026-08-27T12:11:00-04:00	9.2350	9.1927	2792
2026-08-27T12:12:00-04:00	9.2300	9.1928	1138
2026-08-27T12:13:00-04:00	9.2300	9.1928	322
2026-08-27T12:14:00-04:00	9.2200	9.1928	1696
2026-08-27T12:15:00-04:00	9.2200	9.1929	1095
2026-08-27T12:16:00-04:00	9.2200	9.1929	1348
2026-08-27T12:17:00-04:00	9.2250	9.1929	388
2026-08-27T12:18:00-04:00	9.2100	9.1930	3754
2026-08-27T12:20:00-04:00	9.2200	9.1935	13170
2026-08-27T12:21:00-04:00	9.2000	9.1940	26077
2026-08-27T12:22:00-04:00	9.2200	9.1940	957
2026-08-27T12:23:00-04:00	9.2300	9.1941	2281
2026-08-27T12:24:00-04:00	9.2300	9.1942	467
2026-08-27T12:25:00-04:00	9.2300	9.1942	1234
2026-08-27T12:26:00-04:00	9.2150	9.1942	100
2026-08-27T12:27:00-04:00	9.2300	9.1942	763
2026-08-27T12:28:00-04:00	9.2200	9.1943	653
2026-08-27T12:29:00-04:00	9.2400	9.1944	2382
2026-08-27T12:30:00-04:00	9.2250	9.1945	3502
2026-08-27T12:31:00-04:00	9.2200	9.1945	557
2026-08-27T12:32:00-04:00	9.2100	9.1945	809
2026-08-27T12:33:00-04:00	9.2300	9.1946	3422
2026-08-27T12:34:00-04:00	9.2300	9.1947	2098
2026-08-27T12:35:00-04:00	9.2300	9.1947	521
2026-08-27T12:36:00-04:00	9.2100	9.1948	1499
2026-08-27T12:37:00-04:00	9.2243	9.1948	790
2026-08-27T12:38:00-04:00	9.2200	9.1948	1265
2026-08-27T12:39:00-04:00	9.2150	9.1949	943
2026-08-27T12:40:00-04:00	9.2200	9.1949	773
2026-08-27T12:41:00-04:00	9.2200	9.1949	1540
2026-08-27T12:42:00-04:00	9.2250	9.1950	2042
2026-08-27T12:43:00-04:00	9.2100	9.1950	1304
2026-08-27T12:44:00-04:00	9.2250	9.1951	569
2026-08-27T12:45:00-04:00	9.2250	9.1951	1297
2026-08-27T12:46:00-04:00	9.2200	9.1952	2295
2026-08-27T12:47:00-04:00	9.2300	9.1952	660
2026-08-27T12:48:00-04:00	9.2300	9.1952	1649
2026-08-27T12:49:00-04:00	9.2300	9.1953	1545
2026-08-27T12:50:00-04:00	9.2300	9.1953	897
2026-08-27T12:51:00-04:00	9.2400	9.1955	3170
2026-08-27T12:52:00-04:00	9.2300	9.1956	2617
2026-08-27T12:53:00-04:00	9.2300	9.1956	930
2026-08-27T12:54:00-04:00	9.2350	9.1957	2621
2026-08-27T12:55:00-04:00	9.2350	9.1957	228
2026-08-27T12:56:00-04:00	9.2050	9.1959	7549
2026-08-27T12:57:00-04:00	9.2060	9.1959	3536
2026-08-27T12:58:00-04:00	9.2100	9.1960	8183
2026-08-27T12:59:00-04:00	9.2000	9.1960	1880
2026-08-27T13:00:00-04:00	9.1900	9.1960	984
2026-08-27T13:01:00-04:00	9.2000	9.1960	7115
2026-08-27T13:02:00-04:00	9.2000	9.1960	3412
2026-08-27T13:03:00-04:00	9.2050	9.1961	2524
2026-08-27T13:04:00-04:00	9.2000	9.1961	1900
2026-08-27T13:05:00-04:00	9.2000	9.1961	535
2026-08-27T13:06:00-04:00	9.1800	9.1960	8891
2026-08-27T13:07:00-04:00	9.1800	9.1960	913
2026-08-27T13:08:00-04:00	9.2000	9.1960	3006
2026-08-27T13:10:00-04:00	9.2000	9.1960	1051
2026-08-27T13:11:00-04:00	9.1900	9.1959	882
2026-08-27T13:12:00-04:00	9.1950	9.1960	3739
2026-08-27T13:13:00-04:00	9.1800	9.1959	551
2026-08-27T13:14:00-04:00	9.1900	9.1959	2032
2026-08-27T13:15:00-04:00	9.1900	9.1959	783
2026-08-27T13:16:00-04:00	9.1900	9.1959	2286
2026-08-27T13:17:00-04:00	9.1800	9.1959	1399
2026-08-27T13:18:00-04:00	9.1700	9.1958	3134
2026-08-27T13:19:00-04:00	9.1600	9.1958	470
2026-08-27T13:20:00-04:00	9.1650	9.1958	1254
2026-08-27T13:21:00-04:00	9.1700	9.1957	2136
2026-08-27T13:22:00-04:00	9.1673	9.1957	964
2026-08-27T13:23:00-04:00	9.1700	9.1956	2180
2026-08-27T13:24:00-04:00	9.1700	9.1956	381
2026-08-27T13:25:00-04:00	9.1800	9.1956	2299
2026-08-27T13:26:00-04:00	9.1800	9.1955	1697
2026-08-27T13:27:00-04:00	9.1800	9.1955	3097
2026-08-27T13:28:00-04:00	9.1700	9.1954	2096
2026-08-27T13:29:00-04:00	9.1800	9.1954	3174
2026-08-27T13:30:00-04:00	9.1750	9.1954	474
2026-08-27T13:31:00-04:00	9.1740	9.1952	6158
2026-08-27T13:33:00-04:00	9.1850	9.1952	1158
2026-08-27T13:34:00-04:00	9.1740	9.1952	2228
2026-08-27T13:35:00-04:00	9.1700	9.1952	924
2026-08-27T13:36:00-04:00	9.1651	9.1951	821
2026-08-27T13:37:00-04:00	9.1700	9.1951	501
2026-08-27T13:38:00-04:00	9.1700	9.1950	5102
2026-08-27T13:39:00-04:00	9.1600	9.1950	1081
2026-08-27T13:40:00-04:00	9.1700	9.1949	194
2026-08-27T13:41:00-04:00	9.1650	9.1949	847
2026-08-27T13:42:00-04:00	9.1800	9.1948	5671
2026-08-27T13:43:00-04:00	9.1800	9.1948	490
2026-08-27T13:44:00-04:00	9.1800	9.1948	695
2026-08-27T13:45:00-04:00	9.2000	9.1948	6978
2026-08-27T13:46:00-04:00	9.2000	9.1948	583
2026-08-27T13:47:00-04:00	9.2000	9.1948	6956
2026-08-27T13:48:00-04:00	9.2000	9.1948	522
2026-08-27T13:49:00-04:00	9.2100	9.1948	3057
2026-08-27T13:50:00-04:00	9.2100	9.1948	241
2026-08-27T13:51:00-04:00	9.2100	9.1949	3113
2026-08-27T13:52:00-04:00	9.2097	9.1949	757
2026-08-27T13:53:00-04:00	9.2000	9.1949	2172
2026-08-27T13:54:00-04:00	9.1900	9.1949	1427
2026-08-27T13:55:00-04:00	9.1917	9.1949	677
2026-08-27T13:56:00-04:00	9.1800	9.1949	543
2026-08-27T13:57:00-04:00	9.1850	9.1949	1369
2026-08-27T13:58:00-04:00	9.1700	9.1948	1840
2026-08-27T14:00:00-04:00	9.1700	9.1948	2155
2026-08-27T14:01:00-04:00	9.1600	9.1947	1812
2026-08-27T14:03:00-04:00	9.1700	9.1947	931
2026-08-27T14:04:00-04:00	9.1600	9.1947	1045
2026-08-27T14:05:00-04:00	9.1800	9.1945	7724
2026-08-27T14:06:00-04:00	9.1700	9.1945	1172
2026-08-27T14:07:00-04:00	9.1850	9.1945	735
2026-08-27T14:08:00-04:00	9.2000	9.1945	3124
2026-08-27T14:09:00-04:00	9.2103	9.1946	10673
2026-08-27T14:10:00-04:00	9.2100	9.1947	9222
2026-08-27T14:11:00-04:00	9.2200	9.1948	2649
2026-08-27T14:12:00-04:00	9.2250	9.1949	2317
2026-08-27T14:14:00-04:00	9.2399	9.1953	11570
2026-08-27T14:15:00-04:00	9.2201	9.1953	576
2026-08-27T14:16:00-04:00	9.2200	9.1953	263
2026-08-27T14:17:00-04:00	9.2450	9.1954	1989
2026-08-27T14:18:00-04:00	9.2400	9.1956	5572
2026-08-27T14:19:00-04:00	9.2522	9.1960	8095
2026-08-27T14:20:00-04:00	9.2600	9.1961	548
2026-08-27T14:21:00-04:00	9.2600	9.1968	12425
2026-08-27T14:22:00-04:00	9.2550	9.1975	14127
2026-08-27T14:23:00-04:00	9.3200	9.2009	38495
2026-08-27T14:24:00-04:00	9.3300	9.2011	2933
2026-08-27T14:25:00-04:00	9.3350	9.2014	2648
2026-08-27T14:26:00-04:00	9.2600	9.2027	17954
2026-08-27T14:27:00-04:00	9.2350	9.2027	2101
2026-08-27T14:28:00-04:00	9.2400	9.2028	930
2026-08-27T14:29:00-04:00	9.2500	9.2029	2540
2026-08-27T14:30:00-04:00	9.2450	9.2029	1390
2026-08-27T14:31:00-04:00	9.2300	9.2030	2140
2026-08-27T14:32:00-04:00	9.2300	9.2030	1177
2026-08-27T14:33:00-04:00	9.2400	9.2030	905
2026-08-27T14:34:00-04:00	9.1900	9.2030	3290
2026-08-27T14:35:00-04:00	9.2000	9.2030	943
2026-08-27T14:36:00-04:00	9.2000	9.2030	1622
2026-08-27T14:37:00-04:00	9.2100	9.2030	3721
2026-08-27T14:38:00-04:00	9.2200	9.2030	2164
2026-08-27T14:39:00-04:00	9.2200	9.2031	3408
2026-08-27T14:40:00-04:00	9.2300	9.2031	1208
2026-08-27T14:41:00-04:00	9.2100	9.2031	3018
2026-08-27T14:42:00-04:00	9.2000	9.2031	1242
2026-08-27T14:43:00-04:00	9.1901	9.2031	1014
2026-08-27T14:44:00-04:00	9.1900	9.2031	1029
2026-08-27T14:45:00-04:00	9.1986	9.2030	5630
2026-08-27T14:46:00-04:00	9.1800	9.2030	2313
2026-08-27T14:47:00-04:00	9.1750	9.2030	679
2026-08-27T14:48:00-04:00	9.1900	9.2030	3055
2026-08-27T14:49:00-04:00	9.2100	9.2030	1629
2026-08-27T14:50:00-04:00	9.1950	9.2030	1166
2026-08-27T14:51:00-04:00	9.1950	9.2029	1469
2026-08-27T14:52:00-04:00	9.1950	9.2029	686
2026-08-27T14:53:00-04:00	9.1950	9.2029	2737
2026-08-27T14:54:00-04:00	9.1800	9.2029	1192
2026-08-27T14:55:00-04:00	9.1900	9.2029	2187
2026-08-27T14:56:00-04:00	9.1700	9.2028	1675
2026-08-27T14:57:00-04:00	9.1900	9.2028	950
2026-08-27T14:58:00-04:00	9.2159	9.2028	13174
2026-08-27T14:59:00-04:00	9.2100	9.2028	1997
2026-08-27T15:00:00-04:00	9.1850	9.2024	25854
2026-08-27T15:01:00-04:00	9.1850	9.2024	1169
2026-08-27T15:02:00-04:00	9.2000	9.2024	4350
2026-08-27T15:03:00-04:00	9.2200	9.2024	1940
2026-08-27T15:04:00-04:00	9.2200	9.2025	3536
2026-08-27T15:05:00-04:00	9.2100	9.2025	1903
2026-08-27T15:06:00-04:00	9.2300	9.2025	2095
2026-08-27T15:07:00-04:00	9.2200	9.2025	2791
2026-08-27T15:08:00-04:00	9.2100	9.2026	3525
2026-08-27T15:09:00-04:00	9.2100	9.2026	1851
2026-08-27T15:10:00-04:00	9.2139	9.2026	1502
2026-08-27T15:11:00-04:00	9.2100	9.2026	1193
2026-08-27T15:12:00-04:00	9.2100	9.2026	1791
2026-08-27T15:13:00-04:00	9.2200	9.2027	6570
2026-08-27T15:14:00-04:00	9.2650	9.2029	5554
2026-08-27T15:15:00-04:00	9.2650	9.2029	1124
2026-08-27T15:16:00-04:00	9.2500	9.2031	3040
2026-08-27T15:17:00-04:00	9.2500	9.2031	350
2026-08-27T15:18:00-04:00	9.2650	9.2031	1419
2026-08-27T15:19:00-04:00	9.2500	9.2034	7069
2026-08-27T15:20:00-04:00	9.2400	9.2035	2207
2026-08-27T15:21:00-04:00	9.2400	9.2035	338
2026-08-27T15:22:00-04:00	9.2500	9.2035	1203
2026-08-27T15:23:00-04:00	9.2400	9.2036	3558
2026-08-27T15:24:00-04:00	9.2300	9.2037	1851
2026-08-27T15:25:00-04:00	9.2350	9.2038	6302
2026-08-27T15:26:00-04:00	9.2400	9.2038	1750
2026-08-27T15:27:00-04:00	9.2200	9.2041	18122
2026-08-27T15:28:00-04:00	9.2350	9.2044	17449
2026-08-27T15:29:00-04:00	9.2500	9.2045	4347
2026-08-27T15:30:00-04:00	9.2800	9.2051	11326
2026-08-27T15:31:00-04:00	9.2600	9.2053	5211
2026-08-27T15:32:00-04:00	9.2800	9.2058	10256
2026-08-27T15:33:00-04:00	9.2850	9.2060	3749
2026-08-27T15:34:00-04:00	9.2700	9.2071	23252
2026-08-27T15:35:00-04:00	9.2600	9.2077	16712
2026-08-27T15:36:00-04:00	9.2600	9.2078	1603
2026-08-27T15:37:00-04:00	9.2800	9.2090	30424
2026-08-27T15:38:00-04:00	9.3100	9.2093	5796
2026-08-27T15:39:00-04:00	9.3300	9.2102	10689
2026-08-27T15:40:00-04:00	9.3200	9.2113	15054
2026-08-27T15:41:00-04:00	9.3250	9.2116	4699
2026-08-27T15:42:00-04:00	9.3500	9.2129	15111
2026-08-27T15:43:00-04:00	9.3600	9.2133	4926
2026-08-27T15:44:00-04:00	9.3300	9.2149	19846
2026-08-27T15:45:00-04:00	9.3000	9.2154	7901
2026-08-27T15:46:00-04:00	9.2950	9.2156	4549
2026-08-27T15:47:00-04:00	9.2905	9.2158	5139
2026-08-27T15:48:00-04:00	9.2850	9.2161	6591
2026-08-27T15:49:00-04:00	9.2850	9.2164	7688
2026-08-27T15:50:00-04:00	9.2850	9.2168	8664
2026-08-27T15:51:00-04:00	9.2705	9.2171	9825
2026-08-27T15:52:00-04:00	9.2800	9.2178	19626
2026-08-27T15:53:00-04:00	9.2750	9.2182	11699
2026-08-27T15:54:00-04:00	9.2950	9.2186	8750
2026-08-27T15:55:00-04:00	9.2500	9.2189	13360
2026-08-27T15:56:00-04:00	9.2300	9.2191	12533
2026-08-27T15:57:00-04:00	9.2250	9.2192	23858
2026-08-27T15:58:00-04:00	9.2000	9.2190	47460
2026-08-27T15:59:00-04:00	9.2000	9.2183	80722
2026-08-28T09:30:00-04:00	9.2700	9.2400	55665
2026-08-28T09:31:00-04:00	9.2800	9.2427	4461
2026-08-28T09:32:00-04:00	9.1900	9.2388	19726
2026-08-28T09:33:00-04:00	9.2000	9.2360	4743
2026-08-28T09:34:00-04:00	9.2000	9.2341	3658
2026-08-28T09:35:00-04:00	9.2250	9.2326	4991
2026-08-28T09:36:00-04:00	9.1550	9.2277	7017
2026-08-28T09:37:00-04:00	9.1700	9.2244	5057
2026-08-28T09:38:00-04:00	9.1700	9.2230	2775
2026-08-28T09:39:00-04:00	9.1850	9.2219	3413
2026-08-28T09:40:00-04:00	9.1650	9.2201	3978
2026-08-28T09:41:00-04:00	9.1850	9.2177	6796
2026-08-28T09:42:00-04:00	9.0900	9.2079	12570
2026-08-28T09:43:00-04:00	9.1499	9.2061	3312
2026-08-28T09:44:00-04:00	9.1150	9.2056	786
2026-08-28T09:45:00-04:00	9.1399	9.2006	9682
2026-08-28T09:46:00-04:00	9.1100	9.1961	7332
2026-08-28T09:47:00-04:00	9.1200	9.1957	760
2026-08-28T09:48:00-04:00	9.1200	9.1951	1331
2026-08-28T09:49:00-04:00	9.1900	9.1947	3103
2026-08-28T09:50:00-04:00	9.1900	9.1945	3150
2026-08-28T09:51:00-04:00	9.2100	9.1953	17206
2026-08-28T09:52:00-04:00	9.2000	9.1953	3090
2026-08-28T09:53:00-04:00	9.2400	9.1959	3369
2026-08-28T09:54:00-04:00	9.2500	9.1963	1359
2026-08-28T09:55:00-04:00	9.3000	9.1975	2455
2026-08-28T09:56:00-04:00	9.3300	9.2122	22165
2026-08-28T09:57:00-04:00	9.3472	9.2229	18342
2026-08-28T09:58:00-04:00	9.3600	9.2265	6613
2026-08-28T09:59:00-04:00	9.3400	9.2293	5687
2026-08-28T10:00:00-04:00	9.3750	9.2323	5689
2026-08-28T10:01:00-04:00	9.2500	9.2337	6428
2026-08-28T10:02:00-04:00	9.2450	9.2339	2611
2026-08-28T10:03:00-04:00	9.1900	9.2335	3035
2026-08-28T10:04:00-04:00	9.2100	9.2328	5820
2026-08-28T10:05:00-04:00	9.1900	9.2324	3198
2026-08-28T10:06:00-04:00	9.1500	9.2310	5807
2026-08-28T10:07:00-04:00	9.1800	9.2305	2457
2026-08-28T10:08:00-04:00	9.1700	9.2301	1816
2026-08-28T10:09:00-04:00	9.1600	9.2291	4342
2026-08-28T10:10:00-04:00	9.1500	9.2286	1918
2026-08-28T10:11:00-04:00	9.1350	9.2283	725
2026-08-28T10:12:00-04:00	9.1400	9.2275	2385
2026-08-28T10:13:00-04:00	9.1100	9.2269	1520
2026-08-28T10:14:00-04:00	9.1300	9.2258	2976
2026-08-28T10:15:00-04:00	9.1400	9.2255	1051
2026-08-28T10:16:00-04:00	9.1700	9.2246	4249
2026-08-28T10:17:00-04:00	9.1600	9.2230	9032
2026-08-28T10:18:00-04:00	9.1700	9.2223	3188
2026-08-28T10:19:00-04:00	9.1900	9.2221	1866
2026-08-28T10:20:00-04:00	9.2250	9.2220	3444
2026-08-28T10:22:00-04:00	9.2550	9.2223	4993
2026-08-28T10:23:00-04:00	9.2000	9.2222	4305
2026-08-28T10:24:00-04:00	9.2200	9.2222	1695
2026-08-28T10:25:00-04:00	9.2650	9.2232	12186
2026-08-28T10:26:00-04:00	9.2900	9.2235	1627
2026-08-28T10:27:00-04:00	9.2500	9.2240	3594
2026-08-28T10:28:00-04:00	9.2550	9.2242	2098
2026-08-28T10:29:00-04:00	9.2800	9.2244	1900
2026-08-28T10:30:00-04:00	9.3250	9.2258	5340
2026-08-28T10:31:00-04:00	9.3100	9.2262	1874
2026-08-28T10:32:00-04:00	9.3250	9.2271	3308
2026-08-28T10:33:00-04:00	9.3450	9.2279	2435
2026-08-28T10:34:00-04:00	9.3300	9.2285	2156
2026-08-28T10:35:00-04:00	9.3620	9.2307	6252
2026-08-28T10:36:00-04:00	9.3800	9.2320	3503
2026-08-28T10:37:00-04:00	9.3650	9.2361	10985
2026-08-28T10:38:00-04:00	9.3438	9.2368	2560
2026-08-28T10:39:00-04:00	9.3250	9.2375	2948
2026-08-28T10:40:00-04:00	9.3300	9.2380	2081
2026-08-28T10:41:00-04:00	9.3000	9.2385	2805
2026-08-28T10:42:00-04:00	9.3100	9.2388	1665
2026-08-28T10:43:00-04:00	9.3250	9.2391	1520
2026-08-28T10:44:00-04:00	9.3300	9.2429	15166
2026-08-28T10:45:00-04:00	9.3250	9.2433	1836
2026-08-28T10:46:00-04:00	9.3450	9.2443	4319
2026-08-28T10:47:00-04:00	9.3200	9.2449	2907
2026-08-28T10:48:00-04:00	9.3004	9.2450	831
2026-08-28T10:49:00-04:00	9.3250	9.2453	1932
2026-08-28T10:50:00-04:00	9.3400	9.2458	2236
2026-08-28T10:51:00-04:00	9.3400	9.2474	7176
2026-08-28T10:52:00-04:00	9.3350	9.2481	3875
2026-08-28T10:53:00-04:00	9.3250	9.2493	6913
2026-08-28T10:54:00-04:00	9.3050	9.2495	1475
2026-08-28T10:55:00-04:00	9.3100	9.2498	2222
2026-08-28T10:56:00-04:00	9.3150	9.2502	3410
2026-08-28T10:57:00-04:00	9.3004	9.2504	1681
2026-08-28T10:59:00-04:00	9.3000	9.2507	2433
2026-08-28T11:00:00-04:00	9.3000	9.2510	2960
2026-08-28T11:01:00-04:00	9.2750	9.2513	3545
2026-08-28T11:02:00-04:00	9.2600	9.2513	1761
2026-08-28T11:03:00-04:00	9.2600	9.2514	1831
2026-08-28T11:04:00-04:00	9.2400	9.2513	8255
2026-08-28T11:05:00-04:00	9.2700	9.2514	5546
2026-08-28T11:06:00-04:00	9.2750	9.2514	812
2026-08-28T11:07:00-04:00	9.2500	9.2514	2392
2026-08-28T11:08:00-04:00	9.2700	9.2516	4681
2026-08-28T11:09:00-04:00	9.2700	9.2518	3734
2026-08-28T11:10:00-04:00	9.2800	9.2518	1020
2026-08-28T11:11:00-04:00	9.2700	9.2519	2450
2026-08-28T11:12:00-04:00	9.2900	9.2521	2538
2026-08-28T11:13:00-04:00	9.2950	9.2522	1112
2026-08-28T11:14:00-04:00	9.2506	9.2524	7928
2026-08-28T11:18:00-04:00	9.2650	9.2524	1664
2026-08-28T11:19:00-04:00	9.2600	9.2524	1422
2026-08-28T11:20:00-04:00	9.3200	9.2529	4654
2026-08-28T11:21:00-04:00	9.2900	9.2533	4142
2026-08-28T11:22:00-04:00	9.2850	9.2534	2276
2026-08-28T11:23:00-04:00	9.2900	9.2535	1036
2026-08-28T11:24:00-04:00	9.2800	9.2536	2709
2026-08-28T11:25:00-04:00	9.2800	9.2537	1194
2026-08-28T11:26:00-04:00	9.2900	9.2538	1391
2026-08-28T11:27:00-04:00	9.2700	9.2538	1457
2026-08-28T11:28:00-04:00	9.2790	9.2544	13680
2026-08-28T11:29:00-04:00	9.2800	9.2544	644
2026-08-28T11:30:00-04:00	9.2700	9.2545	3072
2026-08-28T11:31:00-04:00	9.2800	9.2547	6141
2026-08-28T11:32:00-04:00	9.2600	9.2548	901
2026-08-28T11:33:00-04:00	9.2700	9.2548	884
2026-08-28T11:34:00-04:00	9.2600	9.2548	793
2026-08-28T11:35:00-04:00	9.2750	9.2549	4559
2026-08-28T11:36:00-04:00	9.2800	9.2551	3900
2026-08-28T11:37:00-04:00	9.2600	9.2552	5861
2026-08-28T11:38:00-04:00	9.2700	9.2553	3233
2026-08-28T11:39:00-04:00	9.2731	9.2554	3012
2026-08-28T11:40:00-04:00	9.2600	9.2554	755
2026-08-28T11:41:00-04:00	9.2400	9.2553	2326
2026-08-28T11:42:00-04:00	9.2400	9.2550	15399
2026-08-28T11:43:00-04:00	9.2400	9.2548	6326
2026-08-28T11:44:00-04:00	9.2300	9.2547	1288
2026-08-28T11:45:00-04:00	9.2100	9.2545	4655
2026-08-28T11:46:00-04:00	9.2200	9.2540	6746
2026-08-28T11:47:00-04:00	9.2050	9.2536	5482
2026-08-28T11:48:00-04:00	9.2000	9.2531	6035
2026-08-28T11:49:00-04:00	9.2000	9.2529	2060
2026-08-28T11:50:00-04:00	9.2050	9.2523	9204
2026-08-28T11:51:00-04:00	9.1900	9.2517	6258
2026-08-28T11:52:00-04:00	9.1900	9.2515	2401
2026-08-28T11:53:00-04:00	9.1800	9.2511	3611
2026-08-28T11:54:00-04:00	9.1800	9.2508	2546
2026-08-28T11:55:00-04:00	9.1600	9.2503	3478
2026-08-28T11:56:00-04:00	9.1600	9.2495	5800
2026-08-28T11:57:00-04:00	9.1400	9.2484	7340
2026-08-28T11:58:00-04:00	9.1500	9.2480	2420
2026-08-28T11:59:00-04:00	9.1600	9.2475	4061
2026-08-28T12:00:00-04:00	9.1632	9.2471	2738
2026-08-28T12:01:00-04:00	9.1600	9.2467	3137
2026-08-28T12:02:00-04:00	9.1761	9.2466	1038
2026-08-28T12:03:00-04:00	9.1950	9.2461	6308
2026-08-28T12:04:00-04:00	9.1756	9.2457	4140
2026-08-28T12:05:00-04:00	9.1700	9.2450	5541
2026-08-28T12:07:00-04:00	9.1899	9.2449	1887
2026-08-28T12:08:00-04:00	9.1800	9.2448	1322
2026-08-28T12:09:00-04:00	9.1750	9.2444	3940
2026-08-28T12:10:00-04:00	9.1650	9.2438	5425
2026-08-28T12:11:00-04:00	9.1600	9.2436	1967
2026-08-28T12:12:00-04:00	9.1700	9.2434	1525
2026-08-28T12:13:00-04:00	9.1700	9.2433	1393
2026-08-28T12:14:00-04:00	9.1600	9.2429	3696
2026-08-28T12:15:00-04:00	9.1500	9.2424	3459
2026-08-28T12:16:00-04:00	9.1500	9.2423	1210
2026-08-28T12:17:00-04:00	9.1400	9.2420	1978
2026-08-28T12:18:00-04:00	9.1399	9.2417	2378
2026-08-28T12:19:00-04:00	9.1350	9.2415	842
2026-08-28T12:20:00-04:00	9.1350	9.2410	4143
2026-08-28T12:21:00-04:00	9.1300	9.2408	1022
2026-08-28T12:22:00-04:00	9.1100	9.2387	12875
2026-08-28T12:23:00-04:00	9.1100	9.2384	1717
2026-08-28T12:24:00-04:00	9.1100	9.2379	2538
2026-08-28T12:25:00-04:00	9.1100	9.2379	271
2026-08-28T12:26:00-04:00	9.1200	9.2373	3590
2026-08-28T12:27:00-04:00	9.1400	9.2369	3031
2026-08-28T12:28:00-04:00	9.1411	9.2366	2768
2026-08-28T12:29:00-04:00	9.1500	9.2364	1366
2026-08-28T12:30:00-04:00	9.1400	9.2358	4297
2026-08-28T12:31:00-04:00	9.1300	9.2356	1670
2026-08-28T12:32:00-04:00	9.1350	9.2354	2009
2026-08-28T12:33:00-04:00	9.1300	9.2349	3172
2026-08-28T12:34:00-04:00	9.1000	9.2344	3464
2026-08-28T12:35:00-04:00	9.0800	9.2320	12603
2026-08-28T12:36:00-04:00	9.1200	9.2300	12780
2026-08-28T12:38:00-04:00	9.1200	9.2297	2137
2026-08-28T12:39:00-04:00	9.1000	9.2291	3554
2026-08-28T12:40:00-04:00	9.1100	9.2290	1007
2026-08-28T12:41:00-04:00	9.0950	9.2288	990
2026-08-28T12:42:00-04:00	9.1000	9.2285	1858
2026-08-28T12:43:00-04:00	9.1150	9.2283	1500
2026-08-28T12:44:00-04:00	9.1000	9.2277	3920
2026-08-28T12:46:00-04:00	9.1000	9.2274	1821
2026-08-28T12:47:00-04:00	9.1300	9.2267	5176
2026-08-28T12:48:00-04:00	9.1500	9.2245	24836
2026-08-28T12:49:00-04:00	9.1400	9.2242	2761
2026-08-28T12:50:00-04:00	9.1400	9.2242	402
2026-08-28T12:51:00-04:00	9.1400	9.2240	1719
2026-08-28T12:52:00-04:00	9.1700	9.2237	3918
2026-08-28T12:53:00-04:00	9.1600	9.2237	1100
2026-08-28T12:54:00-04:00	9.1500	9.2231	6879
2026-08-28T12:55:00-04:00	9.1450	9.2229	2904
2026-08-28T12:56:00-04:00	9.1500	9.2227	1669
2026-08-28T12:57:00-04:00	9.1400	9.2226	1070
2026-08-28T12:58:00-04:00	9.1520	9.2226	229
2026-08-28T12:59:00-04:00	9.1400	9.2223	3787
2026-08-28T13:00:00-04:00	9.1100	9.2221	1453
2026-08-28T13:01:00-04:00	9.0950	9.2218	1649
2026-08-28T13:02:00-04:00	9.1177	9.2217	1031
2026-08-28T13:03:00-04:00	9.1150	9.2217	163
2026-08-28T13:04:00-04:00	9.1000	9.2212	4039
2026-08-28T13:06:00-04:00	9.0800	9.2208	2352
2026-08-28T13:07:00-04:00	9.0800	9.2205	2061
2026-08-28T13:08:00-04:00	9.1000	9.2201	2532
2026-08-28T13:09:00-04:00	9.1000	9.2200	724
2026-08-28T13:10:00-04:00	9.0200	9.2134	35081
2026-08-28T13:11:00-04:00	9.0200	9.2068	32954
2026-08-28T13:12:00-04:00	9.0300	9.2054	7553
2026-08-28T13:13:00-04:00	9.0450	9.2051	1423
2026-08-28T13:14:00-04:00	9.0500	9.2049	1572
2026-08-28T13:15:00-04:00	9.0473	9.2046	1976
2026-08-28T13:16:00-04:00	9.0200	9.2034	6204
2026-08-28T13:17:00-04:00	9.0300	9.2029	2883
2026-08-28T13:18:00-04:00	9.0300	9.2028	917
2026-08-28T13:19:00-04:00	9.0400	9.2024	2328
2026-08-28T13:20:00-04:00	9.0500	9.2007	10826
2026-08-28T13:21:00-04:00	9.0200	9.2000	4372
2026-08-28T13:22:00-04:00	9.0300	9.1995	2696
2026-08-28T13:23:00-04:00	9.0200	9.1985	6095
2026-08-28T13:24:00-04:00	9.0300	9.1860	78416
2026-08-28T13:25:00-04:00	9.0600	9.1857	2419
2026-08-28T13:27:00-04:00	9.0500	9.1856	1053
2026-08-28T13:28:00-04:00	9.0700	9.1851	4485
2026-08-28T13:29:00-04:00	9.0700	9.1848	2494
2026-08-28T13:30:00-04:00	9.0600	9.1845	2579
2026-08-28T13:31:00-04:00	9.0600	9.1843	1599
2026-08-28T13:32:00-04:00	9.0500	9.1842	1289
2026-08-28T13:33:00-04:00	9.0600	9.1837	3997
2026-08-28T13:34:00-04:00	9.0500	9.1835	1494
2026-08-28T13:35:00-04:00	9.0300	9.1827	6030
2026-08-28T13:36:00-04:00	9.0300	9.1826	1294
2026-08-28T13:37:00-04:00	9.0200	9.1819	4923
2026-08-28T13:38:00-04:00	9.0200	9.1817	1441
2026-08-28T13:40:00-04:00	9.0100	9.1815	831
2026-08-28T13:41:00-04:00	9.0200	9.1811	3017
2026-08-28T13:42:00-04:00	9.0300	9.1807	2917
2026-08-28T13:43:00-04:00	9.0200	9.1805	1557
2026-08-28T13:44:00-04:00	9.0200	9.1804	712
2026-08-28T13:45:00-04:00	9.0250	9.1801	1696
2026-08-28T13:46:00-04:00	9.0400	9.1799	1834
2026-08-28T13:47:00-04:00	9.0400	9.1797	1863
2026-08-28T13:49:00-04:00	9.0500	9.1793	2974
2026-08-28T13:50:00-04:00	9.0400	9.1787	5081
2026-08-28T13:51:00-04:00	9.0399	9.1787	455
2026-08-28T13:52:00-04:00	9.0328	9.1786	942
2026-08-28T13:53:00-04:00	9.0400	9.1785	550
2026-08-28T13:54:00-04:00	9.0400	9.1784	502
2026-08-28T13:55:00-04:00	9.0300	9.1778	4657
2026-08-28T13:56:00-04:00	9.0300	9.1770	6891
2026-08-28T13:57:00-04:00	9.0300	9.1769	790
2026-08-28T13:58:00-04:00	9.0400	9.1765	3539
2026-08-28T13:59:00-04:00	9.0400	9.1762	2295
2026-08-28T14:00:00-04:00	9.0450	9.1760	1228
2026-08-28T14:01:00-04:00	9.0400	9.1757	2848
2026-08-28T14:02:00-04:00	9.0200	9.1750	5527
2026-08-28T14:03:00-04:00	9.0200	9.1746	2898
2026-08-28T14:05:00-04:00	9.0300	9.1744	1908
2026-08-28T14:06:00-04:00	9.0300	9.1743	1007
2026-08-28T14:07:00-04:00	9.0200	9.1741	1575
2026-08-28T14:08:00-04:00	9.0250	9.1737	3029
2026-08-28T14:09:00-04:00	9.0300	9.1735	1790
2026-08-28T14:11:00-04:00	9.0300	9.1734	872
2026-08-28T14:12:00-04:00	9.0350	9.1731	2091
2026-08-28T14:13:00-04:00	9.0350	9.1728	2981
2026-08-28T14:14:00-04:00	9.0350	9.1723	4409
2026-08-28T14:15:00-04:00	9.0350	9.1721	1514
2026-08-28T14:16:00-04:00	9.0550	9.1715	5543
2026-08-28T14:17:00-04:00	9.0500	9.1709	5775
2026-08-28T14:18:00-04:00	9.0450	9.1705	3918
2026-08-28T14:19:00-04:00	9.0350	9.1703	2406
2026-08-28T14:20:00-04:00	9.0300	9.1700	2206
2026-08-28T14:21:00-04:00	9.0500	9.1698	2170
2026-08-28T14:22:00-04:00	9.0400	9.1698	521
2026-08-28T14:23:00-04:00	9.0350	9.1682	14382
2026-08-28T14:24:00-04:00	9.0400	9.1680	2135
2026-08-28T14:25:00-04:00	9.0451	9.1679	916
2026-08-28T14:26:00-04:00	9.0400	9.1677	2073
2026-08-28T14:28:00-04:00	9.0600	9.1675	2354
2026-08-28T14:29:00-04:00	9.0650	9.1673	1836
2026-08-28T14:30:00-04:00	9.0600	9.1670	3429
2026-08-28T14:31:00-04:00	9.0500	9.1669	850
2026-08-28T14:32:00-04:00	9.0400	9.1668	1004
2026-08-28T14:33:00-04:00	9.0450	9.1668	758
2026-08-28T14:34:00-04:00	9.0400	9.1664	3531
2026-08-28T14:35:00-04:00	9.0350	9.1663	1378
2026-08-28T14:36:00-04:00	9.0399	9.1660	2783
2026-08-28T14:37:00-04:00	9.0350	9.1658	1457
2026-08-28T14:38:00-04:00	9.0200	9.1655	2794
2026-08-28T14:39:00-04:00	9.0387	9.1654	1507
2026-08-28T14:40:00-04:00	9.0400	9.1652	1485
2026-08-28T14:41:00-04:00	9.0400	9.1652	744
2026-08-28T14:42:00-04:00	9.0350	9.1651	980
2026-08-28T14:43:00-04:00	9.0350	9.1649	1408
2026-08-28T14:44:00-04:00	9.0350	9.1649	539
2026-08-28T14:45:00-04:00	9.0250	9.1644	4071
2026-08-28T14:46:00-04:00	9.0250	9.1644	514
2026-08-28T14:47:00-04:00	9.0250	9.1642	1317
2026-08-28T14:48:00-04:00	9.0200	9.1638	3845
2026-08-28T14:49:00-04:00	9.0250	9.1634	3133
2026-08-28T14:50:00-04:00	9.0250	9.1633	1178
2026-08-28T14:51:00-04:00	9.0200	9.1633	324
2026-08-28T14:52:00-04:00	9.0200	9.1631	1291
2026-08-28T14:53:00-04:00	9.0050	9.1606	21946
2026-08-28T14:54:00-04:00	9.0050	9.1604	1563
2026-08-28T14:55:00-04:00	8.9951	9.1579	20606
2026-08-28T14:56:00-04:00	8.9950	9.1574	4294
2026-08-28T14:57:00-04:00	8.9950	9.1573	469
2026-08-28T14:58:00-04:00	9.0050	9.1556	14667
2026-08-28T14:59:00-04:00	9.0000	9.1556	233
2026-08-28T15:00:00-04:00	8.9900	9.1550	4863
2026-08-28T15:01:00-04:00	8.9950	9.1548	1368
2026-08-28T15:02:00-04:00	8.9954	9.1542	5107
2026-08-28T15:03:00-04:00	8.9999	9.1540	1452
2026-08-28T15:04:00-04:00	8.9900	9.1532	7360
2026-08-28T15:05:00-04:00	9.0000	9.1524	6702
2026-08-28T15:06:00-04:00	9.0000	9.1523	783
2026-08-28T15:07:00-04:00	9.0050	9.1522	1503
2026-08-28T15:08:00-04:00	9.0100	9.1519	2113
2026-08-28T15:09:00-04:00	9.0150	9.1517	1983
2026-08-28T15:10:00-04:00	9.0100	9.1515	2299
2026-08-28T15:11:00-04:00	9.0100	9.1513	2131
2026-08-28T15:12:00-04:00	9.0100	9.1512	1325
2026-08-28T15:13:00-04:00	9.0150	9.1511	1031
2026-08-28T15:14:00-04:00	9.0150	9.1509	1506
2026-08-28T15:15:00-04:00	9.0050	9.1503	5889
2026-08-28T15:16:00-04:00	9.0050	9.1501	2302
2026-08-28T15:17:00-04:00	9.0000	9.1497	3369
2026-08-28T15:18:00-04:00	9.0100	9.1493	4432
2026-08-28T15:19:00-04:00	9.0100	9.1492	316
2026-08-28T15:20:00-04:00	9.0102	9.1491	1479
2026-08-28T15:21:00-04:00	9.0300	9.1489	2631
2026-08-28T15:22:00-04:00	9.0100	9.1477	12795
2026-08-28T15:23:00-04:00	9.0200	9.1474	3121
2026-08-28T15:24:00-04:00	9.0250	9.1472	1756
2026-08-28T15:25:00-04:00	9.0300	9.1470	2217
2026-08-28T15:26:00-04:00	9.0450	9.1469	2077
2026-08-28T15:27:00-04:00	9.0450	9.1468	2063
2026-08-28T15:28:00-04:00	9.0500	9.1466	1964
2026-08-28T15:29:00-04:00	9.0450	9.1465	1507
2026-08-28T15:30:00-04:00	9.0300	9.1453	15915
2026-08-28T15:31:00-04:00	9.0350	9.1452	1357
2026-08-28T15:32:00-04:00	9.0300	9.1447	6201
2026-08-28T15:33:00-04:00	9.0200	9.1441	6778
2026-08-28T15:34:00-04:00	9.0150	9.1440	681
2026-08-28T15:35:00-04:00	9.0450	9.1431	12545
2026-08-28T15:36:00-04:00	9.0500	9.1430	1877
2026-08-28T15:37:00-04:00	9.0300	9.1426	6397
2026-08-28T15:38:00-04:00	9.0350	9.1421	5397
2026-08-28T15:39:00-04:00	9.0200	9.1418	3765
2026-08-28T15:40:00-04:00	9.0250	9.1414	5015
2026-08-28T15:41:00-04:00	9.0250	9.1413	2286
2026-08-28T15:42:00-04:00	9.0250	9.1411	2421
2026-08-28T15:43:00-04:00	9.0450	9.1408	3932
2026-08-28T15:44:00-04:00	9.0350	9.1402	8765
2026-08-28T15:45:00-04:00	9.0250	9.1398	5811
2026-08-28T15:46:00-04:00	9.0200	9.1393	6633
2026-08-28T15:47:00-04:00	9.0299	9.1387	8278
2026-08-28T15:48:00-04:00	9.0400	9.1382	6705
2026-08-28T15:49:00-04:00	9.0300	9.1371	16613
2026-08-28T15:50:00-04:00	9.0050	9.1352	23969
2026-08-28T15:51:00-04:00	8.9850	9.1331	22986
2026-08-28T15:52:00-04:00	9.0049	9.1323	10049
2026-08-28T15:53:00-04:00	8.9851	9.1312	12217
2026-08-28T15:54:00-04:00	9.0010	9.1300	14823
2026-08-28T15:55:00-04:00	8.9800	9.1285	18219
2026-08-28T15:56:00-04:00	8.9850	9.1269	19022
2026-08-28T15:57:00-04:00	8.9850	9.1256	15247
2026-08-28T15:58:00-04:00	8.9650	9.1205	56288
2026-08-28T15:59:00-04:00	8.9600	9.1154	60255
2026-08-31T09:30:00-04:00	9.0300	9.0017	43664
2026-08-31T09:31:00-04:00	9.0700	9.0096	7105
2026-08-31T09:32:00-04:00	9.2000	9.0343	7490
2026-08-31T09:33:00-04:00	9.1400	9.0733	25215
2026-08-31T09:34:00-04:00	9.1240	9.0751	2407
2026-08-31T09:35:00-04:00	9.0900	9.0756	2156
2026-08-31T09:36:00-04:00	9.0700	9.0754	4659
2026-08-31T09:37:00-04:00	9.0600	9.0751	2402
2026-08-31T09:38:00-04:00	9.0500	9.0736	8956
2026-08-31T09:39:00-04:00	9.0600	9.0734	1244
2026-08-31T09:40:00-04:00	9.0550	9.0723	5508
2026-08-31T09:41:00-04:00	9.0400	9.0667	12470
2026-08-31T09:42:00-04:00	9.0450	9.0652	5253
2026-08-31T09:43:00-04:00	9.0600	9.0647	3151
2026-08-31T09:44:00-04:00	9.0986	9.0656	6330
2026-08-31T09:45:00-04:00	9.0600	9.0648	7130
2026-08-31T09:46:00-04:00	9.0100	9.0635	4216
2026-08-31T09:47:00-04:00	9.0350	9.0629	2464
2026-08-31T09:48:00-04:00	9.0650	9.0629	1569
2026-08-31T09:49:00-04:00	9.0450	9.0628	5329
2026-08-31T09:50:00-04:00	9.0182	9.0615	5064
2026-08-31T09:51:00-04:00	9.0350	9.0611	1999
2026-08-31T09:52:00-04:00	9.1000	9.0614	3492
2026-08-31T09:53:00-04:00	9.0800	9.0615	1362
2026-08-31T09:54:00-04:00	9.0500	9.0615	2659
2026-08-31T09:55:00-04:00	9.0650	9.0614	4290
2026-08-31T09:56:00-04:00	9.0600	9.0614	2418
2026-08-31T09:57:00-04:00	9.0600	9.0614	1295
2026-08-31T09:58:00-04:00	9.0650	9.0613	9802
2026-08-31T09:59:00-04:00	9.0600	9.0613	1744
2026-08-31T10:00:00-04:00	9.0400	9.0611	2857
2026-08-31T10:01:00-04:00	9.0500	9.0610	2123
2026-08-31T10:02:00-04:00	9.0750	9.0610	2449
2026-08-31T10:03:00-04:00	9.0500	9.0609	5503
2026-08-31T10:04:00-04:00	9.0600	9.0607	4982
2026-08-31T10:05:00-04:00	9.0800	9.0617	18241
2026-08-31T10:06:00-04:00	9.0300	9.0613	4214
2026-08-31T10:07:00-04:00	9.0600	9.0606	9550
2026-08-31T10:08:00-04:00	9.0900	9.0608	1930
2026-08-31T10:09:00-04:00	9.0800	9.0612	4778
2026-08-31T10:10:00-04:00	9.0900	9.0616	3570
2026-08-31T10:11:00-04:00	9.0950	9.0621	3156
2026-08-31T10:12:00-04:00	9.0800	9.0622	1899
2026-08-31T10:13:00-04:00	9.0600	9.0624	3443
2026-08-31T10:14:00-04:00	9.0900	9.0627	3563
2026-08-31T10:15:00-04:00	9.0900	9.0629	1862
2026-08-31T10:16:00-04:00	9.1300	9.0644	7492
2026-08-31T10:17:00-04:00	9.1698	9.0664	5944
2026-08-31T10:18:00-04:00	9.2100	9.0748	18881
2026-08-31T10:19:00-04:00	9.1600	9.0767	5672
2026-08-31T10:20:00-04:00	9.0700	9.0773	8341
2026-08-31T10:21:00-04:00	9.1000	9.0775	6369
2026-08-31T10:22:00-04:00	9.1000	9.0777	2121
2026-08-31T10:23:00-04:00	9.1100	9.0784	9174
2026-08-31T10:24:00-04:00	9.0900	9.0788	7828
2026-08-31T10:25:00-04:00	9.0750	9.0788	1176
2026-08-31T10:26:00-04:00	9.0600	9.0787	1719
2026-08-31T10:27:00-04:00	9.0599	9.0785	2651
2026-08-31T10:28:00-04:00	9.0700	9.0784	3489
2026-08-31T10:29:00-04:00	9.0500	9.0783	1597
2026-08-31T10:30:00-04:00	9.0500	9.0782	1427
2026-08-31T10:31:00-04:00	9.0700	9.0781	2375
2026-08-31T10:32:00-04:00	9.0600	9.0780	1714
2026-08-31T10:33:00-04:00	9.0600	9.0779	2161
2026-08-31T10:34:00-04:00	9.0600	9.0777	3554
2026-08-31T10:35:00-04:00	9.0700	9.0775	5344
2026-08-31T10:36:00-04:00	9.0600	9.0775	2129
2026-08-31T10:37:00-04:00	9.0600	9.0774	977
2026-08-31T10:38:00-04:00	9.0600	9.0773	2741
2026-08-31T10:39:00-04:00	9.0600	9.0771	2691
2026-08-31T10:40:00-04:00	9.0600	9.0770	2100
2026-08-31T10:41:00-04:00	9.0700	9.0770	12539
2026-08-31T10:42:00-04:00	9.0700	9.0769	3585
2026-08-31T10:43:00-04:00	9.0800	9.0769	1424
2026-08-31T10:44:00-04:00	9.0400	9.0749	29646
2026-08-31T10:45:00-04:00	9.0700	9.0747	8719
2026-08-31T10:46:00-04:00	9.1000	9.0748	1535
2026-08-31T10:47:00-04:00	9.0500	9.0747	5468
2026-08-31T10:48:00-04:00	9.0500	9.0746	1707
2026-08-31T10:49:00-04:00	9.0350	9.0745	1968
2026-08-31T10:50:00-04:00	9.0500	9.0744	1014
2026-08-31T10:51:00-04:00	9.0700	9.0743	3610
2026-08-31T10:52:00-04:00	9.0650	9.0743	3039
2026-08-31T10:53:00-04:00	9.0300	9.0738	5899
2026-08-31T10:54:00-04:00	9.0400	9.0735	3997
2026-08-31T10:55:00-04:00	9.0400	9.0734	790
2026-08-31T10:56:00-04:00	9.0600	9.0734	2022
2026-08-31T10:57:00-04:00	9.0400	9.0732	2214
2026-08-31T10:58:00-04:00	9.0370	9.0731	1744
2026-08-31T10:59:00-04:00	9.0200	9.0729	1737
2026-08-31T11:00:00-04:00	9.0300	9.0726	2859
2026-08-31T11:01:00-04:00	9.0000	9.0715	7750
2026-08-31T11:02:00-04:00	9.0000	9.0714	672
2026-08-31T11:03:00-04:00	8.9900	9.0704	6025
2026-08-31T11:04:00-04:00	8.9800	9.0701	1536
2026-08-31T11:05:00-04:00	8.9800	9.0700	833
2026-08-31T11:06:00-04:00	8.9750	9.0695	2116
2026-08-31T11:07:00-04:00	8.9500	9.0671	11145
2026-08-31T11:08:00-04:00	8.9400	9.0650	8517
2026-08-31T11:09:00-04:00	8.9403	9.0641	3673
2026-08-31T11:10:00-04:00	8.9396	9.0636	2173
2026-08-31T11:11:00-04:00	8.9552	9.0624	5630
2026-08-31T11:12:00-04:00	8.9503	9.0612	5487
2026-08-31T11:13:00-04:00	8.9550	9.0606	3037
2026-08-31T11:14:00-04:00	8.9500	9.0602	1855
2026-08-31T11:15:00-04:00	8.9500	9.0594	4180
2026-08-31T11:16:00-04:00	8.9400	9.0583	5052
2026-08-31T11:17:00-04:00	8.9400	9.0576	3215
2026-08-31T11:18:00-04:00	8.9500	9.0570	2737
2026-08-31T11:19:00-04:00	8.9550	9.0567	1650
2026-08-31T11:20:00-04:00	8.9650	9.0560	4002
2026-08-31T11:21:00-04:00	8.9650	9.0556	2488
2026-08-31T11:22:00-04:00	8.9600	9.0549	4295
2026-08-31T11:23:00-04:00	8.9650	9.0543	3732
2026-08-31T11:24:00-04:00	8.9850	9.0541	1782
2026-08-31T11:25:00-04:00	8.9950	9.0538	2216
2026-08-31T11:26:00-04:00	8.9950	9.0533	4647
2026-08-31T11:27:00-04:00	9.0000	9.0528	6042
2026-08-31T11:28:00-04:00	8.9850	9.0524	3238
2026-08-31T11:29:00-04:00	8.9750	9.0522	1814
2026-08-31T11:30:00-04:00	8.9700	9.0520	1455
2026-08-31T11:31:00-04:00	8.9600	9.0513	4358
2026-08-31T11:32:00-04:00	8.9751	9.0506	5062
2026-08-31T11:33:00-04:00	8.9750	9.0505	515
2026-08-31T11:34:00-04:00	8.9600	9.0498	5160
2026-08-31T11:35:00-04:00	8.9400	9.0488	5501
2026-08-31T11:36:00-04:00	8.9750	9.0483	3656
2026-08-31T11:37:00-04:00	8.9700	9.0478	3670
2026-08-31T11:38:00-04:00	8.9600	9.0475	2613
2026-08-31T11:40:00-04:00	8.9600	9.0470	3473
2026-08-31T11:41:00-04:00	8.9600	9.0466	2353
2026-08-31T11:42:00-04:00	8.9800	9.0463	2774
2026-08-31T11:43:00-04:00	9.0000	9.0460	3174
2026-08-31T11:44:00-04:00	8.9850	9.0456	4839
2026-08-31T11:45:00-04:00	8.9800	9.0455	1155
2026-08-31T11:46:00-04:00	8.9900	9.0453	1710
2026-08-31T11:47:00-04:00	8.9950	9.0452	1476
2026-08-31T11:48:00-04:00	8.9850	9.0449	3365
2026-08-31T11:49:00-04:00	8.9850	9.0447	2585
2026-08-31T11:50:00-04:00	8.9800	9.0439	8818
2026-08-31T11:51:00-04:00	8.9900	9.0438	655
2026-08-31T11:52:00-04:00	9.0050	9.0434	6903
2026-08-31T11:53:00-04:00	9.0150	9.0433	2927
2026-08-31T11:54:00-04:00	9.0100	9.0432	2534
2026-08-31T11:55:00-04:00	9.0000	9.0430	3141
2026-08-31T11:56:00-04:00	9.0050	9.0426	6305
2026-08-31T11:57:00-04:00	9.0000	9.0425	2404
2026-08-31T11:58:00-04:00	8.9900	9.0425	356
2026-08-31T11:59:00-04:00	8.9900	9.0423	1838
2026-08-31T12:00:00-04:00	9.0300	9.0419	10062
2026-08-31T12:01:00-04:00	9.0100	9.0418	3983
2026-08-31T12:02:00-04:00	9.0300	9.0417	6086
2026-08-31T12:03:00-04:00	9.0300	9.0416	3471
2026-08-31T12:04:00-04:00	9.0350	9.0416	2030
2026-08-31T12:05:00-04:00	9.0300	9.0415	4525
2026-08-31T12:06:00-04:00	9.0250	9.0415	111
2026-08-31T12:07:00-04:00	9.0150	9.0414	2910
2026-08-31T12:08:00-04:00	9.0100	9.0413	2757
2026-08-31T12:09:00-04:00	9.0000	9.0412	1770
2026-08-31T12:10:00-04:00	9.0200	9.0411	3650
2026-08-31T12:11:00-04:00	9.0214	9.0410	3464
2026-08-31T12:12:00-04:00	9.0400	9.0410	976
2026-08-31T12:13:00-04:00	9.0300	9.0409	2743
2026-08-31T12:14:00-04:00	9.0300	9.0409	761
2026-08-31T12:15:00-04:00	9.0300	9.0409	2681
2026-08-31T12:16:00-04:00	9.0350	9.0409	585
2026-08-31T12:17:00-04:00	9.0200	9.0408	2749
2026-08-31T12:18:00-04:00	9.0200	9.0408	2037
2026-08-31T12:19:00-04:00	9.0200	9.0407	1400
2026-08-31T12:20:00-04:00	9.0250	9.0407	434
2026-08-31T12:21:00-04:00	9.0300	9.0407	4951
2026-08-31T12:22:00-04:00	9.0150	9.0405	4666
2026-08-31T12:23:00-04:00	9.0200	9.0404	4594
2026-08-31T12:24:00-04:00	9.0250	9.0404	1291
2026-08-31T12:25:00-04:00	9.0450	9.0404	3358
2026-08-31T12:26:00-04:00	9.0450	9.0404	1405
2026-08-31T12:27:00-04:00	9.0300	9.0403	2695
2026-08-31T12:28:00-04:00	9.0400	9.0403	2831
2026-08-31T12:29:00-04:00	9.0562	9.0404	3643
2026-08-31T12:30:00-04:00	9.0400	9.0404	3873
2026-08-31T12:31:00-04:00	9.0400	9.0404	977
2026-08-31T12:32:00-04:00	9.0350	9.0404	1972
2026-08-31T12:33:00-04:00	9.0350	9.0404	1280
2026-08-31T12:34:00-04:00	9.0200	9.0403	4411
2026-08-31T12:35:00-04:00	9.0100	9.0403	794
2026-08-31T12:36:00-04:00	9.0250	9.0402	3077
2026-08-31T12:37:00-04:00	9.0200	9.0401	1737
2026-08-31T12:38:00-04:00	9.0150	9.0401	1058
2026-08-31T12:40:00-04:00	9.0150	9.0401	1495
2026-08-31T12:41:00-04:00	9.0300	9.0400	2919
2026-08-31T12:42:00-04:00	9.0300	9.0400	3766
2026-08-31T12:43:00-04:00	9.0400	9.0400	2564
2026-08-31T12:44:00-04:00	9.0750	9.0406	18943
2026-08-31T12:45:00-04:00	9.1100	9.0414	11501
2026-08-31T12:46:00-04:00	9.1000	9.0415	1819
2026-08-31T12:47:00-04:00	9.1100	9.0416	853
2026-08-31T12:48:00-04:00	9.0900	9.0417	2059
2026-08-31T12:49:00-04:00	9.1350	9.0432	14486
2026-08-31T12:50:00-04:00	9.1350	9.0433	982
2026-08-31T12:51:00-04:00	9.1450	9.0435	2386
2026-08-31T12:52:00-04:00	9.1400	9.0437	1191
2026-08-31T12:53:00-04:00	9.1401	9.0439	2018
2026-08-31T12:54:00-04:00	9.1450	9.0441	1356
2026-08-31T12:55:00-04:00	9.1050	9.0449	10005
2026-08-31T12:56:00-04:00	9.1000	9.0456	10906
2026-08-31T12:57:00-04:00	9.1000	9.0457	546
2026-08-31T12:58:00-04:00	9.1000	9.0468	19896
2026-08-31T12:59:00-04:00	9.1099	9.0469	441
2026-08-31T13:00:00-04:00	9.1000	9.0470	1454
2026-08-31T13:01:00-04:00	9.0900	9.0470	973
2026-08-31T13:02:00-04:00	9.0800	9.0471	1260
2026-08-31T13:03:00-04:00	9.0900	9.0471	436
2026-08-31T13:04:00-04:00	9.0750	9.0472	2902
2026-08-31T13:05:00-04:00	9.0500	9.0472	3763
2026-08-31T13:06:00-04:00	9.0300	9.0472	3511
2026-08-31T13:07:00-04:00	9.0500	9.0472	2457
2026-08-31T13:08:00-04:00	9.0650	9.0472	1102
2026-08-31T13:09:00-04:00	9.0650	9.0472	632
2026-08-31T13:10:00-04:00	9.0600	9.0472	1607
2026-08-31T13:11:00-04:00	9.0650	9.0472	433
2026-08-31T13:12:00-04:00	9.0650	9.0472	1256
2026-08-31T13:13:00-04:00	9.0750	9.0473	2907
2026-08-31T13:14:00-04:00	9.0700	9.0474	2740
2026-08-31T13:15:00-04:00	9.0600	9.0474	2382
2026-08-31T13:17:00-04:00	9.0600	9.0474	2187
2026-08-31T13:18:00-04:00	9.0450	9.0475	2651
2026-08-31T13:19:00-04:00	9.0400	9.0474	1476
2026-08-31T13:20:00-04:00	9.0200	9.0474	461
2026-08-31T13:21:00-04:00	9.0300	9.0474	1935
2026-08-31T13:22:00-04:00	9.0200	9.0474	587
2026-08-31T13:23:00-04:00	9.0200	9.0473	1996
2026-08-31T13:24:00-04:00	9.0186	9.0472	4866
2026-08-31T13:25:00-04:00	9.0100	9.0471	2191
2026-08-31T13:26:00-04:00	9.0100	9.0470	1818
2026-08-31T13:27:00-04:00	9.0150	9.0470	366
2026-08-31T13:28:00-04:00	9.0200	9.0470	1839
2026-08-31T13:29:00-04:00	8.9800	9.0465	8439
2026-08-31T13:30:00-04:00	8.9850	9.0459	7926
2026-08-31T13:32:00-04:00	9.0050	9.0458	3345
2026-08-31T13:33:00-04:00	9.0050	9.0457	642
2026-08-31T13:34:00-04:00	9.0000	9.0456	2777
2026-08-31T13:35:00-04:00	9.0150	9.0456	1547
2026-08-31T13:36:00-04:00	9.0000	9.0455	2577
2026-08-31T13:37:00-04:00	9.0050	9.0454	674
2026-08-31T13:39:00-04:00	8.9950	9.0453	2497
2026-08-31T13:40:00-04:00	9.0000	9.0452	2039
2026-08-31T13:41:00-04:00	9.0100	9.0452	1083
2026-08-31T13:42:00-04:00	9.0000	9.0451	681
2026-08-31T13:43:00-04:00	9.0100	9.0451	1231
2026-08-31T13:44:00-04:00	9.0150	9.0450	2639
2026-08-31T13:45:00-04:00	9.0150	9.0450	1503
2026-08-31T13:46:00-04:00	9.0450	9.0449	3971
2026-08-31T13:47:00-04:00	9.0400	9.0449	2219
2026-08-31T13:48:00-04:00	9.0400	9.0449	987
2026-08-31T13:49:00-04:00	9.0450	9.0449	949
2026-08-31T13:50:00-04:00	9.0650	9.0450	2593
2026-08-31T13:51:00-04:00	9.0700	9.0451	3084
2026-08-31T13:52:00-04:00	9.0682	9.0451	767
2026-08-31T13:53:00-04:00	9.0600	9.0451	3637
2026-08-31T13:54:00-04:00	9.0700	9.0451	219
2026-08-31T13:55:00-04:00	9.0600	9.0452	1689
2026-08-31T13:56:00-04:00	9.0650	9.0452	478
2026-08-31T13:57:00-04:00	9.0600	9.0452	1808
2026-08-31T13:58:00-04:00	9.0750	9.0453	4406
2026-08-31T13:59:00-04:00	9.0700	9.0455	6787
2026-08-31T14:00:00-04:00	9.0750	9.0455	1578
2026-08-31T14:01:00-04:00	9.0750	9.0455	1094
2026-08-31T14:02:00-04:00	9.0750	9.0457	6363
2026-08-31T14:03:00-04:00	9.0800	9.0457	1302
2026-08-31T14:04:00-04:00	9.0800	9.0458	3136
2026-08-31T14:06:00-04:00	9.0700	9.0459	3808
2026-08-31T14:07:00-04:00	9.0950	9.0461	3279
2026-08-31T14:08:00-04:00	9.0900	9.0461	2061
2026-08-31T14:09:00-04:00	9.0800	9.0465	9957
2026-08-31T14:10:00-04:00	9.0800	9.0465	921
2026-08-31T14:11:00-04:00	9.0800	9.0466	1701
2026-08-31T14:12:00-04:00	9.0819	9.0466	969
2026-08-31T14:13:00-04:00	9.0750	9.0466	2115
2026-08-31T14:14:00-04:00	9.0800	9.0468	4196
2026-08-31T14:15:00-04:00	9.0850	9.0468	818
2026-08-31T14:16:00-04:00	9.0850	9.0472	10691
2026-08-31T14:17:00-04:00	9.0800	9.0472	1247
2026-08-31T14:18:00-04:00	9.0700	9.0472	772
2026-08-31T14:19:00-04:00	9.0600	9.0473	3114
2026-08-31T14:20:00-04:00	9.0600	9.0473	741
2026-08-31T14:21:00-04:00	9.0600	9.0473	649
2026-08-31T14:22:00-04:00	9.0450	9.0473	3081
2026-08-31T14:23:00-04:00	9.0400	9.0473	1009
2026-08-31T14:24:00-04:00	9.0200	9.0473	2025
2026-08-31T14:25:00-04:00	9.0300	9.0472	620
2026-08-31T14:26:00-04:00	9.0300	9.0472	345
2026-08-31T14:27:00-04:00	9.0400	9.0472	6123
2026-08-31T14:28:00-04:00	9.0500	9.0472	1173
2026-08-31T14:29:00-04:00	9.0900	9.0474	7434
2026-08-31T14:30:00-04:00	9.1000	9.0474	1017
2026-08-31T14:31:00-04:00	9.0950	9.0474	882
2026-08-31T14:32:00-04:00	9.0900	9.0475	1081
2026-08-31T14:33:00-04:00	9.0999	9.0476	2120
2026-08-31T14:34:00-04:00	9.0900	9.0478	6471
2026-08-31T14:35:00-04:00	9.0950	9.0479	1677
2026-08-31T14:36:00-04:00	9.0909	9.0480	1721
2026-08-31T14:37:00-04:00	9.1200	9.0492	20620
2026-08-31T14:38:00-04:00	9.1100	9.0493	2214
2026-08-31T14:39:00-04:00	9.1300	9.0496	4957
2026-08-31T14:40:00-04:00	9.1350	9.0498	1423
2026-08-31T14:41:00-04:00	9.1200	9.0504	10723
2026-08-31T14:42:00-04:00	9.1100	9.0505	666
2026-08-31T14:43:00-04:00	9.1000	9.0506	2207
2026-08-31T14:44:00-04:00	9.1000	9.0507	2796
2026-08-31T14:45:00-04:00	9.0900	9.0507	1417
2026-08-31T14:46:00-04:00	9.0850	9.0508	1795
2026-08-31T14:47:00-04:00	9.0700	9.0509	4746
2026-08-31T14:48:00-04:00	9.0600	9.0510	5622
2026-08-31T14:49:00-04:00	9.0500	9.0510	1990
2026-08-31T14:50:00-04:00	9.0550	9.0510	3418
2026-08-31T14:51:00-04:00	9.0650	9.0510	4738
2026-08-31T14:52:00-04:00	9.0600	9.0510	2238
2026-08-31T14:53:00-04:00	9.0500	9.0510	6336
2026-08-31T14:54:00-04:00	9.0401	9.0510	7641
2026-08-31T14:55:00-04:00	9.0400	9.0510	1512
2026-08-31T14:56:00-04:00	9.0400	9.0509	2647
2026-08-31T14:57:00-04:00	9.0600	9.0509	2329
2026-08-31T14:58:00-04:00	9.0400	9.0509	5080
2026-08-31T14:59:00-04:00	9.0300	9.0509	3813
2026-08-31T15:00:00-04:00	9.0297	9.0508	2939
2026-08-31T15:01:00-04:00	9.0400	9.0508	5376
2026-08-31T15:02:00-04:00	9.0300	9.0507	4502
2026-08-31T15:03:00-04:00	9.0300	9.0506	3793
2026-08-31T15:05:00-04:00	9.0300	9.0506	1251
2026-08-31T15:06:00-04:00	9.0300	9.0505	3723
2026-08-31T15:08:00-04:00	9.0400	9.0505	7628
2026-08-31T15:09:00-04:00	9.0400	9.0505	515
2026-08-31T15:10:00-04:00	9.0350	9.0504	2925
2026-08-31T15:11:00-04:00	9.0399	9.0504	983
2026-08-31T15:12:00-04:00	9.0300	9.0504	2948
2026-08-31T15:13:00-04:00	9.0300	9.0504	722
2026-08-31T15:14:00-04:00	9.0400	9.0504	3074
2026-08-31T15:15:00-04:00	9.0400	9.0503	1136
2026-08-31T15:16:00-04:00	9.0441	9.0503	10228
2026-08-31T15:17:00-04:00	9.0450	9.0502	2099
2026-08-31T15:18:00-04:00	9.0459	9.0502	5282
2026-08-31T15:19:00-04:00	9.0450	9.0502	620
2026-08-31T15:20:00-04:00	9.0600	9.0503	5178
2026-08-31T15:21:00-04:00	9.0600	9.0504	10818
2026-08-31T15:22:00-04:00	9.0550	9.0504	2212
2026-08-31T15:23:00-04:00	9.0650	9.0505	3617
2026-08-31T15:24:00-04:00	9.0650	9.0505	1961
2026-08-31T15:25:00-04:00	9.0650	9.0505	4072
2026-08-31T15:26:00-04:00	9.0550	9.0505	3809
2026-08-31T15:29:00-04:00	9.0550	9.0505	4336
2026-08-31T15:30:00-04:00	9.0650	9.0506	7321
2026-08-31T15:31:00-04:00	9.0600	9.0506	2879
2026-08-31T15:32:00-04:00	9.0750	9.0508	10202
2026-08-31T15:33:00-04:00	9.0900	9.0510	7053
2026-08-31T15:34:00-04:00	9.0900	9.0511	2767
2026-08-31T15:35:00-04:00	9.0900	9.0513	7914
2026-08-31T15:36:00-04:00	9.0950	9.0515	6312
2026-08-31T15:37:00-04:00	9.0950	9.0515	539
2026-08-31T15:38:00-04:00	9.0850	9.0516	4041
2026-08-31T15:39:00-04:00	9.0700	9.0517	7551
2026-08-31T15:40:00-04:00	9.0700	9.0520	14931
2026-08-31T15:41:00-04:00	9.0700	9.0520	532
