timestamp_et	close	running_vwap	volume
2026-08-12T09:30:00-04:00	10.6100	10.6567	60921
2026-08-12T09:31:00-04:00	10.5000	10.6511	2952
2026-08-12T09:32:00-04:00	10.5700	10.6423	5920
2026-08-12T09:33:00-04:00	10.6500	10.6421	4578
2026-08-12T09:34:00-04:00	10.6873	10.6442	5158
2026-08-12T09:35:00-04:00	10.6800	10.6476	8112
2026-08-12T09:36:00-04:00	10.6800	10.6478	601
2026-08-12T09:37:00-04:00	10.6100	10.6464	5211
2026-08-12T09:38:00-04:00	10.6100	10.6424	7666
2026-08-12T09:39:00-04:00	10.7800	10.6697	48526
2026-08-12T09:40:00-04:00	10.8989	10.6836	11484
2026-08-12T09:41:00-04:00	10.9050	10.7072	19251
2026-08-12T09:42:00-04:00	10.9911	10.7121	3519
2026-08-12T09:43:00-04:00	10.9750	10.7268	10346
2026-08-12T09:44:00-04:00	10.9050	10.7285	1648
2026-08-12T09:45:00-04:00	10.9300	10.7312	2739
2026-08-12T09:46:00-04:00	10.9450	10.7415	10393
2026-08-12T09:47:00-04:00	10.9000	10.7457	5022
2026-08-12T09:48:00-04:00	10.8800	10.7551	16539
2026-08-12T09:49:00-04:00	10.9150	10.7614	10693
2026-08-12T09:50:00-04:00	10.9000	10.7726	18158
2026-08-12T09:51:00-04:00	10.9800	10.7867	21055
2026-08-12T09:52:00-04:00	10.9700	10.7915	6994
2026-08-12T09:53:00-04:00	10.9750	10.8015	19117
2026-08-12T09:54:00-04:00	10.9363	10.8052	8412
2026-08-12T09:55:00-04:00	10.9159	10.8089	10751
2026-08-12T09:56:00-04:00	10.9500	10.8106	4061
2026-08-12T09:57:00-04:00	11.0200	10.8130	4102
2026-08-12T09:58:00-04:00	10.9750	10.8134	883
2026-08-12T09:59:00-04:00	10.9400	10.8186	13226
2026-08-12T10:00:00-04:00	10.9639	10.8231	13800
2026-08-12T10:01:00-04:00	10.9700	10.8241	2692
2026-08-12T10:02:00-04:00	10.8979	10.8251	3836
2026-08-12T10:03:00-04:00	10.8600	10.8253	1637
2026-08-12T10:04:00-04:00	10.8300	10.8254	1939
2026-08-12T10:05:00-04:00	10.8700	10.8261	6816
2026-08-12T10:06:00-04:00	10.9300	10.8269	3269
2026-08-12T10:07:00-04:00	10.9550	10.8277	2308
2026-08-12T10:08:00-04:00	10.9800	10.8286	2626
2026-08-12T10:09:00-04:00	11.0000	10.8307	5010
2026-08-12T10:10:00-04:00	10.9400	10.8317	3172
2026-08-12T10:11:00-04:00	10.9700	10.8374	18882
2026-08-12T10:12:00-04:00	10.8800	10.8391	12402
2026-08-12T10:13:00-04:00	10.9600	10.8419	11537
2026-08-12T10:14:00-04:00	10.9400	10.8427	3830
2026-08-12T10:15:00-04:00	10.9000	10.8430	1854
2026-08-12T10:16:00-04:00	10.9300	10.8439	6142
2026-08-12T10:17:00-04:00	10.9599	10.8443	1595
2026-08-12T10:18:00-04:00	10.9450	10.8452	4496
2026-08-12T10:19:00-04:00	10.8900	10.8454	1052
2026-08-12T10:20:00-04:00	10.8950	10.8457	3578
2026-08-12T10:21:00-04:00	10.9500	10.8473	8263
2026-08-12T10:22:00-04:00	10.9500	10.8478	1787
2026-08-12T10:23:00-04:00	10.9350	10.8484	2917
2026-08-12T10:24:00-04:00	10.9200	10.8488	2491
2026-08-12T10:25:00-04:00	10.9250	10.8498	5206
2026-08-12T10:26:00-04:00	10.9100	10.8501	2708
2026-08-12T10:27:00-04:00	10.9300	10.8502	571
2026-08-12T10:28:00-04:00	10.9600	10.8510	3874
2026-08-12T10:29:00-04:00	10.9500	10.8512	1187
2026-08-12T10:30:00-04:00	10.9500	10.8525	7651
2026-08-12T10:31:00-04:00	10.9200	10.8527	1744
2026-08-12T10:32:00-04:00	10.9700	10.8531	1586
2026-08-12T10:33:00-04:00	10.9350	10.8531	262
2026-08-12T10:34:00-04:00	10.8600	10.8536	6727
2026-08-12T10:35:00-04:00	10.8200	10.8535	6406
2026-08-12T10:36:00-04:00	10.8150	10.8535	1337
2026-08-12T10:37:00-04:00	10.8500	10.8532	6009
2026-08-12T10:38:00-04:00	10.8350	10.8532	1783
2026-08-12T10:39:00-04:00	10.8300	10.8531	1331
2026-08-12T10:40:00-04:00	10.8750	10.8532	4927
2026-08-12T10:41:00-04:00	10.8750	10.8532	645
2026-08-12T10:42:00-04:00	10.8400	10.8532	1025
2026-08-12T10:43:00-04:00	10.8250	10.8531	1358
2026-08-12T10:44:00-04:00	10.8000	10.8530	2240
2026-08-12T10:45:00-04:00	10.8200	10.8528	2482
2026-08-12T10:46:00-04:00	10.8100	10.8527	1620
2026-08-12T10:47:00-04:00	10.8100	10.8525	2782
2026-08-12T10:48:00-04:00	10.8450	10.8522	7200
2026-08-12T10:49:00-04:00	10.8400	10.8522	3243
2026-08-12T10:50:00-04:00	10.8850	10.8534	30145
2026-08-12T10:51:00-04:00	10.8700	10.8535	3231
2026-08-12T10:52:00-04:00	10.8750	10.8537	17411
2026-08-12T10:53:00-04:00	10.8750	10.8539	5191
2026-08-12T10:54:00-04:00	10.7959	10.8538	3169
2026-08-12T10:55:00-04:00	10.7600	10.8533	3468
2026-08-12T10:56:00-04:00	10.7500	10.8526	4942
2026-08-12T10:57:00-04:00	10.7400	10.8521	2621
2026-08-12T10:58:00-04:00	10.7500	10.8517	2141
2026-08-12T10:59:00-04:00	10.7300	10.8515	993
2026-08-12T11:00:00-04:00	10.8000	10.8502	10632
2026-08-12T11:01:00-04:00	10.7900	10.8502	347
2026-08-12T11:02:00-04:00	10.7800	10.8500	2146
2026-08-12T11:03:00-04:00	10.7400	10.8498	952
2026-08-12T11:04:00-04:00	10.7600	10.8494	2797
2026-08-12T11:05:00-04:00	10.7600	10.8492	1292
2026-08-12T11:06:00-04:00	10.7700	10.8490	1845
2026-08-12T11:07:00-04:00	10.7566	10.8489	823
2026-08-12T11:08:00-04:00	10.7550	10.8487	1056
2026-08-12T11:09:00-04:00	10.7500	10.8481	3907
2026-08-12T11:10:00-04:00	10.7300	10.8446	20276
2026-08-12T11:11:00-04:00	10.7350	10.8443	2237
2026-08-12T11:12:00-04:00	10.8300	10.8434	25240
2026-08-12T11:13:00-04:00	10.8350	10.8433	1193
2026-08-12T11:14:00-04:00	10.8400	10.8433	859
2026-08-12T11:15:00-04:00	10.8450	10.8433	3195
2026-08-12T11:16:00-04:00	10.8800	10.8437	11065
2026-08-12T11:17:00-04:00	10.9000	10.8438	590
2026-08-12T11:18:00-04:00	10.9000	10.8440	2609
2026-08-12T11:19:00-04:00	10.8700	10.8442	5127
2026-08-12T11:20:00-04:00	10.8200	10.8442	2876
2026-08-12T11:21:00-04:00	10.8200	10.8441	3067
2026-08-12T11:22:00-04:00	10.8000	10.8440	1834
2026-08-12T11:23:00-04:00	10.8200	10.8439	2402
2026-08-12T11:24:00-04:00	10.8500	10.8439	1038
2026-08-12T11:25:00-04:00	10.8400	10.8439	1380
2026-08-12T11:26:00-04:00	10.8300	10.8439	678
2026-08-12T11:27:00-04:00	10.8400	10.8439	475
2026-08-12T11:28:00-04:00	10.8500	10.8439	406
2026-08-12T11:29:00-04:00	10.8300	10.8439	1366
2026-08-12T11:30:00-04:00	10.8450	10.8438	3748
2026-08-12T11:31:00-04:00	10.8550	10.8438	743
2026-08-12T11:32:00-04:00	10.8307	10.8438	763
2026-08-12T11:33:00-04:00	10.8000	10.8437	2573
2026-08-12T11:34:00-04:00	10.8299	10.8437	1375
2026-08-12T11:35:00-04:00	10.8100	10.8436	1528
2026-08-12T11:36:00-04:00	10.8050	10.8435	2242
2026-08-12T11:37:00-04:00	10.8150	10.8435	1517
2026-08-12T11:38:00-04:00	10.8000	10.8432	4996
2026-08-12T11:39:00-04:00	10.7900	10.8431	811
2026-08-12T11:40:00-04:00	10.7600	10.8407	25334
2026-08-12T11:41:00-04:00	10.7600	10.8405	1951
2026-08-12T11:42:00-04:00	10.7750	10.8393	14086
2026-08-12T11:43:00-04:00	10.7600	10.8371	25735
2026-08-12T11:44:00-04:00	10.7500	10.8370	1477
2026-08-12T11:45:00-04:00	10.7200	10.8352	14260
2026-08-12T11:46:00-04:00	10.6800	10.8343	5590
2026-08-12T11:47:00-04:00	10.6600	10.8332	5420
2026-08-12T11:48:00-04:00	10.6100	10.8322	4126
2026-08-12T11:49:00-04:00	10.6200	10.8314	3486
2026-08-12T11:50:00-04:00	10.6200	10.8292	8640
2026-08-12T11:51:00-04:00	10.6050	10.8287	2264
2026-08-12T11:52:00-04:00	10.6050	10.8283	1571
2026-08-12T11:53:00-04:00	10.6250	10.8270	5332
2026-08-12T11:54:00-04:00	10.6350	10.8179	43086
2026-08-12T11:55:00-04:00	10.6300	10.8165	6871
2026-08-12T11:56:00-04:00	10.5900	10.8119	20158
2026-08-12T11:57:00-04:00	10.5900	10.8105	6361
2026-08-12T11:58:00-04:00	10.5850	10.8083	9262
2026-08-12T11:59:00-04:00	10.5850	10.8058	11040
2026-08-12T12:00:00-04:00	10.6100	10.8036	10269
2026-08-12T12:01:00-04:00	10.6000	10.8036	433
2026-08-12T12:02:00-04:00	10.6150	10.8034	1014
2026-08-12T12:03:00-04:00	10.6150	10.8029	2277
2026-08-12T12:04:00-04:00	10.6491	10.8019	6457
2026-08-12T12:05:00-04:00	10.6400	10.8017	1102
2026-08-12T12:06:00-04:00	10.6350	10.8016	381
2026-08-12T12:07:00-04:00	10.6350	10.8015	718
2026-08-12T12:08:00-04:00	10.6400	10.8013	1380
2026-08-12T12:09:00-04:00	10.6698	10.7997	11244
2026-08-12T12:10:00-04:00	10.6750	10.7963	27487
2026-08-12T12:11:00-04:00	10.6700	10.7962	1407
2026-08-12T12:12:00-04:00	10.6600	10.7933	23594
2026-08-12T12:14:00-04:00	10.7100	10.7405	1112635
2026-08-12T12:15:00-04:00	10.7050	10.7404	5992
2026-08-12T12:16:00-04:00	10.7200	10.7402	14882
2026-08-12T12:17:00-04:00	10.7300	10.7402	1107
2026-08-12T12:18:00-04:00	10.7300	10.7402	2001
2026-08-12T12:19:00-04:00	10.6950	10.7400	7088
2026-08-12T12:20:00-04:00	10.7000	10.7397	14864
2026-08-12T12:21:00-04:00	10.7200	10.7396	11685
2026-08-12T12:22:00-04:00	10.7200	10.7396	1926
2026-08-12T12:23:00-04:00	10.7100	10.7396	946
2026-08-12T12:24:00-04:00	10.7250	10.7395	8600
2026-08-12T12:25:00-04:00	10.7500	10.7395	9839
2026-08-12T12:26:00-04:00	10.7500	10.7395	371
2026-08-12T12:27:00-04:00	10.7000	10.7394	4304
2026-08-12T12:28:00-04:00	10.6600	10.7392	6720
2026-08-12T12:29:00-04:00	10.6400	10.7391	2616
2026-08-12T12:30:00-04:00	10.6900	10.7388	9157
2026-08-12T12:31:00-04:00	10.7200	10.7388	3621
2026-08-12T12:32:00-04:00	10.7600	10.7388	8567
2026-08-12T12:33:00-04:00	10.7900	10.7389	2771
2026-08-12T12:35:00-04:00	10.8100	10.7390	2579
2026-08-12T12:36:00-04:00	10.8299	10.7390	1891
2026-08-12T12:37:00-04:00	10.8550	10.7392	3586
2026-08-12T12:38:00-04:00	10.8600	10.7392	1214
2026-08-12T12:39:00-04:00	10.8655	10.7393	860
2026-08-12T12:40:00-04:00	10.8745	10.7397	7854
2026-08-12T12:41:00-04:00	10.8800	10.7397	236
2026-08-12T12:42:00-04:00	10.8750	10.7397	476
2026-08-12T12:43:00-04:00	10.8800	10.7398	362
2026-08-12T12:44:00-04:00	10.9200	10.7404	8464
2026-08-12T12:45:00-04:00	10.9800	10.7408	5125
2026-08-12T12:46:00-04:00	11.0200	10.7417	6966
2026-08-12T12:47:00-04:00	10.9950	10.7420	2580
2026-08-12T12:48:00-04:00	10.9800	10.7424	3696
2026-08-12T12:50:00-04:00	10.9750	10.7434	10300
2026-08-12T12:51:00-04:00	10.9700	10.7442	8998
2026-08-12T12:52:00-04:00	10.9800	10.7444	1347
2026-08-12T12:53:00-04:00	10.9800	10.7445	1290
2026-08-12T12:54:00-04:00	10.9700	10.7447	1727
2026-08-12T12:55:00-04:00	11.0000	10.7475	27658
2026-08-12T12:56:00-04:00	11.0250	10.7494	16350
2026-08-12T12:57:00-04:00	10.9300	10.7504	11151
2026-08-12T12:58:00-04:00	10.9100	10.7505	1996
2026-08-12T12:59:00-04:00	10.9200	10.7509	5792
2026-08-12T13:00:00-04:00	10.9200	10.7512	4995
2026-08-12T13:01:00-04:00	10.9201	10.7517	5841
2026-08-12T13:02:00-04:00	10.9235	10.7519	3023
2026-08-12T13:04:00-04:00	10.9150	10.7520	1338
2026-08-12T13:05:00-04:00	10.8800	10.7523	6405
2026-08-12T13:06:00-04:00	10.8900	10.7527	6610
2026-08-12T13:07:00-04:00	10.8800	10.7527	763
2026-08-12T13:08:00-04:00	10.8800	10.7528	1572
2026-08-12T13:09:00-04:00	10.8600	10.7529	1428
2026-08-12T13:10:00-04:00	10.8700	10.7530	1692
2026-08-12T13:11:00-04:00	10.8850	10.7531	3533
2026-08-12T13:12:00-04:00	10.8700	10.7532	1839
2026-08-12T13:13:00-04:00	10.8800	10.7533	813
2026-08-12T13:14:00-04:00	10.8600	10.7533	1228
2026-08-12T13:15:00-04:00	10.8500	10.7534	1043
2026-08-12T13:16:00-04:00	10.9050	10.7537	5485
2026-08-12T13:17:00-04:00	10.8900	10.7537	644
2026-08-12T13:18:00-04:00	10.8800	10.7538	1615
2026-08-12T13:19:00-04:00	10.8650	10.7539	2061
2026-08-12T13:20:00-04:00	10.8500	10.7540	1404
2026-08-12T13:21:00-04:00	10.8550	10.7540	1396
2026-08-12T13:22:00-04:00	10.8450	10.7541	2524
2026-08-12T13:23:00-04:00	10.8700	10.7543	5238
2026-08-12T13:24:00-04:00	10.8883	10.7544	1603
2026-08-12T13:25:00-04:00	10.8900	10.7545	1618
2026-08-12T13:26:00-04:00	10.8850	10.7545	1050
2026-08-12T13:27:00-04:00	10.8870	10.7546	2048
2026-08-12T13:28:00-04:00	10.9350	10.7550	4689
2026-08-12T13:29:00-04:00	10.9300	10.7551	1747
2026-08-12T13:30:00-04:00	10.9200	10.7552	1756
2026-08-12T13:31:00-04:00	10.9100	10.7556	6727
2026-08-12T13:32:00-04:00	10.9000	10.7557	955
2026-08-12T13:33:00-04:00	10.8900	10.7558	1858
2026-08-12T13:34:00-04:00	10.9150	10.7560	3157
2026-08-12T13:35:00-04:00	10.9900	10.7565	6004
2026-08-12T13:36:00-04:00	11.0000	10.7568	2860
2026-08-12T13:37:00-04:00	11.0950	10.7618	42601
2026-08-12T13:38:00-04:00	11.0950	10.7621	2571
2026-08-12T13:39:00-04:00	11.1400	10.7628	4601
2026-08-12T13:40:00-04:00	11.1700	10.7645	11258
2026-08-12T13:41:00-04:00	11.0700	10.7656	8798
2026-08-12T13:42:00-04:00	11.1000	10.7666	7278
2026-08-12T13:43:00-04:00	11.1150	10.7669	2229
2026-08-12T13:44:00-04:00	11.1000	10.7675	5221
2026-08-12T13:45:00-04:00	11.0700	10.7676	807
2026-08-12T13:46:00-04:00	11.1300	10.7714	27968
2026-08-12T13:47:00-04:00	11.1800	10.7718	3056
2026-08-12T13:48:00-04:00	11.1600	10.7723	2935
2026-08-12T13:49:00-04:00	11.1700	10.7724	985
2026-08-12T13:50:00-04:00	11.2000	10.7760	23301
2026-08-12T13:51:00-04:00	11.2000	10.7768	4895
2026-08-12T13:52:00-04:00	11.1990	10.7772	2376
2026-08-12T13:53:00-04:00	11.1700	10.7773	1001
2026-08-12T13:54:00-04:00	11.1800	10.7776	1681
2026-08-12T13:55:00-04:00	11.1738	10.7780	2795
2026-08-12T13:56:00-04:00	11.1700	10.7784	2675
2026-08-12T13:57:00-04:00	11.2300	10.7794	6107
2026-08-12T13:58:00-04:00	11.2000	10.7800	3791
2026-08-12T13:59:00-04:00	11.2100	10.7803	1522
2026-08-12T14:00:00-04:00	11.1800	10.7805	1674
2026-08-12T14:01:00-04:00	11.2050	10.7807	1454
2026-08-12T14:02:00-04:00	11.2300	10.7817	6091
2026-08-12T14:03:00-04:00	11.2500	10.7818	486
2026-08-12T14:04:00-04:00	11.2200	10.7821	1731
2026-08-12T14:05:00-04:00	11.2400	10.7824	1807
2026-08-12T14:06:00-04:00	11.2200	10.7828	2175
2026-08-12T14:07:00-04:00	11.2000	10.7839	7379
2026-08-12T14:08:00-04:00	11.2400	10.7847	4901
2026-08-12T14:09:00-04:00	11.2750	10.7901	30520
2026-08-12T14:10:00-04:00	11.2756	10.7906	2622
2026-08-12T14:11:00-04:00	11.2650	10.7913	4533
2026-08-12T14:12:00-04:00	11.2900	10.7938	14102
2026-08-12T14:13:00-04:00	11.3350	10.7963	12905
2026-08-12T14:14:00-04:00	11.3100	10.7982	10109
2026-08-12T14:15:00-04:00	11.3000	10.7983	701
2026-08-12T14:16:00-04:00	11.2800	10.7987	2417
2026-08-12T14:17:00-04:00	11.2600	10.8000	7349
2026-08-12T14:18:00-04:00	11.2050	10.8012	8044
2026-08-12T14:19:00-04:00	11.1800	10.9479	1754674
2026-08-12T14:20:00-04:00	11.1500	10.9480	1345
2026-08-12T14:21:00-04:00	11.1400	10.9481	3311
2026-08-12T14:22:00-04:00	11.1600	10.9483	5175
2026-08-12T14:23:00-04:00	11.1400	10.9486	6260
2026-08-12T14:24:00-04:00	11.0700	10.9491	15180
2026-08-12T14:25:00-04:00	11.0600	10.9492	4292
2026-08-12T14:26:00-04:00	11.0300	10.9493	3829
2026-08-12T14:27:00-04:00	11.0300	10.9493	2427
2026-08-12T14:28:00-04:00	11.0200	10.9493	3137
2026-08-12T14:29:00-04:00	11.0400	10.9494	4479
2026-08-12T14:30:00-04:00	11.0800	10.9495	2062
2026-08-12T14:31:00-04:00	11.0600	10.9496	2767
2026-08-12T14:32:00-04:00	11.0700	10.9496	1658
2026-08-12T14:33:00-04:00	11.0550	10.9496	2048
2026-08-12T14:34:00-04:00	11.0300	10.9497	3321
2026-08-12T14:35:00-04:00	11.0600	10.9498	3588
2026-08-12T14:36:00-04:00	11.0300	10.9498	1105
2026-08-12T14:37:00-04:00	11.0400	10.9498	1983
2026-08-12T14:38:00-04:00	11.0600	10.9500	4915
2026-08-12T14:39:00-04:00	11.0400	10.9500	2012
2026-08-12T14:40:00-04:00	11.0200	10.9500	1445
2026-08-12T14:41:00-04:00	11.0300	10.9501	2153
2026-08-12T14:42:00-04:00	11.0400	10.9501	2495
2026-08-12T14:43:00-04:00	10.9950	10.9504	20837
2026-08-12T14:44:00-04:00	10.9700	10.9504	3567
2026-08-12T14:45:00-04:00	10.9600	10.9504	1681
2026-08-12T14:46:00-04:00	10.9700	10.9541	1863413
2026-08-12T14:47:00-04:00	10.9900	10.9541	4303
2026-08-12T14:48:00-04:00	10.9600	10.9541	2049
2026-08-12T14:49:00-04:00	10.9800	10.9541	1261
2026-08-12T14:50:00-04:00	10.9700	10.9541	1789
2026-08-12T14:51:00-04:00	10.9600	10.9541	1418
2026-08-12T14:52:00-04:00	10.9600	10.9541	1954
2026-08-12T14:53:00-04:00	10.9600	10.9541	1696
2026-08-12T14:54:00-04:00	10.9500	10.9541	1925
2026-08-12T14:55:00-04:00	11.0200	10.9543	19814
2026-08-12T14:56:00-04:00	11.0374	10.9543	1747
2026-08-12T14:57:00-04:00	11.0300	10.9543	3187
2026-08-12T14:58:00-04:00	11.0300	10.9544	6175
2026-08-12T14:59:00-04:00	11.0350	10.9544	1814
2026-08-12T15:00:00-04:00	11.0700	10.9545	7392
2026-08-12T15:01:00-04:00	11.0700	10.9545	948
2026-08-12T15:02:00-04:00	11.0750	10.9813	1937098
2026-08-12T15:03:00-04:00	11.0700	10.9971	1941893
2026-08-12T15:04:00-04:00	11.0300	10.9972	7405
2026-08-12T15:05:00-04:00	11.0400	10.9972	3158
2026-08-12T15:06:00-04:00	11.0400	10.9972	701
2026-08-12T15:07:00-04:00	11.0300	10.9972	1278
2026-08-12T15:08:00-04:00	11.0250	10.9972	5229
2026-08-12T15:09:00-04:00	11.0100	10.9972	3685
2026-08-12T15:10:00-04:00	11.0400	10.9972	5925
2026-08-12T15:11:00-04:00	11.0450	10.9972	1166
2026-08-12T15:12:00-04:00	11.0100	10.9972	2536
2026-08-12T15:13:00-04:00	11.0400	10.9972	3774
2026-08-12T15:14:00-04:00	11.0300	10.9972	2801
2026-08-12T15:15:00-04:00	11.0000	10.9973	2803
2026-08-12T15:16:00-04:00	11.0500	10.9973	18389
2026-08-12T15:17:00-04:00	11.0499	10.9973	2050
2026-08-12T15:18:00-04:00	11.0400	10.9973	1540
2026-08-12T15:19:00-04:00	11.0300	10.9974	1980
2026-08-12T15:20:00-04:00	11.0100	10.9974	4636
2026-08-12T15:21:00-04:00	11.0500	10.9974	10583
2026-08-12T15:22:00-04:00	11.0699	10.9974	531
2026-08-12T15:23:00-04:00	11.0000	10.9974	6831
2026-08-12T15:24:00-04:00	10.9800	10.9974	1101
2026-08-12T15:25:00-04:00	11.0100	10.9974	7627
2026-08-12T15:26:00-04:00	11.0119	10.9974	965
2026-08-12T15:27:00-04:00	11.0200	10.9974	2895
2026-08-12T15:28:00-04:00	11.0000	10.9974	2030
2026-08-12T15:29:00-04:00	11.0300	10.9974	5881
2026-08-12T15:30:00-04:00	11.0100	10.9975	5677
2026-08-12T15:31:00-04:00	11.0120	10.9975	5075
2026-08-12T15:32:00-04:00	10.9900	10.9975	11143
2026-08-12T15:33:00-04:00	10.9650	10.9975	1995
2026-08-12T15:34:00-04:00	10.9500	10.9974	24950
2026-08-12T15:35:00-04:00	10.9800	10.9973	13600
2026-08-12T15:36:00-04:00	10.9800	10.9973	3054
2026-08-12T15:37:00-04:00	10.9800	10.9973	2467
2026-08-12T15:38:00-04:00	10.9800	10.9973	3324
2026-08-12T15:39:00-04:00	10.9550	10.9973	4225
2026-08-12T15:40:00-04:00	10.9500	10.9973	6349
2026-08-12T15:41:00-04:00	10.9600	10.9972	7102
2026-08-12T15:42:00-04:00	10.9200	10.9971	16445
2026-08-12T15:43:00-04:00	10.9450	10.9971	7028
2026-08-12T15:44:00-04:00	10.9550	10.9971	1962
2026-08-12T15:45:00-04:00	10.9700	10.9971	5294
2026-08-12T15:46:00-04:00	10.9500	10.9970	10170
2026-08-12T15:47:00-04:00	10.9750	10.9970	12529
2026-08-12T15:48:00-04:00	10.9700	10.9970	32969
2026-08-12T15:49:00-04:00	10.9850	10.9969	8824
2026-08-12T15:50:00-04:00	11.0250	10.9970	30833
2026-08-12T15:51:00-04:00	10.9700	10.9970	15326
2026-08-12T15:52:00-04:00	10.9900	10.9970	56756
2026-08-12T15:53:00-04:00	11.0500	10.9970	17278
2026-08-12T15:54:00-04:00	11.0700	10.9971	2296
2026-08-12T15:55:00-04:00	11.0000	10.9971	15266
2026-08-12T15:56:00-04:00	11.1200	10.9973	21787
2026-08-12T15:57:00-04:00	11.1000	10.9976	27478
2026-08-12T15:58:00-04:00	11.1500	10.9982	54152
2026-08-12T15:59:00-04:00	11.0550	10.9986	55692
2026-08-13T09:30:00-04:00	10.8900	10.8633	31850
2026-08-13T09:31:00-04:00	11.3550	11.0388	27550
2026-08-13T09:32:00-04:00	11.3000	11.1164	21909
2026-08-13T09:33:00-04:00	11.1900	11.1227	6135
2026-08-13T09:34:00-04:00	11.2400	11.1259	2845
2026-08-13T09:35:00-04:00	11.2400	11.1287	2205
2026-08-13T09:36:00-04:00	11.3225	11.1306	1138
2026-08-13T09:37:00-04:00	11.3050	11.1539	13019
2026-08-13T09:38:00-04:00	11.4000	11.1668	7151
2026-08-13T09:39:00-04:00	11.3725	11.1827	11390
2026-08-13T09:40:00-04:00	11.5500	11.2081	11006
2026-08-13T09:41:00-04:00	11.5200	11.2272	9204
2026-08-13T09:42:00-04:00	11.5300	11.2511	12856
2026-08-13T09:43:00-04:00	11.4500	11.2633	8689
2026-08-13T09:44:00-04:00	11.4750	11.2858	18572
2026-08-13T09:45:00-04:00	11.4700	11.2908	4664
2026-08-13T09:46:00-04:00	11.4650	11.2940	3864
2026-08-13T09:47:00-04:00	11.5200	11.3002	8458
2026-08-13T09:48:00-04:00	11.4730	11.3119	14688
2026-08-13T09:49:00-04:00	11.4500	11.3133	2170
2026-08-13T09:50:00-04:00	11.4500	11.3309	28490
2026-08-13T09:51:00-04:00	11.4900	11.3344	6304
2026-08-13T09:52:00-04:00	11.4450	11.3369	5207
2026-08-13T09:53:00-04:00	11.5000	11.3412	8442
2026-08-13T09:54:00-04:00	11.5701	11.3490	10022
2026-08-13T09:55:00-04:00	11.5900	11.3548	7087
2026-08-13T09:56:00-04:00	11.6242	11.3589	4897
2026-08-13T09:57:00-04:00	11.5100	11.3630	7041
2026-08-13T09:58:00-04:00	11.4550	11.3640	3494
2026-08-13T09:59:00-04:00	11.4900	11.3660	5526
2026-08-13T10:00:00-04:00	11.5200	11.3688	5423
2026-08-13T10:01:00-04:00	11.5076	11.3733	9499
2026-08-13T10:02:00-04:00	11.5350	11.3809	15012
2026-08-13T10:03:00-04:00	11.6700	11.3920	15423
2026-08-13T10:04:00-04:00	11.8000	11.4166	24978
2026-08-13T10:05:00-04:00	11.8100	11.4522	35802
2026-08-13T10:06:00-04:00	11.6731	11.4618	15837
2026-08-13T10:07:00-04:00	11.6700	11.4709	18294
2026-08-13T10:08:00-04:00	11.5800	11.4737	8279
2026-08-13T10:09:00-04:00	11.5997	11.4746	3375
2026-08-13T10:10:00-04:00	11.5348	11.5210	466929
2026-08-13T10:11:00-04:00	11.5500	11.5211	4684
2026-08-13T10:12:00-04:00	11.5100	11.5210	20903
2026-08-13T10:13:00-04:00	11.5050	11.5209	4561
2026-08-13T10:14:00-04:00	11.4400	11.5207	3992
2026-08-13T10:15:00-04:00	11.4899	11.5205	3354
2026-08-13T10:16:00-04:00	11.5200	11.5204	5845
2026-08-13T10:17:00-04:00	11.5750	11.5206	7046
2026-08-13T10:18:00-04:00	11.5100	11.5207	9367
2026-08-13T10:19:00-04:00	11.4250	11.5204	3682
2026-08-13T10:20:00-04:00	11.4300	11.5200	3387
2026-08-13T10:21:00-04:00	11.5000	11.5196	10571
2026-08-13T10:22:00-04:00	11.5460	11.5196	3864
2026-08-13T10:23:00-04:00	11.5350	11.5200	9574
2026-08-13T10:24:00-04:00	11.5500	11.5201	2436
2026-08-13T10:25:00-04:00	11.5550	11.5203	7627
2026-08-13T10:26:00-04:00	11.5100	11.5203	1662
2026-08-13T10:27:00-04:00	11.5000	11.5202	3611
2026-08-13T10:28:00-04:00	11.4750	11.5202	1117
2026-08-13T10:29:00-04:00	11.4700	11.5199	7261
2026-08-13T10:30:00-04:00	11.3650	11.5191	6565
2026-08-13T10:31:00-04:00	11.3800	11.5174	11602
2026-08-13T10:32:00-04:00	11.3400	11.5166	5219
2026-08-13T10:33:00-04:00	11.3250	11.5151	8405
2026-08-13T10:34:00-04:00	11.3100	11.5142	5323
2026-08-13T10:35:00-04:00	11.3650	11.5119	14395
2026-08-13T10:36:00-04:00	11.3400	11.5116	1977
2026-08-13T10:37:00-04:00	11.2750	11.5112	1960
2026-08-13T10:38:00-04:00	11.2400	11.5108	1644
2026-08-13T10:39:00-04:00	11.2600	11.5076	15289
2026-08-13T10:40:00-04:00	11.2800	11.5063	6010
2026-08-13T10:41:00-04:00	11.2800	11.5024	20031
2026-08-13T10:42:00-04:00	11.2800	11.5023	861
2026-08-13T10:43:00-04:00	11.3000	11.5015	4125
2026-08-13T10:44:00-04:00	11.2800	11.5010	2536
2026-08-13T10:45:00-04:00	11.2741	11.5006	1914
2026-08-13T10:46:00-04:00	11.2800	11.4996	5305
2026-08-13T10:47:00-04:00	11.2600	11.4981	7476
2026-08-13T10:48:00-04:00	11.3400	11.4966	9274
2026-08-13T10:49:00-04:00	11.3150	11.4961	3267
2026-08-13T10:50:00-04:00	11.2850	11.4957	2612
2026-08-13T10:51:00-04:00	11.2450	11.4950	3284
2026-08-13T10:52:00-04:00	11.2350	11.4940	4572
2026-08-13T10:53:00-04:00	11.2300	11.4936	1918
2026-08-13T10:54:00-04:00	11.2300	11.4932	1838
2026-08-13T10:55:00-04:00	11.2300	11.4928	1748
2026-08-13T10:56:00-04:00	11.2200	11.4904	10563
2026-08-13T10:57:00-04:00	11.2050	11.4880	10430
2026-08-13T10:58:00-04:00	11.2600	11.4865	7348
2026-08-13T10:59:00-04:00	11.2300	11.4845	9891
2026-08-13T11:00:00-04:00	11.3050	11.4814	18439
2026-08-13T11:01:00-04:00	11.2799	11.4804	6379
2026-08-13T11:02:00-04:00	11.2100	11.4802	1259
2026-08-13T11:03:00-04:00	11.1500	11.4793	3564
2026-08-13T11:04:00-04:00	11.1135	11.4776	5974
2026-08-13T11:05:00-04:00	11.1250	11.4770	2116
2026-08-13T11:06:00-04:00	11.1100	11.4761	3051
2026-08-13T11:07:00-04:00	11.1000	11.4741	6907
2026-08-13T11:08:00-04:00	11.1050	11.4727	4792
2026-08-13T11:09:00-04:00	11.1100	11.4721	2361
2026-08-13T11:10:00-04:00	11.0800	11.4705	5271
2026-08-13T11:11:00-04:00	11.0900	11.4699	2001
2026-08-13T11:12:00-04:00	11.0350	11.4664	10467
2026-08-13T11:13:00-04:00	11.0200	11.4651	3705
2026-08-13T11:14:00-04:00	11.0000	11.4604	13739
2026-08-13T11:15:00-04:00	10.9900	11.4561	12367
2026-08-13T11:16:00-04:00	10.9714	11.4552	2416
2026-08-13T11:17:00-04:00	10.9900	11.4542	2940
2026-08-13T11:18:00-04:00	10.9720	11.4482	17266
2026-08-13T11:19:00-04:00	10.9700	11.4462	5755
2026-08-13T11:20:00-04:00	10.9500	11.4453	2326
2026-08-13T11:21:00-04:00	10.9236	11.4448	1473
2026-08-13T11:22:00-04:00	10.9400	11.4434	3768
2026-08-13T11:23:00-04:00	10.9600	11.4410	6640
2026-08-13T11:24:00-04:00	10.9500	11.4408	673
2026-08-13T11:25:00-04:00	10.9600	11.4404	1102
2026-08-13T11:26:00-04:00	10.9700	11.4385	5568
2026-08-13T11:27:00-04:00	11.0000	11.4354	9503
2026-08-13T11:28:00-04:00	11.0080	11.4293	19913
2026-08-13T11:29:00-04:00	10.9950	11.4290	1075
2026-08-13T11:30:00-04:00	10.9950	11.4272	5651
2026-08-13T11:31:00-04:00	11.0400	11.4256	5993
2026-08-13T11:32:00-04:00	11.0250	11.4247	3099
2026-08-13T11:33:00-04:00	11.0850	11.4229	7549
2026-08-13T11:34:00-04:00	11.0899	11.4211	7255
2026-08-13T11:35:00-04:00	11.0700	11.4209	782
2026-08-13T11:36:00-04:00	11.0600	11.4204	2105
2026-08-13T11:37:00-04:00	11.1200	11.4184	9128
2026-08-13T11:38:00-04:00	11.1264	11.4180	1935
2026-08-13T11:39:00-04:00	11.1350	11.4173	3633
2026-08-13T11:40:00-04:00	11.1200	11.4169	1885
2026-08-13T11:41:00-04:00	11.1500	11.4161	4448
2026-08-13T11:42:00-04:00	11.1600	11.4153	4764
2026-08-13T11:43:00-04:00	11.1500	11.4147	3455
2026-08-13T11:44:00-04:00	11.1200	11.4144	1590
2026-08-13T11:45:00-04:00	11.1000	11.4141	1264
2026-08-13T11:46:00-04:00	11.1000	11.4136	2520
2026-08-13T11:47:00-04:00	11.0650	11.4128	3538
2026-08-13T11:48:00-04:00	11.0700	11.4107	8958
2026-08-13T11:49:00-04:00	11.0750	11.4103	1862
2026-08-13T11:50:00-04:00	11.0700	11.4098	2111
2026-08-13T11:51:00-04:00	11.0400	11.4095	1228
2026-08-13T11:52:00-04:00	11.0464	11.4092	1430
2026-08-13T11:53:00-04:00	11.0300	11.4085	2555
2026-08-13T11:54:00-04:00	11.0400	11.4078	2690
2026-08-13T11:55:00-04:00	11.0200	11.4076	938
2026-08-13T11:56:00-04:00	11.0100	11.4067	3531
2026-08-13T11:57:00-04:00	11.0100	11.4057	3885
2026-08-13T11:58:00-04:00	10.9900	11.4049	2855
2026-08-13T11:59:00-04:00	10.9700	11.4019	10820
2026-08-13T12:00:00-04:00	10.9700	11.4012	2289
2026-08-13T12:01:00-04:00	10.9800	11.4008	1669
2026-08-13T12:02:00-04:00	10.9800	11.4003	1710
2026-08-13T12:03:00-04:00	10.9600	11.3981	7627
2026-08-13T12:04:00-04:00	10.9500	11.3978	952
2026-08-13T12:05:00-04:00	10.9400	11.2064	1084137
2026-08-13T12:06:00-04:00	10.9600	11.2058	6226
2026-08-13T12:07:00-04:00	10.9400	11.2054	4694
2026-08-13T12:08:00-04:00	10.9281	11.2051	2110
2026-08-13T12:09:00-04:00	10.8800	11.2036	13032
2026-08-13T12:10:00-04:00	10.8800	11.2033	2651
2026-08-13T12:11:00-04:00	10.8881	11.2031	1147
2026-08-13T12:12:00-04:00	10.8800	11.2023	6892
2026-08-13T12:13:00-04:00	10.8750	11.2021	1838
2026-08-13T12:14:00-04:00	10.8450	11.1968	40122
2026-08-13T12:15:00-04:00	10.8350	11.1908	48648
2026-08-13T12:16:00-04:00	10.7700	11.1891	11304
2026-08-13T12:17:00-04:00	10.7750	11.1875	11214
2026-08-13T12:18:00-04:00	10.7700	11.1863	8005
2026-08-13T12:19:00-04:00	10.7900	11.1859	2272
2026-08-13T12:20:00-04:00	10.7920	11.1827	23005
2026-08-13T12:21:00-04:00	10.8400	11.1788	31476
2026-08-13T12:22:00-04:00	10.8300	11.1787	1041
2026-08-13T12:23:00-04:00	10.8200	11.1785	1361
2026-08-13T12:24:00-04:00	10.8750	11.1774	9870
2026-08-13T12:25:00-04:00	10.9050	11.1765	8701
2026-08-13T12:26:00-04:00	10.9750	11.1738	34705
2026-08-13T12:27:00-04:00	10.9542	11.1737	1471
2026-08-13T12:28:00-04:00	10.9899	11.1733	7222
2026-08-13T12:29:00-04:00	11.0050	11.1730	4987
2026-08-13T12:30:00-04:00	10.9950	11.1728	1985
2026-08-13T12:31:00-04:00	10.9800	11.1728	1378
2026-08-13T12:32:00-04:00	10.9400	11.1726	2315
2026-08-13T12:33:00-04:00	10.9550	11.1724	2320
2026-08-13T12:34:00-04:00	10.9800	11.1719	7554
2026-08-13T12:35:00-04:00	11.0100	11.1717	3031
2026-08-13T12:36:00-04:00	11.0100	11.1714	4949
2026-08-13T12:38:00-04:00	11.0850	11.1711	8362
2026-08-13T12:39:00-04:00	11.0900	11.1709	7853
2026-08-13T12:40:00-04:00	11.0800	11.1708	4727
2026-08-13T12:41:00-04:00	11.0700	11.1707	1474
2026-08-13T12:42:00-04:00	11.0400	11.1705	5556
2026-08-13T12:44:00-04:00	11.0490	11.1703	3551
2026-08-13T12:45:00-04:00	11.0600	11.1702	3073
2026-08-13T12:46:00-04:00	11.0900	11.1702	2268
2026-08-13T12:47:00-04:00	11.0900	11.1701	3787
2026-08-13T12:48:00-04:00	11.1150	11.1699	6022
2026-08-13T12:49:00-04:00	11.1000	11.1699	1640
2026-08-13T12:50:00-04:00	11.1300	11.1699	361
2026-08-13T12:51:00-04:00	11.1100	11.1699	1931
2026-08-13T12:52:00-04:00	11.1000	11.1698	1395
2026-08-13T12:53:00-04:00	11.1100	11.1698	989
2026-08-13T12:54:00-04:00	11.1200	11.1698	3240
2026-08-13T12:55:00-04:00	11.1200	11.1697	593
2026-08-13T12:56:00-04:00	11.1150	11.1697	502
2026-08-13T12:57:00-04:00	11.1050	11.1697	1978
2026-08-13T12:58:00-04:00	11.1000	11.1489	1466859
2026-08-13T12:59:00-04:00	11.0550	11.1488	6835
2026-08-13T13:00:00-04:00	11.0300	11.1487	4834
2026-08-13T13:01:00-04:00	10.9920	11.1483	12404
2026-08-13T13:02:00-04:00	11.0320	11.1479	10505
2026-08-13T13:03:00-04:00	11.0200	11.1479	2682
2026-08-13T13:04:00-04:00	11.0188	11.1475	13916
2026-08-13T13:05:00-04:00	11.0100	11.1466	28032
2026-08-13T13:06:00-04:00	11.0500	11.1464	10082
2026-08-13T13:07:00-04:00	11.0550	11.1464	595
2026-08-13T13:08:00-04:00	11.0550	11.1464	228
2026-08-13T13:09:00-04:00	11.0600	11.1464	1066
2026-08-13T13:10:00-04:00	11.0500	11.1463	2046
2026-08-13T13:11:00-04:00	11.0200	11.1462	2419
2026-08-13T13:12:00-04:00	11.0400	11.1165	1567069
2026-08-13T13:13:00-04:00	11.0350	11.1165	1328
2026-08-13T13:14:00-04:00	11.0600	11.1164	4630
2026-08-13T13:15:00-04:00	11.0700	11.1164	153
2026-08-13T13:16:00-04:00	11.1300	11.1164	8124
2026-08-13T13:17:00-04:00	11.1300	11.1164	1377
2026-08-13T13:18:00-04:00	11.1050	11.1164	2465
2026-08-13T13:19:00-04:00	11.0850	11.1164	6476
2026-08-13T13:20:00-04:00	11.0800	11.1163	3883
2026-08-13T13:21:00-04:00	11.0800	11.1163	320
2026-08-13T13:22:00-04:00	11.1000	11.1163	4659
2026-08-13T13:23:00-04:00	11.0800	11.1163	1997
2026-08-13T13:24:00-04:00	11.1000	11.1163	2159
2026-08-13T13:25:00-04:00	11.1100	11.1163	209
2026-08-13T13:26:00-04:00	11.1100	11.1163	2968
2026-08-13T13:27:00-04:00	11.1100	11.1163	1700
2026-08-13T13:28:00-04:00	11.1200	11.1163	1064
2026-08-13T13:29:00-04:00	11.1200	11.1163	3718
2026-08-13T13:30:00-04:00	11.1300	11.1163	3105
2026-08-13T13:31:00-04:00	11.1400	11.1163	381
2026-08-13T13:32:00-04:00	11.1400	11.1163	1899
2026-08-13T13:33:00-04:00	11.1390	11.1164	11151
2026-08-13T13:34:00-04:00	11.1250	11.1164	3488
2026-08-13T13:35:00-04:00	11.1300	11.1164	2180
2026-08-13T13:36:00-04:00	11.1450	11.1164	6432
2026-08-13T13:37:00-04:00	11.1300	11.1164	1818
2026-08-13T13:38:00-04:00	11.1200	11.1164	4330
2026-08-13T13:39:00-04:00	11.1481	11.1164	7269
2026-08-13T13:40:00-04:00	11.1500	11.1164	469
2026-08-13T13:41:00-04:00	11.1400	11.1165	5407
2026-08-13T13:42:00-04:00	11.1200	11.1165	2588
2026-08-13T13:43:00-04:00	11.1250	11.1165	2157
2026-08-13T13:44:00-04:00	11.1275	11.1165	1700
2026-08-13T13:45:00-04:00	11.1400	11.1165	6359
2026-08-13T13:46:00-04:00	11.1500	11.1165	6531
2026-08-13T13:47:00-04:00	11.1600	11.1166	2813
2026-08-13T13:48:00-04:00	11.1800	11.1166	3560
2026-08-13T13:49:00-04:00	11.1500	11.1166	3517
2026-08-13T13:50:00-04:00	11.1550	11.1166	1384
2026-08-13T13:51:00-04:00	11.1400	11.1166	3341
2026-08-13T13:52:00-04:00	11.1400	11.1166	517
2026-08-13T13:53:00-04:00	11.1500	11.1166	277
2026-08-13T13:54:00-04:00	11.1500	11.1167	5419
2026-08-13T13:56:00-04:00	11.1500	11.1167	3966
2026-08-13T13:57:00-04:00	11.1654	11.1167	6101
2026-08-13T13:58:00-04:00	11.1800	11.1168	6517
2026-08-13T13:59:00-04:00	11.1700	11.1168	5229
2026-08-13T14:00:00-04:00	11.1700	11.1168	804
2026-08-13T14:01:00-04:00	11.1800	11.1169	2505
2026-08-13T14:02:00-04:00	11.2200	11.1170	11464
2026-08-13T14:03:00-04:00	11.2450	11.1172	7997
2026-08-13T14:05:00-04:00	11.2400	11.1172	2538
2026-08-13T14:06:00-04:00	11.2500	11.1173	4420
2026-08-13T14:07:00-04:00	11.2400	11.1175	6059
2026-08-13T14:08:00-04:00	11.2300	11.1175	4346
2026-08-13T14:09:00-04:00	11.2300	11.1176	1183
2026-08-13T14:10:00-04:00	11.2300	11.1176	3279
2026-08-13T14:11:00-04:00	11.2100	11.1177	3191
2026-08-13T14:12:00-04:00	11.2150	11.1177	815
2026-08-13T14:13:00-04:00	11.2100	11.1177	2268
2026-08-13T14:14:00-04:00	11.2150	11.1177	579
2026-08-13T14:15:00-04:00	11.2200	11.1178	4853
2026-08-13T14:16:00-04:00	11.2200	11.1178	848
2026-08-13T14:17:00-04:00	11.2200	11.1178	1334
2026-08-13T14:18:00-04:00	11.2400	11.1180	9202
2026-08-13T14:19:00-04:00	11.2400	11.1181	2884
2026-08-13T14:20:00-04:00	11.2400	11.1181	2012
2026-08-13T14:21:00-04:00	11.2400	11.1181	1745
2026-08-13T14:22:00-04:00	11.2500	11.1182	4758
2026-08-13T14:23:00-04:00	11.2850	11.1185	11435
2026-08-13T14:24:00-04:00	11.2750	11.1187	6134
2026-08-13T14:25:00-04:00	11.2750	11.1187	1709
2026-08-13T14:26:00-04:00	11.2750	11.1188	2954
2026-08-13T14:27:00-04:00	11.2600	11.1188	1538
2026-08-13T14:28:00-04:00	11.2900	11.1189	3590
2026-08-13T14:29:00-04:00	11.3000	11.1191	6546
2026-08-13T14:30:00-04:00	11.3200	11.1193	6486
2026-08-13T14:31:00-04:00	11.3300	11.1195	5534
2026-08-13T14:32:00-04:00	11.3300	11.1199	15344
2026-08-13T14:33:00-04:00	11.3250	11.1200	2141
2026-08-13T14:34:00-04:00	11.3300	11.1209	27280
2026-08-13T14:35:00-04:00	11.3250	11.1214	14768
2026-08-13T14:36:00-04:00	11.3240	11.1216	8389
2026-08-13T14:37:00-04:00	11.3300	11.1217	863
2026-08-13T14:38:00-04:00	11.3300	11.1219	5884
2026-08-13T14:39:00-04:00	11.3400	11.1219	2761
2026-08-13T14:40:00-04:00	11.3200	11.1220	1098
2026-08-13T14:41:00-04:00	11.3150	11.1221	4237
2026-08-13T14:42:00-04:00	11.3064	11.1225	15458
2026-08-13T14:43:00-04:00	11.3199	11.1227	6962
2026-08-13T14:44:00-04:00	11.3390	11.1235	23957
2026-08-13T14:45:00-04:00	11.3650	11.1239	10599
2026-08-13T14:46:00-04:00	11.3600	11.1240	3155
2026-08-13T14:47:00-04:00	11.3100	11.1242	6195
2026-08-13T14:48:00-04:00	11.3100	11.1243	3707
2026-08-13T14:49:00-04:00	11.3500	11.1247	14224
2026-08-13T14:50:00-04:00	11.3800	11.1254	18200
2026-08-13T14:51:00-04:00	11.4050	11.1257	7617
2026-08-13T14:52:00-04:00	11.3800	11.1261	9869
2026-08-13T14:53:00-04:00	11.3850	11.1265	9317
2026-08-13T14:54:00-04:00	11.4100	11.1268	6122
2026-08-13T14:55:00-04:00	11.3950	11.1269	3531
2026-08-13T14:56:00-04:00	11.3950	11.1270	1805
2026-08-13T14:57:00-04:00	11.4050	11.1272	4166
2026-08-13T14:58:00-04:00	11.4200	11.1273	3360
2026-08-13T14:59:00-04:00	11.4300	11.1288	31823
2026-08-13T15:00:00-04:00	11.4400	11.1288	1489
2026-08-13T15:01:00-04:00	11.4100	11.1292	7935
2026-08-13T15:02:00-04:00	11.3900	11.1295	8206
2026-08-13T15:03:00-04:00	11.4100	11.1297	3837
2026-08-13T15:04:00-04:00	11.4100	11.1299	5034
2026-08-13T15:05:00-04:00	11.4250	11.1301	4535
2026-08-13T15:06:00-04:00	11.4100	11.1303	5274
2026-08-13T15:07:00-04:00	11.4200	11.1304	2489
2026-08-13T15:08:00-04:00	11.4100	11.1307	7267
2026-08-13T15:09:00-04:00	11.4100	11.1310	6684
2026-08-13T15:10:00-04:00	11.4100	11.1311	2290
2026-08-13T15:11:00-04:00	11.4100	11.1316	12455
2026-08-13T15:12:00-04:00	11.4200	11.1318	4970
2026-08-13T15:13:00-04:00	11.4100	11.1322	8734
2026-08-13T15:14:00-04:00	11.4100	11.1323	2841
2026-08-13T15:15:00-04:00	11.4100	11.1324	1570
2026-08-13T15:16:00-04:00	11.4100	11.1327	8973
2026-08-13T15:17:00-04:00	11.4120	11.1328	1871
2026-08-13T15:18:00-04:00	11.4300	11.1340	28210
2026-08-13T15:19:00-04:00	11.4550	11.1343	6446
2026-08-13T15:20:00-04:00	11.4900	11.1345	3267
2026-08-13T15:21:00-04:00	11.5100	11.1348	6031
2026-08-13T15:22:00-04:00	11.4600	11.1355	14071
2026-08-13T15:23:00-04:00	11.4600	11.1355	549
2026-08-13T15:24:00-04:00	11.4700	11.1356	1179
2026-08-13T15:25:00-04:00	11.4600	11.1361	9516
2026-08-13T15:26:00-04:00	11.4600	11.1372	24147
2026-08-13T15:27:00-04:00	11.4800	11.1374	4169
2026-08-13T15:28:00-04:00	11.4900	11.1381	12948
2026-08-13T15:29:00-04:00	11.5100	11.1383	4921
2026-08-13T15:30:00-04:00	11.4900	11.1388	10069
2026-08-13T15:31:00-04:00	11.4384	11.1397	18689
2026-08-13T15:32:00-04:00	11.4400	11.1400	7029
2026-08-13T15:33:00-04:00	11.4700	11.1404	8137
2026-08-13T15:34:00-04:00	11.5200	11.1411	13486
2026-08-13T15:35:00-04:00	11.5100	11.1414	5701
2026-08-13T15:36:00-04:00	11.5300	11.1416	4334
2026-08-13T15:37:00-04:00	11.5400	11.1427	19370
2026-08-13T15:38:00-04:00	11.5050	11.1439	22012
2026-08-13T15:39:00-04:00	11.4900	11.1448	17739
2026-08-13T15:40:00-04:00	11.4400	11.1454	13787
2026-08-13T15:41:00-04:00	11.4450	11.1460	13780
2026-08-13T15:42:00-04:00	11.4000	11.1467	17087
2026-08-13T15:43:00-04:00	11.3850	11.1471	11886
2026-08-13T15:44:00-04:00	11.3600	11.1474	11032
2026-08-13T15:45:00-04:00	11.3550	11.1477	10867
2026-08-13T15:46:00-04:00	11.3400	11.1479	5561
2026-08-13T15:47:00-04:00	11.3550	11.1489	34625
2026-08-13T15:48:00-04:00	11.3850	11.1495	17738
2026-08-13T15:49:00-04:00	11.3700	11.1502	21941
2026-08-13T15:50:00-04:00	11.3200	11.1520	65714
2026-08-13T15:51:00-04:00	11.3546	11.1524	14141
2026-08-13T15:52:00-04:00	11.3500	11.1529	17729
2026-08-13T15:53:00-04:00	11.3850	11.1535	20003
2026-08-13T15:54:00-04:00	11.4100	11.1541	18461
2026-08-13T15:55:00-04:00	11.5000	11.1560	43422
2026-08-13T15:56:00-04:00	11.5450	11.1584	47885
2026-08-13T15:57:00-04:00	11.5200	11.1611	53685
2026-08-13T15:58:00-04:00	11.5300	11.1639	60937
2026-08-13T15:59:00-04:00	11.5052	11.1688	110394
2026-08-14T09:30:00-04:00	10.2100	10.1400	493573
2026-08-14T09:31:00-04:00	10.2200	10.1403	1682
2026-08-14T09:32:00-04:00	10.4800	10.1586	30499
2026-08-14T09:33:00-04:00	10.2350	10.1634	13575
2026-08-14T09:34:00-04:00	10.2403	10.2104	363797
2026-08-14T09:35:00-04:00	10.0100	10.2030	86195
2026-08-14T09:36:00-04:00	9.9900	10.1926	57078
2026-08-14T09:37:00-04:00	9.7550	10.1542	116455
2026-08-14T09:38:00-04:00	9.7850	10.1415	40701
2026-08-14T09:39:00-04:00	9.9919	10.1240	100855
2026-08-14T09:40:00-04:00	9.9500	10.1207	24527
2026-08-14T09:41:00-04:00	10.0450	10.1187	26424
2026-08-14T09:42:00-04:00	10.0500	10.1174	17679
2026-08-14T09:43:00-04:00	9.9400	10.1164	9105
2026-08-14T09:44:00-04:00	9.8400	10.1136	14964
2026-08-14T09:45:00-04:00	9.7400	10.1068	27418
2026-08-14T09:46:00-04:00	9.8000	10.1011	25484
2026-08-14T09:47:00-04:00	9.9100	10.0991	13007
2026-08-14T09:48:00-04:00	9.7700	10.0977	7427
2026-08-14T09:49:00-04:00	9.6600	10.0928	18462
2026-08-14T09:50:00-04:00	9.7300	10.0803	48959
2026-08-14T09:51:00-04:00	9.8700	10.0793	6379
2026-08-14T09:52:00-04:00	9.8700	10.0761	25150
2026-08-14T09:53:00-04:00	9.8400	10.0753	5924
2026-08-14T09:54:00-04:00	9.8800	10.0747	4531
2026-08-14T09:55:00-04:00	9.7950	10.0660	52967
2026-08-14T09:56:00-04:00	9.8260	10.0592	41240
2026-08-14T09:57:00-04:00	9.9000	10.0576	15030
2026-08-14T09:58:00-04:00	10.0000	10.0562	30669
2026-08-14T09:59:00-04:00	10.0200	10.0553	23662
2026-08-14T10:00:00-04:00	10.3550	10.0641	94363
2026-08-14T10:01:00-04:00	10.2200	10.0717	71094
2026-08-14T10:02:00-04:00	10.2400	10.0769	63250
2026-08-14T10:03:00-04:00	10.2400	10.0786	20628
2026-08-14T10:04:00-04:00	10.2350	10.0817	39479
2026-08-14T10:05:00-04:00	10.3000	10.0874	54452
2026-08-14T10:06:00-04:00	10.3500	10.0914	31768
2026-08-14T10:07:00-04:00	10.3400	10.0947	26856
2026-08-14T10:08:00-04:00	10.4100	10.0973	20918
2026-08-14T10:09:00-04:00	10.2650	10.1026	52433
2026-08-14T10:10:00-04:00	10.2600	10.1030	5966
2026-08-14T10:11:00-04:00	10.3100	10.1049	21851
2026-08-14T10:12:00-04:00	10.2657	10.1062	16796
2026-08-14T10:13:00-04:00	10.2650	10.1079	23888
2026-08-14T10:14:00-04:00	10.2150	10.1085	11665
2026-08-14T10:15:00-04:00	10.2600	10.1093	13324
2026-08-14T10:16:00-04:00	10.3671	10.1103	10715
2026-08-14T10:17:00-04:00	10.3850	10.1176	64011
2026-08-14T10:18:00-04:00	10.2250	10.1199	36378
2026-08-14T10:19:00-04:00	10.2700	10.1210	19660
2026-08-14T10:20:00-04:00	10.2900	10.1213	4444
2026-08-14T10:21:00-04:00	10.3199	10.1221	10807
2026-08-14T10:22:00-04:00	10.2900	10.1230	12697
2026-08-14T10:23:00-04:00	10.2700	10.1246	25176
2026-08-14T10:24:00-04:00	10.2000	10.1257	35000
2026-08-14T10:25:00-04:00	10.2150	10.1261	15359
2026-08-14T10:26:00-04:00	10.2100	10.1265	14703
2026-08-14T10:27:00-04:00	10.2399	10.1267	4048
2026-08-14T10:28:00-04:00	10.1400	10.1268	6209
2026-08-14T10:29:00-04:00	10.1600	10.1269	14292
2026-08-14T10:30:00-04:00	10.1000	10.1269	19461
2026-08-14T10:31:00-04:00	10.1322	10.1269	9947
2026-08-14T10:32:00-04:00	10.1400	10.1270	5715
2026-08-14T10:33:00-04:00	10.0900	10.1269	8329
2026-08-14T10:34:00-04:00	10.1164	10.1268	8658
2026-08-14T10:35:00-04:00	10.1130	10.1266	18422
2026-08-14T10:36:00-04:00	10.0850	10.1266	2327
2026-08-14T10:37:00-04:00	10.0900	10.1265	10157
2026-08-14T10:38:00-04:00	10.0750	10.1264	3485
2026-08-14T10:39:00-04:00	10.1650	10.1265	12496
2026-08-14T10:40:00-04:00	10.2400	10.1271	17832
2026-08-14T10:41:00-04:00	10.1600	10.1275	18016
2026-08-14T10:42:00-04:00	10.1100	10.1275	6042
2026-08-14T10:43:00-04:00	10.1300	10.1274	10727
2026-08-14T10:44:00-04:00	10.2000	10.1276	10273
2026-08-14T10:45:00-04:00	10.1900	10.1290	50120
2026-08-14T10:46:00-04:00	10.1500	10.1290	1191
2026-08-14T10:47:00-04:00	10.0400	10.1285	28925
2026-08-14T10:48:00-04:00	10.0400	10.1284	4729
2026-08-14T10:49:00-04:00	10.0300	10.1281	8789
2026-08-14T10:50:00-04:00	9.9700	10.1276	11474
2026-08-14T10:51:00-04:00	9.9750	10.1271	8992
2026-08-14T10:52:00-04:00	10.0100	10.1267	9025
2026-08-14T10:53:00-04:00	10.0150	10.1261	16437
2026-08-14T10:54:00-04:00	10.0750	10.1249	42778
2026-08-14T10:55:00-04:00	10.1400	10.1249	6585
2026-08-14T10:56:00-04:00	10.0150	10.1245	16221
2026-08-14T10:57:00-04:00	10.1400	10.1245	5763
2026-08-14T10:58:00-04:00	10.1450	10.1248	26621
2026-08-14T10:59:00-04:00	10.1065	10.1247	10674
2026-08-14T11:00:00-04:00	10.0800	10.1246	4131
2026-08-14T11:01:00-04:00	10.0500	10.1245	4605
2026-08-14T11:02:00-04:00	10.0500	10.1244	3432
2026-08-14T11:03:00-04:00	10.0215	10.1241	8098
2026-08-14T11:04:00-04:00	9.9900	10.1239	6837
2026-08-14T11:05:00-04:00	10.0600	10.1224	46129
2026-08-14T11:06:00-04:00	10.0900	10.1223	12472
2026-08-14T11:07:00-04:00	10.2000	10.1224	6769
2026-08-14T11:08:00-04:00	10.1600	10.1227	18612
2026-08-14T11:09:00-04:00	10.2050	10.1229	11189
2026-08-14T11:10:00-04:00	10.1850	10.1232	12164
2026-08-14T11:11:00-04:00	10.2150	10.1240	21770
2026-08-14T11:12:00-04:00	10.2500	10.1248	28623
2026-08-14T11:13:00-04:00	10.2800	10.1254	11945
2026-08-14T11:14:00-04:00	10.2928	10.1263	17576
2026-08-14T11:15:00-04:00	10.2900	10.1268	8753
2026-08-14T11:16:00-04:00	10.3100	10.1275	13610
2026-08-14T11:17:00-04:00	10.2700	10.1280	9537
2026-08-14T11:18:00-04:00	10.2500	10.1283	9552
2026-08-14T11:19:00-04:00	10.2700	10.1285	4043
2026-08-14T11:20:00-04:00	10.2500	10.1289	9996
2026-08-14T11:21:00-04:00	10.2600	10.1292	6367
2026-08-14T11:22:00-04:00	10.1651	10.1296	21697
2026-08-14T11:23:00-04:00	10.1900	10.1298	11641
2026-08-14T11:24:00-04:00	10.1400	10.1299	5021
2026-08-14T11:25:00-04:00	10.1550	10.1299	4785
2026-08-14T11:26:00-04:00	10.1400	10.1299	3735
2026-08-14T11:27:00-04:00	10.0800	10.1297	22573
2026-08-14T11:28:00-04:00	10.0100	10.1293	12812
2026-08-14T11:29:00-04:00	10.0100	10.1290	6421
2026-08-14T11:30:00-04:00	9.9781	10.1286	10110
2026-08-14T11:31:00-04:00	9.9481	10.1243	72361
2026-08-14T11:32:00-04:00	9.9600	10.1236	13321
2026-08-14T11:33:00-04:00	9.9200	10.1229	13150
2026-08-14T11:34:00-04:00	9.9400	10.1225	8053
2026-08-14T11:35:00-04:00	9.9700	10.1221	7476
2026-08-14T11:36:00-04:00	9.9550	10.1218	6522
2026-08-14T11:37:00-04:00	9.9850	10.1214	11506
2026-08-14T11:38:00-04:00	9.9780	10.1210	9002
2026-08-14T11:39:00-04:00	9.9876	10.1202	19763
2026-08-14T11:40:00-04:00	10.0500	10.1200	6671
2026-08-14T11:41:00-04:00	10.0900	10.1199	8467
2026-08-14T11:42:00-04:00	10.0900	10.1195	42456
2026-08-14T11:43:00-04:00	10.0900	10.1195	4171
2026-08-14T11:44:00-04:00	10.0463	10.1193	12634
2026-08-14T11:45:00-04:00	10.0500	10.1192	5621
2026-08-14T11:46:00-04:00	10.1150	10.1185	134946
2026-08-14T11:47:00-04:00	10.0800	10.1185	7065
2026-08-14T11:48:00-04:00	10.0200	10.1184	3814
2026-08-14T11:49:00-04:00	9.9748	10.1180	11032
2026-08-14T11:50:00-04:00	9.9700	10.1177	8841
2026-08-14T11:51:00-04:00	9.9700	10.1171	13740
2026-08-14T11:52:00-04:00	10.0100	10.1170	5550
2026-08-14T11:53:00-04:00	9.9900	10.1168	6278
2026-08-14T11:54:00-04:00	10.0173	10.1167	4629
2026-08-14T11:55:00-04:00	10.0300	10.1166	2268
2026-08-14T11:56:00-04:00	10.0600	10.1166	2968
2026-08-14T11:57:00-04:00	10.0850	10.1165	2503
2026-08-14T11:58:00-04:00	10.1100	10.1165	6703
2026-08-14T11:59:00-04:00	10.1150	10.1165	3538
2026-08-14T12:00:00-04:00	10.1300	10.1165	2013
2026-08-14T12:01:00-04:00	10.1350	10.1165	960
2026-08-14T12:02:00-04:00	10.1100	10.1166	21843
2026-08-14T12:03:00-04:00	10.1200	10.1166	2189
2026-08-14T12:04:00-04:00	10.1600	10.1167	10526
2026-08-14T12:05:00-04:00	10.2000	10.1173	32395
2026-08-14T12:06:00-04:00	10.1350	10.1175	23062
2026-08-14T12:07:00-04:00	10.1500	10.1176	8256
2026-08-14T12:08:00-04:00	10.1800	10.1176	1477
2026-08-14T12:09:00-04:00	10.1600	10.1177	3534
2026-08-14T12:10:00-04:00	10.1600	10.1177	2109
2026-08-14T12:11:00-04:00	10.1650	10.1177	1897
2026-08-14T12:12:00-04:00	10.1800	10.1177	1649
2026-08-14T12:13:00-04:00	10.1700	10.1178	4419
2026-08-14T12:14:00-04:00	10.1800	10.1178	2745
2026-08-14T12:15:00-04:00	10.1800	10.1178	1083
2026-08-14T12:16:00-04:00	10.2100	10.1180	8673
2026-08-14T12:17:00-04:00	10.1850	10.1183	14104
2026-08-14T12:18:00-04:00	10.1850	10.1183	2601
2026-08-14T12:19:00-04:00	10.1650	10.1184	8694
2026-08-14T12:20:00-04:00	10.1950	10.1185	4484
2026-08-14T12:21:00-04:00	10.2399	10.1190	15848
2026-08-14T12:22:00-04:00	10.1950	10.1191	3996
2026-08-14T12:23:00-04:00	10.1650	10.1192	6594
2026-08-14T12:24:00-04:00	10.1900	10.1192	5920
2026-08-14T12:25:00-04:00	10.2000	10.1193	3688
2026-08-14T12:26:00-04:00	10.2350	10.1194	2961
2026-08-14T12:27:00-04:00	10.2300	10.1194	1514
2026-08-14T12:28:00-04:00	10.2300	10.1201	23148
2026-08-14T12:29:00-04:00	10.2000	10.1202	3326
2026-08-14T12:30:00-04:00	10.2000	10.1203	5314
2026-08-14T12:31:00-04:00	10.1750	10.1204	6719
2026-08-14T12:32:00-04:00	10.1650	10.1205	2964
2026-08-14T12:33:00-04:00	10.1750	10.1206	7518
2026-08-14T12:34:00-04:00	10.1800	10.1206	1931
2026-08-14T12:35:00-04:00	10.2400	10.1208	7633
2026-08-14T12:36:00-04:00	10.2250	10.1208	1132
2026-08-14T12:37:00-04:00	10.2200	10.1209	2210
2026-08-14T12:38:00-04:00	10.2150	10.1210	5069
2026-08-14T12:39:00-04:00	10.2850	10.1214	12006
2026-08-14T12:40:00-04:00	10.2200	10.1217	9020
2026-08-14T12:41:00-04:00	10.1800	10.1218	7469
2026-08-14T12:42:00-04:00	10.1650	10.1218	1777
2026-08-14T12:43:00-04:00	10.1800	10.1219	2792
2026-08-14T12:44:00-04:00	10.1879	10.1219	562
2026-08-14T12:45:00-04:00	10.1300	10.1220	23594
2026-08-14T12:46:00-04:00	10.1300	10.1220	1304
2026-08-14T12:47:00-04:00	10.1000	10.1220	9924
2026-08-14T12:48:00-04:00	10.1050	10.1219	8999
2026-08-14T12:49:00-04:00	10.0850	10.1219	2176
2026-08-14T12:50:00-04:00	10.1150	10.1219	8204
2026-08-14T12:51:00-04:00	10.1100	10.1219	1667
2026-08-14T12:52:00-04:00	10.2000	10.1221	11796
2026-08-14T12:53:00-04:00	10.2300	10.1221	2748
2026-08-14T12:54:00-04:00	10.2150	10.1222	5313
2026-08-14T12:55:00-04:00	10.2200	10.1223	1682
2026-08-14T12:56:00-04:00	10.2300	10.1227	19361
2026-08-14T12:57:00-04:00	10.2300	10.1228	2802
2026-08-14T12:58:00-04:00	10.2300	10.1229	5659
2026-08-14T12:59:00-04:00	10.2500	10.1230	3265
2026-08-14T13:00:00-04:00	10.2700	10.1235	14631
2026-08-14T13:01:00-04:00	10.2650	10.1242	19398
2026-08-14T13:02:00-04:00	10.2500	10.1245	10849
2026-08-14T13:03:00-04:00	10.2300	10.1248	10316
2026-08-14T13:04:00-04:00	10.2500	10.1249	3191
2026-08-14T13:05:00-04:00	10.2600	10.1257	26621
2026-08-14T13:06:00-04:00	10.3100	10.1272	37230
2026-08-14T13:07:00-04:00	10.4550	10.1305	50886
2026-08-14T13:08:00-04:00	10.5300	10.1329	27306
2026-08-14T13:09:00-04:00	10.5500	10.1336	7425
2026-08-14T13:10:00-04:00	10.6700	10.1361	22879
2026-08-14T13:11:00-04:00	10.7000	10.1396	27203
2026-08-14T13:12:00-04:00	10.7400	10.1504	82815
2026-08-14T13:13:00-04:00	10.7800	10.1532	21288
2026-08-14T13:14:00-04:00	10.7600	10.1559	20780
2026-08-14T13:15:00-04:00	10.8150	10.1578	12934
2026-08-14T13:16:00-04:00	10.8500	10.1604	18541
2026-08-14T13:17:00-04:00	10.7700	10.1743	102729
2026-08-14T13:18:00-04:00	10.7600	10.1755	9317
2026-08-14T13:19:00-04:00	10.8700	10.1778	16356
2026-08-14T13:20:00-04:00	10.9300	10.1942	108550
2026-08-14T13:21:00-04:00	10.8950	10.1960	12021
2026-08-14T13:22:00-04:00	10.8950	10.1968	5828
2026-08-14T13:23:00-04:00	10.9250	10.1977	5749
2026-08-14T13:24:00-04:00	10.9300	10.1981	2663
2026-08-14T13:25:00-04:00	10.9400	10.1993	8457
2026-08-14T13:26:00-04:00	10.9400	10.2043	33500
2026-08-14T13:27:00-04:00	10.9300	10.2049	3807
2026-08-14T13:28:00-04:00	10.9200	10.2061	8594
2026-08-14T13:29:00-04:00	10.9750	10.2069	4913
2026-08-14T13:30:00-04:00	10.8900	10.2100	21587
2026-08-14T13:31:00-04:00	10.9099	10.2110	7182
2026-08-14T13:32:00-04:00	11.0750	10.2163	32633
2026-08-14T13:33:00-04:00	11.0800	10.2186	13174
2026-08-14T13:34:00-04:00	11.1350	10.2223	21646
2026-08-14T13:35:00-04:00	11.0935	10.2230	3861
2026-08-14T13:36:00-04:00	11.1400	10.2249	10648
2026-08-14T13:37:00-04:00	11.0900	10.2306	32572
2026-08-14T13:38:00-04:00	11.0001	10.2313	4312
2026-08-14T13:39:00-04:00	11.0700	10.2331	11478
2026-08-14T13:40:00-04:00	11.0600	10.2342	6660
2026-08-14T13:41:00-04:00	11.0678	10.2350	5139
2026-08-14T13:42:00-04:00	11.0500	10.2354	2592
2026-08-14T13:43:00-04:00	10.9700	10.2364	6913
2026-08-14T13:44:00-04:00	11.0100	10.2374	6437
2026-08-14T13:45:00-04:00	11.0300	10.2377	1872
2026-08-14T13:46:00-04:00	11.0200	10.2382	3221
2026-08-14T13:47:00-04:00	11.0001	10.2386	2565
2026-08-14T13:48:00-04:00	10.9800	10.2399	9457
2026-08-14T13:49:00-04:00	10.9000	10.2433	26579
2026-08-14T13:50:00-04:00	10.9100	10.2443	7729
2026-08-14T13:51:00-04:00	10.9300	10.2458	11180
2026-08-14T13:52:00-04:00	10.9390	10.2479	15930
2026-08-14T13:53:00-04:00	10.9200	10.2491	9442
2026-08-14T13:54:00-04:00	10.9500	10.2504	9502
2026-08-14T13:55:00-04:00	10.9600	10.2512	5854
2026-08-14T13:56:00-04:00	10.9900	10.2524	8866
2026-08-14T13:57:00-04:00	10.9900	10.2527	2226
2026-08-14T13:58:00-04:00	11.0200	10.2537	6804
2026-08-14T13:59:00-04:00	10.9800	10.2548	7675
2026-08-14T14:00:00-04:00	11.0100	10.2552	2837
2026-08-14T14:01:00-04:00	11.0050	10.2557	3960
2026-08-14T14:02:00-04:00	11.0700	10.2563	3632
2026-08-14T14:03:00-04:00	11.0350	10.2571	5127
2026-08-14T14:04:00-04:00	11.0242	10.2573	1558
2026-08-14T14:05:00-04:00	11.0150	10.2579	4135
2026-08-14T14:06:00-04:00	11.0184	10.2582	2545
2026-08-14T14:07:00-04:00	11.0100	10.2587	3314
2026-08-14T14:08:00-04:00	11.0200	10.2596	6276
2026-08-14T14:09:00-04:00	11.0050	10.2599	2191
2026-08-14T14:10:00-04:00	10.9700	10.2606	5513
2026-08-14T14:11:00-04:00	10.9799	10.2609	1732
2026-08-14T14:12:00-04:00	10.9156	10.2628	15212
2026-08-14T14:13:00-04:00	10.9150	10.2634	4611
2026-08-14T14:14:00-04:00	10.9500	10.2639	4097
2026-08-14T14:15:00-04:00	10.9800	10.2640	1201
2026-08-14T14:16:00-04:00	10.9600	10.2644	3038
2026-08-14T14:17:00-04:00	10.9450	10.2649	3959
2026-08-14T14:18:00-04:00	10.9350	10.2652	1894
2026-08-14T14:19:00-04:00	10.9700	10.2659	5583
2026-08-14T14:20:00-04:00	10.8800	10.2664	3847
2026-08-14T14:21:00-04:00	10.9000	10.2668	3695
2026-08-14T14:22:00-04:00	10.9700	10.2675	5464
2026-08-14T14:23:00-04:00	10.9800	10.2692	12592
2026-08-14T14:24:00-04:00	10.9750	10.2694	1720
2026-08-14T14:25:00-04:00	10.9750	10.2696	1561
2026-08-14T14:26:00-04:00	10.9750	10.2698	1403
2026-08-14T14:27:00-04:00	10.9700	10.2701	2790
2026-08-14T14:28:00-04:00	10.9600	10.2707	4078
2026-08-14T14:29:00-04:00	10.9550	10.2710	2370
2026-08-14T14:30:00-04:00	10.9600	10.2714	3361
2026-08-14T14:31:00-04:00	10.9650	10.2715	894
2026-08-14T14:32:00-04:00	10.9700	10.2717	1874
2026-08-14T14:33:00-04:00	10.9885	10.2724	5282
2026-08-14T14:34:00-04:00	10.9600	10.2728	3101
2026-08-14T14:35:00-04:00	10.9450	10.2735	5802
2026-08-14T14:36:00-04:00	10.9450	10.2737	1194
2026-08-14T14:37:00-04:00	10.9050	10.2743	4738
2026-08-14T14:38:00-04:00	10.9075	10.2744	1484
2026-08-14T14:39:00-04:00	10.9150	10.2746	1066
2026-08-14T14:40:00-04:00	10.9300	10.2749	3224
2026-08-14T14:41:00-04:00	10.9500	10.2752	1886
2026-08-14T14:42:00-04:00	10.9700	10.2757	3877
2026-08-14T14:43:00-04:00	10.9300	10.2763	5224
2026-08-14T14:44:00-04:00	10.9300	10.2766	2745
2026-08-14T14:45:00-04:00	10.9400	10.2768	1254
2026-08-14T14:46:00-04:00	10.9850	10.2772	3361
2026-08-14T14:47:00-04:00	10.9600	10.2779	5182
2026-08-14T14:48:00-04:00	11.0300	10.2823	33827
2026-08-14T14:49:00-04:00	11.0472	10.2830	4812
2026-08-14T14:50:00-04:00	11.1500	10.2838	5410
2026-08-14T14:51:00-04:00	11.1550	10.2845	4324
2026-08-14T14:52:00-04:00	11.1850	10.2876	19361
2026-08-14T14:53:00-04:00	11.1700	10.2881	3121
2026-08-14T14:54:00-04:00	11.1609	10.2891	6729
2026-08-14T14:55:00-04:00	11.1300	10.2898	4432
2026-08-14T14:56:00-04:00	11.1300	10.2920	14789
2026-08-14T14:57:00-04:00	11.0800	10.2935	10023
2026-08-14T14:58:00-04:00	11.1150	10.2942	5159
2026-08-14T14:59:00-04:00	11.0900	10.2946	2342
2026-08-14T15:00:00-04:00	11.1300	10.2970	16227
2026-08-14T15:01:00-04:00	11.1100	10.2977	4523
2026-08-14T15:02:00-04:00	11.1300	10.2979	1704
2026-08-14T15:03:00-04:00	11.0200	10.2998	13916
2026-08-14T15:04:00-04:00	11.0150	10.3003	3774
2026-08-14T15:05:00-04:00	10.9900	10.3007	3259
2026-08-14T15:06:00-04:00	10.9800	10.3012	4588
2026-08-14T15:07:00-04:00	10.9600	10.3017	3919
2026-08-14T15:08:00-04:00	10.9600	10.3018	911
2026-08-14T15:09:00-04:00	10.9400	10.3024	5339
2026-08-14T15:10:00-04:00	10.9800	10.3027	2356
2026-08-14T15:11:00-04:00	11.0000	10.3030	2860
2026-08-14T15:12:00-04:00	11.0200	10.3035	3635
2026-08-14T15:13:00-04:00	11.0100	10.3044	7396
2026-08-14T15:14:00-04:00	10.9830	10.3056	9965
2026-08-14T15:15:00-04:00	11.0368	10.3066	7871
2026-08-14T15:16:00-04:00	11.0100	10.3071	4165
2026-08-14T15:17:00-04:00	11.0300	10.3075	2512
2026-08-14T15:18:00-04:00	11.0150	10.3079	3260
2026-08-14T15:19:00-04:00	10.9850	10.3085	5363
2026-08-14T15:20:00-04:00	10.9523	10.3096	9340
2026-08-14T15:21:00-04:00	10.9700	10.3101	4328
2026-08-14T15:22:00-04:00	10.9650	10.3103	2066
2026-08-14T15:23:00-04:00	10.9881	10.3106	2516
2026-08-14T15:24:00-04:00	11.0300	10.3112	4954
2026-08-14T15:25:00-04:00	11.0700	10.3119	4893
2026-08-14T15:26:00-04:00	11.0500	10.3123	3714
2026-08-14T15:27:00-04:00	11.0300	10.3132	6425
2026-08-14T15:28:00-04:00	11.0400	10.3137	4203
2026-08-14T15:29:00-04:00	11.0300	10.3146	7565
2026-08-14T15:30:00-04:00	11.0800	10.3170	18667
2026-08-14T15:31:00-04:00	11.0600	10.3180	7749
2026-08-14T15:32:00-04:00	11.0500	10.3193	9901
2026-08-14T15:33:00-04:00	11.1000	10.3212	14185
2026-08-14T15:34:00-04:00	11.0700	10.3253	32877
2026-08-14T15:35:00-04:00	11.1100	10.3275	16573
2026-08-14T15:36:00-04:00	11.1400	10.3282	4873
2026-08-14T15:37:00-04:00	11.1800	10.3315	23387
2026-08-14T15:38:00-04:00	11.1350	10.3334	13517
2026-08-14T15:39:00-04:00	11.1400	10.3339	4087
2026-08-14T15:40:00-04:00	11.1350	10.3361	15783
2026-08-14T15:41:00-04:00	11.1515	10.3372	7805
2026-08-14T15:42:00-04:00	11.1900	10.3389	12373
2026-08-14T15:43:00-04:00	11.1450	10.3405	11629
2026-08-14T15:44:00-04:00	11.1800	10.3410	3286
2026-08-14T15:45:00-04:00	11.1950	10.3429	13325
2026-08-14T15:46:00-04:00	11.1950	10.3442	8738
2026-08-14T15:47:00-04:00	11.1900	10.3462	14736
2026-08-14T15:48:00-04:00	11.2385	10.3488	17163
2026-08-14T15:49:00-04:00	11.1650	10.3508	14308
2026-08-14T15:50:00-04:00	11.1200	10.3545	28881
2026-08-14T15:51:00-04:00	11.1500	10.3569	18699
2026-08-14T15:52:00-04:00	11.1700	10.3585	11875
2026-08-14T15:53:00-04:00	11.1400	10.3604	15112
2026-08-14T15:54:00-04:00	11.1000	10.3634	24213
2026-08-14T15:55:00-04:00	10.9900	10.3680	42369
2026-08-14T15:56:00-04:00	10.9800	10.3747	66281
2026-08-14T15:57:00-04:00	10.9200	10.3806	67798
2026-08-14T15:58:00-04:00	10.9150	10.3858	60753
2026-08-14T15:59:00-04:00	10.9250	10.3926	81175
2026-08-17T09:30:00-04:00	10.6650	10.5710	296987
2026-08-17T09:31:00-04:00	10.5850	10.5685	48244
2026-08-17T09:32:00-04:00	11.1758	10.6166	44264
2026-08-17T09:33:00-04:00	11.5700	10.7192	54380
2026-08-17T09:34:00-04:00	11.6300	10.8589	84099
2026-08-17T09:35:00-04:00	11.5890	10.8890	22315
2026-08-17T09:36:00-04:00	11.4500	10.9061	16844
2026-08-17T09:37:00-04:00	11.3250	10.9214	19626
2026-08-17T09:38:00-04:00	11.3675	10.9382	23315
2026-08-17T09:39:00-04:00	11.4800	10.9474	11327
2026-08-17T09:40:00-04:00	11.3500	10.9515	5951
2026-08-17T09:41:00-04:00	11.2800	10.9567	9352
2026-08-17T09:42:00-04:00	11.3500	10.9591	3897
2026-08-17T09:43:00-04:00	11.3200	10.9606	2529
2026-08-17T09:44:00-04:00	11.4200	10.9708	15396
2026-08-17T09:45:00-04:00	11.3800	10.9740	5572
2026-08-17T09:46:00-04:00	11.3550	10.9845	18078
2026-08-17T09:47:00-04:00	11.3600	10.9922	13731
2026-08-17T09:48:00-04:00	11.4650	11.2147	713030
2026-08-17T09:49:00-04:00	11.3600	11.2153	4576
2026-08-17T09:50:00-04:00	11.3850	11.2158	3486
2026-08-17T09:51:00-04:00	11.3100	11.2166	9727
2026-08-17T09:52:00-04:00	11.3350	11.2169	3279
2026-08-17T09:53:00-04:00	11.3800	11.2179	10577
2026-08-17T09:54:00-04:00	11.3750	11.2187	7888
2026-08-17T09:55:00-04:00	11.3300	11.2190	3488
2026-08-17T09:56:00-04:00	11.3900	11.2193	2530
2026-08-17T09:57:00-04:00	11.3650	11.2199	5454
2026-08-17T09:58:00-04:00	11.4150	11.2206	6857
2026-08-17T09:59:00-04:00	11.3737	11.2209	2645
2026-08-17T10:00:00-04:00	11.3537	11.2213	4049
2026-08-17T10:01:00-04:00	11.2049	11.2215	6894
2026-08-17T10:02:00-04:00	11.2400	11.2215	1251
2026-08-17T10:03:00-04:00	11.2300	11.2213	11883
2026-08-17T10:04:00-04:00	11.2500	11.2214	8060
2026-08-17T10:05:00-04:00	11.2700	11.2220	18375
2026-08-17T10:06:00-04:00	11.2700	11.2223	12126
2026-08-17T10:07:00-04:00	11.2650	11.2225	4943
2026-08-17T10:08:00-04:00	11.3200	11.2227	5195
2026-08-17T10:09:00-04:00	11.4000	11.2230	3385
2026-08-17T10:10:00-04:00	11.5350	11.2252	12165
2026-08-17T10:11:00-04:00	11.5025	11.2268	9369
2026-08-17T10:12:00-04:00	11.4500	11.2276	4996
2026-08-17T10:13:00-04:00	11.3950	11.2296	16816
2026-08-17T10:14:00-04:00	11.3700	11.2301	5413
2026-08-17T10:15:00-04:00	11.2850	11.2308	12648
2026-08-17T10:16:00-04:00	11.3800	11.2315	12186
2026-08-17T10:17:00-04:00	11.5000	11.2336	15240
2026-08-17T10:18:00-04:00	11.5150	11.2346	5113
2026-08-17T10:19:00-04:00	11.4400	11.2353	5395
2026-08-17T10:20:00-04:00	11.3900	11.2355	1849
2026-08-17T10:21:00-04:00	11.4700	11.2360	3951
2026-08-17T10:22:00-04:00	11.4100	11.2362	1941
2026-08-17T10:23:00-04:00	11.4000	11.2367	5457
2026-08-17T10:24:00-04:00	11.3800	11.2371	4444
2026-08-17T10:25:00-04:00	11.4250	11.2383	10414
2026-08-17T10:26:00-04:00	11.4750	11.2393	6962
2026-08-17T10:27:00-04:00	11.4800	11.2395	1890
2026-08-17T10:28:00-04:00	11.4571	11.2396	882
2026-08-17T10:29:00-04:00	11.4750	11.2397	500
2026-08-17T10:30:00-04:00	11.5200	11.2414	11140
2026-08-17T10:31:00-04:00	11.5400	11.2417	1914
2026-08-17T10:32:00-04:00	11.4600	11.2430	8675
2026-08-17T10:33:00-04:00	11.3550	11.2437	10359
2026-08-17T10:34:00-04:00	11.2050	11.2437	8045
2026-08-17T10:35:00-04:00	11.2399	11.2436	9696
2026-08-17T10:36:00-04:00	11.1900	11.2435	4452
2026-08-17T10:37:00-04:00	11.2000	11.2435	1232
2026-08-17T10:38:00-04:00	11.1400	11.2430	7798
2026-08-17T10:39:00-04:00	11.1650	11.2430	1385
2026-08-17T10:40:00-04:00	11.1000	11.2424	8323
2026-08-17T10:41:00-04:00	11.0600	11.2414	10823
2026-08-17T10:42:00-04:00	11.0514	11.2407	6792
2026-08-17T10:43:00-04:00	11.0350	11.2377	27760
2026-08-17T10:44:00-04:00	11.0000	11.2374	2755
2026-08-17T10:45:00-04:00	11.0300	11.2372	1118
2026-08-17T10:46:00-04:00	10.9600	11.2368	3193
2026-08-17T10:47:00-04:00	10.9700	11.2363	3147
2026-08-17T10:48:00-04:00	10.9600	11.2354	6190
2026-08-17T10:49:00-04:00	10.9600	11.2351	1551
2026-08-17T10:50:00-04:00	10.9600	11.2332	12912
2026-08-17T10:51:00-04:00	11.0500	11.2294	32902
2026-08-17T10:52:00-04:00	11.1350	11.2275	36680
2026-08-17T10:53:00-04:00	11.1250	11.2265	20197
2026-08-17T10:54:00-04:00	11.1188	11.2264	2205
2026-08-17T10:55:00-04:00	11.1120	11.2252	25190
2026-08-17T10:56:00-04:00	11.0800	11.2250	3006
2026-08-17T10:57:00-04:00	11.0650	11.2247	3136
2026-08-17T10:58:00-04:00	11.0550	11.2243	4919
2026-08-17T10:59:00-04:00	11.0500	11.2242	1502
2026-08-17T11:00:00-04:00	11.0500	11.2240	2372
2026-08-17T11:01:00-04:00	11.1200	11.2226	21073
2026-08-17T11:02:00-04:00	11.2650	11.2226	20265
2026-08-17T11:03:00-04:00	11.2300	11.2234	57529
2026-08-17T11:04:00-04:00	11.1800	11.2233	7593
2026-08-17T11:05:00-04:00	11.2100	11.2232	8915
2026-08-17T11:06:00-04:00	11.2150	11.2232	5255
2026-08-17T11:07:00-04:00	11.2150	11.2232	2438
2026-08-17T11:08:00-04:00	11.2400	11.2232	6506
2026-08-17T11:09:00-04:00	11.3150	11.2335	152976
2026-08-17T11:10:00-04:00	11.4200	11.2338	4091
2026-08-17T11:11:00-04:00	11.5000	11.2344	5945
2026-08-17T11:12:00-04:00	11.4400	11.2358	13860
2026-08-17T11:13:00-04:00	11.4600	11.2371	13915
2026-08-17T11:14:00-04:00	11.3900	11.2373	2782
2026-08-17T11:15:00-04:00	11.3900	11.2375	2700
2026-08-17T11:16:00-04:00	11.3900	11.2379	6056
2026-08-17T11:17:00-04:00	11.2900	11.2389	26955
2026-08-17T11:18:00-04:00	11.3200	11.2396	20141
2026-08-17T11:19:00-04:00	11.4000	11.2398	3311
2026-08-17T11:20:00-04:00	11.3750	11.2398	1483
2026-08-17T11:21:00-04:00	11.3450	11.2400	2482
2026-08-17T11:22:00-04:00	11.3600	11.2402	4315
2026-08-17T11:23:00-04:00	11.5300	11.2451	53283
2026-08-17T11:24:00-04:00	11.5100	11.2463	11670
2026-08-17T11:25:00-04:00	11.5350	11.2468	3922
2026-08-17T11:26:00-04:00	11.5000	11.2475	6258
2026-08-17T11:27:00-04:00	11.4500	11.2499	28141
2026-08-17T11:28:00-04:00	11.4350	11.2501	1725
2026-08-17T11:29:00-04:00	11.4200	11.2504	5009
2026-08-17T11:30:00-04:00	11.4300	11.2508	4857
2026-08-17T11:31:00-04:00	11.4100	11.2518	16438
2026-08-17T11:32:00-04:00	11.4000	11.2524	10333
2026-08-17T11:33:00-04:00	11.3750	11.2526	3219
2026-08-17T11:34:00-04:00	11.3900	11.2529	5831
2026-08-17T11:35:00-04:00	11.3600	11.2531	4371
2026-08-17T11:36:00-04:00	11.3100	11.2533	5825
2026-08-17T11:37:00-04:00	11.3300	11.2534	5547
2026-08-17T11:38:00-04:00	11.3300	11.2534	1069
2026-08-17T11:39:00-04:00	11.3249	11.2535	849
2026-08-17T11:40:00-04:00	11.4000	11.2538	7714
2026-08-17T11:41:00-04:00	11.4500	11.2540	1726
2026-08-17T11:42:00-04:00	11.5950	11.2561	17774
2026-08-17T11:43:00-04:00	11.6352	11.2569	5718
2026-08-17T11:44:00-04:00	11.5847	11.2578	6531
2026-08-17T11:45:00-04:00	11.5950	11.2581	2551
2026-08-17T11:46:00-04:00	11.5950	11.2595	10901
2026-08-17T11:47:00-04:00	11.5750	11.2598	2431
2026-08-17T11:48:00-04:00	11.5700	11.2603	3654
2026-08-17T11:49:00-04:00	11.5300	11.2609	5213
2026-08-17T11:50:00-04:00	11.5000	11.2610	1138
2026-08-17T11:51:00-04:00	11.5400	11.2611	1608
2026-08-17T11:52:00-04:00	11.5400	11.2614	2254
2026-08-17T11:53:00-04:00	11.5800	11.2629	13237
2026-08-17T11:54:00-04:00	11.6250	11.2655	19188
2026-08-17T11:55:00-04:00	11.5950	11.2670	12282
2026-08-17T11:56:00-04:00	11.6050	11.2676	4528
2026-08-17T11:57:00-04:00	11.5800	11.2681	3997
2026-08-17T11:58:00-04:00	11.5700	11.2691	9073
2026-08-17T11:59:00-04:00	11.5600	11.2694	2657
2026-08-17T12:00:00-04:00	11.4950	11.2697	3150
2026-08-17T12:01:00-04:00	11.4500	11.2698	1138
2026-08-17T12:02:00-04:00	11.4050	11.2702	8257
2026-08-17T12:03:00-04:00	11.4050	11.2707	8650
2026-08-17T12:04:00-04:00	11.3900	11.2708	2457
2026-08-17T12:05:00-04:00	11.4050	11.2709	1430
2026-08-17T12:06:00-04:00	11.3850	11.2710	1914
2026-08-17T12:07:00-04:00	11.3050	11.2721	43074
2026-08-17T12:08:00-04:00	11.3541	11.2722	4334
2026-08-17T12:09:00-04:00	11.3160	11.2722	623
2026-08-17T12:10:00-04:00	11.3600	11.2723	2643
2026-08-17T12:11:00-04:00	11.3600	11.2724	4612
2026-08-17T12:12:00-04:00	11.4000	11.2738	35724
2026-08-17T12:13:00-04:00	11.3900	11.2740	4469
2026-08-17T12:14:00-04:00	11.3900	11.2740	905
2026-08-17T12:15:00-04:00	11.4200	11.2743	5842
2026-08-17T12:16:00-04:00	11.3800	11.2745	5851
2026-08-17T12:17:00-04:00	11.4050	11.2747	4337
2026-08-17T12:18:00-04:00	11.4050	11.2751	6773
2026-08-17T12:19:00-04:00	11.3850	11.2755	10383
2026-08-17T12:20:00-04:00	11.3600	11.2756	2455
2026-08-17T12:21:00-04:00	11.3600	11.2756	1125
2026-08-17T12:22:00-04:00	11.3600	11.2765	30117
2026-08-17T12:23:00-04:00	11.2300	11.2764	13153
2026-08-17T12:24:00-04:00	11.2100	11.2763	3556
2026-08-17T12:25:00-04:00	11.2700	11.2763	10238
2026-08-17T12:26:00-04:00	11.2600	11.2763	1724
2026-08-17T12:27:00-04:00	11.2600	11.2762	1414
2026-08-17T12:28:00-04:00	11.2500	11.2762	1925
2026-08-17T12:29:00-04:00	11.2500	11.2762	625
2026-08-17T12:30:00-04:00	11.2559	11.2762	5545
2026-08-17T12:31:00-04:00	11.2700	11.2762	880
2026-08-17T12:32:00-04:00	11.3150	11.2766	30411
2026-08-17T12:33:00-04:00	11.3150	11.2767	3058
2026-08-17T12:34:00-04:00	11.3150	11.2768	4936
2026-08-17T12:35:00-04:00	11.3200	11.2768	3927
2026-08-17T12:36:00-04:00	11.3300	11.2768	1455
2026-08-17T12:37:00-04:00	11.3200	11.2769	3515
2026-08-17T12:38:00-04:00	11.3400	11.2769	1398
2026-08-17T12:39:00-04:00	11.3200	11.2769	275
2026-08-17T12:40:00-04:00	11.3350	11.2770	1962
2026-08-17T12:41:00-04:00	11.3150	11.2770	2407
2026-08-17T12:42:00-04:00	11.3150	11.2770	756
2026-08-17T12:43:00-04:00	11.2400	11.2769	14720
2026-08-17T12:44:00-04:00	11.1700	11.2768	2415
2026-08-17T12:45:00-04:00	11.1500	11.2765	6225
2026-08-17T12:46:00-04:00	11.1600	11.2763	4462
2026-08-17T12:47:00-04:00	11.1600	11.2763	265
2026-08-17T12:48:00-04:00	11.1800	11.2762	3112
2026-08-17T12:49:00-04:00	11.1450	11.2761	3096
2026-08-17T12:50:00-04:00	11.1000	11.2747	26971
2026-08-17T12:51:00-04:00	11.0874	11.2746	2079
2026-08-17T12:52:00-04:00	11.0900	11.2744	2434
2026-08-17T12:53:00-04:00	11.0850	11.2743	2458
2026-08-17T12:54:00-04:00	11.0900	11.2741	2506
2026-08-17T12:55:00-04:00	11.1400	11.2738	7499
2026-08-17T12:56:00-04:00	11.1500	11.2737	1922
2026-08-17T12:57:00-04:00	11.1600	11.2735	5938
2026-08-17T12:58:00-04:00	11.1200	11.2731	8411
2026-08-17T12:59:00-04:00	11.1350	11.2730	1767
2026-08-17T13:00:00-04:00	11.1450	11.2728	3588
2026-08-17T13:01:00-04:00	11.1100	11.2726	3760
2026-08-17T13:02:00-04:00	11.1050	11.2723	6600
2026-08-17T13:03:00-04:00	11.1100	11.2721	2323
2026-08-17T13:04:00-04:00	11.0900	11.2720	1836
2026-08-17T13:05:00-04:00	11.1300	11.2716	8751
2026-08-17T13:06:00-04:00	11.1300	11.2715	1628
2026-08-17T13:07:00-04:00	11.1200	11.2714	3069
2026-08-17T13:08:00-04:00	11.1100	11.2712	2830
2026-08-17T13:09:00-04:00	11.0800	11.2711	1809
2026-08-17T13:10:00-04:00	11.0700	11.2710	1557
2026-08-17T13:11:00-04:00	11.0700	11.2709	1626
2026-08-17T13:12:00-04:00	11.0500	11.2705	5930
2026-08-17T13:13:00-04:00	11.0400	11.2704	2000
2026-08-17T13:14:00-04:00	11.0300	11.2702	2165
2026-08-17T13:15:00-04:00	11.0350	11.2699	4356
2026-08-17T13:16:00-04:00	11.0400	11.2695	5700
2026-08-17T13:17:00-04:00	11.0135	11.2691	4998
2026-08-17T13:18:00-04:00	11.0250	11.2690	1308
2026-08-17T13:19:00-04:00	11.0150	11.2687	3481
2026-08-17T13:20:00-04:00	11.0100	11.2680	8423
2026-08-17T13:21:00-04:00	10.9807	11.2670	11265
2026-08-17T13:22:00-04:00	10.9941	11.2666	3603
2026-08-17T13:23:00-04:00	10.9800	11.2663	3615
2026-08-17T13:24:00-04:00	10.9800	11.2661	1965
2026-08-17T13:25:00-04:00	11.0150	11.2648	16765
2026-08-17T13:26:00-04:00	10.9900	11.2644	4047
2026-08-17T13:27:00-04:00	10.9900	11.2640	4928
2026-08-17T13:28:00-04:00	10.9900	11.2636	4716
2026-08-17T13:29:00-04:00	11.0150	11.2632	4881
2026-08-17T13:30:00-04:00	11.0200	11.2631	1544
2026-08-17T13:31:00-04:00	11.0100	11.2624	7675
2026-08-17T13:32:00-04:00	11.0100	11.2624	928
2026-08-17T13:33:00-04:00	10.9704	11.2613	12263
2026-08-17T13:34:00-04:00	10.9800	11.2609	4770
2026-08-17T13:35:00-04:00	10.9900	11.2607	1659
2026-08-17T13:36:00-04:00	10.9850	11.2607	877
2026-08-17T13:37:00-04:00	10.9750	11.2601	6545
2026-08-17T13:38:00-04:00	10.9636	11.2599	2340
2026-08-17T13:39:00-04:00	10.9500	11.2595	3482
2026-08-17T13:40:00-04:00	10.9500	11.2593	2787
2026-08-17T13:41:00-04:00	10.9850	11.2585	9218
2026-08-17T13:42:00-04:00	11.0000	11.2583	1739
2026-08-17T13:43:00-04:00	11.0200	11.2582	1539
2026-08-17T13:44:00-04:00	11.0200	11.2581	2162
2026-08-17T13:45:00-04:00	11.0200	11.2578	4025
2026-08-17T13:46:00-04:00	11.0000	11.2571	8739
2026-08-17T13:47:00-04:00	11.0450	11.2567	6292
2026-08-17T13:48:00-04:00	11.0100	11.2565	2713
2026-08-17T13:49:00-04:00	10.9800	11.2545	24138
2026-08-17T13:50:00-04:00	10.9850	11.2540	4901
2026-08-17T13:51:00-04:00	11.0300	11.2537	5202
2026-08-17T13:52:00-04:00	11.0100	11.2533	4492
2026-08-17T13:53:00-04:00	11.0098	11.2529	6642
2026-08-17T13:54:00-04:00	11.0000	11.2527	1434
2026-08-17T13:55:00-04:00	11.0000	11.2526	2077
2026-08-17T13:56:00-04:00	11.0050	11.2522	4519
2026-08-17T13:57:00-04:00	11.0000	11.2520	3569
2026-08-17T13:58:00-04:00	11.0400	11.2515	6173
2026-08-17T13:59:00-04:00	11.0600	11.2514	2722
2026-08-17T14:00:00-04:00	11.0600	11.2513	1960
2026-08-17T14:01:00-04:00	10.9900	11.2510	3699
2026-08-17T14:02:00-04:00	11.0200	11.2507	4142
2026-08-17T14:03:00-04:00	11.0050	11.2506	1711
2026-08-17T14:04:00-04:00	11.0200	11.2504	2488
2026-08-17T14:05:00-04:00	11.0600	11.1612	2632885
2026-08-17T14:06:00-04:00	11.0700	11.1612	2285
2026-08-17T14:07:00-04:00	11.0900	11.1610	10143
2026-08-17T14:08:00-04:00	11.0950	11.1610	7470
2026-08-17T14:09:00-04:00	11.0850	11.1609	7614
2026-08-17T14:10:00-04:00	11.1100	11.1608	9862
2026-08-17T14:11:00-04:00	11.1050	11.1607	5261
2026-08-17T14:12:00-04:00	11.1350	11.1607	4259
2026-08-17T14:13:00-04:00	11.1350	11.1607	6920
2026-08-17T14:14:00-04:00	11.1200	11.1606	8264
2026-08-17T14:15:00-04:00	11.1700	11.1606	2775
2026-08-17T14:16:00-04:00	11.1700	11.1606	883
2026-08-17T14:17:00-04:00	11.1700	11.1606	7520
2026-08-17T14:18:00-04:00	11.1400	11.1606	7049
2026-08-17T14:19:00-04:00	11.1499	11.1606	2791
2026-08-17T14:20:00-04:00	11.0950	11.1605	7237
2026-08-17T14:21:00-04:00	11.0950	11.1605	5592
2026-08-17T14:22:00-04:00	11.1050	11.1604	2431
2026-08-17T14:23:00-04:00	11.1150	11.1604	6973
2026-08-17T14:24:00-04:00	11.1200	11.1604	958
2026-08-17T14:25:00-04:00	11.1500	11.1603	6029
2026-08-17T14:26:00-04:00	11.1450	11.1603	3520
2026-08-17T14:27:00-04:00	11.1300	11.1603	5489
2026-08-17T14:28:00-04:00	11.1100	11.1603	1627
2026-08-17T14:29:00-04:00	11.1000	11.1602	5639
2026-08-17T14:30:00-04:00	11.1150	11.1602	4289
2026-08-17T14:31:00-04:00	11.0700	11.1601	7185
2026-08-17T14:32:00-04:00	11.0700	11.1601	1727
2026-08-17T14:33:00-04:00	11.0400	11.1600	7325
2026-08-17T14:34:00-04:00	11.0400	11.1598	8018
2026-08-17T14:35:00-04:00	11.0400	11.1598	1119
2026-08-17T14:36:00-04:00	11.0400	11.1597	3953
2026-08-17T14:37:00-04:00	11.1600	11.1595	27903
2026-08-17T14:38:00-04:00	11.1600	11.1595	1192
2026-08-17T14:39:00-04:00	11.2150	11.1596	11819
2026-08-17T14:40:00-04:00	11.2100	11.1597	4117
2026-08-17T14:41:00-04:00	11.2300	11.1597	4920
2026-08-17T14:42:00-04:00	11.2350	11.1600	18321
2026-08-17T14:43:00-04:00	11.2500	11.1600	3023
2026-08-17T14:44:00-04:00	11.2200	11.1600	2703
2026-08-17T14:45:00-04:00	11.3000	11.1603	12672
2026-08-17T14:46:00-04:00	11.3300	11.1603	845
2026-08-17T14:47:00-04:00	11.3100	11.1605	8440
2026-08-17T14:48:00-04:00	11.2300	11.1606	5102
2026-08-17T14:49:00-04:00	11.2500	11.1606	2068
2026-08-17T14:50:00-04:00	11.3000	11.1608	8554
2026-08-17T14:51:00-04:00	11.2900	11.1608	1174
2026-08-17T14:52:00-04:00	11.2200	11.1610	14192
2026-08-17T14:53:00-04:00	11.1800	11.1611	4059
2026-08-17T14:54:00-04:00	11.1500	11.1611	5799
2026-08-17T14:55:00-04:00	11.1600	11.1610	24081
2026-08-17T14:56:00-04:00	11.1100	11.1610	6110
2026-08-17T14:57:00-04:00	11.1500	11.1609	8898
2026-08-17T14:58:00-04:00	11.1750	11.1609	15356
2026-08-17T14:59:00-04:00	11.1750	11.1610	4707
2026-08-17T15:00:00-04:00	11.2250	11.1779	3011075
2026-08-17T15:01:00-04:00	11.1500	11.1778	7158
2026-08-17T15:02:00-04:00	11.1600	11.1778	5275
2026-08-17T15:03:00-04:00	11.1450	11.1778	4060
2026-08-17T15:04:00-04:00	11.1200	11.1778	4072
2026-08-17T15:05:00-04:00	11.1300	11.1778	3626
2026-08-17T15:06:00-04:00	11.0800	11.1777	5500
2026-08-17T15:07:00-04:00	11.0735	11.1777	4619
2026-08-17T15:08:00-04:00	11.1100	11.1776	14880
2026-08-17T15:09:00-04:00	11.1150	11.1775	3622
2026-08-17T15:10:00-04:00	11.0950	11.1775	3964
2026-08-17T15:11:00-04:00	11.1450	11.1774	21937
2026-08-17T15:12:00-04:00	11.1500	11.1774	4132
2026-08-17T15:13:00-04:00	11.1400	11.1774	3516
2026-08-17T15:14:00-04:00	11.1300	11.1773	7243
2026-08-17T15:15:00-04:00	11.1600	11.1773	2205
2026-08-17T15:16:00-04:00	11.0400	11.1771	22409
2026-08-17T15:17:00-04:00	11.0000	11.1764	37419
2026-08-17T15:18:00-04:00	11.0550	11.1761	21604
2026-08-17T15:19:00-04:00	11.0500	11.1760	9099
2026-08-17T15:20:00-04:00	11.0300	11.1758	13648
2026-08-17T15:21:00-04:00	11.0050	11.1757	3456
2026-08-17T15:22:00-04:00	10.9900	11.1756	8718
2026-08-17T15:23:00-04:00	10.9701	11.1752	15857
2026-08-17T15:24:00-04:00	10.8850	11.1749	13331
2026-08-17T15:25:00-04:00	10.8800	11.1746	8439
2026-08-17T15:26:00-04:00	10.8400	11.1742	13095
2026-08-17T15:27:00-04:00	10.8300	11.1735	16810
2026-08-17T15:28:00-04:00	10.8100	11.1731	11316
2026-08-17T15:29:00-04:00	10.7850	11.1727	10420
2026-08-17T15:30:00-04:00	10.7400	11.1713	32163
2026-08-17T15:31:00-04:00	10.7300	11.1711	4000
2026-08-17T15:32:00-04:00	10.6600	11.1703	16824
2026-08-17T15:33:00-04:00	10.6876	11.1695	15684
2026-08-17T15:34:00-04:00	10.6781	11.1688	14365
2026-08-17T15:35:00-04:00	10.6400	11.1682	10290
2026-08-17T15:36:00-04:00	10.5650	11.1671	19830
2026-08-17T15:37:00-04:00	10.5850	11.1663	12388
2026-08-17T15:38:00-04:00	10.5400	11.1632	50236
2026-08-17T15:39:00-04:00	10.5550	11.1614	27839
2026-08-17T15:40:00-04:00	10.5300	11.1604	15226
2026-08-17T15:41:00-04:00	10.5110	11.1600	7137
2026-08-17T15:42:00-04:00	10.5500	11.1591	13888
2026-08-17T15:43:00-04:00	10.5550	11.1585	9290
2026-08-17T15:44:00-04:00	10.5700	11.1568	29922
2026-08-17T15:45:00-04:00	10.5800	11.1552	26552
2026-08-17T15:46:00-04:00	10.5900	11.1538	23274
2026-08-17T15:47:00-04:00	10.5900	11.1531	13915
2026-08-17T15:48:00-04:00	10.5950	11.1525	9853
2026-08-17T15:49:00-04:00	10.6350	11.1514	21159
2026-08-17T15:50:00-04:00	10.6900	11.1503	23065
2026-08-17T15:51:00-04:00	10.6850	11.1495	16515
2026-08-17T15:52:00-04:00	10.6750	11.1483	27231
2026-08-17T15:53:00-04:00	10.6801	11.1456	58867
2026-08-17T15:54:00-04:00	10.6600	11.1446	20702
2026-08-17T15:55:00-04:00	10.6450	11.1438	17344
2026-08-17T15:56:00-04:00	10.5750	11.1418	37307
2026-08-17T15:57:00-04:00	10.6225	11.1386	59943
2026-08-17T15:58:00-04:00	10.6550	11.1357	61460
2026-08-17T15:59:00-04:00	10.6550	11.1291	144820
2026-08-18T09:30:00-04:00	9.8250	10.0283	183368
2026-08-18T09:31:00-04:00	9.6500	9.8581	133963
2026-08-18T09:32:00-04:00	9.8700	9.8536	70370
2026-08-18T09:33:00-04:00	9.8450	9.8550	23884
2026-08-18T09:34:00-04:00	9.9300	9.8578	17855
2026-08-18T09:35:00-04:00	9.8707	9.8592	13964
2026-08-18T09:36:00-04:00	9.8250	9.8588	20155
2026-08-18T09:37:00-04:00	9.8639	9.8592	15449
2026-08-18T09:38:00-04:00	9.9100	9.8601	11348
2026-08-18T09:39:00-04:00	9.8600	9.8608	9448
2026-08-18T09:40:00-04:00	9.9011	9.8617	11922
2026-08-18T09:41:00-04:00	9.8800	9.8628	19430
2026-08-18T09:42:00-04:00	9.8000	9.8610	31460
2026-08-18T09:43:00-04:00	9.7550	9.8578	22532
2026-08-18T09:44:00-04:00	9.5900	9.7914	248355
2026-08-18T09:45:00-04:00	9.6264	9.7834	34760
2026-08-18T09:46:00-04:00	9.6000	9.7760	35301
2026-08-18T09:47:00-04:00	9.6000	9.7726	19113
2026-08-18T09:48:00-04:00	9.5000	9.7643	32346
2026-08-18T09:49:00-04:00	9.4750	9.7452	67777
2026-08-18T09:50:00-04:00	9.5200	9.7415	16367
2026-08-18T09:51:00-04:00	9.4911	9.7381	14315
2026-08-18T09:52:00-04:00	9.5200	9.7231	78247
2026-08-18T09:53:00-04:00	9.5300	9.7211	11103
2026-08-18T09:54:00-04:00	9.5100	9.7186	13376
2026-08-18T09:55:00-04:00	9.5050	9.7168	10673
2026-08-18T09:56:00-04:00	9.5300	9.7112	32267
2026-08-18T09:57:00-04:00	9.5200	9.7090	14141
2026-08-18T09:58:00-04:00	9.4950	9.7042	30017
2026-08-18T09:59:00-04:00	9.5700	9.6976	58818
2026-08-18T10:00:00-04:00	9.6400	9.6949	48343
2026-08-18T10:01:00-04:00	9.5559	9.6935	19115
2026-08-18T10:02:00-04:00	9.6500	9.6926	16930
2026-08-18T10:03:00-04:00	9.7100	9.6925	18040
2026-08-18T10:04:00-04:00	9.7500	9.6930	13931
2026-08-18T10:05:00-04:00	9.7850	9.6937	12146
2026-08-18T10:06:00-04:00	9.7000	9.6942	27619
2026-08-18T10:07:00-04:00	9.7600	9.6947	13937
2026-08-18T10:08:00-04:00	9.7650	9.6950	7114
2026-08-18T10:09:00-04:00	9.7400	9.6952	7848
2026-08-18T10:10:00-04:00	9.7650	9.6956	10637
2026-08-18T10:11:00-04:00	9.7500	9.6962	15515
2026-08-18T10:12:00-04:00	9.7700	9.6970	16931
2026-08-18T10:13:00-04:00	9.7600	9.6975	12049
2026-08-18T10:14:00-04:00	9.8000	9.6982	13139
2026-08-18T10:15:00-04:00	9.8361	9.6992	12499
2026-08-18T10:16:00-04:00	9.8050	9.7007	19046
2026-08-18T10:17:00-04:00	9.8100	9.7010	4175
2026-08-18T10:18:00-04:00	9.8326	9.7014	5915
2026-08-18T10:19:00-04:00	9.8200	9.7018	5091
2026-08-18T10:20:00-04:00	9.8350	9.7022	4298
2026-08-18T10:21:00-04:00	9.8000	9.7030	12087
2026-08-18T10:22:00-04:00	9.7900	9.7033	5637
2026-08-18T10:23:00-04:00	9.8200	9.7043	15884
2026-08-18T10:24:00-04:00	9.8201	9.7047	4450
2026-08-18T10:25:00-04:00	9.8500	9.7051	5507
2026-08-18T10:26:00-04:00	9.8600	9.7059	8956
2026-08-18T10:27:00-04:00	9.8700	9.7074	15986
2026-08-18T10:28:00-04:00	9.9050	9.7081	5833
2026-08-18T10:29:00-04:00	9.8778	9.7093	11535
2026-08-18T10:30:00-04:00	9.9300	9.7111	14715
2026-08-18T10:31:00-04:00	9.9300	9.7123	9051
2026-08-18T10:32:00-04:00	9.9100	9.7139	13846
2026-08-18T10:33:00-04:00	9.9100	9.7149	8830
2026-08-18T10:34:00-04:00	9.9300	9.7154	4931
2026-08-18T10:35:00-04:00	9.9550	9.7160	3929
2026-08-18T10:36:00-04:00	9.8881	9.7175	14680
2026-08-18T10:37:00-04:00	9.8700	9.7188	15047
2026-08-18T10:38:00-04:00	9.8800	9.7194	6812
2026-08-18T10:39:00-04:00	9.8700	9.7200	7553
2026-08-18T10:40:00-04:00	9.8600	9.7201	893
2026-08-18T10:41:00-04:00	9.8550	9.7210	12452
2026-08-18T10:42:00-04:00	9.8250	9.7224	21931
2026-08-18T10:43:00-04:00	9.8150	9.7225	1886
2026-08-18T10:44:00-04:00	9.8000	9.7229	10442
2026-08-18T10:45:00-04:00	9.8350	9.7237	14991
2026-08-18T10:46:00-04:00	9.8300	9.7246	15782
2026-08-18T10:47:00-04:00	9.8300	9.7250	7445
2026-08-18T10:48:00-04:00	9.7800	9.7255	12433
2026-08-18T10:49:00-04:00	9.7900	9.7260	15706
2026-08-18T10:50:00-04:00	9.7950	9.7262	4241
2026-08-18T10:51:00-04:00	9.8000	9.7264	6742
2026-08-18T10:52:00-04:00	9.7950	9.7266	5038
2026-08-18T10:53:00-04:00	9.7800	9.7269	8458
2026-08-18T10:54:00-04:00	9.7850	9.7270	4865
2026-08-18T10:55:00-04:00	9.7850	9.7271	4384
2026-08-18T10:56:00-04:00	9.8100	9.7274	6147
2026-08-18T10:57:00-04:00	9.8500	9.7276	3156
2026-08-18T10:58:00-04:00	9.8550	9.7284	12353
2026-08-18T10:59:00-04:00	9.8500	9.7291	12311
2026-08-18T11:00:00-04:00	9.8450	9.7294	5091
2026-08-18T11:01:00-04:00	9.8700	9.7300	10025
2026-08-18T11:02:00-04:00	9.8750	9.7301	1386
2026-08-18T11:03:00-04:00	9.9000	9.7307	6927
2026-08-18T11:04:00-04:00	9.9150	9.7313	6469
2026-08-18T11:05:00-04:00	9.9500	9.7322	8458
2026-08-18T11:06:00-04:00	9.9800	9.7334	10330
2026-08-18T11:07:00-04:00	9.9961	9.7341	5082
2026-08-18T11:08:00-04:00	10.0500	9.7393	36849
2026-08-18T11:09:00-04:00	10.1000	9.7405	6827
2026-08-18T11:10:00-04:00	10.1100	9.7420	8624
2026-08-18T11:11:00-04:00	10.1401	9.7434	7227
2026-08-18T11:12:00-04:00	10.1800	9.7464	15218
2026-08-18T11:13:00-04:00	10.3250	9.7523	23594
2026-08-18T11:14:00-04:00	10.2800	9.7889	156021
2026-08-18T11:15:00-04:00	10.2300	9.7944	27759
2026-08-18T11:16:00-04:00	10.2561	9.7959	7475
2026-08-18T11:17:00-04:00	10.1400	9.7964	3333
2026-08-18T11:18:00-04:00	10.1300	9.7972	5579
2026-08-18T11:19:00-04:00	10.1250	9.7984	8758
2026-08-18T11:20:00-04:00	10.1001	9.7998	10723
2026-08-18T11:21:00-04:00	10.1100	9.8003	3578
2026-08-18T11:22:00-04:00	10.1100	9.8015	9533
2026-08-18T11:23:00-04:00	10.1250	9.8023	5676
2026-08-18T11:24:00-04:00	10.2000	9.8046	14664
2026-08-18T11:25:00-04:00	10.2500	9.8052	3366
2026-08-18T11:26:00-04:00	10.3100	9.8069	8178
2026-08-18T11:27:00-04:00	10.3450	9.8085	7475
2026-08-18T11:28:00-04:00	10.3250	9.8136	23400
2026-08-18T11:29:00-04:00	10.2600	9.8179	22406
2026-08-18T11:30:00-04:00	10.1850	9.8186	4626
2026-08-18T11:31:00-04:00	10.2100	9.8204	11589
2026-08-18T11:32:00-04:00	10.2400	9.8217	7710
2026-08-18T11:33:00-04:00	10.2300	9.8223	4036
2026-08-18T11:34:00-04:00	10.2600	9.8235	6522
2026-08-18T11:35:00-04:00	10.2700	9.8241	3327
2026-08-18T11:36:00-04:00	10.3050	9.8257	9012
2026-08-18T11:37:00-04:00	10.3100	9.8260	1442
2026-08-18T11:38:00-04:00	10.2601	9.8267	3868
2026-08-18T11:39:00-04:00	10.2600	9.8282	8884
2026-08-18T11:40:00-04:00	10.2600	10.0345	2513799
2026-08-18T11:41:00-04:00	10.2550	10.0348	6718
2026-08-18T11:42:00-04:00	10.2550	10.0349	2922
2026-08-18T11:43:00-04:00	10.2300	10.0354	10402
2026-08-18T11:44:00-04:00	10.2100	10.0355	4609
2026-08-18T11:45:00-04:00	10.2351	10.0364	22876
2026-08-18T11:46:00-04:00	10.2350	10.0364	1854
2026-08-18T11:47:00-04:00	10.2150	10.0366	2861
2026-08-18T11:48:00-04:00	10.1950	10.0367	4749
2026-08-18T11:49:00-04:00	10.1500	10.0372	21699
2026-08-18T11:50:00-04:00	10.1400	10.0373	727
2026-08-18T11:51:00-04:00	10.1800	10.0374	5417
2026-08-18T11:52:00-04:00	10.1960	10.0378	14769
2026-08-18T11:53:00-04:00	10.1900	10.0378	406
2026-08-18T11:54:00-04:00	10.2264	10.0379	3451
2026-08-18T11:55:00-04:00	10.2500	10.0381	2772
2026-08-18T11:56:00-04:00	10.2450	10.0381	1440
2026-08-18T11:57:00-04:00	10.2300	10.0384	6918
2026-08-18T11:58:00-04:00	10.2400	10.0385	2107
2026-08-18T11:59:00-04:00	10.2100	10.0390	16485
2026-08-18T12:00:00-04:00	10.1900	10.0903	2648477
2026-08-18T12:01:00-04:00	10.1900	10.0904	4414
2026-08-18T12:02:00-04:00	10.1850	10.0904	4451
2026-08-18T12:03:00-04:00	10.1700	10.0904	1493
2026-08-18T12:04:00-04:00	10.1550	10.0904	748
2026-08-18T12:05:00-04:00	10.1800	10.0906	16214
2026-08-18T12:06:00-04:00	10.2200	10.0907	6203
2026-08-18T12:07:00-04:00	10.1900	10.0908	3943
2026-08-18T12:08:00-04:00	10.1550	10.0908	4613
2026-08-18T12:09:00-04:00	10.1350	10.0910	23750
2026-08-18T12:10:00-04:00	10.1400	10.0910	4126
2026-08-18T12:11:00-04:00	10.1350	10.0910	1448
2026-08-18T12:12:00-04:00	10.1450	10.0911	7704
2026-08-18T12:13:00-04:00	10.1600	10.0911	2716
2026-08-18T12:14:00-04:00	10.1950	10.0912	6265
2026-08-18T12:15:00-04:00	10.1950	10.0913	9946
2026-08-18T12:16:00-04:00	10.1950	10.0914	4985
2026-08-18T12:17:00-04:00	10.2400	10.0915	5733
2026-08-18T12:18:00-04:00	10.2400	10.0915	1767
2026-08-18T12:19:00-04:00	10.2800	10.0919	18159
2026-08-18T12:20:00-04:00	10.2800	10.0920	6011
2026-08-18T12:21:00-04:00	10.2881	10.0921	2169
2026-08-18T12:22:00-04:00	10.3000	10.0924	12051
2026-08-18T12:23:00-04:00	10.2450	10.0925	6289
2026-08-18T12:24:00-04:00	10.2450	10.0926	1995
2026-08-18T12:25:00-04:00	10.2700	10.0926	2417
2026-08-18T12:26:00-04:00	10.2850	10.0927	1431
2026-08-18T12:27:00-04:00	10.2900	10.0930	15055
2026-08-18T12:28:00-04:00	10.2850	10.0931	1902
2026-08-18T12:29:00-04:00	10.2800	10.0933	10324
2026-08-18T12:30:00-04:00	10.3000	10.0934	4146
2026-08-18T12:31:00-04:00	10.2900	10.0935	2977
2026-08-18T12:32:00-04:00	10.2800	10.0936	3791
2026-08-18T12:33:00-04:00	10.3050	10.0937	3217
2026-08-18T12:34:00-04:00	10.3000	10.0939	7881
2026-08-18T12:35:00-04:00	10.2750	10.0942	12639
2026-08-18T12:36:00-04:00	10.2750	10.0943	5964
2026-08-18T12:37:00-04:00	10.2750	10.0945	10540
2026-08-18T12:38:00-04:00	10.3250	10.0947	4771
2026-08-18T12:39:00-04:00	10.3200	10.0964	66691
2026-08-18T12:40:00-04:00	10.3000	10.0966	9718
2026-08-18T12:41:00-04:00	10.3150	10.0968	5219
2026-08-18T12:42:00-04:00	10.3300	10.0969	2867
2026-08-18T12:43:00-04:00	10.3100	10.0972	12232
2026-08-18T12:44:00-04:00	10.3700	10.0974	8233
2026-08-18T12:45:00-04:00	10.3700	10.0978	9310
2026-08-18T12:46:00-04:00	10.4050	10.0979	4002
2026-08-18T12:47:00-04:00	10.4100	10.0979	971
2026-08-18T12:48:00-04:00	10.4110	10.0980	1969
2026-08-18T12:49:00-04:00	10.4200	10.0982	3591
2026-08-18T12:50:00-04:00	10.4200	10.0982	1563
2026-08-18T12:51:00-04:00	10.3700	10.0985	7478
2026-08-18T12:52:00-04:00	10.3700	10.0985	1830
2026-08-18T12:53:00-04:00	10.3550	10.0989	10796
2026-08-18T12:54:00-04:00	10.3600	10.0989	1392
2026-08-18T12:55:00-04:00	10.3600	10.0990	2988
2026-08-18T12:56:00-04:00	10.3500	10.0992	6199
2026-08-18T12:57:00-04:00	10.3600	10.0994	5373
2026-08-18T12:58:00-04:00	10.3500	10.0994	1283
2026-08-18T12:59:00-04:00	10.3800	10.0996	6365
2026-08-18T13:00:00-04:00	10.3800	10.0997	3842
2026-08-18T13:01:00-04:00	10.3600	10.0998	2506
2026-08-18T13:02:00-04:00	10.3600	10.0999	933
2026-08-18T13:03:00-04:00	10.3900	10.1003	11506
2026-08-18T13:04:00-04:00	10.3350	10.1006	13085
2026-08-18T13:05:00-04:00	10.3300	10.1007	3751
2026-08-18T13:06:00-04:00	10.3137	10.1009	5729
2026-08-18T13:07:00-04:00	10.3400	10.1010	3585
2026-08-18T13:08:00-04:00	10.3300	10.1011	3822
2026-08-18T13:09:00-04:00	10.3336	10.1016	16529
2026-08-18T13:10:00-04:00	10.3600	10.1017	3619
2026-08-18T13:11:00-04:00	10.3400	10.1018	2999
2026-08-18T13:12:00-04:00	10.3500	10.1019	4363
2026-08-18T13:13:00-04:00	10.3700	10.1020	2749
2026-08-18T13:14:00-04:00	10.3701	10.1021	3489
2026-08-18T13:15:00-04:00	10.3800	10.1022	3903
2026-08-18T13:16:00-04:00	10.3550	10.1023	2053
2026-08-18T13:17:00-04:00	10.3550	10.1024	3231
2026-08-18T13:18:00-04:00	10.3300	10.1025	3682
2026-08-18T13:19:00-04:00	10.3250	10.1025	1555
2026-08-18T13:20:00-04:00	10.3150	10.1027	5292
2026-08-18T13:21:00-04:00	10.3136	10.1027	684
2026-08-18T13:22:00-04:00	10.2850	10.1029	9102
2026-08-18T13:23:00-04:00	10.2900	10.1029	1823
2026-08-18T13:24:00-04:00	10.3100	10.1031	7117
2026-08-18T13:25:00-04:00	10.3100	10.1032	2067
2026-08-18T13:26:00-04:00	10.3100	10.1032	804
2026-08-18T13:27:00-04:00	10.2950	10.1034	7072
2026-08-18T13:28:00-04:00	10.2900	10.1034	2672
2026-08-18T13:29:00-04:00	10.3000	10.1036	8951
2026-08-18T13:30:00-04:00	10.3400	10.1039	8942
2026-08-18T13:31:00-04:00	10.3400	10.1039	1232
2026-08-18T13:32:00-04:00	10.3600	10.1040	2825
2026-08-18T13:33:00-04:00	10.3500	10.1041	4358
2026-08-18T13:34:00-04:00	10.3500	10.1042	2772
2026-08-18T13:35:00-04:00	10.3300	10.1044	7425
2026-08-18T13:36:00-04:00	10.3050	10.1045	2505
2026-08-18T13:37:00-04:00	10.2901	10.1045	2453
2026-08-18T13:38:00-04:00	10.3300	10.1047	6714
2026-08-18T13:39:00-04:00	10.3200	10.1047	1376
2026-08-18T13:40:00-04:00	10.3050	10.1048	1537
2026-08-18T13:41:00-04:00	10.3050	10.1048	781
2026-08-18T13:42:00-04:00	10.3050	10.1048	923
2026-08-18T13:43:00-04:00	10.3050	10.1048	1485
2026-08-18T13:44:00-04:00	10.3200	10.1051	11955
2026-08-18T13:45:00-04:00	10.3219	10.1052	1889
2026-08-18T13:46:00-04:00	10.3200	10.1052	1181
2026-08-18T13:47:00-04:00	10.3000	10.1053	4893
2026-08-18T13:48:00-04:00	10.3000	10.1054	1142
2026-08-18T13:49:00-04:00	10.3000	10.1054	2678
2026-08-18T13:50:00-04:00	10.3000	10.1055	1830
2026-08-18T13:51:00-04:00	10.4750	10.1065	27811
2026-08-18T13:52:00-04:00	10.4300	10.1067	6121
2026-08-18T13:53:00-04:00	10.4300	10.1068	1403
2026-08-18T13:54:00-04:00	10.4700	10.1071	8063
2026-08-18T13:55:00-04:00	10.4900	10.1081	22015
2026-08-18T13:56:00-04:00	10.5300	10.1089	16538
2026-08-18T13:57:00-04:00	10.5200	10.1094	10631
2026-08-18T13:58:00-04:00	10.5400	10.1103	17931
2026-08-18T13:59:00-04:00	10.5300	10.1107	6891
2026-08-18T14:00:00-04:00	10.5450	10.1108	3315
2026-08-18T14:01:00-04:00	10.5500	10.1115	12107
2026-08-18T14:02:00-04:00	10.5700	10.1118	5498
2026-08-18T14:03:00-04:00	10.6000	10.1123	9231
2026-08-18T14:04:00-04:00	10.6100	10.1132	15257
2026-08-18T14:05:00-04:00	10.5600	10.1139	13811
2026-08-18T14:06:00-04:00	10.5350	10.1142	6836
2026-08-18T14:07:00-04:00	10.5390	10.1143	933
2026-08-18T14:08:00-04:00	10.5250	10.1147	8853
2026-08-18T14:09:00-04:00	10.5350	10.1153	12570
2026-08-18T14:10:00-04:00	10.5350	10.1155	2763
2026-08-18T14:11:00-04:00	10.5450	10.1157	4348
2026-08-18T14:12:00-04:00	10.5450	10.1157	1275
2026-08-18T14:13:00-04:00	10.5900	10.1162	9013
2026-08-18T14:14:00-04:00	10.6300	10.1166	7092
2026-08-18T14:15:00-04:00	10.6300	10.1168	2495
2026-08-18T14:16:00-04:00	10.6200	10.1172	6446
2026-08-18T14:17:00-04:00	10.6300	10.1173	2076
2026-08-18T14:18:00-04:00	10.6250	10.1174	2863
2026-08-18T14:19:00-04:00	10.6794	10.1189	23219
2026-08-18T14:20:00-04:00	10.6900	10.1196	10559
2026-08-18T14:21:00-04:00	10.6900	10.1202	10168
2026-08-18T14:22:00-04:00	10.6850	10.1203	1299
2026-08-18T14:23:00-04:00	10.6890	10.1208	6713
2026-08-18T14:24:00-04:00	10.7200	10.1212	7198
2026-08-18T14:25:00-04:00	10.6973	10.1231	27161
2026-08-18T14:26:00-04:00	10.6900	10.1234	4609
2026-08-18T14:27:00-04:00	10.7185	10.1237	5722
2026-08-18T14:28:00-04:00	10.6816	10.1244	10271
2026-08-18T14:29:00-04:00	10.7250	10.1250	9548
2026-08-18T14:30:00-04:00	10.6800	10.1257	10392
2026-08-18T14:31:00-04:00	10.6750	10.1264	10211
2026-08-18T14:32:00-04:00	10.6700	10.1271	11568
2026-08-18T14:33:00-04:00	10.6200	10.1277	11428
2026-08-18T14:34:00-04:00	10.6100	10.1279	3311
2026-08-18T14:35:00-04:00	10.6100	10.1281	3932
2026-08-18T14:36:00-04:00	10.6000	10.1283	4266
2026-08-18T14:37:00-04:00	10.5950	10.1284	552
2026-08-18T14:38:00-04:00	10.6010	10.1303	35919
2026-08-18T14:39:00-04:00	10.6350	10.1307	7774
2026-08-18T14:40:00-04:00	10.6480	10.1314	11528
2026-08-18T14:41:00-04:00	10.6300	10.1315	2252
2026-08-18T14:42:00-04:00	10.6100	10.1316	1223
2026-08-18T14:43:00-04:00	10.6000	10.1318	3862
2026-08-18T14:44:00-04:00	10.5950	10.1321	5823
2026-08-18T14:45:00-04:00	10.5850	10.1328	13694
2026-08-18T14:46:00-04:00	10.6000	10.1330	4784
2026-08-18T14:47:00-04:00	10.5950	10.1331	1750
2026-08-18T14:48:00-04:00	10.5850	10.1333	3839
2026-08-18T14:49:00-04:00	10.6201	10.1339	10786
2026-08-18T14:50:00-04:00	10.6050	10.1341	4428
2026-08-18T14:51:00-04:00	10.6200	10.1344	5284
2026-08-18T14:52:00-04:00	10.6150	10.1345	2088
2026-08-18T14:53:00-04:00	10.6200	10.1347	3658
2026-08-18T14:54:00-04:00	10.6200	10.1349	4024
2026-08-18T14:55:00-04:00	10.6250	10.1352	4776
2026-08-18T14:56:00-04:00	10.6350	10.1354	3565
2026-08-18T14:57:00-04:00	10.6350	10.1360	10052
2026-08-18T14:58:00-04:00	10.6250	10.1361	2849
2026-08-18T14:59:00-04:00	10.6150	10.1363	4374
2026-08-18T15:00:00-04:00	10.6400	10.1371	13520
2026-08-18T15:01:00-04:00	10.6500	10.1376	8168
2026-08-18T15:02:00-04:00	10.6500	10.1395	33379
2026-08-18T15:03:00-04:00	10.6300	10.1398	6128
2026-08-18T15:04:00-04:00	10.6300	10.1403	9350
2026-08-18T15:05:00-04:00	10.6600	10.1411	14207
2026-08-18T15:06:00-04:00	10.6719	10.1423	20579
2026-08-18T15:07:00-04:00	10.6900	10.1435	19435
2026-08-18T15:08:00-04:00	10.6650	10.1438	5848
2026-08-18T15:09:00-04:00	10.6650	10.1440	2992
2026-08-18T15:10:00-04:00	10.6600	10.1454	24897
2026-08-18T15:11:00-04:00	10.6400	10.1457	5342
2026-08-18T15:12:00-04:00	10.6300	10.1458	1841
2026-08-18T15:13:00-04:00	10.6250	10.1461	5123
2026-08-18T15:14:00-04:00	10.6300	10.1468	14099
2026-08-18T15:15:00-04:00	10.6150	10.1472	8543
2026-08-18T15:16:00-04:00	10.6050	10.1475	4641
2026-08-18T15:17:00-04:00	10.5950	10.1479	8369
2026-08-18T15:18:00-04:00	10.5950	10.1482	5921
2026-08-18T15:19:00-04:00	10.6000	10.1490	16485
2026-08-18T15:20:00-04:00	10.6050	10.1494	9272
2026-08-18T15:21:00-04:00	10.6050	10.1496	3101
2026-08-18T15:22:00-04:00	10.6150	10.1501	10630
2026-08-18T15:23:00-04:00	10.6150	10.1504	6281
2026-08-18T15:24:00-04:00	10.6250	10.1507	4912
2026-08-18T15:25:00-04:00	10.6800	10.1518	20475
2026-08-18T15:26:00-04:00	10.6950	10.1521	5673
2026-08-18T15:27:00-04:00	10.6950	10.1529	13523
2026-08-18T15:28:00-04:00	10.6750	10.1535	10753
2026-08-18T15:29:00-04:00	10.6850	10.1539	7104
2026-08-18T15:30:00-04:00	10.7250	10.1549	15620
2026-08-18T15:31:00-04:00	10.6950	10.1555	10409
2026-08-18T15:32:00-04:00	10.6650	10.1563	15360
2026-08-18T15:33:00-04:00	10.6750	10.1570	11397
2026-08-18T15:34:00-04:00	10.6850	10.1573	5713
2026-08-18T15:35:00-04:00	10.6650	10.1580	12636
2026-08-18T15:36:00-04:00	10.6700	10.1591	19687
2026-08-18T15:37:00-04:00	10.6700	10.1593	4654
2026-08-18T15:38:00-04:00	10.5150	10.1615	53004
2026-08-18T15:39:00-04:00	10.5297	10.1621	15011
2026-08-18T15:40:00-04:00	10.5250	10.1623	3598
2026-08-18T15:41:00-04:00	10.5000	10.1630	20810
2026-08-18T15:42:00-04:00	10.4800	10.1635	12911
2026-08-18T15:43:00-04:00	10.4850	10.1639	12016
2026-08-18T15:44:00-04:00	10.4850	10.1647	23962
2026-08-18T15:45:00-04:00	10.4850	10.1649	7853
2026-08-18T15:46:00-04:00	10.4750	10.1655	17412
2026-08-18T15:47:00-04:00	10.4450	10.1661	19837
2026-08-18T15:48:00-04:00	10.4500	10.1666	16797
2026-08-18T15:49:00-04:00	10.4350	10.1672	19401
2026-08-18T15:50:00-04:00	10.4450	10.1677	19377
2026-08-18T15:51:00-04:00	10.4750	10.1684	22730
2026-08-18T15:52:00-04:00	10.4750	10.1691	21911
2026-08-18T15:53:00-04:00	10.4650	10.1695	11883
2026-08-18T15:54:00-04:00	10.4475	10.1702	24072
2026-08-18T15:55:00-04:00	10.4550	10.1709	25504
2026-08-18T15:56:00-04:00	10.4450	10.1718	32641
2026-08-18T15:57:00-04:00	10.4250	10.1726	29379
2026-08-18T15:58:00-04:00	10.4200	10.1739	50516
2026-08-18T15:59:00-04:00	10.4250	10.1766	107799
2026-08-19T09:30:00-04:00	10.2897	10.3149	56130
2026-08-19T09:31:00-04:00	10.2850	10.2999	17457
2026-08-19T09:32:00-04:00	10.3400	10.3000	107
2026-08-19T09:33:00-04:00	10.4200	10.3017	1447
2026-08-19T09:34:00-04:00	10.1900	10.2795	32724
2026-08-19T09:35:00-04:00	10.1750	10.2371	61850
2026-08-19T09:36:00-04:00	10.0900	10.2196	31514
2026-08-19T09:37:00-04:00	10.2000	10.2121	30717
2026-08-19T09:38:00-04:00	10.1350	10.2106	6818
2026-08-19T09:39:00-04:00	10.1450	10.2099	2615
2026-08-19T09:40:00-04:00	10.1350	10.2082	5616
2026-08-19T09:41:00-04:00	10.2500	10.2048	87535
2026-08-19T09:42:00-04:00	10.2500	10.2139	77717
2026-08-19T09:43:00-04:00	10.2000	10.2105	59016
2026-08-19T09:44:00-04:00	10.1650	10.2104	1397
2026-08-19T09:45:00-04:00	10.1400	10.2098	4470
2026-08-19T09:46:00-04:00	10.0900	10.2066	15270
2026-08-19T09:47:00-04:00	10.0900	10.2062	1532
2026-08-19T09:48:00-04:00	10.0900	10.2024	15291
2026-08-19T09:49:00-04:00	10.1050	10.1983	19534
2026-08-19T09:50:00-04:00	10.1200	10.1967	10601
2026-08-19T09:51:00-04:00	10.0900	10.1905	37069
2026-08-19T09:52:00-04:00	10.0700	10.1846	28811
2026-08-19T09:53:00-04:00	10.1400	10.1836	9741
2026-08-19T09:54:00-04:00	10.1200	10.1831	3767
2026-08-19T09:55:00-04:00	10.2400	10.1832	9583
2026-08-19T09:56:00-04:00	10.2500	10.1839	10218
2026-08-19T09:57:00-04:00	10.2800	10.1844	3489
2026-08-19T09:58:00-04:00	10.2500	10.1858	9301
2026-08-19T09:59:00-04:00	10.2150	10.1859	1427
2026-08-19T10:00:00-04:00	10.1700	10.1857	8468
2026-08-19T10:01:00-04:00	10.1700	10.1856	5236
2026-08-19T10:02:00-04:00	10.1100	10.1845	11704
2026-08-19T10:03:00-04:00	10.0950	10.1829	13655
2026-08-19T10:04:00-04:00	10.0800	10.1786	30753
2026-08-19T10:05:00-04:00	10.0900	10.1738	36805
2026-08-19T10:06:00-04:00	10.0100	10.1683	28458
2026-08-19T10:07:00-04:00	10.0459	10.1656	15425
2026-08-19T10:08:00-04:00	10.1200	10.1650	7614
2026-08-19T10:09:00-04:00	10.1250	10.1647	5706
2026-08-19T10:10:00-04:00	10.1345	10.1645	12903
2026-08-19T10:11:00-04:00	10.1050	10.1636	13585
2026-08-19T10:12:00-04:00	10.1500	10.1628	20958
2026-08-19T10:13:00-04:00	10.1850	10.1630	6686
2026-08-19T10:14:00-04:00	10.1250	10.1628	4030
2026-08-19T10:15:00-04:00	10.1300	10.1627	4870
2026-08-19T10:16:00-04:00	10.2200	10.1630	9639
2026-08-19T10:17:00-04:00	10.2300	10.1638	11461
2026-08-19T10:18:00-04:00	10.2900	10.1645	5329
2026-08-19T10:19:00-04:00	10.2600	10.1648	3212
2026-08-19T10:20:00-04:00	10.2950	10.1657	6702
2026-08-19T10:21:00-04:00	10.2700	10.1665	5884
2026-08-19T10:22:00-04:00	10.2300	10.1671	7739
2026-08-19T10:23:00-04:00	10.2400	10.1673	2657
2026-08-19T10:24:00-04:00	10.2200	10.1675	3625
2026-08-19T10:25:00-04:00	10.2100	10.1676	1691
2026-08-19T10:26:00-04:00	10.2392	10.1680	5288
2026-08-19T10:27:00-04:00	10.2400	10.1683	4905
2026-08-19T10:28:00-04:00	10.2900	10.1689	4885
2026-08-19T10:29:00-04:00	10.2800	10.1691	2185
2026-08-19T10:30:00-04:00	10.2700	10.1694	3032
2026-08-19T10:31:00-04:00	10.2700	10.1702	7622
2026-08-19T10:32:00-04:00	10.2800	10.1706	2916
2026-08-19T10:33:00-04:00	10.2900	10.1720	11406
2026-08-19T10:34:00-04:00	10.2500	10.1726	6961
2026-08-19T10:35:00-04:00	10.2850	10.1728	2116
2026-08-19T10:36:00-04:00	10.3200	10.1739	7808
2026-08-19T10:37:00-04:00	10.3600	10.1753	7511
2026-08-19T10:38:00-04:00	10.4100	10.1822	31706
2026-08-19T10:39:00-04:00	10.3700	10.1828	2744
2026-08-19T10:40:00-04:00	10.3800	10.1840	6525
2026-08-19T10:41:00-04:00	10.3900	10.1849	4454
2026-08-19T10:42:00-04:00	10.3801	10.1853	2341
2026-08-19T10:43:00-04:00	10.3750	10.1857	2299
2026-08-19T10:44:00-04:00	10.3150	10.1879	15683
2026-08-19T10:45:00-04:00	10.2910	10.1883	4265
2026-08-19T10:46:00-04:00	10.2962	10.1905	23105
2026-08-19T10:47:00-04:00	10.2950	10.1906	1297
2026-08-19T10:48:00-04:00	10.2800	10.1917	12423
2026-08-19T10:49:00-04:00	10.2600	10.1918	2747
2026-08-19T10:50:00-04:00	10.2700	10.1921	3613
2026-08-19T10:51:00-04:00	10.2500	10.1924	4985
2026-08-19T10:52:00-04:00	10.2450	10.1924	584
2026-08-19T10:53:00-04:00	10.1900	10.1925	12535
2026-08-19T10:54:00-04:00	10.1850	10.1925	9827
2026-08-19T10:55:00-04:00	10.1700	10.1924	7032
2026-08-19T10:56:00-04:00	10.2150	10.1924	5991
2026-08-19T10:57:00-04:00	10.2200	10.1924	1082
2026-08-19T10:58:00-04:00	10.2100	10.1925	7116
2026-08-19T10:59:00-04:00	10.2200	10.1925	1220
2026-08-19T11:00:00-04:00	10.1950	10.1926	4332
2026-08-19T11:01:00-04:00	10.1950	10.1926	1543
2026-08-19T11:02:00-04:00	10.1800	10.1925	2390
2026-08-19T11:03:00-04:00	10.1700	10.1924	15095
2026-08-19T11:04:00-04:00	10.1500	10.1922	5959
2026-08-19T11:05:00-04:00	10.1700	10.1921	6543
2026-08-19T11:06:00-04:00	10.1900	10.1921	1455
2026-08-19T11:07:00-04:00	10.2000	10.1921	1061
2026-08-19T11:08:00-04:00	10.1850	10.1921	2020
2026-08-19T11:09:00-04:00	10.1800	10.1920	8314
2026-08-19T11:10:00-04:00	10.1800	10.1919	5003
2026-08-19T11:11:00-04:00	10.1600	10.1919	2580
2026-08-19T11:12:00-04:00	10.1800	10.1918	6084
2026-08-19T11:13:00-04:00	10.1950	10.1918	1553
2026-08-19T11:14:00-04:00	10.1850	10.1918	3672
2026-08-19T11:15:00-04:00	10.1700	10.1917	6937
2026-08-19T11:16:00-04:00	10.2000	10.1917	11349
2026-08-19T11:17:00-04:00	10.1900	10.1917	2441
2026-08-19T11:19:00-04:00	10.1810	10.1917	522
2026-08-19T11:20:00-04:00	10.1200	10.1914	8216
2026-08-19T11:21:00-04:00	10.1102	10.1523	1270449
2026-08-19T11:22:00-04:00	10.1300	10.1521	20682
2026-08-19T11:23:00-04:00	10.1300	10.1520	2292
2026-08-19T11:24:00-04:00	10.1150	10.1520	1711
2026-08-19T11:25:00-04:00	10.1050	10.1512	47073
2026-08-19T11:26:00-04:00	10.1000	10.1499	60861
2026-08-19T11:27:00-04:00	10.1100	10.1497	9139
2026-08-19T11:28:00-04:00	10.1400	10.1497	3768
2026-08-19T11:29:00-04:00	10.1400	10.1497	16620
2026-08-19T11:30:00-04:00	10.1300	10.1497	5495
2026-08-19T11:31:00-04:00	10.1350	10.1496	4563
2026-08-19T11:32:00-04:00	10.1350	10.1496	387
2026-08-19T11:33:00-04:00	10.1100	10.1495	9343
2026-08-19T11:34:00-04:00	10.1502	10.1495	14386
2026-08-19T11:35:00-04:00	10.1500	10.1503	1468425
2026-08-19T11:36:00-04:00	10.1578	10.1503	2295
2026-08-19T11:37:00-04:00	10.1450	10.1503	1833
2026-08-19T11:38:00-04:00	10.1450	10.1503	5805
2026-08-19T11:39:00-04:00	10.1450	10.1502	1286
2026-08-19T11:40:00-04:00	10.1400	10.1502	3261
2026-08-19T11:41:00-04:00	10.1450	10.1502	2966
2026-08-19T11:42:00-04:00	10.1450	10.1502	5251
2026-08-19T11:43:00-04:00	10.1400	10.1502	12049
2026-08-19T11:44:00-04:00	10.1450	10.1502	11599
2026-08-19T11:45:00-04:00	10.1450	10.1502	800
2026-08-19T11:46:00-04:00	10.1800	10.1503	18665
2026-08-19T11:47:00-04:00	10.1800	10.1503	1883
2026-08-19T11:48:00-04:00	10.2250	10.1505	15436
2026-08-19T11:49:00-04:00	10.2100	10.1506	6548
2026-08-19T11:50:00-04:00	10.2200	10.1506	3829
2026-08-19T11:51:00-04:00	10.2350	10.1507	4994
2026-08-19T11:52:00-04:00	10.2099	10.1508	6697
2026-08-19T11:53:00-04:00	10.1650	10.1509	3975
2026-08-19T11:54:00-04:00	10.1400	10.1509	1106
2026-08-19T11:55:00-04:00	10.1400	10.1508	6289
2026-08-19T11:56:00-04:00	10.1400	10.1508	2094
2026-08-19T11:57:00-04:00	10.1350	10.1508	739
2026-08-19T11:58:00-04:00	10.1400	10.1508	5363
2026-08-19T11:59:00-04:00	10.1400	10.1508	4616
2026-08-19T12:00:00-04:00	10.0799	10.1503	38247
2026-08-19T12:01:00-04:00	10.0750	10.1500	15192
2026-08-19T12:02:00-04:00	10.0800	10.1500	1437
2026-08-19T12:03:00-04:00	10.0428	10.1498	8913
2026-08-19T12:04:00-04:00	10.0300	10.1497	5386
2026-08-19T12:05:00-04:00	10.0500	10.1494	11191
2026-08-19T12:06:00-04:00	10.0600	10.1493	4447
2026-08-19T12:07:00-04:00	10.0800	10.1492	7531
2026-08-19T12:08:00-04:00	10.0450	10.1491	5590
2026-08-19T12:09:00-04:00	10.0500	10.1491	969
2026-08-19T12:10:00-04:00	10.0300	10.1490	4219
2026-08-19T12:11:00-04:00	10.0300	10.1488	7085
2026-08-19T12:12:00-04:00	10.0300	10.1487	2494
2026-08-19T12:13:00-04:00	10.0300	10.1486	2144
2026-08-19T12:14:00-04:00	10.0300	10.1486	1109
2026-08-19T12:15:00-04:00	9.9950	10.1472	40873
2026-08-19T12:16:00-04:00	10.0210	10.1465	24156
2026-08-19T12:17:00-04:00	10.0550	10.1462	10050
2026-08-19T12:18:00-04:00	10.0501	10.1461	5243
2026-08-19T12:19:00-04:00	10.0696	10.1461	2443
2026-08-19T12:20:00-04:00	10.0700	10.1461	776
2026-08-19T12:21:00-04:00	10.0650	10.1460	2454
2026-08-19T12:22:00-04:00	10.0800	10.1459	9038
2026-08-19T12:23:00-04:00	10.0800	10.1458	3673
2026-08-19T12:24:00-04:00	10.0800	10.1458	4686
2026-08-19T12:25:00-04:00	10.0900	10.1457	1982
2026-08-19T12:26:00-04:00	10.0950	10.1457	1660
2026-08-19T12:27:00-04:00	10.0700	10.1457	3545
2026-08-19T12:28:00-04:00	10.0551	10.1456	1998
2026-08-19T12:29:00-04:00	10.0400	10.1455	3792
2026-08-19T12:30:00-04:00	10.0450	10.1455	1291
2026-08-19T12:31:00-04:00	10.0495	10.1455	370
2026-08-19T12:32:00-04:00	10.0458	10.1455	1096
2026-08-19T12:33:00-04:00	10.0450	10.1454	3860
2026-08-19T12:34:00-04:00	10.0400	10.1452	9835
2026-08-19T12:35:00-04:00	10.0350	10.1451	3255
2026-08-19T12:36:00-04:00	10.0350	10.1451	1505
2026-08-19T12:37:00-04:00	10.0350	10.1450	1364
2026-08-19T12:38:00-04:00	10.0300	10.1448	7689
2026-08-19T12:39:00-04:00	10.0300	10.1448	711
2026-08-19T12:40:00-04:00	10.0300	10.1448	2123
2026-08-19T12:41:00-04:00	10.0500	10.1445	9991
2026-08-19T12:42:00-04:00	10.0350	10.1445	1381
2026-08-19T12:43:00-04:00	10.0400	10.1443	10127
2026-08-19T12:44:00-04:00	10.0400	10.1443	993
2026-08-19T12:45:00-04:00	10.0100	10.1441	6937
2026-08-19T12:46:00-04:00	10.0050	10.1439	4756
2026-08-19T12:47:00-04:00	9.9700	10.1434	14090
2026-08-19T12:48:00-04:00	9.9950	10.1431	9871
2026-08-19T12:49:00-04:00	10.0200	10.1430	5164
2026-08-19T12:50:00-04:00	10.0300	10.1428	4224
2026-08-19T12:51:00-04:00	10.0100	10.1427	4600
2026-08-19T12:52:00-04:00	10.0100	10.1427	131
2026-08-19T12:53:00-04:00	10.0050	10.1427	1507
2026-08-19T12:54:00-04:00	10.0000	10.1424	8613
2026-08-19T12:55:00-04:00	9.9900	10.1423	2315
2026-08-19T12:56:00-04:00	9.9850	10.1422	3257
2026-08-19T12:57:00-04:00	9.9850	10.1422	669
2026-08-19T12:58:00-04:00	9.9850	10.1422	727
2026-08-19T12:59:00-04:00	9.9850	10.1420	5888
2026-08-19T13:00:00-04:00	9.9800	10.1419	1693
2026-08-19T13:02:00-04:00	9.9800	10.1418	2478
2026-08-19T13:03:00-04:00	9.9800	10.1418	1420
2026-08-19T13:04:00-04:00	9.9800	10.1417	1848
2026-08-19T13:05:00-04:00	9.9748	10.1416	4080
2026-08-19T13:06:00-04:00	9.9700	10.1413	7881
2026-08-19T13:07:00-04:00	9.9450	10.1396	43292
2026-08-19T13:08:00-04:00	9.9450	10.1392	9708
2026-08-19T13:09:00-04:00	9.9450	10.1391	3416
2026-08-19T13:10:00-04:00	9.9100	10.1380	24647
2026-08-19T13:11:00-04:00	9.9200	10.1376	7294
2026-08-19T13:12:00-04:00	9.9400	10.1374	4598
2026-08-19T13:13:00-04:00	9.9350	10.1371	7474
2026-08-19T13:14:00-04:00	9.9350	10.1368	8718
2026-08-19T13:15:00-04:00	9.9450	10.1365	6304
2026-08-19T13:16:00-04:00	9.9800	10.1363	6781
2026-08-19T13:17:00-04:00	9.9826	10.1359	13349
2026-08-19T13:18:00-04:00	9.9850	10.1358	581
2026-08-19T13:19:00-04:00	9.9898	10.1358	691
2026-08-19T13:20:00-04:00	9.9800	10.1353	14941
2026-08-19T13:21:00-04:00	9.9800	10.1352	3946
2026-08-19T13:22:00-04:00	9.9850	10.1352	563
2026-08-19T13:23:00-04:00	9.9900	10.1350	6193
2026-08-19T13:26:00-04:00	10.0100	10.1348	7730
2026-08-19T13:27:00-04:00	10.0200	10.1346	7696
2026-08-19T13:28:00-04:00	10.0300	10.1345	2841
2026-08-19T13:29:00-04:00	10.0300	10.1345	2543
2026-08-19T13:30:00-04:00	10.0450	10.1345	552
2026-08-19T13:31:00-04:00	10.0450	10.1345	100
2026-08-19T13:32:00-04:00	10.0450	10.1345	1491
2026-08-19T13:33:00-04:00	10.0401	10.1344	1490
2026-08-19T13:34:00-04:00	10.0400	10.1344	2415
2026-08-19T13:35:00-04:00	10.0300	10.1343	4914
2026-08-19T13:36:00-04:00	10.0150	10.1342	3687
2026-08-19T13:37:00-04:00	9.9850	10.1338	15305
2026-08-19T13:38:00-04:00	9.9950	10.1336	6866
2026-08-19T13:39:00-04:00	9.9900	10.1335	3232
2026-08-19T13:40:00-04:00	9.9800	10.1334	2085
2026-08-19T13:42:00-04:00	10.0050	10.1330	14210
2026-08-19T13:43:00-04:00	10.0050	10.1330	226
2026-08-19T13:44:00-04:00	10.0100	10.1330	1039
2026-08-19T13:45:00-04:00	10.0050	10.1329	4587
2026-08-19T13:46:00-04:00	10.0100	10.1328	1309
2026-08-19T13:47:00-04:00	10.0350	10.1327	6443
2026-08-19T13:48:00-04:00	10.0400	10.1327	2269
2026-08-19T13:49:00-04:00	10.0350	10.1326	1161
2026-08-19T13:50:00-04:00	10.0518	10.1325	9919
2026-08-19T13:51:00-04:00	10.0550	10.1324	1935
2026-08-19T13:52:00-04:00	10.0200	10.1322	10727
2026-08-19T13:53:00-04:00	10.0400	10.1321	3422
2026-08-19T13:54:00-04:00	10.0400	10.1321	2281
2026-08-19T13:55:00-04:00	10.0200	10.1321	2340
2026-08-19T13:56:00-04:00	10.0200	10.1320	1279
2026-08-19T13:57:00-04:00	10.0000	10.1319	3688
2026-08-19T13:58:00-04:00	9.9950	10.1319	716
2026-08-19T13:59:00-04:00	9.9800	10.1319	1754
2026-08-19T14:00:00-04:00	9.9900	10.1317	5895
2026-08-19T14:01:00-04:00	9.9850	10.1317	185
2026-08-19T14:02:00-04:00	9.9700	10.1315	4454
2026-08-19T14:03:00-04:00	9.9200	10.1305	27627
2026-08-19T14:04:00-04:00	9.9200	10.1302	7565
2026-08-19T14:05:00-04:00	9.9600	10.1296	15662
2026-08-19T14:06:00-04:00	10.0000	10.1294	8564
2026-08-19T14:07:00-04:00	9.9850	10.1293	1152
2026-08-19T14:08:00-04:00	9.9650	10.1292	2984
2026-08-19T14:09:00-04:00	9.9700	10.1288	13924
2026-08-19T14:10:00-04:00	9.9600	10.1285	10308
2026-08-19T14:11:00-04:00	9.9529	10.1282	8797
2026-08-19T14:12:00-04:00	9.9550	10.1281	533
2026-08-19T14:13:00-04:00	9.9300	10.1278	8215
2026-08-19T14:14:00-04:00	9.9300	10.1278	1094
2026-08-19T14:15:00-04:00	9.9250	10.1277	2016
2026-08-19T14:16:00-04:00	9.9200	10.1277	923
2026-08-19T14:17:00-04:00	9.9100	10.1276	1492
2026-08-19T14:18:00-04:00	9.9300	10.1266	27619
2026-08-19T14:19:00-04:00	9.9050	10.1263	6340
2026-08-19T14:20:00-04:00	9.9250	10.1260	7595
2026-08-19T14:21:00-04:00	9.9301	10.1258	5053
2026-08-19T14:22:00-04:00	9.9300	10.1258	1098
2026-08-19T14:23:00-04:00	9.9250	10.1257	1241
2026-08-19T14:24:00-04:00	9.9350	10.1250	19849
2026-08-19T14:25:00-04:00	9.9400	10.1249	3757
2026-08-19T14:26:00-04:00	9.9450	10.1248	3197
2026-08-19T14:27:00-04:00	9.9400	10.1246	3265
2026-08-19T14:28:00-04:00	9.9350	10.1246	2188
2026-08-19T14:29:00-04:00	9.9350	10.1244	4054
2026-08-19T14:30:00-04:00	9.9350	10.1244	266
2026-08-19T14:31:00-04:00	9.9350	10.1243	1593
2026-08-19T14:32:00-04:00	9.9300	10.1240	9912
2026-08-19T14:33:00-04:00	9.9150	10.1239	1642
2026-08-19T14:34:00-04:00	9.9150	10.1239	1113
2026-08-19T14:35:00-04:00	9.9000	10.1236	6381
2026-08-19T14:36:00-04:00	9.9100	10.1231	11694
2026-08-19T14:37:00-04:00	9.8900	10.1228	6780
2026-08-19T14:38:00-04:00	9.8900	10.1227	3405
2026-08-19T14:39:00-04:00	9.9100	10.1224	4992
2026-08-19T14:40:00-04:00	9.9200	10.1220	11111
2026-08-19T14:41:00-04:00	9.9200	10.1220	961
2026-08-19T14:42:00-04:00	9.9200	10.1219	1574
2026-08-19T14:43:00-04:00	9.9400	10.1216	9133
2026-08-19T14:44:00-04:00	9.9500	10.1213	10298
2026-08-19T14:45:00-04:00	9.9300	10.0610	2566695
2026-08-19T14:46:00-04:00	9.9349	10.0609	2521
2026-08-19T14:47:00-04:00	9.9350	10.0609	1115
2026-08-19T14:48:00-04:00	9.9400	10.0608	9680
2026-08-19T14:49:00-04:00	9.9700	10.0607	5446
2026-08-19T14:50:00-04:00	9.9550	10.0606	5811
2026-08-19T14:51:00-04:00	9.9950	10.0605	8585
2026-08-19T14:52:00-04:00	9.9800	10.0605	4984
2026-08-19T14:53:00-04:00	9.9800	10.0605	1616
2026-08-19T14:54:00-04:00	9.9800	10.0604	4814
2026-08-19T14:55:00-04:00	10.0200	10.0604	8059
2026-08-19T14:56:00-04:00	10.0100	10.0603	2308
2026-08-19T14:57:00-04:00	9.9900	10.0603	9651
2026-08-19T14:58:00-04:00	10.0000	10.0602	2313
2026-08-19T14:59:00-04:00	10.0150	10.0602	8264
2026-08-19T15:00:00-04:00	10.0350	10.0601	15922
2026-08-19T15:01:00-04:00	10.0200	10.0601	5592
2026-08-19T15:02:00-04:00	10.0150	10.0601	2369
2026-08-19T15:03:00-04:00	10.0150	10.0601	566
2026-08-19T15:04:00-04:00	10.0101	10.0600	7074
2026-08-19T15:05:00-04:00	10.0150	10.0600	2626
2026-08-19T15:06:00-04:00	10.0400	10.0600	6673
2026-08-19T15:07:00-04:00	10.0300	10.0600	4648
2026-08-19T15:08:00-04:00	10.0300	10.0600	2468
2026-08-19T15:09:00-04:00	10.0250	10.0600	4764
2026-08-19T15:10:00-04:00	10.0150	10.0599	2747
2026-08-19T15:11:00-04:00	10.0150	10.0599	1703
2026-08-19T15:12:00-04:00	10.0200	10.0599	7244
2026-08-19T15:13:00-04:00	10.0300	10.0598	13098
2026-08-19T15:14:00-04:00	9.9950	10.0598	5808
2026-08-19T15:15:00-04:00	9.9750	10.0596	16037
2026-08-19T15:16:00-04:00	10.0100	10.0596	12198
2026-08-19T15:17:00-04:00	10.0500	10.0595	14739
2026-08-19T15:18:00-04:00	10.0500	10.0595	1001
2026-08-19T15:19:00-04:00	10.0500	10.0595	2945
2026-08-19T15:20:00-04:00	10.0400	10.0595	9477
2026-08-19T15:21:00-04:00	10.0250	10.0595	6541
2026-08-19T15:22:00-04:00	10.0250	10.0595	3752
2026-08-19T15:23:00-04:00	10.0854	10.0595	11314
2026-08-19T15:24:00-04:00	10.0850	10.0595	944
2026-08-19T15:25:00-04:00	10.1000	10.0596	29285
2026-08-19T15:26:00-04:00	10.1050	10.0597	23822
2026-08-19T15:27:00-04:00	10.1900	10.0599	14695
2026-08-19T15:28:00-04:00	10.1700	10.0604	33718
2026-08-19T15:29:00-04:00	10.1400	10.0604	3012
2026-08-19T15:30:00-04:00	10.1150	10.0605	11097
2026-08-19T15:31:00-04:00	10.1200	10.0605	4657
2026-08-19T15:32:00-04:00	10.1200	10.0606	14282
2026-08-19T15:33:00-04:00	10.1150	10.0607	8120
2026-08-19T15:34:00-04:00	10.1150	10.0607	1320
2026-08-19T15:35:00-04:00	10.1200	10.0608	25693
2026-08-19T15:36:00-04:00	10.1050	10.0608	1823
2026-08-19T15:37:00-04:00	10.1400	10.0609	10357
2026-08-19T15:38:00-04:00	10.1350	10.0610	2364
2026-08-19T15:39:00-04:00	10.1250	10.0610	9488
2026-08-19T15:40:00-04:00	10.1500	10.0614	34017
2026-08-19T15:41:00-04:00	10.1400	10.0616	16928
2026-08-19T15:42:00-04:00	10.1450	10.0617	13697
2026-08-19T15:43:00-04:00	10.1250	10.0618	9097
2026-08-19T15:44:00-04:00	10.1350	10.0619	9552
2026-08-19T15:45:00-04:00	10.1700	10.0622	27777
2026-08-19T15:46:00-04:00	10.1866	10.0626	32896
2026-08-19T15:47:00-04:00	10.1750	10.0627	3671
2026-08-19T15:48:00-04:00	10.1801	10.0629	18710
2026-08-19T15:49:00-04:00	10.1600	10.0633	30089
2026-08-19T15:50:00-04:00	10.1050	10.0634	10209
2026-08-19T15:51:00-04:00	10.1050	10.0636	76321
2026-08-19T15:52:00-04:00	10.1850	10.0638	22887
2026-08-19T15:53:00-04:00	10.1100	10.0641	29863
2026-08-19T15:54:00-04:00	10.1400	10.0642	14209
2026-08-19T15:55:00-04:00	10.2050	10.0645	22938
2026-08-19T15:56:00-04:00	10.2000	10.0651	37025
2026-08-19T15:57:00-04:00	10.1625	10.0654	23238
2026-08-19T15:58:00-04:00	10.1800	10.0661	60906
2026-08-19T15:59:00-04:00	10.1800	10.0675	104871
2026-08-20T09:30:00-04:00	9.9984	9.9656	67650
2026-08-20T09:31:00-04:00	9.7800	9.8906	55958
2026-08-20T09:32:00-04:00	9.6600	9.8496	34706
2026-08-20T09:33:00-04:00	9.7123	9.8372	15112
2026-08-20T09:34:00-04:00	9.6201	9.8021	41810
2026-08-20T09:35:00-04:00	9.7000	9.7892	34959
2026-08-20T09:36:00-04:00	9.6400	9.7695	43571
2026-08-20T09:37:00-04:00	9.6500	9.7650	11579
2026-08-20T09:38:00-04:00	9.7050	9.7630	7364
2026-08-20T09:39:00-04:00	9.7050	9.7535	77480
2026-08-20T09:40:00-04:00	9.6850	9.7515	11142
2026-08-20T09:41:00-04:00	9.6803	9.7508	4358
2026-08-20T09:42:00-04:00	9.5500	9.7388	35951
2026-08-20T09:43:00-04:00	9.5200	9.7327	14210
2026-08-20T09:44:00-04:00	9.5100	9.7153	42787
2026-08-20T09:45:00-04:00	9.4836	9.6969	45143
2026-08-20T09:46:00-04:00	9.4900	9.6908	16320
2026-08-20T09:47:00-04:00	9.4150	9.6712	46992
2026-08-20T09:48:00-04:00	9.4500	9.6473	70580
2026-08-20T09:49:00-04:00	9.4593	9.6458	5354
2026-08-20T09:50:00-04:00	9.4300	9.6411	16115
2026-08-20T09:51:00-04:00	9.4000	9.6220	60735
2026-08-20T09:52:00-04:00	9.3550	9.6027	63373
2026-08-20T09:53:00-04:00	9.4000	9.5969	22471
2026-08-20T09:54:00-04:00	9.3600	9.5954	5644
2026-08-20T09:55:00-04:00	9.4100	9.5930	10630
2026-08-20T09:56:00-04:00	9.3850	9.5854	34510
2026-08-20T09:57:00-04:00	9.3650	9.5796	25448
2026-08-20T09:58:00-04:00	9.3450	9.5696	41970
2026-08-20T09:59:00-04:00	9.3400	9.5617	33405
2026-08-20T10:00:00-04:00	9.3863	9.5587	17904
2026-08-20T10:01:00-04:00	9.3700	9.5567	10288
2026-08-20T10:02:00-04:00	9.3400	9.5552	7291
2026-08-20T10:03:00-04:00	9.3800	9.5477	40883
2026-08-20T10:04:00-04:00	9.3900	9.5459	11876
2026-08-20T10:05:00-04:00	9.4000	9.5457	1139
2026-08-20T10:06:00-04:00	9.4200	9.5440	14399
2026-08-20T10:07:00-04:00	9.4200	9.5435	4748
2026-08-20T10:08:00-04:00	9.4200	9.5431	3162
2026-08-20T10:09:00-04:00	9.4150	9.5419	11093
2026-08-20T10:10:00-04:00	9.4303	9.5412	6636
2026-08-20T10:11:00-04:00	9.4399	9.5394	22504
2026-08-20T10:12:00-04:00	9.4200	9.5386	8085
2026-08-20T10:13:00-04:00	9.3800	9.5367	14979
2026-08-20T10:14:00-04:00	9.3800	9.5350	11935
2026-08-20T10:15:00-04:00	9.3600	9.5337	9744
2026-08-20T10:16:00-04:00	9.3700	9.5324	9761
2026-08-20T10:17:00-04:00	9.3300	9.5297	16846
2026-08-20T10:18:00-04:00	9.3300	9.5293	3142
2026-08-20T10:19:00-04:00	9.2800	9.5216	39903
2026-08-20T10:20:00-04:00	9.2800	9.5192	12973
2026-08-20T10:21:00-04:00	9.2600	9.5180	6133
2026-08-20T10:22:00-04:00	9.2500	9.5134	22214
2026-08-20T10:23:00-04:00	9.2502	9.5070	33454
2026-08-20T10:24:00-04:00	9.2100	9.5023	22604
2026-08-20T10:25:00-04:00	9.2200	9.4952	33563
2026-08-20T10:26:00-04:00	9.1900	9.4896	27139
2026-08-20T10:27:00-04:00	9.1900	9.4868	13075
2026-08-20T10:28:00-04:00	9.1950	9.4838	14979
2026-08-20T10:29:00-04:00	9.1900	9.4826	6042
2026-08-20T10:30:00-04:00	9.1750	9.4801	11959
2026-08-20T10:31:00-04:00	9.2300	9.4766	19587
2026-08-20T10:32:00-04:00	9.2300	9.4761	3383
2026-08-20T10:33:00-04:00	9.2850	9.4746	10709
2026-08-20T10:34:00-04:00	9.2950	9.4735	9062
2026-08-20T10:35:00-04:00	9.2900	9.4735	435
2026-08-20T10:36:00-04:00	9.3300	9.4723	11480
2026-08-20T10:37:00-04:00	9.3300	9.4018	1529528
2026-08-20T10:38:00-04:00	9.2900	9.4016	7485
2026-08-20T10:39:00-04:00	9.2600	9.4012	9234
2026-08-20T10:40:00-04:00	9.2900	9.4007	12203
2026-08-20T10:41:00-04:00	9.2900	9.4005	4804
2026-08-20T10:42:00-04:00	9.3600	9.4003	9506
2026-08-20T10:43:00-04:00	9.3700	9.4002	10216
2026-08-20T10:44:00-04:00	9.3700	9.4001	8599
2026-08-20T10:45:00-04:00	9.3600	9.4000	7207
2026-08-20T10:46:00-04:00	9.3300	9.3999	7793
2026-08-20T10:47:00-04:00	9.3000	9.3995	12298
2026-08-20T10:48:00-04:00	9.2900	9.3992	9882
2026-08-20T10:49:00-04:00	9.3200	9.3991	3506
2026-08-20T10:50:00-04:00	9.3200	9.3991	567
2026-08-20T10:51:00-04:00	9.3100	9.3990	2626
2026-08-20T10:52:00-04:00	9.2800	9.3988	5089
2026-08-20T10:53:00-04:00	9.2800	9.3984	11029
2026-08-20T10:54:00-04:00	9.2501	9.3981	7568
2026-08-20T10:55:00-04:00	9.2100	9.3976	9259
2026-08-20T10:56:00-04:00	9.2000	9.3968	13598
2026-08-20T10:57:00-04:00	9.2000	9.3967	1435
2026-08-20T10:58:00-04:00	9.1800	9.3961	8899
2026-08-20T10:59:00-04:00	9.1600	9.3948	18673
2026-08-20T11:00:00-04:00	9.1750	9.3928	28083
2026-08-20T11:01:00-04:00	9.1750	9.3921	11012
2026-08-20T11:02:00-04:00	9.1850	9.3907	21873
2026-08-20T11:03:00-04:00	9.1686	9.3898	12890
2026-08-20T11:04:00-04:00	9.1650	9.3870	42234
2026-08-20T11:05:00-04:00	9.1850	9.3842	46363
2026-08-20T11:06:00-04:00	9.1900	9.3825	27379
2026-08-20T11:07:00-04:00	9.1650	9.3812	21946
2026-08-20T11:08:00-04:00	9.1500	9.3807	7390
2026-08-20T11:09:00-04:00	9.1550	9.3803	6845
2026-08-20T11:10:00-04:00	9.1550	9.3787	23712
2026-08-20T11:11:00-04:00	9.1500	9.3780	11642
2026-08-20T11:12:00-04:00	9.1850	9.3769	18332
2026-08-20T11:13:00-04:00	9.1900	9.3765	7902
2026-08-20T11:14:00-04:00	9.2050	9.3763	4090
2026-08-20T11:15:00-04:00	9.2600	9.3759	11348
2026-08-20T11:16:00-04:00	9.2500	9.3755	9399
2026-08-20T11:17:00-04:00	9.2700	9.3753	6365
2026-08-20T11:18:00-04:00	9.2500	9.3751	5478
2026-08-20T11:19:00-04:00	9.2400	9.3749	6764
2026-08-20T11:20:00-04:00	9.1800	9.3744	10409
2026-08-20T11:21:00-04:00	9.2100	9.3739	10075
2026-08-20T11:22:00-04:00	9.2050	9.3736	6390
2026-08-20T11:23:00-04:00	9.2200	9.3732	9743
2026-08-20T11:24:00-04:00	9.2200	9.3731	712
2026-08-20T11:25:00-04:00	9.2200	9.3729	6448
2026-08-20T11:26:00-04:00	9.2150	9.3729	316
2026-08-20T11:27:00-04:00	9.2150	9.3727	3318
2026-08-20T11:28:00-04:00	9.2107	9.3718	19265
2026-08-20T11:29:00-04:00	9.2250	9.3715	7044
2026-08-20T11:30:00-04:00	9.2050	9.3715	1439
2026-08-20T11:31:00-04:00	9.2000	9.3710	10933
2026-08-20T11:32:00-04:00	9.1950	9.3709	477
2026-08-20T11:33:00-04:00	9.1700	9.3705	7864
2026-08-20T11:34:00-04:00	9.1650	9.3703	4158
2026-08-20T11:35:00-04:00	9.1453	9.3692	18696
2026-08-20T11:36:00-04:00	9.1101	9.3682	14993
2026-08-20T11:37:00-04:00	9.0850	9.3666	20722
2026-08-20T11:38:00-04:00	9.0250	9.3655	12801
2026-08-20T11:39:00-04:00	9.0600	9.3597	68599
2026-08-20T11:40:00-04:00	9.0650	9.3578	24992
2026-08-20T11:41:00-04:00	9.0550	9.3565	16916
2026-08-20T11:42:00-04:00	9.0550	9.3562	4085
2026-08-20T11:43:00-04:00	9.0600	9.3544	22443
2026-08-20T11:44:00-04:00	9.0600	9.3542	3378
2026-08-20T11:45:00-04:00	9.0550	9.3538	4513
2026-08-20T11:46:00-04:00	9.0450	9.3518	26458
2026-08-20T11:47:00-04:00	9.0400	9.3509	12059
2026-08-20T11:48:00-04:00	9.0550	9.3505	5255
2026-08-20T11:49:00-04:00	9.0573	9.3497	10734
2026-08-20T11:50:00-04:00	9.0500	9.3465	41069
2026-08-20T11:51:00-04:00	9.0450	9.3460	6790
2026-08-20T11:52:00-04:00	9.1200	9.3437	35902
2026-08-20T11:53:00-04:00	9.1300	9.3424	26854
2026-08-20T11:54:00-04:00	9.1500	9.3417	13820
2026-08-20T11:55:00-04:00	9.1000	9.3411	10440
2026-08-20T11:56:00-04:00	9.1252	9.3409	4848
2026-08-20T11:57:00-04:00	9.1550	9.3403	13146
2026-08-20T11:58:00-04:00	9.1750	9.3395	17877
2026-08-20T11:59:00-04:00	9.2000	9.3391	10554
2026-08-20T12:00:00-04:00	9.1600	9.3382	21762
2026-08-20T12:01:00-04:00	9.1792	9.3380	4976
2026-08-20T12:02:00-04:00	9.1900	9.3378	5463
2026-08-20T12:03:00-04:00	9.1800	9.3377	2729
2026-08-20T12:04:00-04:00	9.1850	9.3371	16493
2026-08-20T12:05:00-04:00	9.2050	9.3368	7844
2026-08-20T12:06:00-04:00	9.1950	9.3368	2152
2026-08-20T12:07:00-04:00	9.1200	9.3364	7624
2026-08-20T12:08:00-04:00	9.1400	9.3346	36155
2026-08-20T12:09:00-04:00	9.1200	9.3341	11966
2026-08-20T12:10:00-04:00	9.1150	9.3338	5471
2026-08-20T12:11:00-04:00	9.1250	9.3336	4511
2026-08-20T12:12:00-04:00	9.1150	9.3331	9875
2026-08-20T12:13:00-04:00	9.0900	9.3325	9417
2026-08-20T12:14:00-04:00	9.1150	9.3321	8040
2026-08-20T12:15:00-04:00	9.1250	9.3319	3810
2026-08-20T12:16:00-04:00	9.1250	9.3319	959
2026-08-20T12:17:00-04:00	9.1150	9.3317	3548
2026-08-20T12:18:00-04:00	9.1150	9.3315	4701
2026-08-20T12:19:00-04:00	9.1150	9.3313	3438
2026-08-20T12:20:00-04:00	9.1150	9.3312	2095
2026-08-20T12:21:00-04:00	9.1150	9.3310	4482
2026-08-20T12:22:00-04:00	9.1100	9.3308	2311
2026-08-20T12:23:00-04:00	9.1200	9.3301	15705
2026-08-20T12:24:00-04:00	9.1050	9.3293	16069
2026-08-20T12:25:00-04:00	9.0606	9.3286	11346
2026-08-20T12:26:00-04:00	9.0500	9.3285	2304
2026-08-20T12:27:00-04:00	9.0800	9.3274	17115
2026-08-20T12:28:00-04:00	9.0700	9.3274	1373
2026-08-20T12:29:00-04:00	9.0600	9.3272	2534
2026-08-20T12:30:00-04:00	9.0350	9.3267	8249
2026-08-20T12:31:00-04:00	9.0350	9.3247	29063
2026-08-20T12:32:00-04:00	9.0300	9.3243	6097
2026-08-20T12:33:00-04:00	9.0300	9.3242	1970
2026-08-20T12:34:00-04:00	9.0301	9.3237	8182
2026-08-20T12:35:00-04:00	9.0014	9.3220	22734
2026-08-20T12:36:00-04:00	9.0150	9.3199	30812
2026-08-20T12:37:00-04:00	9.0150	9.3196	5129
2026-08-20T12:38:00-04:00	9.0050	9.3192	4947
2026-08-20T12:39:00-04:00	9.0000	9.3174	26073
2026-08-20T12:40:00-04:00	8.9000	9.3093	97956
2026-08-20T12:41:00-04:00	8.8950	9.3046	53231
2026-08-20T12:42:00-04:00	8.9200	9.3015	37094
2026-08-20T12:43:00-04:00	8.9500	9.2963	68486
2026-08-20T12:44:00-04:00	8.9802	9.2951	17921
2026-08-20T12:45:00-04:00	8.9700	9.2935	24978
2026-08-20T12:46:00-04:00	8.9950	9.2925	15145
2026-08-20T12:47:00-04:00	9.0100	9.2924	2299
2026-08-20T12:48:00-04:00	9.0000	9.2923	2359
2026-08-20T12:49:00-04:00	9.0150	9.2920	4340
2026-08-20T12:50:00-04:00	9.0300	9.2917	5747
2026-08-20T12:51:00-04:00	9.0000	9.2914	4852
2026-08-20T12:52:00-04:00	8.9700	9.2911	4988
2026-08-20T12:53:00-04:00	8.9700	9.2904	9737
2026-08-20T12:54:00-04:00	8.9700	9.2901	4733
2026-08-20T12:55:00-04:00	8.9710	9.2898	5111
2026-08-20T12:56:00-04:00	8.9750	9.2896	2533
2026-08-20T12:57:00-04:00	8.9950	9.2884	19949
2026-08-20T12:58:00-04:00	8.9900	9.2881	4344
2026-08-20T12:59:00-04:00	8.9850	9.2879	3635
2026-08-20T13:00:00-04:00	8.9752	9.2875	6135
2026-08-20T13:01:00-04:00	8.9800	9.2867	13363
2026-08-20T13:02:00-04:00	8.9800	9.2865	2069
2026-08-20T13:03:00-04:00	9.0050	9.2859	10490
2026-08-20T13:04:00-04:00	9.0100	9.2857	4002
2026-08-20T13:05:00-04:00	9.0050	9.2854	4680
2026-08-20T13:06:00-04:00	8.9850	9.2845	16338
2026-08-20T13:07:00-04:00	8.9850	9.2843	2917
2026-08-20T13:08:00-04:00	8.9800	9.2841	2786
2026-08-20T13:09:00-04:00	8.9800	9.2840	1867
2026-08-20T13:10:00-04:00	8.9750	9.2834	9832
2026-08-20T13:11:00-04:00	8.9600	9.2832	3969
2026-08-20T13:12:00-04:00	8.9750	9.2826	9292
2026-08-20T13:13:00-04:00	8.9600	9.2812	22373
2026-08-20T13:14:00-04:00	8.9500	9.2808	5065
2026-08-20T13:15:00-04:00	8.9500	9.2807	1953
2026-08-20T13:16:00-04:00	8.9450	9.2801	9316
2026-08-20T13:17:00-04:00	8.9498	9.2790	16211
2026-08-20T13:18:00-04:00	8.9301	9.2786	5436
2026-08-20T13:19:00-04:00	8.9350	9.2784	2968
2026-08-20T13:20:00-04:00	8.9350	9.2782	3523
2026-08-20T13:21:00-04:00	8.9350	9.2779	4629
2026-08-20T13:22:00-04:00	8.9450	9.2775	5651
2026-08-20T13:23:00-04:00	8.9450	9.2774	1266
2026-08-20T13:24:00-04:00	8.9450	9.2773	1791
2026-08-20T13:25:00-04:00	8.9350	9.2770	4195
2026-08-20T13:26:00-04:00	8.9700	9.2763	11500
2026-08-20T13:27:00-04:00	8.9600	9.2755	12342
2026-08-20T13:29:00-04:00	8.9500	9.2728	45171
2026-08-20T13:30:00-04:00	8.9402	9.2726	2033
2026-08-20T13:31:00-04:00	8.9200	9.2725	2765
2026-08-20T13:32:00-04:00	8.9150	9.2723	2277
2026-08-20T13:33:00-04:00	8.9500	9.2712	17144
2026-08-20T13:34:00-04:00	8.9600	9.2710	2837
2026-08-20T13:35:00-04:00	8.9700	9.2707	4659
2026-08-20T13:36:00-04:00	8.9600	9.2706	2728
2026-08-20T13:37:00-04:00	8.9950	9.2698	13392
2026-08-20T13:38:00-04:00	9.0350	9.2683	32084
2026-08-20T13:39:00-04:00	9.0000	9.2682	3270
2026-08-20T13:40:00-04:00	8.9800	9.2679	3851
2026-08-20T13:41:00-04:00	8.9700	9.2678	2445
2026-08-20T13:42:00-04:00	8.9800	9.2668	17559
2026-08-20T13:43:00-04:00	8.9700	9.2664	8492
2026-08-20T13:44:00-04:00	9.0250	9.2660	7054
2026-08-20T13:45:00-04:00	9.0300	9.2659	1585
2026-08-20T13:46:00-04:00	9.0500	9.2657	6325
2026-08-20T13:47:00-04:00	9.0650	9.2655	3613
2026-08-20T13:48:00-04:00	9.0750	9.2653	7096
2026-08-20T13:49:00-04:00	9.0576	9.2651	5139
2026-08-20T13:50:00-04:00	9.0950	9.2647	10752
2026-08-20T13:51:00-04:00	9.0950	9.2646	2588
2026-08-20T13:52:00-04:00	9.0800	9.2644	6533
2026-08-20T13:53:00-04:00	9.0700	9.1834	3781741
2026-08-20T13:54:00-04:00	9.0700	9.1834	3585
2026-08-20T13:55:00-04:00	9.0600	9.1834	921
2026-08-20T13:56:00-04:00	9.0614	9.1833	3356
2026-08-20T13:57:00-04:00	9.0650	9.1832	8274
2026-08-20T13:58:00-04:00	9.0650	9.1832	4555
2026-08-20T13:59:00-04:00	9.0700	9.1829	18598
2026-08-20T14:00:00-04:00	9.0250	9.1829	4315
2026-08-20T14:01:00-04:00	9.0500	9.1827	9872
2026-08-20T14:02:00-04:00	9.0501	9.1827	1672
2026-08-20T14:03:00-04:00	9.0550	9.1826	9142
2026-08-20T14:04:00-04:00	9.0549	9.1826	534
2026-08-20T14:05:00-04:00	9.0450	9.1825	2098
2026-08-20T14:06:00-04:00	9.0400	9.1825	2450
2026-08-20T14:07:00-04:00	9.0550	9.1823	11299
2026-08-20T14:08:00-04:00	9.0502	9.1823	2080
2026-08-20T14:09:00-04:00	9.0700	9.1822	6304
2026-08-20T14:10:00-04:00	9.0450	9.1821	4699
2026-08-20T14:11:00-04:00	9.0500	9.1821	3021
2026-08-20T14:12:00-04:00	9.0500	9.1820	7839
2026-08-20T14:13:00-04:00	9.0500	9.1819	4358
2026-08-20T14:14:00-04:00	9.0450	9.1819	1944
2026-08-20T14:15:00-04:00	9.0450	9.1818	4228
2026-08-20T14:16:00-04:00	9.0153	9.1816	14931
2026-08-20T14:17:00-04:00	9.0050	9.1816	1756
2026-08-20T14:18:00-04:00	9.0200	9.1814	9132
2026-08-20T14:19:00-04:00	9.0441	9.1813	7441
2026-08-20T14:20:00-04:00	9.0650	9.1811	10597
2026-08-20T14:21:00-04:00	9.0600	9.1810	8396
2026-08-20T14:22:00-04:00	9.0600	9.1810	4889
2026-08-20T14:23:00-04:00	9.0500	9.1809	1229
2026-08-20T14:24:00-04:00	9.0500	9.1809	1803
2026-08-20T14:25:00-04:00	9.0550	9.1809	2246
2026-08-20T14:26:00-04:00	9.0500	9.1809	1761
2026-08-20T14:27:00-04:00	9.0700	9.1465	3983524
2026-08-20T14:28:00-04:00	9.0750	9.1465	7997
2026-08-20T14:29:00-04:00	9.0750	9.1465	1992
2026-08-20T14:30:00-04:00	9.0550	9.1464	10353
2026-08-20T14:31:00-04:00	9.0700	9.1463	7691
2026-08-20T14:32:00-04:00	9.0750	9.1463	6838
2026-08-20T14:33:00-04:00	9.0557	9.1463	6002
2026-08-20T14:34:00-04:00	9.0450	9.1462	7801
2026-08-20T14:35:00-04:00	9.0450	9.1462	2660
2026-08-20T14:36:00-04:00	9.0450	9.1462	1766
2026-08-20T14:37:00-04:00	9.0450	9.1462	2019
2026-08-20T14:38:00-04:00	9.0450	9.1461	2090
2026-08-20T14:39:00-04:00	9.0450	9.1461	4081
2026-08-20T14:40:00-04:00	9.0450	9.1461	3975
2026-08-20T14:41:00-04:00	9.1200	9.1460	24622
2026-08-20T14:42:00-04:00	9.1600	9.1460	5490
2026-08-20T14:43:00-04:00	9.1525	9.1460	5245
2026-08-20T14:44:00-04:00	9.1600	9.1460	8837
2026-08-20T14:45:00-04:00	9.1550	9.1460	1781
2026-08-20T14:46:00-04:00	9.1550	9.1460	5703
2026-08-20T14:47:00-04:00	9.1650	9.1460	7197
2026-08-20T14:48:00-04:00	9.1650	9.1460	5090
2026-08-20T14:49:00-04:00	9.1500	9.1460	12749
2026-08-20T14:50:00-04:00	9.1800	9.1461	17579
2026-08-20T14:51:00-04:00	9.1800	9.1461	1886
2026-08-20T14:52:00-04:00	9.1850	9.1461	2400
2026-08-20T14:53:00-04:00	9.1350	9.1461	10490
2026-08-20T14:54:00-04:00	9.1250	9.1461	1839
2026-08-20T14:55:00-04:00	9.1200	9.1461	2570
2026-08-20T14:56:00-04:00	9.1100	9.1460	14937
2026-08-20T14:57:00-04:00	9.1199	9.1460	1442
2026-08-20T14:58:00-04:00	9.1400	9.1460	12458
2026-08-20T14:59:00-04:00	9.0850	9.1459	30078
2026-08-20T15:00:00-04:00	9.1100	9.1459	7990
2026-08-20T15:01:00-04:00	9.1150	9.1459	1428
2026-08-20T15:02:00-04:00	9.1150	9.1459	1801
2026-08-20T15:03:00-04:00	9.1150	9.1459	1741
2026-08-20T15:04:00-04:00	9.1050	9.1458	17001
2026-08-20T15:05:00-04:00	9.0950	9.1458	6072
2026-08-20T15:06:00-04:00	9.0900	9.1458	8878
2026-08-20T15:07:00-04:00	9.0750	9.1457	17927
2026-08-20T15:08:00-04:00	9.0600	9.1455	25861
2026-08-20T15:09:00-04:00	9.0650	9.1455	2140
2026-08-20T15:10:00-04:00	9.0800	9.1455	8203
2026-08-20T15:11:00-04:00	9.0750	9.1455	1845
2026-08-20T15:12:00-04:00	9.0750	9.1455	3597
2026-08-20T15:13:00-04:00	9.0750	9.1454	3145
2026-08-20T15:14:00-04:00	9.0750	9.1454	3125
2026-08-20T15:15:00-04:00	9.0700	9.1454	3469
2026-08-20T15:16:00-04:00	9.0957	9.1453	18199
2026-08-20T15:17:00-04:00	9.1000	9.1453	2505
2026-08-20T15:18:00-04:00	9.0950	9.1453	11826
2026-08-20T15:19:00-04:00	9.1000	9.1453	7198
2026-08-20T15:20:00-04:00	9.1086	9.1452	1122
2026-08-20T15:21:00-04:00	9.1100	9.1452	4737
2026-08-20T15:22:00-04:00	9.1050	9.1452	3402
2026-08-20T15:23:00-04:00	9.0950	9.1451	23127
2026-08-20T15:24:00-04:00	9.0950	9.1451	8873
2026-08-20T15:25:00-04:00	9.0950	9.1451	4252
2026-08-20T15:26:00-04:00	9.1450	9.1451	32033
2026-08-20T15:27:00-04:00	9.1450	9.1451	2332
2026-08-20T15:28:00-04:00	9.1500	9.1451	2860
2026-08-20T15:29:00-04:00	9.1400	9.1451	6264
2026-08-20T15:30:00-04:00	9.1500	9.1450	33345
2026-08-20T15:31:00-04:00	9.1700	9.1451	7800
2026-08-20T15:32:00-04:00	9.1900	9.1451	7563
2026-08-20T15:33:00-04:00	9.1800	9.1451	19216
2026-08-20T15:34:00-04:00	9.1500	9.1451	8118
2026-08-20T15:35:00-04:00	9.1550	9.1451	23524
2026-08-20T15:36:00-04:00	9.1100	9.1451	25286
2026-08-20T15:37:00-04:00	9.1201	9.1451	8570
2026-08-20T15:38:00-04:00	9.1150	9.1451	8299
2026-08-20T15:39:00-04:00	9.1100	9.1450	9483
2026-08-20T15:40:00-04:00	9.1100	9.1450	7879
2026-08-20T15:41:00-04:00	9.1100	9.1450	10244
2026-08-20T15:42:00-04:00	9.1050	9.1450	10204
2026-08-20T15:43:00-04:00	9.1350	9.1449	30584
2026-08-20T15:44:00-04:00	9.1350	9.1449	2570
2026-08-20T15:45:00-04:00	9.1700	9.1449	32349
2026-08-20T15:46:00-04:00	9.1100	9.1449	45838
2026-08-20T15:47:00-04:00	9.1350	9.1448	20815
2026-08-20T15:48:00-04:00	9.1400	9.1448	13429
2026-08-20T15:49:00-04:00	9.1447	9.1448	11619
2026-08-20T15:50:00-04:00	9.1950	9.1449	30626
2026-08-20T15:51:00-04:00	9.2150	9.1450	19634
2026-08-20T15:52:00-04:00	9.2200	9.1451	25923
2026-08-20T15:53:00-04:00	9.2100	9.1452	9865
2026-08-20T15:54:00-04:00	9.1950	9.1453	29491
2026-08-20T15:55:00-04:00	9.1888	9.1455	48310
2026-08-20T15:56:00-04:00	9.2200	9.1457	45345
2026-08-20T15:57:00-04:00	9.2150	9.1458	31513
2026-08-20T15:58:00-04:00	9.1900	9.1463	187605
2026-08-20T15:59:00-04:00	9.1950	9.1465	60159
2026-08-21T09:30:00-04:00	9.2890	9.2447	108305
2026-08-21T09:31:00-04:00	9.2078	9.2446	2368
2026-08-21T09:32:00-04:00	9.3000	9.2450	8752
2026-08-21T09:33:00-04:00	9.4300	9.2504	5263
2026-08-21T09:34:00-04:00	9.4950	9.3049	40696
2026-08-21T09:35:00-04:00	9.6400	9.3573	39512
2026-08-21T09:36:00-04:00	9.6100	9.4379	111089
2026-08-21T09:37:00-04:00	9.5750	9.4445	15517
2026-08-21T09:38:00-04:00	9.6900	9.4570	19512
2026-08-21T09:39:00-04:00	9.6100	9.4725	31184
2026-08-21T09:40:00-04:00	9.6700	9.4796	16639
2026-08-21T09:41:00-04:00	9.6311	9.4859	16371
2026-08-21T09:42:00-04:00	9.6400	9.4898	11213
2026-08-21T09:43:00-04:00	9.6000	9.4939	13803
2026-08-21T09:44:00-04:00	9.5440	9.4954	11328
2026-08-21T09:45:00-04:00	9.5295	9.4960	6364
2026-08-21T09:46:00-04:00	9.4900	9.4962	10901
2026-08-21T09:47:00-04:00	9.5250	9.4965	6043
2026-08-21T09:48:00-04:00	9.4849	9.4965	8407
2026-08-21T09:49:00-04:00	9.4899	9.4953	18313
2026-08-21T09:50:00-04:00	9.5200	9.4954	3516
2026-08-21T09:51:00-04:00	9.5140	9.4957	5652
2026-08-21T09:52:00-04:00	9.5050	9.4960	12514
2026-08-21T09:53:00-04:00	9.5500	9.4962	1857
2026-08-21T09:54:00-04:00	9.5700	9.4972	9139
2026-08-21T09:55:00-04:00	9.5800	9.4987	8403
2026-08-21T09:56:00-04:00	9.6400	9.5005	8372
2026-08-21T09:57:00-04:00	9.6550	9.5011	2232
2026-08-21T09:58:00-04:00	9.6190	9.5023	5146
2026-08-21T09:59:00-04:00	9.5940	9.5033	5912
2026-08-21T10:00:00-04:00	9.6090	9.5041	4547
2026-08-21T10:01:00-04:00	9.6000	9.5538	570626
2026-08-21T10:02:00-04:00	9.5300	9.5538	4749
2026-08-21T10:03:00-04:00	9.5500	9.5535	8174
2026-08-21T10:04:00-04:00	9.5400	9.5535	2043
2026-08-21T10:05:00-04:00	9.5700	9.5535	4057
2026-08-21T10:06:00-04:00	9.6000	9.5537	5196
2026-08-21T10:07:00-04:00	9.6100	9.5597	96201
2026-08-21T10:08:00-04:00	9.5600	9.5598	11418
2026-08-21T10:09:00-04:00	9.5700	9.5599	3051
2026-08-21T10:10:00-04:00	9.5550	9.5599	1324
2026-08-21T10:11:00-04:00	9.5500	9.5598	3801
2026-08-21T10:12:00-04:00	9.4952	9.5593	13754
2026-08-21T10:13:00-04:00	9.4100	9.5588	5529
2026-08-21T10:14:00-04:00	9.3400	9.5576	8046
2026-08-21T10:15:00-04:00	9.3700	9.5564	8207
2026-08-21T10:16:00-04:00	9.3600	9.5557	4947
2026-08-21T10:17:00-04:00	9.3600	9.5540	11541
2026-08-21T10:18:00-04:00	9.3702	9.5537	1711
2026-08-21T10:19:00-04:00	9.3250	9.5526	6783
2026-08-21T10:20:00-04:00	9.3750	9.5518	6115
2026-08-21T10:21:00-04:00	9.3600	9.5503	9984
2026-08-21T10:22:00-04:00	9.3650	9.5502	730
2026-08-21T10:23:00-04:00	9.3900	9.5497	4549
2026-08-21T10:24:00-04:00	9.3888	9.5492	3854
2026-08-21T10:25:00-04:00	9.4050	9.5488	3587
2026-08-21T10:26:00-04:00	9.4350	9.5480	8948
2026-08-21T10:27:00-04:00	9.4500	9.5477	3459
2026-08-21T10:28:00-04:00	9.4450	9.5476	1332
2026-08-21T10:29:00-04:00	9.4200	9.5472	5281
2026-08-21T10:30:00-04:00	9.4200	9.5466	5456
2026-08-21T10:31:00-04:00	9.4000	9.5466	669
2026-08-21T10:32:00-04:00	9.4000	9.5464	1480
2026-08-21T10:34:00-04:00	9.3835	9.5462	2080
2026-08-21T10:35:00-04:00	9.3200	9.5455	4840
2026-08-21T10:36:00-04:00	9.3100	9.5450	2524
2026-08-21T10:37:00-04:00	9.2900	9.5441	5390
2026-08-21T10:38:00-04:00	9.3350	9.5430	6582
2026-08-21T10:39:00-04:00	9.3400	9.5430	220
2026-08-21T10:40:00-04:00	9.3400	9.5427	1910
2026-08-21T10:41:00-04:00	9.3141	9.5424	2101
2026-08-21T10:42:00-04:00	9.2886	9.5414	5872
2026-08-21T10:43:00-04:00	9.3200	9.5409	2965
2026-08-21T10:44:00-04:00	9.3250	9.5408	765
2026-08-21T10:45:00-04:00	9.3550	9.5405	2364
2026-08-21T10:46:00-04:00	9.3900	9.5398	6518
2026-08-21T10:47:00-04:00	9.3900	9.5395	2178
2026-08-21T10:48:00-04:00	9.3950	9.5393	1987
2026-08-21T10:49:00-04:00	9.4150	9.5390	4241
2026-08-21T10:50:00-04:00	9.4100	9.5388	1599
2026-08-21T10:51:00-04:00	9.4300	9.5386	3049
2026-08-21T10:52:00-04:00	9.4200	9.5381	6020
2026-08-21T10:53:00-04:00	9.3800	9.4805	895644
2026-08-21T10:54:00-04:00	9.3850	9.4805	300
2026-08-21T10:55:00-04:00	9.3900	9.4804	3058
2026-08-21T10:56:00-04:00	9.4000	9.4802	3460
2026-08-21T10:57:00-04:00	9.3900	9.4802	811
2026-08-21T10:58:00-04:00	9.3800	9.4801	2977
2026-08-21T10:59:00-04:00	9.3800	9.4800	2729
2026-08-21T11:00:00-04:00	9.3850	9.4799	1930
2026-08-21T11:01:00-04:00	9.3529	9.4796	5810
2026-08-21T11:02:00-04:00	9.3501	9.4792	8413
2026-08-21T11:03:00-04:00	9.3800	9.4790	2552
2026-08-21T11:04:00-04:00	9.3800	9.4787	8984
2026-08-21T11:05:00-04:00	9.3750	9.4785	3673
2026-08-21T11:06:00-04:00	9.3802	9.4784	2960
2026-08-21T11:07:00-04:00	9.3602	9.4783	2235
2026-08-21T11:08:00-04:00	9.4000	9.4782	3022
2026-08-21T11:09:00-04:00	9.4100	9.4781	2279
2026-08-21T11:10:00-04:00	9.4400	9.4779	13345
2026-08-21T11:11:00-04:00	9.4750	9.4779	4458
2026-08-21T11:12:00-04:00	9.4600	9.4779	2238
2026-08-21T11:13:00-04:00	9.4501	9.4778	2603
2026-08-21T11:14:00-04:00	9.4413	9.4778	2258
2026-08-21T11:15:00-04:00	9.4400	9.4777	9834
2026-08-21T11:16:00-04:00	9.4400	9.4776	964
2026-08-21T11:17:00-04:00	9.3900	9.4774	7921
2026-08-21T11:18:00-04:00	9.3913	9.4774	1008
2026-08-21T11:19:00-04:00	9.3850	9.4773	1119
2026-08-21T11:20:00-04:00	9.3900	9.4772	3536
2026-08-21T11:21:00-04:00	9.3750	9.4771	1743
2026-08-21T11:22:00-04:00	9.3900	9.4770	2337
2026-08-21T11:23:00-04:00	9.3986	9.4770	1989
2026-08-21T11:24:00-04:00	9.3800	9.4769	2099
2026-08-21T11:25:00-04:00	9.3850	9.4768	3373
2026-08-21T11:26:00-04:00	9.4000	9.4767	2185
2026-08-21T11:27:00-04:00	9.4200	9.4766	3962
2026-08-21T11:28:00-04:00	9.4050	9.4766	1986
2026-08-21T11:29:00-04:00	9.4000	9.4764	3875
2026-08-21T11:30:00-04:00	9.4200	9.4764	681
2026-08-21T11:31:00-04:00	9.4400	9.4764	3168
2026-08-21T11:32:00-04:00	9.4530	9.4764	2303
2026-08-21T11:33:00-04:00	9.4800	9.4764	1034207
2026-08-21T11:34:00-04:00	9.4800	9.4764	1111
2026-08-21T11:35:00-04:00	9.4750	9.4764	1812
2026-08-21T11:36:00-04:00	9.4401	9.4764	4352
2026-08-21T11:37:00-04:00	9.4450	9.4764	944
2026-08-21T11:38:00-04:00	9.4400	9.4763	5706
2026-08-21T11:39:00-04:00	9.4540	9.4763	1913
2026-08-21T11:40:00-04:00	9.4900	9.4764	14367
2026-08-21T11:41:00-04:00	9.4900	9.4764	513
2026-08-21T11:42:00-04:00	9.5000	9.4764	8668
2026-08-21T11:43:00-04:00	9.4950	9.4764	2638
2026-08-21T11:44:00-04:00	9.4800	9.4764	2639
2026-08-21T11:45:00-04:00	9.4701	9.4764	984
2026-08-21T11:46:00-04:00	9.4677	9.4764	2723
2026-08-21T11:47:00-04:00	9.4700	9.4764	4451
2026-08-21T11:48:00-04:00	9.4800	9.4764	2230
2026-08-21T11:49:00-04:00	9.4700	9.4764	2140
2026-08-21T11:50:00-04:00	9.4700	9.4764	1974
2026-08-21T11:51:00-04:00	9.5193	9.4765	9008
2026-08-21T11:52:00-04:00	9.5200	9.4765	3845
2026-08-21T11:53:00-04:00	9.5310	9.4766	3853
2026-08-21T11:54:00-04:00	9.5100	9.4766	5272
2026-08-21T11:55:00-04:00	9.5100	9.4766	354
2026-08-21T11:56:00-04:00	9.5250	9.4767	4875
2026-08-21T11:57:00-04:00	9.5100	9.4767	3455
2026-08-21T11:58:00-04:00	9.5100	9.4768	3379
2026-08-21T11:59:00-04:00	9.5200	9.4768	2716
2026-08-21T12:00:00-04:00	9.5100	9.4768	6152
2026-08-21T12:01:00-04:00	9.4900	9.4769	4213
2026-08-21T12:02:00-04:00	9.4900	9.4769	2627
2026-08-21T12:03:00-04:00	9.4900	9.4769	953
2026-08-21T12:04:00-04:00	9.5050	9.4769	2300
2026-08-21T12:05:00-04:00	9.5000	9.4769	1690
2026-08-21T12:06:00-04:00	9.5100	9.4769	4742
2026-08-21T12:07:00-04:00	9.5050	9.4769	771
2026-08-21T12:08:00-04:00	9.5100	9.4770	2603
2026-08-21T12:09:00-04:00	9.5250	9.4771	10136
2026-08-21T12:10:00-04:00	9.5300	9.4771	1482
2026-08-21T12:11:00-04:00	9.5750	9.4773	8364
2026-08-21T12:12:00-04:00	9.5700	9.4774	3112
2026-08-21T12:13:00-04:00	9.5850	9.4775	3310
2026-08-21T12:14:00-04:00	9.5500	9.4776	6528
2026-08-21T12:15:00-04:00	9.5300	9.4777	4136
2026-08-21T12:16:00-04:00	9.5700	9.4778	3675
2026-08-21T12:17:00-04:00	9.5782	9.4779	4259
2026-08-21T12:19:00-04:00	9.5746	9.4780	5821
2026-08-21T12:20:00-04:00	9.5600	9.4781	1514
2026-08-21T12:21:00-04:00	9.5600	9.4783	9692
2026-08-21T12:22:00-04:00	9.5900	9.4784	1973
2026-08-21T12:23:00-04:00	9.5800	9.4784	2513
2026-08-21T12:24:00-04:00	9.5900	9.4785	831
2026-08-21T12:25:00-04:00	9.6200	9.4786	4675
2026-08-21T12:26:00-04:00	9.6250	9.4790	10517
2026-08-21T12:27:00-04:00	9.6400	9.4791	2158
2026-08-21T12:28:00-04:00	9.6600	9.4793	4635
2026-08-21T12:29:00-04:00	9.6300	9.4795	4336
2026-08-21T12:30:00-04:00	9.6200	9.4801	16689
2026-08-21T12:31:00-04:00	9.6200	9.4802	1644
2026-08-21T12:32:00-04:00	9.6250	9.4803	1940
2026-08-21T12:33:00-04:00	9.6200	9.4804	5208
2026-08-21T12:34:00-04:00	9.6009	9.4807	7582
2026-08-21T12:35:00-04:00	9.6200	9.4808	2389
2026-08-21T12:36:00-04:00	9.6200	9.4810	5479
2026-08-21T12:37:00-04:00	9.6150	9.4810	641
2026-08-21T12:38:00-04:00	9.6100	9.4811	1735
2026-08-21T12:39:00-04:00	9.6350	9.4812	3241
2026-08-21T12:40:00-04:00	9.6500	9.4814	5393
2026-08-21T12:41:00-04:00	9.6600	9.4816	2873
2026-08-21T12:42:00-04:00	9.6600	9.4818	4270
2026-08-21T12:43:00-04:00	9.6500	9.4825	15565
2026-08-21T12:44:00-04:00	9.6400	9.4827	4186
2026-08-21T12:45:00-04:00	9.6050	9.4828	4539
2026-08-21T12:46:00-04:00	9.6000	9.4830	3611
2026-08-21T12:47:00-04:00	9.5702	9.4831	5550
2026-08-21T12:48:00-04:00	9.5300	9.4832	6628
2026-08-21T12:49:00-04:00	9.5350	9.4832	1274
2026-08-21T12:50:00-04:00	9.5400	9.4832	1885
2026-08-21T12:51:00-04:00	9.5400	9.4833	2054
2026-08-21T12:52:00-04:00	9.5250	9.4833	1960
2026-08-21T12:54:00-04:00	9.5150	9.4833	1522
2026-08-21T12:55:00-04:00	9.5150	9.4833	1099
2026-08-21T12:56:00-04:00	9.5200	9.4834	8335
2026-08-21T12:57:00-04:00	9.5200	9.4834	1010
2026-08-21T12:58:00-04:00	9.5200	9.4834	1886
2026-08-21T13:00:00-04:00	9.5150	9.4834	1806
2026-08-21T13:01:00-04:00	9.5100	9.4834	1573
2026-08-21T13:02:00-04:00	9.5050	9.4834	453
2026-08-21T13:03:00-04:00	9.5050	9.4834	1281
2026-08-21T13:04:00-04:00	9.5050	9.4834	360
2026-08-21T13:05:00-04:00	9.5300	9.4835	9661
2026-08-21T13:06:00-04:00	9.5600	9.4836	2850
2026-08-21T13:07:00-04:00	9.5400	9.4836	3344
2026-08-21T13:08:00-04:00	9.5500	9.4837	1695
2026-08-21T13:09:00-04:00	9.5300	9.4837	4177
2026-08-21T13:10:00-04:00	9.5400	9.4838	3744
2026-08-21T13:11:00-04:00	9.5400	9.4838	1123
2026-08-21T13:12:00-04:00	9.5500	9.4838	1360
2026-08-21T13:13:00-04:00	9.5400	9.4839	3695
2026-08-21T13:14:00-04:00	9.5200	9.4841	20239
2026-08-21T13:15:00-04:00	9.5001	9.4841	2311
2026-08-21T13:16:00-04:00	9.5004	9.4841	2872
2026-08-21T13:17:00-04:00	9.4925	9.4841	1582
2026-08-21T13:18:00-04:00	9.5400	9.4845	37802
2026-08-21T13:19:00-04:00	9.5250	9.4845	1855
2026-08-21T13:20:00-04:00	9.5500	9.4846	3685
2026-08-21T13:21:00-04:00	9.6150	9.4857	36020
2026-08-21T13:22:00-04:00	9.6050	9.4857	1114
2026-08-21T13:23:00-04:00	9.6050	9.4857	806
2026-08-21T13:24:00-04:00	9.6000	9.4857	1072
2026-08-21T13:25:00-04:00	9.6000	9.4858	1442
2026-08-21T13:26:00-04:00	9.6000	9.4860	6143
2026-08-21T13:27:00-04:00	9.6500	9.4877	46075
2026-08-21T13:28:00-04:00	9.6550	9.4878	1072
2026-08-21T13:29:00-04:00	9.6500	9.4879	1812
2026-08-21T13:30:00-04:00	9.6300	9.4880	4032
2026-08-21T13:31:00-04:00	9.6300	9.4881	2678
2026-08-21T13:32:00-04:00	9.6400	9.4885	11293
2026-08-21T13:33:00-04:00	9.6600	9.4888	6450
2026-08-21T13:34:00-04:00	9.6450	9.4888	1787
2026-08-21T13:35:00-04:00	9.6500	9.4890	4658
2026-08-21T13:36:00-04:00	9.6500	9.4891	2672
2026-08-21T13:37:00-04:00	9.6500	9.4892	1123
2026-08-21T13:38:00-04:00	9.6568	9.4894	5559
2026-08-21T13:39:00-04:00	9.6600	9.4895	2990
2026-08-21T13:40:00-04:00	9.6600	9.4897	3783
2026-08-21T13:41:00-04:00	9.6700	9.4901	10130
2026-08-21T13:42:00-04:00	9.6650	9.4904	6231
2026-08-21T13:43:00-04:00	9.6650	9.4904	234
2026-08-21T13:44:00-04:00	9.6669	9.4907	6801
2026-08-21T13:45:00-04:00	9.6800	9.4909	5000
2026-08-21T13:46:00-04:00	9.6800	9.4911	3881
2026-08-21T13:47:00-04:00	9.6850	9.4912	2124
2026-08-21T13:48:00-04:00	9.6750	9.4913	3666
2026-08-21T13:49:00-04:00	9.6800	9.4917	8333
2026-08-21T13:50:00-04:00	9.6800	9.4917	528
2026-08-21T13:51:00-04:00	9.6700	9.4918	2660
2026-08-21T13:52:00-04:00	9.6400	9.4921	6394
2026-08-21T13:53:00-04:00	9.6500	9.4924	8851
2026-08-21T13:54:00-04:00	9.6400	9.4925	2417
2026-08-21T13:55:00-04:00	9.6398	9.4925	943
2026-08-21T13:56:00-04:00	9.6400	9.4929	10241
2026-08-21T13:57:00-04:00	9.6400	9.4930	2488
2026-08-21T13:58:00-04:00	9.6500	9.4932	5320
2026-08-21T13:59:00-04:00	9.6400	9.4933	4711
2026-08-21T14:01:00-04:00	9.6350	9.4934	3108
2026-08-21T14:02:00-04:00	9.6458	9.4936	3374
2026-08-21T14:03:00-04:00	9.6496	9.4936	1413
2026-08-21T14:04:00-04:00	9.6350	9.4936	596
2026-08-21T14:05:00-04:00	9.6500	9.4939	6311
2026-08-21T14:06:00-04:00	9.6300	9.4940	2698
2026-08-21T14:07:00-04:00	9.6050	9.4940	2439
2026-08-21T14:09:00-04:00	9.6050	9.4941	1471
2026-08-21T14:10:00-04:00	9.6000	9.4941	1049
2026-08-21T14:11:00-04:00	9.6000	9.4941	1693
2026-08-21T14:12:00-04:00	9.6049	9.4942	713
2026-08-21T14:13:00-04:00	9.5864	9.4943	4478
2026-08-21T14:14:00-04:00	9.5450	9.4943	5228
2026-08-21T14:15:00-04:00	9.5450	9.4943	1708
2026-08-21T14:16:00-04:00	9.5550	9.4944	3366
2026-08-21T14:17:00-04:00	9.5400	9.4944	2126
2026-08-21T14:18:00-04:00	9.5450	9.4944	653
2026-08-21T14:19:00-04:00	9.5349	9.4944	2429
2026-08-21T14:20:00-04:00	9.5300	9.4944	138
2026-08-21T14:21:00-04:00	9.5300	9.4945	7856
2026-08-21T14:22:00-04:00	9.5300	9.4945	1284
2026-08-21T14:23:00-04:00	9.5400	9.4946	6015
2026-08-21T14:24:00-04:00	9.5400	9.4946	200
2026-08-21T14:25:00-04:00	9.5300	9.4946	1591
2026-08-21T14:26:00-04:00	9.5250	9.4946	326
2026-08-21T14:27:00-04:00	9.5250	9.4946	1376
2026-08-21T14:28:00-04:00	9.5250	9.4946	891
2026-08-21T14:29:00-04:00	9.5250	9.4946	1016
2026-08-21T14:30:00-04:00	9.5250	9.4946	2413
2026-08-21T14:31:00-04:00	9.5150	9.4947	3210
2026-08-21T14:32:00-04:00	9.5100	9.4947	284
2026-08-21T14:33:00-04:00	9.4850	9.4946	7827
2026-08-21T14:34:00-04:00	9.4800	9.4946	869
2026-08-21T14:35:00-04:00	9.4700	9.4946	1482
2026-08-21T14:37:00-04:00	9.4500	9.4946	6434
2026-08-21T14:38:00-04:00	9.4700	9.4945	9006
2026-08-21T14:39:00-04:00	9.4700	9.4945	3082
2026-08-21T14:40:00-04:00	9.4650	9.4945	591
2026-08-21T14:41:00-04:00	9.4550	9.4944	4887
2026-08-21T14:42:00-04:00	9.4550	9.4944	8843
2026-08-21T14:43:00-04:00	9.4550	9.4944	416
2026-08-21T14:44:00-04:00	9.4550	9.4943	887
2026-08-21T14:45:00-04:00	9.4650	9.4943	8981
2026-08-21T14:46:00-04:00	9.4700	9.4943	642
2026-08-21T14:47:00-04:00	9.4750	9.4942	5700
2026-08-21T14:48:00-04:00	9.4850	9.4942	2357
2026-08-21T14:49:00-04:00	9.4850	9.4942	972
2026-08-21T14:50:00-04:00	9.4750	9.4942	2472
2026-08-21T14:51:00-04:00	9.4550	9.4942	2541
2026-08-21T14:52:00-04:00	9.4550	9.4942	3174
2026-08-21T14:53:00-04:00	9.4450	9.4941	3175
2026-08-21T14:54:00-04:00	9.4100	9.4940	8627
2026-08-21T14:55:00-04:00	9.4250	9.4938	10377
2026-08-21T14:56:00-04:00	9.4300	9.4938	2331
2026-08-21T14:57:00-04:00	9.4345	9.4938	2825
2026-08-21T14:58:00-04:00	9.4250	9.4937	502
2026-08-21T14:59:00-04:00	9.4150	9.4936	11021
2026-08-21T15:00:00-04:00	9.4150	9.4934	11848
2026-08-21T15:01:00-04:00	9.4150	9.4933	1306
2026-08-21T15:02:00-04:00	9.4199	9.4931	11796
2026-08-21T15:03:00-04:00	9.4150	9.4931	1224
2026-08-21T15:04:00-04:00	9.3950	9.4929	10279
2026-08-21T15:05:00-04:00	9.4100	9.4928	5542
2026-08-21T15:06:00-04:00	9.4650	9.4926	23936
2026-08-21T15:08:00-04:00	9.4700	9.4925	3563
2026-08-21T15:09:00-04:00	9.4600	9.4925	225
2026-08-21T15:10:00-04:00	9.4650	9.4925	2517
2026-08-21T15:11:00-04:00	9.4625	9.4924	11012
2026-08-21T15:13:00-04:00	9.4700	9.4924	1627
2026-08-21T15:14:00-04:00	9.4650	9.4924	3389
2026-08-21T15:15:00-04:00	9.4550	9.4924	3388
2026-08-21T15:16:00-04:00	9.4550	9.4924	765
2026-08-21T15:17:00-04:00	9.4500	9.4923	3687
2026-08-21T15:18:00-04:00	9.4600	9.4922	12248
2026-08-21T15:19:00-04:00	9.4500	9.4922	5604
2026-08-21T15:20:00-04:00	9.4500	9.4922	1314
2026-08-21T15:21:00-04:00	9.4500	9.4921	6005
2026-08-21T15:22:00-04:00	9.4600	9.4921	302
2026-08-21T15:23:00-04:00	9.4600	9.4921	5331
2026-08-21T15:24:00-04:00	9.4500	9.4920	4015
2026-08-21T15:25:00-04:00	9.4500	9.4920	2017
2026-08-21T15:26:00-04:00	9.4450	9.4920	542
2026-08-21T15:27:00-04:00	9.4450	9.4920	1701
2026-08-21T15:28:00-04:00	9.4300	9.4918	12747
2026-08-21T15:29:00-04:00	9.4500	9.4917	6643
2026-08-21T15:30:00-04:00	9.4350	9.4917	3008
2026-08-21T15:31:00-04:00	9.4300	9.4917	3887
2026-08-21T15:32:00-04:00	9.4210	9.4916	1357
2026-08-21T15:33:00-04:00	9.4200	9.4916	2329
2026-08-21T15:34:00-04:00	9.4200	9.4915	7284
2026-08-21T15:35:00-04:00	9.4350	9.4912	19051
2026-08-21T15:36:00-04:00	9.4350	9.4912	1096
2026-08-21T15:37:00-04:00	9.4200	9.4912	2054
2026-08-21T15:38:00-04:00	9.4200	9.4911	1025
2026-08-21T15:39:00-04:00	9.4200	9.4911	1734
2026-08-21T15:40:00-04:00	9.4200	9.4910	6691
2026-08-21T15:41:00-04:00	9.4250	9.4910	3314
2026-08-21T15:42:00-04:00	9.4225	9.4909	2291
2026-08-21T15:43:00-04:00	9.4250	9.4909	1555
2026-08-21T15:44:00-04:00	9.4250	9.4909	2459
2026-08-21T15:45:00-04:00	9.4000	9.4906	12945
2026-08-21T15:46:00-04:00	9.3850	9.4901	23053
2026-08-21T15:47:00-04:00	9.3950	9.4899	7454
2026-08-21T15:48:00-04:00	9.3901	9.4899	3246
2026-08-21T15:49:00-04:00	9.3950	9.4898	4206
2026-08-21T15:50:00-04:00	9.3800	9.4896	7120
2026-08-21T15:51:00-04:00	9.3810	9.4895	3765
2026-08-21T15:52:00-04:00	9.3845	9.4895	425
2026-08-21T15:53:00-04:00	9.3775	9.4894	6850
2026-08-21T15:54:00-04:00	9.3550	9.4892	6426
2026-08-21T15:55:00-04:00	9.3550	9.4886	18820
2026-08-21T15:56:00-04:00	9.3550	9.4885	4204
2026-08-21T15:57:00-04:00	9.3450	9.4878	23148
2026-08-21T15:58:00-04:00	9.3450	9.4871	22954
2026-08-21T15:59:00-04:00	9.3150	9.4848	69143
2026-08-24T09:30:00-04:00	9.2100	9.2067	69926
2026-08-24T09:31:00-04:00	9.2100	9.2033	8965
2026-08-24T09:32:00-04:00	9.1400	9.1983	8635
2026-08-24T09:33:00-04:00	9.2300	9.1975	9704
2026-08-24T09:34:00-04:00	9.2300	9.1995	7136
2026-08-24T09:35:00-04:00	9.1900	9.2006	12567
2026-08-24T09:36:00-04:00	9.2600	9.2035	10313
2026-08-24T09:37:00-04:00	9.3100	9.2103	10377
2026-08-24T09:38:00-04:00	9.3200	9.2124	2948
2026-08-24T09:39:00-04:00	9.3450	9.2295	21971
2026-08-24T09:40:00-04:00	9.4050	9.2349	5973
2026-08-24T09:41:00-04:00	9.4450	9.2485	11889
2026-08-24T09:42:00-04:00	9.4151	9.2641	17197
2026-08-24T09:43:00-04:00	9.3700	9.2666	4303
2026-08-24T09:44:00-04:00	9.3300	9.2696	6967
2026-08-24T09:45:00-04:00	9.2000	9.2687	8488
2026-08-24T09:46:00-04:00	9.2400	9.2676	5716
2026-08-24T09:47:00-04:00	9.2700	9.2675	2323
2026-08-24T09:48:00-04:00	9.2100	9.2665	5966
2026-08-24T09:49:00-04:00	9.2000	9.2638	10911
2026-08-24T09:50:00-04:00	9.2000	9.2619	7721
2026-08-24T09:51:00-04:00	9.1800	9.2594	9468
2026-08-24T09:52:00-04:00	9.1850	9.2581	4366
2026-08-24T09:53:00-04:00	9.1700	9.2562	5726
2026-08-24T09:54:00-04:00	9.2000	9.2543	8214
2026-08-24T09:55:00-04:00	9.2100	9.2539	2496
2026-08-24T09:56:00-04:00	9.1800	9.2527	5307
2026-08-24T09:57:00-04:00	9.1800	9.2520	2872
2026-08-24T09:58:00-04:00	9.2400	9.2513	10456
2026-08-24T09:59:00-04:00	9.2100	9.2507	5242
2026-08-24T10:00:00-04:00	9.2000	9.2498	7944
2026-08-24T10:01:00-04:00	9.2100	9.2491	6094
2026-08-24T10:02:00-04:00	9.1700	9.2466	11641
2026-08-24T10:03:00-04:00	9.1550	9.2392	27609
2026-08-24T10:04:00-04:00	9.3350	9.2459	91495
2026-08-24T10:05:00-04:00	9.4200	9.2493	10510
2026-08-24T10:06:00-04:00	9.4100	9.2506	3858
2026-08-24T10:07:00-04:00	9.3350	9.2535	12869
2026-08-24T10:08:00-04:00	9.3750	9.2544	4191
2026-08-24T10:09:00-04:00	9.4150	9.2555	3443
2026-08-24T10:10:00-04:00	9.4150	9.2572	5710
2026-08-24T10:11:00-04:00	9.3300	9.2584	6147
2026-08-24T10:12:00-04:00	9.2950	9.2587	4939
2026-08-24T10:13:00-04:00	9.3100	9.2591	4500
2026-08-24T10:14:00-04:00	9.3100	9.2595	4263
2026-08-24T10:15:00-04:00	9.3300	9.2604	6917
2026-08-24T10:16:00-04:00	9.3300	9.2610	4093
2026-08-24T10:17:00-04:00	9.3200	9.2611	1244
2026-08-24T10:18:00-04:00	9.3300	9.2618	5763
2026-08-24T10:19:00-04:00	9.3400	9.2622	3001
2026-08-24T10:20:00-04:00	9.3600	9.2632	5630
2026-08-24T10:21:00-04:00	9.4017	9.2643	4801
2026-08-24T10:22:00-04:00	9.4250	9.2669	9513
2026-08-24T10:23:00-04:00	9.3800	9.2687	7890
2026-08-24T10:24:00-04:00	9.3200	9.2695	6090
2026-08-24T10:25:00-04:00	9.3700	9.2708	10149
2026-08-24T10:26:00-04:00	9.3450	9.2711	2267
2026-08-24T10:27:00-04:00	9.3500	9.2714	2338
2026-08-24T10:28:00-04:00	9.3600	9.2718	2479
2026-08-24T10:29:00-04:00	9.3400	9.2723	4373
2026-08-24T10:30:00-04:00	9.3500	9.2728	4014
2026-08-24T10:31:00-04:00	9.3700	9.2730	1238
2026-08-24T10:32:00-04:00	9.3100	9.2736	6413
2026-08-24T10:33:00-04:00	9.2950	9.2739	6829
2026-08-24T10:34:00-04:00	9.3200	9.2741	3399
2026-08-24T10:35:00-04:00	9.3100	9.2746	7565
2026-08-24T10:36:00-04:00	9.3300	9.2749	3676
2026-08-24T10:37:00-04:00	9.3200	9.2752	2869
2026-08-24T10:38:00-04:00	9.3300	9.2753	1561
2026-08-24T10:39:00-04:00	9.3150	9.2756	5180
2026-08-24T10:40:00-04:00	9.3150	9.2757	1223
2026-08-24T10:41:00-04:00	9.3500	9.2764	6778
2026-08-24T10:42:00-04:00	9.3300	9.2766	2986
2026-08-24T10:43:00-04:00	9.3300	9.2770	5914
2026-08-24T10:44:00-04:00	9.4100	9.2794	14703
2026-08-24T10:45:00-04:00	9.4250	9.2799	2352
2026-08-24T10:46:00-04:00	9.4550	9.2838	16007
2026-08-24T10:47:00-04:00	9.4606	9.2842	1569
2026-08-24T10:48:00-04:00	9.4500	9.2844	786
2026-08-24T10:49:00-04:00	9.4400	9.2853	3695
2026-08-24T10:50:00-04:00	9.4600	9.2861	3422
2026-08-24T10:51:00-04:00	9.4500	9.2884	9537
2026-08-24T10:52:00-04:00	9.4700	9.2903	7842
2026-08-24T10:53:00-04:00	9.4700	9.2910	2959
2026-08-24T10:54:00-04:00	9.4800	9.2919	3219
2026-08-24T10:55:00-04:00	9.4900	9.2921	939
2026-08-24T10:56:00-04:00	9.4800	9.2957	14694
2026-08-24T10:57:00-04:00	9.4900	9.2968	4239
2026-08-24T10:58:00-04:00	9.4900	9.2981	4955
2026-08-24T10:59:00-04:00	9.4832	9.2991	4104
2026-08-24T11:00:00-04:00	9.4500	9.3003	5554
2026-08-24T11:01:00-04:00	9.4400	9.3055	28856
2026-08-24T11:02:00-04:00	9.4300	9.3059	2700
2026-08-24T11:03:00-04:00	9.4350	9.3064	2739
2026-08-24T11:04:00-04:00	9.4100	9.3067	2149
2026-08-24T11:05:00-04:00	9.4100	9.3073	4218
2026-08-24T11:06:00-04:00	9.4000	9.3076	3197
2026-08-24T11:07:00-04:00	9.3800	9.3081	4660
2026-08-24T11:08:00-04:00	9.3800	9.3082	667
2026-08-24T11:09:00-04:00	9.4000	9.3095	12095
2026-08-24T11:10:00-04:00	9.3900	9.3097	1939
2026-08-24T11:11:00-04:00	9.3650	9.3107	16664
2026-08-24T11:12:00-04:00	9.3450	9.3110	7081
2026-08-24T11:13:00-04:00	9.3600	9.3112	3423
2026-08-24T11:14:00-04:00	9.3700	9.3115	4838
2026-08-24T11:15:00-04:00	9.3700	9.3116	1891
2026-08-24T11:16:00-04:00	9.3700	9.3119	3207
2026-08-24T11:17:00-04:00	9.3900	9.3121	2586
2026-08-24T11:18:00-04:00	9.3900	9.3123	2113
2026-08-24T11:19:00-04:00	9.3700	9.3124	2202
2026-08-24T11:20:00-04:00	9.3800	9.3129	5695
2026-08-24T11:21:00-04:00	9.3700	9.3133	5615
2026-08-24T11:22:00-04:00	9.3900	9.3135	3344
2026-08-24T11:23:00-04:00	9.4050	9.3138	2816
2026-08-24T11:24:00-04:00	9.4200	9.3144	5260
2026-08-24T11:25:00-04:00	9.4450	9.3147	1778
2026-08-24T11:26:00-04:00	9.4800	9.3151	2687
2026-08-24T11:27:00-04:00	9.4700	9.3160	4798
2026-08-24T11:28:00-04:00	9.4650	9.3160	227
2026-08-24T11:29:00-04:00	9.5200	9.3182	10159
2026-08-24T11:30:00-04:00	9.5500	9.3226	18902
2026-08-24T11:31:00-04:00	9.5400	9.3232	2422
2026-08-24T11:32:00-04:00	9.5350	9.3236	1835
2026-08-24T11:33:00-04:00	9.5300	9.3258	9917
2026-08-24T11:34:00-04:00	9.5250	9.3261	1583
2026-08-24T11:35:00-04:00	9.5200	9.3269	3548
2026-08-24T11:36:00-04:00	9.5500	9.3282	5761
2026-08-24T11:37:00-04:00	9.5400	9.3286	1820
2026-08-24T11:38:00-04:00	9.5350	9.3290	1949
2026-08-24T11:39:00-04:00	9.5300	9.3305	6772
2026-08-24T11:40:00-04:00	9.5200	9.3309	2154
2026-08-24T11:41:00-04:00	9.5064	9.3321	6373
2026-08-24T11:42:00-04:00	9.4300	9.3333	9806
2026-08-24T11:43:00-04:00	9.4100	9.3341	8054
2026-08-24T11:44:00-04:00	9.4300	9.3348	7430
2026-08-24T11:45:00-04:00	9.4400	9.3349	1643
2026-08-24T11:46:00-04:00	9.4450	9.3353	3067
2026-08-24T11:47:00-04:00	9.4700	9.3358	3969
2026-08-24T11:48:00-04:00	9.4700	9.3361	2166
2026-08-24T11:49:00-04:00	9.4600	9.3364	2691
2026-08-24T11:50:00-04:00	9.4500	9.3366	1854
2026-08-24T11:51:00-04:00	9.4600	9.3371	4253
2026-08-24T11:52:00-04:00	9.4600	9.3371	118
2026-08-24T11:53:00-04:00	9.4600	9.3374	2626
2026-08-24T11:54:00-04:00	9.4600	9.3378	3196
2026-08-24T11:55:00-04:00	9.4800	9.3385	5303
2026-08-24T11:56:00-04:00	9.4850	9.3387	933
2026-08-24T11:57:00-04:00	9.4600	9.3390	2956
2026-08-24T11:58:00-04:00	9.4500	9.3394	3306
2026-08-24T11:59:00-04:00	9.4400	9.3398	3487
2026-08-24T12:00:00-04:00	9.4500	9.3401	3138
2026-08-24T12:01:00-04:00	9.4400	9.3406	5186
2026-08-24T12:02:00-04:00	9.4400	9.3412	5733
2026-08-24T12:03:00-04:00	9.4600	9.3418	6248
2026-08-24T12:04:00-04:00	9.4800	9.3426	6412
2026-08-24T12:05:00-04:00	9.4750	9.3433	5218
2026-08-24T12:06:00-04:00	9.4800	9.3437	3017
2026-08-24T12:07:00-04:00	9.5000	9.3439	1714
2026-08-24T12:08:00-04:00	9.4800	9.3443	2815
2026-08-24T12:09:00-04:00	9.4800	9.3449	4390
2026-08-24T12:10:00-04:00	9.4800	9.3458	7949
2026-08-24T12:11:00-04:00	9.4750	9.3459	741
2026-08-24T12:12:00-04:00	9.4900	9.3467	6508
2026-08-24T12:13:00-04:00	9.4850	9.3469	1054
2026-08-24T12:14:00-04:00	9.5000	9.3477	6387
2026-08-24T12:15:00-04:00	9.5200	9.3488	6660
2026-08-24T12:16:00-04:00	9.5200	9.3490	1644
2026-08-24T12:17:00-04:00	9.5600	9.3500	5823
2026-08-24T12:18:00-04:00	9.6050	9.3531	14175
2026-08-24T12:19:00-04:00	9.6000	9.3533	912
2026-08-24T12:20:00-04:00	9.5900	9.3540	3254
2026-08-24T12:21:00-04:00	9.5950	9.3543	1520
2026-08-24T12:22:00-04:00	9.5950	9.3545	1174
2026-08-24T12:23:00-04:00	9.5900	9.3570	11997
2026-08-24T12:24:00-04:00	9.6050	9.3573	1381
2026-08-24T12:25:00-04:00	9.6100	9.3577	2067
2026-08-24T12:26:00-04:00	9.6100	9.3579	670
2026-08-24T12:27:00-04:00	9.5900	9.3596	8433
2026-08-24T12:28:00-04:00	9.5800	9.3609	6554
2026-08-24T12:29:00-04:00	9.6200	9.3627	8899
2026-08-24T12:30:00-04:00	9.6200	9.3631	1572
2026-08-24T12:31:00-04:00	9.6100	9.3684	24594
2026-08-24T12:32:00-04:00	9.6050	9.3694	4638
2026-08-24T12:33:00-04:00	9.6100	9.3696	1095
2026-08-24T12:34:00-04:00	9.6100	9.3699	1459
2026-08-24T12:35:00-04:00	9.6200	9.3703	1837
2026-08-24T12:36:00-04:00	9.6200	9.3707	2183
2026-08-24T12:37:00-04:00	9.6050	9.3714	3756
2026-08-24T12:38:00-04:00	9.6400	9.3734	9206
2026-08-24T12:39:00-04:00	9.6500	9.3748	6181
2026-08-24T12:40:00-04:00	9.6450	9.3754	2810
2026-08-24T12:41:00-04:00	9.6500	9.3777	10331
2026-08-24T12:42:00-04:00	9.6500	9.3780	1400
2026-08-24T12:43:00-04:00	9.6400	9.3786	2623
2026-08-24T12:44:00-04:00	9.6250	9.3808	11173
2026-08-24T12:45:00-04:00	9.6200	9.3821	6851
2026-08-24T12:46:00-04:00	9.6300	9.3826	2359
2026-08-24T12:47:00-04:00	9.6600	9.3832	3210
2026-08-24T12:48:00-04:00	9.6550	9.3841	3988
2026-08-24T12:49:00-04:00	9.6500	9.3853	5511
2026-08-24T12:50:00-04:00	9.6500	9.3856	1663
2026-08-24T12:51:00-04:00	9.6500	9.3858	1177
2026-08-24T12:52:00-04:00	9.6500	9.3863	2305
2026-08-24T12:53:00-04:00	9.6500	9.3866	1589
2026-08-24T12:54:00-04:00	9.6600	9.3875	4012
2026-08-24T12:55:00-04:00	9.6600	9.3880	2432
2026-08-24T12:56:00-04:00	9.6500	9.3899	9267
2026-08-24T12:57:00-04:00	9.6600	9.3904	2638
2026-08-24T12:58:00-04:00	9.6400	9.3948	22656
2026-08-24T12:59:00-04:00	9.6300	9.3953	2442
2026-08-24T13:00:00-04:00	9.6400	9.3969	9222
2026-08-24T13:01:00-04:00	9.6800	9.4008	18691
2026-08-24T13:02:00-04:00	9.6800	9.4024	7616
2026-08-24T13:03:00-04:00	9.6450	9.4034	5215
2026-08-24T13:04:00-04:00	9.6400	9.4037	1810
2026-08-24T13:05:00-04:00	9.6600	9.4074	20652
2026-08-24T13:06:00-04:00	9.6200	9.4111	23565
2026-08-24T13:07:00-04:00	9.6200	9.4116	3174
2026-08-24T13:08:00-04:00	9.6400	9.4121	2974
2026-08-24T13:09:00-04:00	9.6400	9.4123	1510
2026-08-24T13:10:00-04:00	9.6450	9.4130	3914
2026-08-24T13:11:00-04:00	9.6450	9.4134	3038
2026-08-24T13:12:00-04:00	9.6200	9.4139	3032
2026-08-24T13:13:00-04:00	9.6200	9.4150	7497
2026-08-24T13:14:00-04:00	9.6100	9.4153	2473
2026-08-24T13:15:00-04:00	9.6000	9.4159	4213
2026-08-24T13:16:00-04:00	9.5800	9.4167	6981
2026-08-24T13:17:00-04:00	9.5850	9.4171	3018
2026-08-24T13:18:00-04:00	9.5700	9.4174	2844
2026-08-24T13:19:00-04:00	9.5700	9.4177	3285
2026-08-24T13:20:00-04:00	9.5900	9.4184	5966
2026-08-24T13:21:00-04:00	9.5300	9.4191	8142
2026-08-24T13:22:00-04:00	9.5250	9.4193	2405
2026-08-24T13:23:00-04:00	9.5200	9.4194	1375
2026-08-24T13:24:00-04:00	9.5128	9.4195	2823
2026-08-24T13:25:00-04:00	9.5249	9.4198	3630
2026-08-24T13:26:00-04:00	9.5200	9.4199	1699
2026-08-24T13:27:00-04:00	9.5300	9.4203	5185
2026-08-24T13:28:00-04:00	9.5250	9.4204	2403
2026-08-24T13:29:00-04:00	9.5200	9.4206	2078
2026-08-24T13:30:00-04:00	9.5200	9.4207	2281
2026-08-24T13:31:00-04:00	9.5200	9.4210	3734
2026-08-24T13:32:00-04:00	9.5350	9.4223	18938
2026-08-24T13:33:00-04:00	9.5500	9.4229	6221
2026-08-24T13:34:00-04:00	9.5650	9.4234	6226
2026-08-24T13:35:00-04:00	9.5650	9.4237	2927
2026-08-24T13:36:00-04:00	9.5800	9.4242	4787
2026-08-24T13:37:00-04:00	9.5800	9.4243	1751
2026-08-24T13:38:00-04:00	9.5700	9.4245	2066
2026-08-24T13:39:00-04:00	9.5800	9.4248	2593
2026-08-24T13:40:00-04:00	9.6350	9.4279	25940
2026-08-24T13:41:00-04:00	9.6350	9.4282	1780
2026-08-24T13:42:00-04:00	9.5800	9.4302	19184
2026-08-24T13:43:00-04:00	9.5650	9.4306	4104
2026-08-24T13:44:00-04:00	9.5650	9.4307	1556
2026-08-24T13:45:00-04:00	9.5600	9.4308	1638
2026-08-24T13:46:00-04:00	9.5600	9.4310	2165
2026-08-24T13:47:00-04:00	9.5700	9.4316	7019
2026-08-24T13:48:00-04:00	9.5700	9.4318	1875
2026-08-24T13:49:00-04:00	9.5650	9.4321	3920
2026-08-24T13:50:00-04:00	9.5600	9.4323	2579
2026-08-24T13:51:00-04:00	9.5500	9.4327	5194
2026-08-24T13:52:00-04:00	9.5550	9.4329	3054
2026-08-24T13:53:00-04:00	9.5650	9.4332	3252
2026-08-24T13:54:00-04:00	9.5300	9.4339	10626
2026-08-24T13:55:00-04:00	9.5200	9.4340	3081
2026-08-24T13:56:00-04:00	9.5200	9.4342	2962
2026-08-24T13:57:00-04:00	9.5550	9.4343	1633
2026-08-24T13:58:00-04:00	9.5400	9.4345	2490
2026-08-24T13:59:00-04:00	9.5400	9.4348	4759
2026-08-24T14:00:00-04:00	9.5200	9.4350	4046
2026-08-24T14:01:00-04:00	9.5200	9.4352	4382
2026-08-24T14:02:00-04:00	9.5400	9.4353	1725
2026-08-24T14:03:00-04:00	9.5300	9.4354	698
2026-08-24T14:04:00-04:00	9.5350	9.4355	2949
2026-08-24T14:05:00-04:00	9.5700	9.4362	8837
2026-08-24T14:06:00-04:00	9.6200	9.4366	4173
2026-08-24T14:07:00-04:00	9.6050	9.4368	2310
2026-08-24T14:08:00-04:00	9.6050	9.4370	2088
2026-08-24T14:09:00-04:00	9.6050	9.4373	2296
2026-08-24T14:10:00-04:00	9.6600	9.4397	19751
2026-08-24T14:11:00-04:00	9.6900	9.4406	6377
2026-08-24T14:12:00-04:00	9.6900	9.4407	995
2026-08-24T14:13:00-04:00	9.6900	9.4413	3499
2026-08-24T14:14:00-04:00	9.6900	9.4415	1715
2026-08-24T14:15:00-04:00	9.6995	9.4419	2854
2026-08-24T14:16:00-04:00	9.7250	9.4532	71217
2026-08-24T14:17:00-04:00	9.7100	9.4550	12788
2026-08-24T14:18:00-04:00	9.7100	9.4553	2347
2026-08-24T14:19:00-04:00	9.8100	9.4680	72525
2026-08-24T14:20:00-04:00	9.7500	9.4697	11061
2026-08-24T14:21:00-04:00	9.7600	9.4704	4276
2026-08-24T14:22:00-04:00	9.7850	9.4711	4852
2026-08-24T14:23:00-04:00	9.7750	9.4719	4652
2026-08-24T14:24:00-04:00	9.7800	9.4726	4550
2026-08-24T14:25:00-04:00	9.7800	9.4728	947
2026-08-24T14:26:00-04:00	9.7600	9.4750	14734
2026-08-24T14:27:00-04:00	9.7400	9.4759	6400
2026-08-24T14:28:00-04:00	9.7200	9.4779	16076
2026-08-24T14:29:00-04:00	9.7400	9.4790	8824
2026-08-24T14:30:00-04:00	9.7500	9.4792	1259
2026-08-24T14:31:00-04:00	9.7250	9.4799	5511
2026-08-24T14:32:00-04:00	9.7300	9.4816	13065
2026-08-24T14:33:00-04:00	9.7100	9.4832	14152
2026-08-24T14:34:00-04:00	9.6900	9.4838	5387
2026-08-24T14:35:00-04:00	9.6350	9.4843	5982
2026-08-24T14:36:00-04:00	9.6000	9.4845	3439
2026-08-24T14:37:00-04:00	9.6100	9.4850	7909
2026-08-24T14:38:00-04:00	9.6200	9.4851	2239
2026-08-24T14:39:00-04:00	9.5900	9.4853	3548
2026-08-24T14:40:00-04:00	9.5900	9.4854	2133
2026-08-24T14:41:00-04:00	9.6000	9.4856	2687
2026-08-24T14:42:00-04:00	9.6000	9.4857	2813
2026-08-24T14:43:00-04:00	9.6200	9.4862	6930
2026-08-24T14:45:00-04:00	9.6300	9.4865	4879
2026-08-24T14:46:00-04:00	9.6150	9.4869	6691
2026-08-24T14:47:00-04:00	9.6100	9.4872	4873
2026-08-24T14:48:00-04:00	9.6100	9.4874	2668
2026-08-24T14:49:00-04:00	9.6100	9.4875	1704
2026-08-24T14:50:00-04:00	9.6100	9.4876	3097
2026-08-24T14:51:00-04:00	9.6250	9.4879	3694
2026-08-24T14:52:00-04:00	9.6200	9.4881	3928
2026-08-24T14:53:00-04:00	9.6300	9.4885	5132
2026-08-24T14:54:00-04:00	9.6300	9.4889	5564
2026-08-24T14:55:00-04:00	9.6300	9.4890	1996
2026-08-24T14:56:00-04:00	9.6250	9.4891	2293
2026-08-24T14:57:00-04:00	9.6150	9.4896	7382
2026-08-24T14:58:00-04:00	9.6150	9.4899	4418
2026-08-24T14:59:00-04:00	9.6000	9.4904	8926
2026-08-24T15:00:00-04:00	9.6050	9.4906	5118
2026-08-24T15:01:00-04:00	9.6300	9.4910	5644
2026-08-24T15:02:00-04:00	9.6650	9.4916	7982
2026-08-24T15:03:00-04:00	9.6600	9.4925	11345
2026-08-24T15:04:00-04:00	9.6600	9.4928	3754
2026-08-24T15:05:00-04:00	9.6800	9.4935	9286
2026-08-24T15:06:00-04:00	9.6950	9.4939	4353
2026-08-24T15:07:00-04:00	9.6600	9.4968	35798
2026-08-24T15:08:00-04:00	9.6600	9.4970	2816
2026-08-24T15:09:00-04:00	9.6500	9.4973	3355
2026-08-24T15:10:00-04:00	9.6400	9.4973	1364
2026-08-24T15:11:00-04:00	9.6500	9.4977	4683
2026-08-24T15:12:00-04:00	9.6550	9.4979	2909
2026-08-24T15:13:00-04:00	9.6700	9.4983	5347
2026-08-24T15:14:00-04:00	9.6600	9.4986	4668
2026-08-24T15:15:00-04:00	9.6500	9.4990	5413
2026-08-24T15:16:00-04:00	9.6500	9.4992	2794
2026-08-24T15:17:00-04:00	9.6500	9.4994	3794
2026-08-24T15:18:00-04:00	9.6550	9.4996	1819
2026-08-24T15:19:00-04:00	9.6550	9.4998	3161
2026-08-24T15:20:00-04:00	9.6700	9.5003	6312
2026-08-24T15:21:00-04:00	9.6700	9.5005	3635
2026-08-24T15:22:00-04:00	9.6850	9.5012	8484
2026-08-24T15:23:00-04:00	9.6800	9.5021	11675
2026-08-24T15:24:00-04:00	9.6750	9.5025	4436
2026-08-24T15:25:00-04:00	9.6850	9.5028	3747
2026-08-24T15:26:00-04:00	9.6850	9.5029	1721
2026-08-24T15:27:00-04:00	9.6950	9.5034	6440
2026-08-24T15:28:00-04:00	9.6800	9.5057	27671
2026-08-24T15:29:00-04:00	9.6458	9.5067	16404
2026-08-24T15:30:00-04:00	9.6700	9.5074	10137
2026-08-24T15:31:00-04:00	9.6800	9.5077	4530
2026-08-24T15:32:00-04:00	9.6800	9.5087	12672
2026-08-24T15:33:00-04:00	9.6700	9.5090	4993
2026-08-24T15:34:00-04:00	9.6500	9.5099	14943
2026-08-24T15:35:00-04:00	9.6700	9.5103	6569
2026-08-24T15:36:00-04:00	9.6800	9.5107	5523
2026-08-24T15:37:00-04:00	9.6700	9.5115	11044
2026-08-24T15:38:00-04:00	9.6800	9.5117	2983
2026-08-24T15:39:00-04:00	9.6850	9.5124	9681
2026-08-24T15:40:00-04:00	9.6700	9.5137	19283
2026-08-24T15:41:00-04:00	9.6650	9.5139	3520
2026-08-24T15:42:00-04:00	9.6650	9.5146	11320
2026-08-24T15:43:00-04:00	9.6750	9.5151	7820
2026-08-24T15:44:00-04:00	9.6750	9.5154	4707
2026-08-24T15:45:00-04:00	9.6700	9.5161	11869
2026-08-24T15:46:00-04:00	9.6550	9.5174	21046
2026-08-24T15:47:00-04:00	9.7000	9.5184	16019
2026-08-24T15:48:00-04:00	9.6657	9.5199	24223
2026-08-24T15:49:00-04:00	9.7250	9.5211	16590
2026-08-24T15:50:00-04:00	9.7150	9.5218	8620
2026-08-24T15:51:00-04:00	9.6950	9.5242	36404
2026-08-24T15:52:00-04:00	9.7200	9.5254	16042
2026-08-24T15:53:00-04:00	9.6700	9.5273	30756
2026-08-24T15:54:00-04:00	9.6500	9.5283	20606
2026-08-24T15:55:00-04:00	9.6300	9.5294	28467
2026-08-24T15:56:00-04:00	9.6800	9.5309	28846
2026-08-24T15:57:00-04:00	9.7350	9.5346	54475
2026-08-24T15:58:00-04:00	9.7500	9.5412	88649
2026-08-24T15:59:00-04:00	9.7800	9.5546	169438
2026-08-25T09:30:00-04:00	9.8400	9.8933	129434
2026-08-25T09:31:00-04:00	9.8450	9.8910	14239
2026-08-25T09:32:00-04:00	9.9000	9.8887	12906
2026-08-25T09:33:00-04:00	9.8450	9.8861	14841
2026-08-25T09:34:00-04:00	9.8050	9.8840	5696
2026-08-25T09:35:00-04:00	9.9000	9.8814	21558
2026-08-25T09:36:00-04:00	9.8200	9.8808	9662
2026-08-25T09:37:00-04:00	9.7850	9.8751	15181
2026-08-25T09:38:00-04:00	9.7300	9.8576	32672
2026-08-25T09:39:00-04:00	9.7100	9.8526	9273
2026-08-25T09:40:00-04:00	9.7500	9.8495	7383
2026-08-25T09:41:00-04:00	9.6350	9.8410	12884
2026-08-25T09:42:00-04:00	9.6050	9.8252	22018
2026-08-25T09:43:00-04:00	9.4501	9.8101	15007
2026-08-25T09:44:00-04:00	9.4900	9.7893	22202
2026-08-25T09:45:00-04:00	9.5500	9.7813	11125
2026-08-25T09:46:00-04:00	9.5800	9.7750	10639
2026-08-25T09:47:00-04:00	9.5850	9.7722	5420
2026-08-25T09:48:00-04:00	9.5800	9.7693	5926
2026-08-25T09:49:00-04:00	9.3600	9.7502	22246
2026-08-25T09:50:00-04:00	9.5300	9.7208	45738
2026-08-25T09:51:00-04:00	9.5301	9.7185	5184
2026-08-25T09:52:00-04:00	9.5050	9.7154	6912
2026-08-25T09:53:00-04:00	9.5000	9.7136	4008
2026-08-25T09:54:00-04:00	9.5440	9.7118	4891
2026-08-25T09:55:00-04:00	9.5700	9.7100	5921
2026-08-25T09:56:00-04:00	9.5650	9.7094	2110
2026-08-25T09:57:00-04:00	9.5500	9.7083	3577
2026-08-25T09:58:00-04:00	9.5690	9.7074	3082
2026-08-25T09:59:00-04:00	9.5340	9.7043	8681
2026-08-25T10:00:00-04:00	9.5500	9.7027	5131
2026-08-25T10:01:00-04:00	9.4900	9.6988	9908
2026-08-25T10:02:00-04:00	9.4100	9.6963	5004
2026-08-25T10:03:00-04:00	9.3700	9.6899	10772
2026-08-25T10:04:00-04:00	9.3450	9.6852	7170
2026-08-25T10:05:00-04:00	9.4000	9.6704	27876
2026-08-25T10:06:00-04:00	9.3700	9.5204	561138
2026-08-25T10:07:00-04:00	9.3501	9.5178	17254
2026-08-25T10:08:00-04:00	9.3400	9.5162	10694
2026-08-25T10:09:00-04:00	9.3400	9.5089	46056
2026-08-25T10:10:00-04:00	9.3600	9.5080	6834
2026-08-25T10:11:00-04:00	9.3600	9.5076	3197
2026-08-25T10:12:00-04:00	9.3550	9.5074	1303
2026-08-25T10:13:00-04:00	9.3400	9.5061	9079
2026-08-25T10:14:00-04:00	9.2700	9.5004	33173
2026-08-25T10:15:00-04:00	9.3250	9.4989	10170
2026-08-25T10:16:00-04:00	9.3200	9.4973	11681
2026-08-25T10:17:00-04:00	9.3200	9.4957	11219
2026-08-25T10:18:00-04:00	9.2800	9.4897	36652
2026-08-25T10:19:00-04:00	9.2800	9.4888	5807
2026-08-25T10:20:00-04:00	9.3000	9.4879	6328
2026-08-25T10:21:00-04:00	9.3200	9.4875	2988
2026-08-25T10:22:00-04:00	9.2850	9.4868	4897
2026-08-25T10:23:00-04:00	9.3000	9.4858	6922
2026-08-25T10:24:00-04:00	9.3300	9.4852	4937
2026-08-25T10:25:00-04:00	9.2900	9.4831	15092
2026-08-25T10:26:00-04:00	9.2900	9.4827	2502
2026-08-25T10:27:00-04:00	9.2700	9.4824	1910
2026-08-25T10:28:00-04:00	9.2600	9.4765	39432
2026-08-25T10:29:00-04:00	9.2650	9.4753	8148
2026-08-25T10:30:00-04:00	9.2600	9.4731	14131
2026-08-25T10:31:00-04:00	9.2300	9.4727	2178
2026-08-25T10:32:00-04:00	9.2689	9.4717	7066
2026-08-25T10:33:00-04:00	9.2650	9.4713	2817
2026-08-25T10:34:00-04:00	9.2478	9.4694	12318
2026-08-25T10:35:00-04:00	9.2350	9.4685	6076
2026-08-25T10:36:00-04:00	9.2500	9.4674	7132
2026-08-25T10:37:00-04:00	9.2599	9.4666	5170
2026-08-25T10:38:00-04:00	9.2700	9.4653	9029
2026-08-25T10:39:00-04:00	9.2450	9.4648	3313
2026-08-25T10:40:00-04:00	9.2400	9.4641	4787
2026-08-25T10:41:00-04:00	9.2500	9.4637	2977
2026-08-25T10:42:00-04:00	9.2600	9.4631	4295
2026-08-25T10:43:00-04:00	9.2400	9.4625	4031
2026-08-25T10:44:00-04:00	9.2800	9.4607	13548
2026-08-25T10:45:00-04:00	9.2800	9.4606	949
2026-08-25T10:46:00-04:00	9.2900	9.4590	13688
2026-08-25T10:47:00-04:00	9.2510	9.4586	3254
2026-08-25T10:48:00-04:00	9.2300	9.3711	996449
2026-08-25T10:49:00-04:00	9.2400	9.3709	2941
2026-08-25T10:50:00-04:00	9.2350	9.3707	3559
2026-08-25T10:51:00-04:00	9.2450	9.3699	17453
2026-08-25T10:52:00-04:00	9.2450	9.3698	1832
2026-08-25T10:53:00-04:00	9.2500	9.3696	4125
2026-08-25T10:54:00-04:00	9.2400	9.3695	2131
2026-08-25T10:55:00-04:00	9.2311	9.3693	2525
2026-08-25T10:56:00-04:00	9.2300	9.3691	4497
2026-08-25T10:57:00-04:00	9.2300	9.3685	10026
2026-08-25T10:58:00-04:00	9.2200	9.3684	3036
2026-08-25T10:59:00-04:00	9.2098	9.3681	4107
2026-08-25T11:00:00-04:00	9.2500	9.3676	10642
2026-08-25T11:01:00-04:00	9.2550	9.3675	1589
2026-08-25T11:02:00-04:00	9.2200	9.3671	7294
2026-08-25T11:03:00-04:00	9.2200	9.3669	4455
2026-08-25T11:04:00-04:00	9.2250	9.3668	1852
2026-08-25T11:05:00-04:00	9.2300	9.3666	3899
2026-08-25T11:06:00-04:00	9.2500	9.3664	4533
2026-08-25T11:07:00-04:00	9.2550	9.3661	6913
2026-08-25T11:08:00-04:00	9.2800	9.3659	3653
2026-08-25T11:09:00-04:00	9.2800	9.3657	8154
2026-08-25T11:10:00-04:00	9.3400	9.3654	16095
2026-08-25T11:11:00-04:00	9.3400	9.3654	4024
2026-08-25T11:12:00-04:00	9.3000	9.3653	5163
2026-08-25T11:13:00-04:00	9.3600	9.3652	10690
2026-08-25T11:14:00-04:00	9.3150	9.3651	3308
2026-08-25T11:15:00-04:00	9.3150	9.3650	5576
2026-08-25T11:16:00-04:00	9.3212	9.3650	833
2026-08-25T11:17:00-04:00	9.3200	9.3650	2047
2026-08-25T11:18:00-04:00	9.3500	9.3650	1894
2026-08-25T11:19:00-04:00	9.3500	9.3650	1008
2026-08-25T11:20:00-04:00	9.2700	9.3647	8545
2026-08-25T11:21:00-04:00	9.2600	9.3645	4826
2026-08-25T11:22:00-04:00	9.2402	9.3643	4431
2026-08-25T11:23:00-04:00	9.2300	9.3642	2604
2026-08-25T11:24:00-04:00	9.2300	9.3639	5948
2026-08-25T11:25:00-04:00	9.2350	9.3638	1876
2026-08-25T11:26:00-04:00	9.1950	9.3630	13689
2026-08-25T11:27:00-04:00	9.2100	9.3627	6294
2026-08-25T11:28:00-04:00	9.2200	9.3626	1626
2026-08-25T11:29:00-04:00	9.2400	9.3624	3461
2026-08-25T11:30:00-04:00	9.2200	9.3623	2794
2026-08-25T11:31:00-04:00	9.2200	9.3621	3032
2026-08-25T11:32:00-04:00	9.2100	9.3619	4118
2026-08-25T11:33:00-04:00	9.2300	9.3615	7663
2026-08-25T11:34:00-04:00	9.2350	9.3615	377
2026-08-25T11:35:00-04:00	9.2650	9.3614	3017
2026-08-25T11:36:00-04:00	9.2400	9.3613	2771
2026-08-25T11:37:00-04:00	9.2350	9.3611	3399
2026-08-25T11:38:00-04:00	9.2350	9.3611	498
2026-08-25T11:39:00-04:00	9.2350	9.3610	1761
2026-08-25T11:40:00-04:00	9.2300	9.3610	1588
2026-08-25T11:41:00-04:00	9.2100	9.3608	2544
2026-08-25T11:42:00-04:00	9.2300	9.3608	1602
2026-08-25T11:43:00-04:00	9.2100	9.3605	4641
2026-08-25T11:44:00-04:00	9.2200	9.3603	4227
2026-08-25T11:45:00-04:00	9.2100	9.3602	1684
2026-08-25T11:46:00-04:00	9.1800	9.3599	5644
2026-08-25T11:47:00-04:00	9.1850	9.3594	7052
2026-08-25T11:48:00-04:00	9.1800	9.3592	3178
2026-08-25T11:49:00-04:00	9.1800	9.3589	6072
2026-08-25T11:50:00-04:00	9.1850	9.3585	6511
2026-08-25T11:51:00-04:00	9.1700	9.3577	12509
2026-08-25T11:52:00-04:00	9.1800	9.3576	665
2026-08-25T11:53:00-04:00	9.1800	9.3575	1889
2026-08-25T11:54:00-04:00	9.1852	9.3572	4746
2026-08-25T11:55:00-04:00	9.1800	9.3566	9935
2026-08-25T11:56:00-04:00	9.2000	9.3551	26116
2026-08-25T11:57:00-04:00	9.2050	9.3548	4431
2026-08-25T11:58:00-04:00	9.1900	9.3546	3584
2026-08-25T11:59:00-04:00	9.1950	9.3545	1713
2026-08-25T12:00:00-04:00	9.2100	9.3544	2411
2026-08-25T12:01:00-04:00	9.2100	9.3543	2648
2026-08-25T12:02:00-04:00	9.2120	9.3541	4081
2026-08-25T12:03:00-04:00	9.2000	9.3533	15352
2026-08-25T12:04:00-04:00	9.1850	9.3531	3312
2026-08-25T12:05:00-04:00	9.1502	9.3488	62387
2026-08-25T12:06:00-04:00	9.1500	9.3480	12299
2026-08-25T12:07:00-04:00	9.1700	9.3480	1024
2026-08-25T12:08:00-04:00	9.1800	9.3478	3013
2026-08-25T12:09:00-04:00	9.1900	9.3477	1059
2026-08-25T12:10:00-04:00	9.1700	9.3473	6937
2026-08-25T12:11:00-04:00	9.1850	9.3472	1938
2026-08-25T12:12:00-04:00	9.1800	9.3466	10164
2026-08-25T12:13:00-04:00	9.1800	9.3457	16024
2026-08-25T12:14:00-04:00	9.1900	9.3456	3320
2026-08-25T12:15:00-04:00	9.2000	9.3455	1040
2026-08-25T12:16:00-04:00	9.1900	9.3451	7833
2026-08-25T12:17:00-04:00	9.1900	9.3449	3727
2026-08-25T12:18:00-04:00	9.2000	9.3447	4355
2026-08-25T12:19:00-04:00	9.2000	9.3445	3530
2026-08-25T12:20:00-04:00	9.2000	9.3444	2870
2026-08-25T12:21:00-04:00	9.1950	9.3435	18170
2026-08-25T12:22:00-04:00	9.1950	9.3434	1601
2026-08-25T12:23:00-04:00	9.1950	9.3434	774
2026-08-25T12:24:00-04:00	9.1900	9.3433	2634
2026-08-25T12:25:00-04:00	9.2200	9.3429	8343
2026-08-25T12:26:00-04:00	9.2100	9.3423	14384
2026-08-25T12:27:00-04:00	9.2100	9.3422	3172
2026-08-25T12:28:00-04:00	9.2200	9.3420	3473
2026-08-25T12:29:00-04:00	9.2150	9.3418	7158
2026-08-25T12:31:00-04:00	9.2000	9.3417	2380
2026-08-25T12:32:00-04:00	9.2100	9.3415	3311
2026-08-25T12:33:00-04:00	9.2195	9.3415	1735
2026-08-25T12:34:00-04:00	9.2200	9.3411	8795
2026-08-25T12:35:00-04:00	9.2100	9.3410	2745
2026-08-25T12:36:00-04:00	9.2200	9.3409	2459
2026-08-25T12:37:00-04:00	9.2200	9.3409	1273
2026-08-25T12:38:00-04:00	9.1900	9.3404	10282
2026-08-25T12:39:00-04:00	9.1950	9.3402	4184
2026-08-25T12:40:00-04:00	9.1850	9.3400	5144
2026-08-25T12:41:00-04:00	9.2000	9.3398	3096
2026-08-25T12:42:00-04:00	9.2000	9.3398	1399
2026-08-25T12:43:00-04:00	9.2150	9.3397	1473
2026-08-25T12:44:00-04:00	9.2100	9.3396	2053
2026-08-25T12:45:00-04:00	9.2200	9.3396	1385
2026-08-25T12:46:00-04:00	9.2400	9.3391	14271
2026-08-25T12:47:00-04:00	9.2200	9.3391	1854
2026-08-25T12:48:00-04:00	9.2250	9.3389	3733
2026-08-25T12:49:00-04:00	9.2300	9.3388	3031
2026-08-25T12:50:00-04:00	9.2200	9.3387	2884
2026-08-25T12:51:00-04:00	9.2200	9.3386	3334
2026-08-25T12:52:00-04:00	9.2250	9.3384	3797
2026-08-25T12:53:00-04:00	9.2250	9.3382	5421
2026-08-25T12:54:00-04:00	9.1950	9.3378	10432
2026-08-25T12:55:00-04:00	9.2106	9.3377	2848
2026-08-25T12:56:00-04:00	9.2275	9.3376	2140
2026-08-25T12:57:00-04:00	9.2250	9.3376	262
2026-08-25T12:58:00-04:00	9.2100	9.3372	9800
2026-08-25T12:59:00-04:00	9.2100	9.3370	6474
2026-08-25T13:00:00-04:00	9.2050	9.3369	1493
2026-08-25T13:01:00-04:00	9.2050	9.3368	1999
2026-08-25T13:02:00-04:00	9.2000	9.3368	1553
2026-08-25T13:03:00-04:00	9.2000	9.3366	3882
2026-08-25T13:04:00-04:00	9.2000	9.3365	2773
2026-08-25T13:05:00-04:00	9.2100	9.3363	3844
2026-08-25T13:06:00-04:00	9.2300	9.3362	3728
2026-08-25T13:07:00-04:00	9.2400	9.3361	3644
2026-08-25T13:08:00-04:00	9.2550	9.3361	1161
2026-08-25T13:09:00-04:00	9.2705	9.3360	1768
2026-08-25T13:10:00-04:00	9.2600	9.3360	2270
2026-08-25T13:11:00-04:00	9.2800	9.3359	2234
2026-08-25T13:12:00-04:00	9.3000	9.3358	13067
2026-08-25T13:13:00-04:00	9.3150	9.3357	5037
2026-08-25T13:14:00-04:00	9.3225	9.3357	787
2026-08-25T13:15:00-04:00	9.2900	9.3357	5396
2026-08-25T13:16:00-04:00	9.3100	9.3357	2586
2026-08-25T13:17:00-04:00	9.3300	9.3356	1918
2026-08-25T13:18:00-04:00	9.3250	9.3356	3719
2026-08-25T13:19:00-04:00	9.3250	9.3356	1952
2026-08-25T13:20:00-04:00	9.3100	9.3356	3166
2026-08-25T13:21:00-04:00	9.3000	9.3355	6286
2026-08-25T13:22:00-04:00	9.3100	9.3355	748
2026-08-25T13:23:00-04:00	9.3010	9.3355	2225
2026-08-25T13:24:00-04:00	9.2867	9.3354	7765
2026-08-25T13:26:00-04:00	9.2800	9.3354	2972
2026-08-25T13:27:00-04:00	9.2750	9.3353	2454
2026-08-25T13:28:00-04:00	9.2800	9.3353	1384
2026-08-25T13:29:00-04:00	9.2800	9.3353	1151
2026-08-25T13:30:00-04:00	9.2600	9.3352	5663
2026-08-25T13:31:00-04:00	9.2650	9.3106	1788644
2026-08-25T13:32:00-04:00	9.2550	9.3106	2368
2026-08-25T13:33:00-04:00	9.2550	9.3106	1911
2026-08-25T13:34:00-04:00	9.2600	9.3106	4306
2026-08-25T13:35:00-04:00	9.2600	9.3105	1860
2026-08-25T13:36:00-04:00	9.2650	9.3105	4002
2026-08-25T13:37:00-04:00	9.2650	9.3105	468
2026-08-25T13:38:00-04:00	9.2700	9.3104	5266
2026-08-25T13:39:00-04:00	9.2800	9.3104	366
2026-08-25T13:40:00-04:00	9.2850	9.3104	2530
2026-08-25T13:41:00-04:00	9.2850	9.3104	20459
2026-08-25T13:42:00-04:00	9.2700	9.3104	2326
2026-08-25T13:43:00-04:00	9.2700	9.3103	4105
2026-08-25T13:44:00-04:00	9.2700	9.3103	3226
2026-08-25T13:45:00-04:00	9.2700	9.2988	1845146
2026-08-25T13:46:00-04:00	9.2700	9.2988	2093
2026-08-25T13:47:00-04:00	9.2900	9.2988	10974
2026-08-25T13:48:00-04:00	9.2900	9.2988	10800
2026-08-25T13:49:00-04:00	9.2800	9.2988	1609
2026-08-25T13:50:00-04:00	9.2600	9.2988	3823
2026-08-25T13:51:00-04:00	9.2800	9.2988	1427
2026-08-25T13:52:00-04:00	9.2750	9.2988	3203
2026-08-25T13:53:00-04:00	9.2750	9.2987	1245
2026-08-25T13:54:00-04:00	9.2750	9.2987	1192
2026-08-25T13:55:00-04:00	9.2600	9.2987	8762
2026-08-25T13:56:00-04:00	9.2700	9.2987	1268
2026-08-25T13:57:00-04:00	9.2800	9.2987	2407
2026-08-25T13:58:00-04:00	9.2850	9.2987	4153
2026-08-25T13:59:00-04:00	9.2800	9.2987	5943
2026-08-25T14:00:00-04:00	9.2800	9.2987	1715
2026-08-25T14:01:00-04:00	9.2700	9.2986	3767
2026-08-25T14:02:00-04:00	9.2700	9.2986	2925
2026-08-25T14:03:00-04:00	9.2700	9.2986	1783
2026-08-25T14:04:00-04:00	9.2600	9.2986	7449
2026-08-25T14:05:00-04:00	9.2800	9.2986	6284
2026-08-25T14:06:00-04:00	9.2600	9.2985	10070
2026-08-25T14:07:00-04:00	9.2550	9.2985	4391
2026-08-25T14:08:00-04:00	9.2550	9.2985	510
2026-08-25T14:09:00-04:00	9.2600	9.2985	3622
2026-08-25T14:10:00-04:00	9.2600	9.2984	7348
2026-08-25T14:11:00-04:00	9.2500	9.2984	3320
2026-08-25T14:12:00-04:00	9.2600	9.2984	3804
2026-08-25T14:13:00-04:00	9.2500	9.2984	934
2026-08-25T14:14:00-04:00	9.2600	9.2984	1339
2026-08-25T14:15:00-04:00	9.2700	9.2984	3395
2026-08-25T14:16:00-04:00	9.2600	9.2983	1996
2026-08-25T14:17:00-04:00	9.2600	9.2983	876
2026-08-25T14:18:00-04:00	9.2700	9.2983	7697
2026-08-25T14:19:00-04:00	9.2900	9.2983	851
2026-08-25T14:20:00-04:00	9.2800	9.2983	5844
2026-08-25T14:21:00-04:00	9.2800	9.2983	1035
2026-08-25T14:22:00-04:00	9.2750	9.2983	4389
2026-08-25T14:23:00-04:00	9.2800	9.2983	4816
2026-08-25T14:24:00-04:00	9.2800	9.2983	8482
2026-08-25T14:25:00-04:00	9.2692	9.2982	7805
2026-08-25T14:26:00-04:00	9.2150	9.2980	17613
2026-08-25T14:27:00-04:00	9.2150	9.2980	1023
2026-08-25T14:28:00-04:00	9.2150	9.2980	721
2026-08-25T14:29:00-04:00	9.2700	9.2978	40967
2026-08-25T14:30:00-04:00	9.2550	9.2978	3413
2026-08-25T14:31:00-04:00	9.2500	9.2977	1040
2026-08-25T14:32:00-04:00	9.2400	9.2977	632
2026-08-25T14:33:00-04:00	9.2400	9.2977	2010
2026-08-25T14:34:00-04:00	9.2450	9.2977	4213
2026-08-25T14:35:00-04:00	9.2500	9.2977	1796
2026-08-25T14:36:00-04:00	9.2400	9.2976	6506
2026-08-25T14:37:00-04:00	9.2400	9.2976	1138
2026-08-25T14:38:00-04:00	9.2300	9.2976	3461
2026-08-25T14:39:00-04:00	9.2300	9.2976	1998
2026-08-25T14:40:00-04:00	9.2300	9.2975	4118
2026-08-25T14:41:00-04:00	9.2250	9.2975	1932
2026-08-25T14:42:00-04:00	9.2200	9.2975	1811
2026-08-25T14:43:00-04:00	9.2500	9.2975	592
2026-08-25T14:44:00-04:00	9.2200	9.2975	3609
2026-08-25T14:45:00-04:00	9.2400	9.2974	3403
2026-08-25T14:46:00-04:00	9.2500	9.2974	3488
2026-08-25T14:47:00-04:00	9.2600	9.2974	5451
2026-08-25T14:48:00-04:00	9.2700	9.2973	13070
2026-08-25T14:49:00-04:00	9.2700	9.2973	4083
2026-08-25T14:50:00-04:00	9.2700	9.2973	2754
2026-08-25T14:51:00-04:00	9.2700	9.2973	1281
2026-08-25T14:52:00-04:00	9.2750	9.2973	5270
2026-08-25T14:53:00-04:00	9.2100	9.2972	8414
2026-08-25T14:54:00-04:00	9.2150	9.2972	2876
2026-08-25T14:55:00-04:00	9.2350	9.2971	4258
2026-08-25T14:56:00-04:00	9.2400	9.2971	2604
2026-08-25T14:57:00-04:00	9.2500	9.2971	4760
2026-08-25T14:58:00-04:00	9.2700	9.2971	3131
2026-08-25T14:59:00-04:00	9.2600	9.2970	3751
2026-08-25T15:00:00-04:00	9.2500	9.2970	3118
2026-08-25T15:01:00-04:00	9.2500	9.2970	4624
2026-08-25T15:02:00-04:00	9.2600	9.2970	581
2026-08-25T15:03:00-04:00	9.2300	9.2824	2189447
2026-08-25T15:04:00-04:00	9.2300	9.2824	1833
2026-08-25T15:05:00-04:00	9.2500	9.2824	3901
2026-08-25T15:06:00-04:00	9.2500	9.2823	5160
2026-08-25T15:07:00-04:00	9.2600	9.2823	2735
2026-08-25T15:08:00-04:00	9.2600	9.2823	1414
2026-08-25T15:09:00-04:00	9.2600	9.2823	3028
2026-08-25T15:10:00-04:00	9.2600	9.2823	5766
2026-08-25T15:11:00-04:00	9.2700	9.2823	5129
2026-08-25T15:12:00-04:00	9.2650	9.2823	2559
2026-08-25T15:13:00-04:00	9.2650	9.2823	1434
2026-08-25T15:14:00-04:00	9.2600	9.2823	4000
2026-08-25T15:15:00-04:00	9.2400	9.2823	5516
2026-08-25T15:16:00-04:00	9.2350	9.2822	5556
2026-08-25T15:17:00-04:00	9.2300	9.2822	4405
2026-08-25T15:18:00-04:00	9.2500	9.2822	5412
2026-08-25T15:19:00-04:00	9.2400	9.2822	2726
2026-08-25T15:20:00-04:00	9.2300	9.2822	3144
2026-08-25T15:21:00-04:00	9.2300	9.2821	6923
2026-08-25T15:22:00-04:00	9.2300	9.2821	4856
2026-08-25T15:23:00-04:00	9.2500	9.2821	1748
2026-08-25T15:24:00-04:00	9.2700	9.2821	2917
2026-08-25T15:25:00-04:00	9.2600	9.2782	2272300
2026-08-25T15:26:00-04:00	9.2700	9.2782	3502
2026-08-25T15:27:00-04:00	9.2500	9.2782	3184
2026-08-25T15:28:00-04:00	9.2600	9.2782	6018
2026-08-25T15:29:00-04:00	9.2700	9.2782	3142
2026-08-25T15:30:00-04:00	9.2700	9.2782	5672
2026-08-25T15:31:00-04:00	9.2700	9.2782	10451
2026-08-25T15:32:00-04:00	9.2700	9.2782	4313
2026-08-25T15:33:00-04:00	9.2800	9.2782	7212
2026-08-25T15:34:00-04:00	9.2950	9.2782	6010
2026-08-25T15:35:00-04:00	9.3200	9.2782	17060
2026-08-25T15:36:00-04:00	9.3300	9.2782	2656
2026-08-25T15:37:00-04:00	9.3150	9.2782	4972
2026-08-25T15:38:00-04:00	9.2950	9.2783	9774
2026-08-25T15:39:00-04:00	9.2800	9.2783	7085
2026-08-25T15:40:00-04:00	9.3000	9.2783	11981
2026-08-25T15:41:00-04:00	9.3100	9.2783	3693
2026-08-25T15:42:00-04:00	9.3250	9.2783	15643
2026-08-25T15:43:00-04:00	9.3300	9.2783	3697
2026-08-25T15:44:00-04:00	9.3300	9.2784	1804
2026-08-25T15:45:00-04:00	9.3200	9.2784	15001
2026-08-25T15:46:00-04:00	9.3250	9.2784	8530
2026-08-25T15:47:00-04:00	9.3250	9.2785	6374
2026-08-25T15:48:00-04:00	9.3250	9.2785	9558
2026-08-25T15:49:00-04:00	9.3200	9.2785	5972
2026-08-25T15:50:00-04:00	9.3200	9.2786	17027
2026-08-25T15:51:00-04:00	9.3050	9.2786	14317
2026-08-25T15:52:00-04:00	9.3300	9.2787	21692
2026-08-25T15:53:00-04:00	9.3550	9.2788	13836
2026-08-25T15:54:00-04:00	9.3700	9.2789	25044
2026-08-25T15:55:00-04:00	9.3450	9.2791	28251
2026-08-25T15:56:00-04:00	9.3200	9.2793	40006
2026-08-25T15:57:00-04:00	9.3450	9.2794	41250
2026-08-25T15:58:00-04:00	9.3500	9.2796	32553
2026-08-25T15:59:00-04:00	9.3100	9.2799	80553
