timestamp_et	close	running_vwap	volume
2026-08-07T09:30:00-04:00	10.8100	10.9200	103200
2026-08-07T09:31:00-04:00	10.7900	10.8857	36969
2026-08-07T09:32:00-04:00	10.8500	10.8836	15128
2026-08-07T09:33:00-04:00	10.8400	10.8750	24095
2026-08-07T09:34:00-04:00	10.9700	10.8780	11052
2026-08-07T09:35:00-04:00	10.8520	10.8824	15798
2026-08-07T09:36:00-04:00	10.8020	10.8786	12782
2026-08-07T09:37:00-04:00	10.7900	10.8765	6032
2026-08-07T09:38:00-04:00	10.9750	10.8860	49918
2026-08-07T09:39:00-04:00	11.0150	10.8908	10991
2026-08-07T09:40:00-04:00	10.9900	10.8968	14856
2026-08-07T09:41:00-04:00	11.0050	10.8999	9226
2026-08-07T09:42:00-04:00	10.9400	10.9021	20989
2026-08-07T09:43:00-04:00	10.9500	10.9045	20947
2026-08-07T09:44:00-04:00	10.9570	10.9053	5593
2026-08-07T09:45:00-04:00	10.8100	10.9004	30311
2026-08-07T09:46:00-04:00	10.7150	10.8877	31558
2026-08-07T09:47:00-04:00	10.7700	10.8821	18048
2026-08-07T09:48:00-04:00	10.6974	10.8765	16538
2026-08-07T09:49:00-04:00	10.6900	10.8650	27013
2026-08-07T09:50:00-04:00	10.7700	10.8604	19775
2026-08-07T09:51:00-04:00	10.7650	10.8590	7618
2026-08-07T09:52:00-04:00	10.7500	10.8555	19531
2026-08-07T09:53:00-04:00	10.7600	10.8516	19573
2026-08-07T09:54:00-04:00	10.7400	10.8472	20166
2026-08-07T09:55:00-04:00	10.7050	10.8448	10887
2026-08-07T09:56:00-04:00	10.6500	10.8399	17370
2026-08-07T09:57:00-04:00	10.7700	10.8351	33747
2026-08-07T09:58:00-04:00	10.6900	10.8335	8530
2026-08-07T09:59:00-04:00	10.6800	10.8323	5053
2026-08-07T10:00:00-04:00	10.6450	10.8295	10132
2026-08-07T10:01:00-04:00	10.5500	10.8229	17352
2026-08-07T10:02:00-04:00	10.6000	10.8182	12837
2026-08-07T10:03:00-04:00	10.6199	10.8150	10671
2026-08-07T10:04:00-04:00	10.5300	10.8090	15344
2026-08-07T10:05:00-04:00	10.5850	10.8021	20941
2026-08-07T10:06:00-04:00	10.5850	10.7994	9521
2026-08-07T10:07:00-04:00	10.6201	10.7969	9993
2026-08-07T10:08:00-04:00	10.6350	10.7939	14851
2026-08-07T10:09:00-04:00	10.5708	10.7924	5481
2026-08-07T10:10:00-04:00	10.5950	10.7906	6512
2026-08-07T10:11:00-04:00	10.5942	10.7886	8443
2026-08-07T10:12:00-04:00	10.5800	10.7842	15326
2026-08-07T10:13:00-04:00	10.5749	10.7840	977
2026-08-07T10:14:00-04:00	10.5450	10.7823	5545
2026-08-07T10:15:00-04:00	10.6000	10.7808	6106
2026-08-07T10:16:00-04:00	10.6000	10.7805	1112
2026-08-07T10:17:00-04:00	10.6200	10.7782	10473
2026-08-07T10:18:00-04:00	10.6391	10.7725	29435
2026-08-07T10:19:00-04:00	10.6900	10.7713	10036
2026-08-07T10:20:00-04:00	10.6500	10.7707	4652
2026-08-07T10:21:00-04:00	10.6200	10.7706	823
2026-08-07T10:22:00-04:00	10.5500	10.7694	4966
2026-08-07T10:23:00-04:00	10.6150	10.7668	13375
2026-08-07T10:24:00-04:00	10.6000	10.7660	4506
2026-08-07T10:25:00-04:00	10.6400	10.7631	19023
2026-08-07T10:26:00-04:00	10.6450	10.7621	7435
2026-08-07T10:27:00-04:00	10.6712	10.7595	25061
2026-08-07T10:28:00-04:00	10.6778	10.7585	10953
2026-08-07T10:29:00-04:00	10.6800	10.7575	11510
2026-08-07T10:30:00-04:00	10.6600	10.7561	12267
2026-08-07T10:31:00-04:00	10.6250	10.7554	6188
2026-08-07T10:32:00-04:00	10.5650	10.7534	11099
2026-08-07T10:33:00-04:00	10.5900	10.7516	10554
2026-08-07T10:34:00-04:00	10.6300	10.7503	10004
2026-08-07T10:35:00-04:00	10.5950	10.7492	8089
2026-08-07T10:36:00-04:00	10.6141	10.7479	8843
2026-08-07T10:37:00-04:00	10.6100	10.7456	17032
2026-08-07T10:38:00-04:00	10.6400	10.7450	5812
2026-08-07T10:39:00-04:00	10.7700	10.7441	55284
2026-08-07T10:40:00-04:00	10.7750	10.7457	48084
2026-08-07T10:41:00-04:00	10.7750	10.7461	20750
2026-08-07T10:42:00-04:00	10.7500	10.7462	11603
2026-08-07T10:43:00-04:00	10.7000	10.7461	3204
2026-08-07T10:44:00-04:00	10.7700	10.7461	6146
2026-08-07T10:45:00-04:00	10.8000	10.7467	23268
2026-08-07T10:46:00-04:00	10.8550	10.7475	10371
2026-08-07T10:47:00-04:00	10.8167	10.7478	5032
2026-08-07T10:48:00-04:00	10.8450	10.7483	6522
2026-08-07T10:49:00-04:00	10.8600	10.7490	8674
2026-08-07T10:50:00-04:00	10.8800	10.7502	11443
2026-08-07T10:51:00-04:00	10.9300	10.7518	12005
2026-08-07T10:52:00-04:00	11.0200	10.7533	8414
2026-08-07T10:53:00-04:00	11.1300	10.7739	76490
2026-08-07T10:54:00-04:00	11.3600	10.7912	46361
2026-08-07T10:55:00-04:00	11.3650	10.7993	20313
2026-08-07T10:56:00-04:00	11.3750	10.8132	35332
2026-08-07T10:57:00-04:00	11.3800	10.8170	9861
2026-08-07T10:58:00-04:00	11.2662	10.8228	18389
2026-08-07T10:59:00-04:00	11.2350	10.8279	18198
2026-08-07T11:00:00-04:00	11.3100	10.8305	8573
2026-08-07T11:01:00-04:00	11.2750	10.8418	39219
2026-08-07T11:02:00-04:00	11.3700	10.8444	8102
2026-08-07T11:03:00-04:00	11.4000	10.8480	10609
2026-08-07T11:04:00-04:00	11.4100	10.8504	6658
2026-08-07T11:05:00-04:00	11.5500	10.8578	18206
2026-08-07T11:06:00-04:00	11.4800	10.8695	29468
2026-08-07T11:07:00-04:00	11.5300	10.8757	15582
2026-08-07T11:08:00-04:00	11.5900	10.8798	10003
2026-08-07T11:09:00-04:00	11.6750	10.8917	25791
2026-08-07T11:10:00-04:00	11.5400	10.9076	38995
2026-08-07T11:11:00-04:00	11.4400	10.9149	22871
2026-08-07T11:12:00-04:00	11.5327	10.9226	22190
2026-08-07T11:13:00-04:00	11.5850	10.9254	7686
2026-08-07T11:14:00-04:00	11.5750	10.9311	15583
2026-08-07T11:15:00-04:00	11.5300	10.9330	5490
2026-08-07T11:16:00-04:00	11.5200	10.9362	9449
2026-08-07T11:17:00-04:00	11.5000	10.9373	3501
2026-08-07T11:18:00-04:00	11.6100	10.9430	16062
2026-08-07T11:19:00-04:00	11.6500	10.9486	14735
2026-08-07T11:20:00-04:00	11.6700	10.9499	3345
2026-08-07T11:21:00-04:00	11.6900	10.9536	9427
2026-08-07T11:22:00-04:00	11.6950	10.9547	2752
2026-08-07T11:23:00-04:00	11.6600	10.9569	5725
2026-08-07T11:24:00-04:00	11.7000	10.9588	4849
2026-08-07T11:25:00-04:00	11.7800	10.9641	12426
2026-08-07T11:26:00-04:00	11.7100	10.9676	8625
2026-08-07T11:27:00-04:00	11.6600	10.9682	1820
2026-08-07T11:28:00-04:00	11.7200	10.9777	24731
2026-08-07T11:29:00-04:00	11.6550	10.9816	10714
2026-08-07T11:30:00-04:00	11.6000	10.9843	8455
2026-08-07T11:31:00-04:00	11.5900	10.9877	10669
2026-08-07T11:32:00-04:00	11.6150	10.9888	3600
2026-08-07T11:33:00-04:00	11.6000	10.9930	13215
2026-08-07T11:34:00-04:00	11.6300	10.9976	14501
2026-08-07T11:35:00-04:00	11.6000	11.0016	12962
2026-08-07T11:36:00-04:00	11.5700	11.0025	2965
2026-08-07T11:37:00-04:00	11.5640	11.0052	9522
2026-08-07T11:38:00-04:00	11.5900	11.0143	31577
2026-08-07T11:39:00-04:00	11.5200	11.0162	7133
2026-08-07T11:40:00-04:00	11.6000	11.0213	18923
2026-08-07T11:41:00-04:00	11.5600	11.0223	3699
2026-08-07T11:42:00-04:00	11.5272	11.0239	6554
2026-08-07T11:43:00-04:00	11.5650	11.0288	19174
2026-08-07T11:44:00-04:00	11.6050	11.0369	29760
2026-08-07T11:45:00-04:00	11.6250	11.0408	14560
2026-08-07T11:46:00-04:00	11.5936	11.0428	7630
2026-08-07T11:47:00-04:00	11.5650	11.0439	4629
2026-08-07T11:48:00-04:00	11.5900	11.0470	12019
2026-08-07T11:49:00-04:00	11.5900	11.0497	10562
2026-08-07T11:50:00-04:00	11.5700	11.0501	1922
2026-08-07T11:51:00-04:00	11.5800	11.0523	8487
2026-08-07T11:52:00-04:00	11.5700	11.0551	12103
2026-08-07T11:53:00-04:00	11.5350	11.0557	2698
2026-08-07T11:54:00-04:00	11.4600	11.0587	16305
2026-08-07T11:55:00-04:00	11.4400	11.0591	1718
2026-08-07T11:56:00-04:00	11.4600	11.0608	9335
2026-08-07T11:57:00-04:00	11.4578	11.0610	1074
2026-08-07T11:58:00-04:00	11.4200	11.0645	21462
2026-08-07T11:59:00-04:00	11.5000	11.0667	11715
2026-08-07T12:00:00-04:00	11.4850	11.0671	2102
2026-08-07T12:01:00-04:00	11.4500	11.0686	9111
2026-08-07T12:02:00-04:00	11.4700	11.0699	7356
2026-08-07T12:03:00-04:00	11.4500	11.0706	4008
2026-08-07T12:04:00-04:00	11.4500	11.0714	5047
2026-08-07T12:05:00-04:00	11.5000	11.0738	13416
2026-08-07T12:06:00-04:00	11.5050	11.0745	3879
2026-08-07T12:07:00-04:00	11.5000	11.0752	3972
2026-08-07T12:08:00-04:00	11.4500	11.0766	7700
2026-08-07T12:09:00-04:00	11.4750	11.0773	4106
2026-08-07T12:10:00-04:00	11.5150	11.0778	2853
2026-08-07T12:11:00-04:00	11.5150	11.0784	3309
2026-08-07T12:12:00-04:00	11.4850	11.0796	6808
2026-08-07T12:13:00-04:00	11.5150	11.0812	8702
2026-08-07T12:14:00-04:00	11.5150	11.0812	316
2026-08-07T12:15:00-04:00	11.5050	11.0816	2142
2026-08-07T12:16:00-04:00	11.5200	11.0832	8760
2026-08-07T12:17:00-04:00	11.4950	11.0839	3756
2026-08-07T12:18:00-04:00	11.5750	11.0871	16229
2026-08-07T12:19:00-04:00	11.5200	11.0882	6169
2026-08-07T12:20:00-04:00	11.5300	11.0883	598
2026-08-07T12:21:00-04:00	11.4600	11.0894	6254
2026-08-07T12:22:00-04:00	11.4200	11.0904	7311
2026-08-07T12:23:00-04:00	11.4100	11.0907	1625
2026-08-07T12:24:00-04:00	11.3200	11.0914	6907
2026-08-07T12:25:00-04:00	11.3600	11.0922	7949
2026-08-07T12:26:00-04:00	11.3450	11.0924	1668
2026-08-07T12:27:00-04:00	11.3850	11.0944	17333
2026-08-07T12:28:00-04:00	11.4000	11.0965	17426
2026-08-07T12:29:00-04:00	11.4150	11.0968	2631
2026-08-07T12:30:00-04:00	11.3900	11.0969	791
2026-08-07T12:31:00-04:00	11.3900	11.0988	15586
2026-08-07T12:32:00-04:00	11.3800	11.0995	6270
2026-08-07T12:33:00-04:00	11.3700	11.0998	2120
2026-08-07T12:34:00-04:00	11.3700	11.1000	1947
2026-08-07T12:35:00-04:00	11.3700	11.1003	2774
2026-08-07T12:36:00-04:00	11.3700	11.1006	2773
2026-08-07T12:37:00-04:00	11.3200	11.1010	3534
2026-08-07T12:38:00-04:00	11.3000	11.1011	2176
2026-08-07T12:39:00-04:00	11.3200	11.1014	2184
2026-08-07T12:40:00-04:00	11.3550	11.1016	2673
2026-08-07T12:41:00-04:00	11.3300	11.1021	5273
2026-08-07T12:42:00-04:00	11.2550	11.1028	8382
2026-08-07T12:43:00-04:00	11.3041	11.1033	7944
2026-08-07T12:44:00-04:00	11.3100	11.1038	5577
2026-08-07T12:45:00-04:00	11.3200	11.1040	2823
2026-08-07T12:46:00-04:00	11.3850	11.1063	22287
2026-08-07T12:47:00-04:00	11.3700	11.1065	2272
2026-08-07T12:48:00-04:00	11.3600	11.1077	11053
2026-08-07T12:49:00-04:00	11.3437	11.1081	4106
2026-08-07T12:50:00-04:00	11.4400	11.1105	20480
2026-08-07T12:51:00-04:00	11.4100	11.1109	3272
2026-08-07T12:52:00-04:00	11.4000	11.1110	687
2026-08-07T12:53:00-04:00	11.3700	11.1111	1130
2026-08-07T12:54:00-04:00	11.3700	11.1117	6192
2026-08-07T12:55:00-04:00	11.3700	11.1125	7981
2026-08-07T12:56:00-04:00	11.3800	11.1127	1828
2026-08-07T12:57:00-04:00	11.3500	11.1129	2242
2026-08-07T12:58:00-04:00	11.3300	11.1132	4034
2026-08-07T12:59:00-04:00	11.3850	11.1149	16904
2026-08-07T13:00:00-04:00	11.3800	11.1150	985
2026-08-07T13:01:00-04:00	11.3600	11.1155	5477
2026-08-07T13:02:00-04:00	11.3500	11.1159	4005
2026-08-07T13:03:00-04:00	11.3600	11.1163	4712
2026-08-07T13:04:00-04:00	11.3400	11.1172	9489
2026-08-07T13:05:00-04:00	11.3600	11.1174	2428
2026-08-07T13:06:00-04:00	11.4050	11.1191	16424
2026-08-07T13:07:00-04:00	11.4350	11.1206	12223
2026-08-07T13:08:00-04:00	11.4700	11.1210	3062
2026-08-07T13:09:00-04:00	11.4000	11.1215	5162
2026-08-07T13:10:00-04:00	11.4000	11.1220	4601
2026-08-07T13:11:00-04:00	11.4250	11.1222	1455
2026-08-07T13:12:00-04:00	11.4250	11.1225	2654
2026-08-07T13:13:00-04:00	11.3800	11.1229	4232
2026-08-07T13:14:00-04:00	11.3200	11.1232	2882
2026-08-07T13:15:00-04:00	11.3300	11.1233	2017
2026-08-07T13:16:00-04:00	11.3200	11.1235	1790
2026-08-07T13:17:00-04:00	11.3200	11.1240	6544
2026-08-07T13:18:00-04:00	11.3800	11.1247	8497
2026-08-07T13:19:00-04:00	11.4100	11.1255	7592
2026-08-07T13:20:00-04:00	11.4500	11.1260	3978
2026-08-07T13:21:00-04:00	11.4100	11.1262	2160
2026-08-07T13:22:00-04:00	11.3700	11.1266	4659
2026-08-07T13:23:00-04:00	11.3700	11.1269	2461
2026-08-07T13:24:00-04:00	11.3900	11.1273	4595
2026-08-07T13:25:00-04:00	11.3600	11.1275	2450
2026-08-07T13:26:00-04:00	11.3900	11.1285	10887
2026-08-07T13:27:00-04:00	11.3850	11.1285	334
2026-08-07T13:28:00-04:00	11.3500	11.1287	1449
2026-08-07T13:29:00-04:00	11.3150	11.1292	6932
2026-08-07T13:30:00-04:00	11.3362	11.1300	11957
2026-08-07T13:31:00-04:00	11.3300	11.1305	7128
2026-08-07T13:32:00-04:00	11.3400	11.1313	9951
2026-08-07T13:33:00-04:00	11.3300	11.1313	586
2026-08-07T13:34:00-04:00	11.3200	11.1315	2227
2026-08-07T13:35:00-04:00	11.3000	11.1317	3405
2026-08-07T13:36:00-04:00	11.3300	11.1327	18528
2026-08-07T13:37:00-04:00	11.3200	11.1328	1121
2026-08-07T13:38:00-04:00	11.3150	11.1329	846
2026-08-07T13:39:00-04:00	11.2900	11.1330	1655
2026-08-07T13:40:00-04:00	11.3100	11.1331	1890
2026-08-07T13:41:00-04:00	11.2900	11.1332	2435
2026-08-07T13:42:00-04:00	11.3100	11.1337	8049
2026-08-07T13:43:00-04:00	11.3150	11.1337	403
2026-08-07T13:44:00-04:00	11.2600	11.1340	5515
2026-08-07T13:45:00-04:00	11.3600	11.1346	8818
2026-08-07T13:46:00-04:00	11.3900	11.1347	1014
2026-08-07T13:47:00-04:00	11.3200	11.1348	2021
2026-08-07T13:48:00-04:00	11.3400	11.1350	2623
2026-08-07T13:49:00-04:00	11.3650	11.1352	1885
2026-08-07T13:50:00-04:00	11.3450	11.1353	2154
2026-08-07T13:51:00-04:00	11.3200	11.1355	2535
2026-08-07T13:52:00-04:00	11.3500	11.1361	8633
2026-08-07T13:53:00-04:00	11.3500	11.1362	1088
2026-08-07T13:54:00-04:00	11.3300	11.1362	1128
2026-08-07T13:55:00-04:00	11.3500	11.1363	164
2026-08-07T13:56:00-04:00	11.3150	11.1364	1735
2026-08-07T13:57:00-04:00	11.3400	11.1368	6736
2026-08-07T13:58:00-04:00	11.3500	11.1369	571
2026-08-07T13:59:00-04:00	11.3000	11.1370	2943
2026-08-07T14:00:00-04:00	11.3150	11.1373	3639
2026-08-07T14:01:00-04:00	11.2800	11.1373	1069
2026-08-07T14:02:00-04:00	11.3600	11.1374	1538
2026-08-07T14:03:00-04:00	11.3200	11.1374	137
2026-08-07T14:04:00-04:00	11.3250	11.1375	1126
2026-08-07T14:05:00-04:00	11.3200	11.1376	1187
2026-08-07T14:06:00-04:00	11.3200	11.1376	473
2026-08-07T14:07:00-04:00	11.2724	11.1379	5966
2026-08-07T14:08:00-04:00	11.2700	11.1379	1108
2026-08-07T14:09:00-04:00	11.2700	11.1379	226
2026-08-07T14:10:00-04:00	11.2700	11.1380	582
2026-08-07T14:11:00-04:00	11.3100	11.1380	831
2026-08-07T14:12:00-04:00	11.2800	11.1380	404
2026-08-07T14:13:00-04:00	11.2650	11.1382	3684
2026-08-07T14:14:00-04:00	11.2750	11.1383	1369
2026-08-07T14:15:00-04:00	11.2500	11.1384	2440
2026-08-07T14:16:00-04:00	11.2500	11.1384	711
2026-08-07T14:17:00-04:00	11.2500	11.1387	8231
2026-08-07T14:18:00-04:00	11.2400	11.1387	604
2026-08-07T14:19:00-04:00	11.2550	11.1388	1484
2026-08-07T14:20:00-04:00	11.2350	11.1390	6181
2026-08-07T14:21:00-04:00	11.1900	11.1391	3820
2026-08-07T14:22:00-04:00	11.1910	11.1393	9633
2026-08-07T14:23:00-04:00	11.2050	11.1393	1228
2026-08-07T14:24:00-04:00	11.1850	11.1393	1531
2026-08-07T14:25:00-04:00	11.1800	11.1395	10675
2026-08-07T14:26:00-04:00	11.1400	11.1395	2018
2026-08-07T14:27:00-04:00	11.1550	11.1395	3815
2026-08-07T14:28:00-04:00	11.1600	11.1395	3785
2026-08-07T14:29:00-04:00	11.2000	11.1398	14547
2026-08-07T14:30:00-04:00	11.2100	11.1398	827
2026-08-07T14:31:00-04:00	11.2150	11.1749	2981939
2026-08-07T14:32:00-04:00	11.1800	11.1749	1988
2026-08-07T14:33:00-04:00	11.1800	11.1749	2637
2026-08-07T14:34:00-04:00	11.1900	11.1749	4744
2026-08-07T14:35:00-04:00	11.1900	11.1750	4920
2026-08-07T14:36:00-04:00	11.2100	11.1750	3304
2026-08-07T14:37:00-04:00	11.2250	11.1750	1028
2026-08-07T14:38:00-04:00	11.2250	11.1750	841
2026-08-07T14:39:00-04:00	11.2200	11.1750	3699
2026-08-07T14:40:00-04:00	11.2200	11.1750	3078
2026-08-07T14:41:00-04:00	11.2550	11.1752	8960
2026-08-07T14:42:00-04:00	11.2550	11.1752	371
2026-08-07T14:43:00-04:00	11.2550	11.1752	297
2026-08-07T14:44:00-04:00	11.2250	11.1752	7477
2026-08-07T14:45:00-04:00	11.2200	11.1753	2686
2026-08-07T14:46:00-04:00	11.1550	11.1753	10045
2026-08-07T14:47:00-04:00	11.1400	11.1752	6446
2026-08-07T14:48:00-04:00	11.1350	11.1752	2582
2026-08-07T14:49:00-04:00	11.1250	11.1752	6243
2026-08-07T14:50:00-04:00	11.1400	11.1751	5035
2026-08-07T14:51:00-04:00	11.1400	11.1751	752
2026-08-07T14:52:00-04:00	11.1400	11.1751	782
2026-08-07T14:53:00-04:00	11.1250	11.1751	3453
2026-08-07T14:54:00-04:00	11.1100	11.1750	8180
2026-08-07T14:55:00-04:00	11.1100	11.1750	2271
2026-08-07T14:56:00-04:00	11.0950	11.1750	1938
2026-08-07T14:57:00-04:00	11.1200	11.1749	10196
2026-08-07T14:58:00-04:00	11.1200	11.1749	586
2026-08-07T14:59:00-04:00	11.1150	11.1748	8361
2026-08-07T15:00:00-04:00	11.1300	11.1747	15544
2026-08-07T15:01:00-04:00	11.1350	11.1746	15323
2026-08-07T15:02:00-04:00	11.1300	11.1746	2004
2026-08-07T15:03:00-04:00	11.1350	11.1745	6045
2026-08-07T15:04:00-04:00	11.1300	11.1745	2491
2026-08-07T15:05:00-04:00	11.1350	11.1744	8425
2026-08-07T15:06:00-04:00	11.1600	11.1744	14265
2026-08-07T15:08:00-04:00	11.1400	11.1744	5629
2026-08-07T15:09:00-04:00	11.1350	11.1743	3022
2026-08-07T15:10:00-04:00	11.1450	11.1743	3707
2026-08-07T15:11:00-04:00	11.1450	11.1743	4072
2026-08-07T15:12:00-04:00	11.1450	11.1743	946
2026-08-07T15:13:00-04:00	11.1600	11.1743	8460
2026-08-07T15:14:00-04:00	11.1600	11.1743	1284
2026-08-07T15:15:00-04:00	11.1600	11.1743	1608
2026-08-07T15:16:00-04:00	11.1600	11.1743	1424
2026-08-07T15:17:00-04:00	11.1500	11.1742	9340
2026-08-07T15:18:00-04:00	11.1400	11.1742	7133
2026-08-07T15:19:00-04:00	11.1550	11.1742	3573
2026-08-07T15:20:00-04:00	11.1700	11.1742	2572
2026-08-07T15:21:00-04:00	11.1600	11.1742	8465
2026-08-07T15:22:00-04:00	11.1700	11.1741	7640
2026-08-07T15:23:00-04:00	11.1800	11.1741	1044
2026-08-07T15:24:00-04:00	11.1500	11.1741	2401
2026-08-07T15:25:00-04:00	11.1400	11.1741	2153
2026-08-07T15:26:00-04:00	11.1550	11.1741	3461
2026-08-07T15:27:00-04:00	11.1300	11.1741	7625
2026-08-07T15:28:00-04:00	11.1400	11.1740	7284
2026-08-07T15:29:00-04:00	11.1200	11.1740	4029
2026-08-07T15:30:00-04:00	11.1100	11.1739	6317
2026-08-07T15:31:00-04:00	11.0800	11.1737	13190
2026-08-07T15:32:00-04:00	11.0900	11.1737	4622
2026-08-07T15:33:00-04:00	11.0850	11.1736	1910
2026-08-07T15:34:00-04:00	11.0950	11.1735	13398
2026-08-07T15:35:00-04:00	11.1300	11.1734	10573
2026-08-07T15:36:00-04:00	11.1300	11.1734	2925
2026-08-07T15:37:00-04:00	11.1500	11.1733	2734
2026-08-07T15:38:00-04:00	11.1650	11.1733	10841
2026-08-07T15:39:00-04:00	11.1550	11.1733	3439
2026-08-07T15:40:00-04:00	11.1200	11.1733	5661
2026-08-07T15:41:00-04:00	11.1250	11.1732	5278
2026-08-07T15:42:00-04:00	11.1500	11.1732	3693
2026-08-07T15:43:00-04:00	11.1400	11.1732	4102
2026-08-07T15:44:00-04:00	11.0900	11.1731	9117
2026-08-07T15:45:00-04:00	11.0600	11.1725	38670
2026-08-07T15:46:00-04:00	11.0650	11.1722	14507
2026-08-07T15:47:00-04:00	11.0600	11.1721	7005
2026-08-07T15:48:00-04:00	11.0890	11.1719	17412
2026-08-07T15:49:00-04:00	11.0850	11.1717	8002
2026-08-07T15:50:00-04:00	11.1800	11.1717	20655
2026-08-07T15:51:00-04:00	11.2750	11.1720	26283
2026-08-07T15:52:00-04:00	11.2700	11.1722	20146
2026-08-07T15:53:00-04:00	11.2900	11.1723	5991
2026-08-07T15:54:00-04:00	11.3200	11.1727	15507
2026-08-07T15:55:00-04:00	11.3650	11.1736	31968
2026-08-07T15:56:00-04:00	11.4350	11.1747	32043
2026-08-07T15:57:00-04:00	11.5000	11.1759	24389
2026-08-07T15:58:00-04:00	11.4000	11.1782	59914
2026-08-07T15:59:00-04:00	11.4000	11.1805	65558
2026-08-10T09:30:00-04:00	11.6732	11.5294	60885
2026-08-10T09:31:00-04:00	11.9300	11.6490	34669
2026-08-10T09:32:00-04:00	11.8900	11.6625	6130
2026-08-10T09:33:00-04:00	11.8000	11.6954	30876
2026-08-10T09:34:00-04:00	11.7050	11.6980	6311
2026-08-10T09:35:00-04:00	11.7200	11.6995	5954
2026-08-10T09:36:00-04:00	11.6850	11.6989	8327
2026-08-10T09:37:00-04:00	11.5525	11.6878	15735
2026-08-10T09:38:00-04:00	11.3900	11.6816	4099
2026-08-10T09:39:00-04:00	11.2700	11.6722	4811
2026-08-10T09:40:00-04:00	11.1300	11.6570	6911
2026-08-10T09:41:00-04:00	11.0400	11.6242	11552
2026-08-10T09:42:00-04:00	11.1400	11.6083	6138
2026-08-10T09:43:00-04:00	11.1050	11.5938	5837
2026-08-10T09:44:00-04:00	11.1725	11.5873	2961
2026-08-10T09:45:00-04:00	10.9700	11.5519	14004
2026-08-10T09:46:00-04:00	10.9200	11.5266	9550
2026-08-10T09:47:00-04:00	10.8450	11.4773	18302
2026-08-10T09:48:00-04:00	10.7900	11.4252	21088
2026-08-10T09:49:00-04:00	10.8850	11.3996	13080
2026-08-10T09:50:00-04:00	10.8850	11.3784	12110
2026-08-10T09:51:00-04:00	10.8900	11.3750	2060
2026-08-10T09:52:00-04:00	10.7900	11.3668	4577
2026-08-10T09:53:00-04:00	10.8900	11.3539	7838
2026-08-10T09:54:00-04:00	10.9650	11.3441	7446
2026-08-10T09:55:00-04:00	10.9300	11.3350	7199
2026-08-10T09:56:00-04:00	10.9050	11.3316	2643
2026-08-10T09:57:00-04:00	10.8700	11.3230	6611
2026-08-10T09:58:00-04:00	10.8500	11.3177	3708
2026-08-10T09:59:00-04:00	10.7800	11.3023	10784
2026-08-10T10:00:00-04:00	10.8700	11.2920	8085
2026-08-10T10:01:00-04:00	10.7900	11.2836	6377
2026-08-10T10:02:00-04:00	10.7850	11.2752	6280
2026-08-10T10:03:00-04:00	10.7400	11.2522	17059
2026-08-10T10:04:00-04:00	10.7200	11.2469	4041
2026-08-10T10:05:00-04:00	10.8400	11.2348	11121
2026-08-10T10:06:00-04:00	10.8100	11.2291	5743
2026-08-10T10:07:00-04:00	10.8050	11.2287	456
2026-08-10T10:08:00-04:00	10.7550	11.2256	2701
2026-08-10T10:09:00-04:00	10.7200	11.2022	19448
2026-08-10T10:10:00-04:00	10.7400	11.1672	38223
2026-08-10T10:11:00-04:00	10.6600	11.1616	5567
2026-08-10T10:12:00-04:00	10.7000	11.1343	30031
2026-08-10T10:13:00-04:00	10.6600	11.1271	7912
2026-08-10T10:14:00-04:00	10.6500	11.1230	4347
2026-08-10T10:15:00-04:00	10.6999	11.1151	9560
2026-08-10T10:16:00-04:00	10.6643	11.1119	3704
2026-08-10T10:17:00-04:00	10.6600	11.1067	6103
2026-08-10T10:18:00-04:00	10.6800	11.1001	8230
2026-08-10T10:19:00-04:00	10.7100	11.0969	4350
2026-08-10T10:20:00-04:00	10.7100	11.0865	15362
2026-08-10T10:21:00-04:00	10.7300	11.0811	8257
2026-08-10T10:22:00-04:00	10.7400	11.0760	8712
2026-08-10T10:23:00-04:00	10.7000	11.0638	20692
2026-08-10T10:24:00-04:00	10.6950	11.0609	4649
2026-08-10T10:25:00-04:00	10.7600	11.0555	9975
2026-08-10T10:26:00-04:00	10.7850	11.0402	36631
2026-08-10T10:27:00-04:00	10.7750	11.0381	5159
2026-08-10T10:28:00-04:00	10.7000	11.0351	6523
2026-08-10T10:29:00-04:00	10.7250	11.0324	6010
2026-08-10T10:30:00-04:00	10.6899	11.0268	11388
2026-08-10T10:31:00-04:00	10.7100	11.0236	7118
2026-08-10T10:32:00-04:00	10.7400	11.0145	21775
2026-08-10T10:33:00-04:00	10.7550	11.0123	6112
2026-08-10T10:34:00-04:00	10.7500	11.0111	3258
2026-08-10T10:35:00-04:00	10.8072	11.0095	5481
2026-08-10T10:36:00-04:00	10.8250	11.0081	5411
2026-08-10T10:37:00-04:00	10.8400	11.0032	20271
2026-08-10T10:38:00-04:00	10.8018	11.0012	7014
2026-08-10T10:39:00-04:00	10.8000	11.0000	4239
2026-08-10T10:40:00-04:00	10.7600	10.9984	5206
2026-08-10T10:41:00-04:00	10.8300	10.9968	6744
2026-08-10T10:42:00-04:00	10.8650	10.9956	6689
2026-08-10T10:43:00-04:00	10.8300	10.9949	3959
2026-08-10T10:44:00-04:00	10.8400	10.9945	1875
2026-08-10T10:45:00-04:00	10.8457	10.9936	4412
2026-08-10T10:46:00-04:00	10.8700	10.9924	6713
2026-08-10T10:47:00-04:00	10.8850	10.9916	5410
2026-08-10T10:48:00-04:00	10.8800	10.9912	2639
2026-08-10T10:49:00-04:00	10.8101	10.9903	4061
2026-08-10T10:50:00-04:00	10.8496	10.9888	7998
2026-08-10T10:51:00-04:00	10.8250	10.9881	3673
2026-08-10T10:52:00-04:00	10.8500	10.9831	24313
2026-08-10T10:53:00-04:00	10.8325	10.9828	1493
2026-08-10T10:54:00-04:00	10.7835	10.9822	2623
2026-08-10T10:55:00-04:00	10.7700	10.9817	2080
2026-08-10T10:56:00-04:00	10.8300	10.9809	4383
2026-08-10T10:57:00-04:00	10.8300	10.9808	596
2026-08-10T10:58:00-04:00	10.8150	10.9807	221
2026-08-10T10:59:00-04:00	10.7800	10.9798	3984
2026-08-10T11:00:00-04:00	10.8425	10.9775	12972
2026-08-10T11:01:00-04:00	10.8450	10.9774	1030
2026-08-10T11:02:00-04:00	10.8300	10.9769	2810
2026-08-10T11:03:00-04:00	10.8117	10.9767	1370
2026-08-10T11:04:00-04:00	10.7700	10.9760	2919
2026-08-10T11:05:00-04:00	10.7400	10.9722	15018
2026-08-10T11:06:00-04:00	10.7700	10.9715	3102
2026-08-10T11:07:00-04:00	10.7700	10.9702	5411
2026-08-10T11:08:00-04:00	10.7300	10.9699	1454
2026-08-10T11:09:00-04:00	10.7400	10.9693	2424
2026-08-10T11:10:00-04:00	10.7300	10.9681	4546
2026-08-10T11:11:00-04:00	10.7000	10.9674	2799
2026-08-10T11:12:00-04:00	10.7250	10.9610	22715
2026-08-10T11:13:00-04:00	10.7200	10.9608	880
2026-08-10T11:14:00-04:00	10.7000	10.9591	5993
2026-08-10T11:15:00-04:00	10.8199	10.9579	6843
2026-08-10T11:16:00-04:00	10.7400	10.9573	2947
2026-08-10T11:17:00-04:00	10.6600	10.9566	2490
2026-08-10T11:18:00-04:00	10.6500	10.9560	2163
2026-08-10T11:19:00-04:00	10.6750	10.9555	1710
2026-08-10T11:20:00-04:00	10.7200	10.9536	7242
2026-08-10T11:21:00-04:00	10.7364	10.9534	1275
2026-08-10T11:22:00-04:00	10.7200	10.9531	1093
2026-08-10T11:23:00-04:00	10.7000	10.9523	3198
2026-08-10T11:24:00-04:00	10.7200	10.9517	2422
2026-08-10T11:25:00-04:00	10.7000	10.9509	3276
2026-08-10T11:26:00-04:00	10.7000	10.9503	2410
2026-08-10T11:27:00-04:00	10.7150	10.9497	2276
2026-08-10T11:28:00-04:00	10.7300	10.9493	2177
2026-08-10T11:29:00-04:00	10.7000	10.9487	2381
2026-08-10T11:30:00-04:00	10.7100	10.9481	2147
2026-08-10T11:31:00-04:00	10.7100	10.9478	1468
2026-08-10T11:32:00-04:00	10.7200	10.9475	1451
2026-08-10T11:33:00-04:00	10.7000	10.9454	8446
2026-08-10T11:34:00-04:00	10.7100	10.9453	444
2026-08-10T11:35:00-04:00	10.7290	10.9447	2790
2026-08-10T11:36:00-04:00	10.7100	10.9441	2491
2026-08-10T11:37:00-04:00	10.6650	10.9419	8798
2026-08-10T11:38:00-04:00	10.6600	10.9416	801
2026-08-10T11:39:00-04:00	10.6150	10.9377	13075
2026-08-10T11:40:00-04:00	10.6100	10.9364	3958
2026-08-10T11:41:00-04:00	10.6600	10.9337	9686
2026-08-10T11:42:00-04:00	10.6472	10.9326	4085
2026-08-10T11:43:00-04:00	10.6500	10.9310	5715
2026-08-10T11:44:00-04:00	10.6400	10.9292	7147
2026-08-10T11:45:00-04:00	10.6195	10.9271	7044
2026-08-10T11:46:00-04:00	10.6000	10.9262	3227
2026-08-10T11:47:00-04:00	10.6100	10.9255	2186
2026-08-10T11:48:00-04:00	10.6200	10.9232	8382
2026-08-10T11:49:00-04:00	10.6000	10.9223	2998
2026-08-10T11:50:00-04:00	10.6100	10.9204	6527
2026-08-10T11:51:00-04:00	10.6400	10.9182	8526
2026-08-10T11:52:00-04:00	10.6600	10.9174	3511
2026-08-10T11:53:00-04:00	10.6500	10.9170	1682
2026-08-10T11:54:00-04:00	10.6450	10.9160	3863
2026-08-10T11:55:00-04:00	10.6300	10.9145	6107
2026-08-10T11:56:00-04:00	10.6800	10.9132	5747
2026-08-10T11:57:00-04:00	10.7250	10.9126	3224
2026-08-10T11:58:00-04:00	10.7100	10.9109	10152
2026-08-10T11:59:00-04:00	10.6400	10.9079	14084
2026-08-10T12:00:00-04:00	10.6400	10.9067	5204
2026-08-10T12:01:00-04:00	10.6478	10.9053	6286
2026-08-10T12:02:00-04:00	10.6100	10.9044	3631
2026-08-10T12:03:00-04:00	10.6100	10.9039	1963
2026-08-10T12:04:00-04:00	10.6600	10.9027	5696
2026-08-10T12:05:00-04:00	10.6650	10.9025	677
2026-08-10T12:06:00-04:00	10.6650	10.9020	2771
2026-08-10T12:07:00-04:00	10.6300	10.9014	2497
2026-08-10T12:08:00-04:00	10.6200	10.9005	4067
2026-08-10T12:09:00-04:00	10.5900	10.8961	17911
2026-08-10T12:10:00-04:00	10.5600	10.8922	14352
2026-08-10T12:11:00-04:00	10.5700	10.8889	12718
2026-08-10T12:12:00-04:00	10.5308	10.8874	5077
2026-08-10T12:13:00-04:00	10.5250	10.8865	3182
2026-08-10T12:14:00-04:00	10.5200	10.8854	3662
2026-08-10T12:15:00-04:00	10.5100	10.8845	3053
2026-08-10T12:16:00-04:00	10.5219	10.8818	9672
2026-08-10T12:17:00-04:00	10.5400	10.8802	5567
2026-08-10T12:18:00-04:00	10.5250	10.8787	5374
2026-08-10T12:19:00-04:00	10.5500	10.8760	10093
2026-08-10T12:20:00-04:00	10.5350	10.8755	1772
2026-08-10T12:21:00-04:00	10.5300	10.8753	1046
2026-08-10T12:22:00-04:00	10.5400	10.8737	5922
2026-08-10T12:23:00-04:00	10.5430	10.8734	1018
2026-08-10T12:24:00-04:00	10.5300	10.8729	2019
2026-08-10T12:25:00-04:00	10.5500	10.8711	6982
2026-08-10T12:26:00-04:00	10.5274	10.8696	5600
2026-08-10T12:27:00-04:00	10.5100	10.8696	302
2026-08-10T12:28:00-04:00	10.5500	10.8681	5768
2026-08-10T12:29:00-04:00	10.5250	10.8655	10205
2026-08-10T12:30:00-04:00	10.5450	10.8637	7459
2026-08-10T12:31:00-04:00	10.5400	10.8635	841
2026-08-10T12:32:00-04:00	10.5198	10.8575	22479
2026-08-10T12:33:00-04:00	10.4850	10.8563	4455
2026-08-10T12:34:00-04:00	10.5000	10.8552	3923
2026-08-10T12:35:00-04:00	10.5100	10.8536	6372
2026-08-10T12:36:00-04:00	10.5200	10.8530	2435
2026-08-10T12:37:00-04:00	10.5000	10.8526	1789
2026-08-10T12:38:00-04:00	10.5100	10.8518	3102
2026-08-10T12:39:00-04:00	10.4700	10.8503	5544
2026-08-10T12:40:00-04:00	10.4800	10.8490	5033
2026-08-10T12:41:00-04:00	10.4200	10.8428	21585
2026-08-10T12:42:00-04:00	10.4400	10.8399	10240
2026-08-10T12:43:00-04:00	10.4300	10.8396	956
2026-08-10T12:44:00-04:00	10.4000	10.8351	14844
2026-08-10T12:45:00-04:00	10.3500	10.8331	6134
2026-08-10T12:46:00-04:00	10.3754	10.8295	11125
2026-08-10T12:47:00-04:00	10.3700	10.8274	6565
2026-08-10T12:48:00-04:00	10.3776	10.8259	4858
2026-08-10T12:49:00-04:00	10.3650	10.8216	13591
2026-08-10T12:50:00-04:00	10.3600	10.8188	8965
2026-08-10T12:51:00-04:00	10.3800	10.8175	4373
2026-08-10T12:52:00-04:00	10.3650	10.8165	3277
2026-08-10T12:53:00-04:00	10.3800	10.8114	17893
2026-08-10T12:54:00-04:00	10.3600	10.8110	1104
2026-08-10T12:55:00-04:00	10.3892	10.8094	5757
2026-08-10T12:56:00-04:00	10.3700	10.8088	1932
2026-08-10T12:57:00-04:00	10.3800	10.8079	3279
2026-08-10T12:58:00-04:00	10.3700	10.8062	6096
2026-08-10T12:59:00-04:00	10.3750	10.8054	2732
2026-08-10T13:00:00-04:00	10.3608	10.8043	3870
2026-08-10T13:01:00-04:00	10.3700	10.8037	2111
2026-08-10T13:02:00-04:00	10.3600	10.8031	2142
2026-08-10T13:03:00-04:00	10.3350	10.8017	4706
2026-08-10T13:04:00-04:00	10.3600	10.8000	5629
2026-08-10T13:05:00-04:00	10.3500	10.7996	1350
2026-08-10T13:06:00-04:00	10.3600	10.7982	5012
2026-08-10T13:07:00-04:00	10.3500	10.7969	4624
2026-08-10T13:08:00-04:00	10.3600	10.7966	1190
2026-08-10T13:09:00-04:00	10.3500	10.7961	1547
2026-08-10T13:10:00-04:00	10.3600	10.7954	2626
2026-08-10T13:11:00-04:00	10.3200	10.7934	6688
2026-08-10T13:12:00-04:00	10.3100	10.7923	3557
2026-08-10T13:13:00-04:00	10.3100	10.7907	5331
2026-08-10T13:14:00-04:00	10.3000	10.7895	3862
2026-08-10T13:15:00-04:00	10.3200	10.7879	5644
2026-08-10T13:16:00-04:00	10.3300	10.7875	1225
2026-08-10T13:17:00-04:00	10.3300	10.7869	1955
2026-08-10T13:18:00-04:00	10.3300	10.7855	4995
2026-08-10T13:19:00-04:00	10.3300	10.7833	7539
2026-08-10T13:20:00-04:00	10.3200	10.7825	3119
2026-08-10T13:21:00-04:00	10.3100	10.7802	7683
2026-08-10T13:22:00-04:00	10.3200	10.7790	4258
2026-08-10T13:23:00-04:00	10.3400	10.7765	9473
2026-08-10T13:24:00-04:00	10.3599	10.7755	3664
2026-08-10T13:25:00-04:00	10.3700	10.7737	7063
2026-08-10T13:26:00-04:00	10.3781	10.7736	428
2026-08-10T13:27:00-04:00	10.3700	10.7734	1025
2026-08-10T13:28:00-04:00	10.3500	10.7730	1399
2026-08-10T13:29:00-04:00	10.3700	10.7722	3256
2026-08-10T13:30:00-04:00	10.3500	10.7713	3678
2026-08-10T13:31:00-04:00	10.3600	10.7703	3918
2026-08-10T13:32:00-04:00	10.3700	10.7693	4158
2026-08-10T13:33:00-04:00	10.3800	10.7683	4199
2026-08-10T13:34:00-04:00	10.3600	10.7677	2382
2026-08-10T13:35:00-04:00	10.3700	10.7664	5465
2026-08-10T13:36:00-04:00	10.3800	10.7655	3851
2026-08-10T13:37:00-04:00	10.3700	10.7638	7178
2026-08-10T13:38:00-04:00	10.3600	10.7637	672
2026-08-10T13:39:00-04:00	10.3700	10.7615	9319
2026-08-10T13:40:00-04:00	10.3550	10.7604	4490
2026-08-10T13:41:00-04:00	10.3260	10.7596	3446
2026-08-10T13:42:00-04:00	10.3200	10.7583	4984
2026-08-10T13:43:00-04:00	10.3200	10.7578	2012
2026-08-10T13:44:00-04:00	10.3250	10.7573	1668
2026-08-10T13:45:00-04:00	10.3100	10.7568	1980
2026-08-10T13:46:00-04:00	10.3600	10.7552	6653
2026-08-10T13:47:00-04:00	10.3600	10.7548	2123
2026-08-10T13:48:00-04:00	10.3600	10.7546	483
2026-08-10T13:49:00-04:00	10.3500	10.7541	2134
2026-08-10T13:50:00-04:00	10.3700	10.7534	3242
2026-08-10T13:51:00-04:00	10.3600	10.7529	2327
2026-08-10T13:52:00-04:00	10.3500	10.7523	2544
2026-08-10T13:53:00-04:00	10.3400	10.7508	6346
2026-08-10T13:54:00-04:00	10.3600	10.7505	1475
2026-08-10T13:55:00-04:00	10.3500	10.7501	1318
2026-08-10T13:56:00-04:00	10.3400	10.7496	2152
2026-08-10T13:57:00-04:00	10.3588	10.7489	3437
2026-08-10T13:58:00-04:00	10.3800	10.7481	3378
2026-08-10T13:59:00-04:00	10.3600	10.7478	1622
2026-08-10T14:00:00-04:00	10.3700	10.7471	3301
2026-08-10T14:01:00-04:00	10.3600	10.7466	2104
2026-08-10T14:02:00-04:00	10.3700	10.7460	2844
2026-08-10T14:03:00-04:00	10.3762	10.7459	471
2026-08-10T14:04:00-04:00	10.3650	10.7456	1288
2026-08-10T14:05:00-04:00	10.4000	10.7422	16808
2026-08-10T14:06:00-04:00	10.3900	10.7415	3321
2026-08-10T14:07:00-04:00	10.4200	10.7402	7091
2026-08-10T14:08:00-04:00	10.4350	10.7401	515
2026-08-10T14:09:00-04:00	10.3800	10.7381	10120
2026-08-10T14:10:00-04:00	10.3700	10.7379	1347
2026-08-10T14:11:00-04:00	10.3750	10.7376	1214
2026-08-10T14:12:00-04:00	10.3600	10.7374	1078
2026-08-10T14:13:00-04:00	10.3700	10.7371	1216
2026-08-10T14:14:00-04:00	10.3200	10.7258	52335
2026-08-10T14:15:00-04:00	10.3400	10.7242	7459
2026-08-10T14:16:00-04:00	10.3350	10.7219	11037
2026-08-10T14:17:00-04:00	10.3350	10.7218	538
2026-08-10T14:18:00-04:00	10.3100	10.7215	1606
2026-08-10T14:19:00-04:00	10.3200	10.7173	19195
2026-08-10T14:20:00-04:00	10.3200	10.7166	3290
2026-08-10T14:21:00-04:00	10.3381	10.7157	4666
2026-08-10T14:22:00-04:00	10.3100	10.7151	2675
2026-08-10T14:23:00-04:00	10.3000	10.7143	4078
2026-08-10T14:24:00-04:00	10.3100	10.7127	7325
2026-08-10T14:25:00-04:00	10.3250	10.7110	8383
2026-08-10T14:26:00-04:00	10.3400	10.7073	19089
2026-08-10T14:27:00-04:00	10.3400	10.7069	1979
2026-08-10T14:28:00-04:00	10.3300	10.7066	1966
2026-08-10T14:29:00-04:00	10.3400	10.7050	8174
2026-08-10T14:30:00-04:00	10.3400	10.7042	4253
2026-08-10T14:31:00-04:00	10.3350	10.7039	1603
2026-08-10T14:32:00-04:00	10.3200	10.7015	12631
2026-08-10T14:33:00-04:00	10.3200	10.7010	2766
2026-08-10T14:34:00-04:00	10.3250	10.7005	2337
2026-08-10T14:35:00-04:00	10.3500	10.6993	6758
2026-08-10T14:36:00-04:00	10.3100	10.6988	2607
2026-08-10T14:37:00-04:00	10.3100	10.6982	2866
2026-08-10T14:38:00-04:00	10.3150	10.6965	8991
2026-08-10T14:39:00-04:00	10.3500	10.6953	6559
2026-08-10T14:40:00-04:00	10.3550	10.6953	510
2026-08-10T14:41:00-04:00	10.3300	10.6947	3367
2026-08-10T14:42:00-04:00	10.3300	10.6945	1049
2026-08-10T14:43:00-04:00	10.3100	10.6940	2491
2026-08-10T14:44:00-04:00	10.3250	10.6934	2992
2026-08-10T14:45:00-04:00	10.3400	10.6919	8564
2026-08-10T14:46:00-04:00	10.3200	10.6915	2659
2026-08-10T14:47:00-04:00	10.3200	10.6912	1237
2026-08-10T14:48:00-04:00	10.2700	10.6872	20188
2026-08-10T14:49:00-04:00	10.2500	10.6843	14239
2026-08-10T14:50:00-04:00	10.2900	10.6819	11826
2026-08-10T14:51:00-04:00	10.2700	10.6815	2336
2026-08-10T14:52:00-04:00	10.2500	10.6810	2342
2026-08-10T14:53:00-04:00	10.2550	10.6805	2544
2026-08-10T14:54:00-04:00	10.2500	10.6796	4203
2026-08-10T14:55:00-04:00	10.2400	10.6767	14290
2026-08-10T14:56:00-04:00	10.2300	10.6756	5137
2026-08-10T14:57:00-04:00	10.2700	10.6719	18795
2026-08-10T14:58:00-04:00	10.2850	10.6710	5016
2026-08-10T14:59:00-04:00	10.3000	10.4837	2130812
2026-08-10T15:00:00-04:00	10.3300	10.4834	8173
2026-08-10T15:01:00-04:00	10.3150	10.4831	7391
2026-08-10T15:02:00-04:00	10.3150	10.4830	1478
2026-08-10T15:03:00-04:00	10.3100	10.4828	4579
2026-08-10T15:04:00-04:00	10.3000	10.4827	3778
2026-08-10T15:05:00-04:00	10.3500	10.4821	16306
2026-08-10T15:06:00-04:00	10.3781	10.4820	2896
2026-08-10T15:07:00-04:00	10.3699	10.4819	4883
2026-08-10T15:08:00-04:00	10.3700	10.4817	7394
2026-08-10T15:09:00-04:00	10.3850	10.4815	8415
2026-08-10T15:10:00-04:00	10.3888	10.4813	8863
2026-08-10T15:11:00-04:00	10.3800	10.4811	12738
2026-08-10T15:12:00-04:00	10.3600	10.4808	8784
2026-08-10T15:13:00-04:00	10.3650	10.4805	10895
2026-08-10T15:14:00-04:00	10.3600	10.4805	2983
2026-08-10T15:15:00-04:00	10.3600	10.4802	7935
2026-08-10T15:16:00-04:00	10.3599	10.4802	957
2026-08-10T15:17:00-04:00	10.3100	10.4799	8507
2026-08-10T15:18:00-04:00	10.2700	10.4796	7437
2026-08-10T15:19:00-04:00	10.3150	10.4790	12673
2026-08-10T15:20:00-04:00	10.3599	10.4790	2689
2026-08-10T15:21:00-04:00	10.3272	10.4789	1571
2026-08-10T15:22:00-04:00	10.3200	10.4788	3279
2026-08-10T15:23:00-04:00	10.3200	10.4784	10213
2026-08-10T15:24:00-04:00	10.3200	10.4784	856
2026-08-10T15:25:00-04:00	10.3100	10.4782	4195
2026-08-10T15:26:00-04:00	10.2900	10.4779	7277
2026-08-10T15:27:00-04:00	10.3200	10.4774	13991
2026-08-10T15:28:00-04:00	10.3000	10.4770	10680
2026-08-10T15:29:00-04:00	10.3000	10.4768	4655
2026-08-10T15:30:00-04:00	10.3150	10.4762	18349
2026-08-10T15:31:00-04:00	10.3100	10.4761	2102
2026-08-10T15:32:00-04:00	10.3250	10.4758	8534
2026-08-10T15:33:00-04:00	10.2950	10.4753	12693
2026-08-10T15:34:00-04:00	10.3100	10.4749	11799
2026-08-10T15:35:00-04:00	10.3100	10.4747	5183
2026-08-10T15:36:00-04:00	10.3400	10.4740	22278
2026-08-10T15:37:00-04:00	10.3100	10.4738	4727
2026-08-10T15:38:00-04:00	10.3200	10.4734	10826
2026-08-10T15:39:00-04:00	10.3300	10.4732	8059
2026-08-10T15:40:00-04:00	10.3200	10.4726	19180
2026-08-10T15:41:00-04:00	10.3100	10.4725	2322
2026-08-10T15:42:00-04:00	10.3000	10.4723	4510
2026-08-10T15:43:00-04:00	10.2900	10.4721	5913
2026-08-10T15:44:00-04:00	10.3200	10.4706	43815
2026-08-10T15:45:00-04:00	10.3200	10.4703	7975
2026-08-10T15:46:00-04:00	10.3264	10.4700	8328
2026-08-10T15:47:00-04:00	10.3350	10.4696	14275
2026-08-10T15:48:00-04:00	10.3350	10.4693	12626
2026-08-10T15:49:00-04:00	10.3450	10.4684	30595
2026-08-10T15:50:00-04:00	10.3900	10.4679	27782
2026-08-10T15:51:00-04:00	10.3750	10.4677	11069
2026-08-10T15:52:00-04:00	10.3800	10.4673	20602
2026-08-10T15:53:00-04:00	10.3700	10.4671	10424
2026-08-10T15:54:00-04:00	10.3650	10.4669	8900
2026-08-10T15:55:00-04:00	10.4150	10.4665	26092
2026-08-10T15:56:00-04:00	10.4150	10.4664	11755
2026-08-10T15:57:00-04:00	10.4500	10.4661	50739
2026-08-10T15:58:00-04:00	10.4850	10.4662	50047
2026-08-10T15:59:00-04:00	10.4800	10.4664	82370
2026-08-11T09:30:00-04:00	10.2900	10.3567	45422
2026-08-11T09:31:00-04:00	10.2600	10.3557	741
2026-08-11T09:32:00-04:00	10.1700	10.3222	13858
2026-08-11T09:33:00-04:00	10.2600	10.3001	16166
2026-08-11T09:34:00-04:00	10.2200	10.2829	18800
2026-08-11T09:35:00-04:00	10.2200	10.2759	11876
2026-08-11T09:36:00-04:00	10.2250	10.2714	10388
2026-08-11T09:37:00-04:00	10.3150	10.2735	10692
2026-08-11T09:38:00-04:00	10.2850	10.2752	10503
2026-08-11T09:39:00-04:00	10.2100	10.2700	24036
2026-08-11T09:40:00-04:00	10.2200	10.2684	7056
2026-08-11T09:41:00-04:00	10.2100	10.2670	6158
2026-08-11T09:42:00-04:00	10.1700	10.2619	10019
2026-08-11T09:43:00-04:00	10.0420	10.2272	42067
2026-08-11T09:44:00-04:00	10.0750	10.2257	2148
2026-08-11T09:45:00-04:00	10.0300	10.2150	14367
2026-08-11T09:46:00-04:00	10.1600	10.2096	14620
2026-08-11T09:47:00-04:00	10.1450	10.2088	3285
2026-08-11T09:48:00-04:00	10.0368	10.1982	23689
2026-08-11T09:49:00-04:00	10.0800	10.1965	3993
2026-08-11T09:50:00-04:00	10.1300	10.1916	20714
2026-08-11T09:51:00-04:00	10.0750	10.1864	16810
2026-08-11T09:52:00-04:00	10.1200	10.1842	8677
2026-08-11T09:53:00-04:00	10.0950	10.1816	10673
2026-08-11T09:54:00-04:00	10.0500	10.1809	2590
2026-08-11T09:55:00-04:00	10.0300	10.1733	21079
2026-08-11T09:56:00-04:00	10.0300	10.1727	1851
2026-08-11T09:57:00-04:00	10.0500	10.1723	1016
2026-08-11T09:58:00-04:00	10.1000	10.1703	9268
2026-08-11T09:59:00-04:00	10.0510	10.1678	9268
2026-08-11T10:00:00-04:00	10.1100	10.1662	9108
2026-08-11T10:01:00-04:00	10.1099	10.1660	1554
2026-08-11T10:02:00-04:00	10.0800	10.1629	13447
2026-08-11T10:03:00-04:00	10.1049	10.1619	7031
2026-08-11T10:04:00-04:00	10.1400	10.1614	5316
2026-08-11T10:05:00-04:00	10.2300	10.1617	3475
2026-08-11T10:06:00-04:00	10.2450	10.1632	6921
2026-08-11T10:07:00-04:00	10.2200	10.1638	4130
2026-08-11T10:08:00-04:00	10.1850	10.1641	4122
2026-08-11T10:09:00-04:00	10.1800	10.1643	4692
2026-08-11T10:10:00-04:00	10.2050	10.1647	3877
2026-08-11T10:11:00-04:00	10.2700	10.1671	13384
2026-08-11T10:12:00-04:00	10.2550	10.1678	3696
2026-08-11T10:13:00-04:00	10.2650	10.1697	10677
2026-08-11T10:14:00-04:00	10.2400	10.1708	7752
2026-08-11T10:15:00-04:00	10.1600	10.1710	10110
2026-08-11T10:16:00-04:00	10.1500	10.1701	12342
2026-08-11T10:17:00-04:00	10.1500	10.1699	3453
2026-08-11T10:18:00-04:00	10.1700	10.1697	17908
2026-08-11T10:19:00-04:00	10.1450	10.1697	2037
2026-08-11T10:20:00-04:00	10.1600	10.1695	5315
2026-08-11T10:21:00-04:00	10.0650	10.1665	22712
2026-08-11T10:22:00-04:00	10.0650	10.1648	10826
2026-08-11T10:23:00-04:00	10.0800	10.1625	14069
2026-08-11T10:24:00-04:00	10.1000	10.1611	15611
2026-08-11T10:25:00-04:00	10.1200	10.1607	6757
2026-08-11T10:26:00-04:00	10.1600	10.1606	6530
2026-08-11T10:27:00-04:00	10.1500	10.1606	3741
2026-08-11T10:28:00-04:00	10.2150	10.1615	14608
2026-08-11T10:29:00-04:00	10.2150	10.1619	4195
2026-08-11T10:30:00-04:00	10.2100	10.1622	4504
2026-08-11T10:31:00-04:00	10.2300	10.1632	8195
2026-08-11T10:32:00-04:00	10.2200	10.1637	4672
2026-08-11T10:33:00-04:00	10.2400	10.1644	7249
2026-08-11T10:34:00-04:00	10.2700	10.1647	2431
2026-08-11T10:35:00-04:00	10.2700	10.1649	1359
2026-08-11T10:36:00-04:00	10.2500	10.1665	12667
2026-08-11T10:37:00-04:00	10.2300	10.1677	13422
2026-08-11T10:38:00-04:00	10.3100	10.1694	10533
2026-08-11T10:39:00-04:00	10.3200	10.1709	7070
2026-08-11T10:40:00-04:00	10.3150	10.1710	833
2026-08-11T10:41:00-04:00	10.3650	10.1736	9852
2026-08-11T10:42:00-04:00	10.3750	10.1755	7196
2026-08-11T10:43:00-04:00	10.3900	10.1761	2406
2026-08-11T10:44:00-04:00	10.3400	10.1770	3424
2026-08-11T10:45:00-04:00	10.3900	10.1774	1795
2026-08-11T10:46:00-04:00	10.3850	10.1787	4510
2026-08-11T10:47:00-04:00	10.4000	10.1792	1715
2026-08-11T10:48:00-04:00	10.4000	10.1798	2001
2026-08-11T10:49:00-04:00	10.3850	10.1813	5447
2026-08-11T10:50:00-04:00	10.3650	10.1819	2558
2026-08-11T10:51:00-04:00	10.4100	10.1838	6915
2026-08-11T10:52:00-04:00	10.3950	10.1842	1278
2026-08-11T10:53:00-04:00	10.4100	10.1852	3386
2026-08-11T10:54:00-04:00	10.4100	10.1858	2077
2026-08-11T10:55:00-04:00	10.4150	10.1864	1848
2026-08-11T10:56:00-04:00	10.3600	10.1872	3253
2026-08-11T10:57:00-04:00	10.3700	10.1878	2658
2026-08-11T10:58:00-04:00	10.4200	10.1896	6576
2026-08-11T10:59:00-04:00	10.4200	10.1901	1808
2026-08-11T11:00:00-04:00	10.4200	10.1905	1525
2026-08-11T11:01:00-04:00	10.3501	10.1916	4606
2026-08-11T11:02:00-04:00	10.3800	10.1930	6491
2026-08-11T11:03:00-04:00	10.3900	10.1933	1142
2026-08-11T11:04:00-04:00	10.3900	10.1936	1219
2026-08-11T11:05:00-04:00	10.3900	10.1940	1695
2026-08-11T11:06:00-04:00	10.3300	10.1949	4598
2026-08-11T11:07:00-04:00	10.3300	10.1963	9047
2026-08-11T11:08:00-04:00	10.3300	10.1966	1449
2026-08-11T11:09:00-04:00	10.3300	10.1970	3191
2026-08-11T11:10:00-04:00	10.3500	10.1988	11343
2026-08-11T11:11:00-04:00	10.3500	10.1993	2636
2026-08-11T11:12:00-04:00	10.2850	10.2011	15048
2026-08-11T11:13:00-04:00	10.2945	10.2019	6957
2026-08-11T11:14:00-04:00	10.2850	10.2022	2708
2026-08-11T11:15:00-04:00	10.2800	10.2028	7395
2026-08-11T11:16:00-04:00	10.3000	10.2031	2857
2026-08-11T11:17:00-04:00	10.3200	10.2043	10075
2026-08-11T11:18:00-04:00	10.2700	10.2045	2500
2026-08-11T11:19:00-04:00	10.2800	10.2048	3936
2026-08-11T11:20:00-04:00	10.2800	10.2049	1088
2026-08-11T11:21:00-04:00	10.2800	10.2050	1156
2026-08-11T11:22:00-04:00	10.2900	10.2054	4286
2026-08-11T11:23:00-04:00	10.2700	10.2056	2044
2026-08-11T11:24:00-04:00	10.2700	10.2063	9504
2026-08-11T11:25:00-04:00	10.2700	10.2064	1852
2026-08-11T11:26:00-04:00	10.2600	10.2065	2201
2026-08-11T11:27:00-04:00	10.2500	10.2067	3458
2026-08-11T11:28:00-04:00	10.2900	10.2073	7106
2026-08-11T11:29:00-04:00	10.2900	10.2074	1231
2026-08-11T11:30:00-04:00	10.2900	10.2077	3560
2026-08-11T11:31:00-04:00	10.2900	10.2078	2162
2026-08-11T11:32:00-04:00	10.2700	10.2084	8859
2026-08-11T11:33:00-04:00	10.2900	10.2086	2428
2026-08-11T11:34:00-04:00	10.2900	10.2092	6773
2026-08-11T11:35:00-04:00	10.2900	10.2095	2863
2026-08-11T11:36:00-04:00	10.2850	10.2100	6946
2026-08-11T11:37:00-04:00	10.2700	10.2101	2011
2026-08-11T11:38:00-04:00	10.3100	10.2108	6612
2026-08-11T11:39:00-04:00	10.3200	10.2109	1145
2026-08-11T11:40:00-04:00	10.3000	10.2111	1690
2026-08-11T11:41:00-04:00	10.2700	10.2112	2498
2026-08-11T11:42:00-04:00	10.2900	10.2116	4147
2026-08-11T11:43:00-04:00	10.2850	10.2116	1217
2026-08-11T11:44:00-04:00	10.3400	10.2123	5603
2026-08-11T11:45:00-04:00	10.3500	10.2128	3855
2026-08-11T11:46:00-04:00	10.3100	10.2128	484
2026-08-11T11:47:00-04:00	10.3200	10.2131	2568
2026-08-11T11:48:00-04:00	10.3250	10.2133	1469
2026-08-11T11:49:00-04:00	10.3400	10.2135	1614
2026-08-11T11:50:00-04:00	10.3300	10.2139	3541
2026-08-11T11:51:00-04:00	10.3100	10.2153	14657
2026-08-11T11:52:00-04:00	10.2700	10.2157	6405
2026-08-11T11:53:00-04:00	10.2400	10.2159	6418
2026-08-11T11:54:00-04:00	10.2450	10.2160	4945
2026-08-11T11:55:00-04:00	10.2400	10.2160	1068
2026-08-11T11:56:00-04:00	10.2000	10.2160	17777
2026-08-11T11:57:00-04:00	10.2500	10.2163	14556
2026-08-11T11:58:00-04:00	10.2500	10.2164	2461
2026-08-11T11:59:00-04:00	10.2600	10.2165	2343
2026-08-11T12:00:00-04:00	10.2950	10.2170	8462
2026-08-11T12:01:00-04:00	10.3100	10.2174	4913
2026-08-11T12:02:00-04:00	10.3200	10.2176	1617
2026-08-11T12:03:00-04:00	10.2800	10.2178	3861
2026-08-11T12:04:00-04:00	10.3000	10.2180	1487
2026-08-11T12:05:00-04:00	10.2600	10.2182	5481
2026-08-11T12:06:00-04:00	10.2800	10.2183	1341
2026-08-11T12:07:00-04:00	10.2600	10.2184	1696
2026-08-11T12:08:00-04:00	10.2800	10.2186	5116
2026-08-11T12:09:00-04:00	10.2900	10.2186	299
2026-08-11T12:10:00-04:00	10.2800	10.2187	1761
2026-08-11T12:11:00-04:00	10.2701	10.2192	9172
2026-08-11T12:12:00-04:00	10.3100	10.2197	6728
2026-08-11T12:13:00-04:00	10.2800	10.2200	4782
2026-08-11T12:14:00-04:00	10.2716	10.2201	1788
2026-08-11T12:15:00-04:00	10.2600	10.2202	2486
2026-08-11T12:16:00-04:00	10.3650	10.2211	9868
2026-08-11T12:17:00-04:00	10.3700	10.2213	1512
2026-08-11T12:18:00-04:00	10.4000	10.2222	6241
2026-08-11T12:19:00-04:00	10.4000	10.2225	1673
2026-08-11T12:20:00-04:00	10.4100	10.2233	5353
2026-08-11T12:21:00-04:00	10.4000	10.2237	2094
2026-08-11T12:22:00-04:00	10.3700	10.2242	4223
2026-08-11T12:23:00-04:00	10.3000	10.2260	21925
2026-08-11T12:24:00-04:00	10.3000	10.2261	2812
2026-08-11T12:25:00-04:00	10.2850	10.2262	1033
2026-08-11T12:26:00-04:00	10.2300	10.2264	9373
2026-08-11T12:27:00-04:00	10.2120	10.2263	5652
2026-08-11T12:28:00-04:00	10.2100	10.2263	696
2026-08-11T12:29:00-04:00	10.2100	10.2263	1018
2026-08-11T12:30:00-04:00	10.2100	10.2262	2875
2026-08-11T12:31:00-04:00	10.2200	10.2260	26736
2026-08-11T12:32:00-04:00	10.2150	10.2257	36886
2026-08-11T12:33:00-04:00	10.2420	10.2259	18626
2026-08-11T12:34:00-04:00	10.2600	10.2262	15108
2026-08-11T12:35:00-04:00	10.3399	10.2275	20054
2026-08-11T12:36:00-04:00	10.3700	10.2280	4921
2026-08-11T12:37:00-04:00	10.3800	10.2283	2430
2026-08-11T12:38:00-04:00	10.3900	10.2296	11548
2026-08-11T12:39:00-04:00	10.3900	10.2312	13436
2026-08-11T12:40:00-04:00	10.3400	10.2319	6421
2026-08-11T12:41:00-04:00	10.3300	10.2321	3864
2026-08-11T12:42:00-04:00	10.3200	10.2324	3811
2026-08-11T12:43:00-04:00	10.3300	10.2327	4005
2026-08-11T12:44:00-04:00	10.3300	10.2329	3322
2026-08-11T12:45:00-04:00	10.3200	10.2337	10658
2026-08-11T12:46:00-04:00	10.3700	10.2352	17503
2026-08-11T12:47:00-04:00	10.3401	10.2382	35376
2026-08-11T12:48:00-04:00	10.3400	10.2384	1643
2026-08-11T12:49:00-04:00	10.3400	10.2387	5188
2026-08-11T12:50:00-04:00	10.3800	10.2406	20277
2026-08-11T12:51:00-04:00	10.4100	10.2409	3105
2026-08-11T12:52:00-04:00	10.4100	10.2411	2049
2026-08-11T12:53:00-04:00	10.3900	10.2420	8405
2026-08-11T12:54:00-04:00	10.3600	10.2429	9662
2026-08-11T12:55:00-04:00	10.3400	10.2435	10948
2026-08-11T12:56:00-04:00	10.3400	10.2438	3762
2026-08-11T12:57:00-04:00	10.3600	10.2443	7766
2026-08-11T12:58:00-04:00	10.3500	10.2448	6789
2026-08-11T12:59:00-04:00	10.3400	10.2451	3750
2026-08-11T13:00:00-04:00	10.3400	10.2452	1637
2026-08-11T13:01:00-04:00	10.3800	10.2458	7787
2026-08-11T13:02:00-04:00	10.3800	10.2460	2169
2026-08-11T13:03:00-04:00	10.3300	10.2467	10470
2026-08-11T13:04:00-04:00	10.3400	10.2470	5513
2026-08-11T13:05:00-04:00	10.3300	10.2474	6817
2026-08-11T13:06:00-04:00	10.3400	10.2478	7055
2026-08-11T13:07:00-04:00	10.3415	10.2479	2768
2026-08-11T13:08:00-04:00	10.3550	10.2482	4061
2026-08-11T13:09:00-04:00	10.3550	10.2484	3283
2026-08-11T13:10:00-04:00	10.3550	10.2488	4445
2026-08-11T13:11:00-04:00	10.3550	10.2492	6177
2026-08-11T13:12:00-04:00	10.3700	10.2495	3760
2026-08-11T13:13:00-04:00	10.3800	10.2495	427
2026-08-11T13:14:00-04:00	10.3800	10.2497	3021
2026-08-11T13:15:00-04:00	10.3600	10.2499	2389
2026-08-11T13:16:00-04:00	10.3550	10.2501	3374
2026-08-11T13:17:00-04:00	10.3650	10.2504	4446
2026-08-11T13:18:00-04:00	10.3800	10.2509	5342
2026-08-11T13:19:00-04:00	10.3700	10.2511	2575
2026-08-11T13:20:00-04:00	10.3800	10.2512	1743
2026-08-11T13:21:00-04:00	10.3650	10.2514	2486
2026-08-11T13:22:00-04:00	10.3650	10.2516	2757
2026-08-11T13:23:00-04:00	10.3610	10.2517	1744
2026-08-11T13:24:00-04:00	10.3650	10.2519	2574
2026-08-11T13:25:00-04:00	10.3900	10.2526	9683
2026-08-11T13:26:00-04:00	10.3900	10.2529	3607
2026-08-11T13:27:00-04:00	10.3550	10.2538	12503
2026-08-11T13:28:00-04:00	10.3450	10.2539	1564
2026-08-11T13:29:00-04:00	10.3250	10.2547	17354
2026-08-11T13:30:00-04:00	10.3400	10.2549	4722
2026-08-11T13:31:00-04:00	10.3550	10.2552	3709
2026-08-11T13:32:00-04:00	10.3550	10.2553	2458
2026-08-11T13:33:00-04:00	10.3550	10.2555	2465
2026-08-11T13:34:00-04:00	10.3450	10.2558	6781
2026-08-11T13:35:00-04:00	10.3500	10.2564	9965
2026-08-11T13:36:00-04:00	10.3500	10.2565	1384
2026-08-11T13:37:00-04:00	10.3150	10.2568	8255
2026-08-11T13:38:00-04:00	10.3150	10.2569	2098
2026-08-11T13:39:00-04:00	10.3129	10.2569	2262
2026-08-11T13:40:00-04:00	10.3150	10.2570	1779
2026-08-11T13:41:00-04:00	10.3150	10.2571	2432
2026-08-11T13:42:00-04:00	10.3200	10.2575	12406
2026-08-11T13:43:00-04:00	10.3100	10.2576	1733
2026-08-11T13:44:00-04:00	10.3100	10.2577	2597
2026-08-11T13:45:00-04:00	10.3000	10.2579	9840
2026-08-11T13:46:00-04:00	10.3300	10.2582	6988
2026-08-11T13:47:00-04:00	10.3300	10.2582	1204
2026-08-11T13:48:00-04:00	10.3300	10.2583	2090
2026-08-11T13:49:00-04:00	10.2900	10.2586	11375
2026-08-11T13:50:00-04:00	10.2800	10.2586	1321
2026-08-11T13:51:00-04:00	10.2800	10.2587	6196
2026-08-11T13:52:00-04:00	10.2800	10.2587	2031
2026-08-11T13:53:00-04:00	10.2850	10.2588	2921
2026-08-11T13:54:00-04:00	10.2888	10.2588	1471
2026-08-11T13:55:00-04:00	10.3000	10.2590	8925
2026-08-11T13:56:00-04:00	10.2700	10.2590	6080
2026-08-11T13:57:00-04:00	10.2700	10.2590	2154
2026-08-11T13:58:00-04:00	10.2700	10.2591	5393
2026-08-11T13:59:00-04:00	10.2650	10.2591	3708
2026-08-11T14:00:00-04:00	10.2700	10.2591	3290
2026-08-11T14:01:00-04:00	10.2900	10.2592	6740
2026-08-11T14:02:00-04:00	10.2900	10.2592	2202
2026-08-11T14:03:00-04:00	10.3100	10.2593	4140
2026-08-11T14:04:00-04:00	10.3300	10.2595	4397
2026-08-11T14:05:00-04:00	10.4350	10.2619	31356
2026-08-11T14:06:00-04:00	10.4800	10.2650	27010
2026-08-11T14:07:00-04:00	10.4500	10.2667	16262
2026-08-11T14:08:00-04:00	10.4650	10.2671	3807
2026-08-11T14:09:00-04:00	10.4750	10.2677	5802
2026-08-11T14:10:00-04:00	10.5500	10.2711	25600
2026-08-11T14:11:00-04:00	10.4350	10.2752	38612
2026-08-11T14:12:00-04:00	10.4350	10.2755	2563
2026-08-11T14:13:00-04:00	10.4388	10.2757	2735
2026-08-11T14:14:00-04:00	10.4350	10.2761	5684
2026-08-11T14:15:00-04:00	10.4950	10.2783	21327
2026-08-11T14:16:00-04:00	10.4800	10.2790	6513
2026-08-11T14:17:00-04:00	10.4750	10.2791	1249
2026-08-11T14:18:00-04:00	10.4700	10.2805	14355
2026-08-11T14:19:00-04:00	10.4950	10.2820	14932
2026-08-11T14:20:00-04:00	10.5000	10.2824	4116
2026-08-11T14:21:00-04:00	10.4600	10.2838	13912
2026-08-11T14:22:00-04:00	10.4800	10.2859	24230
2026-08-11T14:23:00-04:00	10.4500	10.2862	2817
2026-08-11T14:24:00-04:00	10.4850	10.2885	26250
2026-08-11T14:25:00-04:00	10.4850	10.2888	3080
2026-08-11T14:26:00-04:00	10.4700	10.2892	5040
2026-08-11T14:27:00-04:00	10.4600	10.2897	4860
2026-08-11T14:28:00-04:00	10.4400	10.2904	9891
2026-08-11T14:29:00-04:00	10.4300	10.2918	20028
2026-08-11T14:30:00-04:00	10.4000	10.2923	9199
2026-08-11T14:31:00-04:00	10.4150	10.2928	10245
2026-08-11T14:32:00-04:00	10.4150	10.2931	3779
2026-08-11T14:33:00-04:00	10.4300	10.2937	11315
2026-08-11T14:34:00-04:00	10.4600	10.2942	5807
2026-08-11T14:35:00-04:00	10.4550	10.2943	1482
2026-08-11T14:36:00-04:00	10.4550	10.2945	3456
2026-08-11T14:37:00-04:00	10.4785	10.2958	16363
2026-08-11T14:38:00-04:00	10.4700	10.2960	2731
2026-08-11T14:39:00-04:00	10.4650	10.2963	3794
2026-08-11T14:40:00-04:00	10.4300	10.2969	9265
2026-08-11T14:41:00-04:00	10.4400	10.2972	3688
2026-08-11T14:42:00-04:00	10.4400	10.2972	1367
2026-08-11T14:43:00-04:00	10.4450	10.2974	2600
2026-08-11T14:44:00-04:00	10.4450	10.2979	7189
2026-08-11T14:45:00-04:00	10.4300	10.2985	10037
2026-08-11T14:46:00-04:00	10.4450	10.2989	5394
2026-08-11T14:47:00-04:00	10.4400	10.3013	35976
2026-08-11T14:48:00-04:00	10.4410	10.3014	1574
2026-08-11T14:49:00-04:00	10.4550	10.3023	14055
2026-08-11T14:50:00-04:00	10.4550	10.3025	2298
2026-08-11T14:51:00-04:00	10.4550	10.3028	5424
2026-08-11T14:52:00-04:00	10.4600	10.3030	2262
2026-08-11T14:53:00-04:00	10.4600	10.3031	1911
2026-08-11T14:54:00-04:00	10.4600	10.3033	3312
2026-08-11T14:55:00-04:00	10.5100	10.3054	26116
2026-08-11T14:56:00-04:00	10.4700	10.3059	7308
2026-08-11T14:57:00-04:00	10.4800	10.3065	8325
2026-08-11T14:58:00-04:00	10.5050	10.3101	45621
2026-08-11T14:59:00-04:00	10.5200	10.3107	7053
2026-08-11T15:00:00-04:00	10.5200	10.3113	6437
2026-08-11T15:01:00-04:00	10.4500	10.3127	21975
2026-08-11T15:02:00-04:00	10.4450	10.3141	26960
2026-08-11T15:03:00-04:00	10.4500	10.3145	6344
2026-08-11T15:04:00-04:00	10.5000	10.3196	75216
2026-08-11T15:05:00-04:00	10.4850	10.3207	16625
2026-08-11T15:06:00-04:00	10.5200	10.3209	2692
2026-08-11T15:07:00-04:00	10.4850	10.3215	8650
2026-08-11T15:08:00-04:00	10.4700	10.3219	7174
2026-08-11T15:09:00-04:00	10.4700	10.3223	7191
2026-08-11T15:10:00-04:00	10.5100	10.3236	19068
2026-08-11T15:11:00-04:00	10.5200	10.3238	3265
2026-08-11T15:12:00-04:00	10.5000	10.3246	10821
2026-08-11T15:13:00-04:00	10.5300	10.3256	13605
2026-08-11T15:14:00-04:00	10.5400	10.3261	6307
2026-08-11T15:15:00-04:00	10.5300	10.3266	5834
2026-08-11T15:16:00-04:00	10.5700	10.3277	13084
2026-08-11T15:17:00-04:00	10.5400	10.3295	20690
2026-08-11T15:18:00-04:00	10.5300	10.3296	1439
2026-08-11T15:19:00-04:00	10.5400	10.3303	10028
2026-08-11T15:20:00-04:00	10.5376	10.3318	18846
2026-08-11T15:21:00-04:00	10.5300	10.3321	4641
2026-08-11T15:22:00-04:00	10.5800	10.3331	11719
2026-08-11T15:23:00-04:00	10.5550	10.3338	8468
2026-08-11T15:24:00-04:00	10.5500	10.3348	13115
2026-08-11T15:25:00-04:00	10.5400	10.3350	2370
2026-08-11T15:26:00-04:00	10.5300	10.3352	2181
2026-08-11T15:27:00-04:00	10.5500	10.3356	6021
2026-08-11T15:28:00-04:00	10.5650	10.3364	9691
2026-08-11T15:29:00-04:00	10.5700	10.3373	11292
2026-08-11T15:30:00-04:00	10.5700	10.3378	4932
2026-08-11T15:31:00-04:00	10.5400	10.3403	34563
2026-08-11T15:32:00-04:00	10.5400	10.3409	7942
2026-08-11T15:33:00-04:00	10.5500	10.3417	11865
2026-08-11T15:34:00-04:00	10.5600	10.3426	11325
2026-08-11T15:35:00-04:00	10.5200	10.3437	16965
2026-08-11T15:36:00-04:00	10.5200	10.3438	960
2026-08-11T15:37:00-04:00	10.5250	10.3444	10945
2026-08-11T15:38:00-04:00	10.5300	10.3450	7820
2026-08-11T15:39:00-04:00	10.5400	10.3454	6175
2026-08-11T15:40:00-04:00	10.5000	10.3460	11481
2026-08-11T15:41:00-04:00	10.5300	10.3472	20080
2026-08-11T15:42:00-04:00	10.5400	10.3476	6315
2026-08-11T15:43:00-04:00	10.5400	10.3481	7066
2026-08-11T15:44:00-04:00	10.5400	10.3486	8107
2026-08-11T15:45:00-04:00	10.5200	10.3524	61280
2026-08-11T15:46:00-04:00	10.5450	10.3537	21109
2026-08-11T15:47:00-04:00	10.4900	10.3584	94750
2026-08-11T15:48:00-04:00	10.4300	10.3595	52470
2026-08-11T15:49:00-04:00	10.4450	10.3603	30902
2026-08-11T15:50:00-04:00	10.5000	10.3616	35813
2026-08-11T15:51:00-04:00	10.4450	10.3629	40724
2026-08-11T15:52:00-04:00	10.4700	10.3635	20169
2026-08-11T15:53:00-04:00	10.5100	10.3648	29678
2026-08-11T15:54:00-04:00	10.5250	10.3655	15023
2026-08-11T15:55:00-04:00	10.5850	10.3676	37256
2026-08-11T15:56:00-04:00	10.5450	10.3684	14617
2026-08-11T15:57:00-04:00	10.5800	10.3715	51958
2026-08-11T15:58:00-04:00	10.5801	10.3754	63266
2026-08-11T15:59:00-04:00	10.6200	10.3797	67437
2026-08-12T09:30:00-04:00	10.6100	10.6567	60921
2026-08-12T09:31:00-04:00	10.5000	10.6511	2952
2026-08-12T09:32:00-04:00	10.5700	10.6423	5920
2026-08-12T09:33:00-04:00	10.6500	10.6421	4578
2026-08-12T09:34:00-04:00	10.6873	10.6442	5158
2026-08-12T09:35:00-04:00	10.6800	10.6476	8112
2026-08-12T09:36:00-04:00	10.6800	10.6478	601
2026-08-12T09:37:00-04:00	10.6100	10.6464	5211
2026-08-12T09:38:00-04:00	10.6100	10.6424	7666
2026-08-12T09:39:00-04:00	10.7800	10.6697	48526
2026-08-12T09:40:00-04:00	10.8989	10.6836	11484
2026-08-12T09:41:00-04:00	10.9050	10.7072	19251
2026-08-12T09:42:00-04:00	10.9911	10.7121	3519
2026-08-12T09:43:00-04:00	10.9750	10.7268	10346
2026-08-12T09:44:00-04:00	10.9050	10.7285	1648
2026-08-12T09:45:00-04:00	10.9300	10.7312	2739
2026-08-12T09:46:00-04:00	10.9450	10.7415	10393
2026-08-12T09:47:00-04:00	10.9000	10.7457	5022
2026-08-12T09:48:00-04:00	10.8800	10.7551	16539
2026-08-12T09:49:00-04:00	10.9150	10.7614	10693
2026-08-12T09:50:00-04:00	10.9000	10.7726	18158
2026-08-12T09:51:00-04:00	10.9800	10.7867	21055
2026-08-12T09:52:00-04:00	10.9700	10.7913	6647
2026-08-12T09:53:00-04:00	10.9750	10.8012	18949
2026-08-12T09:54:00-04:00	10.9363	10.8050	8412
2026-08-12T09:55:00-04:00	10.9159	10.8086	10751
2026-08-12T09:56:00-04:00	10.9500	10.8104	4061
2026-08-12T09:57:00-04:00	11.0200	10.8127	4102
2026-08-12T09:58:00-04:00	10.9750	10.8132	883
2026-08-12T09:59:00-04:00	10.9400	10.8184	13226
2026-08-12T10:00:00-04:00	10.9639	10.8229	13800
2026-08-12T10:01:00-04:00	10.9700	10.8239	2692
2026-08-12T10:02:00-04:00	10.8979	10.8249	3836
2026-08-12T10:03:00-04:00	10.8600	10.8251	1637
2026-08-12T10:04:00-04:00	10.8300	10.8252	1939
2026-08-12T10:05:00-04:00	10.8700	10.8259	6816
2026-08-12T10:06:00-04:00	10.9300	10.8267	3269
2026-08-12T10:07:00-04:00	10.9550	10.8275	2308
2026-08-12T10:08:00-04:00	10.9800	10.8284	2626
2026-08-12T10:09:00-04:00	11.0000	10.8306	5010
2026-08-12T10:10:00-04:00	10.9400	10.8315	3172
2026-08-12T10:11:00-04:00	10.9700	10.8372	18882
2026-08-12T10:12:00-04:00	10.8800	10.8390	12402
2026-08-12T10:13:00-04:00	10.9600	10.8418	11537
2026-08-12T10:14:00-04:00	10.9400	10.8426	3830
2026-08-12T10:15:00-04:00	10.9000	10.8428	1854
2026-08-12T10:16:00-04:00	10.9300	10.8438	6142
2026-08-12T10:17:00-04:00	10.9599	10.8441	1595
2026-08-12T10:18:00-04:00	10.9450	10.8451	4496
2026-08-12T10:19:00-04:00	10.8900	10.8452	1052
2026-08-12T10:20:00-04:00	10.8950	10.8455	3578
2026-08-12T10:21:00-04:00	10.9500	10.8472	8263
2026-08-12T10:22:00-04:00	10.9500	10.8476	1787
2026-08-12T10:23:00-04:00	10.9350	10.8482	2917
2026-08-12T10:24:00-04:00	10.9200	10.8486	2491
2026-08-12T10:25:00-04:00	10.9250	10.8496	5202
2026-08-12T10:26:00-04:00	10.9100	10.8500	2708
2026-08-12T10:27:00-04:00	10.9300	10.8501	571
2026-08-12T10:28:00-04:00	10.9600	10.8508	3874
2026-08-12T10:29:00-04:00	10.9500	10.8511	1187
2026-08-12T10:30:00-04:00	10.9500	10.8523	7651
2026-08-12T10:31:00-04:00	10.9200	10.8526	1744
2026-08-12T10:32:00-04:00	10.9700	10.8530	1576
2026-08-12T10:33:00-04:00	10.9350	10.8530	262
2026-08-12T10:34:00-04:00	10.8600	10.8535	6727
2026-08-12T10:35:00-04:00	10.8200	10.8534	6406
2026-08-12T10:36:00-04:00	10.8150	10.8533	1337
2026-08-12T10:37:00-04:00	10.8500	10.8531	6009
2026-08-12T10:38:00-04:00	10.8350	10.8530	1783
2026-08-12T10:39:00-04:00	10.8300	10.8530	1331
2026-08-12T10:40:00-04:00	10.8750	10.8530	4927
2026-08-12T10:41:00-04:00	10.8750	10.8531	645
2026-08-12T10:42:00-04:00	10.8400	10.8531	1025
2026-08-12T10:43:00-04:00	10.8250	10.8530	1358
2026-08-12T10:44:00-04:00	10.8000	10.8528	2240
2026-08-12T10:45:00-04:00	10.8200	10.8527	2482
2026-08-12T10:46:00-04:00	10.8100	10.8526	1620
2026-08-12T10:47:00-04:00	10.8100	10.8524	2782
2026-08-12T10:48:00-04:00	10.8450	10.8521	7200
2026-08-12T10:49:00-04:00	10.8400	10.8521	3243
2026-08-12T10:50:00-04:00	10.8850	10.8532	30145
2026-08-12T10:51:00-04:00	10.8700	10.8533	3231
2026-08-12T10:52:00-04:00	10.8750	10.8536	17411
2026-08-12T10:53:00-04:00	10.8750	10.8538	5191
2026-08-12T10:54:00-04:00	10.7959	10.8537	3169
2026-08-12T10:55:00-04:00	10.7600	10.8532	3468
2026-08-12T10:56:00-04:00	10.7500	10.8525	4942
2026-08-12T10:57:00-04:00	10.7400	10.8520	2621
2026-08-12T10:58:00-04:00	10.7500	10.8516	2141
2026-08-12T10:59:00-04:00	10.7300	10.8514	993
2026-08-12T11:00:00-04:00	10.8000	10.8501	10632
2026-08-12T11:01:00-04:00	10.7900	10.8501	347
2026-08-12T11:02:00-04:00	10.7800	10.8499	2146
2026-08-12T11:03:00-04:00	10.7400	10.8497	952
2026-08-12T11:04:00-04:00	10.7600	10.8493	2797
2026-08-12T11:05:00-04:00	10.7600	10.8491	1292
2026-08-12T11:06:00-04:00	10.7700	10.8489	1845
2026-08-12T11:07:00-04:00	10.7566	10.8488	823
2026-08-12T11:08:00-04:00	10.7550	10.8486	1056
2026-08-12T11:09:00-04:00	10.7500	10.8480	3907
2026-08-12T11:10:00-04:00	10.7300	10.8445	20277
2026-08-12T11:11:00-04:00	10.7350	10.8442	2236
2026-08-12T11:12:00-04:00	10.8300	10.8433	25240
2026-08-12T11:13:00-04:00	10.8350	10.8432	1193
2026-08-12T11:14:00-04:00	10.8400	10.8432	859
2026-08-12T11:15:00-04:00	10.8450	10.8432	3195
2026-08-12T11:16:00-04:00	10.8800	10.8436	11065
2026-08-12T11:17:00-04:00	10.9000	10.8437	590
2026-08-12T11:18:00-04:00	10.9000	10.8439	2609
2026-08-12T11:19:00-04:00	10.8700	10.8441	5127
2026-08-12T11:20:00-04:00	10.8200	10.8441	2838
2026-08-12T11:21:00-04:00	10.8200	10.8440	2963
2026-08-12T11:22:00-04:00	10.8000	10.8439	1834
2026-08-12T11:23:00-04:00	10.8200	10.8438	2402
2026-08-12T11:24:00-04:00	10.8500	10.8438	1038
2026-08-12T11:25:00-04:00	10.8400	10.8438	1380
2026-08-12T11:26:00-04:00	10.8300	10.8438	678
2026-08-12T11:27:00-04:00	10.8400	10.8438	475
2026-08-12T11:28:00-04:00	10.8500	10.8438	406
2026-08-12T11:29:00-04:00	10.8300	10.8438	1423
2026-08-12T11:30:00-04:00	10.8450	10.8437	3691
2026-08-12T11:31:00-04:00	10.8550	10.8438	743
2026-08-12T11:32:00-04:00	10.8307	10.8438	763
2026-08-12T11:33:00-04:00	10.8000	10.8436	2573
2026-08-12T11:34:00-04:00	10.8299	10.8436	1375
2026-08-12T11:35:00-04:00	10.8100	10.8435	1528
2026-08-12T11:36:00-04:00	10.8050	10.8434	2242
2026-08-12T11:37:00-04:00	10.8150	10.8434	1517
2026-08-12T11:38:00-04:00	10.8000	10.8431	4996
2026-08-12T11:39:00-04:00	10.7900	10.8430	811
2026-08-12T11:40:00-04:00	10.7600	10.8406	25334
2026-08-12T11:41:00-04:00	10.7600	10.8404	1951
2026-08-12T11:42:00-04:00	10.7750	10.8392	14086
2026-08-12T11:43:00-04:00	10.7600	10.8370	25735
2026-08-12T11:44:00-04:00	10.7500	10.8369	1477
2026-08-12T11:45:00-04:00	10.7200	10.8351	14116
2026-08-12T11:46:00-04:00	10.6800	10.8342	5590
2026-08-12T11:47:00-04:00	10.6600	10.8331	5420
2026-08-12T11:48:00-04:00	10.6100	10.8321	4126
2026-08-12T11:49:00-04:00	10.6200	10.8313	3486
2026-08-12T11:50:00-04:00	10.6200	10.8292	8640
2026-08-12T11:51:00-04:00	10.6050	10.8286	2264
2026-08-12T11:52:00-04:00	10.6050	10.8282	1571
2026-08-12T11:53:00-04:00	10.6250	10.8269	5332
2026-08-12T11:54:00-04:00	10.6350	10.8178	43086
2026-08-12T11:55:00-04:00	10.6300	10.8164	6871
2026-08-12T11:56:00-04:00	10.5900	10.8119	20158
2026-08-12T11:57:00-04:00	10.5900	10.8104	6361
2026-08-12T11:58:00-04:00	10.5850	10.8082	9262
2026-08-12T11:59:00-04:00	10.5850	10.8057	11040
2026-08-12T12:00:00-04:00	10.6100	10.8036	10269
2026-08-12T12:01:00-04:00	10.6000	10.8035	433
2026-08-12T12:02:00-04:00	10.6150	10.8033	1014
2026-08-12T12:03:00-04:00	10.6150	10.8029	2277
2026-08-12T12:04:00-04:00	10.6491	10.8018	6457
2026-08-12T12:05:00-04:00	10.6400	10.8016	1102
2026-08-12T12:06:00-04:00	10.6350	10.8015	381
2026-08-12T12:07:00-04:00	10.6350	10.8014	718
2026-08-12T12:08:00-04:00	10.6400	10.8012	1380
2026-08-12T12:09:00-04:00	10.6698	10.7996	11244
2026-08-12T12:10:00-04:00	10.6750	10.7962	27487
2026-08-12T12:11:00-04:00	10.6700	10.7961	1407
2026-08-12T12:12:00-04:00	10.6600	10.7932	23594
2026-08-12T12:14:00-04:00	10.7100	10.7885	50446
2026-08-12T12:15:00-04:00	10.7050	10.7881	5964
2026-08-12T12:16:00-04:00	10.7200	10.7871	14882
2026-08-12T12:17:00-04:00	10.7300	10.7870	1107
2026-08-12T12:18:00-04:00	10.7300	10.7869	2066
2026-08-12T12:19:00-04:00	10.6950	10.7864	7023
2026-08-12T12:20:00-04:00	10.7000	10.7852	14864
2026-08-12T12:21:00-04:00	10.7200	10.7845	11685
2026-08-12T12:22:00-04:00	10.7200	10.7844	1926
2026-08-12T12:23:00-04:00	10.7100	10.7843	946
2026-08-12T12:24:00-04:00	10.7250	10.7838	8600
2026-08-12T12:25:00-04:00	10.7500	10.7835	9770
2026-08-12T12:26:00-04:00	10.7500	10.7835	371
2026-08-12T12:27:00-04:00	10.7000	10.7832	4304
2026-08-12T12:28:00-04:00	10.6600	10.7826	6720
2026-08-12T12:29:00-04:00	10.6400	10.7823	2616
2026-08-12T12:30:00-04:00	10.6900	10.7815	9157
2026-08-12T12:31:00-04:00	10.7200	10.7812	3621
2026-08-12T12:32:00-04:00	10.7600	10.7810	8567
2026-08-12T12:33:00-04:00	10.7900	10.7810	2771
2026-08-12T12:35:00-04:00	10.8100	10.7811	2579
2026-08-12T12:36:00-04:00	10.8299	10.7811	1891
2026-08-12T12:37:00-04:00	10.8550	10.7813	3586
2026-08-12T12:38:00-04:00	10.8600	10.7814	1214
2026-08-12T12:39:00-04:00	10.8655	10.7814	860
2026-08-12T12:40:00-04:00	10.8745	10.7819	7854
2026-08-12T12:41:00-04:00	10.8800	10.7819	236
2026-08-12T12:42:00-04:00	10.8750	10.7820	476
2026-08-12T12:43:00-04:00	10.8800	10.7820	362
2026-08-12T12:44:00-04:00	10.9200	10.7828	8464
2026-08-12T12:45:00-04:00	10.9800	10.7835	5125
2026-08-12T12:46:00-04:00	11.0200	10.7848	6966
2026-08-12T12:47:00-04:00	10.9950	10.7853	2580
2026-08-12T12:48:00-04:00	10.9800	10.7859	3696
2026-08-12T12:50:00-04:00	10.9750	10.7874	10300
2026-08-12T12:51:00-04:00	10.9700	10.7886	8998
2026-08-12T12:52:00-04:00	10.9800	10.7888	1347
2026-08-12T12:53:00-04:00	10.9800	10.7890	1290
2026-08-12T12:54:00-04:00	10.9700	10.7893	1727
2026-08-12T12:55:00-04:00	11.0000	10.7935	27658
2026-08-12T12:56:00-04:00	11.0250	10.7963	16350
2026-08-12T12:57:00-04:00	10.9300	10.7976	11151
2026-08-12T12:58:00-04:00	10.9100	10.7978	1996
2026-08-12T12:59:00-04:00	10.9200	10.7983	5792
2026-08-12T13:00:00-04:00	10.9200	10.7987	4995
2026-08-12T13:01:00-04:00	10.9201	10.7993	5841
2026-08-12T13:02:00-04:00	10.9235	10.7996	3023
2026-08-12T13:04:00-04:00	10.9150	10.7997	1338
2026-08-12T13:05:00-04:00	10.8800	10.8001	6405
2026-08-12T13:06:00-04:00	10.8900	10.8005	6610
2026-08-12T13:07:00-04:00	10.8800	10.8006	763
2026-08-12T13:08:00-04:00	10.8800	10.8006	1572
2026-08-12T13:09:00-04:00	10.8600	10.8007	1428
2026-08-12T13:10:00-04:00	10.8700	10.8008	1692
2026-08-12T13:11:00-04:00	10.8850	10.8010	3533
2026-08-12T13:12:00-04:00	10.8700	10.8011	1839
2026-08-12T13:13:00-04:00	10.8800	10.8011	813
2026-08-12T13:14:00-04:00	10.8600	10.8012	1228
2026-08-12T13:15:00-04:00	10.8500	10.8012	1043
2026-08-12T13:16:00-04:00	10.9050	10.8016	5485
2026-08-12T13:17:00-04:00	10.8900	10.8016	644
2026-08-12T13:18:00-04:00	10.8800	10.8017	1615
2026-08-12T13:19:00-04:00	10.8650	10.8018	2061
2026-08-12T13:20:00-04:00	10.8500	10.8019	1404
2026-08-12T13:21:00-04:00	10.8550	10.8019	1396
2026-08-12T13:22:00-04:00	10.8450	10.8020	2588
2026-08-12T13:23:00-04:00	10.8700	10.8022	5174
2026-08-12T13:24:00-04:00	10.8883	10.8023	1603
2026-08-12T13:25:00-04:00	10.8900	10.8024	1618
2026-08-12T13:26:00-04:00	10.8850	10.8024	1050
2026-08-12T13:27:00-04:00	10.8870	10.8026	2048
2026-08-12T13:28:00-04:00	10.9350	10.8029	4689
2026-08-12T13:29:00-04:00	10.9300	10.8031	1747
2026-08-12T13:30:00-04:00	10.9200	10.8032	1756
2026-08-12T13:31:00-04:00	10.9100	10.8037	6727
2026-08-12T13:32:00-04:00	10.9000	10.8038	955
2026-08-12T13:33:00-04:00	10.8900	10.8039	1858
2026-08-12T13:34:00-04:00	10.9150	10.8042	3157
2026-08-12T13:35:00-04:00	10.9900	10.8048	6004
2026-08-12T13:36:00-04:00	11.0000	10.8052	2860
2026-08-12T13:37:00-04:00	11.0950	10.8124	42601
2026-08-12T13:38:00-04:00	11.0950	10.8129	2571
2026-08-12T13:39:00-04:00	11.1400	10.8139	4601
2026-08-12T13:40:00-04:00	11.1700	10.8164	11258
2026-08-12T13:41:00-04:00	11.0700	10.8181	8798
2026-08-12T13:42:00-04:00	11.1000	10.8194	7278
2026-08-12T13:43:00-04:00	11.1150	10.8198	2229
2026-08-12T13:44:00-04:00	11.1000	10.8208	5221
2026-08-12T13:45:00-04:00	11.0700	10.8209	807
2026-08-12T13:46:00-04:00	11.1300	10.8262	27968
2026-08-12T13:47:00-04:00	11.1800	10.8269	3056
2026-08-12T13:48:00-04:00	11.1600	10.8275	2935
2026-08-12T13:49:00-04:00	11.1700	10.8277	985
2026-08-12T13:50:00-04:00	11.2000	10.8329	23301
2026-08-12T13:51:00-04:00	11.2000	10.8340	4895
2026-08-12T13:52:00-04:00	11.1990	10.8346	2376
2026-08-12T13:53:00-04:00	11.1700	10.8348	903
2026-08-12T13:54:00-04:00	11.1800	10.8351	1681
2026-08-12T13:55:00-04:00	11.1738	10.8357	2795
2026-08-12T13:56:00-04:00	11.1700	10.8363	2675
2026-08-12T13:57:00-04:00	11.2300	10.8377	6107
2026-08-12T13:58:00-04:00	11.2000	10.8386	3791
2026-08-12T13:59:00-04:00	11.2100	10.8390	1522
2026-08-12T14:00:00-04:00	11.1800	10.8393	1674
2026-08-12T14:01:00-04:00	11.2050	10.8396	1454
2026-08-12T14:02:00-04:00	11.2300	10.8411	6091
2026-08-12T14:03:00-04:00	11.2500	10.8412	486
2026-08-12T14:04:00-04:00	11.2200	10.8416	1731
2026-08-12T14:05:00-04:00	11.2400	10.8420	1807
2026-08-12T14:06:00-04:00	11.2200	10.8426	2175
2026-08-12T14:07:00-04:00	11.2000	10.8442	7379
2026-08-12T14:08:00-04:00	11.2400	10.8453	4901
2026-08-12T14:09:00-04:00	11.2750	10.8530	30520
2026-08-12T14:10:00-04:00	11.2756	10.8536	2622
2026-08-12T14:11:00-04:00	11.2650	10.8547	4533
2026-08-12T14:12:00-04:00	11.2900	10.8582	14102
2026-08-12T14:13:00-04:00	11.3350	10.8618	12905
2026-08-12T14:14:00-04:00	11.3100	10.8644	10109
2026-08-12T14:15:00-04:00	11.3000	10.8646	701
2026-08-12T14:16:00-04:00	11.2800	10.8652	2417
2026-08-12T14:17:00-04:00	11.2600	10.8669	7349
2026-08-12T14:18:00-04:00	11.2050	10.8685	8044
2026-08-12T14:19:00-04:00	11.1800	10.8690	2665
2026-08-12T14:20:00-04:00	11.1500	10.8692	1345
2026-08-12T14:21:00-04:00	11.1400	10.8697	3311
2026-08-12T14:22:00-04:00	11.1600	10.8706	5175
2026-08-12T14:23:00-04:00	11.1400	10.8715	6260
2026-08-12T14:24:00-04:00	11.0700	10.8734	15180
2026-08-12T14:25:00-04:00	11.0600	10.8738	4292
2026-08-12T14:26:00-04:00	11.0300	10.8742	3829
2026-08-12T14:27:00-04:00	11.0300	10.8744	2427
2026-08-12T14:28:00-04:00	11.0200	10.8746	3137
2026-08-12T14:29:00-04:00	11.0400	10.8750	4479
2026-08-12T14:30:00-04:00	11.0800	10.8753	2062
2026-08-12T14:31:00-04:00	11.0600	10.8756	2767
2026-08-12T14:32:00-04:00	11.0700	10.8757	1658
2026-08-12T14:33:00-04:00	11.0550	10.8759	2048
2026-08-12T14:34:00-04:00	11.0300	10.8762	3321
2026-08-12T14:35:00-04:00	11.0600	10.8766	3588
2026-08-12T14:36:00-04:00	11.0300	10.8767	1105
2026-08-12T14:37:00-04:00	11.0400	10.8769	1983
2026-08-12T14:38:00-04:00	11.0600	10.8773	4915
2026-08-12T14:39:00-04:00	11.0400	10.8775	2012
2026-08-12T14:40:00-04:00	11.0200	10.8776	1445
2026-08-12T14:41:00-04:00	11.0300	10.8778	2153
2026-08-12T14:42:00-04:00	11.0400	10.8780	2495
2026-08-12T14:43:00-04:00	10.9950	10.8795	20837
2026-08-12T14:44:00-04:00	10.9700	10.8797	3567
2026-08-12T14:45:00-04:00	10.9600	10.8798	1681
2026-08-12T14:46:00-04:00	10.9700	10.8798	1667
2026-08-12T14:47:00-04:00	10.9900	10.8801	4303
2026-08-12T14:48:00-04:00	10.9600	10.8802	2049
2026-08-12T14:49:00-04:00	10.9800	10.8802	1261
2026-08-12T14:50:00-04:00	10.9700	10.8803	1789
2026-08-12T14:51:00-04:00	10.9600	10.8804	1418
2026-08-12T14:52:00-04:00	10.9600	10.8805	1954
2026-08-12T14:53:00-04:00	10.9600	10.8806	1696
2026-08-12T14:54:00-04:00	10.9500	10.8806	1925
2026-08-12T14:55:00-04:00	11.0200	10.8819	19814
2026-08-12T14:56:00-04:00	11.0374	10.8820	1747
2026-08-12T14:57:00-04:00	11.0300	10.8823	3187
2026-08-12T14:58:00-04:00	11.0300	10.8827	6175
2026-08-12T14:59:00-04:00	11.0350	10.8829	1814
2026-08-12T15:00:00-04:00	11.0700	10.8835	7392
2026-08-12T15:01:00-04:00	11.0700	10.8836	948
2026-08-12T15:02:00-04:00	11.0750	10.8852	16213
2026-08-12T15:03:00-04:00	11.0700	10.8857	4795
2026-08-12T15:04:00-04:00	11.0300	10.8862	7325
2026-08-12T15:05:00-04:00	11.0400	10.8865	3158
2026-08-12T15:06:00-04:00	11.0400	10.8865	701
2026-08-12T15:07:00-04:00	11.0300	10.8866	1278
2026-08-12T15:08:00-04:00	11.0250	10.8870	5229
2026-08-12T15:09:00-04:00	11.0100	10.8873	3685
2026-08-12T15:10:00-04:00	11.0400	10.8877	5925
2026-08-12T15:11:00-04:00	11.0450	10.8878	1166
2026-08-12T15:12:00-04:00	11.0100	10.8879	2536
2026-08-12T15:13:00-04:00	11.0400	10.8882	3774
2026-08-12T15:14:00-04:00	11.0300	10.8884	2801
2026-08-12T15:15:00-04:00	11.0000	10.8886	2803
2026-08-12T15:16:00-04:00	11.0500	10.8900	18385
2026-08-12T15:17:00-04:00	11.0499	10.8902	2050
2026-08-12T15:18:00-04:00	11.0400	10.8903	1540
2026-08-12T15:19:00-04:00	11.0300	10.8904	1980
2026-08-12T15:20:00-04:00	11.0100	10.8907	4636
2026-08-12T15:21:00-04:00	11.0500	10.8915	10583
2026-08-12T15:22:00-04:00	11.0699	10.8915	531
2026-08-12T15:23:00-04:00	11.0000	10.8920	6831
2026-08-12T15:24:00-04:00	10.9800	10.8920	1101
2026-08-12T15:25:00-04:00	11.0100	10.8924	7627
2026-08-12T15:26:00-04:00	11.0119	10.8925	965
2026-08-12T15:27:00-04:00	11.0200	10.8927	2895
2026-08-12T15:28:00-04:00	11.0000	10.8928	2030
2026-08-12T15:29:00-04:00	11.0300	10.8932	5881
2026-08-12T15:30:00-04:00	11.0100	10.8935	5677
2026-08-12T15:31:00-04:00	11.0120	10.8938	5075
2026-08-12T15:32:00-04:00	10.9900	10.8944	11143
2026-08-12T15:33:00-04:00	10.9650	10.8944	1995
2026-08-12T15:34:00-04:00	10.9500	10.8952	24950
2026-08-12T15:35:00-04:00	10.9800	10.8957	13600
2026-08-12T15:36:00-04:00	10.9800	10.8958	3054
2026-08-12T15:37:00-04:00	10.9800	10.8959	2467
2026-08-12T15:38:00-04:00	10.9800	10.8960	3324
2026-08-12T15:39:00-04:00	10.9550	10.8961	4225
2026-08-12T15:40:00-04:00	10.9500	10.8963	6774
2026-08-12T15:41:00-04:00	10.9600	10.8965	6677
2026-08-12T15:42:00-04:00	10.9200	10.8967	16445
2026-08-12T15:43:00-04:00	10.9450	10.8968	7028
2026-08-12T15:44:00-04:00	10.9550	10.8969	1962
2026-08-12T15:45:00-04:00	10.9700	10.8971	5294
2026-08-12T15:46:00-04:00	10.9500	10.8974	10170
2026-08-12T15:47:00-04:00	10.9750	10.8978	12529
2026-08-12T15:48:00-04:00	10.9700	10.8990	32969
2026-08-12T15:49:00-04:00	10.9850	10.8994	8824
2026-08-12T15:50:00-04:00	11.0250	10.9008	30833
2026-08-12T15:51:00-04:00	10.9700	10.9014	15326
2026-08-12T15:52:00-04:00	10.9900	10.9039	56756
2026-08-12T15:53:00-04:00	11.0500	10.9048	17278
2026-08-12T15:54:00-04:00	11.0700	10.9049	2296
2026-08-12T15:55:00-04:00	11.0000	10.9057	15266
2026-08-12T15:56:00-04:00	11.1200	10.9073	21787
2026-08-12T15:57:00-04:00	11.1000	10.9097	27478
2026-08-12T15:58:00-04:00	11.1500	10.9145	54983
2026-08-12T15:59:00-04:00	11.0550	10.9181	54861
2026-08-13T09:30:00-04:00	10.8900	10.8633	31850
2026-08-13T09:31:00-04:00	11.3550	11.0388	27540
2026-08-13T09:32:00-04:00	11.3000	11.1164	21909
2026-08-13T09:33:00-04:00	11.1900	11.1227	6135
2026-08-13T09:34:00-04:00	11.2400	11.1259	2845
2026-08-13T09:35:00-04:00	11.2400	11.1286	2205
2026-08-13T09:36:00-04:00	11.3225	11.1306	1138
2026-08-13T09:37:00-04:00	11.3050	11.1539	13019
2026-08-13T09:38:00-04:00	11.4000	11.1668	7151
2026-08-13T09:39:00-04:00	11.3725	11.1827	11390
2026-08-13T09:40:00-04:00	11.5500	11.2081	11006
2026-08-13T09:41:00-04:00	11.5200	11.2272	9204
2026-08-13T09:42:00-04:00	11.5300	11.2511	12856
2026-08-13T09:43:00-04:00	11.4500	11.2633	8689
2026-08-13T09:44:00-04:00	11.4750	11.2858	18572
2026-08-13T09:45:00-04:00	11.4700	11.2908	4664
2026-08-13T09:46:00-04:00	11.4650	11.2940	3864
2026-08-13T09:47:00-04:00	11.5200	11.3003	8458
2026-08-13T09:48:00-04:00	11.4730	11.3119	14688
2026-08-13T09:49:00-04:00	11.4500	11.3133	2170
2026-08-13T09:50:00-04:00	11.4500	11.3309	28490
2026-08-13T09:51:00-04:00	11.4900	11.3344	6304
2026-08-13T09:52:00-04:00	11.4450	11.3369	5207
2026-08-13T09:53:00-04:00	11.5000	11.3412	8442
2026-08-13T09:54:00-04:00	11.5701	11.3490	10022
2026-08-13T09:55:00-04:00	11.5900	11.3548	7087
2026-08-13T09:56:00-04:00	11.6242	11.3589	4897
2026-08-13T09:57:00-04:00	11.5100	11.3630	7041
2026-08-13T09:58:00-04:00	11.4550	11.3640	3494
2026-08-13T09:59:00-04:00	11.4900	11.3660	5526
2026-08-13T10:00:00-04:00	11.5200	11.3688	5423
2026-08-13T10:01:00-04:00	11.5076	11.3733	9499
2026-08-13T10:02:00-04:00	11.5350	11.3809	15012
2026-08-13T10:03:00-04:00	11.6700	11.3920	15423
2026-08-13T10:04:00-04:00	11.8000	11.4166	24978
2026-08-13T10:05:00-04:00	11.8100	11.4522	35802
2026-08-13T10:06:00-04:00	11.6731	11.4619	15837
2026-08-13T10:07:00-04:00	11.6700	11.4709	18294
2026-08-13T10:08:00-04:00	11.5800	11.4737	8279
2026-08-13T10:09:00-04:00	11.5997	11.4746	3375
2026-08-13T10:10:00-04:00	11.5348	11.4764	9144
2026-08-13T10:11:00-04:00	11.5500	11.4771	4684
2026-08-13T10:12:00-04:00	11.5100	11.4786	20903
2026-08-13T10:13:00-04:00	11.5050	11.4789	4561
2026-08-13T10:14:00-04:00	11.4400	11.4788	3992
2026-08-13T10:15:00-04:00	11.4899	11.4787	3354
2026-08-13T10:16:00-04:00	11.5200	11.4789	5845
2026-08-13T10:17:00-04:00	11.5750	11.4799	7046
2026-08-13T10:18:00-04:00	11.5100	11.4808	9367
2026-08-13T10:19:00-04:00	11.4250	11.4805	3682
2026-08-13T10:20:00-04:00	11.4300	11.4801	3387
2026-08-13T10:21:00-04:00	11.5000	11.4801	10571
2026-08-13T10:22:00-04:00	11.5460	11.4805	3864
2026-08-13T10:23:00-04:00	11.5350	11.4819	9574
2026-08-13T10:24:00-04:00	11.5500	11.4821	2436
2026-08-13T10:25:00-04:00	11.5550	11.4830	7627
2026-08-13T10:26:00-04:00	11.5100	11.4831	1662
2026-08-13T10:27:00-04:00	11.5000	11.4833	3611
2026-08-13T10:28:00-04:00	11.4750	11.4833	1117
2026-08-13T10:29:00-04:00	11.4700	11.4833	7261
2026-08-13T10:30:00-04:00	11.3650	11.4822	6565
2026-08-13T10:31:00-04:00	11.3800	11.4800	11602
2026-08-13T10:32:00-04:00	11.3400	11.4789	5219
2026-08-13T10:33:00-04:00	11.3250	11.4768	8405
2026-08-13T10:34:00-04:00	11.3100	11.4754	5323
2026-08-13T10:35:00-04:00	11.3650	11.4723	14395
2026-08-13T10:36:00-04:00	11.3400	11.4719	1977
2026-08-13T10:37:00-04:00	11.2750	11.4714	1960
2026-08-13T10:38:00-04:00	11.2400	11.4709	1644
2026-08-13T10:39:00-04:00	11.2600	11.4663	15289
2026-08-13T10:40:00-04:00	11.2800	11.4646	6010
2026-08-13T10:41:00-04:00	11.2800	11.4593	20031
2026-08-13T10:42:00-04:00	11.2800	11.4591	861
2026-08-13T10:43:00-04:00	11.3000	11.4580	4125
2026-08-13T10:44:00-04:00	11.2800	11.4573	2536
2026-08-13T10:45:00-04:00	11.2741	11.4568	1914
2026-08-13T10:46:00-04:00	11.2800	11.4555	5305
2026-08-13T10:47:00-04:00	11.2600	11.4534	7476
2026-08-13T10:48:00-04:00	11.3400	11.4516	9274
2026-08-13T10:49:00-04:00	11.3150	11.4511	3267
2026-08-13T10:50:00-04:00	11.2850	11.4505	2612
2026-08-13T10:51:00-04:00	11.2450	11.4495	3284
2026-08-13T10:52:00-04:00	11.2350	11.4482	4572
2026-08-13T10:53:00-04:00	11.2300	11.4477	1918
2026-08-13T10:54:00-04:00	11.2300	11.4471	1838
2026-08-13T10:55:00-04:00	11.2300	11.4466	1748
2026-08-13T10:56:00-04:00	11.2200	11.4434	10563
2026-08-13T10:57:00-04:00	11.2050	11.4402	10393
2026-08-13T10:58:00-04:00	11.2600	11.4382	7348
2026-08-13T10:59:00-04:00	11.2300	11.4357	9891
2026-08-13T11:00:00-04:00	11.3050	11.4320	18439
2026-08-13T11:01:00-04:00	11.2799	11.4308	6379
2026-08-13T11:02:00-04:00	11.2100	11.4304	1259
2026-08-13T11:03:00-04:00	11.1500	11.4293	3564
2026-08-13T11:04:00-04:00	11.1135	11.4270	5974
2026-08-13T11:05:00-04:00	11.1250	11.4262	2116
2026-08-13T11:06:00-04:00	11.1100	11.4251	3051
2026-08-13T11:07:00-04:00	11.1000	11.4223	6907
2026-08-13T11:08:00-04:00	11.1050	11.4204	4792
2026-08-13T11:09:00-04:00	11.1100	11.4196	2361
2026-08-13T11:10:00-04:00	11.0800	11.4174	5271
2026-08-13T11:11:00-04:00	11.0900	11.4166	2001
2026-08-13T11:12:00-04:00	11.0350	11.4119	10467
2026-08-13T11:13:00-04:00	11.0200	11.4102	3705
2026-08-13T11:14:00-04:00	11.0000	11.4039	13739
2026-08-13T11:15:00-04:00	10.9900	11.3980	12367
2026-08-13T11:16:00-04:00	10.9714	11.3969	2416
2026-08-13T11:17:00-04:00	10.9900	11.3955	2940
2026-08-13T11:18:00-04:00	10.9720	11.3876	17266
2026-08-13T11:19:00-04:00	10.9700	11.3850	5755
2026-08-13T11:20:00-04:00	10.9500	11.3838	2326
2026-08-13T11:21:00-04:00	10.9236	11.3831	1473
2026-08-13T11:22:00-04:00	10.9400	11.3812	3768
2026-08-13T11:23:00-04:00	10.9600	11.3781	6640
2026-08-13T11:24:00-04:00	10.9500	11.3778	673
2026-08-13T11:25:00-04:00	10.9600	11.3773	1102
2026-08-13T11:26:00-04:00	10.9700	11.3748	5568
2026-08-13T11:27:00-04:00	11.0000	11.3709	9503
2026-08-13T11:28:00-04:00	11.0080	11.3632	19913
2026-08-13T11:29:00-04:00	10.9950	11.3628	1075
2026-08-13T11:30:00-04:00	10.9950	11.3606	5651
2026-08-13T11:31:00-04:00	11.0400	11.3586	5993
2026-08-13T11:32:00-04:00	11.0250	11.3576	3099
2026-08-13T11:33:00-04:00	11.0850	11.3554	7549
2026-08-13T11:34:00-04:00	11.0899	11.3533	7255
2026-08-13T11:35:00-04:00	11.0700	11.3531	782
2026-08-13T11:36:00-04:00	11.0600	11.3525	2105
2026-08-13T11:37:00-04:00	11.1200	11.3502	9128
2026-08-13T11:38:00-04:00	11.1264	11.3497	1935
2026-08-13T11:39:00-04:00	11.1350	11.3489	3633
2026-08-13T11:40:00-04:00	11.1200	11.3485	1885
2026-08-13T11:41:00-04:00	11.1500	11.3476	4448
2026-08-13T11:42:00-04:00	11.1600	11.3467	4764
2026-08-13T11:43:00-04:00	11.1500	11.3461	3455
2026-08-13T11:44:00-04:00	11.1200	11.3457	1590
2026-08-13T11:45:00-04:00	11.1000	11.3454	1264
2026-08-13T11:46:00-04:00	11.1000	11.3448	2520
2026-08-13T11:47:00-04:00	11.0650	11.3439	3538
2026-08-13T11:48:00-04:00	11.0700	11.3416	8958
2026-08-13T11:49:00-04:00	11.0750	11.3411	1862
2026-08-13T11:50:00-04:00	11.0700	11.3405	2111
2026-08-13T11:51:00-04:00	11.0400	11.3402	1228
2026-08-13T11:52:00-04:00	11.0464	11.3398	1430
2026-08-13T11:53:00-04:00	11.0300	11.3390	2555
2026-08-13T11:54:00-04:00	11.0400	11.3382	2690
2026-08-13T11:55:00-04:00	11.0200	11.3379	938
2026-08-13T11:56:00-04:00	11.0100	11.3368	3531
2026-08-13T11:57:00-04:00	11.0100	11.3356	3885
2026-08-13T11:58:00-04:00	10.9900	11.3347	2855
2026-08-13T11:59:00-04:00	10.9700	11.3311	10820
2026-08-13T12:00:00-04:00	10.9700	11.3303	2289
2026-08-13T12:01:00-04:00	10.9800	11.3298	1669
2026-08-13T12:02:00-04:00	10.9800	11.3292	1710
2026-08-13T12:03:00-04:00	10.9600	11.3266	7627
2026-08-13T12:04:00-04:00	10.9500	11.3263	952
2026-08-13T12:05:00-04:00	10.9400	11.3246	4805
2026-08-13T12:06:00-04:00	10.9600	11.3225	6226
2026-08-13T12:07:00-04:00	10.9400	11.3209	4694
2026-08-13T12:08:00-04:00	10.9281	11.3201	2110
2026-08-13T12:09:00-04:00	10.8800	11.3151	13032
2026-08-13T12:10:00-04:00	10.8800	11.3141	2651
2026-08-13T12:11:00-04:00	10.8881	11.3136	1147
2026-08-13T12:12:00-04:00	10.8800	11.3109	6892
2026-08-13T12:13:00-04:00	10.8750	11.3102	1838
2026-08-13T12:14:00-04:00	10.8450	11.2944	40122
2026-08-13T12:15:00-04:00	10.8350	11.2766	48648
2026-08-13T12:16:00-04:00	10.7700	11.2722	11304
2026-08-13T12:17:00-04:00	10.7750	11.2677	11214
2026-08-13T12:18:00-04:00	10.7700	11.2645	8005
2026-08-13T12:19:00-04:00	10.7900	11.2636	2272
2026-08-13T12:20:00-04:00	10.7920	11.2550	23005
2026-08-13T12:21:00-04:00	10.8400	11.2447	31376
2026-08-13T12:22:00-04:00	10.8300	11.2444	1041
2026-08-13T12:23:00-04:00	10.8200	11.2440	1292
2026-08-13T12:24:00-04:00	10.8750	11.2412	9701
2026-08-13T12:25:00-04:00	10.9050	11.2389	8701
2026-08-13T12:26:00-04:00	10.9750	11.2315	34912
2026-08-13T12:27:00-04:00	10.9542	11.2312	1264
2026-08-13T12:28:00-04:00	10.9899	11.2299	7222
2026-08-13T12:29:00-04:00	11.0050	11.2291	4987
2026-08-13T12:30:00-04:00	10.9950	11.2288	1985
2026-08-13T12:31:00-04:00	10.9800	11.2285	1378
2026-08-13T12:32:00-04:00	10.9400	11.2280	2315
2026-08-13T12:33:00-04:00	10.9550	11.2276	2320
2026-08-13T12:34:00-04:00	10.9800	11.2262	7554
2026-08-13T12:35:00-04:00	11.0100	11.2257	3031
2026-08-13T12:36:00-04:00	11.0100	11.2249	4949
2026-08-13T12:38:00-04:00	11.0850	11.2240	8362
2026-08-13T12:39:00-04:00	11.0900	11.2232	7853
2026-08-13T12:40:00-04:00	11.0800	11.2227	4727
2026-08-13T12:41:00-04:00	11.0700	11.2226	1474
2026-08-13T12:42:00-04:00	11.0400	11.2219	5556
2026-08-13T12:44:00-04:00	11.0490	11.2215	3551
2026-08-13T12:45:00-04:00	11.0600	11.2211	3073
2026-08-13T12:46:00-04:00	11.0900	11.2209	2268
2026-08-13T12:47:00-04:00	11.0900	11.2206	3787
2026-08-13T12:48:00-04:00	11.1150	11.2201	6022
2026-08-13T12:49:00-04:00	11.1000	11.2200	1640
2026-08-13T12:50:00-04:00	11.1300	11.2199	361
2026-08-13T12:51:00-04:00	11.1100	11.2198	1931
2026-08-13T12:52:00-04:00	11.1000	11.2197	1395
2026-08-13T12:53:00-04:00	11.1100	11.2196	989
2026-08-13T12:54:00-04:00	11.1200	11.2194	3240
2026-08-13T12:55:00-04:00	11.1200	11.2193	593
2026-08-13T12:56:00-04:00	11.1150	11.2193	502
2026-08-13T12:57:00-04:00	11.1050	11.2192	1978
2026-08-13T12:58:00-04:00	11.1000	11.2179	16232
2026-08-13T12:59:00-04:00	11.0550	11.2172	6835
2026-08-13T13:00:00-04:00	11.0300	11.2166	4834
2026-08-13T13:01:00-04:00	10.9920	11.2148	12404
2026-08-13T13:02:00-04:00	11.0320	11.2134	10505
2026-08-13T13:03:00-04:00	11.0200	11.2131	2682
2026-08-13T13:04:00-04:00	11.0188	11.2113	13916
2026-08-13T13:05:00-04:00	11.0100	11.2077	28032
2026-08-13T13:06:00-04:00	11.0500	11.2066	10082
2026-08-13T13:07:00-04:00	11.0550	11.2065	595
2026-08-13T13:08:00-04:00	11.0550	11.2065	228
2026-08-13T13:09:00-04:00	11.0600	11.2064	1066
2026-08-13T13:10:00-04:00	11.0500	11.2062	2046
2026-08-13T13:11:00-04:00	11.0200	11.2059	2419
2026-08-13T13:12:00-04:00	11.0400	11.2054	4566
2026-08-13T13:13:00-04:00	11.0350	11.2053	1292
2026-08-13T13:14:00-04:00	11.0600	11.2048	4630
2026-08-13T13:15:00-04:00	11.0700	11.2048	153
2026-08-13T13:16:00-04:00	11.1300	11.2043	8124
2026-08-13T13:17:00-04:00	11.1300	11.2042	1377
2026-08-13T13:18:00-04:00	11.1050	11.2041	2465
2026-08-13T13:19:00-04:00	11.0850	11.2036	6476
2026-08-13T13:20:00-04:00	11.0800	11.2033	3883
2026-08-13T13:21:00-04:00	11.0800	11.2033	320
2026-08-13T13:22:00-04:00	11.1000	11.2030	4659
2026-08-13T13:23:00-04:00	11.0800	11.2028	1997
2026-08-13T13:24:00-04:00	11.1000	11.2027	2159
2026-08-13T13:25:00-04:00	11.1100	11.2027	209
2026-08-13T13:26:00-04:00	11.1100	11.2025	2968
2026-08-13T13:27:00-04:00	11.1100	11.2024	1700
2026-08-13T13:28:00-04:00	11.1200	11.2023	1064
2026-08-13T13:29:00-04:00	11.1200	11.2022	3718
2026-08-13T13:30:00-04:00	11.1300	11.2020	3105
2026-08-13T13:31:00-04:00	11.1400	11.2020	381
2026-08-13T13:32:00-04:00	11.1400	11.2019	1899
2026-08-13T13:33:00-04:00	11.1390	11.2015	11151
2026-08-13T13:34:00-04:00	11.1250	11.2014	3488
2026-08-13T13:35:00-04:00	11.1300	11.2013	2180
2026-08-13T13:36:00-04:00	11.1450	11.2011	6432
2026-08-13T13:37:00-04:00	11.1300	11.2010	1818
2026-08-13T13:38:00-04:00	11.1200	11.2008	4330
2026-08-13T13:39:00-04:00	11.1481	11.2005	7269
2026-08-13T13:40:00-04:00	11.1500	11.2005	469
2026-08-13T13:41:00-04:00	11.1400	11.2003	5407
2026-08-13T13:42:00-04:00	11.1200	11.2002	2588
2026-08-13T13:43:00-04:00	11.1250	11.2001	2157
2026-08-13T13:44:00-04:00	11.1275	11.2000	1700
2026-08-13T13:45:00-04:00	11.1400	11.1998	6359
2026-08-13T13:46:00-04:00	11.1500	11.1996	6531
2026-08-13T13:47:00-04:00	11.1600	11.1995	2813
2026-08-13T13:48:00-04:00	11.1800	11.1995	3560
2026-08-13T13:49:00-04:00	11.1500	11.1994	3517
2026-08-13T13:50:00-04:00	11.1550	11.1993	1384
2026-08-13T13:51:00-04:00	11.1400	11.1992	3341
2026-08-13T13:52:00-04:00	11.1400	11.1992	517
2026-08-13T13:53:00-04:00	11.1500	11.1992	277
2026-08-13T13:54:00-04:00	11.1500	11.1991	5419
2026-08-13T13:56:00-04:00	11.1500	11.1989	3966
2026-08-13T13:57:00-04:00	11.1654	11.1988	6101
2026-08-13T13:58:00-04:00	11.1800	11.1987	6406
2026-08-13T13:59:00-04:00	11.1700	11.1986	5229
2026-08-13T14:00:00-04:00	11.1700	11.1986	804
2026-08-13T14:01:00-04:00	11.1800	11.1986	2505
2026-08-13T14:02:00-04:00	11.2200	11.1987	11464
2026-08-13T14:03:00-04:00	11.2450	11.1989	7997
2026-08-13T14:05:00-04:00	11.2400	11.1989	2538
2026-08-13T14:06:00-04:00	11.2500	11.1991	5049
2026-08-13T14:07:00-04:00	11.2400	11.1992	5430
2026-08-13T14:08:00-04:00	11.2300	11.1993	4346
2026-08-13T14:09:00-04:00	11.2300	11.1993	1183
2026-08-13T14:10:00-04:00	11.2300	11.1993	3279
2026-08-13T14:11:00-04:00	11.2100	11.1994	3191
2026-08-13T14:12:00-04:00	11.2150	11.1994	815
2026-08-13T14:13:00-04:00	11.2100	11.1994	2268
2026-08-13T14:14:00-04:00	11.2150	11.1994	579
2026-08-13T14:15:00-04:00	11.2200	11.1995	4853
2026-08-13T14:16:00-04:00	11.2200	11.1995	848
2026-08-13T14:17:00-04:00	11.2200	11.1995	1334
2026-08-13T14:18:00-04:00	11.2400	11.1997	9202
2026-08-13T14:19:00-04:00	11.2400	11.1997	2884
2026-08-13T14:20:00-04:00	11.2400	11.1998	2012
2026-08-13T14:21:00-04:00	11.2400	11.1998	1745
2026-08-13T14:22:00-04:00	11.2500	11.1999	4758
2026-08-13T14:23:00-04:00	11.2850	11.2005	11435
2026-08-13T14:24:00-04:00	11.2750	11.2007	6134
2026-08-13T14:25:00-04:00	11.2750	11.2008	1709
2026-08-13T14:26:00-04:00	11.2750	11.2009	2954
2026-08-13T14:27:00-04:00	11.2600	11.2009	1538
2026-08-13T14:28:00-04:00	11.2900	11.2011	3590
2026-08-13T14:29:00-04:00	11.3000	11.2014	6641
2026-08-13T14:30:00-04:00	11.3200	11.2018	6391
2026-08-13T14:31:00-04:00	11.3300	11.2022	5534
2026-08-13T14:32:00-04:00	11.3300	11.2032	15344
2026-08-13T14:33:00-04:00	11.3250	11.2033	2141
2026-08-13T14:34:00-04:00	11.3300	11.2051	27280
2026-08-13T14:35:00-04:00	11.3250	11.2061	14768
2026-08-13T14:36:00-04:00	11.3240	11.2066	8389
2026-08-13T14:37:00-04:00	11.3300	11.2066	863
2026-08-13T14:38:00-04:00	11.3300	11.2070	5884
2026-08-13T14:39:00-04:00	11.3400	11.2072	2761
2026-08-13T14:40:00-04:00	11.3200	11.2073	1098
2026-08-13T14:41:00-04:00	11.3150	11.2075	4237
2026-08-13T14:42:00-04:00	11.3064	11.2083	15458
2026-08-13T14:43:00-04:00	11.3199	11.2087	6962
2026-08-13T14:44:00-04:00	11.3390	11.2102	23957
2026-08-13T14:45:00-04:00	11.3650	11.2109	10599
2026-08-13T14:46:00-04:00	11.3600	11.2112	3155
2026-08-13T14:47:00-04:00	11.3100	11.2115	6195
2026-08-13T14:48:00-04:00	11.3100	11.2117	3707
2026-08-13T14:49:00-04:00	11.3500	11.2125	14224
2026-08-13T14:50:00-04:00	11.3800	11.2139	18200
2026-08-13T14:51:00-04:00	11.4050	11.2146	7617
2026-08-13T14:52:00-04:00	11.3800	11.2154	9869
2026-08-13T14:53:00-04:00	11.3850	11.2162	9317
2026-08-13T14:54:00-04:00	11.4100	11.2168	6122
2026-08-13T14:55:00-04:00	11.3950	11.2171	3531
2026-08-13T14:56:00-04:00	11.3950	11.2173	1805
2026-08-13T14:57:00-04:00	11.4050	11.2177	4166
2026-08-13T14:58:00-04:00	11.4200	11.2180	3360
2026-08-13T14:59:00-04:00	11.4300	11.2213	31823
2026-08-13T15:00:00-04:00	11.4400	11.2214	1489
2026-08-13T15:01:00-04:00	11.4100	11.2222	7935
2026-08-13T15:02:00-04:00	11.3900	11.2228	8206
2026-08-13T15:03:00-04:00	11.4100	11.2232	3837
2026-08-13T15:04:00-04:00	11.4100	11.2236	5034
2026-08-13T15:05:00-04:00	11.4250	11.2240	4535
2026-08-13T15:06:00-04:00	11.4100	11.2245	5274
2026-08-13T15:07:00-04:00	11.4200	11.2247	2489
2026-08-13T15:08:00-04:00	11.4100	11.2253	7267
2026-08-13T15:09:00-04:00	11.4100	11.2259	6684
2026-08-13T15:10:00-04:00	11.4100	11.2261	2290
2026-08-13T15:11:00-04:00	11.4100	11.2271	12455
2026-08-13T15:12:00-04:00	11.4200	11.2276	4970
2026-08-13T15:13:00-04:00	11.4100	11.2283	8734
2026-08-13T15:14:00-04:00	11.4100	11.2285	2841
2026-08-13T15:15:00-04:00	11.4100	11.2287	1570
2026-08-13T15:16:00-04:00	11.4100	11.2294	8973
2026-08-13T15:17:00-04:00	11.4120	11.2295	1871
2026-08-13T15:18:00-04:00	11.4300	11.2321	28210
2026-08-13T15:19:00-04:00	11.4550	11.2327	6446
2026-08-13T15:20:00-04:00	11.4900	11.2330	3267
2026-08-13T15:21:00-04:00	11.5100	11.2338	6031
2026-08-13T15:22:00-04:00	11.4600	11.2352	14071
2026-08-13T15:23:00-04:00	11.4600	11.2353	549
2026-08-13T15:24:00-04:00	11.4700	11.2354	1179
2026-08-13T15:25:00-04:00	11.4600	11.2364	9516
2026-08-13T15:26:00-04:00	11.4600	11.2387	24147
2026-08-13T15:27:00-04:00	11.4800	11.2391	4169
2026-08-13T15:28:00-04:00	11.4900	11.2405	12948
2026-08-13T15:29:00-04:00	11.5100	11.2411	4921
2026-08-13T15:30:00-04:00	11.4900	11.2422	10069
2026-08-13T15:31:00-04:00	11.4384	11.2438	18689
2026-08-13T15:32:00-04:00	11.4400	11.2444	7029
2026-08-13T15:33:00-04:00	11.4700	11.2452	8137
2026-08-13T15:34:00-04:00	11.5200	11.2467	13486
2026-08-13T15:35:00-04:00	11.5100	11.2473	5701
2026-08-13T15:36:00-04:00	11.5300	11.2478	4334
2026-08-13T15:37:00-04:00	11.5400	11.2501	19370
2026-08-13T15:38:00-04:00	11.5050	11.2525	22012
2026-08-13T15:39:00-04:00	11.4900	11.2543	17739
2026-08-13T15:40:00-04:00	11.4400	11.2555	13787
2026-08-13T15:41:00-04:00	11.4450	11.2565	13780
2026-08-13T15:42:00-04:00	11.4000	11.2576	17087
2026-08-13T15:43:00-04:00	11.3850	11.2582	11886
2026-08-13T15:44:00-04:00	11.3600	11.2587	11032
2026-08-13T15:45:00-04:00	11.3550	11.2591	10867
2026-08-13T15:46:00-04:00	11.3400	11.2593	5561
2026-08-13T15:47:00-04:00	11.3550	11.2606	34625
2026-08-13T15:48:00-04:00	11.3850	11.2613	17738
2026-08-13T15:49:00-04:00	11.3700	11.2624	21941
2026-08-13T15:50:00-04:00	11.3200	11.2646	65714
2026-08-13T15:51:00-04:00	11.3546	11.2650	14141
2026-08-13T15:52:00-04:00	11.3500	11.2657	17729
2026-08-13T15:53:00-04:00	11.3850	11.2665	20003
2026-08-13T15:54:00-04:00	11.4100	11.2674	18461
2026-08-13T15:55:00-04:00	11.5000	11.2705	43422
2026-08-13T15:56:00-04:00	11.5450	11.2749	47885
2026-08-13T15:57:00-04:00	11.5200	11.2795	53685
2026-08-13T15:58:00-04:00	11.5300	11.2843	60937
2026-08-13T15:59:00-04:00	11.5052	11.2920	110394
2026-08-14T09:30:00-04:00	10.2100	10.1400	493573
2026-08-14T09:31:00-04:00	10.2200	10.1403	1682
2026-08-14T09:32:00-04:00	10.4800	10.1586	30499
2026-08-14T09:33:00-04:00	10.2350	10.1634	13575
2026-08-14T09:34:00-04:00	10.2403	10.2104	363797
2026-08-14T09:35:00-04:00	10.0100	10.2030	86195
2026-08-14T09:36:00-04:00	9.9900	10.1926	57078
2026-08-14T09:37:00-04:00	9.7550	10.1543	116372
2026-08-14T09:38:00-04:00	9.7850	10.1416	40701
2026-08-14T09:39:00-04:00	9.9919	10.1241	100855
2026-08-14T09:40:00-04:00	9.9500	10.1207	24527
2026-08-14T09:41:00-04:00	10.0450	10.1187	26424
2026-08-14T09:42:00-04:00	10.0500	10.1174	17679
2026-08-14T09:43:00-04:00	9.9400	10.1165	9105
2026-08-14T09:44:00-04:00	9.8400	10.1137	14964
2026-08-14T09:45:00-04:00	9.7400	10.1068	27418
2026-08-14T09:46:00-04:00	9.8000	10.1011	25484
2026-08-14T09:47:00-04:00	9.9100	10.0991	13007
2026-08-14T09:48:00-04:00	9.7700	10.0977	7427
2026-08-14T09:49:00-04:00	9.6600	10.0928	18462
2026-08-14T09:50:00-04:00	9.7300	10.0803	48959
2026-08-14T09:51:00-04:00	9.8700	10.0793	6379
2026-08-14T09:52:00-04:00	9.8700	10.0761	25150
2026-08-14T09:53:00-04:00	9.8400	10.0753	5924
2026-08-14T09:54:00-04:00	9.8800	10.0747	4531
2026-08-14T09:55:00-04:00	9.7950	10.0660	52967
2026-08-14T09:56:00-04:00	9.8260	10.0592	41240
2026-08-14T09:57:00-04:00	9.9000	10.0576	15030
2026-08-14T09:58:00-04:00	10.0000	10.0562	30669
2026-08-14T09:59:00-04:00	10.0200	10.0553	23662
2026-08-14T10:00:00-04:00	10.3550	10.0641	94363
2026-08-14T10:01:00-04:00	10.2200	10.0717	71094
2026-08-14T10:02:00-04:00	10.2400	10.0769	63250
2026-08-14T10:03:00-04:00	10.2400	10.0786	20628
2026-08-14T10:04:00-04:00	10.2350	10.0817	39479
2026-08-14T10:05:00-04:00	10.3000	10.0874	54452
2026-08-14T10:06:00-04:00	10.3500	10.0915	31768
2026-08-14T10:07:00-04:00	10.3400	10.0947	26856
2026-08-14T10:08:00-04:00	10.4100	10.0973	20918
2026-08-14T10:09:00-04:00	10.2650	10.1026	52433
2026-08-14T10:10:00-04:00	10.2600	10.1030	5966
2026-08-14T10:11:00-04:00	10.3100	10.1050	21851
2026-08-14T10:12:00-04:00	10.2657	10.1062	16796
2026-08-14T10:13:00-04:00	10.2650	10.1079	23888
2026-08-14T10:14:00-04:00	10.2150	10.1085	11665
2026-08-14T10:15:00-04:00	10.2600	10.1093	13400
2026-08-14T10:16:00-04:00	10.3671	10.1103	10639
2026-08-14T10:17:00-04:00	10.3850	10.1176	64011
2026-08-14T10:18:00-04:00	10.2250	10.1199	36378
2026-08-14T10:19:00-04:00	10.2700	10.1210	19660
2026-08-14T10:20:00-04:00	10.2900	10.1213	4444
2026-08-14T10:21:00-04:00	10.3199	10.1221	10807
2026-08-14T10:22:00-04:00	10.2900	10.1230	12697
2026-08-14T10:23:00-04:00	10.2700	10.1246	25176
2026-08-14T10:24:00-04:00	10.2000	10.1257	35000
2026-08-14T10:25:00-04:00	10.2150	10.1261	15359
2026-08-14T10:26:00-04:00	10.2100	10.1265	14703
2026-08-14T10:27:00-04:00	10.2399	10.1267	4048
2026-08-14T10:28:00-04:00	10.1400	10.1268	6209
2026-08-14T10:29:00-04:00	10.1600	10.1269	14292
2026-08-14T10:30:00-04:00	10.1000	10.1270	19461
2026-08-14T10:31:00-04:00	10.1322	10.1270	9947
2026-08-14T10:32:00-04:00	10.1400	10.1270	5715
2026-08-14T10:33:00-04:00	10.0900	10.1269	8329
2026-08-14T10:34:00-04:00	10.1164	10.1268	8658
2026-08-14T10:35:00-04:00	10.1130	10.1266	18422
2026-08-14T10:36:00-04:00	10.0850	10.1266	2327
2026-08-14T10:37:00-04:00	10.0900	10.1265	10157
2026-08-14T10:38:00-04:00	10.0750	10.1264	3485
2026-08-14T10:39:00-04:00	10.1650	10.1265	12496
2026-08-14T10:40:00-04:00	10.2400	10.1271	17832
2026-08-14T10:41:00-04:00	10.1600	10.1275	18016
2026-08-14T10:42:00-04:00	10.1100	10.1275	6042
2026-08-14T10:43:00-04:00	10.1300	10.1274	10727
2026-08-14T10:44:00-04:00	10.2000	10.1276	10273
2026-08-14T10:45:00-04:00	10.1900	10.1290	50120
2026-08-14T10:46:00-04:00	10.1500	10.1290	1191
2026-08-14T10:47:00-04:00	10.0400	10.1285	28925
2026-08-14T10:48:00-04:00	10.0400	10.1284	4729
2026-08-14T10:49:00-04:00	10.0300	10.1281	8789
2026-08-14T10:50:00-04:00	9.9700	10.1276	11474
2026-08-14T10:51:00-04:00	9.9750	10.1271	8992
2026-08-14T10:52:00-04:00	10.0100	10.1267	9025
2026-08-14T10:53:00-04:00	10.0150	10.1261	16437
2026-08-14T10:54:00-04:00	10.0750	10.1249	42778
2026-08-14T10:55:00-04:00	10.1400	10.1249	6585
2026-08-14T10:56:00-04:00	10.0150	10.1245	16221
2026-08-14T10:57:00-04:00	10.1400	10.1245	5763
2026-08-14T10:58:00-04:00	10.1450	10.1248	26621
2026-08-14T10:59:00-04:00	10.1065	10.1247	10674
2026-08-14T11:00:00-04:00	10.0800	10.1246	4133
2026-08-14T11:01:00-04:00	10.0500	10.1245	4603
2026-08-14T11:02:00-04:00	10.0500	10.1244	3432
2026-08-14T11:03:00-04:00	10.0215	10.1241	8098
2026-08-14T11:04:00-04:00	9.9900	10.1239	6837
2026-08-14T11:05:00-04:00	10.0600	10.1224	46143
2026-08-14T11:06:00-04:00	10.0900	10.1223	12458
2026-08-14T11:07:00-04:00	10.2000	10.1224	6769
2026-08-14T11:08:00-04:00	10.1600	10.1227	18612
2026-08-14T11:09:00-04:00	10.2050	10.1229	11189
2026-08-14T11:10:00-04:00	10.1850	10.1232	12164
2026-08-14T11:11:00-04:00	10.2150	10.1240	21770
2026-08-14T11:12:00-04:00	10.2500	10.1249	28623
2026-08-14T11:13:00-04:00	10.2800	10.1254	11945
2026-08-14T11:14:00-04:00	10.2928	10.1263	17576
2026-08-14T11:15:00-04:00	10.2900	10.1268	8753
2026-08-14T11:16:00-04:00	10.3100	10.1275	13610
2026-08-14T11:17:00-04:00	10.2700	10.1280	9537
2026-08-14T11:18:00-04:00	10.2500	10.1283	9476
2026-08-14T11:19:00-04:00	10.2700	10.1285	4043
2026-08-14T11:20:00-04:00	10.2500	10.1289	9996
2026-08-14T11:21:00-04:00	10.2600	10.1292	6367
2026-08-14T11:22:00-04:00	10.1651	10.1296	21697
2026-08-14T11:23:00-04:00	10.1900	10.1298	11641
2026-08-14T11:24:00-04:00	10.1400	10.1299	5021
2026-08-14T11:25:00-04:00	10.1550	10.1299	4785
2026-08-14T11:26:00-04:00	10.1400	10.1299	3735
2026-08-14T11:27:00-04:00	10.0800	10.1297	22573
2026-08-14T11:28:00-04:00	10.0100	10.1293	12812
2026-08-14T11:29:00-04:00	10.0100	10.1290	6421
2026-08-14T11:30:00-04:00	9.9781	10.1286	10110
2026-08-14T11:31:00-04:00	9.9481	10.1243	72361
2026-08-14T11:32:00-04:00	9.9600	10.1236	13321
2026-08-14T11:33:00-04:00	9.9200	10.1229	13150
2026-08-14T11:34:00-04:00	9.9400	10.1225	8053
2026-08-14T11:35:00-04:00	9.9700	10.1221	7476
2026-08-14T11:36:00-04:00	9.9550	10.1218	6522
2026-08-14T11:37:00-04:00	9.9850	10.1214	11506
2026-08-14T11:38:00-04:00	9.9780	10.1210	9002
2026-08-14T11:39:00-04:00	9.9876	10.1202	19763
2026-08-14T11:40:00-04:00	10.0500	10.1200	6671
2026-08-14T11:41:00-04:00	10.0900	10.1199	8467
2026-08-14T11:42:00-04:00	10.0900	10.1195	42456
2026-08-14T11:43:00-04:00	10.0900	10.1195	4171
2026-08-14T11:44:00-04:00	10.0463	10.1193	12634
2026-08-14T11:45:00-04:00	10.0500	10.1192	5621
2026-08-14T11:46:00-04:00	10.1150	10.1185	134946
2026-08-14T11:47:00-04:00	10.0800	10.1185	7065
2026-08-14T11:48:00-04:00	10.0200	10.1184	3792
2026-08-14T11:49:00-04:00	9.9748	10.1180	11032
2026-08-14T11:50:00-04:00	9.9700	10.1177	8841
2026-08-14T11:51:00-04:00	9.9700	10.1171	13740
2026-08-14T11:52:00-04:00	10.0100	10.1170	5550
2026-08-14T11:53:00-04:00	9.9900	10.1168	6278
2026-08-14T11:54:00-04:00	10.0173	10.1167	4629
2026-08-14T11:55:00-04:00	10.0300	10.1166	2268
2026-08-14T11:56:00-04:00	10.0600	10.1166	2968
2026-08-14T11:57:00-04:00	10.0850	10.1165	2503
2026-08-14T11:58:00-04:00	10.1100	10.1165	6703
2026-08-14T11:59:00-04:00	10.1150	10.1165	3538
2026-08-14T12:00:00-04:00	10.1300	10.1165	2013
2026-08-14T12:01:00-04:00	10.1350	10.1165	960
2026-08-14T12:02:00-04:00	10.1100	10.1166	21843
2026-08-14T12:03:00-04:00	10.1200	10.1166	2189
2026-08-14T12:04:00-04:00	10.1600	10.1167	10526
2026-08-14T12:05:00-04:00	10.2000	10.1173	32395
2026-08-14T12:06:00-04:00	10.1350	10.1175	23062
2026-08-14T12:07:00-04:00	10.1500	10.1176	8256
2026-08-14T12:08:00-04:00	10.1800	10.1176	1477
2026-08-14T12:09:00-04:00	10.1600	10.1177	3534
2026-08-14T12:10:00-04:00	10.1600	10.1177	2109
2026-08-14T12:11:00-04:00	10.1650	10.1177	1897
2026-08-14T12:12:00-04:00	10.1800	10.1177	1649
2026-08-14T12:13:00-04:00	10.1700	10.1178	4419
2026-08-14T12:14:00-04:00	10.1800	10.1178	2745
2026-08-14T12:15:00-04:00	10.1800	10.1178	1083
2026-08-14T12:16:00-04:00	10.2100	10.1180	8673
2026-08-14T12:17:00-04:00	10.1850	10.1183	14104
2026-08-14T12:18:00-04:00	10.1850	10.1183	2601
2026-08-14T12:19:00-04:00	10.1650	10.1184	8694
2026-08-14T12:20:00-04:00	10.1950	10.1185	4484
2026-08-14T12:21:00-04:00	10.2399	10.1190	15848
2026-08-14T12:22:00-04:00	10.1950	10.1191	3996
2026-08-14T12:23:00-04:00	10.1650	10.1192	6594
2026-08-14T12:24:00-04:00	10.1900	10.1193	5920
2026-08-14T12:25:00-04:00	10.2000	10.1193	3688
2026-08-14T12:26:00-04:00	10.2350	10.1194	2961
2026-08-14T12:27:00-04:00	10.2300	10.1194	1514
2026-08-14T12:28:00-04:00	10.2300	10.1201	23148
2026-08-14T12:29:00-04:00	10.2000	10.1202	3326
2026-08-14T12:30:00-04:00	10.2000	10.1203	5314
2026-08-14T12:31:00-04:00	10.1750	10.1204	6719
2026-08-14T12:32:00-04:00	10.1650	10.1205	2964
2026-08-14T12:33:00-04:00	10.1750	10.1206	7518
2026-08-14T12:34:00-04:00	10.1800	10.1206	1931
2026-08-14T12:35:00-04:00	10.2400	10.1208	7633
2026-08-14T12:36:00-04:00	10.2250	10.1208	1132
2026-08-14T12:37:00-04:00	10.2200	10.1209	2210
2026-08-14T12:38:00-04:00	10.2150	10.1210	5069
2026-08-14T12:39:00-04:00	10.2850	10.1214	12006
2026-08-14T12:40:00-04:00	10.2200	10.1217	9020
2026-08-14T12:41:00-04:00	10.1800	10.1218	7477
2026-08-14T12:42:00-04:00	10.1650	10.1218	1769
2026-08-14T12:43:00-04:00	10.1800	10.1219	2792
2026-08-14T12:44:00-04:00	10.1879	10.1219	562
2026-08-14T12:45:00-04:00	10.1300	10.1220	23594
2026-08-14T12:46:00-04:00	10.1300	10.1220	1304
2026-08-14T12:47:00-04:00	10.1000	10.1220	9924
2026-08-14T12:48:00-04:00	10.1050	10.1219	8999
2026-08-14T12:49:00-04:00	10.0850	10.1219	2176
2026-08-14T12:50:00-04:00	10.1150	10.1219	8204
2026-08-14T12:51:00-04:00	10.1100	10.1219	1667
2026-08-14T12:52:00-04:00	10.2000	10.1221	11796
2026-08-14T12:53:00-04:00	10.2300	10.1221	2748
2026-08-14T12:54:00-04:00	10.2150	10.1222	5313
2026-08-14T12:55:00-04:00	10.2200	10.1223	1682
2026-08-14T12:56:00-04:00	10.2300	10.1227	19361
2026-08-14T12:57:00-04:00	10.2300	10.1228	2802
2026-08-14T12:58:00-04:00	10.2300	10.1229	5659
2026-08-14T12:59:00-04:00	10.2500	10.1230	3265
2026-08-14T13:00:00-04:00	10.2700	10.1235	14631
2026-08-14T13:01:00-04:00	10.2650	10.1242	19398
2026-08-14T13:02:00-04:00	10.2500	10.1245	10849
2026-08-14T13:03:00-04:00	10.2300	10.1248	10316
2026-08-14T13:04:00-04:00	10.2500	10.1249	3191
2026-08-14T13:05:00-04:00	10.2600	10.1257	26621
2026-08-14T13:06:00-04:00	10.3100	10.1272	37230
2026-08-14T13:07:00-04:00	10.4550	10.1305	50886
2026-08-14T13:08:00-04:00	10.5300	10.1329	27306
2026-08-14T13:09:00-04:00	10.5500	10.1336	7425
2026-08-14T13:10:00-04:00	10.6700	10.1361	22879
2026-08-14T13:11:00-04:00	10.7000	10.1396	27203
2026-08-14T13:12:00-04:00	10.7400	10.1504	82815
2026-08-14T13:13:00-04:00	10.7800	10.1532	21288
2026-08-14T13:14:00-04:00	10.7600	10.1559	20780
2026-08-14T13:15:00-04:00	10.8150	10.1578	12934
2026-08-14T13:16:00-04:00	10.8500	10.1604	18541
2026-08-14T13:17:00-04:00	10.7700	10.1743	102729
2026-08-14T13:18:00-04:00	10.7600	10.1755	9317
2026-08-14T13:19:00-04:00	10.8700	10.1778	16356
2026-08-14T13:20:00-04:00	10.9300	10.1942	108550
2026-08-14T13:21:00-04:00	10.8950	10.1960	12021
2026-08-14T13:22:00-04:00	10.8950	10.1968	5828
2026-08-14T13:23:00-04:00	10.9250	10.1977	5749
2026-08-14T13:24:00-04:00	10.9300	10.1981	2663
2026-08-14T13:25:00-04:00	10.9400	10.1994	8484
2026-08-14T13:26:00-04:00	10.9400	10.2043	33473
2026-08-14T13:27:00-04:00	10.9300	10.2049	3807
2026-08-14T13:28:00-04:00	10.9200	10.2061	8594
2026-08-14T13:29:00-04:00	10.9750	10.2069	4913
2026-08-14T13:30:00-04:00	10.8900	10.2100	21587
2026-08-14T13:31:00-04:00	10.9099	10.2110	7182
2026-08-14T13:32:00-04:00	11.0750	10.2163	32633
2026-08-14T13:33:00-04:00	11.0800	10.2186	13174
2026-08-14T13:34:00-04:00	11.1350	10.2223	21646
2026-08-14T13:35:00-04:00	11.0935	10.2230	3861
2026-08-14T13:36:00-04:00	11.1400	10.2249	10570
2026-08-14T13:37:00-04:00	11.0900	10.2306	32525
2026-08-14T13:38:00-04:00	11.0001	10.2312	4312
2026-08-14T13:39:00-04:00	11.0700	10.2331	11478
2026-08-14T13:40:00-04:00	11.0600	10.2342	6660
2026-08-14T13:41:00-04:00	11.0678	10.2350	5139
2026-08-14T13:42:00-04:00	11.0500	10.2354	2592
2026-08-14T13:43:00-04:00	10.9700	10.2364	6913
2026-08-14T13:44:00-04:00	11.0100	10.2374	6437
2026-08-14T13:45:00-04:00	11.0300	10.2377	1872
2026-08-14T13:46:00-04:00	11.0200	10.2382	3221
2026-08-14T13:47:00-04:00	11.0001	10.2385	2565
2026-08-14T13:48:00-04:00	10.9800	10.2399	9457
2026-08-14T13:49:00-04:00	10.9000	10.2433	26579
2026-08-14T13:50:00-04:00	10.9100	10.2443	7729
2026-08-14T13:51:00-04:00	10.9300	10.2458	11180
2026-08-14T13:52:00-04:00	10.9390	10.2479	15930
2026-08-14T13:53:00-04:00	10.9200	10.2491	9442
2026-08-14T13:54:00-04:00	10.9500	10.2504	9502
2026-08-14T13:55:00-04:00	10.9600	10.2511	5854
2026-08-14T13:56:00-04:00	10.9900	10.2524	8866
2026-08-14T13:57:00-04:00	10.9900	10.2527	2226
2026-08-14T13:58:00-04:00	11.0200	10.2537	6804
2026-08-14T13:59:00-04:00	10.9800	10.2548	7675
2026-08-14T14:00:00-04:00	11.0100	10.2552	2837
2026-08-14T14:01:00-04:00	11.0050	10.2557	3960
2026-08-14T14:02:00-04:00	11.0700	10.2563	3632
2026-08-14T14:03:00-04:00	11.0350	10.2570	5127
2026-08-14T14:04:00-04:00	11.0242	10.2573	1558
2026-08-14T14:05:00-04:00	11.0150	10.2579	4135
2026-08-14T14:06:00-04:00	11.0184	10.2582	2545
2026-08-14T14:07:00-04:00	11.0100	10.2587	3314
2026-08-14T14:08:00-04:00	11.0200	10.2596	6461
2026-08-14T14:09:00-04:00	11.0050	10.2599	2006
2026-08-14T14:10:00-04:00	10.9700	10.2606	5513
2026-08-14T14:11:00-04:00	10.9799	10.2609	1732
2026-08-14T14:12:00-04:00	10.9156	10.2628	15212
2026-08-14T14:13:00-04:00	10.9150	10.2633	4611
2026-08-14T14:14:00-04:00	10.9500	10.2639	4097
2026-08-14T14:15:00-04:00	10.9800	10.2640	1201
2026-08-14T14:16:00-04:00	10.9600	10.2644	3038
2026-08-14T14:17:00-04:00	10.9450	10.2649	3959
2026-08-14T14:18:00-04:00	10.9350	10.2652	1894
2026-08-14T14:19:00-04:00	10.9700	10.2659	5583
2026-08-14T14:20:00-04:00	10.8800	10.2663	3847
2026-08-14T14:21:00-04:00	10.9000	10.2668	3695
2026-08-14T14:22:00-04:00	10.9700	10.2675	5464
2026-08-14T14:23:00-04:00	10.9800	10.2691	12592
2026-08-14T14:24:00-04:00	10.9750	10.2694	1720
2026-08-14T14:25:00-04:00	10.9750	10.2696	1561
2026-08-14T14:26:00-04:00	10.9750	10.2698	1403
2026-08-14T14:27:00-04:00	10.9700	10.2701	2790
2026-08-14T14:28:00-04:00	10.9600	10.2707	4191
2026-08-14T14:29:00-04:00	10.9550	10.2709	2257
2026-08-14T14:30:00-04:00	10.9600	10.2714	3361
2026-08-14T14:31:00-04:00	10.9650	10.2715	894
2026-08-14T14:32:00-04:00	10.9700	10.2717	1874
2026-08-14T14:33:00-04:00	10.9885	10.2724	5282
2026-08-14T14:34:00-04:00	10.9600	10.2728	3101
2026-08-14T14:35:00-04:00	10.9450	10.2735	5802
2026-08-14T14:36:00-04:00	10.9450	10.2737	1194
2026-08-14T14:37:00-04:00	10.9050	10.2742	4738
2026-08-14T14:38:00-04:00	10.9075	10.2744	1484
2026-08-14T14:39:00-04:00	10.9150	10.2745	1066
2026-08-14T14:40:00-04:00	10.9300	10.2749	3224
2026-08-14T14:41:00-04:00	10.9500	10.2752	1886
2026-08-14T14:42:00-04:00	10.9700	10.2756	3877
2026-08-14T14:43:00-04:00	10.9300	10.2763	5224
2026-08-14T14:44:00-04:00	10.9300	10.2766	2745
2026-08-14T14:45:00-04:00	10.9400	10.2768	1254
2026-08-14T14:46:00-04:00	10.9850	10.2772	3361
2026-08-14T14:47:00-04:00	10.9600	10.2779	5182
2026-08-14T14:48:00-04:00	11.0300	10.2823	33827
2026-08-14T14:49:00-04:00	11.0472	10.2830	4812
2026-08-14T14:50:00-04:00	11.1500	10.2838	5410
2026-08-14T14:51:00-04:00	11.1550	10.2845	4324
2026-08-14T14:52:00-04:00	11.1850	10.2876	19361
2026-08-14T14:53:00-04:00	11.1700	10.2881	3121
2026-08-14T14:54:00-04:00	11.1609	10.2891	6709
2026-08-14T14:55:00-04:00	11.1300	10.2898	4432
2026-08-14T14:56:00-04:00	11.1300	10.2920	14789
2026-08-14T14:57:00-04:00	11.0800	10.2935	10023
2026-08-14T14:58:00-04:00	11.1150	10.2942	5159
2026-08-14T14:59:00-04:00	11.0900	10.2946	2342
2026-08-14T15:00:00-04:00	11.1300	10.2970	16227
2026-08-14T15:01:00-04:00	11.1100	10.2977	4523
2026-08-14T15:02:00-04:00	11.1300	10.2979	1704
2026-08-14T15:03:00-04:00	11.0200	10.2998	13916
2026-08-14T15:04:00-04:00	11.0150	10.3003	3774
2026-08-14T15:05:00-04:00	10.9900	10.3007	3259
2026-08-14T15:06:00-04:00	10.9800	10.3012	4588
2026-08-14T15:07:00-04:00	10.9600	10.3017	3919
2026-08-14T15:08:00-04:00	10.9600	10.3018	911
2026-08-14T15:09:00-04:00	10.9400	10.3024	5339
2026-08-14T15:10:00-04:00	10.9800	10.3027	2356
2026-08-14T15:11:00-04:00	11.0000	10.3030	2860
2026-08-14T15:12:00-04:00	11.0200	10.3035	3635
2026-08-14T15:13:00-04:00	11.0100	10.3044	7396
2026-08-14T15:14:00-04:00	10.9830	10.3056	9965
2026-08-14T15:15:00-04:00	11.0368	10.3066	7871
2026-08-14T15:16:00-04:00	11.0100	10.3071	4165
2026-08-14T15:17:00-04:00	11.0300	10.3074	2511
2026-08-14T15:18:00-04:00	11.0150	10.3079	3260
2026-08-14T15:19:00-04:00	10.9850	10.3085	5363
2026-08-14T15:20:00-04:00	10.9523	10.3096	9340
2026-08-14T15:21:00-04:00	10.9700	10.3101	4328
2026-08-14T15:22:00-04:00	10.9650	10.3103	2066
2026-08-14T15:23:00-04:00	10.9881	10.3106	2516
2026-08-14T15:24:00-04:00	11.0300	10.3112	4954
2026-08-14T15:25:00-04:00	11.0700	10.3119	4893
2026-08-14T15:26:00-04:00	11.0500	10.3123	3714
2026-08-14T15:27:00-04:00	11.0300	10.3131	6425
2026-08-14T15:28:00-04:00	11.0400	10.3137	4203
2026-08-14T15:29:00-04:00	11.0300	10.3146	7565
2026-08-14T15:30:00-04:00	11.0800	10.3170	18667
2026-08-14T15:31:00-04:00	11.0600	10.3180	7749
2026-08-14T15:32:00-04:00	11.0500	10.3193	9901
2026-08-14T15:33:00-04:00	11.1000	10.3211	14185
2026-08-14T15:34:00-04:00	11.0700	10.3253	32877
2026-08-14T15:35:00-04:00	11.1100	10.3275	16573
2026-08-14T15:36:00-04:00	11.1400	10.3282	4873
2026-08-14T15:37:00-04:00	11.1800	10.3315	23387
2026-08-14T15:38:00-04:00	11.1350	10.3334	13517
2026-08-14T15:39:00-04:00	11.1400	10.3339	4087
2026-08-14T15:40:00-04:00	11.1350	10.3361	15598
2026-08-14T15:41:00-04:00	11.1515	10.3371	7805
2026-08-14T15:42:00-04:00	11.1900	10.3389	12373
2026-08-14T15:43:00-04:00	11.1450	10.3405	11629
2026-08-14T15:44:00-04:00	11.1800	10.3410	3286
2026-08-14T15:45:00-04:00	11.1950	10.3429	13325
2026-08-14T15:46:00-04:00	11.1950	10.3441	8738
2026-08-14T15:47:00-04:00	11.1900	10.3462	14736
2026-08-14T15:48:00-04:00	11.2385	10.3487	17163
2026-08-14T15:49:00-04:00	11.1650	10.3507	14308
2026-08-14T15:50:00-04:00	11.1200	10.3545	28881
2026-08-14T15:51:00-04:00	11.1500	10.3569	18699
2026-08-14T15:52:00-04:00	11.1700	10.3584	11875
2026-08-14T15:53:00-04:00	11.1400	10.3604	15112
2026-08-14T15:54:00-04:00	11.1000	10.3634	24213
2026-08-14T15:55:00-04:00	10.9900	10.3680	42369
2026-08-14T15:56:00-04:00	10.9800	10.3746	66281
2026-08-14T15:57:00-04:00	10.9200	10.3806	67798
2026-08-14T15:58:00-04:00	10.9150	10.3858	60753
2026-08-14T15:59:00-04:00	10.9250	10.3925	81175
2026-08-17T09:30:00-04:00	10.6650	10.5710	296987
2026-08-17T09:31:00-04:00	10.5850	10.5685	48244
2026-08-17T09:32:00-04:00	11.1758	10.6166	44264
2026-08-17T09:33:00-04:00	11.5700	10.7192	54380
2026-08-17T09:34:00-04:00	11.6300	10.8589	84099
2026-08-17T09:35:00-04:00	11.5890	10.8890	22315
2026-08-17T09:36:00-04:00	11.4500	10.9061	16844
2026-08-17T09:37:00-04:00	11.3250	10.9214	19626
2026-08-17T09:38:00-04:00	11.3675	10.9382	23315
2026-08-17T09:39:00-04:00	11.4800	10.9474	11315
2026-08-17T09:40:00-04:00	11.3500	10.9515	5951
2026-08-17T09:41:00-04:00	11.2800	10.9567	9352
2026-08-17T09:42:00-04:00	11.3500	10.9591	3897
2026-08-17T09:43:00-04:00	11.3200	10.9606	2529
2026-08-17T09:44:00-04:00	11.4200	10.9707	15346
2026-08-17T09:45:00-04:00	11.3800	10.9739	5428
2026-08-17T09:46:00-04:00	11.3550	10.9844	18078
2026-08-17T09:47:00-04:00	11.3600	10.9921	13731
2026-08-17T09:48:00-04:00	11.4650	10.9975	8672
2026-08-17T09:49:00-04:00	11.3600	11.0000	4576
2026-08-17T09:50:00-04:00	11.3850	11.0020	3486
2026-08-17T09:51:00-04:00	11.3100	11.0065	9727
2026-08-17T09:52:00-04:00	11.3350	11.0080	3279
2026-08-17T09:53:00-04:00	11.3800	11.0130	10577
2026-08-17T09:54:00-04:00	11.3750	11.0168	7888
2026-08-17T09:55:00-04:00	11.3300	11.0183	3488
2026-08-17T09:56:00-04:00	11.3900	11.0195	2530
2026-08-17T09:57:00-04:00	11.3650	11.0220	5454
2026-08-17T09:58:00-04:00	11.4150	11.0252	6857
2026-08-17T09:59:00-04:00	11.3737	11.0265	2585
2026-08-17T10:00:00-04:00	11.3537	11.0282	3990
2026-08-17T10:01:00-04:00	11.2049	11.0303	6894
2026-08-17T10:02:00-04:00	11.2400	11.0306	1251
2026-08-17T10:03:00-04:00	11.2300	11.0331	11883
2026-08-17T10:04:00-04:00	11.2500	11.0352	8060
2026-08-17T10:05:00-04:00	11.2700	11.0406	18375
2026-08-17T10:06:00-04:00	11.2700	11.0438	12126
2026-08-17T10:07:00-04:00	11.2650	11.0451	4943
2026-08-17T10:08:00-04:00	11.3200	11.0467	5195
2026-08-17T10:09:00-04:00	11.4000	11.0480	3385
2026-08-17T10:10:00-04:00	11.5350	11.0544	12165
2026-08-17T10:11:00-04:00	11.5025	11.0593	9369
2026-08-17T10:12:00-04:00	11.4500	11.0616	4996
2026-08-17T10:13:00-04:00	11.3950	11.0683	16816
2026-08-17T10:14:00-04:00	11.3700	11.0702	5413
2026-08-17T10:15:00-04:00	11.2850	11.0736	12648
2026-08-17T10:16:00-04:00	11.3800	11.0770	12186
2026-08-17T10:17:00-04:00	11.5000	11.0833	15240
2026-08-17T10:18:00-04:00	11.5150	11.0858	5113
2026-08-17T10:19:00-04:00	11.4400	11.0879	5395
2026-08-17T10:20:00-04:00	11.3900	11.0885	1849
2026-08-17T10:21:00-04:00	11.4700	11.0901	3951
2026-08-17T10:22:00-04:00	11.4100	11.0908	1941
2026-08-17T10:23:00-04:00	11.4000	11.0924	5457
2026-08-17T10:24:00-04:00	11.3800	11.0938	4444
2026-08-17T10:25:00-04:00	11.4250	11.0974	10414
2026-08-17T10:26:00-04:00	11.4750	11.1000	6962
2026-08-17T10:27:00-04:00	11.4800	11.1008	1890
2026-08-17T10:28:00-04:00	11.4571	11.1011	882
2026-08-17T10:29:00-04:00	11.4750	11.1013	500
2026-08-17T10:30:00-04:00	11.5200	11.1057	11140
2026-08-17T10:31:00-04:00	11.5400	11.1066	1914
2026-08-17T10:32:00-04:00	11.4600	11.1098	8675
2026-08-17T10:33:00-04:00	11.3550	11.1125	10359
2026-08-17T10:34:00-04:00	11.2050	11.1135	8045
2026-08-17T10:35:00-04:00	11.2399	11.1145	9628
2026-08-17T10:36:00-04:00	11.1900	11.1149	4452
2026-08-17T10:37:00-04:00	11.2000	11.1150	1232
2026-08-17T10:38:00-04:00	11.1400	11.1153	7798
2026-08-17T10:39:00-04:00	11.1650	11.1153	1385
2026-08-17T10:40:00-04:00	11.1000	11.1154	8323
2026-08-17T10:41:00-04:00	11.0600	11.1150	10823
2026-08-17T10:42:00-04:00	11.0514	11.1146	6792
2026-08-17T10:43:00-04:00	11.0350	11.1129	27760
2026-08-17T10:44:00-04:00	11.0000	11.1127	2755
2026-08-17T10:45:00-04:00	11.0300	11.1126	1118
2026-08-17T10:46:00-04:00	10.9600	11.1122	3193
2026-08-17T10:47:00-04:00	10.9700	11.1118	3147
2026-08-17T10:48:00-04:00	10.9600	11.1109	6190
2026-08-17T10:49:00-04:00	10.9600	11.1107	1551
2026-08-17T10:50:00-04:00	10.9600	11.1090	12912
2026-08-17T10:51:00-04:00	11.0500	11.1065	32902
2026-08-17T10:52:00-04:00	11.1350	11.1071	36680
2026-08-17T10:53:00-04:00	11.1250	11.1076	20197
2026-08-17T10:54:00-04:00	11.1188	11.1076	2205
2026-08-17T10:55:00-04:00	11.1120	11.1082	25190
2026-08-17T10:56:00-04:00	11.0800	11.1082	3006
2026-08-17T10:57:00-04:00	11.0650	11.1080	3136
2026-08-17T10:58:00-04:00	11.0550	11.1078	4919
2026-08-17T10:59:00-04:00	11.0500	11.1078	1502
2026-08-17T11:00:00-04:00	11.0500	11.1077	2372
2026-08-17T11:01:00-04:00	11.1200	11.1074	21073
2026-08-17T11:02:00-04:00	11.2650	11.1093	20265
2026-08-17T11:03:00-04:00	11.2300	11.1153	57529
2026-08-17T11:04:00-04:00	11.1800	11.1158	7593
2026-08-17T11:05:00-04:00	11.2100	11.1163	8915
2026-08-17T11:06:00-04:00	11.2150	11.1166	5255
2026-08-17T11:07:00-04:00	11.2150	11.1168	2438
2026-08-17T11:08:00-04:00	11.2400	11.1173	6506
2026-08-17T11:09:00-04:00	11.3150	11.1429	153167
2026-08-17T11:10:00-04:00	11.4200	11.1435	3900
2026-08-17T11:11:00-04:00	11.5000	11.1448	5945
2026-08-17T11:12:00-04:00	11.4400	11.1475	13860
2026-08-17T11:13:00-04:00	11.4600	11.1502	13835
2026-08-17T11:14:00-04:00	11.3900	11.1507	2782
2026-08-17T11:15:00-04:00	11.3900	11.1511	2700
2026-08-17T11:16:00-04:00	11.3900	11.1520	6056
2026-08-17T11:17:00-04:00	11.2900	11.1548	26955
2026-08-17T11:18:00-04:00	11.3200	11.1568	20141
2026-08-17T11:19:00-04:00	11.4000	11.1573	3311
2026-08-17T11:20:00-04:00	11.3750	11.1575	1483
2026-08-17T11:21:00-04:00	11.3450	11.1578	2482
2026-08-17T11:22:00-04:00	11.3600	11.1583	4315
2026-08-17T11:23:00-04:00	11.5300	11.1678	53283
2026-08-17T11:24:00-04:00	11.5100	11.1701	11670
2026-08-17T11:25:00-04:00	11.5350	11.1709	3922
2026-08-17T11:26:00-04:00	11.5000	11.1721	6258
2026-08-17T11:27:00-04:00	11.4500	11.1768	28365
2026-08-17T11:28:00-04:00	11.4350	11.1770	1501
2026-08-17T11:29:00-04:00	11.4200	11.1777	5009
2026-08-17T11:30:00-04:00	11.4300	11.1785	4857
2026-08-17T11:31:00-04:00	11.4100	11.1805	16438
2026-08-17T11:32:00-04:00	11.4000	11.1818	10333
2026-08-17T11:33:00-04:00	11.3750	11.1822	3219
2026-08-17T11:34:00-04:00	11.3900	11.1828	5831
2026-08-17T11:35:00-04:00	11.3600	11.1833	4383
2026-08-17T11:36:00-04:00	11.3100	11.1837	5813
2026-08-17T11:37:00-04:00	11.3300	11.1841	5547
2026-08-17T11:38:00-04:00	11.3300	11.1842	1069
2026-08-17T11:39:00-04:00	11.3249	11.1843	849
2026-08-17T11:40:00-04:00	11.4000	11.1851	7714
2026-08-17T11:41:00-04:00	11.4500	11.1854	1726
2026-08-17T11:42:00-04:00	11.5950	11.1890	17774
2026-08-17T11:43:00-04:00	11.6352	11.1903	5718
2026-08-17T11:44:00-04:00	11.5847	11.1917	6531
2026-08-17T11:45:00-04:00	11.5950	11.1923	2551
2026-08-17T11:46:00-04:00	11.5950	11.1946	10901
2026-08-17T11:47:00-04:00	11.5750	11.1951	2431
2026-08-17T11:48:00-04:00	11.5700	11.1958	3654
2026-08-17T11:49:00-04:00	11.5300	11.1968	5213
2026-08-17T11:50:00-04:00	11.5000	11.1970	1050
2026-08-17T11:51:00-04:00	11.5400	11.1973	1608
2026-08-17T11:52:00-04:00	11.5400	11.1977	2254
2026-08-17T11:53:00-04:00	11.5800	11.2003	13236
2026-08-17T11:54:00-04:00	11.6250	11.2044	19188
2026-08-17T11:55:00-04:00	11.5950	11.2069	12282
2026-08-17T11:56:00-04:00	11.6050	11.2078	4528
2026-08-17T11:57:00-04:00	11.5800	11.2086	3997
2026-08-17T11:58:00-04:00	11.5700	11.2103	9073
2026-08-17T11:59:00-04:00	11.5600	11.2108	2657
2026-08-17T12:00:00-04:00	11.4950	11.2113	3150
2026-08-17T12:01:00-04:00	11.4500	11.2114	1138
2026-08-17T12:02:00-04:00	11.4050	11.2122	8257
2026-08-17T12:03:00-04:00	11.4050	11.2131	8650
2026-08-17T12:04:00-04:00	11.3900	11.2134	2457
2026-08-17T12:05:00-04:00	11.4050	11.2135	1430
2026-08-17T12:06:00-04:00	11.3850	11.2137	1914
2026-08-17T12:07:00-04:00	11.3050	11.2164	43074
2026-08-17T12:08:00-04:00	11.3541	11.2167	4334
2026-08-17T12:09:00-04:00	11.3160	11.2167	623
2026-08-17T12:10:00-04:00	11.3600	11.2169	2643
2026-08-17T12:11:00-04:00	11.3600	11.2172	4612
2026-08-17T12:12:00-04:00	11.4000	11.2199	35724
2026-08-17T12:13:00-04:00	11.3900	11.2203	4469
2026-08-17T12:14:00-04:00	11.3900	11.2204	905
2026-08-17T12:15:00-04:00	11.4200	11.2209	5842
2026-08-17T12:16:00-04:00	11.3800	11.2214	5851
2026-08-17T12:17:00-04:00	11.4050	11.2218	4337
2026-08-17T12:18:00-04:00	11.4050	11.2224	6773
2026-08-17T12:19:00-04:00	11.3850	11.2233	10383
2026-08-17T12:20:00-04:00	11.3600	11.2234	2455
2026-08-17T12:21:00-04:00	11.3600	11.2235	1125
2026-08-17T12:22:00-04:00	11.3600	11.2253	30125
2026-08-17T12:23:00-04:00	11.2300	11.2256	13145
2026-08-17T12:24:00-04:00	11.2100	11.2256	3556
2026-08-17T12:25:00-04:00	11.2700	11.2257	10238
2026-08-17T12:26:00-04:00	11.2600	11.2257	1724
2026-08-17T12:27:00-04:00	11.2600	11.2257	1414
2026-08-17T12:28:00-04:00	11.2500	11.2258	1925
2026-08-17T12:29:00-04:00	11.2500	11.2258	625
2026-08-17T12:30:00-04:00	11.2559	11.2259	5589
2026-08-17T12:31:00-04:00	11.2700	11.2259	836
2026-08-17T12:32:00-04:00	11.3150	11.2272	30411
2026-08-17T12:33:00-04:00	11.3150	11.2273	3058
2026-08-17T12:34:00-04:00	11.3150	11.2275	4936
2026-08-17T12:35:00-04:00	11.3200	11.2277	3927
2026-08-17T12:36:00-04:00	11.3300	11.2277	1455
2026-08-17T12:37:00-04:00	11.3200	11.2279	3515
2026-08-17T12:38:00-04:00	11.3400	11.2279	1398
2026-08-17T12:39:00-04:00	11.3200	11.2279	365
2026-08-17T12:40:00-04:00	11.3350	11.2280	1872
2026-08-17T12:41:00-04:00	11.3150	11.2281	2407
2026-08-17T12:42:00-04:00	11.3150	11.2282	756
2026-08-17T12:43:00-04:00	11.2400	11.2283	14720
2026-08-17T12:44:00-04:00	11.1700	11.2283	2415
2026-08-17T12:45:00-04:00	11.1500	11.2281	6225
2026-08-17T12:46:00-04:00	11.1600	11.2279	4462
2026-08-17T12:47:00-04:00	11.1600	11.2279	265
2026-08-17T12:48:00-04:00	11.1800	11.2279	3112
2026-08-17T12:49:00-04:00	11.1450	11.2278	3096
2026-08-17T12:50:00-04:00	11.1000	11.2265	26971
2026-08-17T12:51:00-04:00	11.0874	11.2264	2079
2026-08-17T12:52:00-04:00	11.0900	11.2262	2434
2026-08-17T12:53:00-04:00	11.0850	11.2261	2458
2026-08-17T12:54:00-04:00	11.0900	11.2259	2506
2026-08-17T12:55:00-04:00	11.1400	11.2256	7839
2026-08-17T12:56:00-04:00	11.1500	11.2255	1582
2026-08-17T12:57:00-04:00	11.1600	11.2254	5938
2026-08-17T12:58:00-04:00	11.1200	11.2250	8411
2026-08-17T12:59:00-04:00	11.1350	11.2250	1767
2026-08-17T13:00:00-04:00	11.1450	11.2248	3588
2026-08-17T13:01:00-04:00	11.1100	11.2247	3760
2026-08-17T13:02:00-04:00	11.1050	11.2243	6600
2026-08-17T13:03:00-04:00	11.1100	11.2242	2323
2026-08-17T13:04:00-04:00	11.0900	11.2241	1836
2026-08-17T13:05:00-04:00	11.1300	11.2238	8751
2026-08-17T13:06:00-04:00	11.1300	11.2237	1628
2026-08-17T13:07:00-04:00	11.1200	11.2235	3069
2026-08-17T13:08:00-04:00	11.1100	11.2234	2830
2026-08-17T13:09:00-04:00	11.0800	11.2233	1809
2026-08-17T13:10:00-04:00	11.0700	11.2232	1557
2026-08-17T13:11:00-04:00	11.0700	11.2231	1626
2026-08-17T13:12:00-04:00	11.0500	11.2227	5930
2026-08-17T13:13:00-04:00	11.0400	11.2226	2000
2026-08-17T13:14:00-04:00	11.0300	11.2224	2165
2026-08-17T13:15:00-04:00	11.0350	11.2220	4356
2026-08-17T13:16:00-04:00	11.0400	11.2216	5700
2026-08-17T13:17:00-04:00	11.0135	11.2212	4998
2026-08-17T13:18:00-04:00	11.0250	11.2211	1308
2026-08-17T13:19:00-04:00	11.0150	11.2208	3481
2026-08-17T13:20:00-04:00	11.0100	11.2200	8423
2026-08-17T13:21:00-04:00	10.9807	11.2190	11265
2026-08-17T13:22:00-04:00	10.9941	11.2186	3603
2026-08-17T13:23:00-04:00	10.9800	11.2183	3605
2026-08-17T13:24:00-04:00	10.9800	11.2181	1965
2026-08-17T13:25:00-04:00	11.0150	11.2166	16765
2026-08-17T13:26:00-04:00	10.9900	11.2163	4047
2026-08-17T13:27:00-04:00	10.9900	11.2158	4928
2026-08-17T13:28:00-04:00	10.9900	11.2154	4716
2026-08-17T13:29:00-04:00	11.0150	11.2150	4881
2026-08-17T13:30:00-04:00	11.0200	11.2148	1544
2026-08-17T13:31:00-04:00	11.0100	11.2142	7675
2026-08-17T13:32:00-04:00	11.0100	11.2141	928
2026-08-17T13:33:00-04:00	10.9704	11.2130	12263
2026-08-17T13:34:00-04:00	10.9800	11.2125	4770
2026-08-17T13:35:00-04:00	10.9900	11.2124	1659
2026-08-17T13:36:00-04:00	10.9850	11.2123	877
2026-08-17T13:37:00-04:00	10.9750	11.2117	6545
2026-08-17T13:38:00-04:00	10.9636	11.2115	2340
2026-08-17T13:39:00-04:00	10.9500	11.2111	3482
2026-08-17T13:40:00-04:00	10.9500	11.2108	2787
2026-08-17T13:41:00-04:00	10.9850	11.2100	9218
2026-08-17T13:42:00-04:00	11.0000	11.2098	1739
2026-08-17T13:43:00-04:00	11.0200	11.2097	1539
2026-08-17T13:44:00-04:00	11.0200	11.2096	2162
2026-08-17T13:45:00-04:00	11.0200	11.2093	4025
2026-08-17T13:46:00-04:00	11.0000	11.2086	8739
2026-08-17T13:47:00-04:00	11.0450	11.2081	6292
2026-08-17T13:48:00-04:00	11.0100	11.2079	2713
2026-08-17T13:49:00-04:00	10.9800	11.2058	24138
2026-08-17T13:50:00-04:00	10.9850	11.2054	4901
2026-08-17T13:51:00-04:00	11.0300	11.2050	5202
2026-08-17T13:52:00-04:00	11.0100	11.2047	4492
2026-08-17T13:53:00-04:00	11.0098	11.2042	6642
2026-08-17T13:54:00-04:00	11.0000	11.2041	1434
2026-08-17T13:55:00-04:00	11.0000	11.2039	2077
2026-08-17T13:56:00-04:00	11.0050	11.2036	4519
2026-08-17T13:57:00-04:00	11.0000	11.2033	3569
2026-08-17T13:58:00-04:00	11.0400	11.2029	6173
2026-08-17T13:59:00-04:00	11.0600	11.2027	2722
2026-08-17T14:00:00-04:00	11.0600	11.2026	1960
2026-08-17T14:01:00-04:00	10.9900	11.2023	3699
2026-08-17T14:02:00-04:00	11.0200	11.2020	4142
2026-08-17T14:03:00-04:00	11.0050	11.2019	1711
2026-08-17T14:04:00-04:00	11.0200	11.2017	2488
2026-08-17T14:05:00-04:00	11.0600	11.2014	5710
2026-08-17T14:06:00-04:00	11.0700	11.2013	2285
2026-08-17T14:07:00-04:00	11.0900	11.2008	10143
2026-08-17T14:08:00-04:00	11.0950	11.2005	7470
2026-08-17T14:09:00-04:00	11.0850	11.2002	7614
2026-08-17T14:10:00-04:00	11.1100	11.1998	9862
2026-08-17T14:11:00-04:00	11.1050	11.1996	5261
2026-08-17T14:12:00-04:00	11.1350	11.1995	4259
2026-08-17T14:13:00-04:00	11.1350	11.1993	6920
2026-08-17T14:14:00-04:00	11.1200	11.1991	8264
2026-08-17T14:15:00-04:00	11.1700	11.1990	2775
2026-08-17T14:16:00-04:00	11.1700	11.1990	883
2026-08-17T14:17:00-04:00	11.1700	11.1990	7520
2026-08-17T14:18:00-04:00	11.1400	11.1988	7049
2026-08-17T14:19:00-04:00	11.1499	11.1988	2791
2026-08-17T14:20:00-04:00	11.0950	11.1985	7237
2026-08-17T14:21:00-04:00	11.0950	11.1983	5592
2026-08-17T14:22:00-04:00	11.1050	11.1982	2431
2026-08-17T14:23:00-04:00	11.1150	11.1980	6973
2026-08-17T14:24:00-04:00	11.1200	11.1980	958
2026-08-17T14:25:00-04:00	11.1500	11.1978	6029
2026-08-17T14:26:00-04:00	11.1450	11.1978	3520
2026-08-17T14:27:00-04:00	11.1300	11.1976	5489
2026-08-17T14:28:00-04:00	11.1100	11.1976	1627
2026-08-17T14:29:00-04:00	11.1000	11.1974	5639
2026-08-17T14:30:00-04:00	11.1150	11.1973	4289
2026-08-17T14:31:00-04:00	11.0700	11.1970	7185
2026-08-17T14:32:00-04:00	11.0700	11.1969	1727
2026-08-17T14:33:00-04:00	11.0400	11.1965	7325
2026-08-17T14:34:00-04:00	11.0400	11.1960	8018
2026-08-17T14:35:00-04:00	11.0400	11.1959	1119
2026-08-17T14:36:00-04:00	11.0400	11.1957	3953
2026-08-17T14:37:00-04:00	11.1600	11.1950	27903
2026-08-17T14:38:00-04:00	11.1600	11.1950	1192
2026-08-17T14:39:00-04:00	11.2150	11.1950	11819
2026-08-17T14:40:00-04:00	11.2100	11.1951	4117
2026-08-17T14:41:00-04:00	11.2300	11.1951	4920
2026-08-17T14:42:00-04:00	11.2350	11.1955	18301
2026-08-17T14:43:00-04:00	11.2500	11.1955	3023
2026-08-17T14:44:00-04:00	11.2200	11.1956	2703
2026-08-17T14:45:00-04:00	11.3000	11.1959	12672
2026-08-17T14:46:00-04:00	11.3300	11.1960	845
2026-08-17T14:47:00-04:00	11.3100	11.1963	8440
2026-08-17T14:48:00-04:00	11.2300	11.1964	5102
2026-08-17T14:49:00-04:00	11.2500	11.1965	2068
2026-08-17T14:50:00-04:00	11.3000	11.1967	8554
2026-08-17T14:51:00-04:00	11.2900	11.1968	1174
2026-08-17T14:52:00-04:00	11.2200	11.1970	14192
2026-08-17T14:53:00-04:00	11.1800	11.1970	4059
2026-08-17T14:54:00-04:00	11.1500	11.1970	5799
2026-08-17T14:55:00-04:00	11.1600	11.1966	24081
2026-08-17T14:56:00-04:00	11.1100	11.1964	6230
2026-08-17T14:57:00-04:00	11.1500	11.1962	8778
2026-08-17T14:58:00-04:00	11.1750	11.1961	15356
2026-08-17T14:59:00-04:00	11.1750	11.1960	4707
2026-08-17T15:00:00-04:00	11.2250	11.1961	9975
2026-08-17T15:01:00-04:00	11.1500	11.1960	7158
2026-08-17T15:02:00-04:00	11.1600	11.1960	5275
2026-08-17T15:03:00-04:00	11.1450	11.1959	4060
2026-08-17T15:04:00-04:00	11.1200	11.1958	4072
2026-08-17T15:05:00-04:00	11.1300	11.1957	3626
2026-08-17T15:06:00-04:00	11.0800	11.1956	5500
2026-08-17T15:07:00-04:00	11.0735	11.1954	4619
2026-08-17T15:08:00-04:00	11.1100	11.1949	14880
2026-08-17T15:09:00-04:00	11.1150	11.1948	3622
2026-08-17T15:10:00-04:00	11.0950	11.1947	3964
2026-08-17T15:11:00-04:00	11.1450	11.1942	21937
2026-08-17T15:12:00-04:00	11.1500	11.1942	4132
2026-08-17T15:13:00-04:00	11.1400	11.1941	3516
2026-08-17T15:14:00-04:00	11.1300	11.1940	7243
2026-08-17T15:15:00-04:00	11.1600	11.1939	2205
2026-08-17T15:16:00-04:00	11.0400	11.1930	22409
2026-08-17T15:17:00-04:00	11.0000	11.1909	37437
2026-08-17T15:18:00-04:00	11.0550	11.1899	21586
2026-08-17T15:19:00-04:00	11.0500	11.1895	9099
2026-08-17T15:20:00-04:00	11.0300	11.1888	13648
2026-08-17T15:21:00-04:00	11.0050	11.1886	3458
2026-08-17T15:22:00-04:00	10.9900	11.1881	8716
2026-08-17T15:23:00-04:00	10.9701	11.1870	15857
2026-08-17T15:24:00-04:00	10.8850	11.1859	13331
2026-08-17T15:25:00-04:00	10.8800	11.1851	8439
2026-08-17T15:26:00-04:00	10.8400	11.1837	13095
2026-08-17T15:27:00-04:00	10.8300	11.1819	16810
2026-08-17T15:28:00-04:00	10.8100	11.1807	11316
2026-08-17T15:29:00-04:00	10.7850	11.1795	10288
2026-08-17T15:30:00-04:00	10.7400	11.1754	32163
2026-08-17T15:31:00-04:00	10.7300	11.1748	4000
2026-08-17T15:32:00-04:00	10.6600	11.1724	16824
2026-08-17T15:33:00-04:00	10.6876	11.1701	15684
2026-08-17T15:34:00-04:00	10.6781	11.1680	14365
2026-08-17T15:35:00-04:00	10.6400	11.1665	10290
2026-08-17T15:36:00-04:00	10.5650	11.1631	19830
2026-08-17T15:37:00-04:00	10.5850	11.1610	12388
2026-08-17T15:38:00-04:00	10.5400	11.1521	50236
2026-08-17T15:39:00-04:00	10.5550	11.1473	27839
2026-08-17T15:40:00-04:00	10.5300	11.1447	15226
2026-08-17T15:41:00-04:00	10.5110	11.1434	7137
2026-08-17T15:42:00-04:00	10.5500	11.1411	13888
2026-08-17T15:43:00-04:00	10.5550	11.1396	9290
2026-08-17T15:44:00-04:00	10.5700	11.1347	29922
2026-08-17T15:45:00-04:00	10.5800	11.1306	26552
2026-08-17T15:46:00-04:00	10.5900	11.1271	23274
2026-08-17T15:47:00-04:00	10.5900	11.1250	13915
2026-08-17T15:48:00-04:00	10.5950	11.1236	9853
2026-08-17T15:49:00-04:00	10.6350	11.1207	21159
2026-08-17T15:50:00-04:00	10.6900	11.1179	23065
2026-08-17T15:51:00-04:00	10.6850	11.1160	16515
2026-08-17T15:52:00-04:00	10.6750	11.1128	27231
2026-08-17T15:53:00-04:00	10.6801	11.1062	58867
2026-08-17T15:54:00-04:00	10.6600	11.1038	21002
2026-08-17T15:55:00-04:00	10.6450	11.1018	17044
2026-08-17T15:56:00-04:00	10.5750	11.0970	37307
2026-08-17T15:57:00-04:00	10.6225	11.0895	59943
2026-08-17T15:58:00-04:00	10.6550	11.0827	61460
2026-08-17T15:59:00-04:00	10.6550	11.0677	144820
2026-08-18T09:30:00-04:00	9.8250	10.0283	183368
2026-08-18T09:31:00-04:00	9.6500	9.8581	133963
2026-08-18T09:32:00-04:00	9.8700	9.8536	70370
2026-08-18T09:33:00-04:00	9.8450	9.8550	23884
2026-08-18T09:34:00-04:00	9.9300	9.8578	17855
2026-08-18T09:35:00-04:00	9.8707	9.8592	13964
2026-08-18T09:36:00-04:00	9.8250	9.8588	20155
2026-08-18T09:37:00-04:00	9.8639	9.8592	15449
2026-08-18T09:38:00-04:00	9.9100	9.8601	11348
2026-08-18T09:39:00-04:00	9.8600	9.8608	9448
2026-08-18T09:40:00-04:00	9.9011	9.8617	11922
2026-08-18T09:41:00-04:00	9.8800	9.8628	19430
2026-08-18T09:42:00-04:00	9.8000	9.8610	31460
2026-08-18T09:43:00-04:00	9.7550	9.8578	22532
2026-08-18T09:44:00-04:00	9.5900	9.7914	248355
2026-08-18T09:45:00-04:00	9.6264	9.7834	34760
2026-08-18T09:46:00-04:00	9.6000	9.7760	35301
2026-08-18T09:47:00-04:00	9.6000	9.7726	19113
2026-08-18T09:48:00-04:00	9.5000	9.7643	32346
2026-08-18T09:49:00-04:00	9.4750	9.7452	67777
2026-08-18T09:50:00-04:00	9.5200	9.7415	16367
2026-08-18T09:51:00-04:00	9.4911	9.7381	14315
2026-08-18T09:52:00-04:00	9.5200	9.7231	78247
2026-08-18T09:53:00-04:00	9.5300	9.7211	11103
2026-08-18T09:54:00-04:00	9.5100	9.7186	13376
2026-08-18T09:55:00-04:00	9.5050	9.7168	10673
2026-08-18T09:56:00-04:00	9.5300	9.7112	32267
2026-08-18T09:57:00-04:00	9.5200	9.7090	14141
2026-08-18T09:58:00-04:00	9.4950	9.7042	30017
2026-08-18T09:59:00-04:00	9.5700	9.6976	58818
2026-08-18T10:00:00-04:00	9.6400	9.6949	48343
2026-08-18T10:01:00-04:00	9.5559	9.6935	19115
2026-08-18T10:02:00-04:00	9.6500	9.6926	16930
2026-08-18T10:03:00-04:00	9.7100	9.6925	18040
2026-08-18T10:04:00-04:00	9.7500	9.6930	13931
2026-08-18T10:05:00-04:00	9.7850	9.6937	12146
2026-08-18T10:06:00-04:00	9.7000	9.6942	27619
2026-08-18T10:07:00-04:00	9.7600	9.6947	13937
2026-08-18T10:08:00-04:00	9.7650	9.6950	7114
2026-08-18T10:09:00-04:00	9.7400	9.6952	7848
2026-08-18T10:10:00-04:00	9.7650	9.6956	10637
2026-08-18T10:11:00-04:00	9.7500	9.6962	15515
2026-08-18T10:12:00-04:00	9.7700	9.6970	16931
2026-08-18T10:13:00-04:00	9.7600	9.6975	12049
2026-08-18T10:14:00-04:00	9.8000	9.6982	13139
2026-08-18T10:15:00-04:00	9.8361	9.6992	12499
2026-08-18T10:16:00-04:00	9.8050	9.7007	19046
2026-08-18T10:17:00-04:00	9.8100	9.7010	4175
2026-08-18T10:18:00-04:00	9.8326	9.7014	5915
2026-08-18T10:19:00-04:00	9.8200	9.7018	5091
2026-08-18T10:20:00-04:00	9.8350	9.7022	4298
2026-08-18T10:21:00-04:00	9.8000	9.7030	12087
2026-08-18T10:22:00-04:00	9.7900	9.7033	5637
2026-08-18T10:23:00-04:00	9.8200	9.7043	15884
2026-08-18T10:24:00-04:00	9.8201	9.7047	4450
2026-08-18T10:25:00-04:00	9.8500	9.7051	5507
2026-08-18T10:26:00-04:00	9.8600	9.7059	8956
2026-08-18T10:27:00-04:00	9.8700	9.7074	15986
2026-08-18T10:28:00-04:00	9.9050	9.7081	5833
2026-08-18T10:29:00-04:00	9.8778	9.7093	11535
2026-08-18T10:30:00-04:00	9.9300	9.7111	14715
2026-08-18T10:31:00-04:00	9.9300	9.7123	9051
2026-08-18T10:32:00-04:00	9.9100	9.7139	13846
2026-08-18T10:33:00-04:00	9.9100	9.7149	8830
2026-08-18T10:34:00-04:00	9.9300	9.7154	4931
2026-08-18T10:35:00-04:00	9.9550	9.7160	3929
2026-08-18T10:36:00-04:00	9.8881	9.7175	14577
2026-08-18T10:37:00-04:00	9.8700	9.7188	15047
2026-08-18T10:38:00-04:00	9.8800	9.7194	6812
2026-08-18T10:39:00-04:00	9.8700	9.7200	7553
2026-08-18T10:40:00-04:00	9.8600	9.7201	893
2026-08-18T10:41:00-04:00	9.8550	9.7210	12452
2026-08-18T10:42:00-04:00	9.8250	9.7224	21931
2026-08-18T10:43:00-04:00	9.8150	9.7225	1886
2026-08-18T10:44:00-04:00	9.8000	9.7229	10442
2026-08-18T10:45:00-04:00	9.8350	9.7237	14991
2026-08-18T10:46:00-04:00	9.8300	9.7246	15782
2026-08-18T10:47:00-04:00	9.8300	9.7250	7445
2026-08-18T10:48:00-04:00	9.7800	9.7254	12433
2026-08-18T10:49:00-04:00	9.7900	9.7260	15706
2026-08-18T10:50:00-04:00	9.7950	9.7262	4241
2026-08-18T10:51:00-04:00	9.8000	9.7264	6742
2026-08-18T10:52:00-04:00	9.7950	9.7266	5038
2026-08-18T10:53:00-04:00	9.7800	9.7268	8458
2026-08-18T10:54:00-04:00	9.7850	9.7270	4865
2026-08-18T10:55:00-04:00	9.7850	9.7271	4384
2026-08-18T10:56:00-04:00	9.8100	9.7274	6147
2026-08-18T10:57:00-04:00	9.8500	9.7275	3156
2026-08-18T10:58:00-04:00	9.8550	9.7284	12353
2026-08-18T10:59:00-04:00	9.8500	9.7290	12311
2026-08-18T11:00:00-04:00	9.8450	9.7293	5091
2026-08-18T11:01:00-04:00	9.8700	9.7300	10025
2026-08-18T11:02:00-04:00	9.8750	9.7301	1386
2026-08-18T11:03:00-04:00	9.9000	9.7307	6927
2026-08-18T11:04:00-04:00	9.9150	9.7313	6469
2026-08-18T11:05:00-04:00	9.9500	9.7322	8458
2026-08-18T11:06:00-04:00	9.9800	9.7334	10330
2026-08-18T11:07:00-04:00	9.9961	9.7340	5082
2026-08-18T11:08:00-04:00	10.0500	9.7393	36849
2026-08-18T11:09:00-04:00	10.1000	9.7405	6827
2026-08-18T11:10:00-04:00	10.1100	9.7420	8624
2026-08-18T11:11:00-04:00	10.1401	9.7433	7227
2026-08-18T11:12:00-04:00	10.1800	9.7464	15218
2026-08-18T11:13:00-04:00	10.3250	9.7523	23594
2026-08-18T11:14:00-04:00	10.2800	9.7889	156021
2026-08-18T11:15:00-04:00	10.2300	9.7944	27759
2026-08-18T11:16:00-04:00	10.2561	9.7959	7475
2026-08-18T11:17:00-04:00	10.1400	9.7964	3333
2026-08-18T11:18:00-04:00	10.1300	9.7972	5579
2026-08-18T11:19:00-04:00	10.1250	9.7984	8758
2026-08-18T11:20:00-04:00	10.1001	9.7998	10723
2026-08-18T11:21:00-04:00	10.1100	9.8003	3578
2026-08-18T11:22:00-04:00	10.1100	9.8015	9533
2026-08-18T11:23:00-04:00	10.1250	9.8023	5676
2026-08-18T11:24:00-04:00	10.2000	9.8046	14664
2026-08-18T11:25:00-04:00	10.2500	9.8052	3366
2026-08-18T11:26:00-04:00	10.3100	9.8069	8145
2026-08-18T11:27:00-04:00	10.3450	9.8085	7475
2026-08-18T11:28:00-04:00	10.3250	9.8136	23400
2026-08-18T11:29:00-04:00	10.2600	9.8179	22406
2026-08-18T11:30:00-04:00	10.1850	9.8186	4626
2026-08-18T11:31:00-04:00	10.2100	9.8203	11589
2026-08-18T11:32:00-04:00	10.2400	9.8216	7686
2026-08-18T11:33:00-04:00	10.2300	9.8223	4036
2026-08-18T11:34:00-04:00	10.2600	9.8235	6522
2026-08-18T11:35:00-04:00	10.2700	9.8240	3327
2026-08-18T11:36:00-04:00	10.3050	9.8257	9012
2026-08-18T11:37:00-04:00	10.3100	9.8260	1442
2026-08-18T11:38:00-04:00	10.2601	9.8267	3868
2026-08-18T11:39:00-04:00	10.2600	9.8282	8884
2026-08-18T11:40:00-04:00	10.2600	9.8298	9545
2026-08-18T11:41:00-04:00	10.2550	9.8309	6718
2026-08-18T11:42:00-04:00	10.2550	9.8314	2920
2026-08-18T11:43:00-04:00	10.2300	9.8331	10475
2026-08-18T11:44:00-04:00	10.2100	9.8338	4465
2026-08-18T11:45:00-04:00	10.2351	9.8373	22876
2026-08-18T11:46:00-04:00	10.2350	9.8376	1854
2026-08-18T11:47:00-04:00	10.2150	9.8380	2861
2026-08-18T11:48:00-04:00	10.1950	9.8387	4749
2026-08-18T11:49:00-04:00	10.1500	9.8414	21699
2026-08-18T11:50:00-04:00	10.1400	9.8415	727
2026-08-18T11:51:00-04:00	10.1800	9.8421	5417
2026-08-18T11:52:00-04:00	10.1960	9.8441	14769
2026-08-18T11:53:00-04:00	10.1900	9.8441	406
2026-08-18T11:54:00-04:00	10.2264	9.8446	3451
2026-08-18T11:55:00-04:00	10.2500	9.8450	2772
2026-08-18T11:56:00-04:00	10.2450	9.8452	1440
2026-08-18T11:57:00-04:00	10.2300	9.8463	6918
2026-08-18T11:58:00-04:00	10.2400	9.8466	2107
2026-08-18T11:59:00-04:00	10.2100	9.8489	16485
2026-08-18T12:00:00-04:00	10.1900	9.8491	1569
2026-08-18T12:01:00-04:00	10.1900	9.8497	4414
2026-08-18T12:02:00-04:00	10.1850	9.8503	4451
2026-08-18T12:03:00-04:00	10.1700	9.8505	1493
2026-08-18T12:04:00-04:00	10.1550	9.8505	748
2026-08-18T12:05:00-04:00	10.1800	9.8525	16214
2026-08-18T12:06:00-04:00	10.2200	9.8533	6203
2026-08-18T12:07:00-04:00	10.1900	9.8538	3943
2026-08-18T12:08:00-04:00	10.1550	9.8544	4613
2026-08-18T12:09:00-04:00	10.1350	9.8569	23750
2026-08-18T12:10:00-04:00	10.1400	9.8573	4126
2026-08-18T12:11:00-04:00	10.1350	9.8575	1448
2026-08-18T12:12:00-04:00	10.1450	9.8583	7704
2026-08-18T12:13:00-04:00	10.1600	9.8586	2716
2026-08-18T12:14:00-04:00	10.1950	9.8593	6265
2026-08-18T12:15:00-04:00	10.1950	9.8606	9946
2026-08-18T12:16:00-04:00	10.1950	9.8612	4985
2026-08-18T12:17:00-04:00	10.2400	9.8619	5733
2026-08-18T12:18:00-04:00	10.2400	9.8622	1767
2026-08-18T12:19:00-04:00	10.2800	9.8648	18159
2026-08-18T12:20:00-04:00	10.2800	9.8657	5911
2026-08-18T12:21:00-04:00	10.2881	9.8661	2169
2026-08-18T12:22:00-04:00	10.3000	9.8679	12051
2026-08-18T12:23:00-04:00	10.2450	9.8688	6289
2026-08-18T12:24:00-04:00	10.2450	9.8691	1995
2026-08-18T12:25:00-04:00	10.2700	9.8694	2417
2026-08-18T12:26:00-04:00	10.2850	9.8696	1431
2026-08-18T12:27:00-04:00	10.2900	9.8718	15040
2026-08-18T12:28:00-04:00	10.2850	9.8721	1902
2026-08-18T12:29:00-04:00	10.2800	9.8736	10324
2026-08-18T12:30:00-04:00	10.3000	9.8742	4146
2026-08-18T12:31:00-04:00	10.2900	9.8746	2977
2026-08-18T12:32:00-04:00	10.2800	9.8752	3791
2026-08-18T12:33:00-04:00	10.3050	9.8757	3217
2026-08-18T12:34:00-04:00	10.3000	9.8768	7881
2026-08-18T12:35:00-04:00	10.2750	9.8786	12639
2026-08-18T12:36:00-04:00	10.2750	9.8794	5964
2026-08-18T12:37:00-04:00	10.2750	9.8809	10540
2026-08-18T12:38:00-04:00	10.3250	9.8816	4771
2026-08-18T12:39:00-04:00	10.3200	9.8911	66691
2026-08-18T12:40:00-04:00	10.3000	9.8925	9718
2026-08-18T12:41:00-04:00	10.3150	9.8932	5219
2026-08-18T12:42:00-04:00	10.3300	9.8936	2847
2026-08-18T12:43:00-04:00	10.3100	9.8954	12232
2026-08-18T12:44:00-04:00	10.3700	9.8966	8233
2026-08-18T12:45:00-04:00	10.3700	9.8981	9310
2026-08-18T12:46:00-04:00	10.4050	9.8987	4002
2026-08-18T12:47:00-04:00	10.4100	9.8989	971
2026-08-18T12:48:00-04:00	10.4110	9.8992	1969
2026-08-18T12:49:00-04:00	10.4200	9.8998	3591
2026-08-18T12:50:00-04:00	10.4200	9.9001	1563
2026-08-18T12:51:00-04:00	10.3700	9.9013	7478
2026-08-18T12:52:00-04:00	10.3700	9.9016	1830
2026-08-18T12:53:00-04:00	10.3550	9.9032	10796
2026-08-18T12:54:00-04:00	10.3600	9.9034	1331
2026-08-18T12:55:00-04:00	10.3600	9.9038	2988
2026-08-18T12:56:00-04:00	10.3500	9.9047	6199
2026-08-18T12:57:00-04:00	10.3600	9.9055	5373
2026-08-18T12:58:00-04:00	10.3500	9.9057	1283
2026-08-18T12:59:00-04:00	10.3800	9.9067	6365
2026-08-18T13:00:00-04:00	10.3800	9.9073	3842
2026-08-18T13:01:00-04:00	10.3600	9.9077	2506
2026-08-18T13:02:00-04:00	10.3600	9.9078	933
2026-08-18T13:03:00-04:00	10.3900	9.9096	11506
2026-08-18T13:04:00-04:00	10.3350	9.9114	13070
2026-08-18T13:05:00-04:00	10.3300	9.9119	3751
2026-08-18T13:06:00-04:00	10.3137	9.9127	5729
2026-08-18T13:07:00-04:00	10.3400	9.9132	3585
2026-08-18T13:08:00-04:00	10.3300	9.9137	3822
2026-08-18T13:09:00-04:00	10.3336	9.9159	16529
2026-08-18T13:10:00-04:00	10.3600	9.9164	3619
2026-08-18T13:11:00-04:00	10.3400	9.9168	2999
2026-08-18T13:12:00-04:00	10.3500	9.9174	4363
2026-08-18T13:13:00-04:00	10.3700	9.9178	2749
2026-08-18T13:14:00-04:00	10.3701	9.9183	3489
2026-08-18T13:15:00-04:00	10.3800	9.9189	3903
2026-08-18T13:16:00-04:00	10.3550	9.9192	2053
2026-08-18T13:17:00-04:00	10.3550	9.9196	3231
2026-08-18T13:18:00-04:00	10.3300	9.9201	3682
2026-08-18T13:19:00-04:00	10.3250	9.9203	1605
2026-08-18T13:20:00-04:00	10.3150	9.9210	5242
2026-08-18T13:21:00-04:00	10.3136	9.9211	684
2026-08-18T13:22:00-04:00	10.2850	9.9221	9102
2026-08-18T13:23:00-04:00	10.2900	9.9223	1823
2026-08-18T13:24:00-04:00	10.3100	9.9232	7117
2026-08-18T13:25:00-04:00	10.3100	9.9234	2067
2026-08-18T13:26:00-04:00	10.3100	9.9235	804
2026-08-18T13:27:00-04:00	10.2950	9.9244	7072
2026-08-18T13:28:00-04:00	10.2900	9.9247	2672
2026-08-18T13:29:00-04:00	10.3000	9.9257	8951
2026-08-18T13:30:00-04:00	10.3400	9.9269	8942
2026-08-18T13:31:00-04:00	10.3400	9.9270	1232
2026-08-18T13:32:00-04:00	10.3600	9.9274	2825
2026-08-18T13:33:00-04:00	10.3500	9.9280	4358
2026-08-18T13:34:00-04:00	10.3500	9.9283	2772
2026-08-18T13:35:00-04:00	10.3300	9.9293	7425
2026-08-18T13:36:00-04:00	10.3050	9.9296	2505
2026-08-18T13:37:00-04:00	10.2901	9.9298	2453
2026-08-18T13:38:00-04:00	10.3300	9.9306	6714
2026-08-18T13:39:00-04:00	10.3200	9.9308	1376
2026-08-18T13:40:00-04:00	10.3050	9.9310	1537
2026-08-18T13:41:00-04:00	10.3050	9.9311	781
2026-08-18T13:42:00-04:00	10.3050	9.9312	923
2026-08-18T13:43:00-04:00	10.3050	9.9313	1485
2026-08-18T13:44:00-04:00	10.3200	9.9327	11955
2026-08-18T13:45:00-04:00	10.3219	9.9330	1889
2026-08-18T13:46:00-04:00	10.3200	9.9331	1181
2026-08-18T13:47:00-04:00	10.3000	9.9336	4893
2026-08-18T13:48:00-04:00	10.3000	9.9338	1142
2026-08-18T13:49:00-04:00	10.3000	9.9341	2678
2026-08-18T13:50:00-04:00	10.3000	9.9343	1830
2026-08-18T13:51:00-04:00	10.4750	9.9384	27811
2026-08-18T13:52:00-04:00	10.4300	9.9393	6121
2026-08-18T13:53:00-04:00	10.4300	9.9395	1403
2026-08-18T13:54:00-04:00	10.4700	9.9408	8063
2026-08-18T13:55:00-04:00	10.4900	9.9444	22015
2026-08-18T13:56:00-04:00	10.5300	9.9472	16538
2026-08-18T13:57:00-04:00	10.5200	9.9490	10631
2026-08-18T13:58:00-04:00	10.5400	9.9522	17931
2026-08-18T13:59:00-04:00	10.5300	9.9534	6891
2026-08-18T14:00:00-04:00	10.5450	9.9539	3315
2026-08-18T14:01:00-04:00	10.5500	9.9561	12107
2026-08-18T14:02:00-04:00	10.5700	9.9570	5498
2026-08-18T14:03:00-04:00	10.6000	9.9587	9231
2026-08-18T14:04:00-04:00	10.6100	9.9616	15257
2026-08-18T14:05:00-04:00	10.5600	9.9641	13811
2026-08-18T14:06:00-04:00	10.5350	9.9652	6836
2026-08-18T14:07:00-04:00	10.5390	9.9654	933
2026-08-18T14:08:00-04:00	10.5250	9.9668	8853
2026-08-18T14:09:00-04:00	10.5350	9.9688	12570
2026-08-18T14:10:00-04:00	10.5350	9.9693	2763
2026-08-18T14:11:00-04:00	10.5450	9.9700	4348
2026-08-18T14:12:00-04:00	10.5450	9.9702	1275
2026-08-18T14:13:00-04:00	10.5900	9.9718	9013
2026-08-18T14:14:00-04:00	10.6300	9.9731	7092
2026-08-18T14:15:00-04:00	10.6300	9.9736	2495
2026-08-18T14:16:00-04:00	10.6200	9.9748	6446
2026-08-18T14:17:00-04:00	10.6300	9.9751	2076
2026-08-18T14:18:00-04:00	10.6250	9.9757	2863
2026-08-18T14:19:00-04:00	10.6794	9.9802	23219
2026-08-18T14:20:00-04:00	10.6900	9.9822	10559
2026-08-18T14:21:00-04:00	10.6900	9.9843	10168
2026-08-18T14:22:00-04:00	10.6850	9.9845	1299
2026-08-18T14:23:00-04:00	10.6890	9.9858	6713
2026-08-18T14:24:00-04:00	10.7200	9.9873	7198
2026-08-18T14:25:00-04:00	10.6973	9.9927	27161
2026-08-18T14:26:00-04:00	10.6900	9.9936	4609
2026-08-18T14:27:00-04:00	10.7185	9.9947	5722
2026-08-18T14:28:00-04:00	10.6816	9.9967	10271
2026-08-18T14:29:00-04:00	10.7250	9.9986	9548
2026-08-18T14:30:00-04:00	10.6800	10.0006	10392
2026-08-18T14:31:00-04:00	10.6750	10.0024	10211
2026-08-18T14:32:00-04:00	10.6700	10.0045	11568
2026-08-18T14:33:00-04:00	10.6200	10.0065	11428
2026-08-18T14:34:00-04:00	10.6100	10.0070	3311
2026-08-18T14:35:00-04:00	10.6100	10.0077	3932
2026-08-18T14:36:00-04:00	10.6000	10.0084	4266
2026-08-18T14:37:00-04:00	10.5950	10.0085	552
2026-08-18T14:38:00-04:00	10.6010	10.0142	35919
2026-08-18T14:39:00-04:00	10.6350	10.0154	7774
2026-08-18T14:40:00-04:00	10.6480	10.0174	11528
2026-08-18T14:41:00-04:00	10.6300	10.0177	2182
2026-08-18T14:42:00-04:00	10.6100	10.0179	1223
2026-08-18T14:43:00-04:00	10.6000	10.0185	3862
2026-08-18T14:44:00-04:00	10.5950	10.0194	5823
2026-08-18T14:45:00-04:00	10.5850	10.0215	13659
2026-08-18T14:46:00-04:00	10.6000	10.0222	4784
2026-08-18T14:47:00-04:00	10.5950	10.0225	1750
2026-08-18T14:48:00-04:00	10.5850	10.0230	3839
2026-08-18T14:49:00-04:00	10.6201	10.0247	10786
2026-08-18T14:50:00-04:00	10.6050	10.0254	4428
2026-08-18T14:51:00-04:00	10.6200	10.0262	5284
2026-08-18T14:52:00-04:00	10.6150	10.0265	2088
2026-08-18T14:53:00-04:00	10.6200	10.0271	3658
2026-08-18T14:54:00-04:00	10.6200	10.0277	4024
2026-08-18T14:55:00-04:00	10.6250	10.0285	4776
2026-08-18T14:56:00-04:00	10.6350	10.0290	3565
2026-08-18T14:57:00-04:00	10.6350	10.0306	10052
2026-08-18T14:58:00-04:00	10.6250	10.0311	2849
2026-08-18T14:59:00-04:00	10.6150	10.0317	4374
2026-08-18T15:00:00-04:00	10.6400	10.0338	13520
2026-08-18T15:01:00-04:00	10.6500	10.0351	8168
2026-08-18T15:02:00-04:00	10.6500	10.0405	33379
2026-08-18T15:03:00-04:00	10.6300	10.0414	6128
2026-08-18T15:04:00-04:00	10.6300	10.0428	9350
2026-08-18T15:05:00-04:00	10.6600	10.0450	14207
2026-08-18T15:06:00-04:00	10.6719	10.0483	20579
2026-08-18T15:07:00-04:00	10.6900	10.0515	19435
2026-08-18T15:08:00-04:00	10.6650	10.0524	5848
2026-08-18T15:09:00-04:00	10.6650	10.0528	2992
2026-08-18T15:10:00-04:00	10.6600	10.0566	24897
2026-08-18T15:11:00-04:00	10.6400	10.0574	5342
2026-08-18T15:12:00-04:00	10.6300	10.0577	1841
2026-08-18T15:13:00-04:00	10.6250	10.0584	5123
2026-08-18T15:14:00-04:00	10.6300	10.0604	14099
2026-08-18T15:15:00-04:00	10.6150	10.0616	8543
2026-08-18T15:16:00-04:00	10.6050	10.0622	4641
2026-08-18T15:17:00-04:00	10.5950	10.0633	8369
2026-08-18T15:18:00-04:00	10.5950	10.0641	5921
2026-08-18T15:19:00-04:00	10.6000	10.0662	16485
2026-08-18T15:20:00-04:00	10.6050	10.0674	9272
2026-08-18T15:21:00-04:00	10.6050	10.0679	3101
2026-08-18T15:22:00-04:00	10.6150	10.0693	10830
2026-08-18T15:23:00-04:00	10.6150	10.0701	6081
2026-08-18T15:24:00-04:00	10.6250	10.0708	4912
2026-08-18T15:25:00-04:00	10.6800	10.0737	20475
2026-08-18T15:26:00-04:00	10.6950	10.0745	5673
2026-08-18T15:27:00-04:00	10.6950	10.0766	13523
2026-08-18T15:28:00-04:00	10.6750	10.0781	10753
2026-08-18T15:29:00-04:00	10.6850	10.0792	7104
2026-08-18T15:30:00-04:00	10.7250	10.0815	15620
2026-08-18T15:31:00-04:00	10.6950	10.0831	10409
2026-08-18T15:32:00-04:00	10.6650	10.0852	15360
2026-08-18T15:33:00-04:00	10.6750	10.0868	11397
2026-08-18T15:34:00-04:00	10.6850	10.0876	5713
2026-08-18T15:35:00-04:00	10.6650	10.0894	12636
2026-08-18T15:36:00-04:00	10.6700	10.0921	19687
2026-08-18T15:37:00-04:00	10.6700	10.0927	4654
2026-08-18T15:38:00-04:00	10.5150	10.0984	53004
2026-08-18T15:39:00-04:00	10.5297	10.0999	15011
2026-08-18T15:40:00-04:00	10.5250	10.1003	3598
2026-08-18T15:41:00-04:00	10.5000	10.1022	20810
2026-08-18T15:42:00-04:00	10.4800	10.1034	12911
2026-08-18T15:43:00-04:00	10.4850	10.1044	12016
2026-08-18T15:44:00-04:00	10.4850	10.1065	23962
2026-08-18T15:45:00-04:00	10.4850	10.1072	7853
2026-08-18T15:46:00-04:00	10.4750	10.1086	17412
2026-08-18T15:47:00-04:00	10.4450	10.1102	19837
2026-08-18T15:48:00-04:00	10.4500	10.1115	16797
2026-08-18T15:49:00-04:00	10.4350	10.1129	19401
2026-08-18T15:50:00-04:00	10.4450	10.1143	19377
2026-08-18T15:51:00-04:00	10.4750	10.1161	22730
2026-08-18T15:52:00-04:00	10.4750	10.1178	21911
2026-08-18T15:53:00-04:00	10.4650	10.1187	11883
2026-08-18T15:54:00-04:00	10.4475	10.1204	24072
2026-08-18T15:55:00-04:00	10.4550	10.1223	25504
2026-08-18T15:56:00-04:00	10.4450	10.1246	32641
2026-08-18T15:57:00-04:00	10.4250	10.1265	29379
2026-08-18T15:58:00-04:00	10.4200	10.1297	50516
2026-08-18T15:59:00-04:00	10.4250	10.1363	107799
2026-08-19T09:30:00-04:00	10.2897	10.3149	56130
2026-08-19T09:31:00-04:00	10.2850	10.2999	17457
2026-08-19T09:32:00-04:00	10.3400	10.3000	107
2026-08-19T09:33:00-04:00	10.4200	10.3017	1447
2026-08-19T09:34:00-04:00	10.1900	10.2795	32724
2026-08-19T09:35:00-04:00	10.1750	10.2371	61850
2026-08-19T09:36:00-04:00	10.0900	10.2196	31514
2026-08-19T09:37:00-04:00	10.2000	10.2121	30717
2026-08-19T09:38:00-04:00	10.1350	10.2106	6818
2026-08-19T09:39:00-04:00	10.1450	10.2099	2615
2026-08-19T09:40:00-04:00	10.1350	10.2082	5616
2026-08-19T09:41:00-04:00	10.2500	10.2048	87535
2026-08-19T09:42:00-04:00	10.2500	10.2139	77717
2026-08-19T09:43:00-04:00	10.2000	10.2105	59016
2026-08-19T09:44:00-04:00	10.1650	10.2104	1397
2026-08-19T09:45:00-04:00	10.1400	10.2098	4470
2026-08-19T09:46:00-04:00	10.0900	10.2066	15270
2026-08-19T09:47:00-04:00	10.0900	10.2062	1532
2026-08-19T09:48:00-04:00	10.0900	10.2024	15291
2026-08-19T09:49:00-04:00	10.1050	10.1983	19534
2026-08-19T09:50:00-04:00	10.1200	10.1967	10601
2026-08-19T09:51:00-04:00	10.0900	10.1905	37069
2026-08-19T09:52:00-04:00	10.0700	10.1846	28811
2026-08-19T09:53:00-04:00	10.1400	10.1836	9741
2026-08-19T09:54:00-04:00	10.1200	10.1831	3767
2026-08-19T09:55:00-04:00	10.2400	10.1832	9583
2026-08-19T09:56:00-04:00	10.2500	10.1839	10218
2026-08-19T09:57:00-04:00	10.2800	10.1844	3489
2026-08-19T09:58:00-04:00	10.2500	10.1858	9301
2026-08-19T09:59:00-04:00	10.2150	10.1859	1427
2026-08-19T10:00:00-04:00	10.1700	10.1857	8468
2026-08-19T10:01:00-04:00	10.1700	10.1856	5236
2026-08-19T10:02:00-04:00	10.1100	10.1845	11704
2026-08-19T10:03:00-04:00	10.0950	10.1829	13655
2026-08-19T10:04:00-04:00	10.0800	10.1786	30753
2026-08-19T10:05:00-04:00	10.0900	10.1738	36805
2026-08-19T10:06:00-04:00	10.0100	10.1683	28458
2026-08-19T10:07:00-04:00	10.0459	10.1656	15405
2026-08-19T10:08:00-04:00	10.1200	10.1650	7614
2026-08-19T10:09:00-04:00	10.1250	10.1647	5706
2026-08-19T10:10:00-04:00	10.1345	10.1645	13069
2026-08-19T10:11:00-04:00	10.1050	10.1636	13419
2026-08-19T10:12:00-04:00	10.1500	10.1628	20958
2026-08-19T10:13:00-04:00	10.1850	10.1630	6686
2026-08-19T10:14:00-04:00	10.1250	10.1629	4030
2026-08-19T10:15:00-04:00	10.1300	10.1627	4870
2026-08-19T10:16:00-04:00	10.2200	10.1630	9639
2026-08-19T10:17:00-04:00	10.2300	10.1639	11461
2026-08-19T10:18:00-04:00	10.2900	10.1645	5329
2026-08-19T10:19:00-04:00	10.2600	10.1648	3212
2026-08-19T10:20:00-04:00	10.2950	10.1657	6702
2026-08-19T10:21:00-04:00	10.2700	10.1665	5884
2026-08-19T10:22:00-04:00	10.2300	10.1671	7739
2026-08-19T10:23:00-04:00	10.2400	10.1673	2657
2026-08-19T10:24:00-04:00	10.2200	10.1675	3625
2026-08-19T10:25:00-04:00	10.2100	10.1676	1691
2026-08-19T10:26:00-04:00	10.2392	10.1680	5288
2026-08-19T10:27:00-04:00	10.2400	10.1683	4905
2026-08-19T10:28:00-04:00	10.2900	10.1689	4885
2026-08-19T10:29:00-04:00	10.2800	10.1691	2185
2026-08-19T10:30:00-04:00	10.2700	10.1694	3032
2026-08-19T10:31:00-04:00	10.2700	10.1702	7622
2026-08-19T10:32:00-04:00	10.2800	10.1706	2916
2026-08-19T10:33:00-04:00	10.2900	10.1720	11406
2026-08-19T10:34:00-04:00	10.2500	10.1726	6961
2026-08-19T10:35:00-04:00	10.2850	10.1728	2116
2026-08-19T10:36:00-04:00	10.3200	10.1739	7808
2026-08-19T10:37:00-04:00	10.3600	10.1753	7511
2026-08-19T10:38:00-04:00	10.4100	10.1822	31706
2026-08-19T10:39:00-04:00	10.3700	10.1828	2744
2026-08-19T10:40:00-04:00	10.3800	10.1840	6525
2026-08-19T10:41:00-04:00	10.3900	10.1849	4454
2026-08-19T10:42:00-04:00	10.3801	10.1853	2341
2026-08-19T10:43:00-04:00	10.3750	10.1857	2299
2026-08-19T10:44:00-04:00	10.3150	10.1879	15683
2026-08-19T10:45:00-04:00	10.2910	10.1883	4265
2026-08-19T10:46:00-04:00	10.2962	10.1905	23105
2026-08-19T10:47:00-04:00	10.2950	10.1907	1297
2026-08-19T10:48:00-04:00	10.2800	10.1917	12423
2026-08-19T10:49:00-04:00	10.2600	10.1919	2747
2026-08-19T10:50:00-04:00	10.2700	10.1921	3613
2026-08-19T10:51:00-04:00	10.2500	10.1924	4980
2026-08-19T10:52:00-04:00	10.2450	10.1924	584
2026-08-19T10:53:00-04:00	10.1900	10.1925	12535
2026-08-19T10:54:00-04:00	10.1850	10.1925	9827
2026-08-19T10:55:00-04:00	10.1700	10.1924	7032
2026-08-19T10:56:00-04:00	10.2150	10.1924	5991
2026-08-19T10:57:00-04:00	10.2200	10.1924	1082
2026-08-19T10:58:00-04:00	10.2100	10.1925	7116
2026-08-19T10:59:00-04:00	10.2200	10.1925	1220
2026-08-19T11:00:00-04:00	10.1950	10.1926	4332
2026-08-19T11:01:00-04:00	10.1950	10.1926	1543
2026-08-19T11:02:00-04:00	10.1800	10.1926	2390
2026-08-19T11:03:00-04:00	10.1700	10.1924	15095
2026-08-19T11:04:00-04:00	10.1500	10.1922	5959
2026-08-19T11:05:00-04:00	10.1700	10.1921	6543
2026-08-19T11:06:00-04:00	10.1900	10.1921	1455
2026-08-19T11:07:00-04:00	10.2000	10.1921	1061
2026-08-19T11:08:00-04:00	10.1850	10.1921	2020
2026-08-19T11:09:00-04:00	10.1800	10.1920	8314
2026-08-19T11:10:00-04:00	10.1800	10.1919	5003
2026-08-19T11:11:00-04:00	10.1600	10.1919	2580
2026-08-19T11:12:00-04:00	10.1800	10.1918	6084
2026-08-19T11:13:00-04:00	10.1950	10.1918	1553
2026-08-19T11:14:00-04:00	10.1850	10.1918	3661
2026-08-19T11:15:00-04:00	10.1700	10.1917	6916
2026-08-19T11:16:00-04:00	10.2000	10.1917	11349
2026-08-19T11:17:00-04:00	10.1900	10.1917	2441
2026-08-19T11:19:00-04:00	10.1810	10.1917	522
2026-08-19T11:20:00-04:00	10.1200	10.1914	8216
2026-08-19T11:21:00-04:00	10.1102	10.1910	5669
2026-08-19T11:22:00-04:00	10.1300	10.1899	20682
2026-08-19T11:23:00-04:00	10.1300	10.1898	2292
2026-08-19T11:24:00-04:00	10.1150	10.1897	1711
2026-08-19T11:25:00-04:00	10.1050	10.1868	47073
2026-08-19T11:26:00-04:00	10.1000	10.1828	60861
2026-08-19T11:27:00-04:00	10.1100	10.1823	9139
2026-08-19T11:28:00-04:00	10.1400	10.1822	3768
2026-08-19T11:29:00-04:00	10.1400	10.1817	17000
2026-08-19T11:30:00-04:00	10.1300	10.1816	5115
2026-08-19T11:31:00-04:00	10.1350	10.1814	4563
2026-08-19T11:32:00-04:00	10.1350	10.1814	387
2026-08-19T11:33:00-04:00	10.1100	10.1810	9343
2026-08-19T11:34:00-04:00	10.1502	10.1806	14386
2026-08-19T11:35:00-04:00	10.1500	10.1806	1656
2026-08-19T11:36:00-04:00	10.1578	10.1806	2295
2026-08-19T11:37:00-04:00	10.1450	10.1805	1833
2026-08-19T11:38:00-04:00	10.1450	10.1804	5805
2026-08-19T11:39:00-04:00	10.1450	10.1804	1286
2026-08-19T11:40:00-04:00	10.1400	10.1803	3261
2026-08-19T11:41:00-04:00	10.1450	10.1802	2966
2026-08-19T11:42:00-04:00	10.1450	10.1801	5251
2026-08-19T11:43:00-04:00	10.1400	10.1798	12049
2026-08-19T11:44:00-04:00	10.1450	10.1795	11599
2026-08-19T11:45:00-04:00	10.1450	10.1795	800
2026-08-19T11:46:00-04:00	10.1800	10.1793	18665
2026-08-19T11:47:00-04:00	10.1800	10.1793	1883
2026-08-19T11:48:00-04:00	10.2250	10.1796	15436
2026-08-19T11:49:00-04:00	10.2100	10.1798	6548
2026-08-19T11:50:00-04:00	10.2200	10.1799	3829
2026-08-19T11:51:00-04:00	10.2350	10.1800	4994
2026-08-19T11:52:00-04:00	10.2099	10.1802	6697
2026-08-19T11:53:00-04:00	10.1650	10.1802	3975
2026-08-19T11:54:00-04:00	10.1400	10.1802	1106
2026-08-19T11:55:00-04:00	10.1400	10.1800	6289
2026-08-19T11:56:00-04:00	10.1400	10.1799	2094
2026-08-19T11:57:00-04:00	10.1350	10.1799	739
2026-08-19T11:58:00-04:00	10.1400	10.1798	5363
2026-08-19T11:59:00-04:00	10.1400	10.1797	4616
2026-08-19T12:00:00-04:00	10.0799	10.1777	38247
2026-08-19T12:01:00-04:00	10.0750	10.1766	15192
2026-08-19T12:02:00-04:00	10.0800	10.1766	1437
2026-08-19T12:03:00-04:00	10.0428	10.1759	8913
2026-08-19T12:04:00-04:00	10.0300	10.1754	5476
2026-08-19T12:05:00-04:00	10.0500	10.1746	11101
2026-08-19T12:06:00-04:00	10.0600	10.1743	4447
2026-08-19T12:07:00-04:00	10.0800	10.1739	7531
2026-08-19T12:08:00-04:00	10.0450	10.1735	5590
2026-08-19T12:09:00-04:00	10.0500	10.1734	969
2026-08-19T12:10:00-04:00	10.0300	10.1731	4219
2026-08-19T12:11:00-04:00	10.0300	10.1725	7085
2026-08-19T12:12:00-04:00	10.0300	10.1723	2494
2026-08-19T12:13:00-04:00	10.0300	10.1721	2144
2026-08-19T12:14:00-04:00	10.0300	10.1720	1109
2026-08-19T12:15:00-04:00	9.9950	10.1679	40873
2026-08-19T12:16:00-04:00	10.0210	10.1657	24156
2026-08-19T12:17:00-04:00	10.0550	10.1650	10050
2026-08-19T12:18:00-04:00	10.0501	10.1647	5243
2026-08-19T12:19:00-04:00	10.0696	10.1646	2443
2026-08-19T12:20:00-04:00	10.0700	10.1645	874
2026-08-19T12:21:00-04:00	10.0650	10.1644	2356
2026-08-19T12:22:00-04:00	10.0800	10.1639	9038
2026-08-19T12:23:00-04:00	10.0800	10.1638	3673
2026-08-19T12:24:00-04:00	10.0800	10.1635	4686
2026-08-19T12:25:00-04:00	10.0900	10.1635	1982
2026-08-19T12:26:00-04:00	10.0950	10.1634	1660
2026-08-19T12:27:00-04:00	10.0700	10.1632	3545
2026-08-19T12:28:00-04:00	10.0551	10.1631	2119
2026-08-19T12:29:00-04:00	10.0400	10.1629	3671
2026-08-19T12:30:00-04:00	10.0450	10.1628	1291
2026-08-19T12:31:00-04:00	10.0495	10.1628	370
2026-08-19T12:32:00-04:00	10.0458	10.1627	1096
2026-08-19T12:33:00-04:00	10.0450	10.1624	3860
2026-08-19T12:34:00-04:00	10.0400	10.1617	10375
2026-08-19T12:35:00-04:00	10.0350	10.1616	2715
2026-08-19T12:36:00-04:00	10.0350	10.1615	1505
2026-08-19T12:37:00-04:00	10.0350	10.1614	1364
2026-08-19T12:38:00-04:00	10.0300	10.1608	7689
2026-08-19T12:39:00-04:00	10.0300	10.1608	711
2026-08-19T12:40:00-04:00	10.0300	10.1606	2123
2026-08-19T12:41:00-04:00	10.0500	10.1600	9991
2026-08-19T12:42:00-04:00	10.0350	10.1599	1381
2026-08-19T12:43:00-04:00	10.0400	10.1593	10127
2026-08-19T12:44:00-04:00	10.0400	10.1592	993
2026-08-19T12:45:00-04:00	10.0100	10.1587	6937
2026-08-19T12:46:00-04:00	10.0050	10.1583	4756
2026-08-19T12:47:00-04:00	9.9700	10.1570	14090
2026-08-19T12:48:00-04:00	9.9950	10.1561	9871
2026-08-19T12:49:00-04:00	10.0200	10.1557	5164
2026-08-19T12:50:00-04:00	10.0300	10.1554	4224
2026-08-19T12:51:00-04:00	10.0100	10.1551	4600
2026-08-19T12:52:00-04:00	10.0100	10.1551	131
2026-08-19T12:53:00-04:00	10.0050	10.1550	1507
2026-08-19T12:54:00-04:00	10.0000	10.1543	8613
2026-08-19T12:55:00-04:00	9.9900	10.1541	2315
2026-08-19T12:56:00-04:00	9.9850	10.1538	3257
2026-08-19T12:57:00-04:00	9.9850	10.1538	669
2026-08-19T12:58:00-04:00	9.9850	10.1537	727
2026-08-19T12:59:00-04:00	9.9850	10.1532	5888
2026-08-19T13:00:00-04:00	9.9800	10.1530	1693
2026-08-19T13:02:00-04:00	9.9800	10.1528	2478
2026-08-19T13:03:00-04:00	9.9800	10.1527	1420
2026-08-19T13:04:00-04:00	9.9800	10.1525	1848
2026-08-19T13:05:00-04:00	9.9748	10.1522	4080
2026-08-19T13:06:00-04:00	9.9700	10.1515	7881
2026-08-19T13:07:00-04:00	9.9450	10.1473	43292
2026-08-19T13:08:00-04:00	9.9450	10.1463	9708
2026-08-19T13:09:00-04:00	9.9450	10.1460	3416
2026-08-19T13:10:00-04:00	9.9100	10.1433	24647
2026-08-19T13:11:00-04:00	9.9200	10.1425	7292
2026-08-19T13:12:00-04:00	9.9400	10.1421	4531
2026-08-19T13:13:00-04:00	9.9350	10.1413	7474
2026-08-19T13:14:00-04:00	9.9350	10.1405	8718
2026-08-19T13:15:00-04:00	9.9450	10.1399	6305
2026-08-19T13:16:00-04:00	9.9800	10.1393	6780
2026-08-19T13:17:00-04:00	9.9826	10.1383	13349
2026-08-19T13:18:00-04:00	9.9850	10.1383	581
2026-08-19T13:19:00-04:00	9.9898	10.1383	691
2026-08-19T13:20:00-04:00	9.9800	10.1371	14941
2026-08-19T13:21:00-04:00	9.9800	10.1368	3946
2026-08-19T13:22:00-04:00	9.9850	10.1368	563
2026-08-19T13:23:00-04:00	9.9900	10.1363	6193
2026-08-19T13:26:00-04:00	10.0100	10.1359	7730
2026-08-19T13:27:00-04:00	10.0200	10.1355	7696
2026-08-19T13:28:00-04:00	10.0300	10.1353	2841
2026-08-19T13:29:00-04:00	10.0300	10.1352	2543
2026-08-19T13:30:00-04:00	10.0450	10.1352	552
2026-08-19T13:31:00-04:00	10.0450	10.1352	100
2026-08-19T13:32:00-04:00	10.0450	10.1351	1491
2026-08-19T13:33:00-04:00	10.0401	10.1350	1490
2026-08-19T13:34:00-04:00	10.0400	10.1349	2415
2026-08-19T13:35:00-04:00	10.0300	10.1347	4914
2026-08-19T13:36:00-04:00	10.0150	10.1345	3687
2026-08-19T13:37:00-04:00	9.9850	10.1335	15305
2026-08-19T13:38:00-04:00	9.9950	10.1331	6866
2026-08-19T13:39:00-04:00	9.9900	10.1329	3232
2026-08-19T13:40:00-04:00	9.9800	10.1327	2085
2026-08-19T13:42:00-04:00	10.0050	10.1319	14210
2026-08-19T13:43:00-04:00	10.0050	10.1319	226
2026-08-19T13:44:00-04:00	10.0100	10.1318	1039
2026-08-19T13:45:00-04:00	10.0050	10.1316	4587
2026-08-19T13:46:00-04:00	10.0100	10.1315	1309
2026-08-19T13:47:00-04:00	10.0350	10.1312	6443
2026-08-19T13:48:00-04:00	10.0400	10.1311	2269
2026-08-19T13:49:00-04:00	10.0350	10.1310	1161
2026-08-19T13:50:00-04:00	10.0518	10.1307	9919
2026-08-19T13:51:00-04:00	10.0550	10.1306	1935
2026-08-19T13:52:00-04:00	10.0200	10.1301	10727
2026-08-19T13:53:00-04:00	10.0400	10.1300	3422
2026-08-19T13:54:00-04:00	10.0400	10.1299	2281
2026-08-19T13:55:00-04:00	10.0200	10.1298	2340
2026-08-19T13:56:00-04:00	10.0200	10.1297	1325
2026-08-19T13:57:00-04:00	10.0000	10.1295	3756
2026-08-19T13:58:00-04:00	9.9950	10.1295	564
2026-08-19T13:59:00-04:00	9.9800	10.1294	1754
2026-08-19T14:00:00-04:00	9.9900	10.1290	5895
2026-08-19T14:01:00-04:00	9.9850	10.1290	185
2026-08-19T14:02:00-04:00	9.9700	10.1287	4454
2026-08-19T14:03:00-04:00	9.9200	10.1264	27627
2026-08-19T14:04:00-04:00	9.9200	10.1257	7565
2026-08-19T14:05:00-04:00	9.9600	10.1245	15662
2026-08-19T14:06:00-04:00	10.0000	10.1240	8564
2026-08-19T14:07:00-04:00	9.9850	10.1240	1198
2026-08-19T14:08:00-04:00	9.9650	10.1238	2938
2026-08-19T14:09:00-04:00	9.9700	10.1228	13924
2026-08-19T14:10:00-04:00	9.9600	10.1221	10308
2026-08-19T14:11:00-04:00	9.9529	10.1215	8797
2026-08-19T14:12:00-04:00	9.9550	10.1215	533
2026-08-19T14:13:00-04:00	9.9300	10.1209	8215
2026-08-19T14:14:00-04:00	9.9300	10.1208	1094
2026-08-19T14:15:00-04:00	9.9250	10.1206	2016
2026-08-19T14:16:00-04:00	9.9200	10.1205	966
2026-08-19T14:17:00-04:00	9.9100	10.1204	1449
2026-08-19T14:18:00-04:00	9.9300	10.1182	27619
2026-08-19T14:19:00-04:00	9.9050	10.1177	6340
2026-08-19T14:20:00-04:00	9.9250	10.1171	7595
2026-08-19T14:21:00-04:00	9.9301	10.1167	5053
2026-08-19T14:22:00-04:00	9.9300	10.1166	1098
2026-08-19T14:23:00-04:00	9.9250	10.1165	1241
2026-08-19T14:24:00-04:00	9.9350	10.1151	19849
2026-08-19T14:25:00-04:00	9.9400	10.1148	3757
2026-08-19T14:26:00-04:00	9.9450	10.1146	3197
2026-08-19T14:27:00-04:00	9.9400	10.1144	3265
2026-08-19T14:28:00-04:00	9.9350	10.1142	2188
2026-08-19T14:29:00-04:00	9.9350	10.1139	4054
2026-08-19T14:30:00-04:00	9.9350	10.1139	266
2026-08-19T14:31:00-04:00	9.9350	10.1138	1631
2026-08-19T14:32:00-04:00	9.9300	10.1131	9874
2026-08-19T14:33:00-04:00	9.9150	10.1129	1642
2026-08-19T14:34:00-04:00	9.9150	10.1129	1113
2026-08-19T14:35:00-04:00	9.9000	10.1123	6381
2026-08-19T14:36:00-04:00	9.9100	10.1113	11694
2026-08-19T14:37:00-04:00	9.8900	10.1107	6780
2026-08-19T14:38:00-04:00	9.8900	10.1104	3405
2026-08-19T14:39:00-04:00	9.9100	10.1100	4971
2026-08-19T14:40:00-04:00	9.9200	10.1092	11111
2026-08-19T14:41:00-04:00	9.9200	10.1091	961
2026-08-19T14:42:00-04:00	9.9200	10.1090	1574
2026-08-19T14:43:00-04:00	9.9400	10.1084	9133
2026-08-19T14:44:00-04:00	9.9500	10.1077	10298
2026-08-19T14:45:00-04:00	9.9300	10.1075	3354
2026-08-19T14:46:00-04:00	9.9349	10.1073	2520
2026-08-19T14:47:00-04:00	9.9350	10.1073	1115
2026-08-19T14:48:00-04:00	9.9400	10.1066	9680
2026-08-19T14:49:00-04:00	9.9700	10.1063	5446
2026-08-19T14:50:00-04:00	9.9550	10.1060	5811
2026-08-19T14:51:00-04:00	9.9950	10.1056	8585
2026-08-19T14:52:00-04:00	9.9800	10.1053	4984
2026-08-19T14:53:00-04:00	9.9800	10.1053	1616
2026-08-19T14:54:00-04:00	9.9800	10.1050	4814
2026-08-19T14:55:00-04:00	10.0200	10.1047	8059
2026-08-19T14:56:00-04:00	10.0100	10.1047	2308
2026-08-19T14:57:00-04:00	9.9900	10.1043	9651
2026-08-19T14:58:00-04:00	10.0000	10.1042	2313
2026-08-19T14:59:00-04:00	10.0150	10.1039	8264
2026-08-19T15:00:00-04:00	10.0350	10.1034	15922
2026-08-19T15:01:00-04:00	10.0200	10.1032	5592
2026-08-19T15:02:00-04:00	10.0150	10.1032	2369
2026-08-19T15:03:00-04:00	10.0150	10.1031	566
2026-08-19T15:04:00-04:00	10.0101	10.1029	7074
2026-08-19T15:05:00-04:00	10.0150	10.1028	2626
2026-08-19T15:06:00-04:00	10.0400	10.1026	6673
2026-08-19T15:07:00-04:00	10.0300	10.1025	4648
2026-08-19T15:08:00-04:00	10.0300	10.1024	2468
2026-08-19T15:09:00-04:00	10.0250	10.1023	4764
2026-08-19T15:10:00-04:00	10.0150	10.1022	2747
2026-08-19T15:11:00-04:00	10.0150	10.1022	1703
2026-08-19T15:12:00-04:00	10.0200	10.1020	7244
2026-08-19T15:13:00-04:00	10.0300	10.1016	13098
2026-08-19T15:14:00-04:00	9.9950	10.1014	5808
2026-08-19T15:15:00-04:00	9.9750	10.1007	16037
2026-08-19T15:16:00-04:00	10.0100	10.1002	12198
2026-08-19T15:17:00-04:00	10.0500	10.0999	14739
2026-08-19T15:18:00-04:00	10.0500	10.0999	1001
2026-08-19T15:19:00-04:00	10.0500	10.0998	2945
2026-08-19T15:20:00-04:00	10.0400	10.0996	9477
2026-08-19T15:21:00-04:00	10.0250	10.0995	6541
2026-08-19T15:22:00-04:00	10.0250	10.0994	3752
2026-08-19T15:23:00-04:00	10.0854	10.0993	11314
2026-08-19T15:24:00-04:00	10.0850	10.0992	944
2026-08-19T15:25:00-04:00	10.1000	10.0991	29285
2026-08-19T15:26:00-04:00	10.1050	10.0991	23822
2026-08-19T15:27:00-04:00	10.1900	10.0994	14695
2026-08-19T15:28:00-04:00	10.1700	10.1004	33718
2026-08-19T15:29:00-04:00	10.1400	10.1005	3012
2026-08-19T15:30:00-04:00	10.1150	10.1006	11097
2026-08-19T15:31:00-04:00	10.1200	10.1006	4657
2026-08-19T15:32:00-04:00	10.1200	10.1007	14282
2026-08-19T15:33:00-04:00	10.1150	10.1007	8120
2026-08-19T15:34:00-04:00	10.1150	10.1007	1320
2026-08-19T15:35:00-04:00	10.1200	10.1008	25693
2026-08-19T15:36:00-04:00	10.1050	10.1008	1823
2026-08-19T15:37:00-04:00	10.1400	10.1009	10357
2026-08-19T15:38:00-04:00	10.1350	10.1009	2364
2026-08-19T15:39:00-04:00	10.1250	10.1010	9488
2026-08-19T15:40:00-04:00	10.1500	10.1015	34017
2026-08-19T15:41:00-04:00	10.1400	10.1017	16928
2026-08-19T15:42:00-04:00	10.1450	10.1019	13697
2026-08-19T15:43:00-04:00	10.1250	10.1020	9097
2026-08-19T15:44:00-04:00	10.1350	10.1021	9552
2026-08-19T15:45:00-04:00	10.1700	10.1026	27777
2026-08-19T15:46:00-04:00	10.1866	10.1034	32896
2026-08-19T15:47:00-04:00	10.1750	10.1035	3671
2026-08-19T15:48:00-04:00	10.1801	10.1039	18710
2026-08-19T15:49:00-04:00	10.1600	10.1045	30089
2026-08-19T15:50:00-04:00	10.1050	10.1046	10209
2026-08-19T15:51:00-04:00	10.1050	10.1041	76321
2026-08-19T15:52:00-04:00	10.1850	10.1044	22887
2026-08-19T15:53:00-04:00	10.1100	10.1047	29863
2026-08-19T15:54:00-04:00	10.1400	10.1049	14309
2026-08-19T15:55:00-04:00	10.2050	10.1054	22838
2026-08-19T15:56:00-04:00	10.2000	10.1064	37025
2026-08-19T15:57:00-04:00	10.1625	10.1069	23238
2026-08-19T15:58:00-04:00	10.1800	10.1081	60906
2026-08-19T15:59:00-04:00	10.1800	10.1104	104871
2026-08-20T09:30:00-04:00	9.9984	9.9656	67650
2026-08-20T09:31:00-04:00	9.7800	9.8906	55958
2026-08-20T09:32:00-04:00	9.6600	9.8496	34706
2026-08-20T09:33:00-04:00	9.7123	9.8372	15112
2026-08-20T09:34:00-04:00	9.6201	9.8021	41810
2026-08-20T09:35:00-04:00	9.7000	9.7892	34959
2026-08-20T09:36:00-04:00	9.6400	9.7695	43571
2026-08-20T09:37:00-04:00	9.6500	9.7650	11579
2026-08-20T09:38:00-04:00	9.7050	9.7630	7364
2026-08-20T09:39:00-04:00	9.7050	9.7535	77480
2026-08-20T09:40:00-04:00	9.6850	9.7515	11142
2026-08-20T09:41:00-04:00	9.6803	9.7508	4358
2026-08-20T09:42:00-04:00	9.5500	9.7388	35951
2026-08-20T09:43:00-04:00	9.5200	9.7327	14210
2026-08-20T09:44:00-04:00	9.5100	9.7153	42825
2026-08-20T09:45:00-04:00	9.4836	9.6969	45105
2026-08-20T09:46:00-04:00	9.4900	9.6908	16320
2026-08-20T09:47:00-04:00	9.4150	9.6712	46992
2026-08-20T09:48:00-04:00	9.4500	9.6473	70580
2026-08-20T09:49:00-04:00	9.4593	9.6458	5354
2026-08-20T09:50:00-04:00	9.4300	9.6411	16115
2026-08-20T09:51:00-04:00	9.4000	9.6220	60735
2026-08-20T09:52:00-04:00	9.3550	9.6027	63373
2026-08-20T09:53:00-04:00	9.4000	9.5969	22471
2026-08-20T09:54:00-04:00	9.3600	9.5954	5644
2026-08-20T09:55:00-04:00	9.4100	9.5930	10630
2026-08-20T09:56:00-04:00	9.3850	9.5854	34510
2026-08-20T09:57:00-04:00	9.3650	9.5796	25448
2026-08-20T09:58:00-04:00	9.3450	9.5696	41970
2026-08-20T09:59:00-04:00	9.3400	9.5617	33405
2026-08-20T10:00:00-04:00	9.3863	9.5587	17904
2026-08-20T10:01:00-04:00	9.3700	9.5567	10288
2026-08-20T10:02:00-04:00	9.3400	9.5552	7291
2026-08-20T10:03:00-04:00	9.3800	9.5477	40883
2026-08-20T10:04:00-04:00	9.3900	9.5459	11876
2026-08-20T10:05:00-04:00	9.4000	9.5457	1139
2026-08-20T10:06:00-04:00	9.4200	9.5440	14399
2026-08-20T10:07:00-04:00	9.4200	9.5435	4748
2026-08-20T10:08:00-04:00	9.4200	9.5431	3162
2026-08-20T10:09:00-04:00	9.4150	9.5419	11093
2026-08-20T10:10:00-04:00	9.4303	9.5412	6636
2026-08-20T10:11:00-04:00	9.4399	9.5394	22504
2026-08-20T10:12:00-04:00	9.4200	9.5386	8085
2026-08-20T10:13:00-04:00	9.3800	9.5367	14979
2026-08-20T10:14:00-04:00	9.3800	9.5350	11935
2026-08-20T10:15:00-04:00	9.3600	9.5337	9744
2026-08-20T10:16:00-04:00	9.3700	9.5324	9761
2026-08-20T10:17:00-04:00	9.3300	9.5297	16846
2026-08-20T10:18:00-04:00	9.3300	9.5293	3142
2026-08-20T10:19:00-04:00	9.2800	9.5216	39903
2026-08-20T10:20:00-04:00	9.2800	9.5192	12973
2026-08-20T10:21:00-04:00	9.2600	9.5180	6133
2026-08-20T10:22:00-04:00	9.2500	9.5134	22214
2026-08-20T10:23:00-04:00	9.2502	9.5069	33720
2026-08-20T10:24:00-04:00	9.2100	9.5023	22338
2026-08-20T10:25:00-04:00	9.2200	9.4952	33563
2026-08-20T10:26:00-04:00	9.1900	9.4896	27139
2026-08-20T10:27:00-04:00	9.1900	9.4868	13075
2026-08-20T10:28:00-04:00	9.1950	9.4838	14979
2026-08-20T10:29:00-04:00	9.1900	9.4826	6042
2026-08-20T10:30:00-04:00	9.1750	9.4801	11959
2026-08-20T10:31:00-04:00	9.2300	9.4766	19587
2026-08-20T10:32:00-04:00	9.2300	9.4761	3383
2026-08-20T10:33:00-04:00	9.2850	9.4746	10709
2026-08-20T10:34:00-04:00	9.2950	9.4735	9062
2026-08-20T10:35:00-04:00	9.2900	9.4735	435
2026-08-20T10:36:00-04:00	9.3300	9.4723	11480
2026-08-20T10:37:00-04:00	9.3300	9.4720	3548
2026-08-20T10:38:00-04:00	9.2900	9.4711	7485
2026-08-20T10:39:00-04:00	9.2600	9.4699	9234
2026-08-20T10:40:00-04:00	9.2900	9.4685	12203
2026-08-20T10:41:00-04:00	9.2900	9.4679	4804
2026-08-20T10:42:00-04:00	9.3600	9.4671	9506
2026-08-20T10:43:00-04:00	9.3700	9.4664	10216
2026-08-20T10:44:00-04:00	9.3700	9.4659	8599
2026-08-20T10:45:00-04:00	9.3600	9.4655	7207
2026-08-20T10:46:00-04:00	9.3300	9.4649	7793
2026-08-20T10:47:00-04:00	9.3000	9.4636	12298
2026-08-20T10:48:00-04:00	9.2900	9.4626	9882
2026-08-20T10:49:00-04:00	9.3200	9.4623	3506
2026-08-20T10:50:00-04:00	9.3200	9.4622	567
2026-08-20T10:51:00-04:00	9.3100	9.4620	2626
2026-08-20T10:52:00-04:00	9.2800	9.4615	5089
2026-08-20T10:53:00-04:00	9.2800	9.4603	11029
2026-08-20T10:54:00-04:00	9.2501	9.4593	7568
2026-08-20T10:55:00-04:00	9.2100	9.4580	9259
2026-08-20T10:56:00-04:00	9.2000	9.4560	13598
2026-08-20T10:57:00-04:00	9.2000	9.4558	1435
2026-08-20T10:58:00-04:00	9.1800	9.4544	8899
2026-08-20T10:59:00-04:00	9.1600	9.4512	18673
2026-08-20T11:00:00-04:00	9.1750	9.4466	28083
2026-08-20T11:01:00-04:00	9.1750	9.4449	11012
2026-08-20T11:02:00-04:00	9.1850	9.4416	21873
2026-08-20T11:03:00-04:00	9.1686	9.4397	12890
2026-08-20T11:04:00-04:00	9.1650	9.4334	42234
2026-08-20T11:05:00-04:00	9.1850	9.4271	46363
2026-08-20T11:06:00-04:00	9.1900	9.4235	27379
2026-08-20T11:07:00-04:00	9.1650	9.4206	21946
2026-08-20T11:08:00-04:00	9.1500	9.4195	7390
2026-08-20T11:09:00-04:00	9.1550	9.4186	6845
2026-08-20T11:10:00-04:00	9.1550	9.4154	23712
2026-08-20T11:11:00-04:00	9.1500	9.4139	11642
2026-08-20T11:12:00-04:00	9.1850	9.4117	18332
2026-08-20T11:13:00-04:00	9.1900	9.4108	7902
2026-08-20T11:14:00-04:00	9.2050	9.4104	4090
2026-08-20T11:15:00-04:00	9.2600	9.4094	11348
2026-08-20T11:16:00-04:00	9.2500	9.4087	9399
2026-08-20T11:17:00-04:00	9.2700	9.4082	6365
2026-08-20T11:18:00-04:00	9.2500	9.4078	5478
2026-08-20T11:19:00-04:00	9.2400	9.4073	6764
2026-08-20T11:20:00-04:00	9.1800	9.4062	10409
2026-08-20T11:21:00-04:00	9.2100	9.4052	10075
2026-08-20T11:22:00-04:00	9.2050	9.4046	6390
2026-08-20T11:23:00-04:00	9.2200	9.4037	9743
2026-08-20T11:24:00-04:00	9.2200	9.4036	712
2026-08-20T11:25:00-04:00	9.2200	9.4031	6448
2026-08-20T11:26:00-04:00	9.2150	9.4030	316
2026-08-20T11:27:00-04:00	9.2150	9.4027	3318
2026-08-20T11:28:00-04:00	9.2107	9.4010	19265
2026-08-20T11:29:00-04:00	9.2250	9.4004	7044
2026-08-20T11:30:00-04:00	9.2050	9.4002	1439
2026-08-20T11:31:00-04:00	9.2000	9.3992	10933
2026-08-20T11:32:00-04:00	9.1950	9.3991	477
2026-08-20T11:33:00-04:00	9.1700	9.3983	7864
2026-08-20T11:34:00-04:00	9.1650	9.3979	4158
2026-08-20T11:35:00-04:00	9.1453	9.3957	18696
2026-08-20T11:36:00-04:00	9.1101	9.3938	14993
2026-08-20T11:37:00-04:00	9.0850	9.3910	20722
2026-08-20T11:38:00-04:00	9.0250	9.3890	12801
2026-08-20T11:39:00-04:00	9.0600	9.3785	68599
2026-08-20T11:40:00-04:00	9.0650	9.3751	24992
2026-08-20T11:41:00-04:00	9.0550	9.3728	16916
2026-08-20T11:42:00-04:00	9.0550	9.3723	4085
2026-08-20T11:43:00-04:00	9.0600	9.3692	22443
2026-08-20T11:44:00-04:00	9.0600	9.3688	3378
2026-08-20T11:45:00-04:00	9.0550	9.3682	4513
2026-08-20T11:46:00-04:00	9.0450	9.3648	26458
2026-08-20T11:47:00-04:00	9.0400	9.3632	12059
2026-08-20T11:48:00-04:00	9.0550	9.3625	5255
2026-08-20T11:49:00-04:00	9.0573	9.3611	10734
2026-08-20T11:50:00-04:00	9.0500	9.3558	41069
2026-08-20T11:51:00-04:00	9.0450	9.3550	6790
2026-08-20T11:52:00-04:00	9.1200	9.3512	35902
2026-08-20T11:53:00-04:00	9.1300	9.3489	26859
2026-08-20T11:54:00-04:00	9.1500	9.3478	13815
2026-08-20T11:55:00-04:00	9.1000	9.3469	10440
2026-08-20T11:56:00-04:00	9.1252	9.3464	4848
2026-08-20T11:57:00-04:00	9.1550	9.3454	13146
2026-08-20T11:58:00-04:00	9.1750	9.3441	17877
2026-08-20T11:59:00-04:00	9.2000	9.3435	10554
2026-08-20T12:00:00-04:00	9.1600	9.3421	21762
2026-08-20T12:01:00-04:00	9.1792	9.3417	4976
2026-08-20T12:02:00-04:00	9.1900	9.3414	5463
2026-08-20T12:03:00-04:00	9.1800	9.3412	2729
2026-08-20T12:04:00-04:00	9.1850	9.3402	16493
2026-08-20T12:05:00-04:00	9.2050	9.3398	7844
2026-08-20T12:06:00-04:00	9.1950	9.3397	2152
2026-08-20T12:07:00-04:00	9.1200	9.3391	7624
2026-08-20T12:08:00-04:00	9.1400	9.3363	36155
2026-08-20T12:09:00-04:00	9.1200	9.3354	11966
2026-08-20T12:10:00-04:00	9.1150	9.3350	5471
2026-08-20T12:11:00-04:00	9.1250	9.3346	4511
2026-08-20T12:12:00-04:00	9.1150	9.3338	9875
2026-08-20T12:13:00-04:00	9.0900	9.3330	9417
2026-08-20T12:14:00-04:00	9.1150	9.3324	8040
2026-08-20T12:15:00-04:00	9.1250	9.3321	3810
2026-08-20T12:16:00-04:00	9.1250	9.3320	959
2026-08-20T12:17:00-04:00	9.1150	9.3317	3548
2026-08-20T12:18:00-04:00	9.1150	9.3314	4701
2026-08-20T12:19:00-04:00	9.1150	9.3311	3438
2026-08-20T12:20:00-04:00	9.1150	9.3309	2095
2026-08-20T12:21:00-04:00	9.1150	9.3306	4482
2026-08-20T12:22:00-04:00	9.1100	9.3304	2311
2026-08-20T12:23:00-04:00	9.1200	9.3292	15705
2026-08-20T12:24:00-04:00	9.1050	9.3280	16069
2026-08-20T12:25:00-04:00	9.0606	9.3269	11346
2026-08-20T12:26:00-04:00	9.0500	9.3267	2304
2026-08-20T12:27:00-04:00	9.0800	9.3252	17115
2026-08-20T12:28:00-04:00	9.0700	9.3250	1697
2026-08-20T12:29:00-04:00	9.0600	9.3248	2210
2026-08-20T12:30:00-04:00	9.0350	9.3240	8249
2026-08-20T12:31:00-04:00	9.0350	9.3210	29063
2026-08-20T12:32:00-04:00	9.0300	9.3204	6097
2026-08-20T12:33:00-04:00	9.0300	9.3202	1970
2026-08-20T12:34:00-04:00	9.0301	9.3194	8182
2026-08-20T12:35:00-04:00	9.0014	9.3170	22734
2026-08-20T12:36:00-04:00	9.0150	9.3138	30812
2026-08-20T12:37:00-04:00	9.0150	9.3133	5129
2026-08-20T12:38:00-04:00	9.0050	9.3128	4947
2026-08-20T12:39:00-04:00	9.0000	9.3101	26073
2026-08-20T12:40:00-04:00	8.9000	9.2982	97526
2026-08-20T12:41:00-04:00	8.8950	9.2915	53231
2026-08-20T12:42:00-04:00	8.9200	9.2870	37094
2026-08-20T12:43:00-04:00	8.9500	9.2797	68486
2026-08-20T12:45:00-04:00	8.9700	9.2774	24983
2026-08-20T12:46:00-04:00	8.9950	9.2761	15145
2026-08-20T12:47:00-04:00	9.0100	9.2759	2494
2026-08-20T12:48:00-04:00	9.0000	9.2757	2164
2026-08-20T12:49:00-04:00	9.0150	9.2753	4340
2026-08-20T12:50:00-04:00	9.0300	9.2749	5747
2026-08-20T12:51:00-04:00	9.0050	9.2745	4898
2026-08-20T12:52:00-04:00	8.9800	9.2741	4792
2026-08-20T12:53:00-04:00	8.9700	9.2730	11824
2026-08-20T12:54:00-04:00	8.9700	9.2727	2796
2026-08-20T12:55:00-04:00	8.9710	9.2723	5111
2026-08-20T12:56:00-04:00	8.9714	9.2721	2533
2026-08-20T12:57:00-04:00	8.9950	9.2704	19946
2026-08-20T12:58:00-04:00	8.9900	9.2700	4347
