timestamp_et	close	running_vwap	volume
2026-08-06T09:30:00-04:00	12.2100	12.5067	82068
2026-08-06T09:31:00-04:00	12.3800	12.4320	38608
2026-08-06T09:32:00-04:00	12.1250	12.3829	36733
2026-08-06T09:33:00-04:00	12.2000	12.3482	30114
2026-08-06T09:34:00-04:00	12.2750	12.3448	9946
2026-08-06T09:35:00-04:00	12.2000	12.3114	49792
2026-08-06T09:36:00-04:00	12.1000	12.2948	24060
2026-08-06T09:37:00-04:00	11.9950	12.2395	65132
2026-08-06T09:38:00-04:00	12.0550	12.2335	10579
2026-08-06T09:39:00-04:00	12.0836	12.2230	20332
2026-08-06T09:40:00-04:00	12.1600	12.2217	5597
2026-08-06T09:41:00-04:00	12.1818	12.2210	4636
2026-08-06T09:42:00-04:00	12.1200	12.2202	3643
2026-08-06T09:43:00-04:00	12.1100	12.2192	3738
2026-08-06T09:44:00-04:00	12.0600	12.2148	13130
2026-08-06T09:45:00-04:00	12.1200	12.2086	21052
2026-08-06T09:46:00-04:00	11.9300	12.2037	9353
2026-08-06T09:47:00-04:00	11.9300	12.2005	5664
2026-08-06T09:48:00-04:00	11.8400	12.1673	44084
2026-08-06T09:49:00-04:00	11.8623	12.1648	3723
2026-08-06T09:50:00-04:00	11.7500	12.1489	19347
2026-08-06T09:51:00-04:00	11.7000	12.1423	8237
2026-08-06T09:52:00-04:00	11.7800	12.1231	26963
2026-08-06T09:53:00-04:00	11.7000	12.1177	7414
2026-08-06T09:54:00-04:00	11.7750	12.1118	9226
2026-08-06T09:55:00-04:00	11.8250	12.1040	15101
2026-08-06T09:56:00-04:00	11.8400	12.1010	6349
2026-08-06T09:57:00-04:00	11.9509	12.0936	25231
2026-08-06T09:58:00-04:00	11.9000	12.0895	16865
2026-08-06T09:59:00-04:00	12.0000	12.0837	30598
2026-08-06T10:00:00-04:00	11.9700	12.0808	15815
2026-08-06T10:01:00-04:00	11.9020	12.0790	8044
2026-08-06T10:02:00-04:00	11.8200	12.0765	7136
2026-08-06T10:03:00-04:00	11.8700	12.0694	23563
2026-08-06T10:04:00-04:00	11.8900	12.0672	8967
2026-08-06T10:05:00-04:00	11.9000	12.0665	3054
2026-08-06T10:06:00-04:00	11.8900	12.0609	22522
2026-08-06T10:07:00-04:00	11.9850	12.0568	26182
2026-08-06T10:08:00-04:00	11.9400	12.0493	57374
2026-08-06T10:09:00-04:00	11.9750	12.0454	41472
2026-08-06T10:10:00-04:00	11.9800	12.0436	23401
2026-08-06T10:11:00-04:00	11.9350	12.0389	41786
2026-08-06T10:12:00-04:00	11.8850	12.0378	7853
2026-08-06T10:13:00-04:00	12.0600	12.0370	43097
2026-08-06T10:14:00-04:00	11.9600	12.0369	4559
2026-08-06T10:15:00-04:00	11.9650	12.0342	36557
2026-08-06T10:16:00-04:00	12.0000	12.0339	12867
2026-08-06T10:17:00-04:00	12.1400	12.0348	12795
2026-08-06T10:18:00-04:00	12.0300	12.0355	18104
2026-08-06T10:19:00-04:00	12.1400	12.0366	16668
2026-08-06T10:20:00-04:00	12.1500	12.0411	38816
2026-08-06T10:21:00-04:00	12.1500	12.0416	4838
2026-08-06T10:22:00-04:00	12.1100	12.0422	9418
2026-08-06T10:23:00-04:00	12.1100	12.0430	10091
2026-08-06T10:24:00-04:00	12.1200	12.0435	8041
2026-08-06T10:25:00-04:00	12.1000	12.0440	10621
2026-08-06T10:26:00-04:00	12.1400	12.0446	9199
2026-08-06T10:27:00-04:00	12.1450	12.0448	2531
2026-08-06T10:28:00-04:00	12.1000	12.0451	3891
2026-08-06T10:29:00-04:00	12.0100	12.0450	12859
2026-08-06T10:30:00-04:00	12.0100	12.0446	18624
2026-08-06T10:31:00-04:00	11.9500	12.0437	12373
2026-08-06T10:32:00-04:00	11.9700	12.0435	1995
2026-08-06T10:33:00-04:00	12.0200	12.0428	18266
2026-08-06T10:34:00-04:00	12.0050	12.0427	1092
2026-08-06T10:35:00-04:00	11.9600	12.0422	9243
2026-08-06T10:36:00-04:00	11.9950	12.0418	9282
2026-08-06T10:37:00-04:00	11.9800	12.0417	2202
2026-08-06T10:38:00-04:00	11.9300	12.0407	13288
2026-08-06T10:39:00-04:00	11.7950	12.0370	22908
2026-08-06T10:40:00-04:00	11.7801	12.0365	2719
2026-08-06T10:41:00-04:00	11.7200	12.0275	40865
2026-08-06T10:42:00-04:00	11.7700	12.0263	5748
2026-08-06T10:43:00-04:00	11.8650	12.0233	20479
2026-08-06T10:44:00-04:00	11.7800	12.0227	3739
2026-08-06T10:45:00-04:00	11.8000	12.0182	32461
2026-08-06T10:46:00-04:00	11.7400	12.0151	16467
2026-08-06T10:47:00-04:00	11.7564	12.0139	6079
2026-08-06T10:48:00-04:00	11.7600	12.0126	7448
2026-08-06T10:49:00-04:00	11.7400	12.0114	6437
2026-08-06T10:50:00-04:00	11.7600	12.0103	5997
2026-08-06T10:51:00-04:00	11.7350	12.0092	6393
2026-08-06T10:52:00-04:00	11.7200	12.0081	5377
2026-08-06T10:53:00-04:00	11.6652	11.9975	46571
2026-08-06T10:54:00-04:00	11.6600	11.9952	9783
2026-08-06T10:55:00-04:00	11.6300	11.9944	3712
2026-08-06T10:56:00-04:00	11.6400	11.9915	11825
2026-08-06T10:57:00-04:00	11.5850	11.9890	9788
2026-08-06T10:58:00-04:00	11.5600	11.9883	2785
2026-08-06T10:59:00-04:00	11.6050	11.9766	48015
2026-08-06T11:00:00-04:00	11.6350	11.9748	8091
2026-08-06T11:01:00-04:00	11.6400	11.9733	7383
2026-08-06T11:02:00-04:00	11.6100	11.9720	5837
2026-08-06T11:03:00-04:00	11.5400	11.9667	20369
2026-08-06T11:04:00-04:00	11.5750	11.9649	7256
2026-08-06T11:05:00-04:00	11.5765	11.9634	6558
2026-08-06T11:06:00-04:00	11.6200	11.9630	1765
2026-08-06T11:07:00-04:00	11.6400	11.9625	2909
2026-08-06T11:08:00-04:00	11.6401	11.9612	6554
2026-08-06T11:09:00-04:00	11.6600	11.9604	4240
2026-08-06T11:10:00-04:00	11.6600	11.9600	2326
2026-08-06T11:11:00-04:00	11.6800	11.9588	6854
2026-08-06T11:12:00-04:00	11.6400	11.9569	10274
2026-08-06T11:13:00-04:00	11.6400	11.9547	11862
2026-08-06T11:14:00-04:00	11.6400	11.9540	3725
2026-08-06T11:15:00-04:00	11.6400	11.9526	7894
2026-08-06T11:16:00-04:00	11.6300	11.9454	38003
2026-08-06T11:17:00-04:00	11.6100	11.9441	7173
2026-08-06T11:18:00-04:00	11.6000	11.9430	5427
2026-08-06T11:19:00-04:00	11.5850	11.9421	4613
2026-08-06T11:20:00-04:00	11.6100	11.9409	6373
2026-08-06T11:21:00-04:00	11.6350	11.9396	7385
2026-08-06T11:22:00-04:00	11.6800	11.9389	4355
2026-08-06T11:23:00-04:00	11.6900	11.9324	47131
2026-08-06T11:24:00-04:00	11.6692	11.9275	37188
2026-08-06T11:25:00-04:00	11.6300	11.9226	32065
2026-08-06T11:26:00-04:00	11.7100	11.9184	31736
2026-08-06T11:27:00-04:00	11.7200	11.9172	10830
2026-08-06T11:28:00-04:00	11.7000	11.9165	6511
2026-08-06T11:29:00-04:00	11.6800	11.9160	4229
2026-08-06T11:30:00-04:00	11.6800	11.9152	6587
2026-08-06T11:31:00-04:00	11.6400	11.9127	18224
2026-08-06T11:32:00-04:00	11.6000	11.9101	17451
2026-08-06T11:33:00-04:00	11.5750	11.9084	9925
2026-08-06T11:34:00-04:00	11.5800	11.9069	9569
2026-08-06T11:35:00-04:00	11.5650	11.9064	3052
2026-08-06T11:36:00-04:00	11.5700	11.9055	5276
2026-08-06T11:37:00-04:00	11.5699	11.9032	13486
2026-08-06T11:38:00-04:00	11.5550	11.9028	2183
2026-08-06T11:39:00-04:00	11.5800	11.8994	22136
2026-08-06T11:40:00-04:00	11.5750	11.8984	6831
2026-08-06T11:41:00-04:00	11.6104	11.8972	7961
2026-08-06T11:42:00-04:00	11.6000	11.8970	1688
2026-08-06T11:43:00-04:00	11.5700	11.8942	18493
2026-08-06T11:44:00-04:00	11.5900	11.8932	6692
2026-08-06T11:45:00-04:00	11.5900	11.8920	8442
2026-08-06T11:46:00-04:00	11.6200	11.8914	4686
2026-08-06T11:47:00-04:00	11.6600	11.8911	2034
2026-08-06T11:48:00-04:00	11.6800	11.8907	4015
2026-08-06T11:49:00-04:00	11.6600	11.8905	2041
2026-08-06T11:50:00-04:00	11.6600	11.8903	1622
2026-08-06T11:51:00-04:00	11.6200	11.8897	5323
2026-08-06T11:52:00-04:00	11.5900	11.8881	11202
2026-08-06T11:53:00-04:00	11.5700	11.8870	7891
2026-08-06T11:54:00-04:00	11.5750	11.8867	1551
2026-08-06T11:55:00-04:00	11.5450	11.8859	5661
2026-08-06T11:56:00-04:00	11.5400	11.8853	3263
2026-08-06T11:57:00-04:00	11.5350	11.8849	2524
2026-08-06T11:58:00-04:00	11.5300	11.8847	1491
2026-08-06T11:59:00-04:00	11.5100	11.8828	11459
2026-08-06T12:00:00-04:00	11.4500	11.8801	14210
2026-08-06T12:01:00-04:00	11.4200	11.8751	23908
2026-08-06T12:02:00-04:00	11.4150	11.8733	8967
2026-08-06T12:03:00-04:00	11.4190	11.8715	8413
2026-08-06T12:04:00-04:00	11.4200	11.8701	7021
2026-08-06T12:05:00-04:00	11.4550	11.8697	2145
2026-08-06T12:06:00-04:00	11.4650	11.8695	869
2026-08-06T12:07:00-04:00	11.4700	11.8688	3802
2026-08-06T12:08:00-04:00	11.4822	11.8687	768
2026-08-06T12:09:00-04:00	11.4800	11.8684	1634
2026-08-06T12:10:00-04:00	11.4800	11.8677	4165
2026-08-06T12:11:00-04:00	11.4400	11.8669	4353
2026-08-06T12:12:00-04:00	11.4400	11.8664	2823
2026-08-06T12:13:00-04:00	11.4400	11.8656	3878
2026-08-06T12:14:00-04:00	11.4100	11.8631	12436
2026-08-06T12:15:00-04:00	11.4200	11.8629	1023
2026-08-06T12:16:00-04:00	11.4100	11.8623	2983
2026-08-06T12:17:00-04:00	11.4200	11.8621	1119
2026-08-06T12:18:00-04:00	11.4476	11.8616	2804
2026-08-06T12:19:00-04:00	11.4550	11.8613	1591
2026-08-06T12:20:00-04:00	11.4300	11.8609	1879
2026-08-06T12:21:00-04:00	11.4000	11.8605	2124
2026-08-06T12:22:00-04:00	11.3800	11.8600	2456
2026-08-06T12:23:00-04:00	11.3300	11.8583	7575
2026-08-06T12:24:00-04:00	11.3300	11.8579	1603
2026-08-06T12:25:00-04:00	11.3200	11.8566	5710
2026-08-06T12:26:00-04:00	11.3150	11.8555	4652
2026-08-06T12:27:00-04:00	11.3200	11.8545	4397
2026-08-06T12:28:00-04:00	11.3200	11.8541	1676
2026-08-06T12:29:00-04:00	11.3150	11.8538	1259
2026-08-06T12:30:00-04:00	11.3000	11.8531	2790
2026-08-06T12:31:00-04:00	11.2900	11.8514	7251
2026-08-06T12:32:00-04:00	11.2990	11.8509	2130
2026-08-06T12:33:00-04:00	11.2550	11.8480	11684
2026-08-06T12:34:00-04:00	11.2590	11.8477	1090
2026-08-06T12:35:00-04:00	11.2450	11.8467	4064
2026-08-06T12:36:00-04:00	11.2200	11.8454	4732
2026-08-06T12:37:00-04:00	11.3350	11.8407	20419
2026-08-06T12:38:00-04:00	11.3800	11.8400	3438
2026-08-06T12:39:00-04:00	11.3900	11.8397	1727
2026-08-06T12:40:00-04:00	11.4000	11.8391	3194
2026-08-06T12:41:00-04:00	11.4100	11.8381	5366
2026-08-06T12:42:00-04:00	11.4600	11.8363	11136
2026-08-06T12:43:00-04:00	11.4300	11.8351	7413
2026-08-06T12:44:00-04:00	11.4000	11.8344	4101
2026-08-06T12:45:00-04:00	11.4200	11.8338	3330
2026-08-06T12:46:00-04:00	11.4100	11.8333	2713
2026-08-06T12:47:00-04:00	11.4750	11.8321	7662
2026-08-06T12:48:00-04:00	11.4800	11.8313	5045
2026-08-06T12:49:00-04:00	11.4800	11.8311	1952
2026-08-06T12:50:00-04:00	11.4700	11.8307	2662
2026-08-06T12:51:00-04:00	11.4950	11.8300	4449
2026-08-06T12:52:00-04:00	11.5100	11.8296	3165
2026-08-06T12:53:00-04:00	11.4800	11.8294	1967
2026-08-06T12:54:00-04:00	11.4550	11.8289	3096
2026-08-06T12:55:00-04:00	11.4900	11.8281	5335
2026-08-06T12:56:00-04:00	11.4700	11.8279	1539
2026-08-06T12:57:00-04:00	11.4700	11.8275	3042
2026-08-06T12:58:00-04:00	11.4900	11.8271	2475
2026-08-06T12:59:00-04:00	11.5100	11.8269	1764
2026-08-06T13:00:00-04:00	11.5200	11.8266	2116
2026-08-06T13:01:00-04:00	11.5100	11.8256	8381
2026-08-06T13:02:00-04:00	11.5000	11.8242	10275
2026-08-06T13:03:00-04:00	11.5000	11.8241	1050
2026-08-06T13:04:00-04:00	11.4250	11.8229	7766
2026-08-06T13:05:00-04:00	11.4200	11.8212	10426
2026-08-06T13:06:00-04:00	11.4450	11.8209	2011
2026-08-06T13:07:00-04:00	11.4320	11.8205	2854
2026-08-06T13:08:00-04:00	11.4300	11.8203	898
2026-08-06T13:09:00-04:00	11.4150	11.8196	4840
2026-08-06T13:10:00-04:00	11.4300	11.8194	728
2026-08-06T13:11:00-04:00	11.4300	11.8192	1601
2026-08-06T13:12:00-04:00	11.4300	11.8185	4576
2026-08-06T13:13:00-04:00	11.5000	11.8175	7524
2026-08-06T13:14:00-04:00	11.4950	11.8173	1632
2026-08-06T13:15:00-04:00	11.5100	11.8164	6648
2026-08-06T13:16:00-04:00	11.5300	11.8154	9715
2026-08-06T13:17:00-04:00	11.5250	11.8149	3780
2026-08-06T13:18:00-04:00	11.5100	11.8147	1836
2026-08-06T13:19:00-04:00	11.5350	11.8139	7383
2026-08-06T13:20:00-04:00	11.5300	11.8137	1519
2026-08-06T13:21:00-04:00	11.4900	11.8116	16345
2026-08-06T13:22:00-04:00	11.4600	11.8113	2255
2026-08-06T13:23:00-04:00	11.4600	11.8112	743
2026-08-06T13:24:00-04:00	11.4150	11.8107	3477
2026-08-06T13:25:00-04:00	11.4300	11.8103	2837
2026-08-06T13:26:00-04:00	11.4400	11.8099	2461
2026-08-06T13:27:00-04:00	11.4400	11.8098	1074
2026-08-06T13:28:00-04:00	11.4400	11.8096	1377
2026-08-06T13:29:00-04:00	11.4500	11.8076	14521
2026-08-06T13:30:00-04:00	11.4800	11.8072	3093
2026-08-06T13:31:00-04:00	11.4900	11.8064	5760
2026-08-06T13:32:00-04:00	11.5000	11.8056	7253
2026-08-06T13:33:00-04:00	11.4835	11.8055	596
2026-08-06T13:34:00-04:00	11.4850	11.8050	4444
2026-08-06T13:35:00-04:00	11.5100	11.8027	19072
2026-08-06T13:36:00-04:00	11.5100	11.8027	555
2026-08-06T13:38:00-04:00	11.5100	11.8026	992
2026-08-06T13:39:00-04:00	11.5000	11.8024	1069
2026-08-06T13:40:00-04:00	11.4900	11.8022	2389
2026-08-06T13:41:00-04:00	11.4500	11.8014	5893
2026-08-06T13:42:00-04:00	11.4200	11.8010	2896
2026-08-06T13:43:00-04:00	11.4200	11.8009	393
2026-08-06T13:44:00-04:00	11.4250	11.8008	1351
2026-08-06T13:45:00-04:00	11.4250	11.8005	1496
2026-08-06T13:46:00-04:00	11.4900	11.7984	17231
2026-08-06T13:47:00-04:00	11.4500	11.7980	3114
2026-08-06T13:48:00-04:00	11.4300	11.7977	2507
2026-08-06T13:49:00-04:00	11.4300	11.7972	3768
2026-08-06T13:50:00-04:00	11.4300	11.7967	3179
2026-08-06T13:51:00-04:00	11.4200	11.7962	3850
2026-08-06T13:52:00-04:00	11.4355	11.7948	10404
2026-08-06T13:54:00-04:00	11.4250	11.7945	2268
2026-08-06T13:55:00-04:00	11.4250	11.7943	972
2026-08-06T13:56:00-04:00	11.4200	11.7937	4499
2026-08-06T13:57:00-04:00	11.4200	11.7936	854
2026-08-06T13:58:00-04:00	11.4200	11.7935	749
2026-08-06T13:59:00-04:00	11.4100	11.7924	7328
2026-08-06T14:00:00-04:00	11.4500	11.7912	9780
2026-08-06T14:01:00-04:00	11.4400	11.7910	1510
2026-08-06T14:02:00-04:00	11.4100	11.7908	1003
2026-08-06T14:04:00-04:00	11.3800	11.7903	3827
2026-08-06T14:05:00-04:00	11.3500	11.7873	19191
2026-08-06T14:06:00-04:00	11.3400	11.7869	2475
2026-08-06T14:07:00-04:00	11.3150	11.7865	2220
2026-08-06T14:08:00-04:00	11.3050	11.7864	763
2026-08-06T14:09:00-04:00	11.3050	11.7861	1329
2026-08-06T14:10:00-04:00	11.3100	11.7850	6274
2026-08-06T14:11:00-04:00	11.3000	11.7848	1293
2026-08-06T14:12:00-04:00	11.2763	11.7826	12431
2026-08-06T14:13:00-04:00	11.2750	11.7824	778
2026-08-06T14:14:00-04:00	11.2750	11.7818	3433
2026-08-06T14:15:00-04:00	11.2750	11.7812	3302
2026-08-06T14:16:00-04:00	11.3200	11.7777	20920
2026-08-06T14:17:00-04:00	11.3250	11.7768	4960
2026-08-06T14:18:00-04:00	11.3200	11.7756	7554
2026-08-06T14:19:00-04:00	11.3250	11.7748	5309
2026-08-06T14:20:00-04:00	11.2900	11.7740	4259
2026-08-06T14:21:00-04:00	11.3050	11.7736	2841
2026-08-06T14:22:00-04:00	11.3000	11.7732	2073
2026-08-06T14:23:00-04:00	11.3000	11.7731	946
2026-08-06T14:24:00-04:00	11.3010	11.7728	1488
2026-08-06T14:25:00-04:00	11.3100	11.7715	8217
2026-08-06T14:26:00-04:00	11.2700	11.7703	7208
2026-08-06T14:27:00-04:00	11.2700	11.7696	3826
2026-08-06T14:28:00-04:00	11.2800	11.7681	8691
2026-08-06T14:29:00-04:00	11.2900	11.7679	1171
2026-08-06T14:30:00-04:00	11.2800	11.7676	1520
2026-08-06T14:31:00-04:00	11.2800	11.7672	2379
2026-08-06T14:32:00-04:00	11.2700	11.7668	2688
2026-08-06T14:33:00-04:00	11.2550	11.7658	5625
2026-08-06T14:34:00-04:00	11.2700	11.7639	10748
2026-08-06T14:35:00-04:00	11.3000	11.7633	3963
2026-08-06T14:36:00-04:00	11.3300	11.7630	1969
2026-08-06T14:37:00-04:00	11.3008	11.7609	13001
2026-08-06T14:38:00-04:00	11.3000	11.7608	1035
2026-08-06T14:39:00-04:00	11.3100	11.7606	1463
2026-08-06T14:40:00-04:00	11.3000	11.7604	658
2026-08-06T14:41:00-04:00	11.2990	11.7601	1938
2026-08-06T14:42:00-04:00	11.2900	11.7599	1564
2026-08-06T14:43:00-04:00	11.2700	11.7594	2716
2026-08-06T14:44:00-04:00	11.2550	11.7587	4023
2026-08-06T14:45:00-04:00	11.2550	11.7585	1692
2026-08-06T14:46:00-04:00	11.2450	11.7570	8257
2026-08-06T14:47:00-04:00	11.2300	11.7568	927
2026-08-06T14:48:00-04:00	11.2200	11.7562	3482
2026-08-06T14:49:00-04:00	11.2250	11.7559	1984
2026-08-06T14:50:00-04:00	11.2050	11.7542	8876
2026-08-06T14:51:00-04:00	11.2000	11.7534	4120
2026-08-06T14:52:00-04:00	11.2010	11.7533	783
2026-08-06T14:53:00-04:00	11.2050	11.7530	1582
2026-08-06T14:54:00-04:00	11.2000	11.7524	2908
2026-08-06T14:55:00-04:00	11.2100	11.7520	2692
2026-08-06T14:56:00-04:00	11.2000	11.7518	634
2026-08-06T14:57:00-04:00	11.1800	11.7496	11643
2026-08-06T14:58:00-04:00	11.1650	11.7482	7107
2026-08-06T14:59:00-04:00	11.1500	11.7462	10166
2026-08-06T15:00:00-04:00	11.1550	11.7456	3046
2026-08-06T15:01:00-04:00	11.1500	11.7444	6248
2026-08-06T15:02:00-04:00	11.1550	11.7436	4110
2026-08-06T15:03:00-04:00	11.1550	11.7432	1664
2026-08-06T15:04:00-04:00	11.1650	11.7393	20187
2026-08-06T15:05:00-04:00	11.1450	11.7385	4179
2026-08-06T15:06:00-04:00	11.1550	11.7378	3414
2026-08-06T15:07:00-04:00	11.1410	11.7367	5742
2026-08-06T15:08:00-04:00	11.1600	11.7335	16892
2026-08-06T15:09:00-04:00	11.1700	11.7331	2401
2026-08-06T15:10:00-04:00	11.1888	11.7325	3190
2026-08-06T15:11:00-04:00	11.1850	11.7322	1496
2026-08-06T15:12:00-04:00	11.1750	11.7315	3984
2026-08-06T15:13:00-04:00	11.1500	11.7306	4726
2026-08-06T15:14:00-04:00	11.1350	11.7290	8364
2026-08-06T15:15:00-04:00	11.1250	11.7278	6283
2026-08-06T15:16:00-04:00	11.1183	11.7272	2886
2026-08-06T15:17:00-04:00	11.1350	11.7251	10872
2026-08-06T15:18:00-04:00	11.1450	11.7245	3545
2026-08-06T15:19:00-04:00	11.1450	11.7242	1333
2026-08-06T15:20:00-04:00	11.1550	11.7229	7277
2026-08-06T15:21:00-04:00	11.1400	11.7222	3516
2026-08-06T15:22:00-04:00	11.1350	11.7218	2451
2026-08-06T15:23:00-04:00	11.1150	11.7183	17684
2026-08-06T15:24:00-04:00	11.1100	11.7178	2571
2026-08-06T15:25:00-04:00	11.1150	11.7171	3714
2026-08-06T15:26:00-04:00	11.1000	11.7160	5719
2026-08-06T15:27:00-04:00	11.1050	11.7156	2290
2026-08-06T15:28:00-04:00	11.0850	11.7142	6914
2026-08-06T15:29:00-04:00	11.0201	11.7117	11887
2026-08-06T15:30:00-04:00	11.0900	11.7035	40967
2026-08-06T15:31:00-04:00	11.0700	11.7022	6629
2026-08-06T15:32:00-04:00	11.0450	11.7000	10993
2026-08-06T15:33:00-04:00	11.0400	11.6991	4139
2026-08-06T15:34:00-04:00	11.0500	11.6923	34273
2026-08-06T15:35:00-04:00	11.0500	11.6896	13624
2026-08-06T15:36:00-04:00	11.0500	11.6891	2753
2026-08-06T15:37:00-04:00	11.0201	11.6858	16412
2026-08-06T15:38:00-04:00	11.0400	11.6829	14792
2026-08-06T15:39:00-04:00	11.0500	11.6815	7142
2026-08-06T15:40:00-04:00	11.0450	11.6812	1664
2026-08-06T15:41:00-04:00	11.0450	11.6809	1728
2026-08-06T15:42:00-04:00	11.0350	11.6801	4217
2026-08-06T15:43:00-04:00	11.0050	11.6751	24596
2026-08-06T15:44:00-04:00	11.0050	11.6740	5614
2026-08-06T15:45:00-04:00	11.0050	11.6595	74502
2026-08-06T15:46:00-04:00	11.0050	11.6567	14779
2026-08-06T15:47:00-04:00	11.0000	11.6538	15014
2026-08-06T15:48:00-04:00	11.0000	11.6507	16719
2026-08-06T15:49:00-04:00	11.0050	11.6492	8044
2026-08-06T15:50:00-04:00	11.0050	11.6374	65156
2026-08-06T15:51:00-04:00	10.8900	11.6218	80291
2026-08-06T15:52:00-04:00	10.8400	11.6038	86313
2026-08-06T15:53:00-04:00	10.9000	11.5994	22518
2026-08-06T15:54:00-04:00	10.9200	11.5976	10003
2026-08-06T15:55:00-04:00	10.9050	11.5955	11343
2026-08-06T15:56:00-04:00	10.9050	11.5926	15918
2026-08-06T15:57:00-04:00	10.9100	11.5880	25776
2026-08-06T15:58:00-04:00	10.8800	11.5828	28863
2026-08-06T15:59:00-04:00	10.8850	11.5741	48800
2026-08-07T09:30:00-04:00	10.8100	10.9200	103200
2026-08-07T09:31:00-04:00	10.7900	10.8857	36969
2026-08-07T09:32:00-04:00	10.8500	10.8836	15128
2026-08-07T09:33:00-04:00	10.8400	10.8750	24095
2026-08-07T09:34:00-04:00	10.9700	10.8780	11052
2026-08-07T09:35:00-04:00	10.8520	10.8824	15798
2026-08-07T09:36:00-04:00	10.8020	10.8786	12782
2026-08-07T09:37:00-04:00	10.7900	10.8765	6032
2026-08-07T09:38:00-04:00	10.9750	10.8860	49918
2026-08-07T09:39:00-04:00	11.0150	10.8908	10991
2026-08-07T09:40:00-04:00	10.9900	10.8968	14856
2026-08-07T09:41:00-04:00	11.0050	10.8999	9226
2026-08-07T09:42:00-04:00	10.9400	10.9021	20989
2026-08-07T09:43:00-04:00	10.9500	10.9045	20947
2026-08-07T09:44:00-04:00	10.9570	10.9053	5593
2026-08-07T09:45:00-04:00	10.8100	10.9004	30311
2026-08-07T09:46:00-04:00	10.7150	10.8877	31558
2026-08-07T09:47:00-04:00	10.7700	10.8821	18048
2026-08-07T09:48:00-04:00	10.6974	10.8765	16538
2026-08-07T09:49:00-04:00	10.6900	10.8650	27013
2026-08-07T09:50:00-04:00	10.7700	10.8604	19775
2026-08-07T09:51:00-04:00	10.7650	10.8590	7618
2026-08-07T09:52:00-04:00	10.7500	10.8555	19531
2026-08-07T09:53:00-04:00	10.7600	10.8516	19573
2026-08-07T09:54:00-04:00	10.7400	10.8472	20166
2026-08-07T09:55:00-04:00	10.7050	10.8448	10887
2026-08-07T09:56:00-04:00	10.6500	10.8399	17370
2026-08-07T09:57:00-04:00	10.7700	10.8351	33747
2026-08-07T09:58:00-04:00	10.6900	10.8335	8530
2026-08-07T09:59:00-04:00	10.6800	10.8323	5053
2026-08-07T10:00:00-04:00	10.6450	10.8295	10132
2026-08-07T10:01:00-04:00	10.5500	10.8229	17352
2026-08-07T10:02:00-04:00	10.6000	10.8182	12837
2026-08-07T10:03:00-04:00	10.6199	10.8150	10671
2026-08-07T10:04:00-04:00	10.5300	10.8090	15344
2026-08-07T10:05:00-04:00	10.5850	10.8021	20941
2026-08-07T10:06:00-04:00	10.5850	10.7994	9521
2026-08-07T10:07:00-04:00	10.6201	10.7969	9993
2026-08-07T10:08:00-04:00	10.6350	10.7939	14851
2026-08-07T10:09:00-04:00	10.5708	10.7924	5481
2026-08-07T10:10:00-04:00	10.5950	10.7906	6512
2026-08-07T10:11:00-04:00	10.5942	10.7886	8443
2026-08-07T10:12:00-04:00	10.5800	10.7842	15326
2026-08-07T10:13:00-04:00	10.5749	10.7840	977
2026-08-07T10:14:00-04:00	10.5450	10.7823	5545
2026-08-07T10:15:00-04:00	10.6000	10.7808	6106
2026-08-07T10:16:00-04:00	10.6000	10.7805	1112
2026-08-07T10:17:00-04:00	10.6200	10.7782	10473
2026-08-07T10:18:00-04:00	10.6391	10.7725	29435
2026-08-07T10:19:00-04:00	10.6900	10.7713	10036
2026-08-07T10:20:00-04:00	10.6500	10.7707	4652
2026-08-07T10:21:00-04:00	10.6200	10.7706	823
2026-08-07T10:22:00-04:00	10.5500	10.7694	4966
2026-08-07T10:23:00-04:00	10.6150	10.7668	13375
2026-08-07T10:24:00-04:00	10.6000	10.7660	4506
2026-08-07T10:25:00-04:00	10.6400	10.7631	19023
2026-08-07T10:26:00-04:00	10.6450	10.7621	7435
2026-08-07T10:27:00-04:00	10.6712	10.7595	25061
2026-08-07T10:28:00-04:00	10.6778	10.7585	10953
2026-08-07T10:29:00-04:00	10.6800	10.7575	11510
2026-08-07T10:30:00-04:00	10.6600	10.7561	12267
2026-08-07T10:31:00-04:00	10.6250	10.7554	6188
2026-08-07T10:32:00-04:00	10.5650	10.7534	11099
2026-08-07T10:33:00-04:00	10.5900	10.7516	10554
2026-08-07T10:34:00-04:00	10.6300	10.7503	10004
2026-08-07T10:35:00-04:00	10.5950	10.7492	8089
2026-08-07T10:36:00-04:00	10.6141	10.7479	8843
2026-08-07T10:37:00-04:00	10.6100	10.7456	17032
2026-08-07T10:38:00-04:00	10.6400	10.7450	5812
2026-08-07T10:39:00-04:00	10.7700	10.7441	55284
2026-08-07T10:40:00-04:00	10.7750	10.7457	48084
2026-08-07T10:41:00-04:00	10.7750	10.7461	20750
2026-08-07T10:42:00-04:00	10.7500	10.7462	11603
2026-08-07T10:43:00-04:00	10.7000	10.7461	3204
2026-08-07T10:44:00-04:00	10.7700	10.7461	6146
2026-08-07T10:45:00-04:00	10.8000	10.7467	23268
2026-08-07T10:46:00-04:00	10.8550	10.7475	10371
2026-08-07T10:47:00-04:00	10.8167	10.7478	5032
2026-08-07T10:48:00-04:00	10.8450	10.7483	6522
2026-08-07T10:49:00-04:00	10.8600	10.7490	8674
2026-08-07T10:50:00-04:00	10.8800	10.7502	11443
2026-08-07T10:51:00-04:00	10.9300	10.7518	12005
2026-08-07T10:52:00-04:00	11.0200	10.7533	8414
2026-08-07T10:53:00-04:00	11.1300	10.7739	76490
2026-08-07T10:54:00-04:00	11.3600	10.7912	46361
2026-08-07T10:55:00-04:00	11.3650	10.7993	20313
2026-08-07T10:56:00-04:00	11.3750	10.8132	35332
2026-08-07T10:57:00-04:00	11.3800	10.8170	9861
2026-08-07T10:58:00-04:00	11.2662	10.8228	18389
2026-08-07T10:59:00-04:00	11.2350	10.8279	18198
2026-08-07T11:00:00-04:00	11.3100	10.8305	8573
2026-08-07T11:01:00-04:00	11.2750	10.8418	39219
2026-08-07T11:02:00-04:00	11.3700	10.8444	8102
2026-08-07T11:03:00-04:00	11.4000	10.8480	10609
2026-08-07T11:04:00-04:00	11.4100	10.8504	6658
2026-08-07T11:05:00-04:00	11.5500	10.8578	18206
2026-08-07T11:06:00-04:00	11.4800	10.8695	29468
2026-08-07T11:07:00-04:00	11.5300	10.8757	15582
2026-08-07T11:08:00-04:00	11.5900	10.8798	10003
2026-08-07T11:09:00-04:00	11.6750	10.8917	25791
2026-08-07T11:10:00-04:00	11.5400	10.9076	38995
2026-08-07T11:11:00-04:00	11.4400	10.9149	22871
2026-08-07T11:12:00-04:00	11.5327	10.9226	22190
2026-08-07T11:13:00-04:00	11.5850	10.9254	7686
2026-08-07T11:14:00-04:00	11.5750	10.9311	15583
2026-08-07T11:15:00-04:00	11.5300	10.9330	5490
2026-08-07T11:16:00-04:00	11.5200	10.9362	9449
2026-08-07T11:17:00-04:00	11.5000	10.9373	3501
2026-08-07T11:18:00-04:00	11.6100	10.9430	16062
2026-08-07T11:19:00-04:00	11.6500	10.9486	14735
2026-08-07T11:20:00-04:00	11.6700	10.9499	3345
2026-08-07T11:21:00-04:00	11.6900	10.9536	9427
2026-08-07T11:22:00-04:00	11.6950	10.9547	2752
2026-08-07T11:23:00-04:00	11.6600	10.9569	5725
2026-08-07T11:24:00-04:00	11.7000	10.9588	4849
2026-08-07T11:25:00-04:00	11.7800	10.9641	12426
2026-08-07T11:26:00-04:00	11.7100	10.9676	8625
2026-08-07T11:27:00-04:00	11.6600	10.9682	1820
2026-08-07T11:28:00-04:00	11.7200	10.9777	24731
2026-08-07T11:29:00-04:00	11.6550	10.9816	10714
2026-08-07T11:30:00-04:00	11.6000	10.9843	8455
2026-08-07T11:31:00-04:00	11.5900	10.9877	10669
2026-08-07T11:32:00-04:00	11.6150	10.9888	3600
2026-08-07T11:33:00-04:00	11.6000	10.9930	13215
2026-08-07T11:34:00-04:00	11.6300	10.9976	14501
2026-08-07T11:35:00-04:00	11.6000	11.0016	12962
2026-08-07T11:36:00-04:00	11.5700	11.0025	2965
2026-08-07T11:37:00-04:00	11.5640	11.0052	9522
2026-08-07T11:38:00-04:00	11.5900	11.0143	31577
2026-08-07T11:39:00-04:00	11.5200	11.0162	7133
2026-08-07T11:40:00-04:00	11.6000	11.0213	18923
2026-08-07T11:41:00-04:00	11.5600	11.0223	3699
2026-08-07T11:42:00-04:00	11.5272	11.0239	6554
2026-08-07T11:43:00-04:00	11.5650	11.0288	19174
2026-08-07T11:44:00-04:00	11.6050	11.0369	29760
2026-08-07T11:45:00-04:00	11.6250	11.0408	14560
2026-08-07T11:46:00-04:00	11.5936	11.0428	7630
2026-08-07T11:47:00-04:00	11.5650	11.0439	4629
2026-08-07T11:48:00-04:00	11.5900	11.0470	12019
2026-08-07T11:49:00-04:00	11.5900	11.0497	10562
2026-08-07T11:50:00-04:00	11.5700	11.0501	1922
2026-08-07T11:51:00-04:00	11.5800	11.0523	8487
2026-08-07T11:52:00-04:00	11.5700	11.0551	12103
2026-08-07T11:53:00-04:00	11.5350	11.0557	2698
2026-08-07T11:54:00-04:00	11.4600	11.0587	16305
2026-08-07T11:55:00-04:00	11.4400	11.0591	1718
2026-08-07T11:56:00-04:00	11.4600	11.0608	9335
2026-08-07T11:57:00-04:00	11.4578	11.0610	1074
2026-08-07T11:58:00-04:00	11.4200	11.0645	21462
2026-08-07T11:59:00-04:00	11.5000	11.0667	11715
2026-08-07T12:00:00-04:00	11.4850	11.0671	2102
2026-08-07T12:01:00-04:00	11.4500	11.0686	9111
2026-08-07T12:02:00-04:00	11.4700	11.0699	7356
2026-08-07T12:03:00-04:00	11.4500	11.0706	4008
2026-08-07T12:04:00-04:00	11.4500	11.0714	5047
2026-08-07T12:05:00-04:00	11.5000	11.0738	13416
2026-08-07T12:06:00-04:00	11.5050	11.0745	3879
2026-08-07T12:07:00-04:00	11.5000	11.0752	3972
2026-08-07T12:08:00-04:00	11.4500	11.0766	7700
2026-08-07T12:09:00-04:00	11.4750	11.0773	4106
2026-08-07T12:10:00-04:00	11.5150	11.0778	2853
2026-08-07T12:11:00-04:00	11.5150	11.0784	3309
2026-08-07T12:12:00-04:00	11.4850	11.0796	6808
2026-08-07T12:13:00-04:00	11.5150	11.0812	8702
2026-08-07T12:14:00-04:00	11.5150	11.0812	316
2026-08-07T12:15:00-04:00	11.5050	11.0816	2142
2026-08-07T12:16:00-04:00	11.5200	11.0832	8760
2026-08-07T12:17:00-04:00	11.4950	11.0839	3756
2026-08-07T12:18:00-04:00	11.5750	11.0871	16229
2026-08-07T12:19:00-04:00	11.5200	11.0882	6169
2026-08-07T12:20:00-04:00	11.5300	11.0883	598
2026-08-07T12:21:00-04:00	11.4600	11.0894	6254
2026-08-07T12:22:00-04:00	11.4200	11.0904	7311
2026-08-07T12:23:00-04:00	11.4100	11.0907	1625
2026-08-07T12:24:00-04:00	11.3200	11.0914	6907
2026-08-07T12:25:00-04:00	11.3600	11.0922	7949
2026-08-07T12:26:00-04:00	11.3450	11.0924	1668
2026-08-07T12:27:00-04:00	11.3850	11.0944	17333
2026-08-07T12:28:00-04:00	11.4000	11.0965	17426
2026-08-07T12:29:00-04:00	11.4150	11.0968	2631
2026-08-07T12:30:00-04:00	11.3900	11.0969	791
2026-08-07T12:31:00-04:00	11.3900	11.0988	15586
2026-08-07T12:32:00-04:00	11.3800	11.0995	6270
2026-08-07T12:33:00-04:00	11.3700	11.0998	2120
2026-08-07T12:34:00-04:00	11.3700	11.1000	1947
2026-08-07T12:35:00-04:00	11.3700	11.1003	2774
2026-08-07T12:36:00-04:00	11.3700	11.1006	2773
2026-08-07T12:37:00-04:00	11.3200	11.1010	3534
2026-08-07T12:38:00-04:00	11.3000	11.1011	2176
2026-08-07T12:39:00-04:00	11.3200	11.1014	2184
2026-08-07T12:40:00-04:00	11.3550	11.1016	2673
2026-08-07T12:41:00-04:00	11.3300	11.1021	5273
2026-08-07T12:42:00-04:00	11.2550	11.1028	8382
2026-08-07T12:43:00-04:00	11.3041	11.1033	7944
2026-08-07T12:44:00-04:00	11.3100	11.1038	5577
2026-08-07T12:45:00-04:00	11.3200	11.1040	2823
2026-08-07T12:46:00-04:00	11.3850	11.1063	22287
2026-08-07T12:47:00-04:00	11.3700	11.1065	2272
2026-08-07T12:48:00-04:00	11.3600	11.1077	11053
2026-08-07T12:49:00-04:00	11.3437	11.1081	4106
2026-08-07T12:50:00-04:00	11.4400	11.1105	20480
2026-08-07T12:51:00-04:00	11.4100	11.1109	3272
2026-08-07T12:52:00-04:00	11.4000	11.1110	687
2026-08-07T12:53:00-04:00	11.3700	11.1111	1130
2026-08-07T12:54:00-04:00	11.3700	11.1117	6192
2026-08-07T12:55:00-04:00	11.3700	11.1125	7981
2026-08-07T12:56:00-04:00	11.3800	11.1127	1828
2026-08-07T12:57:00-04:00	11.3500	11.1129	2242
2026-08-07T12:58:00-04:00	11.3300	11.1132	4034
2026-08-07T12:59:00-04:00	11.3850	11.1149	16904
2026-08-07T13:00:00-04:00	11.3800	11.1150	985
2026-08-07T13:01:00-04:00	11.3600	11.1155	5477
2026-08-07T13:02:00-04:00	11.3500	11.1159	4005
2026-08-07T13:03:00-04:00	11.3600	11.1163	4712
2026-08-07T13:04:00-04:00	11.3400	11.1172	9489
2026-08-07T13:05:00-04:00	11.3600	11.1174	2428
2026-08-07T13:06:00-04:00	11.4050	11.1191	16424
2026-08-07T13:07:00-04:00	11.4350	11.1206	12223
2026-08-07T13:08:00-04:00	11.4700	11.1210	3062
2026-08-07T13:09:00-04:00	11.4000	11.1215	5162
2026-08-07T13:10:00-04:00	11.4000	11.1220	4601
2026-08-07T13:11:00-04:00	11.4250	11.1222	1455
2026-08-07T13:12:00-04:00	11.4250	11.1225	2654
2026-08-07T13:13:00-04:00	11.3800	11.1229	4232
2026-08-07T13:14:00-04:00	11.3200	11.1232	2882
2026-08-07T13:15:00-04:00	11.3300	11.1233	2017
2026-08-07T13:16:00-04:00	11.3200	11.1235	1790
2026-08-07T13:17:00-04:00	11.3200	11.1240	6544
2026-08-07T13:18:00-04:00	11.3800	11.1247	8497
2026-08-07T13:19:00-04:00	11.4100	11.1255	7592
2026-08-07T13:20:00-04:00	11.4500	11.1260	3978
2026-08-07T13:21:00-04:00	11.4100	11.1262	2160
2026-08-07T13:22:00-04:00	11.3700	11.1266	4659
2026-08-07T13:23:00-04:00	11.3700	11.1269	2461
2026-08-07T13:24:00-04:00	11.3900	11.1273	4595
2026-08-07T13:25:00-04:00	11.3600	11.1275	2450
2026-08-07T13:26:00-04:00	11.3900	11.1285	10887
2026-08-07T13:27:00-04:00	11.3850	11.1285	334
2026-08-07T13:28:00-04:00	11.3500	11.1287	1449
2026-08-07T13:29:00-04:00	11.3150	11.1292	6932
2026-08-07T13:30:00-04:00	11.3362	11.1300	11957
2026-08-07T13:31:00-04:00	11.3300	11.1305	7128
2026-08-07T13:32:00-04:00	11.3400	11.1313	9951
2026-08-07T13:33:00-04:00	11.3300	11.1313	586
2026-08-07T13:34:00-04:00	11.3200	11.1315	2227
2026-08-07T13:35:00-04:00	11.3000	11.1317	3405
2026-08-07T13:36:00-04:00	11.3300	11.1327	18528
2026-08-07T13:37:00-04:00	11.3200	11.1328	1121
2026-08-07T13:38:00-04:00	11.3150	11.1329	846
2026-08-07T13:39:00-04:00	11.2900	11.1330	1655
2026-08-07T13:40:00-04:00	11.3100	11.1331	1890
2026-08-07T13:41:00-04:00	11.2900	11.1332	2435
2026-08-07T13:42:00-04:00	11.3100	11.1337	8049
2026-08-07T13:43:00-04:00	11.3150	11.1337	403
2026-08-07T13:44:00-04:00	11.2600	11.1340	5515
2026-08-07T13:45:00-04:00	11.3600	11.1346	8818
2026-08-07T13:46:00-04:00	11.3900	11.1347	1014
2026-08-07T13:47:00-04:00	11.3200	11.1348	2021
2026-08-07T13:48:00-04:00	11.3400	11.1350	2623
2026-08-07T13:49:00-04:00	11.3650	11.1352	1885
2026-08-07T13:50:00-04:00	11.3450	11.1353	2154
2026-08-07T13:51:00-04:00	11.3200	11.1355	2535
2026-08-07T13:52:00-04:00	11.3500	11.1361	8633
2026-08-07T13:53:00-04:00	11.3500	11.1362	1088
2026-08-07T13:54:00-04:00	11.3300	11.1362	1128
2026-08-07T13:55:00-04:00	11.3500	11.1363	164
2026-08-07T13:56:00-04:00	11.3150	11.1364	1735
2026-08-07T13:57:00-04:00	11.3400	11.1368	6736
2026-08-07T13:58:00-04:00	11.3500	11.1369	571
2026-08-07T13:59:00-04:00	11.3000	11.1370	2943
2026-08-07T14:00:00-04:00	11.3150	11.1373	3639
2026-08-07T14:01:00-04:00	11.2800	11.1373	1069
2026-08-07T14:02:00-04:00	11.3600	11.1374	1538
2026-08-07T14:03:00-04:00	11.3200	11.1374	137
2026-08-07T14:04:00-04:00	11.3250	11.1375	1126
2026-08-07T14:05:00-04:00	11.3200	11.1376	1187
2026-08-07T14:06:00-04:00	11.3200	11.1376	473
2026-08-07T14:07:00-04:00	11.2724	11.1379	5966
2026-08-07T14:08:00-04:00	11.2700	11.1379	1108
2026-08-07T14:09:00-04:00	11.2700	11.1379	226
2026-08-07T14:10:00-04:00	11.2700	11.1380	582
2026-08-07T14:11:00-04:00	11.3100	11.1380	831
2026-08-07T14:12:00-04:00	11.2800	11.1380	404
2026-08-07T14:13:00-04:00	11.2650	11.1382	3684
2026-08-07T14:14:00-04:00	11.2750	11.1383	1369
2026-08-07T14:15:00-04:00	11.2500	11.1384	2440
2026-08-07T14:16:00-04:00	11.2500	11.1384	711
2026-08-07T14:17:00-04:00	11.2500	11.1387	8231
2026-08-07T14:18:00-04:00	11.2400	11.1387	604
2026-08-07T14:19:00-04:00	11.2550	11.1388	1484
2026-08-07T14:20:00-04:00	11.2350	11.1390	6181
2026-08-07T14:21:00-04:00	11.1900	11.1391	3820
2026-08-07T14:22:00-04:00	11.1910	11.1393	9633
2026-08-07T14:23:00-04:00	11.2050	11.1393	1228
2026-08-07T14:24:00-04:00	11.1850	11.1393	1531
2026-08-07T14:25:00-04:00	11.1800	11.1395	10675
2026-08-07T14:26:00-04:00	11.1400	11.1395	2018
2026-08-07T14:27:00-04:00	11.1550	11.1395	3815
2026-08-07T14:28:00-04:00	11.1600	11.1395	3785
2026-08-07T14:29:00-04:00	11.2000	11.1398	14547
2026-08-07T14:30:00-04:00	11.2100	11.1398	827
2026-08-07T14:31:00-04:00	11.2150	11.1749	2981939
2026-08-07T14:32:00-04:00	11.1800	11.1749	1988
2026-08-07T14:33:00-04:00	11.1800	11.1749	2637
2026-08-07T14:34:00-04:00	11.1900	11.1749	4744
2026-08-07T14:35:00-04:00	11.1900	11.1750	4920
2026-08-07T14:36:00-04:00	11.2100	11.1750	3304
2026-08-07T14:37:00-04:00	11.2250	11.1750	1028
2026-08-07T14:38:00-04:00	11.2250	11.1750	841
2026-08-07T14:39:00-04:00	11.2200	11.1750	3699
2026-08-07T14:40:00-04:00	11.2200	11.1750	3078
2026-08-07T14:41:00-04:00	11.2550	11.1752	8960
2026-08-07T14:42:00-04:00	11.2550	11.1752	371
2026-08-07T14:43:00-04:00	11.2550	11.1752	297
2026-08-07T14:44:00-04:00	11.2250	11.1752	7477
2026-08-07T14:45:00-04:00	11.2200	11.1753	2686
2026-08-07T14:46:00-04:00	11.1550	11.1753	10045
2026-08-07T14:47:00-04:00	11.1400	11.1752	6446
2026-08-07T14:48:00-04:00	11.1350	11.1752	2582
2026-08-07T14:49:00-04:00	11.1250	11.1752	6243
2026-08-07T14:50:00-04:00	11.1400	11.1751	5035
2026-08-07T14:51:00-04:00	11.1400	11.1751	752
2026-08-07T14:52:00-04:00	11.1400	11.1751	782
2026-08-07T14:53:00-04:00	11.1250	11.1751	3453
2026-08-07T14:54:00-04:00	11.1100	11.1750	8180
2026-08-07T14:55:00-04:00	11.1100	11.1750	2271
2026-08-07T14:56:00-04:00	11.0950	11.1750	1938
2026-08-07T14:57:00-04:00	11.1200	11.1749	10196
2026-08-07T14:58:00-04:00	11.1200	11.1749	586
2026-08-07T14:59:00-04:00	11.1150	11.1748	8361
2026-08-07T15:00:00-04:00	11.1300	11.1747	15544
2026-08-07T15:01:00-04:00	11.1350	11.1746	15323
2026-08-07T15:02:00-04:00	11.1300	11.1746	2004
2026-08-07T15:03:00-04:00	11.1350	11.1745	6045
2026-08-07T15:04:00-04:00	11.1300	11.1745	2491
2026-08-07T15:05:00-04:00	11.1350	11.1744	8425
2026-08-07T15:06:00-04:00	11.1600	11.1744	14265
2026-08-07T15:08:00-04:00	11.1400	11.1744	5629
2026-08-07T15:09:00-04:00	11.1350	11.1743	3022
2026-08-07T15:10:00-04:00	11.1450	11.1743	3707
2026-08-07T15:11:00-04:00	11.1450	11.1743	4072
2026-08-07T15:12:00-04:00	11.1450	11.1743	946
2026-08-07T15:13:00-04:00	11.1600	11.1743	8460
2026-08-07T15:14:00-04:00	11.1600	11.1743	1284
2026-08-07T15:15:00-04:00	11.1600	11.1743	1608
2026-08-07T15:16:00-04:00	11.1600	11.1743	1424
2026-08-07T15:17:00-04:00	11.1500	11.1742	9340
2026-08-07T15:18:00-04:00	11.1400	11.1742	7133
2026-08-07T15:19:00-04:00	11.1550	11.1742	3573
2026-08-07T15:20:00-04:00	11.1700	11.1742	2572
2026-08-07T15:21:00-04:00	11.1600	11.1742	8465
2026-08-07T15:22:00-04:00	11.1700	11.1741	7640
2026-08-07T15:23:00-04:00	11.1800	11.1741	1044
2026-08-07T15:24:00-04:00	11.1500	11.1741	2401
2026-08-07T15:25:00-04:00	11.1400	11.1741	2153
2026-08-07T15:26:00-04:00	11.1550	11.1741	3461
2026-08-07T15:27:00-04:00	11.1300	11.1741	7625
2026-08-07T15:28:00-04:00	11.1400	11.1740	7284
2026-08-07T15:29:00-04:00	11.1200	11.1740	4029
2026-08-07T15:30:00-04:00	11.1100	11.1739	6317
2026-08-07T15:31:00-04:00	11.0800	11.1737	13190
2026-08-07T15:32:00-04:00	11.0900	11.1737	4622
2026-08-07T15:33:00-04:00	11.0850	11.1736	1910
2026-08-07T15:34:00-04:00	11.0950	11.1735	13398
2026-08-07T15:35:00-04:00	11.1300	11.1734	10573
2026-08-07T15:36:00-04:00	11.1300	11.1734	2925
2026-08-07T15:37:00-04:00	11.1500	11.1733	2734
2026-08-07T15:38:00-04:00	11.1650	11.1733	10841
2026-08-07T15:39:00-04:00	11.1550	11.1733	3439
2026-08-07T15:40:00-04:00	11.1200	11.1733	5661
2026-08-07T15:41:00-04:00	11.1250	11.1732	5278
2026-08-07T15:42:00-04:00	11.1500	11.1732	3693
2026-08-07T15:43:00-04:00	11.1400	11.1732	4102
2026-08-07T15:44:00-04:00	11.0900	11.1731	9117
2026-08-07T15:45:00-04:00	11.0600	11.1725	38670
2026-08-07T15:46:00-04:00	11.0650	11.1722	14507
2026-08-07T15:47:00-04:00	11.0600	11.1721	7005
2026-08-07T15:48:00-04:00	11.0890	11.1719	17412
2026-08-07T15:49:00-04:00	11.0850	11.1717	8002
2026-08-07T15:50:00-04:00	11.1800	11.1717	20655
2026-08-07T15:51:00-04:00	11.2750	11.1720	26283
2026-08-07T15:52:00-04:00	11.2700	11.1722	20146
2026-08-07T15:53:00-04:00	11.2900	11.1723	5991
2026-08-07T15:54:00-04:00	11.3200	11.1727	15507
2026-08-07T15:55:00-04:00	11.3650	11.1736	31968
2026-08-07T15:56:00-04:00	11.4350	11.1747	32043
2026-08-07T15:57:00-04:00	11.5000	11.1759	24389
2026-08-07T15:58:00-04:00	11.4000	11.1782	59914
2026-08-07T15:59:00-04:00	11.4000	11.1805	65558
2026-08-10T09:30:00-04:00	11.6732	11.5294	60885
2026-08-10T09:31:00-04:00	11.9300	11.6490	34669
2026-08-10T09:32:00-04:00	11.8900	11.6625	6130
2026-08-10T09:33:00-04:00	11.8000	11.6954	30876
2026-08-10T09:34:00-04:00	11.7050	11.6980	6311
2026-08-10T09:35:00-04:00	11.7200	11.6995	5954
2026-08-10T09:36:00-04:00	11.6850	11.6989	8327
2026-08-10T09:37:00-04:00	11.5525	11.6878	15735
2026-08-10T09:38:00-04:00	11.3900	11.6816	4099
2026-08-10T09:39:00-04:00	11.2700	11.6722	4811
2026-08-10T09:40:00-04:00	11.1300	11.6570	6911
2026-08-10T09:41:00-04:00	11.0400	11.6242	11552
2026-08-10T09:42:00-04:00	11.1400	11.6083	6138
2026-08-10T09:43:00-04:00	11.1050	11.5938	5837
2026-08-10T09:44:00-04:00	11.1725	11.5873	2961
2026-08-10T09:45:00-04:00	10.9700	11.5519	14004
2026-08-10T09:46:00-04:00	10.9200	11.5266	9550
2026-08-10T09:47:00-04:00	10.8450	11.4773	18302
2026-08-10T09:48:00-04:00	10.7900	11.4252	21088
2026-08-10T09:49:00-04:00	10.8850	11.3996	13080
2026-08-10T09:50:00-04:00	10.8850	11.3784	12110
2026-08-10T09:51:00-04:00	10.8900	11.3750	2060
2026-08-10T09:52:00-04:00	10.7900	11.3668	4577
2026-08-10T09:53:00-04:00	10.8900	11.3539	7838
2026-08-10T09:54:00-04:00	10.9650	11.3441	7446
2026-08-10T09:55:00-04:00	10.9300	11.3350	7199
2026-08-10T09:56:00-04:00	10.9050	11.3316	2643
2026-08-10T09:57:00-04:00	10.8700	11.3230	6611
2026-08-10T09:58:00-04:00	10.8500	11.3177	3708
2026-08-10T09:59:00-04:00	10.7800	11.3023	10784
2026-08-10T10:00:00-04:00	10.8700	11.2920	8085
2026-08-10T10:01:00-04:00	10.7900	11.2836	6377
2026-08-10T10:02:00-04:00	10.7850	11.2752	6280
2026-08-10T10:03:00-04:00	10.7400	11.2522	17059
2026-08-10T10:04:00-04:00	10.7200	11.2469	4041
2026-08-10T10:05:00-04:00	10.8400	11.2348	11121
2026-08-10T10:06:00-04:00	10.8100	11.2291	5743
2026-08-10T10:07:00-04:00	10.8050	11.2287	456
2026-08-10T10:08:00-04:00	10.7550	11.2256	2701
2026-08-10T10:09:00-04:00	10.7200	11.2022	19448
2026-08-10T10:10:00-04:00	10.7400	11.1672	38223
2026-08-10T10:11:00-04:00	10.6600	11.1616	5567
2026-08-10T10:12:00-04:00	10.7000	11.1343	30031
2026-08-10T10:13:00-04:00	10.6600	11.1271	7912
2026-08-10T10:14:00-04:00	10.6500	11.1230	4347
2026-08-10T10:15:00-04:00	10.6999	11.1151	9560
2026-08-10T10:16:00-04:00	10.6643	11.1119	3704
2026-08-10T10:17:00-04:00	10.6600	11.1067	6103
2026-08-10T10:18:00-04:00	10.6800	11.1001	8230
2026-08-10T10:19:00-04:00	10.7100	11.0969	4350
2026-08-10T10:20:00-04:00	10.7100	11.0865	15362
2026-08-10T10:21:00-04:00	10.7300	11.0811	8257
2026-08-10T10:22:00-04:00	10.7400	11.0760	8712
2026-08-10T10:23:00-04:00	10.7000	11.0638	20692
2026-08-10T10:24:00-04:00	10.6950	11.0609	4649
2026-08-10T10:25:00-04:00	10.7600	11.0555	9975
2026-08-10T10:26:00-04:00	10.7850	11.0402	36631
2026-08-10T10:27:00-04:00	10.7750	11.0381	5159
2026-08-10T10:28:00-04:00	10.7000	11.0351	6523
2026-08-10T10:29:00-04:00	10.7250	11.0324	6010
2026-08-10T10:30:00-04:00	10.6899	11.0268	11388
2026-08-10T10:31:00-04:00	10.7100	11.0236	7118
2026-08-10T10:32:00-04:00	10.7400	11.0145	21775
2026-08-10T10:33:00-04:00	10.7550	11.0123	6112
2026-08-10T10:34:00-04:00	10.7500	11.0111	3258
2026-08-10T10:35:00-04:00	10.8072	11.0095	5481
2026-08-10T10:36:00-04:00	10.8250	11.0081	5411
2026-08-10T10:37:00-04:00	10.8400	11.0032	20271
2026-08-10T10:38:00-04:00	10.8018	11.0012	7014
2026-08-10T10:39:00-04:00	10.8000	11.0000	4239
2026-08-10T10:40:00-04:00	10.7600	10.9984	5206
2026-08-10T10:41:00-04:00	10.8300	10.9968	6744
2026-08-10T10:42:00-04:00	10.8650	10.9956	6689
2026-08-10T10:43:00-04:00	10.8300	10.9949	3959
2026-08-10T10:44:00-04:00	10.8400	10.9945	1875
2026-08-10T10:45:00-04:00	10.8457	10.9936	4412
2026-08-10T10:46:00-04:00	10.8700	10.9924	6713
2026-08-10T10:47:00-04:00	10.8850	10.9916	5410
2026-08-10T10:48:00-04:00	10.8800	10.9912	2639
2026-08-10T10:49:00-04:00	10.8101	10.9903	4061
2026-08-10T10:50:00-04:00	10.8496	10.9888	7998
2026-08-10T10:51:00-04:00	10.8250	10.9881	3673
2026-08-10T10:52:00-04:00	10.8500	10.9831	24313
2026-08-10T10:53:00-04:00	10.8325	10.9828	1493
2026-08-10T10:54:00-04:00	10.7835	10.9822	2623
2026-08-10T10:55:00-04:00	10.7700	10.9817	2080
2026-08-10T10:56:00-04:00	10.8300	10.9809	4383
2026-08-10T10:57:00-04:00	10.8300	10.9808	596
2026-08-10T10:58:00-04:00	10.8150	10.9807	221
2026-08-10T10:59:00-04:00	10.7800	10.9798	3984
2026-08-10T11:00:00-04:00	10.8425	10.9775	12972
2026-08-10T11:01:00-04:00	10.8450	10.9774	1030
2026-08-10T11:02:00-04:00	10.8300	10.9769	2810
2026-08-10T11:03:00-04:00	10.8117	10.9767	1370
2026-08-10T11:04:00-04:00	10.7700	10.9760	2919
2026-08-10T11:05:00-04:00	10.7400	10.9722	15018
2026-08-10T11:06:00-04:00	10.7700	10.9715	3102
2026-08-10T11:07:00-04:00	10.7700	10.9702	5411
2026-08-10T11:08:00-04:00	10.7300	10.9699	1454
2026-08-10T11:09:00-04:00	10.7400	10.9693	2424
2026-08-10T11:10:00-04:00	10.7300	10.9681	4546
2026-08-10T11:11:00-04:00	10.7000	10.9674	2799
2026-08-10T11:12:00-04:00	10.7250	10.9610	22715
2026-08-10T11:13:00-04:00	10.7200	10.9608	880
2026-08-10T11:14:00-04:00	10.7000	10.9591	5993
2026-08-10T11:15:00-04:00	10.8199	10.9579	6843
2026-08-10T11:16:00-04:00	10.7400	10.9573	2947
2026-08-10T11:17:00-04:00	10.6600	10.9566	2490
2026-08-10T11:18:00-04:00	10.6500	10.9560	2163
2026-08-10T11:19:00-04:00	10.6750	10.9555	1710
2026-08-10T11:20:00-04:00	10.7200	10.9536	7242
2026-08-10T11:21:00-04:00	10.7364	10.9534	1275
2026-08-10T11:22:00-04:00	10.7200	10.9531	1093
2026-08-10T11:23:00-04:00	10.7000	10.9523	3198
2026-08-10T11:24:00-04:00	10.7200	10.9517	2422
2026-08-10T11:25:00-04:00	10.7000	10.9509	3276
2026-08-10T11:26:00-04:00	10.7000	10.9503	2410
2026-08-10T11:27:00-04:00	10.7150	10.9497	2276
2026-08-10T11:28:00-04:00	10.7300	10.9493	2177
2026-08-10T11:29:00-04:00	10.7000	10.9487	2381
2026-08-10T11:30:00-04:00	10.7100	10.9481	2147
2026-08-10T11:31:00-04:00	10.7100	10.9478	1468
2026-08-10T11:32:00-04:00	10.7200	10.9475	1451
2026-08-10T11:33:00-04:00	10.7000	10.9454	8446
2026-08-10T11:34:00-04:00	10.7100	10.9453	444
2026-08-10T11:35:00-04:00	10.7290	10.9447	2790
2026-08-10T11:36:00-04:00	10.7100	10.9441	2491
2026-08-10T11:37:00-04:00	10.6650	10.9419	8798
2026-08-10T11:38:00-04:00	10.6600	10.9416	801
2026-08-10T11:39:00-04:00	10.6150	10.9377	13075
2026-08-10T11:40:00-04:00	10.6100	10.9364	3958
2026-08-10T11:41:00-04:00	10.6600	10.9337	9686
2026-08-10T11:42:00-04:00	10.6472	10.9326	4085
2026-08-10T11:43:00-04:00	10.6500	10.9310	5715
2026-08-10T11:44:00-04:00	10.6400	10.9292	7147
2026-08-10T11:45:00-04:00	10.6195	10.9271	7044
2026-08-10T11:46:00-04:00	10.6000	10.9262	3227
2026-08-10T11:47:00-04:00	10.6100	10.9255	2186
2026-08-10T11:48:00-04:00	10.6200	10.9232	8382
2026-08-10T11:49:00-04:00	10.6000	10.9223	2998
2026-08-10T11:50:00-04:00	10.6100	10.9204	6527
2026-08-10T11:51:00-04:00	10.6400	10.9182	8526
2026-08-10T11:52:00-04:00	10.6600	10.9174	3511
2026-08-10T11:53:00-04:00	10.6500	10.9170	1682
2026-08-10T11:54:00-04:00	10.6450	10.9160	3863
2026-08-10T11:55:00-04:00	10.6300	10.9145	6107
2026-08-10T11:56:00-04:00	10.6800	10.9132	5747
2026-08-10T11:57:00-04:00	10.7250	10.9126	3224
2026-08-10T11:58:00-04:00	10.7100	10.9109	10152
2026-08-10T11:59:00-04:00	10.6400	10.9079	14084
2026-08-10T12:00:00-04:00	10.6400	10.9067	5204
2026-08-10T12:01:00-04:00	10.6478	10.9053	6286
2026-08-10T12:02:00-04:00	10.6100	10.9044	3631
2026-08-10T12:03:00-04:00	10.6100	10.9039	1963
2026-08-10T12:04:00-04:00	10.6600	10.9027	5696
2026-08-10T12:05:00-04:00	10.6650	10.9025	677
2026-08-10T12:06:00-04:00	10.6650	10.9020	2771
2026-08-10T12:07:00-04:00	10.6300	10.9014	2497
2026-08-10T12:08:00-04:00	10.6200	10.9005	4067
2026-08-10T12:09:00-04:00	10.5900	10.8961	17911
2026-08-10T12:10:00-04:00	10.5600	10.8922	14352
2026-08-10T12:11:00-04:00	10.5700	10.8889	12718
2026-08-10T12:12:00-04:00	10.5308	10.8874	5077
2026-08-10T12:13:00-04:00	10.5250	10.8865	3182
2026-08-10T12:14:00-04:00	10.5200	10.8854	3662
2026-08-10T12:15:00-04:00	10.5100	10.8845	3053
2026-08-10T12:16:00-04:00	10.5219	10.8818	9672
2026-08-10T12:17:00-04:00	10.5400	10.8802	5567
2026-08-10T12:18:00-04:00	10.5250	10.8787	5374
2026-08-10T12:19:00-04:00	10.5500	10.8760	10093
2026-08-10T12:20:00-04:00	10.5350	10.8755	1772
2026-08-10T12:21:00-04:00	10.5300	10.8753	1046
2026-08-10T12:22:00-04:00	10.5400	10.8737	5922
2026-08-10T12:23:00-04:00	10.5430	10.8734	1018
2026-08-10T12:24:00-04:00	10.5300	10.8729	2019
2026-08-10T12:25:00-04:00	10.5500	10.8711	6982
2026-08-10T12:26:00-04:00	10.5274	10.8696	5600
2026-08-10T12:27:00-04:00	10.5100	10.8696	302
2026-08-10T12:28:00-04:00	10.5500	10.8681	5768
2026-08-10T12:29:00-04:00	10.5250	10.8655	10205
2026-08-10T12:30:00-04:00	10.5450	10.8637	7459
2026-08-10T12:31:00-04:00	10.5400	10.8635	841
2026-08-10T12:32:00-04:00	10.5198	10.8575	22479
2026-08-10T12:33:00-04:00	10.4850	10.8563	4455
2026-08-10T12:34:00-04:00	10.5000	10.8552	3923
2026-08-10T12:35:00-04:00	10.5100	10.8536	6372
2026-08-10T12:36:00-04:00	10.5200	10.8530	2435
2026-08-10T12:37:00-04:00	10.5000	10.8526	1789
2026-08-10T12:38:00-04:00	10.5100	10.8518	3102
2026-08-10T12:39:00-04:00	10.4700	10.8503	5544
2026-08-10T12:40:00-04:00	10.4800	10.8490	5033
2026-08-10T12:41:00-04:00	10.4200	10.8428	21585
2026-08-10T12:42:00-04:00	10.4400	10.8399	10240
2026-08-10T12:43:00-04:00	10.4300	10.8396	956
2026-08-10T12:44:00-04:00	10.4000	10.8351	14844
2026-08-10T12:45:00-04:00	10.3500	10.8331	6134
2026-08-10T12:46:00-04:00	10.3754	10.8295	11125
2026-08-10T12:47:00-04:00	10.3700	10.8274	6565
2026-08-10T12:48:00-04:00	10.3776	10.8259	4858
2026-08-10T12:49:00-04:00	10.3650	10.8216	13591
2026-08-10T12:50:00-04:00	10.3600	10.8188	8965
2026-08-10T12:51:00-04:00	10.3800	10.8175	4373
2026-08-10T12:52:00-04:00	10.3650	10.8165	3277
2026-08-10T12:53:00-04:00	10.3800	10.8114	17893
2026-08-10T12:54:00-04:00	10.3600	10.8110	1104
2026-08-10T12:55:00-04:00	10.3892	10.8094	5757
2026-08-10T12:56:00-04:00	10.3700	10.8088	1932
2026-08-10T12:57:00-04:00	10.3800	10.8079	3279
2026-08-10T12:58:00-04:00	10.3700	10.8062	6096
2026-08-10T12:59:00-04:00	10.3750	10.8054	2732
2026-08-10T13:00:00-04:00	10.3608	10.8043	3870
2026-08-10T13:01:00-04:00	10.3700	10.8037	2111
2026-08-10T13:02:00-04:00	10.3600	10.8031	2142
2026-08-10T13:03:00-04:00	10.3350	10.8017	4706
2026-08-10T13:04:00-04:00	10.3600	10.8000	5629
2026-08-10T13:05:00-04:00	10.3500	10.7996	1350
2026-08-10T13:06:00-04:00	10.3600	10.7982	5012
2026-08-10T13:07:00-04:00	10.3500	10.7969	4624
2026-08-10T13:08:00-04:00	10.3600	10.7966	1190
2026-08-10T13:09:00-04:00	10.3500	10.7961	1547
2026-08-10T13:10:00-04:00	10.3600	10.7954	2626
2026-08-10T13:11:00-04:00	10.3200	10.7934	6688
2026-08-10T13:12:00-04:00	10.3100	10.7923	3557
2026-08-10T13:13:00-04:00	10.3100	10.7907	5331
2026-08-10T13:14:00-04:00	10.3000	10.7895	3862
2026-08-10T13:15:00-04:00	10.3200	10.7879	5644
2026-08-10T13:16:00-04:00	10.3300	10.7875	1225
2026-08-10T13:17:00-04:00	10.3300	10.7869	1955
2026-08-10T13:18:00-04:00	10.3300	10.7855	4995
2026-08-10T13:19:00-04:00	10.3300	10.7833	7539
2026-08-10T13:20:00-04:00	10.3200	10.7825	3119
2026-08-10T13:21:00-04:00	10.3100	10.7802	7683
2026-08-10T13:22:00-04:00	10.3200	10.7790	4258
2026-08-10T13:23:00-04:00	10.3400	10.7765	9473
2026-08-10T13:24:00-04:00	10.3599	10.7755	3664
2026-08-10T13:25:00-04:00	10.3700	10.7737	7063
2026-08-10T13:26:00-04:00	10.3781	10.7736	428
2026-08-10T13:27:00-04:00	10.3700	10.7734	1025
2026-08-10T13:28:00-04:00	10.3500	10.7730	1399
2026-08-10T13:29:00-04:00	10.3700	10.7722	3256
2026-08-10T13:30:00-04:00	10.3500	10.7713	3678
2026-08-10T13:31:00-04:00	10.3600	10.7703	3918
2026-08-10T13:32:00-04:00	10.3700	10.7693	4158
2026-08-10T13:33:00-04:00	10.3800	10.7683	4199
2026-08-10T13:34:00-04:00	10.3600	10.7677	2382
2026-08-10T13:35:00-04:00	10.3700	10.7664	5465
2026-08-10T13:36:00-04:00	10.3800	10.7655	3851
2026-08-10T13:37:00-04:00	10.3700	10.7638	7178
2026-08-10T13:38:00-04:00	10.3600	10.7637	672
2026-08-10T13:39:00-04:00	10.3700	10.7615	9319
2026-08-10T13:40:00-04:00	10.3550	10.7604	4490
2026-08-10T13:41:00-04:00	10.3260	10.7596	3446
2026-08-10T13:42:00-04:00	10.3200	10.7583	4984
2026-08-10T13:43:00-04:00	10.3200	10.7578	2012
2026-08-10T13:44:00-04:00	10.3250	10.7573	1668
2026-08-10T13:45:00-04:00	10.3100	10.7568	1980
2026-08-10T13:46:00-04:00	10.3600	10.7552	6653
2026-08-10T13:47:00-04:00	10.3600	10.7548	2123
2026-08-10T13:48:00-04:00	10.3600	10.7546	483
2026-08-10T13:49:00-04:00	10.3500	10.7541	2134
2026-08-10T13:50:00-04:00	10.3700	10.7534	3242
2026-08-10T13:51:00-04:00	10.3600	10.7529	2327
2026-08-10T13:52:00-04:00	10.3500	10.7523	2544
2026-08-10T13:53:00-04:00	10.3400	10.7508	6346
2026-08-10T13:54:00-04:00	10.3600	10.7505	1475
2026-08-10T13:55:00-04:00	10.3500	10.7501	1318
2026-08-10T13:56:00-04:00	10.3400	10.7496	2152
2026-08-10T13:57:00-04:00	10.3588	10.7489	3437
2026-08-10T13:58:00-04:00	10.3800	10.7481	3378
2026-08-10T13:59:00-04:00	10.3600	10.7478	1622
2026-08-10T14:00:00-04:00	10.3700	10.7471	3301
2026-08-10T14:01:00-04:00	10.3600	10.7466	2104
2026-08-10T14:02:00-04:00	10.3700	10.7460	2844
2026-08-10T14:03:00-04:00	10.3762	10.7459	471
2026-08-10T14:04:00-04:00	10.3650	10.7456	1288
2026-08-10T14:05:00-04:00	10.4000	10.7422	16808
2026-08-10T14:06:00-04:00	10.3900	10.7415	3321
2026-08-10T14:07:00-04:00	10.4200	10.7402	7091
2026-08-10T14:08:00-04:00	10.4350	10.7401	515
2026-08-10T14:09:00-04:00	10.3800	10.7381	10120
2026-08-10T14:10:00-04:00	10.3700	10.7379	1347
2026-08-10T14:11:00-04:00	10.3750	10.7376	1214
2026-08-10T14:12:00-04:00	10.3600	10.7374	1078
2026-08-10T14:13:00-04:00	10.3700	10.7371	1216
2026-08-10T14:14:00-04:00	10.3200	10.7258	52335
2026-08-10T14:15:00-04:00	10.3400	10.7242	7459
2026-08-10T14:16:00-04:00	10.3350	10.7219	11037
2026-08-10T14:17:00-04:00	10.3350	10.7218	538
2026-08-10T14:18:00-04:00	10.3100	10.7215	1606
2026-08-10T14:19:00-04:00	10.3200	10.7173	19195
2026-08-10T14:20:00-04:00	10.3200	10.7166	3290
2026-08-10T14:21:00-04:00	10.3381	10.7157	4666
2026-08-10T14:22:00-04:00	10.3100	10.7151	2675
2026-08-10T14:23:00-04:00	10.3000	10.7143	4078
2026-08-10T14:24:00-04:00	10.3100	10.7127	7325
2026-08-10T14:25:00-04:00	10.3250	10.7110	8383
2026-08-10T14:26:00-04:00	10.3400	10.7073	19089
2026-08-10T14:27:00-04:00	10.3400	10.7069	1979
2026-08-10T14:28:00-04:00	10.3300	10.7066	1966
2026-08-10T14:29:00-04:00	10.3400	10.7050	8174
2026-08-10T14:30:00-04:00	10.3400	10.7042	4253
2026-08-10T14:31:00-04:00	10.3350	10.7039	1603
2026-08-10T14:32:00-04:00	10.3200	10.7015	12631
2026-08-10T14:33:00-04:00	10.3200	10.7010	2766
2026-08-10T14:34:00-04:00	10.3250	10.7005	2337
2026-08-10T14:35:00-04:00	10.3500	10.6993	6758
2026-08-10T14:36:00-04:00	10.3100	10.6988	2607
2026-08-10T14:37:00-04:00	10.3100	10.6982	2866
2026-08-10T14:38:00-04:00	10.3150	10.6965	8991
2026-08-10T14:39:00-04:00	10.3500	10.6953	6559
2026-08-10T14:40:00-04:00	10.3550	10.6953	510
2026-08-10T14:41:00-04:00	10.3300	10.6947	3367
2026-08-10T14:42:00-04:00	10.3300	10.6945	1049
2026-08-10T14:43:00-04:00	10.3100	10.6940	2491
2026-08-10T14:44:00-04:00	10.3250	10.6934	2992
2026-08-10T14:45:00-04:00	10.3400	10.6919	8564
2026-08-10T14:46:00-04:00	10.3200	10.6915	2659
2026-08-10T14:47:00-04:00	10.3200	10.6912	1237
2026-08-10T14:48:00-04:00	10.2700	10.6872	20188
2026-08-10T14:49:00-04:00	10.2500	10.6843	14239
2026-08-10T14:50:00-04:00	10.2900	10.6819	11826
2026-08-10T14:51:00-04:00	10.2700	10.6815	2336
2026-08-10T14:52:00-04:00	10.2500	10.6810	2342
2026-08-10T14:53:00-04:00	10.2550	10.6805	2544
2026-08-10T14:54:00-04:00	10.2500	10.6796	4203
2026-08-10T14:55:00-04:00	10.2400	10.6767	14290
2026-08-10T14:56:00-04:00	10.2300	10.6756	5137
2026-08-10T14:57:00-04:00	10.2700	10.6719	18795
2026-08-10T14:58:00-04:00	10.2850	10.6710	5016
2026-08-10T14:59:00-04:00	10.3000	10.4837	2130812
2026-08-10T15:00:00-04:00	10.3300	10.4834	8173
2026-08-10T15:01:00-04:00	10.3150	10.4831	7391
2026-08-10T15:02:00-04:00	10.3150	10.4830	1478
2026-08-10T15:03:00-04:00	10.3100	10.4828	4579
2026-08-10T15:04:00-04:00	10.3000	10.4827	3778
2026-08-10T15:05:00-04:00	10.3500	10.4821	16306
2026-08-10T15:06:00-04:00	10.3781	10.4820	2896
2026-08-10T15:07:00-04:00	10.3699	10.4819	4883
2026-08-10T15:08:00-04:00	10.3700	10.4817	7394
2026-08-10T15:09:00-04:00	10.3850	10.4815	8415
2026-08-10T15:10:00-04:00	10.3888	10.4813	8863
2026-08-10T15:11:00-04:00	10.3800	10.4811	12738
2026-08-10T15:12:00-04:00	10.3600	10.4808	8784
2026-08-10T15:13:00-04:00	10.3650	10.4805	10895
2026-08-10T15:14:00-04:00	10.3600	10.4805	2983
2026-08-10T15:15:00-04:00	10.3600	10.4802	7935
2026-08-10T15:16:00-04:00	10.3599	10.4802	957
2026-08-10T15:17:00-04:00	10.3100	10.4799	8507
2026-08-10T15:18:00-04:00	10.2700	10.4796	7437
2026-08-10T15:19:00-04:00	10.3150	10.4790	12673
2026-08-10T15:20:00-04:00	10.3599	10.4790	2689
2026-08-10T15:21:00-04:00	10.3272	10.4789	1571
2026-08-10T15:22:00-04:00	10.3200	10.4788	3279
2026-08-10T15:23:00-04:00	10.3200	10.4784	10213
2026-08-10T15:24:00-04:00	10.3200	10.4784	856
2026-08-10T15:25:00-04:00	10.3100	10.4782	4195
2026-08-10T15:26:00-04:00	10.2900	10.4779	7277
2026-08-10T15:27:00-04:00	10.3200	10.4774	13991
2026-08-10T15:28:00-04:00	10.3000	10.4770	10680
2026-08-10T15:29:00-04:00	10.3000	10.4768	4655
2026-08-10T15:30:00-04:00	10.3150	10.4762	18349
2026-08-10T15:31:00-04:00	10.3100	10.4761	2102
2026-08-10T15:32:00-04:00	10.3250	10.4758	8534
2026-08-10T15:33:00-04:00	10.2950	10.4753	12693
2026-08-10T15:34:00-04:00	10.3100	10.4749	11799
2026-08-10T15:35:00-04:00	10.3100	10.4747	5183
2026-08-10T15:36:00-04:00	10.3400	10.4740	22278
2026-08-10T15:37:00-04:00	10.3100	10.4738	4727
2026-08-10T15:38:00-04:00	10.3200	10.4734	10826
2026-08-10T15:39:00-04:00	10.3300	10.4732	8059
2026-08-10T15:40:00-04:00	10.3200	10.4726	19180
2026-08-10T15:41:00-04:00	10.3100	10.4725	2322
2026-08-10T15:42:00-04:00	10.3000	10.4723	4510
2026-08-10T15:43:00-04:00	10.2900	10.4721	5913
2026-08-10T15:44:00-04:00	10.3200	10.4706	43815
2026-08-10T15:45:00-04:00	10.3200	10.4703	7975
2026-08-10T15:46:00-04:00	10.3264	10.4700	8328
2026-08-10T15:47:00-04:00	10.3350	10.4696	14275
2026-08-10T15:48:00-04:00	10.3350	10.4693	12626
2026-08-10T15:49:00-04:00	10.3450	10.4684	30595
2026-08-10T15:50:00-04:00	10.3900	10.4679	27782
2026-08-10T15:51:00-04:00	10.3750	10.4677	11069
2026-08-10T15:52:00-04:00	10.3800	10.4673	20602
2026-08-10T15:53:00-04:00	10.3700	10.4671	10424
2026-08-10T15:54:00-04:00	10.3650	10.4669	8900
2026-08-10T15:55:00-04:00	10.4150	10.4665	26092
2026-08-10T15:56:00-04:00	10.4150	10.4664	11755
2026-08-10T15:57:00-04:00	10.4500	10.4661	50739
2026-08-10T15:58:00-04:00	10.4850	10.4662	50047
2026-08-10T15:59:00-04:00	10.4800	10.4664	82370
2026-08-11T09:30:00-04:00	10.2900	10.3567	45422
2026-08-11T09:31:00-04:00	10.2600	10.3557	741
2026-08-11T09:32:00-04:00	10.1700	10.3222	13858
2026-08-11T09:33:00-04:00	10.2600	10.3001	16166
2026-08-11T09:34:00-04:00	10.2200	10.2829	18800
2026-08-11T09:35:00-04:00	10.2200	10.2759	11876
2026-08-11T09:36:00-04:00	10.2250	10.2714	10388
2026-08-11T09:37:00-04:00	10.3150	10.2735	10692
2026-08-11T09:38:00-04:00	10.2850	10.2752	10503
2026-08-11T09:39:00-04:00	10.2100	10.2700	24036
2026-08-11T09:40:00-04:00	10.2200	10.2684	7056
2026-08-11T09:41:00-04:00	10.2100	10.2670	6158
2026-08-11T09:42:00-04:00	10.1700	10.2619	10019
2026-08-11T09:43:00-04:00	10.0420	10.2272	42067
2026-08-11T09:44:00-04:00	10.0750	10.2257	2148
2026-08-11T09:45:00-04:00	10.0300	10.2150	14367
2026-08-11T09:46:00-04:00	10.1600	10.2096	14620
2026-08-11T09:47:00-04:00	10.1450	10.2088	3285
2026-08-11T09:48:00-04:00	10.0368	10.1982	23689
2026-08-11T09:49:00-04:00	10.0800	10.1965	3993
2026-08-11T09:50:00-04:00	10.1300	10.1916	20714
2026-08-11T09:51:00-04:00	10.0750	10.1864	16810
2026-08-11T09:52:00-04:00	10.1200	10.1842	8677
2026-08-11T09:53:00-04:00	10.0950	10.1816	10673
2026-08-11T09:54:00-04:00	10.0500	10.1809	2590
2026-08-11T09:55:00-04:00	10.0300	10.1733	21079
2026-08-11T09:56:00-04:00	10.0300	10.1727	1851
2026-08-11T09:57:00-04:00	10.0500	10.1723	1016
2026-08-11T09:58:00-04:00	10.1000	10.1703	9268
2026-08-11T09:59:00-04:00	10.0510	10.1678	9268
2026-08-11T10:00:00-04:00	10.1100	10.1662	9108
2026-08-11T10:01:00-04:00	10.1099	10.1660	1554
2026-08-11T10:02:00-04:00	10.0800	10.1629	13447
2026-08-11T10:03:00-04:00	10.1049	10.1619	7031
2026-08-11T10:04:00-04:00	10.1400	10.1614	5316
2026-08-11T10:05:00-04:00	10.2300	10.1617	3475
2026-08-11T10:06:00-04:00	10.2450	10.1632	7018
2026-08-11T10:07:00-04:00	10.2200	10.1638	4130
2026-08-11T10:08:00-04:00	10.1850	10.1641	4122
2026-08-11T10:09:00-04:00	10.1800	10.1644	4692
2026-08-11T10:10:00-04:00	10.2050	10.1647	3877
2026-08-11T10:11:00-04:00	10.2700	10.1671	13384
2026-08-11T10:12:00-04:00	10.2550	10.1678	3696
2026-08-11T10:13:00-04:00	10.2650	10.1697	10677
2026-08-11T10:14:00-04:00	10.2400	10.1708	7752
2026-08-11T10:15:00-04:00	10.1600	10.1710	9730
2026-08-11T10:16:00-04:00	10.1500	10.1701	12722
2026-08-11T10:17:00-04:00	10.1500	10.1699	3453
2026-08-11T10:18:00-04:00	10.1700	10.1697	17908
2026-08-11T10:19:00-04:00	10.1450	10.1697	2037
2026-08-11T10:20:00-04:00	10.1600	10.1694	5315
2026-08-11T10:21:00-04:00	10.0650	10.1665	22712
2026-08-11T10:22:00-04:00	10.0650	10.1647	10826
2026-08-11T10:23:00-04:00	10.0800	10.1625	14069
2026-08-11T10:24:00-04:00	10.1000	10.1611	15611
2026-08-11T10:25:00-04:00	10.1200	10.1607	6757
2026-08-11T10:26:00-04:00	10.1600	10.1606	6530
2026-08-11T10:27:00-04:00	10.1500	10.1606	3741
2026-08-11T10:28:00-04:00	10.2150	10.1615	14608
2026-08-11T10:29:00-04:00	10.2150	10.1619	4195
2026-08-11T10:30:00-04:00	10.2100	10.1622	4504
2026-08-11T10:31:00-04:00	10.2300	10.1632	8195
2026-08-11T10:32:00-04:00	10.2200	10.1637	4672
2026-08-11T10:33:00-04:00	10.2400	10.1644	7249
2026-08-11T10:34:00-04:00	10.2700	10.1647	2431
2026-08-11T10:35:00-04:00	10.2700	10.1649	1359
2026-08-11T10:36:00-04:00	10.2500	10.1665	12667
2026-08-11T10:37:00-04:00	10.2300	10.1677	13422
2026-08-11T10:38:00-04:00	10.3100	10.1694	10533
2026-08-11T10:39:00-04:00	10.3200	10.1709	7070
2026-08-11T10:40:00-04:00	10.3150	10.1710	833
2026-08-11T10:41:00-04:00	10.3650	10.1736	9852
2026-08-11T10:42:00-04:00	10.3750	10.1755	7196
2026-08-11T10:43:00-04:00	10.3900	10.1761	2406
2026-08-11T10:44:00-04:00	10.3400	10.1769	3424
2026-08-11T10:45:00-04:00	10.3900	10.1774	1795
2026-08-11T10:46:00-04:00	10.3850	10.1787	4510
2026-08-11T10:47:00-04:00	10.4000	10.1792	1715
2026-08-11T10:48:00-04:00	10.4000	10.1797	2001
2026-08-11T10:49:00-04:00	10.3850	10.1813	5447
2026-08-11T10:50:00-04:00	10.3650	10.1819	2558
2026-08-11T10:51:00-04:00	10.4100	10.1838	6915
2026-08-11T10:52:00-04:00	10.3950	10.1842	1278
2026-08-11T10:53:00-04:00	10.4100	10.1852	3386
2026-08-11T10:54:00-04:00	10.4100	10.1858	2077
2026-08-11T10:55:00-04:00	10.4150	10.1864	1848
2026-08-11T10:56:00-04:00	10.3600	10.1872	3253
2026-08-11T10:57:00-04:00	10.3700	10.1878	2658
2026-08-11T10:58:00-04:00	10.4200	10.1896	6576
2026-08-11T10:59:00-04:00	10.4200	10.1901	1808
2026-08-11T11:00:00-04:00	10.4200	10.1905	1525
2026-08-11T11:01:00-04:00	10.3501	10.1916	4606
2026-08-11T11:02:00-04:00	10.3800	10.1930	6491
2026-08-11T11:03:00-04:00	10.3900	10.1933	1142
2026-08-11T11:04:00-04:00	10.3900	10.1936	1219
2026-08-11T11:05:00-04:00	10.3900	10.1940	1695
2026-08-11T11:06:00-04:00	10.3300	10.1949	4598
2026-08-11T11:07:00-04:00	10.3300	10.1963	9047
2026-08-11T11:08:00-04:00	10.3300	10.1965	1449
2026-08-11T11:09:00-04:00	10.3300	10.1970	3191
2026-08-11T11:10:00-04:00	10.3500	10.1988	11343
2026-08-11T11:11:00-04:00	10.3500	10.1993	2636
2026-08-11T11:12:00-04:00	10.2850	10.2011	15048
2026-08-11T11:13:00-04:00	10.2945	10.2019	6957
2026-08-11T11:14:00-04:00	10.2850	10.2022	2708
2026-08-11T11:15:00-04:00	10.2800	10.2028	7395
2026-08-11T11:16:00-04:00	10.3000	10.2031	2857
2026-08-11T11:17:00-04:00	10.3200	10.2043	10075
2026-08-11T11:18:00-04:00	10.2700	10.2045	2500
2026-08-11T11:19:00-04:00	10.2800	10.2048	3936
2026-08-11T11:20:00-04:00	10.2800	10.2049	1088
2026-08-11T11:21:00-04:00	10.2800	10.2050	1156
2026-08-11T11:22:00-04:00	10.2900	10.2054	4286
2026-08-11T11:23:00-04:00	10.2700	10.2056	2044
2026-08-11T11:24:00-04:00	10.2700	10.2062	9504
2026-08-11T11:25:00-04:00	10.2700	10.2064	1852
2026-08-11T11:26:00-04:00	10.2600	10.2065	2201
2026-08-11T11:27:00-04:00	10.2500	10.2067	3458
2026-08-11T11:28:00-04:00	10.2900	10.2072	7106
2026-08-11T11:29:00-04:00	10.2900	10.2074	1231
2026-08-11T11:30:00-04:00	10.2900	10.2076	3560
2026-08-11T11:31:00-04:00	10.2900	10.2078	2162
2026-08-11T11:32:00-04:00	10.2700	10.2084	8859
2026-08-11T11:33:00-04:00	10.2900	10.2086	2428
2026-08-11T11:34:00-04:00	10.2900	10.2092	6773
2026-08-11T11:35:00-04:00	10.2900	10.2094	2863
2026-08-11T11:36:00-04:00	10.2850	10.2100	6946
2026-08-11T11:37:00-04:00	10.2700	10.2101	2011
2026-08-11T11:38:00-04:00	10.3100	10.2108	6612
2026-08-11T11:39:00-04:00	10.3200	10.2109	1145
2026-08-11T11:40:00-04:00	10.3000	10.2110	1690
2026-08-11T11:41:00-04:00	10.2700	10.2112	2498
2026-08-11T11:42:00-04:00	10.2900	10.2115	4147
2026-08-11T11:43:00-04:00	10.2850	10.2116	1217
2026-08-11T11:44:00-04:00	10.3400	10.2123	5603
2026-08-11T11:45:00-04:00	10.3500	10.2128	3855
2026-08-11T11:46:00-04:00	10.3100	10.2128	484
2026-08-11T11:47:00-04:00	10.3200	10.2131	2568
2026-08-11T11:48:00-04:00	10.3250	10.2133	1469
2026-08-11T11:49:00-04:00	10.3400	10.2135	1614
2026-08-11T11:50:00-04:00	10.3300	10.2139	3541
2026-08-11T11:51:00-04:00	10.3100	10.2153	14657
2026-08-11T11:52:00-04:00	10.2700	10.2157	6405
2026-08-11T11:53:00-04:00	10.2400	10.2159	6418
2026-08-11T11:54:00-04:00	10.2450	10.2160	4945
2026-08-11T11:55:00-04:00	10.2400	10.2160	1068
2026-08-11T11:56:00-04:00	10.2000	10.2160	17777
2026-08-11T11:57:00-04:00	10.2500	10.2163	14556
2026-08-11T11:58:00-04:00	10.2500	10.2164	2461
2026-08-11T11:59:00-04:00	10.2600	10.2164	2343
2026-08-11T12:00:00-04:00	10.2950	10.2170	8462
2026-08-11T12:01:00-04:00	10.3100	10.2174	4913
2026-08-11T12:02:00-04:00	10.3200	10.2176	1617
2026-08-11T12:03:00-04:00	10.2800	10.2178	3861
2026-08-11T12:04:00-04:00	10.3000	10.2179	1487
2026-08-11T12:05:00-04:00	10.2600	10.2182	5481
2026-08-11T12:06:00-04:00	10.2800	10.2183	1341
2026-08-11T12:07:00-04:00	10.2600	10.2184	1696
2026-08-11T12:08:00-04:00	10.2800	10.2186	5116
2026-08-11T12:09:00-04:00	10.2900	10.2186	299
2026-08-11T12:10:00-04:00	10.2800	10.2187	1761
2026-08-11T12:11:00-04:00	10.2701	10.2192	9172
2026-08-11T12:12:00-04:00	10.3100	10.2197	6728
2026-08-11T12:13:00-04:00	10.2800	10.2200	4782
2026-08-11T12:14:00-04:00	10.2716	10.2201	1788
2026-08-11T12:15:00-04:00	10.2600	10.2202	2486
2026-08-11T12:16:00-04:00	10.3650	10.2211	9868
2026-08-11T12:17:00-04:00	10.3700	10.2213	1512
2026-08-11T12:18:00-04:00	10.4000	10.2222	6241
2026-08-11T12:19:00-04:00	10.4000	10.2225	1673
2026-08-11T12:20:00-04:00	10.4100	10.2233	5353
2026-08-11T12:21:00-04:00	10.4000	10.2236	2094
2026-08-11T12:22:00-04:00	10.3700	10.2242	4223
2026-08-11T12:23:00-04:00	10.3000	10.2259	21925
2026-08-11T12:24:00-04:00	10.3000	10.2261	2812
2026-08-11T12:25:00-04:00	10.2850	10.2262	1033
2026-08-11T12:26:00-04:00	10.2300	10.2263	9373
2026-08-11T12:27:00-04:00	10.2120	10.2263	5652
2026-08-11T12:28:00-04:00	10.2100	10.2263	696
2026-08-11T12:29:00-04:00	10.2100	10.2263	1018
2026-08-11T12:30:00-04:00	10.2100	10.2262	2875
2026-08-11T12:31:00-04:00	10.2200	10.2260	26736
2026-08-11T12:32:00-04:00	10.2150	10.2256	36886
2026-08-11T12:33:00-04:00	10.2420	10.2259	18626
2026-08-11T12:34:00-04:00	10.2600	10.2262	15108
2026-08-11T12:35:00-04:00	10.3399	10.2275	20054
2026-08-11T12:36:00-04:00	10.3700	10.2280	4921
2026-08-11T12:37:00-04:00	10.3800	10.2283	2430
2026-08-11T12:38:00-04:00	10.3900	10.2297	11548
2026-08-11T12:39:00-04:00	10.3900	10.2313	13436
2026-08-11T12:40:00-04:00	10.3400	10.2319	6421
2026-08-11T12:41:00-04:00	10.3300	10.2322	3864
2026-08-11T12:42:00-04:00	10.3200	10.2324	3811
2026-08-11T12:43:00-04:00	10.3300	10.2327	4005
2026-08-11T12:44:00-04:00	10.3300	10.2330	3322
2026-08-11T12:45:00-04:00	10.3200	10.2337	10658
2026-08-11T12:46:00-04:00	10.3700	10.2353	17503
2026-08-11T12:47:00-04:00	10.3401	10.2383	35376
2026-08-11T12:48:00-04:00	10.3400	10.2384	1643
2026-08-11T12:49:00-04:00	10.3400	10.2388	5188
2026-08-11T12:50:00-04:00	10.3800	10.2406	20277
2026-08-11T12:51:00-04:00	10.4100	10.2409	3105
2026-08-11T12:52:00-04:00	10.4100	10.2412	2049
2026-08-11T12:53:00-04:00	10.3900	10.2420	8405
2026-08-11T12:54:00-04:00	10.3600	10.2429	9662
2026-08-11T12:55:00-04:00	10.3400	10.2436	10948
2026-08-11T12:56:00-04:00	10.3400	10.2438	3762
2026-08-11T12:57:00-04:00	10.3600	10.2444	7766
2026-08-11T12:58:00-04:00	10.3500	10.2449	6789
2026-08-11T12:59:00-04:00	10.3400	10.2451	3750
2026-08-11T13:00:00-04:00	10.3400	10.2452	1637
2026-08-11T13:01:00-04:00	10.3800	10.2458	7787
2026-08-11T13:02:00-04:00	10.3800	10.2460	2169
2026-08-11T13:03:00-04:00	10.3300	10.2467	10470
2026-08-11T13:04:00-04:00	10.3400	10.2470	5513
2026-08-11T13:05:00-04:00	10.3300	10.2474	6817
2026-08-11T13:06:00-04:00	10.3400	10.2478	7055
2026-08-11T13:07:00-04:00	10.3415	10.2480	2768
2026-08-11T13:08:00-04:00	10.3550	10.2483	4061
2026-08-11T13:09:00-04:00	10.3550	10.2485	3283
2026-08-11T13:10:00-04:00	10.3550	10.2488	4445
2026-08-11T13:11:00-04:00	10.3550	10.2492	6177
2026-08-11T13:12:00-04:00	10.3700	10.2495	3760
2026-08-11T13:13:00-04:00	10.3800	10.2495	427
2026-08-11T13:14:00-04:00	10.3800	10.2498	3021
2026-08-11T13:15:00-04:00	10.3600	10.2499	2389
2026-08-11T13:16:00-04:00	10.3550	10.2502	3374
2026-08-11T13:17:00-04:00	10.3650	10.2505	4446
2026-08-11T13:18:00-04:00	10.3800	10.2509	5342
2026-08-11T13:19:00-04:00	10.3700	10.2511	2575
2026-08-11T13:20:00-04:00	10.3800	10.2512	1743
2026-08-11T13:21:00-04:00	10.3650	10.2514	2486
2026-08-11T13:22:00-04:00	10.3650	10.2516	2757
2026-08-11T13:23:00-04:00	10.3610	10.2517	1744
2026-08-11T13:24:00-04:00	10.3650	10.2519	2574
2026-08-11T13:25:00-04:00	10.3900	10.2527	9683
2026-08-11T13:26:00-04:00	10.3900	10.2530	3607
2026-08-11T13:27:00-04:00	10.3550	10.2538	12503
2026-08-11T13:28:00-04:00	10.3450	10.2539	1564
2026-08-11T13:29:00-04:00	10.3250	10.2547	17354
2026-08-11T13:30:00-04:00	10.3400	10.2550	4722
2026-08-11T13:31:00-04:00	10.3550	10.2552	3709
2026-08-11T13:32:00-04:00	10.3550	10.2553	2458
2026-08-11T13:33:00-04:00	10.3550	10.2555	2465
2026-08-11T13:34:00-04:00	10.3450	10.2559	6781
2026-08-11T13:35:00-04:00	10.3500	10.2564	9965
2026-08-11T13:36:00-04:00	10.3500	10.2565	1384
2026-08-11T13:37:00-04:00	10.3150	10.2568	8255
2026-08-11T13:38:00-04:00	10.3150	10.2569	2098
2026-08-11T13:39:00-04:00	10.3129	10.2570	2262
2026-08-11T13:40:00-04:00	10.3150	10.2570	1779
2026-08-11T13:41:00-04:00	10.3150	10.2571	2432
2026-08-11T13:42:00-04:00	10.3200	10.2576	12406
2026-08-11T13:43:00-04:00	10.3100	10.2576	1733
2026-08-11T13:44:00-04:00	10.3100	10.2577	2597
2026-08-11T13:45:00-04:00	10.3000	10.2580	9840
2026-08-11T13:46:00-04:00	10.3300	10.2582	6988
2026-08-11T13:47:00-04:00	10.3300	10.2583	1204
2026-08-11T13:48:00-04:00	10.3300	10.2583	2120
2026-08-11T13:49:00-04:00	10.2900	10.2586	11385
2026-08-11T13:50:00-04:00	10.2800	10.2587	1321
2026-08-11T13:51:00-04:00	10.2800	10.2587	6196
2026-08-11T13:52:00-04:00	10.2800	10.2588	2031
2026-08-11T13:53:00-04:00	10.2850	10.2588	2921
2026-08-11T13:54:00-04:00	10.2888	10.2588	1471
2026-08-11T13:55:00-04:00	10.3000	10.2590	8925
2026-08-11T13:56:00-04:00	10.2700	10.2591	6080
2026-08-11T13:57:00-04:00	10.2700	10.2591	2154
2026-08-11T13:58:00-04:00	10.2700	10.2591	5393
2026-08-11T13:59:00-04:00	10.2650	10.2591	3708
2026-08-11T14:00:00-04:00	10.2700	10.2591	3290
2026-08-11T14:01:00-04:00	10.2900	10.2592	6740
2026-08-11T14:02:00-04:00	10.2900	10.2593	2202
2026-08-11T14:03:00-04:00	10.3100	10.2594	4140
2026-08-11T14:04:00-04:00	10.3300	10.2595	4397
2026-08-11T14:05:00-04:00	10.4350	10.2619	31356
2026-08-11T14:06:00-04:00	10.4800	10.2650	27010
2026-08-11T14:07:00-04:00	10.4500	10.2667	16262
2026-08-11T14:08:00-04:00	10.4650	10.2671	3807
2026-08-11T14:09:00-04:00	10.4750	10.2677	5802
2026-08-11T14:10:00-04:00	10.5500	10.2712	25600
2026-08-11T14:11:00-04:00	10.4350	10.2753	38612
2026-08-11T14:12:00-04:00	10.4350	10.2755	2563
2026-08-11T14:13:00-04:00	10.4388	10.2757	2735
2026-08-11T14:14:00-04:00	10.4350	10.2762	5684
2026-08-11T14:15:00-04:00	10.4950	10.2783	21327
2026-08-11T14:16:00-04:00	10.4800	10.2790	6513
2026-08-11T14:17:00-04:00	10.4750	10.2791	1249
2026-08-11T14:18:00-04:00	10.4700	10.2805	14355
2026-08-11T14:19:00-04:00	10.4950	10.2820	14932
2026-08-11T14:20:00-04:00	10.5000	10.2825	4116
2026-08-11T14:21:00-04:00	10.4600	10.2838	13913
2026-08-11T14:22:00-04:00	10.4800	10.2860	24230
2026-08-11T14:23:00-04:00	10.4500	10.2862	2817
2026-08-11T14:24:00-04:00	10.4850	10.2885	26250
2026-08-11T14:25:00-04:00	10.4850	10.2888	3080
2026-08-11T14:26:00-04:00	10.4700	10.2893	5040
2026-08-11T14:27:00-04:00	10.4600	10.2897	4860
2026-08-11T14:28:00-04:00	10.4400	10.2904	9891
2026-08-11T14:29:00-04:00	10.4300	10.2918	20028
2026-08-11T14:30:00-04:00	10.4000	10.2923	9199
2026-08-11T14:31:00-04:00	10.4150	10.2929	10245
2026-08-11T14:32:00-04:00	10.4150	10.2931	3779
2026-08-11T14:33:00-04:00	10.4300	10.2938	11315
2026-08-11T14:34:00-04:00	10.4600	10.2942	5807
2026-08-11T14:35:00-04:00	10.4550	10.2943	1482
2026-08-11T14:36:00-04:00	10.4550	10.2945	3456
2026-08-11T14:37:00-04:00	10.4785	10.2958	16363
2026-08-11T14:38:00-04:00	10.4700	10.2960	2731
2026-08-11T14:39:00-04:00	10.4650	10.2963	3794
2026-08-11T14:40:00-04:00	10.4300	10.2969	9265
2026-08-11T14:41:00-04:00	10.4400	10.2972	3688
2026-08-11T14:42:00-04:00	10.4400	10.2973	1367
2026-08-11T14:43:00-04:00	10.4450	10.2974	2600
2026-08-11T14:44:00-04:00	10.4450	10.2979	7189
2026-08-11T14:45:00-04:00	10.4300	10.2985	9937
2026-08-11T14:46:00-04:00	10.4450	10.2989	5535
2026-08-11T14:47:00-04:00	10.4400	10.3013	35976
2026-08-11T14:48:00-04:00	10.4410	10.3014	1574
2026-08-11T14:49:00-04:00	10.4550	10.3023	14055
2026-08-11T14:50:00-04:00	10.4550	10.3025	2298
2026-08-11T14:51:00-04:00	10.4550	10.3028	5424
2026-08-11T14:52:00-04:00	10.4600	10.3030	2262
2026-08-11T14:53:00-04:00	10.4600	10.3031	1911
2026-08-11T14:54:00-04:00	10.4600	10.3033	3312
2026-08-11T14:55:00-04:00	10.5100	10.3054	26116
2026-08-11T14:56:00-04:00	10.4700	10.3059	7308
2026-08-11T14:57:00-04:00	10.4800	10.3065	8325
2026-08-11T14:58:00-04:00	10.5050	10.3101	45621
2026-08-11T14:59:00-04:00	10.5200	10.3107	7053
2026-08-11T15:00:00-04:00	10.5200	10.3113	6437
2026-08-11T15:01:00-04:00	10.4500	10.3127	21975
2026-08-11T15:02:00-04:00	10.4450	10.3141	26960
2026-08-11T15:03:00-04:00	10.4500	10.3145	6344
2026-08-11T15:04:00-04:00	10.5000	10.3196	75216
2026-08-11T15:05:00-04:00	10.4850	10.3207	16625
2026-08-11T15:06:00-04:00	10.5200	10.3209	2692
2026-08-11T15:07:00-04:00	10.4850	10.3215	8650
2026-08-11T15:08:00-04:00	10.4700	10.3219	7174
2026-08-11T15:09:00-04:00	10.4700	10.3223	7191
2026-08-11T15:10:00-04:00	10.5100	10.3236	19068
2026-08-11T15:11:00-04:00	10.5200	10.3238	3265
2026-08-11T15:12:00-04:00	10.5000	10.3246	10821
2026-08-11T15:13:00-04:00	10.5300	10.3256	13605
2026-08-11T15:14:00-04:00	10.5400	10.3261	6307
2026-08-11T15:15:00-04:00	10.5300	10.3266	5834
2026-08-11T15:16:00-04:00	10.5700	10.3277	13084
2026-08-11T15:17:00-04:00	10.5400	10.3295	20690
2026-08-11T15:18:00-04:00	10.5300	10.3296	1439
2026-08-11T15:19:00-04:00	10.5400	10.3303	10028
2026-08-11T15:20:00-04:00	10.5376	10.3318	18846
2026-08-11T15:21:00-04:00	10.5300	10.3321	4641
2026-08-11T15:22:00-04:00	10.5800	10.3331	11719
2026-08-11T15:23:00-04:00	10.5550	10.3338	8468
2026-08-11T15:24:00-04:00	10.5500	10.3348	13115
2026-08-11T15:25:00-04:00	10.5400	10.3350	2370
2026-08-11T15:26:00-04:00	10.5300	10.3352	2181
2026-08-11T15:27:00-04:00	10.5500	10.3356	6021
2026-08-11T15:28:00-04:00	10.5650	10.3364	9691
2026-08-11T15:29:00-04:00	10.5700	10.3373	11292
2026-08-11T15:30:00-04:00	10.5700	10.3377	4932
2026-08-11T15:31:00-04:00	10.5400	10.3403	34563
2026-08-11T15:32:00-04:00	10.5400	10.3409	7942
2026-08-11T15:33:00-04:00	10.5500	10.3417	11865
2026-08-11T15:34:00-04:00	10.5600	10.3426	11325
2026-08-11T15:35:00-04:00	10.5200	10.3437	16965
2026-08-11T15:36:00-04:00	10.5200	10.3438	960
2026-08-11T15:37:00-04:00	10.5250	10.3444	10945
2026-08-11T15:38:00-04:00	10.5300	10.3449	7820
2026-08-11T15:39:00-04:00	10.5400	10.3453	6175
2026-08-11T15:40:00-04:00	10.5000	10.3460	11481
2026-08-11T15:41:00-04:00	10.5300	10.3472	20080
2026-08-11T15:42:00-04:00	10.5400	10.3476	6315
2026-08-11T15:43:00-04:00	10.5400	10.3481	7066
2026-08-11T15:44:00-04:00	10.5400	10.3486	8107
2026-08-11T15:45:00-04:00	10.5200	10.3524	61280
2026-08-11T15:46:00-04:00	10.5450	10.3537	21109
2026-08-11T15:47:00-04:00	10.4900	10.3584	94750
2026-08-11T15:48:00-04:00	10.4300	10.3595	52470
2026-08-11T15:49:00-04:00	10.4450	10.3603	30902
2026-08-11T15:50:00-04:00	10.5000	10.3616	35813
2026-08-11T15:51:00-04:00	10.4450	10.3629	40724
2026-08-11T15:52:00-04:00	10.4700	10.3635	20169
2026-08-11T15:53:00-04:00	10.5100	10.3648	29678
2026-08-11T15:54:00-04:00	10.5250	10.3655	15023
2026-08-11T15:55:00-04:00	10.5850	10.3676	37256
2026-08-11T15:56:00-04:00	10.5450	10.3684	14617
2026-08-11T15:57:00-04:00	10.5800	10.3715	51958
2026-08-11T15:58:00-04:00	10.5801	10.3754	63266
2026-08-11T15:59:00-04:00	10.6200	10.3797	66417
2026-08-12T09:30:00-04:00	10.6100	10.6567	60921
2026-08-12T09:31:00-04:00	10.5000	10.6511	2952
2026-08-12T09:32:00-04:00	10.5700	10.6423	5920
2026-08-12T09:33:00-04:00	10.6500	10.6421	4578
2026-08-12T09:34:00-04:00	10.6873	10.6442	5158
2026-08-12T09:35:00-04:00	10.6800	10.6476	8112
2026-08-12T09:36:00-04:00	10.6800	10.6478	601
2026-08-12T09:37:00-04:00	10.6100	10.6464	5211
2026-08-12T09:38:00-04:00	10.6100	10.6424	7666
2026-08-12T09:39:00-04:00	10.7800	10.6697	48526
2026-08-12T09:40:00-04:00	10.8989	10.6836	11484
2026-08-12T09:41:00-04:00	10.9050	10.7072	19251
2026-08-12T09:42:00-04:00	10.9911	10.7121	3519
2026-08-12T09:43:00-04:00	10.9750	10.7268	10346
2026-08-12T09:44:00-04:00	10.9050	10.7285	1648
2026-08-12T09:45:00-04:00	10.9300	10.7312	2739
2026-08-12T09:46:00-04:00	10.9450	10.7415	10393
2026-08-12T09:47:00-04:00	10.9000	10.7457	5022
2026-08-12T09:48:00-04:00	10.8800	10.7551	16539
2026-08-12T09:49:00-04:00	10.9150	10.7614	10693
2026-08-12T09:50:00-04:00	10.9000	10.7726	18158
2026-08-12T09:51:00-04:00	10.9800	10.7867	21055
2026-08-12T09:52:00-04:00	10.9700	10.7915	6994
2026-08-12T09:53:00-04:00	10.9750	10.8015	19117
2026-08-12T09:54:00-04:00	10.9363	10.8052	8412
2026-08-12T09:55:00-04:00	10.9159	10.8089	10751
2026-08-12T09:56:00-04:00	10.9500	10.8106	4061
2026-08-12T09:57:00-04:00	11.0200	10.8130	4102
2026-08-12T09:58:00-04:00	10.9750	10.8134	883
2026-08-12T09:59:00-04:00	10.9400	10.8186	13226
2026-08-12T10:00:00-04:00	10.9639	10.8231	13800
2026-08-12T10:01:00-04:00	10.9700	10.8241	2692
2026-08-12T10:02:00-04:00	10.8979	10.8251	3836
2026-08-12T10:03:00-04:00	10.8600	10.8253	1637
2026-08-12T10:04:00-04:00	10.8300	10.8254	1939
2026-08-12T10:05:00-04:00	10.8700	10.8261	6816
2026-08-12T10:06:00-04:00	10.9300	10.8269	3269
2026-08-12T10:07:00-04:00	10.9550	10.8277	2308
2026-08-12T10:08:00-04:00	10.9800	10.8286	2626
2026-08-12T10:09:00-04:00	11.0000	10.8307	5010
2026-08-12T10:10:00-04:00	10.9400	10.8317	3172
2026-08-12T10:11:00-04:00	10.9700	10.8374	18882
2026-08-12T10:12:00-04:00	10.8800	10.8391	12402
2026-08-12T10:13:00-04:00	10.9600	10.8419	11537
2026-08-12T10:14:00-04:00	10.9400	10.8427	3830
2026-08-12T10:15:00-04:00	10.9000	10.8430	1854
2026-08-12T10:16:00-04:00	10.9300	10.8439	6142
2026-08-12T10:17:00-04:00	10.9599	10.8443	1595
2026-08-12T10:18:00-04:00	10.9450	10.8452	4496
2026-08-12T10:19:00-04:00	10.8900	10.8454	1052
2026-08-12T10:20:00-04:00	10.8950	10.8457	3578
2026-08-12T10:21:00-04:00	10.9500	10.8473	8263
2026-08-12T10:22:00-04:00	10.9500	10.8478	1787
2026-08-12T10:23:00-04:00	10.9350	10.8484	2917
2026-08-12T10:24:00-04:00	10.9200	10.8488	2491
2026-08-12T10:25:00-04:00	10.9250	10.8498	5206
2026-08-12T10:26:00-04:00	10.9100	10.8501	2708
2026-08-12T10:27:00-04:00	10.9300	10.8502	571
2026-08-12T10:28:00-04:00	10.9600	10.8510	3874
2026-08-12T10:29:00-04:00	10.9500	10.8512	1187
2026-08-12T10:30:00-04:00	10.9500	10.8525	7651
2026-08-12T10:31:00-04:00	10.9200	10.8527	1744
2026-08-12T10:32:00-04:00	10.9700	10.8531	1586
2026-08-12T10:33:00-04:00	10.9350	10.8531	262
2026-08-12T10:34:00-04:00	10.8600	10.8536	6727
2026-08-12T10:35:00-04:00	10.8200	10.8535	6406
2026-08-12T10:36:00-04:00	10.8150	10.8535	1337
2026-08-12T10:37:00-04:00	10.8500	10.8532	6009
2026-08-12T10:38:00-04:00	10.8350	10.8532	1783
2026-08-12T10:39:00-04:00	10.8300	10.8531	1331
2026-08-12T10:40:00-04:00	10.8750	10.8532	4927
2026-08-12T10:41:00-04:00	10.8750	10.8532	645
2026-08-12T10:42:00-04:00	10.8400	10.8532	1025
2026-08-12T10:43:00-04:00	10.8250	10.8531	1358
2026-08-12T10:44:00-04:00	10.8000	10.8530	2240
2026-08-12T10:45:00-04:00	10.8200	10.8528	2482
2026-08-12T10:46:00-04:00	10.8100	10.8527	1620
2026-08-12T10:47:00-04:00	10.8100	10.8525	2782
2026-08-12T10:48:00-04:00	10.8450	10.8522	7200
2026-08-12T10:49:00-04:00	10.8400	10.8522	3243
2026-08-12T10:50:00-04:00	10.8850	10.8534	30145
2026-08-12T10:51:00-04:00	10.8700	10.8535	3231
2026-08-12T10:52:00-04:00	10.8750	10.8537	17411
2026-08-12T10:53:00-04:00	10.8750	10.8539	5191
2026-08-12T10:54:00-04:00	10.7959	10.8538	3169
2026-08-12T10:55:00-04:00	10.7600	10.8533	3468
2026-08-12T10:56:00-04:00	10.7500	10.8526	4942
2026-08-12T10:57:00-04:00	10.7400	10.8521	2621
2026-08-12T10:58:00-04:00	10.7500	10.8517	2141
2026-08-12T10:59:00-04:00	10.7300	10.8515	993
2026-08-12T11:00:00-04:00	10.8000	10.8502	10632
2026-08-12T11:01:00-04:00	10.7900	10.8502	347
2026-08-12T11:02:00-04:00	10.7800	10.8500	2146
2026-08-12T11:03:00-04:00	10.7400	10.8498	952
2026-08-12T11:04:00-04:00	10.7600	10.8494	2797
2026-08-12T11:05:00-04:00	10.7600	10.8492	1292
2026-08-12T11:06:00-04:00	10.7700	10.8490	1845
2026-08-12T11:07:00-04:00	10.7566	10.8489	823
2026-08-12T11:08:00-04:00	10.7550	10.8487	1056
2026-08-12T11:09:00-04:00	10.7500	10.8481	3907
2026-08-12T11:10:00-04:00	10.7300	10.8446	20276
2026-08-12T11:11:00-04:00	10.7350	10.8443	2237
2026-08-12T11:12:00-04:00	10.8300	10.8434	25240
2026-08-12T11:13:00-04:00	10.8350	10.8433	1193
2026-08-12T11:14:00-04:00	10.8400	10.8433	859
2026-08-12T11:15:00-04:00	10.8450	10.8433	3195
2026-08-12T11:16:00-04:00	10.8800	10.8437	11065
2026-08-12T11:17:00-04:00	10.9000	10.8438	590
2026-08-12T11:18:00-04:00	10.9000	10.8440	2609
2026-08-12T11:19:00-04:00	10.8700	10.8442	5127
2026-08-12T11:20:00-04:00	10.8200	10.8442	2876
2026-08-12T11:21:00-04:00	10.8200	10.8441	3067
2026-08-12T11:22:00-04:00	10.8000	10.8440	1834
2026-08-12T11:23:00-04:00	10.8200	10.8439	2402
2026-08-12T11:24:00-04:00	10.8500	10.8439	1038
2026-08-12T11:25:00-04:00	10.8400	10.8439	1380
2026-08-12T11:26:00-04:00	10.8300	10.8439	678
2026-08-12T11:27:00-04:00	10.8400	10.8439	475
2026-08-12T11:28:00-04:00	10.8500	10.8439	406
2026-08-12T11:29:00-04:00	10.8300	10.8439	1366
2026-08-12T11:30:00-04:00	10.8450	10.8438	3748
2026-08-12T11:31:00-04:00	10.8550	10.8438	743
2026-08-12T11:32:00-04:00	10.8307	10.8438	763
2026-08-12T11:33:00-04:00	10.8000	10.8437	2573
2026-08-12T11:34:00-04:00	10.8299	10.8437	1375
2026-08-12T11:35:00-04:00	10.8100	10.8436	1528
2026-08-12T11:36:00-04:00	10.8050	10.8435	2242
2026-08-12T11:37:00-04:00	10.8150	10.8435	1517
2026-08-12T11:38:00-04:00	10.8000	10.8432	4996
2026-08-12T11:39:00-04:00	10.7900	10.8431	811
2026-08-12T11:40:00-04:00	10.7600	10.8407	25334
2026-08-12T11:41:00-04:00	10.7600	10.8405	1951
2026-08-12T11:42:00-04:00	10.7750	10.8393	14086
2026-08-12T11:43:00-04:00	10.7600	10.8371	25735
2026-08-12T11:44:00-04:00	10.7500	10.8370	1477
2026-08-12T11:45:00-04:00	10.7200	10.8352	14260
2026-08-12T11:46:00-04:00	10.6800	10.8343	5590
2026-08-12T11:47:00-04:00	10.6600	10.8332	5420
2026-08-12T11:48:00-04:00	10.6100	10.8322	4126
2026-08-12T11:49:00-04:00	10.6200	10.8314	3486
2026-08-12T11:50:00-04:00	10.6200	10.8292	8640
2026-08-12T11:51:00-04:00	10.6050	10.8287	2264
2026-08-12T11:52:00-04:00	10.6050	10.8283	1571
2026-08-12T11:53:00-04:00	10.6250	10.8270	5332
2026-08-12T11:54:00-04:00	10.6350	10.8179	43086
2026-08-12T11:55:00-04:00	10.6300	10.8165	6871
2026-08-12T11:56:00-04:00	10.5900	10.8119	20158
2026-08-12T11:57:00-04:00	10.5900	10.8105	6361
2026-08-12T11:58:00-04:00	10.5850	10.8083	9262
2026-08-12T11:59:00-04:00	10.5850	10.8058	11040
2026-08-12T12:00:00-04:00	10.6100	10.8036	10269
2026-08-12T12:01:00-04:00	10.6000	10.8036	433
2026-08-12T12:02:00-04:00	10.6150	10.8034	1014
2026-08-12T12:03:00-04:00	10.6150	10.8029	2277
2026-08-12T12:04:00-04:00	10.6491	10.8019	6457
2026-08-12T12:05:00-04:00	10.6400	10.8017	1102
2026-08-12T12:06:00-04:00	10.6350	10.8016	381
2026-08-12T12:07:00-04:00	10.6350	10.8015	718
2026-08-12T12:08:00-04:00	10.6400	10.8013	1380
2026-08-12T12:09:00-04:00	10.6698	10.7997	11244
2026-08-12T12:10:00-04:00	10.6750	10.7963	27487
2026-08-12T12:11:00-04:00	10.6700	10.7962	1407
2026-08-12T12:12:00-04:00	10.6600	10.7933	23594
2026-08-12T12:14:00-04:00	10.7100	10.7405	1112635
2026-08-12T12:15:00-04:00	10.7050	10.7404	5992
2026-08-12T12:16:00-04:00	10.7200	10.7402	14882
2026-08-12T12:17:00-04:00	10.7300	10.7402	1107
2026-08-12T12:18:00-04:00	10.7300	10.7402	2001
2026-08-12T12:19:00-04:00	10.6950	10.7400	7088
2026-08-12T12:20:00-04:00	10.7000	10.7397	14864
2026-08-12T12:21:00-04:00	10.7200	10.7396	11685
2026-08-12T12:22:00-04:00	10.7200	10.7396	1926
2026-08-12T12:23:00-04:00	10.7100	10.7396	946
2026-08-12T12:24:00-04:00	10.7250	10.7395	8600
2026-08-12T12:25:00-04:00	10.7500	10.7395	9839
2026-08-12T12:26:00-04:00	10.7500	10.7395	371
2026-08-12T12:27:00-04:00	10.7000	10.7394	4304
2026-08-12T12:28:00-04:00	10.6600	10.7392	6720
2026-08-12T12:29:00-04:00	10.6400	10.7391	2616
2026-08-12T12:30:00-04:00	10.6900	10.7388	9157
2026-08-12T12:31:00-04:00	10.7200	10.7388	3621
2026-08-12T12:32:00-04:00	10.7600	10.7388	8567
2026-08-12T12:33:00-04:00	10.7900	10.7389	2771
2026-08-12T12:35:00-04:00	10.8100	10.7390	2579
2026-08-12T12:36:00-04:00	10.8299	10.7390	1891
2026-08-12T12:37:00-04:00	10.8550	10.7392	3586
2026-08-12T12:38:00-04:00	10.8600	10.7392	1214
2026-08-12T12:39:00-04:00	10.8655	10.7393	860
2026-08-12T12:40:00-04:00	10.8745	10.7397	7854
2026-08-12T12:41:00-04:00	10.8800	10.7397	236
2026-08-12T12:42:00-04:00	10.8750	10.7397	476
2026-08-12T12:43:00-04:00	10.8800	10.7398	362
2026-08-12T12:44:00-04:00	10.9200	10.7404	8464
2026-08-12T12:45:00-04:00	10.9800	10.7408	5125
2026-08-12T12:46:00-04:00	11.0200	10.7417	6966
2026-08-12T12:47:00-04:00	10.9950	10.7420	2580
2026-08-12T12:48:00-04:00	10.9800	10.7424	3696
2026-08-12T12:50:00-04:00	10.9750	10.7434	10300
2026-08-12T12:51:00-04:00	10.9700	10.7442	8998
2026-08-12T12:52:00-04:00	10.9800	10.7444	1347
2026-08-12T12:53:00-04:00	10.9800	10.7445	1290
2026-08-12T12:54:00-04:00	10.9700	10.7447	1727
2026-08-12T12:55:00-04:00	11.0000	10.7475	27658
2026-08-12T12:56:00-04:00	11.0250	10.7494	16350
2026-08-12T12:57:00-04:00	10.9300	10.7504	11151
2026-08-12T12:58:00-04:00	10.9100	10.7505	1996
2026-08-12T12:59:00-04:00	10.9200	10.7509	5792
2026-08-12T13:00:00-04:00	10.9200	10.7512	4995
2026-08-12T13:01:00-04:00	10.9201	10.7517	5841
2026-08-12T13:02:00-04:00	10.9235	10.7519	3023
2026-08-12T13:04:00-04:00	10.9150	10.7520	1338
2026-08-12T13:05:00-04:00	10.8800	10.7523	6405
2026-08-12T13:06:00-04:00	10.8900	10.7527	6610
2026-08-12T13:07:00-04:00	10.8800	10.7527	763
2026-08-12T13:08:00-04:00	10.8800	10.7528	1572
2026-08-12T13:09:00-04:00	10.8600	10.7529	1428
2026-08-12T13:10:00-04:00	10.8700	10.7530	1692
2026-08-12T13:11:00-04:00	10.8850	10.7531	3533
2026-08-12T13:12:00-04:00	10.8700	10.7532	1839
2026-08-12T13:13:00-04:00	10.8800	10.7533	813
2026-08-12T13:14:00-04:00	10.8600	10.7533	1228
2026-08-12T13:15:00-04:00	10.8500	10.7534	1043
2026-08-12T13:16:00-04:00	10.9050	10.7537	5485
2026-08-12T13:17:00-04:00	10.8900	10.7537	644
2026-08-12T13:18:00-04:00	10.8800	10.7538	1615
2026-08-12T13:19:00-04:00	10.8650	10.7539	2061
2026-08-12T13:20:00-04:00	10.8500	10.7540	1404
2026-08-12T13:21:00-04:00	10.8550	10.7540	1396
2026-08-12T13:22:00-04:00	10.8450	10.7541	2524
2026-08-12T13:23:00-04:00	10.8700	10.7543	5238
2026-08-12T13:24:00-04:00	10.8883	10.7544	1603
2026-08-12T13:25:00-04:00	10.8900	10.7545	1618
2026-08-12T13:26:00-04:00	10.8850	10.7545	1050
2026-08-12T13:27:00-04:00	10.8870	10.7546	2048
2026-08-12T13:28:00-04:00	10.9350	10.7550	4689
2026-08-12T13:29:00-04:00	10.9300	10.7551	1747
2026-08-12T13:30:00-04:00	10.9200	10.7552	1756
2026-08-12T13:31:00-04:00	10.9100	10.7556	6727
2026-08-12T13:32:00-04:00	10.9000	10.7557	955
2026-08-12T13:33:00-04:00	10.8900	10.7558	1858
2026-08-12T13:34:00-04:00	10.9150	10.7560	3157
2026-08-12T13:35:00-04:00	10.9900	10.7565	6004
2026-08-12T13:36:00-04:00	11.0000	10.7568	2860
2026-08-12T13:37:00-04:00	11.0950	10.7618	42601
2026-08-12T13:38:00-04:00	11.0950	10.7621	2571
2026-08-12T13:39:00-04:00	11.1400	10.7628	4601
2026-08-12T13:40:00-04:00	11.1700	10.7645	11258
2026-08-12T13:41:00-04:00	11.0700	10.7656	8798
2026-08-12T13:42:00-04:00	11.1000	10.7666	7278
2026-08-12T13:43:00-04:00	11.1150	10.7669	2229
2026-08-12T13:44:00-04:00	11.1000	10.7675	5221
2026-08-12T13:45:00-04:00	11.0700	10.7676	807
2026-08-12T13:46:00-04:00	11.1300	10.7714	27968
2026-08-12T13:47:00-04:00	11.1800	10.7718	3056
2026-08-12T13:48:00-04:00	11.1600	10.7723	2935
2026-08-12T13:49:00-04:00	11.1700	10.7724	985
2026-08-12T13:50:00-04:00	11.2000	10.7760	23301
2026-08-12T13:51:00-04:00	11.2000	10.7768	4895
2026-08-12T13:52:00-04:00	11.1990	10.7772	2376
2026-08-12T13:53:00-04:00	11.1700	10.7773	1001
2026-08-12T13:54:00-04:00	11.1800	10.7776	1681
2026-08-12T13:55:00-04:00	11.1738	10.7780	2795
2026-08-12T13:56:00-04:00	11.1700	10.7784	2675
2026-08-12T13:57:00-04:00	11.2300	10.7794	6107
2026-08-12T13:58:00-04:00	11.2000	10.7800	3791
2026-08-12T13:59:00-04:00	11.2100	10.7803	1522
2026-08-12T14:00:00-04:00	11.1800	10.7805	1674
2026-08-12T14:01:00-04:00	11.2050	10.7807	1454
2026-08-12T14:02:00-04:00	11.2300	10.7817	6091
2026-08-12T14:03:00-04:00	11.2500	10.7818	486
2026-08-12T14:04:00-04:00	11.2200	10.7821	1731
2026-08-12T14:05:00-04:00	11.2400	10.7824	1807
2026-08-12T14:06:00-04:00	11.2200	10.7828	2175
2026-08-12T14:07:00-04:00	11.2000	10.7839	7379
2026-08-12T14:08:00-04:00	11.2400	10.7847	4901
2026-08-12T14:09:00-04:00	11.2750	10.7901	30520
2026-08-12T14:10:00-04:00	11.2756	10.7906	2622
2026-08-12T14:11:00-04:00	11.2650	10.7913	4533
2026-08-12T14:12:00-04:00	11.2900	10.7938	14102
2026-08-12T14:13:00-04:00	11.3350	10.7963	12905
2026-08-12T14:14:00-04:00	11.3100	10.7982	10109
2026-08-12T14:15:00-04:00	11.3000	10.7983	701
2026-08-12T14:16:00-04:00	11.2800	10.7987	2417
2026-08-12T14:17:00-04:00	11.2600	10.8000	7349
2026-08-12T14:18:00-04:00	11.2050	10.8012	8044
2026-08-12T14:19:00-04:00	11.1800	10.9479	1754674
2026-08-12T14:20:00-04:00	11.1500	10.9480	1345
2026-08-12T14:21:00-04:00	11.1400	10.9481	3311
2026-08-12T14:22:00-04:00	11.1600	10.9483	5175
2026-08-12T14:23:00-04:00	11.1400	10.9486	6260
2026-08-12T14:24:00-04:00	11.0700	10.9491	15180
2026-08-12T14:25:00-04:00	11.0600	10.9492	4292
2026-08-12T14:26:00-04:00	11.0300	10.9493	3829
2026-08-12T14:27:00-04:00	11.0300	10.9493	2427
2026-08-12T14:28:00-04:00	11.0200	10.9493	3137
2026-08-12T14:29:00-04:00	11.0400	10.9494	4479
2026-08-12T14:30:00-04:00	11.0800	10.9495	2062
2026-08-12T14:31:00-04:00	11.0600	10.9496	2767
2026-08-12T14:32:00-04:00	11.0700	10.9496	1658
2026-08-12T14:33:00-04:00	11.0550	10.9496	2048
2026-08-12T14:34:00-04:00	11.0300	10.9497	3321
2026-08-12T14:35:00-04:00	11.0600	10.9498	3588
2026-08-12T14:36:00-04:00	11.0300	10.9498	1105
2026-08-12T14:37:00-04:00	11.0400	10.9498	1983
2026-08-12T14:38:00-04:00	11.0600	10.9500	4915
2026-08-12T14:39:00-04:00	11.0400	10.9500	2012
2026-08-12T14:40:00-04:00	11.0200	10.9500	1445
2026-08-12T14:41:00-04:00	11.0300	10.9501	2153
2026-08-12T14:42:00-04:00	11.0400	10.9501	2495
2026-08-12T14:43:00-04:00	10.9950	10.9504	20837
2026-08-12T14:44:00-04:00	10.9700	10.9504	3567
2026-08-12T14:45:00-04:00	10.9600	10.9504	1681
2026-08-12T14:46:00-04:00	10.9700	10.9541	1863413
2026-08-12T14:47:00-04:00	10.9900	10.9541	4303
2026-08-12T14:48:00-04:00	10.9600	10.9541	2049
2026-08-12T14:49:00-04:00	10.9800	10.9541	1261
2026-08-12T14:50:00-04:00	10.9700	10.9541	1789
2026-08-12T14:51:00-04:00	10.9600	10.9541	1418
2026-08-12T14:52:00-04:00	10.9600	10.9541	1954
2026-08-12T14:53:00-04:00	10.9600	10.9541	1696
2026-08-12T14:54:00-04:00	10.9500	10.9541	1925
2026-08-12T14:55:00-04:00	11.0200	10.9543	19814
2026-08-12T14:56:00-04:00	11.0374	10.9543	1747
2026-08-12T14:57:00-04:00	11.0300	10.9543	3187
2026-08-12T14:58:00-04:00	11.0300	10.9544	6175
2026-08-12T14:59:00-04:00	11.0350	10.9544	1814
2026-08-12T15:00:00-04:00	11.0700	10.9545	7392
2026-08-12T15:01:00-04:00	11.0700	10.9545	948
2026-08-12T15:02:00-04:00	11.0750	10.9813	1937098
2026-08-12T15:03:00-04:00	11.0700	10.9971	1941893
2026-08-12T15:04:00-04:00	11.0300	10.9972	7405
2026-08-12T15:05:00-04:00	11.0400	10.9972	3158
2026-08-12T15:06:00-04:00	11.0400	10.9972	701
2026-08-12T15:07:00-04:00	11.0300	10.9972	1278
2026-08-12T15:08:00-04:00	11.0250	10.9972	5229
2026-08-12T15:09:00-04:00	11.0100	10.9972	3685
2026-08-12T15:10:00-04:00	11.0400	10.9972	5925
2026-08-12T15:11:00-04:00	11.0450	10.9972	1166
2026-08-12T15:12:00-04:00	11.0100	10.9972	2536
2026-08-12T15:13:00-04:00	11.0400	10.9972	3774
2026-08-12T15:14:00-04:00	11.0300	10.9972	2801
2026-08-12T15:15:00-04:00	11.0000	10.9973	2803
2026-08-12T15:16:00-04:00	11.0500	10.9973	18389
2026-08-12T15:17:00-04:00	11.0499	10.9973	2050
2026-08-12T15:18:00-04:00	11.0400	10.9973	1540
2026-08-12T15:19:00-04:00	11.0300	10.9974	1980
2026-08-12T15:20:00-04:00	11.0100	10.9974	4636
2026-08-12T15:21:00-04:00	11.0500	10.9974	10583
2026-08-12T15:22:00-04:00	11.0699	10.9974	531
2026-08-12T15:23:00-04:00	11.0000	10.9974	6831
2026-08-12T15:24:00-04:00	10.9800	10.9974	1101
2026-08-12T15:25:00-04:00	11.0100	10.9974	7627
2026-08-12T15:26:00-04:00	11.0119	10.9974	965
2026-08-12T15:27:00-04:00	11.0200	10.9974	2895
2026-08-12T15:28:00-04:00	11.0000	10.9974	2030
2026-08-12T15:29:00-04:00	11.0300	10.9974	5881
2026-08-12T15:30:00-04:00	11.0100	10.9975	5677
2026-08-12T15:31:00-04:00	11.0120	10.9975	5075
2026-08-12T15:32:00-04:00	10.9900	10.9975	11143
2026-08-12T15:33:00-04:00	10.9650	10.9975	1995
2026-08-12T15:34:00-04:00	10.9500	10.9974	24950
2026-08-12T15:35:00-04:00	10.9800	10.9973	13600
2026-08-12T15:36:00-04:00	10.9800	10.9973	3054
2026-08-12T15:37:00-04:00	10.9800	10.9973	2467
2026-08-12T15:38:00-04:00	10.9800	10.9973	3324
2026-08-12T15:39:00-04:00	10.9550	10.9973	4225
2026-08-12T15:40:00-04:00	10.9500	10.9973	6349
2026-08-12T15:41:00-04:00	10.9600	10.9972	7102
2026-08-12T15:42:00-04:00	10.9200	10.9971	16445
2026-08-12T15:43:00-04:00	10.9450	10.9971	7028
2026-08-12T15:44:00-04:00	10.9550	10.9971	1962
2026-08-12T15:45:00-04:00	10.9700	10.9971	5294
2026-08-12T15:46:00-04:00	10.9500	10.9970	10170
2026-08-12T15:47:00-04:00	10.9750	10.9970	12529
2026-08-12T15:48:00-04:00	10.9700	10.9970	32969
2026-08-12T15:49:00-04:00	10.9850	10.9969	8824
2026-08-12T15:50:00-04:00	11.0250	10.9970	30833
2026-08-12T15:51:00-04:00	10.9700	10.9970	15326
2026-08-12T15:52:00-04:00	10.9900	10.9970	56756
2026-08-12T15:53:00-04:00	11.0500	10.9970	17278
2026-08-12T15:54:00-04:00	11.0700	10.9971	2296
2026-08-12T15:55:00-04:00	11.0000	10.9971	15266
2026-08-12T15:56:00-04:00	11.1200	10.9973	21787
2026-08-12T15:57:00-04:00	11.1000	10.9976	27478
2026-08-12T15:58:00-04:00	11.1500	10.9982	54152
2026-08-12T15:59:00-04:00	11.0550	10.9986	55692
2026-08-13T09:30:00-04:00	10.8900	10.8633	31850
2026-08-13T09:31:00-04:00	11.3550	11.0388	27550
2026-08-13T09:32:00-04:00	11.3000	11.1164	21909
2026-08-13T09:33:00-04:00	11.1900	11.1227	6135
2026-08-13T09:34:00-04:00	11.2400	11.1259	2845
2026-08-13T09:35:00-04:00	11.2400	11.1287	2205
2026-08-13T09:36:00-04:00	11.3225	11.1306	1138
2026-08-13T09:37:00-04:00	11.3050	11.1539	13019
2026-08-13T09:38:00-04:00	11.4000	11.1668	7151
2026-08-13T09:39:00-04:00	11.3725	11.1827	11390
2026-08-13T09:40:00-04:00	11.5500	11.2081	11006
2026-08-13T09:41:00-04:00	11.5200	11.2272	9204
2026-08-13T09:42:00-04:00	11.5300	11.2511	12856
2026-08-13T09:43:00-04:00	11.4500	11.2633	8689
2026-08-13T09:44:00-04:00	11.4750	11.2858	18572
2026-08-13T09:45:00-04:00	11.4700	11.2908	4664
2026-08-13T09:46:00-04:00	11.4650	11.2940	3864
2026-08-13T09:47:00-04:00	11.5200	11.3002	8458
2026-08-13T09:48:00-04:00	11.4730	11.3119	14688
2026-08-13T09:49:00-04:00	11.4500	11.3133	2170
2026-08-13T09:50:00-04:00	11.4500	11.3309	28490
2026-08-13T09:51:00-04:00	11.4900	11.3344	6304
2026-08-13T09:52:00-04:00	11.4450	11.3369	5207
2026-08-13T09:53:00-04:00	11.5000	11.3412	8442
2026-08-13T09:54:00-04:00	11.5701	11.3490	10022
2026-08-13T09:55:00-04:00	11.5900	11.3548	7087
2026-08-13T09:56:00-04:00	11.6242	11.3589	4897
2026-08-13T09:57:00-04:00	11.5100	11.3630	7041
2026-08-13T09:58:00-04:00	11.4550	11.3640	3494
2026-08-13T09:59:00-04:00	11.4900	11.3660	5526
2026-08-13T10:00:00-04:00	11.5200	11.3688	5423
2026-08-13T10:01:00-04:00	11.5076	11.3733	9499
2026-08-13T10:02:00-04:00	11.5350	11.3809	15012
2026-08-13T10:03:00-04:00	11.6700	11.3920	15423
2026-08-13T10:04:00-04:00	11.8000	11.4166	24978
2026-08-13T10:05:00-04:00	11.8100	11.4522	35802
2026-08-13T10:06:00-04:00	11.6731	11.4618	15837
2026-08-13T10:07:00-04:00	11.6700	11.4709	18294
2026-08-13T10:08:00-04:00	11.5800	11.4737	8279
2026-08-13T10:09:00-04:00	11.5997	11.4746	3375
2026-08-13T10:10:00-04:00	11.5348	11.5210	466929
2026-08-13T10:11:00-04:00	11.5500	11.5211	4684
2026-08-13T10:12:00-04:00	11.5100	11.5210	20903
2026-08-13T10:13:00-04:00	11.5050	11.5209	4561
2026-08-13T10:14:00-04:00	11.4400	11.5207	3992
2026-08-13T10:15:00-04:00	11.4899	11.5205	3354
2026-08-13T10:16:00-04:00	11.5200	11.5204	5845
2026-08-13T10:17:00-04:00	11.5750	11.5206	7046
2026-08-13T10:18:00-04:00	11.5100	11.5207	9367
2026-08-13T10:19:00-04:00	11.4250	11.5204	3682
2026-08-13T10:20:00-04:00	11.4300	11.5200	3387
2026-08-13T10:21:00-04:00	11.5000	11.5196	10571
2026-08-13T10:22:00-04:00	11.5460	11.5196	3864
2026-08-13T10:23:00-04:00	11.5350	11.5200	9574
2026-08-13T10:24:00-04:00	11.5500	11.5201	2436
2026-08-13T10:25:00-04:00	11.5550	11.5203	7627
2026-08-13T10:26:00-04:00	11.5100	11.5203	1662
2026-08-13T10:27:00-04:00	11.5000	11.5202	3611
2026-08-13T10:28:00-04:00	11.4750	11.5202	1117
2026-08-13T10:29:00-04:00	11.4700	11.5199	7261
2026-08-13T10:30:00-04:00	11.3650	11.5191	6565
2026-08-13T10:31:00-04:00	11.3800	11.5174	11602
2026-08-13T10:32:00-04:00	11.3400	11.5166	5219
2026-08-13T10:33:00-04:00	11.3250	11.5151	8405
2026-08-13T10:34:00-04:00	11.3100	11.5142	5323
2026-08-13T10:35:00-04:00	11.3650	11.5119	14395
2026-08-13T10:36:00-04:00	11.3400	11.5116	1977
2026-08-13T10:37:00-04:00	11.2750	11.5112	1960
2026-08-13T10:38:00-04:00	11.2400	11.5108	1644
2026-08-13T10:39:00-04:00	11.2600	11.5076	15289
2026-08-13T10:40:00-04:00	11.2800	11.5063	6010
2026-08-13T10:41:00-04:00	11.2800	11.5024	20031
2026-08-13T10:42:00-04:00	11.2800	11.5023	861
2026-08-13T10:43:00-04:00	11.3000	11.5015	4125
2026-08-13T10:44:00-04:00	11.2800	11.5010	2536
2026-08-13T10:45:00-04:00	11.2741	11.5006	1914
2026-08-13T10:46:00-04:00	11.2800	11.4996	5305
2026-08-13T10:47:00-04:00	11.2600	11.4981	7476
2026-08-13T10:48:00-04:00	11.3400	11.4966	9274
2026-08-13T10:49:00-04:00	11.3150	11.4961	3267
2026-08-13T10:50:00-04:00	11.2850	11.4957	2612
2026-08-13T10:51:00-04:00	11.2450	11.4950	3284
2026-08-13T10:52:00-04:00	11.2350	11.4940	4572
2026-08-13T10:53:00-04:00	11.2300	11.4936	1918
2026-08-13T10:54:00-04:00	11.2300	11.4932	1838
2026-08-13T10:55:00-04:00	11.2300	11.4928	1748
2026-08-13T10:56:00-04:00	11.2200	11.4904	10563
2026-08-13T10:57:00-04:00	11.2050	11.4880	10430
2026-08-13T10:58:00-04:00	11.2600	11.4865	7348
2026-08-13T10:59:00-04:00	11.2300	11.4845	9891
2026-08-13T11:00:00-04:00	11.3050	11.4814	18439
2026-08-13T11:01:00-04:00	11.2799	11.4804	6379
2026-08-13T11:02:00-04:00	11.2100	11.4802	1259
2026-08-13T11:03:00-04:00	11.1500	11.4793	3564
2026-08-13T11:04:00-04:00	11.1135	11.4776	5974
2026-08-13T11:05:00-04:00	11.1250	11.4770	2116
2026-08-13T11:06:00-04:00	11.1100	11.4761	3051
2026-08-13T11:07:00-04:00	11.1000	11.4741	6907
2026-08-13T11:08:00-04:00	11.1050	11.4727	4792
2026-08-13T11:09:00-04:00	11.1100	11.4721	2361
2026-08-13T11:10:00-04:00	11.0800	11.4705	5271
2026-08-13T11:11:00-04:00	11.0900	11.4699	2001
2026-08-13T11:12:00-04:00	11.0350	11.4664	10467
2026-08-13T11:13:00-04:00	11.0200	11.4651	3705
2026-08-13T11:14:00-04:00	11.0000	11.4604	13739
2026-08-13T11:15:00-04:00	10.9900	11.4561	12367
2026-08-13T11:16:00-04:00	10.9714	11.4552	2416
2026-08-13T11:17:00-04:00	10.9900	11.4542	2940
2026-08-13T11:18:00-04:00	10.9720	11.4482	17266
2026-08-13T11:19:00-04:00	10.9700	11.4462	5755
2026-08-13T11:20:00-04:00	10.9500	11.4453	2326
2026-08-13T11:21:00-04:00	10.9236	11.4448	1473
2026-08-13T11:22:00-04:00	10.9400	11.4434	3768
2026-08-13T11:23:00-04:00	10.9600	11.4410	6640
2026-08-13T11:24:00-04:00	10.9500	11.4408	673
2026-08-13T11:25:00-04:00	10.9600	11.4404	1102
2026-08-13T11:26:00-04:00	10.9700	11.4385	5568
2026-08-13T11:27:00-04:00	11.0000	11.4354	9503
2026-08-13T11:28:00-04:00	11.0080	11.4293	19913
2026-08-13T11:29:00-04:00	10.9950	11.4290	1075
2026-08-13T11:30:00-04:00	10.9950	11.4272	5651
2026-08-13T11:31:00-04:00	11.0400	11.4256	5993
2026-08-13T11:32:00-04:00	11.0250	11.4247	3099
2026-08-13T11:33:00-04:00	11.0850	11.4229	7549
2026-08-13T11:34:00-04:00	11.0899	11.4211	7255
2026-08-13T11:35:00-04:00	11.0700	11.4209	782
2026-08-13T11:36:00-04:00	11.0600	11.4204	2105
2026-08-13T11:37:00-04:00	11.1200	11.4184	9128
2026-08-13T11:38:00-04:00	11.1264	11.4180	1935
2026-08-13T11:39:00-04:00	11.1350	11.4173	3633
2026-08-13T11:40:00-04:00	11.1200	11.4169	1885
2026-08-13T11:41:00-04:00	11.1500	11.4161	4448
2026-08-13T11:42:00-04:00	11.1600	11.4153	4764
2026-08-13T11:43:00-04:00	11.1500	11.4147	3455
2026-08-13T11:44:00-04:00	11.1200	11.4144	1590
2026-08-13T11:45:00-04:00	11.1000	11.4141	1264
2026-08-13T11:46:00-04:00	11.1000	11.4136	2520
2026-08-13T11:47:00-04:00	11.0650	11.4128	3538
2026-08-13T11:48:00-04:00	11.0700	11.4107	8958
2026-08-13T11:49:00-04:00	11.0750	11.4103	1862
2026-08-13T11:50:00-04:00	11.0700	11.4098	2111
2026-08-13T11:51:00-04:00	11.0400	11.4095	1228
2026-08-13T11:52:00-04:00	11.0464	11.4092	1430
2026-08-13T11:53:00-04:00	11.0300	11.4085	2555
2026-08-13T11:54:00-04:00	11.0400	11.4078	2690
2026-08-13T11:55:00-04:00	11.0200	11.4076	938
2026-08-13T11:56:00-04:00	11.0100	11.4067	3531
2026-08-13T11:57:00-04:00	11.0100	11.4057	3885
2026-08-13T11:58:00-04:00	10.9900	11.4049	2855
2026-08-13T11:59:00-04:00	10.9700	11.4019	10820
2026-08-13T12:00:00-04:00	10.9700	11.4012	2289
2026-08-13T12:01:00-04:00	10.9800	11.4008	1669
2026-08-13T12:02:00-04:00	10.9800	11.4003	1710
2026-08-13T12:03:00-04:00	10.9600	11.3981	7627
2026-08-13T12:04:00-04:00	10.9500	11.3978	952
2026-08-13T12:05:00-04:00	10.9400	11.2064	1084137
2026-08-13T12:06:00-04:00	10.9600	11.2058	6226
2026-08-13T12:07:00-04:00	10.9400	11.2054	4694
2026-08-13T12:08:00-04:00	10.9281	11.2051	2110
2026-08-13T12:09:00-04:00	10.8800	11.2036	13032
2026-08-13T12:10:00-04:00	10.8800	11.2033	2651
2026-08-13T12:11:00-04:00	10.8881	11.2031	1147
2026-08-13T12:12:00-04:00	10.8800	11.2023	6892
2026-08-13T12:13:00-04:00	10.8750	11.2021	1838
2026-08-13T12:14:00-04:00	10.8450	11.1968	40122
2026-08-13T12:15:00-04:00	10.8350	11.1908	48648
2026-08-13T12:16:00-04:00	10.7700	11.1891	11304
2026-08-13T12:17:00-04:00	10.7750	11.1875	11214
2026-08-13T12:18:00-04:00	10.7700	11.1863	8005
2026-08-13T12:19:00-04:00	10.7900	11.1859	2272
2026-08-13T12:20:00-04:00	10.7920	11.1827	23005
2026-08-13T12:21:00-04:00	10.8400	11.1788	31476
2026-08-13T12:22:00-04:00	10.8300	11.1787	1041
2026-08-13T12:23:00-04:00	10.8200	11.1785	1361
2026-08-13T12:24:00-04:00	10.8750	11.1774	9870
2026-08-13T12:25:00-04:00	10.9050	11.1765	8701
2026-08-13T12:26:00-04:00	10.9750	11.1738	34705
2026-08-13T12:27:00-04:00	10.9542	11.1737	1471
2026-08-13T12:28:00-04:00	10.9899	11.1733	7222
2026-08-13T12:29:00-04:00	11.0050	11.1730	4987
2026-08-13T12:30:00-04:00	10.9950	11.1728	1985
2026-08-13T12:31:00-04:00	10.9800	11.1728	1378
2026-08-13T12:32:00-04:00	10.9400	11.1726	2315
2026-08-13T12:33:00-04:00	10.9550	11.1724	2320
2026-08-13T12:34:00-04:00	10.9800	11.1719	7554
2026-08-13T12:35:00-04:00	11.0100	11.1717	3031
2026-08-13T12:36:00-04:00	11.0100	11.1714	4949
2026-08-13T12:38:00-04:00	11.0850	11.1711	8362
2026-08-13T12:39:00-04:00	11.0900	11.1709	7853
2026-08-13T12:40:00-04:00	11.0800	11.1708	4727
2026-08-13T12:41:00-04:00	11.0700	11.1707	1474
2026-08-13T12:42:00-04:00	11.0400	11.1705	5556
2026-08-13T12:44:00-04:00	11.0490	11.1703	3551
2026-08-13T12:45:00-04:00	11.0600	11.1702	3073
2026-08-13T12:46:00-04:00	11.0900	11.1702	2268
2026-08-13T12:47:00-04:00	11.0900	11.1701	3787
2026-08-13T12:48:00-04:00	11.1150	11.1699	6022
2026-08-13T12:49:00-04:00	11.1000	11.1699	1640
2026-08-13T12:50:00-04:00	11.1300	11.1699	361
2026-08-13T12:51:00-04:00	11.1100	11.1699	1931
2026-08-13T12:52:00-04:00	11.1000	11.1698	1395
2026-08-13T12:53:00-04:00	11.1100	11.1698	989
2026-08-13T12:54:00-04:00	11.1200	11.1698	3240
2026-08-13T12:55:00-04:00	11.1200	11.1697	593
2026-08-13T12:56:00-04:00	11.1150	11.1697	502
2026-08-13T12:57:00-04:00	11.1050	11.1697	1978
2026-08-13T12:58:00-04:00	11.1000	11.1489	1466859
2026-08-13T12:59:00-04:00	11.0550	11.1488	6835
2026-08-13T13:00:00-04:00	11.0300	11.1487	4834
2026-08-13T13:01:00-04:00	10.9920	11.1483	12404
2026-08-13T13:02:00-04:00	11.0320	11.1479	10505
2026-08-13T13:03:00-04:00	11.0200	11.1479	2682
2026-08-13T13:04:00-04:00	11.0188	11.1475	13916
2026-08-13T13:05:00-04:00	11.0100	11.1466	28032
2026-08-13T13:06:00-04:00	11.0500	11.1464	10082
2026-08-13T13:07:00-04:00	11.0550	11.1464	595
2026-08-13T13:08:00-04:00	11.0550	11.1464	228
2026-08-13T13:09:00-04:00	11.0600	11.1464	1066
2026-08-13T13:10:00-04:00	11.0500	11.1463	2046
2026-08-13T13:11:00-04:00	11.0200	11.1462	2419
2026-08-13T13:12:00-04:00	11.0400	11.1165	1567069
2026-08-13T13:13:00-04:00	11.0350	11.1165	1328
2026-08-13T13:14:00-04:00	11.0600	11.1164	4630
2026-08-13T13:15:00-04:00	11.0700	11.1164	153
2026-08-13T13:16:00-04:00	11.1300	11.1164	8124
2026-08-13T13:17:00-04:00	11.1300	11.1164	1377
2026-08-13T13:18:00-04:00	11.1050	11.1164	2465
2026-08-13T13:19:00-04:00	11.0850	11.1164	6476
2026-08-13T13:20:00-04:00	11.0800	11.1163	3883
2026-08-13T13:21:00-04:00	11.0800	11.1163	320
2026-08-13T13:22:00-04:00	11.1000	11.1163	4659
2026-08-13T13:23:00-04:00	11.0800	11.1163	1997
2026-08-13T13:24:00-04:00	11.1000	11.1163	2159
2026-08-13T13:25:00-04:00	11.1100	11.1163	209
2026-08-13T13:26:00-04:00	11.1100	11.1163	2968
2026-08-13T13:27:00-04:00	11.1100	11.1163	1700
2026-08-13T13:28:00-04:00	11.1200	11.1163	1064
2026-08-13T13:29:00-04:00	11.1200	11.1163	3718
2026-08-13T13:30:00-04:00	11.1300	11.1163	3105
2026-08-13T13:31:00-04:00	11.1400	11.1163	381
2026-08-13T13:32:00-04:00	11.1400	11.1163	1899
2026-08-13T13:33:00-04:00	11.1390	11.1164	11151
2026-08-13T13:34:00-04:00	11.1250	11.1164	3488
2026-08-13T13:35:00-04:00	11.1300	11.1164	2180
2026-08-13T13:36:00-04:00	11.1450	11.1164	6432
2026-08-13T13:37:00-04:00	11.1300	11.1164	1818
2026-08-13T13:38:00-04:00	11.1200	11.1164	4330
2026-08-13T13:39:00-04:00	11.1481	11.1164	7269
2026-08-13T13:40:00-04:00	11.1500	11.1164	469
2026-08-13T13:41:00-04:00	11.1400	11.1165	5407
2026-08-13T13:42:00-04:00	11.1200	11.1165	2588
2026-08-13T13:43:00-04:00	11.1250	11.1165	2157
2026-08-13T13:44:00-04:00	11.1275	11.1165	1700
2026-08-13T13:45:00-04:00	11.1400	11.1165	6359
2026-08-13T13:46:00-04:00	11.1500	11.1165	6531
2026-08-13T13:47:00-04:00	11.1600	11.1166	2813
2026-08-13T13:48:00-04:00	11.1800	11.1166	3560
2026-08-13T13:49:00-04:00	11.1500	11.1166	3517
2026-08-13T13:50:00-04:00	11.1550	11.1166	1384
2026-08-13T13:51:00-04:00	11.1400	11.1166	3341
2026-08-13T13:52:00-04:00	11.1400	11.1166	517
2026-08-13T13:53:00-04:00	11.1500	11.1166	277
2026-08-13T13:54:00-04:00	11.1500	11.1167	5419
2026-08-13T13:56:00-04:00	11.1500	11.1167	3966
2026-08-13T13:57:00-04:00	11.1654	11.1167	6101
2026-08-13T13:58:00-04:00	11.1800	11.1168	6517
2026-08-13T13:59:00-04:00	11.1700	11.1168	5229
2026-08-13T14:00:00-04:00	11.1700	11.1168	804
2026-08-13T14:01:00-04:00	11.1800	11.1169	2505
2026-08-13T14:02:00-04:00	11.2200	11.1170	11464
2026-08-13T14:03:00-04:00	11.2450	11.1172	7997
2026-08-13T14:05:00-04:00	11.2400	11.1172	2538
2026-08-13T14:06:00-04:00	11.2500	11.1173	4420
2026-08-13T14:07:00-04:00	11.2400	11.1175	6059
2026-08-13T14:08:00-04:00	11.2300	11.1175	4346
2026-08-13T14:09:00-04:00	11.2300	11.1176	1183
2026-08-13T14:10:00-04:00	11.2300	11.1176	3279
2026-08-13T14:11:00-04:00	11.2100	11.1177	3191
2026-08-13T14:12:00-04:00	11.2150	11.1177	815
2026-08-13T14:13:00-04:00	11.2100	11.1177	2268
2026-08-13T14:14:00-04:00	11.2150	11.1177	579
2026-08-13T14:15:00-04:00	11.2200	11.1178	4853
2026-08-13T14:16:00-04:00	11.2200	11.1178	848
2026-08-13T14:17:00-04:00	11.2200	11.1178	1334
2026-08-13T14:18:00-04:00	11.2400	11.1180	9202
2026-08-13T14:19:00-04:00	11.2400	11.1181	2884
2026-08-13T14:20:00-04:00	11.2400	11.1181	2012
2026-08-13T14:21:00-04:00	11.2400	11.1181	1745
2026-08-13T14:22:00-04:00	11.2500	11.1182	4758
2026-08-13T14:23:00-04:00	11.2850	11.1185	11435
2026-08-13T14:24:00-04:00	11.2750	11.1187	6134
2026-08-13T14:25:00-04:00	11.2750	11.1187	1709
2026-08-13T14:26:00-04:00	11.2750	11.1188	2954
2026-08-13T14:27:00-04:00	11.2600	11.1188	1538
2026-08-13T14:28:00-04:00	11.2900	11.1189	3590
2026-08-13T14:29:00-04:00	11.3000	11.1191	6546
2026-08-13T14:30:00-04:00	11.3200	11.1193	6486
2026-08-13T14:31:00-04:00	11.3300	11.1195	5534
2026-08-13T14:32:00-04:00	11.3300	11.1199	15344
2026-08-13T14:33:00-04:00	11.3250	11.1200	2141
2026-08-13T14:34:00-04:00	11.3300	11.1209	27280
2026-08-13T14:35:00-04:00	11.3250	11.1214	14768
2026-08-13T14:36:00-04:00	11.3240	11.1216	8389
2026-08-13T14:37:00-04:00	11.3300	11.1217	863
2026-08-13T14:38:00-04:00	11.3300	11.1219	5884
2026-08-13T14:39:00-04:00	11.3400	11.1219	2761
2026-08-13T14:40:00-04:00	11.3200	11.1220	1098
2026-08-13T14:41:00-04:00	11.3150	11.1221	4237
2026-08-13T14:42:00-04:00	11.3064	11.1225	15458
2026-08-13T14:43:00-04:00	11.3199	11.1227	6962
2026-08-13T14:44:00-04:00	11.3390	11.1235	23957
2026-08-13T14:45:00-04:00	11.3650	11.1239	10599
2026-08-13T14:46:00-04:00	11.3600	11.1240	3155
2026-08-13T14:47:00-04:00	11.3100	11.1242	6195
2026-08-13T14:48:00-04:00	11.3100	11.1243	3707
2026-08-13T14:49:00-04:00	11.3500	11.1247	14224
2026-08-13T14:50:00-04:00	11.3800	11.1254	18200
2026-08-13T14:51:00-04:00	11.4050	11.1257	7617
2026-08-13T14:52:00-04:00	11.3800	11.1261	9869
2026-08-13T14:53:00-04:00	11.3850	11.1265	9317
2026-08-13T14:54:00-04:00	11.4100	11.1268	6122
2026-08-13T14:55:00-04:00	11.3950	11.1269	3531
2026-08-13T14:56:00-04:00	11.3950	11.1270	1805
2026-08-13T14:57:00-04:00	11.4050	11.1272	4166
2026-08-13T14:58:00-04:00	11.4200	11.1273	3360
2026-08-13T14:59:00-04:00	11.4300	11.1288	31823
2026-08-13T15:00:00-04:00	11.4400	11.1288	1489
2026-08-13T15:01:00-04:00	11.4100	11.1292	7935
2026-08-13T15:02:00-04:00	11.3900	11.1295	8206
2026-08-13T15:03:00-04:00	11.4100	11.1297	3837
2026-08-13T15:04:00-04:00	11.4100	11.1299	5034
2026-08-13T15:05:00-04:00	11.4250	11.1301	4535
2026-08-13T15:06:00-04:00	11.4100	11.1303	5274
2026-08-13T15:07:00-04:00	11.4200	11.1304	2489
2026-08-13T15:08:00-04:00	11.4100	11.1307	7267
2026-08-13T15:09:00-04:00	11.4100	11.1310	6684
2026-08-13T15:10:00-04:00	11.4100	11.1311	2290
2026-08-13T15:11:00-04:00	11.4100	11.1316	12455
2026-08-13T15:12:00-04:00	11.4200	11.1318	4970
2026-08-13T15:13:00-04:00	11.4100	11.1322	8734
2026-08-13T15:14:00-04:00	11.4100	11.1323	2841
2026-08-13T15:15:00-04:00	11.4100	11.1324	1570
2026-08-13T15:16:00-04:00	11.4100	11.1327	8973
2026-08-13T15:17:00-04:00	11.4120	11.1328	1871
2026-08-13T15:18:00-04:00	11.4300	11.1340	28210
2026-08-13T15:19:00-04:00	11.4550	11.1343	6446
2026-08-13T15:20:00-04:00	11.4900	11.1345	3267
2026-08-13T15:21:00-04:00	11.5100	11.1348	6031
2026-08-13T15:22:00-04:00	11.4600	11.1355	14071
2026-08-13T15:23:00-04:00	11.4600	11.1355	549
2026-08-13T15:24:00-04:00	11.4700	11.1356	1179
2026-08-13T15:25:00-04:00	11.4600	11.1361	9516
2026-08-13T15:26:00-04:00	11.4600	11.1372	24147
2026-08-13T15:27:00-04:00	11.4800	11.1374	4169
2026-08-13T15:28:00-04:00	11.4900	11.1381	12948
2026-08-13T15:29:00-04:00	11.5100	11.1383	4921
2026-08-13T15:30:00-04:00	11.4900	11.1388	10069
2026-08-13T15:31:00-04:00	11.4384	11.1397	18689
2026-08-13T15:32:00-04:00	11.4400	11.1400	7029
2026-08-13T15:33:00-04:00	11.4700	11.1404	8137
2026-08-13T15:34:00-04:00	11.5200	11.1411	13486
2026-08-13T15:35:00-04:00	11.5100	11.1414	5701
2026-08-13T15:36:00-04:00	11.5300	11.1416	4334
2026-08-13T15:37:00-04:00	11.5400	11.1427	19370
2026-08-13T15:38:00-04:00	11.5050	11.1439	22012
2026-08-13T15:39:00-04:00	11.4900	11.1448	17739
2026-08-13T15:40:00-04:00	11.4400	11.1454	13787
2026-08-13T15:41:00-04:00	11.4450	11.1460	13780
2026-08-13T15:42:00-04:00	11.4000	11.1467	17087
2026-08-13T15:43:00-04:00	11.3850	11.1471	11886
2026-08-13T15:44:00-04:00	11.3600	11.1474	11032
2026-08-13T15:45:00-04:00	11.3550	11.1477	10867
2026-08-13T15:46:00-04:00	11.3400	11.1479	5561
2026-08-13T15:47:00-04:00	11.3550	11.1489	34625
2026-08-13T15:48:00-04:00	11.3850	11.1495	17738
2026-08-13T15:49:00-04:00	11.3700	11.1502	21941
2026-08-13T15:50:00-04:00	11.3200	11.1520	65714
2026-08-13T15:51:00-04:00	11.3546	11.1524	14141
2026-08-13T15:52:00-04:00	11.3500	11.1529	17729
2026-08-13T15:53:00-04:00	11.3850	11.1535	20003
2026-08-13T15:54:00-04:00	11.4100	11.1541	18461
2026-08-13T15:55:00-04:00	11.5000	11.1560	43422
2026-08-13T15:56:00-04:00	11.5450	11.1584	47885
2026-08-13T15:57:00-04:00	11.5200	11.1611	53685
2026-08-13T15:58:00-04:00	11.5300	11.1639	60937
2026-08-13T15:59:00-04:00	11.5052	11.1688	110394
2026-08-14T09:30:00-04:00	10.2100	10.1400	493573
2026-08-14T09:31:00-04:00	10.2200	10.1403	1682
2026-08-14T09:32:00-04:00	10.4800	10.1586	30499
2026-08-14T09:33:00-04:00	10.2350	10.1634	13575
2026-08-14T09:34:00-04:00	10.2403	10.2104	363797
2026-08-14T09:35:00-04:00	10.0100	10.2030	86195
2026-08-14T09:36:00-04:00	9.9900	10.1926	57078
2026-08-14T09:37:00-04:00	9.7550	10.1542	116455
2026-08-14T09:38:00-04:00	9.7850	10.1415	40701
2026-08-14T09:39:00-04:00	9.9919	10.1240	100855
2026-08-14T09:40:00-04:00	9.9500	10.1207	24527
2026-08-14T09:41:00-04:00	10.0450	10.1187	26424
2026-08-14T09:42:00-04:00	10.0500	10.1174	17679
2026-08-14T09:43:00-04:00	9.9400	10.1164	9105
2026-08-14T09:44:00-04:00	9.8400	10.1136	14964
2026-08-14T09:45:00-04:00	9.7400	10.1068	27418
2026-08-14T09:46:00-04:00	9.8000	10.1011	25484
2026-08-14T09:47:00-04:00	9.9100	10.0991	13007
2026-08-14T09:48:00-04:00	9.7700	10.0977	7427
2026-08-14T09:49:00-04:00	9.6600	10.0928	18462
2026-08-14T09:50:00-04:00	9.7300	10.0803	48959
2026-08-14T09:51:00-04:00	9.8700	10.0793	6379
2026-08-14T09:52:00-04:00	9.8700	10.0761	25150
2026-08-14T09:53:00-04:00	9.8400	10.0753	5924
2026-08-14T09:54:00-04:00	9.8800	10.0747	4531
2026-08-14T09:55:00-04:00	9.7950	10.0660	52967
2026-08-14T09:56:00-04:00	9.8260	10.0592	41240
2026-08-14T09:57:00-04:00	9.9000	10.0576	15030
2026-08-14T09:58:00-04:00	10.0000	10.0562	30669
2026-08-14T09:59:00-04:00	10.0200	10.0553	23662
2026-08-14T10:00:00-04:00	10.3550	10.0641	94363
2026-08-14T10:01:00-04:00	10.2200	10.0717	71094
2026-08-14T10:02:00-04:00	10.2400	10.0769	63250
2026-08-14T10:03:00-04:00	10.2400	10.0786	20628
2026-08-14T10:04:00-04:00	10.2350	10.0817	39479
2026-08-14T10:05:00-04:00	10.3000	10.0874	54452
2026-08-14T10:06:00-04:00	10.3500	10.0914	31768
2026-08-14T10:07:00-04:00	10.3400	10.0947	26856
2026-08-14T10:08:00-04:00	10.4100	10.0973	20918
2026-08-14T10:09:00-04:00	10.2650	10.1026	52433
2026-08-14T10:10:00-04:00	10.2600	10.1030	5966
2026-08-14T10:11:00-04:00	10.3100	10.1049	21851
2026-08-14T10:12:00-04:00	10.2657	10.1062	16796
2026-08-14T10:13:00-04:00	10.2650	10.1079	23888
2026-08-14T10:14:00-04:00	10.2150	10.1085	11665
2026-08-14T10:15:00-04:00	10.2600	10.1093	13324
2026-08-14T10:16:00-04:00	10.3671	10.1103	10715
2026-08-14T10:17:00-04:00	10.3850	10.1176	64011
2026-08-14T10:18:00-04:00	10.2250	10.1199	36378
2026-08-14T10:19:00-04:00	10.2700	10.1210	19660
2026-08-14T10:20:00-04:00	10.2900	10.1213	4444
2026-08-14T10:21:00-04:00	10.3199	10.1221	10807
2026-08-14T10:22:00-04:00	10.2900	10.1230	12697
2026-08-14T10:23:00-04:00	10.2700	10.1246	25176
2026-08-14T10:24:00-04:00	10.2000	10.1257	35000
2026-08-14T10:25:00-04:00	10.2150	10.1261	15359
2026-08-14T10:26:00-04:00	10.2100	10.1265	14703
2026-08-14T10:27:00-04:00	10.2399	10.1267	4048
2026-08-14T10:28:00-04:00	10.1400	10.1268	6209
2026-08-14T10:29:00-04:00	10.1600	10.1269	14292
2026-08-14T10:30:00-04:00	10.1000	10.1269	19461
2026-08-14T10:31:00-04:00	10.1322	10.1269	9947
2026-08-14T10:32:00-04:00	10.1400	10.1270	5715
2026-08-14T10:33:00-04:00	10.0900	10.1269	8329
2026-08-14T10:34:00-04:00	10.1164	10.1268	8658
2026-08-14T10:35:00-04:00	10.1130	10.1266	18422
2026-08-14T10:36:00-04:00	10.0850	10.1266	2327
2026-08-14T10:37:00-04:00	10.0900	10.1265	10157
2026-08-14T10:38:00-04:00	10.0750	10.1264	3485
2026-08-14T10:39:00-04:00	10.1650	10.1265	12496
2026-08-14T10:40:00-04:00	10.2400	10.1271	17832
2026-08-14T10:41:00-04:00	10.1600	10.1275	18016
2026-08-14T10:42:00-04:00	10.1100	10.1275	6042
2026-08-14T10:43:00-04:00	10.1300	10.1274	10727
2026-08-14T10:44:00-04:00	10.2000	10.1276	10273
2026-08-14T10:45:00-04:00	10.1900	10.1290	50120
2026-08-14T10:46:00-04:00	10.1500	10.1290	1191
2026-08-14T10:47:00-04:00	10.0400	10.1285	28925
2026-08-14T10:48:00-04:00	10.0400	10.1284	4729
2026-08-14T10:49:00-04:00	10.0300	10.1281	8789
2026-08-14T10:50:00-04:00	9.9700	10.1276	11474
2026-08-14T10:51:00-04:00	9.9750	10.1271	8992
2026-08-14T10:52:00-04:00	10.0100	10.1267	9025
2026-08-14T10:53:00-04:00	10.0150	10.1261	16437
2026-08-14T10:54:00-04:00	10.0750	10.1249	42778
2026-08-14T10:55:00-04:00	10.1400	10.1249	6585
2026-08-14T10:56:00-04:00	10.0150	10.1245	16221
2026-08-14T10:57:00-04:00	10.1400	10.1245	5763
2026-08-14T10:58:00-04:00	10.1450	10.1248	26621
2026-08-14T10:59:00-04:00	10.1065	10.1247	10674
2026-08-14T11:00:00-04:00	10.0800	10.1246	4131
2026-08-14T11:01:00-04:00	10.0500	10.1245	4605
2026-08-14T11:02:00-04:00	10.0500	10.1244	3432
2026-08-14T11:03:00-04:00	10.0215	10.1241	8098
2026-08-14T11:04:00-04:00	9.9900	10.1239	6837
2026-08-14T11:05:00-04:00	10.0600	10.1224	46129
2026-08-14T11:06:00-04:00	10.0900	10.1223	12472
2026-08-14T11:07:00-04:00	10.2000	10.1224	6769
2026-08-14T11:08:00-04:00	10.1600	10.1227	18612
2026-08-14T11:09:00-04:00	10.2050	10.1229	11189
2026-08-14T11:10:00-04:00	10.1850	10.1232	12164
2026-08-14T11:11:00-04:00	10.2150	10.1240	21770
2026-08-14T11:12:00-04:00	10.2500	10.1248	28623
2026-08-14T11:13:00-04:00	10.2800	10.1254	11945
2026-08-14T11:14:00-04:00	10.2928	10.1263	17576
2026-08-14T11:15:00-04:00	10.2900	10.1268	8753
2026-08-14T11:16:00-04:00	10.3100	10.1275	13610
2026-08-14T11:17:00-04:00	10.2700	10.1280	9537
2026-08-14T11:18:00-04:00	10.2500	10.1283	9552
2026-08-14T11:19:00-04:00	10.2700	10.1285	4043
2026-08-14T11:20:00-04:00	10.2500	10.1289	9996
2026-08-14T11:21:00-04:00	10.2600	10.1292	6367
2026-08-14T11:22:00-04:00	10.1651	10.1296	21697
2026-08-14T11:23:00-04:00	10.1900	10.1298	11641
2026-08-14T11:24:00-04:00	10.1400	10.1299	5021
2026-08-14T11:25:00-04:00	10.1550	10.1299	4785
2026-08-14T11:26:00-04:00	10.1400	10.1299	3735
2026-08-14T11:27:00-04:00	10.0800	10.1297	22573
2026-08-14T11:28:00-04:00	10.0100	10.1293	12812
2026-08-14T11:29:00-04:00	10.0100	10.1290	6421
2026-08-14T11:30:00-04:00	9.9781	10.1286	10110
2026-08-14T11:31:00-04:00	9.9481	10.1243	72361
2026-08-14T11:32:00-04:00	9.9600	10.1236	13321
2026-08-14T11:33:00-04:00	9.9200	10.1229	13150
2026-08-14T11:34:00-04:00	9.9400	10.1225	8053
2026-08-14T11:35:00-04:00	9.9700	10.1221	7476
2026-08-14T11:36:00-04:00	9.9550	10.1218	6522
2026-08-14T11:37:00-04:00	9.9850	10.1214	11506
2026-08-14T11:38:00-04:00	9.9780	10.1210	9002
2026-08-14T11:39:00-04:00	9.9876	10.1202	19763
2026-08-14T11:40:00-04:00	10.0500	10.1200	6671
2026-08-14T11:41:00-04:00	10.0900	10.1199	8467
2026-08-14T11:42:00-04:00	10.0900	10.1195	42456
2026-08-14T11:43:00-04:00	10.0900	10.1195	4171
2026-08-14T11:44:00-04:00	10.0463	10.1193	12634
2026-08-14T11:45:00-04:00	10.0500	10.1192	5621
2026-08-14T11:46:00-04:00	10.1150	10.1185	134946
2026-08-14T11:47:00-04:00	10.0800	10.1185	7065
2026-08-14T11:48:00-04:00	10.0200	10.1184	3814
2026-08-14T11:49:00-04:00	9.9748	10.1180	11032
2026-08-14T11:50:00-04:00	9.9700	10.1177	8841
2026-08-14T11:51:00-04:00	9.9700	10.1171	13740
2026-08-14T11:52:00-04:00	10.0100	10.1170	5550
2026-08-14T11:53:00-04:00	9.9900	10.1168	6278
2026-08-14T11:54:00-04:00	10.0173	10.1167	4629
2026-08-14T11:55:00-04:00	10.0300	10.1166	2268
2026-08-14T11:56:00-04:00	10.0600	10.1166	2968
2026-08-14T11:57:00-04:00	10.0850	10.1165	2503
2026-08-14T11:58:00-04:00	10.1100	10.1165	6703
2026-08-14T11:59:00-04:00	10.1150	10.1165	3538
2026-08-14T12:00:00-04:00	10.1300	10.1165	2013
2026-08-14T12:01:00-04:00	10.1350	10.1165	960
2026-08-14T12:02:00-04:00	10.1100	10.1166	21843
2026-08-14T12:03:00-04:00	10.1200	10.1166	2189
2026-08-14T12:04:00-04:00	10.1600	10.1167	10526
2026-08-14T12:05:00-04:00	10.2000	10.1173	32395
2026-08-14T12:06:00-04:00	10.1350	10.1175	23062
2026-08-14T12:07:00-04:00	10.1500	10.1176	8256
2026-08-14T12:08:00-04:00	10.1800	10.1176	1477
2026-08-14T12:09:00-04:00	10.1600	10.1177	3534
2026-08-14T12:10:00-04:00	10.1600	10.1177	2109
2026-08-14T12:11:00-04:00	10.1650	10.1177	1897
2026-08-14T12:12:00-04:00	10.1800	10.1177	1649
2026-08-14T12:13:00-04:00	10.1700	10.1178	4419
2026-08-14T12:14:00-04:00	10.1800	10.1178	2745
2026-08-14T12:15:00-04:00	10.1800	10.1178	1083
2026-08-14T12:16:00-04:00	10.2100	10.1180	8673
2026-08-14T12:17:00-04:00	10.1850	10.1183	14104
2026-08-14T12:18:00-04:00	10.1850	10.1183	2601
2026-08-14T12:19:00-04:00	10.1650	10.1184	8694
2026-08-14T12:20:00-04:00	10.1950	10.1185	4484
2026-08-14T12:21:00-04:00	10.2399	10.1190	15848
2026-08-14T12:22:00-04:00	10.1950	10.1191	3996
2026-08-14T12:23:00-04:00	10.1650	10.1192	6594
2026-08-14T12:24:00-04:00	10.1900	10.1192	5920
2026-08-14T12:25:00-04:00	10.2000	10.1193	3688
2026-08-14T12:26:00-04:00	10.2350	10.1194	2961
2026-08-14T12:27:00-04:00	10.2300	10.1194	1514
2026-08-14T12:28:00-04:00	10.2300	10.1201	23148
2026-08-14T12:29:00-04:00	10.2000	10.1202	3326
2026-08-14T12:30:00-04:00	10.2000	10.1203	5314
2026-08-14T12:31:00-04:00	10.1750	10.1204	6719
2026-08-14T12:32:00-04:00	10.1650	10.1205	2964
2026-08-14T12:33:00-04:00	10.1750	10.1206	7518
2026-08-14T12:34:00-04:00	10.1800	10.1206	1931
2026-08-14T12:35:00-04:00	10.2400	10.1208	7633
2026-08-14T12:36:00-04:00	10.2250	10.1208	1132
2026-08-14T12:37:00-04:00	10.2200	10.1209	2210
2026-08-14T12:38:00-04:00	10.2150	10.1210	5069
2026-08-14T12:39:00-04:00	10.2850	10.1214	12006
2026-08-14T12:40:00-04:00	10.2200	10.1217	9020
2026-08-14T12:41:00-04:00	10.1800	10.1218	7469
2026-08-14T12:42:00-04:00	10.1650	10.1218	1777
2026-08-14T12:43:00-04:00	10.1800	10.1219	2792
2026-08-14T12:44:00-04:00	10.1879	10.1219	562
2026-08-14T12:45:00-04:00	10.1300	10.1220	23594
2026-08-14T12:46:00-04:00	10.1300	10.1220	1304
2026-08-14T12:47:00-04:00	10.1000	10.1220	9924
2026-08-14T12:48:00-04:00	10.1050	10.1219	8999
2026-08-14T12:49:00-04:00	10.0850	10.1219	2176
2026-08-14T12:50:00-04:00	10.1150	10.1219	8204
2026-08-14T12:51:00-04:00	10.1100	10.1219	1667
2026-08-14T12:52:00-04:00	10.2000	10.1221	11796
2026-08-14T12:53:00-04:00	10.2300	10.1221	2748
2026-08-14T12:54:00-04:00	10.2150	10.1222	5313
2026-08-14T12:55:00-04:00	10.2200	10.1223	1682
2026-08-14T12:56:00-04:00	10.2300	10.1227	19361
2026-08-14T12:57:00-04:00	10.2300	10.1228	2802
2026-08-14T12:58:00-04:00	10.2300	10.1229	5659
2026-08-14T12:59:00-04:00	10.2500	10.1230	3265
2026-08-14T13:00:00-04:00	10.2700	10.1235	14631
2026-08-14T13:01:00-04:00	10.2650	10.1242	19398
2026-08-14T13:02:00-04:00	10.2500	10.1245	10849
2026-08-14T13:03:00-04:00	10.2300	10.1248	10316
2026-08-14T13:04:00-04:00	10.2500	10.1249	3191
2026-08-14T13:05:00-04:00	10.2600	10.1257	26621
2026-08-14T13:06:00-04:00	10.3100	10.1272	37230
2026-08-14T13:07:00-04:00	10.4550	10.1305	50886
2026-08-14T13:08:00-04:00	10.5300	10.1329	27306
2026-08-14T13:09:00-04:00	10.5500	10.1336	7425
2026-08-14T13:10:00-04:00	10.6700	10.1361	22879
2026-08-14T13:11:00-04:00	10.7000	10.1396	27203
2026-08-14T13:12:00-04:00	10.7400	10.1504	82815
2026-08-14T13:13:00-04:00	10.7800	10.1532	21288
2026-08-14T13:14:00-04:00	10.7600	10.1559	20780
2026-08-14T13:15:00-04:00	10.8150	10.1578	12934
2026-08-14T13:16:00-04:00	10.8500	10.1604	18541
2026-08-14T13:17:00-04:00	10.7700	10.1743	102729
2026-08-14T13:18:00-04:00	10.7600	10.1755	9317
2026-08-14T13:19:00-04:00	10.8700	10.1778	16356
2026-08-14T13:20:00-04:00	10.9300	10.1942	108550
2026-08-14T13:21:00-04:00	10.8950	10.1960	12021
2026-08-14T13:22:00-04:00	10.8950	10.1968	5828
2026-08-14T13:23:00-04:00	10.9250	10.1977	5749
2026-08-14T13:24:00-04:00	10.9300	10.1981	2663
2026-08-14T13:25:00-04:00	10.9400	10.1993	8457
2026-08-14T13:26:00-04:00	10.9400	10.2043	33500
2026-08-14T13:27:00-04:00	10.9300	10.2049	3807
2026-08-14T13:28:00-04:00	10.9200	10.2061	8594
2026-08-14T13:29:00-04:00	10.9750	10.2069	4913
2026-08-14T13:30:00-04:00	10.8900	10.2100	21587
2026-08-14T13:31:00-04:00	10.9099	10.2110	7182
2026-08-14T13:32:00-04:00	11.0750	10.2163	32633
2026-08-14T13:33:00-04:00	11.0800	10.2186	13174
2026-08-14T13:34:00-04:00	11.1350	10.2223	21646
2026-08-14T13:35:00-04:00	11.0935	10.2230	3861
2026-08-14T13:36:00-04:00	11.1400	10.2249	10648
2026-08-14T13:37:00-04:00	11.0900	10.2306	32572
2026-08-14T13:38:00-04:00	11.0001	10.2313	4312
2026-08-14T13:39:00-04:00	11.0700	10.2331	11478
2026-08-14T13:40:00-04:00	11.0600	10.2342	6660
2026-08-14T13:41:00-04:00	11.0678	10.2350	5139
2026-08-14T13:42:00-04:00	11.0500	10.2354	2592
2026-08-14T13:43:00-04:00	10.9700	10.2364	6913
2026-08-14T13:44:00-04:00	11.0100	10.2374	6437
2026-08-14T13:45:00-04:00	11.0300	10.2377	1872
2026-08-14T13:46:00-04:00	11.0200	10.2382	3221
2026-08-14T13:47:00-04:00	11.0001	10.2386	2565
2026-08-14T13:48:00-04:00	10.9800	10.2399	9457
2026-08-14T13:49:00-04:00	10.9000	10.2433	26579
2026-08-14T13:50:00-04:00	10.9100	10.2443	7729
2026-08-14T13:51:00-04:00	10.9300	10.2458	11180
2026-08-14T13:52:00-04:00	10.9390	10.2479	15930
2026-08-14T13:53:00-04:00	10.9200	10.2491	9442
2026-08-14T13:54:00-04:00	10.9500	10.2504	9502
2026-08-14T13:55:00-04:00	10.9600	10.2512	5854
2026-08-14T13:56:00-04:00	10.9900	10.2524	8866
2026-08-14T13:57:00-04:00	10.9900	10.2527	2226
2026-08-14T13:58:00-04:00	11.0200	10.2537	6804
2026-08-14T13:59:00-04:00	10.9800	10.2548	7675
2026-08-14T14:00:00-04:00	11.0100	10.2552	2837
2026-08-14T14:01:00-04:00	11.0050	10.2557	3960
2026-08-14T14:02:00-04:00	11.0700	10.2563	3632
2026-08-14T14:03:00-04:00	11.0350	10.2571	5127
2026-08-14T14:04:00-04:00	11.0242	10.2573	1558
2026-08-14T14:05:00-04:00	11.0150	10.2579	4135
2026-08-14T14:06:00-04:00	11.0184	10.2582	2545
2026-08-14T14:07:00-04:00	11.0100	10.2587	3314
2026-08-14T14:08:00-04:00	11.0200	10.2596	6276
2026-08-14T14:09:00-04:00	11.0050	10.2599	2191
2026-08-14T14:10:00-04:00	10.9700	10.2606	5513
2026-08-14T14:11:00-04:00	10.9799	10.2609	1732
2026-08-14T14:12:00-04:00	10.9156	10.2628	15212
2026-08-14T14:13:00-04:00	10.9150	10.2634	4611
2026-08-14T14:14:00-04:00	10.9500	10.2639	4097
2026-08-14T14:15:00-04:00	10.9800	10.2640	1201
2026-08-14T14:16:00-04:00	10.9600	10.2644	3038
2026-08-14T14:17:00-04:00	10.9450	10.2649	3959
2026-08-14T14:18:00-04:00	10.9350	10.2652	1894
2026-08-14T14:19:00-04:00	10.9700	10.2659	5583
2026-08-14T14:20:00-04:00	10.8800	10.2664	3847
2026-08-14T14:21:00-04:00	10.9000	10.2668	3695
2026-08-14T14:22:00-04:00	10.9700	10.2675	5464
2026-08-14T14:23:00-04:00	10.9800	10.2692	12592
2026-08-14T14:24:00-04:00	10.9750	10.2694	1720
2026-08-14T14:25:00-04:00	10.9750	10.2696	1561
2026-08-14T14:26:00-04:00	10.9750	10.2698	1403
2026-08-14T14:27:00-04:00	10.9700	10.2701	2790
2026-08-14T14:28:00-04:00	10.9600	10.2707	4078
2026-08-14T14:29:00-04:00	10.9550	10.2710	2370
2026-08-14T14:30:00-04:00	10.9600	10.2714	3361
2026-08-14T14:31:00-04:00	10.9650	10.2715	894
2026-08-14T14:32:00-04:00	10.9700	10.2717	1874
2026-08-14T14:33:00-04:00	10.9885	10.2724	5282
2026-08-14T14:34:00-04:00	10.9600	10.2728	3101
2026-08-14T14:35:00-04:00	10.9450	10.2735	5802
2026-08-14T14:36:00-04:00	10.9450	10.2737	1194
2026-08-14T14:37:00-04:00	10.9050	10.2743	4738
2026-08-14T14:38:00-04:00	10.9075	10.2744	1484
2026-08-14T14:39:00-04:00	10.9150	10.2746	1066
2026-08-14T14:40:00-04:00	10.9300	10.2749	3224
2026-08-14T14:41:00-04:00	10.9500	10.2752	1886
2026-08-14T14:42:00-04:00	10.9700	10.2757	3877
2026-08-14T14:43:00-04:00	10.9300	10.2763	5224
2026-08-14T14:44:00-04:00	10.9300	10.2766	2745
2026-08-14T14:45:00-04:00	10.9400	10.2768	1254
2026-08-14T14:46:00-04:00	10.9850	10.2772	3361
2026-08-14T14:47:00-04:00	10.9600	10.2779	5182
2026-08-14T14:48:00-04:00	11.0300	10.2823	33827
2026-08-14T14:49:00-04:00	11.0472	10.2830	4812
2026-08-14T14:50:00-04:00	11.1500	10.2838	5410
2026-08-14T14:51:00-04:00	11.1550	10.2845	4324
2026-08-14T14:52:00-04:00	11.1850	10.2876	19361
2026-08-14T14:53:00-04:00	11.1700	10.2881	3121
2026-08-14T14:54:00-04:00	11.1609	10.2891	6729
2026-08-14T14:55:00-04:00	11.1300	10.2898	4432
2026-08-14T14:56:00-04:00	11.1300	10.2920	14789
2026-08-14T14:57:00-04:00	11.0800	10.2935	10023
2026-08-14T14:58:00-04:00	11.1150	10.2942	5159
2026-08-14T14:59:00-04:00	11.0900	10.2946	2342
2026-08-14T15:00:00-04:00	11.1300	10.2970	16227
2026-08-14T15:01:00-04:00	11.1100	10.2977	4523
2026-08-14T15:02:00-04:00	11.1300	10.2979	1704
2026-08-14T15:03:00-04:00	11.0200	10.2998	13916
2026-08-14T15:04:00-04:00	11.0150	10.3003	3774
2026-08-14T15:05:00-04:00	10.9900	10.3007	3259
2026-08-14T15:06:00-04:00	10.9800	10.3012	4588
2026-08-14T15:07:00-04:00	10.9600	10.3017	3919
2026-08-14T15:08:00-04:00	10.9600	10.3018	911
2026-08-14T15:09:00-04:00	10.9400	10.3024	5339
2026-08-14T15:10:00-04:00	10.9800	10.3027	2356
2026-08-14T15:11:00-04:00	11.0000	10.3030	2860
2026-08-14T15:12:00-04:00	11.0200	10.3035	3635
2026-08-14T15:13:00-04:00	11.0100	10.3044	7396
2026-08-14T15:14:00-04:00	10.9830	10.3056	9965
2026-08-14T15:15:00-04:00	11.0368	10.3066	7871
2026-08-14T15:16:00-04:00	11.0100	10.3071	4165
2026-08-14T15:17:00-04:00	11.0300	10.3075	2512
2026-08-14T15:18:00-04:00	11.0150	10.3079	3260
2026-08-14T15:19:00-04:00	10.9850	10.3085	5363
2026-08-14T15:20:00-04:00	10.9523	10.3096	9340
2026-08-14T15:21:00-04:00	10.9700	10.3101	4328
2026-08-14T15:22:00-04:00	10.9650	10.3103	2066
2026-08-14T15:23:00-04:00	10.9881	10.3106	2516
2026-08-14T15:24:00-04:00	11.0300	10.3112	4954
2026-08-14T15:25:00-04:00	11.0700	10.3119	4893
2026-08-14T15:26:00-04:00	11.0500	10.3123	3714
2026-08-14T15:27:00-04:00	11.0300	10.3132	6425
2026-08-14T15:28:00-04:00	11.0400	10.3137	4203
2026-08-14T15:29:00-04:00	11.0300	10.3146	7565
2026-08-14T15:30:00-04:00	11.0800	10.3170	18667
2026-08-14T15:31:00-04:00	11.0600	10.3180	7749
2026-08-14T15:32:00-04:00	11.0500	10.3193	9901
2026-08-14T15:33:00-04:00	11.1000	10.3212	14185
2026-08-14T15:34:00-04:00	11.0700	10.3253	32877
2026-08-14T15:35:00-04:00	11.1100	10.3275	16573
2026-08-14T15:36:00-04:00	11.1400	10.3282	4873
2026-08-14T15:37:00-04:00	11.1800	10.3315	23387
2026-08-14T15:38:00-04:00	11.1350	10.3334	13517
2026-08-14T15:39:00-04:00	11.1400	10.3339	4087
2026-08-14T15:40:00-04:00	11.1350	10.3361	15783
2026-08-14T15:41:00-04:00	11.1515	10.3372	7805
2026-08-14T15:42:00-04:00	11.1900	10.3389	12373
2026-08-14T15:43:00-04:00	11.1450	10.3405	11629
2026-08-14T15:44:00-04:00	11.1800	10.3410	3286
2026-08-14T15:45:00-04:00	11.1950	10.3429	13325
2026-08-14T15:46:00-04:00	11.1950	10.3442	8738
2026-08-14T15:47:00-04:00	11.1900	10.3462	14736
2026-08-14T15:48:00-04:00	11.2385	10.3488	17163
2026-08-14T15:49:00-04:00	11.1650	10.3508	14308
2026-08-14T15:50:00-04:00	11.1200	10.3545	28881
2026-08-14T15:51:00-04:00	11.1500	10.3569	18699
2026-08-14T15:52:00-04:00	11.1700	10.3585	11875
2026-08-14T15:53:00-04:00	11.1400	10.3604	15112
2026-08-14T15:54:00-04:00	11.1000	10.3634	24213
2026-08-14T15:55:00-04:00	10.9900	10.3680	42369
2026-08-14T15:56:00-04:00	10.9800	10.3747	66281
2026-08-14T15:57:00-04:00	10.9200	10.3806	67798
2026-08-14T15:58:00-04:00	10.9150	10.3858	60753
2026-08-14T15:59:00-04:00	10.9250	10.3926	81175
2026-08-17T09:30:00-04:00	10.6650	10.5710	296987
2026-08-17T09:31:00-04:00	10.5850	10.5685	48244
2026-08-17T09:32:00-04:00	11.1758	10.6166	44264
2026-08-17T09:33:00-04:00	11.5700	10.7192	54380
2026-08-17T09:34:00-04:00	11.6300	10.8589	84099
2026-08-17T09:35:00-04:00	11.5890	10.8890	22315
2026-08-17T09:36:00-04:00	11.4500	10.9061	16844
2026-08-17T09:37:00-04:00	11.3250	10.9214	19626
2026-08-17T09:38:00-04:00	11.3675	10.9382	23315
2026-08-17T09:39:00-04:00	11.4800	10.9474	11327
2026-08-17T09:40:00-04:00	11.3500	10.9515	5951
2026-08-17T09:41:00-04:00	11.2800	10.9567	9352
2026-08-17T09:42:00-04:00	11.3500	10.9591	3897
2026-08-17T09:43:00-04:00	11.3200	10.9606	2529
2026-08-17T09:44:00-04:00	11.4200	10.9708	15396
2026-08-17T09:45:00-04:00	11.3800	10.9740	5572
2026-08-17T09:46:00-04:00	11.3550	10.9845	18078
2026-08-17T09:47:00-04:00	11.3600	10.9922	13731
2026-08-17T09:48:00-04:00	11.4650	11.2147	713030
2026-08-17T09:49:00-04:00	11.3600	11.2153	4576
2026-08-17T09:50:00-04:00	11.3850	11.2158	3486
2026-08-17T09:51:00-04:00	11.3100	11.2166	9727
2026-08-17T09:52:00-04:00	11.3350	11.2169	3279
2026-08-17T09:53:00-04:00	11.3800	11.2179	10577
2026-08-17T09:54:00-04:00	11.3750	11.2187	7888
2026-08-17T09:55:00-04:00	11.3300	11.2190	3488
2026-08-17T09:56:00-04:00	11.3900	11.2193	2530
2026-08-17T09:57:00-04:00	11.3650	11.2199	5454
2026-08-17T09:58:00-04:00	11.4150	11.2206	6857
2026-08-17T09:59:00-04:00	11.3737	11.2209	2645
2026-08-17T10:00:00-04:00	11.3537	11.2213	4049
2026-08-17T10:01:00-04:00	11.2049	11.2215	6894
2026-08-17T10:02:00-04:00	11.2400	11.2215	1251
2026-08-17T10:03:00-04:00	11.2300	11.2213	11883
2026-08-17T10:04:00-04:00	11.2500	11.2214	8060
2026-08-17T10:05:00-04:00	11.2700	11.2220	18375
2026-08-17T10:06:00-04:00	11.2700	11.2223	12126
2026-08-17T10:07:00-04:00	11.2650	11.2225	4943
2026-08-17T10:08:00-04:00	11.3200	11.2227	5195
2026-08-17T10:09:00-04:00	11.4000	11.2230	3385
2026-08-17T10:10:00-04:00	11.5350	11.2252	12165
2026-08-17T10:11:00-04:00	11.5025	11.2268	9369
2026-08-17T10:12:00-04:00	11.4500	11.2276	4996
2026-08-17T10:13:00-04:00	11.3950	11.2296	16816
2026-08-17T10:14:00-04:00	11.3700	11.2301	5413
2026-08-17T10:15:00-04:00	11.2850	11.2308	12648
2026-08-17T10:16:00-04:00	11.3800	11.2315	12186
2026-08-17T10:17:00-04:00	11.5000	11.2336	15240
2026-08-17T10:18:00-04:00	11.5150	11.2346	5113
2026-08-17T10:19:00-04:00	11.4400	11.2353	5395
2026-08-17T10:20:00-04:00	11.3900	11.2355	1849
2026-08-17T10:21:00-04:00	11.4700	11.2360	3951
2026-08-17T10:22:00-04:00	11.4100	11.2362	1941
2026-08-17T10:23:00-04:00	11.4000	11.2367	5457
2026-08-17T10:24:00-04:00	11.3800	11.2371	4444
2026-08-17T10:25:00-04:00	11.4250	11.2383	10414
2026-08-17T10:26:00-04:00	11.4750	11.2393	6962
2026-08-17T10:27:00-04:00	11.4800	11.2395	1890
2026-08-17T10:28:00-04:00	11.4571	11.2396	882
2026-08-17T10:29:00-04:00	11.4750	11.2397	500
2026-08-17T10:30:00-04:00	11.5200	11.2414	11140
2026-08-17T10:31:00-04:00	11.5400	11.2417	1914
2026-08-17T10:32:00-04:00	11.4600	11.2430	8675
2026-08-17T10:33:00-04:00	11.3550	11.2437	10359
2026-08-17T10:34:00-04:00	11.2050	11.2437	8045
2026-08-17T10:35:00-04:00	11.2399	11.2436	9696
2026-08-17T10:36:00-04:00	11.1900	11.2435	4452
2026-08-17T10:37:00-04:00	11.2000	11.2435	1232
2026-08-17T10:38:00-04:00	11.1400	11.2430	7798
2026-08-17T10:39:00-04:00	11.1650	11.2430	1385
2026-08-17T10:40:00-04:00	11.1000	11.2424	8323
2026-08-17T10:41:00-04:00	11.0600	11.2414	10823
2026-08-17T10:42:00-04:00	11.0514	11.2407	6792
2026-08-17T10:43:00-04:00	11.0350	11.2377	27760
2026-08-17T10:44:00-04:00	11.0000	11.2374	2755
2026-08-17T10:45:00-04:00	11.0300	11.2372	1118
2026-08-17T10:46:00-04:00	10.9600	11.2368	3193
2026-08-17T10:47:00-04:00	10.9700	11.2363	3147
2026-08-17T10:48:00-04:00	10.9600	11.2354	6190
2026-08-17T10:49:00-04:00	10.9600	11.2351	1551
2026-08-17T10:50:00-04:00	10.9600	11.2332	12912
2026-08-17T10:51:00-04:00	11.0500	11.2294	32902
2026-08-17T10:52:00-04:00	11.1350	11.2275	36680
2026-08-17T10:53:00-04:00	11.1250	11.2265	20197
2026-08-17T10:54:00-04:00	11.1188	11.2264	2205
2026-08-17T10:55:00-04:00	11.1120	11.2252	25190
2026-08-17T10:56:00-04:00	11.0800	11.2250	3006
2026-08-17T10:57:00-04:00	11.0650	11.2247	3136
2026-08-17T10:58:00-04:00	11.0550	11.2243	4919
2026-08-17T10:59:00-04:00	11.0500	11.2242	1502
2026-08-17T11:00:00-04:00	11.0500	11.2240	2372
2026-08-17T11:01:00-04:00	11.1200	11.2226	21073
2026-08-17T11:02:00-04:00	11.2650	11.2226	20265
2026-08-17T11:03:00-04:00	11.2300	11.2234	57529
2026-08-17T11:04:00-04:00	11.1800	11.2233	7593
2026-08-17T11:05:00-04:00	11.2100	11.2232	8915
2026-08-17T11:06:00-04:00	11.2150	11.2232	5255
2026-08-17T11:07:00-04:00	11.2150	11.2232	2438
2026-08-17T11:08:00-04:00	11.2400	11.2232	6506
2026-08-17T11:09:00-04:00	11.3150	11.2335	152976
2026-08-17T11:10:00-04:00	11.4200	11.2338	4091
2026-08-17T11:11:00-04:00	11.5000	11.2344	5945
2026-08-17T11:12:00-04:00	11.4400	11.2358	13860
2026-08-17T11:13:00-04:00	11.4600	11.2371	13915
2026-08-17T11:14:00-04:00	11.3900	11.2373	2782
2026-08-17T11:15:00-04:00	11.3900	11.2375	2700
2026-08-17T11:16:00-04:00	11.3900	11.2379	6056
2026-08-17T11:17:00-04:00	11.2900	11.2389	26955
2026-08-17T11:18:00-04:00	11.3200	11.2396	20141
2026-08-17T11:19:00-04:00	11.4000	11.2398	3311
2026-08-17T11:20:00-04:00	11.3750	11.2398	1483
2026-08-17T11:21:00-04:00	11.3450	11.2400	2482
2026-08-17T11:22:00-04:00	11.3600	11.2402	4315
2026-08-17T11:23:00-04:00	11.5300	11.2451	53283
2026-08-17T11:24:00-04:00	11.5100	11.2463	11670
2026-08-17T11:25:00-04:00	11.5350	11.2468	3922
2026-08-17T11:26:00-04:00	11.5000	11.2475	6258
2026-08-17T11:27:00-04:00	11.4500	11.2499	28141
2026-08-17T11:28:00-04:00	11.4350	11.2501	1725
2026-08-17T11:29:00-04:00	11.4200	11.2504	5009
2026-08-17T11:30:00-04:00	11.4300	11.2508	4857
2026-08-17T11:31:00-04:00	11.4100	11.2518	16438
2026-08-17T11:32:00-04:00	11.4000	11.2524	10333
2026-08-17T11:33:00-04:00	11.3750	11.2526	3219
2026-08-17T11:34:00-04:00	11.3900	11.2529	5831
2026-08-17T11:35:00-04:00	11.3600	11.2531	4371
2026-08-17T11:36:00-04:00	11.3100	11.2533	5825
2026-08-17T11:37:00-04:00	11.3300	11.2534	5547
2026-08-17T11:38:00-04:00	11.3300	11.2534	1069
2026-08-17T11:39:00-04:00	11.3249	11.2535	849
2026-08-17T11:40:00-04:00	11.4000	11.2538	7714
2026-08-17T11:41:00-04:00	11.4500	11.2540	1726
2026-08-17T11:42:00-04:00	11.5950	11.2561	17774
2026-08-17T11:43:00-04:00	11.6352	11.2569	5718
2026-08-17T11:44:00-04:00	11.5847	11.2578	6531
2026-08-17T11:45:00-04:00	11.5950	11.2581	2551
2026-08-17T11:46:00-04:00	11.5950	11.2595	10901
2026-08-17T11:47:00-04:00	11.5750	11.2598	2431
2026-08-17T11:48:00-04:00	11.5700	11.2603	3654
2026-08-17T11:49:00-04:00	11.5300	11.2609	5213
2026-08-17T11:50:00-04:00	11.5000	11.2610	1138
2026-08-17T11:51:00-04:00	11.5400	11.2611	1608
2026-08-17T11:52:00-04:00	11.5400	11.2614	2254
2026-08-17T11:53:00-04:00	11.5800	11.2629	13237
2026-08-17T11:54:00-04:00	11.6250	11.2655	19188
2026-08-17T11:55:00-04:00	11.5950	11.2670	12282
2026-08-17T11:56:00-04:00	11.6050	11.2676	4528
2026-08-17T11:57:00-04:00	11.5800	11.2681	3997
2026-08-17T11:58:00-04:00	11.5700	11.2691	9073
2026-08-17T11:59:00-04:00	11.5600	11.2694	2657
2026-08-17T12:00:00-04:00	11.4950	11.2697	3150
2026-08-17T12:01:00-04:00	11.4500	11.2698	1138
2026-08-17T12:02:00-04:00	11.4050	11.2702	8257
2026-08-17T12:03:00-04:00	11.4050	11.2707	8650
2026-08-17T12:04:00-04:00	11.3900	11.2708	2457
2026-08-17T12:05:00-04:00	11.4050	11.2709	1430
2026-08-17T12:06:00-04:00	11.3850	11.2710	1914
2026-08-17T12:07:00-04:00	11.3050	11.2721	43074
2026-08-17T12:08:00-04:00	11.3541	11.2722	4334
2026-08-17T12:09:00-04:00	11.3160	11.2722	623
2026-08-17T12:10:00-04:00	11.3600	11.2723	2643
2026-08-17T12:11:00-04:00	11.3600	11.2724	4612
2026-08-17T12:12:00-04:00	11.4000	11.2738	35724
2026-08-17T12:13:00-04:00	11.3900	11.2740	4469
2026-08-17T12:14:00-04:00	11.3900	11.2740	905
2026-08-17T12:15:00-04:00	11.4200	11.2743	5842
2026-08-17T12:16:00-04:00	11.3800	11.2745	5851
2026-08-17T12:17:00-04:00	11.4050	11.2747	4337
2026-08-17T12:18:00-04:00	11.4050	11.2751	6773
2026-08-17T12:19:00-04:00	11.3850	11.2755	10383
2026-08-17T12:20:00-04:00	11.3600	11.2756	2455
2026-08-17T12:21:00-04:00	11.3600	11.2756	1125
2026-08-17T12:22:00-04:00	11.3600	11.2765	30117
2026-08-17T12:23:00-04:00	11.2300	11.2764	13153
2026-08-17T12:24:00-04:00	11.2100	11.2763	3556
2026-08-17T12:25:00-04:00	11.2700	11.2763	10238
2026-08-17T12:26:00-04:00	11.2600	11.2763	1724
2026-08-17T12:27:00-04:00	11.2600	11.2762	1414
2026-08-17T12:28:00-04:00	11.2500	11.2762	1925
2026-08-17T12:29:00-04:00	11.2500	11.2762	625
2026-08-17T12:30:00-04:00	11.2559	11.2762	5545
2026-08-17T12:31:00-04:00	11.2700	11.2762	880
2026-08-17T12:32:00-04:00	11.3150	11.2766	30411
2026-08-17T12:33:00-04:00	11.3150	11.2767	3058
2026-08-17T12:34:00-04:00	11.3150	11.2768	4936
2026-08-17T12:35:00-04:00	11.3200	11.2768	3927
2026-08-17T12:36:00-04:00	11.3300	11.2768	1455
2026-08-17T12:37:00-04:00	11.3200	11.2769	3515
2026-08-17T12:38:00-04:00	11.3400	11.2769	1398
2026-08-17T12:39:00-04:00	11.3200	11.2769	275
2026-08-17T12:40:00-04:00	11.3350	11.2770	1962
2026-08-17T12:41:00-04:00	11.3150	11.2770	2407
2026-08-17T12:42:00-04:00	11.3150	11.2770	756
2026-08-17T12:43:00-04:00	11.2400	11.2769	14720
2026-08-17T12:44:00-04:00	11.1700	11.2768	2415
2026-08-17T12:45:00-04:00	11.1500	11.2765	6225
2026-08-17T12:46:00-04:00	11.1600	11.2763	4462
2026-08-17T12:47:00-04:00	11.1600	11.2763	265
2026-08-17T12:48:00-04:00	11.1800	11.2762	3112
2026-08-17T12:49:00-04:00	11.1450	11.2761	3096
2026-08-17T12:50:00-04:00	11.1000	11.2747	26971
2026-08-17T12:51:00-04:00	11.0874	11.2746	2079
2026-08-17T12:52:00-04:00	11.0900	11.2744	2434
2026-08-17T12:53:00-04:00	11.0850	11.2743	2458
2026-08-17T12:54:00-04:00	11.0900	11.2741	2506
2026-08-17T12:55:00-04:00	11.1400	11.2738	7499
2026-08-17T12:56:00-04:00	11.1500	11.2737	1922
2026-08-17T12:57:00-04:00	11.1600	11.2735	5938
2026-08-17T12:58:00-04:00	11.1200	11.2731	8411
2026-08-17T12:59:00-04:00	11.1350	11.2730	1767
2026-08-17T13:00:00-04:00	11.1450	11.2728	3588
2026-08-17T13:01:00-04:00	11.1100	11.2726	3760
2026-08-17T13:02:00-04:00	11.1050	11.2723	6600
2026-08-17T13:03:00-04:00	11.1100	11.2721	2323
2026-08-17T13:04:00-04:00	11.0900	11.2720	1836
2026-08-17T13:05:00-04:00	11.1300	11.2716	8751
2026-08-17T13:06:00-04:00	11.1300	11.2715	1628
2026-08-17T13:07:00-04:00	11.1200	11.2714	3069
2026-08-17T13:08:00-04:00	11.1100	11.2712	2830
2026-08-17T13:09:00-04:00	11.0800	11.2711	1809
2026-08-17T13:10:00-04:00	11.0700	11.2710	1557
2026-08-17T13:11:00-04:00	11.0700	11.2709	1626
2026-08-17T13:12:00-04:00	11.0500	11.2705	5930
2026-08-17T13:13:00-04:00	11.0400	11.2704	2000
2026-08-17T13:14:00-04:00	11.0300	11.2702	2165
2026-08-17T13:15:00-04:00	11.0350	11.2699	4356
2026-08-17T13:16:00-04:00	11.0400	11.2695	5700
2026-08-17T13:17:00-04:00	11.0135	11.2691	4998
2026-08-17T13:18:00-04:00	11.0250	11.2690	1308
2026-08-17T13:19:00-04:00	11.0150	11.2687	3481
2026-08-17T13:20:00-04:00	11.0100	11.2680	8423
2026-08-17T13:21:00-04:00	10.9807	11.2670	11265
2026-08-17T13:22:00-04:00	10.9941	11.2666	3603
2026-08-17T13:23:00-04:00	10.9800	11.2663	3615
2026-08-17T13:24:00-04:00	10.9800	11.2661	1965
2026-08-17T13:25:00-04:00	11.0150	11.2648	16765
2026-08-17T13:26:00-04:00	10.9900	11.2644	4047
2026-08-17T13:27:00-04:00	10.9900	11.2640	4928
2026-08-17T13:28:00-04:00	10.9900	11.2636	4716
2026-08-17T13:29:00-04:00	11.0150	11.2632	4881
2026-08-17T13:30:00-04:00	11.0200	11.2631	1544
2026-08-17T13:31:00-04:00	11.0100	11.2624	7675
2026-08-17T13:32:00-04:00	11.0100	11.2624	928
2026-08-17T13:33:00-04:00	10.9704	11.2613	12263
2026-08-17T13:34:00-04:00	10.9800	11.2609	4770
2026-08-17T13:35:00-04:00	10.9900	11.2607	1659
2026-08-17T13:36:00-04:00	10.9850	11.2607	877
2026-08-17T13:37:00-04:00	10.9750	11.2601	6545
2026-08-17T13:38:00-04:00	10.9636	11.2599	2340
2026-08-17T13:39:00-04:00	10.9500	11.2595	3482
2026-08-17T13:40:00-04:00	10.9500	11.2593	2787
2026-08-17T13:41:00-04:00	10.9850	11.2585	9218
2026-08-17T13:42:00-04:00	11.0000	11.2583	1739
2026-08-17T13:43:00-04:00	11.0200	11.2582	1539
2026-08-17T13:44:00-04:00	11.0200	11.2581	2162
2026-08-17T13:45:00-04:00	11.0200	11.2578	4025
2026-08-17T13:46:00-04:00	11.0000	11.2571	8739
2026-08-17T13:47:00-04:00	11.0450	11.2567	6292
2026-08-17T13:48:00-04:00	11.0100	11.2565	2713
2026-08-17T13:49:00-04:00	10.9800	11.2545	24138
2026-08-17T13:50:00-04:00	10.9850	11.2540	4901
2026-08-17T13:51:00-04:00	11.0300	11.2537	5202
2026-08-17T13:52:00-04:00	11.0100	11.2533	4492
2026-08-17T13:53:00-04:00	11.0098	11.2529	6642
2026-08-17T13:54:00-04:00	11.0000	11.2527	1434
2026-08-17T13:55:00-04:00	11.0000	11.2526	2077
2026-08-17T13:56:00-04:00	11.0050	11.2522	4519
2026-08-17T13:57:00-04:00	11.0000	11.2520	3569
2026-08-17T13:58:00-04:00	11.0400	11.2515	6173
2026-08-17T13:59:00-04:00	11.0600	11.2514	2722
2026-08-17T14:00:00-04:00	11.0600	11.2513	1960
2026-08-17T14:01:00-04:00	10.9900	11.2510	3699
2026-08-17T14:02:00-04:00	11.0200	11.2507	4142
2026-08-17T14:03:00-04:00	11.0050	11.2506	1711
2026-08-17T14:04:00-04:00	11.0200	11.2504	2488
2026-08-17T14:05:00-04:00	11.0600	11.1612	2632885
2026-08-17T14:06:00-04:00	11.0700	11.1612	2285
2026-08-17T14:07:00-04:00	11.0900	11.1610	10143
2026-08-17T14:08:00-04:00	11.0950	11.1610	7470
2026-08-17T14:09:00-04:00	11.0850	11.1609	7614
2026-08-17T14:10:00-04:00	11.1100	11.1608	9862
2026-08-17T14:11:00-04:00	11.1050	11.1607	5261
2026-08-17T14:12:00-04:00	11.1350	11.1607	4259
2026-08-17T14:13:00-04:00	11.1350	11.1607	6920
2026-08-17T14:14:00-04:00	11.1200	11.1606	8264
2026-08-17T14:15:00-04:00	11.1700	11.1606	2775
2026-08-17T14:16:00-04:00	11.1700	11.1606	883
2026-08-17T14:17:00-04:00	11.1700	11.1606	7520
2026-08-17T14:18:00-04:00	11.1400	11.1606	7049
2026-08-17T14:19:00-04:00	11.1499	11.1606	2791
2026-08-17T14:20:00-04:00	11.0950	11.1605	7237
2026-08-17T14:21:00-04:00	11.0950	11.1605	5592
2026-08-17T14:22:00-04:00	11.1050	11.1604	2431
2026-08-17T14:23:00-04:00	11.1150	11.1604	6973
2026-08-17T14:24:00-04:00	11.1200	11.1604	958
2026-08-17T14:25:00-04:00	11.1500	11.1603	6029
2026-08-17T14:26:00-04:00	11.1450	11.1603	3520
2026-08-17T14:27:00-04:00	11.1300	11.1603	5489
2026-08-17T14:28:00-04:00	11.1100	11.1603	1627
2026-08-17T14:29:00-04:00	11.1000	11.1602	5639
2026-08-17T14:30:00-04:00	11.1150	11.1602	4289
2026-08-17T14:31:00-04:00	11.0700	11.1601	7185
2026-08-17T14:32:00-04:00	11.0700	11.1601	1727
2026-08-17T14:33:00-04:00	11.0400	11.1600	7325
2026-08-17T14:34:00-04:00	11.0400	11.1598	8018
2026-08-17T14:35:00-04:00	11.0400	11.1598	1119
2026-08-17T14:36:00-04:00	11.0400	11.1597	3953
2026-08-17T14:37:00-04:00	11.1600	11.1595	27903
2026-08-17T14:38:00-04:00	11.1600	11.1595	1192
2026-08-17T14:39:00-04:00	11.2150	11.1596	11819
2026-08-17T14:40:00-04:00	11.2100	11.1597	4117
2026-08-17T14:41:00-04:00	11.2300	11.1597	4920
2026-08-17T14:42:00-04:00	11.2350	11.1600	18321
2026-08-17T14:43:00-04:00	11.2500	11.1600	3023
2026-08-17T14:44:00-04:00	11.2200	11.1600	2703
2026-08-17T14:45:00-04:00	11.3000	11.1603	12672
2026-08-17T14:46:00-04:00	11.3300	11.1603	845
2026-08-17T14:47:00-04:00	11.3100	11.1605	8440
2026-08-17T14:48:00-04:00	11.2300	11.1606	5102
2026-08-17T14:49:00-04:00	11.2500	11.1606	2068
2026-08-17T14:50:00-04:00	11.3000	11.1608	8554
2026-08-17T14:51:00-04:00	11.2900	11.1608	1174
2026-08-17T14:52:00-04:00	11.2200	11.1610	14192
2026-08-17T14:53:00-04:00	11.1800	11.1611	4059
2026-08-17T14:54:00-04:00	11.1500	11.1611	5799
2026-08-17T14:55:00-04:00	11.1600	11.1610	24081
2026-08-17T14:56:00-04:00	11.1100	11.1610	6110
2026-08-17T14:57:00-04:00	11.1500	11.1609	8898
2026-08-17T14:58:00-04:00	11.1750	11.1609	15356
2026-08-17T14:59:00-04:00	11.1750	11.1610	4707
2026-08-17T15:00:00-04:00	11.2250	11.1779	3011075
2026-08-17T15:01:00-04:00	11.1500	11.1778	7158
2026-08-17T15:02:00-04:00	11.1600	11.1778	5275
2026-08-17T15:03:00-04:00	11.1450	11.1778	4060
2026-08-17T15:04:00-04:00	11.1200	11.1778	4072
2026-08-17T15:05:00-04:00	11.1300	11.1778	3626
2026-08-17T15:06:00-04:00	11.0800	11.1777	5500
2026-08-17T15:07:00-04:00	11.0735	11.1777	4619
2026-08-17T15:08:00-04:00	11.1100	11.1776	14880
2026-08-17T15:09:00-04:00	11.1150	11.1775	3622
2026-08-17T15:10:00-04:00	11.0950	11.1775	3964
2026-08-17T15:11:00-04:00	11.1450	11.1774	21937
2026-08-17T15:12:00-04:00	11.1500	11.1774	4132
2026-08-17T15:13:00-04:00	11.1400	11.1774	3516
2026-08-17T15:14:00-04:00	11.1300	11.1773	7243
2026-08-17T15:15:00-04:00	11.1600	11.1773	2205
2026-08-17T15:16:00-04:00	11.0400	11.1771	22409
2026-08-17T15:17:00-04:00	11.0000	11.1764	37419
2026-08-17T15:18:00-04:00	11.0550	11.1761	21604
2026-08-17T15:19:00-04:00	11.0500	11.1760	9099
2026-08-17T15:20:00-04:00	11.0300	11.1758	13648
2026-08-17T15:21:00-04:00	11.0050	11.1757	3456
2026-08-17T15:22:00-04:00	10.9900	11.1756	8718
2026-08-17T15:23:00-04:00	10.9701	11.1752	15857
2026-08-17T15:24:00-04:00	10.8850	11.1749	13331
2026-08-17T15:25:00-04:00	10.8800	11.1746	8439
2026-08-17T15:26:00-04:00	10.8400	11.1742	13095
2026-08-17T15:27:00-04:00	10.8300	11.1735	16810
2026-08-17T15:28:00-04:00	10.8100	11.1731	11316
2026-08-17T15:29:00-04:00	10.7850	11.1727	10420
2026-08-17T15:30:00-04:00	10.7400	11.1713	32163
2026-08-17T15:31:00-04:00	10.7300	11.1711	4000
2026-08-17T15:32:00-04:00	10.6600	11.1703	16824
2026-08-17T15:33:00-04:00	10.6876	11.1695	15684
2026-08-17T15:34:00-04:00	10.6781	11.1688	14365
2026-08-17T15:35:00-04:00	10.6400	11.1682	10290
2026-08-17T15:36:00-04:00	10.5650	11.1671	19830
2026-08-17T15:37:00-04:00	10.5850	11.1663	12388
2026-08-17T15:38:00-04:00	10.5400	11.1632	50236
2026-08-17T15:39:00-04:00	10.5550	11.1614	27839
2026-08-17T15:40:00-04:00	10.5300	11.1604	15226
2026-08-17T15:41:00-04:00	10.5110	11.1600	7137
2026-08-17T15:42:00-04:00	10.5500	11.1591	13888
2026-08-17T15:43:00-04:00	10.5550	11.1585	9290
2026-08-17T15:44:00-04:00	10.5700	11.1568	29922
2026-08-17T15:45:00-04:00	10.5800	11.1552	26552
2026-08-17T15:46:00-04:00	10.5900	11.1538	23274
2026-08-17T15:47:00-04:00	10.5900	11.1531	13915
2026-08-17T15:48:00-04:00	10.5950	11.1525	9853
2026-08-17T15:49:00-04:00	10.6350	11.1514	21159
2026-08-17T15:50:00-04:00	10.6900	11.1503	23065
2026-08-17T15:51:00-04:00	10.6850	11.1495	16515
2026-08-17T15:52:00-04:00	10.6750	11.1483	27231
2026-08-17T15:53:00-04:00	10.6801	11.1456	58867
2026-08-17T15:54:00-04:00	10.6600	11.1446	20702
2026-08-17T15:55:00-04:00	10.6450	11.1438	17344
2026-08-17T15:56:00-04:00	10.5750	11.1418	37307
2026-08-17T15:57:00-04:00	10.6225	11.1386	59943
2026-08-17T15:58:00-04:00	10.6550	11.1357	61460
2026-08-17T15:59:00-04:00	10.6550	11.1291	144820
2026-08-18T09:30:00-04:00	9.8250	10.0283	183368
2026-08-18T09:31:00-04:00	9.6500	9.8581	133963
2026-08-18T09:32:00-04:00	9.8700	9.8536	70370
2026-08-18T09:33:00-04:00	9.8450	9.8550	23884
2026-08-18T09:34:00-04:00	9.9300	9.8578	17855
2026-08-18T09:35:00-04:00	9.8707	9.8592	13964
2026-08-18T09:36:00-04:00	9.8250	9.8588	20155
2026-08-18T09:37:00-04:00	9.8639	9.8592	15449
2026-08-18T09:38:00-04:00	9.9100	9.8601	11348
2026-08-18T09:39:00-04:00	9.8600	9.8608	9448
2026-08-18T09:40:00-04:00	9.9011	9.8617	11922
2026-08-18T09:41:00-04:00	9.8800	9.8628	19430
2026-08-18T09:42:00-04:00	9.8000	9.8610	31460
2026-08-18T09:43:00-04:00	9.7550	9.8578	22532
2026-08-18T09:44:00-04:00	9.5900	9.7914	248355
2026-08-18T09:45:00-04:00	9.6264	9.7834	34760
2026-08-18T09:46:00-04:00	9.6000	9.7760	35301
2026-08-18T09:47:00-04:00	9.6000	9.7726	19113
2026-08-18T09:48:00-04:00	9.5000	9.7643	32346
2026-08-18T09:49:00-04:00	9.4750	9.7452	67777
2026-08-18T09:50:00-04:00	9.5200	9.7415	16367
2026-08-18T09:51:00-04:00	9.4911	9.7381	14315
2026-08-18T09:52:00-04:00	9.5200	9.7231	78247
2026-08-18T09:53:00-04:00	9.5300	9.7211	11103
2026-08-18T09:54:00-04:00	9.5100	9.7186	13376
2026-08-18T09:55:00-04:00	9.5050	9.7168	10673
2026-08-18T09:56:00-04:00	9.5300	9.7112	32267
2026-08-18T09:57:00-04:00	9.5200	9.7090	14141
2026-08-18T09:58:00-04:00	9.4950	9.7042	30017
2026-08-18T09:59:00-04:00	9.5700	9.6976	58818
2026-08-18T10:00:00-04:00	9.6400	9.6949	48343
2026-08-18T10:01:00-04:00	9.5559	9.6935	19115
2026-08-18T10:02:00-04:00	9.6500	9.6926	16930
2026-08-18T10:03:00-04:00	9.7100	9.6925	18040
2026-08-18T10:04:00-04:00	9.7500	9.6930	13931
2026-08-18T10:05:00-04:00	9.7850	9.6937	12146
2026-08-18T10:06:00-04:00	9.7000	9.6942	27619
2026-08-18T10:07:00-04:00	9.7600	9.6947	13937
2026-08-18T10:08:00-04:00	9.7650	9.6950	7114
2026-08-18T10:09:00-04:00	9.7400	9.6952	7848
2026-08-18T10:10:00-04:00	9.7650	9.6956	10637
2026-08-18T10:11:00-04:00	9.7500	9.6962	15515
2026-08-18T10:12:00-04:00	9.7700	9.6970	16931
2026-08-18T10:13:00-04:00	9.7600	9.6975	12049
2026-08-18T10:14:00-04:00	9.8000	9.6982	13139
2026-08-18T10:15:00-04:00	9.8361	9.6992	12499
2026-08-18T10:16:00-04:00	9.8050	9.7007	19046
2026-08-18T10:17:00-04:00	9.8100	9.7010	4175
2026-08-18T10:18:00-04:00	9.8326	9.7014	5915
2026-08-18T10:19:00-04:00	9.8200	9.7018	5091
2026-08-18T10:20:00-04:00	9.8350	9.7022	4298
2026-08-18T10:21:00-04:00	9.8000	9.7030	12087
2026-08-18T10:22:00-04:00	9.7900	9.7033	5637
2026-08-18T10:23:00-04:00	9.8200	9.7043	15884
2026-08-18T10:24:00-04:00	9.8201	9.7047	4450
2026-08-18T10:25:00-04:00	9.8500	9.7051	5507
2026-08-18T10:26:00-04:00	9.8600	9.7059	8956
2026-08-18T10:27:00-04:00	9.8700	9.7074	15986
2026-08-18T10:28:00-04:00	9.9050	9.7081	5833
2026-08-18T10:29:00-04:00	9.8778	9.7093	11535
2026-08-18T10:30:00-04:00	9.9300	9.7111	14715
2026-08-18T10:31:00-04:00	9.9300	9.7123	9051
2026-08-18T10:32:00-04:00	9.9100	9.7139	13846
2026-08-18T10:33:00-04:00	9.9100	9.7149	8830
2026-08-18T10:34:00-04:00	9.9300	9.7154	4931
2026-08-18T10:35:00-04:00	9.9550	9.7160	3929
2026-08-18T10:36:00-04:00	9.8881	9.7175	14680
2026-08-18T10:37:00-04:00	9.8700	9.7188	15047
2026-08-18T10:38:00-04:00	9.8800	9.7194	6812
2026-08-18T10:39:00-04:00	9.8700	9.7200	7553
2026-08-18T10:40:00-04:00	9.8600	9.7201	893
2026-08-18T10:41:00-04:00	9.8550	9.7210	12452
2026-08-18T10:42:00-04:00	9.8250	9.7224	21931
2026-08-18T10:43:00-04:00	9.8150	9.7225	1886
2026-08-18T10:44:00-04:00	9.8000	9.7229	10442
2026-08-18T10:45:00-04:00	9.8350	9.7237	14991
2026-08-18T10:46:00-04:00	9.8300	9.7246	15782
2026-08-18T10:47:00-04:00	9.8300	9.7250	7445
2026-08-18T10:48:00-04:00	9.7800	9.7255	12433
2026-08-18T10:49:00-04:00	9.7900	9.7260	15706
2026-08-18T10:50:00-04:00	9.7950	9.7262	4241
2026-08-18T10:51:00-04:00	9.8000	9.7264	6742
2026-08-18T10:52:00-04:00	9.7950	9.7266	5038
2026-08-18T10:53:00-04:00	9.7800	9.7269	8458
2026-08-18T10:54:00-04:00	9.7850	9.7270	4865
2026-08-18T10:55:00-04:00	9.7850	9.7271	4384
2026-08-18T10:56:00-04:00	9.8100	9.7274	6147
2026-08-18T10:57:00-04:00	9.8500	9.7276	3156
2026-08-18T10:58:00-04:00	9.8550	9.7284	12353
2026-08-18T10:59:00-04:00	9.8500	9.7291	12311
2026-08-18T11:00:00-04:00	9.8450	9.7294	5091
2026-08-18T11:01:00-04:00	9.8700	9.7300	10025
2026-08-18T11:02:00-04:00	9.8750	9.7301	1386
2026-08-18T11:03:00-04:00	9.9000	9.7307	6927
2026-08-18T11:04:00-04:00	9.9150	9.7313	6469
2026-08-18T11:05:00-04:00	9.9500	9.7322	8458
2026-08-18T11:06:00-04:00	9.9800	9.7334	10330
2026-08-18T11:07:00-04:00	9.9961	9.7341	5082
2026-08-18T11:08:00-04:00	10.0500	9.7393	36849
2026-08-18T11:09:00-04:00	10.1000	9.7405	6827
2026-08-18T11:10:00-04:00	10.1100	9.7420	8624
2026-08-18T11:11:00-04:00	10.1401	9.7434	7227
2026-08-18T11:12:00-04:00	10.1800	9.7464	15218
2026-08-18T11:13:00-04:00	10.3250	9.7523	23594
2026-08-18T11:14:00-04:00	10.2800	9.7889	156021
2026-08-18T11:15:00-04:00	10.2300	9.7944	27759
2026-08-18T11:16:00-04:00	10.2561	9.7959	7475
2026-08-18T11:17:00-04:00	10.1400	9.7964	3333
2026-08-18T11:18:00-04:00	10.1300	9.7972	5579
2026-08-18T11:19:00-04:00	10.1250	9.7984	8758
2026-08-18T11:20:00-04:00	10.1001	9.7998	10723
2026-08-18T11:21:00-04:00	10.1100	9.8003	3578
2026-08-18T11:22:00-04:00	10.1100	9.8015	9533
2026-08-18T11:23:00-04:00	10.1250	9.8023	5676
2026-08-18T11:24:00-04:00	10.2000	9.8046	14664
2026-08-18T11:25:00-04:00	10.2500	9.8052	3366
2026-08-18T11:26:00-04:00	10.3100	9.8069	8178
2026-08-18T11:27:00-04:00	10.3450	9.8085	7475
2026-08-18T11:28:00-04:00	10.3250	9.8136	23400
2026-08-18T11:29:00-04:00	10.2600	9.8179	22406
2026-08-18T11:30:00-04:00	10.1850	9.8186	4626
2026-08-18T11:31:00-04:00	10.2100	9.8204	11589
2026-08-18T11:32:00-04:00	10.2400	9.8217	7710
2026-08-18T11:33:00-04:00	10.2300	9.8223	4036
2026-08-18T11:34:00-04:00	10.2600	9.8235	6522
2026-08-18T11:35:00-04:00	10.2700	9.8241	3327
2026-08-18T11:36:00-04:00	10.3050	9.8257	9012
2026-08-18T11:37:00-04:00	10.3100	9.8260	1442
2026-08-18T11:38:00-04:00	10.2601	9.8267	3868
2026-08-18T11:39:00-04:00	10.2600	9.8282	8884
2026-08-18T11:40:00-04:00	10.2600	10.0345	2513799
2026-08-18T11:41:00-04:00	10.2550	10.0348	6718
2026-08-18T11:42:00-04:00	10.2550	10.0349	2922
2026-08-18T11:43:00-04:00	10.2300	10.0354	10402
2026-08-18T11:44:00-04:00	10.2100	10.0355	4609
2026-08-18T11:45:00-04:00	10.2351	10.0364	22876
2026-08-18T11:46:00-04:00	10.2350	10.0364	1854
2026-08-18T11:47:00-04:00	10.2150	10.0366	2861
2026-08-18T11:48:00-04:00	10.1950	10.0367	4749
2026-08-18T11:49:00-04:00	10.1500	10.0372	21699
2026-08-18T11:50:00-04:00	10.1400	10.0373	727
2026-08-18T11:51:00-04:00	10.1800	10.0374	5417
2026-08-18T11:52:00-04:00	10.1960	10.0378	14769
2026-08-18T11:53:00-04:00	10.1900	10.0378	406
2026-08-18T11:54:00-04:00	10.2264	10.0379	3451
2026-08-18T11:55:00-04:00	10.2500	10.0381	2772
2026-08-18T11:56:00-04:00	10.2450	10.0381	1440
2026-08-18T11:57:00-04:00	10.2300	10.0384	6918
2026-08-18T11:58:00-04:00	10.2400	10.0385	2107
2026-08-18T11:59:00-04:00	10.2100	10.0390	16485
2026-08-18T12:00:00-04:00	10.1900	10.0903	2648477
2026-08-18T12:01:00-04:00	10.1900	10.0904	4414
2026-08-18T12:02:00-04:00	10.1850	10.0904	4451
2026-08-18T12:03:00-04:00	10.1700	10.0904	1493
2026-08-18T12:04:00-04:00	10.1550	10.0904	748
2026-08-18T12:05:00-04:00	10.1800	10.0906	16214
2026-08-18T12:06:00-04:00	10.2200	10.0907	6203
2026-08-18T12:07:00-04:00	10.1900	10.0908	3943
2026-08-18T12:08:00-04:00	10.1550	10.0908	4613
2026-08-18T12:09:00-04:00	10.1350	10.0910	23750
2026-08-18T12:10:00-04:00	10.1400	10.0910	4126
2026-08-18T12:11:00-04:00	10.1350	10.0910	1448
2026-08-18T12:12:00-04:00	10.1450	10.0911	7704
2026-08-18T12:13:00-04:00	10.1600	10.0911	2716
2026-08-18T12:14:00-04:00	10.1950	10.0912	6265
2026-08-18T12:15:00-04:00	10.1950	10.0913	9946
2026-08-18T12:16:00-04:00	10.1950	10.0914	4985
2026-08-18T12:17:00-04:00	10.2400	10.0915	5733
2026-08-18T12:18:00-04:00	10.2400	10.0915	1767
2026-08-18T12:19:00-04:00	10.2800	10.0919	18159
2026-08-18T12:20:00-04:00	10.2800	10.0920	6011
2026-08-18T12:21:00-04:00	10.2881	10.0921	2169
2026-08-18T12:22:00-04:00	10.3000	10.0924	12051
2026-08-18T12:23:00-04:00	10.2450	10.0925	6289
2026-08-18T12:24:00-04:00	10.2450	10.0926	1995
2026-08-18T12:25:00-04:00	10.2700	10.0926	2417
2026-08-18T12:26:00-04:00	10.2850	10.0927	1431
2026-08-18T12:27:00-04:00	10.2900	10.0930	15055
2026-08-18T12:28:00-04:00	10.2850	10.0931	1902
2026-08-18T12:29:00-04:00	10.2800	10.0933	10324
2026-08-18T12:30:00-04:00	10.3000	10.0934	4146
2026-08-18T12:31:00-04:00	10.2900	10.0935	2977
2026-08-18T12:32:00-04:00	10.2800	10.0936	3791
2026-08-18T12:33:00-04:00	10.3050	10.0937	3217
2026-08-18T12:34:00-04:00	10.3000	10.0939	7881
2026-08-18T12:35:00-04:00	10.2750	10.0942	12639
2026-08-18T12:36:00-04:00	10.2750	10.0943	5964
2026-08-18T12:37:00-04:00	10.2750	10.0945	10540
2026-08-18T12:38:00-04:00	10.3250	10.0947	4771
2026-08-18T12:39:00-04:00	10.3200	10.0964	66691
2026-08-18T12:40:00-04:00	10.3000	10.0966	9718
2026-08-18T12:41:00-04:00	10.3150	10.0968	5219
2026-08-18T12:42:00-04:00	10.3300	10.0969	2867
2026-08-18T12:43:00-04:00	10.3100	10.0972	12232
2026-08-18T12:44:00-04:00	10.3700	10.0974	8233
2026-08-18T12:45:00-04:00	10.3700	10.0978	9310
2026-08-18T12:46:00-04:00	10.4050	10.0979	4002
2026-08-18T12:47:00-04:00	10.4100	10.0979	971
2026-08-18T12:48:00-04:00	10.4110	10.0980	1969
2026-08-18T12:49:00-04:00	10.4200	10.0982	3591
2026-08-18T12:50:00-04:00	10.4200	10.0982	1563
2026-08-18T12:51:00-04:00	10.3700	10.0985	7478
2026-08-18T12:52:00-04:00	10.3700	10.0985	1830
2026-08-18T12:53:00-04:00	10.3550	10.0989	10796
2026-08-18T12:54:00-04:00	10.3600	10.0989	1392
2026-08-18T12:55:00-04:00	10.3600	10.0990	2988
2026-08-18T12:56:00-04:00	10.3500	10.0992	6199
2026-08-18T12:57:00-04:00	10.3600	10.0994	5373
2026-08-18T12:58:00-04:00	10.3500	10.0994	1283
2026-08-18T12:59:00-04:00	10.3800	10.0996	6365
2026-08-18T13:00:00-04:00	10.3800	10.0997	3842
2026-08-18T13:01:00-04:00	10.3600	10.0998	2506
2026-08-18T13:02:00-04:00	10.3600	10.0999	933
2026-08-18T13:03:00-04:00	10.3900	10.1003	11506
2026-08-18T13:04:00-04:00	10.3350	10.1006	13085
2026-08-18T13:05:00-04:00	10.3300	10.1007	3751
2026-08-18T13:06:00-04:00	10.3137	10.1009	5729
2026-08-18T13:07:00-04:00	10.3400	10.1010	3585
2026-08-18T13:08:00-04:00	10.3300	10.1011	3822
2026-08-18T13:09:00-04:00	10.3336	10.1016	16529
2026-08-18T13:10:00-04:00	10.3600	10.1017	3619
2026-08-18T13:11:00-04:00	10.3400	10.1018	2999
2026-08-18T13:12:00-04:00	10.3500	10.1019	4363
2026-08-18T13:13:00-04:00	10.3700	10.1020	2749
2026-08-18T13:14:00-04:00	10.3701	10.1021	3489
2026-08-18T13:15:00-04:00	10.3800	10.1022	3903
2026-08-18T13:16:00-04:00	10.3550	10.1023	2053
2026-08-18T13:17:00-04:00	10.3550	10.1024	3231
2026-08-18T13:18:00-04:00	10.3300	10.1025	3682
2026-08-18T13:19:00-04:00	10.3250	10.1025	1555
2026-08-18T13:20:00-04:00	10.3150	10.1027	5292
2026-08-18T13:21:00-04:00	10.3136	10.1027	684
2026-08-18T13:22:00-04:00	10.2850	10.1029	9102
2026-08-18T13:23:00-04:00	10.2900	10.1029	1823
2026-08-18T13:24:00-04:00	10.3100	10.1031	7117
2026-08-18T13:25:00-04:00	10.3100	10.1032	2067
2026-08-18T13:26:00-04:00	10.3100	10.1032	804
2026-08-18T13:27:00-04:00	10.2950	10.1034	7072
2026-08-18T13:28:00-04:00	10.2900	10.1034	2672
2026-08-18T13:29:00-04:00	10.3000	10.1036	8951
2026-08-18T13:30:00-04:00	10.3400	10.1039	8942
2026-08-18T13:31:00-04:00	10.3400	10.1039	1232
2026-08-18T13:32:00-04:00	10.3600	10.1040	2825
2026-08-18T13:33:00-04:00	10.3500	10.1041	4358
2026-08-18T13:34:00-04:00	10.3500	10.1042	2772
2026-08-18T13:35:00-04:00	10.3300	10.1044	7425
2026-08-18T13:36:00-04:00	10.3050	10.1045	2505
2026-08-18T13:37:00-04:00	10.2901	10.1045	2453
2026-08-18T13:38:00-04:00	10.3300	10.1047	6714
2026-08-18T13:39:00-04:00	10.3200	10.1047	1376
2026-08-18T13:40:00-04:00	10.3050	10.1048	1537
2026-08-18T13:41:00-04:00	10.3050	10.1048	781
2026-08-18T13:42:00-04:00	10.3050	10.1048	923
2026-08-18T13:43:00-04:00	10.3050	10.1048	1485
2026-08-18T13:44:00-04:00	10.3200	10.1051	11955
2026-08-18T13:45:00-04:00	10.3219	10.1052	1889
2026-08-18T13:46:00-04:00	10.3200	10.1052	1181
2026-08-18T13:47:00-04:00	10.3000	10.1053	4893
2026-08-18T13:48:00-04:00	10.3000	10.1054	1142
2026-08-18T13:49:00-04:00	10.3000	10.1054	2678
2026-08-18T13:50:00-04:00	10.3000	10.1055	1830
2026-08-18T13:51:00-04:00	10.4750	10.1065	27811
2026-08-18T13:52:00-04:00	10.4300	10.1067	6121
2026-08-18T13:53:00-04:00	10.4300	10.1068	1403
2026-08-18T13:54:00-04:00	10.4700	10.1071	8063
2026-08-18T13:55:00-04:00	10.4900	10.1081	22015
2026-08-18T13:56:00-04:00	10.5300	10.1089	16538
2026-08-18T13:57:00-04:00	10.5200	10.1094	10631
2026-08-18T13:58:00-04:00	10.5400	10.1103	17931
2026-08-18T13:59:00-04:00	10.5300	10.1107	6891
2026-08-18T14:00:00-04:00	10.5450	10.1108	3315
2026-08-18T14:01:00-04:00	10.5500	10.1115	12107
2026-08-18T14:02:00-04:00	10.5700	10.1118	5498
2026-08-18T14:03:00-04:00	10.6000	10.1123	9231
2026-08-18T14:04:00-04:00	10.6100	10.1132	15257
2026-08-18T14:05:00-04:00	10.5600	10.1139	13811
2026-08-18T14:06:00-04:00	10.5350	10.1142	6836
2026-08-18T14:07:00-04:00	10.5390	10.1143	933
2026-08-18T14:08:00-04:00	10.5250	10.1147	8853
2026-08-18T14:09:00-04:00	10.5350	10.1153	12570
2026-08-18T14:10:00-04:00	10.5350	10.1155	2763
2026-08-18T14:11:00-04:00	10.5450	10.1157	4348
2026-08-18T14:12:00-04:00	10.5450	10.1157	1275
2026-08-18T14:13:00-04:00	10.5900	10.1162	9013
2026-08-18T14:14:00-04:00	10.6300	10.1166	7092
2026-08-18T14:15:00-04:00	10.6300	10.1168	2495
2026-08-18T14:16:00-04:00	10.6200	10.1172	6446
2026-08-18T14:17:00-04:00	10.6300	10.1173	2076
2026-08-18T14:18:00-04:00	10.6250	10.1174	2863
2026-08-18T14:19:00-04:00	10.6794	10.1189	23219
2026-08-18T14:20:00-04:00	10.6900	10.1196	10559
2026-08-18T14:21:00-04:00	10.6900	10.1202	10168
2026-08-18T14:22:00-04:00	10.6850	10.1203	1299
2026-08-18T14:23:00-04:00	10.6890	10.1208	6713
2026-08-18T14:24:00-04:00	10.7200	10.1212	7198
2026-08-18T14:25:00-04:00	10.6973	10.1231	27161
2026-08-18T14:26:00-04:00	10.6900	10.1234	4609
2026-08-18T14:27:00-04:00	10.7185	10.1237	5722
2026-08-18T14:28:00-04:00	10.6816	10.1244	10271
2026-08-18T14:29:00-04:00	10.7250	10.1250	9548
2026-08-18T14:30:00-04:00	10.6800	10.1257	10392
2026-08-18T14:31:00-04:00	10.6750	10.1264	10211
2026-08-18T14:32:00-04:00	10.6700	10.1271	11568
2026-08-18T14:33:00-04:00	10.6200	10.1277	11428
2026-08-18T14:34:00-04:00	10.6100	10.1279	3311
2026-08-18T14:35:00-04:00	10.6100	10.1281	3932
2026-08-18T14:36:00-04:00	10.6000	10.1283	4266
2026-08-18T14:37:00-04:00	10.5950	10.1284	552
2026-08-18T14:38:00-04:00	10.6010	10.1303	35919
2026-08-18T14:39:00-04:00	10.6350	10.1307	7774
2026-08-18T14:40:00-04:00	10.6480	10.1314	11528
2026-08-18T14:41:00-04:00	10.6300	10.1315	2252
2026-08-18T14:42:00-04:00	10.6100	10.1316	1223
2026-08-18T14:43:00-04:00	10.6000	10.1318	3862
2026-08-18T14:44:00-04:00	10.5950	10.1321	5823
2026-08-18T14:45:00-04:00	10.5850	10.1328	13694
2026-08-18T14:46:00-04:00	10.6000	10.1330	4784
2026-08-18T14:47:00-04:00	10.5950	10.1331	1750
2026-08-18T14:48:00-04:00	10.5850	10.1333	3839
2026-08-18T14:49:00-04:00	10.6201	10.1339	10786
2026-08-18T14:50:00-04:00	10.6050	10.1341	4428
2026-08-18T14:51:00-04:00	10.6200	10.1344	5284
2026-08-18T14:52:00-04:00	10.6150	10.1345	2088
2026-08-18T14:53:00-04:00	10.6200	10.1347	3658
2026-08-18T14:54:00-04:00	10.6200	10.1349	4024
2026-08-18T14:55:00-04:00	10.6250	10.1352	4776
2026-08-18T14:56:00-04:00	10.6350	10.1354	3565
2026-08-18T14:57:00-04:00	10.6350	10.1360	10052
2026-08-18T14:58:00-04:00	10.6250	10.1361	2849
2026-08-18T14:59:00-04:00	10.6150	10.1363	4374
2026-08-18T15:00:00-04:00	10.6400	10.1371	13520
2026-08-18T15:01:00-04:00	10.6500	10.1376	8168
2026-08-18T15:02:00-04:00	10.6500	10.1395	33379
2026-08-18T15:03:00-04:00	10.6300	10.1398	6128
2026-08-18T15:04:00-04:00	10.6300	10.1403	9350
2026-08-18T15:05:00-04:00	10.6600	10.1411	14207
2026-08-18T15:06:00-04:00	10.6719	10.1423	20579
2026-08-18T15:07:00-04:00	10.6900	10.1435	19435
2026-08-18T15:08:00-04:00	10.6650	10.1438	5848
2026-08-18T15:09:00-04:00	10.6650	10.1440	2992
2026-08-18T15:10:00-04:00	10.6600	10.1454	24897
2026-08-18T15:11:00-04:00	10.6400	10.1457	5342
2026-08-18T15:12:00-04:00	10.6300	10.1458	1841
2026-08-18T15:13:00-04:00	10.6250	10.1461	5123
2026-08-18T15:14:00-04:00	10.6300	10.1468	14099
2026-08-18T15:15:00-04:00	10.6150	10.1472	8543
2026-08-18T15:16:00-04:00	10.6050	10.1475	4641
2026-08-18T15:17:00-04:00	10.5950	10.1479	8369
2026-08-18T15:18:00-04:00	10.5950	10.1482	5921
2026-08-18T15:19:00-04:00	10.6000	10.1490	16485
2026-08-18T15:20:00-04:00	10.6050	10.1494	9272
2026-08-18T15:21:00-04:00	10.6050	10.1496	3101
2026-08-18T15:22:00-04:00	10.6150	10.1501	10630
2026-08-18T15:23:00-04:00	10.6150	10.1504	6281
2026-08-18T15:24:00-04:00	10.6250	10.1507	4912
2026-08-18T15:25:00-04:00	10.6800	10.1518	20475
2026-08-18T15:26:00-04:00	10.6950	10.1521	5673
2026-08-18T15:27:00-04:00	10.6950	10.1529	13523
2026-08-18T15:28:00-04:00	10.6750	10.1535	10753
2026-08-18T15:29:00-04:00	10.6850	10.1539	7104
2026-08-18T15:30:00-04:00	10.7250	10.1549	15620
2026-08-18T15:31:00-04:00	10.6950	10.1555	10409
2026-08-18T15:32:00-04:00	10.6650	10.1563	15360
2026-08-18T15:33:00-04:00	10.6750	10.1570	11397
2026-08-18T15:34:00-04:00	10.6850	10.1573	5713
2026-08-18T15:35:00-04:00	10.6650	10.1580	12636
2026-08-18T15:36:00-04:00	10.6700	10.1591	19687
2026-08-18T15:37:00-04:00	10.6700	10.1593	4654
2026-08-18T15:38:00-04:00	10.5150	10.1615	53004
2026-08-18T15:39:00-04:00	10.5297	10.1621	15011
2026-08-18T15:40:00-04:00	10.5250	10.1623	3598
2026-08-18T15:41:00-04:00	10.5000	10.1630	20810
2026-08-18T15:42:00-04:00	10.4800	10.1635	12911
2026-08-18T15:43:00-04:00	10.4850	10.1639	12016
2026-08-18T15:44:00-04:00	10.4850	10.1647	23962
2026-08-18T15:45:00-04:00	10.4850	10.1649	7853
2026-08-18T15:46:00-04:00	10.4750	10.1655	17412
2026-08-18T15:47:00-04:00	10.4450	10.1661	19837
2026-08-18T15:48:00-04:00	10.4500	10.1666	16797
2026-08-18T15:49:00-04:00	10.4350	10.1672	19401
2026-08-18T15:50:00-04:00	10.4450	10.1677	19377
2026-08-18T15:51:00-04:00	10.4750	10.1684	22730
2026-08-18T15:52:00-04:00	10.4750	10.1691	21911
2026-08-18T15:53:00-04:00	10.4650	10.1695	11883
2026-08-18T15:54:00-04:00	10.4475	10.1702	24072
2026-08-18T15:55:00-04:00	10.4550	10.1709	25504
2026-08-18T15:56:00-04:00	10.4450	10.1718	32641
2026-08-18T15:57:00-04:00	10.4250	10.1726	29379
2026-08-18T15:58:00-04:00	10.4200	10.1739	50516
2026-08-18T15:59:00-04:00	10.4250	10.1766	107799
2026-08-19T09:30:00-04:00	10.2897	10.3149	56130
2026-08-19T09:31:00-04:00	10.2850	10.2999	17457
2026-08-19T09:32:00-04:00	10.3400	10.3000	107
2026-08-19T09:33:00-04:00	10.4200	10.3017	1447
2026-08-19T09:34:00-04:00	10.1900	10.2795	32724
2026-08-19T09:35:00-04:00	10.1750	10.2371	61850
2026-08-19T09:36:00-04:00	10.0900	10.2196	31514
2026-08-19T09:37:00-04:00	10.2000	10.2121	30717
2026-08-19T09:38:00-04:00	10.1350	10.2106	6818
2026-08-19T09:39:00-04:00	10.1450	10.2099	2615
2026-08-19T09:40:00-04:00	10.1350	10.2082	5616
2026-08-19T09:41:00-04:00	10.2500	10.2048	87535
2026-08-19T09:42:00-04:00	10.2500	10.2139	77717
2026-08-19T09:43:00-04:00	10.2000	10.2105	59016
2026-08-19T09:44:00-04:00	10.1650	10.2104	1397
2026-08-19T09:45:00-04:00	10.1400	10.2098	4470
2026-08-19T09:46:00-04:00	10.0900	10.2066	15270
2026-08-19T09:47:00-04:00	10.0900	10.2062	1532
2026-08-19T09:48:00-04:00	10.0900	10.2024	15291
2026-08-19T09:49:00-04:00	10.1050	10.1983	19534
2026-08-19T09:50:00-04:00	10.1200	10.1967	10601
2026-08-19T09:51:00-04:00	10.0900	10.1905	37069
2026-08-19T09:52:00-04:00	10.0700	10.1846	28811
2026-08-19T09:53:00-04:00	10.1400	10.1836	9741
2026-08-19T09:54:00-04:00	10.1200	10.1831	3767
2026-08-19T09:55:00-04:00	10.2400	10.1832	9583
2026-08-19T09:56:00-04:00	10.2500	10.1839	10218
2026-08-19T09:57:00-04:00	10.2800	10.1844	3489
2026-08-19T09:58:00-04:00	10.2500	10.1858	9301
2026-08-19T09:59:00-04:00	10.2150	10.1859	1427
2026-08-19T10:00:00-04:00	10.1700	10.1857	8468
2026-08-19T10:01:00-04:00	10.1700	10.1856	5236
2026-08-19T10:02:00-04:00	10.1100	10.1845	11704
2026-08-19T10:03:00-04:00	10.0950	10.1829	13655
2026-08-19T10:04:00-04:00	10.0800	10.1786	30753
2026-08-19T10:05:00-04:00	10.0900	10.1738	36805
2026-08-19T10:06:00-04:00	10.0100	10.1683	28458
2026-08-19T10:07:00-04:00	10.0459	10.1656	15425
2026-08-19T10:08:00-04:00	10.1200	10.1650	7614
2026-08-19T10:09:00-04:00	10.1250	10.1647	5706
2026-08-19T10:10:00-04:00	10.1345	10.1645	12903
2026-08-19T10:11:00-04:00	10.1050	10.1636	13585
2026-08-19T10:12:00-04:00	10.1500	10.1628	20958
2026-08-19T10:13:00-04:00	10.1850	10.1630	6686
2026-08-19T10:14:00-04:00	10.1250	10.1628	4030
2026-08-19T10:15:00-04:00	10.1300	10.1627	4870
2026-08-19T10:16:00-04:00	10.2200	10.1630	9639
2026-08-19T10:17:00-04:00	10.2300	10.1638	11461
2026-08-19T10:18:00-04:00	10.2900	10.1645	5329
2026-08-19T10:19:00-04:00	10.2600	10.1648	3212
2026-08-19T10:20:00-04:00	10.2950	10.1657	6702
2026-08-19T10:21:00-04:00	10.2700	10.1665	5884
2026-08-19T10:22:00-04:00	10.2300	10.1671	7739
2026-08-19T10:23:00-04:00	10.2400	10.1673	2657
2026-08-19T10:24:00-04:00	10.2200	10.1675	3625
2026-08-19T10:25:00-04:00	10.2100	10.1676	1691
2026-08-19T10:26:00-04:00	10.2392	10.1680	5288
2026-08-19T10:27:00-04:00	10.2400	10.1683	4905
2026-08-19T10:28:00-04:00	10.2900	10.1689	4885
2026-08-19T10:29:00-04:00	10.2800	10.1691	2185
2026-08-19T10:30:00-04:00	10.2700	10.1694	3032
2026-08-19T10:31:00-04:00	10.2700	10.1702	7622
2026-08-19T10:32:00-04:00	10.2800	10.1706	2916
2026-08-19T10:33:00-04:00	10.2900	10.1720	11406
2026-08-19T10:34:00-04:00	10.2500	10.1726	6961
2026-08-19T10:35:00-04:00	10.2850	10.1728	2116
2026-08-19T10:36:00-04:00	10.3200	10.1739	7808
2026-08-19T10:37:00-04:00	10.3600	10.1753	7511
2026-08-19T10:38:00-04:00	10.4100	10.1822	31706
2026-08-19T10:39:00-04:00	10.3700	10.1828	2744
2026-08-19T10:40:00-04:00	10.3800	10.1840	6525
2026-08-19T10:41:00-04:00	10.3900	10.1849	4454
2026-08-19T10:42:00-04:00	10.3801	10.1853	2341
2026-08-19T10:43:00-04:00	10.3750	10.1857	2299
2026-08-19T10:44:00-04:00	10.3150	10.1879	15683
2026-08-19T10:45:00-04:00	10.2910	10.1883	4265
2026-08-19T10:46:00-04:00	10.2962	10.1905	23105
2026-08-19T10:47:00-04:00	10.2950	10.1906	1297
2026-08-19T10:48:00-04:00	10.2800	10.1917	12423
2026-08-19T10:49:00-04:00	10.2600	10.1918	2747
2026-08-19T10:50:00-04:00	10.2700	10.1921	3613
2026-08-19T10:51:00-04:00	10.2500	10.1924	4985
2026-08-19T10:52:00-04:00	10.2450	10.1924	584
2026-08-19T10:53:00-04:00	10.1900	10.1925	12535
2026-08-19T10:54:00-04:00	10.1850	10.1925	9827
2026-08-19T10:55:00-04:00	10.1700	10.1924	7032
2026-08-19T10:56:00-04:00	10.2150	10.1924	5991
2026-08-19T10:57:00-04:00	10.2200	10.1924	1082
2026-08-19T10:58:00-04:00	10.2100	10.1925	7116
2026-08-19T10:59:00-04:00	10.2200	10.1925	1220
2026-08-19T11:00:00-04:00	10.1950	10.1926	4332
2026-08-19T11:01:00-04:00	10.1950	10.1926	1543
2026-08-19T11:02:00-04:00	10.1800	10.1925	2390
2026-08-19T11:03:00-04:00	10.1700	10.1924	15095
2026-08-19T11:04:00-04:00	10.1500	10.1922	5959
2026-08-19T11:05:00-04:00	10.1700	10.1921	6543
2026-08-19T11:06:00-04:00	10.1900	10.1921	1455
2026-08-19T11:07:00-04:00	10.2000	10.1921	1061
2026-08-19T11:08:00-04:00	10.1850	10.1921	2020
2026-08-19T11:09:00-04:00	10.1800	10.1920	8314
2026-08-19T11:10:00-04:00	10.1800	10.1919	5003
2026-08-19T11:11:00-04:00	10.1600	10.1919	2580
2026-08-19T11:12:00-04:00	10.1800	10.1918	6084
2026-08-19T11:13:00-04:00	10.1950	10.1918	1553
2026-08-19T11:14:00-04:00	10.1850	10.1918	3672
2026-08-19T11:15:00-04:00	10.1700	10.1917	6937
2026-08-19T11:16:00-04:00	10.2000	10.1917	11349
2026-08-19T11:17:00-04:00	10.1900	10.1917	2441
2026-08-19T11:19:00-04:00	10.1810	10.1917	522
2026-08-19T11:20:00-04:00	10.1200	10.1914	8216
2026-08-19T11:21:00-04:00	10.1102	10.1523	1270449
2026-08-19T11:22:00-04:00	10.1300	10.1521	20682
2026-08-19T11:23:00-04:00	10.1300	10.1520	2292
2026-08-19T11:24:00-04:00	10.1150	10.1520	1711
2026-08-19T11:25:00-04:00	10.1050	10.1512	47073
2026-08-19T11:26:00-04:00	10.1000	10.1499	60861
2026-08-19T11:27:00-04:00	10.1100	10.1497	9139
2026-08-19T11:28:00-04:00	10.1400	10.1497	3768
2026-08-19T11:29:00-04:00	10.1400	10.1497	16620
2026-08-19T11:30:00-04:00	10.1300	10.1497	5495
2026-08-19T11:31:00-04:00	10.1350	10.1496	4563
2026-08-19T11:32:00-04:00	10.1350	10.1496	387
2026-08-19T11:33:00-04:00	10.1100	10.1495	9343
2026-08-19T11:34:00-04:00	10.1502	10.1495	14386
2026-08-19T11:35:00-04:00	10.1500	10.1503	1468425
2026-08-19T11:36:00-04:00	10.1578	10.1503	2295
2026-08-19T11:37:00-04:00	10.1450	10.1503	1833
2026-08-19T11:38:00-04:00	10.1450	10.1503	5805
2026-08-19T11:39:00-04:00	10.1450	10.1502	1286
2026-08-19T11:40:00-04:00	10.1400	10.1502	3261
2026-08-19T11:41:00-04:00	10.1450	10.1502	2966
2026-08-19T11:42:00-04:00	10.1450	10.1502	5251
2026-08-19T11:43:00-04:00	10.1400	10.1502	12049
2026-08-19T11:44:00-04:00	10.1450	10.1502	11599
2026-08-19T11:45:00-04:00	10.1450	10.1502	800
2026-08-19T11:46:00-04:00	10.1800	10.1503	18665
2026-08-19T11:47:00-04:00	10.1800	10.1503	1883
2026-08-19T11:48:00-04:00	10.2250	10.1505	15436
2026-08-19T11:49:00-04:00	10.2100	10.1506	6548
2026-08-19T11:50:00-04:00	10.2200	10.1506	3829
2026-08-19T11:51:00-04:00	10.2350	10.1507	4994
2026-08-19T11:52:00-04:00	10.2099	10.1508	6697
2026-08-19T11:53:00-04:00	10.1650	10.1509	3975
2026-08-19T11:54:00-04:00	10.1400	10.1509	1106
2026-08-19T11:55:00-04:00	10.1400	10.1508	6289
2026-08-19T11:56:00-04:00	10.1400	10.1508	2094
2026-08-19T11:57:00-04:00	10.1350	10.1508	739
2026-08-19T11:58:00-04:00	10.1400	10.1508	5363
2026-08-19T11:59:00-04:00	10.1400	10.1508	4616
2026-08-19T12:00:00-04:00	10.0799	10.1503	38247
2026-08-19T12:01:00-04:00	10.0750	10.1500	15192
2026-08-19T12:02:00-04:00	10.0800	10.1500	1437
2026-08-19T12:03:00-04:00	10.0428	10.1498	8913
2026-08-19T12:04:00-04:00	10.0300	10.1497	5386
2026-08-19T12:05:00-04:00	10.0500	10.1494	11191
2026-08-19T12:06:00-04:00	10.0600	10.1493	4447
2026-08-19T12:07:00-04:00	10.0800	10.1492	7531
2026-08-19T12:08:00-04:00	10.0450	10.1491	5590
2026-08-19T12:09:00-04:00	10.0500	10.1491	969
2026-08-19T12:10:00-04:00	10.0300	10.1490	4219
2026-08-19T12:11:00-04:00	10.0300	10.1488	7085
2026-08-19T12:12:00-04:00	10.0300	10.1487	2494
2026-08-19T12:13:00-04:00	10.0300	10.1486	2144
2026-08-19T12:14:00-04:00	10.0300	10.1486	1109
2026-08-19T12:15:00-04:00	9.9950	10.1472	40873
2026-08-19T12:16:00-04:00	10.0210	10.1465	24156
2026-08-19T12:17:00-04:00	10.0550	10.1462	10050
2026-08-19T12:18:00-04:00	10.0501	10.1461	5243
2026-08-19T12:19:00-04:00	10.0696	10.1461	2443
2026-08-19T12:20:00-04:00	10.0700	10.1461	776
2026-08-19T12:21:00-04:00	10.0650	10.1460	2454
2026-08-19T12:22:00-04:00	10.0800	10.1459	9038
2026-08-19T12:23:00-04:00	10.0800	10.1458	3673
2026-08-19T12:24:00-04:00	10.0800	10.1458	4686
2026-08-19T12:25:00-04:00	10.0900	10.1457	1982
2026-08-19T12:26:00-04:00	10.0950	10.1457	1660
2026-08-19T12:27:00-04:00	10.0700	10.1457	3545
2026-08-19T12:28:00-04:00	10.0551	10.1456	1998
2026-08-19T12:29:00-04:00	10.0400	10.1455	3792
2026-08-19T12:30:00-04:00	10.0450	10.1455	1291
2026-08-19T12:31:00-04:00	10.0495	10.1455	370
2026-08-19T12:32:00-04:00	10.0458	10.1455	1096
2026-08-19T12:33:00-04:00	10.0450	10.1454	3860
2026-08-19T12:34:00-04:00	10.0400	10.1452	9835
2026-08-19T12:35:00-04:00	10.0350	10.1451	3255
2026-08-19T12:36:00-04:00	10.0350	10.1451	1505
2026-08-19T12:37:00-04:00	10.0350	10.1450	1364
2026-08-19T12:38:00-04:00	10.0300	10.1448	7689
2026-08-19T12:39:00-04:00	10.0300	10.1448	711
2026-08-19T12:40:00-04:00	10.0300	10.1448	2123
2026-08-19T12:41:00-04:00	10.0500	10.1445	9991
2026-08-19T12:42:00-04:00	10.0350	10.1445	1381
2026-08-19T12:43:00-04:00	10.0400	10.1443	10127
2026-08-19T12:44:00-04:00	10.0400	10.1443	993
2026-08-19T12:45:00-04:00	10.0100	10.1441	6937
2026-08-19T12:46:00-04:00	10.0050	10.1439	4756
2026-08-19T12:47:00-04:00	9.9700	10.1434	14090
2026-08-19T12:48:00-04:00	9.9950	10.1431	9871
2026-08-19T12:49:00-04:00	10.0200	10.1430	5164
2026-08-19T12:50:00-04:00	10.0300	10.1428	4224
2026-08-19T12:51:00-04:00	10.0100	10.1427	4600
2026-08-19T12:52:00-04:00	10.0100	10.1427	131
2026-08-19T12:53:00-04:00	10.0050	10.1427	1507
2026-08-19T12:54:00-04:00	10.0000	10.1424	8613
2026-08-19T12:55:00-04:00	9.9900	10.1423	2315
2026-08-19T12:56:00-04:00	9.9850	10.1422	3257
2026-08-19T12:57:00-04:00	9.9850	10.1422	669
2026-08-19T12:58:00-04:00	9.9850	10.1422	727
2026-08-19T12:59:00-04:00	9.9850	10.1420	5888
2026-08-19T13:00:00-04:00	9.9800	10.1419	1693
2026-08-19T13:02:00-04:00	9.9800	10.1418	2478
2026-08-19T13:03:00-04:00	9.9800	10.1418	1420
2026-08-19T13:04:00-04:00	9.9800	10.1417	1848
2026-08-19T13:05:00-04:00	9.9748	10.1416	4080
2026-08-19T13:06:00-04:00	9.9700	10.1413	7881
2026-08-19T13:07:00-04:00	9.9450	10.1396	43292
2026-08-19T13:08:00-04:00	9.9450	10.1392	9708
2026-08-19T13:09:00-04:00	9.9450	10.1391	3416
2026-08-19T13:10:00-04:00	9.9100	10.1380	24647
2026-08-19T13:11:00-04:00	9.9200	10.1376	7294
2026-08-19T13:12:00-04:00	9.9400	10.1374	4598
2026-08-19T13:13:00-04:00	9.9350	10.1371	7474
2026-08-19T13:14:00-04:00	9.9350	10.1368	8718
2026-08-19T13:15:00-04:00	9.9450	10.1365	6304
2026-08-19T13:16:00-04:00	9.9800	10.1363	6781
2026-08-19T13:17:00-04:00	9.9826	10.1359	13349
2026-08-19T13:18:00-04:00	9.9850	10.1358	581
2026-08-19T13:19:00-04:00	9.9898	10.1358	691
2026-08-19T13:20:00-04:00	9.9800	10.1353	14941
2026-08-19T13:21:00-04:00	9.9800	10.1352	3946
2026-08-19T13:22:00-04:00	9.9850	10.1352	563
2026-08-19T13:23:00-04:00	9.9900	10.1350	6193
2026-08-19T13:26:00-04:00	10.0100	10.1348	7730
2026-08-19T13:27:00-04:00	10.0200	10.1346	7696
2026-08-19T13:28:00-04:00	10.0300	10.1345	2841
2026-08-19T13:29:00-04:00	10.0300	10.1345	2543
2026-08-19T13:30:00-04:00	10.0450	10.1345	552
2026-08-19T13:31:00-04:00	10.0450	10.1345	100
2026-08-19T13:32:00-04:00	10.0450	10.1345	1491
2026-08-19T13:33:00-04:00	10.0401	10.1344	1490
2026-08-19T13:34:00-04:00	10.0400	10.1344	2415
2026-08-19T13:35:00-04:00	10.0300	10.1343	4914
2026-08-19T13:36:00-04:00	10.0150	10.1342	3687
2026-08-19T13:37:00-04:00	9.9850	10.1338	15305
2026-08-19T13:38:00-04:00	9.9950	10.1336	6866
2026-08-19T13:39:00-04:00	9.9900	10.1335	3232
2026-08-19T13:40:00-04:00	9.9800	10.1334	2085
2026-08-19T13:42:00-04:00	10.0050	10.1330	14210
2026-08-19T13:43:00-04:00	10.0050	10.1330	226
2026-08-19T13:44:00-04:00	10.0100	10.1330	1039
2026-08-19T13:45:00-04:00	10.0050	10.1329	4587
2026-08-19T13:46:00-04:00	10.0100	10.1328	1309
2026-08-19T13:47:00-04:00	10.0350	10.1327	6443
2026-08-19T13:48:00-04:00	10.0400	10.1327	2269
2026-08-19T13:49:00-04:00	10.0350	10.1326	1161
2026-08-19T13:50:00-04:00	10.0518	10.1325	9919
2026-08-19T13:51:00-04:00	10.0550	10.1324	1935
2026-08-19T13:52:00-04:00	10.0200	10.1322	10727
2026-08-19T13:53:00-04:00	10.0400	10.1321	3422
2026-08-19T13:54:00-04:00	10.0400	10.1321	2281
2026-08-19T13:55:00-04:00	10.0200	10.1321	2340
2026-08-19T13:56:00-04:00	10.0200	10.1320	1279
2026-08-19T13:57:00-04:00	10.0000	10.1319	3688
2026-08-19T13:58:00-04:00	9.9950	10.1319	716
2026-08-19T13:59:00-04:00	9.9800	10.1319	1754
2026-08-19T14:00:00-04:00	9.9900	10.1317	5895
2026-08-19T14:01:00-04:00	9.9850	10.1317	185
2026-08-19T14:02:00-04:00	9.9700	10.1315	4454
2026-08-19T14:03:00-04:00	9.9200	10.1305	27627
2026-08-19T14:04:00-04:00	9.9200	10.1302	7565
2026-08-19T14:05:00-04:00	9.9600	10.1296	15662
2026-08-19T14:06:00-04:00	10.0000	10.1294	8564
2026-08-19T14:07:00-04:00	9.9850	10.1293	1152
2026-08-19T14:08:00-04:00	9.9650	10.1292	2984
2026-08-19T14:09:00-04:00	9.9700	10.1288	13924
2026-08-19T14:10:00-04:00	9.9600	10.1285	10308
2026-08-19T14:11:00-04:00	9.9529	10.1282	8797
2026-08-19T14:12:00-04:00	9.9550	10.1281	533
2026-08-19T14:13:00-04:00	9.9300	10.1278	8215
2026-08-19T14:14:00-04:00	9.9300	10.1278	1094
2026-08-19T14:15:00-04:00	9.9250	10.1277	2016
2026-08-19T14:16:00-04:00	9.9200	10.1277	923
2026-08-19T14:17:00-04:00	9.9100	10.1276	1492
2026-08-19T14:18:00-04:00	9.9300	10.1266	27619
2026-08-19T14:19:00-04:00	9.9050	10.1263	6340
2026-08-19T14:20:00-04:00	9.9250	10.1260	7595
2026-08-19T14:21:00-04:00	9.9301	10.1258	5053
2026-08-19T14:22:00-04:00	9.9300	10.1258	1098
2026-08-19T14:23:00-04:00	9.9250	10.1257	1241
2026-08-19T14:24:00-04:00	9.9350	10.1250	19849
2026-08-19T14:25:00-04:00	9.9400	10.1249	3757
2026-08-19T14:26:00-04:00	9.9450	10.1248	3197
2026-08-19T14:27:00-04:00	9.9400	10.1246	3265
2026-08-19T14:28:00-04:00	9.9350	10.1246	2188
2026-08-19T14:29:00-04:00	9.9350	10.1244	4054
2026-08-19T14:30:00-04:00	9.9350	10.1244	266
2026-08-19T14:31:00-04:00	9.9350	10.1243	1593
2026-08-19T14:32:00-04:00	9.9300	10.1240	9912
2026-08-19T14:33:00-04:00	9.9150	10.1239	1642
2026-08-19T14:34:00-04:00	9.9150	10.1239	1113
2026-08-19T14:35:00-04:00	9.9000	10.1236	6381
2026-08-19T14:36:00-04:00	9.9100	10.1231	11694
2026-08-19T14:37:00-04:00	9.8900	10.1228	6780
2026-08-19T14:38:00-04:00	9.8900	10.1227	3405
2026-08-19T14:39:00-04:00	9.9100	10.1224	4992
2026-08-19T14:40:00-04:00	9.9200	10.1220	11111
2026-08-19T14:41:00-04:00	9.9200	10.1220	961
2026-08-19T14:42:00-04:00	9.9200	10.1219	1574
2026-08-19T14:43:00-04:00	9.9400	10.1216	9133
2026-08-19T14:44:00-04:00	9.9500	10.1213	10298
2026-08-19T14:45:00-04:00	9.9300	10.0610	2566695
2026-08-19T14:46:00-04:00	9.9349	10.0609	2521
2026-08-19T14:47:00-04:00	9.9350	10.0609	1115
2026-08-19T14:48:00-04:00	9.9400	10.0608	9680
2026-08-19T14:49:00-04:00	9.9700	10.0607	5446
2026-08-19T14:50:00-04:00	9.9550	10.0606	5811
2026-08-19T14:51:00-04:00	9.9950	10.0605	8585
2026-08-19T14:52:00-04:00	9.9800	10.0605	4984
2026-08-19T14:53:00-04:00	9.9800	10.0605	1616
2026-08-19T14:54:00-04:00	9.9800	10.0604	4814
2026-08-19T14:55:00-04:00	10.0200	10.0604	8059
2026-08-19T14:56:00-04:00	10.0100	10.0603	2308
2026-08-19T14:57:00-04:00	9.9900	10.0603	9651
2026-08-19T14:58:00-04:00	10.0000	10.0602	2313
2026-08-19T14:59:00-04:00	10.0150	10.0602	8264
2026-08-19T15:00:00-04:00	10.0350	10.0601	15922
2026-08-19T15:01:00-04:00	10.0200	10.0601	5592
2026-08-19T15:02:00-04:00	10.0150	10.0601	2369
2026-08-19T15:03:00-04:00	10.0150	10.0601	566
2026-08-19T15:04:00-04:00	10.0101	10.0600	7074
2026-08-19T15:05:00-04:00	10.0150	10.0600	2626
2026-08-19T15:06:00-04:00	10.0400	10.0600	6673
2026-08-19T15:07:00-04:00	10.0300	10.0600	4648
2026-08-19T15:08:00-04:00	10.0300	10.0600	2468
2026-08-19T15:09:00-04:00	10.0250	10.0600	4764
2026-08-19T15:10:00-04:00	10.0150	10.0599	2747
2026-08-19T15:11:00-04:00	10.0150	10.0599	1703
2026-08-19T15:12:00-04:00	10.0200	10.0599	7244
2026-08-19T15:13:00-04:00	10.0300	10.0598	13098
2026-08-19T15:14:00-04:00	9.9950	10.0598	5808
2026-08-19T15:15:00-04:00	9.9750	10.0596	16037
2026-08-19T15:16:00-04:00	10.0100	10.0596	12198
2026-08-19T15:17:00-04:00	10.0500	10.0595	14739
2026-08-19T15:18:00-04:00	10.0500	10.0595	1001
2026-08-19T15:19:00-04:00	10.0500	10.0595	2945
2026-08-19T15:20:00-04:00	10.0400	10.0595	9477
2026-08-19T15:21:00-04:00	10.0250	10.0595	6541
2026-08-19T15:22:00-04:00	10.0250	10.0595	3752
2026-08-19T15:23:00-04:00	10.0854	10.0595	11314
2026-08-19T15:24:00-04:00	10.0850	10.0595	944
2026-08-19T15:25:00-04:00	10.1000	10.0596	29285
2026-08-19T15:26:00-04:00	10.1050	10.0597	23822
2026-08-19T15:27:00-04:00	10.1900	10.0599	14695
2026-08-19T15:28:00-04:00	10.1700	10.0604	33718
2026-08-19T15:29:00-04:00	10.1400	10.0604	3012
2026-08-19T15:30:00-04:00	10.1150	10.0605	11097
2026-08-19T15:31:00-04:00	10.1200	10.0605	4657
2026-08-19T15:32:00-04:00	10.1200	10.0606	14282
2026-08-19T15:33:00-04:00	10.1150	10.0607	8120
2026-08-19T15:34:00-04:00	10.1150	10.0607	1320
2026-08-19T15:35:00-04:00	10.1200	10.0608	25693
2026-08-19T15:36:00-04:00	10.1050	10.0608	1823
2026-08-19T15:37:00-04:00	10.1400	10.0609	10357
2026-08-19T15:38:00-04:00	10.1350	10.0610	2364
2026-08-19T15:39:00-04:00	10.1250	10.0610	9488
2026-08-19T15:40:00-04:00	10.1500	10.0614	34017
2026-08-19T15:41:00-04:00	10.1400	10.0616	16928
2026-08-19T15:42:00-04:00	10.1450	10.0617	13697
2026-08-19T15:43:00-04:00	10.1250	10.0618	9097
2026-08-19T15:44:00-04:00	10.1350	10.0619	9552
2026-08-19T15:45:00-04:00	10.1700	10.0622	27777
2026-08-19T15:46:00-04:00	10.1866	10.0626	32896
2026-08-19T15:47:00-04:00	10.1750	10.0627	3671
2026-08-19T15:48:00-04:00	10.1801	10.0629	18710
2026-08-19T15:49:00-04:00	10.1600	10.0633	30089
2026-08-19T15:50:00-04:00	10.1050	10.0634	10209
2026-08-19T15:51:00-04:00	10.1050	10.0636	76321
2026-08-19T15:52:00-04:00	10.1850	10.0638	22887
2026-08-19T15:53:00-04:00	10.1100	10.0641	29863
2026-08-19T15:54:00-04:00	10.1400	10.0642	14209
2026-08-19T15:55:00-04:00	10.2050	10.0645	22938
2026-08-19T15:56:00-04:00	10.2000	10.0651	37025
2026-08-19T15:57:00-04:00	10.1625	10.0654	23238
2026-08-19T15:58:00-04:00	10.1800	10.0661	60906
2026-08-19T15:59:00-04:00	10.1800	10.0675	104871
