timestamp_et	open	high	low	close	volume	source
2026-07-23T09:30:00-04:00	17.469999	17.889999	17.469999	17.889999	9541	yfinance_1m
2026-07-23T09:31:00-04:00	17.889999	18.290001	17.889999	18.290001	2441	yfinance_1m
2026-07-23T09:32:00-04:00	18.209999	18.290001	18.209999	18.290001	619	yfinance_1m
2026-07-23T09:33:00-04:00	18.290001	18.290001	18.27	18.27	314	yfinance_1m
2026-07-23T09:34:00-04:00	18.290001	18.5	18.27	18.5	4457	yfinance_1m
2026-07-23T09:35:00-04:00	18.51	18.59	18.5	18.5	876	yfinance_1m
2026-07-23T09:36:00-04:00	18.34	18.59	18.25	18.48	1737	yfinance_1m
2026-07-23T09:37:00-04:00	18.299999	18.299999	18.17	18.17	1394	yfinance_1m
2026-07-23T09:38:00-04:00	18.305	18.305	18.129999	18.129999	677	yfinance_1m
2026-07-23T09:39:00-04:00	18.412201	18.412201	18.120001	18.120001	2023	yfinance_1m
2026-07-23T09:40:00-04:00	18.33	18.344999	18.23	18.23	1791	yfinance_1m
2026-07-23T09:41:00-04:00	18.209999	18.209999	18.209999	18.209999	300	yfinance_1m
2026-07-23T09:42:00-04:00	18.344999	18.355	18.200001	18.355	1501	yfinance_1m
2026-07-23T09:43:00-04:00	18.355	18.355	18.24	18.25	6776	yfinance_1m
2026-07-23T09:44:00-04:00	18.26	18.379999	18.24	18.379999	5250	yfinance_1m
2026-07-23T09:45:00-04:00	18.27	18.32	18.110001	18.157499	2982	yfinance_1m
2026-07-23T09:46:00-04:00	18.09	18.120001	18.09	18.120001	6891	yfinance_1m
2026-07-23T09:47:00-04:00	18.125	18.219999	18.105	18.145	14978	yfinance_1m
2026-07-23T09:48:00-04:00	18.0875	18.0875	18.08	18.08	353	yfinance_1m
2026-07-23T09:49:00-04:00	18.08	18.08	17.957399	18.059999	2219	yfinance_1m
2026-07-23T09:50:00-04:00	18.035	18.035	18.02	18.025	638	yfinance_1m
2026-07-23T09:51:00-04:00	18.077999	18.077999	18.025	18.025	548	yfinance_1m
2026-07-23T09:52:00-04:00	18.025	18.120001	17.950001	17.950001	1544	yfinance_1m
2026-07-23T09:53:00-04:00	17.99	17.99	17.99	17.99	103	yfinance_1m
2026-07-23T09:54:00-04:00	18.0	18.0	17.969999	18.0	1403	yfinance_1m
2026-07-23T09:55:00-04:00	18.135	18.1961	18.135	18.1961	2171	yfinance_1m
2026-07-23T09:56:00-04:00	18.174999	18.174999	18.174999	18.174999	300	yfinance_1m
2026-07-23T09:57:00-04:00	18.174999	18.290701	18.155001	18.155001	1411	yfinance_1m
2026-07-23T09:58:00-04:00	18.139999	18.139999	18.139999	18.139999	200	yfinance_1m
2026-07-23T09:59:00-04:00	18.145	18.15	18.040001	18.145	1041	yfinance_1m
2026-07-23T10:00:00-04:00	18.07	18.139999	18.07	18.139999	542	yfinance_1m
2026-07-23T10:02:00-04:00	18.145	18.145	18.135	18.135	1006	yfinance_1m
2026-07-23T10:03:00-04:00	18.135	18.135	18.135	18.135	287	yfinance_1m
2026-07-23T10:04:00-04:00	18.135	18.135	18.07	18.08	1647	yfinance_1m
2026-07-23T10:05:00-04:00	18.190001	18.209999	18.190001	18.209999	2126	yfinance_1m
2026-07-23T10:06:00-04:00	18.209999	18.209999	18.209999	18.209999	504	yfinance_1m
2026-07-23T10:07:00-04:00	18.219999	18.219999	18.1	18.1	2193	yfinance_1m
2026-07-23T10:08:00-04:00	18.09	18.1	18.07	18.08	2666	yfinance_1m
2026-07-23T10:09:00-04:00	18.01	18.025	18.01	18.025	1310	yfinance_1m
2026-07-23T10:10:00-04:00	18.110001	18.110001	18.059999	18.059999	896	yfinance_1m
2026-07-23T10:11:00-04:00	18.120001	18.120001	18.120001	18.120001	599	yfinance_1m
2026-07-23T10:13:00-04:00	18.030001	18.030001	18.0	18.0	907	yfinance_1m
2026-07-23T10:14:00-04:00	17.99	18.18	17.969999	18.0	1689	yfinance_1m
2026-07-23T10:15:00-04:00	18.0	18.049999	17.950001	18.049999	998	yfinance_1m
2026-07-23T10:16:00-04:00	17.93	17.99	17.93	17.99	211	yfinance_1m
2026-07-23T10:17:00-04:00	17.92	17.92	17.92	17.92	677	yfinance_1m
2026-07-23T10:18:00-04:00	17.924999	17.93	17.924999	17.93	262	yfinance_1m
2026-07-23T10:19:00-04:00	17.934999	17.934999	17.934999	17.934999	300	yfinance_1m
2026-07-23T10:20:00-04:00	17.934999	17.934999	17.934999	17.934999	1248	yfinance_1m
2026-07-23T10:22:00-04:00	18.02	18.09	17.959999	18.02	3027	yfinance_1m
2026-07-23T10:23:00-04:00	17.959999	17.959999	17.940001	17.940001	578	yfinance_1m
2026-07-23T10:24:00-04:00	17.934999	17.934999	17.934999	17.934999	192	yfinance_1m
2026-07-23T10:26:00-04:00	18.0	18.01	18.0	18.01	516	yfinance_1m
2026-07-23T10:28:00-04:00	17.99	17.99	17.940001	17.950001	2032	yfinance_1m
2026-07-23T10:29:00-04:00	17.950001	17.955	17.950001	17.955	276	yfinance_1m
2026-07-23T10:30:00-04:00	17.959999	17.959999	17.950001	17.950001	696	yfinance_1m
2026-07-23T10:31:00-04:00	17.91	17.91	17.91	17.91	402	yfinance_1m
2026-07-23T10:32:00-04:00	17.9	17.9	17.860001	17.860001	682	yfinance_1m
2026-07-23T10:33:00-04:00	17.865	17.865	17.865	17.865	373	yfinance_1m
2026-07-23T10:35:00-04:00	17.780001	17.780001	17.735001	17.735001	2318	yfinance_1m
2026-07-23T10:36:00-04:00	17.790001	17.790001	17.709999	17.790001	4044	yfinance_1m
2026-07-23T10:37:00-04:00	17.870001	17.93	17.870001	17.889999	1802	yfinance_1m
2026-07-23T10:38:00-04:00	17.91	17.91	17.82	17.9	2681	yfinance_1m
2026-07-23T10:39:00-04:00	17.9	17.9	17.895	17.895	216	yfinance_1m
2026-07-23T10:40:00-04:00	17.879999	17.9181	17.83	17.895	1002	yfinance_1m
2026-07-23T10:41:00-04:00	17.82	17.82	17.719999	17.719999	2442	yfinance_1m
2026-07-23T10:42:00-04:00	17.709999	17.709999	17.645	17.645	572	yfinance_1m
2026-07-23T10:43:00-04:00	17.719999	17.73	17.690001	17.690001	1568	yfinance_1m
2026-07-23T10:44:00-04:00	17.690001	17.769899	17.629999	17.667101	3002	yfinance_1m
2026-07-23T10:45:00-04:00	17.684999	17.684999	17.68	17.68	870	yfinance_1m
2026-07-23T10:46:00-04:00	17.700001	17.77	17.655001	17.77	1863	yfinance_1m
2026-07-23T10:48:00-04:00	17.77	17.77	17.77	17.77	1177	yfinance_1m
2026-07-23T10:50:00-04:00	17.719999	17.75	17.66	17.719999	5885	yfinance_1m
2026-07-23T10:51:00-04:00	17.73	17.74	17.73	17.74	725	yfinance_1m
2026-07-23T10:52:00-04:00	17.715	17.780001	17.6793	17.780001	739	yfinance_1m
2026-07-23T10:53:00-04:00	17.795	17.795	17.795	17.795	609	yfinance_1m
2026-07-23T10:54:00-04:00	17.795	17.8599	17.74	17.8599	747	yfinance_1m
2026-07-23T10:55:00-04:00	17.77	17.82	17.74	17.82	1894	yfinance_1m
2026-07-23T10:56:00-04:00	17.809999	17.844999	17.809999	17.844999	1977	yfinance_1m
2026-07-23T10:57:00-04:00	17.844999	17.844999	17.844999	17.844999	139	yfinance_1m
2026-07-23T10:58:00-04:00	17.790001	17.7901	17.790001	17.790001	1217	yfinance_1m
2026-07-23T10:59:00-04:00	17.76	17.815001	17.75	17.815001	319	yfinance_1m
2026-07-23T11:00:00-04:00	17.790001	17.805	17.74	17.805	2710	yfinance_1m
2026-07-23T11:01:00-04:00	17.73	17.74	17.700001	17.700001	2291	yfinance_1m
2026-07-23T11:03:00-04:00	17.68	17.68	17.629999	17.629999	2579	yfinance_1m
2026-07-23T11:04:00-04:00	17.620001	17.65	17.545	17.639999	2634	yfinance_1m
2026-07-23T11:07:00-04:00	17.6	17.6	17.6	17.6	241	yfinance_1m
2026-07-23T11:08:00-04:00	17.6	17.6	17.6	17.6	569	yfinance_1m
2026-07-23T11:09:00-04:00	17.58	17.59	17.57	17.59	941	yfinance_1m
2026-07-23T11:10:00-04:00	17.5637	17.5637	17.530001	17.545	834	yfinance_1m
2026-07-23T11:11:00-04:00	17.545	17.545	17.540001	17.540001	800	yfinance_1m
2026-07-23T11:12:00-04:00	17.540001	17.540001	17.51	17.51	1216	yfinance_1m
2026-07-23T11:13:00-04:00	17.535	17.535	17.51	17.51	832	yfinance_1m
2026-07-23T11:14:00-04:00	17.57	17.57	17.57	17.57	161	yfinance_1m
2026-07-23T11:15:00-04:00	17.555	17.59	17.555	17.59	1125	yfinance_1m
2026-07-23T11:16:00-04:00	17.549999	17.610001	17.530001	17.530001	3929	yfinance_1m
2026-07-23T11:17:00-04:00	17.530001	17.563499	17.530001	17.563499	1435	yfinance_1m
2026-07-23T11:18:00-04:00	17.549999	17.549999	17.549999	17.549999	240	yfinance_1m
2026-07-23T11:19:00-04:00	17.545	17.545	17.52	17.52	1927	yfinance_1m
2026-07-23T11:20:00-04:00	17.528999	17.59	17.528999	17.59	2933	yfinance_1m
2026-07-23T11:21:00-04:00	17.594999	17.594999	17.594999	17.594999	460	yfinance_1m
2026-07-23T11:22:00-04:00	17.594999	17.594999	17.594999	17.594999	1530	yfinance_1m
2026-07-23T11:23:00-04:00	17.59	17.6	17.59	17.6	898	yfinance_1m
2026-07-23T11:24:00-04:00	17.6	17.6	17.6	17.6	306	yfinance_1m
2026-07-23T11:25:00-04:00	17.65	17.785	17.639999	17.754999	5297	yfinance_1m
2026-07-23T11:27:00-04:00	17.700001	17.700001	17.67	17.67	1329	yfinance_1m
2026-07-23T11:28:00-04:00	17.66	17.66	17.65	17.65	597	yfinance_1m
2026-07-23T11:29:00-04:00	17.745001	17.745001	17.629999	17.65	1451	yfinance_1m
2026-07-23T11:30:00-04:00	17.639999	17.639999	17.639999	17.639999	239	yfinance_1m
2026-07-23T11:32:00-04:00	17.709999	17.709999	17.620001	17.705	1164	yfinance_1m
2026-07-23T11:33:00-04:00	17.819901	17.85	17.785	17.785	2896	yfinance_1m
2026-07-23T11:35:00-04:00	17.860001	17.860001	17.860001	17.860001	417	yfinance_1m
2026-07-23T11:37:00-04:00	17.799999	17.799999	17.799999	17.799999	103	yfinance_1m
2026-07-23T11:38:00-04:00	17.799999	17.799999	17.799999	17.799999	383	yfinance_1m
2026-07-23T11:39:00-04:00	17.809999	17.809999	17.809999	17.809999	212	yfinance_1m
2026-07-23T11:40:00-04:00	17.879999	17.92	17.870001	17.9	4126	yfinance_1m
2026-07-23T11:41:00-04:00	17.915001	17.915001	17.83	17.83	4020	yfinance_1m
2026-07-23T11:42:00-04:00	17.85	17.85	17.85	17.85	123	yfinance_1m
2026-07-23T11:43:00-04:00	17.809999	17.809999	17.76	17.780001	1384	yfinance_1m
2026-07-23T11:44:00-04:00	17.785	17.785	17.785	17.785	111	yfinance_1m
2026-07-23T11:45:00-04:00	17.785	17.785	17.785	17.785	801	yfinance_1m
2026-07-23T11:46:00-04:00	17.785	17.785	17.785	17.785	144	yfinance_1m
2026-07-23T11:48:00-04:00	17.73	17.785	17.73	17.785	364	yfinance_1m
2026-07-23T11:49:00-04:00	17.785	17.785	17.73	17.73	512	yfinance_1m
2026-07-23T11:50:00-04:00	17.74	17.799999	17.74	17.785	4355	yfinance_1m
2026-07-23T11:51:00-04:00	17.785	17.785	17.68	17.68	3694	yfinance_1m
2026-07-23T11:52:00-04:00	17.68	17.68	17.68	17.68	104	yfinance_1m
2026-07-23T11:53:00-04:00	17.67	17.67	17.67	17.67	627	yfinance_1m
2026-07-23T11:54:00-04:00	17.709999	17.709999	17.709999	17.709999	1580	yfinance_1m
2026-07-23T11:55:00-04:00	17.709999	17.75	17.67	17.715	1850	yfinance_1m
2026-07-23T11:56:00-04:00	17.719999	17.73	17.719999	17.73	1086	yfinance_1m
2026-07-23T11:57:00-04:00	17.700001	17.719999	17.690001	17.690001	1609	yfinance_1m
2026-07-23T11:58:00-04:00	17.700001	17.700001	17.700001	17.700001	600	yfinance_1m
2026-07-23T11:59:00-04:00	17.690001	17.719999	17.690001	17.719999	553	yfinance_1m
2026-07-23T12:00:00-04:00	17.700001	17.700001	17.700001	17.700001	771	yfinance_1m
2026-07-23T12:01:00-04:00	17.68	17.74	17.67	17.68	10484	yfinance_1m
2026-07-23T12:02:00-04:00	17.68	17.690001	17.68	17.690001	592	yfinance_1m
2026-07-23T12:03:00-04:00	17.68	17.68	17.68	17.68	118	yfinance_1m
2026-07-23T12:04:00-04:00	17.68	17.684999	17.639999	17.684999	861	yfinance_1m
2026-07-23T12:05:00-04:00	17.684999	17.684999	17.684999	17.684999	1223	yfinance_1m
2026-07-23T12:06:00-04:00	17.700001	17.700001	17.684999	17.684999	2525	yfinance_1m
2026-07-23T12:07:00-04:00	17.66	17.684999	17.66	17.684999	343	yfinance_1m
2026-07-23T12:08:00-04:00	17.719999	17.73	17.690001	17.690001	2074	yfinance_1m
2026-07-23T12:10:00-04:00	17.73	17.74	17.705	17.705	2713	yfinance_1m
2026-07-23T12:11:00-04:00	17.709999	17.709999	17.709999	17.709999	113	yfinance_1m
2026-07-23T12:12:00-04:00	17.709999	17.709999	17.65	17.65	4160	yfinance_1m
2026-07-23T12:13:00-04:00	17.620001	17.700001	17.620001	17.66	2001	yfinance_1m
2026-07-23T12:14:00-04:00	17.66	17.700001	17.66	17.700001	1652	yfinance_1m
2026-07-23T12:15:00-04:00	17.700001	17.700001	17.66	17.66	1506	yfinance_1m
2026-07-23T12:17:00-04:00	17.700001	17.73	17.68	17.73	3612	yfinance_1m
2026-07-23T12:19:00-04:00	17.700001	17.705	17.700001	17.700001	1540	yfinance_1m
2026-07-23T12:20:00-04:00	17.705	17.719999	17.700001	17.719999	1287	yfinance_1m
2026-07-23T12:21:00-04:00	17.709999	17.709999	17.709999	17.709999	388	yfinance_1m
2026-07-23T12:22:00-04:00	17.715	17.715	17.715	17.715	243	yfinance_1m
2026-07-23T12:23:00-04:00	17.75	17.780001	17.75	17.780001	3703	yfinance_1m
2026-07-23T12:24:00-04:00	17.790001	17.790001	17.780001	17.780001	1790	yfinance_1m
2026-07-23T12:25:00-04:00	17.73	17.75	17.700001	17.709999	2286	yfinance_1m
2026-07-23T12:26:00-04:00	17.725	17.725	17.67	17.67	509	yfinance_1m
2026-07-23T12:27:00-04:00	17.725	17.725	17.725	17.725	482	yfinance_1m
2026-07-23T12:28:00-04:00	17.73	17.73	17.725	17.725	236	yfinance_1m
2026-07-23T12:29:00-04:00	17.715	17.715	17.715	17.715	107	yfinance_1m
2026-07-23T12:30:00-04:00	17.75	17.75	17.68	17.68	1652	yfinance_1m
2026-07-23T12:31:00-04:00	17.700001	17.700001	17.700001	17.700001	134	yfinance_1m
2026-07-23T12:32:00-04:00	17.6831	17.6831	17.6831	17.6831	182	yfinance_1m
2026-07-23T12:33:00-04:00	17.700001	17.700001	17.67	17.67	639	yfinance_1m
2026-07-23T12:34:00-04:00	17.67	17.67	17.629999	17.635	1843	yfinance_1m
2026-07-23T12:35:00-04:00	17.655001	17.690001	17.655001	17.67	1025	yfinance_1m
2026-07-23T12:37:00-04:00	17.68	17.68	17.68	17.68	273	yfinance_1m
2026-07-23T12:38:00-04:00	17.68	17.68	17.68	17.68	334	yfinance_1m
2026-07-23T12:39:00-04:00	17.700001	17.700001	17.700001	17.700001	1040	yfinance_1m
2026-07-23T12:40:00-04:00	17.690001	17.708799	17.690001	17.690001	848	yfinance_1m
2026-07-23T12:41:00-04:00	17.68	17.709999	17.639999	17.695	6994	yfinance_1m
2026-07-23T12:43:00-04:00	17.639999	17.639999	17.639999	17.639999	518	yfinance_1m
2026-07-23T12:44:00-04:00	17.639999	17.67	17.639999	17.655001	2258	yfinance_1m
2026-07-23T12:45:00-04:00	17.65	17.66	17.65	17.66	1228	yfinance_1m
2026-07-23T12:47:00-04:00	17.629999	17.629999	17.57	17.575001	1348	yfinance_1m
2026-07-23T12:48:00-04:00	17.575001	17.575001	17.575001	17.575001	200	yfinance_1m
2026-07-23T12:49:00-04:00	17.549999	17.559999	17.530001	17.530001	384	yfinance_1m
2026-07-23T12:50:00-04:00	17.530001	17.540001	17.51	17.51	1017	yfinance_1m
2026-07-23T12:51:00-04:00	17.545	17.58	17.52	17.52	1005	yfinance_1m
2026-07-23T12:52:00-04:00	17.545	17.57	17.51	17.51	2035	yfinance_1m
2026-07-23T12:53:00-04:00	17.545	17.545	17.5	17.535	3242	yfinance_1m
2026-07-23T12:54:00-04:00	17.535	17.535	17.535	17.535	674	yfinance_1m
2026-07-23T12:55:00-04:00	17.535	17.535	17.535	17.535	1019	yfinance_1m
2026-07-23T12:56:00-04:00	17.535	17.575001	17.535	17.575001	4567	yfinance_1m
2026-07-23T12:57:00-04:00	17.540001	17.540001	17.540001	17.540001	271	yfinance_1m
2026-07-23T12:58:00-04:00	17.58	17.59	17.58	17.58	4785	yfinance_1m
2026-07-23T12:59:00-04:00	17.58	17.605	17.58	17.605	1761	yfinance_1m
2026-07-23T13:00:00-04:00	17.639999	17.645	17.639999	17.645	1927	yfinance_1m
2026-07-23T13:01:00-04:00	17.610001	17.639999	17.610001	17.639999	1522	yfinance_1m
2026-07-23T13:03:00-04:00	17.639999	17.639999	17.639999	17.639999	3480	yfinance_1m
2026-07-23T13:04:00-04:00	17.639999	17.709999	17.639999	17.690001	4251	yfinance_1m
2026-07-23T13:05:00-04:00	17.665001	17.665001	17.6	17.610001	6807	yfinance_1m
2026-07-23T13:06:00-04:00	17.58	17.58	17.58	17.58	310	yfinance_1m
2026-07-23T13:08:00-04:00	17.549999	17.58	17.525	17.530001	2968	yfinance_1m
2026-07-23T13:09:00-04:00	17.530001	17.530001	17.530001	17.530001	101	yfinance_1m
2026-07-23T13:10:00-04:00	17.535	17.535	17.535	17.535	355	yfinance_1m
2026-07-23T13:11:00-04:00	17.52	17.52	17.52	17.52	502	yfinance_1m
2026-07-23T13:13:00-04:00	17.51	17.51	17.450001	17.450001	1295	yfinance_1m
2026-07-23T13:14:00-04:00	17.469999	17.469999	17.469999	17.469999	947	yfinance_1m
2026-07-23T13:15:00-04:00	17.469999	17.52	17.469999	17.52	1794	yfinance_1m
2026-07-23T13:17:00-04:00	17.495001	17.530001	17.495001	17.530001	629	yfinance_1m
2026-07-23T13:18:00-04:00	17.51	17.51	17.51	17.51	166	yfinance_1m
2026-07-23T13:20:00-04:00	17.514999	17.514999	17.514999	17.514999	200	yfinance_1m
2026-07-23T13:21:00-04:00	17.540001	17.540001	17.540001	17.540001	1187	yfinance_1m
2026-07-23T13:22:00-04:00	17.49	17.5	17.49	17.5	1142	yfinance_1m
2026-07-23T13:23:00-04:00	17.5	17.5	17.5	17.5	1360	yfinance_1m
2026-07-23T13:24:00-04:00	17.469999	17.469999	17.469999	17.469999	181	yfinance_1m
2026-07-23T13:25:00-04:00	17.504999	17.514999	17.504999	17.514999	1331	yfinance_1m
2026-07-23T13:27:00-04:00	17.51	17.51	17.51	17.51	685	yfinance_1m
2026-07-23T13:28:00-04:00	17.51	17.51	17.51	17.51	1121	yfinance_1m
2026-07-23T13:29:00-04:00	17.4701	17.51	17.469999	17.48	4498	yfinance_1m
2026-07-23T13:31:00-04:00	17.48	17.487801	17.43	17.440001	4846	yfinance_1m
2026-07-23T13:32:00-04:00	17.509899	17.509899	17.509899	17.509899	257	yfinance_1m
2026-07-23T13:33:00-04:00	17.475	17.475	17.475	17.475	392	yfinance_1m
2026-07-23T13:35:00-04:00	17.459999	17.459999	17.42	17.42	2109	yfinance_1m
2026-07-23T13:36:00-04:00	17.440001	17.450001	17.424999	17.450001	2411	yfinance_1m
2026-07-23T13:37:00-04:00	17.424999	17.424999	17.4	17.4	2153	yfinance_1m
2026-07-23T13:38:00-04:00	17.379999	17.395	17.370001	17.385	1035	yfinance_1m
2026-07-23T13:39:00-04:00	17.385	17.41	17.379999	17.389999	2490	yfinance_1m
2026-07-23T13:40:00-04:00	17.389999	17.415001	17.389999	17.415001	2114	yfinance_1m
2026-07-23T13:41:00-04:00	17.409901	17.42	17.385	17.41	2575	yfinance_1m
2026-07-23T13:42:00-04:00	17.42	17.43	17.42	17.42	1552	yfinance_1m
2026-07-23T13:43:00-04:00	17.450001	17.450001	17.450001	17.450001	309	yfinance_1m
2026-07-23T13:44:00-04:00	17.455	17.465	17.455	17.465	1530	yfinance_1m
2026-07-23T13:45:00-04:00	17.465	17.545	17.465	17.540001	1773	yfinance_1m
2026-07-23T13:46:00-04:00	17.5	17.5	17.5	17.5	874	yfinance_1m
2026-07-23T13:48:00-04:00	17.504999	17.504999	17.504999	17.504999	431	yfinance_1m
2026-07-23T13:49:00-04:00	17.485001	17.485001	17.485001	17.485001	944	yfinance_1m
2026-07-23T13:50:00-04:00	17.504999	17.504999	17.5	17.5	226	yfinance_1m
2026-07-23T13:51:00-04:00	17.48	17.49	17.48	17.49	1043	yfinance_1m
2026-07-23T13:53:00-04:00	17.485001	17.485001	17.485001	17.485001	1120	yfinance_1m
2026-07-23T13:54:00-04:00	17.485001	17.485001	17.485001	17.485001	562	yfinance_1m
2026-07-23T13:55:00-04:00	17.485001	17.485001	17.485001	17.485001	526	yfinance_1m
2026-07-23T13:56:00-04:00	17.52	17.530001	17.485001	17.485001	2380	yfinance_1m
2026-07-23T13:57:00-04:00	17.485001	17.485001	17.450001	17.450001	959	yfinance_1m
2026-07-23T13:58:00-04:00	17.530001	17.530001	17.530001	17.530001	1053	yfinance_1m
2026-07-23T13:59:00-04:00	17.485001	17.485001	17.450001	17.485001	1267	yfinance_1m
2026-07-23T14:00:00-04:00	17.52	17.52	17.5	17.5	1431	yfinance_1m
2026-07-23T14:01:00-04:00	17.49	17.5	17.469999	17.469999	2703	yfinance_1m
2026-07-23T14:02:00-04:00	17.49	17.49	17.465	17.465	3298	yfinance_1m
2026-07-23T14:03:00-04:00	17.469999	17.48	17.469999	17.48	1837	yfinance_1m
2026-07-23T14:04:00-04:00	17.469999	17.469999	17.450701	17.450701	1798	yfinance_1m
2026-07-23T14:06:00-04:00	17.469999	17.5	17.469999	17.48	3941	yfinance_1m
2026-07-23T14:07:00-04:00	17.475	17.48	17.475	17.475	3211	yfinance_1m
2026-07-23T14:08:00-04:00	17.475	17.475	17.475	17.475	273	yfinance_1m
2026-07-23T14:10:00-04:00	17.48	17.51	17.48	17.51	3085	yfinance_1m
2026-07-23T14:12:00-04:00	17.540001	17.549999	17.540001	17.540001	2362	yfinance_1m
2026-07-23T14:14:00-04:00	17.52	17.530001	17.52	17.530001	972	yfinance_1m
2026-07-23T14:15:00-04:00	17.530001	17.59	17.530001	17.58	4731	yfinance_1m
2026-07-23T14:16:00-04:00	17.57	17.57	17.545	17.545	1311	yfinance_1m
2026-07-23T14:17:00-04:00	17.57	17.57	17.57	17.57	924	yfinance_1m
2026-07-23T14:19:00-04:00	17.540001	17.549999	17.530001	17.530001	1331	yfinance_1m
2026-07-23T14:20:00-04:00	17.530001	17.530001	17.52	17.52	438	yfinance_1m
2026-07-23T14:21:00-04:00	17.51	17.549999	17.51	17.549999	1219	yfinance_1m
2026-07-23T14:23:00-04:00	17.587299	17.620001	17.58	17.59	4656	yfinance_1m
2026-07-23T14:24:00-04:00	17.59	17.59	17.59	17.59	209	yfinance_1m
2026-07-23T14:25:00-04:00	17.605	17.605	17.59	17.59	899	yfinance_1m
2026-07-23T14:26:00-04:00	17.629999	17.629999	17.629999	17.629999	326	yfinance_1m
2026-07-23T14:27:00-04:00	17.629999	17.639999	17.620001	17.620001	1628	yfinance_1m
2026-07-23T14:29:00-04:00	17.625	17.625	17.625	17.625	681	yfinance_1m
2026-07-23T14:30:00-04:00	17.620001	17.620001	17.610001	17.610001	698	yfinance_1m
2026-07-23T14:31:00-04:00	17.639999	17.639999	17.629999	17.635	1250	yfinance_1m
2026-07-23T14:32:00-04:00	17.635	17.635	17.635	17.635	904	yfinance_1m
2026-07-23T14:33:00-04:00	17.635	17.635	17.610399	17.610399	752	yfinance_1m
2026-07-23T14:34:00-04:00	17.659901	17.659901	17.610001	17.610001	714	yfinance_1m
2026-07-23T14:35:00-04:00	17.635	17.635	17.635	17.635	297	yfinance_1m
2026-07-23T14:36:00-04:00	17.635	17.635	17.610001	17.610001	548	yfinance_1m
2026-07-23T14:37:00-04:00	17.635	17.635	17.635	17.635	909	yfinance_1m
2026-07-23T14:38:00-04:00	17.620001	17.620001	17.620001	17.620001	131	yfinance_1m
2026-07-23T14:39:00-04:00	17.635	17.68	17.635	17.68	2733	yfinance_1m
2026-07-23T14:40:00-04:00	17.690001	17.690001	17.68	17.684999	1640	yfinance_1m
2026-07-23T14:41:00-04:00	17.67	17.674999	17.639999	17.639999	3498	yfinance_1m
2026-07-23T14:42:00-04:00	17.6896	17.6896	17.6896	17.6896	624	yfinance_1m
2026-07-23T14:43:00-04:00	17.645	17.645	17.645	17.645	199	yfinance_1m
2026-07-23T14:45:00-04:00	17.620001	17.65	17.620001	17.65	243	yfinance_1m
2026-07-23T14:46:00-04:00	17.65	17.65	17.610001	17.615	13847	yfinance_1m
2026-07-23T14:47:00-04:00	17.610001	17.610001	17.610001	17.610001	308	yfinance_1m
2026-07-23T14:48:00-04:00	17.610001	17.645	17.6	17.610001	2262	yfinance_1m
2026-07-23T14:49:00-04:00	17.594999	17.594999	17.57	17.57	341	yfinance_1m
2026-07-23T14:50:00-04:00	17.57	17.594999	17.559999	17.594999	645	yfinance_1m
2026-07-23T14:51:00-04:00	17.602501	17.639999	17.6	17.620001	6517	yfinance_1m
2026-07-23T14:53:00-04:00	17.605	17.605	17.57	17.59	1498	yfinance_1m
2026-07-23T14:54:00-04:00	17.57	17.58	17.559999	17.559999	2023	yfinance_1m
2026-07-23T14:55:00-04:00	17.530001	17.530001	17.530001	17.530001	468	yfinance_1m
2026-07-23T14:57:00-04:00	17.525	17.525	17.525	17.525	220	yfinance_1m
2026-07-23T14:58:00-04:00	17.5214	17.525	17.5214	17.525	1214	yfinance_1m
2026-07-23T15:00:00-04:00	17.52	17.52	17.5	17.52	1490	yfinance_1m
2026-07-23T15:01:00-04:00	17.5	17.5	17.5	17.5	288	yfinance_1m
2026-07-23T15:03:00-04:00	17.5	17.5	17.5	17.5	171	yfinance_1m
2026-07-23T15:04:00-04:00	17.49	17.5	17.43	17.43	4071	yfinance_1m
2026-07-23T15:05:00-04:00	17.43	17.43	17.41	17.41	724	yfinance_1m
2026-07-23T15:06:00-04:00	17.41	17.41	17.41	17.41	480	yfinance_1m
2026-07-23T15:07:00-04:00	17.4	17.450001	17.4	17.43	2888	yfinance_1m
2026-07-23T15:08:00-04:00	17.424999	17.424999	17.424999	17.424999	638	yfinance_1m
2026-07-23T15:09:00-04:00	17.42	17.42	17.4	17.4	416	yfinance_1m
2026-07-23T15:10:00-04:00	17.4	17.4	17.379999	17.379999	970	yfinance_1m
2026-07-23T15:11:00-04:00	17.379999	17.379999	17.379999	17.379999	538	yfinance_1m
2026-07-23T15:13:00-04:00	17.395	17.395	17.33	17.35	3050	yfinance_1m
2026-07-23T15:14:00-04:00	17.359501	17.359501	17.35	17.35	663	yfinance_1m
2026-07-23T15:15:00-04:00	17.35	17.35	17.35	17.35	1978	yfinance_1m
2026-07-23T15:16:00-04:00	17.35	17.389999	17.35	17.379999	3955	yfinance_1m
2026-07-23T15:17:00-04:00	17.4	17.41	17.4	17.405001	1754	yfinance_1m
2026-07-23T15:18:00-04:00	17.43	17.43	17.43	17.43	930	yfinance_1m
2026-07-23T15:19:00-04:00	17.445	17.459999	17.445	17.459999	1150	yfinance_1m
2026-07-23T15:20:00-04:00	17.469999	17.51	17.450001	17.51	1281	yfinance_1m
2026-07-23T15:21:00-04:00	17.530001	17.57	17.530001	17.57	2339	yfinance_1m
2026-07-23T15:22:00-04:00	17.57	17.57	17.559999	17.559999	255	yfinance_1m
2026-07-23T15:24:00-04:00	17.565001	17.565001	17.565001	17.565001	709	yfinance_1m
2026-07-23T15:25:00-04:00	17.565001	17.565001	17.559999	17.559999	674	yfinance_1m
2026-07-23T15:26:00-04:00	17.559999	17.559999	17.559999	17.559999	587	yfinance_1m
2026-07-23T15:27:00-04:00	17.559999	17.559999	17.559999	17.559999	1116	yfinance_1m
2026-07-23T15:28:00-04:00	17.567499	17.567499	17.540001	17.549999	3276	yfinance_1m
2026-07-23T15:29:00-04:00	17.530001	17.549999	17.530001	17.549999	1125	yfinance_1m
2026-07-23T15:30:00-04:00	17.57	17.58	17.559999	17.559999	4721	yfinance_1m
2026-07-23T15:32:00-04:00	17.549999	17.555	17.549999	17.555	725	yfinance_1m
2026-07-23T15:33:00-04:00	17.59	17.6	17.565001	17.565001	2564	yfinance_1m
2026-07-23T15:34:00-04:00	17.59	17.610001	17.59	17.610001	3219	yfinance_1m
2026-07-23T15:35:00-04:00	17.610001	17.610001	17.610001	17.610001	1049	yfinance_1m
2026-07-23T15:36:00-04:00	17.610001	17.68	17.610001	17.68	13109	yfinance_1m
2026-07-23T15:37:00-04:00	17.65	17.68	17.65	17.68	1870	yfinance_1m
2026-07-23T15:38:00-04:00	17.684999	17.684999	17.684999	17.684999	1260	yfinance_1m
2026-07-23T15:39:00-04:00	17.684999	17.775	17.674999	17.775	15752	yfinance_1m
2026-07-23T15:40:00-04:00	17.75	17.775	17.75	17.77	1510	yfinance_1m
2026-07-23T15:41:00-04:00	17.77	17.77	17.73	17.745001	6675	yfinance_1m
2026-07-23T15:42:00-04:00	17.725	17.725	17.700001	17.700001	1119	yfinance_1m
2026-07-23T15:43:00-04:00	17.67	17.67	17.66	17.66	920	yfinance_1m
2026-07-23T15:44:00-04:00	17.68	17.68	17.629999	17.635	1466	yfinance_1m
2026-07-23T15:45:00-04:00	17.65	17.65	17.65	17.65	2186	yfinance_1m
2026-07-23T15:46:00-04:00	17.629999	17.629999	17.6	17.629999	6527	yfinance_1m
2026-07-23T15:47:00-04:00	17.615	17.615	17.615	17.615	1696	yfinance_1m
2026-07-23T15:48:00-04:00	17.615	17.65	17.615	17.65	1730	yfinance_1m
2026-07-23T15:49:00-04:00	17.655001	17.67	17.655001	17.67	1709	yfinance_1m
2026-07-23T15:50:00-04:00	17.68	17.73	17.68	17.73	5867	yfinance_1m
2026-07-23T15:51:00-04:00	17.73	17.735001	17.709999	17.735001	3148	yfinance_1m
2026-07-23T15:52:00-04:00	17.77	17.77	17.735001	17.754999	1638	yfinance_1m
2026-07-23T15:53:00-04:00	17.754999	17.757099	17.705	17.705	6778	yfinance_1m
2026-07-23T15:54:00-04:00	17.68	17.700001	17.66	17.690001	8694	yfinance_1m
2026-07-23T15:55:00-04:00	17.690001	17.690001	17.690001	17.690001	2474	yfinance_1m
2026-07-23T15:56:00-04:00	17.690001	17.700001	17.690001	17.690001	4832	yfinance_1m
2026-07-23T15:57:00-04:00	17.719999	17.719999	17.690001	17.715	13891	yfinance_1m
2026-07-23T15:58:00-04:00	17.715	17.715	17.620001	17.66	31891	yfinance_1m
2026-07-23T15:59:00-04:00	17.665001	17.67	17.620001	17.639999	23977	yfinance_1m
2026-07-24T09:30:00-04:00	17.959999	17.9772	17.719999	17.719999	8591	yfinance_1m
2026-07-24T09:35:00-04:00	17.616199	17.616199	17.25	17.25	2746	yfinance_1m
2026-07-24T09:36:00-04:00	17.35	17.35	17.35	17.35	371	yfinance_1m
2026-07-24T09:37:00-04:00	17.309999	17.309999	17.309999	17.309999	219	yfinance_1m
2026-07-24T09:40:00-04:00	17.360001	17.4722	17.360001	17.4722	680	yfinance_1m
2026-07-24T09:41:00-04:00	17.290001	17.41	17.25	17.405001	1465	yfinance_1m
2026-07-24T09:43:00-04:00	17.569901	17.569901	17.4	17.4	4459	yfinance_1m
2026-07-24T09:45:00-04:00	17.280001	17.280001	17.24	17.24	1949	yfinance_1m
2026-07-24T09:46:00-04:00	17.25	17.25	17.24	17.24	563	yfinance_1m
2026-07-24T09:48:00-04:00	17.25	17.26	17.110001	17.110001	1512	yfinance_1m
2026-07-24T09:49:00-04:00	17.254999	17.254999	17.254999	17.254999	720	yfinance_1m
2026-07-24T09:50:00-04:00	17.120001	17.120001	17.1	17.1	1561	yfinance_1m
2026-07-24T09:51:00-04:00	17.1	17.1	17.08	17.08	760	yfinance_1m
2026-07-24T09:52:00-04:00	17.08	17.08	16.860001	16.902	9355	yfinance_1m
2026-07-24T09:53:00-04:00	16.889999	16.9	16.799999	16.799999	3344	yfinance_1m
2026-07-24T09:54:00-04:00	16.809999	16.8543	16.799999	16.8543	3411	yfinance_1m
2026-07-24T09:55:00-04:00	16.75	16.75	16.639999	16.690001	2926	yfinance_1m
2026-07-24T09:56:00-04:00	16.715	16.719999	16.705	16.705	1042	yfinance_1m
2026-07-24T09:57:00-04:00	16.65	16.65	16.634899	16.634899	518	yfinance_1m
2026-07-24T09:58:00-04:00	16.809999	16.82	16.809999	16.82	585	yfinance_1m
2026-07-24T09:59:00-04:00	16.82	16.84	16.82	16.827101	564	yfinance_1m
2026-07-24T10:00:00-04:00	16.760099	16.9599	16.760099	16.879999	825	yfinance_1m
2026-07-24T10:01:00-04:00	16.885	16.975	16.885	16.950001	1681	yfinance_1m
2026-07-24T10:02:00-04:00	16.999901	16.999901	16.999901	16.999901	258	yfinance_1m
2026-07-24T10:03:00-04:00	16.809999	16.879999	16.809999	16.875	423	yfinance_1m
2026-07-24T10:04:00-04:00	16.790001	16.844999	16.75	16.844999	1764	yfinance_1m
2026-07-24T10:05:00-04:00	16.73	16.73	16.73	16.73	635	yfinance_1m
2026-07-24T10:06:00-04:00	16.719999	16.73	16.709999	16.73	1377	yfinance_1m
2026-07-24T10:07:00-04:00	16.700001	16.700001	16.700001	16.700001	400	yfinance_1m
2026-07-24T10:09:00-04:00	16.870001	16.870001	16.870001	16.870001	101	yfinance_1m
2026-07-24T10:10:00-04:00	16.909901	16.909901	16.74	16.809999	585	yfinance_1m
2026-07-24T10:11:00-04:00	16.809999	16.91	16.809999	16.91	1760	yfinance_1m
2026-07-24T10:12:00-04:00	16.83	16.83	16.83	16.83	289	yfinance_1m
2026-07-24T10:14:00-04:00	16.9	16.9	16.9	16.9	142	yfinance_1m
2026-07-24T10:15:00-04:00	16.870001	16.870001	16.809999	16.815001	3356	yfinance_1m
2026-07-24T10:16:00-04:00	16.75	16.75	16.719999	16.719999	1179	yfinance_1m
2026-07-24T10:17:00-04:00	16.754999	16.754999	16.67	16.73	1031	yfinance_1m
2026-07-24T10:18:00-04:00	16.639999	16.719999	16.610001	16.610001	1608	yfinance_1m
2026-07-24T10:19:00-04:00	16.690001	16.695	16.690001	16.695	3179	yfinance_1m
2026-07-24T10:21:00-04:00	16.690001	16.692499	16.684999	16.684999	856	yfinance_1m
2026-07-24T10:22:00-04:00	16.709999	16.780001	16.700001	16.780001	714	yfinance_1m
2026-07-24T10:23:00-04:00	16.785	16.785	16.785	16.785	255	yfinance_1m
2026-07-24T10:25:00-04:00	16.75	16.75	16.75	16.75	951	yfinance_1m
2026-07-24T10:28:00-04:00	16.775	16.775	16.75	16.75	1111	yfinance_1m
2026-07-24T10:29:00-04:00	16.77	16.77	16.77	16.77	761	yfinance_1m
2026-07-24T10:30:00-04:00	16.83	16.83	16.684999	16.700001	6357	yfinance_1m
2026-07-24T10:31:00-04:00	16.700001	16.77	16.700001	16.77	493	yfinance_1m
2026-07-24T10:32:00-04:00	16.700001	16.73	16.700001	16.715	752	yfinance_1m
2026-07-24T10:33:00-04:00	16.700001	16.700001	16.700001	16.700001	149	yfinance_1m
2026-07-24T10:34:00-04:00	16.629999	16.695	16.629999	16.695	2471	yfinance_1m
2026-07-24T10:35:00-04:00	16.690001	16.695	16.620001	16.620001	1565	yfinance_1m
2026-07-24T10:36:00-04:00	16.700001	16.709101	16.700001	16.709101	1430	yfinance_1m
2026-07-24T10:38:00-04:00	16.700001	16.700001	16.629999	16.629999	855	yfinance_1m
2026-07-24T10:39:00-04:00	16.629999	16.639999	16.610001	16.610001	1615	yfinance_1m
2026-07-24T10:42:00-04:00	16.59	16.679899	16.549999	16.615	4515	yfinance_1m
2026-07-24T10:43:00-04:00	16.615	16.67	16.559999	16.67	1510	yfinance_1m
2026-07-24T10:44:00-04:00	16.57	16.610001	16.57	16.6	1263	yfinance_1m
2026-07-24T10:45:00-04:00	16.58	16.6499	16.57	16.6499	2520	yfinance_1m
2026-07-24T10:46:00-04:00	16.65	16.65	16.559999	16.6	1862	yfinance_1m
2026-07-24T10:47:00-04:00	16.6	16.6	16.57	16.57	1156	yfinance_1m
2026-07-24T10:48:00-04:00	16.555	16.57	16.555	16.57	1207	yfinance_1m
2026-07-24T10:49:00-04:00	16.57	16.65	16.549999	16.65	1390	yfinance_1m
2026-07-24T10:50:00-04:00	16.67	16.67	16.559999	16.625	1285	yfinance_1m
2026-07-24T10:51:00-04:00	16.709999	16.709999	16.709999	16.709999	633	yfinance_1m
2026-07-24T10:52:00-04:00	16.695	16.695	16.695	16.695	593	yfinance_1m
2026-07-24T10:53:00-04:00	16.73	16.76	16.73	16.76	730	yfinance_1m
2026-07-24T10:54:00-04:00	16.75	16.754999	16.735001	16.735001	1979	yfinance_1m
2026-07-24T10:55:00-04:00	16.780001	16.870001	16.780001	16.870001	2457	yfinance_1m
2026-07-24T10:56:00-04:00	16.9	16.9	16.860001	16.885	3785	yfinance_1m
2026-07-24T10:57:00-04:00	16.895	16.895	16.895	16.895	1188	yfinance_1m
2026-07-24T10:58:00-04:00	16.889999	16.895	16.84	16.895	1448	yfinance_1m
2026-07-24T10:59:00-04:00	16.889999	16.889999	16.889999	16.889999	395	yfinance_1m
2026-07-24T11:00:00-04:00	16.940001	16.969999	16.940001	16.969999	2579	yfinance_1m
2026-07-24T11:01:00-04:00	16.969999	17.0	16.950001	17.0	2402	yfinance_1m
2026-07-24T11:02:00-04:00	17.0299	17.040001	16.950001	16.99	5266	yfinance_1m
2026-07-24T11:03:00-04:00	16.99	16.99	16.99	16.99	440	yfinance_1m
2026-07-24T11:04:00-04:00	16.99	16.99	16.92	16.99	809	yfinance_1m
2026-07-24T11:07:00-04:00	16.91	16.99	16.91	16.99	393	yfinance_1m
2026-07-24T11:08:00-04:00	16.99	16.99	16.99	16.99	737	yfinance_1m
2026-07-24T11:09:00-04:00	16.91	16.91	16.84	16.84	3157	yfinance_1m
2026-07-24T11:10:00-04:00	16.85	16.99	16.83	16.98	2555	yfinance_1m
2026-07-24T11:11:00-04:00	16.98	17.01	16.969999	16.969999	2388	yfinance_1m
2026-07-24T11:12:00-04:00	17.049999	17.049999	16.9	16.9	1611	yfinance_1m
2026-07-24T11:13:00-04:00	16.9	16.9	16.865	16.865	917	yfinance_1m
2026-07-24T11:14:00-04:00	16.959999	16.969999	16.959999	16.969999	683	yfinance_1m
2026-07-24T11:15:00-04:00	17.02	17.02	17.0	17.0	340	yfinance_1m
2026-07-24T11:16:00-04:00	17.004999	17.004999	17.0	17.0	221	yfinance_1m
2026-07-24T11:17:00-04:00	16.995001	16.995001	16.98	16.98	352	yfinance_1m
2026-07-24T11:18:00-04:00	16.995001	16.995001	16.995001	16.995001	372	yfinance_1m
2026-07-24T11:19:00-04:00	16.995001	16.995001	16.995001	16.995001	357	yfinance_1m
2026-07-24T11:20:00-04:00	16.98	16.98	16.98	16.98	290	yfinance_1m
2026-07-24T11:21:00-04:00	17.030001	17.07	17.030001	17.040001	2262	yfinance_1m
2026-07-24T11:22:00-04:00	17.1	17.205	17.07	17.145	12123	yfinance_1m
2026-07-24T11:23:00-04:00	17.145	17.229401	17.145	17.145	7504	yfinance_1m
2026-07-24T11:24:00-04:00	17.155001	17.155001	17.155001	17.155001	2222	yfinance_1m
2026-07-24T11:25:00-04:00	17.155001	17.16	17.155001	17.16	1500	yfinance_1m
2026-07-24T11:26:00-04:00	17.16	17.16	17.16	17.16	567	yfinance_1m
2026-07-24T11:27:00-04:00	17.155001	17.155001	17.110001	17.110001	752	yfinance_1m
2026-07-24T11:28:00-04:00	17.155001	17.155001	17.15	17.15	1266	yfinance_1m
2026-07-24T11:29:00-04:00	17.15	17.155001	17.0236	17.0236	4357	yfinance_1m
2026-07-24T11:30:00-04:00	17.08	17.08	17.08	17.08	410	yfinance_1m
2026-07-24T11:31:00-04:00	17.1	17.1	17.1	17.1	123	yfinance_1m
2026-07-24T11:32:00-04:00	17.129999	17.16	17.129999	17.15	2907	yfinance_1m
2026-07-24T11:33:00-04:00	17.135	17.135	17.135	17.135	396	yfinance_1m
2026-07-24T11:34:00-04:00	17.135	17.135	17.1	17.1	999	yfinance_1m
2026-07-24T11:36:00-04:00	17.040001	17.07	17.040001	17.07	1268	yfinance_1m
2026-07-24T11:37:00-04:00	17.08	17.1	17.07	17.09	1683	yfinance_1m
2026-07-24T11:38:00-04:00	17.110001	17.110001	17.1	17.1	843	yfinance_1m
2026-07-24T11:39:00-04:00	17.120001	17.15	17.120001	17.15	1035	yfinance_1m
2026-07-24T11:41:00-04:00	17.129999	17.129999	17.102699	17.129999	3377	yfinance_1m
2026-07-24T11:42:00-04:00	17.07	17.129999	17.07	17.09	1695	yfinance_1m
2026-07-24T11:43:00-04:00	17.084999	17.084999	17.02	17.02	898	yfinance_1m
2026-07-24T11:44:00-04:00	17.071301	17.075001	17.071301	17.075001	258	yfinance_1m
2026-07-24T11:45:00-04:00	17.0201	17.08	17.0201	17.065001	920	yfinance_1m
2026-07-24T11:46:00-04:00	17.030001	17.065001	17.030001	17.065001	365	yfinance_1m
2026-07-24T11:47:00-04:00	17.059999	17.059999	17.045	17.045	577	yfinance_1m
2026-07-24T11:48:00-04:00	17.030001	17.07	17.030001	17.07	1301	yfinance_1m
2026-07-24T11:49:00-04:00	17.07	17.0891	17.07	17.0891	592	yfinance_1m
2026-07-24T11:50:00-04:00	17.075001	17.110001	17.075001	17.110001	789	yfinance_1m
2026-07-24T11:51:00-04:00	17.09	17.09	17.09	17.09	321	yfinance_1m
2026-07-24T11:52:00-04:00	17.110001	17.110001	17.059999	17.08	1298	yfinance_1m
2026-07-24T11:53:00-04:00	17.08	17.1	16.99	17.049999	6137	yfinance_1m
2026-07-24T11:55:00-04:00	17.055	17.055	17.055	17.055	305	yfinance_1m
2026-07-24T11:56:00-04:00	17.049999	17.049999	17.049999	17.049999	216	yfinance_1m
2026-07-24T11:57:00-04:00	17.049999	17.049999	17.049999	17.049999	532	yfinance_1m
2026-07-24T11:58:00-04:00	17.045	17.055	17.030001	17.0422	1388	yfinance_1m
2026-07-24T11:59:00-04:00	17.08	17.08	17.08	17.08	1121	yfinance_1m
2026-07-24T12:00:00-04:00	17.040001	17.040001	17.040001	17.040001	212	yfinance_1m
2026-07-24T12:01:00-04:00	17.040001	17.040001	17.035	17.035	789	yfinance_1m
2026-07-24T12:03:00-04:00	17.035	17.09	17.035	17.09	3078	yfinance_1m
2026-07-24T12:04:00-04:00	17.084999	17.16	17.084999	17.145	1474	yfinance_1m
2026-07-24T12:05:00-04:00	17.1	17.129999	17.1	17.129999	954	yfinance_1m
2026-07-24T12:08:00-04:00	17.08	17.08	17.08	17.08	223	yfinance_1m
2026-07-24T12:09:00-04:00	17.125	17.125	17.125	17.125	353	yfinance_1m
2026-07-24T12:11:00-04:00	17.120001	17.120001	17.049999	17.049999	997	yfinance_1m
2026-07-24T12:12:00-04:00	17.01	17.049999	17.01	17.049999	464	yfinance_1m
2026-07-24T12:14:00-04:00	17.0795	17.0795	17.0795	17.0795	174	yfinance_1m
2026-07-24T12:15:00-04:00	17.0	17.01	17.0	17.01	612	yfinance_1m
2026-07-24T12:16:00-04:00	17.01	17.035	17.0	17.0	787	yfinance_1m
2026-07-24T12:17:00-04:00	17.0	17.0	16.940001	16.940001	3735	yfinance_1m
2026-07-24T12:18:00-04:00	16.93	16.93	16.93	16.93	282	yfinance_1m
2026-07-24T12:20:00-04:00	16.98	17.01	16.98	17.01	1373	yfinance_1m
2026-07-24T12:22:00-04:00	17.0	17.0	16.995001	16.995001	1797	yfinance_1m
2026-07-24T12:23:00-04:00	17.004999	17.0499	17.004999	17.0499	426	yfinance_1m
2026-07-24T12:24:00-04:00	17.049999	17.049999	17.049999	17.049999	1101	yfinance_1m
2026-07-24T12:26:00-04:00	17.004999	17.004999	16.950001	16.969999	1113	yfinance_1m
2026-07-24T12:27:00-04:00	16.91	16.91	16.9	16.9	884	yfinance_1m
2026-07-24T12:28:00-04:00	16.85	16.905001	16.85	16.905001	902	yfinance_1m
2026-07-24T12:30:00-04:00	16.860926	16.860926	16.780001	16.809999	1953	yfinance_1m
2026-07-24T12:31:00-04:00	16.805	16.805	16.74	16.74	600	yfinance_1m
2026-07-24T12:32:00-04:00	16.75	16.75	16.75	16.75	381	yfinance_1m
2026-07-24T12:33:00-04:00	16.74	16.799999	16.74	16.785999	5738	yfinance_1m
2026-07-24T12:34:00-04:00	16.75	16.75	16.75	16.75	553	yfinance_1m
2026-07-24T12:35:00-04:00	16.75	16.75	16.719999	16.75	3381	yfinance_1m
2026-07-24T12:36:00-04:00	16.780001	16.780001	16.780001	16.780001	482	yfinance_1m
2026-07-24T12:38:00-04:00	16.828699	16.828699	16.828699	16.828699	321	yfinance_1m
2026-07-24T12:40:00-04:00	16.73	16.74	16.719999	16.735001	11276	yfinance_1m
2026-07-24T12:41:00-04:00	16.709999	16.709999	16.700001	16.705	968	yfinance_1m
2026-07-24T12:42:00-04:00	16.66	16.700001	16.66	16.700001	1151	yfinance_1m
2026-07-24T12:44:00-04:00	16.690001	16.690001	16.681999	16.681999	362	yfinance_1m
2026-07-24T12:45:00-04:00	16.686899	16.702801	16.686899	16.702801	280	yfinance_1m
2026-07-24T12:46:00-04:00	16.68	16.7031	16.66	16.66	1104	yfinance_1m
2026-07-24T12:47:00-04:00	16.655001	16.68	16.65	16.65	1176	yfinance_1m
2026-07-24T12:48:00-04:00	16.645	16.645	16.628599	16.628599	1307	yfinance_1m
2026-07-24T12:49:00-04:00	16.610001	16.610001	16.6	16.6	761	yfinance_1m
2026-07-24T12:50:00-04:00	16.6043	16.620001	16.6043	16.620001	1116	yfinance_1m
2026-07-24T12:51:00-04:00	16.639999	16.639999	16.639999	16.639999	1356	yfinance_1m
2026-07-24T12:53:00-04:00	16.6171	16.6171	16.6171	16.6171	541	yfinance_1m
2026-07-24T12:55:00-04:00	16.57	16.620001	16.549999	16.620001	2263	yfinance_1m
2026-07-24T12:56:00-04:00	16.629999	16.639999	16.629999	16.634501	977	yfinance_1m
2026-07-24T12:57:00-04:00	16.639999	16.639999	16.610001	16.610001	511	yfinance_1m
2026-07-24T12:58:00-04:00	16.67	16.719999	16.66	16.700001	1871	yfinance_1m
2026-07-24T12:59:00-04:00	16.690001	16.73	16.690001	16.700001	1263	yfinance_1m
2026-07-24T13:00:00-04:00	16.66	16.67	16.65	16.65	1709	yfinance_1m
2026-07-24T13:01:00-04:00	16.610001	16.610001	16.6	16.6	741	yfinance_1m
2026-07-24T13:02:00-04:00	16.575001	16.575001	16.575001	16.575001	732	yfinance_1m
2026-07-24T13:03:00-04:00	16.58	16.58	16.58	16.58	851	yfinance_1m
2026-07-24T13:04:00-04:00	16.6	16.620001	16.6	16.6	2898	yfinance_1m
2026-07-24T13:05:00-04:00	16.615	16.619699	16.615	16.619699	492	yfinance_1m
2026-07-24T13:06:00-04:00	16.628201	16.628201	16.628201	16.628201	242	yfinance_1m
2026-07-24T13:07:00-04:00	16.57	16.610001	16.57	16.57	715	yfinance_1m
2026-07-24T13:09:00-04:00	16.549999	16.609501	16.549999	16.609501	824	yfinance_1m
2026-07-24T13:10:00-04:00	16.555	16.555	16.549999	16.549999	1676	yfinance_1m
2026-07-24T13:11:00-04:00	16.530001	16.549999	16.530001	16.549999	817	yfinance_1m
2026-07-24T13:13:00-04:00	16.59	16.620001	16.59	16.620001	1742	yfinance_1m
2026-07-24T13:15:00-04:00	16.6	16.6	16.6	16.6	129	yfinance_1m
2026-07-24T13:17:00-04:00	16.6	16.6	16.6	16.6	245	yfinance_1m
2026-07-24T13:18:00-04:00	16.639999	16.65	16.620001	16.620001	684	yfinance_1m
2026-07-24T13:19:00-04:00	16.639999	16.639999	16.639999	16.639999	1106	yfinance_1m
2026-07-24T13:20:00-04:00	16.629999	16.68	16.625	16.68	1433	yfinance_1m
2026-07-24T13:22:00-04:00	16.635	16.635	16.635	16.635	560	yfinance_1m
2026-07-24T13:23:00-04:00	16.635	16.635	16.635	16.635	656	yfinance_1m
2026-07-24T13:24:00-04:00	16.635	16.635	16.635	16.635	390	yfinance_1m
2026-07-24T13:26:00-04:00	16.629999	16.629999	16.610001	16.610001	920	yfinance_1m
2026-07-24T13:27:00-04:00	16.639601	16.639601	16.639601	16.639601	2000	yfinance_1m
2026-07-24T13:28:00-04:00	16.635	16.68	16.635	16.6583	6713	yfinance_1m
2026-07-24T13:29:00-04:00	16.610001	16.65	16.610001	16.65	3261	yfinance_1m
2026-07-24T13:30:00-04:00	16.645	16.66	16.645	16.645	4254	yfinance_1m
2026-07-24T13:31:00-04:00	16.690001	16.76	16.690001	16.73	3172	yfinance_1m
2026-07-24T13:32:00-04:00	16.73	16.73	16.73	16.73	668	yfinance_1m
2026-07-24T13:35:00-04:00	16.745001	16.745001	16.745001	16.745001	935	yfinance_1m
2026-07-24T13:36:00-04:00	16.719999	16.73	16.709999	16.73	893	yfinance_1m
2026-07-24T13:37:00-04:00	16.690001	16.690001	16.690001	16.690001	10048	yfinance_1m
2026-07-24T13:38:00-04:00	16.66	16.695	16.65	16.695	2039	yfinance_1m
2026-07-24T13:39:00-04:00	16.690001	16.709999	16.66	16.709999	519	yfinance_1m
2026-07-24T13:40:00-04:00	16.684999	16.76	16.684999	16.76	2026	yfinance_1m
2026-07-24T13:41:00-04:00	16.77	16.790001	16.77	16.775	1266	yfinance_1m
2026-07-24T13:44:00-04:00	16.719999	16.719999	16.67	16.68	1140	yfinance_1m
2026-07-24T13:46:00-04:00	16.725	16.725	16.725	16.725	544	yfinance_1m
2026-07-24T13:49:00-04:00	16.705	16.705	16.705	16.705	308	yfinance_1m
2026-07-24T13:51:00-04:00	16.75	16.76	16.719999	16.757299	3213	yfinance_1m
2026-07-24T13:52:00-04:00	16.690001	16.690001	16.690001	16.690001	124	yfinance_1m
2026-07-24T13:53:00-04:00	16.7899	16.7899	16.7899	16.7899	600	yfinance_1m
2026-07-24T13:54:00-04:00	16.700001	16.700001	16.700001	16.700001	337	yfinance_1m
2026-07-24T13:56:00-04:00	16.73	16.73	16.73	16.73	429	yfinance_1m
2026-07-24T13:57:00-04:00	16.725	16.725	16.725	16.725	350	yfinance_1m
2026-07-24T13:59:00-04:00	16.77	16.77	16.690001	16.690001	1620	yfinance_1m
2026-07-24T14:00:00-04:00	16.76	16.76	16.76	16.76	101	yfinance_1m
2026-07-24T14:01:00-04:00	16.75	16.75	16.719999	16.719999	392	yfinance_1m
2026-07-24T14:03:00-04:00	16.73	16.75	16.725	16.725	1693	yfinance_1m
2026-07-24T14:04:00-04:00	16.719999	16.76	16.719999	16.76	1334	yfinance_1m
2026-07-24T14:05:00-04:00	16.74	16.77	16.74	16.77	564	yfinance_1m
2026-07-24T14:06:00-04:00	16.77	16.77	16.745001	16.77	1670	yfinance_1m
2026-07-24T14:07:00-04:00	16.780001	16.780001	16.780001	16.780001	471	yfinance_1m
2026-07-24T14:08:00-04:00	16.76	16.76	16.757	16.757	1747	yfinance_1m
2026-07-24T14:09:00-04:00	16.76	16.76	16.76	16.76	153	yfinance_1m
2026-07-24T14:10:00-04:00	16.76	16.76	16.74	16.74	410	yfinance_1m
2026-07-24T14:11:00-04:00	16.73	16.73	16.7125	16.7125	900	yfinance_1m
2026-07-24T14:12:00-04:00	16.700001	16.709999	16.68	16.68	718	yfinance_1m
2026-07-24T14:13:00-04:00	16.700001	16.700001	16.67	16.684999	10924	yfinance_1m
2026-07-24T14:14:00-04:00	16.66	16.665001	16.620001	16.665001	2071	yfinance_1m
2026-07-24T14:16:00-04:00	16.68	16.690001	16.68	16.68	666	yfinance_1m
2026-07-24T14:17:00-04:00	16.671801	16.690001	16.671801	16.690001	1617	yfinance_1m
2026-07-24T14:18:00-04:00	16.68	16.690001	16.665001	16.690001	2729	yfinance_1m
2026-07-24T14:19:00-04:00	16.629999	16.665001	16.629999	16.665001	1243	yfinance_1m
2026-07-24T14:20:00-04:00	16.629999	16.629999	16.629999	16.629999	1493	yfinance_1m
2026-07-24T14:21:00-04:00	16.655001	16.655001	16.655001	16.655001	665	yfinance_1m
2026-07-24T14:23:00-04:00	16.690001	16.719999	16.690001	16.719999	2489	yfinance_1m
2026-07-24T14:26:00-04:00	16.670099	16.670099	16.670099	16.670099	579	yfinance_1m
2026-07-24T14:27:00-04:00	16.719999	16.719999	16.719999	16.719999	208	yfinance_1m
2026-07-24T14:28:00-04:00	16.709999	16.709999	16.709999	16.709999	416	yfinance_1m
2026-07-24T14:29:00-04:00	16.73	16.73	16.700001	16.709999	1082	yfinance_1m
2026-07-24T14:30:00-04:00	16.67	16.67	16.66	16.66	719	yfinance_1m
2026-07-24T14:32:00-04:00	16.68	16.68	16.68	16.68	283	yfinance_1m
2026-07-24T14:33:00-04:00	16.66	16.67	16.66	16.67	948	yfinance_1m
2026-07-24T14:34:00-04:00	16.65	16.65	16.639999	16.639999	217	yfinance_1m
2026-07-24T14:35:00-04:00	16.639999	16.66	16.620001	16.620001	1784	yfinance_1m
2026-07-24T14:36:00-04:00	16.65	16.65	16.620001	16.620001	731	yfinance_1m
2026-07-24T14:37:00-04:00	16.635	16.635	16.6	16.6	276	yfinance_1m
2026-07-24T14:38:00-04:00	16.635	16.635	16.610001	16.635	485	yfinance_1m
2026-07-24T14:39:00-04:00	16.6	16.610001	16.6	16.610001	430	yfinance_1m
2026-07-24T14:40:00-04:00	16.610001	16.610001	16.610001	16.610001	1330	yfinance_1m
2026-07-24T14:41:00-04:00	16.57	16.57	16.57	16.57	150	yfinance_1m
2026-07-24T14:42:00-04:00	16.621201	16.621201	16.549999	16.549999	1494	yfinance_1m
2026-07-24T14:43:00-04:00	16.59	16.59	16.559999	16.559999	594	yfinance_1m
2026-07-24T14:44:00-04:00	16.59	16.620001	16.559999	16.610001	1347	yfinance_1m
2026-07-24T14:45:00-04:00	16.584999	16.639999	16.584999	16.615	2422	yfinance_1m
2026-07-24T14:46:00-04:00	16.615	16.66	16.615	16.66	1169	yfinance_1m
2026-07-24T14:47:00-04:00	16.68	16.709999	16.68	16.709999	804	yfinance_1m
2026-07-24T14:48:00-04:00	16.719999	16.719999	16.68	16.68	990	yfinance_1m
2026-07-24T14:49:00-04:00	16.65	16.65	16.65	16.65	635	yfinance_1m
2026-07-24T14:50:00-04:00	16.639999	16.645	16.639999	16.645	598	yfinance_1m
2026-07-24T14:51:00-04:00	16.68	16.68	16.635	16.635	527	yfinance_1m
2026-07-24T14:52:00-04:00	16.66	16.709999	16.66	16.709999	2690	yfinance_1m
2026-07-24T14:53:00-04:00	16.709999	16.709999	16.709999	16.709999	239	yfinance_1m
2026-07-24T14:54:00-04:00	16.674999	16.709999	16.674999	16.709999	591	yfinance_1m
2026-07-24T14:56:00-04:00	16.690001	16.719999	16.690001	16.719999	1393	yfinance_1m
2026-07-24T14:58:00-04:00	16.719999	16.719999	16.695	16.695	934	yfinance_1m
2026-07-24T15:02:00-04:00	16.66	16.66	16.66	16.66	612	yfinance_1m
2026-07-24T15:03:00-04:00	16.629999	16.629999	16.629999	16.629999	343	yfinance_1m
2026-07-24T15:04:00-04:00	16.665001	16.665001	16.665001	16.665001	666	yfinance_1m
2026-07-24T15:05:00-04:00	16.665001	16.665001	16.665001	16.665001	432	yfinance_1m
2026-07-24T15:07:00-04:00	16.665001	16.665001	16.620001	16.620001	446	yfinance_1m
2026-07-24T15:08:00-04:00	16.629999	16.629999	16.629999	16.629999	104	yfinance_1m
2026-07-24T15:09:00-04:00	16.66	16.7099	16.66	16.7099	491	yfinance_1m
2026-07-24T15:10:00-04:00	16.67	16.67	16.67	16.67	452	yfinance_1m
2026-07-24T15:11:00-04:00	16.67	16.67	16.67	16.67	670	yfinance_1m
2026-07-24T15:12:00-04:00	16.67	16.67	16.665001	16.665001	1407	yfinance_1m
2026-07-24T15:13:00-04:00	16.690001	16.690001	16.639999	16.639999	618	yfinance_1m
2026-07-24T15:14:00-04:00	16.672701	16.672701	16.629999	16.665001	1141	yfinance_1m
2026-07-24T15:15:00-04:00	16.665001	16.665001	16.620001	16.66	3148	yfinance_1m
2026-07-24T15:16:00-04:00	16.629999	16.66	16.629999	16.66	480	yfinance_1m
2026-07-24T15:17:00-04:00	16.68	16.809999	16.68	16.780001	40423	yfinance_1m
2026-07-24T15:18:00-04:00	16.77	16.790001	16.77	16.790001	2127	yfinance_1m
2026-07-24T15:19:00-04:00	16.780001	16.780001	16.719999	16.719999	3568	yfinance_1m
2026-07-24T15:20:00-04:00	16.745001	16.790001	16.723499	16.790001	4716	yfinance_1m
2026-07-24T15:21:00-04:00	16.768999	16.790001	16.768999	16.776199	3676	yfinance_1m
2026-07-24T15:22:00-04:00	16.775	16.799999	16.775	16.799999	830	yfinance_1m
2026-07-24T15:23:00-04:00	16.799999	16.799999	16.799999	16.799999	470	yfinance_1m
2026-07-24T15:24:00-04:00	16.780001	16.780001	16.780001	16.780001	165	yfinance_1m
2026-07-24T15:25:00-04:00	16.780001	16.780001	16.76	16.76	368	yfinance_1m
2026-07-24T15:26:00-04:00	16.76	16.799999	16.75	16.75	1760	yfinance_1m
2026-07-24T15:27:00-04:00	16.77	16.790001	16.75	16.75	1409	yfinance_1m
2026-07-24T15:28:00-04:00	16.790001	16.790001	16.75	16.76	6061	yfinance_1m
2026-07-24T15:30:00-04:00	16.775	16.775	16.700001	16.700001	2580	yfinance_1m
2026-07-24T15:31:00-04:00	16.68	16.7899	16.68	16.7899	2800	yfinance_1m
2026-07-24T15:32:00-04:00	16.76	16.790001	16.754999	16.780001	3480	yfinance_1m
2026-07-24T15:33:00-04:00	16.83	16.83	16.815001	16.827	1113	yfinance_1m
2026-07-24T15:34:00-04:00	16.83	16.85	16.815001	16.85	2880	yfinance_1m
2026-07-24T15:35:00-04:00	16.860001	16.91	16.860001	16.91	2406	yfinance_1m
2026-07-24T15:36:00-04:00	16.895	16.895	16.870001	16.877501	2482	yfinance_1m
2026-07-24T15:38:00-04:00	16.870001	16.919901	16.870001	16.905001	2614	yfinance_1m
2026-07-24T15:39:00-04:00	16.9	16.9	16.870001	16.895	2713	yfinance_1m
2026-07-24T15:40:00-04:00	16.860001	16.885	16.860001	16.885	1313	yfinance_1m
2026-07-24T15:41:00-04:00	16.879999	16.879999	16.870001	16.870001	1348	yfinance_1m
2026-07-24T15:42:00-04:00	16.870001	16.870001	16.83	16.844999	3648	yfinance_1m
2026-07-24T15:44:00-04:00	16.84	16.91	16.84	16.91	5376	yfinance_1m
2026-07-24T15:45:00-04:00	16.915001	16.93	16.9	16.9	2245	yfinance_1m
2026-07-24T15:46:00-04:00	16.9123	16.9123	16.91	16.91	604	yfinance_1m
2026-07-24T15:47:00-04:00	16.93	16.93	16.93	16.93	5620	yfinance_1m
2026-07-24T15:48:00-04:00	16.93	16.93	16.9	16.9	3076	yfinance_1m
2026-07-24T15:49:00-04:00	16.9	16.92	16.879999	16.92	3026	yfinance_1m
2026-07-24T15:50:00-04:00	16.92	16.92	16.860001	16.885	4696	yfinance_1m
2026-07-24T15:51:00-04:00	16.85	16.85	16.85	16.85	360	yfinance_1m
2026-07-24T15:52:00-04:00	16.875	16.889999	16.870001	16.870001	1488	yfinance_1m
2026-07-24T15:53:00-04:00	16.885	16.885	16.870001	16.870001	1119	yfinance_1m
2026-07-24T15:54:00-04:00	16.9	16.940001	16.889999	16.93	4025	yfinance_1m
2026-07-24T15:55:00-04:00	16.959999	17.030001	16.950001	17.025	7290	yfinance_1m
2026-07-24T15:56:00-04:00	17.030001	17.049999	17.030001	17.045	7626	yfinance_1m
2026-07-24T15:57:00-04:00	17.030001	17.09	17.030001	17.09	15319	yfinance_1m
2026-07-24T15:58:00-04:00	17.120001	17.129999	17.08	17.086	21584	yfinance_1m
2026-07-24T15:59:00-04:00	17.08	17.1	17.030001	17.1	24736	yfinance_1m
2026-07-27T09:30:00-04:00	17.33	17.74	17.27	17.389999	12257	yfinance_1m
2026-07-27T09:31:00-04:00	17.389999	17.389999	17.389999	17.389999	1409	yfinance_1m
2026-07-27T09:32:00-04:00	17.33	17.33	17.33	17.33	361	yfinance_1m
2026-07-27T09:33:00-04:00	17.469999	17.709999	17.33	17.709999	8180	yfinance_1m
2026-07-27T09:34:00-04:00	17.75	17.969999	17.496	17.969999	3298	yfinance_1m
2026-07-27T09:35:00-04:00	18.110001	18.25	18.0	18.25	2525	yfinance_1m
2026-07-27T09:36:00-04:00	18.179199	18.24	18.129999	18.139999	1244	yfinance_1m
2026-07-27T09:38:00-04:00	18.264999	18.59	18.264999	18.41	9402	yfinance_1m
2026-07-27T09:39:00-04:00	18.59	18.77	18.4501	18.73	4450	yfinance_1m
2026-07-27T09:40:00-04:00	18.754999	18.754999	18.629999	18.684999	5392	yfinance_1m
2026-07-27T09:41:00-04:00	18.67	18.799999	18.559999	18.700001	12409	yfinance_1m
2026-07-27T09:42:00-04:00	18.733999	18.809999	18.49	18.49	2533	yfinance_1m
2026-07-27T09:43:00-04:00	18.469999	18.545601	18.469999	18.545	2185	yfinance_1m
2026-07-27T09:44:00-04:00	18.540001	18.773001	18.540001	18.773001	1681	yfinance_1m
2026-07-27T09:45:00-04:00	18.684999	18.684999	18.530001	18.530001	2382	yfinance_1m
2026-07-27T09:46:00-04:00	18.48	18.5933	18.41	18.41	2443	yfinance_1m
2026-07-27T09:47:00-04:00	18.450001	18.530001	18.450001	18.49	1596	yfinance_1m
2026-07-27T09:48:00-04:00	18.450001	18.530001	18.450001	18.475	4237	yfinance_1m
2026-07-27T09:49:00-04:00	18.469999	18.57	18.459999	18.508101	3291	yfinance_1m
2026-07-27T09:50:00-04:00	18.51	18.6	18.51	18.6	555	yfinance_1m
2026-07-27T09:51:00-04:00	18.545	18.6	18.540001	18.540001	2933	yfinance_1m
2026-07-27T09:52:00-04:00	18.549999	18.549999	18.459999	18.525	6803	yfinance_1m
2026-07-27T09:53:00-04:00	18.52	18.52	18.52	18.52	1933	yfinance_1m
2026-07-27T09:55:00-04:00	18.49	18.529499	18.450001	18.529499	2360	yfinance_1m
2026-07-27T09:56:00-04:00	18.5	18.5	18.389999	18.389999	4528	yfinance_1m
2026-07-27T09:57:00-04:00	18.385	18.385	18.360001	18.360001	1457	yfinance_1m
2026-07-27T09:58:00-04:00	18.33	18.33	18.33	18.33	348	yfinance_1m
2026-07-27T09:59:00-04:00	18.290001	18.385	18.280001	18.33	1288	yfinance_1m
2026-07-27T10:00:00-04:00	18.32	18.35	18.27	18.35	7397	yfinance_1m
2026-07-27T10:01:00-04:00	18.290001	18.299999	18.25	18.299999	4170	yfinance_1m
2026-07-27T10:02:00-04:00	18.25	18.315001	18.25	18.315001	412	yfinance_1m
2026-07-27T10:03:00-04:00	18.305	18.305	18.305	18.305	332	yfinance_1m
2026-07-27T10:04:00-04:00	18.25	18.25	18.25	18.25	177	yfinance_1m
2026-07-27T10:05:00-04:00	18.26	18.280001	18.15	18.228201	15272	yfinance_1m
2026-07-27T10:06:00-04:00	18.225	18.225	18.225	18.225	2335	yfinance_1m
2026-07-27T10:07:00-04:00	18.215	18.33	18.215	18.275	4894	yfinance_1m
2026-07-27T10:08:00-04:00	18.299999	18.33	18.280001	18.280001	1404	yfinance_1m
2026-07-27T10:09:00-04:00	18.26	18.26	18.190001	18.209999	1600	yfinance_1m
2026-07-27T10:10:00-04:00	18.190001	18.1975	18.08	18.087	5143	yfinance_1m
2026-07-27T10:11:00-04:00	18.059999	18.139999	18.059999	18.129999	634	yfinance_1m
2026-07-27T10:12:00-04:00	18.1	18.1	18.0676	18.0676	338	yfinance_1m
2026-07-27T10:13:00-04:00	18.139999	18.145	18.08	18.145	639	yfinance_1m
2026-07-27T10:14:00-04:00	18.115	18.15	18.105	18.15	3197	yfinance_1m
2026-07-27T10:15:00-04:00	18.350599	18.350599	18.16	18.16	1373	yfinance_1m
2026-07-27T10:18:00-04:00	18.151899	18.18	18.151899	18.18	270	yfinance_1m
2026-07-27T10:19:00-04:00	18.120001	18.174999	18.09	18.174999	1098	yfinance_1m
2026-07-27T10:20:00-04:00	18.174999	18.174999	18.030001	18.030001	4742	yfinance_1m
2026-07-27T10:21:00-04:00	18.0	18.045	17.9	18.02	1248	yfinance_1m
2026-07-27T10:23:00-04:00	18.030001	18.030001	18.030001	18.030001	596	yfinance_1m
2026-07-27T10:24:00-04:00	18.049999	18.16	18.01	18.16	3355	yfinance_1m
2026-07-27T10:26:00-04:00	18.120001	18.24	18.120001	18.24	1230	yfinance_1m
2026-07-27T10:29:00-04:00	18.08	18.08	18.07	18.07	1356	yfinance_1m
2026-07-27T10:30:00-04:00	18.1	18.1	18.01	18.01	3209	yfinance_1m
2026-07-27T10:34:00-04:00	17.99	17.99	17.985001	17.985001	1612	yfinance_1m
2026-07-27T10:35:00-04:00	17.99	18.190001	17.99	18.174999	4794	yfinance_1m
2026-07-27T10:36:00-04:00	18.200001	18.25	18.190001	18.205	6191	yfinance_1m
2026-07-27T10:39:00-04:00	18.184999	18.184999	18.17	18.17	474	yfinance_1m
2026-07-27T10:40:00-04:00	18.165001	18.165001	17.99	18.047501	11525	yfinance_1m
2026-07-27T10:41:00-04:00	17.879999	17.889999	17.84	17.889999	1370	yfinance_1m
2026-07-27T10:43:00-04:00	17.870001	17.870001	17.870001	17.870001	449	yfinance_1m
2026-07-27T10:44:00-04:00	17.875	17.875	17.875	17.875	187	yfinance_1m
2026-07-27T10:45:00-04:00	17.950001	18.09	17.950001	18.030001	2823	yfinance_1m
2026-07-27T10:46:00-04:00	18.110001	18.15	18.1	18.115	894	yfinance_1m
2026-07-27T10:47:00-04:00	18.200001	18.25	18.200001	18.23	969	yfinance_1m
2026-07-27T10:48:00-04:00	18.215	18.215	18.215	18.215	204	yfinance_1m
2026-07-27T10:49:00-04:00	18.280001	18.295	18.235001	18.295	2068	yfinance_1m
2026-07-27T10:50:00-04:00	18.285	18.285	18.280001	18.280001	522	yfinance_1m
2026-07-27T10:51:00-04:00	18.385	18.42	18.385	18.42	860	yfinance_1m
2026-07-27T10:52:00-04:00	18.35	18.35	18.34	18.344999	1895	yfinance_1m
2026-07-27T10:53:00-04:00	18.4	18.4	18.4	18.4	760	yfinance_1m
2026-07-27T10:55:00-04:00	18.360001	18.41	18.360001	18.41	2527	yfinance_1m
2026-07-27T10:56:00-04:00	18.41	18.41	18.379999	18.41	1584	yfinance_1m
2026-07-27T10:57:00-04:00	18.41	18.469999	18.41	18.424999	1143	yfinance_1m
2026-07-27T10:58:00-04:00	18.424999	18.424999	18.360001	18.360001	3558	yfinance_1m
2026-07-27T10:59:00-04:00	18.450001	18.555	18.440001	18.540001	2401	yfinance_1m
2026-07-27T11:00:00-04:00	18.52	18.559999	18.459999	18.459999	2424	yfinance_1m
2026-07-27T11:01:00-04:00	18.48	18.48	18.48	18.48	144	yfinance_1m
2026-07-27T11:02:00-04:00	18.49	18.49	18.49	18.49	312	yfinance_1m
2026-07-27T11:03:00-04:00	18.459999	18.48	18.42	18.440001	2800	yfinance_1m
2026-07-27T11:04:00-04:00	18.52	18.52	18.48	18.48	644	yfinance_1m
2026-07-27T11:05:00-04:00	18.48	18.5	18.469999	18.48	2386	yfinance_1m
2026-07-27T11:06:00-04:00	18.530001	18.540001	18.41	18.41	2255	yfinance_1m
2026-07-27T11:07:00-04:00	18.41	18.469999	18.4	18.43	7435	yfinance_1m
2026-07-27T11:08:00-04:00	18.434999	18.434999	18.360001	18.360001	3018	yfinance_1m
2026-07-27T11:09:00-04:00	18.389999	18.389999	18.355	18.355	462	yfinance_1m
2026-07-27T11:10:00-04:00	18.370001	18.440001	18.370001	18.440001	1385	yfinance_1m
2026-07-27T11:11:00-04:00	18.379999	18.415001	18.379999	18.415001	365	yfinance_1m
2026-07-27T11:12:00-04:00	18.483	18.483	18.415001	18.415001	1119	yfinance_1m
2026-07-27T11:13:00-04:00	18.370001	18.370001	18.370001	18.370001	2081	yfinance_1m
2026-07-27T11:14:00-04:00	18.42	18.42	18.42	18.42	841	yfinance_1m
2026-07-27T11:15:00-04:00	18.424999	18.424999	18.375099	18.375099	1869	yfinance_1m
2026-07-27T11:16:00-04:00	18.424999	18.43	18.3701	18.41	805	yfinance_1m
2026-07-27T11:17:00-04:00	18.450001	18.450001	18.34	18.35	2754	yfinance_1m
2026-07-27T11:18:00-04:00	18.360001	18.360001	18.299999	18.34	1892	yfinance_1m
2026-07-27T11:19:00-04:00	18.324699	18.355	18.324699	18.355	1439	yfinance_1m
2026-07-27T11:20:00-04:00	18.379999	18.434999	18.375	18.41	1397	yfinance_1m
2026-07-27T11:21:00-04:00	18.424999	18.459999	18.42	18.424999	1690	yfinance_1m
2026-07-27T11:22:00-04:00	18.375	18.375	18.370001	18.375	804	yfinance_1m
2026-07-27T11:23:00-04:00	18.375	18.3899	18.299999	18.3899	1772	yfinance_1m
2026-07-27T11:24:00-04:00	18.280001	18.295	18.280001	18.295	506	yfinance_1m
2026-07-27T11:25:00-04:00	18.290001	18.290001	18.290001	18.290001	267	yfinance_1m
2026-07-27T11:26:00-04:00	18.280001	18.280001	18.27	18.280001	1116	yfinance_1m
2026-07-27T11:27:00-04:00	18.25	18.4	18.23	18.23	846	yfinance_1m
2026-07-27T11:28:00-04:00	18.25	18.25	18.25	18.25	761	yfinance_1m
2026-07-27T11:29:00-04:00	18.290001	18.344999	18.290001	18.34	1929	yfinance_1m
2026-07-27T11:30:00-04:00	18.280001	18.280001	18.25	18.25	2263	yfinance_1m
2026-07-27T11:31:00-04:00	18.25	18.290001	18.25	18.254999	700	yfinance_1m
2026-07-27T11:32:00-04:00	18.25	18.25	18.219999	18.25	1185	yfinance_1m
2026-07-27T11:33:00-04:00	18.24	18.24	18.219999	18.23	1890	yfinance_1m
2026-07-27T11:34:00-04:00	18.23	18.26	18.209999	18.26	736	yfinance_1m
2026-07-27T11:35:00-04:00	18.254999	18.254999	18.219999	18.23	1916	yfinance_1m
2026-07-27T11:36:00-04:00	18.209999	18.209999	18.190001	18.200001	3086	yfinance_1m
2026-07-27T11:37:00-04:00	18.18	18.18	18.17	18.18	906	yfinance_1m
2026-07-27T11:38:00-04:00	18.110001	18.110001	18.110001	18.110001	776	yfinance_1m
2026-07-27T11:39:00-04:00	18.15	18.23	18.15	18.23	692	yfinance_1m
2026-07-27T11:40:00-04:00	18.200001	18.205	18.145	18.145	1761	yfinance_1m
2026-07-27T11:41:00-04:00	18.139999	18.139999	18.139999	18.139999	186	yfinance_1m
2026-07-27T11:42:00-04:00	18.209999	18.25	18.165001	18.235001	1585	yfinance_1m
2026-07-27T11:43:00-04:00	18.235001	18.290001	18.18	18.18	526	yfinance_1m
2026-07-27T11:44:00-04:00	18.290001	18.32	18.23	18.23	1339	yfinance_1m
2026-07-27T11:46:00-04:00	18.32	18.32	18.23	18.23	770	yfinance_1m
2026-07-27T11:47:00-04:00	18.23	18.23	18.23	18.23	458	yfinance_1m
2026-07-27T11:48:00-04:00	18.3092	18.3092	18.219999	18.27	10047	yfinance_1m
2026-07-27T11:50:00-04:00	18.290001	18.290001	18.18	18.23	880	yfinance_1m
2026-07-27T11:51:00-04:00	18.280001	18.34	18.280001	18.34	1321	yfinance_1m
2026-07-27T11:52:00-04:00	18.290001	18.34	18.25	18.264999	3704	yfinance_1m
2026-07-27T11:53:00-04:00	18.26	18.280001	18.26	18.280001	397	yfinance_1m
2026-07-27T11:54:00-04:00	18.299999	18.299999	18.25	18.26	1468	yfinance_1m
2026-07-27T11:55:00-04:00	18.285	18.299999	18.285	18.299999	728	yfinance_1m
2026-07-27T11:56:00-04:00	18.299999	18.299999	18.299999	18.299999	413	yfinance_1m
2026-07-27T11:57:00-04:00	18.26	18.290001	18.26	18.290001	433	yfinance_1m
2026-07-27T11:58:00-04:00	18.25	18.290001	18.25	18.280001	1081	yfinance_1m
2026-07-27T11:59:00-04:00	18.290001	18.290001	18.290001	18.290001	756	yfinance_1m
2026-07-27T12:00:00-04:00	18.24	18.24	18.209999	18.2372	3412	yfinance_1m
2026-07-27T12:01:00-04:00	18.24	18.280001	18.24	18.280001	892	yfinance_1m
2026-07-27T12:02:00-04:00	18.209999	18.209999	18.16	18.16	1732	yfinance_1m
2026-07-27T12:03:00-04:00	18.190001	18.190001	18.190001	18.190001	219	yfinance_1m
2026-07-27T12:04:00-04:00	18.23	18.33	18.215	18.33	12734	yfinance_1m
2026-07-27T12:05:00-04:00	18.379999	18.41	18.379999	18.41	1347	yfinance_1m
2026-07-27T12:06:00-04:00	18.34	18.360001	18.33	18.360001	737	yfinance_1m
2026-07-27T12:07:00-04:00	18.365	18.365	18.365	18.365	338	yfinance_1m
2026-07-27T12:08:00-04:00	18.365	18.42	18.355	18.355	1084	yfinance_1m
2026-07-27T12:09:00-04:00	18.4	18.4	18.355	18.360001	1211	yfinance_1m
2026-07-27T12:10:00-04:00	18.365	18.459999	18.365	18.459999	1218	yfinance_1m
2026-07-27T12:12:00-04:00	18.48	18.495001	18.48	18.49	800	yfinance_1m
2026-07-27T12:13:00-04:00	18.440001	18.440001	18.41	18.41	1426	yfinance_1m
2026-07-27T12:14:00-04:00	18.41	18.41	18.4	18.4	1213	yfinance_1m
2026-07-27T12:15:00-04:00	18.389999	18.389999	18.35	18.379999	1907	yfinance_1m
2026-07-27T12:16:00-04:00	18.3638	18.3638	18.305	18.305	562	yfinance_1m
2026-07-27T12:17:00-04:00	18.299999	18.305	18.299999	18.305	5341	yfinance_1m
2026-07-27T12:18:00-04:00	18.305	18.305	18.305	18.305	636	yfinance_1m
2026-07-27T12:19:00-04:00	18.315001	18.315001	18.315001	18.315001	1120	yfinance_1m
2026-07-27T12:21:00-04:00	18.309999	18.309999	18.24	18.24	3257	yfinance_1m
2026-07-27T12:23:00-04:00	18.15	18.16	18.145	18.145	818	yfinance_1m
2026-07-27T12:24:00-04:00	18.145	18.200001	18.139999	18.15	1890	yfinance_1m
2026-07-27T12:25:00-04:00	18.209999	18.26	18.209999	18.24	3366	yfinance_1m
2026-07-27T12:26:00-04:00	18.280001	18.309999	18.280001	18.309999	1003	yfinance_1m
2026-07-27T12:27:00-04:00	18.254999	18.309999	18.209999	18.2575	1214	yfinance_1m
2026-07-27T12:28:00-04:00	18.209999	18.309999	18.209999	18.25	1152	yfinance_1m
2026-07-27T12:29:00-04:00	18.27	18.27	18.200001	18.209999	1517	yfinance_1m
2026-07-27T12:30:00-04:00	18.27	18.33	18.27	18.325001	2306	yfinance_1m
2026-07-27T12:31:00-04:00	18.290001	18.360001	18.285	18.334999	1462	yfinance_1m
2026-07-27T12:32:00-04:00	18.334999	18.334999	18.334999	18.334999	985	yfinance_1m
2026-07-27T12:33:00-04:00	18.32	18.334999	18.32	18.334999	333	yfinance_1m
2026-07-27T12:34:00-04:00	18.360001	18.360001	18.26	18.26	377	yfinance_1m
2026-07-27T12:35:00-04:00	18.33	18.370001	18.33	18.34	1177	yfinance_1m
2026-07-27T12:36:00-04:00	18.35	18.362	18.33	18.33	518	yfinance_1m
2026-07-27T12:37:00-04:00	18.370001	18.4	18.360001	18.360001	2436	yfinance_1m
2026-07-27T12:38:00-04:00	18.379999	18.379999	18.379999	18.379999	243	yfinance_1m
2026-07-27T12:39:00-04:00	18.370001	18.379999	18.370001	18.379999	1173	yfinance_1m
2026-07-27T12:40:00-04:00	18.360001	18.360001	18.299999	18.299999	3107	yfinance_1m
2026-07-27T12:41:00-04:00	18.34	18.34	18.25	18.25	1045	yfinance_1m
2026-07-27T12:42:00-04:00	18.23	18.329901	18.23	18.280001	2932	yfinance_1m
2026-07-27T12:43:00-04:00	18.280001	18.32	18.280001	18.32	551	yfinance_1m
2026-07-27T12:44:00-04:00	18.290001	18.290001	18.25	18.25	757	yfinance_1m
2026-07-27T12:45:00-04:00	18.27	18.27	18.27	18.27	411	yfinance_1m
2026-07-27T12:46:00-04:00	18.295	18.33	18.295	18.33	1122	yfinance_1m
2026-07-27T12:47:00-04:00	18.33	18.33	18.32	18.32	1658	yfinance_1m
2026-07-27T12:48:00-04:00	18.295	18.299999	18.23	18.26	2694	yfinance_1m
2026-07-27T12:49:00-04:00	18.23	18.34	18.23	18.34	2335	yfinance_1m
2026-07-27T12:50:00-04:00	18.280001	18.309999	18.280001	18.309999	613	yfinance_1m
2026-07-27T12:51:00-04:00	18.309999	18.424999	18.309999	18.405001	2480	yfinance_1m
2026-07-27T12:52:00-04:00	18.389999	18.389999	18.370001	18.370001	2110	yfinance_1m
2026-07-27T12:53:00-04:00	18.33	18.334999	18.33	18.334999	496	yfinance_1m
2026-07-27T12:54:00-04:00	18.334999	18.334999	18.334999	18.334999	290	yfinance_1m
2026-07-27T12:55:00-04:00	18.27	18.299999	18.27	18.275	1044	yfinance_1m
2026-07-27T12:56:00-04:00	18.35	18.35	18.35	18.35	1041	yfinance_1m
2026-07-27T13:01:00-04:00	18.280001	18.32	18.280001	18.32	1146	yfinance_1m
2026-07-27T13:02:00-04:00	18.280001	18.315001	18.27	18.315001	1526	yfinance_1m
2026-07-27T13:03:00-04:00	18.315001	18.315001	18.315001	18.315001	263	yfinance_1m
2026-07-27T13:04:00-04:00	18.27	18.27	18.27	18.27	658	yfinance_1m
2026-07-27T13:07:00-04:00	18.295	18.295	18.26	18.26	613	yfinance_1m
2026-07-27T13:08:00-04:00	18.290001	18.290001	18.290001	18.290001	735	yfinance_1m
2026-07-27T13:10:00-04:00	18.282499	18.299999	18.25	18.299999	777	yfinance_1m
2026-07-27T13:11:00-04:00	18.24	18.24	18.24	18.24	112	yfinance_1m
2026-07-27T13:12:00-04:00	18.2775	18.2775	18.2775	18.2775	199	yfinance_1m
2026-07-27T13:13:00-04:00	18.280001	18.33	18.280001	18.305	1454	yfinance_1m
2026-07-27T13:14:00-04:00	18.305	18.305	18.305	18.305	344	yfinance_1m
2026-07-27T13:15:00-04:00	18.305	18.305	18.305	18.305	282	yfinance_1m
2026-07-27T13:16:00-04:00	18.3234	18.365	18.32	18.365	1342	yfinance_1m
2026-07-27T13:17:00-04:00	18.32	18.35	18.299999	18.32	4777	yfinance_1m
2026-07-27T13:18:00-04:00	18.33	18.33	18.33	18.33	609	yfinance_1m
2026-07-27T13:20:00-04:00	18.33	18.360001	18.33	18.34	1073	yfinance_1m
2026-07-27T13:21:00-04:00	18.32	18.32	18.309999	18.309999	757	yfinance_1m
2026-07-27T13:22:00-04:00	18.299999	18.299999	18.290001	18.290001	687	yfinance_1m
2026-07-27T13:23:00-04:00	18.280001	18.280001	18.24	18.24	618	yfinance_1m
2026-07-27T13:24:00-04:00	18.190001	18.190001	18.190001	18.190001	850	yfinance_1m
2026-07-27T13:25:00-04:00	18.209999	18.27	18.209999	18.27	553	yfinance_1m
2026-07-27T13:26:00-04:00	18.200001	18.200001	18.200001	18.200001	3131	yfinance_1m
2026-07-27T13:27:00-04:00	18.219999	18.26	18.219999	18.26	1378	yfinance_1m
2026-07-27T13:28:00-04:00	18.235001	18.235001	18.235001	18.235001	1114	yfinance_1m
2026-07-27T13:29:00-04:00	18.23	18.245001	18.209999	18.209999	3056	yfinance_1m
2026-07-27T13:30:00-04:00	18.215	18.215	18.215	18.215	158	yfinance_1m
2026-07-27T13:31:00-04:00	18.215	18.215	18.215	18.215	392	yfinance_1m
2026-07-27T13:32:00-04:00	18.215	18.24	18.215	18.24	548	yfinance_1m
2026-07-27T13:33:00-04:00	18.24	18.269501	18.24	18.269501	989	yfinance_1m
2026-07-27T13:34:00-04:00	18.25	18.25	18.25	18.25	395	yfinance_1m
2026-07-27T13:35:00-04:00	18.245001	18.245001	18.245001	18.245001	1106	yfinance_1m
2026-07-27T13:37:00-04:00	18.245001	18.245001	18.245001	18.245001	231	yfinance_1m
2026-07-27T13:38:00-04:00	18.27	18.27	18.27	18.27	139	yfinance_1m
2026-07-27T13:39:00-04:00	18.27	18.295	18.24	18.24	4455	yfinance_1m
2026-07-27T13:40:00-04:00	18.209999	18.23	18.209999	18.209999	1437	yfinance_1m
2026-07-27T13:41:00-04:00	18.23	18.235001	18.23	18.235001	1100	yfinance_1m
2026-07-27T13:42:00-04:00	18.219999	18.26	18.219999	18.219999	4224	yfinance_1m
2026-07-27T13:43:00-04:00	18.200001	18.200001	18.18	18.18	1493	yfinance_1m
2026-07-27T13:44:00-04:00	18.174999	18.174999	18.174999	18.174999	128	yfinance_1m
2026-07-27T13:45:00-04:00	18.219999	18.219999	18.219999	18.219999	515	yfinance_1m
2026-07-27T13:46:00-04:00	18.219999	18.25	18.219999	18.219999	1544	yfinance_1m
2026-07-27T13:47:00-04:00	18.225	18.225	18.225	18.225	738	yfinance_1m
2026-07-27T13:48:00-04:00	18.247999	18.247999	18.23	18.23	1156	yfinance_1m
2026-07-27T13:49:00-04:00	18.249901	18.26	18.245001	18.245001	1826	yfinance_1m
2026-07-27T13:52:00-04:00	18.25	18.305	18.245001	18.301901	2664	yfinance_1m
2026-07-27T13:53:00-04:00	18.315001	18.315001	18.315001	18.315001	439	yfinance_1m
2026-07-27T13:54:00-04:00	18.315001	18.315001	18.315001	18.315001	193	yfinance_1m
2026-07-27T13:55:00-04:00	18.315001	18.315001	18.315001	18.315001	261	yfinance_1m
2026-07-27T13:56:00-04:00	18.35	18.35	18.325001	18.325001	1045	yfinance_1m
2026-07-27T13:57:00-04:00	18.360001	18.360001	18.34	18.34	2488	yfinance_1m
2026-07-27T13:59:00-04:00	18.334999	18.34	18.309999	18.34	1407	yfinance_1m
2026-07-27T14:00:00-04:00	18.360001	18.360001	18.33	18.33	1279	yfinance_1m
2026-07-27T14:02:00-04:00	18.32	18.334999	18.299999	18.299999	1740	yfinance_1m
2026-07-27T14:03:00-04:00	18.290001	18.290001	18.290001	18.290001	479	yfinance_1m
2026-07-27T14:04:00-04:00	18.309999	18.32	18.309999	18.32	893	yfinance_1m
2026-07-27T14:05:00-04:00	18.32	18.34	18.32	18.34	2171	yfinance_1m
2026-07-27T14:06:00-04:00	18.344999	18.344999	18.32	18.32	1578	yfinance_1m
2026-07-27T14:07:00-04:00	18.379999	18.379999	18.379999	18.379999	418	yfinance_1m
2026-07-27T14:08:00-04:00	18.365	18.365	18.365	18.365	176	yfinance_1m
2026-07-27T14:09:00-04:00	18.34	18.375	18.33	18.375	1172	yfinance_1m
2026-07-27T14:10:00-04:00	18.3999	18.3999	18.375	18.375	1125	yfinance_1m
2026-07-27T14:13:00-04:00	18.4	18.4	18.360001	18.370001	2412	yfinance_1m
2026-07-27T14:14:00-04:00	18.370001	18.42	18.370001	18.42	983	yfinance_1m
2026-07-27T14:15:00-04:00	18.389999	18.389999	18.379999	18.389999	1222	yfinance_1m
2026-07-27T14:16:00-04:00	18.395	18.395	18.395	18.395	337	yfinance_1m
2026-07-27T14:17:00-04:00	18.395	18.395	18.395	18.395	401	yfinance_1m
2026-07-27T14:18:00-04:00	18.395	18.395	18.395	18.395	201	yfinance_1m
2026-07-27T14:19:00-04:00	18.4	18.4	18.395	18.395	701	yfinance_1m
2026-07-27T14:20:00-04:00	18.360001	18.389999	18.360001	18.389999	1646	yfinance_1m
2026-07-27T14:21:00-04:00	18.41	18.41	18.389999	18.389999	2512	yfinance_1m
2026-07-27T14:22:00-04:00	18.389999	18.42	18.389999	18.395	1377	yfinance_1m
2026-07-27T14:23:00-04:00	18.395	18.395	18.370001	18.370001	1178	yfinance_1m
2026-07-27T14:25:00-04:00	18.385	18.385	18.385	18.385	365	yfinance_1m
2026-07-27T14:26:00-04:00	18.41	18.41	18.41	18.41	866	yfinance_1m
2026-07-27T14:27:00-04:00	18.450001	18.459999	18.450001	18.459999	545	yfinance_1m
2026-07-27T14:28:00-04:00	18.48	18.5	18.465	18.465	1828	yfinance_1m
2026-07-27T14:29:00-04:00	18.465	18.465	18.465	18.465	451	yfinance_1m
2026-07-27T14:30:00-04:00	18.465	18.465	18.440001	18.440001	1600	yfinance_1m
2026-07-27T14:32:00-04:00	18.440001	18.4799	18.440001	18.4799	2247	yfinance_1m
2026-07-27T14:33:00-04:00	18.43	18.43	18.43	18.43	244	yfinance_1m
2026-07-27T14:34:00-04:00	18.43	18.43	18.41	18.42	2972	yfinance_1m
2026-07-27T14:37:00-04:00	18.424999	18.424999	18.424999	18.424999	331	yfinance_1m
2026-07-27T14:38:00-04:00	18.4	18.42	18.389999	18.42	829	yfinance_1m
2026-07-27T14:39:00-04:00	18.41	18.41	18.41	18.41	740	yfinance_1m
2026-07-27T14:41:00-04:00	18.4	18.415001	18.4	18.415001	462	yfinance_1m
2026-07-27T14:42:00-04:00	18.424999	18.424999	18.42	18.424999	1413	yfinance_1m
2026-07-27T14:43:00-04:00	18.42	18.42	18.42	18.42	257	yfinance_1m
2026-07-27T14:44:00-04:00	18.42	18.450001	18.42	18.43	1636	yfinance_1m
2026-07-27T14:45:00-04:00	18.455	18.455	18.455	18.455	259	yfinance_1m
2026-07-27T14:46:00-04:00	18.440001	18.440001	18.440001	18.440001	550	yfinance_1m
2026-07-27T14:47:00-04:00	18.43	18.43	18.41	18.43	1810	yfinance_1m
2026-07-27T14:48:00-04:00	18.424999	18.424999	18.309999	18.309999	5599	yfinance_1m
2026-07-27T14:49:00-04:00	18.309999	18.34	18.25	18.34	4257	yfinance_1m
2026-07-27T14:50:00-04:00	18.334999	18.334999	18.33	18.33	1238	yfinance_1m
2026-07-27T14:51:00-04:00	18.280001	18.280001	18.280001	18.280001	147	yfinance_1m
2026-07-27T14:52:00-04:00	18.280001	18.389999	18.280001	18.389999	2080	yfinance_1m
2026-07-27T14:53:00-04:00	18.4	18.43	18.4	18.43	2577	yfinance_1m
2026-07-27T14:55:00-04:00	18.41	18.469999	18.41	18.459999	1475	yfinance_1m
2026-07-27T14:56:00-04:00	18.450001	18.450001	18.450001	18.450001	557	yfinance_1m
2026-07-27T14:57:00-04:00	18.42	18.42	18.42	18.42	709	yfinance_1m
2026-07-27T14:58:00-04:00	18.42	18.445	18.42	18.445	744	yfinance_1m
2026-07-27T14:59:00-04:00	18.450001	18.48	18.450001	18.48	1100	yfinance_1m
2026-07-27T15:00:00-04:00	18.49	18.514999	18.48	18.49	3664	yfinance_1m
2026-07-27T15:01:00-04:00	18.4501	18.485001	18.4501	18.485001	356	yfinance_1m
2026-07-27T15:02:00-04:00	18.459999	18.51	18.459999	18.469999	568	yfinance_1m
2026-07-27T15:03:00-04:00	18.469999	18.5	18.459999	18.459999	1983	yfinance_1m
2026-07-27T15:04:00-04:00	18.459999	18.459999	18.43	18.43	1393	yfinance_1m
2026-07-27T15:05:00-04:00	18.445	18.445	18.41	18.41	512	yfinance_1m
2026-07-27T15:06:00-04:00	18.445	18.469999	18.440001	18.440001	667	yfinance_1m
2026-07-27T15:07:00-04:00	18.48	18.52	18.48	18.52	929	yfinance_1m
2026-07-27T15:08:00-04:00	18.5	18.5	18.5	18.5	607	yfinance_1m
2026-07-27T15:09:00-04:00	18.51	18.540001	18.51	18.530001	1720	yfinance_1m
2026-07-27T15:10:00-04:00	18.535	18.549999	18.52	18.549999	4179	yfinance_1m
2026-07-27T15:11:00-04:00	18.530001	18.530001	18.52	18.52	331	yfinance_1m
2026-07-27T15:12:00-04:00	18.540001	18.540001	18.540001	18.540001	714	yfinance_1m
2026-07-27T15:13:00-04:00	18.530001	18.530001	18.530001	18.530001	509	yfinance_1m
2026-07-27T15:14:00-04:00	18.535	18.535	18.535	18.535	202	yfinance_1m
2026-07-27T15:15:00-04:00	18.535	18.535	18.535	18.535	389	yfinance_1m
2026-07-27T15:16:00-04:00	18.549999	18.559999	18.540001	18.540001	2538	yfinance_1m
2026-07-27T15:17:00-04:00	18.540001	18.540001	18.495899	18.51	3148	yfinance_1m
2026-07-27T15:19:00-04:00	18.5	18.5	18.49	18.49	429	yfinance_1m
2026-07-27T15:20:00-04:00	18.51	18.51	18.51	18.51	174	yfinance_1m
2026-07-27T15:21:00-04:00	18.51	18.51	18.51	18.51	558	yfinance_1m
2026-07-27T15:22:00-04:00	18.48	18.48	18.48	18.48	433	yfinance_1m
2026-07-27T15:25:00-04:00	18.530001	18.530001	18.504999	18.504999	689	yfinance_1m
2026-07-27T15:26:00-04:00	18.530001	18.530001	18.530001	18.530001	534	yfinance_1m
2026-07-27T15:27:00-04:00	18.549999	18.610001	18.549999	18.575001	1687	yfinance_1m
2026-07-27T15:28:00-04:00	18.58	18.58	18.58	18.58	1229	yfinance_1m
2026-07-27T15:29:00-04:00	18.58	18.58	18.58	18.58	161	yfinance_1m
2026-07-27T15:30:00-04:00	18.610001	18.610001	18.6	18.6	696	yfinance_1m
2026-07-27T15:31:00-04:00	18.620001	18.65	18.620001	18.645	2759	yfinance_1m
2026-07-27T15:32:00-04:00	18.65	18.65	18.639999	18.645	2222	yfinance_1m
2026-07-27T15:33:00-04:00	18.66	18.690001	18.66	18.68	4633	yfinance_1m
2026-07-27T15:34:00-04:00	18.67	18.68	18.639999	18.68	1245	yfinance_1m
2026-07-27T15:35:00-04:00	18.665001	18.665001	18.620001	18.629999	3757	yfinance_1m
2026-07-27T15:36:00-04:00	18.58	18.6325	18.565001	18.58	3143	yfinance_1m
2026-07-27T15:37:00-04:00	18.555	18.555	18.555	18.555	1032	yfinance_1m
2026-07-27T15:38:00-04:00	18.559999	18.559999	18.559999	18.559999	181	yfinance_1m
2026-07-27T15:39:00-04:00	18.559999	18.559999	18.559999	18.559999	319	yfinance_1m
2026-07-27T15:40:00-04:00	18.540001	18.545	18.530001	18.545	2641	yfinance_1m
2026-07-27T15:41:00-04:00	18.57	18.625	18.57	18.625	2442	yfinance_1m
2026-07-27T15:42:00-04:00	18.625	18.625	18.58	18.58	1806	yfinance_1m
2026-07-27T15:43:00-04:00	18.58	18.594999	18.58	18.594999	957	yfinance_1m
2026-07-27T15:44:00-04:00	18.594999	18.594999	18.57	18.575001	2832	yfinance_1m
2026-07-27T15:45:00-04:00	18.575001	18.575001	18.575001	18.575001	132	yfinance_1m
2026-07-27T15:46:00-04:00	18.59	18.629999	18.59	18.620001	1574	yfinance_1m
2026-07-27T15:47:00-04:00	18.615	18.615	18.615	18.615	488	yfinance_1m
2026-07-27T15:48:00-04:00	18.639999	18.665001	18.639999	18.665001	1821	yfinance_1m
2026-07-27T15:49:00-04:00	18.674999	18.75	18.674999	18.75	2048	yfinance_1m
2026-07-27T15:50:00-04:00	18.77	18.77	18.68	18.73	7130	yfinance_1m
2026-07-27T15:51:00-04:00	18.764999	18.780001	18.700001	18.780001	3665	yfinance_1m
2026-07-27T15:52:00-04:00	18.780001	18.799999	18.75	18.7999	7772	yfinance_1m
2026-07-27T15:53:00-04:00	18.799999	18.879999	18.799999	18.870001	7314	yfinance_1m
2026-07-27T15:54:00-04:00	18.870001	18.946501	18.870001	18.870001	12546	yfinance_1m
2026-07-27T15:55:00-04:00	18.870001	18.870001	18.83	18.84	6837	yfinance_1m
2026-07-27T15:56:00-04:00	18.84	18.860001	18.83	18.85	10349	yfinance_1m
2026-07-27T15:57:00-04:00	18.84	18.85	18.780001	18.780001	12945	yfinance_1m
2026-07-27T15:58:00-04:00	18.785	18.815001	18.785	18.815001	4966	yfinance_1m
2026-07-27T15:59:00-04:00	18.809999	18.870001	18.799999	18.870001	29933	yfinance_1m
2026-07-28T09:30:00-04:00	18.290001	18.299999	17.629999	17.815001	25632	yfinance_1m
2026-07-28T09:31:00-04:00	17.815001	17.82	17.629999	17.82	4055	yfinance_1m
2026-07-28T09:32:00-04:00	17.82	17.82	17.34	17.48	11718	yfinance_1m
2026-07-28T09:33:00-04:00	17.32	17.52	17.309999	17.309999	3259	yfinance_1m
2026-07-28T09:34:00-04:00	17.365	17.365	17.280001	17.33	7415	yfinance_1m
2026-07-28T09:35:00-04:00	17.33	17.33	17.219999	17.315001	5757	yfinance_1m
2026-07-28T09:36:00-04:00	17.315001	17.42	17.209999	17.219999	3888	yfinance_1m
2026-07-28T09:37:00-04:00	17.315001	17.315001	17.062	17.110001	9396	yfinance_1m
2026-07-28T09:38:00-04:00	17.1	17.174999	17.07	17.1	2917	yfinance_1m
2026-07-28T09:39:00-04:00	17.1	17.15	16.940001	17.105	7947	yfinance_1m
2026-07-28T09:40:00-04:00	17.120001	17.120001	17.0301	17.09	2562	yfinance_1m
2026-07-28T09:41:00-04:00	17.09	17.16	17.049999	17.049999	3965	yfinance_1m
2026-07-28T09:42:00-04:00	17.16	17.23	17.16	17.17	4899	yfinance_1m
2026-07-28T09:43:00-04:00	17.23	17.379999	17.200001	17.379999	7877	yfinance_1m
2026-07-28T09:44:00-04:00	17.4	17.610001	17.4	17.6	10846	yfinance_1m
2026-07-28T09:45:00-04:00	17.5	17.559999	17.49	17.495001	4762	yfinance_1m
2026-07-28T09:46:00-04:00	17.49	17.610001	17.49	17.549999	9911	yfinance_1m
2026-07-28T09:47:00-04:00	17.6	17.790001	17.6	17.684999	7538	yfinance_1m
2026-07-28T09:48:00-04:00	17.690001	17.73	17.645	17.690001	8945	yfinance_1m
2026-07-28T09:49:00-04:00	17.690001	17.790001	17.642401	17.790001	9822	yfinance_1m
2026-07-28T09:50:00-04:00	17.735001	18.15	17.735001	18.07	14606	yfinance_1m
2026-07-28T09:51:00-04:00	17.93	17.93	17.745001	17.745001	6840	yfinance_1m
2026-07-28T09:52:00-04:00	17.74	17.745001	17.74	17.74	1902	yfinance_1m
2026-07-28T09:53:00-04:00	17.74	17.740101	17.66	17.66	4331	yfinance_1m
2026-07-28T09:54:00-04:00	17.66	17.66	17.445	17.450001	8570	yfinance_1m
2026-07-28T09:55:00-04:00	17.450001	17.459999	17.4	17.455	2955	yfinance_1m
2026-07-28T09:56:00-04:00	17.455	17.6	17.450001	17.59	8684	yfinance_1m
2026-07-28T09:57:00-04:00	17.565001	17.565001	17.42	17.559999	6514	yfinance_1m
2026-07-28T09:58:00-04:00	17.559999	17.629999	17.43	17.485001	4052	yfinance_1m
2026-07-28T09:59:00-04:00	17.495001	17.5	17.42	17.42	15328	yfinance_1m
2026-07-28T10:00:00-04:00	17.495001	17.58	17.495001	17.51	16814	yfinance_1m
2026-07-28T10:01:00-04:00	17.52	17.52	17.514999	17.514999	1736	yfinance_1m
2026-07-28T10:02:00-04:00	17.514999	17.514999	17.43	17.43	1953	yfinance_1m
2026-07-28T10:03:00-04:00	17.5	17.52	17.43	17.440001	33469	yfinance_1m
2026-07-28T10:04:00-04:00	17.440001	17.530001	17.395	17.395	24663	yfinance_1m
2026-07-28T10:05:00-04:00	17.389999	17.389999	17.200001	17.309999	11201	yfinance_1m
2026-07-28T10:06:00-04:00	17.280001	17.379999	17.25	17.370001	12661	yfinance_1m
2026-07-28T10:07:00-04:00	17.370001	17.370001	17.32	17.334999	21049	yfinance_1m
2026-07-28T10:08:00-04:00	17.334999	17.334999	17.27	17.315001	9357	yfinance_1m
2026-07-28T10:09:00-04:00	17.315001	17.315001	17.245001	17.275	13975	yfinance_1m
2026-07-28T10:10:00-04:00	17.275	17.32	17.245001	17.309999	8427	yfinance_1m
2026-07-28T10:11:00-04:00	17.309999	17.32	17.309999	17.309999	2134	yfinance_1m
2026-07-28T10:12:00-04:00	17.309999	17.32	17.275	17.275	5461	yfinance_1m
2026-07-28T10:13:00-04:00	17.275	17.275	17.23	17.23	9502	yfinance_1m
2026-07-28T10:14:00-04:00	17.23	17.235001	17.18	17.184999	12671	yfinance_1m
2026-07-28T10:15:00-04:00	17.18	17.18	17.065001	17.115	25072	yfinance_1m
2026-07-28T10:16:00-04:00	17.115	17.17	17.115	17.16	7061	yfinance_1m
2026-07-28T10:17:00-04:00	17.16	17.160101	17.075001	17.110001	12734	yfinance_1m
2026-07-28T10:18:00-04:00	17.110001	17.190001	17.110001	17.16	7535	yfinance_1m
2026-07-28T10:19:00-04:00	17.120001	17.17	17.115	17.17	6844	yfinance_1m
2026-07-28T10:20:00-04:00	17.16	17.23	17.16	17.219999	5903	yfinance_1m
2026-07-28T10:21:00-04:00	17.190001	17.34	17.190001	17.34	10461	yfinance_1m
2026-07-28T10:22:00-04:00	17.34	17.389999	17.33	17.34	14416	yfinance_1m
2026-07-28T10:23:00-04:00	17.370001	17.67	17.34	17.625	13467	yfinance_1m
2026-07-28T10:24:00-04:00	17.635	17.737301	17.635	17.65	1476	yfinance_1m
2026-07-28T10:25:00-04:00	17.65	17.74	17.65	17.665001	2063	yfinance_1m
2026-07-28T10:26:00-04:00	17.74	17.74	17.665001	17.68	982	yfinance_1m
2026-07-28T10:27:00-04:00	17.690001	17.834999	17.690001	17.834999	2636	yfinance_1m
2026-07-28T10:28:00-04:00	17.834999	17.834999	17.74	17.815001	3670	yfinance_1m
2026-07-28T10:29:00-04:00	17.825001	17.84	17.825001	17.84	2725	yfinance_1m
2026-07-28T10:30:00-04:00	17.844999	17.860001	17.844999	17.85	1012	yfinance_1m
2026-07-28T10:31:00-04:00	17.84	17.85	17.790001	17.85	704	yfinance_1m
2026-07-28T10:32:00-04:00	17.844999	17.844999	17.77	17.844999	1200	yfinance_1m
2026-07-28T10:33:00-04:00	17.77	17.93	17.76	17.84	7148	yfinance_1m
2026-07-28T10:34:00-04:00	17.84	17.85	17.76	17.76	1817	yfinance_1m
2026-07-28T10:35:00-04:00	17.91	17.91	17.834999	17.85	1339	yfinance_1m
2026-07-28T10:36:00-04:00	17.91	18.059999	17.834999	18.059999	12343	yfinance_1m
2026-07-28T10:37:00-04:00	18.059999	18.059999	17.934999	17.934999	4891	yfinance_1m
2026-07-28T10:38:00-04:00	17.950001	17.950001	17.84	17.870001	1768	yfinance_1m
2026-07-28T10:39:00-04:00	17.82	17.82	17.75	17.75	2142	yfinance_1m
2026-07-28T10:40:00-04:00	17.75	17.82	17.75	17.809999	14595	yfinance_1m
2026-07-28T10:41:00-04:00	17.809999	17.82	17.809999	17.809999	1364	yfinance_1m
2026-07-28T10:42:00-04:00	17.878099	17.878099	17.74	17.75	2795	yfinance_1m
2026-07-28T10:43:00-04:00	17.74	17.879999	17.74	17.809999	2630	yfinance_1m
2026-07-28T10:44:00-04:00	17.74	17.809999	17.74	17.809999	1676	yfinance_1m
2026-07-28T10:45:00-04:00	17.879999	17.91	17.82	17.82	9464	yfinance_1m
2026-07-28T10:46:00-04:00	17.73	17.775	17.73	17.775	1176	yfinance_1m
2026-07-28T10:47:00-04:00	17.73	17.82	17.73	17.809999	3160	yfinance_1m
2026-07-28T10:48:00-04:00	17.84	17.879999	17.84	17.85	2340	yfinance_1m
2026-07-28T10:49:00-04:00	17.834999	17.834999	17.795	17.795	1251	yfinance_1m
2026-07-28T10:50:00-04:00	17.82	17.8685	17.795	17.82	5326	yfinance_1m
2026-07-28T10:51:00-04:00	17.82	18.01	17.82	18.0	18957	yfinance_1m
2026-07-28T10:52:00-04:00	18.0	18.02	17.959999	17.99	5900	yfinance_1m
2026-07-28T10:53:00-04:00	17.99	18.0	17.99	18.0	1494	yfinance_1m
2026-07-28T10:54:00-04:00	18.0	18.0	17.985001	17.985001	531	yfinance_1m
2026-07-28T10:55:00-04:00	17.985001	18.0	17.985001	18.0	1661	yfinance_1m
2026-07-28T10:56:00-04:00	17.985001	18.02	17.959999	17.99	3950	yfinance_1m
2026-07-28T10:57:00-04:00	17.950001	17.950001	17.870001	17.870001	5222	yfinance_1m
2026-07-28T10:58:00-04:00	17.84	17.870001	17.82	17.82	6132	yfinance_1m
2026-07-28T10:59:00-04:00	17.809999	17.82	17.809999	17.82	216	yfinance_1m
2026-07-28T11:00:00-04:00	17.790001	17.790001	17.790001	17.790001	891	yfinance_1m
2026-07-28T11:01:00-04:00	17.790001	17.790001	17.780001	17.780001	896	yfinance_1m
2026-07-28T11:02:00-04:00	17.785	17.825001	17.705	17.809999	9924	yfinance_1m
2026-07-28T11:03:00-04:00	17.799999	17.799999	17.799999	17.799999	369	yfinance_1m
2026-07-28T11:04:00-04:00	17.799999	17.799999	17.799999	17.799999	345	yfinance_1m
2026-07-28T11:05:00-04:00	17.799999	17.799999	17.790001	17.799999	554	yfinance_1m
2026-07-28T11:06:00-04:00	17.799999	17.807501	17.795	17.795	1406	yfinance_1m
2026-07-28T11:07:00-04:00	17.780001	17.785	17.780001	17.785	932	yfinance_1m
2026-07-28T11:08:00-04:00	17.785	17.785	17.74	17.785	1384	yfinance_1m
2026-07-28T11:09:00-04:00	17.74	17.809999	17.74	17.809999	6293	yfinance_1m
2026-07-28T11:10:00-04:00	17.82	17.91	17.795	17.84	7293	yfinance_1m
2026-07-28T11:12:00-04:00	17.76	17.85	17.73	17.825001	6847	yfinance_1m
2026-07-28T11:14:00-04:00	17.825001	17.9	17.825001	17.825001	784	yfinance_1m
2026-07-28T11:15:00-04:00	17.9	17.9	17.825001	17.825001	628	yfinance_1m
2026-07-28T11:16:00-04:00	17.825001	17.9	17.825001	17.825001	1595	yfinance_1m
2026-07-28T11:17:00-04:00	17.834999	17.85	17.809999	17.825001	2176	yfinance_1m
2026-07-28T11:18:00-04:00	17.860001	17.959999	17.860001	17.91	7139	yfinance_1m
2026-07-28T11:19:00-04:00	17.91	17.969999	17.91	17.969999	1217	yfinance_1m
2026-07-28T11:20:00-04:00	18.0	18.049999	17.995001	18.02	6908	yfinance_1m
2026-07-28T11:21:00-04:00	18.014999	18.014999	18.014999	18.014999	2014	yfinance_1m
2026-07-28T11:22:00-04:00	18.014999	18.02	17.99	18.014999	2299	yfinance_1m
2026-07-28T11:23:00-04:00	18.014999	18.014999	18.014999	18.014999	1046	yfinance_1m
2026-07-28T11:24:00-04:00	18.014999	18.08	17.980101	18.040001	8459	yfinance_1m
2026-07-28T11:25:00-04:00	18.045	18.23	18.045	18.200001	5395	yfinance_1m
2026-07-28T11:26:00-04:00	18.200001	18.299999	18.200001	18.299999	1944	yfinance_1m
2026-07-28T11:27:00-04:00	18.27	18.27	18.27	18.27	974	yfinance_1m
2026-07-28T11:28:00-04:00	18.27	18.32	18.219999	18.25	10304	yfinance_1m
2026-07-28T11:30:00-04:00	18.24	18.27	18.235001	18.26	1441	yfinance_1m
2026-07-28T11:31:00-04:00	18.23	18.280001	18.209999	18.25	6888	yfinance_1m
2026-07-28T11:33:00-04:00	18.25	18.25	18.25	18.25	1057	yfinance_1m
2026-07-28T11:34:00-04:00	18.25	18.25	18.25	18.25	1182	yfinance_1m
2026-07-28T11:35:00-04:00	18.254999	18.254999	18.254999	18.254999	1122	yfinance_1m
2026-07-28T11:36:00-04:00	18.254999	18.254999	18.219999	18.219999	852	yfinance_1m
2026-07-28T11:37:00-04:00	18.219999	18.219999	18.209999	18.209999	2798	yfinance_1m
2026-07-28T11:38:00-04:00	18.209999	18.23	18.15	18.16	3683	yfinance_1m
2026-07-28T11:39:00-04:00	18.155001	18.155001	18.084999	18.120001	5151	yfinance_1m
2026-07-28T11:40:00-04:00	18.129999	18.129999	18.129999	18.129999	218	yfinance_1m
2026-07-28T11:41:00-04:00	18.135	18.135	18.09	18.09	2496	yfinance_1m
2026-07-28T11:42:00-04:00	18.09	18.09	18.08	18.08	1460	yfinance_1m
2026-07-28T11:43:00-04:00	18.07	18.07	17.98	17.995001	4439	yfinance_1m
2026-07-28T11:44:00-04:00	18.004999	18.004999	17.940001	17.940001	1373	yfinance_1m
2026-07-28T11:45:00-04:00	17.995001	17.995001	17.940001	17.940001	1398	yfinance_1m
2026-07-28T11:46:00-04:00	17.969999	17.969999	17.959999	17.959999	1139	yfinance_1m
2026-07-28T11:47:00-04:00	17.98	17.99	17.855	17.855	4071	yfinance_1m
2026-07-28T11:48:00-04:00	17.82	17.855	17.75	17.75	2061	yfinance_1m
2026-07-28T11:49:00-04:00	17.719999	17.754999	17.690001	17.695	3042	yfinance_1m
2026-07-28T11:50:00-04:00	17.695	17.715	17.610001	17.610001	13645	yfinance_1m
2026-07-28T11:51:00-04:00	17.655001	17.655001	17.655001	17.655001	1868	yfinance_1m
2026-07-28T11:52:00-04:00	17.655001	17.66	17.655001	17.66	1473	yfinance_1m
2026-07-28T11:53:00-04:00	17.66	17.799999	17.66	17.780001	11631	yfinance_1m
2026-07-28T11:54:00-04:00	17.780001	17.790001	17.7246	17.7246	5004	yfinance_1m
2026-07-28T11:55:00-04:00	17.75	17.75	17.665001	17.670099	10933	yfinance_1m
2026-07-28T11:56:00-04:00	17.73	17.73	17.695	17.695	1490	yfinance_1m
2026-07-28T11:57:00-04:00	17.695	17.84	17.695	17.785	6631	yfinance_1m
2026-07-28T11:58:00-04:00	17.7845	17.7845	17.7404	17.7404	377	yfinance_1m
2026-07-28T11:59:00-04:00	17.75	17.84	17.75	17.795	758	yfinance_1m
2026-07-28T12:00:00-04:00	17.75	17.75	17.75	17.75	1070	yfinance_1m
2026-07-28T12:01:00-04:00	17.775	17.775	17.6301	17.684999	8141	yfinance_1m
2026-07-28T12:02:00-04:00	17.629999	17.719999	17.629999	17.674999	1566	yfinance_1m
2026-07-28T12:03:00-04:00	17.674999	17.73	17.674999	17.709999	4090	yfinance_1m
2026-07-28T12:04:00-04:00	17.75	17.790001	17.735001	17.7435	4923	yfinance_1m
2026-07-28T12:05:00-04:00	17.809999	17.91	17.805	17.860001	3302	yfinance_1m
2026-07-28T12:06:00-04:00	17.860001	17.860001	17.780001	17.780001	2573	yfinance_1m
2026-07-28T12:07:00-04:00	17.75	17.7899	17.73	17.75	2096	yfinance_1m
2026-07-28T12:08:00-04:00	17.75	17.75	17.75	17.75	1608	yfinance_1m
2026-07-28T12:09:00-04:00	17.75	17.75	17.73	17.73	584	yfinance_1m
2026-07-28T12:10:00-04:00	17.75	17.75	17.719999	17.719999	466	yfinance_1m
2026-07-28T12:11:00-04:00	17.719999	17.76	17.719999	17.73	1747	yfinance_1m
2026-07-28T12:12:00-04:00	17.75	17.790001	17.73	17.764999	6053	yfinance_1m
2026-07-28T12:13:00-04:00	17.74	17.74	17.68	17.695	7036	yfinance_1m
2026-07-28T12:15:00-04:00	17.705	17.73	17.68	17.700001	904	yfinance_1m
2026-07-28T12:16:00-04:00	17.700001	17.700001	17.700001	17.700001	859	yfinance_1m
2026-07-28T12:17:00-04:00	17.700001	17.705	17.68	17.705	1709	yfinance_1m
2026-07-28T12:18:00-04:00	17.705	17.705	17.67	17.67	5281	yfinance_1m
2026-07-28T12:19:00-04:00	17.66	17.690001	17.639999	17.68	7398	yfinance_1m
2026-07-28T12:20:00-04:00	17.655001	17.700001	17.655001	17.665001	4372	yfinance_1m
2026-07-28T12:21:00-04:00	17.67	17.799999	17.66	17.799999	9125	yfinance_1m
2026-07-28T12:22:00-04:00	17.799999	17.805	17.790001	17.790001	2173	yfinance_1m
2026-07-28T12:23:00-04:00	17.775	17.775	17.750099	17.750099	1639	yfinance_1m
2026-07-28T12:24:00-04:00	17.75	17.75	17.719999	17.75	2253	yfinance_1m
2026-07-28T12:25:00-04:00	17.75	17.799999	17.6929	17.73	1620	yfinance_1m
2026-07-28T12:26:00-04:00	17.75	17.75	17.75	17.75	1315	yfinance_1m
2026-07-28T12:28:00-04:00	17.75	17.809999	17.75	17.809999	3162	yfinance_1m
2026-07-28T12:29:00-04:00	17.790001	17.93	17.790001	17.93	1935	yfinance_1m
2026-07-28T12:30:00-04:00	17.85	17.85	17.795	17.82	2639	yfinance_1m
2026-07-28T12:31:00-04:00	17.799999	17.809999	17.799999	17.809999	999	yfinance_1m
2026-07-28T12:32:00-04:00	17.82	17.82	17.82	17.82	214	yfinance_1m
2026-07-28T12:33:00-04:00	17.82	17.82	17.82	17.82	4087	yfinance_1m
2026-07-28T12:34:00-04:00	17.790001	17.790001	17.780001	17.790001	3232	yfinance_1m
2026-07-28T12:35:00-04:00	17.799999	17.809999	17.790001	17.795	1428	yfinance_1m
2026-07-28T12:37:00-04:00	17.780001	17.780001	17.715	17.75	5866	yfinance_1m
2026-07-28T12:38:00-04:00	17.7551	17.77	17.735001	17.76	2058	yfinance_1m
2026-07-28T12:40:00-04:00	17.790001	17.790001	17.775	17.775	1058	yfinance_1m
2026-07-28T12:41:00-04:00	17.785	17.785	17.785	17.785	218	yfinance_1m
2026-07-28T12:42:00-04:00	17.785	17.785	17.785	17.785	735	yfinance_1m
2026-07-28T12:43:00-04:00	17.785	17.785	17.785	17.785	4277	yfinance_1m
2026-07-28T12:44:00-04:00	17.790001	17.809999	17.785	17.809999	3066	yfinance_1m
2026-07-28T12:45:00-04:00	17.785	17.785	17.785	17.785	736	yfinance_1m
2026-07-28T12:46:00-04:00	17.785	17.785	17.785	17.785	1135	yfinance_1m
2026-07-28T12:47:00-04:00	17.76	17.76	17.76	17.76	1480	yfinance_1m
2026-07-28T12:48:00-04:00	17.76	17.76	17.745001	17.75	3241	yfinance_1m
2026-07-28T12:49:00-04:00	17.75	17.91	17.75	17.9	8325	yfinance_1m
2026-07-28T12:50:00-04:00	17.870001	17.9	17.870001	17.9	604	yfinance_1m
2026-07-28T12:51:00-04:00	17.9	17.950001	17.9	17.924999	1164	yfinance_1m
2026-07-28T12:52:00-04:00	17.940001	17.950001	17.940001	17.945	1333	yfinance_1m
2026-07-28T12:53:00-04:00	17.959999	17.959999	17.92	17.92	5785	yfinance_1m
2026-07-28T12:54:00-04:00	17.934999	17.934999	17.795	17.795	5873	yfinance_1m
2026-07-28T12:55:00-04:00	17.82	17.82	17.795	17.795	1236	yfinance_1m
2026-07-28T12:56:00-04:00	17.795	17.84	17.795	17.84	6254	yfinance_1m
2026-07-28T12:57:00-04:00	17.809999	17.84	17.809999	17.809999	437	yfinance_1m
2026-07-28T12:58:00-04:00	17.780001	17.780001	17.780001	17.780001	210	yfinance_1m
2026-07-28T13:00:00-04:00	17.825001	17.834999	17.825001	17.834999	916	yfinance_1m
2026-07-28T13:01:00-04:00	17.799999	17.799999	17.790001	17.790001	356	yfinance_1m
2026-07-28T13:02:00-04:00	17.834999	17.84	17.764999	17.77	4019	yfinance_1m
2026-07-28T13:03:00-04:00	17.780001	17.780001	17.780001	17.780001	4473	yfinance_1m
2026-07-28T13:04:00-04:00	17.77	17.799999	17.77	17.799999	2394	yfinance_1m
2026-07-28T13:05:00-04:00	17.799999	17.799999	17.799999	17.799999	499	yfinance_1m
2026-07-28T13:06:00-04:00	17.785	17.7999	17.7701	17.785	2891	yfinance_1m
2026-07-28T13:07:00-04:00	17.799999	17.799999	17.76	17.76	707	yfinance_1m
2026-07-28T13:08:00-04:00	17.780001	17.780001	17.76	17.76	1926	yfinance_1m
2026-07-28T13:09:00-04:00	17.764999	17.764999	17.745001	17.754999	5440	yfinance_1m
2026-07-28T13:10:00-04:00	17.745001	17.745001	17.68	17.684999	5581	yfinance_1m
2026-07-28T13:11:00-04:00	17.684999	17.684999	17.575001	17.59	5898	yfinance_1m
2026-07-28T13:12:00-04:00	17.58	17.58	17.58	17.58	269	yfinance_1m
2026-07-28T13:13:00-04:00	17.584999	17.584999	17.584999	17.584999	3258	yfinance_1m
2026-07-28T13:14:00-04:00	17.594999	17.594999	17.594999	17.594999	4422	yfinance_1m
2026-07-28T13:15:00-04:00	17.57	17.57	17.52	17.52	3046	yfinance_1m
2026-07-28T13:16:00-04:00	17.52	17.559999	17.514999	17.559999	4936	yfinance_1m
2026-07-28T13:17:00-04:00	17.559999	17.584999	17.559999	17.584999	1814	yfinance_1m
2026-07-28T13:18:00-04:00	17.560101	17.560101	17.559999	17.559999	260	yfinance_1m
2026-07-28T13:19:00-04:00	17.540001	17.559999	17.540001	17.540001	995	yfinance_1m
2026-07-28T13:20:00-04:00	17.559999	17.68	17.530001	17.68	6263	yfinance_1m
2026-07-28T13:21:00-04:00	17.65	17.67	17.6103	17.6103	2159	yfinance_1m
2026-07-28T13:22:00-04:00	17.610001	17.615	17.584999	17.615	3729	yfinance_1m
2026-07-28T13:23:00-04:00	17.615	17.615	17.615	17.615	482	yfinance_1m
2026-07-28T13:24:00-04:00	17.6	17.6	17.57	17.58	3018	yfinance_1m
2026-07-28T13:25:00-04:00	17.540001	17.540001	17.450001	17.48	5157	yfinance_1m
2026-07-28T13:26:00-04:00	17.459999	17.459999	17.459999	17.459999	546	yfinance_1m
2026-07-28T13:27:00-04:00	17.48	17.509899	17.450001	17.450001	1310	yfinance_1m
2026-07-28T13:28:00-04:00	17.48	17.51	17.48	17.48	1573	yfinance_1m
2026-07-28T13:29:00-04:00	17.48	17.48	17.450001	17.469999	555	yfinance_1m
2026-07-28T13:30:00-04:00	17.450001	17.450001	17.35	17.41	2948	yfinance_1m
2026-07-28T13:31:00-04:00	17.370001	17.370001	17.370001	17.370001	404	yfinance_1m
2026-07-28T13:32:00-04:00	17.379999	17.379999	17.34	17.34	2936	yfinance_1m
2026-07-28T13:33:00-04:00	17.360001	17.379999	17.360001	17.379999	2596	yfinance_1m
2026-07-28T13:34:00-04:00	17.375	17.375	17.375	17.375	1057	yfinance_1m
2026-07-28T13:35:00-04:00	17.389999	17.459999	17.385	17.459999	6730	yfinance_1m
2026-07-28T13:36:00-04:00	17.48	17.49	17.445	17.48	1535	yfinance_1m
2026-07-28T13:37:00-04:00	17.51	17.51	17.469999	17.475	1655	yfinance_1m
2026-07-28T13:38:00-04:00	17.485001	17.485001	17.485001	17.485001	267	yfinance_1m
2026-07-28T13:39:00-04:00	17.485001	17.485001	17.485001	17.485001	308	yfinance_1m
2026-07-28T13:40:00-04:00	17.48	17.52	17.48	17.49	1385	yfinance_1m
2026-07-28T13:41:00-04:00	17.48	17.48	17.48	17.48	460	yfinance_1m
2026-07-28T13:42:00-04:00	17.450001	17.48	17.41	17.42	5507	yfinance_1m
2026-07-28T13:43:00-04:00	17.42	17.459999	17.42	17.450001	2801	yfinance_1m
2026-07-28T13:44:00-04:00	17.440001	17.445	17.440001	17.445	1298	yfinance_1m
2026-07-28T13:45:00-04:00	17.440001	17.450001	17.4	17.450001	1119	yfinance_1m
2026-07-28T13:46:00-04:00	17.43	17.455	17.43	17.455	1150	yfinance_1m
2026-07-28T13:47:00-04:00	17.48	17.499001	17.475	17.475	3582	yfinance_1m
2026-07-28T13:48:00-04:00	17.5	17.57	17.49	17.555	3022	yfinance_1m
2026-07-28T13:49:00-04:00	17.57	17.57	17.530001	17.530001	1727	yfinance_1m
2026-07-28T13:50:00-04:00	17.57	17.57	17.49	17.495001	5000	yfinance_1m
2026-07-28T13:51:00-04:00	17.495001	17.495001	17.480301	17.485001	1593	yfinance_1m
2026-07-28T13:52:00-04:00	17.485001	17.485001	17.48	17.48	2254	yfinance_1m
2026-07-28T13:53:00-04:00	17.48	17.48	17.475	17.475	740	yfinance_1m
2026-07-28T13:54:00-04:00	17.475	17.475	17.475	17.475	712	yfinance_1m
2026-07-28T13:55:00-04:00	17.475	17.49	17.459999	17.459999	5965	yfinance_1m
2026-07-28T13:56:00-04:00	17.49	17.5	17.49	17.5	2204	yfinance_1m
2026-07-28T13:57:00-04:00	17.5	17.5	17.459999	17.475	3799	yfinance_1m
2026-07-28T13:58:00-04:00	17.475	17.501801	17.475	17.501801	1370	yfinance_1m
2026-07-28T13:59:00-04:00	17.49	17.52	17.485001	17.52	2078	yfinance_1m
2026-07-28T14:00:00-04:00	17.52	17.682501	17.52	17.682501	15236	yfinance_1m
2026-07-28T14:01:00-04:00	17.68	17.68	17.67	17.67	1055	yfinance_1m
2026-07-28T14:02:00-04:00	17.67	17.68	17.67	17.67	1148	yfinance_1m
2026-07-28T14:03:00-04:00	17.67	17.67	17.67	17.67	569	yfinance_1m
2026-07-28T14:04:00-04:00	17.639999	17.73	17.629999	17.674999	9393	yfinance_1m
2026-07-28T14:05:00-04:00	17.674999	17.85	17.620001	17.799999	30999	yfinance_1m
2026-07-28T14:06:00-04:00	17.84	17.85	17.76	17.82	15255	yfinance_1m
2026-07-28T14:07:00-04:00	17.91	17.91	17.76	17.791599	563	yfinance_1m
2026-07-28T14:08:00-04:00	17.77	17.77	17.719999	17.725	2441	yfinance_1m
2026-07-28T14:09:00-04:00	17.709999	17.76	17.709999	17.76	3857	yfinance_1m
2026-07-28T14:10:00-04:00	17.700001	17.754999	17.700001	17.700001	1083	yfinance_1m
2026-07-28T14:11:00-04:00	17.700001	17.75	17.6901	17.700001	10470	yfinance_1m
2026-07-28T14:12:00-04:00	17.700001	17.700001	17.700001	17.700001	548	yfinance_1m
2026-07-28T14:13:00-04:00	17.700001	17.75	17.700001	17.700001	1373	yfinance_1m
2026-07-28T14:14:00-04:00	17.700001	17.745001	17.700001	17.745001	2323	yfinance_1m
2026-07-28T14:15:00-04:00	17.790001	17.809999	17.77	17.77	3171	yfinance_1m
2026-07-28T14:16:00-04:00	17.785	17.83	17.76	17.799999	14649	yfinance_1m
2026-07-28T14:17:00-04:00	17.799999	17.799999	17.799999	17.799999	959	yfinance_1m
2026-07-28T14:18:00-04:00	17.795	17.795	17.795	17.795	649	yfinance_1m
2026-07-28T14:19:00-04:00	17.795	17.82	17.795	17.799999	4981	yfinance_1m
2026-07-28T14:20:00-04:00	17.795	17.85	17.795	17.834999	7237	yfinance_1m
2026-07-28T14:21:00-04:00	17.84	17.84	17.84	17.84	610	yfinance_1m
2026-07-28T14:22:00-04:00	17.84	17.879999	17.84	17.879999	3248	yfinance_1m
2026-07-28T14:23:00-04:00	17.85	17.85	17.85	17.85	799	yfinance_1m
2026-07-28T14:24:00-04:00	17.85	17.879999	17.76	17.825001	28017	yfinance_1m
2026-07-28T14:25:00-04:00	17.870001	17.93	17.825001	17.91	6544	yfinance_1m
2026-07-28T14:26:00-04:00	17.91	17.924999	17.879999	17.91	11522	yfinance_1m
2026-07-28T14:27:00-04:00	17.924999	17.924999	17.900499	17.924999	696	yfinance_1m
2026-07-28T14:28:00-04:00	17.924999	17.93	17.895	17.92	4853	yfinance_1m
2026-07-28T14:29:00-04:00	17.92	17.92	17.92	17.92	4747	yfinance_1m
2026-07-28T14:30:00-04:00	17.92	17.950001	17.92	17.93	3146	yfinance_1m
2026-07-28T14:31:00-04:00	17.93	17.959999	17.93	17.959999	1140	yfinance_1m
2026-07-28T14:32:00-04:00	17.93	17.969999	17.93	17.950001	3285	yfinance_1m
2026-07-28T14:33:00-04:00	17.959999	17.959999	17.959999	17.959999	262	yfinance_1m
2026-07-28T14:34:00-04:00	17.940001	17.940001	17.940001	17.940001	407	yfinance_1m
2026-07-28T14:35:00-04:00	17.950001	17.950001	17.9	17.9	4808	yfinance_1m
2026-07-28T14:36:00-04:00	17.91	17.92	17.9	17.91	4007	yfinance_1m
2026-07-28T14:37:00-04:00	17.92	17.92	17.915001	17.915001	636	yfinance_1m
2026-07-28T14:38:00-04:00	17.9	17.9175	17.9	17.9	1956	yfinance_1m
2026-07-28T14:39:00-04:00	17.9	17.915001	17.895	17.91	6210	yfinance_1m
2026-07-28T14:40:00-04:00	17.93	17.93	17.889999	17.9	10155	yfinance_1m
2026-07-28T14:41:00-04:00	17.895	17.895	17.895	17.895	559	yfinance_1m
2026-07-28T14:42:00-04:00	17.895	17.895	17.895	17.895	638	yfinance_1m
2026-07-28T14:43:00-04:00	17.895	17.92	17.895	17.9175	3834	yfinance_1m
2026-07-28T14:44:00-04:00	17.905001	17.905001	17.860001	17.885	25323	yfinance_1m
2026-07-28T14:45:00-04:00	17.885	17.92	17.877501	17.885	2671	yfinance_1m
2026-07-28T14:46:00-04:00	17.885	17.885	17.85	17.85	2160	yfinance_1m
2026-07-28T14:47:00-04:00	17.885	17.92	17.83	17.879999	17244	yfinance_1m
2026-07-28T14:48:00-04:00	17.860001	17.860001	17.809999	17.815001	6217	yfinance_1m
2026-07-28T14:49:00-04:00	17.815001	17.815001	17.754999	17.77	4221	yfinance_1m
2026-07-28T14:50:00-04:00	17.77	17.790001	17.75	17.77	2784	yfinance_1m
2026-07-28T14:51:00-04:00	17.75	17.790001	17.75	17.790001	2928	yfinance_1m
2026-07-28T14:52:00-04:00	17.775	17.775	17.75	17.75	1386	yfinance_1m
2026-07-28T14:53:00-04:00	17.775	17.809999	17.75	17.799999	8383	yfinance_1m
2026-07-28T14:54:00-04:00	17.795	17.92	17.75	17.875	29941	yfinance_1m
2026-07-28T14:55:00-04:00	17.9	17.92	17.9	17.92	1830	yfinance_1m
2026-07-28T14:56:00-04:00	17.905001	17.92	17.905001	17.905001	611	yfinance_1m
2026-07-28T14:57:00-04:00	17.905001	17.905001	17.905001	17.905001	2032	yfinance_1m
2026-07-28T14:58:00-04:00	17.905001	17.950001	17.905001	17.945	2462	yfinance_1m
2026-07-28T14:59:00-04:00	17.950001	18.0	17.950001	18.0	3337	yfinance_1m
2026-07-28T15:00:00-04:00	18.02	18.02	18.02	18.02	978	yfinance_1m
2026-07-28T15:01:00-04:00	17.959999	17.995001	17.959999	17.995001	2399	yfinance_1m
2026-07-28T15:02:00-04:00	17.99	18.09	17.99	18.065001	4828	yfinance_1m
2026-07-28T15:03:00-04:00	18.09	18.129999	18.08	18.110001	1942	yfinance_1m
2026-07-28T15:04:00-04:00	18.120001	18.120001	18.09	18.1	5103	yfinance_1m
2026-07-28T15:05:00-04:00	18.1	18.120001	18.1	18.1	956	yfinance_1m
2026-07-28T15:06:00-04:00	18.09	18.1	18.09	18.1	619	yfinance_1m
2026-07-28T15:07:00-04:00	18.1	18.1	18.09	18.1	1597	yfinance_1m
2026-07-28T15:08:00-04:00	18.1	18.1	18.059999	18.059999	9387	yfinance_1m
2026-07-28T15:09:00-04:00	18.059999	18.059999	18.040001	18.041	1521	yfinance_1m
2026-07-28T15:10:00-04:00	18.040001	18.08	18.02	18.030001	7701	yfinance_1m
2026-07-28T15:11:00-04:00	18.02	18.059999	17.98	18.059999	9225	yfinance_1m
2026-07-28T15:12:00-04:00	18.065001	18.065001	18.046499	18.065001	1586	yfinance_1m
2026-07-28T15:13:00-04:00	18.02	18.02	18.02	18.02	554	yfinance_1m
2026-07-28T15:14:00-04:00	18.02	18.035	18.01	18.035	2417	yfinance_1m
2026-07-28T15:15:00-04:00	18.035	18.035	18.01	18.02	1615	yfinance_1m
2026-07-28T15:16:00-04:00	18.02	18.035	18.01	18.02	1496	yfinance_1m
2026-07-28T15:17:00-04:00	18.035	18.035	18.01	18.035	1625	yfinance_1m
2026-07-28T15:18:00-04:00	18.01	18.07	18.01	18.049999	10506	yfinance_1m
2026-07-28T15:19:00-04:00	18.030001	18.030001	18.014999	18.014999	1094	yfinance_1m
2026-07-28T15:20:00-04:00	18.02	18.02	18.01	18.01	1328	yfinance_1m
2026-07-28T15:21:00-04:00	18.02	18.035	18.014999	18.030001	6330	yfinance_1m
2026-07-28T15:22:00-04:00	18.030001	18.059999	18.0226	18.055	6161	yfinance_1m
2026-07-28T15:23:00-04:00	18.055	18.08	18.055	18.059999	2446	yfinance_1m
2026-07-28T15:24:00-04:00	18.049999	18.059999	18.049999	18.059999	1517	yfinance_1m
2026-07-28T15:25:00-04:00	18.059999	18.09	18.059999	18.07	2444	yfinance_1m
2026-07-28T15:26:00-04:00	18.07	18.07	18.059999	18.07	1629	yfinance_1m
2026-07-28T15:27:00-04:00	18.07	18.07	18.049999	18.065001	1246	yfinance_1m
2026-07-28T15:28:00-04:00	18.059999	18.059999	18.040001	18.055	3842	yfinance_1m
2026-07-28T15:29:00-04:00	18.055	18.075001	18.040001	18.075001	6151	yfinance_1m
2026-07-28T15:30:00-04:00	18.08	18.08	18.02	18.02	9205	yfinance_1m
2026-07-28T15:31:00-04:00	18.02	18.040001	18.014999	18.025	6658	yfinance_1m
2026-07-28T15:32:00-04:00	18.02	18.049999	18.0	18.045	6792	yfinance_1m
2026-07-28T15:33:00-04:00	18.045	18.045	18.045	18.045	835	yfinance_1m
2026-07-28T15:34:00-04:00	18.030001	18.059999	18.030001	18.055	1901	yfinance_1m
2026-07-28T15:35:00-04:00	18.055	18.055	18.055	18.055	697	yfinance_1m
2026-07-28T15:36:00-04:00	18.040001	18.065001	18.02	18.059999	18096	yfinance_1m
2026-07-28T15:37:00-04:00	18.07	18.08	18.07	18.07	3410	yfinance_1m
2026-07-28T15:38:00-04:00	18.065001	18.065001	18.059799	18.065001	1116	yfinance_1m
2026-07-28T15:39:00-04:00	18.065001	18.065001	18.031	18.031	3977	yfinance_1m
2026-07-28T15:40:00-04:00	18.030001	18.030001	18.01	18.025	6089	yfinance_1m
2026-07-28T15:41:00-04:00	18.025	18.030001	18.025	18.030001	5819	yfinance_1m
2026-07-28T15:42:00-04:00	18.030001	18.030001	18.030001	18.030001	799	yfinance_1m
2026-07-28T15:43:00-04:00	18.02	18.049999	18.014999	18.045	12123	yfinance_1m
2026-07-28T15:44:00-04:00	18.049999	18.049999	18.045	18.045	3277	yfinance_1m
2026-07-28T15:45:00-04:00	18.049999	18.059999	18.049999	18.055	5917	yfinance_1m
2026-07-28T15:46:00-04:00	18.055	18.059999	18.055	18.055	3040	yfinance_1m
2026-07-28T15:47:00-04:00	18.059999	18.09	18.059999	18.08	9898	yfinance_1m
2026-07-28T15:48:00-04:00	18.084999	18.09	18.084999	18.09	2959	yfinance_1m
2026-07-28T15:49:00-04:00	18.084999	18.09	18.084999	18.09	6788	yfinance_1m
2026-07-28T15:50:00-04:00	18.084999	18.09	18.045	18.049999	36539	yfinance_1m
2026-07-28T15:51:00-04:00	18.045	18.045	17.98	18.004999	21337	yfinance_1m
2026-07-28T15:52:00-04:00	18.01	18.035	17.975	17.995001	17178	yfinance_1m
2026-07-28T15:53:00-04:00	17.995001	18.0	17.99	17.995001	4340	yfinance_1m
2026-07-28T15:54:00-04:00	17.995001	17.995001	17.959999	17.959999	6153	yfinance_1m
2026-07-28T15:55:00-04:00	17.959999	17.959999	17.85	17.85	11405	yfinance_1m
2026-07-28T15:56:00-04:00	17.855	17.855	17.75	17.75	6513	yfinance_1m
2026-07-28T15:57:00-04:00	17.74	17.799999	17.719999	17.780001	31701	yfinance_1m
2026-07-28T15:58:00-04:00	17.780001	17.790001	17.780001	17.780001	12845	yfinance_1m
2026-07-28T15:59:00-04:00	17.780001	17.9	17.77	17.815001	45591	yfinance_1m
2026-07-29T09:30:00-04:00	17.365	17.48	17.0	17.049999	52922	yfinance_1m
2026-07-29T09:31:00-04:00	17.049999	17.049999	16.719999	16.805	26521	yfinance_1m
2026-07-29T09:32:00-04:00	16.709999	16.889999	16.65	16.709999	109618	yfinance_1m
2026-07-29T09:33:00-04:00	16.65	17.0	16.65	16.98	55283	yfinance_1m
2026-07-29T09:34:00-04:00	16.73	17.030001	16.73	16.985001	22638	yfinance_1m
2026-07-29T09:35:00-04:00	16.82	17.01	16.82	16.959999	8342	yfinance_1m
2026-07-29T09:36:00-04:00	16.92	16.99	16.75	16.76	81468	yfinance_1m
2026-07-29T09:37:00-04:00	16.73	16.855	16.560101	16.639999	14492	yfinance_1m
2026-07-29T09:38:00-04:00	16.620001	16.684999	16.41	16.41	13952	yfinance_1m
2026-07-29T09:39:00-04:00	16.485001	16.511999	16.379999	16.511999	3335	yfinance_1m
2026-07-29T09:40:00-04:00	16.4	16.41	16.209999	16.219999	7414	yfinance_1m
2026-07-29T09:41:00-04:00	16.190001	16.3281	16.190001	16.26	4029	yfinance_1m
2026-07-29T09:42:00-04:00	16.190001	16.360001	16.190001	16.285	6745	yfinance_1m
2026-07-29T09:43:00-04:00	16.16	16.290001	16.16	16.275	39840	yfinance_1m
2026-07-29T09:44:00-04:00	16.280001	16.290001	16.280001	16.290001	343	yfinance_1m
2026-07-29T09:45:00-04:00	16.290001	16.290001	16.200001	16.200001	4931	yfinance_1m
2026-07-29T09:46:00-04:00	16.24	16.24	15.8888	15.94	18251	yfinance_1m
2026-07-29T09:47:00-04:00	16.01	16.135	15.93	16.135	11313	yfinance_1m
2026-07-29T09:48:00-04:00	16.129999	16.200001	15.99	16.17	50310	yfinance_1m
2026-07-29T09:49:00-04:00	16.195	16.450001	16.195	16.440001	21961	yfinance_1m
2026-07-29T09:50:00-04:00	16.450001	16.469999	16.27	16.27	172734	yfinance_1m
2026-07-29T09:51:00-04:00	16.315001	16.459999	16.16	16.362499	13832	yfinance_1m
2026-07-29T09:52:00-04:00	16.110001	16.115	15.99	16.059999	64489	yfinance_1m
2026-07-29T09:53:00-04:00	16.059999	16.209999	16.02	16.040001	5633	yfinance_1m
2026-07-29T09:54:00-04:00	16.110001	16.110001	16.1	16.1	1199	yfinance_1m
2026-07-29T09:55:00-04:00	16.01	16.17	16.0	16.17	44570	yfinance_1m
2026-07-29T09:56:00-04:00	16.17	16.33	16.139999	16.33	13895	yfinance_1m
2026-07-29T09:57:00-04:00	16.280001	16.32	16.225	16.225	2757	yfinance_1m
2026-07-29T09:58:00-04:00	16.264999	16.285	16.26	16.26	1293	yfinance_1m
2026-07-29T09:59:00-04:00	16.280001	16.360001	16.280001	16.360001	4976	yfinance_1m
2026-07-29T10:00:00-04:00	16.32	16.406799	16.32	16.370199	2287	yfinance_1m
2026-07-29T10:01:00-04:00	16.35	16.440001	16.325001	16.395	9621	yfinance_1m
2026-07-29T10:02:00-04:00	16.370001	16.469999	16.360001	16.43	3981	yfinance_1m
2026-07-29T10:03:00-04:00	16.42	16.49	16.385	16.42	12022	yfinance_1m
2026-07-29T10:04:00-04:00	16.469999	16.5	16.445	16.495001	6911	yfinance_1m
2026-07-29T10:05:00-04:00	16.52	16.610001	16.445	16.610001	4133	yfinance_1m
2026-07-29T10:06:00-04:00	16.620001	16.620001	16.5	16.5	6345	yfinance_1m
2026-07-29T10:07:00-04:00	16.459999	16.525	16.35	16.52	41339	yfinance_1m
2026-07-29T10:08:00-04:00	16.4401	16.48	16.395	16.459999	40080	yfinance_1m
2026-07-29T10:09:00-04:00	16.459999	16.5525	16.450001	16.504999	34320	yfinance_1m
2026-07-29T10:10:00-04:00	16.49	16.5	16.42	16.48	17869	yfinance_1m
2026-07-29T10:11:00-04:00	16.5	16.504999	16.475	16.504999	6106	yfinance_1m
2026-07-29T10:12:00-04:00	16.504999	16.540001	16.450001	16.52	39207	yfinance_1m
2026-07-29T10:13:00-04:00	16.530001	16.535	16.52	16.525	5529	yfinance_1m
2026-07-29T10:14:00-04:00	16.52	16.52	16.42	16.48	39554	yfinance_1m
2026-07-29T10:15:00-04:00	16.495001	16.52	16.495001	16.51	11677	yfinance_1m
2026-07-29T10:16:00-04:00	16.504999	16.504999	16.504999	16.504999	1067	yfinance_1m
2026-07-29T10:17:00-04:00	16.504999	16.504999	16.379999	16.445	39064	yfinance_1m
2026-07-29T10:18:00-04:00	16.445	16.48	16.424999	16.429001	31113	yfinance_1m
2026-07-29T10:19:00-04:00	16.424999	16.424999	16.309999	16.325001	6815	yfinance_1m
2026-07-29T10:20:00-04:00	16.325001	16.4	16.32	16.379999	18197	yfinance_1m
2026-07-29T10:21:00-04:00	16.375	16.41	16.375	16.41	3597	yfinance_1m
2026-07-29T10:22:00-04:00	16.41	16.41	16.389999	16.389999	2933	yfinance_1m
2026-07-29T10:23:00-04:00	16.397499	16.397499	16.389999	16.395	1282	yfinance_1m
2026-07-29T10:24:00-04:00	16.389999	16.395	16.285	16.285	6414	yfinance_1m
2026-07-29T10:25:00-04:00	16.280001	16.280001	16.004999	16.075001	37533	yfinance_1m
2026-07-29T10:26:00-04:00	16.08	16.08	16.0	16.030001	11442	yfinance_1m
2026-07-29T10:27:00-04:00	16.014799	16.07	16.01	16.01	7149	yfinance_1m
2026-07-29T10:28:00-04:00	16.01	16.09	16.01	16.09	5058	yfinance_1m
2026-07-29T10:29:00-04:00	16.09	16.145	16.049999	16.119301	5997	yfinance_1m
2026-07-29T10:30:00-04:00	16.049999	16.08	16.049999	16.075001	2000	yfinance_1m
2026-07-29T10:31:00-04:00	16.075001	16.075001	16.01	16.025	4905	yfinance_1m
2026-07-29T10:32:00-04:00	16.025	16.049999	16.0	16.030001	7893	yfinance_1m
2026-07-29T10:33:00-04:00	16.025	16.059999	16.006001	16.035	6664	yfinance_1m
2026-07-29T10:34:00-04:00	16.035	16.110001	16.0	16.075001	18789	yfinance_1m
2026-07-29T10:35:00-04:00	16.075001	16.1	16.049999	16.075001	3745	yfinance_1m
2026-07-29T10:36:00-04:00	16.1	16.165001	16.1	16.120001	6142	yfinance_1m
2026-07-29T10:37:00-04:00	16.1	16.1	16.07	16.07	5203	yfinance_1m
2026-07-29T10:38:00-04:00	16.059999	16.1	16.059999	16.094999	4057	yfinance_1m
2026-07-29T10:39:00-04:00	16.094999	16.094999	16.059999	16.059999	3155	yfinance_1m
2026-07-29T10:40:00-04:00	16.059999	16.069201	16.01	16.01	14783	yfinance_1m
2026-07-29T10:41:00-04:00	16.004999	16.07	15.99	16.0	39462	yfinance_1m
2026-07-29T10:42:00-04:00	16.000099	16.030001	15.9901	15.9901	18372	yfinance_1m
2026-07-29T10:43:00-04:00	15.99	16.02	15.98	15.995	22012	yfinance_1m
2026-07-29T10:44:00-04:00	15.99	16.040001	15.985	16.004999	5224	yfinance_1m
2026-07-29T10:45:00-04:00	16.004999	16.040001	15.985	15.99	5655	yfinance_1m
2026-07-29T10:46:00-04:00	15.98	15.99	15.975	15.98	9465	yfinance_1m
2026-07-29T10:47:00-04:00	15.975	16.105	15.975	16.01	9649	yfinance_1m
2026-07-29T10:48:00-04:00	16.02	16.027599	15.99	15.995	3497	yfinance_1m
2026-07-29T10:49:00-04:00	15.995	16.07	15.985	15.9908	11771	yfinance_1m
2026-07-29T10:50:00-04:00	15.995	16.030001	15.98	16.030001	10567	yfinance_1m
2026-07-29T10:51:00-04:00	16.030001	16.055	16.01	16.01	7287	yfinance_1m
2026-07-29T10:52:00-04:00	16.02	16.049999	16.01	16.014999	6763	yfinance_1m
2026-07-29T10:53:00-04:00	16.014999	16.139999	16.014999	16.135	11639	yfinance_1m
2026-07-29T10:54:00-04:00	16.135	16.16	16.135	16.135	3254	yfinance_1m
2026-07-29T10:55:00-04:00	16.135	16.135	16.08	16.08	6698	yfinance_1m
2026-07-29T10:56:00-04:00	16.049999	16.059	16.049999	16.049999	3381	yfinance_1m
2026-07-29T10:57:00-04:00	16.049999	16.09	16.040001	16.065001	17786	yfinance_1m
2026-07-29T10:58:00-04:00	16.065001	16.08	16.065001	16.069901	5701	yfinance_1m
2026-07-29T10:59:00-04:00	16.07	16.07	16.059999	16.060101	1564	yfinance_1m
2026-07-29T11:00:00-04:00	16.07	16.17	16.07	16.129999	20671	yfinance_1m
2026-07-29T11:01:00-04:00	16.09	16.129999	16.07	16.129999	4897	yfinance_1m
2026-07-29T11:02:00-04:00	16.15	16.16	16.07	16.094999	8845	yfinance_1m
2026-07-29T11:03:00-04:00	16.07	16.07	16.059999	16.065001	9152	yfinance_1m
2026-07-29T11:04:00-04:00	16.065001	16.094999	16.059999	16.094999	20104	yfinance_1m
2026-07-29T11:05:00-04:00	16.09	16.105	16.059999	16.094999	11400	yfinance_1m
2026-07-29T11:06:00-04:00	16.094999	16.110001	16.094999	16.108999	1756	yfinance_1m
2026-07-29T11:07:00-04:00	16.1	16.1	16.1	16.1	350	yfinance_1m
2026-07-29T11:08:00-04:00	16.105	16.110001	16.1	16.1	3173	yfinance_1m
2026-07-29T11:09:00-04:00	16.1	16.105	16.1	16.1	1643	yfinance_1m
2026-07-29T11:10:00-04:00	16.105	16.110001	16.1	16.1	4559	yfinance_1m
2026-07-29T11:11:00-04:00	16.1	16.105	16.1	16.1	2105	yfinance_1m
2026-07-29T11:12:00-04:00	16.1	16.135	16.09	16.094999	24253	yfinance_1m
2026-07-29T11:13:00-04:00	16.094999	16.094999	16.09	16.09	5790	yfinance_1m
2026-07-29T11:14:00-04:00	16.094999	16.094999	16.030001	16.030001	19610	yfinance_1m
2026-07-29T11:15:00-04:00	16.02	16.02	15.98	15.985	6137	yfinance_1m
2026-07-29T11:16:00-04:00	15.9801	15.9801	15.855	15.9	14888	yfinance_1m
2026-07-29T11:17:00-04:00	15.89	15.915	15.8561	15.87	27559	yfinance_1m
2026-07-29T11:18:00-04:00	15.89	15.915	15.8676	15.8676	4212	yfinance_1m
2026-07-29T11:19:00-04:00	15.85	15.85	15.75	15.755	8937	yfinance_1m
2026-07-29T11:20:00-04:00	15.755	15.755	15.755	15.755	1012	yfinance_1m
2026-07-29T11:21:00-04:00	15.755	15.835	15.71	15.83	21142	yfinance_1m
2026-07-29T11:22:00-04:00	15.83	15.83	15.775	15.79	5725	yfinance_1m
2026-07-29T11:23:00-04:00	15.81	15.81	15.67	15.67	19918	yfinance_1m
2026-07-29T11:24:00-04:00	15.71	15.71	15.685	15.69	3838	yfinance_1m
2026-07-29T11:25:00-04:00	15.68	15.68	15.64	15.65	6633	yfinance_1m
2026-07-29T11:26:00-04:00	15.65	15.65	15.62	15.62	6712	yfinance_1m
2026-07-29T11:27:00-04:00	15.605	15.64	15.605	15.609	4163	yfinance_1m
2026-07-29T11:28:00-04:00	15.605	15.605	15.55	15.571	5413	yfinance_1m
2026-07-29T11:29:00-04:00	15.575	15.575	15.57	15.575	1850	yfinance_1m
2026-07-29T11:30:00-04:00	15.579	15.62	15.55	15.565	15715	yfinance_1m
2026-07-29T11:31:00-04:00	15.585	15.62	15.585	15.615	2727	yfinance_1m
2026-07-29T11:32:00-04:00	15.615	15.635	15.595	15.5964	5016	yfinance_1m
2026-07-29T11:33:00-04:00	15.595	15.6	15.59	15.595	4336	yfinance_1m
2026-07-29T11:34:00-04:00	15.59	15.59	15.55	15.55	4973	yfinance_1m
2026-07-29T11:35:00-04:00	15.55	15.55	15.43	15.485	20375	yfinance_1m
2026-07-29T11:36:00-04:00	15.485	15.51	15.38	15.3801	25593	yfinance_1m
2026-07-29T11:37:00-04:00	15.365	15.3691	15.36	15.3677	9665	yfinance_1m
2026-07-29T11:38:00-04:00	15.3601	15.3601	15.25	15.32	32606	yfinance_1m
2026-07-29T11:39:00-04:00	15.32	15.32	15.27	15.285	6583	yfinance_1m
2026-07-29T11:40:00-04:00	15.2659	15.33	15.2639	15.3036	8488	yfinance_1m
2026-07-29T11:41:00-04:00	15.27	15.29	15.26	15.275	1327	yfinance_1m
2026-07-29T11:42:00-04:00	15.26	15.32	15.24	15.29	22921	yfinance_1m
2026-07-29T11:43:00-04:00	15.289	15.29	15.28	15.28	3580	yfinance_1m
2026-07-29T11:44:00-04:00	15.28	15.31	15.28	15.295	5285	yfinance_1m
2026-07-29T11:45:00-04:00	15.31	15.34	15.31	15.315	6974	yfinance_1m
2026-07-29T11:46:00-04:00	15.315	15.35	15.315	15.325	7253	yfinance_1m
2026-07-29T11:47:00-04:00	15.325	15.325	15.325	15.325	2083	yfinance_1m
2026-07-29T11:48:00-04:00	15.325	15.385	15.325	15.345	17979	yfinance_1m
2026-07-29T11:49:00-04:00	15.345	15.35	15.345	15.345	2899	yfinance_1m
2026-07-29T11:50:00-04:00	15.36	15.36	15.34	15.34	5390	yfinance_1m
2026-07-29T11:51:00-04:00	15.3401	15.38	15.34	15.345	12000	yfinance_1m
2026-07-29T11:52:00-04:00	15.345	15.35	15.34	15.35	2845	yfinance_1m
2026-07-29T11:53:00-04:00	15.36	15.37	15.36	15.365	3661	yfinance_1m
2026-07-29T11:54:00-04:00	15.36	15.365	15.36	15.36	4058	yfinance_1m
2026-07-29T11:55:00-04:00	15.37	15.37	15.36	15.36	3858	yfinance_1m
2026-07-29T11:56:00-04:00	15.36	15.365	15.36	15.365	1823	yfinance_1m
2026-07-29T11:57:00-04:00	15.365	15.365	15.36	15.365	1875	yfinance_1m
2026-07-29T11:58:00-04:00	15.36	15.36	15.21	15.215	16471	yfinance_1m
2026-07-29T11:59:00-04:00	15.21	15.22	15.11	15.165	19445	yfinance_1m
2026-07-29T12:00:00-04:00	15.165	15.1797	15.15	15.155	3631	yfinance_1m
2026-07-29T12:01:00-04:00	15.15	15.15	15.01	15.075	17133	yfinance_1m
2026-07-29T12:02:00-04:00	15.075	15.09	15.06	15.06	4383	yfinance_1m
2026-07-29T12:03:00-04:00	15.055	15.08	15.05	15.08	7006	yfinance_1m
2026-07-29T12:04:00-04:00	15.075	15.09	15.01	15.01	11007	yfinance_1m
2026-07-29T12:05:00-04:00	15.0003	15.0003	14.86	14.94	72453	yfinance_1m
2026-07-29T12:06:00-04:00	14.94	14.99	14.92	14.9896	9164	yfinance_1m
2026-07-29T12:07:00-04:00	14.96	15.01	14.96	15.01	3315	yfinance_1m
2026-07-29T12:08:00-04:00	14.99	15.05	14.99	15.05	7636	yfinance_1m
2026-07-29T12:09:00-04:00	15.03	15.07	15.03	15.04	7803	yfinance_1m
2026-07-29T12:10:00-04:00	15.06	15.09	15.02	15.0559	9824	yfinance_1m
2026-07-29T12:11:00-04:00	15.06	15.06	15.04	15.055	13485	yfinance_1m
2026-07-29T12:12:00-04:00	15.055	15.055	15.03	15.055	2842	yfinance_1m
2026-07-29T12:13:00-04:00	15.06	15.07	15.05	15.06	6860	yfinance_1m
2026-07-29T12:14:00-04:00	15.065	15.105	15.065	15.07	3876	yfinance_1m
2026-07-29T12:15:00-04:00	15.01	15.09	15.01	15.08	6394	yfinance_1m
2026-07-29T12:16:00-04:00	15.07	15.08	15.0068	15.0648	5912	yfinance_1m
2026-07-29T12:17:00-04:00	15.03	15.07	15.01	15.07	3771	yfinance_1m
2026-07-29T12:18:00-04:00	15.1	15.1	15.05	15.085	2241	yfinance_1m
2026-07-29T12:19:00-04:00	15.1	15.1	15.06	15.06	5990	yfinance_1m
2026-07-29T12:20:00-04:00	15.07	15.12	15.07	15.12	7276	yfinance_1m
2026-07-29T12:21:00-04:00	15.1358	15.1358	15.125	15.125	4157	yfinance_1m
2026-07-29T12:22:00-04:00	15.125	15.125	15.125	15.125	746	yfinance_1m
2026-07-29T12:23:00-04:00	15.125	15.1499	15.11	15.125	9106	yfinance_1m
2026-07-29T12:24:00-04:00	15.125	15.1465	15.1	15.1009	5171	yfinance_1m
2026-07-29T12:25:00-04:00	15.11	15.14	15.11	15.14	4054	yfinance_1m
2026-07-29T12:26:00-04:00	15.12	15.14	15.1001	15.13	2527	yfinance_1m
2026-07-29T12:27:00-04:00	15.12	15.12	15.1	15.1	5112	yfinance_1m
2026-07-29T12:28:00-04:00	15.11	15.13	15.11	15.13	3593	yfinance_1m
2026-07-29T12:29:00-04:00	15.13	15.13	15.13	15.13	328	yfinance_1m
2026-07-29T12:30:00-04:00	15.13	15.14	15.13	15.14	5700	yfinance_1m
2026-07-29T12:31:00-04:00	15.14	15.16	15.13	15.16	9148	yfinance_1m
2026-07-29T12:32:00-04:00	15.155	15.155	15.13	15.1401	9687	yfinance_1m
2026-07-29T12:33:00-04:00	15.14	15.14	15.12	15.125	7172	yfinance_1m
2026-07-29T12:34:00-04:00	15.125	15.175	15.1205	15.13	8896	yfinance_1m
2026-07-29T12:35:00-04:00	15.125	15.125	15.05	15.07	12103	yfinance_1m
2026-07-29T12:36:00-04:00	15.05	15.0994	15.05	15.055	2838	yfinance_1m
2026-07-29T12:37:00-04:00	15.055	15.06	15.0201	15.021	3288	yfinance_1m
2026-07-29T12:38:00-04:00	15.0499	15.0499	14.92	14.94	14069	yfinance_1m
2026-07-29T12:39:00-04:00	14.95	14.95	14.94	14.95	889	yfinance_1m
2026-07-29T12:40:00-04:00	14.94	15.015	14.94	14.99	9272	yfinance_1m
2026-07-29T12:41:00-04:00	15.0	15.01	14.92	14.92	4178	yfinance_1m
2026-07-29T12:42:00-04:00	14.91	14.91	14.8	14.81	20986	yfinance_1m
2026-07-29T12:43:00-04:00	14.82	14.82	14.82	14.82	200	yfinance_1m
2026-07-29T12:44:00-04:00	14.81	14.825	14.81	14.81	1340	yfinance_1m
2026-07-29T12:45:00-04:00	14.8	14.92	14.8	14.92	14500	yfinance_1m
2026-07-29T12:46:00-04:00	14.94	14.94	14.94	14.94	542	yfinance_1m
2026-07-29T12:47:00-04:00	14.99	15.0	14.96	14.98	4221	yfinance_1m
2026-07-29T12:48:00-04:00	14.96	15.0023	14.96	14.96	1029	yfinance_1m
2026-07-29T12:49:00-04:00	14.98	14.98	14.96	14.96	1485	yfinance_1m
2026-07-29T12:50:00-04:00	14.95	14.96	14.95	14.96	1274	yfinance_1m
2026-07-29T12:51:00-04:00	14.98	15.05	14.975	14.975	9080	yfinance_1m
2026-07-29T12:52:00-04:00	14.97	14.98	14.935	14.965	5454	yfinance_1m
2026-07-29T12:53:00-04:00	14.965	14.99	14.945	14.9899	10253	yfinance_1m
2026-07-29T12:54:00-04:00	14.98	14.99	14.95	14.98	11431	yfinance_1m
2026-07-29T12:55:00-04:00	14.98	14.98	14.98	14.98	887	yfinance_1m
2026-07-29T12:56:00-04:00	14.98	14.985	14.98	14.985	7259	yfinance_1m
2026-07-29T12:57:00-04:00	14.99	15.05	14.972	14.98	12318	yfinance_1m
2026-07-29T12:58:00-04:00	14.98	15.01	14.97	15.0	6778	yfinance_1m
2026-07-29T12:59:00-04:00	15.0	15.01	15.0	15.0	2115	yfinance_1m
2026-07-29T13:00:00-04:00	15.02	15.03	15.01	15.01	3611	yfinance_1m
2026-07-29T13:01:00-04:00	15.01	15.0399	15.005	15.02	3995	yfinance_1m
2026-07-29T13:02:00-04:00	15.02	15.02	14.945	14.95	11115	yfinance_1m
2026-07-29T13:03:00-04:00	14.955	14.975	14.95	14.9501	4151	yfinance_1m
2026-07-29T13:04:00-04:00	14.98	15.01	14.975	15.01	4539	yfinance_1m
2026-07-29T13:05:00-04:00	15.01	15.05	15.01	15.02	6122	yfinance_1m
2026-07-29T13:06:00-04:00	15.02	15.02	14.995	15.015	3269	yfinance_1m
2026-07-29T13:07:00-04:00	15.01	15.01	14.99	15.01	2561	yfinance_1m
2026-07-29T13:08:00-04:00	15.0325	15.075	15.03	15.06	4704	yfinance_1m
2026-07-29T13:09:00-04:00	15.05	15.055	14.9849	14.9849	4644	yfinance_1m
2026-07-29T13:10:00-04:00	15.0	15.06	15.0	15.06	3787	yfinance_1m
2026-07-29T13:11:00-04:00	15.07	15.15	15.07	15.135	5753	yfinance_1m
2026-07-29T13:12:00-04:00	15.12	15.135	15.09	15.11	3912	yfinance_1m
2026-07-29T13:13:00-04:00	15.095	15.095	15.06	15.06	2844	yfinance_1m
2026-07-29T13:14:00-04:00	15.06	15.06	15.025	15.035	3368	yfinance_1m
2026-07-29T13:15:00-04:00	15.04	15.04	15.02	15.02	2328	yfinance_1m
2026-07-29T13:16:00-04:00	15.0385	15.0385	14.97	14.99	4912	yfinance_1m
2026-07-29T13:17:00-04:00	14.98	15.02	14.98	15.005	2394	yfinance_1m
2026-07-29T13:18:00-04:00	15.02	15.02	15.01	15.015	1946	yfinance_1m
2026-07-29T13:19:00-04:00	15.015	15.029	15.001	15.029	4330	yfinance_1m
2026-07-29T13:20:00-04:00	15.015	15.03	15.015	15.025	3145	yfinance_1m
2026-07-29T13:21:00-04:00	15.04	15.09	15.04	15.09	4021	yfinance_1m
2026-07-29T13:22:00-04:00	15.1	15.12	15.08	15.08	6968	yfinance_1m
2026-07-29T13:23:00-04:00	15.08	15.1	15.055	15.06	8163	yfinance_1m
2026-07-29T13:24:00-04:00	15.06	15.06	15.03	15.03	3365	yfinance_1m
2026-07-29T13:25:00-04:00	15.0	15.02	15.0	15.0001	1910	yfinance_1m
2026-07-29T13:26:00-04:00	15.0	15.06	14.985	15.04	6145	yfinance_1m
2026-07-29T13:27:00-04:00	15.06	15.0999	15.0208	15.0208	4431	yfinance_1m
2026-07-29T13:28:00-04:00	15.05	15.05	15.045	15.045	1651	yfinance_1m
2026-07-29T13:29:00-04:00	15.02	15.035	15.02	15.02	1349	yfinance_1m
2026-07-29T13:30:00-04:00	15.025	15.03	15.025	15.03	873	yfinance_1m
2026-07-29T13:31:00-04:00	15.0201	15.07	15.02	15.05	7786	yfinance_1m
2026-07-29T13:32:00-04:00	15.0476	15.06	15.04	15.06	2094	yfinance_1m
2026-07-29T13:33:00-04:00	15.07	15.09	15.06	15.065	3019	yfinance_1m
2026-07-29T13:34:00-04:00	15.0764	15.08	15.05	15.05	2742	yfinance_1m
2026-07-29T13:35:00-04:00	15.05	15.05	15.04	15.05	2119	yfinance_1m
2026-07-29T13:36:00-04:00	15.045	15.045	15.035	15.04	2438	yfinance_1m
2026-07-29T13:37:00-04:00	15.03	15.03	15.025	15.025	2181	yfinance_1m
2026-07-29T13:38:00-04:00	15.025	15.025	15.02	15.02	813	yfinance_1m
2026-07-29T13:39:00-04:00	15.025	15.025	15.015	15.015	2181	yfinance_1m
2026-07-29T13:40:00-04:00	15.02	15.02	14.985	15.0	13909	yfinance_1m
2026-07-29T13:41:00-04:00	14.985	15.0	14.97	14.97	3686	yfinance_1m
2026-07-29T13:42:00-04:00	14.97	14.98	14.97	14.97	3218	yfinance_1m
2026-07-29T13:43:00-04:00	14.97	14.99	14.97	14.99	2933	yfinance_1m
2026-07-29T13:44:00-04:00	14.985	15.0	14.985	15.0	808	yfinance_1m
2026-07-29T13:45:00-04:00	14.985	14.985	14.955	14.955	4127	yfinance_1m
2026-07-29T13:46:00-04:00	14.94	14.94	14.915	14.915	1754	yfinance_1m
2026-07-29T13:47:00-04:00	14.915	14.97	14.915	14.97	8507	yfinance_1m
2026-07-29T13:48:00-04:00	14.98	15.01	14.9501	14.955	20479	yfinance_1m
2026-07-29T13:49:00-04:00	14.955	14.96	14.955	14.955	2246	yfinance_1m
2026-07-29T13:50:00-04:00	14.955	14.955	14.945	14.945	1948	yfinance_1m
2026-07-29T13:51:00-04:00	14.941	14.9488	14.94	14.94	1234	yfinance_1m
2026-07-29T13:52:00-04:00	14.94	14.965	14.9301	14.965	12532	yfinance_1m
2026-07-29T13:53:00-04:00	14.96	14.97	14.95	14.965	2967	yfinance_1m
2026-07-29T13:54:00-04:00	14.9764	14.9764	14.94	14.949	5476	yfinance_1m
2026-07-29T13:55:00-04:00	14.9499	14.97	14.945	14.965	6480	yfinance_1m
2026-07-29T13:56:00-04:00	14.965	14.965	14.94	14.94	3592	yfinance_1m
2026-07-29T13:57:00-04:00	14.9499	14.96	14.9499	14.96	2661	yfinance_1m
2026-07-29T13:58:00-04:00	14.98	14.9962	14.98	14.985	1887	yfinance_1m
2026-07-29T13:59:00-04:00	14.985	14.9964	14.985	14.9964	1590	yfinance_1m
2026-07-29T14:00:00-04:00	15.0	15.238	15.0	15.238	27004	yfinance_1m
2026-07-29T14:01:00-04:00	15.23	15.2899	15.16	15.24	7371	yfinance_1m
2026-07-29T14:02:00-04:00	15.23	15.28	15.21	15.21	1861	yfinance_1m
2026-07-29T14:03:00-04:00	15.2	15.2	15.18	15.18	1856	yfinance_1m
2026-07-29T14:04:00-04:00	15.175	15.175	15.1	15.1	21144	yfinance_1m
2026-07-29T14:05:00-04:00	15.1	15.1219	15.06	15.085	18646	yfinance_1m
2026-07-29T14:06:00-04:00	15.11	15.17	15.11	15.14	10473	yfinance_1m
2026-07-29T14:07:00-04:00	15.14	15.18	15.14	15.18	4079	yfinance_1m
2026-07-29T14:08:00-04:00	15.15	15.15	15.15	15.15	531	yfinance_1m
2026-07-29T14:09:00-04:00	15.15	15.155	15.1261	15.13	3278	yfinance_1m
2026-07-29T14:10:00-04:00	15.17	15.27	15.16	15.265	8104	yfinance_1m
2026-07-29T14:11:00-04:00	15.2764	15.2764	15.2536	15.2536	2690	yfinance_1m
2026-07-29T14:12:00-04:00	15.265	15.265	15.18	15.1888	9169	yfinance_1m
2026-07-29T14:13:00-04:00	15.1801	15.185	15.145	15.145	6022	yfinance_1m
2026-07-29T14:14:00-04:00	15.145	15.17	15.095	15.17	13244	yfinance_1m
2026-07-29T14:15:00-04:00	15.19	15.27	15.19	15.27	3803	yfinance_1m
2026-07-29T14:16:00-04:00	15.29	15.33	15.25	15.26	8405	yfinance_1m
2026-07-29T14:17:00-04:00	15.259	15.259	15.18	15.18	7301	yfinance_1m
2026-07-29T14:18:00-04:00	15.18	15.18	15.14	15.14	5222	yfinance_1m
2026-07-29T14:19:00-04:00	15.1401	15.1498	15.02	15.06	16616	yfinance_1m
2026-07-29T14:20:00-04:00	15.07	15.0799	15.05	15.06	2610	yfinance_1m
2026-07-29T14:21:00-04:00	15.06	15.08	15.05	15.07	5858	yfinance_1m
2026-07-29T14:22:00-04:00	15.06	15.06	14.985	15.0	5828	yfinance_1m
2026-07-29T14:23:00-04:00	15.01	15.03	15.0	15.01	2610	yfinance_1m
2026-07-29T14:24:00-04:00	15.005	15.03	15.0	15.015	14788	yfinance_1m
2026-07-29T14:25:00-04:00	15.015	15.015	14.985	15.0	5783	yfinance_1m
2026-07-29T14:26:00-04:00	15.005	15.005	15.0	15.0	2857	yfinance_1m
2026-07-29T14:27:00-04:00	15.01	15.01	14.99	14.995	1652	yfinance_1m
2026-07-29T14:28:00-04:00	15.01	15.04	15.01	15.01	5089	yfinance_1m
2026-07-29T14:29:00-04:00	15.01	15.01	15.01	15.01	2046	yfinance_1m
2026-07-29T14:30:00-04:00	15.02	15.0749	15.02	15.04	5432	yfinance_1m
2026-07-29T14:31:00-04:00	15.07	15.07	15.02	15.04	10647	yfinance_1m
2026-07-29T14:32:00-04:00	15.04	15.04	15.01	15.02	6048	yfinance_1m
2026-07-29T14:33:00-04:00	15.02	15.05	15.01	15.05	2195	yfinance_1m
2026-07-29T14:34:00-04:00	15.045	15.045	15.045	15.045	2452	yfinance_1m
2026-07-29T14:35:00-04:00	15.045	15.05	15.03	15.05	9322	yfinance_1m
2026-07-29T14:36:00-04:00	15.04	15.06	15.01	15.06	10029	yfinance_1m
2026-07-29T14:37:00-04:00	15.065	15.09	15.065	15.08	2473	yfinance_1m
2026-07-29T14:38:00-04:00	15.11	15.19	15.095	15.13	8030	yfinance_1m
2026-07-29T14:39:00-04:00	15.13	15.14	15.11	15.13	9873	yfinance_1m
2026-07-29T14:40:00-04:00	15.135	15.2	15.12	15.2	5503	yfinance_1m
2026-07-29T14:41:00-04:00	15.19	15.22	15.19	15.2	6705	yfinance_1m
2026-07-29T14:42:00-04:00	15.2	15.22	15.18	15.21	9355	yfinance_1m
2026-07-29T14:43:00-04:00	15.21	15.295	15.21	15.2898	8422	yfinance_1m
2026-07-29T14:44:00-04:00	15.32	15.33	15.3	15.32	3185	yfinance_1m
2026-07-29T14:45:00-04:00	15.31	15.32	15.275	15.31	16351	yfinance_1m
2026-07-29T14:46:00-04:00	15.31	15.34	15.28	15.28	15830	yfinance_1m
2026-07-29T14:47:00-04:00	15.28	15.325	15.28	15.32	11327	yfinance_1m
2026-07-29T14:48:00-04:00	15.3001	15.3001	15.2701	15.275	8316	yfinance_1m
2026-07-29T14:49:00-04:00	15.2701	15.3253	15.2701	15.31	9705	yfinance_1m
2026-07-29T14:50:00-04:00	15.31	15.38	15.29	15.37	21241	yfinance_1m
2026-07-29T14:51:00-04:00	15.36	15.37	15.33	15.33	14931	yfinance_1m
2026-07-29T14:52:00-04:00	15.335	15.36	15.33	15.36	5538	yfinance_1m
2026-07-29T14:53:00-04:00	15.35	15.4	15.35	15.39	7693	yfinance_1m
2026-07-29T14:54:00-04:00	15.41	15.47	15.4	15.46	6937	yfinance_1m
2026-07-29T14:55:00-04:00	15.46	15.48	15.235	15.2375	56300	yfinance_1m
2026-07-29T14:56:00-04:00	15.26	15.27	15.13	15.155	9106	yfinance_1m
2026-07-29T14:57:00-04:00	15.155	15.205	15.13	15.205	5762	yfinance_1m
2026-07-29T14:58:00-04:00	15.21	15.23	15.21	15.2286	2671	yfinance_1m
2026-07-29T14:59:00-04:00	15.225	15.23	15.21	15.23	4357	yfinance_1m
2026-07-29T15:00:00-04:00	15.23	15.235	15.19	15.19	4778	yfinance_1m
2026-07-29T15:01:00-04:00	15.18	15.25	15.165	15.25	7035	yfinance_1m
2026-07-29T15:02:00-04:00	15.25	15.26	15.22	15.22	5645	yfinance_1m
2026-07-29T15:03:00-04:00	15.21	15.21	15.135	15.135	10626	yfinance_1m
2026-07-29T15:04:00-04:00	15.11	15.11	15.065	15.065	5079	yfinance_1m
2026-07-29T15:05:00-04:00	15.065	15.08	15.06	15.065	2327	yfinance_1m
2026-07-29T15:06:00-04:00	15.065	15.07	15.06	15.065	7897	yfinance_1m
2026-07-29T15:07:00-04:00	15.08	15.08	15.065	15.065	5223	yfinance_1m
2026-07-29T15:08:00-04:00	15.061	15.065	15.01	15.0275	11117	yfinance_1m
2026-07-29T15:09:00-04:00	15.04	15.06	15.04	15.04	3221	yfinance_1m
2026-07-29T15:10:00-04:00	15.04	15.0565	15.02	15.025	6099	yfinance_1m
2026-07-29T15:11:00-04:00	15.03	15.08	15.03	15.07	3579	yfinance_1m
2026-07-29T15:12:00-04:00	15.09	15.09	15.07	15.075	3479	yfinance_1m
2026-07-29T15:13:00-04:00	15.08	15.1074	15.075	15.1074	4151	yfinance_1m
2026-07-29T15:14:00-04:00	15.095	15.095	15.095	15.095	1306	yfinance_1m
2026-07-29T15:15:00-04:00	15.08	15.09	15.065	15.08	6346	yfinance_1m
2026-07-29T15:16:00-04:00	15.0701	15.11	15.06	15.06	3950	yfinance_1m
2026-07-29T15:17:00-04:00	15.07	15.07	15.04	15.04	5604	yfinance_1m
2026-07-29T15:18:00-04:00	15.03	15.03	15.02	15.02	6069	yfinance_1m
2026-07-29T15:19:00-04:00	15.02	15.0201	14.98	14.985	8093	yfinance_1m
2026-07-29T15:20:00-04:00	14.98	14.98	14.92	14.92	10288	yfinance_1m
2026-07-29T15:21:00-04:00	14.91	14.91	14.84	14.85	14485	yfinance_1m
2026-07-29T15:22:00-04:00	14.85	14.855	14.815	14.85	6777	yfinance_1m
2026-07-29T15:23:00-04:00	14.845	14.845	14.81	14.815	3535	yfinance_1m
2026-07-29T15:24:00-04:00	14.82	14.82	14.79	14.79	19976	yfinance_1m
2026-07-29T15:25:00-04:00	14.795	14.795	14.76	14.765	4997	yfinance_1m
2026-07-29T15:26:00-04:00	14.7601	14.765	14.7	14.7	7344	yfinance_1m
2026-07-29T15:27:00-04:00	14.705	14.72	14.69005	14.69005	23565	yfinance_1m
2026-07-29T15:28:00-04:00	14.695	14.7	14.66	14.68	31155	yfinance_1m
2026-07-29T15:29:00-04:00	14.69	14.72	14.69	14.7	9217	yfinance_1m
2026-07-29T15:30:00-04:00	14.7	14.71	14.7	14.7	2421	yfinance_1m
2026-07-29T15:31:00-04:00	14.7	14.7	14.68	14.69	7675	yfinance_1m
2026-07-29T15:32:00-04:00	14.69	14.7085	14.68	14.6981	7344	yfinance_1m
2026-07-29T15:33:00-04:00	14.68	14.69	14.68	14.68	2703	yfinance_1m
2026-07-29T15:34:00-04:00	14.68	14.685	14.68	14.685	5259	yfinance_1m
2026-07-29T15:35:00-04:00	14.685	14.7	14.68	14.69	11544	yfinance_1m
2026-07-29T15:36:00-04:00	14.69	14.72	14.69	14.72	6611	yfinance_1m
2026-07-29T15:37:00-04:00	14.73	14.74	14.72	14.72	6347	yfinance_1m
2026-07-29T15:38:00-04:00	14.71	14.715	14.69	14.69	20871	yfinance_1m
2026-07-29T15:39:00-04:00	14.68	14.69	14.68	14.685	23893	yfinance_1m
2026-07-29T15:40:00-04:00	14.685	14.689	14.67	14.685	22887	yfinance_1m
2026-07-29T15:41:00-04:00	14.685	14.72	14.68	14.68	48195	yfinance_1m
2026-07-29T15:42:00-04:00	14.6801	14.685	14.68	14.68	14536	yfinance_1m
2026-07-29T15:43:00-04:00	14.685	14.685	14.68	14.685	8173	yfinance_1m
2026-07-29T15:44:00-04:00	14.68	14.685	14.68	14.685	5676	yfinance_1m
2026-07-29T15:45:00-04:00	14.685	14.685	14.615	14.615	44100	yfinance_1m
2026-07-29T15:46:00-04:00	14.619	14.619	14.42	14.45	61804	yfinance_1m
2026-07-29T15:47:00-04:00	14.46	14.53	14.4519	14.53	15563	yfinance_1m
2026-07-29T15:48:00-04:00	14.54	14.64	14.54	14.64	17570	yfinance_1m
2026-07-29T15:49:00-04:00	14.64	14.65	14.63	14.645	6610	yfinance_1m
2026-07-29T15:50:00-04:00	14.65	14.65	14.625	14.64	10692	yfinance_1m
2026-07-29T15:51:00-04:00	14.64	14.64	14.62	14.625	7461	yfinance_1m
2026-07-29T15:52:00-04:00	14.625	14.645	14.625	14.635	15106	yfinance_1m
2026-07-29T15:53:00-04:00	14.635	14.64	14.625	14.625	16153	yfinance_1m
2026-07-29T15:54:00-04:00	14.63	14.67	14.63	14.66	9937	yfinance_1m
2026-07-29T15:55:00-04:00	14.67	14.705	14.67	14.68	16397	yfinance_1m
2026-07-29T15:56:00-04:00	14.7	14.73	14.7	14.725	10279	yfinance_1m
2026-07-29T15:57:00-04:00	14.73	14.8	14.73	14.75	22229	yfinance_1m
2026-07-29T15:58:00-04:00	14.755	14.81	14.755	14.785	29488	yfinance_1m
2026-07-29T15:59:00-04:00	14.785	15.04	14.785	15.01	63808	yfinance_1m
2026-07-30T09:30:00-04:00	15.04	15.04	14.69	14.69	36469	yfinance_1m
2026-07-30T09:31:00-04:00	14.6	14.635	14.31	14.5	19015	yfinance_1m
2026-07-30T09:32:00-04:00	14.31	14.555	14.31	14.48	5673	yfinance_1m
2026-07-30T09:33:00-04:00	14.4	14.49	14.4	14.4786	656	yfinance_1m
2026-07-30T09:34:00-04:00	14.41	14.64	14.41	14.64	16155	yfinance_1m
2026-07-30T09:35:00-04:00	14.51	14.603	14.42	14.42	4081	yfinance_1m
2026-07-30T09:36:00-04:00	14.41	14.53	14.41	14.48	3341	yfinance_1m
2026-07-30T09:37:00-04:00	14.47	14.5223	14.41	14.4588	15550	yfinance_1m
2026-07-30T09:38:00-04:00	14.43	14.43	14.31	14.4101	9108	yfinance_1m
2026-07-30T09:39:00-04:00	14.45	14.5169	14.42	14.5169	3030	yfinance_1m
2026-07-30T09:40:00-04:00	14.494	14.494	14.37005	14.38	12491	yfinance_1m
2026-07-30T09:41:00-04:00	14.38	14.5282	14.37	14.5282	10700	yfinance_1m
2026-07-30T09:42:00-04:00	14.53	14.5806	14.53	14.58	2706	yfinance_1m
2026-07-30T09:43:00-04:00	14.5894	14.64	14.55	14.63	4808	yfinance_1m
2026-07-30T09:44:00-04:00	14.61	14.7	14.61	14.69	7350	yfinance_1m
2026-07-30T09:45:00-04:00	14.68	14.74	14.68	14.73	6301	yfinance_1m
2026-07-30T09:46:00-04:00	14.8	14.8	14.735	14.735	1060	yfinance_1m
2026-07-30T09:47:00-04:00	14.78	14.8595	14.78	14.82	3240	yfinance_1m
2026-07-30T09:48:00-04:00	14.87	14.94	14.855	14.9306	5500	yfinance_1m
2026-07-30T09:49:00-04:00	14.905	15.04	14.81	15.04	13985	yfinance_1m
2026-07-30T09:50:00-04:00	15.03	15.13	15.02	15.105	35923	yfinance_1m
2026-07-30T09:51:00-04:00	15.11	15.15	15.095	15.11	3046	yfinance_1m
2026-07-30T09:52:00-04:00	15.18	15.25	15.13	15.13	9639	yfinance_1m
2026-07-30T09:53:00-04:00	15.16	15.2	15.16	15.19	3464	yfinance_1m
2026-07-30T09:54:00-04:00	15.255	15.2848	15.25	15.25	15269	yfinance_1m
2026-07-30T09:55:00-04:00	15.27	15.27	15.18	15.21	9966	yfinance_1m
2026-07-30T09:56:00-04:00	15.18	15.19	15.16	15.17	2860	yfinance_1m
2026-07-30T09:57:00-04:00	15.175	15.19	15.02	15.045	17536	yfinance_1m
2026-07-30T09:58:00-04:00	15.0823	15.0823	14.94	14.945	7046	yfinance_1m
2026-07-30T09:59:00-04:00	14.945	14.945	14.925	14.925	1812	yfinance_1m
2026-07-30T10:00:00-04:00	14.91	14.95	14.91	14.92	9823	yfinance_1m
2026-07-30T10:01:00-04:00	14.925	14.96	14.9101	14.9101	3820	yfinance_1m
2026-07-30T10:02:00-04:00	14.95	14.9892	14.9	14.91	1803	yfinance_1m
2026-07-30T10:03:00-04:00	14.9	14.9276	14.87	14.92	9171	yfinance_1m
2026-07-30T10:04:00-04:00	14.88	14.88	14.87	14.87	1187	yfinance_1m
2026-07-30T10:05:00-04:00	14.87	14.93	14.86	14.9	5278	yfinance_1m
2026-07-30T10:06:00-04:00	14.895	14.905	14.83	14.84	3369	yfinance_1m
2026-07-30T10:07:00-04:00	14.85	14.85	14.82	14.82	1332	yfinance_1m
2026-07-30T10:08:00-04:00	14.81	14.81	14.76	14.805	13243	yfinance_1m
2026-07-30T10:09:00-04:00	14.77	14.79	14.77	14.79	2725	yfinance_1m
2026-07-30T10:10:00-04:00	14.76	14.76	14.735	14.735	2127	yfinance_1m
2026-07-30T10:11:00-04:00	14.755	14.78	14.75	14.75	2225	yfinance_1m
2026-07-30T10:12:00-04:00	14.75	14.76	14.67	14.76	7160	yfinance_1m
2026-07-30T10:13:00-04:00	14.73	14.76	14.69	14.75	3834	yfinance_1m
2026-07-30T10:14:00-04:00	14.76	14.82	14.76	14.78	9165	yfinance_1m
2026-07-30T10:15:00-04:00	14.785	14.785	14.725	14.7629	2238	yfinance_1m
2026-07-30T10:16:00-04:00	14.77	14.8	14.76	14.8	2051	yfinance_1m
2026-07-30T10:17:00-04:00	14.82	14.85	14.79	14.8464	5113	yfinance_1m
2026-07-30T10:18:00-04:00	14.835	14.96	14.835	14.935	10051	yfinance_1m
2026-07-30T10:19:00-04:00	14.935	14.97	14.93	14.96	5845	yfinance_1m
2026-07-30T10:20:00-04:00	14.99	15.06	14.98	14.99	21500	yfinance_1m
2026-07-30T10:21:00-04:00	15.0199	15.06	15.0199	15.06	8350	yfinance_1m
2026-07-30T10:22:00-04:00	15.0428	15.0428	15.01	15.015	3443	yfinance_1m
2026-07-30T10:23:00-04:00	15.0338	15.04	15.01	15.025	3568	yfinance_1m
2026-07-30T10:24:00-04:00	15.025	15.025	14.96	14.99	10418	yfinance_1m
2026-07-30T10:25:00-04:00	14.99	15.07	14.99	15.035	7066	yfinance_1m
2026-07-30T10:26:00-04:00	15.08	15.08	15.07	15.07	807	yfinance_1m
2026-07-30T10:27:00-04:00	15.065	15.11	15.065	15.1	3172	yfinance_1m
2026-07-30T10:28:00-04:00	15.13	15.13	15.095	15.095	915	yfinance_1m
2026-07-30T10:29:00-04:00	15.095	15.155	15.095	15.15	2629	yfinance_1m
2026-07-30T10:30:00-04:00	15.16	15.16	15.125	15.14	1885	yfinance_1m
2026-07-30T10:31:00-04:00	15.14	15.14	15.1	15.115	9416	yfinance_1m
2026-07-30T10:32:00-04:00	15.115	15.165	15.115	15.135	4591	yfinance_1m
2026-07-30T10:33:00-04:00	15.135	15.15	15.125	15.135	7121	yfinance_1m
2026-07-30T10:34:00-04:00	15.135	15.14	15.06	15.13	13522	yfinance_1m
2026-07-30T10:35:00-04:00	15.13	15.19	15.12	15.19	18003	yfinance_1m
2026-07-30T10:36:00-04:00	15.18	15.4	15.18	15.4	16988	yfinance_1m
2026-07-30T10:37:00-04:00	15.4	15.4	15.305	15.35	5515	yfinance_1m
2026-07-30T10:38:00-04:00	15.35	15.4	15.35	15.355	4588	yfinance_1m
2026-07-30T10:39:00-04:00	15.355	15.355	15.28	15.32	6035	yfinance_1m
2026-07-30T10:40:00-04:00	15.32	15.38	15.32	15.38	2671	yfinance_1m
2026-07-30T10:41:00-04:00	15.38	15.38	15.34	15.35	6261	yfinance_1m
2026-07-30T10:42:00-04:00	15.32	15.34	15.3	15.3	7672	yfinance_1m
2026-07-30T10:43:00-04:00	15.31	15.33	15.305	15.305	4137	yfinance_1m
2026-07-30T10:44:00-04:00	15.305	15.305	15.26	15.28	5300	yfinance_1m
2026-07-30T10:45:00-04:00	15.3	15.31	15.2747	15.31	1701	yfinance_1m
2026-07-30T10:46:00-04:00	15.29	15.31	15.2528	15.26	7105	yfinance_1m
2026-07-30T10:47:00-04:00	15.26	15.26	15.24	15.24	3059	yfinance_1m
2026-07-30T10:48:00-04:00	15.24	15.24	15.04	15.12	11218	yfinance_1m
2026-07-30T10:49:00-04:00	15.12	15.18	15.12	15.18	7795	yfinance_1m
2026-07-30T10:50:00-04:00	15.18	15.3	15.18	15.28	6539	yfinance_1m
2026-07-30T10:51:00-04:00	15.25	15.255	15.19	15.19	3812	yfinance_1m
2026-07-30T10:52:00-04:00	15.2	15.21	15.2	15.21	3031	yfinance_1m
2026-07-30T10:53:00-04:00	15.23	15.23	15.195	15.2	1794	yfinance_1m
2026-07-30T10:54:00-04:00	15.2	15.2	15.1514	15.195	15969	yfinance_1m
2026-07-30T10:55:00-04:00	15.23	15.27	15.205	15.27	2850	yfinance_1m
2026-07-30T10:56:00-04:00	15.26	15.26	15.17	15.22	5859	yfinance_1m
2026-07-30T10:57:00-04:00	15.22	15.28	15.215	15.28	1188	yfinance_1m
2026-07-30T10:58:00-04:00	15.255	15.28	15.195	15.27	4855	yfinance_1m
2026-07-30T10:59:00-04:00	15.26	15.34	15.23	15.32	35241	yfinance_1m
2026-07-30T11:00:00-04:00	15.32	15.32	15.265	15.27	5886	yfinance_1m
2026-07-30T11:01:00-04:00	15.27	15.33	15.27	15.33	4854	yfinance_1m
2026-07-30T11:02:00-04:00	15.31	15.38	15.31	15.38	5758	yfinance_1m
2026-07-30T11:03:00-04:00	15.4	15.48	15.39	15.45	4612	yfinance_1m
2026-07-30T11:04:00-04:00	15.45	15.46	15.41	15.425	2093	yfinance_1m
2026-07-30T11:05:00-04:00	15.4014	15.43	15.4014	15.43	3866	yfinance_1m
2026-07-30T11:06:00-04:00	15.415	15.415	15.415	15.415	985	yfinance_1m
2026-07-30T11:07:00-04:00	15.4	15.4	15.365	15.39	11988	yfinance_1m
2026-07-30T11:08:00-04:00	15.37	15.39	15.325	15.39	10802	yfinance_1m
2026-07-30T11:09:00-04:00	15.39	15.42	15.375	15.42	3344	yfinance_1m
2026-07-30T11:10:00-04:00	15.42	15.42	15.32	15.37	6094	yfinance_1m
2026-07-30T11:11:00-04:00	15.375	15.41	15.375	15.41	2778	yfinance_1m
2026-07-30T11:12:00-04:00	15.4	15.41	15.37	15.41	2878	yfinance_1m
2026-07-30T11:13:00-04:00	15.42	15.42	15.38	15.42	1201	yfinance_1m
2026-07-30T11:14:00-04:00	15.4152	15.42	15.38	15.405	10358	yfinance_1m
2026-07-30T11:15:00-04:00	15.41	15.46	15.41	15.45	17985	yfinance_1m
2026-07-30T11:16:00-04:00	15.46	15.46	15.4	15.43	6023	yfinance_1m
2026-07-30T11:17:00-04:00	15.43	15.46	15.4036	15.405	6968	yfinance_1m
2026-07-30T11:18:00-04:00	15.405	15.43	15.405	15.43	5028	yfinance_1m
2026-07-30T11:19:00-04:00	15.47	15.5	15.47	15.475	6046	yfinance_1m
2026-07-30T11:20:00-04:00	15.475	15.495	15.455	15.48	6196	yfinance_1m
2026-07-30T11:21:00-04:00	15.4952	15.58	15.4844	15.56	35599	yfinance_1m
2026-07-30T11:22:00-04:00	15.56	15.65	15.53	15.61	33888	yfinance_1m
2026-07-30T11:23:00-04:00	15.57	15.605	15.49	15.505	12911	yfinance_1m
2026-07-30T11:24:00-04:00	15.505	15.55	15.5	15.55	608	yfinance_1m
2026-07-30T11:25:00-04:00	15.5	15.63	15.47	15.49	22710	yfinance_1m
2026-07-30T11:26:00-04:00	15.47	15.47	15.35	15.4	6908	yfinance_1m
2026-07-30T11:27:00-04:00	15.39	15.39	15.38	15.38	1074	yfinance_1m
2026-07-30T11:28:00-04:00	15.35	15.35	15.19	15.21	6949	yfinance_1m
2026-07-30T11:29:00-04:00	15.22	15.28	15.1868	15.2659	9210	yfinance_1m
2026-07-30T11:30:00-04:00	15.285	15.285	15.2659	15.285	2577	yfinance_1m
2026-07-30T11:31:00-04:00	15.285	15.31	15.27	15.27	5820	yfinance_1m
2026-07-30T11:32:00-04:00	15.25	15.26	15.24	15.26	4277	yfinance_1m
2026-07-30T11:33:00-04:00	15.27	15.27	15.245	15.245	425	yfinance_1m
2026-07-30T11:34:00-04:00	15.235	15.235	15.21	15.21	1702	yfinance_1m
2026-07-30T11:35:00-04:00	15.23	15.33	15.23	15.32	7214	yfinance_1m
2026-07-30T11:36:00-04:00	15.32	15.32	15.32	15.32	911	yfinance_1m
2026-07-30T11:37:00-04:00	15.3449	15.3449	15.32	15.32	1460	yfinance_1m
2026-07-30T11:38:00-04:00	15.29	15.32	15.285	15.285	2043	yfinance_1m
2026-07-30T11:39:00-04:00	15.3	15.3	15.27	15.29	4162	yfinance_1m
2026-07-30T11:40:00-04:00	15.3	15.3	15.295	15.295	1401	yfinance_1m
2026-07-30T11:41:00-04:00	15.32	15.32	15.295	15.295	406	yfinance_1m
2026-07-30T11:42:00-04:00	15.295	15.295	15.27	15.27	3207	yfinance_1m
2026-07-30T11:43:00-04:00	15.26	15.27	15.255	15.27	4180	yfinance_1m
2026-07-30T11:44:00-04:00	15.31	15.3442	15.3	15.3442	2124	yfinance_1m
2026-07-30T11:45:00-04:00	15.325	15.325	15.325	15.325	455	yfinance_1m
2026-07-30T11:46:00-04:00	15.325	15.36	15.325	15.345	10356	yfinance_1m
2026-07-30T11:47:00-04:00	15.345	15.37	15.345	15.345	1412	yfinance_1m
2026-07-30T11:48:00-04:00	15.345	15.345	15.315	15.315	3777	yfinance_1m
2026-07-30T11:49:00-04:00	15.315	15.34	15.315	15.34	3348	yfinance_1m
2026-07-30T11:50:00-04:00	15.33	15.34	15.33	15.34	2197	yfinance_1m
2026-07-30T11:51:00-04:00	15.33	15.36	15.3201	15.3347	7448	yfinance_1m
2026-07-30T11:52:00-04:00	15.35	15.35	15.315	15.32	4194	yfinance_1m
2026-07-30T11:53:00-04:00	15.33	15.35	15.33	15.35	906	yfinance_1m
2026-07-30T11:54:00-04:00	15.35	15.38	15.35	15.38	6267	yfinance_1m
2026-07-30T11:55:00-04:00	15.39	15.42	15.39	15.42	1224	yfinance_1m
2026-07-30T11:56:00-04:00	15.43	15.43	15.4	15.4	3935	yfinance_1m
2026-07-30T11:57:00-04:00	15.405	15.405	15.405	15.405	1084	yfinance_1m
2026-07-30T11:58:00-04:00	15.38	15.405	15.37	15.37	4224	yfinance_1m
2026-07-30T11:59:00-04:00	15.36	15.36	15.34	15.34	4351	yfinance_1m
2026-07-30T12:00:00-04:00	15.35	15.35	15.34	15.34	1652	yfinance_1m
2026-07-30T12:01:00-04:00	15.35	15.36	15.34	15.36	6032	yfinance_1m
2026-07-30T12:02:00-04:00	15.355	15.36	15.345	15.35	3095	yfinance_1m
2026-07-30T12:04:00-04:00	15.35	15.35	15.28	15.28	7202	yfinance_1m
2026-07-30T12:05:00-04:00	15.2701	15.29	15.23	15.23	5078	yfinance_1m
2026-07-30T12:06:00-04:00	15.23	15.26	15.2159	15.255	4670	yfinance_1m
2026-07-30T12:07:00-04:00	15.24	15.24	15.225	15.225	865	yfinance_1m
2026-07-30T12:09:00-04:00	15.225	15.225	15.21	15.215	1121	yfinance_1m
2026-07-30T12:10:00-04:00	15.215	15.215	15.2	15.2	1089	yfinance_1m
2026-07-30T12:11:00-04:00	15.2	15.2	15.135	15.135	6880	yfinance_1m
2026-07-30T12:12:00-04:00	15.135	15.16	15.135	15.15	5404	yfinance_1m
2026-07-30T12:13:00-04:00	15.16	15.19	15.16	15.19	1308	yfinance_1m
2026-07-30T12:14:00-04:00	15.19	15.2	15.17	15.19	3026	yfinance_1m
2026-07-30T12:15:00-04:00	15.22	15.22	15.175	15.18	1853	yfinance_1m
2026-07-30T12:16:00-04:00	15.19	15.2	15.175	15.2	2864	yfinance_1m
2026-07-30T12:17:00-04:00	15.19	15.19	15.19	15.19	888	yfinance_1m
2026-07-30T12:18:00-04:00	15.175	15.175	15.175	15.175	330	yfinance_1m
2026-07-30T12:19:00-04:00	15.18	15.1864	15.16	15.17	6728	yfinance_1m
2026-07-30T12:20:00-04:00	15.16	15.2	15.16	15.19	3557	yfinance_1m
2026-07-30T12:21:00-04:00	15.1701	15.2	15.1701	15.2	2824	yfinance_1m
2026-07-30T12:22:00-04:00	15.195	15.205	15.195	15.2	4229	yfinance_1m
2026-07-30T12:23:00-04:00	15.2	15.21	15.2	15.2	343	yfinance_1m
2026-07-30T12:24:00-04:00	15.21	15.21	15.16	15.17	5804	yfinance_1m
2026-07-30T12:25:00-04:00	15.165	15.17	15.16	15.17	3395	yfinance_1m
2026-07-30T12:26:00-04:00	15.19	15.2	15.19	15.2	1814	yfinance_1m
2026-07-30T12:27:00-04:00	15.19	15.19	15.18	15.19	467	yfinance_1m
2026-07-30T12:28:00-04:00	15.18	15.18	15.13	15.13	4911	yfinance_1m
2026-07-30T12:29:00-04:00	15.12	15.12	15.11	15.12	4997	yfinance_1m
2026-07-30T12:30:00-04:00	15.1	15.11	15.09	15.09	1625	yfinance_1m
2026-07-30T12:31:00-04:00	15.08	15.08	14.92	14.975	7645	yfinance_1m
2026-07-30T12:32:00-04:00	14.95	15.0	14.9458	14.97	4647	yfinance_1m
2026-07-30T12:33:00-04:00	15.0	15.02	14.97	15.02	2674	yfinance_1m
2026-07-30T12:34:00-04:00	15.06	15.13	15.05	15.1	5185	yfinance_1m
2026-07-30T12:35:00-04:00	15.12	15.14	15.1	15.14	1690	yfinance_1m
2026-07-30T12:36:00-04:00	15.14	15.18	15.14	15.14	2865	yfinance_1m
2026-07-30T12:37:00-04:00	15.14	15.14	15.14	15.14	432	yfinance_1m
2026-07-30T12:38:00-04:00	15.14	15.14	15.14	15.14	442	yfinance_1m
2026-07-30T12:39:00-04:00	15.14	15.14	15.06	15.065	6324	yfinance_1m
2026-07-30T12:40:00-04:00	15.06	15.07	14.995	14.995	2576	yfinance_1m
2026-07-30T12:41:00-04:00	15.02	15.03	14.99	15.03	2955	yfinance_1m
2026-07-30T12:42:00-04:00	15.03	15.03	15.03	15.03	3792	yfinance_1m
2026-07-30T12:43:00-04:00	15.0	15.01	14.98	15.0	5542	yfinance_1m
2026-07-30T12:45:00-04:00	15.0	15.03	15.0	15.01	1685	yfinance_1m
2026-07-30T12:46:00-04:00	15.01	15.06	15.01	15.06	7150	yfinance_1m
2026-07-30T12:48:00-04:00	15.08	15.1	15.07	15.07	2954	yfinance_1m
2026-07-30T12:49:00-04:00	15.08	15.08	15.07	15.07	281	yfinance_1m
2026-07-30T12:50:00-04:00	15.09	15.09	15.07	15.08	4009	yfinance_1m
2026-07-30T12:51:00-04:00	15.08	15.12	15.08	15.105	5314	yfinance_1m
2026-07-30T12:52:00-04:00	15.105	15.19	15.105	15.19	3168	yfinance_1m
2026-07-30T12:53:00-04:00	15.16	15.18	15.155	15.18	4470	yfinance_1m
2026-07-30T12:54:00-04:00	15.155	15.18	15.155	15.18	1464	yfinance_1m
2026-07-30T12:55:00-04:00	15.18	15.18	15.155	15.155	2177	yfinance_1m
2026-07-30T12:56:00-04:00	15.155	15.18	15.13	15.13	1167	yfinance_1m
2026-07-30T12:57:00-04:00	15.155	15.155	15.11	15.14	2284	yfinance_1m
2026-07-30T12:58:00-04:00	15.12	15.17	15.11	15.14	1105	yfinance_1m
2026-07-30T12:59:00-04:00	15.14	15.165	15.12	15.14	1465	yfinance_1m
2026-07-30T13:00:00-04:00	15.14	15.17	15.13	15.13	1841	yfinance_1m
2026-07-30T13:01:00-04:00	15.13	15.145	15.12	15.145	1030	yfinance_1m
2026-07-30T13:02:00-04:00	15.145	15.17	15.11	15.11	3889	yfinance_1m
2026-07-30T13:03:00-04:00	15.11	15.13	15.11	15.13	6976	yfinance_1m
2026-07-30T13:04:00-04:00	15.15	15.16	15.15	15.16	368	yfinance_1m
2026-07-30T13:05:00-04:00	15.16	15.16	15.13	15.13	883	yfinance_1m
2026-07-30T13:06:00-04:00	15.16	15.19	15.155	15.19	4591	yfinance_1m
2026-07-30T13:07:00-04:00	15.19	15.19	15.17	15.19	479	yfinance_1m
2026-07-30T13:08:00-04:00	15.19	15.2	15.19	15.19	5274	yfinance_1m
2026-07-30T13:09:00-04:00	15.205	15.24	15.205	15.21	2848	yfinance_1m
2026-07-30T13:10:00-04:00	15.21	15.21	15.09	15.09	8982	yfinance_1m
2026-07-30T13:11:00-04:00	15.1	15.1	15.07	15.095	1409	yfinance_1m
2026-07-30T13:12:00-04:00	15.095	15.095	15.095	15.095	293	yfinance_1m
2026-07-30T13:13:00-04:00	15.095	15.095	15.07	15.07	1899	yfinance_1m
2026-07-30T13:14:00-04:00	15.095	15.13	15.07	15.08	4738	yfinance_1m
2026-07-30T13:15:00-04:00	15.08	15.1	15.02	15.035	5043	yfinance_1m
2026-07-30T13:16:00-04:00	15.035	15.06	15.01	15.06	3980	yfinance_1m
2026-07-30T13:17:00-04:00	15.05	15.05	15.03	15.03	2165	yfinance_1m
2026-07-30T13:18:00-04:00	15.01	15.05	15.01	15.02	2089	yfinance_1m
2026-07-30T13:19:00-04:00	15.035	15.05	15.01	15.01	5067	yfinance_1m
2026-07-30T13:20:00-04:00	15.03	15.03	15.0	15.0	814	yfinance_1m
2026-07-30T13:21:00-04:00	15.02	15.03	15.02	15.03	3430	yfinance_1m
2026-07-30T13:22:00-04:00	15.03	15.03	15.005	15.01	1608	yfinance_1m
2026-07-30T13:23:00-04:00	15.005	15.04	15.005	15.04	3226	yfinance_1m
2026-07-30T13:24:00-04:00	15.025	15.075	15.025	15.075	4286	yfinance_1m
2026-07-30T13:25:00-04:00	15.075	15.075	15.05	15.06	2103	yfinance_1m
2026-07-30T13:26:00-04:00	15.06	15.06	15.06	15.06	752	yfinance_1m
2026-07-30T13:28:00-04:00	15.022	15.1	15.022	15.1	3013	yfinance_1m
2026-07-30T13:29:00-04:00	15.09	15.11	15.09	15.1	7776	yfinance_1m
2026-07-30T13:30:00-04:00	15.12	15.12	15.085	15.09	1784	yfinance_1m
2026-07-30T13:31:00-04:00	15.08	15.09	15.06	15.065	5129	yfinance_1m
2026-07-30T13:32:00-04:00	15.05	15.05	15.04	15.04	2082	yfinance_1m
2026-07-30T13:33:00-04:00	15.035	15.035	15.035	15.035	327	yfinance_1m
2026-07-30T13:34:00-04:00	15.035	15.035	15.03	15.03	1384	yfinance_1m
2026-07-30T13:35:00-04:00	15.03	15.04	15.02	15.03	2026	yfinance_1m
2026-07-30T13:36:00-04:00	15.02	15.05	15.02	15.05	4803	yfinance_1m
2026-07-30T13:37:00-04:00	15.06	15.06	15.06	15.06	501	yfinance_1m
2026-07-30T13:38:00-04:00	15.05	15.0665	15.05	15.0665	1553	yfinance_1m
2026-07-30T13:39:00-04:00	15.05	15.05	15.025	15.03	3838	yfinance_1m
2026-07-30T13:40:00-04:00	15.03	15.04	15.03	15.04	3315	yfinance_1m
2026-07-30T13:41:00-04:00	15.05	15.05	15.05	15.05	1266	yfinance_1m
2026-07-30T13:42:00-04:00	15.045	15.06	15.045	15.06	3356	yfinance_1m
2026-07-30T13:43:00-04:00	15.07	15.11	15.07	15.11	1587	yfinance_1m
2026-07-30T13:44:00-04:00	15.1	15.11	15.0825	15.0825	1208	yfinance_1m
2026-07-30T13:45:00-04:00	15.085	15.1	15.085	15.1	583	yfinance_1m
2026-07-30T13:46:00-04:00	15.1057	15.11	15.0642	15.08	4094	yfinance_1m
2026-07-30T13:47:00-04:00	15.07	15.1	15.06	15.1	2160	yfinance_1m
2026-07-30T13:48:00-04:00	15.08	15.08	15.07	15.07	877	yfinance_1m
2026-07-30T13:49:00-04:00	15.08	15.08	15.06	15.08	767	yfinance_1m
2026-07-30T13:50:00-04:00	15.08	15.08	15.02	15.04	8106	yfinance_1m
2026-07-30T13:51:00-04:00	15.03	15.05	15.03	15.04	1549	yfinance_1m
2026-07-30T13:52:00-04:00	15.04	15.05	15.025	15.025	7473	yfinance_1m
2026-07-30T13:53:00-04:00	15.025	15.025	15.015	15.015	3588	yfinance_1m
2026-07-30T13:54:00-04:00	15.015	15.015	15.01	15.015	1419	yfinance_1m
2026-07-30T13:55:00-04:00	15.01	15.01	15.0	15.005	2431	yfinance_1m
2026-07-30T13:56:00-04:00	15.009	15.009	15.005	15.005	659	yfinance_1m
2026-07-30T13:57:00-04:00	15.005	15.005	15.0	15.005	2120	yfinance_1m
2026-07-30T13:58:00-04:00	15.005	15.03	15.005	15.03	6760	yfinance_1m
2026-07-30T13:59:00-04:00	15.04	15.04	15.04	15.04	860	yfinance_1m
2026-07-30T14:00:00-04:00	15.05	15.05	15.05	15.05	1243	yfinance_1m
2026-07-30T14:01:00-04:00	15.05	15.05	15.04	15.04	1801	yfinance_1m
2026-07-30T14:02:00-04:00	15.05	15.05	15.04	15.045	1270	yfinance_1m
2026-07-30T14:03:00-04:00	15.045	15.045	15.02	15.02	2907	yfinance_1m
2026-07-30T14:04:00-04:00	15.02	15.02	15.01	15.01	3067	yfinance_1m
2026-07-30T14:05:00-04:00	15.01	15.025	15.01	15.025	2617	yfinance_1m
2026-07-30T14:06:00-04:00	15.025	15.045	15.025	15.04	1924	yfinance_1m
2026-07-30T14:07:00-04:00	15.04	15.045	15.04	15.045	1313	yfinance_1m
2026-07-30T14:08:00-04:00	15.045	15.06	15.04	15.06	3257	yfinance_1m
2026-07-30T14:09:00-04:00	15.07	15.07	15.07	15.07	2206	yfinance_1m
2026-07-30T14:10:00-04:00	15.095	15.095	15.08	15.095	2234	yfinance_1m
2026-07-30T14:11:00-04:00	15.07	15.07	15.065	15.065	2847	yfinance_1m
2026-07-30T14:12:00-04:00	15.065	15.065	15.04	15.04	5727	yfinance_1m
2026-07-30T14:13:00-04:00	15.04	15.04	15.03	15.03	2086	yfinance_1m
2026-07-30T14:14:00-04:00	15.03	15.04	15.03	15.04	5998	yfinance_1m
2026-07-30T14:15:00-04:00	15.0319	15.04	15.03	15.03	1828	yfinance_1m
2026-07-30T14:16:00-04:00	15.03	15.03	15.015	15.015	2503	yfinance_1m
2026-07-30T14:17:00-04:00	15.015	15.015	15.015	15.015	397	yfinance_1m
2026-07-30T14:18:00-04:00	15.01	15.01	15.0	15.005	2038	yfinance_1m
2026-07-30T14:19:00-04:00	15.0	15.005	14.995	14.995	3213	yfinance_1m
2026-07-30T14:20:00-04:00	14.9901	14.995	14.9901	14.995	744	yfinance_1m
2026-07-30T14:21:00-04:00	14.995	15.0	14.995	15.0	3068	yfinance_1m
2026-07-30T14:22:00-04:00	15.0	15.0	14.995	15.0	2872	yfinance_1m
2026-07-30T14:23:00-04:00	15.01	15.02	15.005	15.01	4794	yfinance_1m
2026-07-30T14:24:00-04:00	15.005	15.01	14.995	14.995	3243	yfinance_1m
2026-07-30T14:25:00-04:00	15.0	15.02	15.0	15.02	4250	yfinance_1m
2026-07-30T14:26:00-04:00	15.04	15.04	15.04	15.04	1137	yfinance_1m
2026-07-30T14:27:00-04:00	15.04	15.07	15.04	15.07	2275	yfinance_1m
2026-07-30T14:29:00-04:00	15.11	15.11	15.09	15.095	3579	yfinance_1m
2026-07-30T14:30:00-04:00	15.095	15.095	15.095	15.095	435	yfinance_1m
2026-07-30T14:31:00-04:00	15.11	15.11	15.08	15.08	10679	yfinance_1m
2026-07-30T14:32:00-04:00	15.075	15.075	15.035	15.06	10568	yfinance_1m
2026-07-30T14:33:00-04:00	15.07	15.08	15.07	15.08	453	yfinance_1m
2026-07-30T14:34:00-04:00	15.085	15.085	15.08	15.08	572	yfinance_1m
2026-07-30T14:35:00-04:00	15.08	15.08	15.075	15.075	838	yfinance_1m
2026-07-30T14:36:00-04:00	15.075	15.075	15.06	15.06	2390	yfinance_1m
2026-07-30T14:37:00-04:00	15.06	15.06	15.055	15.06	613	yfinance_1m
2026-07-30T14:38:00-04:00	15.05	15.06	15.0	15.01	11707	yfinance_1m
2026-07-30T14:39:00-04:00	15.005	15.01	14.995	15.01	1937	yfinance_1m
2026-07-30T14:40:00-04:00	15.0	15.03	15.0	15.03	1250	yfinance_1m
2026-07-30T14:41:00-04:00	15.02	15.02	15.01	15.01	2268	yfinance_1m
2026-07-30T14:42:00-04:00	15.02	15.1	15.02	15.03	10148	yfinance_1m
2026-07-30T14:43:00-04:00	15.035	15.035	15.035	15.035	229	yfinance_1m
2026-07-30T14:44:00-04:00	15.035	15.035	15.035	15.035	577	yfinance_1m
2026-07-30T14:45:00-04:00	15.035	15.04	15.03	15.03	2228	yfinance_1m
2026-07-30T14:46:00-04:00	15.025	15.04	14.99	15.02	11499	yfinance_1m
2026-07-30T14:47:00-04:00	15.04	15.06	15.0201	15.05	4878	yfinance_1m
2026-07-30T14:48:00-04:00	15.06	15.07	15.06	15.07	2510	yfinance_1m
2026-07-30T14:49:00-04:00	15.07	15.09	15.07	15.09	2509	yfinance_1m
2026-07-30T14:50:00-04:00	15.09	15.12	15.09	15.12	6132	yfinance_1m
2026-07-30T14:51:00-04:00	15.14	15.14	15.14	15.14	2803	yfinance_1m
2026-07-30T14:52:00-04:00	15.14	15.14	15.1116	15.14	833	yfinance_1m
2026-07-30T14:53:00-04:00	15.11	15.125	15.1	15.11	2201	yfinance_1m
2026-07-30T14:54:00-04:00	15.12	15.12	15.1	15.1	2311	yfinance_1m
2026-07-30T14:55:00-04:00	15.1	15.115	15.09	15.115	7868	yfinance_1m
2026-07-30T14:57:00-04:00	15.1352	15.14	15.1352	15.14	639	yfinance_1m
2026-07-30T14:58:00-04:00	15.14	15.14	15.13	15.13	1425	yfinance_1m
2026-07-30T14:59:00-04:00	15.14	15.14	15.14	15.14	770	yfinance_1m
2026-07-30T15:00:00-04:00	15.15	15.16	15.15	15.155	5597	yfinance_1m
2026-07-30T15:01:00-04:00	15.155	15.155	15.155	15.155	632	yfinance_1m
2026-07-30T15:02:00-04:00	15.1401	15.155	15.11	15.1101	8293	yfinance_1m
2026-07-30T15:03:00-04:00	15.115	15.12	15.1101	15.12	4114	yfinance_1m
2026-07-30T15:04:00-04:00	15.13	15.13	15.125	15.125	1104	yfinance_1m
2026-07-30T15:05:00-04:00	15.14	15.155	15.14	15.15	6872	yfinance_1m
2026-07-30T15:06:00-04:00	15.16	15.16	15.145	15.145	1438	yfinance_1m
2026-07-30T15:07:00-04:00	15.145	15.145	15.145	15.145	135	yfinance_1m
2026-07-30T15:08:00-04:00	15.145	15.145	15.14	15.14	1488	yfinance_1m
2026-07-30T15:09:00-04:00	15.145	15.145	15.1301	15.1301	990	yfinance_1m
2026-07-30T15:10:00-04:00	15.14	15.14	15.12	15.14	10207	yfinance_1m
2026-07-30T15:11:00-04:00	15.14	15.14	15.14	15.14	352	yfinance_1m
2026-07-30T15:12:00-04:00	15.14	15.15	15.14	15.15	2244	yfinance_1m
2026-07-30T15:13:00-04:00	15.16	15.19	15.16	15.18	7713	yfinance_1m
2026-07-30T15:14:00-04:00	15.17	15.17	15.165	15.17	3784	yfinance_1m
2026-07-30T15:15:00-04:00	15.17	15.17	15.17	15.17	579	yfinance_1m
2026-07-30T15:16:00-04:00	15.18	15.19	15.17	15.19	725	yfinance_1m
2026-07-30T15:17:00-04:00	15.19	15.19	15.13	15.145	14251	yfinance_1m
2026-07-30T15:18:00-04:00	15.145	15.145	15.13	15.13	2961	yfinance_1m
2026-07-30T15:19:00-04:00	15.11	15.115	15.11	15.11	3689	yfinance_1m
2026-07-30T15:20:00-04:00	15.11	15.11	15.075	15.075	5760	yfinance_1m
2026-07-30T15:21:00-04:00	15.07	15.07	14.99	14.995	10124	yfinance_1m
2026-07-30T15:22:00-04:00	14.995	14.995	14.9	14.94	23257	yfinance_1m
2026-07-30T15:23:00-04:00	14.95	14.97	14.94	14.95	2949	yfinance_1m
2026-07-30T15:24:00-04:00	14.97	14.98	14.96	14.975	3200	yfinance_1m
2026-07-30T15:25:00-04:00	14.975	15.01	14.975	15.01	2808	yfinance_1m
2026-07-30T15:26:00-04:00	15.01	15.01	14.985	14.985	4655	yfinance_1m
2026-07-30T15:27:00-04:00	14.96	15.05	14.96	15.05	14908	yfinance_1m
2026-07-30T15:28:00-04:00	15.05	15.05	15.02	15.02	5292	yfinance_1m
2026-07-30T15:29:00-04:00	15.015	15.02	15.015	15.02	4272	yfinance_1m
2026-07-30T15:30:00-04:00	15.03	15.05	15.02	15.04	5234	yfinance_1m
2026-07-30T15:31:00-04:00	15.04	15.06	15.04	15.06	6066	yfinance_1m
2026-07-30T15:32:00-04:00	15.0664	15.07	15.055	15.06	5359	yfinance_1m
2026-07-30T15:33:00-04:00	15.06	15.06	15.005	15.005	11094	yfinance_1m
2026-07-30T15:34:00-04:00	15.01	15.01	14.98	14.98	6599	yfinance_1m
2026-07-30T15:35:00-04:00	14.98	14.9899	14.96	14.96	5480	yfinance_1m
2026-07-30T15:36:00-04:00	14.97	14.9748	14.95	14.95	4271	yfinance_1m
2026-07-30T15:37:00-04:00	14.95	14.95	14.92	14.93	11211	yfinance_1m
2026-07-30T15:38:00-04:00	14.93	14.95	14.93	14.945	4112	yfinance_1m
2026-07-30T15:39:00-04:00	14.945	14.95	14.94	14.95	3869	yfinance_1m
2026-07-30T15:40:00-04:00	14.96	14.96	14.95	14.955	4868	yfinance_1m
2026-07-30T15:41:00-04:00	14.955	14.955	14.94	14.9491	8935	yfinance_1m
2026-07-30T15:42:00-04:00	14.945	14.945	14.88	14.9	25886	yfinance_1m
2026-07-30T15:43:00-04:00	14.9	15.0	14.9	15.0	7274	yfinance_1m
2026-07-30T15:44:00-04:00	14.985	14.985	14.97	14.97	1705	yfinance_1m
2026-07-30T15:45:00-04:00	14.96	14.97	14.9401	14.945	3867	yfinance_1m
2026-07-30T15:46:00-04:00	14.945	14.95	14.845	14.875	15291	yfinance_1m
2026-07-30T15:47:00-04:00	14.8708	14.89	14.87	14.87	4174	yfinance_1m
2026-07-30T15:48:00-04:00	14.875	14.875	14.8601	14.8601	4659	yfinance_1m
2026-07-30T15:49:00-04:00	14.865	14.87	14.85	14.86	14312	yfinance_1m
2026-07-30T15:50:00-04:00	14.88	14.97	14.88	14.935	14075	yfinance_1m
2026-07-30T15:51:00-04:00	14.935	14.97	14.935	14.97	5834	yfinance_1m
2026-07-30T15:52:00-04:00	14.97	14.97	14.94	14.9401	10416	yfinance_1m
2026-07-30T15:53:00-04:00	14.945	14.95	14.945	14.945	3553	yfinance_1m
2026-07-30T15:54:00-04:00	14.9401	15.0	14.9401	14.98	14872	yfinance_1m
2026-07-30T15:55:00-04:00	14.99	15.0	14.99	15.0	3306	yfinance_1m
2026-07-30T15:56:00-04:00	14.995	15.03	14.995	15.025	12415	yfinance_1m
2026-07-30T15:57:00-04:00	15.03	15.1	15.03	15.095	13862	yfinance_1m
2026-07-30T15:58:00-04:00	15.1	15.16	15.1	15.155	26004	yfinance_1m
2026-07-30T15:59:00-04:00	15.155	15.28	15.15	15.265	51824	yfinance_1m
2026-07-31T09:30:00-04:00	15.41	15.41	15.345	15.345	11287	yfinance_1m
2026-07-31T09:31:00-04:00	15.325	15.62	15.325	15.53	5070	yfinance_1m
2026-07-31T09:32:00-04:00	15.54	15.6606	15.3778	15.6606	2425	yfinance_1m
2026-07-31T09:34:00-04:00	15.52	15.68	15.52	15.555	4313	yfinance_1m
2026-07-31T09:35:00-04:00	15.6444	15.65	15.46	15.46	27945	yfinance_1m
2026-07-31T09:36:00-04:00	15.47	15.47	15.3	15.3	3774	yfinance_1m
2026-07-31T09:37:00-04:00	15.21	15.3099	15.18	15.18	6217	yfinance_1m
2026-07-31T09:38:00-04:00	15.19	15.24	15.18	15.19	3185	yfinance_1m
2026-07-31T09:39:00-04:00	15.235	15.4	15.235	15.4	8290	yfinance_1m
2026-07-31T09:40:00-04:00	15.3	15.44	15.3	15.44	5072	yfinance_1m
2026-07-31T09:41:00-04:00	15.44	15.5	15.44	15.44	1495	yfinance_1m
2026-07-31T09:43:00-04:00	15.43	15.44	15.43	15.43	615	yfinance_1m
2026-07-31T09:44:00-04:00	15.44	15.49	15.2416	15.2416	1240	yfinance_1m
2026-07-31T09:45:00-04:00	15.395	15.395	15.395	15.395	443	yfinance_1m
2026-07-31T09:46:00-04:00	15.395	15.395	15.395	15.395	1721	yfinance_1m
2026-07-31T09:47:00-04:00	15.395	15.395	15.385	15.385	6233	yfinance_1m
2026-07-31T09:48:00-04:00	15.385	15.385	15.3169	15.3169	4994	yfinance_1m
2026-07-31T09:49:00-04:00	15.25	15.34	15.24	15.3	1977	yfinance_1m
2026-07-31T09:50:00-04:00	15.3	15.36	15.275	15.36	12365	yfinance_1m
2026-07-31T09:51:00-04:00	15.28	15.29	15.28	15.29	596	yfinance_1m
2026-07-31T09:52:00-04:00	15.2	15.275	15.2	15.2	1534	yfinance_1m
2026-07-31T09:53:00-04:00	15.2	15.24	15.165	15.19	10978	yfinance_1m
2026-07-31T09:54:00-04:00	15.23	15.24	15.23	15.24	1410	yfinance_1m
2026-07-31T09:56:00-04:00	15.155	15.155	15.14	15.14	505	yfinance_1m
2026-07-31T09:58:00-04:00	15.14	15.23	15.14	15.23	4881	yfinance_1m
2026-07-31T10:00:00-04:00	15.25	15.26	15.07	15.07	4700	yfinance_1m
2026-07-31T10:01:00-04:00	15.05	15.08	14.97	15.065	5396	yfinance_1m
2026-07-31T10:02:00-04:00	15.065	15.125	15.065	15.125	5432	yfinance_1m
2026-07-31T10:04:00-04:00	15.06	15.12	15.06	15.12	955	yfinance_1m
2026-07-31T10:05:00-04:00	15.09	15.16	15.09	15.115	2777	yfinance_1m
2026-07-31T10:06:00-04:00	15.1	15.1	14.98	14.995	10019	yfinance_1m
2026-07-31T10:07:00-04:00	14.995	15.01	14.9378	14.96	12475	yfinance_1m
2026-07-31T10:08:00-04:00	14.965	15.0	14.95	14.95	7114	yfinance_1m
2026-07-31T10:09:00-04:00	14.975	15.01	14.81	14.81	15519	yfinance_1m
2026-07-31T10:10:00-04:00	14.8	14.845	14.8	14.845	605	yfinance_1m
2026-07-31T10:11:00-04:00	14.75	14.79	14.75	14.79	1517	yfinance_1m
2026-07-31T10:12:00-04:00	14.79	14.84	14.77	14.84	3289	yfinance_1m
2026-07-31T10:13:00-04:00	14.84	14.84	14.71	14.73	4469	yfinance_1m
2026-07-31T10:14:00-04:00	14.71	14.745	14.71	14.745	1668	yfinance_1m
2026-07-31T10:15:00-04:00	14.745	14.75	14.71	14.75	1083	yfinance_1m
2026-07-31T10:16:00-04:00	14.77	14.775	14.695	14.775	7227	yfinance_1m
2026-07-31T10:17:00-04:00	14.775	14.875	14.775	14.81	1186	yfinance_1m
2026-07-31T10:18:00-04:00	14.82	14.82	14.81	14.81	1048	yfinance_1m
2026-07-31T10:19:00-04:00	14.88	14.88	14.82	14.83	52648	yfinance_1m
2026-07-31T10:20:00-04:00	14.87	14.96	14.87	14.96	12515	yfinance_1m
2026-07-31T10:21:00-04:00	14.93	14.93	14.925	14.93	1471	yfinance_1m
2026-07-31T10:22:00-04:00	14.925	14.925	14.89	14.915	4223	yfinance_1m
2026-07-31T10:23:00-04:00	14.88	14.9	14.855	14.855	2214	yfinance_1m
2026-07-31T10:24:00-04:00	14.83	14.855	14.77	14.77	3319	yfinance_1m
2026-07-31T10:25:00-04:00	14.79	14.84	14.79	14.84	7161	yfinance_1m
2026-07-31T10:26:00-04:00	14.8	14.8	14.765	14.765	2521	yfinance_1m
2026-07-31T10:27:00-04:00	14.76	14.8	14.7401	14.8	2648	yfinance_1m
2026-07-31T10:28:00-04:00	14.79	14.79	14.79	14.79	603	yfinance_1m
2026-07-31T10:29:00-04:00	14.8	14.8	14.8	14.8	328	yfinance_1m
2026-07-31T10:30:00-04:00	14.79	14.83	14.79	14.82	672	yfinance_1m
2026-07-31T10:31:00-04:00	14.8899	14.9	14.84	14.9	1153	yfinance_1m
2026-07-31T10:32:00-04:00	14.89	14.89	14.875	14.875	750	yfinance_1m
2026-07-31T10:34:00-04:00	14.83	14.84	14.76	14.795	5075	yfinance_1m
2026-07-31T10:35:00-04:00	14.82	14.85	14.795	14.83	4115	yfinance_1m
2026-07-31T10:36:00-04:00	14.88	14.88	14.88	14.88	187	yfinance_1m
2026-07-31T10:37:00-04:00	14.84	14.865	14.84	14.865	363	yfinance_1m
2026-07-31T10:38:00-04:00	14.8999	14.8999	14.8999	14.8999	129	yfinance_1m
2026-07-31T10:39:00-04:00	14.87	14.9	14.84	14.87	499	yfinance_1m
2026-07-31T10:40:00-04:00	14.89	14.925	14.89	14.925	1324	yfinance_1m
2026-07-31T10:41:00-04:00	14.89	14.9499	14.88	14.92	1089	yfinance_1m
2026-07-31T10:42:00-04:00	14.89	14.89	14.84	14.87	3852	yfinance_1m
2026-07-31T10:45:00-04:00	14.875	14.875	14.875	14.875	492	yfinance_1m
2026-07-31T10:46:00-04:00	14.875	14.92	14.875	14.91	2259	yfinance_1m
2026-07-31T10:47:00-04:00	14.93	14.93	14.895	14.895	414	yfinance_1m
2026-07-31T10:48:00-04:00	14.895	14.895	14.895	14.895	163	yfinance_1m
2026-07-31T10:49:00-04:00	14.9	14.9	14.9	14.9	363	yfinance_1m
2026-07-31T10:50:00-04:00	14.93	14.93	14.92	14.92	582	yfinance_1m
2026-07-31T10:51:00-04:00	14.92	14.92	14.88	14.88	2374	yfinance_1m
2026-07-31T10:52:00-04:00	14.875	14.9	14.875	14.9	455	yfinance_1m
2026-07-31T10:53:00-04:00	14.875	14.875	14.84	14.84	1441	yfinance_1m
2026-07-31T10:54:00-04:00	14.84	14.85	14.82	14.843263	2101	yfinance_1m
2026-07-31T10:55:00-04:00	14.86	14.87	14.85	14.85	1634	yfinance_1m
2026-07-31T10:56:00-04:00	14.86	14.89	14.86	14.875	3381	yfinance_1m
2026-07-31T10:57:00-04:00	14.875	14.875	14.875	14.875	541	yfinance_1m
2026-07-31T10:58:00-04:00	14.85	14.88	14.85	14.875	1345	yfinance_1m
2026-07-31T10:59:00-04:00	14.88	14.88	14.88	14.88	1649	yfinance_1m
2026-07-31T11:00:00-04:00	14.89	14.89	14.885	14.885	862	yfinance_1m
2026-07-31T11:01:00-04:00	14.875	14.95	14.875	14.95	4241	yfinance_1m
2026-07-31T11:02:00-04:00	14.9	14.9	14.9	14.9	331	yfinance_1m
2026-07-31T11:03:00-04:00	14.9499	14.9499	14.8669	14.9	1472	yfinance_1m
2026-07-31T11:04:00-04:00	14.93	14.935	14.93	14.935	1402	yfinance_1m
2026-07-31T11:05:00-04:00	14.96	15.07	14.96	15.025	4610	yfinance_1m
2026-07-31T11:06:00-04:00	15.025	15.025	15.02	15.02	607	yfinance_1m
2026-07-31T11:07:00-04:00	15.02	15.02	15.02	15.02	126	yfinance_1m
2026-07-31T11:08:00-04:00	15.02	15.02	14.99	15.01	2327	yfinance_1m
2026-07-31T11:09:00-04:00	15.0	15.02	14.97	15.01	4238	yfinance_1m
2026-07-31T11:10:00-04:00	15.02	15.02	15.02	15.02	3107	yfinance_1m
2026-07-31T11:11:00-04:00	15.0	15.0	14.91	14.925	3280	yfinance_1m
2026-07-31T11:12:00-04:00	14.925	14.94	14.88	14.88	5604	yfinance_1m
2026-07-31T11:13:00-04:00	14.84	14.86	14.84	14.86	1950	yfinance_1m
2026-07-31T11:15:00-04:00	14.87	14.915	14.87	14.915	2046	yfinance_1m
2026-07-31T11:16:00-04:00	14.87	14.9599	14.87	14.9599	1535	yfinance_1m
2026-07-31T11:17:00-04:00	14.915	14.915	14.9	14.915	1684	yfinance_1m
2026-07-31T11:18:00-04:00	14.87	14.87	14.86	14.87	1494	yfinance_1m
2026-07-31T11:19:00-04:00	14.875	14.875	14.875	14.875	375	yfinance_1m
2026-07-31T11:20:00-04:00	14.87	14.87	14.85	14.85	468	yfinance_1m
2026-07-31T11:21:00-04:00	14.87	14.87	14.84	14.845	2539	yfinance_1m
2026-07-31T11:22:00-04:00	14.82	14.84	14.82	14.84	2637	yfinance_1m
2026-07-31T11:23:00-04:00	14.82	14.82	14.82	14.82	1655	yfinance_1m
2026-07-31T11:25:00-04:00	14.82	14.82	14.77	14.77	3616	yfinance_1m
2026-07-31T11:26:00-04:00	14.775	14.78	14.735	14.74	3793	yfinance_1m
2026-07-31T11:27:00-04:00	14.74	14.76	14.74	14.76	2527	yfinance_1m
2026-07-31T11:28:00-04:00	14.755	14.755	14.755	14.755	332	yfinance_1m
2026-07-31T11:29:00-04:00	14.77	14.78	14.765	14.78	1942	yfinance_1m
2026-07-31T11:30:00-04:00	14.7899	14.7899	14.765	14.78	1265	yfinance_1m
2026-07-31T11:31:00-04:00	14.775	14.79	14.735	14.735	2510	yfinance_1m
2026-07-31T11:32:00-04:00	14.735	14.75	14.72	14.72	853	yfinance_1m
2026-07-31T11:33:00-04:00	14.72	14.735	14.72	14.735	602	yfinance_1m
2026-07-31T11:34:00-04:00	14.72	14.75	14.72	14.75	2504	yfinance_1m
2026-07-31T11:35:00-04:00	14.76	14.78	14.76	14.78	1355	yfinance_1m
2026-07-31T11:36:00-04:00	14.78	14.82	14.78	14.785	1046	yfinance_1m
2026-07-31T11:37:00-04:00	14.78	14.78	14.775	14.775	1052	yfinance_1m
2026-07-31T11:38:00-04:00	14.8	14.81	14.795	14.795	1525	yfinance_1m
2026-07-31T11:40:00-04:00	14.79	14.79	14.79	14.79	916	yfinance_1m
2026-07-31T11:41:00-04:00	14.74	14.75	14.7159	14.73	2974	yfinance_1m
2026-07-31T11:42:00-04:00	14.735	14.735	14.71	14.73	1150	yfinance_1m
2026-07-31T11:43:00-04:00	14.73	14.73	14.73	14.73	441	yfinance_1m
2026-07-31T11:44:00-04:00	14.75	14.78	14.75	14.78	2171	yfinance_1m
2026-07-31T11:45:00-04:00	14.755	14.78	14.755	14.78	1377	yfinance_1m
2026-07-31T11:47:00-04:00	14.73	14.755	14.72	14.74	1945	yfinance_1m
2026-07-31T11:48:00-04:00	14.72	14.74	14.72	14.74	1402	yfinance_1m
2026-07-31T11:49:00-04:00	14.74	14.7463	14.74	14.7463	1601	yfinance_1m
2026-07-31T11:50:00-04:00	14.735	14.77	14.735	14.77	1047	yfinance_1m
2026-07-31T11:51:00-04:00	14.755	14.755	14.755	14.755	757	yfinance_1m
2026-07-31T11:52:00-04:00	14.79	14.8	14.79	14.79	1184	yfinance_1m
2026-07-31T11:53:00-04:00	14.79	14.79	14.75	14.7518	1339	yfinance_1m
2026-07-31T11:54:00-04:00	14.79	14.83	14.79	14.8	772	yfinance_1m
2026-07-31T11:55:00-04:00	14.83	14.84	14.8127	14.84	1748	yfinance_1m
2026-07-31T11:56:00-04:00	14.8457	14.85	14.8457	14.85	763	yfinance_1m
2026-07-31T11:57:00-04:00	14.825	14.875	14.825	14.875	3700	yfinance_1m
2026-07-31T11:58:00-04:00	14.875	14.875	14.875	14.875	1490	yfinance_1m
2026-07-31T11:59:00-04:00	14.875	14.97	14.875	14.97	19530	yfinance_1m
2026-07-31T12:00:00-04:00	14.98	15.04	14.94	15.02	7996	yfinance_1m
2026-07-31T12:01:00-04:00	15.05	15.1	15.04	15.1	20396	yfinance_1m
2026-07-31T12:02:00-04:00	15.04	15.095	14.98	14.985	6409	yfinance_1m
2026-07-31T12:03:00-04:00	15.0	15.02	14.99	15.01	5052	yfinance_1m
2026-07-31T12:04:00-04:00	15.015	15.045	15.01	15.04	2092	yfinance_1m
2026-07-31T12:05:00-04:00	15.0	15.04	14.99	14.99	3462	yfinance_1m
2026-07-31T12:06:00-04:00	14.98	14.98	14.9	14.9	1647	yfinance_1m
2026-07-31T12:07:00-04:00	14.9	14.9	14.83	14.875	1521	yfinance_1m
2026-07-31T12:08:00-04:00	14.83	14.83	14.83	14.83	1109	yfinance_1m
2026-07-31T12:09:00-04:00	14.87	14.87	14.87	14.87	900	yfinance_1m
2026-07-31T12:10:00-04:00	14.87	14.95	14.83	14.95	4534	yfinance_1m
2026-07-31T12:11:00-04:00	14.92	14.92	14.92	14.92	585	yfinance_1m
2026-07-31T12:12:00-04:00	14.949939	14.949939	14.949939	14.949939	1276	yfinance_1m
2026-07-31T12:13:00-04:00	14.91	14.935	14.89	14.89	1261	yfinance_1m
2026-07-31T12:14:00-04:00	14.91	14.91	14.88	14.905	916	yfinance_1m
2026-07-31T12:15:00-04:00	14.905	14.905	14.895	14.895	1177	yfinance_1m
2026-07-31T12:16:00-04:00	14.86	14.88	14.86	14.87	2087	yfinance_1m
2026-07-31T12:17:00-04:00	14.89	14.89	14.89	14.89	316	yfinance_1m
2026-07-31T12:18:00-04:00	14.89	14.9	14.89	14.89	2539	yfinance_1m
2026-07-31T12:19:00-04:00	14.89	14.89	14.89	14.89	287	yfinance_1m
2026-07-31T12:20:00-04:00	14.885	14.885	14.885	14.885	1177	yfinance_1m
2026-07-31T12:21:00-04:00	14.9	14.9	14.9	14.9	231	yfinance_1m
2026-07-31T12:22:00-04:00	14.9	14.91	14.89	14.89	3609	yfinance_1m
2026-07-31T12:23:00-04:00	14.895	14.895	14.895	14.895	210	yfinance_1m
2026-07-31T12:24:00-04:00	14.91	14.92	14.89	14.915	1855	yfinance_1m
2026-07-31T12:25:00-04:00	14.93	14.93	14.87	14.87	1896	yfinance_1m
2026-07-31T12:26:00-04:00	14.86	14.86	14.85	14.85	536	yfinance_1m
2026-07-31T12:27:00-04:00	14.85	14.89	14.85	14.88	4165	yfinance_1m
2026-07-31T12:28:00-04:00	14.87	14.87	14.87	14.87	1346	yfinance_1m
2026-07-31T12:30:00-04:00	14.89	14.94	14.89	14.935	5519	yfinance_1m
2026-07-31T12:31:00-04:00	14.935	14.935	14.935	14.935	1091	yfinance_1m
2026-07-31T12:32:00-04:00	14.95	14.95	14.91	14.94	1939	yfinance_1m
2026-07-31T12:33:00-04:00	14.935	14.935	14.935	14.935	469	yfinance_1m
2026-07-31T12:34:00-04:00	14.91	14.925	14.9	14.9	1054	yfinance_1m
2026-07-31T12:35:00-04:00	14.9	14.9	14.89	14.89	1026	yfinance_1m
2026-07-31T12:36:00-04:00	14.88	14.88	14.88	14.88	213	yfinance_1m
2026-07-31T12:37:00-04:00	14.9	14.9	14.9	14.9	1379	yfinance_1m
2026-07-31T12:38:00-04:00	14.87	14.88	14.87	14.88	861	yfinance_1m
2026-07-31T12:39:00-04:00	14.88	14.92	14.88	14.88	2482	yfinance_1m
2026-07-31T12:41:00-04:00	14.895	14.92	14.895	14.9	4996	yfinance_1m
2026-07-31T12:42:00-04:00	14.9	14.9	14.9	14.9	691	yfinance_1m
2026-07-31T12:43:00-04:00	14.93	14.93	14.88	14.9	1047	yfinance_1m
2026-07-31T12:44:00-04:00	14.9	14.92	14.88	14.91	1824	yfinance_1m
2026-07-31T12:45:00-04:00	14.93	15.06	14.915	15.06	4789	yfinance_1m
2026-07-31T12:46:00-04:00	15.04	15.05	15.04	15.05	307	yfinance_1m
2026-07-31T12:47:00-04:00	15.05	15.05	15.05	15.05	436	yfinance_1m
2026-07-31T12:48:00-04:00	15.055	15.08	15.055	15.08	393	yfinance_1m
2026-07-31T12:49:00-04:00	15.06	15.06	15.03	15.045	3050	yfinance_1m
2026-07-31T12:50:00-04:00	15.035	15.07	15.035	15.05	1448	yfinance_1m
2026-07-31T12:51:00-04:00	15.07	15.09	15.055	15.06	4712	yfinance_1m
2026-07-31T12:52:00-04:00	15.09	15.1	15.075	15.1	1696	yfinance_1m
2026-07-31T12:53:00-04:00	15.105	15.105	15.105	15.105	242	yfinance_1m
2026-07-31T12:54:00-04:00	15.1	15.1	15.07	15.07	2776	yfinance_1m
2026-07-31T12:55:00-04:00	15.1	15.1	15.09	15.1	1236	yfinance_1m
2026-07-31T12:56:00-04:00	15.11	15.12	15.105	15.105	589	yfinance_1m
2026-07-31T12:57:00-04:00	15.11	15.11	15.105	15.105	737	yfinance_1m
2026-07-31T12:58:00-04:00	15.09	15.105	15.09	15.1	2070	yfinance_1m
2026-07-31T12:59:00-04:00	15.09	15.09	15.06	15.07	3360	yfinance_1m
2026-07-31T13:00:00-04:00	15.06	15.08	15.05	15.08	3433	yfinance_1m
2026-07-31T13:01:00-04:00	15.07	15.09	15.07	15.09	905	yfinance_1m
2026-07-31T13:02:00-04:00	15.07	15.07	15.07	15.07	238	yfinance_1m
2026-07-31T13:03:00-04:00	15.07	15.07	15.07	15.07	568	yfinance_1m
2026-07-31T13:04:00-04:00	15.08	15.08	15.05	15.065	790	yfinance_1m
2026-07-31T13:05:00-04:00	15.05	15.13	15.05	15.1	3900	yfinance_1m
2026-07-31T13:06:00-04:00	15.1	15.14	15.1	15.11	1119	yfinance_1m
2026-07-31T13:07:00-04:00	15.14	15.15	15.14	15.15	1090	yfinance_1m
2026-07-31T13:08:00-04:00	15.11	15.11	15.11	15.11	380	yfinance_1m
2026-07-31T13:09:00-04:00	15.12	15.13	15.01	15.01	4865	yfinance_1m
2026-07-31T13:10:00-04:00	15.025	15.025	14.98	15.01	1024	yfinance_1m
2026-07-31T13:11:00-04:00	15.01	15.01	15.0	15.0	2302	yfinance_1m
2026-07-31T13:14:00-04:00	15.0	15.03	14.98	15.005	1446	yfinance_1m
2026-07-31T13:15:00-04:00	15.005	15.045	14.98	15.045	2855	yfinance_1m
2026-07-31T13:16:00-04:00	15.07	15.07	15.04	15.04	512	yfinance_1m
2026-07-31T13:17:00-04:00	15.07	15.07	15.02	15.03	2690	yfinance_1m
2026-07-31T13:18:00-04:00	15.02	15.03	15.01	15.02	2058	yfinance_1m
2026-07-31T13:19:00-04:00	15.02	15.02	15.02	15.02	2083	yfinance_1m
2026-07-31T13:20:00-04:00	15.03	15.03	15.03	15.03	1204	yfinance_1m
2026-07-31T13:21:00-04:00	15.03	15.03	15.03	15.03	2145	yfinance_1m
2026-07-31T13:22:00-04:00	15.01	15.01	14.955	14.965	4497	yfinance_1m
2026-07-31T13:23:00-04:00	14.965	15.0	14.965	14.99	3123	yfinance_1m
2026-07-31T13:24:00-04:00	15.01	15.01	15.01	15.01	1449	yfinance_1m
2026-07-31T13:26:00-04:00	15.04	15.05	15.025	15.05	1899	yfinance_1m
2026-07-31T13:27:00-04:00	15.05	15.08	15.01	15.08	6276	yfinance_1m
2026-07-31T13:28:00-04:00	15.08	15.08	15.05	15.055	1392	yfinance_1m
2026-07-31T13:29:00-04:00	15.055	15.055	15.055	15.055	365	yfinance_1m
2026-07-31T13:30:00-04:00	15.055	15.055	15.03	15.03	1126	yfinance_1m
2026-07-31T13:31:00-04:00	15.07	15.07	15.02	15.02	3518	yfinance_1m
2026-07-31T13:32:00-04:00	15.02	15.06	15.02	15.04	909	yfinance_1m
2026-07-31T13:33:00-04:00	15.06	15.07	15.06	15.07	2258	yfinance_1m
2026-07-31T13:34:00-04:00	15.08	15.08	15.06	15.06	985	yfinance_1m
2026-07-31T13:35:00-04:00	15.08	15.08	15.08	15.08	553	yfinance_1m
2026-07-31T13:36:00-04:00	15.065	15.08	15.065	15.08	840	yfinance_1m
2026-07-31T13:37:00-04:00	15.07	15.08	15.02	15.06	4181	yfinance_1m
2026-07-31T13:38:00-04:00	15.05	15.05	15.05	15.05	1183	yfinance_1m
2026-07-31T13:39:00-04:00	15.04	15.06	15.01	15.045	5324	yfinance_1m
2026-07-31T13:41:00-04:00	15.06	15.07	15.06	15.07	2414	yfinance_1m
2026-07-31T13:42:00-04:00	15.075	15.075	15.05	15.05	2347	yfinance_1m
2026-07-31T13:43:00-04:00	15.045	15.045	15.045	15.045	302	yfinance_1m
2026-07-31T13:44:00-04:00	15.055	15.055	15.055	15.055	528	yfinance_1m
2026-07-31T13:45:00-04:00	15.05	15.07	15.05	15.065	1732	yfinance_1m
2026-07-31T13:46:00-04:00	15.065	15.09	15.065	15.085	2966	yfinance_1m
2026-07-31T13:47:00-04:00	15.09	15.09	15.09	15.09	780	yfinance_1m
2026-07-31T13:48:00-04:00	15.09	15.09	15.05	15.055	3467	yfinance_1m
2026-07-31T13:49:00-04:00	15.0865	15.0865	15.04	15.04	958	yfinance_1m
2026-07-31T13:50:00-04:00	15.03	15.03	15.02	15.02	728	yfinance_1m
2026-07-31T13:51:00-04:00	15.04	15.06	15.04	15.06	2142	yfinance_1m
2026-07-31T13:52:00-04:00	15.07	15.07	15.05	15.05	263	yfinance_1m
2026-07-31T13:53:00-04:00	15.05	15.05	15.05	15.05	343	yfinance_1m
2026-07-31T13:54:00-04:00	15.07	15.085	15.07	15.08	1726	yfinance_1m
2026-07-31T13:55:00-04:00	15.08	15.08	15.08	15.08	334	yfinance_1m
2026-07-31T13:56:00-04:00	15.08	15.0996	15.08	15.08	544	yfinance_1m
2026-07-31T13:57:00-04:00	15.1	15.1	15.05	15.05	2289	yfinance_1m
2026-07-31T13:58:00-04:00	15.065	15.065	15.04	15.04	2064	yfinance_1m
2026-07-31T13:59:00-04:00	15.06	15.06	15.03	15.03	1262	yfinance_1m
2026-07-31T14:00:00-04:00	15.03	15.03	15.02	15.02	1071	yfinance_1m
2026-07-31T14:01:00-04:00	15.035	15.035	15.02	15.02	902	yfinance_1m
2026-07-31T14:02:00-04:00	15.03	15.03	15.01	15.01	1326	yfinance_1m
2026-07-31T14:03:00-04:00	15.02	15.02	15.0	15.015	1383	yfinance_1m
2026-07-31T14:04:00-04:00	15.0	15.005	14.99	14.99	795	yfinance_1m
2026-07-31T14:05:00-04:00	14.99	14.99	14.98	14.99	799	yfinance_1m
2026-07-31T14:06:00-04:00	14.99	15.01	14.98	15.005	3251	yfinance_1m
2026-07-31T14:07:00-04:00	15.005	15.02	15.005	15.01	817	yfinance_1m
2026-07-31T14:08:00-04:00	15.01	15.01	15.01	15.01	489	yfinance_1m
2026-07-31T14:09:00-04:00	15.01	15.01	15.0	15.01	2515	yfinance_1m
2026-07-31T14:10:00-04:00	14.99	15.0	14.98	14.98	1763	yfinance_1m
2026-07-31T14:11:00-04:00	14.98	14.99	14.97	14.975	3699	yfinance_1m
2026-07-31T14:12:00-04:00	14.98	14.985	14.98	14.985	959	yfinance_1m
2026-07-31T14:13:00-04:00	14.97	14.97	14.97	14.97	946	yfinance_1m
2026-07-31T14:14:00-04:00	14.965	14.965	14.96	14.96	348	yfinance_1m
2026-07-31T14:15:00-04:00	14.96	14.97	14.95	14.96	1148	yfinance_1m
2026-07-31T14:16:00-04:00	14.97	14.97	14.965	14.965	803	yfinance_1m
2026-07-31T14:17:00-04:00	14.965	14.98	14.965	14.98	1365	yfinance_1m
2026-07-31T14:18:00-04:00	14.99	15.0	14.985	15.0	1459	yfinance_1m
2026-07-31T14:19:00-04:00	14.995	15.015	14.99	14.99	3820	yfinance_1m
2026-07-31T14:20:00-04:00	14.99	14.99	14.99	14.99	419	yfinance_1m
2026-07-31T14:21:00-04:00	14.99	14.99	14.99	14.99	309	yfinance_1m
2026-07-31T14:22:00-04:00	14.98	14.99	14.98	14.98	1665	yfinance_1m
2026-07-31T14:23:00-04:00	14.98	14.98	14.97	14.97	1126	yfinance_1m
2026-07-31T14:24:00-04:00	14.97	14.99	14.97	14.99	673	yfinance_1m
2026-07-31T14:25:00-04:00	14.975	14.975	14.97	14.97	1554	yfinance_1m
2026-07-31T14:26:00-04:00	14.98	15.0	14.98	15.0	2890	yfinance_1m
2026-07-31T14:27:00-04:00	15.0	15.0	15.0	15.0	341	yfinance_1m
2026-07-31T14:28:00-04:00	15.01	15.01	15.0	15.0	2752	yfinance_1m
2026-07-31T14:29:00-04:00	15.02	15.02	15.02	15.02	2759	yfinance_1m
2026-07-31T14:31:00-04:00	15.02	15.02	15.02	15.02	129	yfinance_1m
2026-07-31T14:32:00-04:00	15.02	15.02	15.02	15.02	589	yfinance_1m
2026-07-31T14:33:00-04:00	15.01	15.01	15.01	15.01	1717	yfinance_1m
2026-07-31T14:34:00-04:00	15.01	15.01	15.01	15.01	179	yfinance_1m
2026-07-31T14:35:00-04:00	15.005	15.01	14.99	14.99	2540	yfinance_1m
2026-07-31T14:36:00-04:00	15.0	15.01	15.0	15.0	1740	yfinance_1m
2026-07-31T14:37:00-04:00	15.0	15.0	15.0	15.0	519	yfinance_1m
2026-07-31T14:38:00-04:00	15.0	15.02	15.0	15.01	2587	yfinance_1m
2026-07-31T14:39:00-04:00	15.01	15.01	15.01	15.01	337	yfinance_1m
2026-07-31T14:40:00-04:00	15.0	15.0	14.98	14.98	4452	yfinance_1m
2026-07-31T14:41:00-04:00	14.99	15.0	14.99	15.0	1831	yfinance_1m
2026-07-31T14:42:00-04:00	14.99	14.99	14.99	14.99	807	yfinance_1m
2026-07-31T14:44:00-04:00	14.98	14.98	14.975	14.975	1504	yfinance_1m
2026-07-31T14:45:00-04:00	14.98	15.0	14.98	15.0	2771	yfinance_1m
2026-07-31T14:46:00-04:00	14.99	14.99	14.98	14.98	2191	yfinance_1m
2026-07-31T14:47:00-04:00	14.98	14.98	14.97	14.97	1077	yfinance_1m
2026-07-31T14:48:00-04:00	14.95	14.97	14.95	14.97	1210	yfinance_1m
2026-07-31T14:49:00-04:00	14.98	14.98	14.98	14.98	1024	yfinance_1m
2026-07-31T14:50:00-04:00	14.99	15.0	14.99	15.0	1622	yfinance_1m
2026-07-31T14:51:00-04:00	15.01	15.06	15.005	15.06	14924	yfinance_1m
2026-07-31T14:52:00-04:00	15.07	15.21	15.06	15.135	42836	yfinance_1m
2026-07-31T14:53:00-04:00	15.135	15.2	14.97	14.99	58617	yfinance_1m
2026-07-31T14:54:00-04:00	14.97	14.99	14.9	14.95	8467	yfinance_1m
2026-07-31T14:55:00-04:00	14.955	14.955	14.845	14.85	6086	yfinance_1m
2026-07-31T14:56:00-04:00	14.86	14.93	14.86	14.9	3774	yfinance_1m
2026-07-31T14:57:00-04:00	14.9	14.9	14.86	14.88	2454	yfinance_1m
2026-07-31T14:58:00-04:00	14.82	14.91	14.82	14.9062	2259	yfinance_1m
2026-07-31T14:59:00-04:00	14.9	14.91	14.88	14.9	3913	yfinance_1m
2026-07-31T15:00:00-04:00	14.9	14.94	14.9	14.925	4725	yfinance_1m
2026-07-31T15:01:00-04:00	14.94	14.94	14.91	14.91	3820	yfinance_1m
2026-07-31T15:02:00-04:00	14.9	14.905	14.88	14.89	4588	yfinance_1m
2026-07-31T15:03:00-04:00	14.89	14.9	14.88	14.88	1911	yfinance_1m
2026-07-31T15:04:00-04:00	14.88	14.9	14.875	14.88	2009	yfinance_1m
2026-07-31T15:05:00-04:00	14.88	14.92	14.87	14.91	6914	yfinance_1m
2026-07-31T15:06:00-04:00	14.91	14.91	14.86	14.87	3491	yfinance_1m
2026-07-31T15:07:00-04:00	14.86	14.86	14.82	14.82	3521	yfinance_1m
2026-07-31T15:08:00-04:00	14.845	14.86	14.82	14.82	2400	yfinance_1m
2026-07-31T15:09:00-04:00	14.85	14.86	14.84	14.85	1586	yfinance_1m
2026-07-31T15:10:00-04:00	14.86	14.865	14.79	14.82	29634	yfinance_1m
2026-07-31T15:11:00-04:00	14.82	14.84	14.81	14.84	984	yfinance_1m
2026-07-31T15:12:00-04:00	14.825	14.88	14.81	14.87	5903	yfinance_1m
2026-07-31T15:13:00-04:00	14.89	14.89	14.84	14.87	3655	yfinance_1m
2026-07-31T15:15:00-04:00	14.86	14.8752	14.86	14.86	2786	yfinance_1m
2026-07-31T15:16:00-04:00	14.88	14.88	14.8036	14.8036	5316	yfinance_1m
2026-07-31T15:17:00-04:00	14.785	14.81	14.785	14.81	2246	yfinance_1m
2026-07-31T15:18:00-04:00	14.81	14.825	14.81	14.825	5286	yfinance_1m
2026-07-31T15:19:00-04:00	14.825	14.825	14.825	14.825	379	yfinance_1m
2026-07-31T15:20:00-04:00	14.8479	14.88	14.825	14.88	10939	yfinance_1m
2026-07-31T15:21:00-04:00	14.91	14.91	14.91	14.91	1366	yfinance_1m
2026-07-31T15:22:00-04:00	14.905	14.91	14.89	14.905	1537	yfinance_1m
2026-07-31T15:23:00-04:00	14.905	14.91	14.87	14.87	1790	yfinance_1m
2026-07-31T15:24:00-04:00	14.885	14.89	14.87	14.88	2350	yfinance_1m
2026-07-31T15:25:00-04:00	14.9	14.9	14.88	14.88	4964	yfinance_1m
2026-07-31T15:26:00-04:00	14.88	14.88	14.82	14.835	4374	yfinance_1m
2026-07-31T15:27:00-04:00	14.835	14.86	14.82	14.835	6552	yfinance_1m
2026-07-31T15:28:00-04:00	14.86	14.86	14.86	14.86	2171	yfinance_1m
2026-07-31T15:29:00-04:00	14.845	14.845	14.83	14.83	3008	yfinance_1m
2026-07-31T15:30:00-04:00	14.83	14.83	14.8	14.8	5158	yfinance_1m
2026-07-31T15:31:00-04:00	14.78	14.78	14.715	14.715	3475	yfinance_1m
2026-07-31T15:32:00-04:00	14.73	14.74	14.715	14.735	6730	yfinance_1m
2026-07-31T15:33:00-04:00	14.735	14.75	14.72	14.72	1585	yfinance_1m
2026-07-31T15:34:00-04:00	14.735	14.735	14.68	14.72	10639	yfinance_1m
2026-07-31T15:35:00-04:00	14.72	14.75	14.72	14.745	2562	yfinance_1m
2026-07-31T15:36:00-04:00	14.76	14.76	14.74	14.74	3964	yfinance_1m
2026-07-31T15:37:00-04:00	14.75	14.77	14.74	14.77	4237	yfinance_1m
2026-07-31T15:38:00-04:00	14.77	14.77	14.755	14.77	1982	yfinance_1m
2026-07-31T15:39:00-04:00	14.755	14.77	14.755	14.755	1675	yfinance_1m
2026-07-31T15:40:00-04:00	14.77	14.78	14.77	14.77	6271	yfinance_1m
2026-07-31T15:41:00-04:00	14.77	14.78	14.75	14.7799	4037	yfinance_1m
2026-07-31T15:42:00-04:00	14.75	14.75	14.7	14.7	4227	yfinance_1m
2026-07-31T15:43:00-04:00	14.72	14.77	14.72	14.77	4391	yfinance_1m
2026-07-31T15:44:00-04:00	14.77	14.77	14.755	14.755	3135	yfinance_1m
2026-07-31T15:45:00-04:00	14.75	14.78	14.75	14.765	5008	yfinance_1m
2026-07-31T15:46:00-04:00	14.765	14.765	14.765	14.765	1899	yfinance_1m
2026-07-31T15:47:00-04:00	14.765	14.77	14.75	14.75	4288	yfinance_1m
2026-07-31T15:48:00-04:00	14.745	14.75	14.72	14.725	8137	yfinance_1m
2026-07-31T15:49:00-04:00	14.725	14.77	14.725	14.77	4305	yfinance_1m
2026-07-31T15:50:00-04:00	14.8	14.855	14.8	14.805	7392	yfinance_1m
2026-07-31T15:51:00-04:00	14.8	14.82	14.8	14.82	1502	yfinance_1m
2026-07-31T15:52:00-04:00	14.82	14.86	14.82	14.84	6022	yfinance_1m
2026-07-31T15:53:00-04:00	14.855	14.86	14.84	14.86	5802	yfinance_1m
2026-07-31T15:54:00-04:00	14.86	14.9	14.84	14.84	14365	yfinance_1m
2026-07-31T15:55:00-04:00	14.83	14.83	14.83	14.83	3124	yfinance_1m
2026-07-31T15:56:00-04:00	14.83	14.83	14.792	14.792	9453	yfinance_1m
2026-07-31T15:57:00-04:00	14.8	14.81	14.72	14.735	12681	yfinance_1m
2026-07-31T15:58:00-04:00	14.72	14.77	14.7	14.77	24761	yfinance_1m
2026-07-31T15:59:00-04:00	14.755	14.76	14.72	14.75	35979	yfinance_1m
2026-08-03T09:30:00-04:00	14.66	14.69	14.41	14.57	23108	yfinance_1m
2026-08-03T09:31:00-04:00	14.57	14.6	14.54	14.57	1119	yfinance_1m
2026-08-03T09:32:00-04:00	14.428	14.65	14.428	14.57	2985	yfinance_1m
2026-08-03T09:33:00-04:00	14.47	14.73	14.47	14.6	2424	yfinance_1m
2026-08-03T09:34:00-04:00	14.76	14.77	14.7328	14.7328	1192	yfinance_1m
2026-08-03T09:35:00-04:00	14.75	14.77	14.75	14.75	917	yfinance_1m
2026-08-03T09:36:00-04:00	14.86	15.0	14.86	15.0	4572	yfinance_1m
2026-08-03T09:37:00-04:00	14.9	15.0	14.9	14.96	3250	yfinance_1m
2026-08-03T09:38:00-04:00	14.96	14.96	14.8	14.8	1372	yfinance_1m
2026-08-03T09:39:00-04:00	14.8	14.8	14.75	14.75	576	yfinance_1m
2026-08-03T09:40:00-04:00	14.75	14.75	14.57	14.675	1919	yfinance_1m
2026-08-03T09:41:00-04:00	14.62	14.78	14.62	14.78	2591	yfinance_1m
2026-08-03T09:42:00-04:00	14.69	14.7	14.67	14.7	642	yfinance_1m
2026-08-03T09:43:00-04:00	14.62	14.62	14.58	14.58	1003	yfinance_1m
2026-08-03T09:44:00-04:00	14.62	14.63	14.54	14.63	1602	yfinance_1m
2026-08-03T09:45:00-04:00	14.58	14.645	14.58	14.645	1218	yfinance_1m
2026-08-03T09:46:00-04:00	14.6	14.63	14.55	14.55	1220	yfinance_1m
2026-08-03T09:47:00-04:00	14.55	14.55	14.55	14.55	748	yfinance_1m
2026-08-03T09:48:00-04:00	14.5	14.5	14.44	14.485	2077	yfinance_1m
2026-08-03T09:49:00-04:00	14.465	14.55	14.4159	14.55	3526	yfinance_1m
2026-08-03T09:50:00-04:00	14.56	14.61	14.56	14.61	1660	yfinance_1m
2026-08-03T09:51:00-04:00	14.62	14.7	14.62	14.7	929	yfinance_1m
2026-08-03T09:52:00-04:00	14.71	14.76	14.71	14.75	1880	yfinance_1m
2026-08-03T09:53:00-04:00	14.765	14.765	14.76	14.76	1946	yfinance_1m
2026-08-03T09:54:00-04:00	14.79	14.8	14.7664	14.7664	2139	yfinance_1m
2026-08-03T09:55:00-04:00	14.81	14.89	14.81	14.89	2205	yfinance_1m
2026-08-03T09:56:00-04:00	14.895	14.92	14.8577	14.92	4051	yfinance_1m
2026-08-03T09:57:00-04:00	14.9	14.91	14.8862	14.9	4796	yfinance_1m
2026-08-03T09:58:00-04:00	14.87	14.9199	14.845	14.9199	6201	yfinance_1m
2026-08-03T09:59:00-04:00	14.88	14.89	14.88	14.89	1000	yfinance_1m
2026-08-03T10:00:00-04:00	14.9	14.91	14.85	14.88	2866	yfinance_1m
2026-08-03T10:01:00-04:00	14.88	14.88	14.82	14.84	1268	yfinance_1m
2026-08-03T10:02:00-04:00	14.86	14.86	14.86	14.86	351	yfinance_1m
2026-08-03T10:03:00-04:00	14.855	14.855	14.8	14.8	1252	yfinance_1m
2026-08-03T10:04:00-04:00	14.8	14.8	14.79	14.8	1109	yfinance_1m
2026-08-03T10:05:00-04:00	14.8	14.8599	14.79	14.8599	2897	yfinance_1m
2026-08-03T10:06:00-04:00	14.85	14.87	14.81	14.87	1521	yfinance_1m
2026-08-03T10:07:00-04:00	14.8732	14.89	14.83	14.83	1742	yfinance_1m
2026-08-03T10:08:00-04:00	14.83	14.84	14.76	14.785	2232	yfinance_1m
2026-08-03T10:09:00-04:00	14.825	14.84	14.81	14.84	2221	yfinance_1m
2026-08-03T10:10:00-04:00	14.87	14.87	14.87	14.87	213	yfinance_1m
2026-08-03T10:11:00-04:00	14.845	14.93	14.845	14.9	5045	yfinance_1m
2026-08-03T10:13:00-04:00	14.93	14.94	14.93	14.935	934	yfinance_1m
2026-08-03T10:14:00-04:00	14.935	14.935	14.91	14.91	1370	yfinance_1m
2026-08-03T10:15:00-04:00	14.895	14.9	14.84	14.875	3765	yfinance_1m
2026-08-03T10:16:00-04:00	14.875	14.98	14.875	14.94	5140	yfinance_1m
2026-08-03T10:17:00-04:00	14.965	15.0	14.96	15.0	1574	yfinance_1m
2026-08-03T10:18:00-04:00	14.97	15.01	14.96	14.995	3512	yfinance_1m
2026-08-03T10:19:00-04:00	14.98	14.99	14.95	14.95	2138	yfinance_1m
2026-08-03T10:20:00-04:00	14.94	14.945	14.9259	14.945	880	yfinance_1m
2026-08-03T10:21:00-04:00	14.91	14.94	14.91	14.915	1384	yfinance_1m
2026-08-03T10:22:00-04:00	14.925	14.925	14.92	14.92	1079	yfinance_1m
2026-08-03T10:23:00-04:00	14.92	15.04	14.92	15.0	10544	yfinance_1m
2026-08-03T10:24:00-04:00	14.99	15.02	14.99	15.02	1760	yfinance_1m
2026-08-03T10:25:00-04:00	15.015	15.06	15.015	15.05	6453	yfinance_1m
2026-08-03T10:26:00-04:00	15.05	15.05	15.02	15.03	1179	yfinance_1m
2026-08-03T10:27:00-04:00	15.0307	15.05	15.027	15.027	1442	yfinance_1m
2026-08-03T10:28:00-04:00	15.03	15.04	15.0	15.0	1968	yfinance_1m
2026-08-03T10:29:00-04:00	15.035	15.07	15.035	15.035	3640	yfinance_1m
2026-08-03T10:30:00-04:00	15.01	15.05	15.0	15.0	2091	yfinance_1m
2026-08-03T10:31:00-04:00	15.03	15.05	15.01	15.03	5055	yfinance_1m
2026-08-03T10:32:00-04:00	15.045	15.045	15.045	15.045	125	yfinance_1m
2026-08-03T10:33:00-04:00	15.03	15.03	14.97	14.98	4500	yfinance_1m
2026-08-03T10:34:00-04:00	14.98	15.0	14.98	14.98	3503	yfinance_1m
2026-08-03T10:35:00-04:00	14.98	15.0	14.98	15.0	1824	yfinance_1m
2026-08-03T10:36:00-04:00	14.96	15.0	14.95	15.0	3364	yfinance_1m
2026-08-03T10:37:00-04:00	15.015	15.02	15.015	15.02	497	yfinance_1m
2026-08-03T10:38:00-04:00	15.02	15.02	14.915	14.915	3498	yfinance_1m
2026-08-03T10:39:00-04:00	14.95	14.95	14.92	14.95	1746	yfinance_1m
2026-08-03T10:40:00-04:00	14.95	14.95	14.95	14.95	1008	yfinance_1m
2026-08-03T10:41:00-04:00	14.955	14.99	14.955	14.97	1716	yfinance_1m
2026-08-03T10:42:00-04:00	15.0	15.0	14.96	14.975	2480	yfinance_1m
2026-08-03T10:43:00-04:00	14.975	14.98	14.965	14.98	1055	yfinance_1m
2026-08-03T10:44:00-04:00	14.99	15.0	14.955	14.98	4862	yfinance_1m
2026-08-03T10:45:00-04:00	14.96	14.972	14.91	14.916	4052	yfinance_1m
2026-08-03T10:46:00-04:00	14.92	14.95	14.92	14.95	1854	yfinance_1m
2026-08-03T10:47:00-04:00	14.955	15.0	14.955	14.985	4538	yfinance_1m
2026-08-03T10:48:00-04:00	14.99	15.02	14.985	15.005	3484	yfinance_1m
2026-08-03T10:49:00-04:00	15.02	15.02	14.99	14.99	1460	yfinance_1m
2026-08-03T10:50:00-04:00	14.99	15.005	14.98	14.98	1279	yfinance_1m
2026-08-03T10:51:00-04:00	14.96	14.96	14.95	14.95	1611	yfinance_1m
2026-08-03T10:52:00-04:00	14.93	14.93	14.9	14.9	1727	yfinance_1m
2026-08-03T10:53:00-04:00	14.9	14.98	14.9	14.955	10657	yfinance_1m
2026-08-03T10:54:00-04:00	14.99	15.03	14.99	15.01	5071	yfinance_1m
2026-08-03T10:55:00-04:00	15.005	15.005	15.0	15.0	402	yfinance_1m
2026-08-03T10:56:00-04:00	15.005	15.005	14.97	14.97	3171	yfinance_1m
2026-08-03T10:57:00-04:00	14.95	14.98	14.95	14.98	742	yfinance_1m
2026-08-03T10:58:00-04:00	14.97	14.9899	14.94	14.94	1268	yfinance_1m
2026-08-03T10:59:00-04:00	14.94	14.95	14.915	14.92	1866	yfinance_1m
2026-08-03T11:00:00-04:00	14.92	15.0051	14.915	14.99	4080	yfinance_1m
2026-08-03T11:01:00-04:00	14.99	15.01	14.99	14.99	1348	yfinance_1m
2026-08-03T11:02:00-04:00	14.97	14.97	14.97	14.97	1547	yfinance_1m
2026-08-03T11:03:00-04:00	14.96	14.96	14.95	14.95	809	yfinance_1m
2026-08-03T11:04:00-04:00	14.95	14.97	14.94	14.95	1944	yfinance_1m
2026-08-03T11:05:00-04:00	14.97	14.97	14.95	14.95	3180	yfinance_1m
2026-08-03T11:06:00-04:00	14.95	14.97	14.93	14.97	1013	yfinance_1m
2026-08-03T11:07:00-04:00	14.945	14.98	14.945	14.98	4575	yfinance_1m
2026-08-03T11:08:00-04:00	14.96	14.96	14.945	14.945	3691	yfinance_1m
2026-08-03T11:09:00-04:00	14.94	14.94	14.94	14.94	2330	yfinance_1m
2026-08-03T11:10:00-04:00	14.93	14.96	14.93	14.95	2638	yfinance_1m
2026-08-03T11:11:00-04:00	14.95	14.965	14.95	14.965	2574	yfinance_1m
2026-08-03T11:12:00-04:00	14.95	14.96	14.95	14.96	3732	yfinance_1m
2026-08-03T11:13:00-04:00	14.96	14.96	14.96	14.96	613	yfinance_1m
2026-08-03T11:14:00-04:00	14.97	15.0	14.97	15.0	5445	yfinance_1m
2026-08-03T11:15:00-04:00	14.985	14.985	14.985	14.985	1933	yfinance_1m
2026-08-03T11:16:00-04:00	14.985	15.01	14.985	15.01	4022	yfinance_1m
2026-08-03T11:17:00-04:00	15.015	15.015	15.015	15.015	971	yfinance_1m
2026-08-03T11:19:00-04:00	15.02	15.02	15.02	15.02	1992	yfinance_1m
2026-08-03T11:20:00-04:00	15.0	15.06	15.0	15.06	5025	yfinance_1m
2026-08-03T11:21:00-04:00	15.07	15.08	15.0501	15.08	6568	yfinance_1m
2026-08-03T11:22:00-04:00	15.07	15.09	15.05	15.06	2389	yfinance_1m
2026-08-03T11:23:00-04:00	15.04	15.04	15.01	15.01	2275	yfinance_1m
2026-08-03T11:24:00-04:00	14.995	14.995	14.98	14.98	560	yfinance_1m
2026-08-03T11:25:00-04:00	14.97	14.98	14.96	14.97	2342	yfinance_1m
2026-08-03T11:26:00-04:00	14.985	15.01	14.96	14.96	1162	yfinance_1m
2026-08-03T11:27:00-04:00	14.96	15.0	14.96	14.98	738	yfinance_1m
2026-08-03T11:28:00-04:00	14.98	14.98	14.93	14.93	2742	yfinance_1m
2026-08-03T11:29:00-04:00	14.94	14.96	14.94	14.945	2347	yfinance_1m
2026-08-03T11:30:00-04:00	14.945	14.98	14.945	14.98	2400	yfinance_1m
2026-08-03T11:31:00-04:00	14.985	14.99	14.985	14.99	1104	yfinance_1m
2026-08-03T11:32:00-04:00	14.98	14.98	14.98	14.98	811	yfinance_1m
2026-08-03T11:35:00-04:00	14.96	14.96	14.95	14.96	3077	yfinance_1m
2026-08-03T11:36:00-04:00	14.98	14.98	14.9537	14.965	2018	yfinance_1m
2026-08-03T11:37:00-04:00	14.9507	14.98	14.9507	14.97	2395	yfinance_1m
2026-08-03T11:38:00-04:00	14.97	14.99	14.95	14.95	1879	yfinance_1m
2026-08-03T11:39:00-04:00	14.97	14.97	14.96	14.96	1969	yfinance_1m
2026-08-03T11:40:00-04:00	14.97	14.97	14.965	14.965	1099	yfinance_1m
2026-08-03T11:41:00-04:00	14.96	14.96	14.95	14.95	1925	yfinance_1m
2026-08-03T11:42:00-04:00	14.955	14.98	14.955	14.96	4804	yfinance_1m
2026-08-03T11:43:00-04:00	14.98	15.0	14.965	15.0	3982	yfinance_1m
2026-08-03T11:45:00-04:00	15.0	15.0	15.0	15.0	322	yfinance_1m
2026-08-03T11:46:00-04:00	15.0	15.01	14.995	15.0	2479	yfinance_1m
2026-08-03T11:47:00-04:00	15.005	15.01	15.005	15.01	680	yfinance_1m
2026-08-03T11:48:00-04:00	15.02	15.02	15.01	15.0101	2227	yfinance_1m
2026-08-03T11:49:00-04:00	15.02	15.02	15.02	15.02	401	yfinance_1m
2026-08-03T11:50:00-04:00	15.02	15.03	15.02	15.03	1517	yfinance_1m
2026-08-03T11:51:00-04:00	15.0298	15.06	15.0298	15.06	3811	yfinance_1m
2026-08-03T11:52:00-04:00	15.06	15.145	15.06	15.13	4760	yfinance_1m
2026-08-03T11:53:00-04:00	15.13	15.155	15.13	15.155	3802	yfinance_1m
2026-08-03T11:54:00-04:00	15.155	15.155	15.11	15.115	5047	yfinance_1m
2026-08-03T11:55:00-04:00	15.13	15.13	15.12	15.12	2005	yfinance_1m
2026-08-03T11:56:00-04:00	15.11	15.11	15.08	15.08	1217	yfinance_1m
2026-08-03T11:57:00-04:00	15.07	15.07	15.04	15.04	1315	yfinance_1m
2026-08-03T11:58:00-04:00	15.05	15.05	15.03	15.04	1304	yfinance_1m
2026-08-03T11:59:00-04:00	15.03	15.03	15.0	15.0	1825	yfinance_1m
2026-08-03T12:00:00-04:00	15.01	15.06	15.01	15.06	2706	yfinance_1m
2026-08-03T12:01:00-04:00	15.035	15.035	15.01	15.01	1642	yfinance_1m
2026-08-03T12:02:00-04:00	14.9901	14.9901	14.98	14.9815	4115	yfinance_1m
2026-08-03T12:03:00-04:00	14.99	14.99	14.97	14.97	2458	yfinance_1m
2026-08-03T12:04:00-04:00	14.98	14.99	14.98	14.98	1555	yfinance_1m
2026-08-03T12:05:00-04:00	14.98	14.98	14.97	14.97	1187	yfinance_1m
2026-08-03T12:06:00-04:00	14.97	14.98	14.97	14.98	1977	yfinance_1m
2026-08-03T12:07:00-04:00	14.96	14.96	14.95	14.95	4228	yfinance_1m
2026-08-03T12:08:00-04:00	14.96	14.96	14.96	14.96	900	yfinance_1m
2026-08-03T12:09:00-04:00	14.95	14.9586	14.95	14.95	4583	yfinance_1m
2026-08-03T12:10:00-04:00	14.9492	15.01	14.94	15.0	6470	yfinance_1m
2026-08-03T12:11:00-04:00	14.99	14.99	14.99	14.99	904	yfinance_1m
2026-08-03T12:12:00-04:00	14.95	14.97	14.95	14.955	1885	yfinance_1m
2026-08-03T12:13:00-04:00	14.95	14.95	14.95	14.95	596	yfinance_1m
2026-08-03T12:14:00-04:00	14.95	15.0	14.95	15.0	15701	yfinance_1m
2026-08-03T12:15:00-04:00	15.0	15.01	14.97	14.97	3944	yfinance_1m
2026-08-03T12:16:00-04:00	14.9901	14.9901	14.9901	14.9901	529	yfinance_1m
2026-08-03T12:17:00-04:00	14.99	15.005	14.99	15.0	1203	yfinance_1m
2026-08-03T12:18:00-04:00	15.0	15.01	15.0	15.01	1350	yfinance_1m
2026-08-03T12:19:00-04:00	15.0	15.01	15.0	15.0	2015	yfinance_1m
2026-08-03T12:20:00-04:00	15.0	15.01	15.0	15.0	901	yfinance_1m
2026-08-03T12:21:00-04:00	15.0	15.02	14.99	15.02	4564	yfinance_1m
2026-08-03T12:22:00-04:00	15.015	15.015	15.015	15.015	332	yfinance_1m
2026-08-03T12:23:00-04:00	15.03	15.03	15.03	15.03	334	yfinance_1m
2026-08-03T12:24:00-04:00	15.0	15.01	15.0	15.01	548	yfinance_1m
2026-08-03T12:25:00-04:00	15.0	15.02	15.0	15.0	1574	yfinance_1m
2026-08-03T12:26:00-04:00	15.0	15.0	15.0	15.0	329	yfinance_1m
2026-08-03T12:27:00-04:00	15.01	15.03	14.99	14.995	4127	yfinance_1m
2026-08-03T12:28:00-04:00	14.995	15.015	14.98	15.015	2832	yfinance_1m
2026-08-03T12:29:00-04:00	15.015	15.015	15.015	15.015	829	yfinance_1m
2026-08-03T12:30:00-04:00	15.015	15.075	15.0	15.05	5705	yfinance_1m
2026-08-03T12:31:00-04:00	15.075	15.075	15.05	15.05	3371	yfinance_1m
2026-08-03T12:32:00-04:00	15.04	15.04	15.01	15.01	1540	yfinance_1m
2026-08-03T12:33:00-04:00	15.0	15.0	14.95	14.95	1123	yfinance_1m
2026-08-03T12:34:00-04:00	14.95	14.95	14.87	14.87	22629	yfinance_1m
2026-08-03T12:35:00-04:00	14.875	14.875	14.85	14.85	604	yfinance_1m
2026-08-03T12:36:00-04:00	14.84	14.875	14.82	14.82	2135	yfinance_1m
2026-08-03T12:37:00-04:00	14.8	14.82	14.79	14.79	3268	yfinance_1m
2026-08-03T12:38:00-04:00	14.805	14.805	14.72	14.73	6991	yfinance_1m
2026-08-03T12:39:00-04:00	14.73	14.76	14.61	14.61	13140	yfinance_1m
2026-08-03T12:40:00-04:00	14.61	14.62	14.57	14.6	2812	yfinance_1m
2026-08-03T12:41:00-04:00	14.57	14.62	14.54	14.55	4905	yfinance_1m
2026-08-03T12:42:00-04:00	14.575	14.6	14.54	14.58	2833	yfinance_1m
2026-08-03T12:43:00-04:00	14.57	14.59	14.52	14.52	1647	yfinance_1m
2026-08-03T12:44:00-04:00	14.52	14.6	14.52	14.56	2435	yfinance_1m
2026-08-03T12:45:00-04:00	14.55	14.65	14.55	14.65	4645	yfinance_1m
2026-08-03T12:46:00-04:00	14.65	14.6892	14.65	14.65	1788	yfinance_1m
2026-08-03T12:47:00-04:00	14.65	14.6799	14.61	14.645	1593	yfinance_1m
2026-08-03T12:48:00-04:00	14.645	14.645	14.61	14.61	1047	yfinance_1m
2026-08-03T12:49:00-04:00	14.62	14.64	14.62	14.64	784	yfinance_1m
2026-08-03T12:50:00-04:00	14.61	14.615	14.59	14.6	5549	yfinance_1m
2026-08-03T12:51:00-04:00	14.61	14.61	14.59	14.595	1618	yfinance_1m
2026-08-03T12:52:00-04:00	14.58	14.695	14.57	14.695	8869	yfinance_1m
2026-08-03T12:53:00-04:00	14.695	14.705	14.68	14.69	1960	yfinance_1m
2026-08-03T12:54:00-04:00	14.69	14.69	14.65	14.685	1956	yfinance_1m
2026-08-03T12:55:00-04:00	14.68	14.685	14.66	14.66	780	yfinance_1m
2026-08-03T12:56:00-04:00	14.7	14.7	14.675	14.675	720	yfinance_1m
2026-08-03T12:57:00-04:00	14.675	14.675	14.675	14.675	1407	yfinance_1m
2026-08-03T12:58:00-04:00	14.66	14.7	14.66	14.69	3080	yfinance_1m
2026-08-03T12:59:00-04:00	14.65	14.675	14.65	14.67	2308	yfinance_1m
2026-08-03T13:00:00-04:00	14.67	14.7	14.67	14.7	8400	yfinance_1m
2026-08-03T13:01:00-04:00	14.695	14.695	14.695	14.695	283	yfinance_1m
2026-08-03T13:02:00-04:00	14.67	14.68	14.66	14.68	1543	yfinance_1m
2026-08-03T13:03:00-04:00	14.65	14.655	14.64	14.64	1868	yfinance_1m
2026-08-03T13:04:00-04:00	14.61	14.64	14.61	14.63	572	yfinance_1m
2026-08-03T13:05:00-04:00	14.63	14.675	14.63	14.675	1707	yfinance_1m
2026-08-03T13:06:00-04:00	14.68	14.68	14.68	14.68	256	yfinance_1m
2026-08-03T13:07:00-04:00	14.68	14.71	14.65	14.675	6619	yfinance_1m
2026-08-03T13:08:00-04:00	14.67	14.69	14.67	14.68	1916	yfinance_1m
2026-08-03T13:09:00-04:00	14.68	14.69	14.68	14.69	2189	yfinance_1m
2026-08-03T13:10:00-04:00	14.693	14.725	14.69	14.69	5369	yfinance_1m
2026-08-03T13:11:00-04:00	14.69	14.69	14.69	14.69	636	yfinance_1m
2026-08-03T13:12:00-04:00	14.685	14.69	14.67	14.67	3950	yfinance_1m
2026-08-03T13:13:00-04:00	14.66	14.66	14.6	14.6	2469	yfinance_1m
2026-08-03T13:14:00-04:00	14.59	14.59	14.55	14.575	4316	yfinance_1m
2026-08-03T13:15:00-04:00	14.585	14.61	14.585	14.595	1912	yfinance_1m
2026-08-03T13:16:00-04:00	14.595	14.63	14.595	14.62	6001	yfinance_1m
2026-08-03T13:17:00-04:00	14.605	14.61	14.605	14.61	562	yfinance_1m
2026-08-03T13:18:00-04:00	14.63	14.63	14.58	14.62	2926	yfinance_1m
2026-08-03T13:19:00-04:00	14.645	14.645	14.645	14.645	300	yfinance_1m
2026-08-03T13:20:00-04:00	14.64	14.64	14.64	14.64	882	yfinance_1m
2026-08-03T13:21:00-04:00	14.64	14.64	14.64	14.64	220	yfinance_1m
2026-08-03T13:22:00-04:00	14.64	14.64	14.64	14.64	2289	yfinance_1m
2026-08-03T13:23:00-04:00	14.66	14.66	14.63	14.63	1061	yfinance_1m
2026-08-03T13:24:00-04:00	14.63	14.63	14.63	14.63	100	yfinance_1m
2026-08-03T13:25:00-04:00	14.63	14.66	14.62	14.62	4055	yfinance_1m
2026-08-03T13:26:00-04:00	14.61	14.61	14.6	14.605	1670	yfinance_1m
2026-08-03T13:27:00-04:00	14.59	14.6	14.59	14.59	3010	yfinance_1m
2026-08-03T13:28:00-04:00	14.58	14.61	14.58	14.59	3896	yfinance_1m
2026-08-03T13:29:00-04:00	14.59	14.59	14.59	14.59	541	yfinance_1m
2026-08-03T13:30:00-04:00	14.59	14.59	14.59	14.59	655	yfinance_1m
2026-08-03T13:31:00-04:00	14.59	14.59	14.59	14.59	804	yfinance_1m
2026-08-03T13:33:00-04:00	14.585	14.61	14.585	14.6	3145	yfinance_1m
2026-08-03T13:34:00-04:00	14.595	14.595	14.595	14.595	1037	yfinance_1m
2026-08-03T13:35:00-04:00	14.595	14.595	14.595	14.595	1004	yfinance_1m
2026-08-03T13:36:00-04:00	14.595	14.61	14.595	14.61	1608	yfinance_1m
2026-08-03T13:37:00-04:00	14.61	14.61	14.61	14.61	110	yfinance_1m
2026-08-03T13:38:00-04:00	14.6	14.605	14.58	14.58	2509	yfinance_1m
2026-08-03T13:39:00-04:00	14.585	14.595	14.585	14.595	784	yfinance_1m
2026-08-03T13:40:00-04:00	14.58	14.58	14.58	14.58	991	yfinance_1m
2026-08-03T13:41:00-04:00	14.57	14.57	14.51	14.535	6653	yfinance_1m
2026-08-03T13:42:00-04:00	14.5	14.52	14.45	14.47	3873	yfinance_1m
2026-08-03T13:43:00-04:00	14.48	14.485	14.45	14.46	4571	yfinance_1m
2026-08-03T13:44:00-04:00	14.51	14.51	14.425	14.425	1495	yfinance_1m
2026-08-03T13:45:00-04:00	14.41	14.52	14.405	14.52	11942	yfinance_1m
2026-08-03T13:46:00-04:00	14.6153	14.6153	14.51	14.56	3180	yfinance_1m
2026-08-03T13:47:00-04:00	14.56	14.57	14.53	14.53	951	yfinance_1m
2026-08-03T13:48:00-04:00	14.53	14.53	14.48	14.52	3086	yfinance_1m
2026-08-03T13:49:00-04:00	14.52	14.5325	14.48	14.48	793	yfinance_1m
2026-08-03T13:50:00-04:00	14.46	14.5	14.46	14.5	915	yfinance_1m
2026-08-03T13:51:00-04:00	14.505	14.5325	14.48	14.48	1470	yfinance_1m
2026-08-03T13:52:00-04:00	14.505	14.505	14.45	14.5	1538	yfinance_1m
2026-08-03T13:53:00-04:00	14.46	14.51	14.45	14.45	1550	yfinance_1m
2026-08-03T13:54:00-04:00	14.4	14.4	14.39	14.39	1310	yfinance_1m
2026-08-03T13:55:00-04:00	14.4	14.4	14.37	14.4	1819	yfinance_1m
2026-08-03T13:56:00-04:00	14.37	14.38	14.35	14.37	9793	yfinance_1m
2026-08-03T13:57:00-04:00	14.36	14.39	14.36	14.39	8719	yfinance_1m
2026-08-03T13:58:00-04:00	14.39	14.39	14.39	14.39	362	yfinance_1m
2026-08-03T13:59:00-04:00	14.39	14.41	14.39	14.39	2605	yfinance_1m
2026-08-03T14:00:00-04:00	14.39	14.45	14.39	14.435	6804	yfinance_1m
2026-08-03T14:01:00-04:00	14.42	14.425	14.41	14.425	2184	yfinance_1m
2026-08-03T14:02:00-04:00	14.4426	14.4426	14.42	14.42	841	yfinance_1m
2026-08-03T14:03:00-04:00	14.4	14.44	14.37	14.44	1205	yfinance_1m
2026-08-03T14:04:00-04:00	14.4	14.4	14.38	14.39	3510	yfinance_1m
2026-08-03T14:05:00-04:00	14.38	14.42	14.38	14.42	4512	yfinance_1m
2026-08-03T14:06:00-04:00	14.42	14.44	14.4	14.44	4311	yfinance_1m
2026-08-03T14:07:00-04:00	14.45	14.45	14.44	14.44	719	yfinance_1m
2026-08-03T14:08:00-04:00	14.435	14.435	14.435	14.435	759	yfinance_1m
2026-08-03T14:09:00-04:00	14.435	14.45	14.435	14.445	1811	yfinance_1m
2026-08-03T14:10:00-04:00	14.45	14.485	14.45	14.48	4931	yfinance_1m
2026-08-03T14:11:00-04:00	14.48	14.48	14.475	14.475	656	yfinance_1m
2026-08-03T14:12:00-04:00	14.475	14.475	14.44	14.445	3294	yfinance_1m
2026-08-03T14:13:00-04:00	14.43	14.455	14.43	14.447531	3919	yfinance_1m
2026-08-03T14:14:00-04:00	14.445	14.445	14.43	14.43	763	yfinance_1m
2026-08-03T14:15:00-04:00	14.43	14.44	14.43	14.43	1254	yfinance_1m
2026-08-03T14:16:00-04:00	14.44	14.44	14.42	14.421	3074	yfinance_1m
2026-08-03T14:17:00-04:00	14.42	14.43	14.4	14.4	6606	yfinance_1m
2026-08-03T14:18:00-04:00	14.39	14.4199	14.39	14.4	2773	yfinance_1m
2026-08-03T14:19:00-04:00	14.4	14.4	14.39	14.395	1308	yfinance_1m
2026-08-03T14:20:00-04:00	14.395	14.395	14.395	14.395	823	yfinance_1m
2026-08-03T14:21:00-04:00	14.38	14.38	14.38	14.38	783	yfinance_1m
2026-08-03T14:22:00-04:00	14.395	14.4	14.39	14.39	1862	yfinance_1m
2026-08-03T14:23:00-04:00	14.39	14.39	14.39	14.39	966	yfinance_1m
2026-08-03T14:24:00-04:00	14.37	14.385	14.37	14.37	1765	yfinance_1m
2026-08-03T14:25:00-04:00	14.385	14.385	14.35	14.35	4411	yfinance_1m
2026-08-03T14:26:00-04:00	14.35	14.39	14.35	14.375	22274	yfinance_1m
2026-08-03T14:27:00-04:00	14.39	14.39	14.31	14.315	14458	yfinance_1m
2026-08-03T14:28:00-04:00	14.301	14.31	14.3	14.3	1362	yfinance_1m
2026-08-03T14:29:00-04:00	14.31	14.31	14.25	14.255	37338	yfinance_1m
2026-08-03T14:30:00-04:00	14.26	14.31	14.26	14.295	5368	yfinance_1m
2026-08-03T14:31:00-04:00	14.31	14.35	14.305	14.34	3148	yfinance_1m
2026-08-03T14:32:00-04:00	14.36	14.36	14.33	14.33	3563	yfinance_1m
2026-08-03T14:33:00-04:00	14.32	14.36	14.31	14.33	10076	yfinance_1m
2026-08-03T14:34:00-04:00	14.325	14.33	14.28	14.33	3998	yfinance_1m
2026-08-03T14:35:00-04:00	14.325	14.35	14.32	14.32	3073	yfinance_1m
2026-08-03T14:36:00-04:00	14.3284	14.33	14.32	14.32	1780	yfinance_1m
2026-08-03T14:37:00-04:00	14.33	14.33	14.31	14.311	2943	yfinance_1m
2026-08-03T14:38:00-04:00	14.32	14.32	14.25	14.28	7836	yfinance_1m
2026-08-03T14:39:00-04:00	14.27	14.29	14.26	14.28	5402	yfinance_1m
2026-08-03T14:40:00-04:00	14.3	14.3	14.285	14.285	1711	yfinance_1m
2026-08-03T14:41:00-04:00	14.285	14.3	14.26	14.29	4772	yfinance_1m
2026-08-03T14:42:00-04:00	14.29	14.3	14.29	14.3	923	yfinance_1m
2026-08-03T14:43:00-04:00	14.3	14.3	14.27	14.28	2700	yfinance_1m
2026-08-03T14:44:00-04:00	14.28	14.41	14.27	14.375	31415	yfinance_1m
2026-08-03T14:45:00-04:00	14.4	14.43	14.375	14.39	4745	yfinance_1m
2026-08-03T14:46:00-04:00	14.41	14.41	14.32	14.335	4572	yfinance_1m
2026-08-03T14:47:00-04:00	14.335	14.35	14.32	14.335	4847	yfinance_1m
2026-08-03T14:48:00-04:00	14.345	14.36	14.335	14.34	4395	yfinance_1m
2026-08-03T14:49:00-04:00	14.34	14.36	14.34	14.355	4284	yfinance_1m
2026-08-03T14:50:00-04:00	14.35	14.36	14.34	14.345	3281	yfinance_1m
2026-08-03T14:51:00-04:00	14.33	14.34	14.32	14.32	2316	yfinance_1m
2026-08-03T14:52:00-04:00	14.31	14.315	14.3	14.3	1652	yfinance_1m
2026-08-03T14:53:00-04:00	14.3	14.34	14.3	14.325	4541	yfinance_1m
2026-08-03T14:54:00-04:00	14.31	14.31	14.29	14.29	2841	yfinance_1m
2026-08-03T14:55:00-04:00	14.28	14.28	14.2	14.21	8066	yfinance_1m
2026-08-03T14:56:00-04:00	14.21	14.22	14.2	14.215	5194	yfinance_1m
2026-08-03T14:57:00-04:00	14.2	14.23	14.2	14.23	4986	yfinance_1m
2026-08-03T14:58:00-04:00	14.22	14.24	14.22	14.231	3701	yfinance_1m
2026-08-03T14:59:00-04:00	14.2282	14.2366	14.22	14.22	3217	yfinance_1m
2026-08-03T15:00:00-04:00	14.22	14.33	14.22	14.315	14241	yfinance_1m
2026-08-03T15:01:00-04:00	14.33	14.345	14.325	14.34	5524	yfinance_1m
2026-08-03T15:02:00-04:00	14.32	14.32	14.201	14.215	30213	yfinance_1m
2026-08-03T15:03:00-04:00	14.23	14.28	14.215	14.225	18345	yfinance_1m
2026-08-03T15:04:00-04:00	14.225	14.225	14.17	14.17	3570	yfinance_1m
2026-08-03T15:05:00-04:00	14.15	14.2	14.13	14.2	17793	yfinance_1m
2026-08-03T15:06:00-04:00	14.18	14.195	14.16	14.175	3401	yfinance_1m
2026-08-03T15:07:00-04:00	14.16	14.16	14.11	14.11	2705	yfinance_1m
2026-08-03T15:08:00-04:00	14.11	14.11	14.09	14.1	5140	yfinance_1m
2026-08-03T15:09:00-04:00	14.1	14.11	14.09	14.09	17223	yfinance_1m
2026-08-03T15:10:00-04:00	14.08	14.09	14.04	14.055	41815	yfinance_1m
2026-08-03T15:11:00-04:00	14.045	14.05	14.04	14.045	3162	yfinance_1m
2026-08-03T15:12:00-04:00	14.045	14.06	14.03	14.05	19223	yfinance_1m
2026-08-03T15:13:00-04:00	14.04	14.05	14.01	14.03	49097	yfinance_1m
2026-08-03T15:14:00-04:00	14.02	14.02	13.95	13.95	10647	yfinance_1m
2026-08-03T15:15:00-04:00	13.96	13.97	13.95	13.97	9862	yfinance_1m
2026-08-03T15:16:00-04:00	13.97	13.97	13.96	13.97	5053	yfinance_1m
2026-08-03T15:17:00-04:00	13.97	13.97	13.9	13.9	21655	yfinance_1m
2026-08-03T15:18:00-04:00	13.91	13.93	13.88	13.91	26772	yfinance_1m
2026-08-03T15:19:00-04:00	13.93	13.95	13.91	13.915	10260	yfinance_1m
2026-08-03T15:20:00-04:00	13.9	13.9	13.9	13.9	805	yfinance_1m
2026-08-03T15:21:00-04:00	13.9	13.93	13.88	13.91	16162	yfinance_1m
2026-08-03T15:22:00-04:00	13.895	13.96	13.88	13.94	26276	yfinance_1m
2026-08-03T15:23:00-04:00	13.94	13.97	13.93	13.96	19942	yfinance_1m
2026-08-03T15:24:00-04:00	13.94	14.0	13.94	13.98	10743	yfinance_1m
2026-08-03T15:25:00-04:00	13.985	13.985	13.96	13.97	3385	yfinance_1m
2026-08-03T15:26:00-04:00	13.975	13.99	13.96	13.975	3042	yfinance_1m
2026-08-03T15:27:00-04:00	13.975	14.01	13.975	14.0	6591	yfinance_1m
2026-08-03T15:28:00-04:00	13.99	13.99	13.92	13.92	10150	yfinance_1m
2026-08-03T15:29:00-04:00	13.92	13.94	13.9	13.915	15072	yfinance_1m
2026-08-03T15:30:00-04:00	13.915	14.15	13.915	14.11	25042	yfinance_1m
2026-08-03T15:31:00-04:00	14.095	14.12	14.08	14.11	4429	yfinance_1m
2026-08-03T15:32:00-04:00	14.1	14.1	14.02	14.02	11173	yfinance_1m
2026-08-03T15:33:00-04:00	14.04	14.14	14.04	14.14	8629	yfinance_1m
2026-08-03T15:34:00-04:00	14.12	14.19	14.1	14.15	15850	yfinance_1m
2026-08-03T15:35:00-04:00	14.16	14.18	14.16	14.17	3368	yfinance_1m
2026-08-03T15:36:00-04:00	14.16	14.18	14.13	14.13	9876	yfinance_1m
2026-08-03T15:37:00-04:00	14.14	14.15	14.13	14.13	2845	yfinance_1m
2026-08-03T15:38:00-04:00	14.13	14.18	14.13	14.16	9633	yfinance_1m
2026-08-03T15:39:00-04:00	14.16	14.17	14.11	14.155	13082	yfinance_1m
2026-08-03T15:40:00-04:00	14.15	14.15	14.09	14.11	13016	yfinance_1m
2026-08-03T15:41:00-04:00	14.14	14.16	14.12	14.135	3053	yfinance_1m
2026-08-03T15:42:00-04:00	14.135	14.135	14.1	14.1	10058	yfinance_1m
2026-08-03T15:43:00-04:00	14.13	14.15	14.115	14.15	5927	yfinance_1m
2026-08-03T15:44:00-04:00	14.135	14.135	14.1	14.11	2349	yfinance_1m
2026-08-03T15:45:00-04:00	14.11	14.12	14.1	14.115	9023	yfinance_1m
2026-08-03T15:46:00-04:00	14.115	14.17	14.115	14.165	14110	yfinance_1m
2026-08-03T15:47:00-04:00	14.17	14.2	14.16	14.16	12874	yfinance_1m
2026-08-03T15:48:00-04:00	14.15	14.16	14.14	14.16	6549	yfinance_1m
2026-08-03T15:49:00-04:00	14.15	14.15	14.12	14.13	6329	yfinance_1m
2026-08-03T15:50:00-04:00	14.14	14.205	14.13	14.13	16268	yfinance_1m
2026-08-03T15:51:00-04:00	14.15	14.18	14.14	14.15	14566	yfinance_1m
2026-08-03T15:52:00-04:00	14.135	14.15	14.135	14.15	5630	yfinance_1m
2026-08-03T15:53:00-04:00	14.15	14.16	14.14	14.16	6552	yfinance_1m
2026-08-03T15:54:00-04:00	14.15	14.16	14.13	14.16	5373	yfinance_1m
2026-08-03T15:55:00-04:00	14.16	14.19	14.16	14.18	4877	yfinance_1m
2026-08-03T15:56:00-04:00	14.18	14.1938	14.18	14.19	5405	yfinance_1m
2026-08-03T15:57:00-04:00	14.19	14.23	14.19	14.22	9760	yfinance_1m
2026-08-03T15:58:00-04:00	14.23	14.3	14.23	14.255	36144	yfinance_1m
2026-08-03T15:59:00-04:00	14.25	14.27	14.16	14.25	44013	yfinance_1m
2026-08-04T09:30:00-04:00	14.97	14.99	14.9	14.99	13874	yfinance_1m
2026-08-04T09:32:00-04:00	15.0	15.34	14.81	14.82	47885	yfinance_1m
2026-08-04T09:33:00-04:00	14.8391	15.08	14.8	15.0	16911	yfinance_1m
2026-08-04T09:34:00-04:00	15.02	15.07	14.975	15.07	2711	yfinance_1m
2026-08-04T09:35:00-04:00	15.09	15.11	14.97	14.97	4092	yfinance_1m
2026-08-04T09:36:00-04:00	14.995	15.05	14.98	14.98	3631	yfinance_1m
2026-08-04T09:37:00-04:00	14.99	15.07	14.96	14.99	6672	yfinance_1m
2026-08-04T09:38:00-04:00	15.01	15.02	14.92	14.92	4904	yfinance_1m
2026-08-04T09:39:00-04:00	14.86	14.883	14.8498	14.88	1238	yfinance_1m
2026-08-04T09:40:00-04:00	14.89	15.0	14.89	14.9052	10608	yfinance_1m
2026-08-04T09:41:00-04:00	14.8785	14.93	14.8785	14.88	2648	yfinance_1m
2026-08-04T09:42:00-04:00	14.905	14.955	14.9	14.9487	3861	yfinance_1m
2026-08-04T09:43:00-04:00	14.92	14.92	14.89	14.89	845	yfinance_1m
2026-08-04T09:44:00-04:00	14.89	14.89	14.83	14.83	3812	yfinance_1m
2026-08-04T09:45:00-04:00	14.83	14.83	14.74	14.74	5798	yfinance_1m
2026-08-04T09:46:00-04:00	14.74	14.74	14.68	14.69	2596	yfinance_1m
2026-08-04T09:47:00-04:00	14.68	14.76	14.68	14.725	4724	yfinance_1m
2026-08-04T09:48:00-04:00	14.75	14.75	14.63	14.63	1528	yfinance_1m
2026-08-04T09:49:00-04:00	14.67	14.6939	14.61	14.61	6697	yfinance_1m
2026-08-04T09:50:00-04:00	14.61	14.7	14.61	14.66	2510	yfinance_1m
2026-08-04T09:51:00-04:00	14.683	14.78	14.683	14.75	8116	yfinance_1m
2026-08-04T09:52:00-04:00	14.76	14.76	14.67	14.67	7842	yfinance_1m
2026-08-04T09:53:00-04:00	14.71	14.71	14.65	14.65	679	yfinance_1m
2026-08-04T09:54:00-04:00	14.66	14.7466	14.64	14.65	5386	yfinance_1m
2026-08-04T09:55:00-04:00	14.65	14.7	14.65	14.7	10223	yfinance_1m
2026-08-04T09:56:00-04:00	14.69	14.69	14.66	14.66	259	yfinance_1m
2026-08-04T09:57:00-04:00	14.69	14.69	14.63	14.645	7891	yfinance_1m
2026-08-04T09:58:00-04:00	14.645	14.645	14.62	14.62	896	yfinance_1m
2026-08-04T09:59:00-04:00	14.68	14.76	14.68	14.76	2128	yfinance_1m
2026-08-04T10:00:00-04:00	14.69	14.7592	14.69	14.69	777	yfinance_1m
2026-08-04T10:01:00-04:00	14.63	14.7299	14.63	14.65	2259	yfinance_1m
2026-08-04T10:02:00-04:00	14.65	14.69	14.62	14.65	1481	yfinance_1m
2026-08-04T10:03:00-04:00	14.69	14.75	14.665	14.74	7703	yfinance_1m
2026-08-04T10:04:00-04:00	14.765	14.79	14.76	14.77	1555	yfinance_1m
2026-08-04T10:05:00-04:00	14.77	14.885	14.77	14.885	4340	yfinance_1m
2026-08-04T10:06:00-04:00	14.885	14.89	14.82	14.855	2660	yfinance_1m
2026-08-04T10:07:00-04:00	14.83	14.86	14.82	14.855	1612	yfinance_1m
2026-08-04T10:08:00-04:00	14.82	14.82	14.775	14.78	2684	yfinance_1m
2026-08-04T10:09:00-04:00	14.74	14.765	14.74	14.765	877	yfinance_1m
2026-08-04T10:10:00-04:00	14.78	14.78	14.75	14.75	2120	yfinance_1m
2026-08-04T10:11:00-04:00	14.765	14.82	14.72	14.73	22121	yfinance_1m
2026-08-04T10:12:00-04:00	14.76	14.86	14.76	14.85	1074	yfinance_1m
2026-08-04T10:13:00-04:00	14.86	14.86	14.795	14.8	2856	yfinance_1m
2026-08-04T10:14:00-04:00	14.81	14.87	14.81	14.865	2865	yfinance_1m
2026-08-04T10:15:00-04:00	14.83	14.85	14.83	14.85	1074	yfinance_1m
2026-08-04T10:16:00-04:00	14.87	14.9005	14.8301	14.855	4797	yfinance_1m
2026-08-04T10:17:00-04:00	14.84	14.87	14.79	14.79	3925	yfinance_1m
2026-08-04T10:18:00-04:00	14.8	14.825	14.75	14.76	3212	yfinance_1m
2026-08-04T10:19:00-04:00	14.79	14.85	14.76	14.85	5978	yfinance_1m
2026-08-04T10:20:00-04:00	14.885	14.885	14.83	14.83	2281	yfinance_1m
2026-08-04T10:21:00-04:00	14.83	14.83	14.83	14.83	469	yfinance_1m
2026-08-04T10:22:00-04:00	14.83	14.845	14.83	14.83	1288	yfinance_1m
2026-08-04T10:23:00-04:00	14.79	14.845	14.79	14.845	2868	yfinance_1m
2026-08-04T10:24:00-04:00	14.85	14.905	14.83	14.905	2461	yfinance_1m
2026-08-04T10:25:00-04:00	14.905	14.91	14.905	14.91	1973	yfinance_1m
2026-08-04T10:26:00-04:00	14.96	14.96	14.94	14.945	1393	yfinance_1m
2026-08-04T10:27:00-04:00	14.9465	14.99	14.93	14.955	5428	yfinance_1m
2026-08-04T10:28:00-04:00	14.95	14.95	14.95	14.95	341	yfinance_1m
2026-08-04T10:29:00-04:00	14.965	15.01	14.965	14.99	16203	yfinance_1m
2026-08-04T10:30:00-04:00	14.975	15.03	14.96	15.03	11881	yfinance_1m
2026-08-04T10:31:00-04:00	15.015	15.02	14.93	14.93	10566	yfinance_1m
2026-08-04T10:32:00-04:00	14.945	14.945	14.9	14.9	1543	yfinance_1m
2026-08-04T10:33:00-04:00	14.9	14.95	14.9	14.9	6605	yfinance_1m
2026-08-04T10:34:00-04:00	14.905	14.905	14.905	14.905	510	yfinance_1m
2026-08-04T10:35:00-04:00	14.9	14.91	14.87	14.885	1586	yfinance_1m
2026-08-04T10:36:00-04:00	14.885	14.9	14.86	14.86	3763	yfinance_1m
2026-08-04T10:37:00-04:00	14.86	14.95	14.86	14.95	14643	yfinance_1m
2026-08-04T10:38:00-04:00	14.95	14.965	14.95	14.96	1980	yfinance_1m
2026-08-04T10:39:00-04:00	14.965	15.07	14.965	15.07	39518	yfinance_1m
2026-08-04T10:40:00-04:00	15.052	15.08	15.05	15.05	12816	yfinance_1m
2026-08-04T10:41:00-04:00	15.065	15.065	14.97	14.97	8026	yfinance_1m
2026-08-04T10:42:00-04:00	14.935	15.0418	14.935	14.98	7022	yfinance_1m
2026-08-04T10:43:00-04:00	14.97	14.97	14.96	14.97	1075	yfinance_1m
2026-08-04T10:45:00-04:00	14.98	14.9999	14.96	14.9999	2194	yfinance_1m
2026-08-04T10:46:00-04:00	14.98	14.98	14.96	14.975	2891	yfinance_1m
2026-08-04T10:47:00-04:00	14.97	14.97	14.96	14.96	3175	yfinance_1m
2026-08-04T10:48:00-04:00	14.975	14.975	14.91	14.91	5735	yfinance_1m
2026-08-04T10:49:00-04:00	14.91	14.91	14.87	14.88	2508	yfinance_1m
2026-08-04T10:50:00-04:00	14.91	14.97	14.91	14.94	4243	yfinance_1m
2026-08-04T10:51:00-04:00	14.95	14.95	14.91	14.91	3803	yfinance_1m
2026-08-04T10:53:00-04:00	14.9	14.9	14.85	14.85	3304	yfinance_1m
2026-08-04T10:54:00-04:00	14.825	14.825	14.76	14.81	1732	yfinance_1m
2026-08-04T10:55:00-04:00	14.78	14.815	14.78	14.78	1178	yfinance_1m
2026-08-04T10:56:00-04:00	14.78	14.795	14.77	14.795	628	yfinance_1m
2026-08-04T10:57:00-04:00	14.77	14.79	14.77	14.79	1298	yfinance_1m
2026-08-04T10:58:00-04:00	14.79	14.79	14.7193	14.7193	2838	yfinance_1m
2026-08-04T10:59:00-04:00	14.73	14.7352	14.705	14.7352	5181	yfinance_1m
2026-08-04T11:00:00-04:00	14.7	14.76	14.69	14.76	9343	yfinance_1m
2026-08-04T11:01:00-04:00	14.755	14.9	14.755	14.9	21482	yfinance_1m
2026-08-04T11:02:00-04:00	14.8949	15.05	14.84	15.025	32331	yfinance_1m
2026-08-04T11:03:00-04:00	15.025	15.1875	14.975	15.1875	38770	yfinance_1m
2026-08-04T11:04:00-04:00	15.1199	15.288	15.1199	15.185	32423	yfinance_1m
2026-08-04T11:05:00-04:00	15.18	15.25	15.1	15.235	26276	yfinance_1m
2026-08-04T11:06:00-04:00	15.2499	15.32	15.06	15.06	148167	yfinance_1m
2026-08-04T11:07:00-04:00	15.085	15.21	14.95	15.0299	73733	yfinance_1m
2026-08-04T11:08:00-04:00	14.99	15.19	14.97	15.11	88608	yfinance_1m
2026-08-04T11:09:00-04:00	15.105	15.16	14.91	15.0469	56425	yfinance_1m
2026-08-04T11:10:00-04:00	15.01	15.23	15.01	15.165	67253	yfinance_1m
2026-08-04T11:11:00-04:00	15.1	15.15	15.04	15.095	36760	yfinance_1m
2026-08-04T11:12:00-04:00	15.1131	15.17	15.05	15.145	28841	yfinance_1m
2026-08-04T11:13:00-04:00	15.1649	15.22	15.12	15.205	37408	yfinance_1m
2026-08-04T11:14:00-04:00	15.22	15.36	15.2	15.28	62551	yfinance_1m
2026-08-04T11:15:00-04:00	15.3099	15.44	15.285	15.425	32073	yfinance_1m
2026-08-04T11:16:00-04:00	15.45	15.545	15.27	15.31	54648	yfinance_1m
2026-08-04T11:17:00-04:00	15.33	15.4633	15.27	15.42	33946	yfinance_1m
2026-08-04T11:18:00-04:00	15.42	15.52	15.37	15.4959	43616	yfinance_1m
2026-08-04T11:19:00-04:00	15.485	15.58	15.485	15.56	34500	yfinance_1m
2026-08-04T11:20:00-04:00	15.58	15.61	15.41	15.465	56888	yfinance_1m
2026-08-04T11:21:00-04:00	15.46	15.54	15.4	15.445	33435	yfinance_1m
2026-08-04T11:22:00-04:00	15.445	15.465	15.346	15.405	16119	yfinance_1m
2026-08-04T11:23:00-04:00	15.405	15.51	15.37	15.51	24719	yfinance_1m
2026-08-04T11:24:00-04:00	15.485	15.51	15.385	15.425	39959	yfinance_1m
2026-08-04T11:25:00-04:00	15.44	15.49	15.43	15.47	16983	yfinance_1m
2026-08-04T11:26:00-04:00	15.46	15.49	15.41	15.4381	22453	yfinance_1m
2026-08-04T11:27:00-04:00	15.42	15.49	15.4	15.47	22688	yfinance_1m
2026-08-04T11:28:00-04:00	15.47	15.545	15.44	15.52	44072	yfinance_1m
2026-08-04T11:29:00-04:00	15.52	15.72	15.515	15.69	48890	yfinance_1m
2026-08-04T11:30:00-04:00	15.66	15.86	15.66	15.8	43380	yfinance_1m
2026-08-04T11:31:00-04:00	15.7964	15.88	15.785	15.83	27347	yfinance_1m
2026-08-04T11:32:00-04:00	15.843	15.855	15.68	15.7	22288	yfinance_1m
2026-08-04T11:33:00-04:00	15.7	15.71	15.6	15.66	17737	yfinance_1m
2026-08-04T11:34:00-04:00	15.66	15.66	15.62	15.645	8818	yfinance_1m
2026-08-04T11:35:00-04:00	15.6562	15.6562	15.532	15.585	14393	yfinance_1m
2026-08-04T11:36:00-04:00	15.5951	15.6	15.53	15.585	19530	yfinance_1m
2026-08-04T11:37:00-04:00	15.585	15.61	15.585	15.585	7523	yfinance_1m
2026-08-04T11:38:00-04:00	15.5875	15.63	15.57	15.62	12230	yfinance_1m
2026-08-04T11:39:00-04:00	15.6276	15.66	15.59	15.64	20610	yfinance_1m
2026-08-04T11:40:00-04:00	15.59	15.62	15.59	15.61	7364	yfinance_1m
2026-08-04T11:41:00-04:00	15.6	15.6152	15.6	15.6	2946	yfinance_1m
2026-08-04T11:42:00-04:00	15.62	15.7	15.61	15.67	22688	yfinance_1m
2026-08-04T11:43:00-04:00	15.6534	15.6836	15.64	15.66	4433	yfinance_1m
2026-08-04T11:44:00-04:00	15.6849	15.6849	15.61	15.62	8981	yfinance_1m
2026-08-04T11:45:00-04:00	15.671	15.68	15.61	15.61	10098	yfinance_1m
2026-08-04T11:46:00-04:00	15.63	15.65	15.61	15.65	3879	yfinance_1m
2026-08-04T11:47:00-04:00	15.63	15.6752	15.63	15.665	10912	yfinance_1m
2026-08-04T11:48:00-04:00	15.68	15.7	15.565	15.6	49348	yfinance_1m
2026-08-04T11:49:00-04:00	15.6	15.73	15.6	15.705	6887	yfinance_1m
2026-08-04T11:50:00-04:00	15.705	15.72	15.675	15.6811	11736	yfinance_1m
2026-08-04T11:51:00-04:00	15.6862	15.69	15.57	15.57	35803	yfinance_1m
2026-08-04T11:52:00-04:00	15.5702	15.66	15.5674	15.63	17742	yfinance_1m
2026-08-04T11:53:00-04:00	15.6317	15.6317	15.6	15.625	12205	yfinance_1m
2026-08-04T11:54:00-04:00	15.643	15.66	15.64	15.66	10929	yfinance_1m
2026-08-04T11:55:00-04:00	15.66	15.755	15.66	15.7168	13255	yfinance_1m
2026-08-04T11:56:00-04:00	15.74	15.7599	15.72	15.74	10815	yfinance_1m
2026-08-04T11:57:00-04:00	15.75	15.83	15.74	15.76	53718	yfinance_1m
2026-08-04T11:58:00-04:00	15.76	15.955	15.76	15.955	31097	yfinance_1m
2026-08-04T11:59:00-04:00	15.9001	15.95	15.88	15.89	9447	yfinance_1m
2026-08-04T12:00:00-04:00	15.89	16.0	15.86	15.97	45099	yfinance_1m
2026-08-04T12:01:00-04:00	15.94	15.98	15.87	15.925	6779	yfinance_1m
2026-08-04T12:02:00-04:00	15.9246	15.95	15.9	15.935	11193	yfinance_1m
2026-08-04T12:03:00-04:00	15.935	15.94	15.92	15.92	3495	yfinance_1m
2026-08-04T12:04:00-04:00	15.925	15.925	15.87	15.87	9692	yfinance_1m
2026-08-04T12:05:00-04:00	15.88	15.88	15.86	15.86	5901	yfinance_1m
2026-08-04T12:06:00-04:00	15.85	15.87	15.7	15.72	38846	yfinance_1m
2026-08-04T12:07:00-04:00	15.7	15.72	15.69	15.71	9410	yfinance_1m
2026-08-04T12:08:00-04:00	15.71	15.72	15.62	15.675	20065	yfinance_1m
2026-08-04T12:09:00-04:00	15.7	15.72	15.665	15.72	14557	yfinance_1m
2026-08-04T12:10:00-04:00	15.705	15.78	15.705	15.75	15351	yfinance_1m
2026-08-04T12:11:00-04:00	15.77	15.83	15.77	15.81	12982	yfinance_1m
2026-08-04T12:12:00-04:00	15.81	15.81	15.79	15.79	3619	yfinance_1m
2026-08-04T12:13:00-04:00	15.8199	15.82	15.8	15.81	5656	yfinance_1m
2026-08-04T12:14:00-04:00	15.8199	15.8199	15.6301	15.66	24175	yfinance_1m
2026-08-04T12:15:00-04:00	15.66	15.72	15.66	15.7	10297	yfinance_1m
2026-08-04T12:16:00-04:00	15.7	15.71	15.63	15.705	7635	yfinance_1m
2026-08-04T12:17:00-04:00	15.705	15.7164	15.705	15.705	9282	yfinance_1m
2026-08-04T12:18:00-04:00	15.7164	15.7376	15.7164	15.7355	8730	yfinance_1m
2026-08-04T12:19:00-04:00	15.73	15.74	15.71	15.72	6401	yfinance_1m
2026-08-04T12:20:00-04:00	15.7276	15.775	15.7135	15.76	5113	yfinance_1m
2026-08-04T12:21:00-04:00	15.785	15.8279	15.76	15.77	3444	yfinance_1m
2026-08-04T12:22:00-04:00	15.78	15.8499	15.75	15.75	6661	yfinance_1m
2026-08-04T12:23:00-04:00	15.7995	15.7995	15.775	15.775	1904	yfinance_1m
2026-08-04T12:24:00-04:00	15.775	15.775	15.73	15.745	4847	yfinance_1m
2026-08-04T12:25:00-04:00	15.745	15.7562	15.73	15.7562	5025	yfinance_1m
2026-08-04T12:26:00-04:00	15.73	15.745	15.71	15.72	5867	yfinance_1m
2026-08-04T12:27:00-04:00	15.73	15.74	15.72	15.74	4735	yfinance_1m
2026-08-04T12:28:00-04:00	15.735	15.75	15.7325	15.735	4791	yfinance_1m
2026-08-04T12:29:00-04:00	15.72	15.8	15.7	15.77	28075	yfinance_1m
2026-08-04T12:30:00-04:00	15.7852	15.83	15.7754	15.83	8489	yfinance_1m
2026-08-04T12:31:00-04:00	15.835	15.85	15.835	15.84	4983	yfinance_1m
2026-08-04T12:32:00-04:00	15.835	15.835	15.8	15.81	6881	yfinance_1m
2026-08-04T12:33:00-04:00	15.81	15.84	15.805	15.8399	5332	yfinance_1m
2026-08-04T12:34:00-04:00	15.825	15.84	15.825	15.8364	2418	yfinance_1m
2026-08-04T12:35:00-04:00	15.825	15.845	15.79	15.82	10033	yfinance_1m
2026-08-04T12:36:00-04:00	15.82	15.84	15.77	15.83	9805	yfinance_1m
2026-08-04T12:37:00-04:00	15.83	15.8452	15.8123	15.8123	3421	yfinance_1m
2026-08-04T12:38:00-04:00	15.81	15.8388	15.76	15.76	4378	yfinance_1m
2026-08-04T12:39:00-04:00	15.77	15.82	15.77	15.82	9120	yfinance_1m
2026-08-04T12:40:00-04:00	15.82	15.82	15.7	15.705	18123	yfinance_1m
2026-08-04T12:41:00-04:00	15.705	15.75	15.69	15.74	17624	yfinance_1m
2026-08-04T12:42:00-04:00	15.74	15.7599	15.74	15.74	2134	yfinance_1m
2026-08-04T12:43:00-04:00	15.76	15.76	15.71	15.74	5812	yfinance_1m
2026-08-04T12:44:00-04:00	15.735	15.735	15.7277	15.7277	4069	yfinance_1m
2026-08-04T12:45:00-04:00	15.75	15.76	15.735	15.745	6155	yfinance_1m
2026-08-04T12:46:00-04:00	15.76	15.76	15.745	15.75	2101	yfinance_1m
2026-08-04T12:47:00-04:00	15.75	15.7564	15.745	15.745	2018	yfinance_1m
2026-08-04T12:48:00-04:00	15.745	15.7581	15.72	15.74	13164	yfinance_1m
2026-08-04T12:49:00-04:00	15.74	15.76	15.72	15.7201	7740	yfinance_1m
2026-08-04T12:50:00-04:00	15.74	15.74	15.73	15.7385	3194	yfinance_1m
2026-08-04T12:51:00-04:00	15.73	15.73	15.7	15.73	13837	yfinance_1m
2026-08-04T12:52:00-04:00	15.73	15.75	15.73	15.74	3549	yfinance_1m
2026-08-04T12:53:00-04:00	15.74	15.7476	15.74	15.74	1051	yfinance_1m
2026-08-04T12:54:00-04:00	15.7388	15.75	15.73	15.74	7604	yfinance_1m
2026-08-04T12:55:00-04:00	15.74	15.74	15.71	15.71	4773	yfinance_1m
2026-08-04T12:56:00-04:00	15.72	15.735	15.71	15.735	8565	yfinance_1m
2026-08-04T12:57:00-04:00	15.725	15.75	15.725	15.75	2516	yfinance_1m
2026-08-04T12:58:00-04:00	15.75	15.75	15.73	15.745	6323	yfinance_1m
2026-08-04T12:59:00-04:00	15.75	15.7594	15.75	15.7549	7510	yfinance_1m
2026-08-04T13:00:00-04:00	15.75	15.83	15.75	15.81	11474	yfinance_1m
2026-08-04T13:01:00-04:00	15.81	15.82	15.78	15.78	4541	yfinance_1m
2026-08-04T13:02:00-04:00	15.795	15.81	15.795	15.81	6717	yfinance_1m
2026-08-04T13:03:00-04:00	15.8	15.8465	15.8	15.83	14672	yfinance_1m
2026-08-04T13:04:00-04:00	15.8101	15.82	15.81	15.82	2514	yfinance_1m
2026-08-04T13:05:00-04:00	15.81	15.81	15.79	15.79	4527	yfinance_1m
2026-08-04T13:06:00-04:00	15.78	15.78	15.77	15.77	7675	yfinance_1m
2026-08-04T13:07:00-04:00	15.7881	15.815	15.76	15.815	12335	yfinance_1m
2026-08-04T13:08:00-04:00	15.81	15.84	15.79	15.795	4050	yfinance_1m
2026-08-04T13:09:00-04:00	15.78	15.78	15.735	15.75	11044	yfinance_1m
2026-08-04T13:10:00-04:00	15.7599	15.78	15.75	15.775	3240	yfinance_1m
2026-08-04T13:11:00-04:00	15.775	15.78	15.775	15.775	1572	yfinance_1m
2026-08-04T13:12:00-04:00	15.775	15.79	15.775	15.775	2507	yfinance_1m
2026-08-04T13:13:00-04:00	15.76	15.79	15.76	15.775	2407	yfinance_1m
2026-08-04T13:14:00-04:00	15.77	15.81	15.77	15.785	8200	yfinance_1m
2026-08-04T13:15:00-04:00	15.7736	15.7736	15.77	15.77	2070	yfinance_1m
2026-08-04T13:16:00-04:00	15.77	15.84	15.77	15.83	18826	yfinance_1m
2026-08-04T13:17:00-04:00	15.8151	15.83	15.77	15.78	6759	yfinance_1m
2026-08-04T13:18:00-04:00	15.81	15.84	15.8	15.815	12764	yfinance_1m
2026-08-04T13:19:00-04:00	15.78	15.78	15.75	15.76	2104	yfinance_1m
2026-08-04T13:20:00-04:00	15.765	15.7799	15.72	15.72	2878	yfinance_1m
2026-08-04T13:21:00-04:00	15.735	15.76	15.7	15.76	6840	yfinance_1m
2026-08-04T13:22:00-04:00	15.7765	15.7765	15.76	15.76	2917	yfinance_1m
2026-08-04T13:23:00-04:00	15.76	15.8	15.76	15.7883	4746	yfinance_1m
2026-08-04T13:24:00-04:00	15.8	15.8	15.8	15.8	1521	yfinance_1m
2026-08-04T13:25:00-04:00	15.795	15.81	15.78	15.795	5782	yfinance_1m
2026-08-04T13:26:00-04:00	15.795	15.795	15.73	15.73	4059	yfinance_1m
2026-08-04T13:27:00-04:00	15.7	15.725	15.7	15.725	1264	yfinance_1m
2026-08-04T13:28:00-04:00	15.7	15.75	15.69	15.75	8409	yfinance_1m
2026-08-04T13:29:00-04:00	15.74	15.74	15.74	15.74	2431	yfinance_1m
2026-08-04T13:30:00-04:00	15.74	15.74	15.71	15.71	2417	yfinance_1m
2026-08-04T13:31:00-04:00	15.71	15.71	15.64	15.655	16915	yfinance_1m
2026-08-04T13:32:00-04:00	15.64	15.73	15.64	15.7236	17644	yfinance_1m
2026-08-04T13:33:00-04:00	15.72	15.72	15.705	15.71	3132	yfinance_1m
2026-08-04T13:34:00-04:00	15.71	15.7249	15.7	15.7	3849	yfinance_1m
2026-08-04T13:35:00-04:00	15.705	15.71	15.69	15.7	7141	yfinance_1m
2026-08-04T13:36:00-04:00	15.705	15.74	15.705	15.74	10504	yfinance_1m
2026-08-04T13:37:00-04:00	15.725	15.73	15.725	15.73	5215	yfinance_1m
2026-08-04T13:38:00-04:00	15.73	15.74	15.72	15.72	8303	yfinance_1m
2026-08-04T13:39:00-04:00	15.72	15.72	15.71	15.71	5439	yfinance_1m
2026-08-04T13:40:00-04:00	15.7	15.72	15.7	15.71	5352	yfinance_1m
2026-08-04T13:41:00-04:00	15.71	15.71	15.69	15.69	7189	yfinance_1m
2026-08-04T13:42:00-04:00	15.69	15.69	15.68	15.68	8907	yfinance_1m
2026-08-04T13:43:00-04:00	15.68	15.69	15.68	15.685	13109	yfinance_1m
2026-08-04T13:44:00-04:00	15.685	15.71	15.66	15.675	175335	yfinance_1m
2026-08-04T13:45:00-04:00	15.675	15.68	15.675	15.675	2834	yfinance_1m
2026-08-04T13:46:00-04:00	15.68	15.68	15.6627	15.6627	2776	yfinance_1m
2026-08-04T13:47:00-04:00	15.675	15.675	15.62	15.635	7331	yfinance_1m
2026-08-04T13:48:00-04:00	15.635	15.66	15.62	15.655	8118	yfinance_1m
2026-08-04T13:49:00-04:00	15.655	15.655	15.655	15.655	1279	yfinance_1m
2026-08-04T13:50:00-04:00	15.64	15.645	15.55	15.5502	7225	yfinance_1m
2026-08-04T13:51:00-04:00	15.56	15.56	15.52	15.54	2747	yfinance_1m
2026-08-04T13:52:00-04:00	15.52	15.63	15.52	15.61	12422	yfinance_1m
2026-08-04T13:53:00-04:00	15.63	15.63	15.59	15.6176	13240	yfinance_1m
2026-08-04T13:55:00-04:00	15.61	15.62	15.6	15.6025	4609	yfinance_1m
2026-08-04T13:56:00-04:00	15.59	15.59	15.53	15.56	3753	yfinance_1m
2026-08-04T13:57:00-04:00	15.57	15.605	15.56	15.605	4129	yfinance_1m
2026-08-04T13:58:00-04:00	15.61	15.61	15.61	15.61	1040	yfinance_1m
2026-08-04T13:59:00-04:00	15.61	15.62	15.6	15.61	3002	yfinance_1m
2026-08-04T14:00:00-04:00	15.61	15.63	15.6	15.63	10280	yfinance_1m
2026-08-04T14:01:00-04:00	15.615	15.64	15.615	15.625	6716	yfinance_1m
2026-08-04T14:02:00-04:00	15.64	15.67	15.64	15.64	14010	yfinance_1m
2026-08-04T14:03:00-04:00	15.63	15.63	15.6	15.615	6789	yfinance_1m
2026-08-04T14:04:00-04:00	15.61	15.61	15.555	15.555	2029	yfinance_1m
2026-08-04T14:05:00-04:00	15.555	15.555	15.53	15.53	6133	yfinance_1m
2026-08-04T14:06:00-04:00	15.54	15.55	15.45	15.51	13974	yfinance_1m
2026-08-04T14:07:00-04:00	15.52	15.57	15.51	15.56	12048	yfinance_1m
2026-08-04T14:08:00-04:00	15.58	15.58	15.565	15.565	2524	yfinance_1m
2026-08-04T14:09:00-04:00	15.565	15.59	15.55	15.59	5730	yfinance_1m
2026-08-04T14:10:00-04:00	15.6225	15.6225	15.585	15.614	4843	yfinance_1m
2026-08-04T14:11:00-04:00	15.58	15.6	15.58	15.6	2091	yfinance_1m
2026-08-04T14:12:00-04:00	15.6	15.65	15.6	15.64	6852	yfinance_1m
2026-08-04T14:13:00-04:00	15.67	15.73	15.645	15.715	4968	yfinance_1m
2026-08-04T14:14:00-04:00	15.7	15.725	15.7	15.725	1231	yfinance_1m
2026-08-04T14:15:00-04:00	15.74	15.7455	15.71	15.7455	1160	yfinance_1m
2026-08-04T14:16:00-04:00	15.7489	15.7489	15.7	15.725	2482	yfinance_1m
2026-08-04T14:17:00-04:00	15.72	15.7692	15.72	15.73	6121	yfinance_1m
2026-08-04T14:18:00-04:00	15.72	15.72	15.64	15.64	5671	yfinance_1m
2026-08-04T14:19:00-04:00	15.63	15.66	15.62	15.66	3989	yfinance_1m
2026-08-04T14:20:00-04:00	15.66	15.71	15.66	15.68	4589	yfinance_1m
2026-08-04T14:21:00-04:00	15.68	15.7	15.62	15.65	8250	yfinance_1m
2026-08-04T14:22:00-04:00	15.66	15.66	15.58	15.6	3812	yfinance_1m
2026-08-04T14:23:00-04:00	15.601	15.601	15.53	15.5849	4134	yfinance_1m
2026-08-04T14:24:00-04:00	15.56	15.56	15.56	15.56	1355	yfinance_1m
2026-08-04T14:25:00-04:00	15.56	15.6	15.55	15.58	10347	yfinance_1m
2026-08-04T14:26:00-04:00	15.58	15.58	15.58	15.58	266	yfinance_1m
2026-08-04T14:27:00-04:00	15.595	15.595	15.55	15.55	5481	yfinance_1m
2026-08-04T14:28:00-04:00	15.55	15.57	15.55	15.55	1792	yfinance_1m
2026-08-04T14:29:00-04:00	15.565	15.565	15.55	15.55	3645	yfinance_1m
2026-08-04T14:30:00-04:00	15.565	15.6429	15.55	15.625	11996	yfinance_1m
2026-08-04T14:31:00-04:00	15.625	15.63	15.6	15.62	3809	yfinance_1m
2026-08-04T14:32:00-04:00	15.61	15.625	15.61	15.625	4647	yfinance_1m
2026-08-04T14:33:00-04:00	15.61	15.61	15.55	15.57	4521	yfinance_1m
2026-08-04T14:34:00-04:00	15.55	15.55	15.5	15.5	4944	yfinance_1m
2026-08-04T14:35:00-04:00	15.505	15.505	15.47	15.47	4070	yfinance_1m
2026-08-04T14:36:00-04:00	15.47	15.519	15.465	15.48	10634	yfinance_1m
2026-08-04T14:37:00-04:00	15.5	15.5	15.45	15.465	2355	yfinance_1m
2026-08-04T14:38:00-04:00	15.455	15.4623	15.4171	15.4399	11023	yfinance_1m
2026-08-04T14:39:00-04:00	15.41	15.45	15.41	15.41	4887	yfinance_1m
2026-08-04T14:40:00-04:00	15.4	15.415	15.36	15.36	4601	yfinance_1m
2026-08-04T14:41:00-04:00	15.38	15.42	15.38	15.42	6584	yfinance_1m
2026-08-04T14:42:00-04:00	15.42	15.55	15.4	15.495	31617	yfinance_1m
2026-08-04T14:43:00-04:00	15.48	15.48	15.45	15.4652	8703	yfinance_1m
2026-08-04T14:44:00-04:00	15.47	15.505	15.465	15.505	5741	yfinance_1m
2026-08-04T14:45:00-04:00	15.51	15.52	15.495	15.52	8436	yfinance_1m
2026-08-04T14:46:00-04:00	15.5	15.53	15.5	15.52	3464	yfinance_1m
2026-08-04T14:47:00-04:00	15.53	15.57	15.52	15.565	7746	yfinance_1m
2026-08-04T14:48:00-04:00	15.54	15.545	15.54	15.545	1633	yfinance_1m
2026-08-04T14:49:00-04:00	15.53	15.6099	15.52	15.5665	10194	yfinance_1m
2026-08-04T14:50:00-04:00	15.585	15.585	15.56	15.56	1520	yfinance_1m
2026-08-04T14:51:00-04:00	15.56	15.585	15.56	15.56	1645	yfinance_1m
2026-08-04T14:52:00-04:00	15.56	15.585	15.52	15.53	5035	yfinance_1m
2026-08-04T14:53:00-04:00	15.5	15.56	15.49	15.52	2542	yfinance_1m
2026-08-04T14:54:00-04:00	15.52	15.52	15.5	15.52	5851	yfinance_1m
2026-08-04T14:55:00-04:00	15.5	15.58	15.5	15.58	5933	yfinance_1m
2026-08-04T14:56:00-04:00	15.585	15.61	15.56	15.5741	2460	yfinance_1m
2026-08-04T14:57:00-04:00	15.585	15.585	15.56	15.56	3907	yfinance_1m
2026-08-04T14:58:00-04:00	15.54	15.59	15.52	15.567949	8595	yfinance_1m
2026-08-04T14:59:00-04:00	15.57	15.57	15.55	15.555	3573	yfinance_1m
2026-08-04T15:00:00-04:00	15.555	15.595	15.53	15.595	10643	yfinance_1m
2026-08-04T15:01:00-04:00	15.57	15.5884	15.57	15.5776	2929	yfinance_1m
2026-08-04T15:02:00-04:00	15.585	15.6041	15.56	15.575	2671	yfinance_1m
2026-08-04T15:03:00-04:00	15.56	15.575	15.56	15.57	5314	yfinance_1m
2026-08-04T15:04:00-04:00	15.56	15.59	15.56	15.58	10917	yfinance_1m
2026-08-04T15:05:00-04:00	15.575	15.5789	15.575	15.575	2383	yfinance_1m
2026-08-04T15:06:00-04:00	15.56	15.575	15.56	15.575	1525	yfinance_1m
2026-08-04T15:07:00-04:00	15.56	15.5852	15.55	15.5852	2160	yfinance_1m
2026-08-04T15:08:00-04:00	15.56	15.59	15.45	15.45	14034	yfinance_1m
2026-08-04T15:09:00-04:00	15.47	15.51	15.45	15.495	10718	yfinance_1m
2026-08-04T15:10:00-04:00	15.48	15.48	15.44	15.445	10776	yfinance_1m
2026-08-04T15:11:00-04:00	15.4476	15.45	15.4	15.415	11933	yfinance_1m
2026-08-04T15:12:00-04:00	15.415	15.4262	15.385	15.385	5443	yfinance_1m
2026-08-04T15:13:00-04:00	15.37	15.44	15.36	15.44	21256	yfinance_1m
2026-08-04T15:14:00-04:00	15.44	15.48	15.44	15.48	5004	yfinance_1m
2026-08-04T15:15:00-04:00	15.4799	15.4864	15.46	15.46	3062	yfinance_1m
2026-08-04T15:16:00-04:00	15.46	15.47	15.44	15.46	2542	yfinance_1m
2026-08-04T15:17:00-04:00	15.44	15.5	15.43	15.5	14044	yfinance_1m
2026-08-04T15:18:00-04:00	15.55	15.57	15.54	15.54	2566	yfinance_1m
2026-08-04T15:19:00-04:00	15.5449	15.5449	15.51	15.52	3750	yfinance_1m
2026-08-04T15:20:00-04:00	15.53	15.6198	15.52	15.56	28352	yfinance_1m
2026-08-04T15:21:00-04:00	15.565	15.5664	15.5433	15.555	3482	yfinance_1m
2026-08-04T15:22:00-04:00	15.555	15.555	15.5	15.515	5495	yfinance_1m
2026-08-04T15:23:00-04:00	15.5	15.515	15.44	15.48	10538	yfinance_1m
2026-08-04T15:24:00-04:00	15.5	15.53	15.5	15.53	2442	yfinance_1m
2026-08-04T15:25:00-04:00	15.515	15.5264	15.5	15.5	5412	yfinance_1m
2026-08-04T15:26:00-04:00	15.51	15.56	15.49	15.56	14216	yfinance_1m
2026-08-04T15:28:00-04:00	15.56	15.56	15.52	15.52	3029	yfinance_1m
2026-08-04T15:29:00-04:00	15.52	15.5535	15.48	15.52	9334	yfinance_1m
2026-08-04T15:30:00-04:00	15.52	15.53	15.5	15.52	8851	yfinance_1m
2026-08-04T15:31:00-04:00	15.51	15.53	15.46	15.53	11946	yfinance_1m
2026-08-04T15:32:00-04:00	15.52	15.52	15.48	15.48	2346	yfinance_1m
2026-08-04T15:33:00-04:00	15.481	15.53	15.48	15.52	7592	yfinance_1m
2026-08-04T15:34:00-04:00	15.53	15.53	15.5	15.5133	3045	yfinance_1m
2026-08-04T15:35:00-04:00	15.52	15.54	15.48	15.48	10686	yfinance_1m
2026-08-04T15:36:00-04:00	15.46	15.48	15.46	15.465	7949	yfinance_1m
2026-08-04T15:37:00-04:00	15.465	15.57	15.465	15.57	16817	yfinance_1m
2026-08-04T15:38:00-04:00	15.6	15.685	15.6	15.64	3400	yfinance_1m
2026-08-04T15:39:00-04:00	15.695	15.7228	15.63	15.6698	4983	yfinance_1m
2026-08-04T15:40:00-04:00	15.65	15.65	15.59	15.59	9560	yfinance_1m
2026-08-04T15:41:00-04:00	15.59	15.65	15.58	15.64	13090	yfinance_1m
2026-08-04T15:42:00-04:00	15.64	15.66	15.64	15.66	8428	yfinance_1m
2026-08-04T15:43:00-04:00	15.66	15.68	15.66	15.675	7689	yfinance_1m
2026-08-04T15:44:00-04:00	15.675	15.6799	15.64	15.64	8324	yfinance_1m
2026-08-04T15:45:00-04:00	15.64	15.66	15.63	15.66	13127	yfinance_1m
2026-08-04T15:46:00-04:00	15.66	15.67	15.66	15.66	6201	yfinance_1m
2026-08-04T15:47:00-04:00	15.66	15.67	15.605	15.605	23034	yfinance_1m
2026-08-04T15:48:00-04:00	15.62	15.62	15.52	15.54	18063	yfinance_1m
2026-08-04T15:49:00-04:00	15.545	15.55	15.46	15.46	16340	yfinance_1m
2026-08-04T15:50:00-04:00	15.485	15.52	15.45	15.51	8466	yfinance_1m
2026-08-04T15:51:00-04:00	15.52	15.54	15.365	15.365	45951	yfinance_1m
2026-08-04T15:52:00-04:00	15.365	15.41	15.35	15.365	22232	yfinance_1m
2026-08-04T15:53:00-04:00	15.36	15.38	15.335	15.37	29788	yfinance_1m
2026-08-04T15:54:00-04:00	15.36	15.4	15.36	15.4	12071	yfinance_1m
2026-08-04T15:55:00-04:00	15.38	15.4	15.3406	15.35	20163	yfinance_1m
2026-08-04T15:56:00-04:00	15.35	15.35	15.275	15.28	39287	yfinance_1m
2026-08-04T15:57:00-04:00	15.28	15.3	15.265	15.3	45465	yfinance_1m
2026-08-04T15:58:00-04:00	15.3	15.3	15.215	15.215	52467	yfinance_1m
2026-08-04T15:59:00-04:00	15.215	15.34	15.21	15.3	102357	yfinance_1m
2026-08-05T09:30:00-04:00	15.0	15.07	14.85	15.0	85743	yfinance_1m
2026-08-05T09:31:00-04:00	14.88	15.17	14.88	14.97	17378	yfinance_1m
2026-08-05T09:32:00-04:00	14.88	14.88	14.63	14.63	11977	yfinance_1m
2026-08-05T09:33:00-04:00	14.5	14.735	14.13	14.14	24776	yfinance_1m
2026-08-05T09:34:00-04:00	14.08	14.08	13.62	13.84	35461	yfinance_1m
2026-08-05T09:35:00-04:00	13.8	14.02	13.715	13.935	41222	yfinance_1m
2026-08-05T09:36:00-04:00	13.85	13.935	13.7001	13.81	15224	yfinance_1m
2026-08-05T09:37:00-04:00	13.76	13.944	13.76	13.89	3626	yfinance_1m
2026-08-05T09:38:00-04:00	13.82	14.09	13.82	13.9999	8611	yfinance_1m
2026-08-05T09:39:00-04:00	13.94	13.967	13.87	13.905	6184	yfinance_1m
2026-08-05T09:40:00-04:00	13.86	13.9492	13.775	13.915	26259	yfinance_1m
2026-08-05T09:41:00-04:00	13.88	14.055	13.86	14.045	12544	yfinance_1m
2026-08-05T09:42:00-04:00	13.99	14.0901	13.99	14.06	5248	yfinance_1m
2026-08-05T09:43:00-04:00	14.02	14.0901	13.8901	13.8901	9567	yfinance_1m
2026-08-05T09:44:00-04:00	13.9554	14.04	13.95	14.035	7361	yfinance_1m
2026-08-05T09:45:00-04:00	13.98	13.98	13.81	13.8743	6873	yfinance_1m
2026-08-05T09:46:00-04:00	13.82	13.9	13.75	13.8157	21418	yfinance_1m
2026-08-05T09:47:00-04:00	13.875	14.018	13.875	13.92	5520	yfinance_1m
2026-08-05T09:48:00-04:00	13.92	13.9905	13.9	13.9	4486	yfinance_1m
2026-08-05T09:49:00-04:00	13.88	13.986	13.87	13.986	4104	yfinance_1m
2026-08-05T09:50:00-04:00	13.98	14.0	13.89	13.89	8142	yfinance_1m
2026-08-05T09:51:00-04:00	13.88	13.9423	13.82	13.86	3987	yfinance_1m
2026-08-05T09:52:00-04:00	13.82	13.9	13.81	13.85	19335	yfinance_1m
2026-08-05T09:53:00-04:00	13.85	13.9	13.8	13.8	6769	yfinance_1m
2026-08-05T09:54:00-04:00	13.805	13.8906	13.8	13.865	5999	yfinance_1m
2026-08-05T09:55:00-04:00	13.867	14.03	13.867	14.0	9220	yfinance_1m
2026-08-05T09:56:00-04:00	14.0632	14.0632	13.97	13.99	8061	yfinance_1m
2026-08-05T09:57:00-04:00	14.0	14.03	13.99	13.99	7587	yfinance_1m
2026-08-05T09:58:00-04:00	13.99	13.99	13.9	13.9	4636	yfinance_1m
2026-08-05T09:59:00-04:00	13.94	13.9667	13.86	13.862	8769	yfinance_1m
2026-08-05T10:00:00-04:00	13.85	13.9171	13.81	13.84	6940	yfinance_1m
2026-08-05T10:01:00-04:00	13.81	13.835	13.7	13.72	14758	yfinance_1m
2026-08-05T10:02:00-04:00	13.75	13.8458	13.72	13.75	15834	yfinance_1m
2026-08-05T10:03:00-04:00	13.755	13.7741	13.73	13.76	5628	yfinance_1m
2026-08-05T10:04:00-04:00	13.78	13.89	13.7502	13.85	8745	yfinance_1m
2026-08-05T10:05:00-04:00	13.845	13.925	13.845	13.92	7322	yfinance_1m
2026-08-05T10:06:00-04:00	13.88	13.925	13.88	13.9	2661	yfinance_1m
2026-08-05T10:07:00-04:00	13.88	13.92	13.86	13.89	17515	yfinance_1m
2026-08-05T10:08:00-04:00	13.9152	13.93	13.86	13.905	10722	yfinance_1m
2026-08-05T10:09:00-04:00	13.91	13.9399	13.87	13.92	9358	yfinance_1m
2026-08-05T10:10:00-04:00	13.94	13.97	13.9	13.91	19600	yfinance_1m
2026-08-05T10:11:00-04:00	13.9	13.925	13.895	13.905	9745	yfinance_1m
2026-08-05T10:12:00-04:00	13.9318	13.9318	13.8194	13.8194	4026	yfinance_1m
2026-08-05T10:13:00-04:00	13.84	13.8899	13.79	13.85	6133	yfinance_1m
2026-08-05T10:14:00-04:00	13.8597	13.87	13.78	13.87	5868	yfinance_1m
2026-08-05T10:15:00-04:00	13.8696	13.8696	13.79	13.8	3721	yfinance_1m
2026-08-05T10:16:00-04:00	13.78	13.87	13.78	13.8259	8965	yfinance_1m
2026-08-05T10:17:00-04:00	13.84	13.84	13.725	13.73	6312	yfinance_1m
2026-08-05T10:18:00-04:00	13.75	13.76	13.67	13.69	4328	yfinance_1m
2026-08-05T10:19:00-04:00	13.69	13.72	13.65	13.72	7300	yfinance_1m
2026-08-05T10:20:00-04:00	13.705	13.74	13.705	13.74	1493	yfinance_1m
2026-08-05T10:21:00-04:00	13.74	13.8	13.735	13.8	6595	yfinance_1m
2026-08-05T10:22:00-04:00	13.76	13.8	13.7	13.7129	4039	yfinance_1m
2026-08-05T10:23:00-04:00	13.6762	13.713	13.6	13.61	7477	yfinance_1m
2026-08-05T10:24:00-04:00	13.6893	13.6973	13.63	13.6973	6489	yfinance_1m
2026-08-05T10:25:00-04:00	13.7	13.735	13.651	13.685	2426	yfinance_1m
2026-08-05T10:26:00-04:00	13.685	13.685	13.6	13.6001	12683	yfinance_1m
2026-08-05T10:27:00-04:00	13.61	13.66	13.6	13.645	3706	yfinance_1m
2026-08-05T10:28:00-04:00	13.6	13.69	13.58	13.59	5479	yfinance_1m
2026-08-05T10:29:00-04:00	13.62	13.69	13.62	13.65	1986	yfinance_1m
2026-08-05T10:30:00-04:00	13.61	13.61	13.51	13.53	12103	yfinance_1m
2026-08-05T10:31:00-04:00	13.59	13.5954	13.53	13.5954	3468	yfinance_1m
2026-08-05T10:32:00-04:00	13.585	13.63	13.535	13.56	4652	yfinance_1m
2026-08-05T10:33:00-04:00	13.64	13.68	13.64	13.675	1513	yfinance_1m
2026-08-05T10:34:00-04:00	13.66	13.68	13.62	13.62	2924	yfinance_1m
2026-08-05T10:35:00-04:00	13.65	13.66	13.63	13.65	2970	yfinance_1m
2026-08-05T10:36:00-04:00	13.63	13.6499	13.6	13.6499	1344	yfinance_1m
2026-08-05T10:37:00-04:00	13.6464	13.67	13.625	13.67	5409	yfinance_1m
2026-08-05T10:38:00-04:00	13.65	13.675	13.61	13.6401	15653	yfinance_1m
2026-08-05T10:39:00-04:00	13.67	13.67	13.6	13.6	3382	yfinance_1m
2026-08-05T10:40:00-04:00	13.6	13.64	13.44	13.44	91501	yfinance_1m
2026-08-05T10:41:00-04:00	13.4899	13.49	13.4442	13.47	3486	yfinance_1m
2026-08-05T10:42:00-04:00	13.4929	13.5	13.4555	13.48	2820	yfinance_1m
2026-08-05T10:43:00-04:00	13.48	13.48	13.34	13.425	19965	yfinance_1m
2026-08-05T10:44:00-04:00	13.425	13.46	13.425	13.44	4794	yfinance_1m
2026-08-05T10:45:00-04:00	13.4248	13.4248	13.34	13.34	2835	yfinance_1m
2026-08-05T10:46:00-04:00	13.37	13.4	13.26	13.28	16703	yfinance_1m
2026-08-05T10:47:00-04:00	13.27	13.27	13.2	13.2	7814	yfinance_1m
2026-08-05T10:48:00-04:00	13.2387	13.24	13.21	13.24	5363	yfinance_1m
2026-08-05T10:49:00-04:00	13.255	13.34	13.255	13.32	6679	yfinance_1m
2026-08-05T10:50:00-04:00	13.32	13.32	13.32	13.32	781	yfinance_1m
2026-08-05T10:51:00-04:00	13.34	13.3674	13.31	13.34	12670	yfinance_1m
2026-08-05T10:52:00-04:00	13.34	13.34	13.28	13.295	3899	yfinance_1m
2026-08-05T10:53:00-04:00	13.295	13.33	13.25	13.28	11282	yfinance_1m
2026-08-05T10:54:00-04:00	13.2942	13.3099	13.27	13.28	2656	yfinance_1m
2026-08-05T10:55:00-04:00	13.27	13.28	13.25	13.26	3936	yfinance_1m
2026-08-05T10:56:00-04:00	13.26	13.2641	13.23	13.24	8010	yfinance_1m
2026-08-05T10:57:00-04:00	13.27	13.28	13.265	13.28	1688	yfinance_1m
2026-08-05T10:58:00-04:00	13.2681	13.32	13.25	13.27	11155	yfinance_1m
2026-08-05T10:59:00-04:00	13.2559	13.3	13.2559	13.29	3931	yfinance_1m
2026-08-05T11:00:00-04:00	13.28	13.3	13.27	13.3	3336	yfinance_1m
2026-08-05T11:01:00-04:00	13.305	13.32	13.28	13.295	6031	yfinance_1m
2026-08-05T11:02:00-04:00	13.31	13.33	13.295	13.33	3701	yfinance_1m
2026-08-05T11:03:00-04:00	13.315	13.32	13.2801	13.3165	8712	yfinance_1m
2026-08-05T11:04:00-04:00	13.32	13.365	13.32	13.32	7836	yfinance_1m
2026-08-05T11:05:00-04:00	13.335	13.3899	13.32	13.3899	2240	yfinance_1m
2026-08-05T11:06:00-04:00	13.3864	13.41	13.36	13.4	7057	yfinance_1m
2026-08-05T11:07:00-04:00	13.4299	13.4476	13.4	13.4476	5517	yfinance_1m
2026-08-05T11:08:00-04:00	13.39	13.43	13.39	13.42	4670	yfinance_1m
2026-08-05T11:09:00-04:00	13.405	13.42	13.39	13.42	4430	yfinance_1m
2026-08-05T11:10:00-04:00	13.435	13.4997	13.37	13.3701	16894	yfinance_1m
2026-08-05T11:11:00-04:00	13.395	13.395	13.37	13.37	4379	yfinance_1m
2026-08-05T11:12:00-04:00	13.36	13.37	13.36	13.37	2265	yfinance_1m
2026-08-05T11:13:00-04:00	13.36	13.43	13.345	13.41	11665	yfinance_1m
2026-08-05T11:14:00-04:00	13.4	13.41	13.35	13.37	13720	yfinance_1m
2026-08-05T11:15:00-04:00	13.4065	13.4065	13.34	13.34	6298	yfinance_1m
2026-08-05T11:16:00-04:00	13.34	13.345	13.33	13.345	950	yfinance_1m
2026-08-05T11:17:00-04:00	13.33	13.36	13.3101	13.33	17765	yfinance_1m
2026-08-05T11:18:00-04:00	13.335	13.335	13.25	13.295	16858	yfinance_1m
2026-08-05T11:19:00-04:00	13.305	13.3474	13.28	13.32	3746	yfinance_1m
2026-08-05T11:20:00-04:00	13.31	13.3295	13.31	13.3295	2070	yfinance_1m
2026-08-05T11:21:00-04:00	13.315	13.37	13.28	13.29	5373	yfinance_1m
2026-08-05T11:22:00-04:00	13.27	13.29	13.25	13.29	1893	yfinance_1m
2026-08-05T11:23:00-04:00	13.29	13.32	13.28	13.32	4193	yfinance_1m
2026-08-05T11:24:00-04:00	13.345	13.3718	13.345	13.345	972	yfinance_1m
2026-08-05T11:25:00-04:00	13.35	13.355	13.31	13.31	3501	yfinance_1m
2026-08-05T11:26:00-04:00	13.3	13.3	13.3	13.3	620	yfinance_1m
2026-08-05T11:27:00-04:00	13.325	13.3499	13.325	13.3499	801	yfinance_1m
2026-08-05T11:28:00-04:00	13.325	13.325	13.25	13.255	8341	yfinance_1m
2026-08-05T11:29:00-04:00	13.25	13.27	13.25	13.25	3136	yfinance_1m
2026-08-05T11:30:00-04:00	13.25	13.28	13.25	13.28	2211	yfinance_1m
2026-08-05T11:31:00-04:00	13.2864	13.29	13.275	13.29	1122	yfinance_1m
2026-08-05T11:32:00-04:00	13.29	13.29	13.26	13.2639	4662	yfinance_1m
2026-08-05T11:33:00-04:00	13.27	13.27	13.235	13.235	3862	yfinance_1m
2026-08-05T11:34:00-04:00	13.24	13.24	13.22	13.22	2053	yfinance_1m
2026-08-05T11:35:00-04:00	13.22	13.23	13.165	13.175	0	yfinance_1m
2026-08-05T11:36:00-04:00	13.2	13.2	13.165	13.17	3707	yfinance_1m
2026-08-05T11:37:00-04:00	13.1885	13.2099	13.1885	13.195	2530	yfinance_1m
2026-08-05T11:38:00-04:00	13.2	13.22	13.2	13.22	1595	yfinance_1m
2026-08-05T11:39:00-04:00	13.2299	13.24	13.215	13.24	2309	yfinance_1m
2026-08-05T11:40:00-04:00	13.255	13.2607	13.23	13.23	3801	yfinance_1m
2026-08-05T11:41:00-04:00	13.22	13.22	13.2001	13.2001	3093	yfinance_1m
2026-08-05T11:42:00-04:00	13.21	13.26	13.21	13.2506	4744	yfinance_1m
2026-08-05T11:43:00-04:00	13.25	13.28	13.25	13.28	3774	yfinance_1m
2026-08-05T11:44:00-04:00	13.26	13.26	13.255	13.255	1613	yfinance_1m
2026-08-05T11:45:00-04:00	13.265	13.265	13.26	13.26	2198	yfinance_1m
2026-08-05T11:46:00-04:00	13.25	13.265	13.25	13.25	3715	yfinance_1m
2026-08-05T11:47:00-04:00	13.265	13.31	13.265	13.31	3363	yfinance_1m
2026-08-05T11:48:00-04:00	13.3359	13.38	13.325	13.345	5570	yfinance_1m
2026-08-05T11:49:00-04:00	13.33	13.33	13.33	13.33	1515	yfinance_1m
2026-08-05T11:50:00-04:00	13.3752	13.3752	13.3752	13.3752	0	yfinance_1m
