timestamp_et	open	high	low	close	volume	source
2026-09-03T09:30:00-04:00	8.84	8.89	8.77	8.77	31062	yfinance_1m
2026-09-03T09:31:00-04:00	8.84	8.84	8.785	8.805	3152	yfinance_1m
2026-09-03T09:32:00-04:00	8.84	8.84	8.805	8.805	1272	yfinance_1m
2026-09-03T09:33:00-04:00	8.82	8.87	8.8	8.855	8790	yfinance_1m
2026-09-03T09:34:00-04:00	8.88	8.88	8.795	8.83	8205	yfinance_1m
2026-09-03T09:35:00-04:00	8.86	8.91	8.835	8.86	11826	yfinance_1m
2026-09-03T09:36:00-04:00	8.85	8.85	8.8	8.815	7194	yfinance_1m
2026-09-03T09:37:00-04:00	8.8	8.86	8.79	8.86	4907	yfinance_1m
2026-09-03T09:38:00-04:00	8.845	8.89	8.84	8.865	12543	yfinance_1m
2026-09-03T09:39:00-04:00	8.84	8.85	8.8	8.81	7853	yfinance_1m
2026-09-03T09:40:00-04:00	8.81	8.82	8.8	8.8	3716	yfinance_1m
2026-09-03T09:41:00-04:00	8.8	8.83	8.79	8.81	4732	yfinance_1m
2026-09-03T09:42:00-04:00	8.79	8.86	8.78	8.86	8100	yfinance_1m
2026-09-03T09:43:00-04:00	8.84	8.84	8.79	8.8368	4042	yfinance_1m
2026-09-03T09:44:00-04:00	8.825	8.825	8.795	8.81	5877	yfinance_1m
2026-09-03T09:45:00-04:00	8.82	8.9	8.8	8.9	3638	yfinance_1m
2026-09-03T09:46:00-04:00	8.92	8.98	8.919	8.96	9166	yfinance_1m
2026-09-03T09:47:00-04:00	8.96	8.98	8.96	8.98	2411	yfinance_1m
2026-09-03T09:48:00-04:00	8.98	9.0	8.96	9.0	8821	yfinance_1m
2026-09-03T09:49:00-04:00	8.96	8.96	8.8415	8.8415	14590	yfinance_1m
2026-09-03T09:50:00-04:00	8.86	8.879	8.85	8.875	7455	yfinance_1m
2026-09-03T09:51:00-04:00	8.884	8.93	8.884	8.91	2840	yfinance_1m
2026-09-03T09:52:00-04:00	8.915	8.9299	8.91	8.92	3125	yfinance_1m
2026-09-03T09:53:00-04:00	8.92	8.92	8.87	8.875	3210	yfinance_1m
2026-09-03T09:54:00-04:00	8.86	8.86	8.805	8.805	4762	yfinance_1m
2026-09-03T09:55:00-04:00	8.83	8.844499	8.83	8.844499	3112	yfinance_1m
2026-09-03T09:56:00-04:00	8.81	8.84	8.81	8.82	1388	yfinance_1m
2026-09-03T09:57:00-04:00	8.81	8.86	8.72	8.76	20516	yfinance_1m
2026-09-03T09:58:00-04:00	8.75	8.77	8.7	8.72	3325	yfinance_1m
2026-09-03T09:59:00-04:00	8.73	8.75	8.72	8.75	9179	yfinance_1m
2026-09-03T10:00:00-04:00	8.82	8.82	8.7	8.71	4827	yfinance_1m
2026-09-03T10:01:00-04:00	8.69	8.69	8.615	8.655	24317	yfinance_1m
2026-09-03T10:02:00-04:00	8.65	8.71	8.65	8.69	3726	yfinance_1m
2026-09-03T10:03:00-04:00	8.68	8.68	8.64	8.64	10859	yfinance_1m
2026-09-03T10:04:00-04:00	8.665	8.665	8.64	8.64	3110	yfinance_1m
2026-09-03T10:05:00-04:00	8.655	8.68	8.64	8.67	32108	yfinance_1m
2026-09-03T10:06:00-04:00	8.669	8.669	8.62	8.625	4940	yfinance_1m
2026-09-03T10:07:00-04:00	8.63	8.66	8.63	8.66	2701	yfinance_1m
2026-09-03T10:08:00-04:00	8.61	8.61	8.595	8.6	11044	yfinance_1m
2026-09-03T10:09:00-04:00	8.6	8.635	8.595	8.625	9122	yfinance_1m
2026-09-03T10:10:00-04:00	8.6101	8.63	8.6	8.63	3471	yfinance_1m
2026-09-03T10:11:00-04:00	8.58	8.5987	8.57	8.59	4257	yfinance_1m
2026-09-03T10:12:00-04:00	8.59	8.605	8.57	8.605	2111	yfinance_1m
2026-09-03T10:13:00-04:00	8.61	8.6237	8.57	8.57	4074	yfinance_1m
2026-09-03T10:14:00-04:00	8.5601	8.63	8.55	8.63	19582	yfinance_1m
2026-09-03T10:15:00-04:00	8.6	8.6	8.56	8.6	3007	yfinance_1m
2026-09-03T10:16:00-04:00	8.67	8.7	8.665	8.665	8132	yfinance_1m
2026-09-03T10:17:00-04:00	8.675	8.7	8.675	8.7	3790	yfinance_1m
2026-09-03T10:18:00-04:00	8.67	8.675	8.64	8.655	4507	yfinance_1m
2026-09-03T10:19:00-04:00	8.67	8.6885	8.65	8.665	3289	yfinance_1m
2026-09-03T10:20:00-04:00	8.64	8.665	8.64	8.665	1796	yfinance_1m
2026-09-03T10:21:00-04:00	8.665	8.69	8.665	8.67	3584	yfinance_1m
2026-09-03T10:22:00-04:00	8.67	8.67	8.61	8.61	5070	yfinance_1m
2026-09-03T10:23:00-04:00	8.615	8.64	8.615	8.625	2460	yfinance_1m
2026-09-03T10:24:00-04:00	8.63	8.63	8.61	8.611	3111	yfinance_1m
2026-09-03T10:25:00-04:00	8.61	8.6108	8.6054	8.6097	3030	yfinance_1m
2026-09-03T10:26:00-04:00	8.6	8.6	8.58	8.58	2927	yfinance_1m
2026-09-03T10:27:00-04:00	8.575	8.58	8.57	8.58	3520	yfinance_1m
2026-09-03T10:28:00-04:00	8.58	8.6072	8.58	8.58	3900	yfinance_1m
2026-09-03T10:29:00-04:00	8.57	8.57	8.57	8.57	2970	yfinance_1m
2026-09-03T10:30:00-04:00	8.57	8.57	8.56	8.56	6985	yfinance_1m
2026-09-03T10:31:00-04:00	8.56	8.57	8.54	8.55	8333	yfinance_1m
2026-09-03T10:32:00-04:00	8.55	8.55	8.54	8.545	3354	yfinance_1m
2026-09-03T10:33:00-04:00	8.54	8.57	8.54	8.55	13731	yfinance_1m
2026-09-03T10:34:00-04:00	8.5414	8.5414	8.54	8.54	808	yfinance_1m
2026-09-03T10:35:00-04:00	8.54	8.54	8.53	8.53	4798	yfinance_1m
2026-09-03T10:36:00-04:00	8.53	8.55	8.495	8.5	16334	yfinance_1m
2026-09-03T10:37:00-04:00	8.5	8.5	8.475	8.478	5850	yfinance_1m
2026-09-03T10:38:00-04:00	8.475	8.49	8.475	8.48	8113	yfinance_1m
2026-09-03T10:39:00-04:00	8.4855	8.49	8.4855	8.49	1663	yfinance_1m
2026-09-03T10:40:00-04:00	8.49	8.5	8.4896	8.49	3462	yfinance_1m
2026-09-03T10:41:00-04:00	8.48	8.48	8.47	8.48	6441	yfinance_1m
2026-09-03T10:42:00-04:00	8.48	8.49	8.4703	8.49	3864	yfinance_1m
2026-09-03T10:43:00-04:00	8.48	8.49	8.48	8.49	3292	yfinance_1m
2026-09-03T10:44:00-04:00	8.49	8.49	8.485	8.485	2151	yfinance_1m
2026-09-03T10:45:00-04:00	8.485	8.4904	8.485	8.49	2602	yfinance_1m
2026-09-03T10:46:00-04:00	8.49	8.5	8.49	8.4976	11884	yfinance_1m
2026-09-03T10:47:00-04:00	8.5	8.5155	8.5	8.5	7976	yfinance_1m
2026-09-03T10:48:00-04:00	8.51	8.51	8.48	8.48	4786	yfinance_1m
2026-09-03T10:49:00-04:00	8.48	8.48	8.46	8.46	8778	yfinance_1m
2026-09-03T10:50:00-04:00	8.4572	8.4572	8.4355	8.44	9459	yfinance_1m
2026-09-03T10:51:00-04:00	8.4402	8.45	8.43	8.4372	9644	yfinance_1m
2026-09-03T10:52:00-04:00	8.43	8.4351	8.43	8.4301	5439	yfinance_1m
2026-09-03T10:53:00-04:00	8.43	8.4399	8.42	8.43	9824	yfinance_1m
2026-09-03T10:54:00-04:00	8.43	8.441	8.43	8.44	6448	yfinance_1m
2026-09-03T10:55:00-04:00	8.4499	8.45	8.435	8.44	9350	yfinance_1m
2026-09-03T10:56:00-04:00	8.4351	8.49	8.4	8.455	45877	yfinance_1m
2026-09-03T10:57:00-04:00	8.45	8.51	8.45	8.51	7853	yfinance_1m
2026-09-03T10:58:00-04:00	8.51	8.51	8.51	8.51	2360	yfinance_1m
2026-09-03T10:59:00-04:00	8.51	8.52	8.51	8.515	3249	yfinance_1m
2026-09-03T11:00:00-04:00	8.515	8.55	8.515	8.55	9207	yfinance_1m
2026-09-03T11:01:00-04:00	8.55	8.55	8.54	8.54	9619	yfinance_1m
2026-09-03T11:02:00-04:00	8.54	8.55	8.5201	8.5201	2887	yfinance_1m
2026-09-03T11:03:00-04:00	8.535	8.54	8.535	8.54	826	yfinance_1m
2026-09-03T11:04:00-04:00	8.54	8.5532	8.54	8.5532	2371	yfinance_1m
2026-09-03T11:05:00-04:00	8.545	8.55	8.54	8.545	3617	yfinance_1m
2026-09-03T11:06:00-04:00	8.54	8.54	8.4995	8.4995	5672	yfinance_1m
2026-09-03T11:07:00-04:00	8.5199	8.5199	8.5	8.51	4178	yfinance_1m
2026-09-03T11:08:00-04:00	8.52	8.52	8.51	8.51	1260	yfinance_1m
2026-09-03T11:09:00-04:00	8.51	8.51	8.505	8.505	2806	yfinance_1m
2026-09-03T11:10:00-04:00	8.5051	8.5051	8.47	8.47	9347	yfinance_1m
2026-09-03T11:11:00-04:00	8.47	8.47	8.455	8.455	6457	yfinance_1m
2026-09-03T11:12:00-04:00	8.46	8.48	8.46	8.48	3743	yfinance_1m
2026-09-03T11:13:00-04:00	8.47	8.4803	8.46	8.48	1794	yfinance_1m
2026-09-03T11:14:00-04:00	8.49	8.5014	8.49	8.5	2434	yfinance_1m
2026-09-03T11:15:00-04:00	8.505	8.505	8.46	8.46	6915	yfinance_1m
2026-09-03T11:16:00-04:00	8.46	8.47	8.46	8.46	6649	yfinance_1m
2026-09-03T11:17:00-04:00	8.455	8.475	8.455	8.465	6646	yfinance_1m
2026-09-03T11:18:00-04:00	8.475	8.48	8.475	8.48	3672	yfinance_1m
2026-09-03T11:19:00-04:00	8.472	8.472	8.46	8.46	7790	yfinance_1m
2026-09-03T11:20:00-04:00	8.46	8.46	8.435	8.4471	14125	yfinance_1m
2026-09-03T11:21:00-04:00	8.44	8.445	8.43	8.44	1704	yfinance_1m
2026-09-03T11:22:00-04:00	8.44	8.4675	8.44	8.4675	5242	yfinance_1m
2026-09-03T11:23:00-04:00	8.46	8.46	8.45	8.455	4139	yfinance_1m
2026-09-03T11:24:00-04:00	8.455	8.455	8.4501	8.4501	2661	yfinance_1m
2026-09-03T11:25:00-04:00	8.45	8.45	8.45	8.45	2254	yfinance_1m
2026-09-03T11:26:00-04:00	8.445	8.45	8.445	8.45	6362	yfinance_1m
2026-09-03T11:27:00-04:00	8.455	8.455	8.435	8.44	3686	yfinance_1m
2026-09-03T11:28:00-04:00	8.44	8.455	8.44	8.445	3614	yfinance_1m
2026-09-03T11:29:00-04:00	8.45	8.47	8.445	8.455	6009	yfinance_1m
2026-09-03T11:30:00-04:00	8.458	8.458	8.45	8.455	3589	yfinance_1m
2026-09-03T11:31:00-04:00	8.46	8.465	8.46	8.46	4941	yfinance_1m
2026-09-03T11:32:00-04:00	8.46	8.46	8.46	8.46	2635	yfinance_1m
2026-09-03T11:33:00-04:00	8.45	8.45	8.43	8.43	9041	yfinance_1m
2026-09-03T11:34:00-04:00	8.43	8.48	8.43	8.465	8129	yfinance_1m
2026-09-03T11:35:00-04:00	8.47	8.48	8.47	8.47	3656	yfinance_1m
2026-09-03T11:36:00-04:00	8.47	8.47	8.46	8.46	9113	yfinance_1m
2026-09-03T11:37:00-04:00	8.47	8.47	8.46	8.46	2697	yfinance_1m
2026-09-03T11:38:00-04:00	8.45	8.45	8.45	8.45	2745	yfinance_1m
2026-09-03T11:39:00-04:00	8.45	8.46	8.45	8.46	3500	yfinance_1m
2026-09-03T11:40:00-04:00	8.46	8.47	8.4501	8.4501	1157	yfinance_1m
2026-09-03T11:41:00-04:00	8.46	8.46	8.46	8.46	1724	yfinance_1m
2026-09-03T11:42:00-04:00	8.46	8.465	8.46	8.465	2028	yfinance_1m
2026-09-03T11:43:00-04:00	8.46	8.465	8.46	8.465	1632	yfinance_1m
2026-09-03T11:44:00-04:00	8.465	8.47	8.455	8.46	14850	yfinance_1m
2026-09-03T11:45:00-04:00	8.46	8.46	8.455	8.455	2242	yfinance_1m
2026-09-03T11:46:00-04:00	8.46	8.5045	8.455	8.49	6572	yfinance_1m
2026-09-03T11:47:00-04:00	8.5	8.5	8.48	8.49	3860	yfinance_1m
2026-09-03T11:48:00-04:00	8.48	8.48	8.47	8.47	4340	yfinance_1m
2026-09-03T11:49:00-04:00	8.475	8.475	8.46	8.47	2787	yfinance_1m
2026-09-03T11:50:00-04:00	8.45	8.47	8.45	8.47	1163	yfinance_1m
2026-09-03T11:51:00-04:00	8.47	8.49	8.47	8.47	2856	yfinance_1m
2026-09-03T11:52:00-04:00	8.47	8.48	8.465	8.465	3061	yfinance_1m
2026-09-03T11:53:00-04:00	8.46	8.47	8.46	8.465	2477	yfinance_1m
2026-09-03T11:54:00-04:00	8.465	8.49	8.46	8.49	4202	yfinance_1m
2026-09-03T11:55:00-04:00	8.49	8.5	8.49	8.495	3974	yfinance_1m
2026-09-03T11:56:00-04:00	8.49	8.49	8.48	8.48	5167	yfinance_1m
2026-09-03T11:57:00-04:00	8.48	8.48	8.48	8.48	846	yfinance_1m
2026-09-03T11:58:00-04:00	8.47	8.48	8.46	8.48	7056	yfinance_1m
2026-09-03T11:59:00-04:00	8.47	8.48	8.47	8.47	4706	yfinance_1m
2026-09-03T12:00:00-04:00	8.48	8.48	8.48	8.48	3885	yfinance_1m
2026-09-03T12:01:00-04:00	8.48	8.48	8.48	8.48	2606	yfinance_1m
2026-09-03T12:02:00-04:00	8.47	8.48	8.47	8.47	1966	yfinance_1m
2026-09-03T12:03:00-04:00	8.47	8.47	8.47	8.47	1483	yfinance_1m
2026-09-03T12:04:00-04:00	8.46	8.47	8.455	8.455	7693	yfinance_1m
2026-09-03T12:05:00-04:00	8.4554	8.46	8.455	8.455	3557	yfinance_1m
2026-09-03T12:06:00-04:00	8.455	8.46	8.45	8.455	8758	yfinance_1m
2026-09-03T12:07:00-04:00	8.455	8.455	8.45	8.45	6110	yfinance_1m
2026-09-03T12:08:00-04:00	8.45	8.4599	8.445	8.445	5606	yfinance_1m
2026-09-03T12:09:00-04:00	8.445	8.445	8.44	8.44	953	yfinance_1m
2026-09-03T12:10:00-04:00	8.445	8.445	8.425	8.435	12330	yfinance_1m
2026-09-03T12:11:00-04:00	8.435	8.435	8.42	8.425	3815	yfinance_1m
2026-09-03T12:12:00-04:00	8.4302	8.435	8.43	8.43	1533	yfinance_1m
2026-09-03T12:13:00-04:00	8.435	8.44	8.43	8.435	8872	yfinance_1m
2026-09-03T12:14:00-04:00	8.44	8.45	8.44	8.45	3625	yfinance_1m
2026-09-03T12:15:00-04:00	8.45	8.465	8.45	8.465	2692	yfinance_1m
2026-09-03T12:16:00-04:00	8.465	8.47	8.46	8.465	3813	yfinance_1m
2026-09-03T12:17:00-04:00	8.465	8.465	8.445	8.445	7519	yfinance_1m
2026-09-03T12:18:00-04:00	8.45	8.46	8.45	8.45	4776	yfinance_1m
2026-09-03T12:19:00-04:00	8.455	8.465	8.455	8.46	2975	yfinance_1m
2026-09-03T12:20:00-04:00	8.46	8.46	8.46	8.46	977	yfinance_1m
2026-09-03T12:21:00-04:00	8.46	8.47	8.46	8.47	2997	yfinance_1m
2026-09-03T12:22:00-04:00	8.4799	8.4799	8.46	8.465	1730	yfinance_1m
2026-09-03T12:23:00-04:00	8.46	8.46	8.452	8.46	1806	yfinance_1m
2026-09-03T12:24:00-04:00	8.46	8.48	8.455	8.48	9401	yfinance_1m
2026-09-03T12:25:00-04:00	8.47	8.47	8.47	8.47	2019	yfinance_1m
2026-09-03T12:26:00-04:00	8.47	8.48	8.47	8.47	10153	yfinance_1m
2026-09-03T12:27:00-04:00	8.47	8.47	8.43	8.445	10650	yfinance_1m
2026-09-03T12:28:00-04:00	8.44	8.445	8.43	8.44	4942	yfinance_1m
2026-09-03T12:29:00-04:00	8.45	8.4592	8.44	8.44	5927	yfinance_1m
2026-09-03T12:30:00-04:00	8.45	8.45	8.45	8.45	766	yfinance_1m
2026-09-03T12:31:00-04:00	8.45	8.45	8.44	8.45	1999	yfinance_1m
2026-09-03T12:32:00-04:00	8.44	8.45	8.44	8.44	3978	yfinance_1m
2026-09-03T12:33:00-04:00	8.45	8.46	8.445	8.46	3304	yfinance_1m
2026-09-03T12:34:00-04:00	8.465	8.465	8.465	8.465	2805	yfinance_1m
2026-09-03T12:35:00-04:00	8.47	8.47	8.44	8.45	8475	yfinance_1m
2026-09-03T12:36:00-04:00	8.46	8.46	8.45	8.45	2943	yfinance_1m
2026-09-03T12:38:00-04:00	8.455	8.47	8.455	8.46	3565	yfinance_1m
2026-09-03T12:39:00-04:00	8.47	8.47	8.4698	8.47	1605	yfinance_1m
2026-09-03T12:40:00-04:00	8.46	8.46	8.45	8.46	4509	yfinance_1m
2026-09-03T12:41:00-04:00	8.46	8.46	8.46	8.46	814	yfinance_1m
2026-09-03T12:42:00-04:00	8.465	8.465	8.455	8.455	3003	yfinance_1m
2026-09-03T12:43:00-04:00	8.4661	8.4661	8.455	8.455	3090	yfinance_1m
2026-09-03T12:44:00-04:00	8.46	8.46	8.46	8.46	1141	yfinance_1m
2026-09-03T12:45:00-04:00	8.45	8.45	8.45	8.45	920	yfinance_1m
2026-09-03T12:46:00-04:00	8.46	8.4602	8.45	8.45	1130	yfinance_1m
2026-09-03T12:47:00-04:00	8.46	8.4601	8.45	8.46	2456	yfinance_1m
2026-09-03T12:48:00-04:00	8.46	8.46	8.46	8.46	1300	yfinance_1m
2026-09-03T12:49:00-04:00	8.46	8.475	8.45	8.46	4545	yfinance_1m
2026-09-03T12:50:00-04:00	8.47	8.47	8.44	8.44	13182	yfinance_1m
2026-09-03T12:51:00-04:00	8.435	8.441	8.43	8.44	7249	yfinance_1m
2026-09-03T12:52:00-04:00	8.45	8.4559	8.44	8.455	3598	yfinance_1m
2026-09-03T12:53:00-04:00	8.45	8.45	8.44	8.45	4386	yfinance_1m
2026-09-03T12:54:00-04:00	8.46	8.46	8.4586	8.46	2905	yfinance_1m
2026-09-03T12:55:00-04:00	8.465	8.47	8.46	8.47	2794	yfinance_1m
2026-09-03T12:56:00-04:00	8.48	8.48	8.46	8.47	1535	yfinance_1m
2026-09-03T12:57:00-04:00	8.46	8.46	8.45	8.45	3078	yfinance_1m
2026-09-03T12:58:00-04:00	8.45	8.45	8.44	8.44	1130	yfinance_1m
2026-09-03T12:59:00-04:00	8.46	8.47	8.45	8.47	4759	yfinance_1m
2026-09-03T13:00:00-04:00	8.47	8.47	8.455	8.455	4053	yfinance_1m
2026-09-03T13:01:00-04:00	8.4592	8.46	8.45	8.45	3298	yfinance_1m
2026-09-03T13:03:00-04:00	8.455	8.455	8.455	8.455	741	yfinance_1m
2026-09-03T13:04:00-04:00	8.455	8.455	8.45	8.45	1835	yfinance_1m
2026-09-03T13:05:00-04:00	8.45	8.46	8.45	8.455	7251	yfinance_1m
2026-09-03T13:06:00-04:00	8.47	8.47	8.455	8.455	3085	yfinance_1m
2026-09-03T13:07:00-04:00	8.45	8.47	8.45	8.46	3544	yfinance_1m
2026-09-03T13:08:00-04:00	8.46	8.47	8.46	8.46	4212	yfinance_1m
2026-09-03T13:09:00-04:00	8.46	8.46	8.46	8.46	1204	yfinance_1m
2026-09-03T13:10:00-04:00	8.46	8.4693	8.45	8.455	17560	yfinance_1m
2026-09-03T13:11:00-04:00	8.45	8.45	8.45	8.45	823	yfinance_1m
2026-09-03T13:12:00-04:00	8.45	8.46	8.45	8.46	2888	yfinance_1m
2026-09-03T13:13:00-04:00	8.45	8.46	8.44	8.45	13670	yfinance_1m
2026-09-03T13:14:00-04:00	8.4504	8.46	8.45	8.455	4395	yfinance_1m
2026-09-03T13:15:00-04:00	8.4699	8.4699	8.4699	8.4699	1112	yfinance_1m
2026-09-03T13:16:00-04:00	8.465	8.465	8.455	8.46	3713	yfinance_1m
2026-09-03T13:17:00-04:00	8.46	8.47	8.46	8.46	4644	yfinance_1m
2026-09-03T13:18:00-04:00	8.47	8.47	8.47	8.47	1260	yfinance_1m
2026-09-03T13:19:00-04:00	8.47	8.47	8.46	8.46	2416	yfinance_1m
2026-09-03T13:20:00-04:00	8.46	8.4636	8.46	8.46	3058	yfinance_1m
2026-09-03T13:21:00-04:00	8.46	8.46	8.46	8.46	2024	yfinance_1m
2026-09-03T13:22:00-04:00	8.46	8.46	8.46	8.46	1392	yfinance_1m
2026-09-03T13:23:00-04:00	8.46	8.46	8.46	8.46	1198	yfinance_1m
2026-09-03T13:24:00-04:00	8.47	8.47	8.46	8.465	1786	yfinance_1m
2026-09-03T13:25:00-04:00	8.465	8.48	8.46	8.475	2280	yfinance_1m
2026-09-03T13:26:00-04:00	8.475	8.485	8.475	8.485	2149	yfinance_1m
2026-09-03T13:27:00-04:00	8.485	8.51	8.48	8.51	19610	yfinance_1m
2026-09-03T13:28:00-04:00	8.5049	8.51	8.49	8.495	11997	yfinance_1m
2026-09-03T13:29:00-04:00	8.49	8.56	8.49	8.56	8461	yfinance_1m
2026-09-03T13:30:00-04:00	8.57	8.6	8.55	8.59	47177	yfinance_1m
2026-09-03T13:31:00-04:00	8.58	8.595	8.58	8.595	8074	yfinance_1m
2026-09-03T13:32:00-04:00	8.59	8.59	8.56	8.56	7531	yfinance_1m
2026-09-03T13:33:00-04:00	8.56	8.56	8.55	8.55	5534	yfinance_1m
2026-09-03T13:34:00-04:00	8.545	8.55	8.535	8.535	4800	yfinance_1m
2026-09-03T13:35:00-04:00	8.535	8.54	8.53	8.53	1807	yfinance_1m
2026-09-03T13:36:00-04:00	8.5465	8.5465	8.52	8.54	5820	yfinance_1m
2026-09-03T13:37:00-04:00	8.53	8.54	8.52	8.52	7198	yfinance_1m
2026-09-03T13:38:00-04:00	8.52	8.52	8.51	8.51	1597	yfinance_1m
2026-09-03T13:39:00-04:00	8.52	8.52	8.5	8.5	4501	yfinance_1m
2026-09-03T13:40:00-04:00	8.5037	8.5037	8.485	8.485	7480	yfinance_1m
2026-09-03T13:41:00-04:00	8.49	8.49	8.48	8.49	2174	yfinance_1m
2026-09-03T13:42:00-04:00	8.49	8.52	8.49	8.515	19934	yfinance_1m
2026-09-03T13:43:00-04:00	8.515	8.53	8.515	8.515	4281	yfinance_1m
2026-09-03T13:44:00-04:00	8.515	8.53	8.515	8.53	5142	yfinance_1m
2026-09-03T13:45:00-04:00	8.53	8.53	8.53	8.53	728	yfinance_1m
2026-09-03T13:46:00-04:00	8.52	8.5407	8.52	8.54	6132	yfinance_1m
2026-09-03T13:47:00-04:00	8.55	8.55	8.505	8.505	12054	yfinance_1m
2026-09-03T13:48:00-04:00	8.505	8.52	8.505	8.515	3899	yfinance_1m
2026-09-03T13:50:00-04:00	8.495	8.495	8.495	8.495	6414	yfinance_1m
2026-09-03T13:51:00-04:00	8.5	8.5	8.49	8.49	1896	yfinance_1m
2026-09-03T13:52:00-04:00	8.49	8.49	8.48	8.48	1579	yfinance_1m
2026-09-03T13:55:00-04:00	8.49	8.505	8.49	8.505	9176	yfinance_1m
2026-09-03T13:56:00-04:00	8.5074	8.51	8.5	8.5	2261	yfinance_1m
2026-09-03T13:57:00-04:00	8.51	8.52	8.51	8.51	3240	yfinance_1m
2026-09-03T13:58:00-04:00	8.51	8.52	8.51	8.52	3201	yfinance_1m
2026-09-03T13:59:00-04:00	8.515	8.515	8.51	8.51	3548	yfinance_1m
2026-09-03T14:00:00-04:00	8.51	8.51	8.495	8.5	4806	yfinance_1m
2026-09-03T14:01:00-04:00	8.5	8.5	8.49	8.49	1901	yfinance_1m
2026-09-03T14:02:00-04:00	8.49	8.49	8.49	8.49	1365	yfinance_1m
2026-09-03T14:03:00-04:00	8.49	8.49	8.49	8.49	1688	yfinance_1m
2026-09-03T14:04:00-04:00	8.5	8.5	8.46	8.465	10000	yfinance_1m
2026-09-03T14:05:00-04:00	8.47	8.475	8.45	8.46	2954	yfinance_1m
2026-09-03T14:06:00-04:00	8.46	8.46	8.46	8.46	2306	yfinance_1m
2026-09-03T14:07:00-04:00	8.46	8.46	8.45	8.455	3117	yfinance_1m
2026-09-03T14:08:00-04:00	8.455	8.46	8.45	8.455	4448	yfinance_1m
2026-09-03T14:09:00-04:00	8.45	8.455	8.45	8.45	2295	yfinance_1m
2026-09-03T14:10:00-04:00	8.455	8.455	8.44	8.44	6307	yfinance_1m
2026-09-03T14:11:00-04:00	8.445	8.45	8.445	8.45	4293	yfinance_1m
2026-09-03T14:12:00-04:00	8.46	8.46	8.46	8.46	2701	yfinance_1m
2026-09-03T14:13:00-04:00	8.46	8.46	8.45	8.455	1151	yfinance_1m
2026-09-03T14:14:00-04:00	8.455	8.455	8.455	8.455	1636	yfinance_1m
2026-09-03T14:15:00-04:00	8.455	8.465	8.45	8.465	5433	yfinance_1m
2026-09-03T14:16:00-04:00	8.47	8.47	8.46	8.47	4146	yfinance_1m
2026-09-03T14:17:00-04:00	8.47	8.47	8.46	8.465	7599	yfinance_1m
2026-09-03T14:19:00-04:00	8.465	8.475	8.465	8.475	2524	yfinance_1m
2026-09-03T14:20:00-04:00	8.475	8.4786	8.47	8.47	2591	yfinance_1m
2026-09-03T14:21:00-04:00	8.475	8.475	8.46	8.465	8634	yfinance_1m
2026-09-03T14:22:00-04:00	8.465	8.47	8.46	8.46	3671	yfinance_1m
2026-09-03T14:23:00-04:00	8.465	8.475	8.46	8.475	5202	yfinance_1m
2026-09-03T14:24:00-04:00	8.475	8.475	8.475	8.475	818	yfinance_1m
2026-09-03T14:25:00-04:00	8.475	8.475	8.475	8.475	2882	yfinance_1m
2026-09-03T14:26:00-04:00	8.475	8.475	8.465	8.465	4987	yfinance_1m
2026-09-03T14:27:00-04:00	8.465	8.47	8.465	8.465	1896	yfinance_1m
2026-09-03T14:28:00-04:00	8.47	8.47	8.465	8.47	1996	yfinance_1m
2026-09-03T14:29:00-04:00	8.465	8.4791	8.465	8.47	6850	yfinance_1m
2026-09-03T14:30:00-04:00	8.47	8.47	8.47	8.47	415	yfinance_1m
2026-09-03T14:31:00-04:00	8.47	8.47	8.46	8.465	3061	yfinance_1m
2026-09-03T14:32:00-04:00	8.465	8.465	8.465	8.465	1785	yfinance_1m
2026-09-03T14:33:00-04:00	8.46	8.465	8.46	8.465	930	yfinance_1m
2026-09-03T14:34:00-04:00	8.46	8.465	8.45	8.45	6321	yfinance_1m
2026-09-03T14:35:00-04:00	8.45	8.45	8.45	8.45	1823	yfinance_1m
2026-09-03T14:36:00-04:00	8.45	8.4599	8.45	8.455	2419	yfinance_1m
2026-09-03T14:37:00-04:00	8.4599	8.4599	8.45	8.45	2011	yfinance_1m
2026-09-03T14:38:00-04:00	8.45	8.455	8.45	8.455	812	yfinance_1m
2026-09-03T14:39:00-04:00	8.455	8.455	8.43	8.43	17736	yfinance_1m
2026-09-03T14:40:00-04:00	8.435	8.435	8.435	8.435	2904	yfinance_1m
2026-09-03T14:41:00-04:00	8.4398	8.4398	8.43	8.43	2392	yfinance_1m
2026-09-03T14:42:00-04:00	8.4397	8.4397	8.42	8.425	17375	yfinance_1m
2026-09-03T14:43:00-04:00	8.43	8.43	8.42	8.43	8799	yfinance_1m
2026-09-03T14:44:00-04:00	8.43	8.43	8.43	8.43	853	yfinance_1m
2026-09-03T14:45:00-04:00	8.43	8.43	8.42	8.42	2129	yfinance_1m
2026-09-03T14:46:00-04:00	8.42	8.43	8.42	8.425	2529	yfinance_1m
2026-09-03T14:47:00-04:00	8.425	8.425	8.425	8.425	2517	yfinance_1m
2026-09-03T14:48:00-04:00	8.425	8.425	8.41	8.41	8964	yfinance_1m
2026-09-03T14:49:00-04:00	8.415	8.415	8.41	8.41	1577	yfinance_1m
2026-09-03T14:50:00-04:00	8.4187	8.4187	8.4	8.41	7241	yfinance_1m
2026-09-03T14:51:00-04:00	8.4	8.405	8.4	8.405	2780	yfinance_1m
2026-09-03T14:52:00-04:00	8.405	8.405	8.4	8.405	4937	yfinance_1m
2026-09-03T14:53:00-04:00	8.4052	8.4052	8.38	8.395	38884	yfinance_1m
2026-09-03T14:54:00-04:00	8.395	8.395	8.39	8.39	3004	yfinance_1m
2026-09-03T14:55:00-04:00	8.4	8.405	8.395	8.4	9358	yfinance_1m
2026-09-03T14:56:00-04:00	8.405	8.41	8.4	8.4	3027	yfinance_1m
2026-09-03T14:57:00-04:00	8.41	8.415	8.4	8.415	11611	yfinance_1m
2026-09-03T14:58:00-04:00	8.4197	8.42	8.41	8.42	5932	yfinance_1m
2026-09-03T14:59:00-04:00	8.415	8.415	8.412	8.415	3069	yfinance_1m
2026-09-03T15:00:00-04:00	8.415	8.415	8.41	8.41	3548	yfinance_1m
2026-09-03T15:01:00-04:00	8.415	8.415	8.415	8.415	2113	yfinance_1m
2026-09-03T15:02:00-04:00	8.4114	8.4182	8.41	8.415	3696	yfinance_1m
2026-09-03T15:03:00-04:00	8.41	8.4199	8.41	8.415	3939	yfinance_1m
2026-09-03T15:04:00-04:00	8.415	8.4151	8.415	8.415	2412	yfinance_1m
2026-09-03T15:05:00-04:00	8.41	8.42	8.41	8.415	2783	yfinance_1m
2026-09-03T15:06:00-04:00	8.42	8.43	8.415	8.42	13441	yfinance_1m
2026-09-03T15:07:00-04:00	8.425	8.43	8.425	8.425	3636	yfinance_1m
2026-09-03T15:08:00-04:00	8.43	8.45	8.43	8.45	7377	yfinance_1m
2026-09-03T15:09:00-04:00	8.46	8.4643	8.45	8.455	7161	yfinance_1m
2026-09-03T15:10:00-04:00	8.455	8.475	8.455	8.475	6021	yfinance_1m
2026-09-03T15:11:00-04:00	8.475	8.475	8.47	8.475	3573	yfinance_1m
2026-09-03T15:12:00-04:00	8.475	8.49	8.47	8.49	3851	yfinance_1m
2026-09-03T15:13:00-04:00	8.49	8.49	8.48	8.49	3199	yfinance_1m
2026-09-03T15:14:00-04:00	8.48	8.485	8.47	8.475	11413	yfinance_1m
2026-09-03T15:15:00-04:00	8.475	8.475	8.47	8.47	988	yfinance_1m
2026-09-03T15:16:00-04:00	8.475	8.475	8.465	8.47	9299	yfinance_1m
2026-09-03T15:17:00-04:00	8.465	8.465	8.46	8.46	3232	yfinance_1m
2026-09-03T15:19:00-04:00	8.465	8.475	8.465	8.4733	3431	yfinance_1m
2026-09-03T15:20:00-04:00	8.475	8.475	8.475	8.475	3270	yfinance_1m
2026-09-03T15:21:00-04:00	8.47	8.47	8.464	8.464	5495	yfinance_1m
2026-09-03T15:22:00-04:00	8.46	8.465	8.46	8.465	1478	yfinance_1m
2026-09-03T15:23:00-04:00	8.46	8.5	8.455	8.5	17822	yfinance_1m
2026-09-03T15:24:00-04:00	8.5	8.51	8.5	8.51	4170	yfinance_1m
2026-09-03T15:25:00-04:00	8.505	8.51	8.505	8.505	2011	yfinance_1m
2026-09-03T15:26:00-04:00	8.505	8.515	8.505	8.515	10894	yfinance_1m
2026-09-03T15:27:00-04:00	8.52	8.52	8.51	8.515	2819	yfinance_1m
2026-09-03T15:28:00-04:00	8.515	8.52	8.515	8.515	2679	yfinance_1m
2026-09-03T15:29:00-04:00	8.515	8.515	8.515	8.515	2676	yfinance_1m
2026-09-03T15:30:00-04:00	8.515	8.515	8.495	8.495	13574	yfinance_1m
2026-09-03T15:31:00-04:00	8.49	8.495	8.485	8.495	6695	yfinance_1m
2026-09-03T15:32:00-04:00	8.5	8.5	8.495	8.495	4495	yfinance_1m
2026-09-03T15:33:00-04:00	8.495	8.495	8.492	8.492	3471	yfinance_1m
2026-09-03T15:34:00-04:00	8.495	8.495	8.49	8.495	3830	yfinance_1m
2026-09-03T15:35:00-04:00	8.495	8.495	8.475	8.49	12286	yfinance_1m
2026-09-03T15:36:00-04:00	8.49	8.49	8.485	8.485	3376	yfinance_1m
2026-09-03T15:37:00-04:00	8.485	8.5	8.485	8.5	6784	yfinance_1m
2026-09-03T15:38:00-04:00	8.495	8.495	8.49	8.49	2433	yfinance_1m
2026-09-03T15:39:00-04:00	8.49	8.49	8.485	8.4873	14727	yfinance_1m
2026-09-03T15:40:00-04:00	8.49	8.49	8.43	8.47	31113	yfinance_1m
2026-09-03T15:41:00-04:00	8.47	8.48	8.47	8.48	7201	yfinance_1m
2026-09-03T15:42:00-04:00	8.49	8.49	8.475	8.48	7217	yfinance_1m
2026-09-03T15:43:00-04:00	8.48	8.48	8.47	8.475	5743	yfinance_1m
2026-09-03T15:44:00-04:00	8.48	8.48	8.475	8.475	4348	yfinance_1m
2026-09-03T15:45:00-04:00	8.4749	8.48	8.46	8.475	10076	yfinance_1m
2026-09-03T15:46:00-04:00	8.48	8.48	8.4718	8.475	7375	yfinance_1m
2026-09-03T15:47:00-04:00	8.47	8.485	8.47	8.48	11023	yfinance_1m
2026-09-03T15:48:00-04:00	8.48	8.48	8.475	8.48	5749	yfinance_1m
2026-09-03T15:49:00-04:00	8.475	8.48	8.47	8.47	10583	yfinance_1m
2026-09-03T15:50:00-04:00	8.475	8.48	8.47	8.475	8805	yfinance_1m
2026-09-03T15:51:00-04:00	8.475	8.48	8.47	8.475	11746	yfinance_1m
2026-09-03T15:52:00-04:00	8.475	8.495	8.475	8.495	15298	yfinance_1m
2026-09-03T15:53:00-04:00	8.495	8.495	8.47	8.475	20331	yfinance_1m
2026-09-03T15:54:00-04:00	8.47	8.475	8.47	8.47	5528	yfinance_1m
2026-09-03T15:55:00-04:00	8.47	8.49	8.47	8.475	28243	yfinance_1m
2026-09-03T15:56:00-04:00	8.475	8.475	8.44	8.46	39807	yfinance_1m
2026-09-03T15:57:00-04:00	8.46	8.47	8.455	8.465	19371	yfinance_1m
2026-09-03T15:58:00-04:00	8.465	8.465	8.435	8.445	63192	yfinance_1m
2026-09-03T15:59:00-04:00	8.44	8.52	8.44	8.515	117096	yfinance_1m
2026-09-04T09:30:00-04:00	8.46	8.72	8.46	8.72	105214	yfinance_1m
2026-09-04T09:31:00-04:00	8.72	8.72	8.62	8.625	12173	yfinance_1m
2026-09-04T09:32:00-04:00	8.655	8.68	8.62	8.625	5516	yfinance_1m
2026-09-04T09:33:00-04:00	8.655	8.79	8.64	8.675	21475	yfinance_1m
2026-09-04T09:34:00-04:00	8.675	8.7094	8.62	8.65	5195	yfinance_1m
2026-09-04T09:35:00-04:00	8.65	8.7	8.61	8.63	27009	yfinance_1m
2026-09-04T09:36:00-04:00	8.63	8.665	8.6001	8.64	16497	yfinance_1m
2026-09-04T09:37:00-04:00	8.62	8.65	8.61	8.61	12404	yfinance_1m
2026-09-04T09:38:00-04:00	8.59	8.64	8.51	8.51	19737	yfinance_1m
2026-09-04T09:39:00-04:00	8.51	8.5514	8.51	8.5514	10515	yfinance_1m
2026-09-04T09:40:00-04:00	8.53	8.57	8.53	8.53	2752	yfinance_1m
2026-09-04T09:41:00-04:00	8.595	8.6	8.57	8.58	11926	yfinance_1m
2026-09-04T09:42:00-04:00	8.59	8.655	8.59	8.655	841	yfinance_1m
2026-09-04T09:43:00-04:00	8.655	8.655	8.62	8.62	2898	yfinance_1m
2026-09-04T09:44:00-04:00	8.655	8.68	8.62	8.63	3420	yfinance_1m
2026-09-04T09:45:00-04:00	8.63	8.6764	8.63	8.655	3626	yfinance_1m
2026-09-04T09:46:00-04:00	8.63	8.63	8.59	8.62	9251	yfinance_1m
2026-09-04T09:47:00-04:00	8.62	8.655	8.61	8.655	19466	yfinance_1m
2026-09-04T09:48:00-04:00	8.655	8.73	8.63	8.72	23078	yfinance_1m
2026-09-04T09:49:00-04:00	8.72	8.72	8.66	8.66	16560	yfinance_1m
2026-09-04T09:50:00-04:00	8.68	8.7	8.66	8.67	3533	yfinance_1m
2026-09-04T09:51:00-04:00	8.66	8.68	8.64	8.66	10407	yfinance_1m
2026-09-04T09:52:00-04:00	8.7	8.72	8.68	8.72	5672	yfinance_1m
2026-09-04T09:53:00-04:00	8.72	8.74	8.7	8.7	5850	yfinance_1m
2026-09-04T09:54:00-04:00	8.7	8.78	8.7	8.73	23871	yfinance_1m
2026-09-04T09:55:00-04:00	8.74	8.77	8.73	8.754	7312	yfinance_1m
2026-09-04T09:56:00-04:00	8.765	8.81	8.75	8.81	11081	yfinance_1m
2026-09-04T09:57:00-04:00	8.805	8.815	8.76	8.76	12890	yfinance_1m
2026-09-04T09:58:00-04:00	8.765	8.7947	8.76	8.785	17080	yfinance_1m
2026-09-04T09:59:00-04:00	8.785	8.8	8.71	8.74	61294	yfinance_1m
2026-09-04T10:00:00-04:00	8.75	8.76	8.75	8.76	1483	yfinance_1m
2026-09-04T10:01:00-04:00	8.76	8.76	8.74	8.755	5596	yfinance_1m
2026-09-04T10:02:00-04:00	8.743	8.755	8.63	8.63	13743	yfinance_1m
2026-09-04T10:03:00-04:00	8.64	8.64	8.62	8.62	7330	yfinance_1m
2026-09-04T10:04:00-04:00	8.62	8.63	8.61	8.62	3950	yfinance_1m
2026-09-04T10:05:00-04:00	8.61	8.635	8.55	8.635	29677	yfinance_1m
2026-09-04T10:06:00-04:00	8.65	8.65	8.63	8.64	6282	yfinance_1m
2026-09-04T10:07:00-04:00	8.65	8.67	8.65	8.67	3248	yfinance_1m
2026-09-04T10:08:00-04:00	8.68	8.68	8.66	8.66	5811	yfinance_1m
2026-09-04T10:09:00-04:00	8.67	8.68	8.67	8.68	4220	yfinance_1m
2026-09-04T10:10:00-04:00	8.68	8.695	8.68	8.6899	5027	yfinance_1m
2026-09-04T10:11:00-04:00	8.68	8.68	8.66	8.66	3055	yfinance_1m
2026-09-04T10:12:00-04:00	8.655	8.655	8.63	8.6392	4712	yfinance_1m
2026-09-04T10:13:00-04:00	8.64	8.6404	8.64	8.6404	2220	yfinance_1m
2026-09-04T10:14:00-04:00	8.65	8.66	8.64	8.66	8523	yfinance_1m
2026-09-04T10:15:00-04:00	8.67	8.69	8.67	8.675	4281	yfinance_1m
2026-09-04T10:16:00-04:00	8.67	8.67	8.67	8.67	2694	yfinance_1m
2026-09-04T10:17:00-04:00	8.68	8.69	8.675	8.675	5637	yfinance_1m
2026-09-04T10:18:00-04:00	8.68	8.68	8.68	8.68	799	yfinance_1m
2026-09-04T10:19:00-04:00	8.68	8.7	8.675	8.68	23122	yfinance_1m
2026-09-04T10:20:00-04:00	8.69	8.71	8.69	8.7	5196	yfinance_1m
2026-09-04T10:21:00-04:00	8.7	8.71	8.7	8.71	2452	yfinance_1m
2026-09-04T10:22:00-04:00	8.71	8.71	8.69	8.7	3629	yfinance_1m
2026-09-04T10:23:00-04:00	8.71	8.71	8.71	8.71	1969	yfinance_1m
2026-09-04T10:24:00-04:00	8.7	8.72	8.7	8.72	258	yfinance_1m
2026-09-04T10:25:00-04:00	8.72	8.7218	8.72	8.72	4357	yfinance_1m
2026-09-04T10:26:00-04:00	8.73	8.73	8.705	8.705	4529	yfinance_1m
2026-09-04T10:27:00-04:00	8.71	8.72	8.71	8.72	3476	yfinance_1m
2026-09-04T10:28:00-04:00	8.7183	8.74	8.71	8.74	6788	yfinance_1m
2026-09-04T10:29:00-04:00	8.75	8.78	8.745	8.78	6043	yfinance_1m
2026-09-04T10:30:00-04:00	8.78	8.8	8.77	8.77	8052	yfinance_1m
2026-09-04T10:31:00-04:00	8.765	8.765	8.735	8.735	17061	yfinance_1m
2026-09-04T10:32:00-04:00	8.74	8.74	8.72	8.72	3693	yfinance_1m
2026-09-04T10:33:00-04:00	8.72	8.73	8.69	8.695	4332	yfinance_1m
2026-09-04T10:34:00-04:00	8.695	8.695	8.68	8.69	2133	yfinance_1m
2026-09-04T10:35:00-04:00	8.68	8.69	8.68	8.68	1350	yfinance_1m
2026-09-04T10:36:00-04:00	8.68	8.68	8.67	8.68	859	yfinance_1m
2026-09-04T10:37:00-04:00	8.67	8.67	8.66	8.67	4322	yfinance_1m
2026-09-04T10:39:00-04:00	8.68	8.69	8.68	8.69	2735	yfinance_1m
2026-09-04T10:40:00-04:00	8.69	8.7	8.69	8.7	4071	yfinance_1m
2026-09-04T10:41:00-04:00	8.705	8.71	8.705	8.71	431	yfinance_1m
2026-09-04T10:42:00-04:00	8.705	8.705	8.69	8.69	4873	yfinance_1m
2026-09-04T10:43:00-04:00	8.68	8.73	8.68	8.7	6825	yfinance_1m
2026-09-04T10:44:00-04:00	8.71	8.71	8.71	8.71	1196	yfinance_1m
2026-09-04T10:45:00-04:00	8.72	8.74	8.72	8.73	4543	yfinance_1m
2026-09-04T10:46:00-04:00	8.72	8.735	8.72	8.735	2864	yfinance_1m
2026-09-04T10:47:00-04:00	8.73	8.73	8.72	8.72	2844	yfinance_1m
2026-09-04T10:48:00-04:00	8.72	8.72	8.704	8.704	1750	yfinance_1m
2026-09-04T10:49:00-04:00	8.71	8.72	8.71	8.72	1839	yfinance_1m
2026-09-04T10:50:00-04:00	8.72	8.72	8.71	8.71	2408	yfinance_1m
2026-09-04T10:51:00-04:00	8.71	8.71	8.705	8.705	2057	yfinance_1m
2026-09-04T10:52:00-04:00	8.705	8.72	8.705	8.72	5496	yfinance_1m
2026-09-04T10:53:00-04:00	8.71	8.7348	8.7	8.7	10722	yfinance_1m
2026-09-04T10:54:00-04:00	8.7	8.73	8.7	8.73	5716	yfinance_1m
2026-09-04T10:55:00-04:00	8.73	8.76	8.73	8.76	17647	yfinance_1m
2026-09-04T10:56:00-04:00	8.76	8.76	8.71	8.72	5746	yfinance_1m
2026-09-04T10:57:00-04:00	8.72	8.75	8.71	8.74	23613	yfinance_1m
2026-09-04T10:58:00-04:00	8.75	8.77	8.75	8.77	1394	yfinance_1m
2026-09-04T10:59:00-04:00	8.77	8.79	8.765	8.79	6946	yfinance_1m
2026-09-04T11:00:00-04:00	8.79	8.8096	8.79	8.8	7612	yfinance_1m
2026-09-04T11:01:00-04:00	8.8	8.8045	8.79	8.8	8363	yfinance_1m
2026-09-04T11:02:00-04:00	8.81	8.81	8.7897	8.79	5652	yfinance_1m
2026-09-04T11:03:00-04:00	8.79	8.795	8.79	8.79	4171	yfinance_1m
2026-09-04T11:04:00-04:00	8.798	8.81	8.79	8.81	4321	yfinance_1m
2026-09-04T11:05:00-04:00	8.82	8.82	8.82	8.82	792	yfinance_1m
2026-09-04T11:06:00-04:00	8.825	8.825	8.8	8.8	9319	yfinance_1m
2026-09-04T11:07:00-04:00	8.805	8.805	8.79	8.79	6748	yfinance_1m
2026-09-04T11:08:00-04:00	8.794814	8.794814	8.78	8.78	4080	yfinance_1m
2026-09-04T11:09:00-04:00	8.79	8.79	8.77	8.78	6940	yfinance_1m
2026-09-04T11:10:00-04:00	8.78	8.78	8.78	8.78	2803	yfinance_1m
2026-09-04T11:11:00-04:00	8.77	8.77	8.76	8.76	2374	yfinance_1m
2026-09-04T11:12:00-04:00	8.755	8.765	8.755	8.765	2487	yfinance_1m
2026-09-04T11:13:00-04:00	8.765	8.765	8.71	8.735	14170	yfinance_1m
2026-09-04T11:14:00-04:00	8.75	8.79	8.735	8.785	9631	yfinance_1m
2026-09-04T11:15:00-04:00	8.8	8.81	8.8	8.81	2045	yfinance_1m
2026-09-04T11:16:00-04:00	8.8001	8.84	8.79	8.79	28303	yfinance_1m
2026-09-04T11:17:00-04:00	8.78	8.785	8.775	8.785	2451	yfinance_1m
2026-09-04T11:18:00-04:00	8.785	8.8	8.785	8.8	4215	yfinance_1m
2026-09-04T11:19:00-04:00	8.8	8.82	8.8	8.815	11687	yfinance_1m
2026-09-04T11:20:00-04:00	8.815	8.82	8.815	8.82	7555	yfinance_1m
2026-09-04T11:21:00-04:00	8.82	8.83	8.8101	8.83	3712	yfinance_1m
2026-09-04T11:22:00-04:00	8.82	8.82	8.81	8.81	3552	yfinance_1m
2026-09-04T11:23:00-04:00	8.815	8.83	8.815	8.82	3833	yfinance_1m
2026-09-04T11:24:00-04:00	8.81	8.82	8.81	8.82	2804	yfinance_1m
2026-09-04T11:25:00-04:00	8.82	8.8223	8.8	8.8	4670	yfinance_1m
2026-09-04T11:26:00-04:00	8.795	8.8	8.785	8.79	2442	yfinance_1m
2026-09-04T11:27:00-04:00	8.79	8.79	8.7765	8.78	8748	yfinance_1m
2026-09-04T11:28:00-04:00	8.7894	8.7894	8.77	8.78	2405	yfinance_1m
2026-09-04T11:29:00-04:00	8.775	8.79	8.775	8.79	3805	yfinance_1m
2026-09-04T11:30:00-04:00	8.785	8.785	8.75	8.76	3551	yfinance_1m
2026-09-04T11:31:00-04:00	8.75	8.75	8.74	8.74	8041	yfinance_1m
2026-09-04T11:32:00-04:00	8.735	8.74	8.735	8.74	3681	yfinance_1m
2026-09-04T11:33:00-04:00	8.75	8.7693	8.75	8.7693	2985	yfinance_1m
2026-09-04T11:34:00-04:00	8.76	8.76	8.76	8.76	1147	yfinance_1m
2026-09-04T11:35:00-04:00	8.765	8.79	8.76	8.79	13078	yfinance_1m
2026-09-04T11:36:00-04:00	8.79	8.82	8.79	8.81	5379	yfinance_1m
2026-09-04T11:37:00-04:00	8.81	8.81	8.79	8.81	4042	yfinance_1m
2026-09-04T11:38:00-04:00	8.82	8.84	8.82	8.84	10044	yfinance_1m
2026-09-04T11:39:00-04:00	8.83	8.85	8.83	8.85	15199	yfinance_1m
2026-09-04T11:40:00-04:00	8.86	8.865	8.85	8.86	6134	yfinance_1m
2026-09-04T11:41:00-04:00	8.86	8.8602	8.85	8.8501	4852	yfinance_1m
2026-09-04T11:43:00-04:00	8.85	8.86	8.845	8.86	6039	yfinance_1m
2026-09-04T11:44:00-04:00	8.859	8.86	8.855	8.855	1481	yfinance_1m
2026-09-04T11:45:00-04:00	8.85	8.85	8.85	8.85	3700	yfinance_1m
2026-09-04T11:46:00-04:00	8.85	8.855	8.839	8.855	3314	yfinance_1m
2026-09-04T11:47:00-04:00	8.85	8.85	8.83	8.83	4384	yfinance_1m
2026-09-04T11:48:00-04:00	8.83	8.835	8.83	8.83	3832	yfinance_1m
2026-09-04T11:49:00-04:00	8.835	8.86	8.835	8.86	6328	yfinance_1m
2026-09-04T11:50:00-04:00	8.855	8.855	8.854	8.854	647	yfinance_1m
2026-09-04T11:51:00-04:00	8.85	8.85	8.834	8.835	5414	yfinance_1m
2026-09-04T11:52:00-04:00	8.835	8.835	8.815	8.815	2830	yfinance_1m
2026-09-04T11:53:00-04:00	8.815	8.83	8.815	8.825	5199	yfinance_1m
2026-09-04T11:54:00-04:00	8.82	8.82	8.82	8.82	2260	yfinance_1m
2026-09-04T11:55:00-04:00	8.83	8.83	8.83	8.83	2765	yfinance_1m
2026-09-04T11:56:00-04:00	8.84	8.84	8.83	8.835	1713	yfinance_1m
2026-09-04T11:57:00-04:00	8.83	8.83	8.825	8.825	1141	yfinance_1m
2026-09-04T11:58:00-04:00	8.8256	8.835	8.8256	8.835	4747	yfinance_1m
2026-09-04T11:59:00-04:00	8.835	8.84	8.83	8.83	5571	yfinance_1m
2026-09-04T12:00:00-04:00	8.835	8.835	8.82	8.82	4793	yfinance_1m
2026-09-04T12:01:00-04:00	8.815	8.815	8.815	8.815	314	yfinance_1m
2026-09-04T12:02:00-04:00	8.815	8.82	8.815	8.82	6003	yfinance_1m
2026-09-04T12:03:00-04:00	8.81	8.81	8.8019	8.8035	4598	yfinance_1m
2026-09-04T12:04:00-04:00	8.805	8.805	8.805	8.805	705	yfinance_1m
2026-09-04T12:05:00-04:00	8.8	8.815	8.8	8.815	2138	yfinance_1m
2026-09-04T12:06:00-04:00	8.81	8.81	8.81	8.81	1084	yfinance_1m
2026-09-04T12:07:00-04:00	8.82	8.82	8.8145	8.82	3045	yfinance_1m
2026-09-04T12:08:00-04:00	8.825	8.825	8.825	8.825	518	yfinance_1m
2026-09-04T12:09:00-04:00	8.822	8.825	8.8217	8.825	6823	yfinance_1m
2026-09-04T12:10:00-04:00	8.825	8.825	8.825	8.825	1313	yfinance_1m
2026-09-04T12:11:00-04:00	8.83	8.85	8.83	8.835	12216	yfinance_1m
2026-09-04T12:12:00-04:00	8.83	8.835	8.83	8.835	1398	yfinance_1m
2026-09-04T12:13:00-04:00	8.835	8.84	8.83	8.835	2134	yfinance_1m
2026-09-04T12:14:00-04:00	8.835	8.835	8.835	8.835	680	yfinance_1m
2026-09-04T12:15:00-04:00	8.835	8.835	8.825	8.83	3206	yfinance_1m
2026-09-04T12:16:00-04:00	8.825	8.825	8.815	8.82	3619	yfinance_1m
2026-09-04T12:17:00-04:00	8.825	8.825	8.825	8.825	1603	yfinance_1m
2026-09-04T12:18:00-04:00	8.825	8.825	8.825	8.825	673	yfinance_1m
2026-09-04T12:19:00-04:00	8.825	8.825	8.825	8.825	1460	yfinance_1m
2026-09-04T12:20:00-04:00	8.83	8.845	8.83	8.845	4537	yfinance_1m
2026-09-04T12:21:00-04:00	8.85	8.86	8.8471	8.855	13117	yfinance_1m
2026-09-04T12:22:00-04:00	8.855	8.865	8.855	8.86	3203	yfinance_1m
2026-09-04T12:23:00-04:00	8.865	8.865	8.865	8.865	685	yfinance_1m
2026-09-04T12:24:00-04:00	8.865	8.87	8.86	8.86	3323	yfinance_1m
2026-09-04T12:25:00-04:00	8.85	8.86	8.85	8.86	3297	yfinance_1m
2026-09-04T12:26:00-04:00	8.86	8.86	8.855	8.855	1291	yfinance_1m
2026-09-04T12:27:00-04:00	8.855	8.855	8.855	8.855	1992	yfinance_1m
2026-09-04T12:28:00-04:00	8.86	8.86	8.855	8.855	212	yfinance_1m
2026-09-04T12:29:00-04:00	8.85	8.85	8.845	8.85	3992	yfinance_1m
2026-09-04T12:30:00-04:00	8.85	8.85	8.825	8.825	3947	yfinance_1m
2026-09-04T12:31:00-04:00	8.83	8.83	8.825	8.825	1172	yfinance_1m
2026-09-04T12:32:00-04:00	8.82	8.82	8.805	8.81	4682	yfinance_1m
2026-09-04T12:33:00-04:00	8.805	8.815	8.805	8.815	1846	yfinance_1m
2026-09-04T12:34:00-04:00	8.81	8.81	8.805	8.805	1790	yfinance_1m
2026-09-04T12:35:00-04:00	8.805	8.805	8.805	8.805	859	yfinance_1m
2026-09-04T12:36:00-04:00	8.805	8.805	8.8	8.805	1127	yfinance_1m
2026-09-04T12:37:00-04:00	8.8	8.81	8.8	8.81	2356	yfinance_1m
2026-09-04T12:38:00-04:00	8.8	8.8	8.79	8.79	2692	yfinance_1m
2026-09-04T12:39:00-04:00	8.785	8.785	8.785	8.785	1005	yfinance_1m
2026-09-04T12:40:00-04:00	8.785	8.785	8.765	8.765	3931	yfinance_1m
2026-09-04T12:41:00-04:00	8.765	8.765	8.76	8.765	1407	yfinance_1m
2026-09-04T12:42:00-04:00	8.765	8.77	8.755	8.76	3885	yfinance_1m
2026-09-04T12:43:00-04:00	8.76	8.77	8.76	8.765	1578	yfinance_1m
2026-09-04T12:44:00-04:00	8.765	8.77	8.765	8.765	3655	yfinance_1m
2026-09-04T12:45:00-04:00	8.775	8.78	8.7701	8.7701	1511	yfinance_1m
2026-09-04T12:46:00-04:00	8.775	8.79	8.775	8.79	6592	yfinance_1m
2026-09-04T12:47:00-04:00	8.795	8.805	8.795	8.805	2035	yfinance_1m
2026-09-04T12:48:00-04:00	8.81	8.81	8.81	8.81	1290	yfinance_1m
2026-09-04T12:49:00-04:00	8.82	8.825	8.82	8.825	3309	yfinance_1m
2026-09-04T12:50:00-04:00	8.83	8.83	8.83	8.83	936	yfinance_1m
2026-09-04T12:51:00-04:00	8.84	8.845	8.84	8.845	1627	yfinance_1m
2026-09-04T12:53:00-04:00	8.8448	8.845	8.8448	8.845	1562	yfinance_1m
2026-09-04T12:54:00-04:00	8.84	8.845	8.835	8.835	6121	yfinance_1m
2026-09-04T12:55:00-04:00	8.83	8.835	8.825	8.825	3839	yfinance_1m
2026-09-04T12:56:00-04:00	8.825	8.83	8.825	8.825	3390	yfinance_1m
2026-09-04T12:57:00-04:00	8.83	8.835	8.83	8.83	2101	yfinance_1m
2026-09-04T12:58:00-04:00	8.825	8.825	8.825	8.825	1240	yfinance_1m
2026-09-04T12:59:00-04:00	8.825	8.825	8.82	8.82	1980	yfinance_1m
2026-09-04T13:00:00-04:00	8.825	8.825	8.8	8.8	4201	yfinance_1m
2026-09-04T13:01:00-04:00	8.8	8.81	8.8	8.8	910	yfinance_1m
2026-09-04T13:02:00-04:00	8.8	8.805	8.8	8.805	895	yfinance_1m
2026-09-04T13:03:00-04:00	8.8	8.82	8.8	8.8	13437	yfinance_1m
2026-09-04T13:04:00-04:00	8.805	8.81	8.805	8.81	754	yfinance_1m
2026-09-04T13:05:00-04:00	8.81	8.81	8.8	8.81	1937	yfinance_1m
2026-09-04T13:06:00-04:00	8.81	8.82	8.81	8.81	5626	yfinance_1m
2026-09-04T13:07:00-04:00	8.81	8.81	8.81	8.81	1416	yfinance_1m
2026-09-04T13:08:00-04:00	8.8	8.83	8.8	8.83	4504	yfinance_1m
2026-09-04T13:09:00-04:00	8.83	8.83	8.825	8.825	616	yfinance_1m
2026-09-04T13:10:00-04:00	8.825	8.825	8.825	8.825	982	yfinance_1m
2026-09-04T13:11:00-04:00	8.83	8.83	8.83	8.83	2172	yfinance_1m
2026-09-04T13:12:00-04:00	8.84	8.845	8.84	8.84	5691	yfinance_1m
2026-09-04T13:13:00-04:00	8.845	8.845	8.84	8.84	618	yfinance_1m
2026-09-04T13:14:00-04:00	8.85	8.85	8.845	8.845	1208	yfinance_1m
2026-09-04T13:15:00-04:00	8.85	8.855	8.85	8.85	5893	yfinance_1m
2026-09-04T13:16:00-04:00	8.85	8.86	8.85	8.855	594	yfinance_1m
2026-09-04T13:17:00-04:00	8.85	8.85	8.84	8.84	3830	yfinance_1m
2026-09-04T13:18:00-04:00	8.85	8.855	8.85	8.855	3769	yfinance_1m
2026-09-04T13:19:00-04:00	8.85	8.855	8.85	8.855	985	yfinance_1m
2026-09-04T13:20:00-04:00	8.85	8.855	8.845	8.855	5140	yfinance_1m
2026-09-04T13:21:00-04:00	8.84	8.85	8.84	8.84	1227	yfinance_1m
2026-09-04T13:22:00-04:00	8.84	8.8461	8.83	8.83	2362	yfinance_1m
2026-09-04T13:23:00-04:00	8.84	8.85	8.84	8.845	6892	yfinance_1m
2026-09-04T13:24:00-04:00	8.85	8.85	8.85	8.85	1893	yfinance_1m
2026-09-04T13:25:00-04:00	8.85	8.85	8.85	8.85	1452	yfinance_1m
2026-09-04T13:27:00-04:00	8.855	8.855	8.855	8.855	1833	yfinance_1m
2026-09-04T13:28:00-04:00	8.86	8.875	8.86	8.86	24274	yfinance_1m
2026-09-04T13:29:00-04:00	8.87	8.87	8.85	8.86	46439	yfinance_1m
2026-09-04T13:30:00-04:00	8.86	8.86	8.86	8.86	3050	yfinance_1m
2026-09-04T13:31:00-04:00	8.86	8.86	8.85	8.86	1510	yfinance_1m
2026-09-04T13:32:00-04:00	8.85	8.895	8.84	8.885	14634	yfinance_1m
2026-09-04T13:33:00-04:00	8.8854	8.895	8.885	8.89	4883	yfinance_1m
2026-09-04T13:34:00-04:00	8.89	8.89	8.87	8.87	2602	yfinance_1m
2026-09-04T13:35:00-04:00	8.86	8.86	8.86	8.86	1419	yfinance_1m
2026-09-04T13:36:00-04:00	8.86	8.86	8.86	8.86	1138	yfinance_1m
2026-09-04T13:37:00-04:00	8.86	8.86	8.85	8.86	3183	yfinance_1m
2026-09-04T13:38:00-04:00	8.855	8.855	8.855	8.855	1602	yfinance_1m
2026-09-04T13:39:00-04:00	8.855	8.855	8.81	8.815	4928	yfinance_1m
2026-09-04T13:40:00-04:00	8.81	8.815	8.79	8.79	3086	yfinance_1m
2026-09-04T13:41:00-04:00	8.79	8.79	8.79	8.79	1088	yfinance_1m
2026-09-04T13:42:00-04:00	8.79	8.79	8.78	8.785	2343	yfinance_1m
2026-09-04T13:43:00-04:00	8.785	8.785	8.785	8.785	2032	yfinance_1m
2026-09-04T13:44:00-04:00	8.785	8.79	8.785	8.79	2970	yfinance_1m
2026-09-04T13:45:00-04:00	8.78	8.78	8.78	8.78	269	yfinance_1m
2026-09-04T13:46:00-04:00	8.78	8.78	8.77	8.775	3120	yfinance_1m
2026-09-04T13:47:00-04:00	8.775	8.78	8.774	8.78	3937	yfinance_1m
2026-09-04T13:48:00-04:00	8.775	8.78	8.775	8.78	6100	yfinance_1m
2026-09-04T13:49:00-04:00	8.78	8.7899	8.78	8.7899	843	yfinance_1m
2026-09-04T13:50:00-04:00	8.78	8.78	8.75	8.75	13154	yfinance_1m
2026-09-04T13:51:00-04:00	8.75	8.75	8.75	8.75	1327	yfinance_1m
2026-09-04T13:52:00-04:00	8.75	8.75	8.75	8.75	151	yfinance_1m
2026-09-04T13:53:00-04:00	8.75	8.75	8.74	8.75	3293	yfinance_1m
2026-09-04T13:54:00-04:00	8.755	8.755	8.75	8.755	1583	yfinance_1m
2026-09-04T13:55:00-04:00	8.75	8.755	8.75	8.755	3378	yfinance_1m
2026-09-04T13:56:00-04:00	8.75	8.75	8.75	8.75	930	yfinance_1m
2026-09-04T13:57:00-04:00	8.75	8.75	8.75	8.75	1602	yfinance_1m
2026-09-04T13:58:00-04:00	8.76	8.77	8.76	8.77	8224	yfinance_1m
2026-09-04T13:59:00-04:00	8.765	8.785	8.76	8.77	13533	yfinance_1m
2026-09-04T14:00:00-04:00	8.765	8.805	8.765	8.8	12675	yfinance_1m
2026-09-04T14:01:00-04:00	8.81	8.81	8.8099	8.8099	805	yfinance_1m
2026-09-04T14:02:00-04:00	8.805	8.81	8.805	8.81	1353	yfinance_1m
2026-09-04T14:03:00-04:00	8.8	8.805	8.8	8.805	1919	yfinance_1m
2026-09-04T14:04:00-04:00	8.81	8.81	8.81	8.81	2053	yfinance_1m
2026-09-04T14:05:00-04:00	8.81	8.81	8.8	8.805	3218	yfinance_1m
2026-09-04T14:07:00-04:00	8.8	8.8	8.78	8.78	3504	yfinance_1m
2026-09-04T14:08:00-04:00	8.78	8.78	8.76	8.775	2365	yfinance_1m
2026-09-04T14:09:00-04:00	8.77	8.78	8.77	8.775	3902	yfinance_1m
2026-09-04T14:10:00-04:00	8.775	8.775	8.76	8.76	1999	yfinance_1m
2026-09-04T14:11:00-04:00	8.77	8.77	8.77	8.77	1715	yfinance_1m
2026-09-04T14:12:00-04:00	8.76	8.76	8.76	8.76	752	yfinance_1m
2026-09-04T14:13:00-04:00	8.76	8.77	8.76	8.77	1767	yfinance_1m
2026-09-04T14:14:00-04:00	8.77	8.77	8.77	8.77	2144	yfinance_1m
2026-09-04T14:15:00-04:00	8.76	8.7683	8.75	8.75	4801	yfinance_1m
2026-09-04T14:16:00-04:00	8.76	8.76	8.745	8.75	10535	yfinance_1m
2026-09-04T14:17:00-04:00	8.75	8.765	8.75	8.75	5984	yfinance_1m
2026-09-04T14:18:00-04:00	8.75	8.76	8.75	8.76	3771	yfinance_1m
2026-09-04T14:19:00-04:00	8.755	8.755	8.755	8.755	646	yfinance_1m
2026-09-04T14:20:00-04:00	8.755	8.7599	8.755	8.755	1403	yfinance_1m
2026-09-04T14:21:00-04:00	8.755	8.755	8.755	8.755	794	yfinance_1m
2026-09-04T14:22:00-04:00	8.755	8.755	8.7501	8.755	2221	yfinance_1m
2026-09-04T14:23:00-04:00	8.755	8.77	8.755	8.77	4537	yfinance_1m
2026-09-04T14:24:00-04:00	8.765	8.765	8.765	8.765	1759	yfinance_1m
2026-09-04T14:25:00-04:00	8.765	8.765	8.765	8.765	2746	yfinance_1m
2026-09-04T14:26:00-04:00	8.765	8.765	8.765	8.765	326	yfinance_1m
2026-09-04T14:27:00-04:00	8.765	8.765	8.765	8.765	1631	yfinance_1m
2026-09-04T14:28:00-04:00	8.765	8.77	8.7649	8.7649	2038	yfinance_1m
2026-09-04T14:29:00-04:00	8.765	8.775	8.765	8.775	4157	yfinance_1m
2026-09-04T14:30:00-04:00	8.78	8.785	8.78	8.785	3380	yfinance_1m
2026-09-04T14:31:00-04:00	8.785	8.785	8.77	8.77	5884	yfinance_1m
2026-09-04T14:32:00-04:00	8.77	8.77	8.77	8.77	1370	yfinance_1m
2026-09-04T14:33:00-04:00	8.77	8.77	8.77	8.77	2043	yfinance_1m
2026-09-04T14:34:00-04:00	8.77	8.8	8.77	8.8	5743	yfinance_1m
2026-09-04T14:35:00-04:00	8.795	8.795	8.795	8.795	1512	yfinance_1m
2026-09-04T14:36:00-04:00	8.8	8.81	8.77	8.77	10958	yfinance_1m
2026-09-04T14:37:00-04:00	8.77	8.77	8.77	8.77	1723	yfinance_1m
2026-09-04T14:38:00-04:00	8.77	8.77	8.77	8.77	391	yfinance_1m
2026-09-04T14:39:00-04:00	8.77	8.775	8.77	8.775	2298	yfinance_1m
2026-09-04T14:40:00-04:00	8.7749	8.775	8.7749	8.775	1628	yfinance_1m
2026-09-04T14:41:00-04:00	8.775	8.775	8.775	8.775	1432	yfinance_1m
2026-09-04T14:42:00-04:00	8.78	8.78	8.775	8.775	1383	yfinance_1m
2026-09-04T14:43:00-04:00	8.77	8.775	8.77	8.775	1462	yfinance_1m
2026-09-04T14:44:00-04:00	8.78	8.78	8.775	8.7761	1780	yfinance_1m
2026-09-04T14:45:00-04:00	8.78	8.78	8.78	8.78	1488	yfinance_1m
2026-09-04T14:46:00-04:00	8.78	8.78	8.775	8.775	1241	yfinance_1m
2026-09-04T14:47:00-04:00	8.78	8.785	8.775	8.775	4700	yfinance_1m
2026-09-04T14:48:00-04:00	8.775	8.775	8.775	8.775	1202	yfinance_1m
2026-09-04T14:49:00-04:00	8.775	8.775	8.77	8.775	5410	yfinance_1m
2026-09-04T14:50:00-04:00	8.775	8.78	8.775	8.78	2491	yfinance_1m
2026-09-04T14:51:00-04:00	8.775	8.79	8.775	8.79	4720	yfinance_1m
2026-09-04T14:52:00-04:00	8.785	8.79	8.785	8.79	1809	yfinance_1m
2026-09-04T14:53:00-04:00	8.785	8.785	8.785	8.785	676	yfinance_1m
2026-09-04T14:54:00-04:00	8.78	8.785	8.78	8.785	854	yfinance_1m
2026-09-04T14:55:00-04:00	8.785	8.79	8.775	8.785	11586	yfinance_1m
2026-09-04T14:56:00-04:00	8.785	8.7873	8.785	8.785	1083	yfinance_1m
2026-09-04T14:57:00-04:00	8.785	8.795	8.785	8.795	4236	yfinance_1m
2026-09-04T14:58:00-04:00	8.795	8.8	8.795	8.8	2761	yfinance_1m
2026-09-04T14:59:00-04:00	8.795	8.8	8.795	8.8	2259	yfinance_1m
2026-09-04T15:00:00-04:00	8.795	8.795	8.795	8.795	280	yfinance_1m
2026-09-04T15:01:00-04:00	8.8	8.815	8.8	8.805	8528	yfinance_1m
2026-09-04T15:02:00-04:00	8.805	8.805	8.805	8.805	1812	yfinance_1m
2026-09-04T15:03:00-04:00	8.8	8.805	8.795	8.795	6648	yfinance_1m
2026-09-04T15:04:00-04:00	8.795	8.795	8.795	8.795	4734	yfinance_1m
2026-09-04T15:05:00-04:00	8.795	8.795	8.795	8.795	140	yfinance_1m
2026-09-04T15:06:00-04:00	8.795	8.795	8.795	8.795	3779	yfinance_1m
2026-09-04T15:07:00-04:00	8.795	8.795	8.795	8.795	2021	yfinance_1m
2026-09-04T15:08:00-04:00	8.79	8.8	8.79	8.8	203	yfinance_1m
2026-09-04T15:09:00-04:00	8.79	8.805	8.79	8.8001	7678	yfinance_1m
2026-09-04T15:10:00-04:00	8.8	8.805	8.8	8.805	4270	yfinance_1m
2026-09-04T15:11:00-04:00	8.805	8.81	8.805	8.805	4835	yfinance_1m
2026-09-04T15:12:00-04:00	8.805	8.805	8.805	8.805	1409	yfinance_1m
2026-09-04T15:13:00-04:00	8.805	8.81	8.805	8.805	6154	yfinance_1m
2026-09-04T15:14:00-04:00	8.81	8.815	8.81	8.815	6450	yfinance_1m
2026-09-04T15:15:00-04:00	8.82	8.83	8.82	8.825	5117	yfinance_1m
2026-09-04T15:16:00-04:00	8.825	8.825	8.825	8.825	1248	yfinance_1m
2026-09-04T15:17:00-04:00	8.825	8.83	8.815	8.82	11428	yfinance_1m
2026-09-04T15:18:00-04:00	8.825	8.825	8.825	8.825	1546	yfinance_1m
2026-09-04T15:19:00-04:00	8.82	8.824179	8.815	8.824179	12047	yfinance_1m
2026-09-04T15:20:00-04:00	8.825	8.825	8.82	8.825	1639	yfinance_1m
2026-09-04T15:21:00-04:00	8.825	8.825	8.825	8.825	1598	yfinance_1m
2026-09-04T15:22:00-04:00	8.8251	8.83	8.825	8.83	5839	yfinance_1m
2026-09-04T15:23:00-04:00	8.83	8.84	8.83	8.84	3758	yfinance_1m
2026-09-04T15:24:00-04:00	8.84	8.845	8.835	8.845	3488	yfinance_1m
2026-09-04T15:25:00-04:00	8.85	8.85	8.8401	8.845	3713	yfinance_1m
2026-09-04T15:26:00-04:00	8.85	8.855	8.85	8.855	4953	yfinance_1m
2026-09-04T15:27:00-04:00	8.8518	8.8518	8.8518	8.8518	2204	yfinance_1m
2026-09-04T15:28:00-04:00	8.855	8.855	8.855	8.855	3549	yfinance_1m
2026-09-04T15:29:00-04:00	8.855	8.86	8.855	8.855	2681	yfinance_1m
2026-09-04T15:30:00-04:00	8.86	8.875	8.86	8.875	11147	yfinance_1m
2026-09-04T15:31:00-04:00	8.875	8.88	8.875	8.88	7957	yfinance_1m
2026-09-04T15:32:00-04:00	8.88	8.91	8.875	8.905	13326	yfinance_1m
2026-09-04T15:33:00-04:00	8.9	8.93	8.9	8.915	9736	yfinance_1m
2026-09-04T15:34:00-04:00	8.915	8.92	8.915	8.92	3033	yfinance_1m
2026-09-04T15:35:00-04:00	8.915	8.92	8.895	8.895	14296	yfinance_1m
2026-09-04T15:36:00-04:00	8.892	8.895	8.892	8.895	5623	yfinance_1m
2026-09-04T15:37:00-04:00	8.895	8.905	8.89	8.9	10873	yfinance_1m
2026-09-04T15:38:00-04:00	8.905	8.91	8.9044	8.9044	5221	yfinance_1m
2026-09-04T15:39:00-04:00	8.9	8.9	8.895	8.895	15916	yfinance_1m
2026-09-04T15:40:00-04:00	8.895	8.895	8.88	8.88	9596	yfinance_1m
2026-09-04T15:41:00-04:00	8.87	8.87	8.86	8.87	6955	yfinance_1m
2026-09-04T15:42:00-04:00	8.865	8.865	8.86	8.865	7797	yfinance_1m
2026-09-04T15:43:00-04:00	8.865	8.87	8.865	8.865	5449	yfinance_1m
2026-09-04T15:44:00-04:00	8.865	8.87	8.865	8.87	5841	yfinance_1m
2026-09-04T15:45:00-04:00	8.87	8.88	8.855	8.865	22271	yfinance_1m
2026-09-04T15:46:00-04:00	8.865	8.87	8.865	8.87	9066	yfinance_1m
2026-09-04T15:47:00-04:00	8.875	8.88	8.875	8.875	4713	yfinance_1m
2026-09-04T15:48:00-04:00	8.88	8.895	8.88	8.89	16004	yfinance_1m
2026-09-04T15:49:00-04:00	8.885	8.89	8.87	8.87	13704	yfinance_1m
2026-09-04T15:50:00-04:00	8.875	8.88	8.87	8.875	11556	yfinance_1m
2026-09-04T15:51:00-04:00	8.875	8.9	8.875	8.895	16273	yfinance_1m
2026-09-04T15:52:00-04:00	8.9	8.9	8.895	8.895	8290	yfinance_1m
2026-09-04T15:53:00-04:00	8.9	8.9	8.865	8.865	32020	yfinance_1m
2026-09-04T15:54:00-04:00	8.865	8.895	8.865	8.885	21167	yfinance_1m
2026-09-04T15:55:00-04:00	8.885	8.885	8.88	8.885	7806	yfinance_1m
2026-09-04T15:56:00-04:00	8.885	8.92	8.885	8.92	31120	yfinance_1m
2026-09-04T15:57:00-04:00	8.915	8.93	8.9	8.915	49099	yfinance_1m
2026-09-04T15:58:00-04:00	8.915	8.94	8.905	8.92	65959	yfinance_1m
2026-09-04T15:59:00-04:00	8.92	8.97	8.92	8.95	140943	yfinance_1m
2026-09-08T09:30:00-04:00	8.94	9.1	8.87	9.05	70714	yfinance_1m
2026-09-08T09:31:00-04:00	9.0632	9.14	8.99	9.035	40212	yfinance_1m
2026-09-08T09:32:00-04:00	9.03	9.03	8.98	8.98	5333	yfinance_1m
2026-09-08T09:33:00-04:00	8.97	8.97	8.91	8.925	8020	yfinance_1m
2026-09-08T09:34:00-04:00	8.9397	8.9397	8.751	8.77	12428	yfinance_1m
2026-09-08T09:35:00-04:00	8.77	8.84	8.77	8.82	10663	yfinance_1m
2026-09-08T09:36:00-04:00	8.81	8.85	8.81	8.825	2401	yfinance_1m
2026-09-08T09:37:00-04:00	8.8	8.85	8.78	8.8	10658	yfinance_1m
2026-09-08T09:38:00-04:00	8.8099	8.8099	8.795	8.795	904	yfinance_1m
2026-09-08T09:39:00-04:00	8.78	8.8272	8.77	8.815	6867	yfinance_1m
2026-09-08T09:40:00-04:00	8.8	8.85	8.78	8.845	8757	yfinance_1m
2026-09-08T09:41:00-04:00	8.86	8.86	8.82	8.82	4988	yfinance_1m
2026-09-08T09:42:00-04:00	8.84	8.84	8.82	8.8251	2635	yfinance_1m
2026-09-08T09:43:00-04:00	8.825	8.84	8.81	8.83	2071	yfinance_1m
2026-09-08T09:44:00-04:00	8.82	8.87	8.82	8.87	6226	yfinance_1m
2026-09-08T09:45:00-04:00	8.89	8.945	8.89	8.945	2209	yfinance_1m
2026-09-08T09:46:00-04:00	8.98	8.98	8.93	8.955	2884	yfinance_1m
2026-09-08T09:47:00-04:00	8.93	8.93	8.9	8.91	10890	yfinance_1m
2026-09-08T09:48:00-04:00	8.91	8.91	8.89	8.89	2201	yfinance_1m
2026-09-08T09:49:00-04:00	8.91	8.91	8.91	8.91	994	yfinance_1m
2026-09-08T09:50:00-04:00	8.91	8.91	8.86	8.87	5127	yfinance_1m
2026-09-08T09:51:00-04:00	8.86	8.86	8.825	8.825	7686	yfinance_1m
2026-09-08T09:52:00-04:00	8.85	8.85	8.82	8.82	3764	yfinance_1m
2026-09-08T09:53:00-04:00	8.85	8.87	8.83	8.845	4207	yfinance_1m
2026-09-08T09:54:00-04:00	8.86	8.87	8.83	8.87	5678	yfinance_1m
2026-09-08T09:55:00-04:00	8.8653	8.8653	8.86	8.86	542	yfinance_1m
2026-09-08T09:56:00-04:00	8.875	8.9	8.86	8.885	4336	yfinance_1m
2026-09-08T09:57:00-04:00	8.87	8.93	8.86	8.93	5337	yfinance_1m
2026-09-08T09:58:00-04:00	8.905	8.905	8.88	8.905	2689	yfinance_1m
2026-09-08T09:59:00-04:00	8.905	8.905	8.84	8.85	8583	yfinance_1m
2026-09-08T10:00:00-04:00	8.86	8.88	8.86	8.87	3196	yfinance_1m
2026-09-08T10:01:00-04:00	8.9	8.93	8.9	8.92	1454	yfinance_1m
2026-09-08T10:02:00-04:00	8.92	8.93	8.9	8.9	1913	yfinance_1m
2026-09-08T10:03:00-04:00	8.91	8.94	8.89	8.94	2573	yfinance_1m
2026-09-08T10:04:00-04:00	8.945	8.955	8.92	8.955	2719	yfinance_1m
2026-09-08T10:05:00-04:00	8.955	8.955	8.87	8.885	11513	yfinance_1m
2026-09-08T10:06:00-04:00	8.885	8.885	8.885	8.885	993	yfinance_1m
2026-09-08T10:07:00-04:00	8.885	8.885	8.84	8.84	2421	yfinance_1m
2026-09-08T10:08:00-04:00	8.85	8.85	8.83	8.83	4213	yfinance_1m
2026-09-08T10:09:00-04:00	8.81	8.82	8.765	8.765	9401	yfinance_1m
2026-09-08T10:10:00-04:00	8.765	8.785	8.72	8.74	8809	yfinance_1m
2026-09-08T10:11:00-04:00	8.7437	8.76	8.7437	8.76	4065	yfinance_1m
2026-09-08T10:12:00-04:00	8.775	8.775	8.775	8.775	619	yfinance_1m
2026-09-08T10:13:00-04:00	8.75	8.77	8.74	8.76	3909	yfinance_1m
2026-09-08T10:14:00-04:00	8.76	8.76	8.72	8.745	8096	yfinance_1m
2026-09-08T10:15:00-04:00	8.77	8.8	8.73	8.8	4430	yfinance_1m
2026-09-08T10:16:00-04:00	8.7923	8.81	8.77	8.78	1435	yfinance_1m
2026-09-08T10:17:00-04:00	8.81	8.81	8.805	8.805	1008	yfinance_1m
2026-09-08T10:18:00-04:00	8.805	8.81	8.78	8.81	857	yfinance_1m
2026-09-08T10:19:00-04:00	8.81	8.85	8.81	8.83	5130	yfinance_1m
2026-09-08T10:20:00-04:00	8.855	8.855	8.85	8.85	1306	yfinance_1m
2026-09-08T10:21:00-04:00	8.86	8.87	8.8425	8.85	3054	yfinance_1m
2026-09-08T10:22:00-04:00	8.87	8.88	8.85	8.87	2680	yfinance_1m
2026-09-08T10:23:00-04:00	8.8799	8.8799	8.855	8.855	2349	yfinance_1m
2026-09-08T10:24:00-04:00	8.85	8.85	8.82	8.8228	9698	yfinance_1m
2026-09-08T10:25:00-04:00	8.83	8.86	8.83	8.845	4443	yfinance_1m
2026-09-08T10:26:00-04:00	8.82	8.82	8.81	8.81	5652	yfinance_1m
2026-09-08T10:27:00-04:00	8.82	8.82	8.795	8.795	3111	yfinance_1m
2026-09-08T10:28:00-04:00	8.8	8.8	8.79	8.795	2263	yfinance_1m
2026-09-08T10:29:00-04:00	8.795	8.8	8.755	8.78	14994	yfinance_1m
2026-09-08T10:30:00-04:00	8.78	8.78	8.77	8.78	2363	yfinance_1m
2026-09-08T10:31:00-04:00	8.78	8.78	8.78	8.78	1980	yfinance_1m
2026-09-08T10:32:00-04:00	8.77	8.79	8.76	8.78	5902	yfinance_1m
2026-09-08T10:33:00-04:00	8.78	8.78	8.78	8.78	985	yfinance_1m
2026-09-08T10:34:00-04:00	8.785	8.785	8.75	8.7602	3536	yfinance_1m
2026-09-08T10:35:00-04:00	8.75	8.76	8.73	8.76	11883	yfinance_1m
2026-09-08T10:36:00-04:00	8.77	8.78	8.765	8.77	3107	yfinance_1m
2026-09-08T10:37:00-04:00	8.7713	8.778	8.76	8.76	1038	yfinance_1m
2026-09-08T10:38:00-04:00	8.77	8.79	8.76	8.79	3811	yfinance_1m
2026-09-08T10:39:00-04:00	8.8	8.8	8.78	8.79	3378	yfinance_1m
2026-09-08T10:40:00-04:00	8.79	8.79	8.79	8.79	1334	yfinance_1m
2026-09-08T10:41:00-04:00	8.78	8.785	8.74	8.74	8341	yfinance_1m
2026-09-08T10:42:00-04:00	8.75	8.75	8.7286	8.7286	5817	yfinance_1m
2026-09-08T10:43:00-04:00	8.72	8.725	8.715	8.72	5270	yfinance_1m
2026-09-08T10:44:00-04:00	8.72	8.72	8.715	8.72	2229	yfinance_1m
2026-09-08T10:45:00-04:00	8.72	8.73	8.71	8.73	5397	yfinance_1m
2026-09-08T10:46:00-04:00	8.73	8.74	8.73	8.74	3094	yfinance_1m
2026-09-08T10:47:00-04:00	8.745	8.7697	8.74	8.7697	7369	yfinance_1m
2026-09-08T10:48:00-04:00	8.77	8.77	8.77	8.77	955	yfinance_1m
2026-09-08T10:49:00-04:00	8.77	8.77	8.755	8.755	3780	yfinance_1m
2026-09-08T10:50:00-04:00	8.755	8.77	8.75	8.77	3294	yfinance_1m
2026-09-08T10:51:00-04:00	8.7602	8.7697	8.76	8.7697	1764	yfinance_1m
2026-09-08T10:52:00-04:00	8.77	8.77	8.74	8.751	7380	yfinance_1m
2026-09-08T10:53:00-04:00	8.75	8.75	8.73	8.74	9448	yfinance_1m
2026-09-08T10:54:00-04:00	8.7401	8.7401	8.7401	8.7401	945	yfinance_1m
2026-09-08T10:56:00-04:00	8.74	8.74	8.73	8.73	3805	yfinance_1m
2026-09-08T10:57:00-04:00	8.735	8.735	8.72	8.735	1439	yfinance_1m
2026-09-08T10:58:00-04:00	8.72	8.735	8.72	8.72	1158	yfinance_1m
2026-09-08T10:59:00-04:00	8.73	8.74	8.72	8.74	4534	yfinance_1m
2026-09-08T11:00:00-04:00	8.74	8.75	8.74	8.75	779	yfinance_1m
2026-09-08T11:01:00-04:00	8.75	8.76	8.74	8.74	8856	yfinance_1m
2026-09-08T11:02:00-04:00	8.75	8.75	8.75	8.75	1711	yfinance_1m
2026-09-08T11:03:00-04:00	8.75	8.865	8.74	8.86	23668	yfinance_1m
2026-09-08T11:04:00-04:00	8.86	8.86	8.84	8.85	5723	yfinance_1m
2026-09-08T11:05:00-04:00	8.865	8.865	8.85	8.85	3866	yfinance_1m
2026-09-08T11:06:00-04:00	8.86	8.86	8.835	8.84	6119	yfinance_1m
2026-09-08T11:07:00-04:00	8.84	8.84	8.81	8.82	5577	yfinance_1m
2026-09-08T11:08:00-04:00	8.82	8.82	8.817329	8.817329	975	yfinance_1m
2026-09-08T11:09:00-04:00	8.82	8.83	8.82	8.825	1203	yfinance_1m
2026-09-08T11:10:00-04:00	8.825	8.84	8.82	8.82	4946	yfinance_1m
2026-09-08T11:11:00-04:00	8.8299	8.8299	8.8299	8.8299	319	yfinance_1m
2026-09-08T11:12:00-04:00	8.82	8.83	8.81	8.83	4680	yfinance_1m
2026-09-08T11:13:00-04:00	8.82	8.82	8.815	8.815	1234	yfinance_1m
2026-09-08T11:14:00-04:00	8.815	8.837	8.815	8.837	3636	yfinance_1m
2026-09-08T11:15:00-04:00	8.825	8.88	8.825	8.87	19096	yfinance_1m
2026-09-08T11:16:00-04:00	8.8865	8.89	8.86	8.87	8260	yfinance_1m
2026-09-08T11:17:00-04:00	8.8702	8.8702	8.84	8.84	4942	yfinance_1m
2026-09-08T11:18:00-04:00	8.85	8.87	8.848	8.865	5395	yfinance_1m
2026-09-08T11:19:00-04:00	8.865	8.88	8.865	8.875	3750	yfinance_1m
2026-09-08T11:20:00-04:00	8.86	8.86	8.85	8.855	4447	yfinance_1m
2026-09-08T11:21:00-04:00	8.86	8.88	8.86	8.87	4061	yfinance_1m
2026-09-08T11:22:00-04:00	8.875	8.875	8.86	8.86	1443	yfinance_1m
2026-09-08T11:23:00-04:00	8.875	8.875	8.87	8.87	1533	yfinance_1m
2026-09-08T11:24:00-04:00	8.87	8.88	8.87	8.88	5009	yfinance_1m
2026-09-08T11:25:00-04:00	8.88	8.89	8.86	8.865	7763	yfinance_1m
2026-09-08T11:26:00-04:00	8.865	8.87	8.855	8.87	8233	yfinance_1m
2026-09-08T11:27:00-04:00	8.87	8.87	8.865	8.87	1453	yfinance_1m
2026-09-08T11:28:00-04:00	8.87	8.8702	8.859	8.86	4812	yfinance_1m
2026-09-08T11:29:00-04:00	8.86	8.94	8.855	8.94	7536	yfinance_1m
2026-09-08T11:30:00-04:00	8.95	8.98	8.95	8.98	3612	yfinance_1m
2026-09-08T11:31:00-04:00	8.985	9.005	8.97648	9.005	2935	yfinance_1m
2026-09-08T11:32:00-04:00	9.0163	9.0163	8.95	8.965	10098	yfinance_1m
2026-09-08T11:33:00-04:00	8.95	8.95	8.92	8.945	3949	yfinance_1m
2026-09-08T11:34:00-04:00	8.945	8.96	8.93	8.93	4827	yfinance_1m
2026-09-08T11:35:00-04:00	8.945	8.945	8.92	8.92	952	yfinance_1m
2026-09-08T11:36:00-04:00	8.935	8.935	8.92	8.92	2213	yfinance_1m
2026-09-08T11:37:00-04:00	8.94	8.94	8.9	8.91	4674	yfinance_1m
2026-09-08T11:38:00-04:00	8.9004	8.9004	8.9	8.9	1373	yfinance_1m
2026-09-08T11:39:00-04:00	8.9	8.9	8.89	8.89	1504	yfinance_1m
2026-09-08T11:40:00-04:00	8.9	8.9	8.89	8.9	2345	yfinance_1m
2026-09-08T11:41:00-04:00	8.89	8.9	8.89	8.9	1066	yfinance_1m
2026-09-08T11:42:00-04:00	8.89	8.9	8.89	8.89	1213	yfinance_1m
2026-09-08T11:43:00-04:00	8.9	8.92	8.89	8.91	22832	yfinance_1m
2026-09-08T11:44:00-04:00	8.9	8.95	8.9	8.95	11389	yfinance_1m
2026-09-08T11:45:00-04:00	8.95	8.9999	8.95	8.9999	3632	yfinance_1m
2026-09-08T11:46:00-04:00	9.0	9.0234	9.0	9.02	3858	yfinance_1m
2026-09-08T11:47:00-04:00	9.02	9.02	9.02	9.02	757	yfinance_1m
2026-09-08T11:48:00-04:00	9.03	9.1	9.03	9.1	22848	yfinance_1m
2026-09-08T11:49:00-04:00	9.09	9.09	9.07	9.07	2607	yfinance_1m
2026-09-08T11:50:00-04:00	9.08	9.1	9.08	9.08	4363	yfinance_1m
2026-09-08T11:51:00-04:00	9.09	9.09	9.07	9.07	7178	yfinance_1m
2026-09-08T11:52:00-04:00	9.065	9.07	9.05	9.05	2688	yfinance_1m
2026-09-08T11:53:00-04:00	9.05	9.06	9.05	9.06	5442	yfinance_1m
2026-09-08T11:54:00-04:00	9.06	9.07	9.06	9.06	3522	yfinance_1m
2026-09-08T11:55:00-04:00	9.059	9.08	9.059	9.08	3361	yfinance_1m
2026-09-08T11:56:00-04:00	9.0893	9.095	9.08	9.08	4893	yfinance_1m
2026-09-08T11:57:00-04:00	9.07	9.07	9.05	9.06	6452	yfinance_1m
2026-09-08T11:58:00-04:00	9.04	9.07	9.04	9.07	3998	yfinance_1m
2026-09-08T11:59:00-04:00	9.065	9.065	9.05	9.05	748	yfinance_1m
2026-09-08T12:00:00-04:00	9.08	9.08	9.08	9.08	2187	yfinance_1m
2026-09-08T12:01:00-04:00	9.09	9.09	9.07	9.08	4431	yfinance_1m
2026-09-08T12:02:00-04:00	9.075	9.075	9.0698	9.07	2007	yfinance_1m
2026-09-08T12:03:00-04:00	9.07	9.07	9.07	9.07	2335	yfinance_1m
2026-09-08T12:04:00-04:00	9.0698	9.0709	9.0698	9.0709	3004	yfinance_1m
2026-09-08T12:05:00-04:00	9.07	9.07	9.06	9.06	1075	yfinance_1m
2026-09-08T12:06:00-04:00	9.06	9.11	9.06	9.09	24447	yfinance_1m
2026-09-08T12:07:00-04:00	9.0999	9.0999	9.0999	9.0999	936	yfinance_1m
2026-09-08T12:08:00-04:00	9.095	9.095	9.055	9.06	10502	yfinance_1m
2026-09-08T12:09:00-04:00	9.05	9.055	9.0387	9.045	6352	yfinance_1m
2026-09-08T12:10:00-04:00	9.04	9.04	9.035	9.035	1310	yfinance_1m
2026-09-08T12:11:00-04:00	9.03	9.03	9.02	9.02	5559	yfinance_1m
2026-09-08T12:12:00-04:00	9.02	9.0201	9.02	9.0201	1112	yfinance_1m
2026-09-08T12:13:00-04:00	9.015	9.015	9.015	9.015	1751	yfinance_1m
2026-09-08T12:14:00-04:00	9.015	9.02	9.015	9.015	1202	yfinance_1m
2026-09-08T12:15:00-04:00	9.015	9.02	9.01	9.01	1432	yfinance_1m
2026-09-08T12:16:00-04:00	9.015	9.015	9.015	9.015	1182	yfinance_1m
2026-09-08T12:17:00-04:00	9.02	9.02	9.01	9.01	9783	yfinance_1m
2026-09-08T12:18:00-04:00	9.02	9.04	9.02	9.03	3874	yfinance_1m
2026-09-08T12:19:00-04:00	9.02	9.02	9.0	9.01	4319	yfinance_1m
2026-09-08T12:20:00-04:00	9.0	9.0	8.9648	8.97	7919	yfinance_1m
2026-09-08T12:21:00-04:00	8.97	8.97	8.9601	8.97	772	yfinance_1m
2026-09-08T12:22:00-04:00	8.97	8.975	8.965	8.965	8446	yfinance_1m
2026-09-08T12:23:00-04:00	8.96	8.96	8.935	8.94	8310	yfinance_1m
2026-09-08T12:24:00-04:00	8.935	8.95	8.935	8.95	5483	yfinance_1m
2026-09-08T12:25:00-04:00	8.9507	8.9552	8.95	8.95	5274	yfinance_1m
2026-09-08T12:26:00-04:00	8.95	8.95	8.945	8.945	1027	yfinance_1m
2026-09-08T12:27:00-04:00	8.945	8.955	8.945	8.95	3148	yfinance_1m
2026-09-08T12:28:00-04:00	8.955	8.955	8.9508	8.9508	3458	yfinance_1m
2026-09-08T12:29:00-04:00	8.95	8.95	8.95	8.95	1381	yfinance_1m
2026-09-08T12:30:00-04:00	8.94	8.94	8.93	8.93	2487	yfinance_1m
2026-09-08T12:31:00-04:00	8.93	8.935	8.93	8.93	2925	yfinance_1m
2026-09-08T12:32:00-04:00	8.935	9.01	8.93	8.94	29242	yfinance_1m
2026-09-08T12:33:00-04:00	8.94	8.98	8.939	8.98	6347	yfinance_1m
2026-09-08T12:34:00-04:00	8.97	8.97	8.97	8.97	826	yfinance_1m
2026-09-08T12:35:00-04:00	8.99	9.0	8.99	9.0	675	yfinance_1m
2026-09-08T12:36:00-04:00	9.02	9.03	8.98	8.98	22085	yfinance_1m
2026-09-08T12:37:00-04:00	8.975	8.985	8.975	8.98	2125	yfinance_1m
2026-09-08T12:38:00-04:00	8.975	8.975	8.975	8.975	505	yfinance_1m
2026-09-08T12:39:00-04:00	8.98	8.98	8.98	8.98	691	yfinance_1m
2026-09-08T12:40:00-04:00	8.97	8.97	8.96	8.97	1915	yfinance_1m
2026-09-08T12:41:00-04:00	8.97	8.98	8.96	8.975	6738	yfinance_1m
2026-09-08T12:42:00-04:00	8.975	8.975	8.975	8.975	776	yfinance_1m
2026-09-08T12:43:00-04:00	8.97	8.97	8.97	8.97	1671	yfinance_1m
2026-09-08T12:44:00-04:00	8.97	8.97	8.97	8.97	1654	yfinance_1m
2026-09-08T12:45:00-04:00	8.96	8.98	8.96	8.97	930	yfinance_1m
2026-09-08T12:46:00-04:00	8.98	8.995	8.975	8.99	4896	yfinance_1m
2026-09-08T12:47:00-04:00	8.9826	9.0	8.9826	9.0	4507	yfinance_1m
2026-09-08T12:48:00-04:00	9.0	9.02	9.0	9.01	2753	yfinance_1m
2026-09-08T12:49:00-04:00	9.02	9.02	9.0	9.01	6377	yfinance_1m
2026-09-08T12:50:00-04:00	9.03	9.03	9.03	9.03	2799	yfinance_1m
2026-09-08T12:52:00-04:00	9.03	9.05	9.03	9.04	4067	yfinance_1m
2026-09-08T12:53:00-04:00	9.05	9.065	9.05	9.065	733	yfinance_1m
2026-09-08T12:54:00-04:00	9.065	9.065	9.03	9.04	7249	yfinance_1m
2026-09-08T12:55:00-04:00	9.03	9.03	9.025	9.025	1213	yfinance_1m
2026-09-08T12:56:00-04:00	9.025	9.03	9.02	9.02	3353	yfinance_1m
2026-09-08T12:57:00-04:00	9.035	9.035	9.035	9.035	754	yfinance_1m
2026-09-08T12:58:00-04:00	9.02	9.035	9.02	9.035	1116	yfinance_1m
2026-09-08T12:59:00-04:00	9.03	9.04	9.01	9.035	6189	yfinance_1m
2026-09-08T13:00:00-04:00	9.035	9.055	9.035	9.055	3199	yfinance_1m
2026-09-08T13:01:00-04:00	9.07	9.07	9.065	9.065	652	yfinance_1m
2026-09-08T13:02:00-04:00	9.07	9.08	9.06	9.07	4364	yfinance_1m
2026-09-08T13:04:00-04:00	9.0772	9.08	9.07	9.08	2587	yfinance_1m
2026-09-08T13:05:00-04:00	9.0799	9.12	9.0701	9.12	15071	yfinance_1m
2026-09-08T13:06:00-04:00	9.12	9.14	9.09	9.12	30269	yfinance_1m
2026-09-08T13:07:00-04:00	9.11	9.14	9.1	9.1	86791	yfinance_1m
2026-09-08T13:08:00-04:00	9.1	9.1018	9.09	9.1	2189	yfinance_1m
2026-09-08T13:09:00-04:00	9.1	9.11	9.08	9.08	6984	yfinance_1m
2026-09-08T13:10:00-04:00	9.09	9.09	9.08	9.09	4914	yfinance_1m
2026-09-08T13:11:00-04:00	9.0898	9.2	9.085	9.19	83516	yfinance_1m
2026-09-08T13:12:00-04:00	9.19	9.22	9.189	9.21	14171	yfinance_1m
2026-09-08T13:13:00-04:00	9.21	9.22	9.21	9.22	3478	yfinance_1m
2026-09-08T13:14:00-04:00	9.21	9.22	9.21	9.22	4300	yfinance_1m
2026-09-08T13:15:00-04:00	9.2203	9.2203	9.22	9.22	1533	yfinance_1m
2026-09-08T13:16:00-04:00	9.213681	9.23	9.21	9.22	5956	yfinance_1m
2026-09-08T13:17:00-04:00	9.215	9.215	9.165	9.165	12287	yfinance_1m
2026-09-08T13:18:00-04:00	9.15	9.15	9.11	9.11	3997	yfinance_1m
2026-09-08T13:19:00-04:00	9.12	9.12	9.11	9.115	7037	yfinance_1m
2026-09-08T13:20:00-04:00	9.12	9.121	9.1001	9.1001	2084	yfinance_1m
2026-09-08T13:21:00-04:00	9.12	9.12	9.12	9.12	1834	yfinance_1m
2026-09-08T13:23:00-04:00	9.12	9.12	9.08	9.08	4235	yfinance_1m
2026-09-08T13:24:00-04:00	9.0801	9.0801	9.06	9.075	14032	yfinance_1m
2026-09-08T13:25:00-04:00	9.06	9.06	9.06	9.06	584	yfinance_1m
2026-09-08T13:26:00-04:00	9.07	9.08	9.06	9.07	9087	yfinance_1m
2026-09-08T13:27:00-04:00	9.0777	9.08	9.07	9.075	1968	yfinance_1m
2026-09-08T13:28:00-04:00	9.07	9.09	9.06	9.08	5563	yfinance_1m
2026-09-08T13:29:00-04:00	9.08	9.08	9.08	9.08	1561	yfinance_1m
2026-09-08T13:30:00-04:00	9.08	9.08	9.08	9.08	782	yfinance_1m
2026-09-08T13:31:00-04:00	9.075	9.08	9.07	9.075	2891	yfinance_1m
2026-09-08T13:32:00-04:00	9.08	9.08	9.07	9.08	1133	yfinance_1m
2026-09-08T13:33:00-04:00	9.075	9.085	9.075	9.085	11570	yfinance_1m
2026-09-08T13:34:00-04:00	9.085	9.095	9.08	9.095	2379	yfinance_1m
2026-09-08T13:35:00-04:00	9.095	9.095	9.07	9.08	5298	yfinance_1m
2026-09-08T13:36:00-04:00	9.075	9.08	9.07	9.08	4137	yfinance_1m
2026-09-08T13:37:00-04:00	9.08	9.08	9.075	9.08	2907	yfinance_1m
2026-09-08T13:38:00-04:00	9.084	9.085	9.084	9.085	1117	yfinance_1m
2026-09-08T13:39:00-04:00	9.08	9.08	9.06	9.064	2933	yfinance_1m
2026-09-08T13:40:00-04:00	9.065	9.065	9.065	9.065	712	yfinance_1m
2026-09-08T13:41:00-04:00	9.06	9.06	9.04	9.04	3332	yfinance_1m
2026-09-08T13:42:00-04:00	9.05	9.06	9.045	9.055	3409	yfinance_1m
2026-09-08T13:43:00-04:00	9.055	9.055	9.0549	9.0549	818	yfinance_1m
2026-09-08T13:44:00-04:00	9.055	9.055	9.03	9.03	3722	yfinance_1m
2026-09-08T13:45:00-04:00	9.035	9.035	9.03	9.03	892	yfinance_1m
2026-09-08T13:46:00-04:00	9.03	9.035	9.03	9.035	1036	yfinance_1m
2026-09-08T13:47:00-04:00	9.035	9.035	9.035	9.035	846	yfinance_1m
2026-09-08T13:48:00-04:00	9.03	9.035	9.03	9.03	2750	yfinance_1m
2026-09-08T13:49:00-04:00	9.025	9.03	9.02	9.025	4182	yfinance_1m
2026-09-08T13:50:00-04:00	9.025	9.03	9.02	9.03	2802	yfinance_1m
2026-09-08T13:51:00-04:00	9.025	9.04	9.025	9.03	4788	yfinance_1m
2026-09-08T13:52:00-04:00	9.035	9.035	9.02	9.02	3222	yfinance_1m
2026-09-08T13:53:00-04:00	9.02	9.04	9.02	9.035	2424	yfinance_1m
2026-09-08T13:54:00-04:00	9.035	9.035	9.0349	9.035	1885	yfinance_1m
2026-09-08T13:55:00-04:00	9.03	9.055	9.03	9.055	4652	yfinance_1m
2026-09-08T13:57:00-04:00	9.055	9.06	9.055	9.06	1984	yfinance_1m
2026-09-08T13:58:00-04:00	9.055	9.08	9.0548	9.08	3022	yfinance_1m
2026-09-08T13:59:00-04:00	9.08	9.09	9.08	9.09	2519	yfinance_1m
2026-09-08T14:00:00-04:00	9.09	9.1	9.075	9.075	7582	yfinance_1m
2026-09-08T14:01:00-04:00	9.07	9.07	9.04	9.04	12161	yfinance_1m
2026-09-08T14:02:00-04:00	9.05	9.08	9.05	9.08	8713	yfinance_1m
2026-09-08T14:03:00-04:00	9.065	9.0651	9.05	9.055	2973	yfinance_1m
2026-09-08T14:04:00-04:00	9.06	9.06	9.06	9.06	863	yfinance_1m
2026-09-08T14:05:00-04:00	9.06	9.06	9.06	9.06	1215	yfinance_1m
2026-09-08T14:06:00-04:00	9.06	9.06	9.05	9.05	4724	yfinance_1m
2026-09-08T14:07:00-04:00	9.05	9.05	9.05	9.05	3515	yfinance_1m
2026-09-08T14:08:00-04:00	9.05	9.05	9.05	9.05	469	yfinance_1m
2026-09-08T14:09:00-04:00	9.05	9.05	9.05	9.05	4460	yfinance_1m
2026-09-08T14:11:00-04:00	9.06	9.06	9.05	9.05	1202	yfinance_1m
2026-09-08T14:12:00-04:00	9.06	9.06	9.05	9.05	10074	yfinance_1m
2026-09-08T14:14:00-04:00	9.06	9.07	9.06	9.07	5418	yfinance_1m
2026-09-08T14:15:00-04:00	9.07	9.1067	9.07	9.1067	4914	yfinance_1m
2026-09-08T14:16:00-04:00	9.12	9.12	9.12	9.12	1102	yfinance_1m
2026-09-08T14:17:00-04:00	9.125	9.15	9.125	9.15	3034	yfinance_1m
2026-09-08T14:18:00-04:00	9.13	9.15	9.13	9.15	2478	yfinance_1m
2026-09-08T14:19:00-04:00	9.16	9.18	9.12	9.16	21685	yfinance_1m
2026-09-08T14:20:00-04:00	9.154	9.16	9.154	9.16	1676	yfinance_1m
2026-09-08T14:21:00-04:00	9.16	9.16	9.16	9.16	1245	yfinance_1m
2026-09-08T14:22:00-04:00	9.1526	9.16	9.145	9.145	10201	yfinance_1m
2026-09-08T14:23:00-04:00	9.1403	9.15	9.14	9.14	12381	yfinance_1m
2026-09-08T14:24:00-04:00	9.13	9.13	9.12	9.13	5479	yfinance_1m
2026-09-08T14:25:00-04:00	9.13	9.13	9.12	9.125	4117	yfinance_1m
2026-09-08T14:26:00-04:00	9.125	9.13	9.12	9.12	3268	yfinance_1m
2026-09-08T14:28:00-04:00	9.115	9.12	9.115	9.115	3685	yfinance_1m
2026-09-08T14:29:00-04:00	9.1199	9.125	9.115	9.125	4643	yfinance_1m
2026-09-08T14:30:00-04:00	9.12	9.12	9.12	9.12	4948	yfinance_1m
2026-09-08T14:31:00-04:00	9.12	9.12	9.1	9.1	5315	yfinance_1m
2026-09-08T14:32:00-04:00	9.1	9.12	9.1	9.12	3154	yfinance_1m
2026-09-08T14:33:00-04:00	9.1151	9.125	9.115	9.125	2601	yfinance_1m
2026-09-08T14:34:00-04:00	9.1249	9.1249	9.1249	9.1249	1666	yfinance_1m
2026-09-08T14:35:00-04:00	9.125	9.125	9.125	9.125	422	yfinance_1m
2026-09-08T14:36:00-04:00	9.12	9.12	9.1147	9.1147	4201	yfinance_1m
2026-09-08T14:37:00-04:00	9.115	9.12	9.114	9.12	2374	yfinance_1m
2026-09-08T14:39:00-04:00	9.12	9.12	9.11	9.11	3070	yfinance_1m
2026-09-08T14:40:00-04:00	9.12	9.12	9.115	9.115	1993	yfinance_1m
2026-09-08T14:41:00-04:00	9.115	9.115	9.115	9.115	178	yfinance_1m
2026-09-08T14:42:00-04:00	9.115	9.115	9.115	9.115	1743	yfinance_1m
2026-09-08T14:43:00-04:00	9.1177	9.12	9.11	9.11	4698	yfinance_1m
2026-09-08T14:44:00-04:00	9.115	9.115	9.115	9.115	1029	yfinance_1m
2026-09-08T14:45:00-04:00	9.115	9.115	9.115	9.115	1218	yfinance_1m
2026-09-08T14:46:00-04:00	9.11	9.115	9.1	9.105	20471	yfinance_1m
2026-09-08T14:47:00-04:00	9.105	9.135	9.1	9.12	24506	yfinance_1m
2026-09-08T14:48:00-04:00	9.12	9.12	9.09	9.09	6981	yfinance_1m
2026-09-08T14:49:00-04:00	9.08	9.095	9.075	9.095	6665	yfinance_1m
2026-09-08T14:50:00-04:00	9.1	9.16	9.1	9.15	7542	yfinance_1m
2026-09-08T14:51:00-04:00	9.155	9.155	9.14	9.14	2936	yfinance_1m
2026-09-08T14:52:00-04:00	9.13	9.13	9.11	9.11	3912	yfinance_1m
2026-09-08T14:53:00-04:00	9.105	9.11	9.105	9.11	2680	yfinance_1m
2026-09-08T14:54:00-04:00	9.11	9.12	9.11	9.12	2788	yfinance_1m
2026-09-08T14:55:00-04:00	9.115	9.12	9.115	9.12	2693	yfinance_1m
2026-09-08T14:56:00-04:00	9.125	9.125	9.125	9.125	1478	yfinance_1m
2026-09-08T14:57:00-04:00	9.125	9.125	9.125	9.125	1764	yfinance_1m
2026-09-08T14:58:00-04:00	9.125	9.13	9.125	9.13	1188	yfinance_1m
2026-09-08T14:59:00-04:00	9.125	9.13	9.125	9.125	1553	yfinance_1m
2026-09-08T15:00:00-04:00	9.125	9.135	9.09	9.095	12465	yfinance_1m
2026-09-08T15:01:00-04:00	9.08	9.08	9.04	9.07	14842	yfinance_1m
2026-09-08T15:02:00-04:00	9.06	9.07	9.055	9.0575	4923	yfinance_1m
2026-09-08T15:03:00-04:00	9.06	9.085	9.06	9.07	10639	yfinance_1m
2026-09-08T15:04:00-04:00	9.07	9.08	9.06	9.06	4966	yfinance_1m
2026-09-08T15:05:00-04:00	9.07	9.08	9.07	9.08	7935	yfinance_1m
2026-09-08T15:06:00-04:00	9.07	9.08	9.07	9.08	5120	yfinance_1m
2026-09-08T15:07:00-04:00	9.08	9.08	9.08	9.08	4899	yfinance_1m
2026-09-08T15:08:00-04:00	9.08	9.08	9.07	9.07	4659	yfinance_1m
2026-09-08T15:09:00-04:00	9.07	9.08	9.07	9.07	5268	yfinance_1m
2026-09-08T15:10:00-04:00	9.07	9.09	9.07	9.09	5070	yfinance_1m
2026-09-08T15:11:00-04:00	9.08	9.08	9.07	9.075	6946	yfinance_1m
2026-09-08T15:12:00-04:00	9.075	9.11	9.075	9.11	10831	yfinance_1m
2026-09-08T15:13:00-04:00	9.11	9.11	9.1	9.1	3936	yfinance_1m
2026-09-08T15:14:00-04:00	9.1	9.1	9.09	9.09	7384	yfinance_1m
2026-09-08T15:15:00-04:00	9.09	9.1	9.055	9.055	33963	yfinance_1m
2026-09-08T15:16:00-04:00	9.05	9.05	9.035	9.045	7619	yfinance_1m
2026-09-08T15:17:00-04:00	9.045	9.055	9.03	9.04	14530	yfinance_1m
2026-09-08T15:18:00-04:00	9.04	9.045	9.035	9.035	8881	yfinance_1m
2026-09-08T15:19:00-04:00	9.035	9.0417	9.03	9.04	6116	yfinance_1m
2026-09-08T15:20:00-04:00	9.04	9.05	9.025	9.025	10224	yfinance_1m
2026-09-08T15:21:00-04:00	9.02	9.035	9.02	9.03	12982	yfinance_1m
2026-09-08T15:22:00-04:00	9.02	9.03	9.0	9.0	12118	yfinance_1m
2026-09-08T15:23:00-04:00	9.01	9.01	9.0	9.0	7765	yfinance_1m
2026-09-08T15:24:00-04:00	9.01	9.015	9.0	9.01	8554	yfinance_1m
2026-09-08T15:25:00-04:00	9.0	9.0102	9.0	9.01	7090	yfinance_1m
2026-09-08T15:26:00-04:00	9.01	9.02	9.0	9.01	8247	yfinance_1m
2026-09-08T15:27:00-04:00	9.015	9.03	9.015	9.03	10334	yfinance_1m
2026-09-08T15:28:00-04:00	9.03	9.06	9.03	9.06	9873	yfinance_1m
2026-09-08T15:29:00-04:00	9.05	9.065	9.05	9.065	6623	yfinance_1m
2026-09-08T15:30:00-04:00	9.06	9.06	9.04	9.04	13374	yfinance_1m
2026-09-08T15:31:00-04:00	9.04	9.045	9.035	9.045	10475	yfinance_1m
2026-09-08T15:32:00-04:00	9.04	9.045	9.01	9.01	5506	yfinance_1m
2026-09-08T15:33:00-04:00	9.01	9.01	9.0	9.01	10554	yfinance_1m
2026-09-08T15:34:00-04:00	9.004	9.01	9.0	9.01	5778	yfinance_1m
2026-09-08T15:35:00-04:00	9.015	9.015	8.96	8.96	21544	yfinance_1m
2026-09-08T15:36:00-04:00	8.96	8.96	8.95	8.96	15827	yfinance_1m
2026-09-08T15:37:00-04:00	8.96	8.965	8.95	8.95	5685	yfinance_1m
2026-09-08T15:38:00-04:00	8.955	8.965	8.95	8.96	17206	yfinance_1m
2026-09-08T15:39:00-04:00	8.96	8.98	8.95	8.98	14643	yfinance_1m
2026-09-08T15:40:00-04:00	8.985	8.985	8.93	8.96	21265	yfinance_1m
2026-09-08T15:41:00-04:00	8.955	8.96	8.94	8.955	5039	yfinance_1m
2026-09-08T15:42:00-04:00	8.955	8.96	8.955	8.955	7574	yfinance_1m
2026-09-08T15:43:00-04:00	8.955	8.9598	8.94	8.94	8973	yfinance_1m
2026-09-08T15:44:00-04:00	8.95	8.965	8.95	8.95	11908	yfinance_1m
2026-09-08T15:45:00-04:00	8.95	8.95	8.93	8.94	11993	yfinance_1m
2026-09-08T15:46:00-04:00	8.94	8.94	8.92	8.94	19910	yfinance_1m
2026-09-08T15:47:00-04:00	8.94	8.94	8.94	8.94	9026	yfinance_1m
2026-09-08T15:48:00-04:00	8.93	8.935	8.9	8.91	15675	yfinance_1m
2026-09-08T15:49:00-04:00	8.91	8.93	8.91	8.925	12158	yfinance_1m
2026-09-08T15:50:00-04:00	8.93	8.94	8.93	8.93	7124	yfinance_1m
2026-09-08T15:51:00-04:00	8.935	8.96	8.935	8.955	13135	yfinance_1m
2026-09-08T15:52:00-04:00	8.955	8.955	8.94	8.95	12644	yfinance_1m
2026-09-08T15:53:00-04:00	8.945	8.945	8.92	8.92	13490	yfinance_1m
2026-09-08T15:54:00-04:00	8.92	8.9258	8.92	8.92	10083	yfinance_1m
2026-09-08T15:55:00-04:00	8.925	8.93	8.905	8.93	42614	yfinance_1m
2026-09-08T15:56:00-04:00	8.94	8.94	8.875	8.915	46157	yfinance_1m
2026-09-08T15:57:00-04:00	8.915	8.95	8.915	8.93	34289	yfinance_1m
2026-09-08T15:58:00-04:00	8.93	8.93	8.9	8.915	57631	yfinance_1m
2026-09-08T15:59:00-04:00	8.91	8.94	8.9	8.91	105151	yfinance_1m
2026-09-09T09:30:00-04:00	8.8	9.0	8.8	8.93	24489	yfinance_1m
2026-09-09T09:31:00-04:00	8.905	8.915	8.905	8.915	928	yfinance_1m
2026-09-09T09:32:00-04:00	8.915	9.02	8.91	8.915	10049	yfinance_1m
2026-09-09T09:33:00-04:00	8.94	8.94	8.92	8.93	1833	yfinance_1m
2026-09-09T09:34:00-04:00	8.925	8.95	8.925	8.95	1445	yfinance_1m
2026-09-09T09:35:00-04:00	8.98	9.06	8.98	9.04	11248	yfinance_1m
2026-09-09T09:36:00-04:00	9.01	9.08	8.96	9.08	6620	yfinance_1m
2026-09-09T09:37:00-04:00	9.08	9.08	9.035	9.06	2727	yfinance_1m
2026-09-09T09:38:00-04:00	9.05	9.05	9.035	9.035	2022	yfinance_1m
2026-09-09T09:39:00-04:00	9.035	9.035	8.975	8.975	3933	yfinance_1m
2026-09-09T09:40:00-04:00	8.95	8.95	8.95	8.95	1365	yfinance_1m
2026-09-09T09:41:00-04:00	8.91	8.94	8.91	8.93	1164	yfinance_1m
2026-09-09T09:42:00-04:00	8.91	8.92	8.855	8.855	5146	yfinance_1m
2026-09-09T09:43:00-04:00	8.855	8.86	8.82	8.86	4391	yfinance_1m
2026-09-09T09:44:00-04:00	8.84	8.91	8.84	8.895	6916	yfinance_1m
2026-09-09T09:45:00-04:00	8.895	8.92	8.895	8.92	2338	yfinance_1m
2026-09-09T09:46:00-04:00	8.895	8.91	8.89	8.89	5333	yfinance_1m
2026-09-09T09:47:00-04:00	8.91	8.91	8.87	8.87	9007	yfinance_1m
2026-09-09T09:48:00-04:00	8.87	8.87	8.85	8.86	3411	yfinance_1m
2026-09-09T09:49:00-04:00	8.86	8.88	8.855	8.865	5283	yfinance_1m
2026-09-09T09:50:00-04:00	8.865	8.865	8.8	8.805	8211	yfinance_1m
2026-09-09T09:51:00-04:00	8.805	8.805	8.78	8.785	2861	yfinance_1m
2026-09-09T09:52:00-04:00	8.77	8.86	8.76	8.81	25292	yfinance_1m
2026-09-09T09:53:00-04:00	8.81	8.86	8.81	8.86	1877	yfinance_1m
2026-09-09T09:54:00-04:00	8.845	8.845	8.845	8.845	3350	yfinance_1m
2026-09-09T09:55:00-04:00	8.86	8.89	8.86	8.89	3802	yfinance_1m
2026-09-09T09:56:00-04:00	8.87	8.87	8.86	8.86	2327	yfinance_1m
2026-09-09T09:57:00-04:00	8.87	8.87	8.87	8.87	678	yfinance_1m
2026-09-09T09:58:00-04:00	8.86	8.875	8.84	8.855	3481	yfinance_1m
2026-09-09T09:59:00-04:00	8.845	8.845	8.81	8.81	3447	yfinance_1m
2026-09-09T10:00:00-04:00	8.82	8.83	8.8	8.801	5950	yfinance_1m
2026-09-09T10:01:00-04:00	8.78	8.79	8.77	8.79	3120	yfinance_1m
2026-09-09T10:02:00-04:00	8.8	8.8	8.785	8.79	2828	yfinance_1m
2026-09-09T10:03:00-04:00	8.79	8.79	8.7433	8.765	7977	yfinance_1m
2026-09-09T10:04:00-04:00	8.79	8.8	8.79	8.79	1711	yfinance_1m
2026-09-09T10:05:00-04:00	8.77	8.78	8.765	8.77	3735	yfinance_1m
2026-09-09T10:06:00-04:00	8.77	8.8	8.77	8.79	23945	yfinance_1m
2026-09-09T10:07:00-04:00	8.78	8.785	8.78	8.785	1351	yfinance_1m
2026-09-09T10:08:00-04:00	8.79	8.79	8.77	8.78	3976	yfinance_1m
2026-09-09T10:09:00-04:00	8.78	8.8	8.778	8.8	4576	yfinance_1m
2026-09-09T10:10:00-04:00	8.8	8.83	8.79	8.82	5622	yfinance_1m
2026-09-09T10:11:00-04:00	8.82	8.82	8.81	8.81	6535	yfinance_1m
2026-09-09T10:12:00-04:00	8.8	8.8058	8.765	8.765	6686	yfinance_1m
2026-09-09T10:13:00-04:00	8.77	8.77	8.76	8.77	1576	yfinance_1m
2026-09-09T10:14:00-04:00	8.77	8.77	8.72	8.77	11088	yfinance_1m
2026-09-09T10:15:00-04:00	8.78	8.8	8.77	8.795	4039	yfinance_1m
2026-09-09T10:16:00-04:00	8.79	8.795	8.76	8.7611	7110	yfinance_1m
2026-09-09T10:17:00-04:00	8.76	8.76	8.75	8.75	1274	yfinance_1m
2026-09-09T10:18:00-04:00	8.74	8.745	8.735	8.74	2643	yfinance_1m
2026-09-09T10:19:00-04:00	8.72	8.74	8.71	8.74	5668	yfinance_1m
2026-09-09T10:20:00-04:00	8.74	8.74	8.74	8.74	1938	yfinance_1m
2026-09-09T10:21:00-04:00	8.74	8.74	8.73	8.73	2720	yfinance_1m
2026-09-09T10:22:00-04:00	8.73	8.73	8.715	8.715	2759	yfinance_1m
2026-09-09T10:23:00-04:00	8.73	8.75	8.72	8.75	7098	yfinance_1m
2026-09-09T10:24:00-04:00	8.75	8.75	8.725	8.725	5255	yfinance_1m
2026-09-09T10:25:00-04:00	8.7251	8.78	8.72	8.77	15034	yfinance_1m
2026-09-09T10:26:00-04:00	8.78	8.8	8.78	8.8	9341	yfinance_1m
2026-09-09T10:27:00-04:00	8.8	8.81	8.7997	8.81	3986	yfinance_1m
2026-09-09T10:28:00-04:00	8.8	8.8	8.79	8.79	2558	yfinance_1m
2026-09-09T10:29:00-04:00	8.78	8.78	8.76	8.7601	14555	yfinance_1m
2026-09-09T10:30:00-04:00	8.775	8.775	8.74	8.76	14184	yfinance_1m
2026-09-09T10:31:00-04:00	8.76	8.76	8.74	8.74	2151	yfinance_1m
2026-09-09T10:32:00-04:00	8.73	8.73	8.64	8.66	19048	yfinance_1m
2026-09-09T10:33:00-04:00	8.655	8.6699	8.64	8.655	2022	yfinance_1m
2026-09-09T10:34:00-04:00	8.655	8.655	8.635	8.635	10251	yfinance_1m
2026-09-09T10:35:00-04:00	8.63	8.68	8.63	8.66	28699	yfinance_1m
2026-09-09T10:36:00-04:00	8.65	8.66	8.64	8.64	12673	yfinance_1m
2026-09-09T10:37:00-04:00	8.65	8.66	8.65	8.66	9050	yfinance_1m
2026-09-09T10:38:00-04:00	8.659	8.659	8.65	8.65	14270	yfinance_1m
2026-09-09T10:39:00-04:00	8.65	8.65	8.635	8.635	2374	yfinance_1m
2026-09-09T10:40:00-04:00	8.635	8.64	8.63	8.63	3166	yfinance_1m
2026-09-09T10:41:00-04:00	8.62	8.625	8.62	8.625	1531	yfinance_1m
2026-09-09T10:42:00-04:00	8.628	8.6283	8.615	8.62	5613	yfinance_1m
2026-09-09T10:43:00-04:00	8.62	8.62	8.6	8.61	9960	yfinance_1m
2026-09-09T10:44:00-04:00	8.61	8.62	8.61	8.62	3035	yfinance_1m
2026-09-09T10:45:00-04:00	8.625	8.64	8.62	8.64	3923	yfinance_1m
2026-09-09T10:46:00-04:00	8.64	8.67	8.64	8.665	4785	yfinance_1m
2026-09-09T10:47:00-04:00	8.665	8.665	8.65	8.65	6442	yfinance_1m
2026-09-09T10:48:00-04:00	8.644	8.65	8.63	8.64	2536	yfinance_1m
2026-09-09T10:49:00-04:00	8.635	8.66	8.635	8.65	5610	yfinance_1m
2026-09-09T10:50:00-04:00	8.65	8.65	8.64	8.64	1195	yfinance_1m
2026-09-09T10:51:00-04:00	8.645	8.65	8.64	8.65	2467	yfinance_1m
2026-09-09T10:52:00-04:00	8.655	8.655	8.645	8.645	5685	yfinance_1m
2026-09-09T10:53:00-04:00	8.64	8.64	8.63	8.63	4548	yfinance_1m
2026-09-09T10:54:00-04:00	8.63	8.63	8.621	8.621	518	yfinance_1m
2026-09-09T10:55:00-04:00	8.63	8.63	8.62	8.62	3297	yfinance_1m
2026-09-09T10:56:00-04:00	8.62	8.63	8.61	8.63	4309	yfinance_1m
2026-09-09T10:57:00-04:00	8.62	8.62	8.61	8.617316	5517	yfinance_1m
2026-09-09T10:58:00-04:00	8.61	8.6105	8.61	8.61	1815	yfinance_1m
2026-09-09T10:59:00-04:00	8.62	8.62	8.5897	8.5897	5789	yfinance_1m
2026-09-09T11:00:00-04:00	8.58	8.605	8.58	8.605	6937	yfinance_1m
2026-09-09T11:01:00-04:00	8.605	8.605	8.57	8.57	6376	yfinance_1m
2026-09-09T11:02:00-04:00	8.56	8.58	8.56	8.56	3093	yfinance_1m
2026-09-09T11:03:00-04:00	8.55	8.56	8.55	8.55	3872	yfinance_1m
2026-09-09T11:04:00-04:00	8.55	8.55	8.55	8.55	1233	yfinance_1m
2026-09-09T11:05:00-04:00	8.55	8.56	8.5402	8.55	8212	yfinance_1m
2026-09-09T11:06:00-04:00	8.55	8.575	8.55	8.575	7580	yfinance_1m
2026-09-09T11:07:00-04:00	8.5703	8.575	8.565	8.565	5373	yfinance_1m
2026-09-09T11:08:00-04:00	8.56	8.565	8.555	8.5599	2574	yfinance_1m
2026-09-09T11:09:00-04:00	8.555	8.555	8.552	8.552	860	yfinance_1m
2026-09-09T11:10:00-04:00	8.55	8.56	8.55	8.555	2366	yfinance_1m
2026-09-09T11:11:00-04:00	8.55	8.55	8.545	8.545	2958	yfinance_1m
2026-09-09T11:12:00-04:00	8.54	8.545	8.53	8.545	6868	yfinance_1m
2026-09-09T11:13:00-04:00	8.545	8.545	8.54	8.545	1390	yfinance_1m
2026-09-09T11:14:00-04:00	8.545	8.555	8.545	8.555	3599	yfinance_1m
2026-09-09T11:15:00-04:00	8.555	8.565	8.555	8.565	5854	yfinance_1m
2026-09-09T11:16:00-04:00	8.56	8.56	8.545	8.55	14358	yfinance_1m
2026-09-09T11:17:00-04:00	8.554	8.56	8.554	8.555	2543	yfinance_1m
2026-09-09T11:18:00-04:00	8.55	8.555	8.55	8.555	873	yfinance_1m
2026-09-09T11:19:00-04:00	8.55	8.55	8.54	8.54	1820	yfinance_1m
2026-09-09T11:20:00-04:00	8.54	8.54	8.53	8.53	4207	yfinance_1m
2026-09-09T11:21:00-04:00	8.535	8.535	8.52	8.53	6158	yfinance_1m
2026-09-09T11:22:00-04:00	8.53	8.53	8.525	8.525	1951	yfinance_1m
2026-09-09T11:23:00-04:00	8.53	8.53	8.53	8.53	8588	yfinance_1m
2026-09-09T11:24:00-04:00	8.52	8.52	8.51	8.52	11175	yfinance_1m
2026-09-09T11:25:00-04:00	8.5147	8.535	8.5147	8.535	6310	yfinance_1m
2026-09-09T11:26:00-04:00	8.535	8.535	8.525	8.525	4261	yfinance_1m
2026-09-09T11:27:00-04:00	8.525	8.525	8.515	8.525	4678	yfinance_1m
2026-09-09T11:28:00-04:00	8.525	8.525	8.525	8.525	1460	yfinance_1m
2026-09-09T11:29:00-04:00	8.5201	8.525	8.5201	8.521	1797	yfinance_1m
2026-09-09T11:30:00-04:00	8.525	8.53	8.525	8.53	4802	yfinance_1m
2026-09-09T11:31:00-04:00	8.52	8.52	8.51	8.51	2573	yfinance_1m
2026-09-09T11:32:00-04:00	8.51	8.51	8.48	8.49	19533	yfinance_1m
2026-09-09T11:33:00-04:00	8.49	8.49	8.49	8.49	415	yfinance_1m
2026-09-09T11:34:00-04:00	8.481	8.505	8.481	8.5	10061	yfinance_1m
2026-09-09T11:35:00-04:00	8.5	8.51	8.5	8.5	1535	yfinance_1m
2026-09-09T11:36:00-04:00	8.495	8.515	8.491	8.515	9039	yfinance_1m
2026-09-09T11:37:00-04:00	8.515	8.53	8.515	8.53	2609	yfinance_1m
2026-09-09T11:38:00-04:00	8.525	8.525	8.521	8.521	2069	yfinance_1m
2026-09-09T11:39:00-04:00	8.525	8.54	8.521	8.54	7067	yfinance_1m
2026-09-09T11:40:00-04:00	8.545	8.545	8.53	8.53	9913	yfinance_1m
2026-09-09T11:41:00-04:00	8.53	8.535	8.521	8.535	1612	yfinance_1m
2026-09-09T11:42:00-04:00	8.53	8.54	8.53	8.54	8084	yfinance_1m
2026-09-09T11:43:00-04:00	8.54	8.54	8.539	8.54	1444	yfinance_1m
2026-09-09T11:44:00-04:00	8.54	8.55	8.54	8.55	2419	yfinance_1m
2026-09-09T11:45:00-04:00	8.55	8.55	8.54	8.55	835	yfinance_1m
2026-09-09T11:46:00-04:00	8.55	8.55	8.55	8.55	1547	yfinance_1m
2026-09-09T11:47:00-04:00	8.55	8.55	8.54	8.55	2272	yfinance_1m
2026-09-09T11:48:00-04:00	8.5435	8.55	8.54	8.55	1530	yfinance_1m
2026-09-09T11:49:00-04:00	8.55	8.55	8.54	8.55	891	yfinance_1m
2026-09-09T11:50:00-04:00	8.54	8.56	8.5306	8.5306	17492	yfinance_1m
2026-09-09T11:51:00-04:00	8.53	8.53	8.51	8.52	6935	yfinance_1m
2026-09-09T11:52:00-04:00	8.52	8.52	8.51	8.51	2711	yfinance_1m
2026-09-09T11:53:00-04:00	8.51	8.51	8.51	8.51	707	yfinance_1m
2026-09-09T11:54:00-04:00	8.515	8.515	8.51	8.515	1112	yfinance_1m
2026-09-09T11:55:00-04:00	8.515	8.515	8.5	8.5	5343	yfinance_1m
2026-09-09T11:56:00-04:00	8.5	8.51	8.5	8.51	8000	yfinance_1m
2026-09-09T11:57:00-04:00	8.51	8.53	8.51	8.523	10254	yfinance_1m
2026-09-09T11:58:00-04:00	8.51	8.51	8.5	8.5	2881	yfinance_1m
2026-09-09T11:59:00-04:00	8.5	8.5	8.475	8.48	12239	yfinance_1m
2026-09-09T12:00:00-04:00	8.485	8.515	8.485	8.511	5431	yfinance_1m
2026-09-09T12:01:00-04:00	8.51	8.5152	8.51	8.5152	1099	yfinance_1m
2026-09-09T12:02:00-04:00	8.515	8.52	8.515	8.52	4796	yfinance_1m
2026-09-09T12:03:00-04:00	8.525	8.525	8.52	8.525	557	yfinance_1m
2026-09-09T12:04:00-04:00	8.525	8.5277	8.525	8.525	2342	yfinance_1m
2026-09-09T12:05:00-04:00	8.525	8.525	8.515	8.515	6927	yfinance_1m
2026-09-09T12:06:00-04:00	8.5103	8.515	8.51	8.5112	7345	yfinance_1m
2026-09-09T12:07:00-04:00	8.51	8.51	8.5003	8.51	7069	yfinance_1m
2026-09-09T12:08:00-04:00	8.5	8.5	8.49	8.49	5333	yfinance_1m
2026-09-09T12:09:00-04:00	8.485	8.485	8.48	8.48	5704	yfinance_1m
2026-09-09T12:10:00-04:00	8.475	8.475	8.46	8.465	13535	yfinance_1m
2026-09-09T12:11:00-04:00	8.475	8.48	8.475	8.48	1434	yfinance_1m
2026-09-09T12:12:00-04:00	8.475	8.485	8.47	8.485	17514	yfinance_1m
2026-09-09T12:13:00-04:00	8.49	8.495	8.49	8.495	3052	yfinance_1m
2026-09-09T12:14:00-04:00	8.495	8.5	8.49	8.495	4993	yfinance_1m
2026-09-09T12:15:00-04:00	8.495	8.495	8.4859	8.4859	19795	yfinance_1m
2026-09-09T12:16:00-04:00	8.48	8.485	8.475	8.485	2908	yfinance_1m
2026-09-09T12:17:00-04:00	8.48	8.484	8.475	8.4779	4133	yfinance_1m
2026-09-09T12:18:00-04:00	8.47	8.475	8.47	8.47	4320	yfinance_1m
2026-09-09T12:19:00-04:00	8.465	8.465	8.46	8.46	1293	yfinance_1m
2026-09-09T12:20:00-04:00	8.46	8.47	8.46	8.47	8888	yfinance_1m
2026-09-09T12:21:00-04:00	8.47	8.47	8.47	8.47	1124	yfinance_1m
2026-09-09T12:22:00-04:00	8.46	8.46	8.43	8.44	17315	yfinance_1m
2026-09-09T12:23:00-04:00	8.44	8.46	8.439	8.46	7266	yfinance_1m
2026-09-09T12:24:00-04:00	8.465	8.465	8.465	8.465	1422	yfinance_1m
2026-09-09T12:25:00-04:00	8.465	8.4703	8.465	8.465	4682	yfinance_1m
2026-09-09T12:26:00-04:00	8.46	8.464	8.455	8.464	4125	yfinance_1m
2026-09-09T12:27:00-04:00	8.465	8.4651	8.465	8.4651	5472	yfinance_1m
2026-09-09T12:28:00-04:00	8.465	8.475	8.465	8.47	5831	yfinance_1m
2026-09-09T12:29:00-04:00	8.465	8.47	8.461	8.47	3321	yfinance_1m
2026-09-09T12:30:00-04:00	8.465	8.465	8.465	8.465	749	yfinance_1m
2026-09-09T12:31:00-04:00	8.47	8.475	8.47	8.475	2076	yfinance_1m
2026-09-09T12:32:00-04:00	8.475	8.51	8.475	8.49	15522	yfinance_1m
2026-09-09T12:33:00-04:00	8.49	8.5	8.48	8.4997	3410	yfinance_1m
2026-09-09T12:34:00-04:00	8.5	8.51	8.5	8.505	1430	yfinance_1m
2026-09-09T12:35:00-04:00	8.505	8.51	8.504	8.505	2650	yfinance_1m
2026-09-09T12:36:00-04:00	8.51	8.51	8.505	8.51	1819	yfinance_1m
2026-09-09T12:37:00-04:00	8.51	8.5194	8.501	8.51	5125	yfinance_1m
2026-09-09T12:38:00-04:00	8.51	8.51	8.5	8.51	4127	yfinance_1m
2026-09-09T12:39:00-04:00	8.52	8.52	8.51	8.51	267	yfinance_1m
2026-09-09T12:40:00-04:00	8.51	8.52	8.51	8.51	3776	yfinance_1m
2026-09-09T12:41:00-04:00	8.515	8.515	8.51	8.515	1950	yfinance_1m
2026-09-09T12:42:00-04:00	8.51	8.5199	8.51	8.515	11417	yfinance_1m
2026-09-09T12:43:00-04:00	8.52	8.5202	8.52	8.5202	3918	yfinance_1m
2026-09-09T12:44:00-04:00	8.52	8.52	8.52	8.52	3875	yfinance_1m
2026-09-09T12:45:00-04:00	8.52	8.52	8.51	8.52	2252	yfinance_1m
2026-09-09T12:46:00-04:00	8.515	8.515	8.5	8.505	6434	yfinance_1m
2026-09-09T12:47:00-04:00	8.505	8.505	8.495	8.495	2879	yfinance_1m
2026-09-09T12:48:00-04:00	8.495	8.495	8.495	8.495	1209	yfinance_1m
2026-09-09T12:49:00-04:00	8.495	8.495	8.48	8.48	2942	yfinance_1m
2026-09-09T12:50:00-04:00	8.5	8.5	8.481	8.485	4091	yfinance_1m
2026-09-09T12:51:00-04:00	8.485	8.485	8.475	8.475	2593	yfinance_1m
2026-09-09T12:52:00-04:00	8.475	8.48	8.465	8.47	4336	yfinance_1m
2026-09-09T12:53:00-04:00	8.465	8.47	8.465	8.47	4742	yfinance_1m
2026-09-09T12:54:00-04:00	8.47	8.475	8.47	8.475	1476	yfinance_1m
2026-09-09T12:55:00-04:00	8.475	8.49	8.475	8.49	6295	yfinance_1m
2026-09-09T12:56:00-04:00	8.49	8.49	8.48	8.49	1607	yfinance_1m
2026-09-09T12:57:00-04:00	8.485	8.49	8.485	8.49	4081	yfinance_1m
2026-09-09T12:58:00-04:00	8.495	8.5	8.49	8.49	1678	yfinance_1m
2026-09-09T12:59:00-04:00	8.5	8.505	8.495	8.505	5336	yfinance_1m
2026-09-09T13:00:00-04:00	8.51	8.51	8.5	8.5	790	yfinance_1m
2026-09-09T13:01:00-04:00	8.5	8.5	8.495	8.495	1247	yfinance_1m
2026-09-09T13:02:00-04:00	8.495	8.5	8.495	8.5	1285	yfinance_1m
2026-09-09T13:03:00-04:00	8.495	8.5	8.485	8.485	10659	yfinance_1m
2026-09-09T13:05:00-04:00	8.49	8.49	8.48	8.485	3200	yfinance_1m
2026-09-09T13:06:00-04:00	8.49	8.49	8.49	8.49	5044	yfinance_1m
2026-09-09T13:07:00-04:00	8.49	8.495	8.49	8.495	3876	yfinance_1m
2026-09-09T13:08:00-04:00	8.49	8.495	8.49	8.49	2021	yfinance_1m
2026-09-09T13:09:00-04:00	8.495	8.495	8.49	8.49	1651	yfinance_1m
2026-09-09T13:10:00-04:00	8.49	8.495	8.49	8.495	944	yfinance_1m
2026-09-09T13:11:00-04:00	8.495	8.5	8.481	8.481	5441	yfinance_1m
2026-09-09T13:12:00-04:00	8.48	8.485	8.48	8.485	1554	yfinance_1m
2026-09-09T13:13:00-04:00	8.48	8.48	8.48	8.48	1194	yfinance_1m
2026-09-09T13:14:00-04:00	8.48	8.485	8.48	8.485	1665	yfinance_1m
2026-09-09T13:15:00-04:00	8.48	8.49	8.48	8.485	1136	yfinance_1m
2026-09-09T13:16:00-04:00	8.48	8.485	8.48	8.48	1855	yfinance_1m
2026-09-09T13:17:00-04:00	8.485	8.485	8.475	8.4773	3151	yfinance_1m
2026-09-09T13:18:00-04:00	8.475	8.4799	8.475	8.475	1697	yfinance_1m
2026-09-09T13:19:00-04:00	8.47	8.47	8.465	8.465	1997	yfinance_1m
2026-09-09T13:20:00-04:00	8.465	8.465	8.465	8.465	638	yfinance_1m
2026-09-09T13:21:00-04:00	8.465	8.465	8.4631	8.465	2075	yfinance_1m
2026-09-09T13:22:00-04:00	8.465	8.465	8.445	8.445	9099	yfinance_1m
2026-09-09T13:23:00-04:00	8.45	8.45	8.441	8.444	3406	yfinance_1m
2026-09-09T13:24:00-04:00	8.44	8.44	8.4342	8.44	6126	yfinance_1m
2026-09-09T13:25:00-04:00	8.44	8.44	8.44	8.44	604	yfinance_1m
2026-09-09T13:26:00-04:00	8.44	8.44	8.41	8.41	14042	yfinance_1m
2026-09-09T13:27:00-04:00	8.41	8.41	8.39	8.4	8585	yfinance_1m
2026-09-09T13:28:00-04:00	8.4	8.41	8.4	8.41	4834	yfinance_1m
2026-09-09T13:29:00-04:00	8.41	8.45	8.405	8.45	10813	yfinance_1m
2026-09-09T13:30:00-04:00	8.45	8.45	8.43	8.435	4056	yfinance_1m
2026-09-09T13:31:00-04:00	8.435	8.435	8.43	8.43	3250	yfinance_1m
2026-09-09T13:32:00-04:00	8.42	8.425	8.42	8.42	1626	yfinance_1m
2026-09-09T13:33:00-04:00	8.41	8.43	8.41	8.43	2494	yfinance_1m
2026-09-09T13:34:00-04:00	8.43	8.43	8.43	8.43	280	yfinance_1m
2026-09-09T13:35:00-04:00	8.43	8.43	8.42	8.43	3959	yfinance_1m
2026-09-09T13:36:00-04:00	8.435	8.435	8.42	8.425	1369	yfinance_1m
2026-09-09T13:37:00-04:00	8.425	8.425	8.42	8.42	3056	yfinance_1m
2026-09-09T13:38:00-04:00	8.41	8.41	8.4	8.4	7011	yfinance_1m
2026-09-09T13:39:00-04:00	8.41	8.41	8.41	8.41	992	yfinance_1m
2026-09-09T13:40:00-04:00	8.41	8.42	8.41	8.42	3628	yfinance_1m
2026-09-09T13:41:00-04:00	8.42	8.42	8.41	8.41	1236	yfinance_1m
2026-09-09T13:42:00-04:00	8.42	8.42	8.411	8.415	2167	yfinance_1m
2026-09-09T13:43:00-04:00	8.411	8.415	8.411	8.415	1398	yfinance_1m
2026-09-09T13:44:00-04:00	8.415	8.43	8.415	8.425	4221	yfinance_1m
2026-09-09T13:45:00-04:00	8.425	8.43	8.425	8.425	761	yfinance_1m
2026-09-09T13:46:00-04:00	8.43	8.46	8.43	8.46	14747	yfinance_1m
2026-09-09T13:47:00-04:00	8.46	8.465	8.4567	8.465	7657	yfinance_1m
2026-09-09T13:48:00-04:00	8.465	8.465	8.46	8.465	2986	yfinance_1m
2026-09-09T13:49:00-04:00	8.47	8.47	8.47	8.47	3950	yfinance_1m
2026-09-09T13:50:00-04:00	8.47	8.47	8.461	8.47	1764	yfinance_1m
2026-09-09T13:51:00-04:00	8.465	8.465	8.465	8.465	1316	yfinance_1m
2026-09-09T13:52:00-04:00	8.46	8.47	8.46	8.465	1330	yfinance_1m
2026-09-09T13:53:00-04:00	8.465	8.465	8.461	8.465	2000	yfinance_1m
2026-09-09T13:54:00-04:00	8.465	8.4692	8.461	8.465	1378	yfinance_1m
2026-09-09T13:55:00-04:00	8.46	8.465	8.46	8.461	1312	yfinance_1m
2026-09-09T13:56:00-04:00	8.465	8.4699	8.4614	8.465	2015	yfinance_1m
2026-09-09T13:57:00-04:00	8.47	8.475	8.47	8.47	5461	yfinance_1m
2026-09-09T13:58:00-04:00	8.47	8.475	8.46	8.475	3982	yfinance_1m
2026-09-09T13:59:00-04:00	8.471	8.475	8.471	8.475	1113	yfinance_1m
2026-09-09T14:00:00-04:00	8.475	8.475	8.4701	8.4701	1305	yfinance_1m
2026-09-09T14:01:00-04:00	8.475	8.475	8.465	8.465	6585	yfinance_1m
2026-09-09T14:02:00-04:00	8.46	8.46	8.44	8.44	4613	yfinance_1m
2026-09-09T14:03:00-04:00	8.43	8.4358	8.43	8.4358	821	yfinance_1m
2026-09-09T14:04:00-04:00	8.431	8.435	8.431	8.435	1722	yfinance_1m
2026-09-09T14:05:00-04:00	8.435	8.445	8.431	8.445	5184	yfinance_1m
2026-09-09T14:06:00-04:00	8.445	8.45	8.43	8.43	4232	yfinance_1m
2026-09-09T14:07:00-04:00	8.44	8.44	8.431	8.44	2211	yfinance_1m
2026-09-09T14:08:00-04:00	8.43	8.44	8.4275	8.4275	2119	yfinance_1m
2026-09-09T14:09:00-04:00	8.43	8.44	8.43	8.435	1512	yfinance_1m
2026-09-09T14:10:00-04:00	8.431	8.4399	8.43	8.43	3456	yfinance_1m
2026-09-09T14:11:00-04:00	8.43	8.43	8.421	8.43	3255	yfinance_1m
2026-09-09T14:12:00-04:00	8.421	8.421	8.415	8.415	3346	yfinance_1m
2026-09-09T14:13:00-04:00	8.415	8.415	8.415	8.415	1295	yfinance_1m
2026-09-09T14:14:00-04:00	8.41	8.415	8.405	8.415	6903	yfinance_1m
2026-09-09T14:15:00-04:00	8.415	8.4188	8.405	8.41	3303	yfinance_1m
2026-09-09T14:16:00-04:00	8.406	8.41	8.405	8.41	3955	yfinance_1m
2026-09-09T14:17:00-04:00	8.42	8.43	8.42	8.43	6779	yfinance_1m
2026-09-09T14:18:00-04:00	8.43	8.43	8.43	8.43	456	yfinance_1m
2026-09-09T14:19:00-04:00	8.43	8.43	8.425	8.425	1722	yfinance_1m
2026-09-09T14:20:00-04:00	8.42	8.425	8.42	8.425	2071	yfinance_1m
2026-09-09T14:21:00-04:00	8.425	8.425	8.421	8.425	1706	yfinance_1m
2026-09-09T14:22:00-04:00	8.425	8.43	8.421	8.43	4391	yfinance_1m
2026-09-09T14:23:00-04:00	8.43	8.43	8.415	8.415	5128	yfinance_1m
2026-09-09T14:24:00-04:00	8.415	8.415	8.415	8.415	1061	yfinance_1m
2026-09-09T14:25:00-04:00	8.41	8.41	8.4	8.4	3304	yfinance_1m
2026-09-09T14:26:00-04:00	8.405	8.405	8.4	8.405	1240	yfinance_1m
2026-09-09T14:27:00-04:00	8.401	8.41	8.395	8.41	6830	yfinance_1m
2026-09-09T14:28:00-04:00	8.405	8.4086	8.401	8.4086	1606	yfinance_1m
2026-09-09T14:29:00-04:00	8.4	8.405	8.4	8.405	2261	yfinance_1m
2026-09-09T14:30:00-04:00	8.405	8.405	8.4	8.4	2915	yfinance_1m
2026-09-09T14:31:00-04:00	8.405	8.41	8.4	8.41	4217	yfinance_1m
2026-09-09T14:32:00-04:00	8.4051	8.4051	8.39	8.391	2914	yfinance_1m
2026-09-09T14:33:00-04:00	8.395	8.4	8.39	8.4	5475	yfinance_1m
2026-09-09T14:34:00-04:00	8.4	8.405	8.4	8.405	4077	yfinance_1m
2026-09-09T14:35:00-04:00	8.4	8.4	8.391	8.391	4190	yfinance_1m
2026-09-09T14:36:00-04:00	8.39	8.3903	8.385	8.39	3815	yfinance_1m
2026-09-09T14:37:00-04:00	8.39	8.39	8.38	8.385	7072	yfinance_1m
2026-09-09T14:38:00-04:00	8.38	8.38	8.36	8.38	6736	yfinance_1m
2026-09-09T14:39:00-04:00	8.38	8.41	8.38	8.4	21758	yfinance_1m
2026-09-09T14:40:00-04:00	8.4049	8.41	8.4	8.405	1794	yfinance_1m
2026-09-09T14:41:00-04:00	8.405	8.4065	8.4	8.4	4185	yfinance_1m
2026-09-09T14:42:00-04:00	8.405	8.41	8.405	8.41	5908	yfinance_1m
2026-09-09T14:43:00-04:00	8.4	8.41	8.4	8.41	6350	yfinance_1m
2026-09-09T14:44:00-04:00	8.405	8.405	8.4	8.405	6105	yfinance_1m
2026-09-09T14:45:00-04:00	8.405	8.4199	8.405	8.405	7418	yfinance_1m
2026-09-09T14:46:00-04:00	8.41	8.41	8.405	8.41	1657	yfinance_1m
2026-09-09T14:47:00-04:00	8.4	8.4	8.39	8.391	4749	yfinance_1m
2026-09-09T14:48:00-04:00	8.395	8.395	8.39	8.39	1225	yfinance_1m
2026-09-09T14:49:00-04:00	8.39	8.41	8.38	8.41	22214	yfinance_1m
2026-09-09T14:50:00-04:00	8.405	8.41	8.405	8.405	10760	yfinance_1m
2026-09-09T14:51:00-04:00	8.41	8.41	8.41	8.41	2308	yfinance_1m
2026-09-09T14:52:00-04:00	8.41	8.41	8.402	8.405	2041	yfinance_1m
2026-09-09T14:53:00-04:00	8.405	8.405	8.405	8.405	1755	yfinance_1m
2026-09-09T14:54:00-04:00	8.4	8.41	8.395	8.405	12155	yfinance_1m
2026-09-09T14:55:00-04:00	8.405	8.405	8.405	8.405	1769	yfinance_1m
2026-09-09T14:56:00-04:00	8.405	8.405	8.4	8.4	11146	yfinance_1m
2026-09-09T14:57:00-04:00	8.405	8.405	8.401	8.405	1291	yfinance_1m
2026-09-09T14:58:00-04:00	8.4099	8.41	8.4	8.405	4975	yfinance_1m
2026-09-09T14:59:00-04:00	8.405	8.405	8.4	8.4003	2607	yfinance_1m
2026-09-09T15:00:00-04:00	8.4	8.41	8.4	8.405	5797	yfinance_1m
2026-09-09T15:01:00-04:00	8.405	8.405	8.405	8.405	4051	yfinance_1m
2026-09-09T15:02:00-04:00	8.4	8.405	8.4	8.405	1748	yfinance_1m
2026-09-09T15:03:00-04:00	8.405	8.405	8.4	8.405	1603	yfinance_1m
2026-09-09T15:04:00-04:00	8.401	8.405	8.4	8.4	3203	yfinance_1m
2026-09-09T15:05:00-04:00	8.4	8.4	8.37	8.375	17948	yfinance_1m
2026-09-09T15:06:00-04:00	8.37	8.37	8.361	8.365	4453	yfinance_1m
2026-09-09T15:07:00-04:00	8.365	8.3655	8.35	8.365	15801	yfinance_1m
2026-09-09T15:08:00-04:00	8.365	8.365	8.345	8.35	12923	yfinance_1m
2026-09-09T15:09:00-04:00	8.35	8.36	8.35	8.355	3113	yfinance_1m
2026-09-09T15:10:00-04:00	8.36	8.3678	8.355	8.365	7817	yfinance_1m
2026-09-09T15:11:00-04:00	8.365	8.375	8.365	8.375	6577	yfinance_1m
2026-09-09T15:12:00-04:00	8.38	8.38	8.3703	8.3703	3261	yfinance_1m
2026-09-09T15:13:00-04:00	8.375	8.375	8.375	8.375	315	yfinance_1m
2026-09-09T15:14:00-04:00	8.375	8.375	8.36	8.36	4374	yfinance_1m
2026-09-09T15:15:00-04:00	8.365	8.365	8.36	8.365	2752	yfinance_1m
2026-09-09T15:16:00-04:00	8.37	8.37	8.35	8.35	5844	yfinance_1m
2026-09-09T15:17:00-04:00	8.355	8.355	8.35	8.35	2630	yfinance_1m
2026-09-09T15:18:00-04:00	8.35	8.35	8.345	8.345	16260	yfinance_1m
2026-09-09T15:19:00-04:00	8.345	8.345	8.34	8.345	2778	yfinance_1m
2026-09-09T15:20:00-04:00	8.345	8.365	8.345	8.365	9719	yfinance_1m
2026-09-09T15:21:00-04:00	8.365	8.365	8.36	8.365	1666	yfinance_1m
2026-09-09T15:22:00-04:00	8.365	8.365	8.35	8.35	4099	yfinance_1m
2026-09-09T15:23:00-04:00	8.35	8.355	8.34	8.35	8818	yfinance_1m
2026-09-09T15:24:00-04:00	8.355	8.36	8.34	8.34	10605	yfinance_1m
2026-09-09T15:25:00-04:00	8.345	8.345	8.335	8.335	13761	yfinance_1m
2026-09-09T15:26:00-04:00	8.3389	8.3389	8.33	8.331	3436	yfinance_1m
2026-09-09T15:27:00-04:00	8.33	8.33	8.315	8.315	6650	yfinance_1m
2026-09-09T15:28:00-04:00	8.315	8.3199	8.31	8.3199	4851	yfinance_1m
2026-09-09T15:29:00-04:00	8.315	8.315	8.31	8.315	3240	yfinance_1m
2026-09-09T15:30:00-04:00	8.315	8.315	8.31	8.315	4397	yfinance_1m
2026-09-09T15:31:00-04:00	8.31	8.31	8.2903	8.295	41040	yfinance_1m
2026-09-09T15:32:00-04:00	8.295	8.295	8.255	8.26	15443	yfinance_1m
2026-09-09T15:33:00-04:00	8.26	8.2655	8.26	8.26	5377	yfinance_1m
2026-09-09T15:34:00-04:00	8.265	8.266	8.26	8.265	4106	yfinance_1m
2026-09-09T15:35:00-04:00	8.265	8.265	8.26	8.26	5826	yfinance_1m
2026-09-09T15:36:00-04:00	8.255	8.26	8.255	8.26	10016	yfinance_1m
2026-09-09T15:37:00-04:00	8.26	8.26	8.25	8.255	5910	yfinance_1m
2026-09-09T15:38:00-04:00	8.25	8.25	8.21	8.225	18420	yfinance_1m
2026-09-09T15:39:00-04:00	8.225	8.235	8.225	8.235	12717	yfinance_1m
2026-09-09T15:40:00-04:00	8.235	8.235	8.22	8.22	6274	yfinance_1m
2026-09-09T15:41:00-04:00	8.22	8.225	8.2	8.2013	26221	yfinance_1m
2026-09-09T15:42:00-04:00	8.2	8.2186	8.195	8.2186	70462	yfinance_1m
2026-09-09T15:43:00-04:00	8.215	8.215	8.19	8.2	52591	yfinance_1m
2026-09-09T15:44:00-04:00	8.19	8.19	8.16	8.16	65187	yfinance_1m
2026-09-09T15:45:00-04:00	8.17	8.185	8.165	8.18	20175	yfinance_1m
2026-09-09T15:46:00-04:00	8.185	8.19	8.185	8.185	13249	yfinance_1m
2026-09-09T15:47:00-04:00	8.185	8.195	8.1845	8.195	14332	yfinance_1m
2026-09-09T15:48:00-04:00	8.195	8.1957	8.185	8.185	11474	yfinance_1m
2026-09-09T15:49:00-04:00	8.185	8.19	8.17	8.18	31732	yfinance_1m
2026-09-09T15:50:00-04:00	8.175	8.175	8.16	8.1602	25071	yfinance_1m
2026-09-09T15:51:00-04:00	8.16	8.165	8.145	8.165	34329	yfinance_1m
2026-09-09T15:52:00-04:00	8.17	8.19	8.165	8.18	29505	yfinance_1m
2026-09-09T15:53:00-04:00	8.18	8.18	8.155	8.155	12671	yfinance_1m
2026-09-09T15:54:00-04:00	8.155	8.175	8.15	8.17	17889	yfinance_1m
2026-09-09T15:55:00-04:00	8.165	8.165	8.155	8.165	19216	yfinance_1m
2026-09-09T15:56:00-04:00	8.165	8.165	8.125	8.135	57404	yfinance_1m
2026-09-09T15:57:00-04:00	8.135	8.1384	8.11	8.112	38113	yfinance_1m
2026-09-09T15:58:00-04:00	8.11	8.12	8.09	8.09	106516	yfinance_1m
2026-09-09T15:59:00-04:00	8.09	8.1	8.05	8.0605	194684	yfinance_1m
2026-09-10T09:30:00-04:00	7.98	7.98	7.81	7.88	88046	yfinance_1m
2026-09-10T09:31:00-04:00	7.88	7.955	7.87	7.955	16999	yfinance_1m
2026-09-10T09:32:00-04:00	7.95	7.955	7.9	7.93	4728	yfinance_1m
2026-09-10T09:33:00-04:00	7.93	7.99	7.9	7.94	18591	yfinance_1m
2026-09-10T09:34:00-04:00	7.96	7.9697	7.935	7.935	8294	yfinance_1m
2026-09-10T09:35:00-04:00	7.9208	8.0	7.9208	7.99	5275	yfinance_1m
2026-09-10T09:36:00-04:00	8.0	8.14	8.0	8.124	6720	yfinance_1m
2026-09-10T09:37:00-04:00	8.14	8.15	8.1	8.14	5312	yfinance_1m
2026-09-10T09:38:00-04:00	8.13	8.145	8.12	8.14	9003	yfinance_1m
2026-09-10T09:39:00-04:00	8.14	8.17	8.13	8.13	7159	yfinance_1m
2026-09-10T09:40:00-04:00	8.1402	8.1402	8.122	8.14	1646	yfinance_1m
2026-09-10T09:41:00-04:00	8.17	8.17	8.14	8.16	3645	yfinance_1m
2026-09-10T09:42:00-04:00	8.16	8.16	8.125	8.16	9144	yfinance_1m
2026-09-10T09:43:00-04:00	8.14	8.15	8.11	8.115	3809	yfinance_1m
2026-09-10T09:44:00-04:00	8.115	8.115	8.1	8.1	3266	yfinance_1m
2026-09-10T09:45:00-04:00	8.11	8.11	8.08	8.08	9809	yfinance_1m
2026-09-10T09:46:00-04:00	8.1	8.1	8.1	8.1	1180	yfinance_1m
2026-09-10T09:47:00-04:00	8.11	8.11	8.08	8.105	4217	yfinance_1m
2026-09-10T09:48:00-04:00	8.105	8.105	8.105	8.105	1917	yfinance_1m
2026-09-10T09:49:00-04:00	8.115	8.17	8.115	8.15	3170	yfinance_1m
2026-09-10T09:50:00-04:00	8.14	8.14	8.1286	8.1286	4142	yfinance_1m
2026-09-10T09:51:00-04:00	8.14	8.14	8.12	8.12	433	yfinance_1m
2026-09-10T09:52:00-04:00	8.1	8.12	8.1	8.115	5823	yfinance_1m
2026-09-10T09:53:00-04:00	8.13	8.13	8.115	8.115	1133	yfinance_1m
2026-09-10T09:54:00-04:00	8.12	8.13	8.12	8.13	1472	yfinance_1m
2026-09-10T09:55:00-04:00	8.13	8.16	8.13	8.14	10165	yfinance_1m
2026-09-10T09:56:00-04:00	8.15	8.15	8.12	8.13	18901	yfinance_1m
2026-09-10T09:57:00-04:00	8.13	8.15	8.13	8.14	2995	yfinance_1m
2026-09-10T09:58:00-04:00	8.14	8.14	8.14	8.14	1912	yfinance_1m
2026-09-10T09:59:00-04:00	8.125	8.13	8.125	8.13	2289	yfinance_1m
2026-09-10T10:00:00-04:00	8.14	8.25	8.14	8.19	107828	yfinance_1m
2026-09-10T10:01:00-04:00	8.175	8.2	8.175	8.1901	5707	yfinance_1m
2026-09-10T10:02:00-04:00	8.21	8.21	8.145	8.145	3548	yfinance_1m
2026-09-10T10:03:00-04:00	8.145	8.17	8.145	8.165	7239	yfinance_1m
2026-09-10T10:04:00-04:00	8.165	8.165	8.115	8.115	8185	yfinance_1m
2026-09-10T10:05:00-04:00	8.1	8.1	8.02	8.02	13568	yfinance_1m
2026-09-10T10:06:00-04:00	8.02	8.03	8.01	8.03	4926	yfinance_1m
2026-09-10T10:07:00-04:00	8.03	8.06	8.03	8.055	6373	yfinance_1m
2026-09-10T10:08:00-04:00	8.05	8.05	8.03	8.03	3316	yfinance_1m
2026-09-10T10:09:00-04:00	8.03	8.03	8.015	8.03	5099	yfinance_1m
2026-09-10T10:10:00-04:00	8.015	8.0301	8.0	8.0301	5683	yfinance_1m
2026-09-10T10:11:00-04:00	8.03	8.06	8.02	8.06	4977	yfinance_1m
2026-09-10T10:12:00-04:00	8.06	8.065	8.0501	8.065	2589	yfinance_1m
2026-09-10T10:13:00-04:00	8.05	8.05	7.98	7.995	6612	yfinance_1m
2026-09-10T10:14:00-04:00	7.99	7.99	7.96	7.96	19543	yfinance_1m
2026-09-10T10:15:00-04:00	7.965	7.965	7.95	7.96	5325	yfinance_1m
2026-09-10T10:16:00-04:00	7.96	7.96	7.9	7.905	19231	yfinance_1m
2026-09-10T10:17:00-04:00	7.905	7.91	7.88	7.885	7746	yfinance_1m
2026-09-10T10:18:00-04:00	7.88	7.895	7.88	7.895	4037	yfinance_1m
2026-09-10T10:19:00-04:00	7.895	7.91	7.895	7.91	8333	yfinance_1m
2026-09-10T10:20:00-04:00	7.92	7.9372	7.92	7.93	4338	yfinance_1m
2026-09-10T10:21:00-04:00	7.92	7.92	7.895	7.92	18284	yfinance_1m
2026-09-10T10:22:00-04:00	7.925	7.9699	7.925	7.9699	5680	yfinance_1m
2026-09-10T10:23:00-04:00	7.955	7.97	7.95	7.95	12283	yfinance_1m
2026-09-10T10:24:00-04:00	7.95	8.025	7.95	8.0	6200	yfinance_1m
2026-09-10T10:25:00-04:00	8.0	8.07	8.0	8.04	131199	yfinance_1m
2026-09-10T10:26:00-04:00	8.04	8.07	8.02	8.02	15291	yfinance_1m
2026-09-10T10:27:00-04:00	8.02	8.04	8.02	8.02	986	yfinance_1m
2026-09-10T10:28:00-04:00	8.005	8.005	7.975	7.975	7919	yfinance_1m
2026-09-10T10:29:00-04:00	7.98	8.0	7.96	7.995	5338	yfinance_1m
2026-09-10T10:30:00-04:00	7.995	8.01	7.97	7.99	11066	yfinance_1m
2026-09-10T10:31:00-04:00	7.99	7.99	7.98	7.98	2801	yfinance_1m
2026-09-10T10:32:00-04:00	7.97	7.97	7.95	7.96	2536	yfinance_1m
2026-09-10T10:33:00-04:00	7.96	7.99	7.96	7.99	12311	yfinance_1m
2026-09-10T10:34:00-04:00	7.98	8.015	7.98	8.01	9087	yfinance_1m
2026-09-10T10:35:00-04:00	8.01	8.06	8.01	8.035	5649	yfinance_1m
2026-09-10T10:36:00-04:00	8.035	8.035	8.035	8.035	3392	yfinance_1m
2026-09-10T10:37:00-04:00	8.035	8.0461	8.03	8.04	5204	yfinance_1m
2026-09-10T10:38:00-04:00	8.04	8.04	8.01	8.01	8310	yfinance_1m
2026-09-10T10:39:00-04:00	8.0	8.0	7.965	7.965	4302	yfinance_1m
2026-09-10T10:40:00-04:00	7.965	7.965	7.965	7.965	1773	yfinance_1m
2026-09-10T10:41:00-04:00	7.97	7.97	7.96	7.9674	3762	yfinance_1m
2026-09-10T10:42:00-04:00	7.965	7.97	7.955	7.955	8721	yfinance_1m
2026-09-10T10:43:00-04:00	7.96	7.99	7.95	7.965	18841	yfinance_1m
2026-09-10T10:44:00-04:00	7.965	7.965	7.965	7.965	1219	yfinance_1m
2026-09-10T10:45:00-04:00	7.98	7.99	7.98	7.985	4337	yfinance_1m
2026-09-10T10:46:00-04:00	7.985	8.005	7.985	8.005	4153	yfinance_1m
2026-09-10T10:47:00-04:00	8.0	8.01	8.0	8.0022	15451	yfinance_1m
2026-09-10T10:48:00-04:00	8.0	8.03	8.0	8.03	3366	yfinance_1m
2026-09-10T10:49:00-04:00	8.03	8.04	8.03	8.04	3408	yfinance_1m
2026-09-10T10:50:00-04:00	8.0402	8.0402	8.015	8.015	4557	yfinance_1m
2026-09-10T10:51:00-04:00	8.015	8.015	8.01	8.01	1790	yfinance_1m
2026-09-10T10:52:00-04:00	8.01	8.01	7.98	7.98	5788	yfinance_1m
2026-09-10T10:53:00-04:00	7.98	8.0	7.97	7.995	4205	yfinance_1m
2026-09-10T10:54:00-04:00	8.0	8.025	8.0	8.025	7499	yfinance_1m
2026-09-10T10:55:00-04:00	8.02	8.02	8.01	8.01	3111	yfinance_1m
2026-09-10T10:56:00-04:00	8.02	8.06	8.02	8.04	12771	yfinance_1m
2026-09-10T10:57:00-04:00	8.03	8.0655	8.03	8.0655	4828	yfinance_1m
2026-09-10T10:58:00-04:00	8.05	8.05	8.03	8.03	2207	yfinance_1m
2026-09-10T10:59:00-04:00	8.03	8.045	8.03	8.045	4560	yfinance_1m
2026-09-10T11:00:00-04:00	8.03	8.03	8.01	8.01	4488	yfinance_1m
2026-09-10T11:01:00-04:00	8.01	8.01	8.0	8.01	3002	yfinance_1m
2026-09-10T11:02:00-04:00	8.0	8.0	8.0	8.0	489	yfinance_1m
2026-09-10T11:03:00-04:00	7.99	8.0	7.99	7.995	6405	yfinance_1m
2026-09-10T11:04:00-04:00	8.0	8.0	8.0	8.0	2041	yfinance_1m
2026-09-10T11:05:00-04:00	7.9917	8.0086	7.99	8.005	4255	yfinance_1m
2026-09-10T11:06:00-04:00	8.005	8.01	8.005	8.01	3022	yfinance_1m
2026-09-10T11:07:00-04:00	8.01	8.01	8.0	8.0	2961	yfinance_1m
2026-09-10T11:08:00-04:00	7.99	7.995	7.98	7.985	4607	yfinance_1m
2026-09-10T11:09:00-04:00	7.9801	7.985	7.97	7.97	1526	yfinance_1m
2026-09-10T11:10:00-04:00	7.97	7.97	7.96	7.965	4996	yfinance_1m
2026-09-10T11:11:00-04:00	7.96	7.96	7.94	7.96	6076	yfinance_1m
2026-09-10T11:12:00-04:00	7.965	7.97	7.965	7.97	3670	yfinance_1m
2026-09-10T11:13:00-04:00	7.9799	7.99	7.97	7.98	5221	yfinance_1m
2026-09-10T11:14:00-04:00	7.975	7.975	7.975	7.975	1311	yfinance_1m
2026-09-10T11:15:00-04:00	7.975	8.0	7.975	7.99	11098	yfinance_1m
2026-09-10T11:16:00-04:00	7.99	8.0	7.99	7.99	3206	yfinance_1m
2026-09-10T11:18:00-04:00	8.0	8.01	8.0	8.0	8034	yfinance_1m
2026-09-10T11:19:00-04:00	7.995	7.995	7.995	7.995	2922	yfinance_1m
2026-09-10T11:20:00-04:00	8.0	8.01	7.99	8.0	6482	yfinance_1m
2026-09-10T11:21:00-04:00	7.995	7.995	7.98	7.985	2619	yfinance_1m
2026-09-10T11:22:00-04:00	7.98	7.98	7.975	7.9753	4898	yfinance_1m
2026-09-10T11:23:00-04:00	7.97	7.97	7.965	7.965	6211	yfinance_1m
2026-09-10T11:24:00-04:00	7.965	7.97	7.96	7.97	7303	yfinance_1m
2026-09-10T11:25:00-04:00	7.97	7.97	7.97	7.97	747	yfinance_1m
2026-09-10T11:26:00-04:00	7.96	7.96	7.955	7.955	1866	yfinance_1m
2026-09-10T11:27:00-04:00	7.955	7.96	7.955	7.96	5870	yfinance_1m
2026-09-10T11:28:00-04:00	7.96	7.965	7.96	7.9649	2778	yfinance_1m
2026-09-10T11:29:00-04:00	7.96	7.96	7.955	7.955	2051	yfinance_1m
2026-09-10T11:30:00-04:00	7.955	7.955	7.95	7.95	3259	yfinance_1m
2026-09-10T11:31:00-04:00	7.95	7.95	7.95	7.95	2461	yfinance_1m
2026-09-10T11:32:00-04:00	7.955	7.955	7.94	7.95	8469	yfinance_1m
2026-09-10T11:33:00-04:00	7.95	7.99	7.95	7.959	15039	yfinance_1m
2026-09-10T11:34:00-04:00	7.96	7.96	7.95	7.96	4108	yfinance_1m
2026-09-10T11:35:00-04:00	7.95	7.97	7.95	7.97	5507	yfinance_1m
2026-09-10T11:36:00-04:00	7.97	7.98	7.97	7.98	1732	yfinance_1m
2026-09-10T11:37:00-04:00	7.975	7.975	7.97	7.97	1401	yfinance_1m
2026-09-10T11:38:00-04:00	7.97	7.98	7.965	7.97	7084	yfinance_1m
2026-09-10T11:39:00-04:00	7.9648	7.975	7.9648	7.97	10226	yfinance_1m
2026-09-10T11:40:00-04:00	7.965	7.985	7.965	7.985	7130	yfinance_1m
2026-09-10T11:41:00-04:00	7.99	7.995	7.99	7.99	3660	yfinance_1m
2026-09-10T11:42:00-04:00	7.985	7.985	7.985	7.985	2390	yfinance_1m
2026-09-10T11:43:00-04:00	7.985	7.99	7.985	7.99	2231	yfinance_1m
2026-09-10T11:44:00-04:00	7.99	8.005	7.985	8.005	12601	yfinance_1m
2026-09-10T11:45:00-04:00	8.005	8.005	8.0	8.0	4187	yfinance_1m
2026-09-10T11:46:00-04:00	7.99	8.0	7.99	8.0	3751	yfinance_1m
2026-09-10T11:47:00-04:00	7.994	8.0	7.985	8.0	7907	yfinance_1m
2026-09-10T11:48:00-04:00	7.99	7.99	7.985	7.985	1653	yfinance_1m
2026-09-10T11:49:00-04:00	7.99	7.995	7.99	7.99	3240	yfinance_1m
2026-09-10T11:50:00-04:00	7.98	7.985	7.98	7.98	2468	yfinance_1m
2026-09-10T11:51:00-04:00	7.985	7.985	7.985	7.985	2114	yfinance_1m
2026-09-10T11:52:00-04:00	7.985	8.005	7.985	8.005	12127	yfinance_1m
2026-09-10T11:53:00-04:00	8.005	8.005	8.005	8.005	1335	yfinance_1m
2026-09-10T11:54:00-04:00	8.005	8.005	8.005	8.005	3728	yfinance_1m
2026-09-10T11:55:00-04:00	8.005	8.005	8.0	8.005	3946	yfinance_1m
2026-09-10T11:56:00-04:00	8.005	8.005	8.005	8.005	1890	yfinance_1m
2026-09-10T11:57:00-04:00	8.01	8.01	8.005	8.005	1816	yfinance_1m
2026-09-10T11:58:00-04:00	8.005	8.015	8.005	8.015	2655	yfinance_1m
2026-09-10T11:59:00-04:00	8.02	8.02	8.014	8.015	1898	yfinance_1m
2026-09-10T12:00:00-04:00	8.015	8.015	8.005	8.005	3413	yfinance_1m
2026-09-10T12:01:00-04:00	8.0	8.01	7.995	8.0	14372	yfinance_1m
2026-09-10T12:02:00-04:00	8.0	8.0	8.0	8.0	6026	yfinance_1m
2026-09-10T12:03:00-04:00	8.0	8.0	8.0	8.0	3457	yfinance_1m
2026-09-10T12:04:00-04:00	7.995	7.995	7.98	7.98	1862	yfinance_1m
2026-09-10T12:05:00-04:00	7.99	8.0	7.985	7.985	6812	yfinance_1m
2026-09-10T12:06:00-04:00	7.98	7.9951	7.98	7.9951	4392	yfinance_1m
2026-09-10T12:07:00-04:00	7.995	7.995	7.985	7.985	2395	yfinance_1m
2026-09-10T12:08:00-04:00	7.99	8.005	7.99	7.993	5842	yfinance_1m
2026-09-10T12:09:00-04:00	7.985	7.985	7.985	7.985	815	yfinance_1m
2026-09-10T12:10:00-04:00	7.985	7.995	7.97	7.97	19931	yfinance_1m
2026-09-10T12:11:00-04:00	7.97	7.98	7.965	7.97	3888	yfinance_1m
2026-09-10T12:12:00-04:00	7.96	7.97	7.955	7.97	8514	yfinance_1m
2026-09-10T12:13:00-04:00	7.965	7.98	7.965	7.975	2144	yfinance_1m
2026-09-10T12:14:00-04:00	7.985	7.985	7.985	7.985	647	yfinance_1m
2026-09-10T12:15:00-04:00	7.985	7.985	7.985	7.985	2026	yfinance_1m
2026-09-10T12:16:00-04:00	7.985	7.99	7.97	7.97	8038	yfinance_1m
2026-09-10T12:17:00-04:00	7.96	7.9672	7.955	7.9672	12331	yfinance_1m
2026-09-10T12:18:00-04:00	7.95	7.955	7.95	7.955	2122	yfinance_1m
2026-09-10T12:19:00-04:00	7.96	7.96	7.9528	7.9528	4379	yfinance_1m
2026-09-10T12:20:00-04:00	7.955	8.01	7.955	7.99	50200	yfinance_1m
2026-09-10T12:21:00-04:00	7.995	7.995	7.9948	7.9948	3023	yfinance_1m
2026-09-10T12:22:00-04:00	7.99	7.995	7.99	7.995	3945	yfinance_1m
2026-09-10T12:23:00-04:00	7.995	8.0	7.995	7.995	1728	yfinance_1m
2026-09-10T12:24:00-04:00	7.9986	8.005	7.9986	8.005	2048	yfinance_1m
2026-09-10T12:25:00-04:00	7.995	7.9951	7.99	7.99	2101	yfinance_1m
2026-09-10T12:26:00-04:00	7.995	8.01	7.995	8.01	5883	yfinance_1m
2026-09-10T12:27:00-04:00	8.0	8.0	7.99	7.99	682	yfinance_1m
2026-09-10T12:28:00-04:00	7.99	7.995	7.99	7.995	1200	yfinance_1m
2026-09-10T12:29:00-04:00	7.995	8.005	7.995	8.0	5661	yfinance_1m
2026-09-10T12:30:00-04:00	8.0	8.0	8.0	8.0	1844	yfinance_1m
2026-09-10T12:31:00-04:00	8.0	8.005	8.0	8.005	2190	yfinance_1m
2026-09-10T12:32:00-04:00	8.005	8.015	8.005	8.015	3130	yfinance_1m
2026-09-10T12:33:00-04:00	8.01	8.01	8.0018	8.005	2613	yfinance_1m
2026-09-10T12:34:00-04:00	8.0	8.0	7.98	7.98	7833	yfinance_1m
2026-09-10T12:35:00-04:00	7.98	7.98	7.96	7.96	4913	yfinance_1m
2026-09-10T12:36:00-04:00	7.96	7.965	7.96	7.965	1754	yfinance_1m
2026-09-10T12:37:00-04:00	7.965	7.975	7.965	7.975	3197	yfinance_1m
2026-09-10T12:38:00-04:00	7.975	7.975	7.975	7.975	1119	yfinance_1m
2026-09-10T12:39:00-04:00	7.975	7.975	7.975	7.975	472	yfinance_1m
2026-09-10T12:40:00-04:00	7.98	7.98	7.975	7.975	4117	yfinance_1m
2026-09-10T12:41:00-04:00	7.975	7.98	7.975	7.9782	4012	yfinance_1m
2026-09-10T12:42:00-04:00	7.975	7.975	7.975	7.975	352	yfinance_1m
2026-09-10T12:43:00-04:00	7.97	7.98	7.965	7.965	4977	yfinance_1m
2026-09-10T12:44:00-04:00	7.97	7.97	7.965	7.97	4894	yfinance_1m
2026-09-10T12:45:00-04:00	7.975	7.98	7.96	7.96	12184	yfinance_1m
2026-09-10T12:46:00-04:00	7.96	7.97	7.96	7.97	3567	yfinance_1m
2026-09-10T12:47:00-04:00	7.97	7.97	7.97	7.97	1106	yfinance_1m
2026-09-10T12:48:00-04:00	7.98	7.98	7.97	7.97	2086	yfinance_1m
2026-09-10T12:49:00-04:00	7.97	7.975	7.97	7.97	1532	yfinance_1m
2026-09-10T12:50:00-04:00	7.97	7.975	7.965	7.965	4214	yfinance_1m
2026-09-10T12:51:00-04:00	7.965	7.965	7.965	7.965	1625	yfinance_1m
2026-09-10T12:52:00-04:00	7.965	7.97	7.955	7.965	3488	yfinance_1m
2026-09-10T12:53:00-04:00	7.95	7.955	7.945	7.955	7027	yfinance_1m
2026-09-10T12:54:00-04:00	7.955	7.955	7.955	7.955	1166	yfinance_1m
2026-09-10T12:55:00-04:00	7.955	7.955	7.945	7.945	6075	yfinance_1m
2026-09-10T12:56:00-04:00	7.945	7.95	7.945	7.95	5244	yfinance_1m
2026-09-10T12:57:00-04:00	7.945	7.95	7.945	7.95	3551	yfinance_1m
2026-09-10T12:58:00-04:00	7.94	7.955	7.94	7.955	2960	yfinance_1m
2026-09-10T12:59:00-04:00	7.95	7.96	7.944	7.95	9572	yfinance_1m
2026-09-10T13:00:00-04:00	7.95	7.95	7.944	7.945	2812	yfinance_1m
2026-09-10T13:01:00-04:00	7.94	7.94	7.93	7.94	3524	yfinance_1m
2026-09-10T13:02:00-04:00	7.93	7.945	7.93	7.93	7749	yfinance_1m
2026-09-10T13:03:00-04:00	7.92	7.92	7.915	7.915	3297	yfinance_1m
2026-09-10T13:04:00-04:00	7.915	7.9182	7.915	7.915	2960	yfinance_1m
2026-09-10T13:05:00-04:00	7.915	7.935	7.915	7.93	5390	yfinance_1m
2026-09-10T13:06:00-04:00	7.93	7.935	7.93	7.93	3359	yfinance_1m
2026-09-10T13:07:00-04:00	7.93	7.93	7.93	7.93	2343	yfinance_1m
2026-09-10T13:08:00-04:00	7.93	7.935	7.925	7.935	4993	yfinance_1m
2026-09-10T13:09:00-04:00	7.935	7.9477	7.935	7.94	6830	yfinance_1m
2026-09-10T13:10:00-04:00	7.94	7.95	7.94	7.95	1723	yfinance_1m
2026-09-10T13:11:00-04:00	7.94	7.95	7.94	7.95	2461	yfinance_1m
2026-09-10T13:12:00-04:00	7.95	7.95	7.95	7.95	371	yfinance_1m
2026-09-10T13:13:00-04:00	7.95	7.95	7.94	7.95	1632	yfinance_1m
2026-09-10T13:14:00-04:00	7.95	7.95	7.94	7.945	4821	yfinance_1m
2026-09-10T13:15:00-04:00	7.94	7.94	7.94	7.94	3857	yfinance_1m
2026-09-10T13:16:00-04:00	7.95	7.95	7.945	7.945	2933	yfinance_1m
2026-09-10T13:17:00-04:00	7.945	7.95	7.94	7.94	2320	yfinance_1m
2026-09-10T13:18:00-04:00	7.945	7.945	7.9309	7.94	3862	yfinance_1m
2026-09-10T13:19:00-04:00	7.94	7.95	7.935	7.935	4157	yfinance_1m
2026-09-10T13:20:00-04:00	7.9303	7.94	7.92	7.93	7673	yfinance_1m
2026-09-10T13:21:00-04:00	7.92	7.92	7.92	7.92	441	yfinance_1m
2026-09-10T13:22:00-04:00	7.925	7.925	7.925	7.925	1580	yfinance_1m
2026-09-10T13:23:00-04:00	7.92	7.925	7.915	7.925	5556	yfinance_1m
2026-09-10T13:24:00-04:00	7.925	7.925	7.925	7.925	1845	yfinance_1m
2026-09-10T13:25:00-04:00	7.925	7.925	7.92	7.9201	968	yfinance_1m
2026-09-10T13:26:00-04:00	7.92	7.92	7.915	7.92	5057	yfinance_1m
2026-09-10T13:27:00-04:00	7.93	7.93	7.925	7.93	4392	yfinance_1m
2026-09-10T13:28:00-04:00	7.925	7.925	7.925	7.925	970	yfinance_1m
2026-09-10T13:29:00-04:00	7.925	7.925	7.915	7.915	5836	yfinance_1m
2026-09-10T13:30:00-04:00	7.91	7.91	7.89	7.9	22043	yfinance_1m
2026-09-10T13:31:00-04:00	7.905	7.905	7.904	7.904	1129	yfinance_1m
2026-09-10T13:32:00-04:00	7.905	7.91	7.905	7.905	1091	yfinance_1m
2026-09-10T13:33:00-04:00	7.9083	7.9083	7.905	7.9082	1596	yfinance_1m
2026-09-10T13:34:00-04:00	7.9	7.9	7.9	7.9	3655	yfinance_1m
2026-09-10T13:35:00-04:00	7.905	7.905	7.905	7.905	1290	yfinance_1m
2026-09-10T13:36:00-04:00	7.91	7.91	7.905	7.9058	1380	yfinance_1m
2026-09-10T13:37:00-04:00	7.9	7.91	7.895	7.905	7678	yfinance_1m
2026-09-10T13:38:00-04:00	7.905	7.9099	7.905	7.9099	1410	yfinance_1m
2026-09-10T13:39:00-04:00	7.9	7.9	7.89	7.89	2480	yfinance_1m
2026-09-10T13:40:00-04:00	7.89	7.89	7.89	7.89	4740	yfinance_1m
2026-09-10T13:41:00-04:00	7.895	7.9	7.895	7.9	3975	yfinance_1m
2026-09-10T13:42:00-04:00	7.895	7.8999	7.895	7.895	3080	yfinance_1m
2026-09-10T13:43:00-04:00	7.895	7.91	7.87	7.875	18980	yfinance_1m
2026-09-10T13:44:00-04:00	7.875	7.88	7.875	7.88	4890	yfinance_1m
2026-09-10T13:45:00-04:00	7.88	7.88	7.875	7.875	2710	yfinance_1m
2026-09-10T13:46:00-04:00	7.875	7.9	7.875	7.885	9048	yfinance_1m
2026-09-10T13:47:00-04:00	7.885	7.8951	7.88	7.89	4167	yfinance_1m
2026-09-10T13:48:00-04:00	7.89	7.895	7.885	7.885	5369	yfinance_1m
2026-09-10T13:49:00-04:00	7.885	7.885	7.88	7.885	3742	yfinance_1m
2026-09-10T13:50:00-04:00	7.885	7.89	7.885	7.885	2559	yfinance_1m
2026-09-10T13:51:00-04:00	7.885	7.9	7.885	7.895	4588	yfinance_1m
2026-09-10T13:52:00-04:00	7.895	7.905	7.89	7.9017	12844	yfinance_1m
2026-09-10T13:53:00-04:00	7.905	7.905	7.8918	7.895	7309	yfinance_1m
2026-09-10T13:54:00-04:00	7.895	7.895	7.895	7.895	884	yfinance_1m
2026-09-10T13:55:00-04:00	7.895	7.9	7.885	7.89	10665	yfinance_1m
2026-09-10T13:56:00-04:00	7.9	7.9	7.88	7.88	1721	yfinance_1m
2026-09-10T13:57:00-04:00	7.885	7.89	7.8801	7.885	5760	yfinance_1m
2026-09-10T13:58:00-04:00	7.885	7.885	7.885	7.885	740	yfinance_1m
2026-09-10T13:59:00-04:00	7.885	7.895	7.8831	7.89	9222	yfinance_1m
2026-09-10T14:00:00-04:00	7.881	7.885	7.8624	7.865	6716	yfinance_1m
2026-09-10T14:01:00-04:00	7.865	7.87	7.86	7.865	4951	yfinance_1m
2026-09-10T14:02:00-04:00	7.865	7.865	7.86	7.865	4285	yfinance_1m
2026-09-10T14:03:00-04:00	7.865	7.87	7.841	7.845	18708	yfinance_1m
2026-09-10T14:04:00-04:00	7.8407	7.8445	7.831	7.835	3606	yfinance_1m
2026-09-10T14:05:00-04:00	7.83	7.83	7.82	7.822	6528	yfinance_1m
2026-09-10T14:06:00-04:00	7.82	7.83	7.81	7.813	20497	yfinance_1m
2026-09-10T14:07:00-04:00	7.81	7.82	7.81	7.81	3672	yfinance_1m
2026-09-10T14:08:00-04:00	7.811	7.815	7.81	7.815	5037	yfinance_1m
2026-09-10T14:09:00-04:00	7.81	7.815	7.805	7.81	6251	yfinance_1m
2026-09-10T14:10:00-04:00	7.81	7.81	7.795	7.7974	32217	yfinance_1m
2026-09-10T14:11:00-04:00	7.795	7.7982	7.79	7.795	4278	yfinance_1m
2026-09-10T14:12:00-04:00	7.795	7.795	7.765	7.765	28220	yfinance_1m
2026-09-10T14:13:00-04:00	7.76	7.765	7.75	7.755	5738	yfinance_1m
2026-09-10T14:14:00-04:00	7.755	7.78	7.751	7.77	48943	yfinance_1m
2026-09-10T14:15:00-04:00	7.77	7.77	7.7614	7.77	3289	yfinance_1m
2026-09-10T14:16:00-04:00	7.77	7.77	7.755	7.755	6918	yfinance_1m
2026-09-10T14:17:00-04:00	7.755	7.755	7.755	7.755	2927	yfinance_1m
2026-09-10T14:18:00-04:00	7.755	7.755	7.75	7.755	2603	yfinance_1m
2026-09-10T14:19:00-04:00	7.75	7.755	7.735	7.742	14824	yfinance_1m
2026-09-10T14:20:00-04:00	7.745	7.7451	7.73	7.74	13795	yfinance_1m
2026-09-10T14:21:00-04:00	7.74	7.74	7.735	7.735	4224	yfinance_1m
2026-09-10T14:22:00-04:00	7.735	7.74	7.7328	7.735	4495	yfinance_1m
2026-09-10T14:23:00-04:00	7.73	7.73	7.7114	7.715	7293	yfinance_1m
2026-09-10T14:24:00-04:00	7.715	7.715	7.71	7.71	3369	yfinance_1m
2026-09-10T14:25:00-04:00	7.71	7.71	7.69	7.69	9952	yfinance_1m
2026-09-10T14:26:00-04:00	7.69	7.69	7.68	7.681	6311	yfinance_1m
2026-09-10T14:27:00-04:00	7.68	7.71	7.68	7.7	10728	yfinance_1m
2026-09-10T14:28:00-04:00	7.705	7.715	7.705	7.7149	4550	yfinance_1m
2026-09-10T14:29:00-04:00	7.715	7.715	7.715	7.715	2309	yfinance_1m
2026-09-10T14:30:00-04:00	7.71	7.71	7.7	7.705	4079	yfinance_1m
2026-09-10T14:31:00-04:00	7.705	7.71	7.7	7.7014	9600	yfinance_1m
2026-09-10T14:32:00-04:00	7.7	7.705	7.7	7.701	2783	yfinance_1m
2026-09-10T14:33:00-04:00	7.7	7.7	7.69	7.695	5845	yfinance_1m
2026-09-10T14:34:00-04:00	7.69	7.6915	7.69	7.6915	2705	yfinance_1m
2026-09-10T14:35:00-04:00	7.69	7.705	7.69	7.7	12015	yfinance_1m
2026-09-10T14:36:00-04:00	7.6982	7.7	7.69	7.69	4458	yfinance_1m
2026-09-10T14:37:00-04:00	7.695	7.695	7.68	7.68	5248	yfinance_1m
2026-09-10T14:38:00-04:00	7.67	7.67	7.6603	7.6683	7465	yfinance_1m
2026-09-10T14:39:00-04:00	7.665	7.68	7.665	7.68	6965	yfinance_1m
2026-09-10T14:40:00-04:00	7.68	7.68	7.66	7.665	3416	yfinance_1m
2026-09-10T14:41:00-04:00	7.665	7.69	7.665	7.68	11803	yfinance_1m
2026-09-10T14:42:00-04:00	7.68	7.69	7.67	7.685	7659	yfinance_1m
2026-09-10T14:43:00-04:00	7.685	7.685	7.67	7.67	3002	yfinance_1m
2026-09-10T14:44:00-04:00	7.67	7.67	7.66	7.67	3625	yfinance_1m
2026-09-10T14:45:00-04:00	7.67	7.68	7.665	7.67	5603	yfinance_1m
2026-09-10T14:46:00-04:00	7.665	7.665	7.655	7.655	9290	yfinance_1m
2026-09-10T14:47:00-04:00	7.65	7.66	7.635	7.66	7910	yfinance_1m
2026-09-10T14:48:00-04:00	7.655	7.6857	7.645	7.68	13913	yfinance_1m
2026-09-10T14:49:00-04:00	7.68	7.71	7.68	7.71	7221	yfinance_1m
2026-09-10T14:50:00-04:00	7.71	7.72	7.7042	7.72	8139	yfinance_1m
2026-09-10T14:51:00-04:00	7.72	7.735	7.71	7.735	2391	yfinance_1m
2026-09-10T14:52:00-04:00	7.73	7.74	7.725	7.73	11006	yfinance_1m
2026-09-10T14:53:00-04:00	7.735	7.735	7.725	7.725	2909	yfinance_1m
2026-09-10T14:54:00-04:00	7.725	7.735	7.725	7.73	5336	yfinance_1m
2026-09-10T14:55:00-04:00	7.7303	7.7303	7.725	7.725	4096	yfinance_1m
2026-09-10T14:56:00-04:00	7.725	7.73	7.725	7.725	6267	yfinance_1m
2026-09-10T14:57:00-04:00	7.72	7.721	7.72	7.721	1738	yfinance_1m
2026-09-10T14:58:00-04:00	7.72	7.72	7.7	7.705	4427	yfinance_1m
2026-09-10T14:59:00-04:00	7.705	7.71	7.69	7.69	3627	yfinance_1m
2026-09-10T15:00:00-04:00	7.6909	7.6909	7.68	7.685	5846	yfinance_1m
2026-09-10T15:01:00-04:00	7.685	7.695	7.68	7.68	9683	yfinance_1m
2026-09-10T15:02:00-04:00	7.675	7.6859	7.671	7.68	5602	yfinance_1m
2026-09-10T15:03:00-04:00	7.685	7.685	7.685	7.685	1569	yfinance_1m
2026-09-10T15:04:00-04:00	7.68	7.68	7.67	7.67	6193	yfinance_1m
2026-09-10T15:05:00-04:00	7.67	7.6701	7.66	7.66	4684	yfinance_1m
2026-09-10T15:06:00-04:00	7.665	7.665	7.66	7.66	3766	yfinance_1m
2026-09-10T15:07:00-04:00	7.66	7.66	7.64	7.645	12365	yfinance_1m
2026-09-10T15:08:00-04:00	7.645	7.65	7.64	7.645	15491	yfinance_1m
2026-09-10T15:09:00-04:00	7.65	7.655	7.65	7.655	4539	yfinance_1m
2026-09-10T15:10:00-04:00	7.655	7.655	7.64	7.64	5551	yfinance_1m
2026-09-10T15:11:00-04:00	7.635	7.635	7.63	7.635	1957	yfinance_1m
2026-09-10T15:12:00-04:00	7.635	7.64	7.635	7.64	8239	yfinance_1m
2026-09-10T15:13:00-04:00	7.645	7.645	7.64	7.64	5117	yfinance_1m
2026-09-10T15:14:00-04:00	7.635	7.635	7.625	7.63	10630	yfinance_1m
2026-09-10T15:15:00-04:00	7.63	7.635	7.62	7.625	3650	yfinance_1m
2026-09-10T15:16:00-04:00	7.62	7.625	7.6129	7.62	10721	yfinance_1m
2026-09-10T15:17:00-04:00	7.62	7.625	7.61	7.61	6044	yfinance_1m
2026-09-10T15:18:00-04:00	7.605	7.615	7.6	7.6127	13108	yfinance_1m
2026-09-10T15:19:00-04:00	7.61	7.61	7.56	7.595	53325	yfinance_1m
2026-09-10T15:20:00-04:00	7.5901	7.605	7.59	7.605	9151	yfinance_1m
2026-09-10T15:21:00-04:00	7.605	7.605	7.595	7.595	4761	yfinance_1m
2026-09-10T15:22:00-04:00	7.59	7.595	7.58	7.58	5311	yfinance_1m
2026-09-10T15:23:00-04:00	7.58	7.58	7.56	7.565	7212	yfinance_1m
2026-09-10T15:24:00-04:00	7.56	7.575	7.555	7.575	18893	yfinance_1m
2026-09-10T15:25:00-04:00	7.57	7.585	7.55	7.58	69392	yfinance_1m
2026-09-10T15:26:00-04:00	7.5873	7.59	7.57	7.58	8439	yfinance_1m
2026-09-10T15:27:00-04:00	7.58	7.58	7.57	7.58	5119	yfinance_1m
2026-09-10T15:28:00-04:00	7.5799	7.5799	7.5527	7.56	6338	yfinance_1m
2026-09-10T15:29:00-04:00	7.56	7.57	7.56	7.56	10225	yfinance_1m
2026-09-10T15:30:00-04:00	7.56	7.6	7.56	7.595	17559	yfinance_1m
2026-09-10T15:31:00-04:00	7.595	7.605	7.59	7.605	5017	yfinance_1m
2026-09-10T15:32:00-04:00	7.6	7.6	7.58	7.58	18012	yfinance_1m
2026-09-10T15:33:00-04:00	7.57	7.577282	7.565	7.565	4796	yfinance_1m
2026-09-10T15:34:00-04:00	7.565	7.575	7.565	7.575	9612	yfinance_1m
2026-09-10T15:35:00-04:00	7.57	7.575	7.57	7.57	10397	yfinance_1m
2026-09-10T15:36:00-04:00	7.5762	7.58	7.57	7.57	4910	yfinance_1m
2026-09-10T15:37:00-04:00	7.57	7.58	7.565	7.575	23605	yfinance_1m
2026-09-10T15:38:00-04:00	7.57	7.585	7.57	7.585	9700	yfinance_1m
2026-09-10T15:39:00-04:00	7.585	7.585	7.575	7.5754	12160	yfinance_1m
2026-09-10T15:40:00-04:00	7.575	7.595	7.55	7.565	42118	yfinance_1m
2026-09-10T15:41:00-04:00	7.565	7.57	7.5631	7.565	10785	yfinance_1m
2026-09-10T15:42:00-04:00	7.57	7.58	7.57	7.575	21719	yfinance_1m
2026-09-10T15:43:00-04:00	7.574	7.575	7.55	7.555	26477	yfinance_1m
2026-09-10T15:44:00-04:00	7.555	7.565	7.555	7.565	8556	yfinance_1m
2026-09-10T15:45:00-04:00	7.565	7.575	7.56	7.575	15599	yfinance_1m
2026-09-10T15:46:00-04:00	7.575	7.575	7.57	7.57	3945	yfinance_1m
2026-09-10T15:47:00-04:00	7.57	7.57	7.555	7.5649	21437	yfinance_1m
2026-09-10T15:48:00-04:00	7.56	7.565	7.56	7.565	4049	yfinance_1m
2026-09-10T15:49:00-04:00	7.56	7.565	7.555	7.56	18688	yfinance_1m
2026-09-10T15:50:00-04:00	7.565	7.57	7.56	7.565	15089	yfinance_1m
2026-09-10T15:51:00-04:00	7.56	7.565	7.55	7.555	8726	yfinance_1m
2026-09-10T15:52:00-04:00	7.55	7.555	7.535	7.55	30790	yfinance_1m
2026-09-10T15:53:00-04:00	7.55	7.56	7.545	7.545	25878	yfinance_1m
2026-09-10T15:54:00-04:00	7.54	7.549	7.54	7.54	24131	yfinance_1m
2026-09-10T15:55:00-04:00	7.535	7.545	7.51	7.54	45471	yfinance_1m
2026-09-10T15:56:00-04:00	7.545	7.545	7.52	7.525	57735	yfinance_1m
2026-09-10T15:57:00-04:00	7.525	7.525	7.51	7.51	31855	yfinance_1m
2026-09-10T15:58:00-04:00	7.51	7.525	7.505	7.51	91213	yfinance_1m
2026-09-10T15:59:00-04:00	7.51	7.51	7.46	7.46	184313	yfinance_1m
2026-09-11T09:30:00-04:00	7.965	7.965	7.965	7.965	138711	yfinance_1m
2026-09-11T09:31:00-04:00	7.965	7.965	7.68	7.81	34769	yfinance_1m
2026-09-11T09:32:00-04:00	7.82	7.905	7.81	7.81	16148	yfinance_1m
2026-09-11T09:33:00-04:00	7.8	7.86	7.7099	7.8	30085	yfinance_1m
2026-09-11T09:34:00-04:00	7.8	7.8	7.73	7.77	26399	yfinance_1m
2026-09-11T09:35:00-04:00	7.8	7.8	7.76	7.78	5889	yfinance_1m
2026-09-11T09:36:00-04:00	7.76	7.76	7.7	7.7079	4447	yfinance_1m
2026-09-11T09:37:00-04:00	7.7	7.76	7.7	7.76	3829	yfinance_1m
2026-09-11T09:38:00-04:00	7.77	7.78	7.75	7.77	3425	yfinance_1m
2026-09-11T09:39:00-04:00	7.76	7.79	7.75	7.79	3666	yfinance_1m
2026-09-11T09:40:00-04:00	7.81	7.82	7.76	7.765	5347	yfinance_1m
2026-09-11T09:41:00-04:00	7.745	7.77	7.745	7.76	4097	yfinance_1m
2026-09-11T09:42:00-04:00	7.74	7.74	7.7248	7.725	2670	yfinance_1m
2026-09-11T09:43:00-04:00	7.71	7.71	7.69	7.7	7129	yfinance_1m
2026-09-11T09:44:00-04:00	7.7	7.74	7.7	7.735	3724	yfinance_1m
2026-09-11T09:45:00-04:00	7.735	7.78	7.735	7.77	5255	yfinance_1m
2026-09-11T09:46:00-04:00	7.77	7.89	7.77	7.865	12202	yfinance_1m
2026-09-11T09:47:00-04:00	7.84	7.85	7.82	7.85	5812	yfinance_1m
2026-09-11T09:48:00-04:00	7.86	7.87	7.845	7.87	2706	yfinance_1m
2026-09-11T09:49:00-04:00	7.865	7.89	7.85	7.88	11716	yfinance_1m
2026-09-11T09:50:00-04:00	7.88	7.88	7.825	7.825	19027	yfinance_1m
2026-09-11T09:51:00-04:00	7.82	7.82	7.805	7.82	3856	yfinance_1m
2026-09-11T09:52:00-04:00	7.82	7.84	7.82	7.84	1096	yfinance_1m
2026-09-11T09:53:00-04:00	7.85	7.85	7.81	7.826	5041	yfinance_1m
2026-09-11T09:54:00-04:00	7.815	7.82	7.79	7.81	4367	yfinance_1m
2026-09-11T09:55:00-04:00	7.82	7.8368	7.815	7.8368	1312	yfinance_1m
2026-09-11T09:56:00-04:00	7.84	7.86	7.82	7.86	4751	yfinance_1m
2026-09-11T09:57:00-04:00	7.86	7.865	7.84	7.845	3512	yfinance_1m
2026-09-11T09:58:00-04:00	7.845	7.87	7.8356	7.87	2928	yfinance_1m
2026-09-11T09:59:00-04:00	7.87	7.9	7.8666	7.89	4268	yfinance_1m
2026-09-11T10:00:00-04:00	7.86	7.88	7.85	7.85	12583	yfinance_1m
2026-09-11T10:01:00-04:00	7.845	7.845	7.81	7.835	3223	yfinance_1m
2026-09-11T10:02:00-04:00	7.83	7.86	7.825	7.85	3003	yfinance_1m
2026-09-11T10:03:00-04:00	7.83	7.835	7.81	7.81	1505	yfinance_1m
2026-09-11T10:04:00-04:00	7.8	7.81	7.8	7.81	1472	yfinance_1m
2026-09-11T10:05:00-04:00	7.805	7.805	7.79	7.79	4672	yfinance_1m
2026-09-11T10:06:00-04:00	7.785	7.82	7.785	7.82	1198	yfinance_1m
2026-09-11T10:07:00-04:00	7.815	7.8367	7.815	7.825	2537	yfinance_1m
2026-09-11T10:08:00-04:00	7.81	7.81	7.79	7.795	8739	yfinance_1m
2026-09-11T10:09:00-04:00	7.79	7.855	7.775	7.83	115016	yfinance_1m
2026-09-11T10:10:00-04:00	7.84	7.91	7.84	7.9	7426	yfinance_1m
2026-09-11T10:11:00-04:00	7.9	7.9	7.87	7.89	4300	yfinance_1m
2026-09-11T10:12:00-04:00	7.88	7.94	7.88	7.94	15972	yfinance_1m
2026-09-11T10:13:00-04:00	7.94	7.96	7.935	7.945	4845	yfinance_1m
2026-09-11T10:14:00-04:00	7.945	7.965	7.945	7.95	10762	yfinance_1m
2026-09-11T10:15:00-04:00	7.96	7.979	7.945	7.945	3277	yfinance_1m
2026-09-11T10:16:00-04:00	7.945	7.96	7.9	7.9	5463	yfinance_1m
2026-09-11T10:17:00-04:00	7.9	7.91	7.9	7.91	3006	yfinance_1m
2026-09-11T10:18:00-04:00	7.909	7.94	7.909	7.93	10213	yfinance_1m
2026-09-11T10:19:00-04:00	7.9223	7.935	7.91	7.935	2870	yfinance_1m
2026-09-11T10:20:00-04:00	7.95	7.96	7.94	7.96	4516	yfinance_1m
2026-09-11T10:21:00-04:00	7.949	7.96	7.94	7.955	2081	yfinance_1m
2026-09-11T10:22:00-04:00	7.955	7.955	7.92	7.94	14365	yfinance_1m
2026-09-11T10:23:00-04:00	7.93	7.93	7.925	7.93	3201	yfinance_1m
2026-09-11T10:24:00-04:00	7.92	7.92	7.92	7.92	1477	yfinance_1m
2026-09-11T10:25:00-04:00	7.91	7.92	7.91	7.91	3804	yfinance_1m
2026-09-11T10:26:00-04:00	7.9	7.9199	7.89	7.89	4092	yfinance_1m
2026-09-11T10:27:00-04:00	7.9	7.9	7.875	7.875	3096	yfinance_1m
2026-09-11T10:28:00-04:00	7.87	7.87	7.85	7.85	11696	yfinance_1m
2026-09-11T10:29:00-04:00	7.855	7.9	7.855	7.895	7316	yfinance_1m
2026-09-11T10:30:00-04:00	7.89	7.92	7.89	7.9	6652	yfinance_1m
2026-09-11T10:31:00-04:00	7.9	7.92	7.89	7.89	4362	yfinance_1m
2026-09-11T10:32:00-04:00	7.895	7.895	7.87	7.87	3424	yfinance_1m
2026-09-11T10:33:00-04:00	7.8637	7.885	7.8637	7.885	5043	yfinance_1m
2026-09-11T10:34:00-04:00	7.885	7.885	7.87	7.885	1418	yfinance_1m
2026-09-11T10:35:00-04:00	7.88	7.9	7.88	7.89	3786	yfinance_1m
2026-09-11T10:36:00-04:00	7.88	7.885	7.85	7.85	6277	yfinance_1m
2026-09-11T10:37:00-04:00	7.85	7.85	7.85	7.85	2273	yfinance_1m
2026-09-11T10:38:00-04:00	7.85	7.85	7.8101	7.83	3525	yfinance_1m
2026-09-11T10:39:00-04:00	7.83	7.845	7.83	7.845	3449	yfinance_1m
2026-09-11T10:40:00-04:00	7.845	7.87	7.845	7.87	5508	yfinance_1m
2026-09-11T10:41:00-04:00	7.87	7.87	7.86	7.87	1616	yfinance_1m
2026-09-11T10:42:00-04:00	7.87	7.87	7.86	7.86	4480	yfinance_1m
2026-09-11T10:43:00-04:00	7.85	7.85	7.835	7.84	2845	yfinance_1m
2026-09-11T10:44:00-04:00	7.84	7.86	7.84	7.86	5175	yfinance_1m
2026-09-11T10:45:00-04:00	7.859	7.87	7.855	7.87	3613	yfinance_1m
2026-09-11T10:46:00-04:00	7.86	7.86	7.84	7.84	3450	yfinance_1m
2026-09-11T10:47:00-04:00	7.825	7.825	7.8	7.805	2545	yfinance_1m
2026-09-11T10:48:00-04:00	7.805	7.849	7.805	7.83	4766	yfinance_1m
2026-09-11T10:49:00-04:00	7.84	7.875	7.835	7.875	5769	yfinance_1m
2026-09-11T10:50:00-04:00	7.9	7.9	7.8671	7.8671	2862	yfinance_1m
2026-09-11T10:51:00-04:00	7.86	7.86	7.85	7.855	3026	yfinance_1m
2026-09-11T10:52:00-04:00	7.855	7.855	7.84	7.84	1947	yfinance_1m
2026-09-11T10:53:00-04:00	7.845	7.845	7.845	7.845	1608	yfinance_1m
2026-09-11T10:54:00-04:00	7.84	7.845	7.84	7.845	2016	yfinance_1m
2026-09-11T10:55:00-04:00	7.845	7.845	7.84	7.84	457	yfinance_1m
2026-09-11T10:56:00-04:00	7.84	7.85	7.815	7.83	8313	yfinance_1m
2026-09-11T10:57:00-04:00	7.85	7.87	7.85	7.87	3181	yfinance_1m
2026-09-11T10:58:00-04:00	7.85	7.86	7.85	7.86	2795	yfinance_1m
2026-09-11T10:59:00-04:00	7.85	7.86	7.85	7.85	4572	yfinance_1m
2026-09-11T11:00:00-04:00	7.84	7.85	7.84	7.85	1454	yfinance_1m
2026-09-11T11:01:00-04:00	7.85	7.85	7.83	7.83	3099	yfinance_1m
2026-09-11T11:02:00-04:00	7.82	7.82	7.805	7.81	3788	yfinance_1m
2026-09-11T11:03:00-04:00	7.82	7.83	7.82	7.83	1078	yfinance_1m
2026-09-11T11:04:00-04:00	7.84	7.84	7.82	7.83	6761	yfinance_1m
2026-09-11T11:05:00-04:00	7.835	7.8425	7.835	7.84	6555	yfinance_1m
2026-09-11T11:06:00-04:00	7.85	7.87	7.85	7.87	3724	yfinance_1m
2026-09-11T11:07:00-04:00	7.86	7.87	7.86	7.86	4393	yfinance_1m
2026-09-11T11:08:00-04:00	7.87	7.87	7.86	7.86	1105	yfinance_1m
2026-09-11T11:09:00-04:00	7.85	7.86	7.845	7.85	1434	yfinance_1m
2026-09-11T11:10:00-04:00	7.84	7.85	7.84	7.85	532	yfinance_1m
2026-09-11T11:11:00-04:00	7.85	7.85	7.84	7.85	1355	yfinance_1m
2026-09-11T11:12:00-04:00	7.85	7.85	7.83	7.84	2496	yfinance_1m
2026-09-11T11:13:00-04:00	7.835	7.84	7.83	7.83	2414	yfinance_1m
2026-09-11T11:14:00-04:00	7.84	7.85	7.83	7.835	2462	yfinance_1m
2026-09-11T11:15:00-04:00	7.84	7.86	7.84	7.86	1711	yfinance_1m
2026-09-11T11:16:00-04:00	7.86	7.86	7.86	7.86	1164	yfinance_1m
2026-09-11T11:17:00-04:00	7.855	7.865	7.85	7.865	4449	yfinance_1m
2026-09-11T11:18:00-04:00	7.865	7.875	7.865	7.875	3438	yfinance_1m
2026-09-11T11:19:00-04:00	7.88	7.89	7.88	7.89	1764	yfinance_1m
2026-09-11T11:20:00-04:00	7.89	7.89	7.88	7.88	1866	yfinance_1m
2026-09-11T11:21:00-04:00	7.87	7.87	7.865	7.865	1179	yfinance_1m
2026-09-11T11:22:00-04:00	7.86	7.86	7.86	7.86	4460	yfinance_1m
2026-09-11T11:23:00-04:00	7.87	7.87	7.86	7.865	1422	yfinance_1m
2026-09-11T11:24:00-04:00	7.87	7.87	7.87	7.87	1626	yfinance_1m
2026-09-11T11:25:00-04:00	7.875	7.88	7.87	7.87	1804	yfinance_1m
2026-09-11T11:26:00-04:00	7.87	7.87	7.87	7.87	1325	yfinance_1m
2026-09-11T11:27:00-04:00	7.88	7.88	7.8703	7.8703	1276	yfinance_1m
2026-09-11T11:28:00-04:00	7.87	7.87	7.85	7.85	3710	yfinance_1m
2026-09-11T11:29:00-04:00	7.86	7.86	7.86	7.86	1893	yfinance_1m
2026-09-11T11:30:00-04:00	7.85	7.86	7.85	7.86	1015	yfinance_1m
2026-09-11T11:31:00-04:00	7.85	7.86	7.84	7.84	4389	yfinance_1m
2026-09-11T11:33:00-04:00	7.84	7.85	7.83	7.84	2834	yfinance_1m
2026-09-11T11:34:00-04:00	7.84	7.84	7.84	7.84	1543	yfinance_1m
2026-09-11T11:35:00-04:00	7.84	7.84	7.83	7.83	3644	yfinance_1m
2026-09-11T11:36:00-04:00	7.83	7.845	7.83	7.845	2048	yfinance_1m
2026-09-11T11:37:00-04:00	7.845	7.85	7.845	7.85	1237	yfinance_1m
2026-09-11T11:38:00-04:00	7.85	7.855	7.85	7.855	1775	yfinance_1m
2026-09-11T11:39:00-04:00	7.855	7.855	7.83	7.83	3272	yfinance_1m
2026-09-11T11:40:00-04:00	7.83	7.84	7.83	7.84	2037	yfinance_1m
2026-09-11T11:41:00-04:00	7.84	7.84	7.84	7.84	2212	yfinance_1m
2026-09-11T11:42:00-04:00	7.83	7.835	7.82	7.83	3698	yfinance_1m
2026-09-11T11:43:00-04:00	7.84	7.84	7.83	7.84	1330	yfinance_1m
2026-09-11T11:44:00-04:00	7.835	7.84	7.835	7.84	932	yfinance_1m
2026-09-11T11:45:00-04:00	7.83	7.835	7.82	7.82	3696	yfinance_1m
2026-09-11T11:46:00-04:00	7.81	7.83	7.81	7.83	1157	yfinance_1m
2026-09-11T11:47:00-04:00	7.81	7.81	7.8	7.81	4453	yfinance_1m
2026-09-11T11:48:00-04:00	7.81	7.81	7.79	7.79	3247	yfinance_1m
2026-09-11T11:49:00-04:00	7.79	7.805	7.79	7.79	1479	yfinance_1m
2026-09-11T11:50:00-04:00	7.8	7.86	7.79	7.855	14305	yfinance_1m
2026-09-11T11:51:00-04:00	7.855	7.855	7.84	7.84	1741	yfinance_1m
2026-09-11T11:52:00-04:00	7.85	7.86	7.84	7.86	14489	yfinance_1m
2026-09-11T11:53:00-04:00	7.86	7.86	7.82	7.82	7504	yfinance_1m
2026-09-11T11:54:00-04:00	7.83	7.84	7.83	7.84	1328	yfinance_1m
2026-09-11T11:55:00-04:00	7.835	7.835	7.81	7.81	3676	yfinance_1m
2026-09-11T11:56:00-04:00	7.82	7.82	7.81	7.815	1925	yfinance_1m
2026-09-11T11:57:00-04:00	7.815	7.82	7.81	7.82	3559	yfinance_1m
2026-09-11T11:58:00-04:00	7.83	7.85	7.82	7.845	11630	yfinance_1m
2026-09-11T11:59:00-04:00	7.86	7.88	7.775	7.775	16157	yfinance_1m
2026-09-11T12:00:00-04:00	7.76	7.8	7.76	7.8	5547	yfinance_1m
2026-09-11T12:01:00-04:00	7.81	7.83	7.81	7.83	1786	yfinance_1m
2026-09-11T12:02:00-04:00	7.84	7.84	7.835	7.835	983	yfinance_1m
2026-09-11T12:03:00-04:00	7.85	7.85	7.83	7.83	906	yfinance_1m
2026-09-11T12:04:00-04:00	7.83	7.87	7.83	7.87	6766	yfinance_1m
2026-09-11T12:05:00-04:00	7.89	7.9	7.88	7.885	6415	yfinance_1m
2026-09-11T12:06:00-04:00	7.88	7.93	7.88	7.93	9224	yfinance_1m
2026-09-11T12:07:00-04:00	7.91	7.91	7.85	7.85	11303	yfinance_1m
2026-09-11T12:08:00-04:00	7.85	7.85	7.83	7.83	1823	yfinance_1m
2026-09-11T12:09:00-04:00	7.81	7.83	7.81	7.83	2113	yfinance_1m
2026-09-11T12:10:00-04:00	7.82	7.845	7.82	7.845	15354	yfinance_1m
2026-09-11T12:11:00-04:00	7.845	7.87	7.845	7.87	3944	yfinance_1m
2026-09-11T12:12:00-04:00	7.86	7.87	7.855	7.855	3849	yfinance_1m
2026-09-11T12:13:00-04:00	7.85	7.855	7.85	7.855	2237	yfinance_1m
2026-09-11T12:14:00-04:00	7.855	7.855	7.842	7.842	3255	yfinance_1m
2026-09-11T12:15:00-04:00	7.84	7.84	7.835	7.84	1548	yfinance_1m
2026-09-11T12:16:00-04:00	7.85	7.865	7.85	7.865	2487	yfinance_1m
2026-09-11T12:17:00-04:00	7.865	7.865	7.86	7.86	1290	yfinance_1m
2026-09-11T12:18:00-04:00	7.86	7.8676	7.855	7.86	4061	yfinance_1m
2026-09-11T12:19:00-04:00	7.865	7.87	7.865	7.87	1696	yfinance_1m
2026-09-11T12:20:00-04:00	7.87	7.87	7.845	7.845	3846	yfinance_1m
2026-09-11T12:21:00-04:00	7.845	7.86	7.845	7.85	4328	yfinance_1m
2026-09-11T12:22:00-04:00	7.84	7.84	7.84	7.84	783	yfinance_1m
2026-09-11T12:23:00-04:00	7.84	7.84	7.84	7.84	1264	yfinance_1m
2026-09-11T12:24:00-04:00	7.83	7.85	7.83	7.85	2035	yfinance_1m
2026-09-11T12:25:00-04:00	7.85	7.85	7.845	7.85	2244	yfinance_1m
2026-09-11T12:26:00-04:00	7.845	7.85	7.84	7.85	1179	yfinance_1m
2026-09-11T12:27:00-04:00	7.845	7.85	7.84	7.84	4426	yfinance_1m
2026-09-11T12:28:00-04:00	7.83	7.85	7.83	7.845	4073	yfinance_1m
2026-09-11T12:29:00-04:00	7.84	7.85	7.84	7.85	4285	yfinance_1m
2026-09-11T12:30:00-04:00	7.86	7.87	7.86	7.86	3186	yfinance_1m
2026-09-11T12:31:00-04:00	7.8562	7.8562	7.855	7.855	836	yfinance_1m
2026-09-11T12:32:00-04:00	7.85	7.85	7.845	7.845	2491	yfinance_1m
2026-09-11T12:33:00-04:00	7.8495	7.855	7.8495	7.855	2152	yfinance_1m
2026-09-11T12:34:00-04:00	7.855	7.86	7.8514	7.86	2109	yfinance_1m
2026-09-11T12:35:00-04:00	7.855	7.86	7.855	7.855	1975	yfinance_1m
2026-09-11T12:36:00-04:00	7.855	7.855	7.84	7.84	4341	yfinance_1m
2026-09-11T12:37:00-04:00	7.84	7.84	7.84	7.84	790	yfinance_1m
2026-09-11T12:38:00-04:00	7.84	7.85	7.8327	7.85	2203	yfinance_1m
2026-09-11T12:39:00-04:00	7.845	7.845	7.845	7.845	580	yfinance_1m
2026-09-11T12:40:00-04:00	7.84	7.84	7.84	7.84	3126	yfinance_1m
2026-09-11T12:41:00-04:00	7.85	7.85	7.85	7.85	691	yfinance_1m
2026-09-11T12:42:00-04:00	7.845	7.845	7.845	7.845	306	yfinance_1m
2026-09-11T12:43:00-04:00	7.85	7.855	7.85	7.855	1978	yfinance_1m
2026-09-11T12:44:00-04:00	7.855	7.855	7.855	7.855	1536	yfinance_1m
2026-09-11T12:45:00-04:00	7.86	7.86	7.855	7.855	2387	yfinance_1m
2026-09-11T12:46:00-04:00	7.855	7.855	7.84	7.85	4503	yfinance_1m
2026-09-11T12:47:00-04:00	7.84	7.85	7.84	7.85	3344	yfinance_1m
2026-09-11T12:48:00-04:00	7.85	7.85	7.845	7.845	1807	yfinance_1m
2026-09-11T12:49:00-04:00	7.85	7.855	7.85	7.85	2390	yfinance_1m
2026-09-11T12:50:00-04:00	7.85	7.85	7.85	7.85	1362	yfinance_1m
2026-09-11T12:51:00-04:00	7.85	7.85	7.83	7.83	1833	yfinance_1m
2026-09-11T12:53:00-04:00	7.83	7.83	7.8	7.81	13775	yfinance_1m
2026-09-11T12:54:00-04:00	7.81	7.82	7.81	7.81	544	yfinance_1m
2026-09-11T12:55:00-04:00	7.81	7.81	7.8	7.8	4830	yfinance_1m
2026-09-11T12:56:00-04:00	7.79	7.8	7.79	7.79	3019	yfinance_1m
2026-09-11T12:57:00-04:00	7.7904	7.8	7.79	7.8	2714	yfinance_1m
2026-09-11T12:58:00-04:00	7.8	7.8	7.795	7.8	1342	yfinance_1m
2026-09-11T12:59:00-04:00	7.795	7.805	7.795	7.8	4029	yfinance_1m
2026-09-11T13:00:00-04:00	7.79	7.79	7.79	7.79	335	yfinance_1m
2026-09-11T13:02:00-04:00	7.8	7.81	7.8	7.805	5209	yfinance_1m
2026-09-11T13:03:00-04:00	7.8	7.805	7.8	7.805	315	yfinance_1m
2026-09-11T13:04:00-04:00	7.808	7.81	7.805	7.81	2845	yfinance_1m
2026-09-11T13:05:00-04:00	7.82	7.82	7.8	7.82	12011	yfinance_1m
2026-09-11T13:06:00-04:00	7.82	7.82	7.82	7.82	706	yfinance_1m
2026-09-11T13:07:00-04:00	7.83	7.84	7.81	7.81	5552	yfinance_1m
2026-09-11T13:08:00-04:00	7.82	7.82	7.81	7.81	2186	yfinance_1m
2026-09-11T13:09:00-04:00	7.83	7.83	7.83	7.83	348	yfinance_1m
2026-09-11T13:10:00-04:00	7.825	7.825	7.82	7.825	1405	yfinance_1m
2026-09-11T13:11:00-04:00	7.83	7.835	7.83	7.835	2075	yfinance_1m
2026-09-11T13:12:00-04:00	7.84	7.84	7.835	7.835	1015	yfinance_1m
2026-09-11T13:13:00-04:00	7.835	7.84	7.835	7.835	1155	yfinance_1m
2026-09-11T13:14:00-04:00	7.835	7.84	7.835	7.84	544	yfinance_1m
2026-09-11T13:15:00-04:00	7.84	7.84	7.84	7.84	3253	yfinance_1m
2026-09-11T13:16:00-04:00	7.84	7.84	7.83	7.84	3849	yfinance_1m
2026-09-11T13:17:00-04:00	7.835	7.84	7.835	7.84	2057	yfinance_1m
2026-09-11T13:18:00-04:00	7.835	7.8464	7.835	7.8464	3312	yfinance_1m
2026-09-11T13:19:00-04:00	7.835	7.835	7.83	7.83	4248	yfinance_1m
2026-09-11T13:20:00-04:00	7.82	7.83	7.82	7.83	5990	yfinance_1m
2026-09-11T13:21:00-04:00	7.84	7.84	7.84	7.84	2020	yfinance_1m
2026-09-11T13:22:00-04:00	7.85	7.88	7.85	7.88	2557	yfinance_1m
2026-09-11T13:23:00-04:00	7.88	7.9	7.88	7.9	4423	yfinance_1m
2026-09-11T13:24:00-04:00	7.905	7.9054	7.9	7.9	2999	yfinance_1m
2026-09-11T13:25:00-04:00	7.9	7.91	7.9	7.91	2848	yfinance_1m
2026-09-11T13:26:00-04:00	7.92	7.945	7.92	7.945	3711	yfinance_1m
2026-09-11T13:27:00-04:00	7.945	7.96	7.94	7.95	3005	yfinance_1m
2026-09-11T13:28:00-04:00	7.96	7.97	7.95	7.95	6658	yfinance_1m
2026-09-11T13:29:00-04:00	7.95	7.96	7.95	7.95	1964	yfinance_1m
2026-09-11T13:30:00-04:00	7.955	7.955	7.94	7.94	905	yfinance_1m
2026-09-11T13:31:00-04:00	7.945	7.945404	7.945	7.945404	1534	yfinance_1m
2026-09-11T13:32:00-04:00	7.96	7.96	7.94	7.94	11891	yfinance_1m
2026-09-11T13:33:00-04:00	7.94	7.95	7.94	7.95	1291	yfinance_1m
2026-09-11T13:34:00-04:00	7.95	7.95	7.95	7.95	605	yfinance_1m
2026-09-11T13:35:00-04:00	7.96	7.99	7.95	7.99	13562	yfinance_1m
2026-09-11T13:36:00-04:00	7.99	8.03	7.99	8.03	17706	yfinance_1m
2026-09-11T13:37:00-04:00	8.03	8.03	8.005	8.01	4753	yfinance_1m
2026-09-11T13:38:00-04:00	8.01	8.01	8.0	8.0	2401	yfinance_1m
2026-09-11T13:39:00-04:00	7.99	7.99	7.985	7.99	5720	yfinance_1m
2026-09-11T13:40:00-04:00	7.985	7.99	7.98	7.99	20889	yfinance_1m
2026-09-11T13:41:00-04:00	7.97	7.975	7.97	7.975	1143	yfinance_1m
2026-09-11T13:42:00-04:00	7.975	7.99	7.975	7.99	1398	yfinance_1m
2026-09-11T13:43:00-04:00	7.99	7.995	7.98	7.98	2702	yfinance_1m
2026-09-11T13:44:00-04:00	7.97	7.975	7.97	7.975	1954	yfinance_1m
2026-09-11T13:45:00-04:00	7.97	7.97	7.97	7.97	2127	yfinance_1m
2026-09-11T13:46:00-04:00	7.97	7.975	7.97	7.97	2757	yfinance_1m
2026-09-11T13:47:00-04:00	7.9799	8.02	7.9799	8.01	33000	yfinance_1m
2026-09-11T13:48:00-04:00	8.01	8.02	8.01	8.02	2317	yfinance_1m
2026-09-11T13:49:00-04:00	8.01	8.03	8.0022	8.03	5789	yfinance_1m
2026-09-11T13:50:00-04:00	8.04	8.04	8.03	8.03	3023	yfinance_1m
2026-09-11T13:51:00-04:00	8.025	8.035	8.025	8.035	6062	yfinance_1m
2026-09-11T13:52:00-04:00	8.03	8.03	8.02	8.02	3450	yfinance_1m
2026-09-11T13:53:00-04:00	8.02	8.02	8.01	8.01	6472	yfinance_1m
2026-09-11T13:54:00-04:00	8.01	8.0224	8.01	8.0224	2330	yfinance_1m
2026-09-11T13:55:00-04:00	8.02	8.02	8.02	8.02	2039	yfinance_1m
2026-09-11T13:56:00-04:00	8.015	8.02	8.01	8.02	2155	yfinance_1m
2026-09-11T13:57:00-04:00	8.015	8.02	8.01	8.0186	3345	yfinance_1m
2026-09-11T13:58:00-04:00	8.02	8.05	8.02	8.05	7896	yfinance_1m
2026-09-11T13:59:00-04:00	8.05	8.06	8.04	8.05	11342	yfinance_1m
2026-09-11T14:00:00-04:00	8.05	8.08	8.05	8.07	15927	yfinance_1m
2026-09-11T14:01:00-04:00	8.08	8.1	8.075	8.09	5092	yfinance_1m
2026-09-11T14:02:00-04:00	8.0987	8.1193	8.09	8.1193	10324	yfinance_1m
2026-09-11T14:03:00-04:00	8.105	8.14	8.105	8.13	5876	yfinance_1m
2026-09-11T14:04:00-04:00	8.12	8.12	8.08	8.11	14219	yfinance_1m
2026-09-11T14:05:00-04:00	8.11	8.11	8.065	8.065	6962	yfinance_1m
2026-09-11T14:06:00-04:00	8.065	8.07	8.065	8.065	937	yfinance_1m
2026-09-11T14:07:00-04:00	8.065	8.07	8.06	8.065	2383	yfinance_1m
2026-09-11T14:08:00-04:00	8.06	8.07	8.06	8.06	2954	yfinance_1m
2026-09-11T14:09:00-04:00	8.06	8.06	8.04	8.05	5306	yfinance_1m
2026-09-11T14:10:00-04:00	8.045	8.05	8.04	8.05	3487	yfinance_1m
2026-09-11T14:11:00-04:00	8.05	8.06	8.035	8.06	12250	yfinance_1m
2026-09-11T14:12:00-04:00	8.05	8.05	8.035	8.035	1821	yfinance_1m
2026-09-11T14:13:00-04:00	8.03	8.035	8.03	8.03	1829	yfinance_1m
2026-09-11T14:14:00-04:00	8.03	8.03	8.03	8.03	1563	yfinance_1m
2026-09-11T14:15:00-04:00	8.035	8.035	8.025	8.025	1792	yfinance_1m
2026-09-11T14:16:00-04:00	8.0286	8.03	8.025	8.025	1846	yfinance_1m
2026-09-11T14:17:00-04:00	8.025	8.03	8.025	8.025	2821	yfinance_1m
2026-09-11T14:18:00-04:00	8.03	8.03	8.02	8.0235	4256	yfinance_1m
2026-09-11T14:19:00-04:00	8.02	8.025	8.015	8.015	4430	yfinance_1m
2026-09-11T14:20:00-04:00	8.01	8.01	8.0	8.002	4841	yfinance_1m
2026-09-11T14:21:00-04:00	8.005	8.01	8.005	8.005	1312	yfinance_1m
2026-09-11T14:22:00-04:00	8.01	8.01	8.001	8.005	1358	yfinance_1m
2026-09-11T14:23:00-04:00	8.005	8.005	7.992	7.995	4470	yfinance_1m
2026-09-11T14:24:00-04:00	7.99	7.99	7.98	7.99	3712	yfinance_1m
2026-09-11T14:25:00-04:00	7.99	7.99	7.99	7.99	961	yfinance_1m
2026-09-11T14:26:00-04:00	7.99	7.99	7.99	7.99	1141	yfinance_1m
2026-09-11T14:27:00-04:00	7.985	8.01	7.985	8.01	2813	yfinance_1m
2026-09-11T14:28:00-04:00	8.01	8.01	8.0	8.01	3471	yfinance_1m
2026-09-11T14:29:00-04:00	8.005	8.005	8.005	8.005	1456	yfinance_1m
2026-09-11T14:30:00-04:00	8.005	8.005	8.005	8.005	935	yfinance_1m
2026-09-11T14:31:00-04:00	8.0	8.0	7.97	7.97	5775	yfinance_1m
2026-09-11T14:32:00-04:00	7.971	7.971	7.951	7.96	5139	yfinance_1m
2026-09-11T14:33:00-04:00	7.955	7.991	7.955	7.99	10110	yfinance_1m
2026-09-11T14:34:00-04:00	7.985	8.0	7.98	8.0	3795	yfinance_1m
2026-09-11T14:35:00-04:00	8.0	8.0	7.985	7.991	3474	yfinance_1m
2026-09-11T14:36:00-04:00	7.995	8.005	7.995	8.0	4393	yfinance_1m
2026-09-11T14:37:00-04:00	7.995	7.995	7.99	7.995	1716	yfinance_1m
2026-09-11T14:38:00-04:00	7.99	7.995	7.99	7.995	2601	yfinance_1m
2026-09-11T14:39:00-04:00	7.99	7.9903	7.99	7.99	2314	yfinance_1m
2026-09-11T14:40:00-04:00	7.99	8.005	7.98	8.0	13160	yfinance_1m
2026-09-11T14:41:00-04:00	7.99	8.01	7.99	8.01	1829	yfinance_1m
2026-09-11T14:42:00-04:00	8.0095	8.01	7.975	7.98	9818	yfinance_1m
2026-09-11T14:43:00-04:00	7.975	8.0	7.975	7.975	144237	yfinance_1m
2026-09-11T14:44:00-04:00	7.975	7.975	7.955	7.955	4567	yfinance_1m
2026-09-11T14:45:00-04:00	7.955	7.97	7.951	7.97	5584	yfinance_1m
2026-09-11T14:46:00-04:00	7.97	7.97	7.93	7.97	15595	yfinance_1m
2026-09-11T14:47:00-04:00	7.97	7.975	7.965	7.97	7118	yfinance_1m
2026-09-11T14:48:00-04:00	7.97	7.97	7.97	7.97	1813	yfinance_1m
2026-09-11T14:49:00-04:00	7.96	7.97	7.96	7.97	1431	yfinance_1m
2026-09-11T14:50:00-04:00	7.97	7.97	7.96	7.965	2429	yfinance_1m
2026-09-11T14:51:00-04:00	7.965	7.9686	7.96	7.961	2579	yfinance_1m
2026-09-11T14:52:00-04:00	7.965	7.97	7.96	7.97	1144	yfinance_1m
2026-09-11T14:53:00-04:00	7.965	7.97	7.965	7.965	551	yfinance_1m
2026-09-11T14:54:00-04:00	7.965	7.98	7.965	7.97	3403	yfinance_1m
2026-09-11T14:55:00-04:00	7.97	7.98	7.97	7.98	4183	yfinance_1m
2026-09-11T14:56:00-04:00	7.975	7.98	7.97	7.97	3340	yfinance_1m
2026-09-11T14:57:00-04:00	7.97	7.98	7.97	7.98	5217	yfinance_1m
2026-09-11T14:58:00-04:00	7.97	7.98	7.97	7.98	1534	yfinance_1m
2026-09-11T14:59:00-04:00	7.98	7.98	7.96	7.96	8022	yfinance_1m
2026-09-11T15:00:00-04:00	7.96	7.975	7.96	7.975	3097	yfinance_1m
2026-09-11T15:01:00-04:00	7.99	7.99	7.975	7.975	2995	yfinance_1m
2026-09-11T15:02:00-04:00	7.975	7.98	7.971	7.975	1480	yfinance_1m
2026-09-11T15:03:00-04:00	7.98	7.98	7.975	7.98	2090	yfinance_1m
2026-09-11T15:04:00-04:00	7.975	7.98	7.975	7.975	2271	yfinance_1m
2026-09-11T15:05:00-04:00	7.98	7.985	7.98	7.985	3344	yfinance_1m
2026-09-11T15:06:00-04:00	7.99	7.99	7.98	7.99	1338	yfinance_1m
2026-09-11T15:07:00-04:00	7.985	7.985	7.975	7.975	3738	yfinance_1m
2026-09-11T15:08:00-04:00	7.975	7.99	7.975	7.99	3394	yfinance_1m
2026-09-11T15:09:00-04:00	7.99	8.04	7.99	8.04	11594	yfinance_1m
2026-09-11T15:10:00-04:00	8.04	8.04	8.02	8.02	9214	yfinance_1m
2026-09-11T15:11:00-04:00	8.02	8.02	8.02	8.02	4934	yfinance_1m
2026-09-11T15:12:00-04:00	8.02	8.05	8.02	8.045	3546	yfinance_1m
2026-09-11T15:13:00-04:00	8.045	8.05	8.045	8.05	1316	yfinance_1m
2026-09-11T15:14:00-04:00	8.0492	8.05	8.04	8.04	6327	yfinance_1m
2026-09-11T15:15:00-04:00	8.03	8.03	8.0201	8.025	10192	yfinance_1m
2026-09-11T15:16:00-04:00	8.025	8.025	8.025	8.025	1939	yfinance_1m
2026-09-11T15:17:00-04:00	8.025	8.035	8.005	8.01	11325	yfinance_1m
2026-09-11T15:18:00-04:00	8.01	8.02	8.01	8.015	1620	yfinance_1m
2026-09-11T15:19:00-04:00	8.015	8.015	8.01	8.011	2367	yfinance_1m
2026-09-11T15:20:00-04:00	8.01	8.01	8.0	8.01	1899	yfinance_1m
2026-09-11T15:21:00-04:00	8.005	8.01	8.0	8.01	2054	yfinance_1m
2026-09-11T15:22:00-04:00	8.005	8.01	8.005	8.005	2427	yfinance_1m
2026-09-11T15:23:00-04:00	8.005	8.005	8.0	8.005	1403	yfinance_1m
2026-09-11T15:24:00-04:00	8.005	8.01	8.005	8.01	2855	yfinance_1m
2026-09-11T15:25:00-04:00	8.005	8.01	8.005	8.005	2779	yfinance_1m
2026-09-11T15:26:00-04:00	8.01	8.03	8.01	8.025	7230	yfinance_1m
2026-09-11T15:27:00-04:00	8.025	8.025	8.015	8.02	5774	yfinance_1m
2026-09-11T15:28:00-04:00	8.015	8.015	7.995	7.995	10002	yfinance_1m
2026-09-11T15:29:00-04:00	7.995	8.0	7.99	7.995	3633	yfinance_1m
2026-09-11T15:30:00-04:00	7.995	7.995	7.99	7.99	5188	yfinance_1m
2026-09-11T15:31:00-04:00	7.995	7.995	7.97	7.975	8851	yfinance_1m
2026-09-11T15:32:00-04:00	7.975	7.975	7.96	7.97	8193	yfinance_1m
2026-09-11T15:33:00-04:00	7.97	7.98	7.9638	7.98	3242	yfinance_1m
2026-09-11T15:34:00-04:00	7.975	7.98	7.975	7.975	2006	yfinance_1m
2026-09-11T15:35:00-04:00	7.975	7.985	7.97	7.97	9853	yfinance_1m
2026-09-11T15:36:00-04:00	7.965	7.975	7.96	7.97	8731	yfinance_1m
2026-09-11T15:37:00-04:00	7.97	7.97	7.93	7.94	13302	yfinance_1m
2026-09-11T15:38:00-04:00	7.94	7.945	7.94	7.9401	3501	yfinance_1m
2026-09-11T15:39:00-04:00	7.95	7.95	7.935	7.94	6959	yfinance_1m
2026-09-11T15:40:00-04:00	7.94	7.945	7.915	7.92	9633	yfinance_1m
2026-09-11T15:41:00-04:00	7.92	7.93	7.91	7.925	5068	yfinance_1m
2026-09-11T15:42:00-04:00	7.925	7.925	7.91	7.915	11104	yfinance_1m
2026-09-11T15:43:00-04:00	7.92	7.92	7.91	7.92	7139	yfinance_1m
2026-09-11T15:44:00-04:00	7.93	7.94	7.93	7.93	7572	yfinance_1m
2026-09-11T15:45:00-04:00	7.93	7.95	7.93	7.935	8057	yfinance_1m
2026-09-11T15:46:00-04:00	7.935	7.945	7.935	7.935	15830	yfinance_1m
2026-09-11T15:47:00-04:00	7.93	7.93	7.915	7.93	15680	yfinance_1m
2026-09-11T15:48:00-04:00	7.93	7.95	7.93	7.95	10896	yfinance_1m
2026-09-11T15:49:00-04:00	7.95	7.97	7.95	7.965	9658	yfinance_1m
2026-09-11T15:50:00-04:00	7.97	7.97	7.93	7.945	18812	yfinance_1m
2026-09-11T15:51:00-04:00	7.945	7.96	7.945	7.96	9940	yfinance_1m
2026-09-11T15:52:00-04:00	7.96	7.96	7.94	7.94	13620	yfinance_1m
2026-09-11T15:53:00-04:00	7.935	7.94	7.93	7.935	6310	yfinance_1m
2026-09-11T15:54:00-04:00	7.94	7.94	7.895	7.9	25172	yfinance_1m
2026-09-11T15:55:00-04:00	7.905	7.915	7.895	7.905	30042	yfinance_1m
2026-09-11T15:56:00-04:00	7.905	7.93	7.9	7.925	32572	yfinance_1m
2026-09-11T15:57:00-04:00	7.92	7.925	7.87	7.875	47836	yfinance_1m
2026-09-11T15:58:00-04:00	7.875	7.91	7.875	7.91	63451	yfinance_1m
2026-09-11T15:59:00-04:00	7.9	7.92	7.885	7.895	101256	yfinance_1m
2026-09-14T09:30:00-04:00	7.79	7.8	7.73	7.73	18345	yfinance_1m
2026-09-14T09:31:00-04:00	7.754	7.86	7.754	7.82	521	yfinance_1m
2026-09-14T09:32:00-04:00	7.819	7.819	7.819	7.819	297	yfinance_1m
2026-09-14T09:33:00-04:00	7.844	7.844	7.844	7.844	487	yfinance_1m
2026-09-14T09:34:00-04:00	7.86	7.88	7.86	7.88	722	yfinance_1m
2026-09-14T09:36:00-04:00	7.88	7.88	7.839	7.839	2339	yfinance_1m
2026-09-14T09:37:00-04:00	7.88	7.905	7.7	7.7	67038	yfinance_1m
2026-09-14T09:38:00-04:00	7.74	7.7994	7.66	7.725	21885	yfinance_1m
2026-09-14T09:39:00-04:00	7.671	7.745	7.665	7.69	16496	yfinance_1m
2026-09-14T09:40:00-04:00	7.67	7.72	7.67	7.685	4620	yfinance_1m
2026-09-14T09:41:00-04:00	7.69	7.69	7.675	7.675	1383	yfinance_1m
2026-09-14T09:42:00-04:00	7.675	7.71	7.66	7.7	12006	yfinance_1m
2026-09-14T09:43:00-04:00	7.72	7.75	7.72	7.74	6175	yfinance_1m
2026-09-14T09:44:00-04:00	7.735	7.76	7.735	7.75	2813	yfinance_1m
2026-09-14T09:45:00-04:00	7.75	7.79	7.75	7.78	3721	yfinance_1m
2026-09-14T09:46:00-04:00	7.785	7.81	7.78	7.795	3457	yfinance_1m
2026-09-14T09:47:00-04:00	7.8	7.8046	7.77	7.77	4648	yfinance_1m
2026-09-14T09:48:00-04:00	7.7899	7.81	7.77	7.81	2499	yfinance_1m
2026-09-14T09:49:00-04:00	7.8	7.82	7.795	7.795	5233	yfinance_1m
2026-09-14T09:50:00-04:00	7.79	7.81	7.761	7.761	5629	yfinance_1m
2026-09-14T09:51:00-04:00	7.78	7.78	7.75	7.775	6273	yfinance_1m
2026-09-14T09:52:00-04:00	7.79	7.85	7.79	7.83	3342	yfinance_1m
2026-09-14T09:53:00-04:00	7.85	7.87	7.85	7.86	922	yfinance_1m
2026-09-14T09:54:00-04:00	7.88	7.91	7.851	7.88	20756	yfinance_1m
2026-09-14T09:55:00-04:00	7.8694	7.875	7.84	7.865	9616	yfinance_1m
2026-09-14T09:56:00-04:00	7.91	7.91	7.851	7.851	6348	yfinance_1m
2026-09-14T09:57:00-04:00	7.87	7.87	7.85	7.87	849	yfinance_1m
2026-09-14T09:58:00-04:00	7.84	7.92	7.831	7.89	27136	yfinance_1m
2026-09-14T09:59:00-04:00	7.8801	7.92	7.88	7.9	8433	yfinance_1m
2026-09-14T10:00:00-04:00	7.9	7.91	7.872	7.885	10608	yfinance_1m
2026-09-14T10:01:00-04:00	7.89	7.92	7.89	7.891	12712	yfinance_1m
2026-09-14T10:02:00-04:00	7.9	7.91	7.83	7.845	8902	yfinance_1m
2026-09-14T10:03:00-04:00	7.86	7.875	7.86	7.86	3065	yfinance_1m
2026-09-14T10:04:00-04:00	7.855	7.855	7.85	7.85	1095	yfinance_1m
2026-09-14T10:05:00-04:00	7.85	7.865	7.85	7.865	5584	yfinance_1m
2026-09-14T10:06:00-04:00	7.86	7.93	7.86	7.93	19034	yfinance_1m
2026-09-14T10:07:00-04:00	7.95	7.96	7.945	7.95	7084	yfinance_1m
2026-09-14T10:08:00-04:00	7.944	8.02	7.9434	8.02	10232	yfinance_1m
2026-09-14T10:09:00-04:00	8.03	8.03	7.9992	8.005	7490	yfinance_1m
2026-09-14T10:10:00-04:00	8.02	8.0252	8.0	8.01	6256	yfinance_1m
2026-09-14T10:11:00-04:00	8.02	8.1317	8.02	8.1317	25025	yfinance_1m
2026-09-14T10:12:00-04:00	8.12	8.12	8.049	8.065	9935	yfinance_1m
2026-09-14T10:13:00-04:00	8.06	8.06	8.05	8.05	2182	yfinance_1m
2026-09-14T10:14:00-04:00	8.04	8.07	8.04	8.07	5086	yfinance_1m
2026-09-14T10:15:00-04:00	8.07	8.08	8.03	8.034	10905	yfinance_1m
2026-09-14T10:16:00-04:00	8.035	8.05	8.035	8.04	1713	yfinance_1m
2026-09-14T10:17:00-04:00	8.04	8.075	8.04	8.064	9541	yfinance_1m
2026-09-14T10:18:00-04:00	8.065	8.065	8.04	8.04	1481	yfinance_1m
2026-09-14T10:19:00-04:00	8.04	8.1	8.04	8.1	4876	yfinance_1m
2026-09-14T10:20:00-04:00	8.095	8.1023	8.07	8.085	1977	yfinance_1m
2026-09-14T10:21:00-04:00	8.07	8.08	8.05	8.08	3961	yfinance_1m
2026-09-14T10:22:00-04:00	8.08	8.08	8.075	8.075	2237	yfinance_1m
2026-09-14T10:23:00-04:00	8.075	8.075	8.05	8.05	3682	yfinance_1m
2026-09-14T10:24:00-04:00	8.04	8.07	8.03	8.07	5988	yfinance_1m
2026-09-14T10:25:00-04:00	8.06	8.06	8.04	8.04	5447	yfinance_1m
2026-09-14T10:26:00-04:00	8.06	8.06	8.05	8.05	1386	yfinance_1m
2026-09-14T10:27:00-04:00	8.06	8.06	8.04	8.0572	4108	yfinance_1m
2026-09-14T10:28:00-04:00	8.05	8.065	8.05	8.05	2994	yfinance_1m
2026-09-14T10:29:00-04:00	8.05	8.06	8.049	8.049	5206	yfinance_1m
2026-09-14T10:30:00-04:00	8.06	8.1	8.06	8.09	7738	yfinance_1m
2026-09-14T10:31:00-04:00	8.09	8.12	8.07	8.11	7783	yfinance_1m
2026-09-14T10:32:00-04:00	8.11	8.11	8.08	8.08	4640	yfinance_1m
2026-09-14T10:33:00-04:00	8.08	8.12	8.08	8.11	5351	yfinance_1m
2026-09-14T10:34:00-04:00	8.11	8.12	8.11	8.11	1546	yfinance_1m
2026-09-14T10:35:00-04:00	8.11	8.11	8.069	8.069	4666	yfinance_1m
2026-09-14T10:36:00-04:00	8.07	8.08	8.065	8.065	4225	yfinance_1m
2026-09-14T10:37:00-04:00	8.0628	8.08	8.045	8.079	15675	yfinance_1m
2026-09-14T10:38:00-04:00	8.07	8.1148	8.07	8.0823	18055	yfinance_1m
2026-09-14T10:39:00-04:00	8.1	8.11	8.09	8.09	7323	yfinance_1m
2026-09-14T10:40:00-04:00	8.085	8.09	8.06	8.06	10543	yfinance_1m
2026-09-14T10:41:00-04:00	8.065	8.07	8.04	8.05	4782	yfinance_1m
2026-09-14T10:42:00-04:00	8.06	8.06	8.0402	8.0402	4498	yfinance_1m
2026-09-14T10:43:00-04:00	8.04	8.0401	8.03	8.03	1887	yfinance_1m
2026-09-14T10:44:00-04:00	8.02	8.04	8.02	8.04	4358	yfinance_1m
2026-09-14T10:45:00-04:00	8.04	8.09	8.04	8.09	4650	yfinance_1m
2026-09-14T10:46:00-04:00	8.1	8.1104	8.1	8.1	4699	yfinance_1m
2026-09-14T10:47:00-04:00	8.1	8.1	8.08	8.08	1516	yfinance_1m
2026-09-14T10:48:00-04:00	8.08	8.09	8.08	8.085	6546	yfinance_1m
2026-09-14T10:49:00-04:00	8.08	8.08	8.08	8.08	878	yfinance_1m
2026-09-14T10:50:00-04:00	8.09	8.09	8.0708	8.0708	1705	yfinance_1m
2026-09-14T10:51:00-04:00	8.07	8.08	8.07	8.075	2777	yfinance_1m
2026-09-14T10:52:00-04:00	8.08	8.08	8.06	8.06	3972	yfinance_1m
2026-09-14T10:53:00-04:00	8.06	8.06	8.06	8.06	1012	yfinance_1m
2026-09-14T10:54:00-04:00	8.05	8.05	8.04	8.04	1722	yfinance_1m
2026-09-14T10:55:00-04:00	8.04	8.04	8.03	8.03	4210	yfinance_1m
2026-09-14T10:56:00-04:00	8.01	8.02	8.0	8.02	3823	yfinance_1m
2026-09-14T10:57:00-04:00	8.03	8.05	8.03	8.05	3226	yfinance_1m
2026-09-14T10:58:00-04:00	8.06	8.06	8.05	8.06	2550	yfinance_1m
2026-09-14T10:59:00-04:00	8.055	8.055	8.035	8.035	5621	yfinance_1m
2026-09-14T11:00:00-04:00	8.035	8.035	8.01	8.03	6669	yfinance_1m
2026-09-14T11:01:00-04:00	8.03	8.05	8.0238	8.04	2717	yfinance_1m
2026-09-14T11:02:00-04:00	8.04	8.06	8.04	8.06	3405	yfinance_1m
2026-09-14T11:03:00-04:00	8.06	8.1	8.06	8.1	4083	yfinance_1m
2026-09-14T11:04:00-04:00	8.1	8.1	8.09	8.09	2593	yfinance_1m
2026-09-14T11:05:00-04:00	8.09	8.125	8.09	8.11	6104	yfinance_1m
2026-09-14T11:06:00-04:00	8.125	8.18	8.125	8.165	11607	yfinance_1m
2026-09-14T11:07:00-04:00	8.16	8.1618	8.16	8.16	2039	yfinance_1m
2026-09-14T11:08:00-04:00	8.16	8.17	8.16	8.165	6007	yfinance_1m
2026-09-14T11:09:00-04:00	8.165	8.1658	8.14	8.14	7378	yfinance_1m
2026-09-14T11:10:00-04:00	8.1404	8.15	8.14	8.15	5795	yfinance_1m
2026-09-14T11:11:00-04:00	8.16	8.16	8.15	8.15	3099	yfinance_1m
2026-09-14T11:12:00-04:00	8.14	8.14	8.14	8.14	1312	yfinance_1m
2026-09-14T11:13:00-04:00	8.1382	8.1382	8.13	8.13	623	yfinance_1m
2026-09-14T11:14:00-04:00	8.135	8.14	8.13	8.13	1777	yfinance_1m
2026-09-14T11:15:00-04:00	8.12	8.13	8.12	8.12	10934	yfinance_1m
2026-09-14T11:16:00-04:00	8.13	8.13	8.13	8.13	216	yfinance_1m
2026-09-14T11:17:00-04:00	8.12	8.12	8.091	8.091	6350	yfinance_1m
2026-09-14T11:18:00-04:00	8.09	8.1	8.08	8.1	4644	yfinance_1m
2026-09-14T11:19:00-04:00	8.11	8.12	8.1	8.11	4622	yfinance_1m
2026-09-14T11:20:00-04:00	8.11	8.115	8.105	8.105	1623	yfinance_1m
2026-09-14T11:21:00-04:00	8.105	8.12	8.09	8.1	5360	yfinance_1m
2026-09-14T11:22:00-04:00	8.1101	8.13	8.1101	8.13	1941	yfinance_1m
2026-09-14T11:23:00-04:00	8.12	8.14	8.12	8.14	3684	yfinance_1m
2026-09-14T11:24:00-04:00	8.16	8.165	8.15	8.15	2085	yfinance_1m
2026-09-14T11:25:00-04:00	8.15	8.16	8.14	8.15	3488	yfinance_1m
2026-09-14T11:26:00-04:00	8.15	8.1537	8.15	8.1537	3455	yfinance_1m
2026-09-14T11:27:00-04:00	8.1475	8.15	8.1475	8.15	440	yfinance_1m
2026-09-14T11:28:00-04:00	8.1455	8.1455	8.13	8.131	2975	yfinance_1m
2026-09-14T11:29:00-04:00	8.135	8.1397	8.135	8.1392	3219	yfinance_1m
2026-09-14T11:30:00-04:00	8.13	8.13	8.12	8.12	4805	yfinance_1m
2026-09-14T11:31:00-04:00	8.12	8.12	8.091	8.091	6154	yfinance_1m
2026-09-14T11:32:00-04:00	8.09	8.12	8.08	8.12	9192	yfinance_1m
2026-09-14T11:33:00-04:00	8.13	8.16	8.13	8.16	3479	yfinance_1m
2026-09-14T11:34:00-04:00	8.15	8.15	8.15	8.15	532	yfinance_1m
2026-09-14T11:35:00-04:00	8.16	8.16	8.13	8.13	2283	yfinance_1m
2026-09-14T11:36:00-04:00	8.13	8.13	8.12	8.12	2186	yfinance_1m
2026-09-14T11:37:00-04:00	8.12	8.13	8.12	8.13	3412	yfinance_1m
2026-09-14T11:38:00-04:00	8.13	8.14	8.13	8.14	5029	yfinance_1m
2026-09-14T11:39:00-04:00	8.145	8.145	8.145	8.145	592	yfinance_1m
2026-09-14T11:40:00-04:00	8.14	8.14	8.13	8.13	2733	yfinance_1m
2026-09-14T11:41:00-04:00	8.12	8.13	8.12	8.13	4494	yfinance_1m
2026-09-14T11:42:00-04:00	8.14	8.14	8.135	8.135	1219	yfinance_1m
2026-09-14T11:43:00-04:00	8.12	8.12	8.09	8.09	6152	yfinance_1m
2026-09-14T11:44:00-04:00	8.08	8.09	8.07	8.09	3480	yfinance_1m
2026-09-14T11:45:00-04:00	8.09	8.09	8.07	8.07	2405	yfinance_1m
2026-09-14T11:46:00-04:00	8.05	8.0523	8.04	8.04	2583	yfinance_1m
2026-09-14T11:47:00-04:00	8.05	8.07	8.05	8.05	5515	yfinance_1m
2026-09-14T11:48:00-04:00	8.06	8.07	8.0501	8.07	4275	yfinance_1m
2026-09-14T11:49:00-04:00	8.06	8.06	8.05	8.05	2312	yfinance_1m
2026-09-14T11:50:00-04:00	8.03	8.06	8.03	8.06	3372	yfinance_1m
2026-09-14T11:51:00-04:00	8.06	8.06	8.05	8.06	3634	yfinance_1m
2026-09-14T11:52:00-04:00	8.07	8.08	8.07	8.075	2123	yfinance_1m
2026-09-14T11:53:00-04:00	8.08	8.08	8.06	8.06	1032	yfinance_1m
2026-09-14T11:54:00-04:00	8.06	8.09	8.06	8.07	1896	yfinance_1m
2026-09-14T11:55:00-04:00	8.07	8.07	8.06	8.07	2936	yfinance_1m
2026-09-14T11:56:00-04:00	8.07	8.08	8.07	8.08	2889	yfinance_1m
2026-09-14T11:57:00-04:00	8.07	8.08	8.07	8.075	2563	yfinance_1m
2026-09-14T11:58:00-04:00	8.09	8.09	8.07	8.075	3432	yfinance_1m
2026-09-14T11:59:00-04:00	8.07	8.09	8.07	8.08	6309	yfinance_1m
2026-09-14T12:00:00-04:00	8.09	8.1	8.06	8.06	11732	yfinance_1m
2026-09-14T12:01:00-04:00	8.06	8.07	8.06	8.06	4619	yfinance_1m
2026-09-14T12:02:00-04:00	8.065	8.08	8.06	8.08	3149	yfinance_1m
2026-09-14T12:03:00-04:00	8.08	8.08	8.08	8.08	3448	yfinance_1m
2026-09-14T12:04:00-04:00	8.065	8.065	8.065	8.065	615	yfinance_1m
2026-09-14T12:05:00-04:00	8.05	8.052	8.01	8.02	8306	yfinance_1m
2026-09-14T12:06:00-04:00	8.01	8.02	8.0	8.0	2509	yfinance_1m
2026-09-14T12:07:00-04:00	8.0	8.01	7.9931	8.01	7264	yfinance_1m
2026-09-14T12:09:00-04:00	8.01	8.02	8.0	8.0	1674	yfinance_1m
2026-09-14T12:10:00-04:00	8.01	8.0177	8.0	8.0	4046	yfinance_1m
2026-09-14T12:11:00-04:00	8.01	8.01	8.0	8.01	4175	yfinance_1m
2026-09-14T12:12:00-04:00	8.01	8.01	8.0	8.005	1746	yfinance_1m
2026-09-14T12:13:00-04:00	8.01	8.03	8.005	8.03	5275	yfinance_1m
2026-09-14T12:14:00-04:00	8.03	8.04	8.03	8.03	2441	yfinance_1m
2026-09-14T12:15:00-04:00	8.04	8.0631	8.04	8.06	2738	yfinance_1m
2026-09-14T12:16:00-04:00	8.06	8.08	8.06	8.07	7646	yfinance_1m
2026-09-14T12:17:00-04:00	8.06	8.06	8.06	8.06	2341	yfinance_1m
2026-09-14T12:18:00-04:00	8.05	8.05	8.05	8.05	405	yfinance_1m
2026-09-14T12:19:00-04:00	8.0558	8.06	8.05	8.06	4015	yfinance_1m
2026-09-14T12:20:00-04:00	8.05	8.055	8.05	8.05	1096	yfinance_1m
2026-09-14T12:21:00-04:00	8.055	8.055	8.05	8.055	1613	yfinance_1m
2026-09-14T12:22:00-04:00	8.06	8.065	8.055	8.06	5869	yfinance_1m
2026-09-14T12:23:00-04:00	8.07	8.07	8.065	8.065	1836	yfinance_1m
2026-09-14T12:24:00-04:00	8.06	8.06	8.06	8.06	1297	yfinance_1m
2026-09-14T12:25:00-04:00	8.05	8.05	8.03	8.03	5398	yfinance_1m
2026-09-14T12:26:00-04:00	8.03	8.0376	8.02	8.02	4662	yfinance_1m
2026-09-14T12:27:00-04:00	8.02	8.03	8.01	8.01	2907	yfinance_1m
2026-09-14T12:28:00-04:00	8.01	8.01	8.0	8.01	949	yfinance_1m
2026-09-14T12:29:00-04:00	8.01	8.01	8.0	8.0	3769	yfinance_1m
2026-09-14T12:30:00-04:00	8.0	8.0	7.97	7.975	4135	yfinance_1m
2026-09-14T12:31:00-04:00	7.98	7.995	7.98	7.99	3688	yfinance_1m
2026-09-14T12:32:00-04:00	7.99	7.99	7.99	7.99	1501	yfinance_1m
2026-09-14T12:33:00-04:00	7.99	7.99	7.97	7.97	1402	yfinance_1m
2026-09-14T12:34:00-04:00	7.97	7.97	7.96	7.965	2079	yfinance_1m
2026-09-14T12:35:00-04:00	7.95	7.95	7.95	7.95	986	yfinance_1m
2026-09-14T12:36:00-04:00	7.96	7.975	7.96	7.97	6593	yfinance_1m
2026-09-14T12:37:00-04:00	7.965	7.965	7.965	7.965	973	yfinance_1m
2026-09-14T12:38:00-04:00	7.96	7.96	7.96	7.96	1523	yfinance_1m
2026-09-14T12:39:00-04:00	7.96	7.97	7.95	7.97	5873	yfinance_1m
2026-09-14T12:40:00-04:00	7.9609	7.9609	7.9609	7.9609	873	yfinance_1m
2026-09-14T12:41:00-04:00	7.96	7.96	7.95	7.95	2478	yfinance_1m
2026-09-14T12:42:00-04:00	7.94	7.95	7.94	7.94	1139	yfinance_1m
2026-09-14T12:43:00-04:00	7.95	7.95	7.94	7.94	1985	yfinance_1m
2026-09-14T12:44:00-04:00	7.9433	7.9433	7.94	7.94	2296	yfinance_1m
2026-09-14T12:45:00-04:00	7.93	7.94	7.93	7.93	1359	yfinance_1m
2026-09-14T12:46:00-04:00	7.9306	7.9306	7.925	7.93	1793	yfinance_1m
2026-09-14T12:47:00-04:00	7.93	7.97	7.93	7.97	7210	yfinance_1m
2026-09-14T12:48:00-04:00	7.975	8.025	7.975	8.025	3198	yfinance_1m
2026-09-14T12:49:00-04:00	8.025	8.03	8.02	8.02	2029	yfinance_1m
2026-09-14T12:50:00-04:00	8.02	8.02	8.01	8.01	2263	yfinance_1m
2026-09-14T12:51:00-04:00	8.0	8.03	8.0	8.01	3878	yfinance_1m
2026-09-14T12:52:00-04:00	8.01	8.01	8.01	8.01	2327	yfinance_1m
2026-09-14T12:53:00-04:00	8.0	8.0	8.0	8.0	1235	yfinance_1m
2026-09-14T12:54:00-04:00	8.0	8.0	8.0	8.0	1103	yfinance_1m
2026-09-14T12:55:00-04:00	8.0	8.0	8.0	8.0	2622	yfinance_1m
2026-09-14T12:56:00-04:00	7.99	7.99	7.98	7.98	622	yfinance_1m
2026-09-14T12:57:00-04:00	7.99	8.0	7.97	7.97	3215	yfinance_1m
2026-09-14T12:58:00-04:00	7.97	7.98	7.96	7.96	3910	yfinance_1m
2026-09-14T12:59:00-04:00	7.96	7.97	7.95	7.95	3131	yfinance_1m
2026-09-14T13:00:00-04:00	7.95	7.95	7.93	7.93	2511	yfinance_1m
2026-09-14T13:01:00-04:00	7.94	7.94	7.92	7.92	3310	yfinance_1m
2026-09-14T13:02:00-04:00	7.92	7.92	7.92	7.92	1230	yfinance_1m
2026-09-14T13:03:00-04:00	7.92	7.92	7.9	7.9	2670	yfinance_1m
2026-09-14T13:04:00-04:00	7.91	7.93	7.91	7.925	5377	yfinance_1m
2026-09-14T13:05:00-04:00	7.92	7.92	7.9	7.9	2949	yfinance_1m
2026-09-14T13:06:00-04:00	7.89	7.905	7.89	7.895	6840	yfinance_1m
2026-09-14T13:07:00-04:00	7.89	7.9	7.89	7.895	4732	yfinance_1m
2026-09-14T13:08:00-04:00	7.895	7.895	7.86	7.895	21734	yfinance_1m
2026-09-14T13:09:00-04:00	7.9	7.905	7.9	7.9	5563	yfinance_1m
2026-09-14T13:10:00-04:00	7.891	7.8957	7.89	7.89	2095	yfinance_1m
2026-09-14T13:11:00-04:00	7.9	7.9	7.88	7.8999	4230	yfinance_1m
2026-09-14T13:12:00-04:00	7.89	7.89	7.8801	7.89	3255	yfinance_1m
2026-09-14T13:13:00-04:00	7.88	7.88	7.86	7.86	3765	yfinance_1m
2026-09-14T13:14:00-04:00	7.86	7.86	7.85	7.86	2824	yfinance_1m
2026-09-14T13:15:00-04:00	7.86	7.86	7.86	7.86	1287	yfinance_1m
2026-09-14T13:16:00-04:00	7.87	7.875	7.86	7.86	4055	yfinance_1m
2026-09-14T13:17:00-04:00	7.87	7.875	7.87	7.87	2089	yfinance_1m
2026-09-14T13:18:00-04:00	7.875	7.875	7.85	7.85	7114	yfinance_1m
2026-09-14T13:19:00-04:00	7.85	7.865	7.85	7.86	2938	yfinance_1m
2026-09-14T13:20:00-04:00	7.86	7.868	7.855	7.855	5397	yfinance_1m
2026-09-14T13:21:00-04:00	7.85	7.85	7.85	7.85	2080	yfinance_1m
2026-09-14T13:22:00-04:00	7.85	7.86	7.85	7.85	1874	yfinance_1m
2026-09-14T13:23:00-04:00	7.85	7.85	7.85	7.85	1032	yfinance_1m
2026-09-14T13:24:00-04:00	7.86	7.87	7.86	7.865	4857	yfinance_1m
2026-09-14T13:25:00-04:00	7.86	7.865	7.86	7.865	1766	yfinance_1m
2026-09-14T13:26:00-04:00	7.8603	7.8603	7.85	7.855	4471	yfinance_1m
2026-09-14T13:27:00-04:00	7.85	7.875	7.85	7.875	4001	yfinance_1m
2026-09-14T13:28:00-04:00	7.8799	7.88	7.8709	7.8709	4063	yfinance_1m
2026-09-14T13:29:00-04:00	7.875	7.89	7.87	7.89	3627	yfinance_1m
2026-09-14T13:30:00-04:00	7.88	7.88	7.875	7.88	3527	yfinance_1m
2026-09-14T13:31:00-04:00	7.89	7.89	7.88	7.88	4349	yfinance_1m
2026-09-14T13:32:00-04:00	7.88	7.88	7.87	7.87	315	yfinance_1m
2026-09-14T13:33:00-04:00	7.88	7.88	7.87	7.87	2169	yfinance_1m
2026-09-14T13:34:00-04:00	7.87	7.8795	7.86	7.87	5433	yfinance_1m
2026-09-14T13:35:00-04:00	7.875	7.875	7.86	7.865	4213	yfinance_1m
2026-09-14T13:36:00-04:00	7.86	7.86	7.86	7.86	2096	yfinance_1m
2026-09-14T13:37:00-04:00	7.86	7.86	7.85	7.85	3285	yfinance_1m
2026-09-14T13:38:00-04:00	7.85	7.85	7.835	7.835	6511	yfinance_1m
2026-09-14T13:39:00-04:00	7.84	7.855	7.84	7.855	5421	yfinance_1m
2026-09-14T13:41:00-04:00	7.85	7.855	7.84	7.855	4581	yfinance_1m
2026-09-14T13:42:00-04:00	7.86	7.86	7.85	7.855	4300	yfinance_1m
2026-09-14T13:43:00-04:00	7.855	7.855	7.85	7.855	1321	yfinance_1m
2026-09-14T13:44:00-04:00	7.855	7.865	7.855	7.865	2269	yfinance_1m
2026-09-14T13:45:00-04:00	7.865	7.865	7.865	7.865	2437	yfinance_1m
2026-09-14T13:46:00-04:00	7.86	7.86	7.85	7.85	3989	yfinance_1m
2026-09-14T13:47:00-04:00	7.85	7.86	7.85	7.855	1162	yfinance_1m
2026-09-14T13:48:00-04:00	7.86	7.865	7.8599	7.86	6861	yfinance_1m
2026-09-14T13:49:00-04:00	7.855	7.865	7.855	7.865	3311	yfinance_1m
2026-09-14T13:50:00-04:00	7.865	7.87	7.865	7.87	3868	yfinance_1m
2026-09-14T13:51:00-04:00	7.875	7.88	7.875	7.88	1392	yfinance_1m
2026-09-14T13:52:00-04:00	7.8797	7.885	7.8797	7.885	3930	yfinance_1m
2026-09-14T13:53:00-04:00	7.885	7.885	7.875	7.88	3748	yfinance_1m
2026-09-14T13:54:00-04:00	7.88	7.885	7.88	7.885	2393	yfinance_1m
2026-09-14T13:55:00-04:00	7.885	7.895	7.885	7.895	7072	yfinance_1m
2026-09-14T13:57:00-04:00	7.89	7.89	7.89	7.89	355	yfinance_1m
2026-09-14T13:58:00-04:00	7.895	7.905	7.881	7.895	10202	yfinance_1m
2026-09-14T13:59:00-04:00	7.895	7.91	7.89	7.905	5765	yfinance_1m
2026-09-14T14:00:00-04:00	7.905	7.905	7.89	7.89	3161	yfinance_1m
2026-09-14T14:01:00-04:00	7.9	7.9	7.89	7.89	4467	yfinance_1m
2026-09-14T14:02:00-04:00	7.89	7.89	7.89	7.89	1479	yfinance_1m
2026-09-14T14:03:00-04:00	7.891	7.891	7.88	7.88	3549	yfinance_1m
2026-09-14T14:04:00-04:00	7.885	7.8892	7.88	7.8892	1799	yfinance_1m
2026-09-14T14:05:00-04:00	7.88	7.885	7.86	7.86	10266	yfinance_1m
2026-09-14T14:06:00-04:00	7.86	7.87	7.86	7.865	5672	yfinance_1m
2026-09-14T14:07:00-04:00	7.865	7.865	7.865	7.865	1503	yfinance_1m
2026-09-14T14:08:00-04:00	7.865	7.865	7.85	7.85	4326	yfinance_1m
2026-09-14T14:09:00-04:00	7.85	7.865	7.85	7.865	4452	yfinance_1m
2026-09-14T14:10:00-04:00	7.86	7.865	7.86	7.865	753	yfinance_1m
2026-09-14T14:11:00-04:00	7.87	7.875	7.87	7.875	6937	yfinance_1m
2026-09-14T14:12:00-04:00	7.87	7.875	7.87	7.875	1979	yfinance_1m
2026-09-14T14:13:00-04:00	7.875	7.9	7.875	7.9	9308	yfinance_1m
2026-09-14T14:14:00-04:00	7.905	7.905	7.905	7.905	240	yfinance_1m
2026-09-14T14:15:00-04:00	7.9099	7.9099	7.9	7.905	3064	yfinance_1m
2026-09-14T14:16:00-04:00	7.905	7.91	7.901	7.905	4271	yfinance_1m
2026-09-14T14:17:00-04:00	7.905	7.915	7.905	7.915	6836	yfinance_1m
2026-09-14T14:18:00-04:00	7.915	7.915	7.88	7.88	14969	yfinance_1m
2026-09-14T14:19:00-04:00	7.881	7.89	7.881	7.89	5393	yfinance_1m
2026-09-14T14:20:00-04:00	7.8901	7.8901	7.885	7.885	1996	yfinance_1m
2026-09-14T14:21:00-04:00	7.885	7.885	7.88	7.88	2267	yfinance_1m
2026-09-14T14:22:00-04:00	7.88	7.885	7.88	7.885	1963	yfinance_1m
2026-09-14T14:23:00-04:00	7.885	7.885	7.88	7.88	1462	yfinance_1m
2026-09-14T14:24:00-04:00	7.88	7.885	7.875	7.875	2765	yfinance_1m
2026-09-14T14:25:00-04:00	7.875	7.875	7.87	7.87	2673	yfinance_1m
2026-09-14T14:26:00-04:00	7.87	7.87	7.86	7.86	3259	yfinance_1m
2026-09-14T14:27:00-04:00	7.861	7.865	7.86	7.86	2760	yfinance_1m
2026-09-14T14:28:00-04:00	7.86	7.86	7.84	7.845	13615	yfinance_1m
2026-09-14T14:29:00-04:00	7.84	7.845	7.83	7.835	6059	yfinance_1m
2026-09-14T14:30:00-04:00	7.83	7.835	7.825	7.825	4629	yfinance_1m
2026-09-14T14:31:00-04:00	7.825	7.825	7.82	7.825	1938	yfinance_1m
2026-09-14T14:32:00-04:00	7.83	7.8376	7.83	7.8376	4220	yfinance_1m
2026-09-14T14:33:00-04:00	7.835	7.835	7.83	7.835	2736	yfinance_1m
2026-09-14T14:34:00-04:00	7.835	7.835	7.835	7.835	1632	yfinance_1m
2026-09-14T14:35:00-04:00	7.83	7.835	7.83	7.835	863	yfinance_1m
2026-09-14T14:36:00-04:00	7.835	7.835	7.83	7.83	2498	yfinance_1m
2026-09-14T14:37:00-04:00	7.83	7.835	7.825	7.825	8146	yfinance_1m
2026-09-14T14:38:00-04:00	7.825	7.825	7.82	7.825	2739	yfinance_1m
2026-09-14T14:39:00-04:00	7.82	7.83	7.82	7.825	5485	yfinance_1m
2026-09-14T14:40:00-04:00	7.82	7.8294	7.82	7.82	2528	yfinance_1m
2026-09-14T14:41:00-04:00	7.825	7.825	7.82	7.82	2438	yfinance_1m
2026-09-14T14:42:00-04:00	7.82	7.825	7.815	7.825	5337	yfinance_1m
2026-09-14T14:43:00-04:00	7.825	7.83	7.825	7.825	3381	yfinance_1m
2026-09-14T14:44:00-04:00	7.825	7.825	7.825	7.825	1662	yfinance_1m
2026-09-14T14:45:00-04:00	7.82	7.825	7.82	7.82	2042	yfinance_1m
2026-09-14T14:46:00-04:00	7.82	7.82	7.81	7.81	10276	yfinance_1m
2026-09-14T14:47:00-04:00	7.81	7.82	7.81	7.815	1761	yfinance_1m
2026-09-14T14:48:00-04:00	7.815	7.82	7.81	7.82	2398	yfinance_1m
2026-09-14T14:49:00-04:00	7.81	7.815	7.81	7.815	2157	yfinance_1m
2026-09-14T14:50:00-04:00	7.815	7.815	7.8	7.805	8107	yfinance_1m
2026-09-14T14:51:00-04:00	7.8	7.815	7.8	7.81	5618	yfinance_1m
2026-09-14T14:52:00-04:00	7.815	7.8276	7.815	7.8276	5685	yfinance_1m
2026-09-14T14:53:00-04:00	7.83	7.835	7.83	7.8301	3268	yfinance_1m
2026-09-14T14:54:00-04:00	7.8399	7.84	7.835	7.835	3190	yfinance_1m
2026-09-14T14:55:00-04:00	7.835	7.835	7.8301	7.835	1089	yfinance_1m
2026-09-14T14:56:00-04:00	7.835	7.835	7.8315	7.835	2235	yfinance_1m
2026-09-14T14:57:00-04:00	7.84	7.85	7.84	7.845	10201	yfinance_1m
2026-09-14T14:58:00-04:00	7.845	7.855	7.8401	7.855	4502	yfinance_1m
2026-09-14T14:59:00-04:00	7.855	7.855	7.8403	7.845	9046	yfinance_1m
2026-09-14T15:00:00-04:00	7.84	7.855	7.831	7.85	12149	yfinance_1m
2026-09-14T15:01:00-04:00	7.85	7.85	7.84	7.843	2640	yfinance_1m
2026-09-14T15:02:00-04:00	7.85	7.86	7.841	7.85	3411	yfinance_1m
2026-09-14T15:03:00-04:00	7.8579	7.8579	7.84	7.855	7745	yfinance_1m
2026-09-14T15:04:00-04:00	7.855	7.855	7.855	7.855	1123	yfinance_1m
2026-09-14T15:05:00-04:00	7.8514	7.855	7.84	7.84	3951	yfinance_1m
2026-09-14T15:06:00-04:00	7.841	7.85	7.84	7.84	2879	yfinance_1m
2026-09-14T15:07:00-04:00	7.85	7.85	7.845	7.845	4546	yfinance_1m
2026-09-14T15:08:00-04:00	7.845	7.845	7.83	7.83	12185	yfinance_1m
2026-09-14T15:09:00-04:00	7.825	7.825	7.825	7.825	1954	yfinance_1m
2026-09-14T15:10:00-04:00	7.825	7.825	7.82	7.825	1620	yfinance_1m
2026-09-14T15:11:00-04:00	7.83	7.83	7.82	7.8201	6791	yfinance_1m
2026-09-14T15:12:00-04:00	7.825	7.825	7.82	7.8215	3132	yfinance_1m
2026-09-14T15:13:00-04:00	7.825	7.835	7.825	7.835	6822	yfinance_1m
2026-09-14T15:14:00-04:00	7.835	7.8359	7.835	7.835	1951	yfinance_1m
2026-09-14T15:15:00-04:00	7.8344	7.835	7.825	7.825	7155	yfinance_1m
2026-09-14T15:16:00-04:00	7.825	7.825	7.825	7.825	2481	yfinance_1m
2026-09-14T15:17:00-04:00	7.825	7.825	7.825	7.825	1615	yfinance_1m
2026-09-14T15:18:00-04:00	7.83	7.835	7.825	7.8293	9992	yfinance_1m
2026-09-14T15:19:00-04:00	7.825	7.825	7.825	7.825	2986	yfinance_1m
2026-09-14T15:20:00-04:00	7.825	7.825	7.82	7.825	1366	yfinance_1m
2026-09-14T15:21:00-04:00	7.825	7.835	7.825	7.835	6453	yfinance_1m
2026-09-14T15:22:00-04:00	7.835	7.835	7.83	7.83	2509	yfinance_1m
2026-09-14T15:23:00-04:00	7.8382	7.84	7.835	7.835	2945	yfinance_1m
2026-09-14T15:24:00-04:00	7.835	7.84	7.835	7.835	1636	yfinance_1m
2026-09-14T15:25:00-04:00	7.835	7.84	7.835	7.835	3155	yfinance_1m
2026-09-14T15:26:00-04:00	7.84	7.86	7.835	7.86	16620	yfinance_1m
2026-09-14T15:27:00-04:00	7.86	7.875	7.86	7.875	5766	yfinance_1m
2026-09-14T15:28:00-04:00	7.87	7.87	7.85	7.855	16723	yfinance_1m
2026-09-14T15:29:00-04:00	7.86	7.865	7.855	7.855	9183	yfinance_1m
2026-09-14T15:30:00-04:00	7.855	7.89	7.855	7.89	13605	yfinance_1m
2026-09-14T15:31:00-04:00	7.9	7.91	7.9	7.9	4160	yfinance_1m
2026-09-14T15:32:00-04:00	7.906	7.906	7.8989	7.8989	3283	yfinance_1m
2026-09-14T15:33:00-04:00	7.9	7.91	7.89	7.895	8330	yfinance_1m
2026-09-14T15:34:00-04:00	7.895	7.9	7.83	7.83	28738	yfinance_1m
2026-09-14T15:35:00-04:00	7.83	7.8392	7.825	7.825	3539	yfinance_1m
2026-09-14T15:36:00-04:00	7.825	7.835	7.825	7.835	8578	yfinance_1m
2026-09-14T15:37:00-04:00	7.835	7.845	7.83	7.83	12371	yfinance_1m
2026-09-14T15:38:00-04:00	7.825	7.84	7.82	7.835	12996	yfinance_1m
2026-09-14T15:39:00-04:00	7.83	7.84	7.83	7.84	11013	yfinance_1m
2026-09-14T15:40:00-04:00	7.84	7.84	7.81	7.815	10868	yfinance_1m
2026-09-14T15:41:00-04:00	7.815	7.83	7.81	7.83	10241	yfinance_1m
2026-09-14T15:42:00-04:00	7.835	7.84	7.83	7.835	5245	yfinance_1m
2026-09-14T15:43:00-04:00	7.835	7.835	7.83	7.83	3348	yfinance_1m
2026-09-14T15:44:00-04:00	7.835	7.835	7.825	7.825	8695	yfinance_1m
2026-09-14T15:45:00-04:00	7.825	7.825	7.82	7.82	6599	yfinance_1m
2026-09-14T15:46:00-04:00	7.82	7.83	7.82	7.825	10147	yfinance_1m
2026-09-14T15:47:00-04:00	7.825	7.825	7.82	7.825	2671	yfinance_1m
2026-09-14T15:48:00-04:00	7.825	7.825	7.81	7.815	9834	yfinance_1m
2026-09-14T15:49:00-04:00	7.81	7.81	7.8	7.8	24883	yfinance_1m
2026-09-14T15:50:00-04:00	7.8	7.8	7.78	7.785	20416	yfinance_1m
2026-09-14T15:51:00-04:00	7.785	7.79	7.76	7.78	41435	yfinance_1m
2026-09-14T15:52:00-04:00	7.79	7.8	7.78	7.78	19770	yfinance_1m
2026-09-14T15:53:00-04:00	7.775	7.775	7.77	7.77	11405	yfinance_1m
2026-09-14T15:54:00-04:00	7.77	7.775	7.75	7.75	17764	yfinance_1m
2026-09-14T15:55:00-04:00	7.75	7.755	7.72	7.725	33748	yfinance_1m
2026-09-14T15:56:00-04:00	7.72	7.725	7.69	7.69	40832	yfinance_1m
2026-09-14T15:57:00-04:00	7.7	7.715	7.695	7.715	56889	yfinance_1m
2026-09-14T15:58:00-04:00	7.715	7.715	7.68	7.685	113390	yfinance_1m
2026-09-14T15:59:00-04:00	7.685	7.72	7.685	7.715	104731	yfinance_1m
2026-09-15T09:30:00-04:00	7.7	7.71	7.55	7.7	34366	yfinance_1m
2026-09-15T09:31:00-04:00	7.7	7.71	7.69	7.71	4402	yfinance_1m
2026-09-15T09:32:00-04:00	7.75	7.7785	7.715	7.745	3995	yfinance_1m
2026-09-15T09:33:00-04:00	7.7468	7.7468	7.61	7.62	5952	yfinance_1m
2026-09-15T09:34:00-04:00	7.66	7.66	7.57	7.57	2287	yfinance_1m
2026-09-15T09:35:00-04:00	7.63	7.665	7.57	7.66	4999	yfinance_1m
2026-09-15T09:36:00-04:00	7.66	7.665	7.66	7.665	2762	yfinance_1m
2026-09-15T09:37:00-04:00	7.6799	7.7	7.64	7.7	19712	yfinance_1m
2026-09-15T09:38:00-04:00	7.718	7.73	7.68	7.73	2895	yfinance_1m
2026-09-15T09:39:00-04:00	7.7256	7.76	7.725	7.75	2808	yfinance_1m
2026-09-15T09:40:00-04:00	7.75	7.84	7.75	7.825	10530	yfinance_1m
2026-09-15T09:41:00-04:00	7.86	7.9	7.86	7.865	5045	yfinance_1m
2026-09-15T09:42:00-04:00	7.89	7.9	7.86	7.895	2753	yfinance_1m
2026-09-15T09:43:00-04:00	7.89	7.92	7.87	7.92	2123	yfinance_1m
2026-09-15T09:44:00-04:00	7.91	7.915	7.895	7.91	1035	yfinance_1m
2026-09-15T09:45:00-04:00	7.89	7.89	7.79	7.8275	37237	yfinance_1m
2026-09-15T09:46:00-04:00	7.8	7.8	7.8	7.8	866	yfinance_1m
2026-09-15T09:47:00-04:00	7.781	7.79	7.765	7.765	2035	yfinance_1m
2026-09-15T09:48:00-04:00	7.77	7.78	7.77	7.78	1364	yfinance_1m
2026-09-15T09:49:00-04:00	7.74	7.74	7.74	7.74	610	yfinance_1m
2026-09-15T09:50:00-04:00	7.705	7.705	7.675	7.675	5335	yfinance_1m
2026-09-15T09:51:00-04:00	7.661	7.7199	7.661	7.6954	3066	yfinance_1m
2026-09-15T09:52:00-04:00	7.71	7.71	7.71	7.71	1868	yfinance_1m
2026-09-15T09:53:00-04:00	7.7	7.72	7.7	7.71	3136	yfinance_1m
2026-09-15T09:54:00-04:00	7.72	7.73	7.71	7.71	1883	yfinance_1m
2026-09-15T09:55:00-04:00	7.705	7.73	7.7	7.72	7545	yfinance_1m
2026-09-15T09:56:00-04:00	7.73	7.73	7.73	7.73	4296	yfinance_1m
2026-09-15T09:57:00-04:00	7.72	7.72	7.71	7.71	3048	yfinance_1m
2026-09-15T09:58:00-04:00	7.71	7.71	7.7	7.71	1631	yfinance_1m
2026-09-15T09:59:00-04:00	7.7	7.7	7.685	7.685	1647	yfinance_1m
2026-09-15T10:00:00-04:00	7.68	7.685	7.67	7.67	1752	yfinance_1m
2026-09-15T10:01:00-04:00	7.67	7.67	7.64	7.64	4959	yfinance_1m
2026-09-15T10:02:00-04:00	7.64	7.64	7.61	7.61	1477	yfinance_1m
2026-09-15T10:03:00-04:00	7.61	7.63	7.595	7.595	5388	yfinance_1m
2026-09-15T10:04:00-04:00	7.595	7.6	7.595	7.6	705	yfinance_1m
2026-09-15T10:05:00-04:00	7.595	7.6	7.5925	7.6	2034	yfinance_1m
2026-09-15T10:06:00-04:00	7.595	7.595	7.575	7.575	4298	yfinance_1m
2026-09-15T10:07:00-04:00	7.58	7.5926	7.58	7.59	3132	yfinance_1m
2026-09-15T10:08:00-04:00	7.58	7.59	7.576	7.58	4271	yfinance_1m
2026-09-15T10:09:00-04:00	7.59	7.625	7.59	7.625	8322	yfinance_1m
2026-09-15T10:10:00-04:00	7.625	7.625	7.6131	7.625	2547	yfinance_1m
2026-09-15T10:11:00-04:00	7.625	7.625	7.61	7.61	4225	yfinance_1m
2026-09-15T10:12:00-04:00	7.6	7.61	7.58	7.58	1783	yfinance_1m
2026-09-15T10:13:00-04:00	7.605	7.605	7.605	7.605	1965	yfinance_1m
2026-09-15T10:14:00-04:00	7.58	7.58	7.544	7.555	7998	yfinance_1m
2026-09-15T10:15:00-04:00	7.56	7.56	7.54	7.56	4467	yfinance_1m
2026-09-15T10:16:00-04:00	7.55	7.6	7.55	7.59	4414	yfinance_1m
2026-09-15T10:17:00-04:00	7.58	7.615	7.58	7.58	5652	yfinance_1m
2026-09-15T10:18:00-04:00	7.59	7.59	7.58	7.58	3325	yfinance_1m
2026-09-15T10:19:00-04:00	7.58	7.6	7.58	7.6	18611	yfinance_1m
2026-09-15T10:20:00-04:00	7.615	7.6175	7.6	7.6175	6286	yfinance_1m
2026-09-15T10:21:00-04:00	7.615	7.6268	7.6	7.6	1825	yfinance_1m
2026-09-15T10:22:00-04:00	7.6265	7.6265	7.6	7.61	3285	yfinance_1m
2026-09-15T10:23:00-04:00	7.59	7.5935	7.58	7.5935	4225	yfinance_1m
2026-09-15T10:24:00-04:00	7.59	7.59	7.58	7.58	5260	yfinance_1m
2026-09-15T10:25:00-04:00	7.57	7.58	7.55	7.55	1544	yfinance_1m
2026-09-15T10:26:00-04:00	7.555	7.57	7.55	7.57	1472	yfinance_1m
2026-09-15T10:27:00-04:00	7.565	7.595	7.565	7.595	8275	yfinance_1m
2026-09-15T10:28:00-04:00	7.58	7.6	7.5701	7.6	3372	yfinance_1m
2026-09-15T10:29:00-04:00	7.6	7.63	7.6	7.6	3564	yfinance_1m
2026-09-15T10:30:00-04:00	7.6	7.6	7.6	7.6	1782	yfinance_1m
2026-09-15T10:32:00-04:00	7.6	7.605	7.6	7.6	4097	yfinance_1m
2026-09-15T10:33:00-04:00	7.59	7.61	7.59	7.61	1996	yfinance_1m
2026-09-15T10:34:00-04:00	7.6004	7.62	7.6004	7.615	3331	yfinance_1m
2026-09-15T10:35:00-04:00	7.615	7.62	7.61	7.61	3812	yfinance_1m
2026-09-15T10:36:00-04:00	7.61	7.635	7.61	7.63	9264	yfinance_1m
2026-09-15T10:37:00-04:00	7.64	7.65	7.635	7.65	1196	yfinance_1m
2026-09-15T10:38:00-04:00	7.65	7.65	7.64	7.64	1867	yfinance_1m
2026-09-15T10:39:00-04:00	7.63	7.65	7.63	7.64	4548	yfinance_1m
2026-09-15T10:40:00-04:00	7.64	7.64	7.6237	7.6237	1567	yfinance_1m
2026-09-15T10:41:00-04:00	7.62	7.62	7.61	7.61	1591	yfinance_1m
2026-09-15T10:42:00-04:00	7.6	7.61	7.59	7.61	11139	yfinance_1m
2026-09-15T10:43:00-04:00	7.61	7.615	7.61	7.615	2341	yfinance_1m
2026-09-15T10:44:00-04:00	7.615	7.615	7.615	7.615	1774	yfinance_1m
2026-09-15T10:45:00-04:00	7.615	7.64	7.61	7.64	3179	yfinance_1m
2026-09-15T10:46:00-04:00	7.64	7.64	7.62	7.63	14440	yfinance_1m
2026-09-15T10:47:00-04:00	7.61	7.61	7.61	7.61	501	yfinance_1m
2026-09-15T10:48:00-04:00	7.6017	7.615	7.6	7.615	1946	yfinance_1m
2026-09-15T10:49:00-04:00	7.61	7.615	7.6	7.6045	3002	yfinance_1m
2026-09-15T10:50:00-04:00	7.6	7.6	7.6	7.6	1160	yfinance_1m
2026-09-15T10:51:00-04:00	7.6	7.6197	7.59	7.6197	3727	yfinance_1m
2026-09-15T10:52:00-04:00	7.5923	7.5923	7.58	7.59	3400	yfinance_1m
2026-09-15T10:53:00-04:00	7.58	7.5801	7.58	7.5801	3846	yfinance_1m
2026-09-15T10:54:00-04:00	7.595	7.595	7.58	7.585	7193	yfinance_1m
2026-09-15T10:55:00-04:00	7.6	7.61	7.56	7.58	7217	yfinance_1m
2026-09-15T10:56:00-04:00	7.565	7.59	7.56	7.59	4025	yfinance_1m
2026-09-15T10:57:00-04:00	7.6	7.61	7.59	7.59	4311	yfinance_1m
2026-09-15T10:58:00-04:00	7.6	7.6	7.59	7.59	1771	yfinance_1m
2026-09-15T10:59:00-04:00	7.59	7.59	7.58	7.58	1680	yfinance_1m
2026-09-15T11:00:00-04:00	7.6	7.6	7.59	7.59	2663	yfinance_1m
2026-09-15T11:01:00-04:00	7.6	7.6	7.58	7.5918	5096	yfinance_1m
2026-09-15T11:02:00-04:00	7.58	7.58	7.57	7.57	2048	yfinance_1m
2026-09-15T11:03:00-04:00	7.56	7.56	7.56	7.56	818	yfinance_1m
2026-09-15T11:04:00-04:00	7.57	7.575	7.57	7.575	1756	yfinance_1m
2026-09-15T11:05:00-04:00	7.575	7.6	7.575	7.585	27255	yfinance_1m
2026-09-15T11:06:00-04:00	7.57	7.57	7.55	7.56	4960	yfinance_1m
2026-09-15T11:07:00-04:00	7.56	7.6	7.55	7.6	5184	yfinance_1m
2026-09-15T11:08:00-04:00	7.59	7.59	7.59	7.59	1170	yfinance_1m
2026-09-15T11:09:00-04:00	7.6	7.6	7.57	7.58	4065	yfinance_1m
2026-09-15T11:10:00-04:00	7.57	7.57	7.57	7.57	281	yfinance_1m
2026-09-15T11:11:00-04:00	7.57	7.58	7.57	7.58	4664	yfinance_1m
2026-09-15T11:13:00-04:00	7.56	7.56	7.56	7.56	3452	yfinance_1m
2026-09-15T11:14:00-04:00	7.55	7.56	7.55	7.56	1592	yfinance_1m
2026-09-15T11:15:00-04:00	7.56	7.57	7.56	7.57	618	yfinance_1m
2026-09-15T11:16:00-04:00	7.56	7.57	7.55	7.555	7044	yfinance_1m
2026-09-15T11:17:00-04:00	7.55	7.56	7.55	7.55	2476	yfinance_1m
2026-09-15T11:18:00-04:00	7.55	7.56	7.55	7.56	3203	yfinance_1m
2026-09-15T11:19:00-04:00	7.55	7.55	7.54	7.54	2968	yfinance_1m
2026-09-15T11:21:00-04:00	7.545	7.5498	7.54	7.54	2635	yfinance_1m
2026-09-15T11:22:00-04:00	7.55	7.55	7.545	7.545	575	yfinance_1m
2026-09-15T11:23:00-04:00	7.545	7.56	7.545	7.555	9820	yfinance_1m
2026-09-15T11:24:00-04:00	7.555	7.565	7.505	7.53	39997	yfinance_1m
2026-09-15T11:25:00-04:00	7.52	7.52	7.52	7.52	1846	yfinance_1m
2026-09-15T11:26:00-04:00	7.52	7.52	7.51	7.5101	11005	yfinance_1m
2026-09-15T11:27:00-04:00	7.52	7.5274	7.51	7.51	4315	yfinance_1m
2026-09-15T11:28:00-04:00	7.51	7.5141	7.51	7.51	4423	yfinance_1m
2026-09-15T11:29:00-04:00	7.51	7.51	7.51	7.51	4039	yfinance_1m
2026-09-15T11:30:00-04:00	7.52	7.53	7.51	7.525	6269	yfinance_1m
2026-09-15T11:31:00-04:00	7.525	7.545	7.525	7.54	18520	yfinance_1m
2026-09-15T11:32:00-04:00	7.53	7.53	7.52	7.52	1855	yfinance_1m
2026-09-15T11:33:00-04:00	7.525	7.54	7.525	7.525	4594	yfinance_1m
2026-09-15T11:34:00-04:00	7.52	7.53	7.52	7.53	4582	yfinance_1m
2026-09-15T11:35:00-04:00	7.52	7.5598	7.52	7.53	15519	yfinance_1m
2026-09-15T11:36:00-04:00	7.52	7.57	7.51	7.56	7990	yfinance_1m
2026-09-15T11:37:00-04:00	7.56	7.56	7.56	7.56	1247	yfinance_1m
2026-09-15T11:38:00-04:00	7.555	7.56	7.55	7.56	2258	yfinance_1m
2026-09-15T11:39:00-04:00	7.56	7.56	7.54	7.54	2297	yfinance_1m
2026-09-15T11:40:00-04:00	7.545	7.55	7.545	7.55	1014	yfinance_1m
2026-09-15T11:41:00-04:00	7.545	7.545	7.545	7.545	2603	yfinance_1m
2026-09-15T11:42:00-04:00	7.5541	7.56	7.55	7.55	1019	yfinance_1m
2026-09-15T11:43:00-04:00	7.55	7.57	7.55	7.57	5616	yfinance_1m
2026-09-15T11:44:00-04:00	7.57	7.57	7.57	7.57	1715	yfinance_1m
2026-09-15T11:45:00-04:00	7.56	7.56	7.55	7.55	19082	yfinance_1m
2026-09-15T11:46:00-04:00	7.55	7.56	7.55	7.56	2585	yfinance_1m
2026-09-15T11:47:00-04:00	7.555	7.555	7.55	7.55	1116	yfinance_1m
2026-09-15T11:48:00-04:00	7.55	7.55	7.55	7.55	1659	yfinance_1m
2026-09-15T11:49:00-04:00	7.57	7.57	7.56	7.56	1748	yfinance_1m
2026-09-15T11:50:00-04:00	7.57	7.59	7.56	7.58	1797	yfinance_1m
2026-09-15T11:51:00-04:00	7.57	7.57	7.57	7.57	7083	yfinance_1m
2026-09-15T11:52:00-04:00	7.58	7.6	7.58	7.5902	3207	yfinance_1m
2026-09-15T11:53:00-04:00	7.6	7.6	7.6	7.6	1816	yfinance_1m
2026-09-15T11:54:00-04:00	7.6	7.61	7.6	7.61	628	yfinance_1m
2026-09-15T11:55:00-04:00	7.6	7.61	7.6	7.61	3161	yfinance_1m
2026-09-15T11:56:00-04:00	7.6	7.605	7.59	7.6	6222	yfinance_1m
2026-09-15T11:57:00-04:00	7.59	7.6	7.58	7.58	4018	yfinance_1m
2026-09-15T11:59:00-04:00	7.58	7.58	7.58	7.58	756	yfinance_1m
2026-09-15T12:00:00-04:00	7.58	7.585	7.57	7.57	3430	yfinance_1m
2026-09-15T12:01:00-04:00	7.58	7.58	7.57	7.57	2353	yfinance_1m
2026-09-15T12:02:00-04:00	7.57	7.58	7.57	7.57	3008	yfinance_1m
2026-09-15T12:03:00-04:00	7.58	7.58	7.57	7.58	1520	yfinance_1m
2026-09-15T12:04:00-04:00	7.58	7.588	7.57	7.58	6719	yfinance_1m
2026-09-15T12:05:00-04:00	7.58	7.59	7.58	7.59	3068	yfinance_1m
2026-09-15T12:07:00-04:00	7.6	7.61	7.6	7.61	2908	yfinance_1m
2026-09-15T12:08:00-04:00	7.62	7.625	7.62	7.625	1683	yfinance_1m
2026-09-15T12:09:00-04:00	7.625	7.625	7.625	7.625	2262	yfinance_1m
2026-09-15T12:10:00-04:00	7.63	7.63	7.63	7.63	1453	yfinance_1m
2026-09-15T12:11:00-04:00	7.62	7.625	7.62	7.625	963	yfinance_1m
2026-09-15T12:12:00-04:00	7.62	7.625	7.62	7.625	4277	yfinance_1m
2026-09-15T12:13:00-04:00	7.62	7.62	7.61	7.61	2656	yfinance_1m
2026-09-15T12:14:00-04:00	7.615	7.615	7.6	7.6	3578	yfinance_1m
2026-09-15T12:15:00-04:00	7.605	7.665	7.6	7.65	61708	yfinance_1m
2026-09-15T12:16:00-04:00	7.65	7.65	7.62	7.64	12204	yfinance_1m
2026-09-15T12:17:00-04:00	7.64	7.64	7.635	7.64	821	yfinance_1m
2026-09-15T12:18:00-04:00	7.6301	7.66	7.6301	7.66	9124	yfinance_1m
2026-09-15T12:19:00-04:00	7.66	7.67	7.65	7.67	7389	yfinance_1m
2026-09-15T12:20:00-04:00	7.67	7.675	7.67	7.675	714	yfinance_1m
2026-09-15T12:21:00-04:00	7.67	7.69	7.67	7.69	15524	yfinance_1m
2026-09-15T12:22:00-04:00	7.69	7.69	7.69	7.69	818	yfinance_1m
2026-09-15T12:23:00-04:00	7.69	7.72	7.69	7.7	15338	yfinance_1m
2026-09-15T12:24:00-04:00	7.69	7.695	7.69	7.695	9453	yfinance_1m
2026-09-15T12:25:00-04:00	7.69	7.69	7.68	7.68	4146	yfinance_1m
2026-09-15T12:26:00-04:00	7.67	7.7	7.67	7.7	3218	yfinance_1m
2026-09-15T12:27:00-04:00	7.69	7.7	7.69	7.7	3017	yfinance_1m
2026-09-15T12:28:00-04:00	7.69	7.71	7.69	7.705	11304	yfinance_1m
2026-09-15T12:29:00-04:00	7.705	7.705	7.705	7.705	247	yfinance_1m
2026-09-15T12:30:00-04:00	7.7	7.705	7.7	7.705	1533	yfinance_1m
2026-09-15T12:31:00-04:00	7.705	7.745	7.705	7.74	29354	yfinance_1m
2026-09-15T12:32:00-04:00	7.75	7.7583	7.74	7.755	2972	yfinance_1m
2026-09-15T12:33:00-04:00	7.755	7.755	7.755	7.755	1977	yfinance_1m
2026-09-15T12:34:00-04:00	7.77	7.77	7.74	7.74	6992	yfinance_1m
2026-09-15T12:35:00-04:00	7.74	7.74	7.74	7.74	956	yfinance_1m
2026-09-15T12:36:00-04:00	7.74	7.755	7.74	7.755	4373	yfinance_1m
2026-09-15T12:37:00-04:00	7.7699	7.7699	7.7699	7.7699	1858	yfinance_1m
2026-09-15T12:38:00-04:00	7.76	7.77	7.745	7.745	6384	yfinance_1m
2026-09-15T12:39:00-04:00	7.745	7.7492	7.7408	7.7408	1755	yfinance_1m
2026-09-15T12:40:00-04:00	7.745	7.75	7.745	7.745	8668	yfinance_1m
2026-09-15T12:41:00-04:00	7.745	7.7578	7.745	7.7578	5588	yfinance_1m
2026-09-15T12:42:00-04:00	7.75	7.76	7.75	7.76	708	yfinance_1m
2026-09-15T12:43:00-04:00	7.75	7.76	7.75	7.76	2815	yfinance_1m
2026-09-15T12:44:00-04:00	7.76	7.76	7.76	7.76	2276	yfinance_1m
2026-09-15T12:45:00-04:00	7.76	7.79	7.7503	7.78	19434	yfinance_1m
2026-09-15T12:46:00-04:00	7.79	7.79	7.785	7.785	3595	yfinance_1m
2026-09-15T12:47:00-04:00	7.7818	7.7835	7.775	7.78	5327	yfinance_1m
2026-09-15T12:48:00-04:00	7.78	7.78	7.78	7.78	2746	yfinance_1m
2026-09-15T12:49:00-04:00	7.79	7.81	7.79	7.81	3469	yfinance_1m
2026-09-15T12:50:00-04:00	7.8083	7.83	7.8083	7.83	2254	yfinance_1m
2026-09-15T12:51:00-04:00	7.83	7.855	7.83	7.85	7062	yfinance_1m
2026-09-15T12:52:00-04:00	7.84	7.885	7.84	7.87	63643	yfinance_1m
2026-09-15T12:53:00-04:00	7.86	7.88	7.86	7.8775	5282	yfinance_1m
2026-09-15T12:54:00-04:00	7.87	7.905	7.87	7.905	7841	yfinance_1m
2026-09-15T12:55:00-04:00	7.905	7.95	7.9	7.945	4701	yfinance_1m
2026-09-15T12:56:00-04:00	7.945	7.945	7.945	7.945	6378	yfinance_1m
2026-09-15T12:57:00-04:00	7.94	7.94	7.91	7.91	8448	yfinance_1m
2026-09-15T12:58:00-04:00	7.91	7.94	7.91	7.94	3175	yfinance_1m
2026-09-15T12:59:00-04:00	7.93	7.93	7.92	7.92	2772	yfinance_1m
2026-09-15T13:00:00-04:00	7.91	7.915	7.9005	7.915	2717	yfinance_1m
2026-09-15T13:01:00-04:00	7.91	7.91	7.89	7.91	5777	yfinance_1m
2026-09-15T13:02:00-04:00	7.905	7.925	7.905	7.925	4189	yfinance_1m
2026-09-15T13:03:00-04:00	7.93	7.93	7.93	7.93	1103	yfinance_1m
2026-09-15T13:04:00-04:00	7.92	7.92	7.91	7.91	3121	yfinance_1m
2026-09-15T13:05:00-04:00	7.9	7.9	7.87	7.87	4699	yfinance_1m
2026-09-15T13:06:00-04:00	7.88	7.88	7.88	7.88	602	yfinance_1m
2026-09-15T13:07:00-04:00	7.88	7.895	7.88	7.89	2698	yfinance_1m
2026-09-15T13:08:00-04:00	7.89	7.8952	7.8722	7.88	4158	yfinance_1m
2026-09-15T13:09:00-04:00	7.88	7.88	7.87	7.88	3981	yfinance_1m
2026-09-15T13:10:00-04:00	7.87	7.88	7.87	7.88	1695	yfinance_1m
2026-09-15T13:11:00-04:00	7.89	7.91	7.89	7.91	3790	yfinance_1m
2026-09-15T13:12:00-04:00	7.9	7.91	7.9	7.91	1428	yfinance_1m
2026-09-15T13:13:00-04:00	7.9	7.9	7.89	7.9	4243	yfinance_1m
2026-09-15T13:14:00-04:00	7.89	7.89	7.88	7.88	5083	yfinance_1m
2026-09-15T13:15:00-04:00	7.89	7.895	7.89	7.89	1735	yfinance_1m
2026-09-15T13:16:00-04:00	7.88	7.895	7.88	7.895	1467	yfinance_1m
2026-09-15T13:17:00-04:00	7.88	7.88	7.88	7.88	411	yfinance_1m
2026-09-15T13:18:00-04:00	7.895	7.895	7.88	7.89	2014	yfinance_1m
2026-09-15T13:19:00-04:00	7.88	7.88	7.88	7.88	3013	yfinance_1m
2026-09-15T13:20:00-04:00	7.88	7.885	7.87	7.87	3501	yfinance_1m
2026-09-15T13:21:00-04:00	7.87	7.87	7.87	7.87	1590	yfinance_1m
2026-09-15T13:22:00-04:00	7.86	7.86	7.85	7.86	3730	yfinance_1m
2026-09-15T13:23:00-04:00	7.86	7.86	7.86	7.86	7410	yfinance_1m
2026-09-15T13:24:00-04:00	7.86	7.86	7.845	7.845	3336	yfinance_1m
2026-09-15T13:25:00-04:00	7.845	7.8463	7.82	7.83	21962	yfinance_1m
2026-09-15T13:26:00-04:00	7.83	7.85	7.83	7.85	5718	yfinance_1m
2026-09-15T13:27:00-04:00	7.85	7.85	7.85	7.85	429	yfinance_1m
2026-09-15T13:28:00-04:00	7.85	7.86	7.85	7.86	4467	yfinance_1m
2026-09-15T13:29:00-04:00	7.84	7.86	7.84	7.85	2250	yfinance_1m
2026-09-15T13:30:00-04:00	7.85	7.86	7.84	7.85	2513	yfinance_1m
2026-09-15T13:31:00-04:00	7.845	7.85	7.845	7.85	853	yfinance_1m
2026-09-15T13:32:00-04:00	7.845	7.86	7.845	7.855	5581	yfinance_1m
2026-09-15T13:33:00-04:00	7.85	7.85	7.849	7.85	6420	yfinance_1m
2026-09-15T13:34:00-04:00	7.85	7.85	7.85	7.85	403	yfinance_1m
2026-09-15T13:35:00-04:00	7.85	7.85	7.85	7.85	4749	yfinance_1m
2026-09-15T13:36:00-04:00	7.85	7.85	7.85	7.85	618	yfinance_1m
2026-09-15T13:37:00-04:00	7.84	7.87	7.84	7.87	18351	yfinance_1m
2026-09-15T13:38:00-04:00	7.87	7.875	7.87	7.874	694	yfinance_1m
2026-09-15T13:39:00-04:00	7.88	7.88	7.865	7.865	6666	yfinance_1m
2026-09-15T13:40:00-04:00	7.865	7.89	7.865	7.89	1870	yfinance_1m
2026-09-15T13:41:00-04:00	7.88	7.88	7.88	7.88	2007	yfinance_1m
2026-09-15T13:42:00-04:00	7.88	7.88	7.855	7.855	4118	yfinance_1m
2026-09-15T13:43:00-04:00	7.855	7.86	7.85	7.86	2500	yfinance_1m
2026-09-15T13:44:00-04:00	7.86	7.86	7.845	7.85	2015	yfinance_1m
2026-09-15T13:45:00-04:00	7.85	7.85	7.85	7.85	318	yfinance_1m
2026-09-15T13:46:00-04:00	7.85	7.85	7.85	7.85	1163	yfinance_1m
2026-09-15T13:47:00-04:00	7.85	7.85	7.8421	7.8421	1157	yfinance_1m
2026-09-15T13:48:00-04:00	7.84	7.855	7.84	7.855	4383	yfinance_1m
2026-09-15T13:49:00-04:00	7.855	7.855	7.855	7.855	1587	yfinance_1m
2026-09-15T13:50:00-04:00	7.855	7.855	7.855	7.855	520	yfinance_1m
2026-09-15T13:51:00-04:00	7.855	7.855	7.855	7.855	689	yfinance_1m
2026-09-15T13:52:00-04:00	7.855	7.855	7.855	7.855	1359	yfinance_1m
2026-09-15T13:53:00-04:00	7.855	7.855	7.835	7.835	7157	yfinance_1m
2026-09-15T13:54:00-04:00	7.835	7.835	7.825	7.83	2544	yfinance_1m
2026-09-15T13:55:00-04:00	7.83	7.835	7.83	7.835	2300	yfinance_1m
2026-09-15T13:56:00-04:00	7.835	7.845	7.835	7.845	2210	yfinance_1m
2026-09-15T13:57:00-04:00	7.85	7.87	7.85	7.87	2847	yfinance_1m
2026-09-15T13:58:00-04:00	7.87	7.87	7.865	7.87	3037	yfinance_1m
2026-09-15T13:59:00-04:00	7.87	7.87	7.87	7.87	682	yfinance_1m
2026-09-15T14:00:00-04:00	7.87	7.875	7.86	7.87	7618	yfinance_1m
2026-09-15T14:01:00-04:00	7.87	7.88	7.87	7.88	1401	yfinance_1m
2026-09-15T14:02:00-04:00	7.875	7.875	7.875	7.875	282	yfinance_1m
2026-09-15T14:03:00-04:00	7.88	7.885	7.865	7.8674	6087	yfinance_1m
2026-09-15T14:04:00-04:00	7.86	7.86	7.84	7.845	4078	yfinance_1m
2026-09-15T14:05:00-04:00	7.85	7.88	7.85	7.88	4314	yfinance_1m
2026-09-15T14:06:00-04:00	7.88	7.88	7.88	7.88	1267	yfinance_1m
2026-09-15T14:07:00-04:00	7.88	7.88	7.88	7.88	1182	yfinance_1m
2026-09-15T14:08:00-04:00	7.89	7.89	7.88	7.88	2248	yfinance_1m
2026-09-15T14:09:00-04:00	7.88	7.9	7.88	7.9	3888	yfinance_1m
2026-09-15T14:10:00-04:00	7.9	7.925	7.9	7.925	2893	yfinance_1m
2026-09-15T14:11:00-04:00	7.925	7.93	7.919	7.93	1092	yfinance_1m
2026-09-15T14:12:00-04:00	7.93	7.94	7.93	7.94	2766	yfinance_1m
2026-09-15T14:13:00-04:00	7.93	7.95	7.93	7.944	2130	yfinance_1m
2026-09-15T14:14:00-04:00	7.94	7.95	7.935	7.95	5139	yfinance_1m
2026-09-15T14:15:00-04:00	7.945	7.95	7.935	7.935	3913	yfinance_1m
2026-09-15T14:16:00-04:00	7.935	7.94	7.93	7.94	3782	yfinance_1m
2026-09-15T14:17:00-04:00	7.94	7.94	7.93	7.935	4455	yfinance_1m
2026-09-15T14:18:00-04:00	7.935	7.94	7.935	7.935	1157	yfinance_1m
2026-09-15T14:19:00-04:00	7.935	7.945	7.93	7.945	6801	yfinance_1m
2026-09-15T14:20:00-04:00	7.945	7.945	7.9425	7.945	1791	yfinance_1m
2026-09-15T14:21:00-04:00	7.945	7.96	7.945	7.955	3313	yfinance_1m
2026-09-15T14:22:00-04:00	7.9599	7.985	7.9599	7.96	7940	yfinance_1m
2026-09-15T14:23:00-04:00	7.96	7.96	7.93	7.93	4679	yfinance_1m
2026-09-15T14:24:00-04:00	7.94	7.94	7.92	7.92	2725	yfinance_1m
2026-09-15T14:25:00-04:00	7.93	7.93	7.92	7.92	4659	yfinance_1m
2026-09-15T14:26:00-04:00	7.9267	7.93	7.9	7.905	16830	yfinance_1m
2026-09-15T14:27:00-04:00	7.9	7.91	7.9	7.91	5321	yfinance_1m
2026-09-15T14:28:00-04:00	7.915	7.915	7.9	7.91	15255	yfinance_1m
2026-09-15T14:29:00-04:00	7.91	7.92	7.91	7.92	1695	yfinance_1m
2026-09-15T14:30:00-04:00	7.91	7.92	7.91	7.92	1193	yfinance_1m
2026-09-15T14:31:00-04:00	7.91	7.91	7.904	7.905	2377	yfinance_1m
2026-09-15T14:32:00-04:00	7.905	7.91	7.895	7.895	9705	yfinance_1m
2026-09-15T14:33:00-04:00	7.8992	7.8992	7.89	7.8903	1938	yfinance_1m
2026-09-15T14:34:00-04:00	7.894	7.9	7.89	7.9	3052	yfinance_1m
2026-09-15T14:35:00-04:00	7.895	7.895	7.885	7.885	4466	yfinance_1m
2026-09-15T14:36:00-04:00	7.881	7.885	7.87	7.875	3787	yfinance_1m
2026-09-15T14:37:00-04:00	7.87	7.88	7.87	7.87	4464	yfinance_1m
2026-09-15T14:38:00-04:00	7.87	7.87	7.865	7.87	2769	yfinance_1m
2026-09-15T14:39:00-04:00	7.87	7.875	7.865	7.875	2099	yfinance_1m
2026-09-15T14:40:00-04:00	7.87	7.87	7.864	7.864	3894	yfinance_1m
2026-09-15T14:41:00-04:00	7.865	7.88	7.865	7.87	3235	yfinance_1m
2026-09-15T14:42:00-04:00	7.87	7.87	7.87	7.87	1790	yfinance_1m
2026-09-15T14:43:00-04:00	7.87	7.8799	7.87	7.87	1372	yfinance_1m
2026-09-15T14:44:00-04:00	7.87	7.87	7.86	7.865	1462	yfinance_1m
2026-09-15T14:45:00-04:00	7.8686	7.8686	7.795	7.8	13423	yfinance_1m
2026-09-15T14:46:00-04:00	7.8	7.8	7.7751	7.79	1948	yfinance_1m
2026-09-15T14:47:00-04:00	7.79	7.79	7.79	7.79	1009	yfinance_1m
2026-09-15T14:48:00-04:00	7.79	7.79	7.785	7.785	1226	yfinance_1m
2026-09-15T14:49:00-04:00	7.8	7.8	7.785	7.8	2205	yfinance_1m
2026-09-15T14:50:00-04:00	7.8	7.81	7.79	7.79	4460	yfinance_1m
2026-09-15T14:51:00-04:00	7.8	7.805	7.795	7.795	6187	yfinance_1m
2026-09-15T14:52:00-04:00	7.8	7.8	7.794	7.795	2082	yfinance_1m
2026-09-15T14:53:00-04:00	7.795	7.795	7.785	7.79	2850	yfinance_1m
2026-09-15T14:54:00-04:00	7.785	7.79	7.785	7.79	1731	yfinance_1m
2026-09-15T14:55:00-04:00	7.785	7.795	7.785	7.795	2429	yfinance_1m
2026-09-15T14:56:00-04:00	7.795	7.8	7.795	7.795	2342	yfinance_1m
2026-09-15T14:57:00-04:00	7.79	7.795	7.785	7.785	5575	yfinance_1m
2026-09-15T14:58:00-04:00	7.785	7.785	7.765	7.77	7609	yfinance_1m
2026-09-15T14:59:00-04:00	7.77	7.77	7.77	7.77	715	yfinance_1m
2026-09-15T15:00:00-04:00	7.77	7.79	7.77	7.785	3924	yfinance_1m
2026-09-15T15:01:00-04:00	7.785	7.795	7.785	7.795	4065	yfinance_1m
2026-09-15T15:02:00-04:00	7.795	7.8	7.785	7.785	7550	yfinance_1m
2026-09-15T15:03:00-04:00	7.785	7.785	7.785	7.785	2354	yfinance_1m
2026-09-15T15:04:00-04:00	7.784	7.785	7.78	7.785	1169	yfinance_1m
2026-09-15T15:05:00-04:00	7.785	7.785	7.76	7.76	6408	yfinance_1m
2026-09-15T15:06:00-04:00	7.76	7.775	7.76	7.775	4286	yfinance_1m
2026-09-15T15:07:00-04:00	7.7701	7.775	7.7701	7.775	4349	yfinance_1m
2026-09-15T15:08:00-04:00	7.775	7.775	7.76	7.765	6200	yfinance_1m
2026-09-15T15:09:00-04:00	7.76	7.76	7.755	7.755	4074	yfinance_1m
2026-09-15T15:10:00-04:00	7.755	7.755	7.755	7.755	1534	yfinance_1m
2026-09-15T15:11:00-04:00	7.755	7.755	7.75	7.7503	5272	yfinance_1m
2026-09-15T15:12:00-04:00	7.75	7.758	7.744	7.755	5705	yfinance_1m
2026-09-15T15:13:00-04:00	7.76	7.76	7.755	7.755	6866	yfinance_1m
2026-09-15T15:14:00-04:00	7.76	7.765	7.76	7.765	2794	yfinance_1m
2026-09-15T15:15:00-04:00	7.765	7.765	7.76	7.76	4761	yfinance_1m
2026-09-15T15:16:00-04:00	7.765	7.765	7.76	7.76	2318	yfinance_1m
2026-09-15T15:17:00-04:00	7.765	7.775	7.7649	7.77	4596	yfinance_1m
2026-09-15T15:18:00-04:00	7.775	7.775	7.77	7.775	8846	yfinance_1m
2026-09-15T15:19:00-04:00	7.775	7.785	7.775	7.785	3590	yfinance_1m
2026-09-15T15:20:00-04:00	7.785	7.79	7.7603	7.765	7646	yfinance_1m
2026-09-15T15:21:00-04:00	7.764	7.764	7.764	7.764	887	yfinance_1m
2026-09-15T15:22:00-04:00	7.7602	7.765	7.76	7.765	2272	yfinance_1m
2026-09-15T15:23:00-04:00	7.765	7.77	7.765	7.765	1864	yfinance_1m
2026-09-15T15:24:00-04:00	7.77	7.77	7.765	7.77	3224	yfinance_1m
2026-09-15T15:25:00-04:00	7.77	7.78	7.77	7.7792	3712	yfinance_1m
2026-09-15T15:26:00-04:00	7.78	7.78	7.775	7.775	3327	yfinance_1m
2026-09-15T15:27:00-04:00	7.77	7.775	7.7608	7.765	5284	yfinance_1m
2026-09-15T15:28:00-04:00	7.765	7.7686	7.76	7.765	8071	yfinance_1m
2026-09-15T15:29:00-04:00	7.765	7.77	7.765	7.765	3836	yfinance_1m
2026-09-15T15:30:00-04:00	7.77	7.81	7.77	7.78	18513	yfinance_1m
2026-09-15T15:31:00-04:00	7.77	7.795	7.77	7.79	7460	yfinance_1m
2026-09-15T15:32:00-04:00	7.79	7.79	7.77	7.78	4423	yfinance_1m
2026-09-15T15:33:00-04:00	7.78	7.78	7.77	7.775	6368	yfinance_1m
2026-09-15T15:34:00-04:00	7.77	7.77	7.75	7.754	9517	yfinance_1m
2026-09-15T15:35:00-04:00	7.75	7.755	7.73	7.749	11147	yfinance_1m
2026-09-15T15:36:00-04:00	7.745	7.745	7.74	7.745	3684	yfinance_1m
2026-09-15T15:37:00-04:00	7.74	7.74	7.695	7.7	21888	yfinance_1m
2026-09-15T15:38:00-04:00	7.695	7.74	7.695	7.74	14462	yfinance_1m
2026-09-15T15:39:00-04:00	7.74	7.76	7.74	7.76	6020	yfinance_1m
2026-09-15T15:40:00-04:00	7.76	7.77	7.75	7.76	14909	yfinance_1m
2026-09-15T15:41:00-04:00	7.76	7.78	7.76	7.77	8776	yfinance_1m
2026-09-15T15:42:00-04:00	7.765	7.79	7.765	7.78	5630	yfinance_1m
2026-09-15T15:43:00-04:00	7.78	7.78	7.77	7.77	11890	yfinance_1m
2026-09-15T15:44:00-04:00	7.775	7.78	7.77	7.78	3849	yfinance_1m
2026-09-15T15:45:00-04:00	7.775	7.78	7.77	7.775	4572	yfinance_1m
2026-09-15T15:46:00-04:00	7.78	7.79	7.775	7.775	12964	yfinance_1m
2026-09-15T15:47:00-04:00	7.78	7.78	7.775	7.775	2414	yfinance_1m
2026-09-15T15:48:00-04:00	7.775	7.785	7.765	7.765	27126	yfinance_1m
2026-09-15T15:49:00-04:00	7.765	7.765	7.75	7.76	16312	yfinance_1m
2026-09-15T15:50:00-04:00	7.77	7.79	7.77	7.7825	15706	yfinance_1m
2026-09-15T15:51:00-04:00	7.78	7.785	7.76	7.765	14842	yfinance_1m
2026-09-15T15:52:00-04:00	7.765	7.765	7.74	7.745	33313	yfinance_1m
2026-09-15T15:53:00-04:00	7.745	7.775	7.745	7.755	29488	yfinance_1m
2026-09-15T15:54:00-04:00	7.76	7.765	7.745	7.755	34361	yfinance_1m
2026-09-15T15:55:00-04:00	7.755	7.755	7.705	7.705	61119	yfinance_1m
2026-09-15T15:56:00-04:00	7.71	7.735	7.705	7.735	29223	yfinance_1m
2026-09-15T15:57:00-04:00	7.735	7.76	7.73	7.755	53738	yfinance_1m
2026-09-15T15:58:00-04:00	7.75	7.77	7.7303	7.77	68378	yfinance_1m
2026-09-15T15:59:00-04:00	7.765	7.79	7.75	7.785	111603	yfinance_1m
2026-09-16T09:30:00-04:00	7.86	8.0	7.86	8.0	17771	yfinance_1m
2026-09-16T09:31:00-04:00	7.97	7.98	7.97	7.98	4482	yfinance_1m
2026-09-16T09:32:00-04:00	7.9362	7.98	7.8	7.8	8383	yfinance_1m
2026-09-16T09:33:00-04:00	7.84	7.9	7.835	7.874	3879	yfinance_1m
2026-09-16T09:34:00-04:00	7.875	7.925	7.86	7.89	6275	yfinance_1m
2026-09-16T09:35:00-04:00	7.905	7.905	7.8631	7.9	4237	yfinance_1m
2026-09-16T09:36:00-04:00	7.9287	7.9287	7.88	7.889	8512	yfinance_1m
2026-09-16T09:37:00-04:00	7.895	7.895	7.84	7.845	5442	yfinance_1m
2026-09-16T09:38:00-04:00	7.835	7.87	7.835	7.87	4056	yfinance_1m
2026-09-16T09:39:00-04:00	7.85	7.85	7.81	7.82	3585	yfinance_1m
2026-09-16T09:40:00-04:00	7.815	7.815	7.797	7.81	3530	yfinance_1m
2026-09-16T09:41:00-04:00	7.81	7.84	7.81	7.84	2404	yfinance_1m
2026-09-16T09:42:00-04:00	7.835	7.84	7.81	7.81	2873	yfinance_1m
2026-09-16T09:43:00-04:00	7.805	7.805	7.805	7.805	1824	yfinance_1m
2026-09-16T09:44:00-04:00	7.83	7.86	7.83	7.86	4918	yfinance_1m
2026-09-16T09:45:00-04:00	7.86	7.89	7.86	7.89	2834	yfinance_1m
2026-09-16T09:46:00-04:00	7.88	7.885	7.83	7.87	3099	yfinance_1m
2026-09-16T09:47:00-04:00	7.86	7.895	7.86	7.88	5650	yfinance_1m
2026-09-16T09:48:00-04:00	7.87	7.87	7.87	7.87	559	yfinance_1m
2026-09-16T09:49:00-04:00	7.88	7.88	7.83	7.83	3081	yfinance_1m
2026-09-16T09:50:00-04:00	7.85	7.885	7.825	7.8385	6181	yfinance_1m
2026-09-16T09:51:00-04:00	7.8363	7.845	7.825	7.83	2746	yfinance_1m
2026-09-16T09:52:00-04:00	7.845	7.865	7.845	7.865	1757	yfinance_1m
2026-09-16T09:53:00-04:00	7.87	7.98	7.87	7.94	16342	yfinance_1m
2026-09-16T09:54:00-04:00	7.94	8.0094	7.94	8.0094	7914	yfinance_1m
2026-09-16T09:55:00-04:00	8.0	8.01	7.97	7.97	6515	yfinance_1m
2026-09-16T09:56:00-04:00	7.97	8.0	7.945	7.945	56917	yfinance_1m
2026-09-16T09:57:00-04:00	7.94	7.99	7.93	7.97	9486	yfinance_1m
2026-09-16T09:58:00-04:00	7.985	8.01	7.985	7.985	549	yfinance_1m
2026-09-16T09:59:00-04:00	7.985	8.0	7.97	7.98	10824	yfinance_1m
2026-09-16T10:00:00-04:00	7.975	7.975	7.942	7.942	2504	yfinance_1m
2026-09-16T10:01:00-04:00	7.94	7.975	7.9308	7.975	4309	yfinance_1m
2026-09-16T10:02:00-04:00	7.975	7.99	7.97	7.98	5130	yfinance_1m
2026-09-16T10:03:00-04:00	7.99	7.99	7.9807	7.985	2675	yfinance_1m
2026-09-16T10:04:00-04:00	7.98	8.06	7.955	7.96	13858	yfinance_1m
2026-09-16T10:05:00-04:00	7.96	7.975	7.9484	7.9675	6019	yfinance_1m
2026-09-16T10:06:00-04:00	7.98	8.02	7.98	8.009	20188	yfinance_1m
2026-09-16T10:07:00-04:00	8.0	8.01	7.98	7.98	11045	yfinance_1m
2026-09-16T10:08:00-04:00	7.9767	7.995	7.965	7.995	3489	yfinance_1m
2026-09-16T10:09:00-04:00	7.995	8.0	7.99	8.0	1137	yfinance_1m
2026-09-16T10:10:00-04:00	8.0	8.0	8.0	8.0	1203	yfinance_1m
2026-09-16T10:11:00-04:00	8.0	8.0	7.985	7.985	2622	yfinance_1m
2026-09-16T10:12:00-04:00	7.985	7.985	7.9803	7.985	774	yfinance_1m
2026-09-16T10:13:00-04:00	7.985	7.985	7.97	7.97	4788	yfinance_1m
2026-09-16T10:14:00-04:00	7.96	8.015	7.96	8.0	6107	yfinance_1m
2026-09-16T10:15:00-04:00	7.99	7.99	7.99	7.99	1492	yfinance_1m
2026-09-16T10:16:00-04:00	7.985	7.995	7.98	7.995	2689	yfinance_1m
2026-09-16T10:17:00-04:00	7.9992	8.005	7.9992	8.0	2278	yfinance_1m
2026-09-16T10:18:00-04:00	7.99	8.0	7.97	7.9873	49748	yfinance_1m
2026-09-16T10:19:00-04:00	8.0	8.04	8.0	8.01	4324	yfinance_1m
2026-09-16T10:20:00-04:00	8.01	8.01	7.98	7.98	5074	yfinance_1m
2026-09-16T10:21:00-04:00	7.97	7.9742	7.95	7.95	7944	yfinance_1m
2026-09-16T10:22:00-04:00	7.9481	7.95	7.9481	7.95	716	yfinance_1m
2026-09-16T10:23:00-04:00	7.94	7.95	7.94	7.95	2601	yfinance_1m
2026-09-16T10:24:00-04:00	7.95	7.95	7.9	7.94	9517	yfinance_1m
2026-09-16T10:25:00-04:00	7.94	7.94	7.94	7.94	1191	yfinance_1m
2026-09-16T10:26:00-04:00	7.935	7.96	7.915	7.96	7426	yfinance_1m
2026-09-16T10:27:00-04:00	7.951	7.96	7.95	7.95	1364	yfinance_1m
2026-09-16T10:28:00-04:00	7.96	7.96	7.955	7.96	2325	yfinance_1m
2026-09-16T10:29:00-04:00	7.96	8.0	7.96	7.994	6529	yfinance_1m
2026-09-16T10:30:00-04:00	8.0076	8.0076	7.99	8.0	3020	yfinance_1m
2026-09-16T10:31:00-04:00	8.0	8.0	7.999	7.999	870	yfinance_1m
2026-09-16T10:32:00-04:00	7.99	7.99	7.945	7.945	2879	yfinance_1m
2026-09-16T10:33:00-04:00	7.95	7.97	7.95	7.96	4241	yfinance_1m
2026-09-16T10:34:00-04:00	7.96	7.98	7.96	7.98	1914	yfinance_1m
2026-09-16T10:35:00-04:00	7.99	7.9999	7.99	7.9999	678	yfinance_1m
2026-09-16T10:36:00-04:00	7.99	8.0	7.98	7.99	3620	yfinance_1m
2026-09-16T10:37:00-04:00	7.99	8.03	7.99	8.025	3970	yfinance_1m
2026-09-16T10:38:00-04:00	8.03	8.03	8.02	8.02	1378	yfinance_1m
2026-09-16T10:39:00-04:00	8.01	8.015	8.01	8.015	2495	yfinance_1m
2026-09-16T10:40:00-04:00	8.01	8.01	8.01	8.01	474	yfinance_1m
2026-09-16T10:41:00-04:00	8.02	8.02	8.02	8.02	2003	yfinance_1m
2026-09-16T10:42:00-04:00	8.01	8.03	8.01	8.03	2402	yfinance_1m
2026-09-16T10:43:00-04:00	8.03	8.045	8.03	8.045	3616	yfinance_1m
2026-09-16T10:44:00-04:00	8.045	8.05	8.04	8.04	6474	yfinance_1m
2026-09-16T10:45:00-04:00	8.039	8.09	8.039	8.09	9255	yfinance_1m
2026-09-16T10:46:00-04:00	8.08	8.14	8.08	8.13	8704	yfinance_1m
2026-09-16T10:47:00-04:00	8.14	8.14	8.14	8.14	1086	yfinance_1m
2026-09-16T10:48:00-04:00	8.14	8.14	8.13	8.13	1150	yfinance_1m
2026-09-16T10:49:00-04:00	8.14	8.14	8.07	8.07	12390	yfinance_1m
2026-09-16T10:50:00-04:00	8.07	8.1	8.07	8.09	9339	yfinance_1m
2026-09-16T10:51:00-04:00	8.09	8.09	8.079	8.08	5482	yfinance_1m
2026-09-16T10:52:00-04:00	8.09	8.125	8.09	8.125	3952	yfinance_1m
2026-09-16T10:53:00-04:00	8.13	8.14	8.13	8.13	4072	yfinance_1m
2026-09-16T10:54:00-04:00	8.13	8.13	8.119	8.12	5451	yfinance_1m
2026-09-16T10:55:00-04:00	8.12	8.17	8.12	8.15	24965	yfinance_1m
2026-09-16T10:56:00-04:00	8.15	8.155	8.145	8.15	5184	yfinance_1m
2026-09-16T10:57:00-04:00	8.15	8.15	8.134	8.135	4894	yfinance_1m
2026-09-16T10:58:00-04:00	8.1323	8.1397	8.115	8.13	6627	yfinance_1m
2026-09-16T10:59:00-04:00	8.13	8.21	8.125	8.2	18518	yfinance_1m
2026-09-16T11:00:00-04:00	8.2	8.21	8.19	8.19	5907	yfinance_1m
2026-09-16T11:01:00-04:00	8.19	8.2	8.19	8.195	9373	yfinance_1m
2026-09-16T11:02:00-04:00	8.195	8.21	8.19	8.19	7296	yfinance_1m
2026-09-16T11:03:00-04:00	8.185	8.199	8.185	8.195	4328	yfinance_1m
2026-09-16T11:04:00-04:00	8.195	8.2316	8.195	8.215	11383	yfinance_1m
2026-09-16T11:05:00-04:00	8.22	8.22	8.18	8.21	15911	yfinance_1m
2026-09-16T11:06:00-04:00	8.22	8.23	8.2001	8.225	11266	yfinance_1m
2026-09-16T11:07:00-04:00	8.2201	8.27	8.2101	8.27	12093	yfinance_1m
2026-09-16T11:08:00-04:00	8.27	8.285	8.265	8.2747	7612	yfinance_1m
2026-09-16T11:09:00-04:00	8.28	8.31	8.28	8.29	18936	yfinance_1m
2026-09-16T11:10:00-04:00	8.3	8.31	8.285	8.285	18506	yfinance_1m
2026-09-16T11:11:00-04:00	8.285	8.285	8.2604	8.2604	3887	yfinance_1m
2026-09-16T11:12:00-04:00	8.27	8.29	8.25	8.29	8209	yfinance_1m
2026-09-16T11:13:00-04:00	8.29	8.3	8.285	8.285	6772	yfinance_1m
2026-09-16T11:14:00-04:00	8.289	8.3294	8.289	8.32	7080	yfinance_1m
2026-09-16T11:15:00-04:00	8.315	8.315	8.29	8.3	10217	yfinance_1m
2026-09-16T11:16:00-04:00	8.3	8.3	8.27	8.27	10692	yfinance_1m
2026-09-16T11:17:00-04:00	8.27	8.28	8.27	8.28	6581	yfinance_1m
2026-09-16T11:18:00-04:00	8.2801	8.285	8.27	8.275	9048	yfinance_1m
2026-09-16T11:19:00-04:00	8.27	8.29	8.26	8.29	22808	yfinance_1m
2026-09-16T11:20:00-04:00	8.29	8.29	8.27	8.27	7438	yfinance_1m
2026-09-16T11:21:00-04:00	8.26	8.2617	8.2528	8.26	3538	yfinance_1m
2026-09-16T11:22:00-04:00	8.2699	8.32	8.26	8.3	19318	yfinance_1m
2026-09-16T11:23:00-04:00	8.3	8.3	8.285	8.29	6432	yfinance_1m
2026-09-16T11:24:00-04:00	8.29	8.31	8.28	8.31	4344	yfinance_1m
2026-09-16T11:25:00-04:00	8.3	8.31	8.2901	8.3	7997	yfinance_1m
2026-09-16T11:26:00-04:00	8.3	8.3	8.285	8.285	7000	yfinance_1m
2026-09-16T11:27:00-04:00	8.265	8.27	8.23	8.23	4487	yfinance_1m
2026-09-16T11:28:00-04:00	8.235	8.24	8.22	8.22	1868	yfinance_1m
2026-09-16T11:29:00-04:00	8.22	8.22	8.205	8.21	6695	yfinance_1m
2026-09-16T11:30:00-04:00	8.2	8.2	8.18	8.18	2146	yfinance_1m
2026-09-16T11:31:00-04:00	8.18	8.18	8.16	8.16	4991	yfinance_1m
2026-09-16T11:32:00-04:00	8.1522	8.17	8.1522	8.16	2409	yfinance_1m
2026-09-16T11:33:00-04:00	8.16	8.17	8.16	8.17	2965	yfinance_1m
2026-09-16T11:34:00-04:00	8.15	8.155	8.14	8.15	7136	yfinance_1m
2026-09-16T11:35:00-04:00	8.145	8.177	8.14	8.175	17385	yfinance_1m
2026-09-16T11:36:00-04:00	8.17	8.205	8.16	8.205	7755	yfinance_1m
2026-09-16T11:37:00-04:00	8.21	8.21	8.19	8.19	2874	yfinance_1m
2026-09-16T11:38:00-04:00	8.1907	8.195	8.19	8.19	3569	yfinance_1m
2026-09-16T11:39:00-04:00	8.18	8.19	8.18	8.19	5084	yfinance_1m
2026-09-16T11:40:00-04:00	8.195	8.208	8.195	8.208	2537	yfinance_1m
2026-09-16T11:41:00-04:00	8.2	8.2	8.1906	8.2	3081	yfinance_1m
2026-09-16T11:42:00-04:00	8.195	8.2	8.19	8.19	4407	yfinance_1m
2026-09-16T11:43:00-04:00	8.19	8.2	8.19	8.2	3676	yfinance_1m
2026-09-16T11:44:00-04:00	8.2	8.218	8.2	8.218	2102	yfinance_1m
2026-09-16T11:45:00-04:00	8.21	8.21	8.2	8.2	4551	yfinance_1m
2026-09-16T11:46:00-04:00	8.2	8.21	8.19	8.205	4231	yfinance_1m
2026-09-16T11:47:00-04:00	8.2001	8.295	8.2001	8.29	13877	yfinance_1m
2026-09-16T11:48:00-04:00	8.2999	8.31	8.29	8.29	4656	yfinance_1m
2026-09-16T11:49:00-04:00	8.28	8.28	8.24	8.26	7596	yfinance_1m
2026-09-16T11:50:00-04:00	8.26	8.26	8.25	8.25	3541	yfinance_1m
2026-09-16T11:51:00-04:00	8.25	8.25	8.24	8.25	5451	yfinance_1m
2026-09-16T11:52:00-04:00	8.25	8.25	8.25	8.25	2500	yfinance_1m
2026-09-16T11:53:00-04:00	8.25	8.28	8.25	8.27	6268	yfinance_1m
2026-09-16T11:54:00-04:00	8.26	8.26	8.25	8.25	4140	yfinance_1m
2026-09-16T11:55:00-04:00	8.2598	8.26	8.24	8.259	3859	yfinance_1m
2026-09-16T11:56:00-04:00	8.265	8.265	8.255	8.26	3934	yfinance_1m
2026-09-16T11:57:00-04:00	8.26	8.266	8.25	8.26	1694	yfinance_1m
2026-09-16T11:58:00-04:00	8.26	8.275	8.25	8.25	5447	yfinance_1m
2026-09-16T11:59:00-04:00	8.25	8.26	8.25	8.26	3836	yfinance_1m
2026-09-16T12:00:00-04:00	8.26	8.26	8.2508	8.26	3845	yfinance_1m
2026-09-16T12:01:00-04:00	8.26	8.28	8.26	8.275	3558	yfinance_1m
2026-09-16T12:02:00-04:00	8.275	8.28	8.27	8.275	1101	yfinance_1m
2026-09-16T12:03:00-04:00	8.275	8.29	8.275	8.29	4292	yfinance_1m
2026-09-16T12:04:00-04:00	8.285	8.295	8.285	8.295	3006	yfinance_1m
2026-09-16T12:05:00-04:00	8.295	8.36	8.29	8.35	36737	yfinance_1m
2026-09-16T12:06:00-04:00	8.35	8.41	8.35	8.395	47596	yfinance_1m
2026-09-16T12:07:00-04:00	8.4	8.42	8.4	8.42	8595	yfinance_1m
2026-09-16T12:08:00-04:00	8.405	8.405	8.36	8.375	40462	yfinance_1m
2026-09-16T12:09:00-04:00	8.39	8.3999	8.385	8.39	3741	yfinance_1m
2026-09-16T12:10:00-04:00	8.39	8.39	8.34	8.34	6641	yfinance_1m
2026-09-16T12:11:00-04:00	8.34	8.355	8.34	8.345	2338	yfinance_1m
2026-09-16T12:12:00-04:00	8.3408	8.345	8.33	8.33	3357	yfinance_1m
2026-09-16T12:13:00-04:00	8.33	8.3376	8.3219	8.33	1692	yfinance_1m
2026-09-16T12:14:00-04:00	8.33	8.35	8.315	8.335	27198	yfinance_1m
2026-09-16T12:15:00-04:00	8.32	8.32	8.3	8.31	25043	yfinance_1m
2026-09-16T12:16:00-04:00	8.31	8.32	8.31	8.32	4352	yfinance_1m
2026-09-16T12:17:00-04:00	8.32	8.33	8.3024	8.3024	12731	yfinance_1m
2026-09-16T12:18:00-04:00	8.31	8.319	8.31	8.319	2315	yfinance_1m
2026-09-16T12:19:00-04:00	8.32	8.32	8.31	8.31	1508	yfinance_1m
2026-09-16T12:20:00-04:00	8.31	8.31	8.28	8.29	3257	yfinance_1m
2026-09-16T12:21:00-04:00	8.29	8.29	8.28	8.28	1930	yfinance_1m
2026-09-16T12:22:00-04:00	8.28	8.28	8.27	8.27	1677	yfinance_1m
2026-09-16T12:23:00-04:00	8.26	8.28	8.26	8.28	2541	yfinance_1m
2026-09-16T12:24:00-04:00	8.289	8.29	8.25	8.28	49359	yfinance_1m
2026-09-16T12:25:00-04:00	8.285	8.3	8.285	8.3	5897	yfinance_1m
2026-09-16T12:26:00-04:00	8.3	8.309	8.3	8.3002	2982	yfinance_1m
2026-09-16T12:27:00-04:00	8.305	8.31	8.3	8.31	3423	yfinance_1m
2026-09-16T12:28:00-04:00	8.31	8.31	8.3	8.3	2006	yfinance_1m
2026-09-16T12:29:00-04:00	8.3	8.3	8.29	8.3	3846	yfinance_1m
2026-09-16T12:30:00-04:00	8.3	8.31	8.3	8.31	1040	yfinance_1m
2026-09-16T12:31:00-04:00	8.3	8.31	8.285	8.285	4106	yfinance_1m
2026-09-16T12:32:00-04:00	8.28	8.28	8.26	8.275	1464	yfinance_1m
2026-09-16T12:33:00-04:00	8.275	8.28	8.275	8.28	671	yfinance_1m
2026-09-16T12:34:00-04:00	8.29	8.3	8.28	8.3	7745	yfinance_1m
2026-09-16T12:35:00-04:00	8.29	8.31	8.28	8.28	19452	yfinance_1m
2026-09-16T12:36:00-04:00	8.28	8.295	8.28	8.295	1783	yfinance_1m
2026-09-16T12:37:00-04:00	8.299	8.31	8.299	8.31	1894	yfinance_1m
2026-09-16T12:38:00-04:00	8.29	8.31	8.29	8.3	17451	yfinance_1m
2026-09-16T12:39:00-04:00	8.3	8.31	8.29	8.29	8907	yfinance_1m
2026-09-16T12:41:00-04:00	8.285	8.285	8.28	8.28	17647	yfinance_1m
2026-09-16T12:44:00-04:00	8.275	8.28	8.27	8.275	5144	yfinance_1m
2026-09-16T12:45:00-04:00	8.28	8.295	8.275	8.295	3657	yfinance_1m
2026-09-16T12:46:00-04:00	8.295	8.3	8.295	8.295	1313	yfinance_1m
2026-09-16T12:47:00-04:00	8.295	8.3	8.2908	8.3	1955	yfinance_1m
2026-09-16T12:48:00-04:00	8.299	8.305	8.299	8.305	2644	yfinance_1m
2026-09-16T12:49:00-04:00	8.305	8.31	8.305	8.305	913	yfinance_1m
2026-09-16T12:50:00-04:00	8.31	8.315	8.255	8.27	11505	yfinance_1m
2026-09-16T12:51:00-04:00	8.27	8.27	8.24	8.24	2468	yfinance_1m
2026-09-16T12:52:00-04:00	8.25	8.26	8.25	8.255	3346	yfinance_1m
2026-09-16T12:53:00-04:00	8.255	8.259	8.2508	8.2508	1532	yfinance_1m
2026-09-16T12:54:00-04:00	8.255	8.265	8.245	8.245	6631	yfinance_1m
2026-09-16T12:55:00-04:00	8.26	8.26	8.255	8.255	699	yfinance_1m
2026-09-16T12:56:00-04:00	8.2592	8.2592	8.255	8.255	1500	yfinance_1m
2026-09-16T12:57:00-04:00	8.255	8.26	8.24	8.26	5221	yfinance_1m
2026-09-16T12:58:00-04:00	8.255	8.255	8.255	8.255	432	yfinance_1m
2026-09-16T12:59:00-04:00	8.26	8.26	8.25	8.25	2951	yfinance_1m
2026-09-16T13:00:00-04:00	8.25	8.25	8.245	8.245	1755	yfinance_1m
2026-09-16T13:01:00-04:00	8.245	8.245	8.21	8.21	4476	yfinance_1m
2026-09-16T13:02:00-04:00	8.2177	8.22	8.21	8.21	1598	yfinance_1m
2026-09-16T13:04:00-04:00	8.22	8.22	8.21	8.215	4583	yfinance_1m
2026-09-16T13:05:00-04:00	8.21	8.21	8.21	8.21	1541	yfinance_1m
2026-09-16T13:06:00-04:00	8.21	8.22	8.21	8.21	5933	yfinance_1m
2026-09-16T13:07:00-04:00	8.21	8.215	8.21	8.215	1426	yfinance_1m
2026-09-16T13:08:00-04:00	8.2109	8.215	8.201	8.201	3669	yfinance_1m
2026-09-16T13:09:00-04:00	8.2	8.2	8.2	8.2	448	yfinance_1m
2026-09-16T13:10:00-04:00	8.2	8.24	8.2	8.235	10049	yfinance_1m
2026-09-16T13:11:00-04:00	8.235	8.2377	8.2307	8.2377	1263	yfinance_1m
2026-09-16T13:12:00-04:00	8.23	8.2352	8.22	8.23	4148	yfinance_1m
2026-09-16T13:13:00-04:00	8.23	8.24	8.23	8.24	1704	yfinance_1m
2026-09-16T13:14:00-04:00	8.23	8.24	8.2201	8.2201	2741	yfinance_1m
2026-09-16T13:15:00-04:00	8.225	8.23	8.225	8.23	1020	yfinance_1m
2026-09-16T13:16:00-04:00	8.225	8.225	8.225	8.225	3200	yfinance_1m
2026-09-16T13:17:00-04:00	8.225	8.225	8.211	8.22	1618	yfinance_1m
2026-09-16T13:18:00-04:00	8.215	8.2179	8.205	8.215	5920	yfinance_1m
2026-09-16T13:19:00-04:00	8.22	8.22	8.13	8.13	51580	yfinance_1m
2026-09-16T13:20:00-04:00	8.13	8.165	8.13	8.16	15952	yfinance_1m
2026-09-16T13:21:00-04:00	8.155	8.16	8.155	8.16	1278	yfinance_1m
2026-09-16T13:22:00-04:00	8.15	8.15	8.14	8.145	6267	yfinance_1m
2026-09-16T13:23:00-04:00	8.16	8.16	8.145	8.145	911	yfinance_1m
2026-09-16T13:24:00-04:00	8.16	8.16	8.145	8.145	1350	yfinance_1m
2026-09-16T13:25:00-04:00	8.16	8.17	8.15	8.15	10262	yfinance_1m
2026-09-16T13:26:00-04:00	8.14	8.14	8.13	8.14	6091	yfinance_1m
2026-09-16T13:27:00-04:00	8.14	8.14	8.132	8.14	682	yfinance_1m
2026-09-16T13:28:00-04:00	8.14	8.16	8.14	8.15	6246	yfinance_1m
2026-09-16T13:29:00-04:00	8.15	8.16	8.15	8.16	2851	yfinance_1m
2026-09-16T13:30:00-04:00	8.1515	8.1554	8.14	8.1554	4034	yfinance_1m
2026-09-16T13:31:00-04:00	8.1406	8.1426	8.1	8.11	4994	yfinance_1m
2026-09-16T13:32:00-04:00	8.12	8.12	8.12	8.12	1966	yfinance_1m
2026-09-16T13:33:00-04:00	8.12	8.12	8.091	8.091	5807	yfinance_1m
2026-09-16T13:34:00-04:00	8.1	8.1	8.099	8.1	3819	yfinance_1m
2026-09-16T13:35:00-04:00	8.1	8.1	8.1	8.1	742	yfinance_1m
2026-09-16T13:36:00-04:00	8.1	8.1	8.0923	8.0923	759	yfinance_1m
2026-09-16T13:37:00-04:00	8.09	8.1	8.08	8.0878	5182	yfinance_1m
2026-09-16T13:38:00-04:00	8.09	8.09	8.09	8.09	461	yfinance_1m
2026-09-16T13:39:00-04:00	8.09	8.11	8.09	8.11	1776	yfinance_1m
2026-09-16T13:40:00-04:00	8.11	8.13	8.11	8.12	3575	yfinance_1m
2026-09-16T13:41:00-04:00	8.13	8.13	8.12	8.13	1167	yfinance_1m
2026-09-16T13:42:00-04:00	8.12	8.13	8.12	8.12	3187	yfinance_1m
2026-09-16T13:43:00-04:00	8.115	8.115	8.11	8.1125	1345	yfinance_1m
2026-09-16T13:44:00-04:00	8.11	8.115	8.105	8.11	2691	yfinance_1m
2026-09-16T13:45:00-04:00	8.105	8.105	8.105	8.105	1477	yfinance_1m
2026-09-16T13:46:00-04:00	8.105	8.11	8.105	8.105	1584	yfinance_1m
2026-09-16T13:47:00-04:00	8.105	8.105	8.08	8.08	6079	yfinance_1m
2026-09-16T13:48:00-04:00	8.08	8.08	8.0729	8.0729	3062	yfinance_1m
2026-09-16T13:49:00-04:00	8.075	8.075	8.075	8.075	925	yfinance_1m
2026-09-16T13:50:00-04:00	8.08	8.08	8.075	8.08	1539	yfinance_1m
2026-09-16T13:51:00-04:00	8.08	8.08	8.075	8.08	2153	yfinance_1m
2026-09-16T13:52:00-04:00	8.075	8.08	8.075	8.08	2185	yfinance_1m
2026-09-16T13:53:00-04:00	8.08	8.095	8.075	8.095	3714	yfinance_1m
2026-09-16T13:54:00-04:00	8.095	8.1	8.095	8.099	1107	yfinance_1m
2026-09-16T13:55:00-04:00	8.0998	8.0999	8.085	8.095	7554	yfinance_1m
2026-09-16T13:56:00-04:00	8.1	8.11	8.1	8.11	2314	yfinance_1m
2026-09-16T13:57:00-04:00	8.11	8.12	8.11	8.12	1459	yfinance_1m
2026-09-16T13:58:00-04:00	8.119	8.15	8.1186	8.145	4558	yfinance_1m
2026-09-16T13:59:00-04:00	8.145	8.16	8.14	8.145	23289	yfinance_1m
2026-09-16T14:00:00-04:00	8.145	8.175	8.12	8.125	5200	yfinance_1m
2026-09-16T14:01:00-04:00	8.11	8.11	8.05	8.06	10528	yfinance_1m
2026-09-16T14:02:00-04:00	8.04	8.08	8.035	8.065	7515	yfinance_1m
2026-09-16T14:03:00-04:00	8.08	8.1	8.08	8.095	2580	yfinance_1m
2026-09-16T14:04:00-04:00	8.09	8.1	8.085	8.1	6229	yfinance_1m
2026-09-16T14:05:00-04:00	8.11	8.13	8.11	8.13	6156	yfinance_1m
2026-09-16T14:06:00-04:00	8.14	8.19	8.14	8.17	16435	yfinance_1m
2026-09-16T14:07:00-04:00	8.17	8.18	8.17	8.17	7532	yfinance_1m
2026-09-16T14:08:00-04:00	8.17	8.195	8.17	8.19	8170	yfinance_1m
2026-09-16T14:09:00-04:00	8.181	8.195	8.18	8.195	3356	yfinance_1m
2026-09-16T14:10:00-04:00	8.195	8.195	8.1703	8.175	4940	yfinance_1m
2026-09-16T14:11:00-04:00	8.175	8.175	8.14	8.14	4138	yfinance_1m
2026-09-16T14:12:00-04:00	8.13	8.13	8.12	8.12	2474	yfinance_1m
2026-09-16T14:13:00-04:00	8.11	8.11	8.1	8.11	4556	yfinance_1m
2026-09-16T14:14:00-04:00	8.11	8.115	8.11	8.115	2968	yfinance_1m
2026-09-16T14:15:00-04:00	8.115	8.115	8.07	8.08	4254	yfinance_1m
2026-09-16T14:16:00-04:00	8.08	8.085	8.07	8.07	7036	yfinance_1m
2026-09-16T14:17:00-04:00	8.07	8.075	8.045	8.05	1892	yfinance_1m
2026-09-16T14:18:00-04:00	8.06	8.14	8.06	8.1	19129	yfinance_1m
2026-09-16T14:19:00-04:00	8.11	8.13	8.11	8.13	3800	yfinance_1m
2026-09-16T14:20:00-04:00	8.125	8.125	8.11	8.12	2708	yfinance_1m
2026-09-16T14:21:00-04:00	8.13	8.13	8.1	8.105	3957	yfinance_1m
2026-09-16T14:22:00-04:00	8.12	8.14	8.12	8.14	2315	yfinance_1m
2026-09-16T14:23:00-04:00	8.145	8.185	8.145	8.185	29788	yfinance_1m
2026-09-16T14:24:00-04:00	8.19	8.2199	8.185	8.2	10521	yfinance_1m
2026-09-16T14:25:00-04:00	8.21	8.21	8.205	8.205	1866	yfinance_1m
2026-09-16T14:26:00-04:00	8.22	8.22	8.22	8.22	1502	yfinance_1m
2026-09-16T14:27:00-04:00	8.21	8.22	8.21	8.22	3232	yfinance_1m
2026-09-16T14:28:00-04:00	8.2296	8.23	8.21	8.22	5887	yfinance_1m
2026-09-16T14:29:00-04:00	8.2299	8.23	8.2	8.21	9973	yfinance_1m
2026-09-16T14:30:00-04:00	8.22	8.22	8.2	8.2	2383	yfinance_1m
2026-09-16T14:31:00-04:00	8.19	8.19	8.16	8.16	2359	yfinance_1m
2026-09-16T14:32:00-04:00	8.16	8.16	8.16	8.16	3083	yfinance_1m
2026-09-16T14:33:00-04:00	8.16	8.165	8.15	8.16	4409	yfinance_1m
2026-09-16T14:34:00-04:00	8.16	8.16	8.16	8.16	1781	yfinance_1m
2026-09-16T14:35:00-04:00	8.16	8.16	8.13	8.15	6399	yfinance_1m
2026-09-16T14:36:00-04:00	8.155	8.165	8.1503	8.155	4848	yfinance_1m
2026-09-16T14:37:00-04:00	8.16	8.165	8.16	8.165	2576	yfinance_1m
2026-09-16T14:38:00-04:00	8.17	8.185	8.17	8.18	6947	yfinance_1m
2026-09-16T14:39:00-04:00	8.19	8.21	8.19	8.2	6185	yfinance_1m
2026-09-16T14:40:00-04:00	8.2	8.22	8.2	8.22	2166	yfinance_1m
2026-09-16T14:41:00-04:00	8.235	8.25	8.225	8.249	5797	yfinance_1m
2026-09-16T14:42:00-04:00	8.24	8.265	8.24	8.265	4386	yfinance_1m
2026-09-16T14:43:00-04:00	8.26	8.305	8.26	8.295	6825	yfinance_1m
2026-09-16T14:44:00-04:00	8.28	8.28	8.245	8.245	3819	yfinance_1m
2026-09-16T14:45:00-04:00	8.24	8.269	8.24	8.265	8607	yfinance_1m
2026-09-16T14:46:00-04:00	8.265	8.265	8.255	8.2601	9828	yfinance_1m
2026-09-16T14:47:00-04:00	8.265	8.27	8.255	8.255	6583	yfinance_1m
2026-09-16T14:48:00-04:00	8.255	8.27	8.25	8.255	8521	yfinance_1m
2026-09-16T14:49:00-04:00	8.2556	8.27	8.245	8.27	7911	yfinance_1m
2026-09-16T14:50:00-04:00	8.27	8.28	8.26	8.26	11648	yfinance_1m
2026-09-16T14:51:00-04:00	8.26	8.275	8.26	8.275	4839	yfinance_1m
2026-09-16T14:52:00-04:00	8.275	8.275	8.27	8.27	2825	yfinance_1m
2026-09-16T14:53:00-04:00	8.28	8.28	8.25	8.25	11439	yfinance_1m
2026-09-16T14:54:00-04:00	8.24	8.24	8.21	8.21	8931	yfinance_1m
2026-09-16T14:55:00-04:00	8.21	8.24	8.21	8.24	6954	yfinance_1m
2026-09-16T14:56:00-04:00	8.24	8.24	8.225	8.225	3632	yfinance_1m
2026-09-16T14:57:00-04:00	8.225	8.225	8.155	8.155	8972	yfinance_1m
2026-09-16T14:58:00-04:00	8.155	8.17	8.15	8.16	23294	yfinance_1m
2026-09-16T14:59:00-04:00	8.16	8.16	8.13	8.135	8608	yfinance_1m
2026-09-16T15:00:00-04:00	8.14	8.15	8.12	8.13	32329	yfinance_1m
2026-09-16T15:01:00-04:00	8.13	8.13	8.11	8.13	4407	yfinance_1m
2026-09-16T15:02:00-04:00	8.11	8.11	8.09	8.1	2971	yfinance_1m
2026-09-16T15:03:00-04:00	8.11	8.11	8.09	8.09	6131	yfinance_1m
2026-09-16T15:04:00-04:00	8.095	8.095	8.085	8.091	4521	yfinance_1m
2026-09-16T15:05:00-04:00	8.095	8.1	8.085	8.1	5545	yfinance_1m
2026-09-16T15:06:00-04:00	8.1	8.12	8.1	8.1	25717	yfinance_1m
2026-09-16T15:07:00-04:00	8.1	8.1	8.0801	8.085	6260	yfinance_1m
2026-09-16T15:08:00-04:00	8.08	8.085	8.06	8.085	7229	yfinance_1m
2026-09-16T15:09:00-04:00	8.09	8.094	8.085	8.094	2373	yfinance_1m
2026-09-16T15:10:00-04:00	8.085	8.1	8.085	8.085	3087	yfinance_1m
2026-09-16T15:11:00-04:00	8.08	8.08	8.05	8.0508	7557	yfinance_1m
2026-09-16T15:12:00-04:00	8.06	8.075	8.06	8.065	5254	yfinance_1m
2026-09-16T15:13:00-04:00	8.065	8.07	8.065	8.065	2565	yfinance_1m
2026-09-16T15:14:00-04:00	8.0603	8.085	8.06	8.07	6417	yfinance_1m
2026-09-16T15:15:00-04:00	8.07	8.07	8.07	8.07	2193	yfinance_1m
2026-09-16T15:16:00-04:00	8.07	8.075	8.06	8.075	3086	yfinance_1m
2026-09-16T15:17:00-04:00	8.075	8.075	8.065	8.065	5235	yfinance_1m
2026-09-16T15:18:00-04:00	8.065	8.075	8.055	8.075	8652	yfinance_1m
2026-09-16T15:19:00-04:00	8.075	8.075	8.05	8.07	9010	yfinance_1m
2026-09-16T15:20:00-04:00	8.08	8.095	8.065	8.065	6018	yfinance_1m
2026-09-16T15:21:00-04:00	8.07	8.07	8.07	8.07	2860	yfinance_1m
2026-09-16T15:22:00-04:00	8.08	8.09	8.06	8.06	5765	yfinance_1m
2026-09-16T15:23:00-04:00	8.07	8.08	8.065	8.075	5687	yfinance_1m
2026-09-16T15:24:00-04:00	8.07	8.07	8.055	8.055	7416	yfinance_1m
2026-09-16T15:25:00-04:00	8.055	8.055	8.0301	8.04	4830	yfinance_1m
2026-09-16T15:26:00-04:00	8.04	8.08	8.04	8.075	10752	yfinance_1m
2026-09-16T15:27:00-04:00	8.08	8.09	8.079	8.09	3248	yfinance_1m
2026-09-16T15:28:00-04:00	8.09	8.1	8.06	8.07	6650	yfinance_1m
2026-09-16T15:29:00-04:00	8.07	8.1	8.07	8.1	7214	yfinance_1m
2026-09-16T15:30:00-04:00	8.11	8.12	8.09	8.1	7985	yfinance_1m
2026-09-16T15:31:00-04:00	8.105	8.115	8.1	8.1	11840	yfinance_1m
2026-09-16T15:32:00-04:00	8.1	8.115	8.1	8.1	6431	yfinance_1m
2026-09-16T15:33:00-04:00	8.105	8.115	8.09	8.09	6037	yfinance_1m
2026-09-16T15:34:00-04:00	8.095	8.12	8.09	8.12	8472	yfinance_1m
2026-09-16T15:35:00-04:00	8.125	8.13	8.12	8.125	3111	yfinance_1m
2026-09-16T15:36:00-04:00	8.125	8.125	8.06	8.07	19391	yfinance_1m
2026-09-16T15:37:00-04:00	8.07	8.07	8.06	8.06	3559	yfinance_1m
2026-09-16T15:38:00-04:00	8.07	8.085	8.07	8.08	9926	yfinance_1m
2026-09-16T15:39:00-04:00	8.09	8.11	8.09	8.11	9832	yfinance_1m
2026-09-16T15:40:00-04:00	8.105	8.125	8.1	8.115	10970	yfinance_1m
2026-09-16T15:41:00-04:00	8.115	8.115	8.095	8.095	29979	yfinance_1m
2026-09-16T15:42:00-04:00	8.095	8.13	8.075	8.13	18696	yfinance_1m
2026-09-16T15:43:00-04:00	8.13	8.16	8.13	8.16	6455	yfinance_1m
2026-09-16T15:44:00-04:00	8.16	8.17	8.16	8.16	5033	yfinance_1m
2026-09-16T15:45:00-04:00	8.16	8.195	8.16	8.1914	10818	yfinance_1m
2026-09-16T15:46:00-04:00	8.195	8.205	8.195	8.2	10778	yfinance_1m
2026-09-16T15:47:00-04:00	8.2	8.225	8.2	8.225	10139	yfinance_1m
2026-09-16T15:48:00-04:00	8.225	8.25	8.225	8.25	7229	yfinance_1m
2026-09-16T15:49:00-04:00	8.245	8.25	8.22	8.24	26456	yfinance_1m
2026-09-16T15:50:00-04:00	8.24	8.27	8.23	8.23	23561	yfinance_1m
2026-09-16T15:51:00-04:00	8.23	8.28	8.23	8.28	13787	yfinance_1m
2026-09-16T15:52:00-04:00	8.285	8.3	8.265	8.28	19517	yfinance_1m
2026-09-16T15:53:00-04:00	8.27	8.28	8.27	8.275	10857	yfinance_1m
2026-09-16T15:54:00-04:00	8.275	8.2798	8.25	8.26	20667	yfinance_1m
2026-09-16T15:55:00-04:00	8.26	8.26	8.21	8.225	31018	yfinance_1m
2026-09-16T15:56:00-04:00	8.225	8.235	8.205	8.205	26017	yfinance_1m
2026-09-16T15:57:00-04:00	8.21	8.23	8.205	8.23	18967	yfinance_1m
2026-09-16T15:58:00-04:00	8.225	8.235	8.21	8.215	39948	yfinance_1m
2026-09-16T15:59:00-04:00	8.215	8.23	8.2	8.23	113415	yfinance_1m
2026-09-17T09:30:00-04:00	8.45	8.45	8.36	8.405	34860	yfinance_1m
2026-09-17T09:31:00-04:00	8.405	8.57	8.2405	8.55	18659	yfinance_1m
2026-09-17T09:32:00-04:00	8.57	8.774	8.5227	8.73	20947	yfinance_1m
2026-09-17T09:33:00-04:00	8.68	8.78	8.68	8.775	10024	yfinance_1m
2026-09-17T09:34:00-04:00	8.79	8.8	8.62	8.63	9449	yfinance_1m
2026-09-17T09:35:00-04:00	8.61	8.65	8.5556	8.65	13042	yfinance_1m
2026-09-17T09:36:00-04:00	8.67	8.69	8.635	8.68	12787	yfinance_1m
2026-09-17T09:37:00-04:00	8.66	8.6843	8.5903	8.639	4757	yfinance_1m
2026-09-17T09:38:00-04:00	8.64	8.71	8.63	8.63	11818	yfinance_1m
2026-09-17T09:39:00-04:00	8.62	8.65	8.52	8.535	8384	yfinance_1m
2026-09-17T09:40:00-04:00	8.52	8.58	8.49	8.54	97927	yfinance_1m
2026-09-17T09:41:00-04:00	8.52	8.6	8.519	8.55	34429	yfinance_1m
2026-09-17T09:42:00-04:00	8.55	8.68	8.55	8.645	34545	yfinance_1m
2026-09-17T09:43:00-04:00	8.635	8.635	8.59	8.6	9923	yfinance_1m
2026-09-17T09:44:00-04:00	8.61	8.68	8.58	8.665	27605	yfinance_1m
2026-09-17T09:45:00-04:00	8.66	8.6981	8.62	8.6981	9352	yfinance_1m
2026-09-17T09:46:00-04:00	8.675	8.675	8.62	8.66	6912	yfinance_1m
2026-09-17T09:47:00-04:00	8.66	8.75	8.66	8.72	15988	yfinance_1m
2026-09-17T09:48:00-04:00	8.72	8.725	8.66	8.67	5890	yfinance_1m
2026-09-17T09:49:00-04:00	8.675	8.72	8.675	8.72	4441	yfinance_1m
2026-09-17T09:50:00-04:00	8.72	8.74	8.712	8.725	7535	yfinance_1m
2026-09-17T09:51:00-04:00	8.73	8.8199	8.7	8.8199	63282	yfinance_1m
2026-09-17T09:52:00-04:00	8.805	8.805	8.7601	8.7652	12102	yfinance_1m
2026-09-17T09:53:00-04:00	8.761	8.8	8.76	8.76	21680	yfinance_1m
2026-09-17T09:54:00-04:00	8.765	8.78	8.7	8.78	57310	yfinance_1m
2026-09-17T09:55:00-04:00	8.79	8.8	8.79	8.8	12390	yfinance_1m
2026-09-17T09:56:00-04:00	8.79	8.79	8.76	8.767	6483	yfinance_1m
2026-09-17T09:57:00-04:00	8.76	8.7694	8.759	8.76	9600	yfinance_1m
2026-09-17T09:58:00-04:00	8.75	8.76	8.735	8.735	5276	yfinance_1m
2026-09-17T09:59:00-04:00	8.725	8.79	8.72	8.765	6230	yfinance_1m
2026-09-17T10:00:00-04:00	8.78	8.79	8.76	8.77	6530	yfinance_1m
2026-09-17T10:01:00-04:00	8.75	8.77	8.7177	8.77	5268	yfinance_1m
2026-09-17T10:02:00-04:00	8.76	8.82	8.76	8.815	17725	yfinance_1m
2026-09-17T10:03:00-04:00	8.815	8.828	8.8	8.8	12711	yfinance_1m
2026-09-17T10:04:00-04:00	8.79	8.84	8.77	8.82	12134	yfinance_1m
2026-09-17T10:05:00-04:00	8.82	8.87	8.815	8.83	34577	yfinance_1m
2026-09-17T10:06:00-04:00	8.84	8.8564	8.82	8.82	7473	yfinance_1m
2026-09-17T10:07:00-04:00	8.82	8.82	8.79	8.82	4862	yfinance_1m
2026-09-17T10:08:00-04:00	8.805	8.83	8.805	8.83	4697	yfinance_1m
2026-09-17T10:09:00-04:00	8.84	8.89	8.84	8.8737	7214	yfinance_1m
2026-09-17T10:10:00-04:00	8.88	8.885	8.87	8.87	5935	yfinance_1m
2026-09-17T10:11:00-04:00	8.87	8.87	8.8	8.8078	5493	yfinance_1m
2026-09-17T10:12:00-04:00	8.8	8.85	8.8	8.85	5585	yfinance_1m
2026-09-17T10:13:00-04:00	8.85	8.88	8.84	8.88	8761	yfinance_1m
2026-09-17T10:14:00-04:00	8.9	8.905	8.87	8.88	13599	yfinance_1m
2026-09-17T10:15:00-04:00	8.88	8.93	8.88	8.92	8910	yfinance_1m
2026-09-17T10:16:00-04:00	8.92	8.94	8.91	8.925	6448	yfinance_1m
2026-09-17T10:17:00-04:00	8.93	8.96	8.93	8.95	16204	yfinance_1m
2026-09-17T10:18:00-04:00	8.945	8.945	8.9	8.9	6826	yfinance_1m
2026-09-17T10:19:00-04:00	8.89	8.92	8.88	8.92	12652	yfinance_1m
2026-09-17T10:20:00-04:00	8.91	8.93	8.91	8.91	4363	yfinance_1m
2026-09-17T10:21:00-04:00	8.9	8.91	8.88	8.88	10633	yfinance_1m
2026-09-17T10:22:00-04:00	8.875	8.875	8.86	8.86	4008	yfinance_1m
2026-09-17T10:23:00-04:00	8.87	8.88	8.865	8.865	4281	yfinance_1m
2026-09-17T10:24:00-04:00	8.87	8.87	8.84	8.85	6632	yfinance_1m
2026-09-17T10:25:00-04:00	8.85	8.85	8.84	8.84	6033	yfinance_1m
2026-09-17T10:26:00-04:00	8.85	8.88	8.85	8.88	9922	yfinance_1m
2026-09-17T10:27:00-04:00	8.88	8.89	8.86	8.86	8501	yfinance_1m
2026-09-17T10:28:00-04:00	8.86	8.87	8.84	8.84	7993	yfinance_1m
2026-09-17T10:29:00-04:00	8.84	8.84	8.815	8.84	6376	yfinance_1m
2026-09-17T10:30:00-04:00	8.83	8.84	8.82	8.84	5869	yfinance_1m
2026-09-17T10:31:00-04:00	8.83	8.83	8.76	8.78	12013	yfinance_1m
2026-09-17T10:32:00-04:00	8.79	8.79	8.7352	8.7352	6627	yfinance_1m
2026-09-17T10:33:00-04:00	8.74	8.765	8.72	8.765	6281	yfinance_1m
2026-09-17T10:34:00-04:00	8.75	8.7528	8.75	8.75	2231	yfinance_1m
2026-09-17T10:35:00-04:00	8.75	8.77	8.75	8.755	5723	yfinance_1m
2026-09-17T10:36:00-04:00	8.74	8.75	8.72	8.72	4381	yfinance_1m
2026-09-17T10:37:00-04:00	8.72	8.72	8.69	8.6998	7348	yfinance_1m
2026-09-17T10:38:00-04:00	8.69	8.69	8.68	8.68	1688	yfinance_1m
2026-09-17T10:39:00-04:00	8.68	8.755	8.68	8.74	16321	yfinance_1m
2026-09-17T10:40:00-04:00	8.745	8.745	8.725	8.74	2978	yfinance_1m
2026-09-17T10:41:00-04:00	8.73	8.76	8.73	8.76	14830	yfinance_1m
2026-09-17T10:42:00-04:00	8.76	8.76	8.72	8.73	8953	yfinance_1m
2026-09-17T10:43:00-04:00	8.72	8.73	8.72	8.72	3604	yfinance_1m
2026-09-17T10:44:00-04:00	8.72	8.74	8.69	8.74	5629	yfinance_1m
2026-09-17T10:45:00-04:00	8.74	8.75	8.74	8.75	3004	yfinance_1m
2026-09-17T10:46:00-04:00	8.75	8.76	8.75	8.76	3414	yfinance_1m
2026-09-17T10:47:00-04:00	8.76	8.7726	8.75	8.76	22424	yfinance_1m
2026-09-17T10:48:00-04:00	8.7513	8.78	8.75	8.76	9218	yfinance_1m
2026-09-17T10:49:00-04:00	8.77	8.79	8.76	8.79	3262	yfinance_1m
2026-09-17T10:50:00-04:00	8.78	8.78	8.75	8.76	7844	yfinance_1m
2026-09-17T10:51:00-04:00	8.76	8.79	8.76	8.785	5595	yfinance_1m
2026-09-17T10:52:00-04:00	8.785	8.79	8.77	8.775	4646	yfinance_1m
2026-09-17T10:53:00-04:00	8.775	8.775	8.76	8.765	6204	yfinance_1m
2026-09-17T10:54:00-04:00	8.76	8.78	8.75	8.78	6588	yfinance_1m
2026-09-17T10:55:00-04:00	8.77	8.77	8.765	8.765	2897	yfinance_1m
2026-09-17T10:56:00-04:00	8.765	8.785	8.74	8.76	28392	yfinance_1m
2026-09-17T10:57:00-04:00	8.75	8.765	8.75	8.75	13385	yfinance_1m
2026-09-17T10:58:00-04:00	8.74	8.76	8.74	8.74	17278	yfinance_1m
2026-09-17T10:59:00-04:00	8.73	8.74	8.71	8.725	6187	yfinance_1m
2026-09-17T11:00:00-04:00	8.73	8.73	8.68	8.69	4040	yfinance_1m
2026-09-17T11:01:00-04:00	8.7	8.7	8.66	8.665	5504	yfinance_1m
2026-09-17T11:02:00-04:00	8.665	8.72	8.665	8.71	6089	yfinance_1m
2026-09-17T11:03:00-04:00	8.71	8.71	8.68	8.68	3065	yfinance_1m
2026-09-17T11:04:00-04:00	8.6629	8.68	8.6629	8.68	3296	yfinance_1m
2026-09-17T11:05:00-04:00	8.665	8.69	8.66	8.68	6102	yfinance_1m
2026-09-17T11:06:00-04:00	8.68	8.69	8.665	8.69	3602	yfinance_1m
2026-09-17T11:07:00-04:00	8.685	8.69	8.67	8.69	4125	yfinance_1m
2026-09-17T11:08:00-04:00	8.69	8.7	8.68	8.69	4243	yfinance_1m
2026-09-17T11:09:00-04:00	8.69	8.71	8.68	8.71	3941	yfinance_1m
2026-09-17T11:10:00-04:00	8.71	8.71	8.7	8.71	2668	yfinance_1m
2026-09-17T11:11:00-04:00	8.705	8.715	8.69	8.715	5377	yfinance_1m
2026-09-17T11:12:00-04:00	8.71	8.73	8.71	8.715	5344	yfinance_1m
2026-09-17T11:13:00-04:00	8.71	8.71	8.69	8.695	3381	yfinance_1m
2026-09-17T11:14:00-04:00	8.695	8.7	8.63	8.64	11468	yfinance_1m
2026-09-17T11:15:00-04:00	8.65	8.65	8.5919	8.5919	11024	yfinance_1m
2026-09-17T11:16:00-04:00	8.59	8.61	8.59	8.61	4166	yfinance_1m
2026-09-17T11:17:00-04:00	8.62	8.64	8.62	8.635	4058	yfinance_1m
2026-09-17T11:18:00-04:00	8.65	8.66	8.64	8.66	4215	yfinance_1m
2026-09-17T11:19:00-04:00	8.65	8.66	8.645	8.655	5199	yfinance_1m
2026-09-17T11:20:00-04:00	8.64	8.65	8.63	8.63	2795	yfinance_1m
2026-09-17T11:21:00-04:00	8.63	8.65	8.63	8.65	3718	yfinance_1m
2026-09-17T11:22:00-04:00	8.658	8.658	8.64	8.65	4046	yfinance_1m
2026-09-17T11:23:00-04:00	8.645	8.6579	8.64	8.645	3263	yfinance_1m
2026-09-17T11:24:00-04:00	8.64	8.6486	8.62	8.62	3787	yfinance_1m
2026-09-17T11:25:00-04:00	8.615	8.63	8.6	8.62	4576	yfinance_1m
2026-09-17T11:26:00-04:00	8.62	8.62	8.61	8.618	3256	yfinance_1m
2026-09-17T11:27:00-04:00	8.61	8.62	8.6	8.6	5884	yfinance_1m
2026-09-17T11:28:00-04:00	8.605	8.605	8.59	8.59	3740	yfinance_1m
2026-09-17T11:29:00-04:00	8.6	8.61	8.6	8.61	2013	yfinance_1m
2026-09-17T11:30:00-04:00	8.62	8.62	8.61	8.62	2907	yfinance_1m
2026-09-17T11:31:00-04:00	8.61	8.63	8.61	8.63	6410	yfinance_1m
2026-09-17T11:32:00-04:00	8.63	8.63	8.62	8.62	2464	yfinance_1m
2026-09-17T11:33:00-04:00	8.6293	8.64	8.6293	8.64	3584	yfinance_1m
2026-09-17T11:34:00-04:00	8.64	8.64	8.63	8.63	1810	yfinance_1m
2026-09-17T11:35:00-04:00	8.63	8.64	8.6268	8.64	1769	yfinance_1m
2026-09-17T11:36:00-04:00	8.6404	8.6578	8.64	8.65	2983	yfinance_1m
2026-09-17T11:37:00-04:00	8.66	8.66	8.64	8.64	2471	yfinance_1m
2026-09-17T11:38:00-04:00	8.63	8.64	8.63	8.63	1608	yfinance_1m
2026-09-17T11:39:00-04:00	8.63	8.64	8.63	8.635	1157	yfinance_1m
2026-09-17T11:40:00-04:00	8.65	8.67	8.65	8.665	3645	yfinance_1m
2026-09-17T11:41:00-04:00	8.67	8.67	8.66	8.67	3131	yfinance_1m
2026-09-17T11:42:00-04:00	8.67	8.68	8.66	8.67	1342	yfinance_1m
2026-09-17T11:43:00-04:00	8.67	8.675	8.67	8.67	3220	yfinance_1m
2026-09-17T11:44:00-04:00	8.67	8.67	8.65	8.655	4686	yfinance_1m
2026-09-17T11:45:00-04:00	8.655	8.66	8.65	8.65	2590	yfinance_1m
2026-09-17T11:46:00-04:00	8.64	8.65	8.64	8.65	3887	yfinance_1m
2026-09-17T11:47:00-04:00	8.65	8.66	8.65	8.66	1924	yfinance_1m
2026-09-17T11:48:00-04:00	8.67	8.67	8.66	8.67	2000	yfinance_1m
2026-09-17T11:49:00-04:00	8.665	8.665	8.65	8.655	2279	yfinance_1m
2026-09-17T11:50:00-04:00	8.66	8.66	8.6505	8.66	5585	yfinance_1m
2026-09-17T11:51:00-04:00	8.665	8.665	8.65	8.66	1768	yfinance_1m
2026-09-17T11:52:00-04:00	8.66	8.67	8.66	8.66	2205	yfinance_1m
2026-09-17T11:53:00-04:00	8.67	8.69	8.67	8.69	4242	yfinance_1m
2026-09-17T11:54:00-04:00	8.685	8.695	8.685	8.69	17399	yfinance_1m
2026-09-17T11:55:00-04:00	8.695	8.725	8.695	8.725	5403	yfinance_1m
2026-09-17T11:56:00-04:00	8.73	8.73	8.73	8.73	1133	yfinance_1m
2026-09-17T11:57:00-04:00	8.73	8.73	8.71	8.71	3547	yfinance_1m
2026-09-17T11:58:00-04:00	8.7199	8.7199	8.7	8.705	2062	yfinance_1m
2026-09-17T11:59:00-04:00	8.705	8.73	8.705	8.73	6467	yfinance_1m
2026-09-17T12:00:00-04:00	8.73	8.75	8.73	8.73	5775	yfinance_1m
2026-09-17T12:01:00-04:00	8.72	8.72	8.7	8.705	2697	yfinance_1m
2026-09-17T12:02:00-04:00	8.7	8.7	8.6761	8.68	5245	yfinance_1m
2026-09-17T12:03:00-04:00	8.68	8.69	8.68	8.68	2211	yfinance_1m
2026-09-17T12:04:00-04:00	8.68	8.75	8.67	8.74	35394	yfinance_1m
2026-09-17T12:05:00-04:00	8.74	8.74	8.72	8.72	2753	yfinance_1m
2026-09-17T12:06:00-04:00	8.71	8.71	8.7	8.7	1308	yfinance_1m
2026-09-17T12:07:00-04:00	8.69	8.695	8.685	8.685	2059	yfinance_1m
2026-09-17T12:08:00-04:00	8.69	8.69	8.68	8.68	2274	yfinance_1m
2026-09-17T12:09:00-04:00	8.6899	8.6899	8.67	8.68	3513	yfinance_1m
2026-09-17T12:10:00-04:00	8.675	8.68	8.67	8.68	4042	yfinance_1m
2026-09-17T12:11:00-04:00	8.685	8.69	8.68	8.69	1921	yfinance_1m
2026-09-17T12:12:00-04:00	8.69	8.7	8.685	8.685	3535	yfinance_1m
2026-09-17T12:13:00-04:00	8.69	8.705	8.69	8.7	3480	yfinance_1m
2026-09-17T12:14:00-04:00	8.7	8.71	8.7	8.705	3723	yfinance_1m
2026-09-17T12:15:00-04:00	8.705	8.72	8.705	8.71	3491	yfinance_1m
2026-09-17T12:16:00-04:00	8.705	8.705	8.7	8.7	4191	yfinance_1m
2026-09-17T12:17:00-04:00	8.71	8.73	8.71	8.72	4578	yfinance_1m
2026-09-17T12:18:00-04:00	8.71	8.71	8.71	8.71	957	yfinance_1m
2026-09-17T12:19:00-04:00	8.7	8.7099	8.7	8.7099	4080	yfinance_1m
2026-09-17T12:20:00-04:00	8.7	8.7	8.7	8.7	742	yfinance_1m
2026-09-17T12:21:00-04:00	8.7	8.72	8.7	8.72	2182	yfinance_1m
2026-09-17T12:22:00-04:00	8.73	8.73	8.72	8.73	1198	yfinance_1m
2026-09-17T12:23:00-04:00	8.73	8.75	8.73	8.75	2234	yfinance_1m
2026-09-17T12:24:00-04:00	8.7458	8.76	8.74	8.76	13965	yfinance_1m
2026-09-17T12:25:00-04:00	8.75	8.75	8.74	8.74	2644	yfinance_1m
2026-09-17T12:26:00-04:00	8.74	8.77	8.74	8.77	13052	yfinance_1m
2026-09-17T12:27:00-04:00	8.77	8.77	8.75	8.75	2487	yfinance_1m
2026-09-17T12:28:00-04:00	8.75	8.77	8.75	8.75	3330	yfinance_1m
2026-09-17T12:29:00-04:00	8.75	8.77	8.75	8.77	1355	yfinance_1m
2026-09-17T12:30:00-04:00	8.76	8.77	8.745	8.745	2150	yfinance_1m
2026-09-17T12:31:00-04:00	8.75	8.76	8.74	8.76	1889	yfinance_1m
2026-09-17T12:32:00-04:00	8.76	8.77	8.755	8.76	2483	yfinance_1m
2026-09-17T12:33:00-04:00	8.755	8.77	8.74	8.74	3489	yfinance_1m
2026-09-17T12:34:00-04:00	8.75	8.75	8.73	8.73	2953	yfinance_1m
2026-09-17T12:35:00-04:00	8.73	8.74	8.73	8.74	613	yfinance_1m
2026-09-17T12:36:00-04:00	8.735	8.74	8.735	8.74	1063	yfinance_1m
2026-09-17T12:37:00-04:00	8.73	8.73	8.72	8.73	1878	yfinance_1m
2026-09-17T12:38:00-04:00	8.72	8.72	8.71	8.71	2599	yfinance_1m
2026-09-17T12:39:00-04:00	8.72	8.72	8.71	8.715	2556	yfinance_1m
2026-09-17T12:40:00-04:00	8.71	8.72	8.7036	8.7036	1728	yfinance_1m
2026-09-17T12:41:00-04:00	8.73	8.73	8.72	8.72	1737	yfinance_1m
2026-09-17T12:42:00-04:00	8.72	8.72	8.71	8.71	2380	yfinance_1m
2026-09-17T12:43:00-04:00	8.73	8.73	8.72	8.73	2619	yfinance_1m
2026-09-17T12:44:00-04:00	8.73	8.73	8.72	8.73	1576	yfinance_1m
2026-09-17T12:45:00-04:00	8.73	8.73	8.71	8.72	2025	yfinance_1m
2026-09-17T12:46:00-04:00	8.72	8.72	8.71	8.72	1461	yfinance_1m
2026-09-17T12:47:00-04:00	8.72	8.72	8.7	8.71	8244	yfinance_1m
2026-09-17T12:48:00-04:00	8.7	8.7	8.7	8.7	1431	yfinance_1m
2026-09-17T12:49:00-04:00	8.705	8.715	8.705	8.71	2406	yfinance_1m
2026-09-17T12:50:00-04:00	8.71	8.72	8.71	8.71	1393	yfinance_1m
2026-09-17T12:51:00-04:00	8.72	8.72	8.72	8.72	4228	yfinance_1m
2026-09-17T12:53:00-04:00	8.72	8.7238	8.72	8.72	1407	yfinance_1m
2026-09-17T12:54:00-04:00	8.72	8.73	8.72	8.72	874	yfinance_1m
2026-09-17T12:55:00-04:00	8.73	8.73	8.72	8.725	4891	yfinance_1m
2026-09-17T12:56:00-04:00	8.73	8.74	8.725	8.74	1713	yfinance_1m
2026-09-17T12:57:00-04:00	8.75	8.76	8.75	8.76	2183	yfinance_1m
2026-09-17T12:58:00-04:00	8.76	8.77	8.76	8.77	2221	yfinance_1m
2026-09-17T12:59:00-04:00	8.78	8.78	8.78	8.78	1796	yfinance_1m
2026-09-17T13:00:00-04:00	8.78	8.79	8.78	8.785	2672	yfinance_1m
2026-09-17T13:01:00-04:00	8.78	8.78	8.78	8.78	2180	yfinance_1m
2026-09-17T13:02:00-04:00	8.78	8.79	8.77	8.785	4026	yfinance_1m
2026-09-17T13:03:00-04:00	8.78	8.78	8.78	8.78	1564	yfinance_1m
2026-09-17T13:04:00-04:00	8.79	8.79	8.78	8.79	1658	yfinance_1m
2026-09-17T13:05:00-04:00	8.785	8.785	8.785	8.785	639	yfinance_1m
2026-09-17T13:06:00-04:00	8.785	8.82	8.785	8.815	9230	yfinance_1m
2026-09-17T13:07:00-04:00	8.815	8.815	8.78	8.78	4639	yfinance_1m
2026-09-17T13:08:00-04:00	8.78	8.78	8.77	8.77	1004	yfinance_1m
2026-09-17T13:09:00-04:00	8.76	8.77	8.76	8.77	2740	yfinance_1m
2026-09-17T13:10:00-04:00	8.76	8.76	8.73	8.73	1875	yfinance_1m
2026-09-17T13:11:00-04:00	8.73	8.74	8.725	8.73	2346	yfinance_1m
2026-09-17T13:12:00-04:00	8.73	8.73	8.725	8.725	1768	yfinance_1m
2026-09-17T13:13:00-04:00	8.71	8.725	8.71	8.725	1601	yfinance_1m
2026-09-17T13:14:00-04:00	8.72	8.73	8.72	8.73	1210	yfinance_1m
2026-09-17T13:15:00-04:00	8.73	8.75	8.72	8.745	2844	yfinance_1m
2026-09-17T13:16:00-04:00	8.75	8.75	8.745	8.745	1918	yfinance_1m
2026-09-17T13:17:00-04:00	8.75	8.76	8.75	8.76	1571	yfinance_1m
2026-09-17T13:18:00-04:00	8.76	8.76	8.76	8.76	2000	yfinance_1m
2026-09-17T13:19:00-04:00	8.75	8.76	8.75	8.76	1305	yfinance_1m
2026-09-17T13:20:00-04:00	8.76	8.77	8.73	8.73	35558	yfinance_1m
2026-09-17T13:21:00-04:00	8.73	8.75	8.73	8.75	2708	yfinance_1m
2026-09-17T13:22:00-04:00	8.75	8.76	8.75	8.76	1746	yfinance_1m
2026-09-17T13:23:00-04:00	8.76	8.76	8.75	8.76	2210	yfinance_1m
2026-09-17T13:24:00-04:00	8.76	8.765	8.74	8.74	3915	yfinance_1m
2026-09-17T13:25:00-04:00	8.74	8.74	8.74	8.74	803	yfinance_1m
2026-09-17T13:26:00-04:00	8.7419	8.79	8.74	8.79	7583	yfinance_1m
2026-09-17T13:27:00-04:00	8.79	8.8	8.78	8.78	1739	yfinance_1m
2026-09-17T13:28:00-04:00	8.775	8.78	8.775	8.78	1784	yfinance_1m
2026-09-17T13:29:00-04:00	8.78	8.785	8.78	8.785	1413	yfinance_1m
2026-09-17T13:30:00-04:00	8.78	8.79	8.78	8.78	2520	yfinance_1m
2026-09-17T13:31:00-04:00	8.78	8.78	8.77	8.78	2238	yfinance_1m
2026-09-17T13:32:00-04:00	8.78	8.78	8.74	8.76	12405	yfinance_1m
2026-09-17T13:33:00-04:00	8.76	8.77	8.76	8.77	2288	yfinance_1m
2026-09-17T13:34:00-04:00	8.77	8.77	8.75	8.75	3708	yfinance_1m
2026-09-17T13:35:00-04:00	8.75	8.75	8.75	8.75	1700	yfinance_1m
2026-09-17T13:36:00-04:00	8.74	8.74	8.73	8.73	981	yfinance_1m
2026-09-17T13:37:00-04:00	8.73	8.7352	8.72	8.72	1490	yfinance_1m
2026-09-17T13:38:00-04:00	8.72	8.72	8.7	8.7	2742	yfinance_1m
2026-09-17T13:39:00-04:00	8.692	8.71	8.692	8.695	835	yfinance_1m
2026-09-17T13:40:00-04:00	8.695	8.71	8.695	8.71	2770	yfinance_1m
2026-09-17T13:41:00-04:00	8.6977	8.72	8.6901	8.6901	1516	yfinance_1m
2026-09-17T13:42:00-04:00	8.7	8.72	8.7	8.72	3211	yfinance_1m
2026-09-17T13:43:00-04:00	8.715	8.73	8.715	8.73	992	yfinance_1m
2026-09-17T13:44:00-04:00	8.715	8.715	8.675	8.675	5592	yfinance_1m
2026-09-17T13:45:00-04:00	8.675	8.675	8.675	8.675	829	yfinance_1m
2026-09-17T13:46:00-04:00	8.6684	8.69	8.6684	8.69	2557	yfinance_1m
2026-09-17T13:47:00-04:00	8.7	8.71	8.699	8.71	2108	yfinance_1m
2026-09-17T13:48:00-04:00	8.71	8.71	8.7	8.71	2324	yfinance_1m
2026-09-17T13:49:00-04:00	8.7	8.7	8.699	8.699	3311	yfinance_1m
2026-09-17T13:50:00-04:00	8.699	8.72	8.699	8.7199	1447	yfinance_1m
2026-09-17T13:51:00-04:00	8.72	8.73	8.71	8.72	2487	yfinance_1m
2026-09-17T13:52:00-04:00	8.72	8.73	8.72	8.73	3466	yfinance_1m
2026-09-17T13:53:00-04:00	8.74	8.74	8.72	8.73	2609	yfinance_1m
2026-09-17T13:54:00-04:00	8.73	8.73	8.72	8.72	3578	yfinance_1m
2026-09-17T13:55:00-04:00	8.73	8.7362	8.72	8.725	1727	yfinance_1m
2026-09-17T13:56:00-04:00	8.73	8.73	8.72	8.72	4530	yfinance_1m
2026-09-17T13:57:00-04:00	8.73	8.73	8.72	8.73	2132	yfinance_1m
2026-09-17T13:58:00-04:00	8.73	8.73	8.725	8.73	1697	yfinance_1m
2026-09-17T13:59:00-04:00	8.73	8.74	8.705	8.74	7569	yfinance_1m
2026-09-17T14:00:00-04:00	8.74	8.7699	8.74	8.7699	2964	yfinance_1m
2026-09-17T14:01:00-04:00	8.77	8.79	8.77	8.79	1992	yfinance_1m
2026-09-17T14:02:00-04:00	8.775	8.78	8.755	8.768413	2817	yfinance_1m
2026-09-17T14:03:00-04:00	8.77	8.78	8.77	8.777	1694	yfinance_1m
2026-09-17T14:04:00-04:00	8.79	8.79	8.76	8.77	3117	yfinance_1m
2026-09-17T14:05:00-04:00	8.77	8.78	8.77	8.78	1531	yfinance_1m
2026-09-17T14:06:00-04:00	8.79	8.79	8.76	8.77	2916	yfinance_1m
2026-09-17T14:07:00-04:00	8.77	8.77	8.765	8.77	3234	yfinance_1m
2026-09-17T14:08:00-04:00	8.77	8.78	8.76	8.77	5251	yfinance_1m
2026-09-17T14:09:00-04:00	8.78	8.78	8.78	8.78	1032	yfinance_1m
2026-09-17T14:10:00-04:00	8.78	8.79	8.78	8.789	3829	yfinance_1m
2026-09-17T14:11:00-04:00	8.79	8.8	8.79	8.7992	6610	yfinance_1m
2026-09-17T14:12:00-04:00	8.8	8.8	8.795	8.795	1749	yfinance_1m
2026-09-17T14:13:00-04:00	8.8	8.8	8.79	8.8	4133	yfinance_1m
2026-09-17T14:14:00-04:00	8.8	8.82	8.8	8.82	5182	yfinance_1m
2026-09-17T14:15:00-04:00	8.81	8.82	8.81	8.81	4078	yfinance_1m
2026-09-17T14:16:00-04:00	8.8015	8.81	8.8015	8.805	1389	yfinance_1m
2026-09-17T14:17:00-04:00	8.81	8.81	8.81	8.81	0	yfinance_1m
2026-09-17T14:18:00-04:00	8.83	8.84	8.83	8.83	6250	yfinance_1m
2026-09-17T14:20:00-04:00	8.811	8.811	8.811	8.811	1310	yfinance_1m
2026-09-17T14:21:00-04:00	8.82	8.8298	8.82	8.8298	3604	yfinance_1m
2026-09-17T14:22:00-04:00	8.815	8.82	8.81	8.82	5295	yfinance_1m
2026-09-17T14:23:00-04:00	8.82	8.84	8.82	8.83	8771	yfinance_1m
2026-09-17T14:24:00-04:00	8.81	8.81	8.76	8.76	4478	yfinance_1m
2026-09-17T14:25:00-04:00	8.77	8.79	8.77	8.79	3484	yfinance_1m
2026-09-17T14:26:00-04:00	8.79	8.79	8.79	8.79	2292	yfinance_1m
2026-09-17T14:27:00-04:00	8.8	8.8	8.79	8.8	2450	yfinance_1m
2026-09-17T14:28:00-04:00	8.805	8.835	8.805	8.83	6557	yfinance_1m
2026-09-17T14:29:00-04:00	8.83	8.83	8.8167	8.82	9036	yfinance_1m
2026-09-17T14:30:00-04:00	8.83	8.83	8.815	8.815	1038	yfinance_1m
2026-09-17T14:31:00-04:00	8.815	8.82	8.815	8.82	4595	yfinance_1m
2026-09-17T14:32:00-04:00	8.82	8.82	8.82	8.82	0	yfinance_1m
