timestamp_et	close	running_vwap	volume
2026-09-14T09:30:00-04:00	7.7300	7.7533	18345
2026-09-14T09:31:00-04:00	7.8200	7.7549	521
2026-09-14T09:32:00-04:00	7.8190	7.7559	297
2026-09-14T09:33:00-04:00	7.8440	7.7581	487
2026-09-14T09:34:00-04:00	7.8800	7.7622	722
2026-09-14T09:36:00-04:00	7.8390	7.7715	2339
2026-09-14T09:37:00-04:00	7.7000	7.7691	67038
2026-09-14T09:38:00-04:00	7.7250	7.7611	21885
2026-09-14T09:39:00-04:00	7.6900	7.7532	16496
2026-09-14T09:40:00-04:00	7.6850	7.7511	4620
2026-09-14T09:41:00-04:00	7.6750	7.7504	1383
2026-09-14T09:42:00-04:00	7.7000	7.7454	12006
2026-09-14T09:43:00-04:00	7.7400	7.7450	6175
2026-09-14T09:44:00-04:00	7.7500	7.7451	2813
2026-09-14T09:45:00-04:00	7.7800	7.7458	3721
2026-09-14T09:46:00-04:00	7.7950	7.7468	3457
2026-09-14T09:47:00-04:00	7.7700	7.7478	4648
2026-09-14T09:48:00-04:00	7.8100	7.7485	2499
2026-09-14T09:49:00-04:00	7.7950	7.7501	5233
2026-09-14T09:50:00-04:00	7.7610	7.7510	5629
2026-09-14T09:51:00-04:00	7.7750	7.7516	6273
2026-09-14T09:52:00-04:00	7.8300	7.7528	3342
2026-09-14T09:53:00-04:00	7.8600	7.7534	922
2026-09-14T09:54:00-04:00	7.8800	7.7658	20756
2026-09-14T09:55:00-04:00	7.8650	7.7699	9616
2026-09-14T09:56:00-04:00	7.8510	7.7727	6348
2026-09-14T09:57:00-04:00	7.8700	7.7731	849
2026-09-14T09:58:00-04:00	7.8900	7.7844	27136
2026-09-14T09:59:00-04:00	7.9000	7.7881	8433
2026-09-14T10:00:00-04:00	7.8850	7.7920	10608
2026-09-14T10:01:00-04:00	7.8910	7.7968	12712
2026-09-14T10:02:00-04:00	7.8450	7.7988	8902
2026-09-14T10:03:00-04:00	7.8600	7.7995	3065
2026-09-14T10:04:00-04:00	7.8500	7.7996	1095
2026-09-14T10:05:00-04:00	7.8650	7.8007	5584
2026-09-14T10:06:00-04:00	7.9300	7.8069	19034
2026-09-14T10:07:00-04:00	7.9500	7.8100	7084
2026-09-14T10:08:00-04:00	8.0200	7.8155	10232
2026-09-14T10:09:00-04:00	8.0050	7.8197	7490
2026-09-14T10:10:00-04:00	8.0100	7.8231	6256
2026-09-14T10:11:00-04:00	8.1317	7.8409	25025
2026-09-14T10:12:00-04:00	8.0650	7.8470	9935
2026-09-14T10:13:00-04:00	8.0500	7.8481	2182
2026-09-14T10:14:00-04:00	8.0700	7.8508	5086
2026-09-14T10:15:00-04:00	8.0340	7.8561	10905
2026-09-14T10:16:00-04:00	8.0400	7.8568	1713
2026-09-14T10:17:00-04:00	8.0640	7.8614	9541
2026-09-14T10:18:00-04:00	8.0400	7.8621	1481
2026-09-14T10:19:00-04:00	8.1000	7.8646	4876
2026-09-14T10:20:00-04:00	8.0850	7.8656	1977
2026-09-14T10:21:00-04:00	8.0800	7.8675	3961
2026-09-14T10:22:00-04:00	8.0750	7.8686	2237
2026-09-14T10:23:00-04:00	8.0500	7.8701	3682
2026-09-14T10:24:00-04:00	8.0700	7.8727	5988
2026-09-14T10:25:00-04:00	8.0400	7.8748	5447
2026-09-14T10:26:00-04:00	8.0500	7.8753	1386
2026-09-14T10:27:00-04:00	8.0572	7.8769	4108
2026-09-14T10:28:00-04:00	8.0500	7.8781	2994
2026-09-14T10:29:00-04:00	8.0490	7.8800	5206
2026-09-14T10:30:00-04:00	8.0900	7.8834	7738
2026-09-14T10:31:00-04:00	8.1100	7.8869	7783
2026-09-14T10:32:00-04:00	8.0800	7.8888	4640
2026-09-14T10:33:00-04:00	8.1100	7.8912	5351
2026-09-14T10:34:00-04:00	8.1100	7.8919	1546
2026-09-14T10:35:00-04:00	8.0690	7.8937	4666
2026-09-14T10:36:00-04:00	8.0650	7.8952	4225
2026-09-14T10:37:00-04:00	8.0790	7.9004	15675
2026-09-14T10:38:00-04:00	8.0823	7.9068	18055
2026-09-14T10:39:00-04:00	8.0900	7.9094	7323
2026-09-14T10:40:00-04:00	8.0600	7.9124	10543
2026-09-14T10:41:00-04:00	8.0500	7.9137	4782
2026-09-14T10:42:00-04:00	8.0402	7.9147	4498
2026-09-14T10:43:00-04:00	8.0300	7.9151	1887
2026-09-14T10:44:00-04:00	8.0400	7.9160	4358
2026-09-14T10:45:00-04:00	8.0900	7.9173	4650
2026-09-14T10:46:00-04:00	8.1000	7.9188	4699
2026-09-14T10:47:00-04:00	8.0800	7.9193	1516
2026-09-14T10:48:00-04:00	8.0850	7.9211	6546
2026-09-14T10:49:00-04:00	8.0800	7.9214	878
2026-09-14T10:50:00-04:00	8.0708	7.9218	1705
2026-09-14T10:51:00-04:00	8.0750	7.9225	2777
2026-09-14T10:52:00-04:00	8.0600	7.9235	3972
2026-09-14T10:53:00-04:00	8.0600	7.9237	1012
2026-09-14T10:54:00-04:00	8.0400	7.9241	1722
2026-09-14T10:55:00-04:00	8.0300	7.9248	4210
2026-09-14T10:56:00-04:00	8.0200	7.9254	3823
2026-09-14T10:57:00-04:00	8.0500	7.9260	3226
2026-09-14T10:58:00-04:00	8.0600	7.9266	2550
2026-09-14T10:59:00-04:00	8.0350	7.9276	5621
2026-09-14T11:00:00-04:00	8.0300	7.9287	6669
2026-09-14T11:01:00-04:00	8.0400	7.9292	2717
2026-09-14T11:02:00-04:00	8.0600	7.9298	3405
2026-09-14T11:03:00-04:00	8.1000	7.9308	4083
2026-09-14T11:04:00-04:00	8.0900	7.9315	2593
2026-09-14T11:05:00-04:00	8.1100	7.9332	6104
2026-09-14T11:06:00-04:00	8.1650	7.9372	11607
2026-09-14T11:07:00-04:00	8.1600	7.9379	2039
2026-09-14T11:08:00-04:00	8.1650	7.9399	6007
2026-09-14T11:09:00-04:00	8.1400	7.9422	7378
2026-09-14T11:10:00-04:00	8.1500	7.9440	5795
2026-09-14T11:11:00-04:00	8.1500	7.9449	3099
2026-09-14T11:12:00-04:00	8.1400	7.9453	1312
2026-09-14T11:13:00-04:00	8.1300	7.9455	623
2026-09-14T11:14:00-04:00	8.1300	7.9460	1777
2026-09-14T11:15:00-04:00	8.1200	7.9488	10934
2026-09-14T11:16:00-04:00	8.1300	7.9488	216
2026-09-14T11:17:00-04:00	8.0910	7.9502	6350
2026-09-14T11:18:00-04:00	8.1000	7.9512	4644
2026-09-14T11:19:00-04:00	8.1100	7.9522	4622
2026-09-14T11:20:00-04:00	8.1050	7.9526	1623
2026-09-14T11:21:00-04:00	8.1000	7.9537	5360
2026-09-14T11:22:00-04:00	8.1300	7.9541	1941
2026-09-14T11:23:00-04:00	8.1400	7.9551	3684
2026-09-14T11:24:00-04:00	8.1500	7.9556	2085
2026-09-14T11:25:00-04:00	8.1500	7.9566	3488
2026-09-14T11:26:00-04:00	8.1537	7.9575	3455
2026-09-14T11:27:00-04:00	8.1500	7.9576	440
2026-09-14T11:28:00-04:00	8.1310	7.9583	2975
2026-09-14T11:29:00-04:00	8.1392	7.9591	3219
2026-09-14T11:30:00-04:00	8.1200	7.9602	4805
2026-09-14T11:31:00-04:00	8.0910	7.9613	6154
2026-09-14T11:32:00-04:00	8.1200	7.9631	9192
2026-09-14T11:33:00-04:00	8.1600	7.9640	3479
2026-09-14T11:34:00-04:00	8.1500	7.9641	532
2026-09-14T11:35:00-04:00	8.1300	7.9646	2283
2026-09-14T11:36:00-04:00	8.1200	7.9651	2186
2026-09-14T11:37:00-04:00	8.1300	7.9658	3412
2026-09-14T11:38:00-04:00	8.1400	7.9669	5029
2026-09-14T11:39:00-04:00	8.1450	7.9670	592
2026-09-14T11:40:00-04:00	8.1300	7.9676	2733
2026-09-14T11:41:00-04:00	8.1300	7.9685	4494
2026-09-14T11:42:00-04:00	8.1350	7.9688	1219
2026-09-14T11:43:00-04:00	8.0900	7.9698	6152
2026-09-14T11:44:00-04:00	8.0900	7.9703	3480
2026-09-14T11:45:00-04:00	8.0700	7.9707	2405
2026-09-14T11:46:00-04:00	8.0400	7.9709	2583
2026-09-14T11:47:00-04:00	8.0500	7.9715	5515
2026-09-14T11:48:00-04:00	8.0700	7.9720	4275
2026-09-14T11:49:00-04:00	8.0500	7.9722	2312
2026-09-14T11:50:00-04:00	8.0600	7.9725	3372
2026-09-14T11:51:00-04:00	8.0600	7.9729	3634
2026-09-14T11:52:00-04:00	8.0750	7.9732	2123
2026-09-14T11:53:00-04:00	8.0600	7.9733	1032
2026-09-14T11:54:00-04:00	8.0700	7.9735	1896
2026-09-14T11:55:00-04:00	8.0700	7.9738	2936
2026-09-14T11:56:00-04:00	8.0800	7.9742	2889
2026-09-14T11:57:00-04:00	8.0750	7.9745	2563
2026-09-14T11:58:00-04:00	8.0750	7.9749	3432
2026-09-14T11:59:00-04:00	8.0800	7.9757	6309
2026-09-14T12:00:00-04:00	8.0600	7.9771	11732
2026-09-14T12:01:00-04:00	8.0600	7.9775	4619
2026-09-14T12:02:00-04:00	8.0800	7.9779	3149
2026-09-14T12:03:00-04:00	8.0800	7.9783	3448
2026-09-14T12:04:00-04:00	8.0650	7.9784	615
2026-09-14T12:05:00-04:00	8.0200	7.9788	8306
2026-09-14T12:06:00-04:00	8.0000	7.9789	2509
2026-09-14T12:07:00-04:00	8.0100	7.9791	7264
2026-09-14T12:09:00-04:00	8.0000	7.9792	1674
2026-09-14T12:10:00-04:00	8.0000	7.9793	4046
2026-09-14T12:11:00-04:00	8.0100	7.9794	4175
2026-09-14T12:12:00-04:00	8.0050	7.9795	1746
2026-09-14T12:13:00-04:00	8.0300	7.9797	5275
2026-09-14T12:14:00-04:00	8.0300	7.9799	2441
2026-09-14T12:15:00-04:00	8.0600	7.9801	2738
2026-09-14T12:16:00-04:00	8.0700	7.9808	7646
2026-09-14T12:17:00-04:00	8.0600	7.9811	2341
2026-09-14T12:18:00-04:00	8.0500	7.9811	405
2026-09-14T12:19:00-04:00	8.0600	7.9814	4015
2026-09-14T12:20:00-04:00	8.0500	7.9815	1096
2026-09-14T12:21:00-04:00	8.0550	7.9816	1613
2026-09-14T12:22:00-04:00	8.0600	7.9821	5869
2026-09-14T12:23:00-04:00	8.0650	7.9823	1836
2026-09-14T12:24:00-04:00	8.0600	7.9824	1297
2026-09-14T12:25:00-04:00	8.0300	7.9827	5398
2026-09-14T12:26:00-04:00	8.0200	7.9829	4662
2026-09-14T12:27:00-04:00	8.0100	7.9830	2907
2026-09-14T12:28:00-04:00	8.0100	7.9831	949
2026-09-14T12:29:00-04:00	8.0000	7.9831	3769
2026-09-14T12:30:00-04:00	7.9750	7.9831	4135
2026-09-14T12:31:00-04:00	7.9900	7.9831	3688
2026-09-14T12:32:00-04:00	7.9900	7.9832	1501
2026-09-14T12:33:00-04:00	7.9700	7.9831	1402
2026-09-14T12:34:00-04:00	7.9650	7.9831	2079
2026-09-14T12:35:00-04:00	7.9500	7.9831	986
2026-09-14T12:36:00-04:00	7.9700	7.9830	6593
2026-09-14T12:37:00-04:00	7.9650	7.9830	973
2026-09-14T12:38:00-04:00	7.9600	7.9829	1523
2026-09-14T12:39:00-04:00	7.9700	7.9828	5873
2026-09-14T12:40:00-04:00	7.9609	7.9828	873
2026-09-14T12:41:00-04:00	7.9500	7.9827	2478
2026-09-14T12:42:00-04:00	7.9400	7.9827	1139
2026-09-14T12:43:00-04:00	7.9400	7.9826	1985
2026-09-14T12:44:00-04:00	7.9400	7.9825	2296
2026-09-14T12:45:00-04:00	7.9300	7.9824	1359
2026-09-14T12:46:00-04:00	7.9300	7.9823	1793
2026-09-14T12:47:00-04:00	7.9700	7.9821	7210
2026-09-14T12:48:00-04:00	8.0250	7.9822	3198
2026-09-14T12:49:00-04:00	8.0200	7.9823	2029
2026-09-14T12:50:00-04:00	8.0100	7.9824	2263
2026-09-14T12:51:00-04:00	8.0100	7.9825	3878
2026-09-14T12:52:00-04:00	8.0100	7.9826	2327
2026-09-14T12:53:00-04:00	8.0000	7.9826	1235
2026-09-14T12:54:00-04:00	8.0000	7.9826	1103
2026-09-14T12:55:00-04:00	8.0000	7.9826	2622
2026-09-14T12:56:00-04:00	7.9800	7.9826	622
2026-09-14T12:57:00-04:00	7.9700	7.9826	3215
2026-09-14T12:58:00-04:00	7.9600	7.9826	3910
2026-09-14T12:59:00-04:00	7.9500	7.9825	3131
2026-09-14T13:00:00-04:00	7.9300	7.9824	2511
2026-09-14T13:01:00-04:00	7.9200	7.9822	3310
2026-09-14T13:02:00-04:00	7.9200	7.9821	1230
2026-09-14T13:03:00-04:00	7.9000	7.9819	2670
2026-09-14T13:04:00-04:00	7.9250	7.9816	5377
2026-09-14T13:05:00-04:00	7.9000	7.9814	2949
2026-09-14T13:06:00-04:00	7.8950	7.9809	6840
2026-09-14T13:07:00-04:00	7.8950	7.9805	4732
2026-09-14T13:08:00-04:00	7.8950	7.9785	21734
2026-09-14T13:09:00-04:00	7.9000	7.9781	5563
2026-09-14T13:10:00-04:00	7.8900	7.9779	2095
2026-09-14T13:11:00-04:00	7.8999	7.9776	4230
2026-09-14T13:12:00-04:00	7.8900	7.9773	3255
2026-09-14T13:13:00-04:00	7.8600	7.9770	3765
2026-09-14T13:14:00-04:00	7.8600	7.9767	2824
2026-09-14T13:15:00-04:00	7.8600	7.9765	1287
2026-09-14T13:16:00-04:00	7.8600	7.9761	4055
2026-09-14T13:17:00-04:00	7.8700	7.9759	2089
2026-09-14T13:18:00-04:00	7.8500	7.9752	7114
2026-09-14T13:19:00-04:00	7.8600	7.9748	2938
2026-09-14T13:20:00-04:00	7.8550	7.9743	5397
2026-09-14T13:21:00-04:00	7.8500	7.9741	2080
2026-09-14T13:22:00-04:00	7.8500	7.9739	1874
2026-09-14T13:23:00-04:00	7.8500	7.9737	1032
2026-09-14T13:24:00-04:00	7.8650	7.9733	4857
2026-09-14T13:25:00-04:00	7.8650	7.9731	1766
2026-09-14T13:26:00-04:00	7.8550	7.9726	4471
2026-09-14T13:27:00-04:00	7.8750	7.9723	4001
2026-09-14T13:28:00-04:00	7.8709	7.9719	4063
2026-09-14T13:29:00-04:00	7.8900	7.9716	3627
2026-09-14T13:30:00-04:00	7.8800	7.9714	3527
2026-09-14T13:31:00-04:00	7.8800	7.9710	4349
2026-09-14T13:32:00-04:00	7.8700	7.9710	315
2026-09-14T13:33:00-04:00	7.8700	7.9708	2169
2026-09-14T13:34:00-04:00	7.8700	7.9703	5433
2026-09-14T13:35:00-04:00	7.8650	7.9700	4213
2026-09-14T13:36:00-04:00	7.8600	7.9698	2096
2026-09-14T13:37:00-04:00	7.8500	7.9694	3285
2026-09-14T13:38:00-04:00	7.8350	7.9687	6511
2026-09-14T13:39:00-04:00	7.8550	7.9682	5421
2026-09-14T13:41:00-04:00	7.8550	7.9677	4581
2026-09-14T13:42:00-04:00	7.8550	7.9673	4300
2026-09-14T13:43:00-04:00	7.8550	7.9672	1321
2026-09-14T13:44:00-04:00	7.8650	7.9670	2269
2026-09-14T13:45:00-04:00	7.8650	7.9668	2437
2026-09-14T13:46:00-04:00	7.8500	7.9664	3989
2026-09-14T13:47:00-04:00	7.8550	7.9663	1162
2026-09-14T13:48:00-04:00	7.8600	7.9657	6861
2026-09-14T13:49:00-04:00	7.8650	7.9654	3311
2026-09-14T13:50:00-04:00	7.8700	7.9651	3868
2026-09-14T13:51:00-04:00	7.8800	7.9650	1392
2026-09-14T13:52:00-04:00	7.8850	7.9648	3930
2026-09-14T13:53:00-04:00	7.8800	7.9645	3748
2026-09-14T13:54:00-04:00	7.8850	7.9643	2393
2026-09-14T13:55:00-04:00	7.8950	7.9639	7072
2026-09-14T13:57:00-04:00	7.8900	7.9639	355
2026-09-14T13:58:00-04:00	7.8950	7.9633	10202
2026-09-14T13:59:00-04:00	7.9050	7.9631	5765
2026-09-14T14:00:00-04:00	7.8900	7.9629	3161
2026-09-14T14:01:00-04:00	7.8900	7.9626	4467
2026-09-14T14:02:00-04:00	7.8900	7.9626	1479
2026-09-14T14:03:00-04:00	7.8800	7.9623	3549
2026-09-14T14:04:00-04:00	7.8892	7.9622	1799
2026-09-14T14:05:00-04:00	7.8600	7.9615	10266
2026-09-14T14:06:00-04:00	7.8650	7.9610	5672
2026-09-14T14:07:00-04:00	7.8650	7.9609	1503
2026-09-14T14:08:00-04:00	7.8500	7.9606	4326
2026-09-14T14:09:00-04:00	7.8650	7.9602	4452
2026-09-14T14:10:00-04:00	7.8650	7.9602	753
2026-09-14T14:11:00-04:00	7.8750	7.9597	6937
2026-09-14T14:12:00-04:00	7.8750	7.9596	1979
2026-09-14T14:13:00-04:00	7.9000	7.9591	9308
2026-09-14T14:14:00-04:00	7.9050	7.9591	240
2026-09-14T14:15:00-04:00	7.9050	7.9590	3064
2026-09-14T14:16:00-04:00	7.9050	7.9588	4271
2026-09-14T14:17:00-04:00	7.9150	7.9585	6836
2026-09-14T14:18:00-04:00	7.8800	7.9578	14969
2026-09-14T14:19:00-04:00	7.8900	7.9575	5393
2026-09-14T14:20:00-04:00	7.8850	7.9574	1996
2026-09-14T14:21:00-04:00	7.8800	7.9573	2267
2026-09-14T14:22:00-04:00	7.8850	7.9572	1963
2026-09-14T14:23:00-04:00	7.8800	7.9571	1462
2026-09-14T14:24:00-04:00	7.8750	7.9569	2765
2026-09-14T14:25:00-04:00	7.8700	7.9568	2673
2026-09-14T14:26:00-04:00	7.8600	7.9565	3259
2026-09-14T14:27:00-04:00	7.8600	7.9564	2760
2026-09-14T14:28:00-04:00	7.8450	7.9553	13615
2026-09-14T14:29:00-04:00	7.8350	7.9548	6059
2026-09-14T14:30:00-04:00	7.8250	7.9544	4629
2026-09-14T14:31:00-04:00	7.8250	7.9542	1938
2026-09-14T14:32:00-04:00	7.8376	7.9538	4220
2026-09-14T14:33:00-04:00	7.8350	7.9536	2736
2026-09-14T14:34:00-04:00	7.8350	7.9534	1632
2026-09-14T14:35:00-04:00	7.8350	7.9534	863
2026-09-14T14:36:00-04:00	7.8300	7.9531	2498
2026-09-14T14:37:00-04:00	7.8250	7.9524	8146
2026-09-14T14:38:00-04:00	7.8250	7.9522	2739
2026-09-14T14:39:00-04:00	7.8250	7.9517	5485
2026-09-14T14:40:00-04:00	7.8200	7.9515	2528
2026-09-14T14:41:00-04:00	7.8200	7.9512	2438
2026-09-14T14:42:00-04:00	7.8250	7.9508	5337
2026-09-14T14:43:00-04:00	7.8250	7.9505	3381
2026-09-14T14:44:00-04:00	7.8250	7.9503	1662
2026-09-14T14:45:00-04:00	7.8200	7.9501	2042
2026-09-14T14:46:00-04:00	7.8100	7.9492	10276
2026-09-14T14:47:00-04:00	7.8150	7.9490	1761
2026-09-14T14:48:00-04:00	7.8200	7.9488	2398
2026-09-14T14:49:00-04:00	7.8150	7.9486	2157
2026-09-14T14:50:00-04:00	7.8050	7.9478	8107
2026-09-14T14:51:00-04:00	7.8100	7.9473	5618
2026-09-14T14:52:00-04:00	7.8276	7.9468	5685
2026-09-14T14:53:00-04:00	7.8301	7.9465	3268
2026-09-14T14:54:00-04:00	7.8350	7.9463	3190
2026-09-14T14:55:00-04:00	7.8350	7.9462	1089
2026-09-14T14:56:00-04:00	7.8350	7.9460	2235
2026-09-14T14:57:00-04:00	7.8450	7.9454	10201
2026-09-14T14:58:00-04:00	7.8550	7.9451	4502
2026-09-14T14:59:00-04:00	7.8450	7.9445	9046
2026-09-14T15:00:00-04:00	7.8500	7.9437	12149
2026-09-14T15:01:00-04:00	7.8430	7.9435	2640
2026-09-14T15:02:00-04:00	7.8500	7.9433	3411
2026-09-14T15:03:00-04:00	7.8550	7.9428	7745
2026-09-14T15:04:00-04:00	7.8550	7.9428	1123
2026-09-14T15:05:00-04:00	7.8400	7.9425	3951
2026-09-14T15:06:00-04:00	7.8400	7.9423	2879
2026-09-14T15:07:00-04:00	7.8450	7.9421	4546
2026-09-14T15:08:00-04:00	7.8300	7.9412	12185
2026-09-14T15:09:00-04:00	7.8250	7.9411	1954
2026-09-14T15:10:00-04:00	7.8250	7.9410	1620
2026-09-14T15:11:00-04:00	7.8201	7.9404	6791
2026-09-14T15:12:00-04:00	7.8215	7.9402	3132
2026-09-14T15:13:00-04:00	7.8350	7.9397	6822
2026-09-14T15:14:00-04:00	7.8350	7.9396	1951
2026-09-14T15:15:00-04:00	7.8250	7.9391	7155
2026-09-14T15:16:00-04:00	7.8250	7.9389	2481
2026-09-14T15:17:00-04:00	7.8250	7.9388	1615
2026-09-14T15:18:00-04:00	7.8293	7.9381	9992
2026-09-14T15:19:00-04:00	7.8250	7.9379	2986
2026-09-14T15:20:00-04:00	7.8250	7.9378	1366
2026-09-14T15:21:00-04:00	7.8350	7.9374	6453
2026-09-14T15:22:00-04:00	7.8300	7.9372	2509
2026-09-14T15:23:00-04:00	7.8350	7.9371	2945
2026-09-14T15:24:00-04:00	7.8350	7.9370	1636
2026-09-14T15:25:00-04:00	7.8350	7.9368	3155
2026-09-14T15:26:00-04:00	7.8600	7.9359	16620
2026-09-14T15:27:00-04:00	7.8750	7.9357	5766
2026-09-14T15:28:00-04:00	7.8550	7.9349	16723
2026-09-14T15:29:00-04:00	7.8550	7.9345	9183
2026-09-14T15:30:00-04:00	7.8900	7.9340	13605
2026-09-14T15:31:00-04:00	7.9000	7.9339	4160
2026-09-14T15:32:00-04:00	7.8989	7.9339	3283
2026-09-14T15:33:00-04:00	7.8950	7.9337	8330
2026-09-14T15:34:00-04:00	7.8300	7.9324	28738
2026-09-14T15:35:00-04:00	7.8250	7.9322	3539
2026-09-14T15:36:00-04:00	7.8350	7.9317	8578
2026-09-14T15:37:00-04:00	7.8300	7.9310	12371
2026-09-14T15:38:00-04:00	7.8350	7.9303	12996
2026-09-14T15:39:00-04:00	7.8400	7.9297	11013
2026-09-14T15:40:00-04:00	7.8150	7.9290	10868
2026-09-14T15:41:00-04:00	7.8300	7.9284	10241
2026-09-14T15:42:00-04:00	7.8350	7.9282	5245
2026-09-14T15:43:00-04:00	7.8300	7.9280	3348
2026-09-14T15:44:00-04:00	7.8250	7.9275	8695
2026-09-14T15:45:00-04:00	7.8200	7.9271	6599
2026-09-14T15:46:00-04:00	7.8250	7.9265	10147
2026-09-14T15:47:00-04:00	7.8250	7.9264	2671
2026-09-14T15:48:00-04:00	7.8150	7.9258	9834
2026-09-14T15:49:00-04:00	7.8000	7.9242	24883
2026-09-14T15:50:00-04:00	7.7850	7.9227	20416
2026-09-14T15:51:00-04:00	7.7800	7.9196	41435
2026-09-14T15:52:00-04:00	7.7800	7.9182	19770
2026-09-14T15:53:00-04:00	7.7700	7.9174	11405
2026-09-14T15:54:00-04:00	7.7500	7.9160	17764
2026-09-14T15:55:00-04:00	7.7250	7.9129	33748
2026-09-14T15:56:00-04:00	7.6900	7.9087	40832
2026-09-14T15:57:00-04:00	7.7150	7.9033	56889
2026-09-14T15:58:00-04:00	7.6850	7.8926	113390
2026-09-14T15:59:00-04:00	7.7150	7.8843	104731
2026-09-15T09:30:00-04:00	7.7000	7.6533	34366
2026-09-15T09:31:00-04:00	7.7100	7.6590	4402
2026-09-15T09:32:00-04:00	7.7450	7.6672	3995
2026-09-15T09:33:00-04:00	7.6200	7.6661	5952
2026-09-15T09:34:00-04:00	7.5700	7.6632	2287
2026-09-15T09:35:00-04:00	7.6600	7.6604	4999
2026-09-15T09:36:00-04:00	7.6650	7.6605	2762
2026-09-15T09:37:00-04:00	7.7000	7.6654	19712
2026-09-15T09:38:00-04:00	7.7300	7.6671	2895
2026-09-15T09:39:00-04:00	7.7500	7.6697	2808
2026-09-15T09:40:00-04:00	7.8250	7.6848	10530
2026-09-15T09:41:00-04:00	7.8650	7.6944	5045
2026-09-15T09:42:00-04:00	7.8950	7.6995	2753
2026-09-15T09:43:00-04:00	7.9200	7.7036	2123
2026-09-15T09:44:00-04:00	7.9100	7.7056	1035
2026-09-15T09:45:00-04:00	7.8275	7.7395	37237
2026-09-15T09:46:00-04:00	7.8000	7.7399	866
2026-09-15T09:47:00-04:00	7.7650	7.7404	2035
2026-09-15T09:48:00-04:00	7.7800	7.7407	1364
2026-09-15T09:49:00-04:00	7.7400	7.7407	610
2026-09-15T09:50:00-04:00	7.6750	7.7388	5335
2026-09-15T09:51:00-04:00	7.6954	7.7379	3066
2026-09-15T09:52:00-04:00	7.7100	7.7375	1868
2026-09-15T09:53:00-04:00	7.7100	7.7370	3136
2026-09-15T09:54:00-04:00	7.7100	7.7368	1883
2026-09-15T09:55:00-04:00	7.7200	7.7359	7545
2026-09-15T09:56:00-04:00	7.7300	7.7357	4296
2026-09-15T09:57:00-04:00	7.7100	7.7353	3048
2026-09-15T09:58:00-04:00	7.7100	7.7351	1631
2026-09-15T09:59:00-04:00	7.6850	7.7347	1647
2026-09-15T10:00:00-04:00	7.6700	7.7341	1752
2026-09-15T10:01:00-04:00	7.6400	7.7319	4959
2026-09-15T10:02:00-04:00	7.6100	7.7310	1477
2026-09-15T10:03:00-04:00	7.5950	7.7276	5388
2026-09-15T10:04:00-04:00	7.6000	7.7271	705
2026-09-15T10:05:00-04:00	7.6000	7.7258	2034
2026-09-15T10:06:00-04:00	7.5750	7.7227	4298
2026-09-15T10:07:00-04:00	7.5900	7.7206	3132
2026-09-15T10:08:00-04:00	7.5800	7.7178	4271
2026-09-15T10:09:00-04:00	7.6250	7.7138	8322
2026-09-15T10:10:00-04:00	7.6250	7.7127	2547
2026-09-15T10:11:00-04:00	7.6100	7.7109	4225
2026-09-15T10:12:00-04:00	7.5800	7.7099	1783
2026-09-15T10:13:00-04:00	7.6050	7.7090	1965
2026-09-15T10:14:00-04:00	7.5550	7.7040	7998
2026-09-15T10:15:00-04:00	7.5600	7.7012	4467
2026-09-15T10:16:00-04:00	7.5900	7.6990	4414
2026-09-15T10:17:00-04:00	7.5800	7.6966	5652
2026-09-15T10:18:00-04:00	7.5800	7.6951	3325
2026-09-15T10:19:00-04:00	7.6000	7.6881	18611
2026-09-15T10:20:00-04:00	7.6175	7.6864	6286
2026-09-15T10:21:00-04:00	7.6000	7.6859	1825
2026-09-15T10:22:00-04:00	7.6100	7.6851	3285
2026-09-15T10:23:00-04:00	7.5935	7.6837	4225
2026-09-15T10:24:00-04:00	7.5800	7.6819	5260
2026-09-15T10:25:00-04:00	7.5500	7.6812	1544
2026-09-15T10:26:00-04:00	7.5700	7.6806	1472
2026-09-15T10:27:00-04:00	7.5950	7.6780	8275
2026-09-15T10:28:00-04:00	7.6000	7.6771	3372
2026-09-15T10:29:00-04:00	7.6000	7.6763	3564
2026-09-15T10:30:00-04:00	7.6000	7.6759	1782
2026-09-15T10:32:00-04:00	7.6000	7.6749	4097
2026-09-15T10:33:00-04:00	7.6100	7.6745	1996
2026-09-15T10:34:00-04:00	7.6150	7.6738	3331
2026-09-15T10:35:00-04:00	7.6100	7.6731	3812
2026-09-15T10:36:00-04:00	7.6300	7.6718	9264
2026-09-15T10:37:00-04:00	7.6500	7.6717	1196
2026-09-15T10:38:00-04:00	7.6400	7.6715	1867
2026-09-15T10:39:00-04:00	7.6400	7.6711	4548
2026-09-15T10:40:00-04:00	7.6237	7.6709	1567
2026-09-15T10:41:00-04:00	7.6100	7.6707	1591
2026-09-15T10:42:00-04:00	7.6100	7.6686	11139
2026-09-15T10:43:00-04:00	7.6150	7.6682	2341
2026-09-15T10:44:00-04:00	7.6150	7.6679	1774
2026-09-15T10:45:00-04:00	7.6400	7.6676	3179
2026-09-15T10:46:00-04:00	7.6300	7.6662	14440
2026-09-15T10:47:00-04:00	7.6100	7.6661	501
2026-09-15T10:48:00-04:00	7.6150	7.6658	1946
2026-09-15T10:49:00-04:00	7.6045	7.6654	3002
2026-09-15T10:50:00-04:00	7.6000	7.6652	1160
2026-09-15T10:51:00-04:00	7.6197	7.6646	3727
2026-09-15T10:52:00-04:00	7.5900	7.6640	3400
2026-09-15T10:53:00-04:00	7.5801	7.6632	3846
2026-09-15T10:54:00-04:00	7.5850	7.6618	7193
2026-09-15T10:55:00-04:00	7.5800	7.6604	7217
2026-09-15T10:56:00-04:00	7.5900	7.6596	4025
2026-09-15T10:57:00-04:00	7.5900	7.6590	4311
2026-09-15T10:58:00-04:00	7.5900	7.6587	1771
2026-09-15T10:59:00-04:00	7.5800	7.6584	1680
2026-09-15T11:00:00-04:00	7.5900	7.6580	2663
2026-09-15T11:01:00-04:00	7.5918	7.6572	5096
2026-09-15T11:02:00-04:00	7.5700	7.6568	2048
2026-09-15T11:03:00-04:00	7.5600	7.6566	818
2026-09-15T11:04:00-04:00	7.5750	7.6563	1756
2026-09-15T11:05:00-04:00	7.5850	7.6522	27255
2026-09-15T11:06:00-04:00	7.5600	7.6512	4960
2026-09-15T11:07:00-04:00	7.6000	7.6505	5184
2026-09-15T11:08:00-04:00	7.5900	7.6503	1170
2026-09-15T11:09:00-04:00	7.5800	7.6498	4065
2026-09-15T11:10:00-04:00	7.5700	7.6497	281
2026-09-15T11:11:00-04:00	7.5800	7.6490	4664
2026-09-15T11:13:00-04:00	7.5600	7.6484	3452
2026-09-15T11:14:00-04:00	7.5600	7.6481	1592
2026-09-15T11:15:00-04:00	7.5700	7.6480	618
2026-09-15T11:16:00-04:00	7.5550	7.6467	7044
2026-09-15T11:17:00-04:00	7.5500	7.6462	2476
2026-09-15T11:18:00-04:00	7.5600	7.6457	3203
2026-09-15T11:19:00-04:00	7.5400	7.6451	2968
2026-09-15T11:21:00-04:00	7.5400	7.6445	2635
2026-09-15T11:22:00-04:00	7.5450	7.6444	575
2026-09-15T11:23:00-04:00	7.5550	7.6427	9820
2026-09-15T11:24:00-04:00	7.5300	7.6349	39997
2026-09-15T11:25:00-04:00	7.5200	7.6345	1846
2026-09-15T11:26:00-04:00	7.5101	7.6321	11005
2026-09-15T11:27:00-04:00	7.5100	7.6313	4315
2026-09-15T11:28:00-04:00	7.5100	7.6304	4423
2026-09-15T11:29:00-04:00	7.5100	7.6295	4039
2026-09-15T11:30:00-04:00	7.5250	7.6284	6269
2026-09-15T11:31:00-04:00	7.5400	7.6256	18520
2026-09-15T11:32:00-04:00	7.5200	7.6253	1855
2026-09-15T11:33:00-04:00	7.5250	7.6246	4594
2026-09-15T11:34:00-04:00	7.5300	7.6238	4582
2026-09-15T11:35:00-04:00	7.5300	7.6217	15519
2026-09-15T11:36:00-04:00	7.5600	7.6208	7990
2026-09-15T11:37:00-04:00	7.5600	7.6207	1247
2026-09-15T11:38:00-04:00	7.5600	7.6204	2258
2026-09-15T11:39:00-04:00	7.5400	7.6202	2297
2026-09-15T11:40:00-04:00	7.5500	7.6201	1014
2026-09-15T11:41:00-04:00	7.5450	7.6198	2603
2026-09-15T11:42:00-04:00	7.5500	7.6197	1019
2026-09-15T11:43:00-04:00	7.5700	7.6192	5616
2026-09-15T11:44:00-04:00	7.5700	7.6190	1715
2026-09-15T11:45:00-04:00	7.5500	7.6172	19082
2026-09-15T11:46:00-04:00	7.5600	7.6170	2585
2026-09-15T11:47:00-04:00	7.5500	7.6169	1116
2026-09-15T11:48:00-04:00	7.5500	7.6167	1659
2026-09-15T11:49:00-04:00	7.5600	7.6166	1748
2026-09-15T11:50:00-04:00	7.5800	7.6165	1797
2026-09-15T11:51:00-04:00	7.5700	7.6160	7083
2026-09-15T11:52:00-04:00	7.5902	7.6159	3207
2026-09-15T11:53:00-04:00	7.6000	7.6158	1816
2026-09-15T11:54:00-04:00	7.6100	7.6158	628
2026-09-15T11:55:00-04:00	7.6100	7.6158	3161
2026-09-15T11:56:00-04:00	7.6000	7.6156	6222
2026-09-15T11:57:00-04:00	7.5800	7.6155	4018
2026-09-15T11:59:00-04:00	7.5800	7.6154	756
2026-09-15T12:00:00-04:00	7.5700	7.6152	3430
2026-09-15T12:01:00-04:00	7.5700	7.6151	2353
2026-09-15T12:02:00-04:00	7.5700	7.6149	3008
2026-09-15T12:03:00-04:00	7.5800	7.6148	1520
2026-09-15T12:04:00-04:00	7.5800	7.6145	6719
2026-09-15T12:05:00-04:00	7.5900	7.6144	3068
2026-09-15T12:07:00-04:00	7.6100	7.6144	2908
2026-09-15T12:08:00-04:00	7.6250	7.6144	1683
2026-09-15T12:09:00-04:00	7.6250	7.6144	2262
2026-09-15T12:10:00-04:00	7.6300	7.6145	1453
2026-09-15T12:11:00-04:00	7.6250	7.6145	963
2026-09-15T12:12:00-04:00	7.6250	7.6145	4277
2026-09-15T12:13:00-04:00	7.6100	7.6145	2656
2026-09-15T12:14:00-04:00	7.6000	7.6145	3578
2026-09-15T12:15:00-04:00	7.6500	7.6163	61708
2026-09-15T12:16:00-04:00	7.6400	7.6166	12204
2026-09-15T12:17:00-04:00	7.6400	7.6166	821
2026-09-15T12:18:00-04:00	7.6600	7.6170	9124
2026-09-15T12:19:00-04:00	7.6700	7.6174	7389
2026-09-15T12:20:00-04:00	7.6750	7.6174	714
2026-09-15T12:21:00-04:00	7.6900	7.6186	15524
2026-09-15T12:22:00-04:00	7.6900	7.6187	818
2026-09-15T12:23:00-04:00	7.7000	7.6201	15338
2026-09-15T12:24:00-04:00	7.6950	7.6209	9453
2026-09-15T12:25:00-04:00	7.6800	7.6212	4146
2026-09-15T12:26:00-04:00	7.7000	7.6215	3218
2026-09-15T12:27:00-04:00	7.7000	7.6217	3017
2026-09-15T12:28:00-04:00	7.7050	7.6227	11304
2026-09-15T12:29:00-04:00	7.7050	7.6227	247
2026-09-15T12:30:00-04:00	7.7050	7.6229	1533
2026-09-15T12:31:00-04:00	7.7400	7.6262	29354
2026-09-15T12:32:00-04:00	7.7550	7.6266	2972
2026-09-15T12:33:00-04:00	7.7550	7.6269	1977
2026-09-15T12:34:00-04:00	7.7400	7.6278	6992
2026-09-15T12:35:00-04:00	7.7400	7.6279	956
2026-09-15T12:36:00-04:00	7.7550	7.6284	4373
2026-09-15T12:37:00-04:00	7.7699	7.6287	1858
2026-09-15T12:38:00-04:00	7.7450	7.6295	6384
2026-09-15T12:39:00-04:00	7.7408	7.6297	1755
2026-09-15T12:40:00-04:00	7.7450	7.6308	8668
2026-09-15T12:41:00-04:00	7.7578	7.6315	5588
2026-09-15T12:42:00-04:00	7.7600	7.6316	708
2026-09-15T12:43:00-04:00	7.7600	7.6319	2815
2026-09-15T12:44:00-04:00	7.7600	7.6322	2276
2026-09-15T12:45:00-04:00	7.7800	7.6349	19434
2026-09-15T12:46:00-04:00	7.7850	7.6355	3595
2026-09-15T12:47:00-04:00	7.7800	7.6362	5327
2026-09-15T12:48:00-04:00	7.7800	7.6366	2746
2026-09-15T12:49:00-04:00	7.8100	7.6372	3469
2026-09-15T12:50:00-04:00	7.8300	7.6376	2254
2026-09-15T12:51:00-04:00	7.8500	7.6390	7062
2026-09-15T12:52:00-04:00	7.8700	7.6521	63643
2026-09-15T12:53:00-04:00	7.8775	7.6532	5282
2026-09-15T12:54:00-04:00	7.9050	7.6549	7841
2026-09-15T12:55:00-04:00	7.9450	7.6561	4701
2026-09-15T12:56:00-04:00	7.9450	7.6577	6378
2026-09-15T12:57:00-04:00	7.9100	7.6597	8448
2026-09-15T12:58:00-04:00	7.9400	7.6604	3175
2026-09-15T12:59:00-04:00	7.9200	7.6611	2772
2026-09-15T13:00:00-04:00	7.9150	7.6617	2717
2026-09-15T13:01:00-04:00	7.9100	7.6629	5777
2026-09-15T13:02:00-04:00	7.9250	7.6638	4189
2026-09-15T13:03:00-04:00	7.9300	7.6641	1103
2026-09-15T13:04:00-04:00	7.9100	7.6647	3121
2026-09-15T13:05:00-04:00	7.8700	7.6656	4699
2026-09-15T13:06:00-04:00	7.8800	7.6657	602
2026-09-15T13:07:00-04:00	7.8900	7.6663	2698
2026-09-15T13:08:00-04:00	7.8800	7.6670	4158
2026-09-15T13:09:00-04:00	7.8800	7.6677	3981
2026-09-15T13:10:00-04:00	7.8800	7.6680	1695
2026-09-15T13:11:00-04:00	7.9100	7.6688	3790
2026-09-15T13:12:00-04:00	7.9100	7.6691	1428
2026-09-15T13:13:00-04:00	7.9000	7.6699	4243
2026-09-15T13:14:00-04:00	7.8800	7.6708	5083
2026-09-15T13:15:00-04:00	7.8900	7.6711	1735
2026-09-15T13:16:00-04:00	7.8950	7.6714	1467
2026-09-15T13:17:00-04:00	7.8800	7.6715	411
2026-09-15T13:18:00-04:00	7.8900	7.6719	2014
2026-09-15T13:19:00-04:00	7.8800	7.6724	3013
2026-09-15T13:20:00-04:00	7.8700	7.6730	3501
2026-09-15T13:21:00-04:00	7.8700	7.6732	1590
2026-09-15T13:22:00-04:00	7.8600	7.6738	3730
2026-09-15T13:23:00-04:00	7.8600	7.6750	7410
2026-09-15T13:24:00-04:00	7.8450	7.6754	3336
2026-09-15T13:25:00-04:00	7.8300	7.6782	21962
2026-09-15T13:26:00-04:00	7.8500	7.6790	5718
2026-09-15T13:27:00-04:00	7.8500	7.6790	429
2026-09-15T13:28:00-04:00	7.8600	7.6797	4467
2026-09-15T13:29:00-04:00	7.8500	7.6800	2250
2026-09-15T13:30:00-04:00	7.8500	7.6803	2513
2026-09-15T13:31:00-04:00	7.8500	7.6804	853
2026-09-15T13:32:00-04:00	7.8550	7.6812	5581
2026-09-15T13:33:00-04:00	7.8500	7.6821	6420
2026-09-15T13:34:00-04:00	7.8500	7.6821	403
2026-09-15T13:35:00-04:00	7.8500	7.6828	4749
2026-09-15T13:36:00-04:00	7.8500	7.6828	618
2026-09-15T13:37:00-04:00	7.8700	7.6854	18351
2026-09-15T13:38:00-04:00	7.8740	7.6855	694
2026-09-15T13:39:00-04:00	7.8650	7.6864	6666
2026-09-15T13:40:00-04:00	7.8900	7.6867	1870
2026-09-15T13:41:00-04:00	7.8800	7.6870	2007
2026-09-15T13:42:00-04:00	7.8550	7.6876	4118
2026-09-15T13:43:00-04:00	7.8600	7.6879	2500
2026-09-15T13:44:00-04:00	7.8500	7.6881	2015
2026-09-15T13:45:00-04:00	7.8500	7.6882	318
2026-09-15T13:46:00-04:00	7.8500	7.6883	1163
2026-09-15T13:47:00-04:00	7.8421	7.6884	1157
2026-09-15T13:48:00-04:00	7.8550	7.6890	4383
2026-09-15T13:49:00-04:00	7.8550	7.6892	1587
2026-09-15T13:50:00-04:00	7.8550	7.6893	520
2026-09-15T13:51:00-04:00	7.8550	7.6893	689
2026-09-15T13:52:00-04:00	7.8550	7.6895	1359
2026-09-15T13:53:00-04:00	7.8350	7.6903	7157
2026-09-15T13:54:00-04:00	7.8300	7.6906	2544
2026-09-15T13:55:00-04:00	7.8350	7.6908	2300
2026-09-15T13:56:00-04:00	7.8450	7.6911	2210
2026-09-15T13:57:00-04:00	7.8700	7.6915	2847
2026-09-15T13:58:00-04:00	7.8700	7.6919	3037
2026-09-15T13:59:00-04:00	7.8700	7.6920	682
2026-09-15T14:00:00-04:00	7.8700	7.6930	7618
2026-09-15T14:01:00-04:00	7.8800	7.6931	1401
2026-09-15T14:02:00-04:00	7.8750	7.6932	282
2026-09-15T14:03:00-04:00	7.8674	7.6940	6087
2026-09-15T14:04:00-04:00	7.8450	7.6945	4078
2026-09-15T14:05:00-04:00	7.8800	7.6950	4314
2026-09-15T14:06:00-04:00	7.8800	7.6952	1267
2026-09-15T14:07:00-04:00	7.8800	7.6953	1182
2026-09-15T14:08:00-04:00	7.8800	7.6957	2248
2026-09-15T14:09:00-04:00	7.9000	7.6962	3888
2026-09-15T14:10:00-04:00	7.9250	7.6967	2893
2026-09-15T14:11:00-04:00	7.9300	7.6969	1092
2026-09-15T14:12:00-04:00	7.9400	7.6973	2766
2026-09-15T14:13:00-04:00	7.9440	7.6977	2130
2026-09-15T14:14:00-04:00	7.9500	7.6986	5139
2026-09-15T14:15:00-04:00	7.9350	7.6993	3913
2026-09-15T14:16:00-04:00	7.9400	7.7000	3782
2026-09-15T14:17:00-04:00	7.9350	7.7007	4455
2026-09-15T14:18:00-04:00	7.9350	7.7009	1157
2026-09-15T14:19:00-04:00	7.9450	7.7021	6801
2026-09-15T14:20:00-04:00	7.9450	7.7024	1791
2026-09-15T14:21:00-04:00	7.9550	7.7030	3313
2026-09-15T14:22:00-04:00	7.9600	7.7044	7940
2026-09-15T14:23:00-04:00	7.9300	7.7052	4679
2026-09-15T14:24:00-04:00	7.9200	7.7056	2725
2026-09-15T14:25:00-04:00	7.9200	7.7064	4659
2026-09-15T14:26:00-04:00	7.9050	7.7087	16830
2026-09-15T14:27:00-04:00	7.9100	7.7095	5321
2026-09-15T14:28:00-04:00	7.9100	7.7115	15255
2026-09-15T14:29:00-04:00	7.9200	7.7118	1695
2026-09-15T14:30:00-04:00	7.9200	7.7119	1193
2026-09-15T14:31:00-04:00	7.9050	7.7123	2377
2026-09-15T14:32:00-04:00	7.8950	7.7135	9705
2026-09-15T14:33:00-04:00	7.8903	7.7137	1938
2026-09-15T14:34:00-04:00	7.9000	7.7141	3052
2026-09-15T14:35:00-04:00	7.8850	7.7146	4466
2026-09-15T14:36:00-04:00	7.8750	7.7150	3787
2026-09-15T14:37:00-04:00	7.8700	7.7155	4464
2026-09-15T14:38:00-04:00	7.8700	7.7158	2769
2026-09-15T14:39:00-04:00	7.8750	7.7160	2099
2026-09-15T14:40:00-04:00	7.8640	7.7164	3894
2026-09-15T14:41:00-04:00	7.8700	7.7167	3235
2026-09-15T14:42:00-04:00	7.8700	7.7169	1790
2026-09-15T14:43:00-04:00	7.8700	7.7170	1372
2026-09-15T14:44:00-04:00	7.8650	7.7172	1462
2026-09-15T14:45:00-04:00	7.8000	7.7181	13423
2026-09-15T14:46:00-04:00	7.7900	7.7182	1948
2026-09-15T14:47:00-04:00	7.7900	7.7182	1009
2026-09-15T14:48:00-04:00	7.7850	7.7183	1226
2026-09-15T14:49:00-04:00	7.8000	7.7184	2205
2026-09-15T14:50:00-04:00	7.7900	7.7186	4460
2026-09-15T14:51:00-04:00	7.7950	7.7189	6187
2026-09-15T14:52:00-04:00	7.7950	7.7190	2082
2026-09-15T14:53:00-04:00	7.7900	7.7192	2850
2026-09-15T14:54:00-04:00	7.7900	7.7193	1731
2026-09-15T14:55:00-04:00	7.7950	7.7194	2429
2026-09-15T14:56:00-04:00	7.7950	7.7195	2342
2026-09-15T14:57:00-04:00	7.7850	7.7197	5575
2026-09-15T14:58:00-04:00	7.7700	7.7200	7609
2026-09-15T14:59:00-04:00	7.7700	7.7200	715
2026-09-15T15:00:00-04:00	7.7850	7.7202	3924
2026-09-15T15:01:00-04:00	7.7950	7.7203	4065
2026-09-15T15:02:00-04:00	7.7850	7.7207	7550
2026-09-15T15:03:00-04:00	7.7850	7.7208	2354
2026-09-15T15:04:00-04:00	7.7850	7.7208	1169
2026-09-15T15:05:00-04:00	7.7600	7.7210	6408
2026-09-15T15:06:00-04:00	7.7750	7.7211	4286
2026-09-15T15:07:00-04:00	7.7750	7.7213	4349
2026-09-15T15:08:00-04:00	7.7650	7.7215	6200
2026-09-15T15:09:00-04:00	7.7550	7.7215	4074
2026-09-15T15:10:00-04:00	7.7550	7.7216	1534
2026-09-15T15:11:00-04:00	7.7503	7.7217	5272
2026-09-15T15:12:00-04:00	7.7550	7.7218	5705
2026-09-15T15:13:00-04:00	7.7550	7.7219	6866
2026-09-15T15:14:00-04:00	7.7650	7.7220	2794
2026-09-15T15:15:00-04:00	7.7600	7.7221	4761
2026-09-15T15:16:00-04:00	7.7600	7.7222	2318
2026-09-15T15:17:00-04:00	7.7700	7.7223	4596
2026-09-15T15:18:00-04:00	7.7750	7.7226	8846
2026-09-15T15:19:00-04:00	7.7850	7.7227	3590
2026-09-15T15:20:00-04:00	7.7650	7.7229	7646
2026-09-15T15:21:00-04:00	7.7640	7.7229	887
2026-09-15T15:22:00-04:00	7.7650	7.7230	2272
2026-09-15T15:23:00-04:00	7.7650	7.7231	1864
2026-09-15T15:24:00-04:00	7.7700	7.7231	3224
2026-09-15T15:25:00-04:00	7.7792	7.7233	3712
2026-09-15T15:26:00-04:00	7.7750	7.7234	3327
2026-09-15T15:27:00-04:00	7.7650	7.7235	5284
2026-09-15T15:28:00-04:00	7.7650	7.7237	8071
2026-09-15T15:29:00-04:00	7.7650	7.7238	3836
2026-09-15T15:30:00-04:00	7.7800	7.7245	18513
2026-09-15T15:31:00-04:00	7.7900	7.7247	7460
2026-09-15T15:32:00-04:00	7.7800	7.7249	4423
2026-09-15T15:33:00-04:00	7.7750	7.7251	6368
2026-09-15T15:34:00-04:00	7.7540	7.7252	9517
2026-09-15T15:35:00-04:00	7.7490	7.7254	11147
2026-09-15T15:36:00-04:00	7.7450	7.7254	3684
2026-09-15T15:37:00-04:00	7.7000	7.7252	21888
2026-09-15T15:38:00-04:00	7.7400	7.7252	14462
2026-09-15T15:39:00-04:00	7.7600	7.7253	6020
2026-09-15T15:40:00-04:00	7.7600	7.7256	14909
2026-09-15T15:41:00-04:00	7.7700	7.7258	8776
2026-09-15T15:42:00-04:00	7.7800	7.7260	5630
2026-09-15T15:43:00-04:00	7.7700	7.7263	11890
2026-09-15T15:44:00-04:00	7.7800	7.7264	3849
2026-09-15T15:45:00-04:00	7.7750	7.7265	4572
2026-09-15T15:46:00-04:00	7.7750	7.7269	12964
2026-09-15T15:47:00-04:00	7.7750	7.7269	2414
2026-09-15T15:48:00-04:00	7.7650	7.7276	27126
2026-09-15T15:49:00-04:00	7.7600	7.7278	16312
2026-09-15T15:50:00-04:00	7.7825	7.7283	15706
2026-09-15T15:51:00-04:00	7.7650	7.7286	14842
2026-09-15T15:52:00-04:00	7.7450	7.7289	33313
2026-09-15T15:53:00-04:00	7.7550	7.7294	29488
2026-09-15T15:54:00-04:00	7.7550	7.7298	34361
2026-09-15T15:55:00-04:00	7.7050	7.7296	61119
2026-09-15T15:56:00-04:00	7.7350	7.7295	29223
2026-09-15T15:57:00-04:00	7.7550	7.7300	53738
2026-09-15T15:58:00-04:00	7.7700	7.7308	68378
2026-09-15T15:59:00-04:00	7.7850	7.7329	111603
2026-09-16T09:30:00-04:00	8.0000	7.9533	17771
2026-09-16T09:31:00-04:00	7.9800	7.9580	4482
2026-09-16T09:32:00-04:00	7.8000	7.9312	8383
2026-09-16T09:33:00-04:00	7.8740	7.9243	3879
2026-09-16T09:34:00-04:00	7.8900	7.9193	6275
2026-09-16T09:35:00-04:00	7.9000	7.9165	4237
2026-09-16T09:36:00-04:00	7.8890	7.9137	8512
2026-09-16T09:37:00-04:00	7.8450	7.9088	5442
2026-09-16T09:38:00-04:00	7.8700	7.9055	4056
2026-09-16T09:39:00-04:00	7.8200	7.9013	3585
2026-09-16T09:40:00-04:00	7.8100	7.8965	3530
2026-09-16T09:41:00-04:00	7.8400	7.8943	2404
2026-09-16T09:42:00-04:00	7.8100	7.8915	2873
2026-09-16T09:43:00-04:00	7.8050	7.8895	1824
2026-09-16T09:44:00-04:00	7.8600	7.8871	4918
2026-09-16T09:45:00-04:00	7.8900	7.8869	2834
2026-09-16T09:46:00-04:00	7.8700	7.8860	3099
2026-09-16T09:47:00-04:00	7.8800	7.8855	5650
2026-09-16T09:48:00-04:00	7.8700	7.8854	559
2026-09-16T09:49:00-04:00	7.8300	7.8842	3081
2026-09-16T09:50:00-04:00	7.8385	7.8821	6181
2026-09-16T09:51:00-04:00	7.8300	7.8809	2746
2026-09-16T09:52:00-04:00	7.8650	7.8805	1757
2026-09-16T09:53:00-04:00	7.9400	7.8870	16342
2026-09-16T09:54:00-04:00	8.0094	7.8929	7914
2026-09-16T09:55:00-04:00	7.9700	7.8972	6515
2026-09-16T09:56:00-04:00	7.9450	7.9164	56917
2026-09-16T09:57:00-04:00	7.9700	7.9186	9486
2026-09-16T09:58:00-04:00	7.9850	7.9188	549
2026-09-16T09:59:00-04:00	7.9800	7.9220	10824
2026-09-16T10:00:00-04:00	7.9420	7.9224	2504
2026-09-16T10:01:00-04:00	7.9750	7.9231	4309
2026-09-16T10:02:00-04:00	7.9800	7.9244	5130
2026-09-16T10:03:00-04:00	7.9850	7.9251	2675
2026-09-16T10:04:00-04:00	7.9600	7.9288	13858
2026-09-16T10:05:00-04:00	7.9675	7.9297	6019
2026-09-16T10:06:00-04:00	8.0090	7.9351	20188
2026-09-16T10:07:00-04:00	7.9800	7.9373	11045
2026-09-16T10:08:00-04:00	7.9950	7.9379	3489
2026-09-16T10:09:00-04:00	8.0000	7.9381	1137
2026-09-16T10:10:00-04:00	8.0000	7.9384	1203
2026-09-16T10:11:00-04:00	7.9850	7.9388	2622
2026-09-16T10:12:00-04:00	7.9850	7.9389	774
2026-09-16T10:13:00-04:00	7.9700	7.9395	4788
2026-09-16T10:14:00-04:00	8.0000	7.9406	6107
2026-09-16T10:15:00-04:00	7.9900	7.9408	1492
2026-09-16T10:16:00-04:00	7.9950	7.9412	2689
2026-09-16T10:17:00-04:00	8.0000	7.9417	2278
2026-09-16T10:18:00-04:00	7.9873	7.9478	49748
2026-09-16T10:19:00-04:00	8.0100	7.9486	4324
2026-09-16T10:20:00-04:00	7.9800	7.9492	5074
2026-09-16T10:21:00-04:00	7.9500	7.9494	7944
2026-09-16T10:22:00-04:00	7.9500	7.9494	716
2026-09-16T10:23:00-04:00	7.9500	7.9494	2601
2026-09-16T10:24:00-04:00	7.9400	7.9489	9517
2026-09-16T10:25:00-04:00	7.9400	7.9489	1191
2026-09-16T10:26:00-04:00	7.9600	7.9488	7426
2026-09-16T10:27:00-04:00	7.9500	7.9488	1364
2026-09-16T10:28:00-04:00	7.9600	7.9489	2325
2026-09-16T10:29:00-04:00	7.9940	7.9494	6529
2026-09-16T10:30:00-04:00	8.0000	7.9498	3020
2026-09-16T10:31:00-04:00	7.9990	7.9499	870
2026-09-16T10:32:00-04:00	7.9450	7.9500	2879
2026-09-16T10:33:00-04:00	7.9600	7.9501	4241
2026-09-16T10:34:00-04:00	7.9800	7.9502	1914
2026-09-16T10:35:00-04:00	7.9999	7.9503	678
2026-09-16T10:36:00-04:00	7.9900	7.9506	3620
2026-09-16T10:37:00-04:00	8.0250	7.9512	3970
2026-09-16T10:38:00-04:00	8.0200	7.9514	1378
2026-09-16T10:39:00-04:00	8.0150	7.9518	2495
2026-09-16T10:40:00-04:00	8.0100	7.9518	474
2026-09-16T10:41:00-04:00	8.0200	7.9522	2003
2026-09-16T10:42:00-04:00	8.0300	7.9525	2402
2026-09-16T10:43:00-04:00	8.0450	7.9533	3616
2026-09-16T10:44:00-04:00	8.0400	7.9546	6474
2026-09-16T10:45:00-04:00	8.0900	7.9570	9255
2026-09-16T10:46:00-04:00	8.1300	7.9599	8704
2026-09-16T10:47:00-04:00	8.1400	7.9604	1086
2026-09-16T10:48:00-04:00	8.1300	7.9608	1150
2026-09-16T10:49:00-04:00	8.0700	7.9642	12390
2026-09-16T10:50:00-04:00	8.0900	7.9665	9339
2026-09-16T10:51:00-04:00	8.0800	7.9678	5482
2026-09-16T10:52:00-04:00	8.1250	7.9690	3952
2026-09-16T10:53:00-04:00	8.1300	7.9703	4072
2026-09-16T10:54:00-04:00	8.1200	7.9720	5451
2026-09-16T10:55:00-04:00	8.1500	7.9801	24965
2026-09-16T10:56:00-04:00	8.1500	7.9818	5184
2026-09-16T10:57:00-04:00	8.1350	7.9832	4894
2026-09-16T10:58:00-04:00	8.1300	7.9849	6627
2026-09-16T10:59:00-04:00	8.2000	7.9912	18518
2026-09-16T11:00:00-04:00	8.1900	7.9933	5907
2026-09-16T11:01:00-04:00	8.1950	7.9966	9373
2026-09-16T11:02:00-04:00	8.1900	7.9990	7296
2026-09-16T11:03:00-04:00	8.1950	8.0005	4328
2026-09-16T11:04:00-04:00	8.2150	8.0045	11383
2026-09-16T11:05:00-04:00	8.2100	8.0095	15911
2026-09-16T11:06:00-04:00	8.2250	8.0132	11266
2026-09-16T11:07:00-04:00	8.2700	8.0177	12093
2026-09-16T11:08:00-04:00	8.2747	8.0207	7612
2026-09-16T11:09:00-04:00	8.2900	8.0283	18936
2026-09-16T11:10:00-04:00	8.2850	8.0354	18506
2026-09-16T11:11:00-04:00	8.2604	8.0367	3887
2026-09-16T11:12:00-04:00	8.2900	8.0395	8209
2026-09-16T11:13:00-04:00	8.2850	8.0419	6772
2026-09-16T11:14:00-04:00	8.3200	8.0446	7080
2026-09-16T11:15:00-04:00	8.3000	8.0482	10217
2026-09-16T11:16:00-04:00	8.2700	8.0516	10692
2026-09-16T11:17:00-04:00	8.2800	8.0536	6581
2026-09-16T11:18:00-04:00	8.2750	8.0562	9048
2026-09-16T11:19:00-04:00	8.2900	8.0628	22808
2026-09-16T11:20:00-04:00	8.2700	8.0648	7438
2026-09-16T11:21:00-04:00	8.2600	8.0657	3538
2026-09-16T11:22:00-04:00	8.3000	8.0711	19318
2026-09-16T11:23:00-04:00	8.2900	8.0729	6432
2026-09-16T11:24:00-04:00	8.3100	8.0741	4344
2026-09-16T11:25:00-04:00	8.3000	8.0763	7997
2026-09-16T11:26:00-04:00	8.2850	8.0781	7000
2026-09-16T11:27:00-04:00	8.2300	8.0790	4487
2026-09-16T11:28:00-04:00	8.2200	8.0793	1868
2026-09-16T11:29:00-04:00	8.2100	8.0803	6695
2026-09-16T11:30:00-04:00	8.1800	8.0806	2146
2026-09-16T11:31:00-04:00	8.1600	8.0811	4991
2026-09-16T11:32:00-04:00	8.1600	8.0813	2409
2026-09-16T11:33:00-04:00	8.1700	8.0816	2965
2026-09-16T11:34:00-04:00	8.1500	8.0822	7136
2026-09-16T11:35:00-04:00	8.1750	8.0838	17385
2026-09-16T11:36:00-04:00	8.2050	8.0847	7755
2026-09-16T11:37:00-04:00	8.1900	8.0851	2874
2026-09-16T11:38:00-04:00	8.1900	8.0855	3569
2026-09-16T11:39:00-04:00	8.1900	8.0861	5084
2026-09-16T11:40:00-04:00	8.2080	8.0864	2537
2026-09-16T11:41:00-04:00	8.2000	8.0868	3081
2026-09-16T11:42:00-04:00	8.1900	8.0873	4407
2026-09-16T11:43:00-04:00	8.2000	8.0877	3676
2026-09-16T11:44:00-04:00	8.2180	8.0880	2102
2026-09-16T11:45:00-04:00	8.2000	8.0886	4551
2026-09-16T11:46:00-04:00	8.2050	8.0891	4231
2026-09-16T11:47:00-04:00	8.2900	8.0917	13877
2026-09-16T11:48:00-04:00	8.2900	8.0927	4656
2026-09-16T11:49:00-04:00	8.2600	8.0940	7596
2026-09-16T11:50:00-04:00	8.2500	8.0946	3541
2026-09-16T11:51:00-04:00	8.2500	8.0954	5451
2026-09-16T11:52:00-04:00	8.2500	8.0958	2500
2026-09-16T11:53:00-04:00	8.2700	8.0970	6268
2026-09-16T11:54:00-04:00	8.2500	8.0976	4140
2026-09-16T11:55:00-04:00	8.2590	8.0982	3859
2026-09-16T11:56:00-04:00	8.2600	8.0989	3934
2026-09-16T11:57:00-04:00	8.2600	8.0992	1694
2026-09-16T11:58:00-04:00	8.2500	8.1000	5447
2026-09-16T11:59:00-04:00	8.2600	8.1006	3836
2026-09-16T12:00:00-04:00	8.2600	8.1012	3845
2026-09-16T12:01:00-04:00	8.2750	8.1018	3558
2026-09-16T12:02:00-04:00	8.2750	8.1020	1101
2026-09-16T12:03:00-04:00	8.2900	8.1028	4292
2026-09-16T12:04:00-04:00	8.2950	8.1034	3006
2026-09-16T12:05:00-04:00	8.3500	8.1115	36737
2026-09-16T12:06:00-04:00	8.3950	8.1234	47596
2026-09-16T12:07:00-04:00	8.4200	8.1256	8595
2026-09-16T12:08:00-04:00	8.3750	8.1346	40462
2026-09-16T12:09:00-04:00	8.3900	8.1355	3741
2026-09-16T12:10:00-04:00	8.3400	8.1367	6641
2026-09-16T12:11:00-04:00	8.3450	8.1372	2338
2026-09-16T12:12:00-04:00	8.3300	8.1377	3357
2026-09-16T12:13:00-04:00	8.3300	8.1380	1692
2026-09-16T12:14:00-04:00	8.3350	8.1425	27198
2026-09-16T12:15:00-04:00	8.3100	8.1459	25043
2026-09-16T12:16:00-04:00	8.3200	8.1466	4352
2026-09-16T12:17:00-04:00	8.3024	8.1483	12731
2026-09-16T12:18:00-04:00	8.3190	8.1486	2315
2026-09-16T12:19:00-04:00	8.3100	8.1488	1508
2026-09-16T12:20:00-04:00	8.2900	8.1492	3257
2026-09-16T12:21:00-04:00	8.2800	8.1494	1930
2026-09-16T12:22:00-04:00	8.2700	8.1495	1677
2026-09-16T12:23:00-04:00	8.2800	8.1498	2541
2026-09-16T12:24:00-04:00	8.2800	8.1545	49359
2026-09-16T12:25:00-04:00	8.3000	8.1551	5897
2026-09-16T12:26:00-04:00	8.3002	8.1555	2982
2026-09-16T12:27:00-04:00	8.3100	8.1559	3423
2026-09-16T12:28:00-04:00	8.3000	8.1561	2006
2026-09-16T12:29:00-04:00	8.3000	8.1565	3846
2026-09-16T12:30:00-04:00	8.3100	8.1566	1040
2026-09-16T12:31:00-04:00	8.2850	8.1571	4106
2026-09-16T12:32:00-04:00	8.2750	8.1572	1464
2026-09-16T12:33:00-04:00	8.2800	8.1573	671
2026-09-16T12:34:00-04:00	8.3000	8.1581	7745
2026-09-16T12:35:00-04:00	8.2800	8.1600	19452
2026-09-16T12:36:00-04:00	8.2950	8.1601	1783
2026-09-16T12:37:00-04:00	8.3100	8.1603	1894
2026-09-16T12:38:00-04:00	8.3000	8.1621	17451
2026-09-16T12:39:00-04:00	8.2900	8.1630	8907
2026-09-16T12:41:00-04:00	8.2800	8.1645	17647
2026-09-16T12:44:00-04:00	8.2750	8.1649	5144
2026-09-16T12:45:00-04:00	8.2950	8.1652	3657
2026-09-16T12:46:00-04:00	8.2950	8.1653	1313
2026-09-16T12:47:00-04:00	8.3000	8.1655	1955
2026-09-16T12:48:00-04:00	8.3050	8.1658	2644
2026-09-16T12:49:00-04:00	8.3050	8.1659	913
2026-09-16T12:50:00-04:00	8.2700	8.1668	11505
2026-09-16T12:51:00-04:00	8.2400	8.1670	2468
2026-09-16T12:52:00-04:00	8.2550	8.1672	3346
2026-09-16T12:53:00-04:00	8.2508	8.1673	1532
2026-09-16T12:54:00-04:00	8.2450	8.1676	6631
2026-09-16T12:55:00-04:00	8.2550	8.1677	699
2026-09-16T12:56:00-04:00	8.2550	8.1678	1500
2026-09-16T12:57:00-04:00	8.2600	8.1681	5221
2026-09-16T12:58:00-04:00	8.2550	8.1681	432
2026-09-16T12:59:00-04:00	8.2500	8.1683	2951
2026-09-16T13:00:00-04:00	8.2450	8.1684	1755
2026-09-16T13:01:00-04:00	8.2100	8.1685	4476
2026-09-16T13:02:00-04:00	8.2100	8.1686	1598
2026-09-16T13:04:00-04:00	8.2150	8.1687	4583
2026-09-16T13:05:00-04:00	8.2100	8.1688	1541
2026-09-16T13:06:00-04:00	8.2100	8.1690	5933
2026-09-16T13:07:00-04:00	8.2150	8.1690	1426
2026-09-16T13:08:00-04:00	8.2010	8.1691	3669
2026-09-16T13:09:00-04:00	8.2000	8.1691	448
2026-09-16T13:10:00-04:00	8.2350	8.1695	10049
2026-09-16T13:11:00-04:00	8.2377	8.1695	1263
2026-09-16T13:12:00-04:00	8.2300	8.1697	4148
2026-09-16T13:13:00-04:00	8.2400	8.1698	1704
2026-09-16T13:14:00-04:00	8.2201	8.1699	2741
2026-09-16T13:15:00-04:00	8.2300	8.1699	1020
2026-09-16T13:16:00-04:00	8.2250	8.1700	3200
2026-09-16T13:17:00-04:00	8.2200	8.1701	1618
2026-09-16T13:18:00-04:00	8.2150	8.1703	5920
2026-09-16T13:19:00-04:00	8.1300	8.1699	51580
2026-09-16T13:20:00-04:00	8.1600	8.1697	15952
2026-09-16T13:21:00-04:00	8.1600	8.1697	1278
2026-09-16T13:22:00-04:00	8.1450	8.1696	6267
2026-09-16T13:23:00-04:00	8.1450	8.1696	911
2026-09-16T13:24:00-04:00	8.1450	8.1696	1350
2026-09-16T13:25:00-04:00	8.1500	8.1695	10262
2026-09-16T13:26:00-04:00	8.1400	8.1694	6091
2026-09-16T13:27:00-04:00	8.1400	8.1694	682
2026-09-16T13:28:00-04:00	8.1500	8.1693	6246
2026-09-16T13:29:00-04:00	8.1600	8.1693	2851
2026-09-16T13:30:00-04:00	8.1554	8.1692	4034
2026-09-16T13:31:00-04:00	8.1100	8.1691	4994
2026-09-16T13:32:00-04:00	8.1200	8.1690	1966
2026-09-16T13:33:00-04:00	8.0910	8.1688	5807
2026-09-16T13:34:00-04:00	8.1000	8.1686	3819
2026-09-16T13:35:00-04:00	8.1000	8.1686	742
2026-09-16T13:36:00-04:00	8.0923	8.1685	759
2026-09-16T13:37:00-04:00	8.0878	8.1683	5182
2026-09-16T13:38:00-04:00	8.0900	8.1683	461
2026-09-16T13:39:00-04:00	8.1100	8.1682	1776
2026-09-16T13:40:00-04:00	8.1200	8.1681	3575
2026-09-16T13:41:00-04:00	8.1300	8.1681	1167
2026-09-16T13:42:00-04:00	8.1200	8.1680	3187
2026-09-16T13:43:00-04:00	8.1125	8.1679	1345
2026-09-16T13:44:00-04:00	8.1100	8.1678	2691
2026-09-16T13:45:00-04:00	8.1050	8.1678	1477
2026-09-16T13:46:00-04:00	8.1050	8.1677	1584
2026-09-16T13:47:00-04:00	8.0800	8.1674	6079
2026-09-16T13:48:00-04:00	8.0729	8.1673	3062
2026-09-16T13:49:00-04:00	8.0750	8.1672	925
2026-09-16T13:50:00-04:00	8.0800	8.1671	1539
2026-09-16T13:51:00-04:00	8.0800	8.1670	2153
2026-09-16T13:52:00-04:00	8.0800	8.1669	2185
2026-09-16T13:53:00-04:00	8.0950	8.1667	3714
2026-09-16T13:54:00-04:00	8.0990	8.1667	1107
2026-09-16T13:55:00-04:00	8.0950	8.1663	7554
2026-09-16T13:56:00-04:00	8.1100	8.1663	2314
2026-09-16T13:57:00-04:00	8.1200	8.1662	1459
2026-09-16T13:58:00-04:00	8.1450	8.1661	4558
2026-09-16T13:59:00-04:00	8.1450	8.1659	23289
2026-09-16T14:00:00-04:00	8.1250	8.1658	5200
2026-09-16T14:01:00-04:00	8.0600	8.1653	10528
2026-09-16T14:02:00-04:00	8.0650	8.1648	7515
2026-09-16T14:03:00-04:00	8.0950	8.1647	2580
2026-09-16T14:04:00-04:00	8.1000	8.1644	6229
2026-09-16T14:05:00-04:00	8.1300	8.1643	6156
2026-09-16T14:06:00-04:00	8.1700	8.1643	16435
2026-09-16T14:07:00-04:00	8.1700	8.1644	7532
2026-09-16T14:08:00-04:00	8.1900	8.1645	8170
2026-09-16T14:09:00-04:00	8.1950	8.1645	3356
2026-09-16T14:10:00-04:00	8.1750	8.1645	4940
2026-09-16T14:11:00-04:00	8.1400	8.1645	4138
2026-09-16T14:12:00-04:00	8.1200	8.1645	2474
2026-09-16T14:13:00-04:00	8.1100	8.1643	4556
2026-09-16T14:14:00-04:00	8.1150	8.1642	2968
2026-09-16T14:15:00-04:00	8.0800	8.1641	4254
2026-09-16T14:16:00-04:00	8.0700	8.1637	7036
2026-09-16T14:17:00-04:00	8.0500	8.1636	1892
2026-09-16T14:18:00-04:00	8.1000	8.1629	19129
2026-09-16T14:19:00-04:00	8.1300	8.1629	3800
2026-09-16T14:20:00-04:00	8.1200	8.1628	2708
2026-09-16T14:21:00-04:00	8.1050	8.1627	3957
2026-09-16T14:22:00-04:00	8.1400	8.1626	2315
2026-09-16T14:23:00-04:00	8.1850	8.1628	29788
2026-09-16T14:24:00-04:00	8.2000	8.1630	10521
2026-09-16T14:25:00-04:00	8.2050	8.1630	1866
2026-09-16T14:26:00-04:00	8.2200	8.1631	1502
2026-09-16T14:27:00-04:00	8.2200	8.1632	3232
2026-09-16T14:28:00-04:00	8.2200	8.1634	5887
2026-09-16T14:29:00-04:00	8.2100	8.1636	9973
2026-09-16T14:30:00-04:00	8.2000	8.1637	2383
2026-09-16T14:31:00-04:00	8.1600	8.1637	2359
2026-09-16T14:32:00-04:00	8.1600	8.1637	3083
2026-09-16T14:33:00-04:00	8.1600	8.1637	4409
2026-09-16T14:34:00-04:00	8.1600	8.1637	1781
2026-09-16T14:35:00-04:00	8.1500	8.1636	6399
2026-09-16T14:36:00-04:00	8.1550	8.1636	4848
2026-09-16T14:37:00-04:00	8.1650	8.1636	2576
2026-09-16T14:38:00-04:00	8.1800	8.1636	6947
2026-09-16T14:39:00-04:00	8.2000	8.1637	6185
2026-09-16T14:40:00-04:00	8.2200	8.1638	2166
2026-09-16T14:41:00-04:00	8.2490	8.1640	5797
2026-09-16T14:42:00-04:00	8.2650	8.1642	4386
2026-09-16T14:43:00-04:00	8.2950	8.1647	6825
2026-09-16T14:44:00-04:00	8.2450	8.1648	3819
2026-09-16T14:45:00-04:00	8.2650	8.1652	8607
2026-09-16T14:46:00-04:00	8.2601	8.1657	9828
2026-09-16T14:47:00-04:00	8.2550	8.1660	6583
2026-09-16T14:48:00-04:00	8.2550	8.1664	8521
2026-09-16T14:49:00-04:00	8.2700	8.1668	7911
2026-09-16T14:50:00-04:00	8.2600	8.1674	11648
2026-09-16T14:51:00-04:00	8.2750	8.1676	4839
2026-09-16T14:52:00-04:00	8.2700	8.1678	2825
2026-09-16T14:53:00-04:00	8.2500	8.1683	11439
2026-09-16T14:54:00-04:00	8.2100	8.1685	8931
2026-09-16T14:55:00-04:00	8.2400	8.1687	6954
2026-09-16T14:56:00-04:00	8.2250	8.1688	3632
2026-09-16T14:57:00-04:00	8.1550	8.1688	8972
2026-09-16T14:58:00-04:00	8.1600	8.1688	23294
2026-09-16T14:59:00-04:00	8.1350	8.1686	8608
2026-09-16T15:00:00-04:00	8.1300	8.1681	32329
2026-09-16T15:01:00-04:00	8.1300	8.1680	4407
2026-09-16T15:02:00-04:00	8.1000	8.1679	2971
2026-09-16T15:03:00-04:00	8.0900	8.1677	6131
2026-09-16T15:04:00-04:00	8.0910	8.1676	4521
2026-09-16T15:05:00-04:00	8.1000	8.1674	5545
2026-09-16T15:06:00-04:00	8.1000	8.1667	25717
2026-09-16T15:07:00-04:00	8.0850	8.1664	6260
2026-09-16T15:08:00-04:00	8.0850	8.1661	7229
2026-09-16T15:09:00-04:00	8.0940	8.1661	2373
2026-09-16T15:10:00-04:00	8.0850	8.1660	3087
2026-09-16T15:11:00-04:00	8.0508	8.1656	7557
2026-09-16T15:12:00-04:00	8.0650	8.1654	5254
2026-09-16T15:13:00-04:00	8.0650	8.1652	2565
2026-09-16T15:14:00-04:00	8.0700	8.1650	6417
2026-09-16T15:15:00-04:00	8.0700	8.1649	2193
2026-09-16T15:16:00-04:00	8.0750	8.1647	3086
2026-09-16T15:17:00-04:00	8.0650	8.1645	5235
2026-09-16T15:18:00-04:00	8.0750	8.1642	8652
2026-09-16T15:19:00-04:00	8.0700	8.1638	9010
2026-09-16T15:20:00-04:00	8.0650	8.1635	6018
2026-09-16T15:21:00-04:00	8.0700	8.1634	2860
2026-09-16T15:22:00-04:00	8.0600	8.1632	5765
2026-09-16T15:23:00-04:00	8.0750	8.1629	5687
2026-09-16T15:24:00-04:00	8.0550	8.1626	7416
2026-09-16T15:25:00-04:00	8.0400	8.1624	4830
2026-09-16T15:26:00-04:00	8.0750	8.1619	10752
2026-09-16T15:27:00-04:00	8.0900	8.1618	3248
2026-09-16T15:28:00-04:00	8.0700	8.1615	6650
2026-09-16T15:29:00-04:00	8.1000	8.1613	7214
2026-09-16T15:30:00-04:00	8.1000	8.1611	7985
2026-09-16T15:31:00-04:00	8.1000	8.1608	11840
2026-09-16T15:32:00-04:00	8.1000	8.1607	6431
2026-09-16T15:33:00-04:00	8.0900	8.1605	6037
2026-09-16T15:34:00-04:00	8.1200	8.1603	8472
2026-09-16T15:35:00-04:00	8.1250	8.1603	3111
2026-09-16T15:36:00-04:00	8.0700	8.1597	19391
2026-09-16T15:37:00-04:00	8.0600	8.1595	3559
2026-09-16T15:38:00-04:00	8.0800	8.1592	9926
2026-09-16T15:39:00-04:00	8.1100	8.1590	9832
2026-09-16T15:40:00-04:00	8.1150	8.1588	10970
2026-09-16T15:41:00-04:00	8.0950	8.1581	29979
2026-09-16T15:42:00-04:00	8.1300	8.1577	18696
2026-09-16T15:43:00-04:00	8.1600	8.1577	6455
2026-09-16T15:44:00-04:00	8.1600	8.1577	5033
2026-09-16T15:45:00-04:00	8.1914	8.1578	10818
2026-09-16T15:46:00-04:00	8.2000	8.1580	10778
2026-09-16T15:47:00-04:00	8.2250	8.1582	10139
2026-09-16T15:48:00-04:00	8.2500	8.1585	7229
2026-09-16T15:49:00-04:00	8.2400	8.1593	26456
2026-09-16T15:50:00-04:00	8.2300	8.1601	23561
2026-09-16T15:51:00-04:00	8.2800	8.1606	13787
2026-09-16T15:52:00-04:00	8.2800	8.1615	19517
2026-09-16T15:53:00-04:00	8.2750	8.1620	10857
2026-09-16T15:54:00-04:00	8.2600	8.1628	20667
2026-09-16T15:55:00-04:00	8.2250	8.1636	31018
2026-09-16T15:56:00-04:00	8.2050	8.1641	26017
2026-09-16T15:57:00-04:00	8.2300	8.1645	18967
2026-09-16T15:58:00-04:00	8.2150	8.1653	39948
2026-09-16T15:59:00-04:00	8.2300	8.1675	113415
2026-09-17T09:30:00-04:00	8.4050	8.4050	34860
2026-09-17T09:31:00-04:00	8.5500	8.4219	18659
2026-09-17T09:32:00-04:00	8.7300	8.4933	20947
2026-09-17T09:33:00-04:00	8.7750	8.5231	10024
2026-09-17T09:34:00-04:00	8.6300	8.5392	9449
2026-09-17T09:35:00-04:00	8.6500	8.5489	13042
2026-09-17T09:36:00-04:00	8.6800	8.5617	12787
2026-09-17T09:37:00-04:00	8.6390	8.5646	4757
2026-09-17T09:38:00-04:00	8.6300	8.5726	11818
2026-09-17T09:39:00-04:00	8.5350	8.5723	8384
2026-09-17T09:40:00-04:00	8.5400	8.5579	97927
2026-09-17T09:41:00-04:00	8.5500	8.5577	34429
2026-09-17T09:42:00-04:00	8.6450	8.5652	34545
2026-09-17T09:43:00-04:00	8.6000	8.5665	9923
2026-09-17T09:44:00-04:00	8.6650	8.5725	27605
2026-09-17T09:45:00-04:00	8.6981	8.5751	9352
2026-09-17T09:46:00-04:00	8.6600	8.5765	6912
2026-09-17T09:47:00-04:00	8.7200	8.5821	15988
2026-09-17T09:48:00-04:00	8.6700	8.5837	5890
2026-09-17T09:49:00-04:00	8.7200	8.5850	4441
2026-09-17T09:50:00-04:00	8.7250	8.5877	7535
2026-09-17T09:51:00-04:00	8.8199	8.6140	63282
2026-09-17T09:52:00-04:00	8.7652	8.6181	12102
2026-09-17T09:53:00-04:00	8.7600	8.6249	21680
2026-09-17T09:54:00-04:00	8.7800	8.6382	57310
2026-09-17T09:55:00-04:00	8.8000	8.6417	12390
2026-09-17T09:56:00-04:00	8.7670	8.6432	6483
2026-09-17T09:57:00-04:00	8.7600	8.6451	9600
2026-09-17T09:58:00-04:00	8.7350	8.6460	5276
2026-09-17T09:59:00-04:00	8.7650	8.6472	6230
2026-09-17T10:00:00-04:00	8.7700	8.6486	6530
2026-09-17T10:01:00-04:00	8.7700	8.6495	5268
2026-09-17T10:02:00-04:00	8.8150	8.6537	17725
2026-09-17T10:03:00-04:00	8.8000	8.6568	12711
2026-09-17T10:04:00-04:00	8.8200	8.6597	12134
2026-09-17T10:05:00-04:00	8.8300	8.6687	34577
2026-09-17T10:06:00-04:00	8.8200	8.6705	7473
2026-09-17T10:07:00-04:00	8.8200	8.6715	4862
2026-09-17T10:08:00-04:00	8.8300	8.6725	4697
2026-09-17T10:09:00-04:00	8.8737	8.6745	7214
2026-09-17T10:10:00-04:00	8.8700	8.6762	5935
2026-09-17T10:11:00-04:00	8.8078	8.6773	5493
2026-09-17T10:12:00-04:00	8.8500	8.6785	5585
2026-09-17T10:13:00-04:00	8.8800	8.6808	8761
2026-09-17T10:14:00-04:00	8.8800	8.6845	13599
2026-09-17T10:15:00-04:00	8.9200	8.6871	8910
2026-09-17T10:16:00-04:00	8.9250	8.6892	6448
2026-09-17T10:17:00-04:00	8.9500	8.6945	16204
2026-09-17T10:18:00-04:00	8.9000	8.6964	6826
2026-09-17T10:19:00-04:00	8.9200	8.6998	12652
2026-09-17T10:20:00-04:00	8.9100	8.7010	4363
2026-09-17T10:21:00-04:00	8.8800	8.7034	10633
2026-09-17T10:22:00-04:00	8.8600	8.7042	4008
2026-09-17T10:23:00-04:00	8.8650	8.7051	4281
2026-09-17T10:24:00-04:00	8.8500	8.7063	6632
2026-09-17T10:25:00-04:00	8.8400	8.7073	6033
2026-09-17T10:26:00-04:00	8.8800	8.7092	9922
2026-09-17T10:27:00-04:00	8.8600	8.7108	8501
2026-09-17T10:28:00-04:00	8.8400	8.7121	7993
2026-09-17T10:29:00-04:00	8.8400	8.7130	6376
2026-09-17T10:30:00-04:00	8.8400	8.7138	5869
2026-09-17T10:31:00-04:00	8.7800	8.7148	12013
2026-09-17T10:32:00-04:00	8.7352	8.7151	6627
2026-09-17T10:33:00-04:00	8.7650	8.7153	6281
2026-09-17T10:34:00-04:00	8.7500	8.7154	2231
2026-09-17T10:35:00-04:00	8.7550	8.7157	5723
2026-09-17T10:36:00-04:00	8.7200	8.7158	4381
2026-09-17T10:37:00-04:00	8.6998	8.7157	7348
2026-09-17T10:38:00-04:00	8.6800	8.7156	1688
2026-09-17T10:39:00-04:00	8.7400	8.7158	16321
2026-09-17T10:40:00-04:00	8.7400	8.7158	2978
2026-09-17T10:41:00-04:00	8.7600	8.7164	14830
2026-09-17T10:42:00-04:00	8.7300	8.7166	8953
2026-09-17T10:43:00-04:00	8.7200	8.7166	3604
2026-09-17T10:44:00-04:00	8.7400	8.7166	5629
2026-09-17T10:45:00-04:00	8.7500	8.7167	3004
2026-09-17T10:46:00-04:00	8.7600	8.7169	3414
2026-09-17T10:47:00-04:00	8.7600	8.7178	22424
2026-09-17T10:48:00-04:00	8.7600	8.7183	9218
2026-09-17T10:49:00-04:00	8.7900	8.7185	3262
2026-09-17T10:50:00-04:00	8.7600	8.7188	7844
2026-09-17T10:51:00-04:00	8.7850	8.7191	5595
2026-09-17T10:52:00-04:00	8.7750	8.7194	4646
2026-09-17T10:53:00-04:00	8.7650	8.7197	6204
2026-09-17T10:54:00-04:00	8.7800	8.7200	6588
2026-09-17T10:55:00-04:00	8.7650	8.7201	2897
2026-09-17T10:56:00-04:00	8.7600	8.7212	28392
2026-09-17T10:57:00-04:00	8.7500	8.7216	13385
2026-09-17T10:58:00-04:00	8.7400	8.7220	17278
2026-09-17T10:59:00-04:00	8.7250	8.7220	6187
2026-09-17T11:00:00-04:00	8.6900	8.7220	4040
2026-09-17T11:01:00-04:00	8.6650	8.7217	5504
2026-09-17T11:02:00-04:00	8.7100	8.7216	6089
2026-09-17T11:03:00-04:00	8.6800	8.7215	3065
2026-09-17T11:04:00-04:00	8.6800	8.7214	3296
2026-09-17T11:05:00-04:00	8.6800	8.7211	6102
2026-09-17T11:06:00-04:00	8.6900	8.7210	3602
2026-09-17T11:07:00-04:00	8.6900	8.7209	4125
2026-09-17T11:08:00-04:00	8.6900	8.7208	4243
2026-09-17T11:09:00-04:00	8.7100	8.7207	3941
2026-09-17T11:10:00-04:00	8.7100	8.7207	2668
2026-09-17T11:11:00-04:00	8.7150	8.7206	5377
2026-09-17T11:12:00-04:00	8.7150	8.7206	5344
2026-09-17T11:13:00-04:00	8.6950	8.7205	3381
2026-09-17T11:14:00-04:00	8.6400	8.7199	11468
2026-09-17T11:15:00-04:00	8.5919	8.7189	11024
2026-09-17T11:16:00-04:00	8.6100	8.7185	4166
2026-09-17T11:17:00-04:00	8.6350	8.7182	4058
2026-09-17T11:18:00-04:00	8.6600	8.7180	4215
2026-09-17T11:19:00-04:00	8.6550	8.7177	5199
2026-09-17T11:20:00-04:00	8.6300	8.7175	2795
2026-09-17T11:21:00-04:00	8.6500	8.7173	3718
2026-09-17T11:22:00-04:00	8.6500	8.7171	4046
2026-09-17T11:23:00-04:00	8.6450	8.7169	3263
2026-09-17T11:24:00-04:00	8.6200	8.7166	3787
2026-09-17T11:25:00-04:00	8.6200	8.7162	4576
2026-09-17T11:26:00-04:00	8.6180	8.7160	3256
2026-09-17T11:27:00-04:00	8.6000	8.7155	5884
2026-09-17T11:28:00-04:00	8.5900	8.7151	3740
2026-09-17T11:29:00-04:00	8.6100	8.7149	2013
2026-09-17T11:30:00-04:00	8.6200	8.7147	2907
2026-09-17T11:31:00-04:00	8.6300	8.7142	6410
2026-09-17T11:32:00-04:00	8.6200	8.7141	2464
2026-09-17T11:33:00-04:00	8.6400	8.7138	3584
2026-09-17T11:34:00-04:00	8.6300	8.7137	1810
2026-09-17T11:35:00-04:00	8.6400	8.7136	1769
2026-09-17T11:36:00-04:00	8.6500	8.7135	2983
2026-09-17T11:37:00-04:00	8.6400	8.7133	2471
2026-09-17T11:38:00-04:00	8.6300	8.7132	1608
2026-09-17T11:39:00-04:00	8.6350	8.7132	1157
2026-09-17T11:40:00-04:00	8.6650	8.7130	3645
2026-09-17T11:41:00-04:00	8.6700	8.7129	3131
2026-09-17T11:42:00-04:00	8.6700	8.7129	1342
2026-09-17T11:43:00-04:00	8.6700	8.7128	3220
2026-09-17T11:44:00-04:00	8.6550	8.7126	4686
2026-09-17T11:45:00-04:00	8.6500	8.7124	2590
2026-09-17T11:46:00-04:00	8.6500	8.7122	3887
2026-09-17T11:47:00-04:00	8.6600	8.7122	1924
2026-09-17T11:48:00-04:00	8.6700	8.7121	2000
2026-09-17T11:49:00-04:00	8.6550	8.7120	2279
2026-09-17T11:50:00-04:00	8.6600	8.7118	5585
2026-09-17T11:51:00-04:00	8.6600	8.7117	1768
2026-09-17T11:52:00-04:00	8.6600	8.7116	2205
2026-09-17T11:53:00-04:00	8.6900	8.7115	4242
2026-09-17T11:54:00-04:00	8.6900	8.7112	17399
2026-09-17T11:55:00-04:00	8.7250	8.7112	5403
2026-09-17T11:56:00-04:00	8.7300	8.7113	1133
2026-09-17T11:57:00-04:00	8.7100	8.7113	3547
2026-09-17T11:58:00-04:00	8.7050	8.7113	2062
2026-09-17T11:59:00-04:00	8.7300	8.7113	6467
2026-09-17T12:00:00-04:00	8.7300	8.7114	5775
2026-09-17T12:01:00-04:00	8.7050	8.7114	2697
2026-09-17T12:02:00-04:00	8.6800	8.7113	5245
2026-09-17T12:03:00-04:00	8.6800	8.7113	2211
2026-09-17T12:04:00-04:00	8.7400	8.7115	35394
2026-09-17T12:05:00-04:00	8.7200	8.7115	2753
2026-09-17T12:06:00-04:00	8.7000	8.7115	1308
2026-09-17T12:07:00-04:00	8.6850	8.7115	2059
2026-09-17T12:08:00-04:00	8.6800	8.7114	2274
2026-09-17T12:09:00-04:00	8.6800	8.7114	3513
2026-09-17T12:10:00-04:00	8.6800	8.7113	4042
2026-09-17T12:11:00-04:00	8.6900	8.7112	1921
2026-09-17T12:12:00-04:00	8.6850	8.7112	3535
2026-09-17T12:13:00-04:00	8.7000	8.7112	3480
2026-09-17T12:14:00-04:00	8.7050	8.7111	3723
2026-09-17T12:15:00-04:00	8.7100	8.7111	3491
2026-09-17T12:16:00-04:00	8.7000	8.7111	4191
2026-09-17T12:17:00-04:00	8.7200	8.7111	4578
2026-09-17T12:18:00-04:00	8.7100	8.7111	957
2026-09-17T12:19:00-04:00	8.7099	8.7111	4080
2026-09-17T12:20:00-04:00	8.7000	8.7111	742
2026-09-17T12:21:00-04:00	8.7200	8.7111	2182
2026-09-17T12:22:00-04:00	8.7300	8.7111	1198
2026-09-17T12:23:00-04:00	8.7500	8.7112	2234
2026-09-17T12:24:00-04:00	8.7600	8.7116	13965
2026-09-17T12:25:00-04:00	8.7400	8.7116	2644
2026-09-17T12:26:00-04:00	8.7700	8.7121	13052
2026-09-17T12:27:00-04:00	8.7500	8.7121	2487
2026-09-17T12:28:00-04:00	8.7500	8.7122	3330
2026-09-17T12:29:00-04:00	8.7700	8.7123	1355
2026-09-17T12:30:00-04:00	8.7450	8.7123	2150
2026-09-17T12:31:00-04:00	8.7600	8.7124	1889
2026-09-17T12:32:00-04:00	8.7600	8.7125	2483
2026-09-17T12:33:00-04:00	8.7400	8.7126	3489
2026-09-17T12:34:00-04:00	8.7300	8.7126	2953
2026-09-17T12:35:00-04:00	8.7400	8.7126	613
2026-09-17T12:36:00-04:00	8.7400	8.7126	1063
2026-09-17T12:37:00-04:00	8.7300	8.7127	1878
2026-09-17T12:38:00-04:00	8.7100	8.7127	2599
2026-09-17T12:39:00-04:00	8.7150	8.7127	2556
2026-09-17T12:40:00-04:00	8.7036	8.7127	1728
2026-09-17T12:41:00-04:00	8.7200	8.7127	1737
2026-09-17T12:42:00-04:00	8.7100	8.7127	2380
2026-09-17T12:43:00-04:00	8.7300	8.7127	2619
2026-09-17T12:44:00-04:00	8.7300	8.7127	1576
2026-09-17T12:45:00-04:00	8.7200	8.7127	2025
2026-09-17T12:46:00-04:00	8.7200	8.7127	1461
2026-09-17T12:47:00-04:00	8.7100	8.7127	8244
2026-09-17T12:48:00-04:00	8.7000	8.7127	1431
2026-09-17T12:49:00-04:00	8.7100	8.7127	2406
2026-09-17T12:50:00-04:00	8.7100	8.7127	1393
2026-09-17T12:51:00-04:00	8.7200	8.7127	4228
2026-09-17T12:53:00-04:00	8.7200	8.7127	1407
2026-09-17T12:54:00-04:00	8.7200	8.7127	874
2026-09-17T12:55:00-04:00	8.7250	8.7128	4891
2026-09-17T12:56:00-04:00	8.7400	8.7128	1713
2026-09-17T12:57:00-04:00	8.7600	8.7128	2183
2026-09-17T12:58:00-04:00	8.7700	8.7129	2221
2026-09-17T12:59:00-04:00	8.7800	8.7130	1796
2026-09-17T13:00:00-04:00	8.7850	8.7131	2672
2026-09-17T13:01:00-04:00	8.7800	8.7132	2180
2026-09-17T13:02:00-04:00	8.7850	8.7134	4026
2026-09-17T13:03:00-04:00	8.7800	8.7135	1564
2026-09-17T13:04:00-04:00	8.7900	8.7135	1658
2026-09-17T13:05:00-04:00	8.7850	8.7136	639
2026-09-17T13:06:00-04:00	8.8150	8.7141	9230
2026-09-17T13:07:00-04:00	8.7800	8.7143	4639
2026-09-17T13:08:00-04:00	8.7700	8.7144	1004
2026-09-17T13:09:00-04:00	8.7700	8.7145	2740
2026-09-17T13:10:00-04:00	8.7300	8.7145	1875
2026-09-17T13:11:00-04:00	8.7300	8.7145	2346
2026-09-17T13:12:00-04:00	8.7250	8.7145	1768
2026-09-17T13:13:00-04:00	8.7250	8.7145	1601
2026-09-17T13:14:00-04:00	8.7300	8.7145	1210
2026-09-17T13:15:00-04:00	8.7450	8.7146	2844
2026-09-17T13:16:00-04:00	8.7450	8.7146	1918
2026-09-17T13:17:00-04:00	8.7600	8.7147	1571
2026-09-17T13:18:00-04:00	8.7600	8.7147	2000
2026-09-17T13:19:00-04:00	8.7600	8.7148	1305
2026-09-17T13:20:00-04:00	8.7300	8.7154	35558
2026-09-17T13:21:00-04:00	8.7500	8.7154	2708
2026-09-17T13:22:00-04:00	8.7600	8.7155	1746
2026-09-17T13:23:00-04:00	8.7600	8.7155	2210
2026-09-17T13:24:00-04:00	8.7400	8.7156	3915
2026-09-17T13:25:00-04:00	8.7400	8.7156	803
2026-09-17T13:26:00-04:00	8.7900	8.7159	7583
2026-09-17T13:27:00-04:00	8.7800	8.7159	1739
2026-09-17T13:28:00-04:00	8.7800	8.7160	1784
2026-09-17T13:29:00-04:00	8.7850	8.7161	1413
2026-09-17T13:30:00-04:00	8.7800	8.7162	2520
2026-09-17T13:31:00-04:00	8.7800	8.7163	2238
2026-09-17T13:32:00-04:00	8.7600	8.7166	12405
2026-09-17T13:33:00-04:00	8.7700	8.7166	2288
2026-09-17T13:34:00-04:00	8.7500	8.7167	3708
2026-09-17T13:35:00-04:00	8.7500	8.7168	1700
2026-09-17T13:36:00-04:00	8.7300	8.7168	981
2026-09-17T13:37:00-04:00	8.7200	8.7168	1490
2026-09-17T13:38:00-04:00	8.7000	8.7168	2742
2026-09-17T13:39:00-04:00	8.6950	8.7168	835
2026-09-17T13:40:00-04:00	8.7100	8.7167	2770
2026-09-17T13:41:00-04:00	8.6901	8.7167	1516
2026-09-17T13:42:00-04:00	8.7200	8.7167	3211
2026-09-17T13:43:00-04:00	8.7300	8.7167	992
2026-09-17T13:44:00-04:00	8.6750	8.7166	5592
2026-09-17T13:45:00-04:00	8.6750	8.7166	829
2026-09-17T13:46:00-04:00	8.6900	8.7166	2557
2026-09-17T13:47:00-04:00	8.7100	8.7165	2108
2026-09-17T13:48:00-04:00	8.7100	8.7165	2324
2026-09-17T13:49:00-04:00	8.6990	8.7165	3311
2026-09-17T13:50:00-04:00	8.7199	8.7165	1447
2026-09-17T13:51:00-04:00	8.7200	8.7165	2487
2026-09-17T13:52:00-04:00	8.7300	8.7165	3466
2026-09-17T13:53:00-04:00	8.7300	8.7165	2609
2026-09-17T13:54:00-04:00	8.7200	8.7166	3578
2026-09-17T13:55:00-04:00	8.7250	8.7166	1727
2026-09-17T13:56:00-04:00	8.7200	8.7166	4530
2026-09-17T13:57:00-04:00	8.7300	8.7166	2132
2026-09-17T13:58:00-04:00	8.7300	8.7166	1697
2026-09-17T13:59:00-04:00	8.7400	8.7167	7569
2026-09-17T14:00:00-04:00	8.7699	8.7167	2964
2026-09-17T14:01:00-04:00	8.7900	8.7168	1992
2026-09-17T14:02:00-04:00	8.7684	8.7169	2817
2026-09-17T14:03:00-04:00	8.7770	8.7169	1694
2026-09-17T14:04:00-04:00	8.7700	8.7170	3117
2026-09-17T14:05:00-04:00	8.7800	8.7171	1531
2026-09-17T14:06:00-04:00	8.7700	8.7172	2916
2026-09-17T14:07:00-04:00	8.7700	8.7173	3234
2026-09-17T14:08:00-04:00	8.7700	8.7174	5251
2026-09-17T14:09:00-04:00	8.7800	8.7175	1032
2026-09-17T14:10:00-04:00	8.7890	8.7176	3829
2026-09-17T14:11:00-04:00	8.7992	8.7179	6610
2026-09-17T14:12:00-04:00	8.7950	8.7180	1749
2026-09-17T14:13:00-04:00	8.8000	8.7182	4133
2026-09-17T14:14:00-04:00	8.8200	8.7184	5182
2026-09-17T14:15:00-04:00	8.8100	8.7186	4078
2026-09-17T14:16:00-04:00	8.8050	8.7187	1389
2026-09-17T14:17:00-04:00	8.8200	8.7188	1121
2026-09-17T14:18:00-04:00	8.8300	8.7190	4728
2026-09-17T14:19:00-04:00	8.8300	8.7192	2033
2026-09-17T14:20:00-04:00	8.8110	8.7193	2561
2026-09-17T14:21:00-04:00	8.8200	8.7195	3418
2026-09-17T14:22:00-04:00	8.8300	8.7198	5305
2026-09-17T14:23:00-04:00	8.8200	8.7203	8771
2026-09-17T14:24:00-04:00	8.7600	8.7204	4403
2026-09-17T14:25:00-04:00	8.7900	8.7206	3079
2026-09-17T14:26:00-04:00	8.8000	8.7206	2063
2026-09-17T14:27:00-04:00	8.8000	8.7208	3159
2026-09-17T14:28:00-04:00	8.8300	8.7211	6557
2026-09-17T14:29:00-04:00	8.8200	8.7216	8492
2026-09-17T14:30:00-04:00	8.8150	8.7217	1582
2026-09-17T14:31:00-04:00	8.8200	8.7219	4053
2026-09-17T14:32:00-04:00	8.8150	8.7221	4592
2026-09-17T14:33:00-04:00	8.8500	8.7226	7601
2026-09-17T14:34:00-04:00	8.8550	8.7228	2541
2026-09-17T14:35:00-04:00	8.8650	8.7229	2286
2026-09-17T14:36:00-04:00	8.8700	8.7241	15824
2026-09-17T14:37:00-04:00	8.8650	8.7242	933
2026-09-17T14:38:00-04:00	8.8700	8.7246	5467
2026-09-17T14:39:00-04:00	8.8750	8.7247	1229
2026-09-17T14:40:00-04:00	8.8900	8.7251	5072
2026-09-17T14:41:00-04:00	8.9100	8.7257	5560
2026-09-17T14:42:00-04:00	8.9100	8.7313	64582
2026-09-17T14:43:00-04:00	8.9100	8.7317	4415
2026-09-17T14:44:00-04:00	8.8978	8.7320	4047
2026-09-17T14:45:00-04:00	8.9100	8.7328	8543
2026-09-17T14:46:00-04:00	8.9000	8.7352	30272
2026-09-17T14:47:00-04:00	8.9250	8.7380	34048
2026-09-17T14:48:00-04:00	8.9200	8.7384	4756
2026-09-17T14:49:00-04:00	8.9400	8.7387	2622
2026-09-17T14:50:00-04:00	8.9550	8.7391	3775
2026-09-17T14:51:00-04:00	8.9600	8.7394	3365
2026-09-17T14:52:00-04:00	8.9700	8.7408	11939
2026-09-17T14:53:00-04:00	8.9800	8.7413	4342
2026-09-17T14:54:00-04:00	8.9436	8.7422	8719
2026-09-17T14:55:00-04:00	8.9500	8.7437	16490
2026-09-17T14:56:00-04:00	8.9550	8.7447	9619
2026-09-17T14:57:00-04:00	8.9500	8.7455	8965
2026-09-17T14:58:00-04:00	8.9703	8.7462	6047
2026-09-17T14:59:00-04:00	8.9850	8.7468	6160
2026-09-17T15:00:00-04:00	9.0000	8.7501	29056
2026-09-17T15:01:00-04:00	9.0100	8.7504	2399
2026-09-17T15:02:00-04:00	9.0100	8.7520	13734
2026-09-17T15:03:00-04:00	9.0200	8.7525	4077
2026-09-17T15:04:00-04:00	9.0250	8.7537	9094
2026-09-17T15:05:00-04:00	9.0100	8.7552	13077
2026-09-17T15:06:00-04:00	8.9850	8.7559	6631
2026-09-17T15:07:00-04:00	8.9900	8.7587	26634
2026-09-17T15:08:00-04:00	9.0200	8.7591	3677
2026-09-17T15:09:00-04:00	9.0300	8.7595	3639
2026-09-17T15:10:00-04:00	9.0500	8.7626	24399
2026-09-17T15:11:00-04:00	9.0600	8.7633	5644
2026-09-17T15:12:00-04:00	9.0950	8.7642	6127
2026-09-17T15:13:00-04:00	9.0700	8.7677	25807
2026-09-17T15:14:00-04:00	9.0700	8.7698	16405
2026-09-17T15:15:00-04:00	9.0400	8.7724	22250
2026-09-17T15:16:00-04:00	9.0499	8.7729	3591
2026-09-17T15:17:00-04:00	9.0450	8.7746	15580
2026-09-17T15:18:00-04:00	9.0450	8.7754	6778
2026-09-17T15:19:00-04:00	9.0500	8.7757	2646
2026-09-17T15:20:00-04:00	9.0400	8.7765	7366
2026-09-17T15:21:00-04:00	9.0350	8.7770	4237
2026-09-17T15:22:00-04:00	9.0450	8.7779	8341
2026-09-17T15:23:00-04:00	8.9850	8.7793	15623
2026-09-17T15:24:00-04:00	8.9900	8.7799	6459
2026-09-17T15:25:00-04:00	8.9900	8.7809	12496
2026-09-17T15:26:00-04:00	9.0000	8.7815	6574
2026-09-17T15:27:00-04:00	9.0000	8.7818	3474
2026-09-17T15:28:00-04:00	8.9900	8.7826	8927
2026-09-17T15:29:00-04:00	8.9550	8.7834	10614
2026-09-17T15:30:00-04:00	8.9400	8.7840	9973
2026-09-17T15:31:00-04:00	8.9250	8.7848	15029
2026-09-17T15:32:00-04:00	8.9300	8.7860	19164
2026-09-17T15:33:00-04:00	8.9350	8.7865	8531
2026-09-17T15:34:00-04:00	8.9200	8.7871	10763
2026-09-17T15:35:00-04:00	8.9050	8.7875	8362
2026-09-17T15:36:00-04:00	8.9100	8.7876	3466
2026-09-17T15:37:00-04:00	8.8950	8.7881	11129
2026-09-17T15:38:00-04:00	8.9100	8.7887	12066
2026-09-17T15:39:00-04:00	8.8900	8.7889	6546
2026-09-17T15:40:00-04:00	8.9100	8.7894	9326
2026-09-17T15:41:00-04:00	8.9050	8.7896	6067
2026-09-17T15:42:00-04:00	8.9450	8.7902	11373
2026-09-17T15:43:00-04:00	8.9250	8.7913	19831
2026-09-17T15:44:00-04:00	8.9300	8.7921	14793
2026-09-17T15:45:00-04:00	8.9100	8.7924	7175
2026-09-17T15:46:00-04:00	8.8700	8.7927	10732
2026-09-17T15:47:00-04:00	8.8600	8.7930	10716
2026-09-17T15:48:00-04:00	8.8800	8.7933	9934
2026-09-17T15:49:00-04:00	8.8600	8.7935	8586
2026-09-17T15:50:00-04:00	8.8700	8.7942	20978
2026-09-17T15:51:00-04:00	8.8400	8.7943	9163
2026-09-17T15:52:00-04:00	8.8250	8.7945	13816
2026-09-17T15:53:00-04:00	8.8250	8.7947	19054
2026-09-17T15:54:00-04:00	8.8171	8.7949	17209
2026-09-17T15:55:00-04:00	8.8050	8.7950	30825
2026-09-17T15:56:00-04:00	8.7850	8.7949	28628
2026-09-17T15:57:00-04:00	8.8000	8.7949	31695
2026-09-17T15:58:00-04:00	8.7700	8.7946	58449
2026-09-17T15:59:00-04:00	8.7600	8.7942	56835
2026-09-18T09:30:00-04:00	8.8200	8.7867	63322
2026-09-18T09:31:00-04:00	8.9100	8.8128	17297
2026-09-18T09:32:00-04:00	8.8350	8.8151	4716
2026-09-18T09:33:00-04:00	8.7350	8.8117	5220
2026-09-18T09:34:00-04:00	8.5600	8.7970	7475
2026-09-18T09:35:00-04:00	8.5050	8.7760	7796
2026-09-18T09:36:00-04:00	8.4700	8.7117	29752
2026-09-18T09:37:00-04:00	8.4940	8.7005	6879
2026-09-18T09:38:00-04:00	8.4700	8.6902	6844
2026-09-18T09:39:00-04:00	8.4650	8.6724	14198
2026-09-18T09:40:00-04:00	8.4300	8.6647	5692
2026-09-18T09:41:00-04:00	8.4600	8.6563	7499
2026-09-18T09:42:00-04:00	8.4807	8.6438	13652
2026-09-18T09:43:00-04:00	8.5300	8.6357	12459
2026-09-18T09:44:00-04:00	8.5300	8.6324	7372
2026-09-18T09:45:00-04:00	8.5500	8.6233	29828
2026-09-18T09:46:00-04:00	8.5850	8.6226	3394
2026-09-18T09:47:00-04:00	8.5800	8.6213	15449
2026-09-18T09:48:00-04:00	8.6050	8.6207	4868
2026-09-18T09:49:00-04:00	8.6550	8.6236	21163
2026-09-18T09:51:00-04:00	8.6432	8.6241	5277
2026-09-18T09:52:00-04:00	8.6840	8.6244	2026
2026-09-18T09:53:00-04:00	8.6440	8.6260	11679
2026-09-18T09:54:00-04:00	8.6340	8.6263	5187
2026-09-18T09:55:00-04:00	8.6100	8.6262	3892
2026-09-18T09:56:00-04:00	8.6200	8.6261	2025
2026-09-18T09:57:00-04:00	8.6000	8.6249	15644
2026-09-18T09:58:00-04:00	8.6090	8.6248	1736
2026-09-18T09:59:00-04:00	8.5750	8.6241	6418
2026-09-18T10:00:00-04:00	8.5940	8.6235	4297
2026-09-18T10:01:00-04:00	8.5900	8.6231	4618
2026-09-18T10:02:00-04:00	8.5800	8.6224	6803
2026-09-18T10:03:00-04:00	8.5482	8.6217	3986
2026-09-18T10:04:00-04:00	8.5600	8.6211	3182
2026-09-18T10:05:00-04:00	8.5200	8.6196	6005
2026-09-18T10:06:00-04:00	8.5000	8.6185	3629
2026-09-18T10:07:00-04:00	8.5400	8.6171	5516
2026-09-18T10:08:00-04:00	8.5300	8.6152	8452
2026-09-18T10:09:00-04:00	8.5400	8.6145	3576
2026-09-18T10:10:00-04:00	8.5400	8.6137	4379
2026-09-18T10:11:00-04:00	8.5400	8.6125	7099
2026-09-18T10:12:00-04:00	8.4900	8.6104	8120
2026-09-18T10:13:00-04:00	8.4850	8.6086	5572
2026-09-18T10:14:00-04:00	8.5050	8.6074	4432
2026-09-18T10:15:00-04:00	8.4900	8.6041	12490
2026-09-18T10:16:00-04:00	8.4900	8.6030	4218
2026-09-18T10:17:00-04:00	8.4300	8.5980	14330
2026-09-18T10:18:00-04:00	8.4410	8.5961	5441
2026-09-18T10:19:00-04:00	8.4400	8.5948	3765
2026-09-18T10:20:00-04:00	8.3400	8.5840	23600
2026-09-18T10:21:00-04:00	8.3350	8.5772	13404
2026-09-18T10:22:00-04:00	8.3400	8.5731	8613
2026-09-18T10:23:00-04:00	8.3400	8.5716	3405
2026-09-18T10:24:00-04:00	8.3200	8.5673	8777
2026-09-18T10:25:00-04:00	8.3400	8.5632	9031
2026-09-18T10:26:00-04:00	8.3300	8.5615	4014
2026-09-18T10:27:00-04:00	8.3500	8.5602	3272
2026-09-18T10:28:00-04:00	8.3400	8.5570	7935
2026-09-18T10:29:00-04:00	8.3900	8.5550	5926
2026-09-18T10:30:00-04:00	8.3700	8.5530	6383
2026-09-18T10:31:00-04:00	8.3900	8.5500	9904
2026-09-18T10:32:00-04:00	8.3850	8.5463	12745
2026-09-18T10:33:00-04:00	8.3800	8.5458	1627
2026-09-18T10:34:00-04:00	8.3900	8.5446	4517
2026-09-18T10:35:00-04:00	8.4000	8.5439	2970
2026-09-18T10:36:00-04:00	8.4150	8.5434	1943
2026-09-18T10:37:00-04:00	8.4000	8.5417	7285
2026-09-18T10:38:00-04:00	8.4000	8.5416	587
2026-09-18T10:39:00-04:00	8.4050	8.5397	8317
2026-09-18T10:40:00-04:00	8.4100	8.5395	1144
2026-09-18T10:41:00-04:00	8.4200	8.5388	3219
2026-09-18T10:42:00-04:00	8.4000	8.5351	17692
2026-09-18T10:43:00-04:00	8.4000	8.5347	1774
2026-09-18T10:44:00-04:00	8.4050	8.5343	2297
2026-09-18T10:45:00-04:00	8.4000	8.5328	6806
2026-09-18T10:46:00-04:00	8.4000	8.5324	1996
2026-09-18T10:47:00-04:00	8.4200	8.5320	2070
2026-09-18T10:48:00-04:00	8.4000	8.5303	8948
2026-09-18T10:49:00-04:00	8.4037	8.5299	2238
2026-09-18T10:50:00-04:00	8.4000	8.5265	17172
2026-09-18T10:51:00-04:00	8.3900	8.5249	8185
2026-09-18T10:52:00-04:00	8.3400	8.5231	6982
2026-09-18T10:53:00-04:00	8.3350	8.5228	872
2026-09-18T10:54:00-04:00	8.3100	8.5188	13686
2026-09-18T10:55:00-04:00	8.2800	8.5179	2803
2026-09-18T10:56:00-04:00	8.2600	8.5167	3440
2026-09-18T10:57:00-04:00	8.2300	8.5146	5248
2026-09-18T10:58:00-04:00	8.2600	8.5133	3514
2026-09-18T10:59:00-04:00	8.2650	8.5125	2441
2026-09-18T11:00:00-04:00	8.2550	8.5110	4177
2026-09-18T11:01:00-04:00	8.2450	8.5086	6547
2026-09-18T11:02:00-04:00	8.2550	8.5063	6532
2026-09-18T11:03:00-04:00	8.2650	8.5057	1844
2026-09-18T11:04:00-04:00	8.2650	8.5054	776
2026-09-18T11:05:00-04:00	8.2800	8.5027	9200
2026-09-18T11:06:00-04:00	8.2800	8.5015	3744
2026-09-18T11:07:00-04:00	8.2700	8.4997	6064
2026-09-18T11:08:00-04:00	8.2700	8.4987	3278
2026-09-18T11:09:00-04:00	8.2700	8.4982	1583
2026-09-18T11:10:00-04:00	8.2600	8.4964	5879
2026-09-18T11:11:00-04:00	8.2500	8.4907	18256
2026-09-18T11:12:00-04:00	8.2600	8.4892	4983
2026-09-18T11:13:00-04:00	8.2600	8.4891	349
2026-09-18T11:14:00-04:00	8.2699	8.4890	556
2026-09-18T11:15:00-04:00	8.2900	8.4870	7595
2026-09-18T11:16:00-04:00	8.2900	8.4864	2321
2026-09-18T11:17:00-04:00	8.3000	8.4850	5942
2026-09-18T11:18:00-04:00	8.3100	8.4834	7678
2026-09-18T11:19:00-04:00	8.3100	8.4814	9157
2026-09-18T11:20:00-04:00	8.3250	8.4798	8068
2026-09-18T11:21:00-04:00	8.3100	8.4786	6227
2026-09-18T11:22:00-04:00	8.3100	8.4779	3819
2026-09-18T11:24:00-04:00	8.3100	8.4774	2452
2026-09-18T11:25:00-04:00	8.3100	8.4771	1394
2026-09-18T11:26:00-04:00	8.3100	8.4765	2782
2026-09-18T11:27:00-04:00	8.3018	8.4756	4914
2026-09-18T11:28:00-04:00	8.3100	8.4736	10193
2026-09-18T11:29:00-04:00	8.3100	8.4735	645
2026-09-18T11:30:00-04:00	8.2900	8.4713	10471
2026-09-18T11:31:00-04:00	8.3100	8.4706	3583
2026-09-18T11:32:00-04:00	8.3176	8.4705	450
2026-09-18T11:33:00-04:00	8.3100	8.4700	3237
2026-09-18T11:34:00-04:00	8.3250	8.4695	2687
2026-09-18T11:35:00-04:00	8.3300	8.4693	1158
2026-09-18T11:36:00-04:00	8.3400	8.4685	5699
2026-09-18T11:37:00-04:00	8.3350	8.4678	4472
2026-09-18T11:38:00-04:00	8.3350	8.4674	2876
2026-09-18T11:39:00-04:00	8.3400	8.4671	2103
2026-09-18T11:40:00-04:00	8.3400	8.4670	726
2026-09-18T11:41:00-04:00	8.3700	8.4656	13198
2026-09-18T11:42:00-04:00	8.3800	8.4654	1810
2026-09-18T11:43:00-04:00	8.3900	8.4651	3097
2026-09-18T11:44:00-04:00	8.3900	8.4647	5413
2026-09-18T11:46:00-04:00	8.3900	8.4644	3505
2026-09-18T11:47:00-04:00	8.3900	8.4640	5512
2026-09-18T11:48:00-04:00	8.3800	8.4639	1199
2026-09-18T11:49:00-04:00	8.3500	8.4629	8817
2026-09-18T11:50:00-04:00	8.3400	8.4624	3888
2026-09-18T11:51:00-04:00	8.3300	8.4619	4054
2026-09-18T11:52:00-04:00	8.3300	8.4617	1270
2026-09-18T11:53:00-04:00	8.3400	8.4610	5153
2026-09-18T11:54:00-04:00	8.3400	8.4607	2663
2026-09-18T11:55:00-04:00	8.3400	8.4605	1677
2026-09-18T11:56:00-04:00	8.3100	8.4593	7846
2026-09-18T11:57:00-04:00	8.3050	8.4591	1284
2026-09-18T11:58:00-04:00	8.3050	8.4589	1255
2026-09-18T11:59:00-04:00	8.3000	8.4568	13062
2026-09-18T12:00:00-04:00	8.3000	8.4563	3317
2026-09-18T12:01:00-04:00	8.3200	8.4558	3319
2026-09-18T12:02:00-04:00	8.3299	8.4556	1580
2026-09-18T12:03:00-04:00	8.3100	8.4550	4433
2026-09-18T12:05:00-04:00	8.3200	8.4546	2777
2026-09-18T12:06:00-04:00	8.3400	8.4540	4866
2026-09-18T12:07:00-04:00	8.3400	8.4538	1365
2026-09-18T12:08:00-04:00	8.3300	8.4527	9383
2026-09-18T12:10:00-04:00	8.3300	8.4525	1940
2026-09-18T12:11:00-04:00	8.3100	8.4510	11044
2026-09-18T12:12:00-04:00	8.3219	8.4508	1612
2026-09-18T12:13:00-04:00	8.3000	8.4498	7691
2026-09-18T12:14:00-04:00	8.2900	8.4497	895
2026-09-18T12:15:00-04:00	8.3000	8.4489	5365
2026-09-18T12:16:00-04:00	8.3000	8.4485	2850
2026-09-18T12:17:00-04:00	8.3100	8.4477	5333
2026-09-18T12:19:00-04:00	8.3000	8.4474	2162
2026-09-18T12:20:00-04:00	8.3100	8.4469	4080
2026-09-18T12:21:00-04:00	8.3150	8.4467	1548
2026-09-18T12:22:00-04:00	8.3200	8.4463	3637
2026-09-18T12:23:00-04:00	8.3200	8.4459	3449
2026-09-18T12:24:00-04:00	8.3200	8.4458	238
2026-09-18T12:25:00-04:00	8.3200	8.4451	6465
2026-09-18T12:26:00-04:00	8.3200	8.4448	2009
2026-09-18T12:27:00-04:00	8.3300	8.4444	4337
2026-09-18T12:28:00-04:00	8.3400	8.4440	3830
2026-09-18T12:29:00-04:00	8.3100	8.4429	9737
2026-09-18T12:30:00-04:00	8.3300	8.4426	2671
2026-09-18T12:31:00-04:00	8.3200	8.4424	2108
2026-09-18T12:32:00-04:00	8.3000	8.4412	9026
2026-09-18T12:33:00-04:00	8.3150	8.4408	3411
2026-09-18T12:34:00-04:00	8.3300	8.4406	2403
2026-09-18T12:36:00-04:00	8.3600	8.4401	6230
2026-09-18T12:37:00-04:00	8.3800	8.4399	4126
2026-09-18T12:38:00-04:00	8.3800	8.4397	3557
2026-09-18T12:39:00-04:00	8.3800	8.4396	1854
2026-09-18T12:40:00-04:00	8.3800	8.4395	2076
2026-09-18T12:41:00-04:00	8.3800	8.4394	1016
2026-09-18T12:42:00-04:00	8.3702	8.4391	6821
2026-09-18T12:43:00-04:00	8.3800	8.4389	2989
2026-09-18T12:44:00-04:00	8.3900	8.4388	2022
2026-09-18T12:45:00-04:00	8.3800	8.4384	7538
2026-09-18T12:46:00-04:00	8.3800	8.4384	432
2026-09-18T12:47:00-04:00	8.4100	8.4382	4490
2026-09-18T12:48:00-04:00	8.4100	8.4381	4880
2026-09-18T12:49:00-04:00	8.4200	8.4380	5480
2026-09-18T12:50:00-04:00	8.4200	8.4380	2353
2026-09-18T12:51:00-04:00	8.4200	8.4379	1469
2026-09-18T12:52:00-04:00	8.4200	8.4379	2605
2026-09-18T12:53:00-04:00	8.4200	8.4378	2520
2026-09-18T12:54:00-04:00	8.4100	8.4377	5499
2026-09-18T12:55:00-04:00	8.3950	8.4376	4130
2026-09-18T12:56:00-04:00	8.4100	8.4376	1584
2026-09-18T12:57:00-04:00	8.4000	8.4375	1510
2026-09-18T12:58:00-04:00	8.3900	8.4374	4297
2026-09-18T12:59:00-04:00	8.3900	8.4370	9950
2026-09-18T13:00:00-04:00	8.3800	8.4369	1388
2026-09-18T13:01:00-04:00	8.3800	8.4368	1858
2026-09-18T13:02:00-04:00	8.3850	8.4368	1307
2026-09-18T13:03:00-04:00	8.4000	8.4366	5748
2026-09-18T13:04:00-04:00	8.3951	8.4366	729
2026-09-18T13:05:00-04:00	8.4100	8.4365	2026
2026-09-18T13:06:00-04:00	8.4200	8.4365	2758
2026-09-18T13:07:00-04:00	8.4100	8.4364	2396
2026-09-18T13:08:00-04:00	8.4100	8.4364	747
2026-09-18T13:09:00-04:00	8.4100	8.4361	12047
2026-09-18T13:10:00-04:00	8.4100	8.4360	2659
2026-09-18T13:11:00-04:00	8.4100	8.4359	2993
2026-09-18T13:12:00-04:00	8.4000	8.4359	3374
2026-09-18T13:13:00-04:00	8.4100	8.4358	1818
2026-09-18T13:14:00-04:00	8.4100	8.4358	1073
2026-09-18T13:15:00-04:00	8.4050	8.4357	2776
2026-09-18T13:16:00-04:00	8.3800	8.4353	11520
2026-09-18T13:17:00-04:00	8.3850	8.4352	2816
2026-09-18T13:18:00-04:00	8.3800	8.4352	638
2026-09-18T13:19:00-04:00	8.3650	8.4349	4379
2026-09-18T13:20:00-04:00	8.3650	8.4348	2081
2026-09-18T13:21:00-04:00	8.3650	8.4346	4460
2026-09-18T13:22:00-04:00	8.3691	8.4346	265
2026-09-18T13:23:00-04:00	8.3650	8.4344	2447
2026-09-18T13:24:00-04:00	8.3600	8.4341	6201
2026-09-18T13:25:00-04:00	8.3800	8.4339	3274
2026-09-18T13:26:00-04:00	8.3900	8.4337	6143
2026-09-18T13:28:00-04:00	8.4000	8.4337	1253
2026-09-18T13:29:00-04:00	8.3850	8.4335	5736
2026-09-18T13:30:00-04:00	8.3720	8.4333	5120
2026-09-18T13:31:00-04:00	8.3400	8.4330	4621
2026-09-18T13:32:00-04:00	8.3300	8.4329	893
2026-09-18T13:33:00-04:00	8.3450	8.4327	2967
2026-09-18T13:34:00-04:00	8.3450	8.4324	4404
2026-09-18T13:35:00-04:00	8.3600	8.4322	3500
2026-09-18T13:36:00-04:00	8.3510	8.4321	923
2026-09-18T13:37:00-04:00	8.3750	8.4319	5361
2026-09-18T13:38:00-04:00	8.3700	8.4315	7919
2026-09-18T13:39:00-04:00	8.3750	8.4314	2631
2026-09-18T13:40:00-04:00	8.3850	8.4314	2037
2026-09-18T13:41:00-04:00	8.3800	8.4311	6084
2026-09-18T13:42:00-04:00	8.3800	8.4310	3650
2026-09-18T13:43:00-04:00	8.3900	8.4310	393
2026-09-18T13:44:00-04:00	8.3850	8.4306	10641
2026-09-18T13:45:00-04:00	8.3900	8.4306	1976
2026-09-18T13:46:00-04:00	8.4100	8.4305	3197
2026-09-18T13:47:00-04:00	8.4100	8.4304	6802
2026-09-18T13:48:00-04:00	8.4200	8.4304	1616
2026-09-18T13:49:00-04:00	8.4200	8.4304	3589
2026-09-18T13:50:00-04:00	8.4200	8.4304	1172
2026-09-18T13:51:00-04:00	8.3950	8.4301	10507
2026-09-18T13:52:00-04:00	8.3950	8.4301	886
2026-09-18T13:53:00-04:00	8.3950	8.4301	1434
2026-09-18T13:54:00-04:00	8.3900	8.4299	6660
2026-09-18T13:55:00-04:00	8.3800	8.4297	4237
2026-09-18T13:56:00-04:00	8.3750	8.4297	445
2026-09-18T13:57:00-04:00	8.3750	8.4296	2095
2026-09-18T13:58:00-04:00	8.3750	8.4295	2347
2026-09-18T13:59:00-04:00	8.3800	8.4295	1593
2026-09-18T14:00:00-04:00	8.3900	8.4294	2713
2026-09-18T14:01:00-04:00	8.4000	8.4293	6862
2026-09-18T14:02:00-04:00	8.3800	8.4288	15231
2026-09-18T14:03:00-04:00	8.3900	8.4288	992
2026-09-18T14:04:00-04:00	8.4000	8.4287	1912
2026-09-18T14:05:00-04:00	8.3900	8.4287	2539
2026-09-18T14:06:00-04:00	8.4050	8.4286	3964
2026-09-18T14:07:00-04:00	8.4300	8.4286	1532
2026-09-18T14:08:00-04:00	8.4200	8.4285	11520
2026-09-18T14:09:00-04:00	8.4300	8.4285	2189
2026-09-18T14:10:00-04:00	8.4400	8.4286	3131
2026-09-18T14:11:00-04:00	8.4400	8.4286	3481
2026-09-18T14:12:00-04:00	8.4450	8.4286	1915
2026-09-18T14:13:00-04:00	8.4400	8.4286	3532
2026-09-18T14:14:00-04:00	8.4700	8.4287	4052
2026-09-18T14:15:00-04:00	8.4500	8.4289	10989
2026-09-18T14:16:00-04:00	8.4450	8.4290	4687
2026-09-18T14:17:00-04:00	8.4550	8.4290	2413
2026-09-18T14:18:00-04:00	8.4600	8.4291	2515
2026-09-18T14:19:00-04:00	8.4600	8.4292	4858
2026-09-18T14:20:00-04:00	8.4500	8.4294	10952
2026-09-18T14:21:00-04:00	8.4500	8.4294	1905
2026-09-18T14:22:00-04:00	8.4450	8.4295	10526
2026-09-18T14:23:00-04:00	8.4450	8.4295	507
2026-09-18T14:24:00-04:00	8.4350	8.4295	6824
2026-09-18T14:25:00-04:00	8.4350	8.4295	1072
2026-09-18T14:26:00-04:00	8.4350	8.4296	1880
2026-09-18T14:27:00-04:00	8.4550	8.4298	14606
2026-09-18T14:28:00-04:00	8.4900	8.4299	3828
2026-09-18T14:29:00-04:00	8.4900	8.4302	7159
2026-09-18T14:30:00-04:00	8.4950	8.4304	4225
2026-09-18T14:31:00-04:00	8.4900	8.4309	13025
2026-09-18T14:32:00-04:00	8.4600	8.4310	3524
2026-09-18T14:33:00-04:00	8.4650	8.4310	482
2026-09-18T14:34:00-04:00	8.4900	8.4311	4730
2026-09-18T14:35:00-04:00	8.4850	8.4312	1694
2026-09-18T14:36:00-04:00	8.4850	8.4313	1770
2026-09-18T14:37:00-04:00	8.4850	8.4314	2820
2026-09-18T14:38:00-04:00	8.4850	8.4316	6932
2026-09-18T14:39:00-04:00	8.4950	8.4317	3318
2026-09-18T14:40:00-04:00	8.4800	8.4321	11223
2026-09-18T14:42:00-04:00	8.4900	8.4322	1746
2026-09-18T14:43:00-04:00	8.5000	8.4327	12883
2026-09-18T14:44:00-04:00	8.4750	8.4329	8326
2026-09-18T14:45:00-04:00	8.4750	8.4330	883
2026-09-18T14:46:00-04:00	8.4900	8.4334	13842
2026-09-18T14:47:00-04:00	8.5100	8.4336	3575
2026-09-18T14:48:00-04:00	8.5100	8.4336	1216
2026-09-18T14:49:00-04:00	8.4900	8.4340	11123
2026-09-18T14:50:00-04:00	8.4600	8.4342	5949
2026-09-18T14:51:00-04:00	8.4500	8.4342	1316
2026-09-18T14:52:00-04:00	8.4550	8.4342	1447
2026-09-18T14:53:00-04:00	8.4650	8.4343	4478
2026-09-18T14:54:00-04:00	8.4650	8.4343	2490
2026-09-18T14:55:00-04:00	8.4700	8.4344	2362
2026-09-18T14:56:00-04:00	8.4500	8.4346	23183
2026-09-18T14:57:00-04:00	8.4500	8.4347	8085
2026-09-18T14:58:00-04:00	8.4500	8.4348	8341
2026-09-18T14:59:00-04:00	8.4500	8.4348	7703
2026-09-18T15:00:00-04:00	8.4450	8.4348	4213
2026-09-18T15:01:00-04:00	8.4250	8.4348	2751
2026-09-18T15:02:00-04:00	8.4200	8.4348	6653
2026-09-18T15:03:00-04:00	8.4600	8.4348	13467
2026-09-18T15:04:00-04:00	8.4650	8.4349	1763
2026-09-18T15:05:00-04:00	8.4650	8.4350	10165
2026-09-18T15:06:00-04:00	8.4800	8.4353	11495
2026-09-18T15:07:00-04:00	8.5400	8.4357	9767
2026-09-18T15:08:00-04:00	8.5300	8.4361	6756
2026-09-18T15:09:00-04:00	8.5390	8.4363	4167
2026-09-18T15:10:00-04:00	8.5250	8.4369	10683
2026-09-18T15:11:00-04:00	8.5350	8.4376	14716
2026-09-18T15:12:00-04:00	8.5800	8.4381	7398
2026-09-18T15:13:00-04:00	8.5650	8.4387	8293
2026-09-18T15:14:00-04:00	8.5400	8.4403	25375
2026-09-18T15:15:00-04:00	8.5500	8.4407	6001
2026-09-18T15:16:00-04:00	8.5700	8.4411	7064
2026-09-18T15:17:00-04:00	8.5300	8.4418	12720
2026-09-18T15:18:00-04:00	8.5300	8.4419	1978
2026-09-18T15:19:00-04:00	8.5400	8.4424	9616
2026-09-18T15:20:00-04:00	8.4775	8.4431	23381
2026-09-18T15:21:00-04:00	8.5200	8.4433	8840
2026-09-18T15:22:00-04:00	8.5350	8.4437	8026
2026-09-18T15:23:00-04:00	8.5200	8.4441	10722
2026-09-18T15:24:00-04:00	8.5200	8.4443	5697
2026-09-18T15:25:00-04:00	8.5300	8.4445	3989
2026-09-18T15:26:00-04:00	8.5500	8.4448	5385
2026-09-18T15:27:00-04:00	8.5300	8.4463	34171
2026-09-18T15:28:00-04:00	8.5300	8.4463	2174
2026-09-18T15:29:00-04:00	8.5300	8.4470	13885
2026-09-18T15:30:00-04:00	8.4900	8.4474	17609
2026-09-18T15:31:00-04:00	8.4750	8.4476	10576
2026-09-18T15:32:00-04:00	8.4650	8.4476	6519
2026-09-18T15:33:00-04:00	8.4750	8.4479	26309
2026-09-18T15:34:00-04:00	8.4900	8.4481	12185
2026-09-18T15:35:00-04:00	8.5200	8.4488	22329
2026-09-18T15:36:00-04:00	8.5200	8.4494	20558
2026-09-18T15:37:00-04:00	8.5150	8.4497	9578
2026-09-18T15:38:00-04:00	8.4900	8.4500	15387
2026-09-18T15:39:00-04:00	8.4600	8.4504	32119
2026-09-18T15:40:00-04:00	8.4500	8.4503	21519
2026-09-18T15:41:00-04:00	8.4900	8.4508	33114
2026-09-18T15:42:00-04:00	8.4850	8.4509	10267
2026-09-18T15:43:00-04:00	8.5100	8.4512	13028
2026-09-18T15:44:00-04:00	8.5400	8.4519	19804
2026-09-18T15:45:00-04:00	8.4900	8.4528	48565
2026-09-18T15:46:00-04:00	8.4800	8.4531	20506
2026-09-18T15:47:00-04:00	8.5000	8.4536	24788
2026-09-18T15:48:00-04:00	8.5000	8.4540	19434
2026-09-18T15:49:00-04:00	8.5300	8.4546	23112
2026-09-18T15:50:00-04:00	8.4950	8.4554	29571
2026-09-18T15:51:00-04:00	8.4900	8.4558	28165
2026-09-18T15:52:00-04:00	8.4900	8.4569	72816
2026-09-18T15:53:00-04:00	8.4500	8.4570	35341
2026-09-18T15:54:00-04:00	8.4200	8.4565	49283
2026-09-18T15:55:00-04:00	8.4350	8.4561	50670
2026-09-18T15:56:00-04:00	8.4950	8.4565	53425
2026-09-18T15:57:00-04:00	8.5200	8.4576	50854
2026-09-18T15:58:00-04:00	8.5600	8.4616	123715
2026-09-18T15:59:00-04:00	8.5350	8.4636	71738
2026-09-21T09:30:00-04:00	8.8000	8.7633	34242
2026-09-21T09:31:00-04:00	8.9767	8.7758	3123
2026-09-21T09:32:00-04:00	8.9500	8.8302	16094
2026-09-21T09:33:00-04:00	8.9300	8.8352	3028
2026-09-21T09:34:00-04:00	8.9000	8.8394	3364
2026-09-21T09:35:00-04:00	9.0300	8.8595	8983
2026-09-21T09:36:00-04:00	8.9100	8.8670	6333
2026-09-21T09:37:00-04:00	9.0100	8.8743	4622
2026-09-21T09:38:00-04:00	8.9700	8.8782	2597
2026-09-21T09:39:00-04:00	8.9700	8.8993	19244
2026-09-21T09:40:00-04:00	8.9900	8.9062	10329
2026-09-21T09:41:00-04:00	9.0350	8.9100	3607
2026-09-21T09:42:00-04:00	8.9250	8.9133	7941
2026-09-21T09:43:00-04:00	8.9186	8.9134	4927
2026-09-21T09:44:00-04:00	8.9250	8.9135	1904
2026-09-21T09:45:00-04:00	9.0000	8.9143	1647
2026-09-21T09:46:00-04:00	9.0000	8.9149	817
2026-09-21T09:47:00-04:00	9.0150	8.9196	6459
2026-09-21T09:48:00-04:00	9.0400	8.9245	6364
2026-09-21T09:49:00-04:00	9.0350	8.9311	8494
2026-09-21T09:50:00-04:00	9.0300	8.9326	2517
2026-09-21T09:51:00-04:00	9.1750	8.9524	17471
2026-09-21T09:52:00-04:00	9.1300	8.9905	41837
2026-09-21T09:53:00-04:00	9.0800	8.9944	8450
2026-09-21T09:54:00-04:00	9.0600	8.9946	698
2026-09-21T09:55:00-04:00	9.0100	8.9954	8607
2026-09-21T09:56:00-04:00	9.0650	8.9963	3984
2026-09-21T09:57:00-04:00	9.1000	8.9979	4053
2026-09-21T09:58:00-04:00	9.1100	9.0004	5870
2026-09-21T09:59:00-04:00	9.1750	9.0119	18484
2026-09-21T10:00:00-04:00	9.0800	9.0158	11015
2026-09-21T10:01:00-04:00	9.1532	9.0173	3225
2026-09-21T10:02:00-04:00	9.1500	9.0223	10568
2026-09-21T10:03:00-04:00	9.1450	9.0240	4137
2026-09-21T10:04:00-04:00	9.1300	9.0282	11068
2026-09-21T10:05:00-04:00	9.0750	9.0293	5490
2026-09-21T10:06:00-04:00	9.1300	9.0312	7081
2026-09-21T10:07:00-04:00	9.1000	9.0320	3804
2026-09-21T10:08:00-04:00	9.1450	9.0330	2975
2026-09-21T10:09:00-04:00	9.1200	9.0337	2617
2026-09-21T10:10:00-04:00	9.1423	9.0354	4965
2026-09-21T10:11:00-04:00	9.1300	9.0380	8508
2026-09-21T10:12:00-04:00	9.1500	9.0401	7406
2026-09-21T10:13:00-04:00	9.1600	9.0419	5474
2026-09-21T10:14:00-04:00	9.1500	9.0472	17465
2026-09-21T10:15:00-04:00	9.1500	9.0474	973
2026-09-21T10:16:00-04:00	9.1500	9.0495	7127
2026-09-21T10:17:00-04:00	9.1650	9.0497	801
2026-09-21T10:18:00-04:00	9.1700	9.0503	1774
2026-09-21T10:19:00-04:00	9.1900	9.0569	18655
2026-09-21T10:20:00-04:00	9.1714	9.0605	11482
2026-09-21T10:21:00-04:00	9.1700	9.0616	4055
2026-09-21T10:22:00-04:00	9.2250	9.0646	8813
2026-09-21T10:23:00-04:00	9.2000	9.0652	1734
2026-09-21T10:24:00-04:00	9.1800	9.0661	3545
2026-09-21T10:25:00-04:00	9.1900	9.0666	1710
2026-09-21T10:26:00-04:00	9.2247	9.0678	3575
2026-09-21T10:27:00-04:00	9.2100	9.0686	2210
2026-09-21T10:28:00-04:00	9.2200	9.0699	3790
2026-09-21T10:29:00-04:00	9.2200	9.0721	6646
2026-09-21T10:30:00-04:00	9.2200	9.0735	4156
2026-09-21T10:31:00-04:00	9.1701	9.0744	3764
2026-09-21T10:32:00-04:00	9.1800	9.0758	6525
2026-09-21T10:33:00-04:00	9.1800	9.0765	2949
2026-09-21T10:34:00-04:00	9.1900	9.0776	5133
2026-09-21T10:35:00-04:00	9.1800	9.0782	2591
2026-09-21T10:36:00-04:00	9.1900	9.0788	2622
2026-09-21T10:37:00-04:00	9.2300	9.0814	9076
2026-09-21T10:38:00-04:00	9.2350	9.0845	10274
2026-09-21T10:39:00-04:00	9.2400	9.0876	10002
2026-09-21T10:40:00-04:00	9.2600	9.0918	13236
2026-09-21T10:41:00-04:00	9.2599	9.0937	5866
2026-09-21T10:42:00-04:00	9.2620	9.0947	3256
2026-09-21T10:43:00-04:00	9.2500	9.0963	5232
2026-09-21T10:44:00-04:00	9.2450	9.0981	6491
2026-09-21T10:45:00-04:00	9.2500	9.0993	4304
2026-09-21T10:46:00-04:00	9.2600	9.1010	5729
2026-09-21T10:47:00-04:00	9.2400	9.1028	7088
2026-09-21T10:48:00-04:00	9.2400	9.1031	1267
2026-09-21T10:49:00-04:00	9.2400	9.1053	8708
2026-09-21T10:50:00-04:00	9.2400	9.1058	2395
2026-09-21T10:51:00-04:00	9.2700	9.1062	1551
2026-09-21T10:52:00-04:00	9.2600	9.1071	3090
2026-09-21T10:53:00-04:00	9.2500	9.1079	3115
2026-09-21T10:54:00-04:00	9.2500	9.1082	1553
2026-09-21T10:55:00-04:00	9.2500	9.1086	1397
2026-09-21T10:56:00-04:00	9.2600	9.1097	4055
2026-09-21T10:57:00-04:00	9.2850	9.1112	5466
2026-09-21T10:58:00-04:00	9.2750	9.1119	2622
2026-09-21T10:59:00-04:00	9.2850	9.1141	7691
2026-09-21T11:00:00-04:00	9.2800	9.1169	10213
2026-09-21T11:01:00-04:00	9.2950	9.1175	2073
2026-09-21T11:02:00-04:00	9.3050	9.1203	9580
2026-09-21T11:03:00-04:00	9.3279	9.1225	7042
2026-09-21T11:04:00-04:00	9.3300	9.1246	6653
2026-09-21T11:05:00-04:00	9.4340	9.1551	74592
2026-09-21T11:06:00-04:00	9.4100	9.1637	25537
2026-09-21T11:07:00-04:00	9.4400	9.1664	7514
2026-09-21T11:08:00-04:00	9.4950	9.1715	12347
2026-09-21T11:09:00-04:00	9.4800	9.1743	6945
2026-09-21T11:10:00-04:00	9.4600	9.1772	7666
2026-09-21T11:11:00-04:00	9.4700	9.1794	5894
2026-09-21T11:12:00-04:00	9.4900	9.1805	2770
2026-09-21T11:13:00-04:00	9.4900	9.1818	3418
2026-09-21T11:14:00-04:00	9.5300	9.1867	11628
2026-09-21T11:15:00-04:00	9.5151	9.1896	6963
2026-09-21T11:16:00-04:00	9.5150	9.1913	4105
2026-09-21T11:17:00-04:00	9.5550	9.1954	9497
2026-09-21T11:18:00-04:00	9.5473	9.1990	8534
2026-09-21T11:19:00-04:00	9.5500	9.2010	4867
2026-09-21T11:20:00-04:00	9.5900	9.2036	5663
2026-09-21T11:21:00-04:00	9.6278	9.2330	64477
2026-09-21T11:22:00-04:00	9.6400	9.2376	10383
2026-09-21T11:23:00-04:00	9.7052	9.2464	18071
2026-09-21T11:24:00-04:00	9.7200	9.2484	4156
2026-09-21T11:25:00-04:00	9.6900	9.2523	8011
2026-09-21T11:26:00-04:00	9.6600	9.2556	7543
2026-09-21T11:27:00-04:00	9.6800	9.2601	10369
2026-09-21T11:28:00-04:00	9.6650	9.2650	12049
2026-09-21T11:29:00-04:00	9.6550	9.2663	3176
2026-09-21T11:30:00-04:00	9.6700	9.2704	10307
2026-09-21T11:31:00-04:00	9.6600	9.2717	3152
2026-09-21T11:32:00-04:00	9.6650	9.2731	3425
2026-09-21T11:33:00-04:00	9.6700	9.2751	5012
2026-09-21T11:34:00-04:00	9.6503	9.2813	16257
2026-09-21T11:35:00-04:00	9.6596	9.2830	4581
2026-09-21T11:36:00-04:00	9.6550	9.2849	5089
2026-09-21T11:37:00-04:00	9.6600	9.2865	4473
2026-09-21T11:38:00-04:00	9.6700	9.2874	2425
2026-09-21T11:39:00-04:00	9.6750	9.2894	5442
2026-09-21T11:40:00-04:00	9.6800	9.2912	4678
2026-09-21T11:41:00-04:00	9.7000	9.2934	5689
2026-09-21T11:42:00-04:00	9.6950	9.2949	3864
2026-09-21T11:43:00-04:00	9.7000	9.2979	7897
2026-09-21T11:44:00-04:00	9.6900	9.3016	9880
2026-09-21T11:45:00-04:00	9.6900	9.3020	1195
2026-09-21T11:46:00-04:00	9.6800	9.3055	9902
2026-09-21T11:47:00-04:00	9.6850	9.3060	1539
2026-09-21T11:48:00-04:00	9.6900	9.3090	8645
2026-09-21T11:49:00-04:00	9.7000	9.3099	2347
2026-09-21T11:50:00-04:00	9.7600	9.3157	15082
2026-09-21T11:51:00-04:00	9.7301	9.3171	3628
2026-09-21T11:52:00-04:00	9.7400	9.3182	2945
2026-09-21T11:53:00-04:00	9.7350	9.3210	7510
2026-09-21T11:54:00-04:00	9.7200	9.3226	4517
2026-09-21T11:55:00-04:00	9.7350	9.3242	4278
2026-09-21T11:56:00-04:00	9.7350	9.3248	1739
2026-09-21T11:57:00-04:00	9.6850	9.3280	9655
2026-09-21T11:58:00-04:00	9.7200	9.3307	8097
2026-09-21T11:59:00-04:00	9.7300	9.3321	4184
2026-09-21T12:00:00-04:00	9.7300	9.3336	4175
2026-09-21T12:01:00-04:00	9.7500	9.3364	7878
2026-09-21T12:02:00-04:00	9.7400	9.3377	3973
2026-09-21T12:03:00-04:00	9.7500	9.3383	1446
2026-09-21T12:04:00-04:00	9.7250	9.3396	4162
2026-09-21T12:05:00-04:00	9.7250	9.3412	4663
2026-09-21T12:06:00-04:00	9.6509	9.3467	19894
2026-09-21T12:07:00-04:00	9.7000	9.3493	9399
2026-09-21T12:08:00-04:00	9.7050	9.3500	2161
2026-09-21T12:09:00-04:00	9.7000	9.3514	5015
2026-09-21T12:10:00-04:00	9.7123	9.3527	4292
2026-09-21T12:11:00-04:00	9.7250	9.3537	3518
2026-09-21T12:12:00-04:00	9.7192	9.3553	5200
2026-09-21T12:13:00-04:00	9.7004	9.3586	11329
2026-09-21T12:14:00-04:00	9.7003	9.3595	3349
2026-09-21T12:15:00-04:00	9.7100	9.3615	7061
2026-09-21T12:16:00-04:00	9.7300	9.3625	3465
2026-09-21T12:17:00-04:00	9.7150	9.3632	2553
2026-09-21T12:18:00-04:00	9.7200	9.3642	3511
2026-09-21T12:19:00-04:00	9.7200	9.3649	2608
2026-09-21T12:20:00-04:00	9.7300	9.3656	2448
2026-09-21T12:21:00-04:00	9.7200	9.3667	4024
2026-09-21T12:22:00-04:00	9.7300	9.3672	1504
2026-09-21T12:23:00-04:00	9.7100	9.3721	18138
2026-09-21T12:24:00-04:00	9.7000	9.3739	7364
2026-09-21T12:25:00-04:00	9.7100	9.3746	2626
2026-09-21T12:26:00-04:00	9.7200	9.3758	4429
2026-09-21T12:27:00-04:00	9.7000	9.3767	3713
2026-09-21T12:28:00-04:00	9.7050	9.3955	75923
2026-09-21T12:29:00-04:00	9.7200	9.3958	1346
2026-09-21T12:30:00-04:00	9.7200	9.3962	2014
2026-09-21T12:31:00-04:00	9.6800	9.3986	11243
2026-09-21T12:32:00-04:00	9.6700	9.3997	5328
2026-09-21T12:33:00-04:00	9.6750	9.4006	4841
2026-09-21T12:34:00-04:00	9.6900	9.4035	14209
2026-09-21T12:35:00-04:00	9.6800	9.4037	1220
2026-09-21T12:36:00-04:00	9.6700	9.4044	3614
2026-09-21T12:37:00-04:00	9.6700	9.4045	719
2026-09-21T12:38:00-04:00	9.6750	9.4077	17046
2026-09-21T12:39:00-04:00	9.6800	9.4083	3590
2026-09-21T12:40:00-04:00	9.6800	9.4087	2208
2026-09-21T12:41:00-04:00	9.6250	9.4116	17941
2026-09-21T12:42:00-04:00	9.6650	9.4202	55493
2026-09-21T12:43:00-04:00	9.6700	9.4204	1499
2026-09-21T12:44:00-04:00	9.6900	9.4210	3362
2026-09-21T12:45:00-04:00	9.6700	9.4219	5258
2026-09-21T12:46:00-04:00	9.6600	9.4223	3107
2026-09-21T12:47:00-04:00	9.6400	9.4237	9642
2026-09-21T12:48:00-04:00	9.6600	9.4239	1338
2026-09-21T12:49:00-04:00	9.6800	9.4244	2938
2026-09-21T12:50:00-04:00	9.6850	9.4246	1310
2026-09-21T12:51:00-04:00	9.6900	9.4250	2418
2026-09-21T12:52:00-04:00	9.7400	9.4271	10826
2026-09-21T12:53:00-04:00	9.7500	9.4278	3747
2026-09-21T12:54:00-04:00	9.7550	9.4281	1365
2026-09-21T12:55:00-04:00	9.7500	9.4295	6322
2026-09-21T12:56:00-04:00	9.7300	9.4305	5614
2026-09-21T12:57:00-04:00	9.7300	9.4314	4550
2026-09-21T12:58:00-04:00	9.7500	9.4318	1973
2026-09-21T12:59:00-04:00	9.7700	9.4356	18388
2026-09-21T13:00:00-04:00	9.7450	9.4364	4532
2026-09-21T13:01:00-04:00	9.7500	9.4367	1187
2026-09-21T13:02:00-04:00	9.7500	9.4380	6770
2026-09-21T13:03:00-04:00	9.7500	9.4388	4101
2026-09-21T13:04:00-04:00	9.7600	9.4392	2281
2026-09-21T13:05:00-04:00	9.7600	9.4396	1722
2026-09-21T13:06:00-04:00	9.7518	9.4397	524
2026-09-21T13:07:00-04:00	9.7550	9.4410	6753
2026-09-21T13:08:00-04:00	9.7450	9.4418	4605
2026-09-21T13:09:00-04:00	9.7450	9.4423	2845
2026-09-21T13:10:00-04:00	9.7300	9.4430	3573
2026-09-21T13:11:00-04:00	9.7300	9.4437	3918
2026-09-21T13:12:00-04:00	9.7100	9.4452	9291
2026-09-21T13:13:00-04:00	9.7100	9.4461	5633
2026-09-21T13:14:00-04:00	9.7100	9.4465	2569
2026-09-21T13:15:00-04:00	9.7000	9.4468	2220
2026-09-21T13:16:00-04:00	9.7250	9.4472	2344
2026-09-21T13:17:00-04:00	9.7243	9.4478	3620
2026-09-21T13:18:00-04:00	9.7300	9.4480	1271
2026-09-21T13:19:00-04:00	9.6950	9.4489	5847
2026-09-21T13:20:00-04:00	9.6850	9.4492	2129
2026-09-21T13:21:00-04:00	9.6950	9.4495	1601
2026-09-21T13:22:00-04:00	9.6750	9.4500	3700
2026-09-21T13:23:00-04:00	9.6800	9.4502	1915
2026-09-21T13:24:00-04:00	9.6850	9.4506	2352
2026-09-21T13:25:00-04:00	9.6956	9.4508	1933
2026-09-21T13:26:00-04:00	9.6800	9.4509	512
2026-09-21T13:27:00-04:00	9.6700	9.4514	4163
2026-09-21T13:28:00-04:00	9.6752	9.4519	3629
2026-09-21T13:29:00-04:00	9.6700	9.4523	3141
2026-09-21T13:30:00-04:00	9.6800	9.4527	3325
2026-09-21T13:31:00-04:00	9.6700	9.4532	3861
2026-09-21T13:32:00-04:00	9.6700	9.4534	1202
2026-09-21T13:33:00-04:00	9.6800	9.4540	4665
2026-09-21T13:34:00-04:00	9.6900	9.4543	1905
2026-09-21T13:35:00-04:00	9.6800	9.4544	1127
2026-09-21T13:36:00-04:00	9.6900	9.4546	1374
2026-09-21T13:37:00-04:00	9.7000	9.4550	3142
2026-09-21T13:38:00-04:00	9.6900	9.4554	2700
2026-09-21T13:39:00-04:00	9.6700	9.4559	4027
2026-09-21T13:40:00-04:00	9.6700	9.4563	2767
2026-09-21T13:41:00-04:00	9.6600	9.4565	1978
2026-09-21T13:42:00-04:00	9.6600	9.4572	5880
2026-09-21T13:43:00-04:00	9.6550	9.4576	4056
2026-09-21T13:44:00-04:00	9.6600	9.4580	3204
2026-09-21T13:45:00-04:00	9.6550	9.4582	2072
2026-09-21T13:46:00-04:00	9.6600	9.4585	2225
2026-09-21T13:47:00-04:00	9.6650	9.4587	2060
2026-09-21T13:48:00-04:00	9.6800	9.4592	3985
2026-09-21T13:49:00-04:00	9.6650	9.4599	5421
2026-09-21T13:50:00-04:00	9.6700	9.4601	2048
2026-09-21T13:51:00-04:00	9.6750	9.4603	1138
2026-09-21T13:52:00-04:00	9.6700	9.4608	4317
2026-09-21T13:53:00-04:00	9.6800	9.4608	494
2026-09-21T13:54:00-04:00	9.6800	9.4613	4036
2026-09-21T13:55:00-04:00	9.6700	9.4617	2782
2026-09-21T13:56:00-04:00	9.6700	9.4621	4161
2026-09-21T13:57:00-04:00	9.6700	9.4623	1125
2026-09-21T13:58:00-04:00	9.6750	9.4627	3383
2026-09-21T13:59:00-04:00	9.6800	9.4629	2011
2026-09-21T14:00:00-04:00	9.6900	9.4632	2014
2026-09-21T14:01:00-04:00	9.6650	9.4636	3489
2026-09-21T14:02:00-04:00	9.6900	9.4643	5449
2026-09-21T14:03:00-04:00	9.6850	9.4644	1005
2026-09-21T14:04:00-04:00	9.6950	9.4648	3044
2026-09-21T14:05:00-04:00	9.7000	9.4662	11330
2026-09-21T14:06:00-04:00	9.6900	9.4667	3463
2026-09-21T14:07:00-04:00	9.6832	9.4668	1337
2026-09-21T14:08:00-04:00	9.6950	9.4670	1432
2026-09-21T14:09:00-04:00	9.7200	9.4675	3592
2026-09-21T14:10:00-04:00	9.7200	9.4677	1784
2026-09-21T14:11:00-04:00	9.7400	9.4689	8354
2026-09-21T14:12:00-04:00	9.7550	9.4696	4419
2026-09-21T14:13:00-04:00	9.7700	9.4706	6069
2026-09-21T14:14:00-04:00	9.7450	9.4730	15841
2026-09-21T14:15:00-04:00	9.7450	9.4731	813
2026-09-21T14:16:00-04:00	9.7200	9.4737	4809
2026-09-21T14:17:00-04:00	9.7100	9.4740	1919
2026-09-21T14:18:00-04:00	9.7200	9.4744	2792
2026-09-21T14:19:00-04:00	9.7116	9.4747	2411
2026-09-21T14:20:00-04:00	9.7100	9.4751	3204
2026-09-21T14:21:00-04:00	9.7150	9.4753	2034
2026-09-21T14:22:00-04:00	9.7100	9.4761	5919
2026-09-21T14:23:00-04:00	9.7128	9.4765	3511
2026-09-21T14:24:00-04:00	9.7200	9.4768	2077
2026-09-21T14:25:00-04:00	9.7200	9.4770	2157
2026-09-21T14:26:00-04:00	9.7200	9.4780	7450
2026-09-21T14:27:00-04:00	9.7250	9.4781	1330
2026-09-21T14:28:00-04:00	9.7250	9.4786	3326
2026-09-21T14:29:00-04:00	9.7300	9.4811	20004
2026-09-21T14:30:00-04:00	9.7500	9.4817	4323
2026-09-21T14:31:00-04:00	9.7450	9.4822	4066
2026-09-21T14:32:00-04:00	9.7500	9.4827	3612
2026-09-21T14:33:00-04:00	9.7350	9.4833	4728
2026-09-21T14:34:00-04:00	9.7350	9.4835	1204
2026-09-21T14:35:00-04:00	9.7200	9.4843	6244
2026-09-21T14:36:00-04:00	9.7300	9.4845	2319
2026-09-21T14:37:00-04:00	9.7100	9.4854	7720
2026-09-21T14:38:00-04:00	9.7200	9.4859	3848
2026-09-21T14:39:00-04:00	9.7300	9.4861	1743
2026-09-21T14:40:00-04:00	9.7400	9.4864	2062
2026-09-21T14:41:00-04:00	9.7650	9.4873	6715
2026-09-21T14:42:00-04:00	9.7550	9.4881	5685
2026-09-21T14:43:00-04:00	9.7800	9.4888	4811
2026-09-21T14:44:00-04:00	9.7800	9.4897	6562
2026-09-21T14:45:00-04:00	9.7750	9.4909	8483
2026-09-21T14:46:00-04:00	9.7750	9.4912	1676
2026-09-21T14:47:00-04:00	9.7700	9.4923	8464
2026-09-21T14:48:00-04:00	9.8050	9.4943	13093
2026-09-21T14:49:00-04:00	9.8100	9.4949	4106
2026-09-21T14:50:00-04:00	9.8100	9.4958	5427
2026-09-21T14:51:00-04:00	9.8187	9.4969	7098
2026-09-21T14:52:00-04:00	9.8100	9.4974	3041
2026-09-21T14:53:00-04:00	9.7800	9.4989	10713
2026-09-21T14:54:00-04:00	9.7900	9.4994	3315
2026-09-21T14:55:00-04:00	9.7950	9.4997	1994
2026-09-21T14:56:00-04:00	9.7600	9.5012	11505
2026-09-21T14:57:00-04:00	9.7600	9.5017	3989
2026-09-21T14:58:00-04:00	9.7500	9.5024	5616
2026-09-21T14:59:00-04:00	9.7500	9.5029	4881
2026-09-21T15:00:00-04:00	9.7700	9.5033	2779
2026-09-21T15:01:00-04:00	9.8000	9.5155	91997
2026-09-21T15:02:00-04:00	9.8100	9.5160	3380
2026-09-21T15:03:00-04:00	9.8150	9.5169	7175
2026-09-21T15:04:00-04:00	9.8150	9.5172	1680
2026-09-21T15:05:00-04:00	9.8150	9.5179	5710
2026-09-21T15:06:00-04:00	9.8250	9.5189	7018
2026-09-21T15:07:00-04:00	9.8250	9.5191	1510
2026-09-21T15:08:00-04:00	9.8400	9.5202	7497
2026-09-21T15:09:00-04:00	9.8350	9.5212	7595
2026-09-21T15:10:00-04:00	9.8200	9.5218	3910
2026-09-21T15:11:00-04:00	9.8250	9.5220	1855
2026-09-21T15:12:00-04:00	9.8150	9.5229	6436
2026-09-21T15:13:00-04:00	9.8250	9.5239	7953
2026-09-21T15:14:00-04:00	9.8250	9.5242	2285
2026-09-21T15:15:00-04:00	9.8400	9.5249	5021
2026-09-21T15:16:00-04:00	9.8550	9.5257	5146
2026-09-21T15:17:00-04:00	9.8700	9.5266	5757
2026-09-21T15:18:00-04:00	9.8700	9.5280	9606
2026-09-21T15:19:00-04:00	9.8900	9.5291	6554
2026-09-21T15:20:00-04:00	9.8800	9.5302	7183
2026-09-21T15:21:00-04:00	9.8800	9.5307	3502
2026-09-21T15:22:00-04:00	9.8750	9.5314	4759
2026-09-21T15:23:00-04:00	9.8750	9.5316	1425
2026-09-21T15:24:00-04:00	9.8850	9.5326	6632
2026-09-21T15:25:00-04:00	9.8850	9.5343	11062
2026-09-21T15:26:00-04:00	9.8900	9.5353	6271
2026-09-21T15:27:00-04:00	9.8850	9.5357	2300
2026-09-21T15:28:00-04:00	9.8800	9.5384	18511
2026-09-21T15:29:00-04:00	9.8750	9.5410	17782
2026-09-21T15:30:00-04:00	9.8650	9.5433	16836
2026-09-21T15:31:00-04:00	9.8650	9.5450	12473
2026-09-21T15:32:00-04:00	9.8750	9.5459	6289
2026-09-21T15:33:00-04:00	9.8800	9.5464	4142
2026-09-21T15:34:00-04:00	9.9200	9.5488	15993
2026-09-21T15:35:00-04:00	9.9050	9.5531	28864
2026-09-21T15:36:00-04:00	9.9450	9.5547	10581
2026-09-21T15:37:00-04:00	9.9450	9.5566	11637
2026-09-21T15:38:00-04:00	9.9550	9.5576	6396
2026-09-21T15:39:00-04:00	9.9800	9.5592	9493
2026-09-21T15:40:00-04:00	9.9350	9.5639	30180
2026-09-21T15:41:00-04:00	9.9300	9.5672	22405
2026-09-21T15:42:00-04:00	9.9300	9.5686	10318
2026-09-21T15:43:00-04:00	9.9050	9.5705	13960
2026-09-21T15:44:00-04:00	9.8700	9.5723	14586
2026-09-21T15:45:00-04:00	9.8750	9.5740	14826
2026-09-21T15:46:00-04:00	9.8100	9.5802	61620
2026-09-21T15:47:00-04:00	9.8100	9.5814	14277
2026-09-21T15:48:00-04:00	9.7850	9.5828	18218
2026-09-21T15:49:00-04:00	9.7400	9.5844	24421
2026-09-21T15:50:00-04:00	9.7504	9.5872	43318
2026-09-21T15:51:00-04:00	9.7600	9.5879	12673
2026-09-21T15:52:00-04:00	9.7150	9.5894	28965
2026-09-21T15:53:00-04:00	9.7250	9.5900	14014
2026-09-21T15:54:00-04:00	9.7300	9.5914	26316
2026-09-21T15:55:00-04:00	9.7550	9.5934	39001
2026-09-21T15:56:00-04:00	9.7550	9.5958	44856
2026-09-21T15:57:00-04:00	9.7600	9.5981	42741
2026-09-21T15:58:00-04:00	9.7400	9.6017	74668
2026-09-21T15:59:00-04:00	9.7550	9.6098	171796
2026-09-22T09:30:00-04:00	9.5800	9.6650	45400
2026-09-22T09:31:00-04:00	9.5350	9.6419	11218
2026-09-22T09:32:00-04:00	9.4200	9.6054	14197
2026-09-22T09:33:00-04:00	9.4050	9.5885	6185
2026-09-22T09:34:00-04:00	9.3200	9.5534	12867
2026-09-22T09:35:00-04:00	9.3900	9.5308	12358
2026-09-22T09:36:00-04:00	9.4600	9.5255	6144
2026-09-22T09:37:00-04:00	9.4840	9.5205	13691
2026-09-22T09:38:00-04:00	9.4800	9.5168	7246
2026-09-22T09:39:00-04:00	9.5000	9.5160	6528
2026-09-22T09:40:00-04:00	9.5200	9.5155	5138
2026-09-22T09:41:00-04:00	9.4300	9.5127	5774
2026-09-22T09:42:00-04:00	9.4400	9.5108	3870
2026-09-22T09:43:00-04:00	9.4200	9.5090	3351
2026-09-22T09:44:00-04:00	9.4250	9.5071	3147
2026-09-22T09:45:00-04:00	9.5000	9.5056	8368
2026-09-22T09:46:00-04:00	9.5400	9.5062	6640
2026-09-22T09:47:00-04:00	9.5300	9.5073	5927
2026-09-22T09:48:00-04:00	9.5390	9.5075	913
2026-09-22T09:49:00-04:00	9.5440	9.5081	2641
2026-09-22T09:50:00-04:00	9.5540	9.5090	3067
2026-09-22T09:51:00-04:00	9.6900	9.5159	8994
2026-09-22T09:52:00-04:00	9.7550	9.5212	4624
2026-09-22T09:53:00-04:00	9.7700	9.5344	11149
2026-09-22T09:54:00-04:00	9.8040	9.5421	5994
2026-09-22T09:55:00-04:00	9.7700	9.5464	3797
2026-09-22T09:56:00-04:00	9.7024	9.5485	2844
2026-09-22T09:57:00-04:00	9.7090	9.5512	3926
2026-09-22T09:58:00-04:00	9.7340	9.5590	9801
2026-09-22T09:59:00-04:00	9.7500	9.5631	5436
2026-09-22T10:00:00-04:00	9.7650	9.5636	636
2026-09-22T10:01:00-04:00	9.8200	9.5705	7123
2026-09-22T10:02:00-04:00	9.7996	9.5732	2934
2026-09-22T10:03:00-04:00	9.8500	9.5792	5572
2026-09-22T10:04:00-04:00	9.7850	9.5811	2240
2026-09-22T10:05:00-04:00	9.7600	9.5848	5145
2026-09-22T10:06:00-04:00	9.7902	9.5895	6677
2026-09-22T10:07:00-04:00	9.7850	9.5914	2645
2026-09-22T10:08:00-04:00	9.7750	9.5963	7828
2026-09-22T10:09:00-04:00	9.7428	9.5982	3588
2026-09-22T10:10:00-04:00	9.7050	9.6000	4095
2026-09-22T10:11:00-04:00	9.7000	9.6023	6994
2026-09-22T10:12:00-04:00	9.8000	9.6061	7019
2026-09-22T10:13:00-04:00	9.8500	9.6128	9210
2026-09-22T10:14:00-04:00	9.8800	9.6159	3985
2026-09-22T10:15:00-04:00	9.8600	9.6217	8092
2026-09-22T10:16:00-04:00	9.8350	9.6228	1623
2026-09-22T10:17:00-04:00	9.8200	9.6241	2177
2026-09-22T10:18:00-04:00	9.8500	9.6265	3513
2026-09-22T10:19:00-04:00	9.8700	9.6286	2914
2026-09-22T10:20:00-04:00	9.8469	9.6312	4002
2026-09-22T10:21:00-04:00	9.7800	9.6358	9310
2026-09-22T10:22:00-04:00	9.8600	9.6422	11528
2026-09-22T10:23:00-04:00	9.8550	9.6452	4915
2026-09-22T10:24:00-04:00	9.8900	9.6479	4352
2026-09-22T10:25:00-04:00	9.8600	9.6541	11146
2026-09-22T10:26:00-04:00	9.8900	9.6572	5435
2026-09-22T10:27:00-04:00	9.7200	9.6622	17287
2026-09-22T10:28:00-04:00	9.6600	9.6624	3515
2026-09-22T10:29:00-04:00	9.7100	9.6629	6345
2026-09-22T10:30:00-04:00	9.7050	9.6643	11477
2026-09-22T10:31:00-04:00	9.7100	9.6644	589
2026-09-22T10:32:00-04:00	9.6800	9.6653	13769
2026-09-22T10:33:00-04:00	9.7000	9.6659	9093
2026-09-22T10:34:00-04:00	9.7100	9.6662	3596
2026-09-22T10:35:00-04:00	9.6800	9.6667	12930
2026-09-22T10:36:00-04:00	9.6800	9.6667	3917
2026-09-22T10:37:00-04:00	9.7450	9.6676	7097
2026-09-22T10:38:00-04:00	9.7300	9.6678	1514
2026-09-22T10:39:00-04:00	9.7200	9.6680	1775
2026-09-22T10:40:00-04:00	9.7300	9.6683	2523
2026-09-22T10:41:00-04:00	9.7200	9.6691	7383
2026-09-22T10:42:00-04:00	9.7150	9.6693	1390
2026-09-22T10:43:00-04:00	9.6800	9.6698	10199
2026-09-22T10:44:00-04:00	9.7000	9.6700	3735
2026-09-22T10:45:00-04:00	9.6700	9.6702	7424
2026-09-22T10:46:00-04:00	9.6600	9.6701	1688
2026-09-22T10:47:00-04:00	9.6900	9.6703	14214
2026-09-22T10:48:00-04:00	9.6850	9.6705	5189
2026-09-22T10:49:00-04:00	9.6900	9.6705	915
2026-09-22T10:50:00-04:00	9.6900	9.6707	2726
2026-09-22T10:51:00-04:00	9.7300	9.6715	9601
2026-09-22T10:52:00-04:00	9.7250	9.6718	3148
2026-09-22T10:53:00-04:00	9.7300	9.6721	3638
2026-09-22T10:54:00-04:00	9.7550	9.6727	4104
2026-09-22T10:55:00-04:00	9.8000	9.6732	2421
2026-09-22T10:56:00-04:00	9.8300	9.6739	2653
2026-09-22T10:57:00-04:00	9.8000	9.6758	9452
2026-09-22T10:58:00-04:00	9.7800	9.6762	2042
2026-09-22T10:59:00-04:00	9.7850	9.6766	2037
2026-09-22T11:00:00-04:00	9.8300	9.6782	7115
2026-09-22T11:01:00-04:00	9.8100	9.6785	997
2026-09-22T11:02:00-04:00	9.8200	9.6792	2844
2026-09-22T11:03:00-04:00	9.8400	9.6803	4572
2026-09-22T11:04:00-04:00	9.8400	9.6826	9058
2026-09-22T11:05:00-04:00	9.9000	9.6923	28433
2026-09-22T11:06:00-04:00	9.8800	9.6970	15390
2026-09-22T11:07:00-04:00	9.8800	9.6982	4324
2026-09-22T11:08:00-04:00	9.8650	9.6988	2105
2026-09-22T11:09:00-04:00	9.8650	9.7000	4833
2026-09-22T11:10:00-04:00	9.8700	9.7007	2886
2026-09-22T11:11:00-04:00	9.8800	9.7019	4421
2026-09-22T11:12:00-04:00	9.9300	9.7048	9369
2026-09-22T11:13:00-04:00	9.9494	9.7083	9909
2026-09-22T11:14:00-04:00	9.9500	9.7093	3104
2026-09-22T11:15:00-04:00	9.9900	9.7149	14457
2026-09-22T11:16:00-04:00	10.0101	9.7261	27909
2026-09-22T11:17:00-04:00	9.9700	9.7296	10104
2026-09-22T11:18:00-04:00	9.9709	9.7297	375
2026-09-22T11:19:00-04:00	9.9850	9.7310	3831
2026-09-22T11:20:00-04:00	9.9600	9.7328	6006
2026-09-22T11:21:00-04:00	9.9541	9.7355	9151
2026-09-22T11:22:00-04:00	9.9550	9.7359	1431
2026-09-22T11:23:00-04:00	9.9600	9.7368	2865
2026-09-22T11:24:00-04:00	9.9700	9.7372	1481
2026-09-22T11:25:00-04:00	9.9700	9.7374	726
2026-09-22T11:26:00-04:00	9.9401	9.7388	4850
2026-09-22T11:27:00-04:00	9.9100	9.7405	7431
2026-09-22T11:28:00-04:00	9.9100	9.7410	2192
2026-09-22T11:29:00-04:00	9.8800	9.7434	13267
2026-09-22T11:30:00-04:00	9.9100	9.7448	6959
2026-09-22T11:31:00-04:00	9.9001	9.7452	2301
2026-09-22T11:32:00-04:00	9.8600	9.7462	5867
2026-09-22T11:33:00-04:00	9.8250	9.7468	6227
2026-09-22T11:34:00-04:00	9.8100	9.7468	729
2026-09-22T11:35:00-04:00	9.8300	9.7472	3911
2026-09-22T11:36:00-04:00	9.8600	9.7478	4725
2026-09-22T11:37:00-04:00	9.8600	9.7482	2445
2026-09-22T11:38:00-04:00	9.8651	9.7485	2185
2026-09-22T11:39:00-04:00	9.8600	9.7493	5585
2026-09-22T11:40:00-04:00	9.8800	9.7497	3224
2026-09-22T11:41:00-04:00	9.8900	9.7499	881
2026-09-22T11:42:00-04:00	9.8900	9.7501	1503
2026-09-22T11:43:00-04:00	9.9000	9.7508	4088
2026-09-22T11:45:00-04:00	9.8850	9.7515	3901
2026-09-22T11:46:00-04:00	9.8600	9.7518	2802
2026-09-22T11:47:00-04:00	9.8600	9.7520	1022
2026-09-22T11:48:00-04:00	9.8600	9.7522	1578
2026-09-22T11:49:00-04:00	9.9200	9.7553	19154
2026-09-22T11:50:00-04:00	9.8900	9.7561	4763
2026-09-22T11:51:00-04:00	9.8900	9.7564	2152
2026-09-22T11:52:00-04:00	9.8920	9.7564	209
2026-09-22T11:53:00-04:00	9.8800	9.7574	6785
2026-09-22T11:54:00-04:00	9.8850	9.7575	500
2026-09-22T11:55:00-04:00	9.8600	9.7580	4271
2026-09-22T11:56:00-04:00	9.8100	9.7610	38052
2026-09-22T11:57:00-04:00	9.8000	9.7611	2657
2026-09-22T11:58:00-04:00	9.8100	9.7612	2768
2026-09-22T11:59:00-04:00	9.8100	9.7614	4998
2026-09-22T12:00:00-04:00	9.8400	9.7618	4292
2026-09-22T12:01:00-04:00	9.8200	9.7618	588
2026-09-22T12:02:00-04:00	9.8200	9.7620	3705
2026-09-22T12:03:00-04:00	9.8100	9.7622	3628
2026-09-22T12:04:00-04:00	9.8100	9.7623	1019
2026-09-22T12:05:00-04:00	9.8100	9.7623	602
2026-09-22T12:06:00-04:00	9.8000	9.7624	1565
2026-09-22T12:07:00-04:00	9.8000	9.7624	773
2026-09-22T12:08:00-04:00	9.8100	9.7625	2481
2026-09-22T12:09:00-04:00	9.8300	9.7628	4445
2026-09-22T12:10:00-04:00	9.8300	9.7630	2330
2026-09-22T12:11:00-04:00	9.8300	9.7631	1547
2026-09-22T12:12:00-04:00	9.8200	9.7631	889
2026-09-22T12:13:00-04:00	9.8200	9.7632	1076
2026-09-22T12:14:00-04:00	9.8100	9.7633	1423
2026-09-22T12:15:00-04:00	9.8200	9.7634	3266
2026-09-22T12:16:00-04:00	9.8200	9.7638	5140
2026-09-22T12:17:00-04:00	9.8100	9.7641	5546
2026-09-22T12:18:00-04:00	9.8300	9.7644	4913
2026-09-22T12:19:00-04:00	9.8250	9.7644	749
2026-09-22T12:20:00-04:00	9.8300	9.7647	4596
2026-09-22T12:21:00-04:00	9.8100	9.7648	1499
2026-09-22T12:22:00-04:00	9.8150	9.7649	944
2026-09-22T12:23:00-04:00	9.8000	9.7649	1184
2026-09-22T12:24:00-04:00	9.7800	9.7650	4535
2026-09-22T12:25:00-04:00	9.7600	9.7650	5111
2026-09-22T12:26:00-04:00	9.7778	9.7650	4661
2026-09-22T12:27:00-04:00	9.7650	9.7650	310
2026-09-22T12:28:00-04:00	9.7700	9.7650	1143
2026-09-22T12:29:00-04:00	9.7700	9.7651	5379
2026-09-22T12:30:00-04:00	9.7650	9.7651	2911
2026-09-22T12:31:00-04:00	9.7650	9.7651	1591
2026-09-22T12:32:00-04:00	9.7800	9.7651	5061
2026-09-22T12:33:00-04:00	9.7800	9.7651	1515
2026-09-22T12:34:00-04:00	9.8050	9.7652	3113
2026-09-22T12:35:00-04:00	9.8050	9.7653	1659
2026-09-22T12:36:00-04:00	9.8050	9.7656	6853
2026-09-22T12:37:00-04:00	9.8050	9.7656	1003
2026-09-22T12:38:00-04:00	9.7850	9.7656	1448
2026-09-22T12:39:00-04:00	9.7900	9.7656	370
2026-09-22T12:40:00-04:00	9.7850	9.7657	1125
2026-09-22T12:41:00-04:00	9.7800	9.7657	2963
2026-09-22T12:42:00-04:00	9.7800	9.7658	3772
2026-09-22T12:43:00-04:00	9.7850	9.7658	2626
2026-09-22T12:45:00-04:00	9.7900	9.7658	1238
2026-09-22T12:46:00-04:00	9.7950	9.7659	3615
2026-09-22T12:47:00-04:00	9.8100	9.7660	423
2026-09-22T12:48:00-04:00	9.8550	9.7663	5667
2026-09-22T12:49:00-04:00	9.8500	9.7665	1807
2026-09-22T12:50:00-04:00	9.8500	9.7666	2192
2026-09-22T12:51:00-04:00	9.8500	9.7669	3503
2026-09-22T12:52:00-04:00	9.8500	9.7670	981
2026-09-22T12:53:00-04:00	9.8650	9.7673	3595
2026-09-22T12:54:00-04:00	9.8700	9.7674	1115
2026-09-22T12:55:00-04:00	9.8700	9.7676	1884
2026-09-22T12:56:00-04:00	9.8300	9.7682	8104
2026-09-22T12:57:00-04:00	9.8400	9.7683	1985
2026-09-22T12:58:00-04:00	9.8201	9.7684	2329
2026-09-22T12:59:00-04:00	9.8350	9.7685	1732
2026-09-22T13:00:00-04:00	9.8350	9.7686	925
2026-09-22T13:01:00-04:00	9.8200	9.7686	720
2026-09-22T13:02:00-04:00	9.8050	9.7687	1847
2026-09-22T13:04:00-04:00	9.7900	9.7687	1198
2026-09-22T13:05:00-04:00	9.8000	9.7691	12658
2026-09-22T13:06:00-04:00	9.8100	9.7691	1724
2026-09-22T13:07:00-04:00	9.8050	9.7692	1262
2026-09-22T13:08:00-04:00	9.8050	9.7692	900
2026-09-22T13:09:00-04:00	9.8200	9.7693	1130
2026-09-22T13:10:00-04:00	9.8200	9.7694	3477
2026-09-22T13:11:00-04:00	9.8200	9.7694	666
2026-09-22T13:12:00-04:00	9.8200	9.7694	929
2026-09-22T13:13:00-04:00	9.8200	9.7695	967
2026-09-22T13:14:00-04:00	9.8100	9.7696	2848
2026-09-22T13:15:00-04:00	9.7950	9.7697	4084
2026-09-22T13:16:00-04:00	9.8050	9.7698	3091
2026-09-22T13:17:00-04:00	9.8050	9.7698	759
2026-09-22T13:18:00-04:00	9.7900	9.7700	5776
2026-09-22T13:19:00-04:00	9.7600	9.7700	12941
2026-09-22T13:20:00-04:00	9.7350	9.7698	6709
2026-09-22T13:21:00-04:00	9.7000	9.7697	2317
2026-09-22T13:22:00-04:00	9.6900	9.7696	1278
2026-09-22T13:23:00-04:00	9.6900	9.7694	2482
2026-09-22T13:24:00-04:00	9.7000	9.7685	13699
2026-09-22T13:25:00-04:00	9.6800	9.7681	5155
2026-09-22T13:26:00-04:00	9.6800	9.7681	857
2026-09-22T13:27:00-04:00	9.6800	9.7679	1565
2026-09-22T13:28:00-04:00	9.6800	9.7677	3916
2026-09-22T13:29:00-04:00	9.6900	9.7674	3313
2026-09-22T13:30:00-04:00	9.7000	9.7671	5805
2026-09-22T13:31:00-04:00	9.7094	9.7670	2250
2026-09-22T13:32:00-04:00	9.6900	9.7667	3495
2026-09-22T13:33:00-04:00	9.6950	9.7667	1495
2026-09-22T13:34:00-04:00	9.6900	9.7665	2083
2026-09-22T13:35:00-04:00	9.6800	9.7664	1008
2026-09-22T13:36:00-04:00	9.6700	9.7663	1364
2026-09-22T13:37:00-04:00	9.6900	9.7662	1587
2026-09-22T13:38:00-04:00	9.6600	9.7659	3483
2026-09-22T13:39:00-04:00	9.6600	9.7658	1233
2026-09-22T13:40:00-04:00	9.6700	9.7655	3862
2026-09-22T13:41:00-04:00	9.6501	9.7653	2474
2026-09-22T13:42:00-04:00	9.6650	9.7651	1938
2026-09-22T13:43:00-04:00	9.6600	9.7650	1332
2026-09-22T13:44:00-04:00	9.6600	9.7649	2023
2026-09-22T13:45:00-04:00	9.6700	9.7646	3483
2026-09-22T13:46:00-04:00	9.6800	9.7645	833
2026-09-22T13:47:00-04:00	9.6700	9.7644	1133
2026-09-22T13:48:00-04:00	9.6800	9.7636	12074
2026-09-22T13:49:00-04:00	9.6900	9.7635	1327
2026-09-22T13:50:00-04:00	9.6800	9.7633	2887
2026-09-22T13:51:00-04:00	9.6800	9.7632	995
2026-09-22T13:52:00-04:00	9.6900	9.7627	9023
2026-09-22T13:53:00-04:00	9.6800	9.7626	1488
2026-09-22T13:54:00-04:00	9.7100	9.7623	6196
2026-09-22T13:55:00-04:00	9.6900	9.7621	4613
2026-09-22T13:56:00-04:00	9.7000	9.7620	3267
2026-09-22T13:57:00-04:00	9.7200	9.7619	1599
2026-09-22T13:58:00-04:00	9.7200	9.7615	9068
2026-09-22T13:59:00-04:00	9.7400	9.7615	2630
2026-09-22T14:00:00-04:00	9.7100	9.7614	1081
2026-09-22T14:01:00-04:00	9.7100	9.7613	3609
2026-09-22T14:02:00-04:00	9.7000	9.7612	970
2026-09-22T14:03:00-04:00	9.7000	9.7611	3034
2026-09-22T14:04:00-04:00	9.7100	9.7610	3334
2026-09-22T14:05:00-04:00	9.7200	9.7610	1642
2026-09-22T14:06:00-04:00	9.7400	9.7609	3264
2026-09-22T14:07:00-04:00	9.7200	9.7608	2310
2026-09-22T14:08:00-04:00	9.7000	9.7607	1893
2026-09-22T14:09:00-04:00	9.7200	9.7606	3772
2026-09-22T14:10:00-04:00	9.7300	9.7605	2497
2026-09-22T14:11:00-04:00	9.7350	9.7605	2849
2026-09-22T14:12:00-04:00	9.7200	9.7603	5136
2026-09-22T14:13:00-04:00	9.7299	9.7602	3512
2026-09-22T14:14:00-04:00	9.7050	9.7601	2270
2026-09-22T14:15:00-04:00	9.7000	9.7601	1166
2026-09-22T14:16:00-04:00	9.6900	9.7601	456
2026-09-22T14:17:00-04:00	9.7000	9.7595	10671
2026-09-22T14:18:00-04:00	9.7200	9.7594	4017
2026-09-22T14:19:00-04:00	9.7360	9.7593	4498
2026-09-22T14:20:00-04:00	9.7400	9.7593	1567
2026-09-22T14:21:00-04:00	9.7500	9.7592	3170
2026-09-22T14:22:00-04:00	9.7700	9.7593	11905
2026-09-22T14:23:00-04:00	9.7650	9.7593	1000
2026-09-22T14:24:00-04:00	9.7700	9.7593	2620
2026-09-22T14:25:00-04:00	9.7650	9.7593	1754
2026-09-22T14:26:00-04:00	9.8176	9.7595	6783
2026-09-22T14:27:00-04:00	9.8200	9.7596	565
2026-09-22T14:28:00-04:00	9.8100	9.7597	2549
2026-09-22T14:29:00-04:00	9.8000	9.7597	3171
2026-09-22T14:30:00-04:00	9.7900	9.7599	5521
2026-09-22T14:31:00-04:00	9.8000	9.7601	5902
2026-09-22T14:32:00-04:00	9.8400	9.7603	5167
2026-09-22T14:33:00-04:00	9.8500	9.7605	2765
2026-09-22T14:34:00-04:00	9.8500	9.7607	2641
2026-09-22T14:35:00-04:00	9.8350	9.7610	6030
2026-09-22T14:36:00-04:00	9.8300	9.7611	1520
2026-09-22T14:37:00-04:00	9.8200	9.7612	2925
2026-09-22T14:38:00-04:00	9.8390	9.7613	1900
2026-09-22T14:39:00-04:00	9.8500	9.7618	7815
2026-09-22T14:40:00-04:00	9.8500	9.7619	1698
2026-09-22T14:41:00-04:00	9.8500	9.7622	4200
2026-09-22T14:42:00-04:00	9.8600	9.7623	2740
2026-09-22T14:43:00-04:00	9.8200	9.7625	4046
2026-09-22T14:44:00-04:00	9.8100	9.7626	3043
2026-09-22T14:45:00-04:00	9.8000	9.7627	1342
2026-09-22T14:46:00-04:00	9.7900	9.7627	2290
2026-09-22T14:47:00-04:00	9.8050	9.7628	3863
2026-09-22T14:48:00-04:00	9.8050	9.7629	1044
2026-09-22T14:49:00-04:00	9.8100	9.7629	2374
2026-09-22T14:50:00-04:00	9.7850	9.7630	3822
2026-09-22T14:51:00-04:00	9.7950	9.7630	1533
2026-09-22T14:52:00-04:00	9.8100	9.7631	3313
2026-09-22T14:53:00-04:00	9.8000	9.7632	2416
2026-09-22T14:54:00-04:00	9.7900	9.7632	1811
2026-09-22T14:55:00-04:00	9.8100	9.7633	3027
2026-09-22T14:56:00-04:00	9.8200	9.7634	3297
2026-09-22T14:57:00-04:00	9.8400	9.7637	6355
2026-09-22T14:58:00-04:00	9.8495	9.7640	4225
2026-09-22T14:59:00-04:00	9.8401	9.7640	1014
2026-09-22T15:00:00-04:00	9.8450	9.7644	7056
2026-09-22T15:01:00-04:00	9.8400	9.7647	4323
2026-09-22T15:02:00-04:00	9.8500	9.7648	2064
2026-09-22T15:03:00-04:00	9.8500	9.7648	1082
2026-09-22T15:04:00-04:00	9.8400	9.7649	2302
2026-09-22T15:05:00-04:00	9.8450	9.7651	3328
2026-09-22T15:06:00-04:00	9.8600	9.7655	6148
2026-09-22T15:07:00-04:00	9.8450	9.7656	2895
2026-09-22T15:08:00-04:00	9.8500	9.7658	2921
2026-09-22T15:09:00-04:00	9.8500	9.7659	943
2026-09-22T15:10:00-04:00	9.8800	9.7698	54409
2026-09-22T15:11:00-04:00	9.8550	9.7709	18927
2026-09-22T15:12:00-04:00	9.8500	9.7710	3384
2026-09-22T15:13:00-04:00	9.8350	9.7714	7470
2026-09-22T15:14:00-04:00	9.8486	9.7717	7647
2026-09-22T15:15:00-04:00	9.8150	9.7719	4463
2026-09-22T15:16:00-04:00	9.8250	9.7719	2649
2026-09-22T15:17:00-04:00	9.8250	9.7720	1615
2026-09-22T15:18:00-04:00	9.8250	9.7721	2184
2026-09-22T15:19:00-04:00	9.8400	9.7722	2198
2026-09-22T15:20:00-04:00	9.8300	9.7724	7046
2026-09-22T15:21:00-04:00	9.8339	9.7725	3719
2026-09-22T15:22:00-04:00	9.8350	9.7727	3565
2026-09-22T15:23:00-04:00	9.8400	9.7730	7983
2026-09-22T15:24:00-04:00	9.8250	9.7733	9820
2026-09-22T15:25:00-04:00	9.8200	9.7734	3052
2026-09-22T15:26:00-04:00	9.8300	9.7736	5078
2026-09-22T15:27:00-04:00	9.8294	9.7737	4713
2026-09-22T15:28:00-04:00	9.8250	9.7739	6258
2026-09-22T15:29:00-04:00	9.8200	9.7744	17356
2026-09-22T15:30:00-04:00	9.8100	9.7745	4934
2026-09-22T15:31:00-04:00	9.8113	9.7747	5763
2026-09-22T15:32:00-04:00	9.8294	9.7750	9718
2026-09-22T15:33:00-04:00	9.8400	9.7753	8301
2026-09-22T15:34:00-04:00	9.8400	9.7753	1611
2026-09-22T15:35:00-04:00	9.8500	9.7757	9560
2026-09-22T15:36:00-04:00	9.8550	9.7759	3812
2026-09-22T15:37:00-04:00	9.8700	9.7764	9630
2026-09-22T15:38:00-04:00	9.8600	9.7767	5864
2026-09-22T15:39:00-04:00	9.8500	9.7771	9332
2026-09-22T15:40:00-04:00	9.8500	9.7772	3885
2026-09-22T15:41:00-04:00	9.8600	9.7774	4493
2026-09-22T15:42:00-04:00	9.8700	9.7778	6327
2026-09-22T15:43:00-04:00	9.8700	9.7781	8232
2026-09-22T15:44:00-04:00	9.8600	9.7784	6131
2026-09-22T15:45:00-04:00	9.8800	9.7791	11087
2026-09-22T15:46:00-04:00	9.8750	9.7797	12639
2026-09-22T15:47:00-04:00	9.8500	9.7802	11294
2026-09-22T15:48:00-04:00	9.8400	9.7805	7371
2026-09-22T15:49:00-04:00	9.9300	9.7847	62560
2026-09-22T15:50:00-04:00	9.8950	9.7855	12081
2026-09-22T15:51:00-04:00	9.9000	9.7868	24791
2026-09-22T15:52:00-04:00	9.8800	9.7881	25321
2026-09-22T15:53:00-04:00	9.8850	9.7888	16784
2026-09-22T15:54:00-04:00	9.8800	9.7894	13237
2026-09-22T15:55:00-04:00	9.8900	9.7906	23066
2026-09-22T15:56:00-04:00	9.9250	9.7924	30316
2026-09-22T15:57:00-04:00	9.9450	9.7961	52082
2026-09-22T15:58:00-04:00	9.9200	9.8013	83445
2026-09-22T15:59:00-04:00	9.8950	9.8058	103721
2026-09-23T09:30:00-04:00	9.6900	9.7233	46512
2026-09-23T09:31:00-04:00	9.7200	9.7226	1866
2026-09-23T09:32:00-04:00	9.7990	9.7304	4942
2026-09-23T09:33:00-04:00	9.8090	9.7335	2533
2026-09-23T09:34:00-04:00	9.7000	9.7332	5823
2026-09-23T09:35:00-04:00	9.6900	9.7318	3961
2026-09-23T09:36:00-04:00	9.6900	9.7256	12612
2026-09-23T09:37:00-04:00	9.7090	9.7255	994
2026-09-23T09:38:00-04:00	9.7200	9.7251	2095
2026-09-23T09:39:00-04:00	9.6800	9.7221	8118
2026-09-23T09:40:00-04:00	9.6800	9.7199	6006
2026-09-23T09:41:00-04:00	9.6700	9.7132	24194
2026-09-23T09:42:00-04:00	9.7250	9.7134	5397
2026-09-23T09:43:00-04:00	9.7100	9.7134	3529
2026-09-23T09:44:00-04:00	9.7200	9.7136	1226
2026-09-23T09:45:00-04:00	9.7000	9.7144	8039
2026-09-23T09:46:00-04:00	9.7400	9.7148	1708
2026-09-23T09:47:00-04:00	9.8150	9.7162	2610
2026-09-23T09:48:00-04:00	9.7350	9.7193	12225
2026-09-23T09:49:00-04:00	9.7450	9.7196	3016
2026-09-23T09:50:00-04:00	9.8100	9.7231	7681
2026-09-23T09:51:00-04:00	9.8200	9.7310	20430
2026-09-23T09:52:00-04:00	9.7850	9.7365	17661
2026-09-23T09:53:00-04:00	9.8550	9.7404	7746
2026-09-23T09:54:00-04:00	9.8100	9.7434	7298
2026-09-23T09:55:00-04:00	9.8050	9.7453	5966
2026-09-23T09:56:00-04:00	9.8300	9.7478	8171
2026-09-23T09:57:00-04:00	9.8250	9.7483	1385
2026-09-23T09:58:00-04:00	9.8600	9.7497	3101
2026-09-23T09:59:00-04:00	9.8000	9.7503	2010
2026-09-23T10:00:00-04:00	9.8615	9.7521	4139
2026-09-23T10:01:00-04:00	9.9450	9.7588	9310
2026-09-23T10:02:00-04:00	9.9372	9.7708	19269
2026-09-23T10:03:00-04:00	9.9400	9.7731	3784
2026-09-23T10:04:00-04:00	9.9100	9.7803	14046
2026-09-23T10:05:00-04:00	9.8850	9.7818	3717
2026-09-23T10:06:00-04:00	9.8950	9.7828	2655
2026-09-23T10:07:00-04:00	9.9100	9.7853	6364
2026-09-23T10:08:00-04:00	9.8950	9.7860	2161
2026-09-23T10:09:00-04:00	9.8900	9.7863	845
2026-09-23T10:10:00-04:00	9.8350	9.7886	10804
2026-09-23T10:11:00-04:00	9.8350	9.7887	1238
2026-09-23T10:12:00-04:00	9.8300	9.7893	3766
2026-09-23T10:13:00-04:00	9.7650	9.7889	12013
2026-09-23T10:14:00-04:00	9.7600	9.7888	1052
2026-09-23T10:15:00-04:00	9.7197	9.7884	2349
2026-09-23T10:16:00-04:00	9.7550	9.7873	7451
2026-09-23T10:17:00-04:00	9.7600	9.7870	3360
2026-09-23T10:18:00-04:00	9.7100	9.7866	2521
2026-09-23T10:19:00-04:00	9.7000	9.7861	1770
2026-09-23T10:20:00-04:00	9.6750	9.7854	2407
2026-09-23T10:21:00-04:00	9.6850	9.7845	3107
2026-09-23T10:22:00-04:00	9.6200	9.7820	6342
2026-09-23T10:23:00-04:00	9.6300	9.7803	3817
2026-09-23T10:24:00-04:00	9.6550	9.7782	5911
2026-09-23T10:25:00-04:00	9.6500	9.7767	4512
2026-09-23T10:26:00-04:00	9.6636	9.7762	1533
2026-09-23T10:27:00-04:00	9.6200	9.7751	2959
2026-09-23T10:28:00-04:00	9.6200	9.7720	7893
2026-09-23T10:29:00-04:00	9.6400	9.7713	1972
2026-09-23T10:30:00-04:00	9.5900	9.7664	11542
2026-09-23T10:31:00-04:00	9.6100	9.7610	12834
2026-09-23T10:32:00-04:00	9.6100	9.7590	5472
2026-09-23T10:33:00-04:00	9.6100	9.7579	3036
2026-09-23T10:34:00-04:00	9.6400	9.7567	3778
2026-09-23T10:35:00-04:00	9.6400	9.7559	2794
2026-09-23T10:36:00-04:00	9.6750	9.7550	4551
2026-09-23T10:37:00-04:00	9.6800	9.7526	17957
2026-09-23T10:38:00-04:00	9.6900	9.7515	7360
2026-09-23T10:39:00-04:00	9.7600	9.7513	10558
2026-09-23T10:40:00-04:00	9.7600	9.7517	10824
2026-09-23T10:41:00-04:00	9.7700	9.7519	3024
2026-09-23T10:42:00-04:00	9.7780	9.7520	1773
2026-09-23T10:43:00-04:00	9.7700	9.7524	10538
2026-09-23T10:44:00-04:00	9.8100	9.7527	2411
2026-09-23T10:45:00-04:00	9.7700	9.7528	2385
2026-09-23T10:46:00-04:00	9.7800	9.7529	1715
2026-09-23T10:47:00-04:00	9.7950	9.7544	19589
2026-09-23T10:48:00-04:00	9.7900	9.7545	2157
2026-09-23T10:49:00-04:00	9.7850	9.7546	2762
2026-09-23T10:50:00-04:00	9.8000	9.7549	2796
2026-09-23T10:51:00-04:00	9.8600	9.7565	9915
2026-09-23T10:52:00-04:00	9.8250	9.7576	8238
2026-09-23T10:53:00-04:00	9.8700	9.7598	12894
2026-09-23T10:54:00-04:00	9.9000	9.7614	7211
2026-09-23T10:55:00-04:00	9.8850	9.7621	3058
2026-09-23T10:56:00-04:00	9.8900	9.7637	7894
2026-09-23T10:57:00-04:00	9.8900	9.7642	1886
2026-09-23T10:58:00-04:00	9.8800	9.7646	2277
2026-09-23T10:59:00-04:00	9.9000	9.7654	3578
2026-09-23T11:00:00-04:00	9.8950	9.7658	1730
2026-09-23T11:01:00-04:00	9.9000	9.7672	6120
2026-09-23T11:02:00-04:00	9.8800	9.7679	3553
2026-09-23T11:03:00-04:00	9.9000	9.7685	3205
2026-09-23T11:04:00-04:00	9.8800	9.7688	1473
2026-09-23T11:05:00-04:00	9.8750	9.7700	6595
2026-09-23T11:06:00-04:00	9.8700	9.7705	2910
2026-09-23T11:07:00-04:00	9.8800	9.7717	7183
2026-09-23T11:08:00-04:00	9.9550	9.7729	4764
2026-09-23T11:09:00-04:00	9.9600	9.7734	1515
2026-09-23T11:10:00-04:00	9.9600	9.7755	7016
2026-09-23T11:11:00-04:00	9.9850	9.7781	8689
2026-09-23T11:12:00-04:00	10.0200	9.7863	24377
2026-09-23T11:13:00-04:00	10.0300	9.7918	16546
2026-09-23T11:14:00-04:00	9.9900	9.7951	10670
2026-09-23T11:15:00-04:00	9.9800	9.7979	11078
2026-09-23T11:16:00-04:00	9.9900	9.7997	7042
2026-09-23T11:17:00-04:00	9.8900	9.8072	45942
2026-09-23T11:18:00-04:00	9.8800	9.8075	2554
2026-09-23T11:19:00-04:00	9.9000	9.8076	1550
2026-09-23T11:20:00-04:00	9.8900	9.8079	1954
2026-09-23T11:21:00-04:00	9.8650	9.8085	8959
2026-09-23T11:22:00-04:00	9.8650	9.8088	3599
2026-09-23T11:23:00-04:00	9.9200	9.8093	3849
2026-09-23T11:24:00-04:00	9.9400	9.8096	1649
2026-09-23T11:25:00-04:00	9.9200	9.8097	993
2026-09-23T11:26:00-04:00	9.9150	9.8110	9793
2026-09-23T11:27:00-04:00	9.9150	9.8115	3941
2026-09-23T11:28:00-04:00	9.8900	9.8126	10372
2026-09-23T11:29:00-04:00	9.8700	9.8128	2516
2026-09-23T11:30:00-04:00	9.8500	9.8132	7675
2026-09-23T11:31:00-04:00	9.8600	9.8134	2752
2026-09-23T11:32:00-04:00	9.8500	9.8136	4235
2026-09-23T11:33:00-04:00	9.8600	9.8137	3013
2026-09-23T11:34:00-04:00	9.9000	9.8145	9047
2026-09-23T11:35:00-04:00	9.9100	9.8148	3325
2026-09-23T11:36:00-04:00	9.8940	9.8158	9725
2026-09-23T11:37:00-04:00	9.9100	9.8161	2937
2026-09-23T11:38:00-04:00	9.9000	9.8164	2811
2026-09-23T11:39:00-04:00	9.8950	9.8167	2961
2026-09-23T11:40:00-04:00	9.8800	9.8168	1368
2026-09-23T11:41:00-04:00	9.8700	9.8169	2622
2026-09-23T11:42:00-04:00	9.8700	9.8170	1504
2026-09-23T11:43:00-04:00	9.8600	9.8176	11637
2026-09-23T11:44:00-04:00	9.9000	9.8178	2717
2026-09-23T11:45:00-04:00	9.8800	9.8192	18866
2026-09-23T11:46:00-04:00	9.9050	9.8194	1776
2026-09-23T11:47:00-04:00	9.8700	9.8203	14885
2026-09-23T11:48:00-04:00	9.8700	9.8204	2147
2026-09-23T11:49:00-04:00	9.8650	9.8205	1666
2026-09-23T11:50:00-04:00	9.8300	9.8207	9163
2026-09-23T11:51:00-04:00	9.8100	9.8207	1975
2026-09-23T11:52:00-04:00	9.8100	9.8207	1783
2026-09-23T11:53:00-04:00	9.8000	9.8205	4995
2026-09-23T11:54:00-04:00	9.8100	9.8205	4826
2026-09-23T11:55:00-04:00	9.8000	9.8204	2981
2026-09-23T11:56:00-04:00	9.8000	9.8204	2543
2026-09-23T11:57:00-04:00	9.8150	9.8203	4579
2026-09-23T11:58:00-04:00	9.8200	9.8203	1902
2026-09-23T11:59:00-04:00	9.8150	9.8203	2439
2026-09-23T12:00:00-04:00	9.7925	9.8202	1832
2026-09-23T12:01:00-04:00	9.7500	9.8200	4102
2026-09-23T12:02:00-04:00	9.7600	9.8192	11716
2026-09-23T12:03:00-04:00	9.7900	9.8191	2243
2026-09-23T12:04:00-04:00	9.8100	9.8190	2245
2026-09-23T12:05:00-04:00	9.7850	9.8189	2831
2026-09-23T12:06:00-04:00	9.8000	9.8188	3647
2026-09-23T12:07:00-04:00	9.7900	9.8187	5463
2026-09-23T12:08:00-04:00	9.7900	9.8186	1795
2026-09-23T12:09:00-04:00	9.7650	9.8185	2585
2026-09-23T12:10:00-04:00	9.7750	9.8185	1094
2026-09-23T12:11:00-04:00	9.8000	9.8184	3958
2026-09-23T12:12:00-04:00	9.7900	9.8183	3031
2026-09-23T12:13:00-04:00	9.7800	9.8182	1473
2026-09-23T12:14:00-04:00	9.8100	9.8182	2840
2026-09-23T12:15:00-04:00	9.7950	9.8182	915
2026-09-23T12:16:00-04:00	9.7900	9.8181	1500
2026-09-23T12:17:00-04:00	9.7900	9.8181	2378
2026-09-23T12:18:00-04:00	9.8000	9.8181	649
2026-09-23T12:19:00-04:00	9.7850	9.8179	3356
2026-09-23T12:20:00-04:00	9.7250	9.8167	17459
2026-09-23T12:21:00-04:00	9.7250	9.8165	2035
2026-09-23T12:22:00-04:00	9.7300	9.8163	1680
2026-09-23T12:23:00-04:00	9.7400	9.8163	767
2026-09-23T12:24:00-04:00	9.7500	9.8158	7392
2026-09-23T12:25:00-04:00	9.7200	9.8144	16066
2026-09-23T12:26:00-04:00	9.7550	9.8142	3544
2026-09-23T12:27:00-04:00	9.7700	9.8141	2000
2026-09-23T12:28:00-04:00	9.7700	9.8140	2397
2026-09-23T12:29:00-04:00	9.7400	9.8139	614
2026-09-23T12:30:00-04:00	9.7600	9.8138	2686
2026-09-23T12:31:00-04:00	9.7500	9.8137	2127
2026-09-23T12:32:00-04:00	9.7250	9.8134	3161
2026-09-23T12:33:00-04:00	9.7400	9.8133	2214
2026-09-23T12:34:00-04:00	9.7700	9.8131	3854
2026-09-23T12:36:00-04:00	9.7650	9.8130	3076
2026-09-23T12:37:00-04:00	9.7550	9.8129	1812
2026-09-23T12:38:00-04:00	9.7500	9.8128	1970
2026-09-23T12:39:00-04:00	9.7550	9.8127	1157
2026-09-23T12:40:00-04:00	9.7500	9.8126	1113
2026-09-23T12:41:00-04:00	9.7300	9.8124	2475
2026-09-23T12:42:00-04:00	9.7200	9.8122	2426
2026-09-23T12:43:00-04:00	9.7200	9.8122	774
2026-09-23T12:44:00-04:00	9.7200	9.8120	1551
2026-09-23T12:45:00-04:00	9.7300	9.8119	2273
2026-09-23T12:46:00-04:00	9.7400	9.8117	1983
2026-09-23T12:47:00-04:00	9.7400	9.8116	1263
2026-09-23T12:48:00-04:00	9.7100	9.8115	2123
2026-09-23T12:49:00-04:00	9.7250	9.8114	906
2026-09-23T12:50:00-04:00	9.7300	9.8109	5631
2026-09-23T12:51:00-04:00	9.7300	9.8108	1827
2026-09-23T12:52:00-04:00	9.7150	9.8106	1870
2026-09-23T12:53:00-04:00	9.7200	9.8100	6783
2026-09-23T12:54:00-04:00	9.7260	9.8096	6205
2026-09-23T12:55:00-04:00	9.7350	9.8095	1233
2026-09-23T12:56:00-04:00	9.7600	9.8091	7391
2026-09-23T12:57:00-04:00	9.7600	9.8090	2891
2026-09-23T12:58:00-04:00	9.7350	9.8088	3492
2026-09-23T12:59:00-04:00	9.7200	9.8087	1540
2026-09-23T13:00:00-04:00	9.7100	9.8078	10419
2026-09-23T13:01:00-04:00	9.7100	9.8077	980
2026-09-23T13:02:00-04:00	9.6400	9.8067	7810
2026-09-23T13:03:00-04:00	9.6600	9.8065	1885
2026-09-23T13:04:00-04:00	9.6500	9.8015	36536
2026-09-23T13:05:00-04:00	9.6200	9.8007	4962
2026-09-23T13:06:00-04:00	9.6400	9.8006	1242
2026-09-23T13:07:00-04:00	9.6250	9.8005	413
2026-09-23T13:08:00-04:00	9.6400	9.7991	10096
2026-09-23T13:09:00-04:00	9.6400	9.7986	3859
2026-09-23T13:10:00-04:00	9.6400	9.7983	2760
2026-09-23T13:11:00-04:00	9.6400	9.7975	5675
2026-09-23T13:12:00-04:00	9.6500	9.7973	2223
2026-09-23T13:13:00-04:00	9.6350	9.7972	517
2026-09-23T13:14:00-04:00	9.6400	9.7959	10828
2026-09-23T13:15:00-04:00	9.6600	9.7947	10292
2026-09-23T13:16:00-04:00	9.6600	9.7944	3529
2026-09-23T13:17:00-04:00	9.6650	9.7940	3231
2026-09-23T13:18:00-04:00	9.6764	9.7939	1214
2026-09-23T13:19:00-04:00	9.6400	9.7929	9049
2026-09-23T13:20:00-04:00	9.6200	9.7924	3214
2026-09-23T13:21:00-04:00	9.6300	9.7921	2302
2026-09-23T13:22:00-04:00	9.6300	9.7919	1940
2026-09-23T13:23:00-04:00	9.6300	9.7917	1714
2026-09-23T13:24:00-04:00	9.6300	9.7914	2118
2026-09-23T13:25:00-04:00	9.6150	9.7909	3726
2026-09-23T13:26:00-04:00	9.6000	9.7905	2475
2026-09-23T13:27:00-04:00	9.6100	9.7902	2266
2026-09-23T13:28:00-04:00	9.5950	9.7900	1310
2026-09-23T13:29:00-04:00	9.6200	9.7893	4830
2026-09-23T13:30:00-04:00	9.6200	9.7893	547
2026-09-23T13:31:00-04:00	9.6200	9.7883	7179
2026-09-23T13:32:00-04:00	9.6073	9.7882	689
2026-09-23T13:33:00-04:00	9.6100	9.7876	4423
2026-09-23T13:34:00-04:00	9.6100	9.7872	3108
2026-09-23T13:36:00-04:00	9.5900	9.7866	4149
2026-09-23T13:37:00-04:00	9.5932	9.7865	229
2026-09-23T13:38:00-04:00	9.5900	9.7856	6735
2026-09-23T13:39:00-04:00	9.6100	9.7850	3944
2026-09-23T13:40:00-04:00	9.6000	9.7847	2383
2026-09-23T13:41:00-04:00	9.6200	9.7844	2310
2026-09-23T13:42:00-04:00	9.6400	9.7840	3496
2026-09-23T13:43:00-04:00	9.6800	9.7838	2818
2026-09-23T13:44:00-04:00	9.6850	9.7832	8525
2026-09-23T13:45:00-04:00	9.6600	9.7822	11278
2026-09-23T13:46:00-04:00	9.6800	9.7821	1022
2026-09-23T13:47:00-04:00	9.6800	9.7818	3583
2026-09-23T13:48:00-04:00	9.7000	9.7816	3677
2026-09-23T13:49:00-04:00	9.7150	9.7815	2090
2026-09-23T13:50:00-04:00	9.7000	9.7813	3930
2026-09-23T13:51:00-04:00	9.7099	9.7812	1523
2026-09-23T13:52:00-04:00	9.7000	9.7811	1208
2026-09-23T13:53:00-04:00	9.6800	9.7806	8043
2026-09-23T13:54:00-04:00	9.7000	9.7804	2016
2026-09-23T13:55:00-04:00	9.6900	9.7804	1142
2026-09-23T13:56:00-04:00	9.6900	9.7803	1553
2026-09-23T13:57:00-04:00	9.6800	9.7802	1530
2026-09-23T13:58:00-04:00	9.6900	9.7799	3183
2026-09-23T13:59:00-04:00	9.6500	9.7792	8647
2026-09-23T14:00:00-04:00	9.6500	9.7787	5005
2026-09-23T14:01:00-04:00	9.6600	9.7786	1438
2026-09-23T14:02:00-04:00	9.6200	9.7781	4117
2026-09-23T14:03:00-04:00	9.6500	9.7780	1634
2026-09-23T14:04:00-04:00	9.6400	9.7777	3065
2026-09-23T14:05:00-04:00	9.6100	9.7775	1699
2026-09-23T14:06:00-04:00	9.6200	9.7772	2604
2026-09-23T14:07:00-04:00	9.6050	9.7771	750
2026-09-23T14:08:00-04:00	9.6200	9.7770	695
2026-09-23T14:09:00-04:00	9.6200	9.7761	7784
2026-09-23T14:10:00-04:00	9.6250	9.7746	14817
2026-09-23T14:11:00-04:00	9.6150	9.7744	1697
2026-09-23T14:12:00-04:00	9.6300	9.7740	3820
2026-09-23T14:13:00-04:00	9.6400	9.7738	2517
2026-09-23T14:14:00-04:00	9.6400	9.7735	2248
2026-09-23T14:15:00-04:00	9.6400	9.7735	364
2026-09-23T14:16:00-04:00	9.6450	9.7734	1108
2026-09-23T14:17:00-04:00	9.6550	9.7732	2304
2026-09-23T14:18:00-04:00	9.6550	9.7732	430
2026-09-23T14:19:00-04:00	9.6550	9.7731	1102
2026-09-23T14:20:00-04:00	9.6550	9.7724	8993
2026-09-23T14:21:00-04:00	9.6500	9.7720	5315
2026-09-23T14:22:00-04:00	9.6600	9.7719	1198
2026-09-23T14:23:00-04:00	9.6550	9.7718	988
2026-09-23T14:24:00-04:00	9.6500	9.7717	1196
2026-09-23T14:25:00-04:00	9.6500	9.7716	1018
2026-09-23T14:26:00-04:00	9.6450	9.7704	13653
2026-09-23T14:27:00-04:00	9.6400	9.7700	4520
2026-09-23T14:28:00-04:00	9.6300	9.7698	2165
2026-09-23T14:29:00-04:00	9.6300	9.7697	1592
2026-09-23T14:30:00-04:00	9.6400	9.7695	2448
2026-09-23T14:31:00-04:00	9.6100	9.7687	7070
2026-09-23T14:32:00-04:00	9.6200	9.7685	2612
2026-09-23T14:33:00-04:00	9.6300	9.7682	2583
2026-09-23T14:34:00-04:00	9.6500	9.7676	7536
2026-09-23T14:35:00-04:00	9.6600	9.7673	4968
2026-09-23T14:36:00-04:00	9.6700	9.7671	2242
2026-09-23T14:37:00-04:00	9.6900	9.7670	1570
2026-09-23T14:38:00-04:00	9.6850	9.7670	1020
2026-09-23T14:39:00-04:00	9.6900	9.7669	2412
2026-09-23T14:40:00-04:00	9.6800	9.7667	2381
2026-09-23T14:41:00-04:00	9.6800	9.7666	2407
2026-09-23T14:42:00-04:00	9.6800	9.7664	2494
2026-09-23T14:43:00-04:00	9.6900	9.7663	2481
2026-09-23T14:44:00-04:00	9.6900	9.7661	5063
2026-09-23T14:45:00-04:00	9.6800	9.7659	2200
2026-09-23T14:46:00-04:00	9.6800	9.7659	1551
2026-09-23T14:47:00-04:00	9.6850	9.7657	3690
2026-09-23T14:48:00-04:00	9.6900	9.7655	4103
2026-09-23T14:49:00-04:00	9.6950	9.7654	1780
2026-09-23T14:50:00-04:00	9.6900	9.7653	1508
2026-09-23T14:51:00-04:00	9.6900	9.7652	3155
2026-09-23T14:52:00-04:00	9.6850	9.7650	2132
2026-09-23T14:53:00-04:00	9.6850	9.7650	704
2026-09-23T14:54:00-04:00	9.6800	9.7647	6433
2026-09-23T14:55:00-04:00	9.6950	9.7645	4498
2026-09-23T14:56:00-04:00	9.6900	9.7643	4697
2026-09-23T14:57:00-04:00	9.6900	9.7641	2713
2026-09-23T14:58:00-04:00	9.6850	9.7639	5487
2026-09-23T14:59:00-04:00	9.6800	9.7636	4046
2026-09-23T15:00:00-04:00	9.6700	9.7633	5633
2026-09-23T15:01:00-04:00	9.6600	9.7631	4465
2026-09-23T15:02:00-04:00	9.6500	9.7630	499
2026-09-23T15:03:00-04:00	9.6600	9.7627	5652
2026-09-23T15:04:00-04:00	9.6500	9.7624	4364
2026-09-23T15:05:00-04:00	9.6200	9.7621	3783
2026-09-23T15:06:00-04:00	9.6200	9.7617	3990
2026-09-23T15:07:00-04:00	9.6300	9.7616	1825
2026-09-23T15:08:00-04:00	9.6500	9.7611	6208
2026-09-23T15:09:00-04:00	9.6250	9.7610	1595
2026-09-23T15:10:00-04:00	9.6200	9.7606	4600
2026-09-23T15:11:00-04:00	9.6250	9.7604	2039
2026-09-23T15:12:00-04:00	9.6200	9.7603	2231
2026-09-23T15:13:00-04:00	9.6300	9.7591	13666
2026-09-23T15:14:00-04:00	9.6400	9.7590	2046
2026-09-23T15:15:00-04:00	9.6050	9.7586	4296
2026-09-23T15:16:00-04:00	9.6200	9.7582	4898
2026-09-23T15:17:00-04:00	9.6200	9.7581	1372
2026-09-23T15:18:00-04:00	9.6000	9.7578	3110
2026-09-23T15:19:00-04:00	9.6100	9.7576	2495
2026-09-23T15:20:00-04:00	9.6200	9.7567	9988
2026-09-23T15:21:00-04:00	9.6350	9.7565	3270
2026-09-23T15:22:00-04:00	9.6400	9.7563	3085
2026-09-23T15:23:00-04:00	9.6500	9.7562	632
2026-09-23T15:24:00-04:00	9.6500	9.7559	4886
2026-09-23T15:25:00-04:00	9.6450	9.7558	1393
2026-09-23T15:26:00-04:00	9.6000	9.7549	11832
2026-09-23T15:27:00-04:00	9.5800	9.7544	4512
2026-09-23T15:28:00-04:00	9.5700	9.7542	2384
2026-09-23T15:29:00-04:00	9.5463	9.7535	5702
2026-09-23T15:30:00-04:00	9.5500	9.7519	14027
2026-09-23T15:31:00-04:00	9.5600	9.7504	13803
2026-09-23T15:32:00-04:00	9.5700	9.7501	3481
2026-09-23T15:33:00-04:00	9.5700	9.7491	9562
2026-09-23T15:34:00-04:00	9.5680	9.7484	6848
2026-09-23T15:35:00-04:00	9.5700	9.7478	6158
2026-09-23T15:36:00-04:00	9.5700	9.7469	9187
2026-09-23T15:37:00-04:00	9.5700	9.7464	4716
2026-09-23T15:38:00-04:00	9.5700	9.7459	4676
2026-09-23T15:39:00-04:00	9.5700	9.7441	18670
2026-09-23T15:40:00-04:00	9.5500	9.7431	10316
2026-09-23T15:41:00-04:00	9.5600	9.7417	13548
2026-09-23T15:42:00-04:00	9.5500	9.7411	5987
2026-09-23T15:43:00-04:00	9.6000	9.7391	23302
2026-09-23T15:44:00-04:00	9.6200	9.7388	4441
2026-09-23T15:45:00-04:00	9.6200	9.7380	13714
2026-09-23T15:46:00-04:00	9.6300	9.7364	27688
2026-09-23T15:47:00-04:00	9.6600	9.7359	9350
2026-09-23T15:48:00-04:00	9.6400	9.7355	8635
2026-09-23T15:49:00-04:00	9.6400	9.7349	13945
2026-09-23T15:50:00-04:00	9.6300	9.7337	21497
2026-09-23T15:51:00-04:00	9.6350	9.7328	18143
2026-09-23T15:52:00-04:00	9.6150	9.7319	15986
2026-09-23T15:53:00-04:00	9.6450	9.7309	21505
2026-09-23T15:54:00-04:00	9.6300	9.7297	28337
2026-09-23T15:55:00-04:00	9.6250	9.7282	26932
2026-09-23T15:56:00-04:00	9.6200	9.7268	26787
2026-09-23T15:57:00-04:00	9.6200	9.7240	50709
2026-09-23T15:58:00-04:00	9.5950	9.7202	69870
2026-09-23T15:59:00-04:00	9.6250	9.7134	135239
2026-09-24T09:30:00-04:00	9.5450	9.5250	26520
2026-09-24T09:31:00-04:00	9.5800	9.5278	1851
2026-09-24T09:32:00-04:00	9.6940	9.5503	6036
2026-09-24T09:33:00-04:00	9.6990	9.5862	8444
2026-09-24T09:34:00-04:00	9.6000	9.5907	7988
2026-09-24T09:35:00-04:00	9.7400	9.6014	5511
2026-09-24T09:36:00-04:00	9.7000	9.6097	4578
2026-09-24T09:37:00-04:00	9.6890	9.6113	994
2026-09-24T09:38:00-04:00	9.7524	9.6321	10005
2026-09-24T09:39:00-04:00	9.8000	9.6449	6432
2026-09-24T09:40:00-04:00	9.7600	9.6492	2714
2026-09-24T09:41:00-04:00	9.7250	9.6531	4245
2026-09-24T09:42:00-04:00	9.7300	9.6534	305
2026-09-24T09:43:00-04:00	9.6950	9.6553	3200
2026-09-24T09:44:00-04:00	9.6400	9.6554	2999
2026-09-24T09:45:00-04:00	9.6600	9.6550	6149
2026-09-24T09:46:00-04:00	9.6600	9.6551	3458
2026-09-24T09:47:00-04:00	9.6600	9.6554	3575
2026-09-24T09:48:00-04:00	9.5850	9.6542	2705
2026-09-24T09:49:00-04:00	9.6300	9.6537	1601
2026-09-24T09:50:00-04:00	9.6000	9.6532	1461
2026-09-24T09:51:00-04:00	9.5500	9.6514	2428
2026-09-24T09:52:00-04:00	9.5550	9.6486	3030
2026-09-24T09:53:00-04:00	9.5150	9.6480	525
2026-09-24T09:54:00-04:00	9.4600	9.6321	11582
2026-09-24T09:56:00-04:00	9.5550	9.6281	4886
2026-09-24T09:57:00-04:00	9.5750	9.6277	1012
2026-09-24T09:58:00-04:00	9.5750	9.6274	1049
2026-09-24T09:59:00-04:00	9.6000	9.6195	23159
2026-09-24T10:00:00-04:00	9.5900	9.6191	1813
2026-09-24T10:01:00-04:00	9.5800	9.6155	17992
2026-09-24T10:02:00-04:00	9.6600	9.6194	19320
2026-09-24T10:03:00-04:00	9.7100	9.6212	5635
2026-09-24T10:04:00-04:00	9.7050	9.6235	6594
2026-09-24T10:05:00-04:00	9.7185	9.6259	5561
2026-09-24T10:06:00-04:00	9.8400	9.6329	8961
2026-09-24T10:07:00-04:00	9.7600	9.6362	5131
2026-09-24T10:08:00-04:00	9.7510	9.6375	2411
2026-09-24T10:09:00-04:00	9.7000	9.6403	8127
2026-09-24T10:10:00-04:00	9.6700	9.6409	4028
2026-09-24T10:11:00-04:00	9.6700	9.6413	2508
2026-09-24T10:12:00-04:00	9.6700	9.6416	2013
2026-09-24T10:13:00-04:00	9.7200	9.6433	5561
2026-09-24T10:14:00-04:00	9.6900	9.6436	1338
2026-09-24T10:15:00-04:00	9.7100	9.6438	1125
2026-09-24T10:16:00-04:00	9.6900	9.6439	507
2026-09-24T10:17:00-04:00	9.6700	9.6445	3783
2026-09-24T10:18:00-04:00	9.6600	9.6446	2970
2026-09-24T10:19:00-04:00	9.6350	9.6445	7221
2026-09-24T10:20:00-04:00	9.6100	9.6445	780
2026-09-24T10:21:00-04:00	9.5950	9.6434	6824
2026-09-24T10:22:00-04:00	9.5678	9.6431	1096
2026-09-24T10:23:00-04:00	9.6100	9.6427	2051
2026-09-24T10:24:00-04:00	9.6100	9.6426	1403
2026-09-24T10:25:00-04:00	9.5900	9.6420	2534
2026-09-24T10:26:00-04:00	9.5650	9.6417	1131
2026-09-24T10:27:00-04:00	9.6000	9.6409	4005
2026-09-24T10:28:00-04:00	9.6100	9.6408	1232
2026-09-24T10:29:00-04:00	9.6500	9.6408	2133
2026-09-24T10:30:00-04:00	9.6100	9.6405	2475
2026-09-24T10:31:00-04:00	9.6000	9.6402	2271
2026-09-24T10:32:00-04:00	9.6100	9.6399	2140
2026-09-24T10:33:00-04:00	9.6400	9.6399	1386
2026-09-24T10:34:00-04:00	9.6400	9.6399	935
2026-09-24T10:35:00-04:00	9.5799	9.6392	4103
2026-09-24T10:36:00-04:00	9.5600	9.6384	3150
2026-09-24T10:37:00-04:00	9.5700	9.6379	2279
2026-09-24T10:38:00-04:00	9.5600	9.6376	1462
2026-09-24T10:39:00-04:00	9.5200	9.6371	1427
2026-09-24T10:40:00-04:00	9.5150	9.6365	1399
2026-09-24T10:41:00-04:00	9.4900	9.6359	1390
2026-09-24T10:42:00-04:00	9.5100	9.6340	4597
2026-09-24T10:43:00-04:00	9.5300	9.6336	1077
2026-09-24T10:44:00-04:00	9.5300	9.6332	1324
2026-09-24T10:45:00-04:00	9.5250	9.6322	2886
2026-09-24T10:46:00-04:00	9.5800	9.6319	1819
2026-09-24T10:47:00-04:00	9.5900	9.6315	2232
2026-09-24T10:48:00-04:00	9.6000	9.6310	4349
2026-09-24T10:49:00-04:00	9.6000	9.6309	925
2026-09-24T10:50:00-04:00	9.6100	9.6308	2198
2026-09-24T10:51:00-04:00	9.5900	9.6307	502
2026-09-24T10:52:00-04:00	9.5900	9.6306	1187
2026-09-24T10:53:00-04:00	9.6000	9.6300	5225
2026-09-24T10:55:00-04:00	9.5800	9.6298	1318
2026-09-24T10:56:00-04:00	9.5650	9.6295	1646
2026-09-24T10:57:00-04:00	9.5650	9.6294	575
2026-09-24T10:58:00-04:00	9.5400	9.6291	1587
2026-09-24T10:59:00-04:00	9.5400	9.6284	2357
2026-09-24T11:00:00-04:00	9.5500	9.6274	4283
2026-09-24T11:01:00-04:00	9.5501	9.6269	2360
2026-09-24T11:02:00-04:00	9.5700	9.6268	691
2026-09-24T11:03:00-04:00	9.5500	9.6263	2329
2026-09-24T11:04:00-04:00	9.5600	9.6262	772
2026-09-24T11:05:00-04:00	9.6000	9.6253	6795
2026-09-24T11:06:00-04:00	9.6100	9.6253	952
2026-09-24T11:07:00-04:00	9.6200	9.6253	1466
2026-09-24T11:08:00-04:00	9.6150	9.6252	4051
2026-09-24T11:09:00-04:00	9.5900	9.6250	2089
2026-09-24T11:10:00-04:00	9.5800	9.6243	6845
2026-09-24T11:11:00-04:00	9.5800	9.6241	1985
2026-09-24T11:12:00-04:00	9.5500	9.6235	3777
2026-09-24T11:13:00-04:00	9.5600	9.6230	2942
2026-09-24T11:14:00-04:00	9.5600	9.6229	764
2026-09-24T11:15:00-04:00	9.5600	9.6228	907
2026-09-24T11:16:00-04:00	9.5850	9.6225	3457
2026-09-24T11:17:00-04:00	9.5800	9.6220	5709
2026-09-24T11:18:00-04:00	9.5500	9.6215	3614
2026-09-24T11:19:00-04:00	9.5500	9.6214	474
2026-09-24T11:20:00-04:00	9.5150	9.6205	3649
2026-09-24T11:21:00-04:00	9.5300	9.6194	4748
2026-09-24T11:22:00-04:00	9.5000	9.6193	483
2026-09-24T11:23:00-04:00	9.5200	9.6189	1671
2026-09-24T11:24:00-04:00	9.5400	9.6185	1981
2026-09-24T11:25:00-04:00	9.5000	9.6178	2888
2026-09-24T11:26:00-04:00	9.5300	9.6171	3309
2026-09-24T11:27:00-04:00	9.4800	9.6166	1907
2026-09-24T11:28:00-04:00	9.4810	9.6163	989
2026-09-24T11:29:00-04:00	9.4900	9.6161	866
2026-09-24T11:30:00-04:00	9.5000	9.6150	3541
2026-09-24T11:31:00-04:00	9.5050	9.6144	2083
2026-09-24T11:32:00-04:00	9.5000	9.6143	547
2026-09-24T11:33:00-04:00	9.5150	9.6139	1674
2026-09-24T11:34:00-04:00	9.5500	9.6136	1898
2026-09-24T11:35:00-04:00	9.5200	9.6135	839
2026-09-24T11:36:00-04:00	9.5500	9.6124	6499
2026-09-24T11:37:00-04:00	9.5600	9.6121	2105
2026-09-24T11:38:00-04:00	9.5600	9.6118	2095
2026-09-24T11:39:00-04:00	9.5500	9.6115	2508
2026-09-24T11:40:00-04:00	9.5700	9.6113	2301
2026-09-24T11:41:00-04:00	9.5900	9.6112	2028
2026-09-24T11:42:00-04:00	9.5750	9.6111	1345
2026-09-24T11:43:00-04:00	9.6000	9.6111	2710
2026-09-24T11:44:00-04:00	9.6200	9.6111	1120
2026-09-24T11:45:00-04:00	9.6281	9.6112	2177
2026-09-24T11:46:00-04:00	9.6100	9.6112	1104
2026-09-24T11:47:00-04:00	9.6100	9.6112	2527
2026-09-24T11:48:00-04:00	9.6100	9.6112	4619
2026-09-24T11:49:00-04:00	9.6100	9.6112	1185
2026-09-24T11:50:00-04:00	9.6100	9.6112	1328
2026-09-24T11:51:00-04:00	9.6100	9.6112	1007
2026-09-24T11:52:00-04:00	9.6200	9.6112	3397
2026-09-24T11:53:00-04:00	9.6050	9.6112	1987
2026-09-24T11:54:00-04:00	9.6050	9.6112	1353
2026-09-24T11:55:00-04:00	9.5800	9.6110	4643
2026-09-24T11:56:00-04:00	9.5950	9.6104	9699
2026-09-24T11:57:00-04:00	9.5900	9.6104	1959
2026-09-24T11:58:00-04:00	9.5650	9.6102	1898
2026-09-24T11:59:00-04:00	9.5500	9.6099	2868
2026-09-24T12:00:00-04:00	9.5100	9.6095	2571
2026-09-24T12:01:00-04:00	9.5300	9.6092	1819
2026-09-24T12:02:00-04:00	9.5000	9.6087	2454
2026-09-24T12:03:00-04:00	9.4700	9.6084	1127
2026-09-24T12:04:00-04:00	9.4850	9.6078	2257
2026-09-24T12:05:00-04:00	9.4800	9.6056	8808
2026-09-24T12:06:00-04:00	9.4100	9.6005	15209
2026-09-24T12:07:00-04:00	9.3700	9.5981	5906
2026-09-24T12:08:00-04:00	9.3800	9.5980	263
2026-09-24T12:09:00-04:00	9.4100	9.5970	2907
2026-09-24T12:10:00-04:00	9.4300	9.5962	2321
2026-09-24T12:11:00-04:00	9.4400	9.5960	1052
2026-09-24T12:12:00-04:00	9.4300	9.5957	814
2026-09-24T12:13:00-04:00	9.4900	9.5940	7700
2026-09-24T12:14:00-04:00	9.5000	9.5934	3410
2026-09-24T12:15:00-04:00	9.5900	9.5925	15435
2026-09-24T12:16:00-04:00	9.6850	9.5938	13057
2026-09-24T12:17:00-04:00	9.7000	9.5940	971
2026-09-24T12:18:00-04:00	9.7100	9.5946	3082
2026-09-24T12:19:00-04:00	9.6550	9.5952	4196
2026-09-24T12:20:00-04:00	9.6750	9.5957	3290
2026-09-24T12:21:00-04:00	9.6550	9.5959	2205
2026-09-24T12:22:00-04:00	9.7050	9.5967	5240
2026-09-24T12:23:00-04:00	9.6900	9.5968	568
2026-09-24T12:24:00-04:00	9.7400	9.5990	11099
2026-09-24T12:25:00-04:00	9.6700	9.5994	2976
2026-09-24T12:26:00-04:00	9.7050	9.6001	4853
2026-09-24T12:27:00-04:00	9.7100	9.6005	2623
2026-09-24T12:28:00-04:00	9.7300	9.6013	3828
2026-09-24T12:29:00-04:00	9.7700	9.6022	3835
2026-09-24T12:30:00-04:00	9.7500	9.6029	2774
2026-09-24T12:31:00-04:00	9.7100	9.6033	2476
2026-09-24T12:32:00-04:00	9.7300	9.6039	3202
2026-09-24T12:33:00-04:00	9.7200	9.6041	1255
2026-09-24T12:34:00-04:00	9.7100	9.6045	2305
2026-09-24T12:35:00-04:00	9.7200	9.6048	1651
2026-09-24T12:36:00-04:00	9.7400	9.6057	4828
2026-09-24T12:37:00-04:00	9.7199	9.6062	2735
2026-09-24T12:38:00-04:00	9.6850	9.6064	1713
2026-09-24T12:39:00-04:00	9.6900	9.6067	1980
2026-09-24T12:40:00-04:00	9.7300	9.6074	4657
2026-09-24T12:41:00-04:00	9.7600	9.6078	1847
2026-09-24T12:42:00-04:00	9.7700	9.6082	1567
2026-09-24T12:43:00-04:00	9.7400	9.6086	2320
2026-09-24T12:44:00-04:00	9.7250	9.6091	2859
2026-09-24T12:45:00-04:00	9.6800	9.6096	3630
2026-09-24T12:46:00-04:00	9.6750	9.6100	3701
2026-09-24T12:47:00-04:00	9.6900	9.6103	3248
2026-09-24T12:48:00-04:00	9.6850	9.6119	14376
2026-09-24T12:49:00-04:00	9.7000	9.6120	1181
2026-09-24T12:50:00-04:00	9.7300	9.6124	2886
2026-09-24T12:51:00-04:00	9.7100	9.6125	1105
2026-09-24T12:52:00-04:00	9.7100	9.6128	1560
2026-09-24T12:53:00-04:00	9.7200	9.6133	4459
2026-09-24T12:54:00-04:00	9.7450	9.6141	4041
2026-09-24T12:55:00-04:00	9.7400	9.6159	10712
2026-09-24T12:56:00-04:00	9.7800	9.6168	4308
2026-09-24T12:57:00-04:00	9.7650	9.6171	1440
2026-09-24T12:58:00-04:00	9.7800	9.6173	806
2026-09-24T12:59:00-04:00	9.7600	9.6178	2818
2026-09-24T13:00:00-04:00	9.7600	9.6185	3664
2026-09-24T13:01:00-04:00	9.7650	9.6212	15028
2026-09-24T13:02:00-04:00	9.7850	9.6218	3069
2026-09-24T13:03:00-04:00	9.8100	9.6224	2155
2026-09-24T13:04:00-04:00	9.7950	9.6240	6964
2026-09-24T13:05:00-04:00	9.7800	9.6245	2516
2026-09-24T13:06:00-04:00	9.7800	9.6254	4129
2026-09-24T13:07:00-04:00	9.7700	9.6260	3216
2026-09-24T13:08:00-04:00	9.7900	9.6265	2618
2026-09-24T13:09:00-04:00	9.7900	9.6267	987
2026-09-24T13:10:00-04:00	9.7850	9.6270	1629
2026-09-24T13:11:00-04:00	9.7900	9.6273	1243
2026-09-24T13:12:00-04:00	9.7965	9.6278	2572
2026-09-24T13:13:00-04:00	9.8000	9.6284	2794
2026-09-24T13:14:00-04:00	9.8400	9.6290	2327
2026-09-24T13:15:00-04:00	9.8083	9.6297	3194
2026-09-24T13:16:00-04:00	9.8300	9.6301	1667
2026-09-24T13:17:00-04:00	9.8400	9.6309	2730
2026-09-24T13:18:00-04:00	9.8600	9.6318	3105
2026-09-24T13:19:00-04:00	9.8700	9.6324	1980
2026-09-24T13:20:00-04:00	9.8412	9.6368	16985
2026-09-24T13:21:00-04:00	9.8700	9.6375	2498
2026-09-24T13:22:00-04:00	9.9000	9.6410	11580
2026-09-24T13:23:00-04:00	9.9100	9.6418	2484
2026-09-24T13:24:00-04:00	9.9000	9.6425	2389
2026-09-24T13:25:00-04:00	9.8950	9.6480	18667
2026-09-24T13:26:00-04:00	9.9100	9.6513	11238
2026-09-24T13:27:00-04:00	9.9200	9.6526	4504
2026-09-24T13:28:00-04:00	9.9377	9.6538	3751
2026-09-24T13:29:00-04:00	9.9400	9.6552	4415
2026-09-24T13:30:00-04:00	9.8950	9.6577	9311
2026-09-24T13:31:00-04:00	9.9200	9.6593	5500
2026-09-24T13:32:00-04:00	9.9050	9.6595	823
2026-09-24T13:33:00-04:00	9.8740	9.6604	3633
2026-09-24T13:34:00-04:00	9.8300	9.6665	32261
2026-09-24T13:35:00-04:00	9.8000	9.6665	429
2026-09-24T13:36:00-04:00	9.7750	9.6672	5629
2026-09-24T13:37:00-04:00	9.7800	9.6683	9468
2026-09-24T13:38:00-04:00	9.7600	9.6687	2989
2026-09-24T13:39:00-04:00	9.7850	9.6691	3815
2026-09-24T13:40:00-04:00	9.7550	9.6701	10390
2026-09-24T13:41:00-04:00	9.7700	9.6713	11579
2026-09-24T13:42:00-04:00	9.7813	9.6719	5647
2026-09-24T13:43:00-04:00	9.7800	9.6723	3107
2026-09-24T13:44:00-04:00	9.7900	9.6726	2562
2026-09-24T13:45:00-04:00	9.7800	9.6727	1192
2026-09-24T13:46:00-04:00	9.7900	9.6729	1286
2026-09-24T13:47:00-04:00	9.8050	9.6732	2329
2026-09-24T13:48:00-04:00	9.8050	9.6735	2591
2026-09-24T13:49:00-04:00	9.8250	9.6738	1472
2026-09-24T13:50:00-04:00	9.8250	9.6740	1911
2026-09-24T13:51:00-04:00	9.8250	9.6742	964
2026-09-24T13:52:00-04:00	9.8250	9.6743	580
2026-09-24T13:53:00-04:00	9.8150	9.6748	4043
2026-09-24T13:54:00-04:00	9.8100	9.6749	531
2026-09-24T13:55:00-04:00	9.7900	9.6753	2863
2026-09-24T13:56:00-04:00	9.8100	9.6755	2123
2026-09-24T13:57:00-04:00	9.7800	9.6757	1590
2026-09-24T13:58:00-04:00	9.8000	9.6768	9006
2026-09-24T13:59:00-04:00	9.8000	9.6770	1547
2026-09-24T14:00:00-04:00	9.7900	9.6781	9019
2026-09-24T14:01:00-04:00	9.7500	9.6783	2844
2026-09-24T14:02:00-04:00	9.7600	9.6784	1178
2026-09-24T14:03:00-04:00	9.7550	9.6787	3658
2026-09-24T14:04:00-04:00	9.7300	9.6789	3973
2026-09-24T14:05:00-04:00	9.7200	9.6790	2353
2026-09-24T14:06:00-04:00	9.7300	9.6792	5639
2026-09-24T14:07:00-04:00	9.7250	9.6794	4687
2026-09-24T14:08:00-04:00	9.7350	9.6796	3582
2026-09-24T14:09:00-04:00	9.7500	9.6798	2785
2026-09-24T14:10:00-04:00	9.7400	9.6799	1640
2026-09-24T14:11:00-04:00	9.7600	9.6801	2453
2026-09-24T14:12:00-04:00	9.7500	9.6802	1772
2026-09-24T14:13:00-04:00	9.7300	9.6803	2180
2026-09-24T14:14:00-04:00	9.7300	9.6804	1691
2026-09-24T14:15:00-04:00	9.7400	9.6805	1682
2026-09-24T14:16:00-04:00	9.7665	9.6806	2333
2026-09-24T14:17:00-04:00	9.7700	9.6807	1089
2026-09-24T14:18:00-04:00	9.7700	9.6810	2787
2026-09-24T14:20:00-04:00	9.7450	9.6811	2288
2026-09-24T14:21:00-04:00	9.7500	9.6813	3164
2026-09-24T14:22:00-04:00	9.7489	9.6815	2355
2026-09-24T14:23:00-04:00	9.7400	9.6816	2354
2026-09-24T14:24:00-04:00	9.7500	9.6817	1624
2026-09-24T14:25:00-04:00	9.7800	9.6820	3856
2026-09-24T14:26:00-04:00	9.7850	9.6821	1252
2026-09-24T14:27:00-04:00	9.7700	9.6822	589
2026-09-24T14:28:00-04:00	9.7600	9.6825	4545
2026-09-24T14:29:00-04:00	9.7800	9.6828	2964
2026-09-24T14:30:00-04:00	9.7602	9.6829	1542
2026-09-24T14:31:00-04:00	9.7650	9.6831	2600
2026-09-24T14:32:00-04:00	9.7900	9.6854	32174
2026-09-24T14:33:00-04:00	9.7500	9.6913	85101
2026-09-24T14:34:00-04:00	9.7452	9.6923	25061
2026-09-24T14:35:00-04:00	9.7000	9.6923	2024
2026-09-24T14:36:00-04:00	9.6950	9.6923	15555
2026-09-24T14:37:00-04:00	9.6950	9.6924	4744
2026-09-24T14:38:00-04:00	9.7200	9.6924	4016
2026-09-24T14:39:00-04:00	9.7300	9.6927	5956
2026-09-24T14:40:00-04:00	9.7050	9.6927	692
2026-09-24T14:41:00-04:00	9.6950	9.6927	1454
2026-09-24T14:42:00-04:00	9.6950	9.6927	2545
2026-09-24T14:43:00-04:00	9.6600	9.6926	5473
2026-09-24T14:44:00-04:00	9.6700	9.6926	2080
2026-09-24T14:45:00-04:00	9.6700	9.6925	3642
2026-09-24T14:46:00-04:00	9.6800	9.6925	1277
2026-09-24T14:47:00-04:00	9.6700	9.6925	1436
2026-09-24T14:48:00-04:00	9.6800	9.6924	2478
2026-09-24T14:49:00-04:00	9.7100	9.6924	4895
2026-09-24T14:50:00-04:00	9.7300	9.6926	4625
2026-09-24T14:51:00-04:00	9.7100	9.6926	2460
2026-09-24T14:52:00-04:00	9.7300	9.6927	2638
2026-09-24T14:53:00-04:00	9.7300	9.6927	1067
2026-09-24T14:54:00-04:00	9.7100	9.6928	3354
2026-09-24T14:55:00-04:00	9.7050	9.6928	2117
2026-09-24T14:56:00-04:00	9.7200	9.6928	3288
2026-09-24T14:57:00-04:00	9.7200	9.6929	4767
2026-09-24T14:58:00-04:00	9.7200	9.6930	1448
2026-09-24T14:59:00-04:00	9.7100	9.6931	6339
2026-09-24T15:00:00-04:00	9.7400	9.6932	4764
2026-09-24T15:01:00-04:00	9.7300	9.6933	2973
2026-09-24T15:02:00-04:00	9.7100	9.6934	3518
2026-09-24T15:03:00-04:00	9.7200	9.6934	3313
2026-09-24T15:04:00-04:00	9.7150	9.6935	3853
2026-09-24T15:05:00-04:00	9.7300	9.6936	1998
2026-09-24T15:06:00-04:00	9.7250	9.6936	2167
2026-09-24T15:07:00-04:00	9.7400	9.6937	2909
2026-09-24T15:08:00-04:00	9.7300	9.6939	5608
2026-09-24T15:09:00-04:00	9.7300	9.6939	1305
2026-09-24T15:10:00-04:00	9.7400	9.6940	3148
2026-09-24T15:11:00-04:00	9.7300	9.6941	2087
2026-09-24T15:12:00-04:00	9.7400	9.6941	1335
2026-09-24T15:13:00-04:00	9.7450	9.6942	2186
2026-09-24T15:14:00-04:00	9.7400	9.6942	1829
2026-09-24T15:15:00-04:00	9.7200	9.6943	1909
2026-09-24T15:16:00-04:00	9.7200	9.6944	3933
2026-09-24T15:17:00-04:00	9.7250	9.6944	3363
2026-09-24T15:18:00-04:00	9.7400	9.6945	3375
2026-09-24T15:19:00-04:00	9.7550	9.6948	6381
2026-09-24T15:20:00-04:00	9.7500	9.6950	5701
2026-09-24T15:21:00-04:00	9.7600	9.6951	3417
2026-09-24T15:22:00-04:00	9.7700	9.6954	5732
2026-09-24T15:23:00-04:00	9.7600	9.6955	1879
2026-09-24T15:24:00-04:00	9.7375	9.6960	11938
2026-09-24T15:25:00-04:00	9.7400	9.6961	6395
2026-09-24T15:26:00-04:00	9.7400	9.6962	3593
2026-09-24T15:27:00-04:00	9.7500	9.6965	7352
2026-09-24T15:28:00-04:00	9.7300	9.6966	2976
2026-09-24T15:29:00-04:00	9.7200	9.6968	7952
2026-09-24T15:30:00-04:00	9.7740	9.6971	9249
2026-09-24T15:31:00-04:00	9.7700	9.6974	5879
2026-09-24T15:32:00-04:00	9.7700	9.6975	2564
2026-09-24T15:33:00-04:00	9.7700	9.6977	4427
2026-09-24T15:34:00-04:00	9.8000	9.6983	10357
2026-09-24T15:35:00-04:00	9.7700	9.6989	10577
2026-09-24T15:36:00-04:00	9.7800	9.6992	5670
2026-09-24T15:37:00-04:00	9.7700	9.6994	4061
2026-09-24T15:38:00-04:00	9.7800	9.6999	10404
2026-09-24T15:39:00-04:00	9.8000	9.7003	6148
2026-09-24T15:40:00-04:00	9.8250	9.7010	8530
2026-09-24T15:41:00-04:00	9.8200	9.7029	27278
2026-09-24T15:42:00-04:00	9.8300	9.7032	3960
2026-09-24T15:43:00-04:00	9.8200	9.7035	2968
2026-09-24T15:44:00-04:00	9.8200	9.7040	8038
2026-09-24T15:45:00-04:00	9.8050	9.7045	7555
2026-09-24T15:46:00-04:00	9.7950	9.7050	8826
2026-09-24T15:47:00-04:00	9.7900	9.7052	2903
2026-09-24T15:48:00-04:00	9.7850	9.7062	17107
2026-09-24T15:49:00-04:00	9.8300	9.7069	10704
2026-09-24T15:50:00-04:00	9.8200	9.7080	16764
2026-09-24T15:51:00-04:00	9.8450	9.7090	13146
2026-09-24T15:52:00-04:00	9.8700	9.7121	34692
2026-09-24T15:53:00-04:00	9.8700	9.7132	11617
2026-09-24T15:54:00-04:00	9.8800	9.7152	20113
2026-09-24T15:55:00-04:00	9.8700	9.7180	29640
2026-09-24T15:56:00-04:00	9.8700	9.7206	31562
2026-09-24T15:57:00-04:00	9.8450	9.7242	49044
2026-09-24T15:58:00-04:00	9.8350	9.7282	65418
2026-09-24T15:59:00-04:00	9.8200	9.7318	80766
2026-09-25T09:30:00-04:00	10.0140	9.9647	59815
2026-09-25T09:31:00-04:00	9.9750	9.9714	15822
2026-09-25T09:32:00-04:00	9.9300	9.9701	2636
2026-09-25T09:33:00-04:00	9.9500	9.9694	2919
2026-09-25T09:34:00-04:00	9.9300	9.9671	4170
2026-09-25T09:35:00-04:00	9.9600	9.9667	1989
2026-09-25T09:36:00-04:00	9.9150	9.9656	2045
2026-09-25T09:37:00-04:00	9.9150	9.9650	1407
2026-09-25T09:38:00-04:00	9.9700	9.9644	5200
2026-09-25T09:39:00-04:00	9.9400	9.9642	879
2026-09-25T09:40:00-04:00	9.9600	9.9641	3566
2026-09-25T09:41:00-04:00	9.9800	9.9647	5260
2026-09-25T09:42:00-04:00	10.0300	9.9687	9527
2026-09-25T09:43:00-04:00	9.9100	9.9669	8407
2026-09-25T09:44:00-04:00	9.8600	9.9604	9862
2026-09-25T09:45:00-04:00	9.8350	9.9589	1571
2026-09-25T09:46:00-04:00	9.8648	9.9567	2900
2026-09-25T09:47:00-04:00	9.8750	9.9537	4973
2026-09-25T09:48:00-04:00	9.8800	9.9522	3124
2026-09-25T09:49:00-04:00	9.9459	9.9516	4241
2026-09-25T09:50:00-04:00	9.9000	9.9500	3877
2026-09-25T09:51:00-04:00	9.9200	9.9499	866
2026-09-25T09:52:00-04:00	9.9056	9.9495	1252
2026-09-25T09:53:00-04:00	9.9200	9.9491	1711
2026-09-25T09:54:00-04:00	9.9600	9.9494	6106
2026-09-25T09:55:00-04:00	9.8612	9.9485	2422
2026-09-25T09:56:00-04:00	9.8600	9.9478	1205
2026-09-25T09:57:00-04:00	9.8650	9.9471	1362
2026-09-25T09:58:00-04:00	9.7950	9.9285	27357
2026-09-25T09:59:00-04:00	9.7950	9.9246	5433
2026-09-25T10:00:00-04:00	9.7800	9.9194	7271
2026-09-25T10:01:00-04:00	9.7500	9.9135	7811
2026-09-25T10:02:00-04:00	9.7800	9.9080	8183
2026-09-25T10:03:00-04:00	9.7001	9.9061	2332
2026-09-25T10:04:00-04:00	9.7084	9.9038	2520
2026-09-25T10:05:00-04:00	9.6600	9.9027	1102
2026-09-25T10:06:00-04:00	9.6800	9.8996	3156
2026-09-25T10:07:00-04:00	9.6800	9.8964	3736
2026-09-25T10:08:00-04:00	9.7200	9.8951	1689
2026-09-25T10:09:00-04:00	9.7400	9.8947	561
2026-09-25T10:10:00-04:00	9.7350	9.8931	2542
2026-09-25T10:11:00-04:00	9.7100	9.8910	2830
2026-09-25T10:12:00-04:00	9.6850	9.8882	3493
2026-09-25T10:13:00-04:00	9.6700	9.8862	2391
2026-09-25T10:14:00-04:00	9.5900	9.8730	12332
2026-09-25T10:15:00-04:00	9.5900	9.8713	1563
2026-09-25T10:16:00-04:00	9.5500	9.8645	6064
2026-09-25T10:17:00-04:00	9.5700	9.8627	1663
2026-09-25T10:18:00-04:00	9.6150	9.8604	2432
2026-09-25T10:19:00-04:00	9.6000	9.8597	744
2026-09-25T10:20:00-04:00	9.6200	9.8529	7936
2026-09-25T10:21:00-04:00	9.5650	9.8522	755
2026-09-25T10:22:00-04:00	9.5700	9.8393	13160
2026-09-25T10:23:00-04:00	9.5800	9.8379	1530
2026-09-25T10:24:00-04:00	9.5992	9.8366	1718
2026-09-25T10:25:00-04:00	9.6000	9.8343	2807
2026-09-25T10:26:00-04:00	9.5800	9.8325	2215
2026-09-25T10:27:00-04:00	9.5600	9.8321	390
2026-09-25T10:28:00-04:00	9.5623	9.8301	2231
2026-09-25T10:29:00-04:00	9.5600	9.8287	1654
2026-09-25T10:30:00-04:00	9.5300	9.8179	11880
2026-09-25T10:31:00-04:00	9.5350	9.8162	1953
2026-09-25T10:32:00-04:00	9.4600	9.7908	26593
2026-09-25T10:33:00-04:00	9.5200	9.7884	2968
2026-09-25T10:34:00-04:00	9.5250	9.7875	1237
2026-09-25T10:35:00-04:00	9.5300	9.7872	348
2026-09-25T10:36:00-04:00	9.5250	9.7836	5127
2026-09-25T10:37:00-04:00	9.5400	9.7828	1127
2026-09-25T10:38:00-04:00	9.5400	9.7819	1319
2026-09-25T10:39:00-04:00	9.5500	9.7814	840
2026-09-25T10:40:00-04:00	9.5400	9.7808	877
2026-09-25T10:41:00-04:00	9.5400	9.7802	869
2026-09-25T10:42:00-04:00	9.5200	9.7791	1587
2026-09-25T10:43:00-04:00	9.5100	9.7770	2838
2026-09-25T10:44:00-04:00	9.5100	9.7738	4541
2026-09-25T10:45:00-04:00	9.5200	9.7716	3146
2026-09-25T10:46:00-04:00	9.5290	9.7671	6928
2026-09-25T10:47:00-04:00	9.5400	9.7664	1081
2026-09-25T10:48:00-04:00	9.5200	9.7651	2217
2026-09-25T10:49:00-04:00	9.5100	9.7644	1058
2026-09-25T10:50:00-04:00	9.4900	9.7629	2233
2026-09-25T10:51:00-04:00	9.4800	9.7586	5949
2026-09-25T10:52:00-04:00	9.4400	9.7529	7374
2026-09-25T10:53:00-04:00	9.4300	9.7515	1818
2026-09-25T10:54:00-04:00	9.4298	9.7489	3264
2026-09-25T10:55:00-04:00	9.4700	9.7472	2311
2026-09-25T10:56:00-04:00	9.4800	9.7462	1555
2026-09-25T10:57:00-04:00	9.5000	9.7456	1060
2026-09-25T10:58:00-04:00	9.5000	9.7450	997
2026-09-25T10:59:00-04:00	9.5000	9.7441	1444
2026-09-25T11:00:00-04:00	9.5000	9.7432	1558
2026-09-25T11:01:00-04:00	9.5000	9.7418	2369
2026-09-25T11:02:00-04:00	9.4900	9.7409	1470
2026-09-25T11:03:00-04:00	9.5000	9.7400	1595
2026-09-25T11:04:00-04:00	9.4500	9.7378	3467
2026-09-25T11:05:00-04:00	9.4500	9.7357	3201
2026-09-25T11:06:00-04:00	9.4500	9.7318	5921
2026-09-25T11:07:00-04:00	9.4700	9.7306	1960
2026-09-25T11:08:00-04:00	9.4450	9.7291	2365
2026-09-25T11:09:00-04:00	9.4300	9.7242	7419
2026-09-25T11:10:00-04:00	9.4200	9.7215	4173
2026-09-25T11:11:00-04:00	9.4387	9.7193	3459
2026-09-25T11:12:00-04:00	9.4400	9.7170	3698
2026-09-25T11:13:00-04:00	9.4900	9.7153	3325
2026-09-25T11:14:00-04:00	9.4791	9.7126	5224
2026-09-25T11:15:00-04:00	9.4500	9.7113	2530
2026-09-25T11:16:00-04:00	9.4600	9.7095	3399
2026-09-25T11:17:00-04:00	9.4500	9.7087	1719
2026-09-25T11:18:00-04:00	9.4200	9.7056	5343
2026-09-25T11:19:00-04:00	9.4150	9.7048	1293
2026-09-25T11:20:00-04:00	9.4100	9.7033	2492
2026-09-25T11:21:00-04:00	9.4290	9.6971	11125
2026-09-25T11:22:00-04:00	9.4500	9.6961	2025
2026-09-25T11:23:00-04:00	9.4700	9.6950	2241
2026-09-25T11:25:00-04:00	9.4600	9.6924	5685
2026-09-25T11:26:00-04:00	9.4550	9.6875	10556
2026-09-25T11:27:00-04:00	9.4600	9.6872	809
2026-09-25T11:28:00-04:00	9.4600	9.6863	2025
2026-09-25T11:29:00-04:00	9.4500	9.6857	1182
2026-09-25T11:30:00-04:00	9.4600	9.6826	7643
2026-09-25T11:31:00-04:00	9.4450	9.6816	2335
2026-09-25T11:32:00-04:00	9.4700	9.6805	2710
2026-09-25T11:33:00-04:00	9.4900	9.6801	1246
2026-09-25T11:34:00-04:00	9.4850	9.6797	1203
2026-09-25T11:35:00-04:00	9.4900	9.6779	5149
2026-09-25T11:36:00-04:00	9.4900	9.6771	2426
2026-09-25T11:37:00-04:00	9.4743	9.6767	998
2026-09-25T11:38:00-04:00	9.4800	9.6762	1543
2026-09-25T11:39:00-04:00	9.4500	9.6745	4119
2026-09-25T11:40:00-04:00	9.4500	9.6736	2181
2026-09-25T11:41:00-04:00	9.4220	9.6710	6053
2026-09-25T11:42:00-04:00	9.4200	9.6694	3534
2026-09-25T11:43:00-04:00	9.4300	9.6685	2073
2026-09-25T11:44:00-04:00	9.4100	9.6680	964
2026-09-25T11:45:00-04:00	9.4100	9.6645	7782
2026-09-25T11:46:00-04:00	9.4200	9.6639	1484
2026-09-25T11:47:00-04:00	9.4500	9.6629	2538
2026-09-25T11:48:00-04:00	9.4300	9.6622	1833
2026-09-25T11:49:00-04:00	9.4300	9.6614	1803
2026-09-25T11:50:00-04:00	9.4400	9.6607	1857
2026-09-25T11:51:00-04:00	9.3900	9.6592	3456
2026-09-25T11:52:00-04:00	9.3850	9.6569	4937
2026-09-25T11:53:00-04:00	9.3850	9.6561	1793
2026-09-25T11:54:00-04:00	9.4200	9.6546	3624
2026-09-25T11:55:00-04:00	9.4400	9.6542	1302
2026-09-25T11:56:00-04:00	9.4600	9.6536	1720
2026-09-25T11:57:00-04:00	9.4700	9.6532	1168
2026-09-25T11:58:00-04:00	9.5050	9.6528	1413
2026-09-25T11:59:00-04:00	9.5268	9.6524	2032
2026-09-25T12:00:00-04:00	9.5450	9.6521	1623
2026-09-25T12:01:00-04:00	9.5200	9.6510	5078
2026-09-25T12:02:00-04:00	9.5600	9.6508	1764
2026-09-25T12:03:00-04:00	9.5100	9.6494	6788
2026-09-25T12:04:00-04:00	9.4950	9.6451	18653
2026-09-25T12:05:00-04:00	9.5100	9.6443	3903
2026-09-25T12:06:00-04:00	9.5100	9.6435	3395
2026-09-25T12:07:00-04:00	9.5150	9.6411	12611
2026-09-25T12:08:00-04:00	9.5100	9.6409	949
2026-09-25T12:09:00-04:00	9.5400	9.6405	2640
2026-09-25T12:10:00-04:00	9.5350	9.6384	15309
2026-09-25T12:11:00-04:00	9.5400	9.6382	1327
2026-09-25T12:12:00-04:00	9.5100	9.6379	1804
2026-09-25T12:13:00-04:00	9.5200	9.6352	15036
2026-09-25T12:14:00-04:00	9.5200	9.6345	4314
2026-09-25T12:15:00-04:00	9.6050	9.6338	7816
2026-09-25T12:16:00-04:00	9.6200	9.6337	4312
2026-09-25T12:17:00-04:00	9.6200	9.6337	1284
2026-09-25T12:18:00-04:00	9.6000	9.6337	1543
2026-09-25T12:19:00-04:00	9.6050	9.6335	3666
2026-09-25T12:20:00-04:00	9.5900	9.6334	1685
2026-09-25T12:21:00-04:00	9.5650	9.6330	4642
2026-09-25T12:22:00-04:00	9.5350	9.6327	1944
2026-09-25T12:23:00-04:00	9.5350	9.6322	3893
2026-09-25T12:24:00-04:00	9.5500	9.6319	3045
2026-09-25T12:25:00-04:00	9.5900	9.6318	2079
2026-09-25T12:26:00-04:00	9.5800	9.6316	3337
2026-09-25T12:27:00-04:00	9.5700	9.6315	1277
2026-09-25T12:28:00-04:00	9.5300	9.6312	2297
2026-09-25T12:29:00-04:00	9.5350	9.6311	767
2026-09-25T12:30:00-04:00	9.5350	9.6310	770
2026-09-25T12:31:00-04:00	9.5200	9.6309	860
2026-09-25T12:32:00-04:00	9.5500	9.6307	1648
2026-09-25T12:33:00-04:00	9.5300	9.6304	1890
2026-09-25T12:34:00-04:00	9.4500	9.6288	7803
2026-09-25T12:35:00-04:00	9.4850	9.6284	1734
2026-09-25T12:36:00-04:00	9.4750	9.6282	1422
2026-09-25T12:37:00-04:00	9.5050	9.6276	3245
2026-09-25T12:38:00-04:00	9.4900	9.6274	1254
2026-09-25T12:39:00-04:00	9.5100	9.6273	916
2026-09-25T12:40:00-04:00	9.5000	9.6272	727
2026-09-25T12:41:00-04:00	9.5000	9.6268	1758
2026-09-25T12:42:00-04:00	9.5050	9.6266	1352
2026-09-25T12:43:00-04:00	9.5046	9.6264	1247
2026-09-25T12:44:00-04:00	9.4900	9.6262	1610
2026-09-25T12:45:00-04:00	9.4900	9.6256	3510
2026-09-25T12:46:00-04:00	9.5200	9.6249	4422
2026-09-25T12:47:00-04:00	9.5400	9.6248	847
2026-09-25T12:48:00-04:00	9.5100	9.6245	1912
2026-09-25T12:49:00-04:00	9.4900	9.6239	3611
2026-09-25T12:50:00-04:00	9.5100	9.6239	307
2026-09-25T12:51:00-04:00	9.5000	9.6236	1742
2026-09-25T12:52:00-04:00	9.5200	9.6231	3469
2026-09-25T12:53:00-04:00	9.5450	9.6228	3001
2026-09-25T12:54:00-04:00	9.5600	9.6227	1411
2026-09-25T12:55:00-04:00	9.5500	9.6226	1272
2026-09-25T12:56:00-04:00	9.5500	9.6225	1317
2026-09-25T12:57:00-04:00	9.5400	9.6222	3028
2026-09-25T12:58:00-04:00	9.5500	9.6221	493
2026-09-25T12:59:00-04:00	9.5300	9.6218	2558
2026-09-25T13:00:00-04:00	9.5000	9.6215	2233
2026-09-25T13:01:00-04:00	9.5400	9.6209	5063
2026-09-25T13:02:00-04:00	9.5550	9.6208	1894
2026-09-25T13:03:00-04:00	9.5500	9.6207	1236
2026-09-25T13:04:00-04:00	9.5400	9.6196	11023
2026-09-25T13:05:00-04:00	9.5400	9.6194	1949
2026-09-25T13:06:00-04:00	9.5300	9.6193	1744
2026-09-25T13:07:00-04:00	9.5300	9.6188	3786
2026-09-25T13:08:00-04:00	9.5200	9.6187	1028
2026-09-25T13:09:00-04:00	9.5300	9.6183	3824
2026-09-25T13:10:00-04:00	9.5300	9.6181	2060
2026-09-25T13:11:00-04:00	9.5300	9.6180	921
2026-09-25T13:12:00-04:00	9.5300	9.6179	1003
2026-09-25T13:13:00-04:00	9.5450	9.6175	4298
2026-09-25T13:14:00-04:00	9.5450	9.6175	582
2026-09-25T13:15:00-04:00	9.5500	9.6173	2340
2026-09-25T13:16:00-04:00	9.5550	9.6173	407
2026-09-25T13:17:00-04:00	9.5550	9.6170	3056
2026-09-25T13:18:00-04:00	9.5100	9.6159	10065
2026-09-25T13:19:00-04:00	9.5100	9.6155	3319
2026-09-25T13:20:00-04:00	9.5100	9.6155	261
2026-09-25T13:21:00-04:00	9.5200	9.6152	2066
2026-09-25T13:22:00-04:00	9.5250	9.6151	1258
2026-09-25T13:23:00-04:00	9.5300	9.6150	1412
2026-09-25T13:24:00-04:00	9.5400	9.6147	2435
2026-09-25T13:25:00-04:00	9.5400	9.6144	4449
2026-09-25T13:26:00-04:00	9.5600	9.6142	3257
2026-09-25T13:27:00-04:00	9.5500	9.6141	1665
2026-09-25T13:28:00-04:00	9.5500	9.6140	747
2026-09-25T13:29:00-04:00	9.5400	9.6139	1451
2026-09-25T13:30:00-04:00	9.5300	9.6138	1292
2026-09-25T13:31:00-04:00	9.5100	9.6136	1818
2026-09-25T13:32:00-04:00	9.5300	9.6127	9606
2026-09-25T13:33:00-04:00	9.5400	9.6123	4696
2026-09-25T13:34:00-04:00	9.5350	9.6121	1820
2026-09-25T13:36:00-04:00	9.5200	9.6120	1438
2026-09-25T13:37:00-04:00	9.5500	9.6115	5854
2026-09-25T13:38:00-04:00	9.5400	9.6114	1085
2026-09-25T13:39:00-04:00	9.5600	9.6109	7630
2026-09-25T13:40:00-04:00	9.5600	9.6107	3984
2026-09-25T13:41:00-04:00	9.5500	9.6106	1164
2026-09-25T13:42:00-04:00	9.5600	9.6105	1491
2026-09-25T13:43:00-04:00	9.5800	9.6104	2944
2026-09-25T13:44:00-04:00	9.5550	9.6103	2176
2026-09-25T13:45:00-04:00	9.5600	9.6102	1540
2026-09-25T13:46:00-04:00	9.5700	9.6102	690
2026-09-25T13:47:00-04:00	9.5600	9.6101	725
2026-09-25T13:48:00-04:00	9.5650	9.6099	4192
2026-09-25T13:49:00-04:00	9.5700	9.6086	35096
2026-09-25T13:50:00-04:00	9.5500	9.6085	2227
2026-09-25T13:52:00-04:00	9.5400	9.6084	1005
2026-09-25T13:53:00-04:00	9.5300	9.6080	5340
2026-09-25T13:54:00-04:00	9.5100	9.6079	1570
2026-09-25T13:55:00-04:00	9.5150	9.6078	1546
2026-09-25T13:56:00-04:00	9.5300	9.6073	5338
2026-09-25T13:57:00-04:00	9.5300	9.6071	3236
2026-09-25T13:58:00-04:00	9.5300	9.6070	147
2026-09-25T13:59:00-04:00	9.5300	9.6069	1410
2026-09-25T14:00:00-04:00	9.5400	9.6069	1183
2026-09-25T14:01:00-04:00	9.5400	9.6068	603
2026-09-25T14:02:00-04:00	9.5100	9.6064	4761
2026-09-25T14:03:00-04:00	9.5300	9.6063	1041
2026-09-25T14:04:00-04:00	9.5120	9.6062	1221
2026-09-25T14:05:00-04:00	9.5100	9.6062	114
