timestamp_et	open	high	low	close	volume	source
2026-08-28T09:30:00-04:00	9.18	9.32	9.13	9.27	55665	yfinance_1m
2026-08-28T09:31:00-04:00	9.24	9.31	9.24	9.28	4461	yfinance_1m
2026-08-28T09:32:00-04:00	9.31	9.33	9.16	9.19	19726	yfinance_1m
2026-08-28T09:33:00-04:00	9.21	9.22	9.15	9.2	4743	yfinance_1m
2026-08-28T09:34:00-04:00	9.19	9.2	9.17	9.2	3658	yfinance_1m
2026-08-28T09:35:00-04:00	9.18	9.225	9.17	9.225	4991	yfinance_1m
2026-08-28T09:36:00-04:00	9.18	9.18	9.15	9.155	7017	yfinance_1m
2026-08-28T09:37:00-04:00	9.15	9.17	9.14	9.17	5057	yfinance_1m
2026-08-28T09:38:00-04:00	9.16	9.18	9.16	9.17	2775	yfinance_1m
2026-08-28T09:39:00-04:00	9.18	9.2	9.17	9.185	3413	yfinance_1m
2026-08-28T09:40:00-04:00	9.17	9.18	9.1644	9.165	3978	yfinance_1m
2026-08-28T09:41:00-04:00	9.16	9.185	9.16	9.185	6796	yfinance_1m
2026-08-28T09:42:00-04:00	9.18	9.18	9.07	9.09	12570	yfinance_1m
2026-08-28T09:43:00-04:00	9.1	9.1499	9.09	9.1499	3312	yfinance_1m
2026-08-28T09:44:00-04:00	9.1093	9.1239	9.1093	9.115	786	yfinance_1m
2026-08-28T09:45:00-04:00	9.13	9.1399	9.11	9.1399	9682	yfinance_1m
2026-08-28T09:46:00-04:00	9.125	9.125	9.08	9.11	7332	yfinance_1m
2026-08-28T09:47:00-04:00	9.11	9.12	9.11	9.12	760	yfinance_1m
2026-08-28T09:48:00-04:00	9.115	9.12	9.115	9.12	1331	yfinance_1m
2026-08-28T09:49:00-04:00	9.14	9.19	9.14	9.19	3103	yfinance_1m
2026-08-28T09:50:00-04:00	9.17	9.19	9.17	9.19	3150	yfinance_1m
2026-08-28T09:51:00-04:00	9.16	9.24	9.16	9.21	17206	yfinance_1m
2026-08-28T09:52:00-04:00	9.2	9.2	9.19	9.2	3090	yfinance_1m
2026-08-28T09:53:00-04:00	9.21	9.24	9.21	9.24	3369	yfinance_1m
2026-08-28T09:54:00-04:00	9.24	9.25	9.24	9.25	1359	yfinance_1m
2026-08-28T09:55:00-04:00	9.26	9.3	9.26	9.3	2455	yfinance_1m
2026-08-28T09:56:00-04:00	9.34	9.36	9.33	9.33	22165	yfinance_1m
2026-08-28T09:57:00-04:00	9.3446	9.355	9.34	9.3472	18342	yfinance_1m
2026-08-28T09:58:00-04:00	9.34	9.36	9.34	9.36	6613	yfinance_1m
2026-08-28T09:59:00-04:00	9.36	9.36	9.34	9.34	5687	yfinance_1m
2026-08-28T10:00:00-04:00	9.33	9.38	9.3259	9.375	5689	yfinance_1m
2026-08-28T10:01:00-04:00	9.37	9.37	9.25	9.25	6428	yfinance_1m
2026-08-28T10:02:00-04:00	9.25	9.255	9.24	9.245	2611	yfinance_1m
2026-08-28T10:03:00-04:00	9.2353	9.24	9.19	9.19	3035	yfinance_1m
2026-08-28T10:04:00-04:00	9.205	9.22	9.17	9.21	5820	yfinance_1m
2026-08-28T10:05:00-04:00	9.215	9.215	9.19	9.19	3198	yfinance_1m
2026-08-28T10:06:00-04:00	9.19	9.19	9.15	9.15	5807	yfinance_1m
2026-08-28T10:07:00-04:00	9.175	9.18	9.175	9.18	2457	yfinance_1m
2026-08-28T10:08:00-04:00	9.16	9.17	9.16	9.17	1816	yfinance_1m
2026-08-28T10:09:00-04:00	9.15	9.18	9.15	9.16	4342	yfinance_1m
2026-08-28T10:10:00-04:00	9.1435	9.165	9.14	9.15	1918	yfinance_1m
2026-08-28T10:11:00-04:00	9.135	9.135	9.135	9.135	725	yfinance_1m
2026-08-28T10:12:00-04:00	9.12	9.14	9.1	9.14	2385	yfinance_1m
2026-08-28T10:13:00-04:00	9.13	9.13	9.11	9.11	1520	yfinance_1m
2026-08-28T10:14:00-04:00	9.1158	9.13	9.1	9.13	2976	yfinance_1m
2026-08-28T10:15:00-04:00	9.13	9.14	9.13	9.14	1051	yfinance_1m
2026-08-28T10:16:00-04:00	9.14	9.177	9.13	9.17	4249	yfinance_1m
2026-08-28T10:17:00-04:00	9.18	9.19	9.16	9.16	9032	yfinance_1m
2026-08-28T10:18:00-04:00	9.13	9.17	9.13	9.17	3188	yfinance_1m
2026-08-28T10:19:00-04:00	9.19	9.195	9.15	9.19	1866	yfinance_1m
2026-08-28T10:20:00-04:00	9.19	9.225	9.19	9.225	3444	yfinance_1m
2026-08-28T10:22:00-04:00	9.24	9.26	9.22	9.255	4993	yfinance_1m
2026-08-28T10:23:00-04:00	9.245	9.245	9.2	9.2	4305	yfinance_1m
2026-08-28T10:24:00-04:00	9.2	9.22	9.2	9.22	1695	yfinance_1m
2026-08-28T10:25:00-04:00	9.22	9.27	9.22	9.265	12186	yfinance_1m
2026-08-28T10:26:00-04:00	9.28	9.29	9.28	9.29	1627	yfinance_1m
2026-08-28T10:27:00-04:00	9.29	9.295	9.25	9.25	3594	yfinance_1m
2026-08-28T10:28:00-04:00	9.255	9.26	9.255	9.255	2098	yfinance_1m
2026-08-28T10:29:00-04:00	9.255	9.28	9.255	9.28	1900	yfinance_1m
2026-08-28T10:30:00-04:00	9.3	9.325	9.295	9.325	5340	yfinance_1m
2026-08-28T10:31:00-04:00	9.31	9.31	9.3	9.31	1874	yfinance_1m
2026-08-28T10:32:00-04:00	9.32	9.33	9.32	9.325	3308	yfinance_1m
2026-08-28T10:33:00-04:00	9.325	9.35	9.325	9.345	2435	yfinance_1m
2026-08-28T10:34:00-04:00	9.345	9.35	9.3291	9.33	2156	yfinance_1m
2026-08-28T10:35:00-04:00	9.35	9.37	9.35	9.362	6252	yfinance_1m
2026-08-28T10:36:00-04:00	9.37	9.38	9.36	9.38	3503	yfinance_1m
2026-08-28T10:37:00-04:00	9.39	9.39	9.365	9.365	10985	yfinance_1m
2026-08-28T10:38:00-04:00	9.37	9.37	9.3438	9.3438	2560	yfinance_1m
2026-08-28T10:39:00-04:00	9.34	9.34	9.325	9.325	2948	yfinance_1m
2026-08-28T10:40:00-04:00	9.33	9.33	9.33	9.33	2081	yfinance_1m
2026-08-28T10:41:00-04:00	9.33	9.33	9.3	9.3	2805	yfinance_1m
2026-08-28T10:42:00-04:00	9.2944	9.31	9.2944	9.31	1665	yfinance_1m
2026-08-28T10:43:00-04:00	9.33	9.33	9.325	9.325	1520	yfinance_1m
2026-08-28T10:44:00-04:00	9.34	9.37	9.33	9.33	15166	yfinance_1m
2026-08-28T10:45:00-04:00	9.33	9.33	9.32	9.325	1836	yfinance_1m
2026-08-28T10:46:00-04:00	9.33	9.345	9.33	9.345	4319	yfinance_1m
2026-08-28T10:47:00-04:00	9.345	9.345	9.32	9.32	2907	yfinance_1m
2026-08-28T10:48:00-04:00	9.31	9.31	9.3004	9.3004	831	yfinance_1m
2026-08-28T10:49:00-04:00	9.31	9.325	9.31	9.325	1932	yfinance_1m
2026-08-28T10:50:00-04:00	9.33	9.34	9.33	9.34	2236	yfinance_1m
2026-08-28T10:51:00-04:00	9.34	9.35	9.33	9.34	7176	yfinance_1m
2026-08-28T10:52:00-04:00	9.335	9.3381	9.335	9.335	3875	yfinance_1m
2026-08-28T10:53:00-04:00	9.335	9.335	9.305	9.325	6913	yfinance_1m
2026-08-28T10:54:00-04:00	9.315	9.315	9.305	9.305	1475	yfinance_1m
2026-08-28T10:55:00-04:00	9.31	9.31	9.31	9.31	2222	yfinance_1m
2026-08-28T10:56:00-04:00	9.315	9.315	9.31	9.315	3410	yfinance_1m
2026-08-28T10:57:00-04:00	9.315	9.315	9.3004	9.3004	1681	yfinance_1m
2026-08-28T10:59:00-04:00	9.305	9.305	9.3	9.3	2433	yfinance_1m
2026-08-28T11:00:00-04:00	9.3	9.305	9.3	9.3	2960	yfinance_1m
2026-08-28T11:01:00-04:00	9.29	9.295	9.275	9.275	3545	yfinance_1m
2026-08-28T11:02:00-04:00	9.27	9.27	9.26	9.26	1761	yfinance_1m
2026-08-28T11:03:00-04:00	9.26	9.26	9.26	9.26	1831	yfinance_1m
2026-08-28T11:04:00-04:00	9.26	9.26	9.24	9.24	8255	yfinance_1m
2026-08-28T11:05:00-04:00	9.24	9.275	9.24	9.27	5546	yfinance_1m
2026-08-28T11:06:00-04:00	9.27	9.275	9.27	9.275	812	yfinance_1m
2026-08-28T11:07:00-04:00	9.25	9.265	9.25	9.25	2392	yfinance_1m
2026-08-28T11:08:00-04:00	9.26	9.27	9.26	9.27	4681	yfinance_1m
2026-08-28T11:09:00-04:00	9.28	9.28	9.27	9.27	3734	yfinance_1m
2026-08-28T11:10:00-04:00	9.275	9.28	9.275	9.28	1020	yfinance_1m
2026-08-28T11:11:00-04:00	9.28	9.28	9.27	9.27	2450	yfinance_1m
2026-08-28T11:12:00-04:00	9.28	9.29	9.2798	9.29	2538	yfinance_1m
2026-08-28T11:13:00-04:00	9.29	9.295	9.29	9.295	1112	yfinance_1m
2026-08-28T11:14:00-04:00	9.29	9.29	9.2506	9.2506	7928	yfinance_1m
2026-08-28T11:18:00-04:00	9.26	9.27	9.26	9.265	1664	yfinance_1m
2026-08-28T11:19:00-04:00	9.26	9.26	9.26	9.26	1422	yfinance_1m
2026-08-28T11:20:00-04:00	9.27	9.32	9.27	9.32	4654	yfinance_1m
2026-08-28T11:21:00-04:00	9.32	9.32	9.29	9.29	4142	yfinance_1m
2026-08-28T11:22:00-04:00	9.28	9.29	9.28	9.285	2276	yfinance_1m
2026-08-28T11:23:00-04:00	9.285	9.29	9.285	9.29	1036	yfinance_1m
2026-08-28T11:24:00-04:00	9.29	9.29	9.28	9.28	2709	yfinance_1m
2026-08-28T11:25:00-04:00	9.27	9.28	9.27	9.28	1194	yfinance_1m
2026-08-28T11:26:00-04:00	9.29	9.29	9.29	9.29	1391	yfinance_1m
2026-08-28T11:27:00-04:00	9.27	9.27	9.27	9.27	1457	yfinance_1m
2026-08-28T11:28:00-04:00	9.27	9.28	9.27	9.279	13680	yfinance_1m
2026-08-28T11:29:00-04:00	9.28	9.28	9.28	9.28	644	yfinance_1m
2026-08-28T11:30:00-04:00	9.28	9.28	9.27	9.27	3072	yfinance_1m
2026-08-28T11:31:00-04:00	9.27	9.29	9.255	9.28	6141	yfinance_1m
2026-08-28T11:32:00-04:00	9.26	9.26	9.26	9.26	901	yfinance_1m
2026-08-28T11:33:00-04:00	9.2742	9.275	9.27	9.27	884	yfinance_1m
2026-08-28T11:34:00-04:00	9.26	9.26	9.26	9.26	793	yfinance_1m
2026-08-28T11:35:00-04:00	9.27	9.275	9.27	9.275	4559	yfinance_1m
2026-08-28T11:36:00-04:00	9.28	9.28	9.2792	9.28	3900	yfinance_1m
2026-08-28T11:37:00-04:00	9.27	9.27	9.26	9.26	5861	yfinance_1m
2026-08-28T11:38:00-04:00	9.26	9.28	9.26	9.27	3233	yfinance_1m
2026-08-28T11:39:00-04:00	9.27	9.2758	9.27	9.2731	3012	yfinance_1m
2026-08-28T11:40:00-04:00	9.26	9.26	9.26	9.26	755	yfinance_1m
2026-08-28T11:41:00-04:00	9.25	9.25	9.24	9.24	2326	yfinance_1m
2026-08-28T11:42:00-04:00	9.25	9.25	9.24	9.24	15399	yfinance_1m
2026-08-28T11:43:00-04:00	9.23	9.24	9.2221	9.24	6326	yfinance_1m
2026-08-28T11:44:00-04:00	9.235	9.235	9.23	9.23	1288	yfinance_1m
2026-08-28T11:45:00-04:00	9.23	9.23	9.21	9.21	4655	yfinance_1m
2026-08-28T11:46:00-04:00	9.21	9.22	9.21	9.22	6746	yfinance_1m
2026-08-28T11:47:00-04:00	9.22	9.22	9.2	9.205	5482	yfinance_1m
2026-08-28T11:48:00-04:00	9.2	9.2	9.2	9.2	6035	yfinance_1m
2026-08-28T11:49:00-04:00	9.2	9.2	9.2	9.2	2060	yfinance_1m
2026-08-28T11:50:00-04:00	9.2	9.21	9.2	9.205	9204	yfinance_1m
2026-08-28T11:51:00-04:00	9.21	9.21	9.19	9.19	6258	yfinance_1m
2026-08-28T11:52:00-04:00	9.185	9.19	9.18	9.19	2401	yfinance_1m
2026-08-28T11:53:00-04:00	9.18	9.18	9.17	9.18	3611	yfinance_1m
2026-08-28T11:54:00-04:00	9.1893	9.1893	9.175	9.18	2546	yfinance_1m
2026-08-28T11:55:00-04:00	9.17	9.17	9.16	9.16	3478	yfinance_1m
2026-08-28T11:56:00-04:00	9.16	9.16	9.155	9.16	5800	yfinance_1m
2026-08-28T11:57:00-04:00	9.15	9.16	9.14	9.14	7340	yfinance_1m
2026-08-28T11:58:00-04:00	9.14	9.15	9.14	9.15	2420	yfinance_1m
2026-08-28T11:59:00-04:00	9.145	9.16	9.14	9.16	4061	yfinance_1m
2026-08-28T12:00:00-04:00	9.155	9.1632	9.155	9.1632	2738	yfinance_1m
2026-08-28T12:01:00-04:00	9.16	9.1699	9.155	9.16	3137	yfinance_1m
2026-08-28T12:02:00-04:00	9.17	9.1761	9.17	9.1761	1038	yfinance_1m
2026-08-28T12:03:00-04:00	9.175	9.195	9.175	9.195	6308	yfinance_1m
2026-08-28T12:04:00-04:00	9.19	9.19	9.17	9.1756	4140	yfinance_1m
2026-08-28T12:05:00-04:00	9.17	9.17	9.16	9.17	5541	yfinance_1m
2026-08-28T12:07:00-04:00	9.1899	9.1899	9.1899	9.1899	1887	yfinance_1m
2026-08-28T12:08:00-04:00	9.18	9.18	9.18	9.18	1322	yfinance_1m
2026-08-28T12:09:00-04:00	9.18	9.18	9.175	9.175	3940	yfinance_1m
2026-08-28T12:10:00-04:00	9.1799	9.18	9.16	9.165	5425	yfinance_1m
2026-08-28T12:11:00-04:00	9.16	9.16	9.16	9.16	1967	yfinance_1m
2026-08-28T12:12:00-04:00	9.16	9.17	9.16	9.17	1525	yfinance_1m
2026-08-28T12:13:00-04:00	9.17	9.175	9.17	9.17	1393	yfinance_1m
2026-08-28T12:14:00-04:00	9.1748	9.1751	9.16	9.16	3696	yfinance_1m
2026-08-28T12:15:00-04:00	9.16	9.16	9.15	9.15	3459	yfinance_1m
2026-08-28T12:16:00-04:00	9.15	9.15	9.15	9.15	1210	yfinance_1m
2026-08-28T12:17:00-04:00	9.14	9.14	9.14	9.14	1978	yfinance_1m
2026-08-28T12:18:00-04:00	9.1352	9.14	9.1352	9.1399	2378	yfinance_1m
2026-08-28T12:19:00-04:00	9.135	9.135	9.135	9.135	842	yfinance_1m
2026-08-28T12:20:00-04:00	9.135	9.145	9.135	9.135	4143	yfinance_1m
2026-08-28T12:21:00-04:00	9.14	9.14	9.13	9.13	1022	yfinance_1m
2026-08-28T12:22:00-04:00	9.14	9.14	9.1	9.11	12875	yfinance_1m
2026-08-28T12:23:00-04:00	9.11	9.11	9.105	9.11	1717	yfinance_1m
2026-08-28T12:24:00-04:00	9.115	9.115	9.11	9.11	2538	yfinance_1m
2026-08-28T12:25:00-04:00	9.11	9.11	9.11	9.11	271	yfinance_1m
2026-08-28T12:26:00-04:00	9.115	9.1221	9.115	9.12	3590	yfinance_1m
2026-08-28T12:27:00-04:00	9.125	9.14	9.125	9.14	3031	yfinance_1m
2026-08-28T12:28:00-04:00	9.14	9.1411	9.14	9.1411	2768	yfinance_1m
2026-08-28T12:29:00-04:00	9.1438	9.15	9.1438	9.15	1366	yfinance_1m
2026-08-28T12:30:00-04:00	9.14	9.14	9.1201	9.14	4297	yfinance_1m
2026-08-28T12:31:00-04:00	9.13	9.13	9.13	9.13	1670	yfinance_1m
2026-08-28T12:32:00-04:00	9.14	9.14	9.135	9.135	2009	yfinance_1m
2026-08-28T12:33:00-04:00	9.13	9.13	9.12	9.13	3172	yfinance_1m
2026-08-28T12:34:00-04:00	9.13	9.13	9.1	9.1	3464	yfinance_1m
2026-08-28T12:35:00-04:00	9.1	9.11	9.07	9.08	12603	yfinance_1m
2026-08-28T12:36:00-04:00	9.08	9.12	9.07	9.12	12780	yfinance_1m
2026-08-28T12:38:00-04:00	9.12	9.12	9.12	9.12	2137	yfinance_1m
2026-08-28T12:39:00-04:00	9.12	9.12	9.1	9.1	3554	yfinance_1m
2026-08-28T12:40:00-04:00	9.11	9.11	9.11	9.11	1007	yfinance_1m
2026-08-28T12:41:00-04:00	9.09	9.095	9.09	9.095	990	yfinance_1m
2026-08-28T12:42:00-04:00	9.1	9.1	9.1	9.1	1858	yfinance_1m
2026-08-28T12:43:00-04:00	9.11	9.115	9.11	9.115	1500	yfinance_1m
2026-08-28T12:44:00-04:00	9.1	9.102	9.1	9.1	3920	yfinance_1m
2026-08-28T12:46:00-04:00	9.105	9.105	9.1	9.1	1821	yfinance_1m
2026-08-28T12:47:00-04:00	9.1	9.13	9.1	9.13	5176	yfinance_1m
2026-08-28T12:48:00-04:00	9.1498	9.17	9.13	9.15	24836	yfinance_1m
2026-08-28T12:49:00-04:00	9.14	9.14	9.135	9.14	2761	yfinance_1m
2026-08-28T12:50:00-04:00	9.14	9.14	9.14	9.14	402	yfinance_1m
2026-08-28T12:51:00-04:00	9.14	9.16	9.14	9.14	1719	yfinance_1m
2026-08-28T12:52:00-04:00	9.15	9.17	9.15	9.17	3918	yfinance_1m
2026-08-28T12:53:00-04:00	9.165	9.165	9.15	9.16	1100	yfinance_1m
2026-08-28T12:54:00-04:00	9.17	9.1799	9.15	9.15	6879	yfinance_1m
2026-08-28T12:55:00-04:00	9.14	9.145	9.13	9.145	2904	yfinance_1m
2026-08-28T12:56:00-04:00	9.15	9.15	9.15	9.15	1669	yfinance_1m
2026-08-28T12:57:00-04:00	9.14	9.14	9.14	9.14	1070	yfinance_1m
2026-08-28T12:58:00-04:00	9.152	9.152	9.152	9.152	229	yfinance_1m
2026-08-28T12:59:00-04:00	9.15	9.15	9.14	9.14	3787	yfinance_1m
2026-08-28T13:00:00-04:00	9.12	9.12	9.11	9.11	1453	yfinance_1m
2026-08-28T13:01:00-04:00	9.1	9.1	9.08	9.095	1649	yfinance_1m
2026-08-28T13:02:00-04:00	9.11	9.1177	9.11	9.1177	1031	yfinance_1m
2026-08-28T13:03:00-04:00	9.115	9.115	9.115	9.115	163	yfinance_1m
2026-08-28T13:04:00-04:00	9.11	9.11	9.1	9.1	4039	yfinance_1m
2026-08-28T13:06:00-04:00	9.08	9.09	9.08	9.08	2352	yfinance_1m
2026-08-28T13:07:00-04:00	9.08	9.08	9.08	9.08	2061	yfinance_1m
2026-08-28T13:08:00-04:00	9.09	9.1	9.09	9.1	2532	yfinance_1m
2026-08-28T13:09:00-04:00	9.1	9.1	9.1	9.1	724	yfinance_1m
2026-08-28T13:10:00-04:00	9.095	9.095	9.02	9.02	35081	yfinance_1m
2026-08-28T13:11:00-04:00	9.02	9.03	9.01	9.02	32954	yfinance_1m
2026-08-28T13:12:00-04:00	9.02	9.04	9.02	9.03	7553	yfinance_1m
2026-08-28T13:13:00-04:00	9.025	9.045	9.025	9.045	1423	yfinance_1m
2026-08-28T13:14:00-04:00	9.04	9.05	9.04	9.05	1572	yfinance_1m
2026-08-28T13:15:00-04:00	9.05	9.05	9.0473	9.0473	1976	yfinance_1m
2026-08-28T13:16:00-04:00	9.04	9.04	9.02	9.02	6204	yfinance_1m
2026-08-28T13:17:00-04:00	9.0499	9.0499	9.02	9.03	2883	yfinance_1m
2026-08-28T13:18:00-04:00	9.04	9.0499	9.03	9.03	917	yfinance_1m
2026-08-28T13:19:00-04:00	9.04	9.0402	9.04	9.04	2328	yfinance_1m
2026-08-28T13:20:00-04:00	9.0402	9.055	9.04	9.05	10826	yfinance_1m
2026-08-28T13:21:00-04:00	9.06	9.06	9.02	9.02	4372	yfinance_1m
2026-08-28T13:22:00-04:00	9.0341	9.0351	9.03	9.03	2696	yfinance_1m
2026-08-28T13:23:00-04:00	9.03	9.035	9.02	9.02	6095	yfinance_1m
2026-08-28T13:24:00-04:00	9.02	9.045	9.0	9.03	78416	yfinance_1m
2026-08-28T13:25:00-04:00	9.045	9.06	9.045	9.06	2419	yfinance_1m
2026-08-28T13:27:00-04:00	9.065	9.07	9.05	9.05	1053	yfinance_1m
2026-08-28T13:28:00-04:00	9.065	9.0703	9.05	9.07	4485	yfinance_1m
2026-08-28T13:29:00-04:00	9.0746	9.0746	9.07	9.07	2494	yfinance_1m
2026-08-28T13:30:00-04:00	9.06	9.0689	9.05	9.06	2579	yfinance_1m
2026-08-28T13:31:00-04:00	9.06	9.06	9.05	9.06	1599	yfinance_1m
2026-08-28T13:32:00-04:00	9.05	9.05	9.05	9.05	1289	yfinance_1m
2026-08-28T13:33:00-04:00	9.06	9.07	9.06	9.06	3997	yfinance_1m
2026-08-28T13:34:00-04:00	9.05	9.05	9.05	9.05	1494	yfinance_1m
2026-08-28T13:35:00-04:00	9.04	9.04	9.03	9.03	6030	yfinance_1m
2026-08-28T13:36:00-04:00	9.03	9.03	9.03	9.03	1294	yfinance_1m
2026-08-28T13:37:00-04:00	9.03	9.03	9.02	9.02	4923	yfinance_1m
2026-08-28T13:38:00-04:00	9.02	9.02	9.02	9.02	1441	yfinance_1m
2026-08-28T13:40:00-04:00	9.03	9.03	9.01	9.01	831	yfinance_1m
2026-08-28T13:41:00-04:00	9.02	9.03	9.01	9.02	3017	yfinance_1m
2026-08-28T13:42:00-04:00	9.02	9.03	9.02	9.03	2917	yfinance_1m
2026-08-28T13:43:00-04:00	9.02	9.02	9.02	9.02	1557	yfinance_1m
2026-08-28T13:44:00-04:00	9.02	9.02	9.02	9.02	712	yfinance_1m
2026-08-28T13:45:00-04:00	9.025	9.025	9.025	9.025	1696	yfinance_1m
2026-08-28T13:46:00-04:00	9.03	9.04	9.03	9.04	1834	yfinance_1m
2026-08-28T13:47:00-04:00	9.045	9.045	9.04	9.04	1863	yfinance_1m
2026-08-28T13:49:00-04:00	9.04	9.05	9.04	9.05	2974	yfinance_1m
2026-08-28T13:50:00-04:00	9.05	9.05	9.0361	9.04	5081	yfinance_1m
2026-08-28T13:51:00-04:00	9.04	9.04	9.03	9.0399	455	yfinance_1m
2026-08-28T13:52:00-04:00	9.0328	9.0328	9.0328	9.0328	942	yfinance_1m
2026-08-28T13:53:00-04:00	9.04	9.04	9.04	9.04	550	yfinance_1m
2026-08-28T13:54:00-04:00	9.04	9.04	9.04	9.04	502	yfinance_1m
2026-08-28T13:55:00-04:00	9.04	9.04	9.03	9.03	4657	yfinance_1m
2026-08-28T13:56:00-04:00	9.03	9.0398	9.03	9.03	6891	yfinance_1m
2026-08-28T13:57:00-04:00	9.03	9.03	9.03	9.03	790	yfinance_1m
2026-08-28T13:58:00-04:00	9.04	9.04	9.03	9.04	3539	yfinance_1m
2026-08-28T13:59:00-04:00	9.04	9.04	9.04	9.04	2295	yfinance_1m
2026-08-28T14:00:00-04:00	9.0452	9.0452	9.045	9.045	1228	yfinance_1m
2026-08-28T14:01:00-04:00	9.04	9.045	9.04	9.04	2848	yfinance_1m
2026-08-28T14:02:00-04:00	9.03	9.03	9.02	9.02	5527	yfinance_1m
2026-08-28T14:03:00-04:00	9.025	9.0282	9.02	9.02	2898	yfinance_1m
2026-08-28T14:05:00-04:00	9.025	9.03	9.025	9.03	1908	yfinance_1m
2026-08-28T14:06:00-04:00	9.03	9.03	9.03	9.03	1007	yfinance_1m
2026-08-28T14:07:00-04:00	9.03	9.03	9.02	9.02	1575	yfinance_1m
2026-08-28T14:08:00-04:00	9.02	9.025	9.02	9.025	3029	yfinance_1m
2026-08-28T14:09:00-04:00	9.03	9.035	9.03	9.03	1790	yfinance_1m
2026-08-28T14:11:00-04:00	9.035	9.035	9.03	9.03	872	yfinance_1m
2026-08-28T14:12:00-04:00	9.035	9.035	9.035	9.035	2091	yfinance_1m
2026-08-28T14:13:00-04:00	9.0354	9.0354	9.035	9.035	2981	yfinance_1m
2026-08-28T14:14:00-04:00	9.04	9.04	9.03	9.035	4409	yfinance_1m
2026-08-28T14:15:00-04:00	9.035	9.04	9.035	9.035	1514	yfinance_1m
2026-08-28T14:16:00-04:00	9.045	9.055	9.04	9.055	5543	yfinance_1m
2026-08-28T14:17:00-04:00	9.055	9.055	9.04	9.05	5775	yfinance_1m
2026-08-28T14:18:00-04:00	9.05	9.05	9.045	9.045	3918	yfinance_1m
2026-08-28T14:19:00-04:00	9.04	9.04	9.035	9.035	2406	yfinance_1m
2026-08-28T14:20:00-04:00	9.035	9.035	9.03	9.03	2206	yfinance_1m
2026-08-28T14:21:00-04:00	9.03	9.05	9.03	9.05	2170	yfinance_1m
2026-08-28T14:22:00-04:00	9.045	9.045	9.04	9.04	521	yfinance_1m
2026-08-28T14:23:00-04:00	9.0416	9.045	9.03	9.035	14382	yfinance_1m
2026-08-28T14:24:00-04:00	9.04	9.04	9.04	9.04	2135	yfinance_1m
2026-08-28T14:25:00-04:00	9.0451	9.0451	9.0451	9.0451	916	yfinance_1m
2026-08-28T14:26:00-04:00	9.05	9.05	9.04	9.04	2073	yfinance_1m
2026-08-28T14:28:00-04:00	9.05	9.06	9.05	9.06	2354	yfinance_1m
2026-08-28T14:29:00-04:00	9.065	9.065	9.06	9.065	1836	yfinance_1m
2026-08-28T14:30:00-04:00	9.06	9.06	9.06	9.06	3429	yfinance_1m
2026-08-28T14:31:00-04:00	9.05	9.05	9.05	9.05	850	yfinance_1m
2026-08-28T14:32:00-04:00	9.05	9.05	9.04	9.04	1004	yfinance_1m
2026-08-28T14:33:00-04:00	9.045	9.045	9.045	9.045	758	yfinance_1m
2026-08-28T14:34:00-04:00	9.045	9.045	9.04	9.04	3531	yfinance_1m
2026-08-28T14:35:00-04:00	9.035	9.035	9.035	9.035	1378	yfinance_1m
2026-08-28T14:36:00-04:00	9.0345	9.04	9.03	9.0399	2783	yfinance_1m
2026-08-28T14:37:00-04:00	9.035	9.035	9.03	9.035	1457	yfinance_1m
2026-08-28T14:38:00-04:00	9.03	9.03	9.02	9.02	2794	yfinance_1m
2026-08-28T14:39:00-04:00	9.03	9.038655	9.03	9.038655	1507	yfinance_1m
2026-08-28T14:40:00-04:00	9.04	9.045	9.04	9.04	1485	yfinance_1m
2026-08-28T14:41:00-04:00	9.04	9.04	9.04	9.04	744	yfinance_1m
2026-08-28T14:42:00-04:00	9.04	9.04	9.035	9.035	980	yfinance_1m
2026-08-28T14:43:00-04:00	9.035	9.035	9.03	9.035	1408	yfinance_1m
2026-08-28T14:44:00-04:00	9.035	9.035	9.035	9.035	539	yfinance_1m
2026-08-28T14:45:00-04:00	9.035	9.035	9.025	9.025	4071	yfinance_1m
2026-08-28T14:46:00-04:00	9.025	9.025	9.025	9.025	514	yfinance_1m
2026-08-28T14:47:00-04:00	9.025	9.025	9.02	9.025	1317	yfinance_1m
2026-08-28T14:48:00-04:00	9.02	9.02	9.02	9.02	3845	yfinance_1m
2026-08-28T14:49:00-04:00	9.02	9.025	9.02	9.025	3133	yfinance_1m
2026-08-28T14:50:00-04:00	9.025	9.025	9.025	9.025	1178	yfinance_1m
2026-08-28T14:51:00-04:00	9.025	9.025	9.02	9.02	324	yfinance_1m
2026-08-28T14:52:00-04:00	9.03	9.03	9.02	9.02	1291	yfinance_1m
2026-08-28T14:53:00-04:00	9.025	9.025	9.005	9.005	21946	yfinance_1m
2026-08-28T14:54:00-04:00	9.005	9.005	9.0	9.005	1563	yfinance_1m
2026-08-28T14:55:00-04:00	9.0	9.01	8.99	8.9951	20606	yfinance_1m
2026-08-28T14:56:00-04:00	8.995	8.9952	8.995	8.995	4294	yfinance_1m
2026-08-28T14:57:00-04:00	8.995	8.995	8.995	8.995	469	yfinance_1m
2026-08-28T14:58:00-04:00	8.99	9.005	8.985	9.005	14667	yfinance_1m
2026-08-28T14:59:00-04:00	9.0	9.0	9.0	9.0	233	yfinance_1m
2026-08-28T15:00:00-04:00	9.0	9.0	8.99	8.99	4863	yfinance_1m
2026-08-28T15:01:00-04:00	8.995	8.9959	8.99	8.995	1368	yfinance_1m
2026-08-28T15:02:00-04:00	9.0	9.0	8.99	8.9954	5107	yfinance_1m
2026-08-28T15:03:00-04:00	8.995	8.9999	8.99	8.9999	1452	yfinance_1m
2026-08-28T15:04:00-04:00	8.995	8.995	8.99	8.99	7360	yfinance_1m
2026-08-28T15:05:00-04:00	8.99	9.0	8.99	9.0	6702	yfinance_1m
2026-08-28T15:06:00-04:00	9.0	9.0	9.0	9.0	783	yfinance_1m
2026-08-28T15:07:00-04:00	9.005	9.005	9.005	9.005	1503	yfinance_1m
2026-08-28T15:08:00-04:00	9.005	9.01	9.005	9.01	2113	yfinance_1m
2026-08-28T15:09:00-04:00	9.01	9.015	9.01	9.015	1983	yfinance_1m
2026-08-28T15:10:00-04:00	9.01	9.01	9.01	9.01	2299	yfinance_1m
2026-08-28T15:11:00-04:00	9.0	9.01	9.0	9.01	2131	yfinance_1m
2026-08-28T15:12:00-04:00	9.015	9.015	9.01	9.01	1325	yfinance_1m
2026-08-28T15:13:00-04:00	9.015	9.015	9.015	9.015	1031	yfinance_1m
2026-08-28T15:14:00-04:00	9.015	9.015	9.01	9.015	1506	yfinance_1m
2026-08-28T15:15:00-04:00	9.015	9.015	9.005	9.005	5889	yfinance_1m
2026-08-28T15:16:00-04:00	9.005	9.005	9.005	9.005	2302	yfinance_1m
2026-08-28T15:17:00-04:00	9.005	9.005	9.0	9.0	3369	yfinance_1m
2026-08-28T15:18:00-04:00	9.0	9.01	9.0	9.01	4432	yfinance_1m
2026-08-28T15:19:00-04:00	9.01	9.01	9.01	9.01	316	yfinance_1m
2026-08-28T15:20:00-04:00	9.01	9.0102	9.01	9.0102	1479	yfinance_1m
2026-08-28T15:21:00-04:00	9.02	9.03	9.02	9.03	2631	yfinance_1m
2026-08-28T15:22:00-04:00	9.025	9.029	9.01	9.01	12795	yfinance_1m
2026-08-28T15:23:00-04:00	9.015	9.02	9.015	9.02	3121	yfinance_1m
2026-08-28T15:24:00-04:00	9.025	9.025	9.025	9.025	1756	yfinance_1m
2026-08-28T15:25:00-04:00	9.025	9.03	9.025	9.03	2217	yfinance_1m
2026-08-28T15:26:00-04:00	9.04	9.045	9.04	9.045	2077	yfinance_1m
2026-08-28T15:27:00-04:00	9.05	9.05	9.045	9.045	2063	yfinance_1m
2026-08-28T15:28:00-04:00	9.05	9.05	9.05	9.05	1964	yfinance_1m
2026-08-28T15:29:00-04:00	9.045	9.045	9.045	9.045	1507	yfinance_1m
2026-08-28T15:30:00-04:00	9.045	9.045	9.02	9.03	15915	yfinance_1m
2026-08-28T15:31:00-04:00	9.035	9.035	9.035	9.035	1357	yfinance_1m
2026-08-28T15:32:00-04:00	9.035	9.035	9.025	9.03	6201	yfinance_1m
2026-08-28T15:33:00-04:00	9.02	9.0292	9.02	9.02	6778	yfinance_1m
2026-08-28T15:34:00-04:00	9.01	9.015	9.01	9.015	681	yfinance_1m
2026-08-28T15:35:00-04:00	9.015	9.055	9.015	9.045	12545	yfinance_1m
2026-08-28T15:36:00-04:00	9.05	9.05	9.05	9.05	1877	yfinance_1m
2026-08-28T15:37:00-04:00	9.04	9.045	9.02	9.03	6397	yfinance_1m
2026-08-28T15:38:00-04:00	9.025	9.035	9.02	9.035	5397	yfinance_1m
2026-08-28T15:39:00-04:00	9.03	9.03	9.02	9.02	3765	yfinance_1m
2026-08-28T15:40:00-04:00	9.01	9.025	9.01	9.025	5015	yfinance_1m
2026-08-28T15:41:00-04:00	9.0252	9.0252	9.025	9.025	2286	yfinance_1m
2026-08-28T15:42:00-04:00	9.025	9.025	9.025	9.025	2421	yfinance_1m
2026-08-28T15:43:00-04:00	9.025	9.045	9.025	9.045	3932	yfinance_1m
2026-08-28T15:44:00-04:00	9.045	9.05	9.035	9.035	8765	yfinance_1m
2026-08-28T15:45:00-04:00	9.03	9.03	9.02	9.025	5811	yfinance_1m
2026-08-28T15:46:00-04:00	9.02	9.02	9.015	9.02	6633	yfinance_1m
2026-08-28T15:47:00-04:00	9.02	9.0299	9.02	9.0299	8278	yfinance_1m
2026-08-28T15:48:00-04:00	9.03	9.04	9.03	9.04	6705	yfinance_1m
2026-08-28T15:49:00-04:00	9.04	9.04	9.02	9.03	16613	yfinance_1m
2026-08-28T15:50:00-04:00	9.03	9.03	9.0	9.005	23969	yfinance_1m
2026-08-28T15:51:00-04:00	9.01	9.01	8.98	8.985	22986	yfinance_1m
2026-08-28T15:52:00-04:00	8.985	9.005	8.985	9.0049	10049	yfinance_1m
2026-08-28T15:53:00-04:00	9.0	9.0	8.98	8.9851	12217	yfinance_1m
2026-08-28T15:54:00-04:00	8.98	9.01	8.98	9.001	14823	yfinance_1m
2026-08-28T15:55:00-04:00	9.0	9.01	8.98	8.98	18219	yfinance_1m
2026-08-28T15:56:00-04:00	8.98	8.995	8.98	8.985	19022	yfinance_1m
2026-08-28T15:57:00-04:00	8.985	8.99	8.98	8.985	15247	yfinance_1m
2026-08-28T15:58:00-04:00	8.985	8.985	8.95	8.965	56288	yfinance_1m
2026-08-28T15:59:00-04:00	8.965	8.99	8.95	8.96	60255	yfinance_1m
2026-08-31T09:30:00-04:00	8.95	9.03	8.945	9.03	43664	yfinance_1m
2026-08-31T09:31:00-04:00	9.01	9.12	8.9847	9.07	7105	yfinance_1m
2026-08-31T09:32:00-04:00	9.15	9.26	9.145	9.2	7490	yfinance_1m
2026-08-31T09:33:00-04:00	9.21	9.29	9.06	9.14	25215	yfinance_1m
2026-08-31T09:34:00-04:00	9.17	9.17	9.124	9.124	2407	yfinance_1m
2026-08-31T09:35:00-04:00	9.11	9.11	9.08	9.09	2156	yfinance_1m
2026-08-31T09:36:00-04:00	9.095	9.095	9.05	9.07	4659	yfinance_1m
2026-08-31T09:37:00-04:00	9.08	9.08	9.06	9.06	2402	yfinance_1m
2026-08-31T09:38:00-04:00	9.06	9.08	9.04	9.05	8956	yfinance_1m
2026-08-31T09:39:00-04:00	9.05	9.07	9.05	9.06	1244	yfinance_1m
2026-08-31T09:40:00-04:00	9.06	9.06	9.04	9.055	5508	yfinance_1m
2026-08-31T09:41:00-04:00	9.03	9.04	8.97	9.04	12470	yfinance_1m
2026-08-31T09:42:00-04:00	9.0	9.045	9.0	9.045	5253	yfinance_1m
2026-08-31T09:43:00-04:00	9.0543	9.06	9.01	9.06	3151	yfinance_1m
2026-08-31T09:44:00-04:00	9.06	9.1	9.055	9.0986	6330	yfinance_1m
2026-08-31T09:45:00-04:00	9.05	9.06	9.03	9.06	7130	yfinance_1m
2026-08-31T09:46:00-04:00	9.04	9.05	9.0	9.01	4216	yfinance_1m
2026-08-31T09:47:00-04:00	9.026	9.035	9.0	9.035	2464	yfinance_1m
2026-08-31T09:48:00-04:00	9.045	9.09	9.045	9.065	1569	yfinance_1m
2026-08-31T09:49:00-04:00	9.09	9.09	9.04	9.045	5329	yfinance_1m
2026-08-31T09:50:00-04:00	9.04	9.04	9.01	9.0182	5064	yfinance_1m
2026-08-31T09:51:00-04:00	9.0211	9.035	9.01	9.035	1999	yfinance_1m
2026-08-31T09:52:00-04:00	9.035	9.1	9.02	9.1	3492	yfinance_1m
2026-08-31T09:53:00-04:00	9.08	9.08	9.075	9.08	1362	yfinance_1m
2026-08-31T09:54:00-04:00	9.08	9.08	9.05	9.05	2659	yfinance_1m
2026-08-31T09:55:00-04:00	9.055	9.07	9.04	9.065	4290	yfinance_1m
2026-08-31T09:56:00-04:00	9.07	9.07	9.0506	9.06	2418	yfinance_1m
2026-08-31T09:57:00-04:00	9.06	9.07	9.06	9.06	1295	yfinance_1m
2026-08-31T09:58:00-04:00	9.06	9.065	9.05	9.065	9802	yfinance_1m
2026-08-31T09:59:00-04:00	9.07	9.07	9.05	9.06	1744	yfinance_1m
2026-08-31T10:00:00-04:00	9.065	9.065	9.04	9.04	2857	yfinance_1m
2026-08-31T10:01:00-04:00	9.05	9.05	9.04	9.05	2123	yfinance_1m
2026-08-31T10:02:00-04:00	9.05	9.075	9.05	9.075	2449	yfinance_1m
2026-08-31T10:03:00-04:00	9.06	9.065	9.05	9.05	5503	yfinance_1m
2026-08-31T10:04:00-04:00	9.04	9.06	9.04	9.06	4982	yfinance_1m
2026-08-31T10:05:00-04:00	9.065	9.08	9.06	9.08	18241	yfinance_1m
2026-08-31T10:06:00-04:00	9.06	9.06	9.03	9.03	4214	yfinance_1m
2026-08-31T10:07:00-04:00	9.02	9.06	9.01	9.06	9550	yfinance_1m
2026-08-31T10:08:00-04:00	9.07	9.1	9.07	9.09	1930	yfinance_1m
2026-08-31T10:09:00-04:00	9.095	9.095	9.075	9.08	4778	yfinance_1m
2026-08-31T10:10:00-04:00	9.08	9.09	9.08	9.09	3570	yfinance_1m
2026-08-31T10:11:00-04:00	9.095	9.11	9.095	9.095	3156	yfinance_1m
2026-08-31T10:12:00-04:00	9.095	9.095	9.08	9.08	1899	yfinance_1m
2026-08-31T10:13:00-04:00	9.0718	9.11	9.06	9.06	3443	yfinance_1m
2026-08-31T10:14:00-04:00	9.06	9.09	9.06	9.09	3563	yfinance_1m
2026-08-31T10:15:00-04:00	9.09	9.1	9.09	9.09	1862	yfinance_1m
2026-08-31T10:16:00-04:00	9.09	9.15	9.08	9.13	7492	yfinance_1m
2026-08-31T10:17:00-04:00	9.14	9.17	9.13	9.1698	5944	yfinance_1m
2026-08-31T10:18:00-04:00	9.17	9.22	9.17	9.21	18881	yfinance_1m
2026-08-31T10:19:00-04:00	9.21	9.21	9.16	9.16	5672	yfinance_1m
2026-08-31T10:20:00-04:00	9.16	9.16	9.07	9.07	8341	yfinance_1m
2026-08-31T10:21:00-04:00	9.05	9.11	9.05	9.1	6369	yfinance_1m
2026-08-31T10:22:00-04:00	9.09	9.1213	9.09	9.1	2121	yfinance_1m
2026-08-31T10:23:00-04:00	9.09	9.11	9.09	9.11	9174	yfinance_1m
2026-08-31T10:24:00-04:00	9.11	9.11	9.085	9.09	7828	yfinance_1m
2026-08-31T10:25:00-04:00	9.08	9.08	9.075	9.075	1176	yfinance_1m
2026-08-31T10:26:00-04:00	9.075	9.075	9.06	9.06	1719	yfinance_1m
2026-08-31T10:27:00-04:00	9.05	9.0599	9.05	9.0599	2651	yfinance_1m
2026-08-31T10:28:00-04:00	9.05	9.07	9.05	9.07	3489	yfinance_1m
2026-08-31T10:29:00-04:00	9.07	9.07	9.05	9.05	1597	yfinance_1m
2026-08-31T10:30:00-04:00	9.04	9.05	9.04	9.05	1427	yfinance_1m
2026-08-31T10:31:00-04:00	9.0441	9.07	9.0441	9.07	2375	yfinance_1m
2026-08-31T10:32:00-04:00	9.07	9.07	9.06	9.06	1714	yfinance_1m
2026-08-31T10:33:00-04:00	9.06	9.06	9.055	9.06	2161	yfinance_1m
2026-08-31T10:34:00-04:00	9.06	9.075	9.06	9.06	3554	yfinance_1m
2026-08-31T10:35:00-04:00	9.05	9.07	9.0495	9.07	5344	yfinance_1m
2026-08-31T10:36:00-04:00	9.08	9.08	9.06	9.06	2129	yfinance_1m
2026-08-31T10:37:00-04:00	9.065	9.065	9.06	9.06	977	yfinance_1m
2026-08-31T10:38:00-04:00	9.05	9.06	9.05	9.06	2741	yfinance_1m
2026-08-31T10:39:00-04:00	9.05	9.065	9.05	9.06	2691	yfinance_1m
2026-08-31T10:40:00-04:00	9.05	9.06	9.05	9.06	2100	yfinance_1m
2026-08-31T10:41:00-04:00	9.0635	9.0987	9.06	9.07	12539	yfinance_1m
2026-08-31T10:42:00-04:00	9.065	9.07	9.065	9.07	3585	yfinance_1m
2026-08-31T10:43:00-04:00	9.07	9.08	9.07	9.08	1424	yfinance_1m
2026-08-31T10:44:00-04:00	9.08	9.08	9.025	9.04	29646	yfinance_1m
2026-08-31T10:45:00-04:00	9.05	9.07	9.049	9.07	8719	yfinance_1m
2026-08-31T10:46:00-04:00	9.1	9.1	9.1	9.1	1535	yfinance_1m
2026-08-31T10:47:00-04:00	9.11	9.11	9.05	9.05	5468	yfinance_1m
2026-08-31T10:48:00-04:00	9.065	9.065	9.05	9.05	1707	yfinance_1m
2026-08-31T10:49:00-04:00	9.05	9.06	9.035	9.035	1968	yfinance_1m
2026-08-31T10:50:00-04:00	9.045	9.05	9.045	9.05	1014	yfinance_1m
2026-08-31T10:51:00-04:00	9.06	9.07	9.04	9.07	3610	yfinance_1m
2026-08-31T10:52:00-04:00	9.0716	9.0716	9.065	9.065	3039	yfinance_1m
2026-08-31T10:53:00-04:00	9.065	9.065	9.03	9.03	5899	yfinance_1m
2026-08-31T10:54:00-04:00	9.025	9.04	9.025	9.04	3997	yfinance_1m
2026-08-31T10:55:00-04:00	9.04	9.04	9.04	9.04	790	yfinance_1m
2026-08-31T10:56:00-04:00	9.04	9.06	9.04	9.06	2022	yfinance_1m
2026-08-31T10:57:00-04:00	9.05	9.05	9.0301	9.04	2214	yfinance_1m
2026-08-31T10:58:00-04:00	9.04	9.04	9.037	9.037	1744	yfinance_1m
2026-08-31T10:59:00-04:00	9.035	9.035	9.02	9.02	1737	yfinance_1m
2026-08-31T11:00:00-04:00	9.02	9.03	9.02	9.03	2859	yfinance_1m
2026-08-31T11:01:00-04:00	9.02	9.02	9.0	9.0	7750	yfinance_1m
2026-08-31T11:02:00-04:00	9.0	9.0	9.0	9.0	672	yfinance_1m
2026-08-31T11:03:00-04:00	8.99	9.0	8.97	8.99	6025	yfinance_1m
2026-08-31T11:04:00-04:00	8.98	8.98	8.98	8.98	1536	yfinance_1m
2026-08-31T11:05:00-04:00	8.979	8.98	8.979	8.98	833	yfinance_1m
2026-08-31T11:06:00-04:00	8.97	8.975	8.97	8.975	2116	yfinance_1m
2026-08-31T11:07:00-04:00	8.9824	8.9824	8.945	8.95	11145	yfinance_1m
2026-08-31T11:08:00-04:00	8.95	8.95	8.935	8.94	8517	yfinance_1m
2026-08-31T11:09:00-04:00	8.94	8.9499	8.94	8.9403	3673	yfinance_1m
2026-08-31T11:10:00-04:00	8.94	8.94	8.9396	8.9396	2173	yfinance_1m
2026-08-31T11:11:00-04:00	8.93	8.9552	8.93	8.9552	5630	yfinance_1m
2026-08-31T11:12:00-04:00	8.9552	8.9552	8.945	8.9503	5487	yfinance_1m
2026-08-31T11:13:00-04:00	8.9582	8.9582	8.955	8.955	3037	yfinance_1m
2026-08-31T11:14:00-04:00	8.95	8.95	8.95	8.95	1855	yfinance_1m
2026-08-31T11:15:00-04:00	8.95	8.96	8.95	8.95	4180	yfinance_1m
2026-08-31T11:16:00-04:00	8.95	8.955	8.94	8.94	5052	yfinance_1m
2026-08-31T11:17:00-04:00	8.94	8.94	8.9301	8.94	3215	yfinance_1m
2026-08-31T11:18:00-04:00	8.94	8.95	8.94	8.95	2737	yfinance_1m
2026-08-31T11:19:00-04:00	8.95	8.955	8.95	8.955	1650	yfinance_1m
2026-08-31T11:20:00-04:00	8.955	8.97	8.95	8.965	4002	yfinance_1m
2026-08-31T11:21:00-04:00	8.97	8.97	8.961	8.965	2488	yfinance_1m
2026-08-31T11:22:00-04:00	8.965	8.9697	8.96	8.96	4295	yfinance_1m
2026-08-31T11:23:00-04:00	8.955	8.965	8.955	8.965	3732	yfinance_1m
2026-08-31T11:24:00-04:00	8.97	8.985	8.97	8.985	1782	yfinance_1m
2026-08-31T11:25:00-04:00	8.99	8.9951	8.99	8.995	2216	yfinance_1m
2026-08-31T11:26:00-04:00	8.995	8.995	8.99	8.995	4647	yfinance_1m
2026-08-31T11:27:00-04:00	8.995	9.0054	8.995	9.0	6042	yfinance_1m
2026-08-31T11:28:00-04:00	8.995	8.995	8.985	8.985	3238	yfinance_1m
2026-08-31T11:29:00-04:00	8.985	8.985	8.975	8.975	1814	yfinance_1m
2026-08-31T11:30:00-04:00	8.97	8.97	8.97	8.97	1455	yfinance_1m
2026-08-31T11:31:00-04:00	8.97	8.97	8.96	8.96	4358	yfinance_1m
2026-08-31T11:32:00-04:00	8.95	8.9751	8.95	8.9751	5062	yfinance_1m
2026-08-31T11:33:00-04:00	8.975	8.975	8.975	8.975	515	yfinance_1m
2026-08-31T11:34:00-04:00	8.975	8.975	8.96	8.96	5160	yfinance_1m
2026-08-31T11:35:00-04:00	8.95	8.95	8.93	8.94	5501	yfinance_1m
2026-08-31T11:36:00-04:00	8.95	8.98	8.95	8.975	3656	yfinance_1m
2026-08-31T11:37:00-04:00	8.98	8.98	8.95	8.97	3670	yfinance_1m
2026-08-31T11:38:00-04:00	8.96	8.96	8.96	8.96	2613	yfinance_1m
2026-08-31T11:40:00-04:00	8.95	8.96	8.95	8.96	3473	yfinance_1m
2026-08-31T11:41:00-04:00	8.96	8.96	8.96	8.96	2353	yfinance_1m
2026-08-31T11:42:00-04:00	8.965	8.98	8.965	8.98	2774	yfinance_1m
2026-08-31T11:43:00-04:00	8.98	9.0	8.98	9.0	3174	yfinance_1m
2026-08-31T11:44:00-04:00	8.995	8.995	8.985	8.985	4839	yfinance_1m
2026-08-31T11:45:00-04:00	8.985	8.985	8.98	8.98	1155	yfinance_1m
2026-08-31T11:46:00-04:00	8.9825	9.0	8.98	8.99	1710	yfinance_1m
2026-08-31T11:47:00-04:00	9.0	9.0	8.99	8.995	1476	yfinance_1m
2026-08-31T11:48:00-04:00	8.995	8.995	8.985	8.985	3365	yfinance_1m
2026-08-31T11:49:00-04:00	8.985	8.99	8.985	8.985	2585	yfinance_1m
2026-08-31T11:50:00-04:00	8.985	9.0	8.98	8.98	8818	yfinance_1m
2026-08-31T11:51:00-04:00	8.99	8.99	8.99	8.99	655	yfinance_1m
2026-08-31T11:52:00-04:00	9.0	9.0086	9.0	9.005	6903	yfinance_1m
2026-08-31T11:53:00-04:00	9.0	9.015	9.0	9.015	2927	yfinance_1m
2026-08-31T11:54:00-04:00	9.01	9.01	9.01	9.01	2534	yfinance_1m
2026-08-31T11:55:00-04:00	9.005	9.005	9.0	9.0	3141	yfinance_1m
2026-08-31T11:56:00-04:00	9.005	9.015	9.005	9.005	6305	yfinance_1m
2026-08-31T11:57:00-04:00	9.0	9.0	9.0	9.0	2404	yfinance_1m
2026-08-31T11:58:00-04:00	8.99	8.99	8.99	8.99	356	yfinance_1m
2026-08-31T11:59:00-04:00	8.99	8.995	8.99	8.99	1838	yfinance_1m
2026-08-31T12:00:00-04:00	8.99	9.03	8.99	9.03	10062	yfinance_1m
2026-08-31T12:01:00-04:00	9.035	9.035	9.01	9.01	3983	yfinance_1m
2026-08-31T12:02:00-04:00	9.01	9.03	9.01	9.03	6086	yfinance_1m
2026-08-31T12:03:00-04:00	9.035	9.035	9.03	9.03	3471	yfinance_1m
2026-08-31T12:04:00-04:00	9.03	9.035	9.03	9.035	2030	yfinance_1m
2026-08-31T12:05:00-04:00	9.04	9.04	9.03	9.03	4525	yfinance_1m
2026-08-31T12:06:00-04:00	9.025	9.025	9.025	9.025	111	yfinance_1m
2026-08-31T12:07:00-04:00	9.02	9.025	9.015	9.015	2910	yfinance_1m
2026-08-31T12:08:00-04:00	9.01	9.01	9.005	9.01	2757	yfinance_1m
2026-08-31T12:09:00-04:00	9.01	9.01	9.0	9.0	1770	yfinance_1m
2026-08-31T12:10:00-04:00	9.005	9.02	9.005	9.02	3650	yfinance_1m
2026-08-31T12:11:00-04:00	9.0225	9.025	9.02	9.0214	3464	yfinance_1m
2026-08-31T12:12:00-04:00	9.03	9.04	9.03	9.04	976	yfinance_1m
2026-08-31T12:13:00-04:00	9.04	9.04	9.03	9.03	2743	yfinance_1m
2026-08-31T12:14:00-04:00	9.03	9.03	9.03	9.03	761	yfinance_1m
2026-08-31T12:15:00-04:00	9.04	9.04	9.0259	9.03	2681	yfinance_1m
2026-08-31T12:16:00-04:00	9.035	9.035	9.035	9.035	585	yfinance_1m
2026-08-31T12:17:00-04:00	9.0314	9.035	9.02	9.02	2749	yfinance_1m
2026-08-31T12:18:00-04:00	9.02	9.02	9.02	9.02	2037	yfinance_1m
2026-08-31T12:19:00-04:00	9.025	9.025	9.02	9.02	1400	yfinance_1m
2026-08-31T12:20:00-04:00	9.02	9.025	9.02	9.025	434	yfinance_1m
2026-08-31T12:21:00-04:00	9.025	9.03	9.025	9.03	4951	yfinance_1m
2026-08-31T12:22:00-04:00	9.035	9.035	9.015	9.015	4666	yfinance_1m
2026-08-31T12:23:00-04:00	9.01	9.02	9.01	9.02	4594	yfinance_1m
2026-08-31T12:24:00-04:00	9.025	9.025	9.025	9.025	1291	yfinance_1m
2026-08-31T12:25:00-04:00	9.03	9.045	9.03	9.045	3358	yfinance_1m
2026-08-31T12:26:00-04:00	9.047	9.047	9.04	9.045	1405	yfinance_1m
2026-08-31T12:27:00-04:00	9.04	9.04	9.03	9.03	2695	yfinance_1m
2026-08-31T12:28:00-04:00	9.035	9.04	9.035	9.04	2831	yfinance_1m
2026-08-31T12:29:00-04:00	9.04	9.0562	9.04	9.0562	3643	yfinance_1m
2026-08-31T12:30:00-04:00	9.05	9.05	9.04	9.04	3873	yfinance_1m
2026-08-31T12:31:00-04:00	9.04	9.04	9.04	9.04	977	yfinance_1m
2026-08-31T12:32:00-04:00	9.04	9.04	9.03	9.035	1972	yfinance_1m
2026-08-31T12:33:00-04:00	9.03	9.035	9.03	9.035	1280	yfinance_1m
2026-08-31T12:34:00-04:00	9.035	9.035	9.02	9.02	4411	yfinance_1m
2026-08-31T12:35:00-04:00	9.01	9.01	9.01	9.01	794	yfinance_1m
2026-08-31T12:36:00-04:00	9.02	9.025	9.02	9.025	3077	yfinance_1m
2026-08-31T12:37:00-04:00	9.025	9.025	9.02	9.02	1737	yfinance_1m
2026-08-31T12:38:00-04:00	9.015	9.015	9.015	9.015	1058	yfinance_1m
2026-08-31T12:40:00-04:00	9.01	9.015	9.01	9.015	1495	yfinance_1m
2026-08-31T12:41:00-04:00	9.02	9.03	9.02	9.03	2919	yfinance_1m
2026-08-31T12:42:00-04:00	9.035	9.035	9.03	9.03	3766	yfinance_1m
2026-08-31T12:43:00-04:00	9.03	9.04	9.03	9.04	2564	yfinance_1m
2026-08-31T12:44:00-04:00	9.045	9.09	9.04	9.075	18943	yfinance_1m
2026-08-31T12:45:00-04:00	9.075	9.11	9.07	9.11	11501	yfinance_1m
2026-08-31T12:46:00-04:00	9.11	9.11	9.1	9.1	1819	yfinance_1m
2026-08-31T12:47:00-04:00	9.1	9.11	9.1	9.11	853	yfinance_1m
2026-08-31T12:48:00-04:00	9.1	9.1	9.09	9.09	2059	yfinance_1m
2026-08-31T12:49:00-04:00	9.1	9.14	9.1	9.135	14486	yfinance_1m
2026-08-31T12:50:00-04:00	9.135	9.135	9.135	9.135	982	yfinance_1m
2026-08-31T12:51:00-04:00	9.135	9.145	9.13	9.145	2386	yfinance_1m
2026-08-31T12:52:00-04:00	9.145	9.15	9.14	9.14	1191	yfinance_1m
2026-08-31T12:53:00-04:00	9.145	9.145	9.1401	9.1401	2018	yfinance_1m
2026-08-31T12:54:00-04:00	9.145	9.145	9.145	9.145	1356	yfinance_1m
2026-08-31T12:55:00-04:00	9.145	9.145	9.105	9.105	10005	yfinance_1m
2026-08-31T12:56:00-04:00	9.105	9.105	9.1	9.1	10906	yfinance_1m
2026-08-31T12:57:00-04:00	9.105	9.105	9.1	9.1	546	yfinance_1m
2026-08-31T12:58:00-04:00	9.105	9.11	9.085	9.1	19896	yfinance_1m
2026-08-31T12:59:00-04:00	9.11	9.11	9.1099	9.1099	441	yfinance_1m
2026-08-31T13:00:00-04:00	9.1	9.1	9.1	9.1	1454	yfinance_1m
2026-08-31T13:01:00-04:00	9.09	9.09	9.09	9.09	973	yfinance_1m
2026-08-31T13:02:00-04:00	9.09	9.09	9.08	9.08	1260	yfinance_1m
2026-08-31T13:03:00-04:00	9.09	9.09	9.09	9.09	436	yfinance_1m
2026-08-31T13:04:00-04:00	9.08	9.08	9.074	9.075	2902	yfinance_1m
2026-08-31T13:05:00-04:00	9.075	9.075	9.05	9.05	3763	yfinance_1m
2026-08-31T13:06:00-04:00	9.04	9.04	9.03	9.03	3511	yfinance_1m
2026-08-31T13:07:00-04:00	9.04	9.05	9.04	9.05	2457	yfinance_1m
2026-08-31T13:08:00-04:00	9.05	9.065	9.05	9.065	1102	yfinance_1m
2026-08-31T13:09:00-04:00	9.065	9.065	9.065	9.065	632	yfinance_1m
2026-08-31T13:10:00-04:00	9.06	9.06	9.0551	9.06	1607	yfinance_1m
2026-08-31T13:11:00-04:00	9.07	9.07	9.065	9.065	433	yfinance_1m
2026-08-31T13:12:00-04:00	9.065	9.065	9.065	9.065	1256	yfinance_1m
2026-08-31T13:13:00-04:00	9.065	9.075	9.065	9.075	2907	yfinance_1m
2026-08-31T13:14:00-04:00	9.07	9.07	9.07	9.07	2740	yfinance_1m
2026-08-31T13:15:00-04:00	9.06	9.06	9.06	9.06	2382	yfinance_1m
2026-08-31T13:17:00-04:00	9.06	9.06	9.06	9.06	2187	yfinance_1m
2026-08-31T13:18:00-04:00	9.06	9.06	9.045	9.045	2651	yfinance_1m
2026-08-31T13:19:00-04:00	9.04	9.04	9.04	9.04	1476	yfinance_1m
2026-08-31T13:20:00-04:00	9.03	9.03	9.02	9.02	461	yfinance_1m
2026-08-31T13:21:00-04:00	9.02	9.03	9.02	9.03	1935	yfinance_1m
2026-08-31T13:22:00-04:00	9.02	9.02	9.02	9.02	587	yfinance_1m
2026-08-31T13:23:00-04:00	9.015	9.02	9.015	9.02	1996	yfinance_1m
2026-08-31T13:24:00-04:00	9.02	9.025	9.0186	9.0186	4866	yfinance_1m
2026-08-31T13:25:00-04:00	9.015	9.02	9.01	9.01	2191	yfinance_1m
2026-08-31T13:26:00-04:00	9.01	9.01	9.01	9.01	1818	yfinance_1m
2026-08-31T13:27:00-04:00	9.015	9.015	9.015	9.015	366	yfinance_1m
2026-08-31T13:28:00-04:00	9.02	9.02	9.02	9.02	1839	yfinance_1m
2026-08-31T13:29:00-04:00	9.02	9.02	8.98	8.98	8439	yfinance_1m
2026-08-31T13:30:00-04:00	8.975	8.985	8.97	8.985	7926	yfinance_1m
2026-08-31T13:32:00-04:00	8.985	9.005	8.985	9.005	3345	yfinance_1m
2026-08-31T13:33:00-04:00	9.005	9.005	9.005	9.005	642	yfinance_1m
2026-08-31T13:34:00-04:00	9.005	9.005	9.0	9.0	2777	yfinance_1m
2026-08-31T13:35:00-04:00	9.01	9.02	9.01	9.015	1547	yfinance_1m
2026-08-31T13:36:00-04:00	9.015	9.015	9.0	9.0	2577	yfinance_1m
2026-08-31T13:37:00-04:00	9.005	9.005	9.005	9.005	674	yfinance_1m
2026-08-31T13:39:00-04:00	9.005	9.005	8.995	8.995	2497	yfinance_1m
2026-08-31T13:40:00-04:00	8.995	9.0	8.995	9.0	2039	yfinance_1m
2026-08-31T13:41:00-04:00	9.01	9.01	9.01	9.01	1083	yfinance_1m
2026-08-31T13:42:00-04:00	9.005	9.005	9.0	9.0	681	yfinance_1m
2026-08-31T13:43:00-04:00	9.005	9.01	9.005	9.01	1231	yfinance_1m
2026-08-31T13:44:00-04:00	9.01	9.015	9.0099	9.015	2639	yfinance_1m
2026-08-31T13:45:00-04:00	9.015	9.02	9.01	9.015	1503	yfinance_1m
2026-08-31T13:46:00-04:00	9.0199	9.05	9.0199	9.045	3971	yfinance_1m
2026-08-31T13:47:00-04:00	9.05	9.05	9.04	9.04	2219	yfinance_1m
2026-08-31T13:48:00-04:00	9.035	9.04	9.035	9.04	987	yfinance_1m
2026-08-31T13:49:00-04:00	9.04	9.045	9.04	9.045	949	yfinance_1m
2026-08-31T13:50:00-04:00	9.0499	9.065	9.0499	9.065	2593	yfinance_1m
2026-08-31T13:51:00-04:00	9.065	9.08	9.065	9.07	3084	yfinance_1m
2026-08-31T13:52:00-04:00	9.065	9.0682	9.065	9.0682	767	yfinance_1m
2026-08-31T13:53:00-04:00	9.065	9.065	9.06	9.06	3637	yfinance_1m
2026-08-31T13:54:00-04:00	9.07	9.07	9.07	9.07	219	yfinance_1m
2026-08-31T13:55:00-04:00	9.06	9.06	9.06	9.06	1689	yfinance_1m
2026-08-31T13:56:00-04:00	9.05	9.065	9.05	9.065	478	yfinance_1m
2026-08-31T13:57:00-04:00	9.065	9.0655	9.06	9.06	1808	yfinance_1m
2026-08-31T13:58:00-04:00	9.06	9.0759	9.055	9.075	4406	yfinance_1m
2026-08-31T13:59:00-04:00	9.08	9.08	9.059	9.07	6787	yfinance_1m
2026-08-31T14:00:00-04:00	9.075	9.075	9.07	9.075	1578	yfinance_1m
2026-08-31T14:01:00-04:00	9.075	9.075	9.075	9.075	1094	yfinance_1m
2026-08-31T14:02:00-04:00	9.065	9.075	9.065	9.075	6363	yfinance_1m
2026-08-31T14:03:00-04:00	9.08	9.08	9.0742	9.08	1302	yfinance_1m
2026-08-31T14:04:00-04:00	9.08	9.08	9.08	9.08	3136	yfinance_1m
2026-08-31T14:06:00-04:00	9.06	9.07	9.06	9.07	3808	yfinance_1m
2026-08-31T14:07:00-04:00	9.08	9.095	9.08	9.095	3279	yfinance_1m
2026-08-31T14:08:00-04:00	9.095	9.095	9.09	9.09	2061	yfinance_1m
2026-08-31T14:09:00-04:00	9.08	9.09	9.07	9.08	9957	yfinance_1m
2026-08-31T14:10:00-04:00	9.08	9.08	9.08	9.08	921	yfinance_1m
2026-08-31T14:11:00-04:00	9.07	9.09	9.07	9.08	1701	yfinance_1m
2026-08-31T14:12:00-04:00	9.08	9.0819	9.08	9.0819	969	yfinance_1m
2026-08-31T14:13:00-04:00	9.07	9.075	9.07	9.075	2115	yfinance_1m
2026-08-31T14:14:00-04:00	9.075	9.08	9.075	9.08	4196	yfinance_1m
2026-08-31T14:15:00-04:00	9.085	9.085	9.085	9.085	818	yfinance_1m
2026-08-31T14:16:00-04:00	9.085	9.095	9.08	9.085	10691	yfinance_1m
2026-08-31T14:17:00-04:00	9.08	9.08	9.08	9.08	1247	yfinance_1m
2026-08-31T14:18:00-04:00	9.07	9.07	9.07	9.07	772	yfinance_1m
2026-08-31T14:19:00-04:00	9.06	9.06	9.06	9.06	3114	yfinance_1m
2026-08-31T14:20:00-04:00	9.06	9.06	9.06	9.06	741	yfinance_1m
2026-08-31T14:21:00-04:00	9.06	9.06	9.06	9.06	649	yfinance_1m
2026-08-31T14:22:00-04:00	9.06	9.06	9.045	9.045	3081	yfinance_1m
2026-08-31T14:23:00-04:00	9.04	9.04	9.04	9.04	1009	yfinance_1m
2026-08-31T14:24:00-04:00	9.03	9.03	9.02	9.02	2025	yfinance_1m
2026-08-31T14:25:00-04:00	9.03	9.03	9.03	9.03	620	yfinance_1m
2026-08-31T14:26:00-04:00	9.02	9.03	9.02	9.03	345	yfinance_1m
2026-08-31T14:27:00-04:00	9.03	9.04	9.02	9.04	6123	yfinance_1m
2026-08-31T14:28:00-04:00	9.045	9.05	9.04	9.05	1173	yfinance_1m
2026-08-31T14:29:00-04:00	9.05	9.09	9.05	9.09	7434	yfinance_1m
2026-08-31T14:30:00-04:00	9.09	9.1	9.09	9.1	1017	yfinance_1m
2026-08-31T14:31:00-04:00	9.095	9.095	9.095	9.095	882	yfinance_1m
2026-08-31T14:32:00-04:00	9.095	9.095	9.09	9.09	1081	yfinance_1m
2026-08-31T14:33:00-04:00	9.095	9.0999	9.085	9.0999	2120	yfinance_1m
2026-08-31T14:34:00-04:00	9.09	9.1	9.085	9.09	6471	yfinance_1m
2026-08-31T14:35:00-04:00	9.09	9.095	9.09	9.095	1677	yfinance_1m
2026-08-31T14:36:00-04:00	9.09	9.0909	9.08	9.0909	1721	yfinance_1m
2026-08-31T14:37:00-04:00	9.09	9.14	9.09	9.12	20620	yfinance_1m
2026-08-31T14:38:00-04:00	9.11	9.115	9.11	9.11	2214	yfinance_1m
2026-08-31T14:39:00-04:00	9.11	9.135	9.11	9.13	4957	yfinance_1m
2026-08-31T14:40:00-04:00	9.13	9.135	9.13	9.135	1423	yfinance_1m
2026-08-31T14:41:00-04:00	9.14	9.14	9.115	9.12	10723	yfinance_1m
2026-08-31T14:42:00-04:00	9.1	9.11	9.1	9.11	666	yfinance_1m
2026-08-31T14:43:00-04:00	9.1	9.1	9.1	9.1	2207	yfinance_1m
2026-08-31T14:44:00-04:00	9.1	9.1	9.0908	9.1	2796	yfinance_1m
2026-08-31T14:45:00-04:00	9.1	9.1	9.09	9.09	1417	yfinance_1m
2026-08-31T14:46:00-04:00	9.09	9.09	9.085	9.085	1795	yfinance_1m
2026-08-31T14:47:00-04:00	9.085	9.085	9.07	9.07	4746	yfinance_1m
2026-08-31T14:48:00-04:00	9.075	9.075	9.06	9.06	5622	yfinance_1m
2026-08-31T14:49:00-04:00	9.05	9.05	9.05	9.05	1990	yfinance_1m
2026-08-31T14:50:00-04:00	9.0599	9.06	9.055	9.055	3418	yfinance_1m
2026-08-31T14:51:00-04:00	9.06	9.065	9.06	9.065	4738	yfinance_1m
2026-08-31T14:52:00-04:00	9.07	9.07	9.06	9.06	2238	yfinance_1m
2026-08-31T14:53:00-04:00	9.05	9.05	9.045	9.05	6336	yfinance_1m
2026-08-31T14:54:00-04:00	9.04	9.045	9.04	9.0401	7641	yfinance_1m
2026-08-31T14:55:00-04:00	9.04	9.04	9.04	9.04	1512	yfinance_1m
2026-08-31T14:56:00-04:00	9.04	9.05	9.03	9.04	2647	yfinance_1m
2026-08-31T14:57:00-04:00	9.05	9.06	9.05	9.06	2329	yfinance_1m
2026-08-31T14:58:00-04:00	9.0506	9.06	9.04	9.04	5080	yfinance_1m
2026-08-31T14:59:00-04:00	9.04	9.04	9.03	9.03	3813	yfinance_1m
2026-08-31T15:00:00-04:00	9.03	9.03	9.02	9.0297	2939	yfinance_1m
2026-08-31T15:01:00-04:00	9.035	9.04	9.035	9.04	5376	yfinance_1m
2026-08-31T15:02:00-04:00	9.04	9.04	9.025	9.03	4502	yfinance_1m
2026-08-31T15:03:00-04:00	9.03	9.03	9.03	9.03	3793	yfinance_1m
2026-08-31T15:05:00-04:00	9.03	9.03	9.03	9.03	1251	yfinance_1m
2026-08-31T15:06:00-04:00	9.03	9.03	9.03	9.03	3723	yfinance_1m
2026-08-31T15:08:00-04:00	9.04	9.04	9.04	9.04	7628	yfinance_1m
2026-08-31T15:09:00-04:00	9.04	9.04	9.04	9.04	515	yfinance_1m
2026-08-31T15:10:00-04:00	9.0399	9.0399	9.035	9.035	2925	yfinance_1m
2026-08-31T15:11:00-04:00	9.03	9.0399	9.03	9.0399	983	yfinance_1m
2026-08-31T15:12:00-04:00	9.035	9.035	9.025	9.03	2948	yfinance_1m
2026-08-31T15:13:00-04:00	9.03	9.03	9.03	9.03	722	yfinance_1m
2026-08-31T15:14:00-04:00	9.04	9.05	9.04	9.04	3074	yfinance_1m
2026-08-31T15:15:00-04:00	9.04	9.04	9.04	9.04	1136	yfinance_1m
2026-08-31T15:16:00-04:00	9.03	9.0441	9.03	9.0441	10228	yfinance_1m
2026-08-31T15:17:00-04:00	9.045	9.045	9.04	9.045	2099	yfinance_1m
2026-08-31T15:18:00-04:00	9.05	9.055	9.045	9.0459	5282	yfinance_1m
2026-08-31T15:19:00-04:00	9.045	9.045	9.04	9.045	620	yfinance_1m
2026-08-31T15:20:00-04:00	9.05	9.06	9.045	9.06	5178	yfinance_1m
2026-08-31T15:21:00-04:00	9.06	9.09	9.06	9.06	10818	yfinance_1m
2026-08-31T15:22:00-04:00	9.055	9.055	9.055	9.055	2212	yfinance_1m
2026-08-31T15:23:00-04:00	9.06	9.065	9.06	9.065	3617	yfinance_1m
2026-08-31T15:24:00-04:00	9.065	9.065	9.065	9.065	1961	yfinance_1m
2026-08-31T15:25:00-04:00	9.065	9.065	9.06	9.065	4072	yfinance_1m
2026-08-31T15:26:00-04:00	9.06	9.06	9.055	9.055	3809	yfinance_1m
2026-08-31T15:27:00-04:00	9.06	9.075	9.054	9.055	11741	yfinance_1m
2026-08-31T15:29:00-04:00	9.05	9.055	9.04	9.055	4191	yfinance_1m
2026-08-31T15:30:00-04:00	9.055	9.065	9.055	9.065	7352	yfinance_1m
2026-08-31T15:31:00-04:00	9.07	9.07	9.06	9.06	2881	yfinance_1m
2026-08-31T15:32:00-04:00	9.07	9.08	9.07	9.075	6396	yfinance_1m
2026-08-31T15:33:00-04:00	9.07	9.09	9.07	9.09	10826	yfinance_1m
2026-08-31T15:34:00-04:00	9.085	9.09	9.085	9.09	2767	yfinance_1m
2026-08-31T15:35:00-04:00	9.085	9.095	9.08	9.095	7667	yfinance_1m
2026-08-31T15:36:00-04:00	9.1	9.11	9.095	9.095	6559	yfinance_1m
2026-08-31T15:37:00-04:00	9.095	9.095	9.095	9.095	539	yfinance_1m
2026-08-31T15:38:00-04:00	9.09	9.095	9.085	9.085	3935	yfinance_1m
2026-08-31T15:39:00-04:00	9.08	9.08	9.07	9.07	7657	yfinance_1m
2026-08-31T15:40:00-04:00	9.0602	9.085	9.06	9.07	14931	yfinance_1m
2026-08-31T15:41:00-04:00	9.07	9.07	9.07	9.07	632	yfinance_1m
2026-08-31T15:42:00-04:00	9.07	9.075	9.065	9.065	3839	yfinance_1m
2026-08-31T15:43:00-04:00	9.064	9.085	9.05	9.055	17996	yfinance_1m
2026-08-31T15:44:00-04:00	9.06	9.06	9.055	9.055	3342	yfinance_1m
2026-08-31T15:45:00-04:00	9.05	9.05	9.02	9.035	8457	yfinance_1m
2026-08-31T15:46:00-04:00	9.035	9.04	9.035	9.035	4316	yfinance_1m
2026-08-31T15:47:00-04:00	9.035	9.035	9.025	9.03	7978	yfinance_1m
2026-08-31T15:48:00-04:00	9.035	9.035	9.025	9.025	5086	yfinance_1m
2026-08-31T15:49:00-04:00	9.025	9.05	9.025	9.045	9428	yfinance_1m
2026-08-31T15:50:00-04:00	9.04	9.085	9.04	9.07	17572	yfinance_1m
2026-08-31T15:51:00-04:00	9.07	9.075	9.03	9.055	18056	yfinance_1m
2026-08-31T15:52:00-04:00	9.055	9.065	9.05	9.065	10995	yfinance_1m
2026-08-31T15:53:00-04:00	9.065	9.09	9.06	9.09	12333	yfinance_1m
2026-08-31T15:54:00-04:00	9.09	9.1	9.09	9.1	12697	yfinance_1m
2026-08-31T15:55:00-04:00	9.1	9.11	9.095	9.105	17853	yfinance_1m
2026-08-31T15:56:00-04:00	9.105	9.108	9.075	9.108	33050	yfinance_1m
2026-08-31T15:57:00-04:00	9.105	9.135	9.1	9.125	45320	yfinance_1m
2026-08-31T15:58:00-04:00	9.125	9.13	9.08	9.085	36335	yfinance_1m
2026-08-31T15:59:00-04:00	9.08	9.1	9.07	9.08	69840	yfinance_1m
2026-09-01T09:30:00-04:00	8.85	8.87	8.71	8.86	88645	yfinance_1m
2026-09-01T09:31:00-04:00	8.89	8.94	8.874	8.89	3751	yfinance_1m
2026-09-01T09:32:00-04:00	8.93	8.955	8.93	8.955	6233	yfinance_1m
2026-09-01T09:33:00-04:00	8.955	8.955	8.86	8.8701	10865	yfinance_1m
2026-09-01T09:34:00-04:00	8.87	8.95	8.87	8.93	11989	yfinance_1m
2026-09-01T09:35:00-04:00	8.91	8.91	8.89	8.89	3045	yfinance_1m
2026-09-01T09:36:00-04:00	8.87	8.87	8.7536	8.8	9929	yfinance_1m
2026-09-01T09:37:00-04:00	8.77	8.79	8.76	8.7603	5637	yfinance_1m
2026-09-01T09:38:00-04:00	8.75	8.76	8.665	8.68	25719	yfinance_1m
2026-09-01T09:39:00-04:00	8.715	8.73	8.715	8.73	1723	yfinance_1m
2026-09-01T09:40:00-04:00	8.72	8.7364	8.66	8.6668	12047	yfinance_1m
2026-09-01T09:41:00-04:00	8.6785	8.6785	8.61	8.6232	14894	yfinance_1m
2026-09-01T09:42:00-04:00	8.6152	8.69	8.615	8.675	29314	yfinance_1m
2026-09-01T09:43:00-04:00	8.69	8.7	8.685	8.7	1969	yfinance_1m
2026-09-01T09:44:00-04:00	8.7	8.705	8.68	8.685	9228	yfinance_1m
2026-09-01T09:45:00-04:00	8.71	8.71	8.71	8.71	1998	yfinance_1m
2026-09-01T09:46:00-04:00	8.71	8.7199	8.67	8.685	6994	yfinance_1m
2026-09-01T09:47:00-04:00	8.69	8.73	8.69	8.715	2522	yfinance_1m
2026-09-01T09:48:00-04:00	8.7365	8.7365	8.72	8.72	1622	yfinance_1m
2026-09-01T09:49:00-04:00	8.73	8.73	8.7002	8.715	9014	yfinance_1m
2026-09-01T09:50:00-04:00	8.7002	8.73	8.7	8.7	3483	yfinance_1m
2026-09-01T09:51:00-04:00	8.7	8.7116	8.69	8.71	4070	yfinance_1m
2026-09-01T09:52:00-04:00	8.715	8.715	8.71	8.71	1093	yfinance_1m
2026-09-01T09:53:00-04:00	8.71	8.7192	8.7	8.7192	3085	yfinance_1m
2026-09-01T09:54:00-04:00	8.71	8.715	8.67	8.695	18874	yfinance_1m
2026-09-01T09:55:00-04:00	8.7	8.73	8.6836	8.73	1803	yfinance_1m
2026-09-01T09:56:00-04:00	8.73	8.765	8.73	8.765	1963	yfinance_1m
2026-09-01T09:57:00-04:00	8.765	8.765	8.75	8.765	3498	yfinance_1m
2026-09-01T09:58:00-04:00	8.75	8.76	8.75	8.76	4424	yfinance_1m
2026-09-01T09:59:00-04:00	8.75	8.75	8.74	8.74	7210	yfinance_1m
2026-09-01T10:00:00-04:00	8.75	8.75	8.6801	8.6801	5845	yfinance_1m
2026-09-01T10:01:00-04:00	8.69	8.715	8.69	8.715	744	yfinance_1m
2026-09-01T10:02:00-04:00	8.735	8.735	8.72	8.72	2924	yfinance_1m
2026-09-01T10:03:00-04:00	8.715	8.76	8.715	8.76	3275	yfinance_1m
2026-09-01T10:04:00-04:00	8.78	8.78	8.76	8.76	4202	yfinance_1m
2026-09-01T10:05:00-04:00	8.76	8.76	8.71	8.71	6179	yfinance_1m
2026-09-01T10:06:00-04:00	8.71	8.74	8.71	8.74	1207	yfinance_1m
2026-09-01T10:07:00-04:00	8.74	8.76	8.73	8.76	1948	yfinance_1m
2026-09-01T10:08:00-04:00	8.76	8.76	8.73	8.73	4063	yfinance_1m
2026-09-01T10:09:00-04:00	8.72	8.72	8.69	8.72	6171	yfinance_1m
2026-09-01T10:10:00-04:00	8.725	8.74	8.71	8.73	10082	yfinance_1m
2026-09-01T10:11:00-04:00	8.74	8.74	8.665	8.67	9742	yfinance_1m
2026-09-01T10:12:00-04:00	8.675	8.69	8.675	8.69	5001	yfinance_1m
2026-09-01T10:13:00-04:00	8.68	8.6999	8.66	8.6999	8033	yfinance_1m
2026-09-01T10:14:00-04:00	8.7	8.73	8.69	8.695	43692	yfinance_1m
2026-09-01T10:15:00-04:00	8.7	8.76	8.7	8.76	7525	yfinance_1m
2026-09-01T10:16:00-04:00	8.76	8.77	8.75	8.77	3051	yfinance_1m
2026-09-01T10:17:00-04:00	8.78	8.79	8.77	8.77	6135	yfinance_1m
2026-09-01T10:18:00-04:00	8.785	8.785	8.75	8.755	4148	yfinance_1m
2026-09-01T10:19:00-04:00	8.74	8.79	8.74	8.79	4049	yfinance_1m
2026-09-01T10:20:00-04:00	8.825	8.83	8.81	8.81	4126	yfinance_1m
2026-09-01T10:21:00-04:00	8.79	8.8	8.78	8.78	6608	yfinance_1m
2026-09-01T10:22:00-04:00	8.795	8.815	8.79	8.815	2746	yfinance_1m
2026-09-01T10:23:00-04:00	8.81	8.82	8.81	8.81	1823	yfinance_1m
2026-09-01T10:24:00-04:00	8.81	8.82	8.8	8.8	4928	yfinance_1m
2026-09-01T10:25:00-04:00	8.79	8.805	8.79	8.805	4195	yfinance_1m
2026-09-01T10:26:00-04:00	8.805	8.805	8.79	8.79	2292	yfinance_1m
2026-09-01T10:27:00-04:00	8.79	8.81	8.79	8.81	1330	yfinance_1m
2026-09-01T10:28:00-04:00	8.8	8.81	8.8	8.81	1057	yfinance_1m
2026-09-01T10:29:00-04:00	8.81	8.82	8.81	8.82	2655	yfinance_1m
2026-09-01T10:30:00-04:00	8.82	8.83	8.81	8.82	6396	yfinance_1m
2026-09-01T10:31:00-04:00	8.829	8.835	8.82	8.835	3452	yfinance_1m
2026-09-01T10:32:00-04:00	8.835	8.835	8.82	8.82	2767	yfinance_1m
2026-09-01T10:33:00-04:00	8.83	8.83	8.81	8.83	5568	yfinance_1m
2026-09-01T10:34:00-04:00	8.8201	8.8201	8.81	8.81	5100	yfinance_1m
2026-09-01T10:35:00-04:00	8.81	8.86	8.81	8.86	13596	yfinance_1m
2026-09-01T10:36:00-04:00	8.85	8.85	8.835	8.835	2950	yfinance_1m
2026-09-01T10:37:00-04:00	8.83	8.84	8.83	8.84	1027	yfinance_1m
2026-09-01T10:38:00-04:00	8.835	8.84	8.815	8.84	2856	yfinance_1m
2026-09-01T10:39:00-04:00	8.84	8.85	8.84	8.84	895	yfinance_1m
2026-09-01T10:40:00-04:00	8.85	8.85	8.85	8.85	950	yfinance_1m
2026-09-01T10:41:00-04:00	8.846	8.86	8.835	8.835	18793	yfinance_1m
2026-09-01T10:42:00-04:00	8.84	8.855	8.84	8.855	7671	yfinance_1m
2026-09-01T10:43:00-04:00	8.855	8.87	8.855	8.87	3002	yfinance_1m
2026-09-01T10:44:00-04:00	8.863	8.882	8.863	8.88	3563	yfinance_1m
2026-09-01T10:45:00-04:00	8.89	8.93	8.89	8.93	7786	yfinance_1m
2026-09-01T10:46:00-04:00	8.92	8.945	8.92	8.945	1304	yfinance_1m
2026-09-01T10:47:00-04:00	8.94	8.9897	8.93	8.98	4749	yfinance_1m
2026-09-01T10:48:00-04:00	8.965	8.99	8.965	8.98	4057	yfinance_1m
2026-09-01T10:49:00-04:00	8.98	8.985	8.9686	8.97	5706	yfinance_1m
2026-09-01T10:50:00-04:00	8.96	8.99	8.95	8.97	20235	yfinance_1m
2026-09-01T10:51:00-04:00	8.97	8.97	8.93	8.93	7622	yfinance_1m
2026-09-01T10:52:00-04:00	8.94	8.94	8.91	8.91	3014	yfinance_1m
2026-09-01T10:53:00-04:00	8.915	8.94	8.915	8.929	2534	yfinance_1m
2026-09-01T10:54:00-04:00	8.93	8.93	8.93	8.93	2997	yfinance_1m
2026-09-01T10:55:00-04:00	8.94	8.95	8.93	8.93	2028	yfinance_1m
2026-09-01T10:56:00-04:00	8.93	8.93	8.92	8.92	3443	yfinance_1m
2026-09-01T10:57:00-04:00	8.93	8.95	8.93	8.94	1487	yfinance_1m
2026-09-01T10:58:00-04:00	8.95	8.95	8.94	8.94	1599	yfinance_1m
2026-09-01T10:59:00-04:00	8.94	8.94	8.93	8.93	4235	yfinance_1m
2026-09-01T11:00:00-04:00	8.93	8.93	8.92	8.925	1467	yfinance_1m
2026-09-01T11:01:00-04:00	8.92	8.92	8.895	8.9	5253	yfinance_1m
2026-09-01T11:02:00-04:00	8.9	8.91	8.9	8.91	1365	yfinance_1m
2026-09-01T11:03:00-04:00	8.91	8.91	8.91	8.91	1391	yfinance_1m
2026-09-01T11:04:00-04:00	8.91	8.91	8.9	8.9	4371	yfinance_1m
2026-09-01T11:05:00-04:00	8.895	8.895	8.8901	8.8901	1271	yfinance_1m
2026-09-01T11:06:00-04:00	8.9	8.905	8.9	8.9	3416	yfinance_1m
2026-09-01T11:07:00-04:00	8.9	8.91	8.9	8.91	3009	yfinance_1m
2026-09-01T11:08:00-04:00	8.9002	8.91	8.9	8.9	4724	yfinance_1m
2026-09-01T11:09:00-04:00	8.89	8.91	8.89	8.91	2307	yfinance_1m
2026-09-01T11:10:00-04:00	8.9086	8.9086	8.9001	8.905	1907	yfinance_1m
2026-09-01T11:11:00-04:00	8.905	8.915	8.905	8.915	1222	yfinance_1m
2026-09-01T11:12:00-04:00	8.915	8.9151	8.9101	8.915	3079	yfinance_1m
2026-09-01T11:13:00-04:00	8.915	8.92	8.905	8.92	4875	yfinance_1m
2026-09-01T11:14:00-04:00	8.925	8.925	8.915	8.915	2526	yfinance_1m
2026-09-01T11:15:00-04:00	8.92	8.92	8.92	8.92	3240	yfinance_1m
2026-09-01T11:17:00-04:00	8.915	8.915	8.915	8.915	1093	yfinance_1m
2026-09-01T11:18:00-04:00	8.91	8.91	8.905	8.905	3771	yfinance_1m
2026-09-01T11:19:00-04:00	8.9	8.9	8.895	8.9	1583	yfinance_1m
2026-09-01T11:20:00-04:00	8.89	8.89	8.89	8.89	452	yfinance_1m
2026-09-01T11:21:00-04:00	8.9	8.9	8.88	8.88	4669	yfinance_1m
2026-09-01T11:22:00-04:00	8.875	8.88	8.865	8.8659	2565	yfinance_1m
2026-09-01T11:23:00-04:00	8.855	8.855	8.82	8.82	20550	yfinance_1m
2026-09-01T11:24:00-04:00	8.825	8.825	8.825	8.825	2215	yfinance_1m
2026-09-01T11:25:00-04:00	8.82	8.82	8.8	8.8	11200	yfinance_1m
2026-09-01T11:26:00-04:00	8.795	8.795	8.79	8.79	1396	yfinance_1m
2026-09-01T11:27:00-04:00	8.79	8.79	8.78	8.78	2015	yfinance_1m
2026-09-01T11:28:00-04:00	8.78	8.785	8.78	8.78	1833	yfinance_1m
2026-09-01T11:29:00-04:00	8.78	8.785	8.77	8.785	6614	yfinance_1m
2026-09-01T11:30:00-04:00	8.77	8.78	8.77	8.7785	7641	yfinance_1m
2026-09-01T11:31:00-04:00	8.775	8.78	8.77	8.78	3149	yfinance_1m
2026-09-01T11:32:00-04:00	8.77	8.775	8.77	8.775	2146	yfinance_1m
2026-09-01T11:33:00-04:00	8.78	8.78	8.76	8.77	5564	yfinance_1m
2026-09-01T11:34:00-04:00	8.77	8.7799	8.77	8.77	3583	yfinance_1m
2026-09-01T11:35:00-04:00	8.77	8.78	8.77	8.78	1409	yfinance_1m
2026-09-01T11:36:00-04:00	8.78	8.78	8.77	8.77	1134	yfinance_1m
2026-09-01T11:37:00-04:00	8.77	8.77	8.76	8.76	5833	yfinance_1m
2026-09-01T11:38:00-04:00	8.76	8.77	8.76	8.77	1920	yfinance_1m
2026-09-01T11:39:00-04:00	8.76	8.76	8.75	8.755	2397	yfinance_1m
2026-09-01T11:40:00-04:00	8.755	8.78	8.755	8.78	4752	yfinance_1m
2026-09-01T11:41:00-04:00	8.78	8.78	8.76	8.76	5499	yfinance_1m
2026-09-01T11:42:00-04:00	8.76	8.78	8.76	8.78	8326	yfinance_1m
2026-09-01T11:43:00-04:00	8.78	8.79	8.775	8.79	3345	yfinance_1m
2026-09-01T11:44:00-04:00	8.79	8.79	8.785	8.785	2323	yfinance_1m
2026-09-01T11:45:00-04:00	8.785	8.785	8.785	8.785	1469	yfinance_1m
2026-09-01T11:46:00-04:00	8.78	8.79	8.78	8.7859	4239	yfinance_1m
2026-09-01T11:47:00-04:00	8.79	8.795	8.785	8.785	1984	yfinance_1m
2026-09-01T11:48:00-04:00	8.7849	8.785	8.7849	8.785	1793	yfinance_1m
2026-09-01T11:49:00-04:00	8.78	8.78	8.766	8.78	8998	yfinance_1m
2026-09-01T11:50:00-04:00	8.78	8.78	8.77	8.77	4031	yfinance_1m
2026-09-01T11:51:00-04:00	8.76	8.76	8.755	8.76	1856	yfinance_1m
2026-09-01T11:52:00-04:00	8.75	8.75	8.745	8.745	2467	yfinance_1m
2026-09-01T11:53:00-04:00	8.73	8.735	8.73	8.735	3127	yfinance_1m
2026-09-01T11:54:00-04:00	8.738	8.738	8.738	8.738	1839	yfinance_1m
2026-09-01T11:55:00-04:00	8.74	8.7589	8.74	8.7589	3621	yfinance_1m
2026-09-01T11:56:00-04:00	8.755	8.755	8.755	8.755	923	yfinance_1m
2026-09-01T11:57:00-04:00	8.755	8.755	8.755	8.755	1141	yfinance_1m
2026-09-01T11:58:00-04:00	8.76	8.76	8.76	8.76	579	yfinance_1m
2026-09-01T11:59:00-04:00	8.755	8.79	8.755	8.78	13698	yfinance_1m
2026-09-01T12:00:00-04:00	8.79	8.7972	8.78	8.7972	884	yfinance_1m
2026-09-01T12:01:00-04:00	8.79	8.83	8.78	8.81	13259	yfinance_1m
2026-09-01T12:02:00-04:00	8.81	8.81	8.8	8.8	3800	yfinance_1m
2026-09-01T12:03:00-04:00	8.79	8.79	8.79	8.79	2282	yfinance_1m
2026-09-01T12:04:00-04:00	8.785	8.795	8.785	8.795	2650	yfinance_1m
2026-09-01T12:05:00-04:00	8.795	8.795	8.795	8.795	903	yfinance_1m
2026-09-01T12:06:00-04:00	8.795	8.8	8.795	8.795	1546	yfinance_1m
2026-09-01T12:07:00-04:00	8.795	8.805	8.795	8.805	2450	yfinance_1m
2026-09-01T12:08:00-04:00	8.8	8.8	8.79	8.79	3286	yfinance_1m
2026-09-01T12:09:00-04:00	8.79	8.8	8.79	8.795	3324	yfinance_1m
2026-09-01T12:10:00-04:00	8.79	8.795	8.782	8.795	4962	yfinance_1m
2026-09-01T12:11:00-04:00	8.8	8.805	8.8	8.805	1401	yfinance_1m
2026-09-01T12:12:00-04:00	8.805	8.815	8.8023	8.81	6474	yfinance_1m
2026-09-01T12:13:00-04:00	8.805	8.81	8.805	8.805	2415	yfinance_1m
2026-09-01T12:14:00-04:00	8.805	8.805	8.79	8.79	3031	yfinance_1m
2026-09-01T12:15:00-04:00	8.78	8.79	8.78	8.79	2344	yfinance_1m
2026-09-01T12:16:00-04:00	8.79	8.805	8.79	8.795	2784	yfinance_1m
2026-09-01T12:17:00-04:00	8.795	8.795	8.795	8.795	884	yfinance_1m
2026-09-01T12:18:00-04:00	8.8	8.8	8.795	8.795	731	yfinance_1m
2026-09-01T12:19:00-04:00	8.795	8.795	8.785	8.785	2211	yfinance_1m
2026-09-01T12:20:00-04:00	8.7851	8.7851	8.77	8.77	1730	yfinance_1m
2026-09-01T12:21:00-04:00	8.765	8.765	8.75	8.75	1986	yfinance_1m
2026-09-01T12:22:00-04:00	8.755	8.755	8.755	8.755	839	yfinance_1m
2026-09-01T12:23:00-04:00	8.75	8.75	8.74	8.74	3236	yfinance_1m
2026-09-01T12:24:00-04:00	8.7361	8.7361	8.735	8.735	1327	yfinance_1m
2026-09-01T12:25:00-04:00	8.735	8.735	8.73	8.73	5096	yfinance_1m
2026-09-01T12:26:00-04:00	8.725	8.735	8.725	8.735	1665	yfinance_1m
2026-09-01T12:27:00-04:00	8.73	8.73	8.7123	8.72	3118	yfinance_1m
2026-09-01T12:28:00-04:00	8.73	8.74	8.73	8.74	3082	yfinance_1m
2026-09-01T12:29:00-04:00	8.73	8.73	8.72	8.72	2324	yfinance_1m
2026-09-01T12:30:00-04:00	8.7213	8.7213	8.69	8.69	4457	yfinance_1m
2026-09-01T12:31:00-04:00	8.685	8.685	8.685	8.685	189	yfinance_1m
2026-09-01T12:32:00-04:00	8.69	8.69	8.685	8.69	2591	yfinance_1m
2026-09-01T12:33:00-04:00	8.695	8.695	8.695	8.695	224	yfinance_1m
2026-09-01T12:34:00-04:00	8.695	8.695	8.685	8.685	3962	yfinance_1m
2026-09-01T12:35:00-04:00	8.685	8.69	8.685	8.685	1541	yfinance_1m
2026-09-01T12:36:00-04:00	8.695	8.7	8.695	8.695	1708	yfinance_1m
2026-09-01T12:37:00-04:00	8.7	8.7	8.7	8.7	4311	yfinance_1m
2026-09-01T12:39:00-04:00	8.695	8.695	8.695	8.695	1025	yfinance_1m
2026-09-01T12:40:00-04:00	8.7	8.7	8.695	8.695	964	yfinance_1m
2026-09-01T12:41:00-04:00	8.695	8.705	8.695	8.705	2552	yfinance_1m
2026-09-01T12:42:00-04:00	8.705	8.705	8.705	8.705	612	yfinance_1m
2026-09-01T12:43:00-04:00	8.705	8.715	8.705	8.71	1707	yfinance_1m
2026-09-01T12:44:00-04:00	8.715	8.715	8.705	8.705	4882	yfinance_1m
2026-09-01T12:45:00-04:00	8.7097	8.71	8.705	8.705	2066	yfinance_1m
2026-09-01T12:46:00-04:00	8.7063	8.785	8.705	8.75	50211	yfinance_1m
2026-09-01T12:47:00-04:00	8.755	8.755	8.74	8.74	362	yfinance_1m
2026-09-01T12:48:00-04:00	8.74	8.74	8.73	8.73	2522	yfinance_1m
2026-09-01T12:49:00-04:00	8.725	8.725	8.72	8.72	484	yfinance_1m
2026-09-01T12:50:00-04:00	8.7201	8.725	8.7201	8.725	1121	yfinance_1m
2026-09-01T12:51:00-04:00	8.72	8.72	8.69	8.69	7317	yfinance_1m
2026-09-01T12:52:00-04:00	8.69	8.705	8.69	8.7	9274	yfinance_1m
2026-09-01T12:53:00-04:00	8.705	8.705	8.705	8.705	400	yfinance_1m
2026-09-01T12:54:00-04:00	8.7	8.7	8.69	8.7	3354	yfinance_1m
2026-09-01T12:55:00-04:00	8.71	8.715	8.71	8.715	554	yfinance_1m
2026-09-01T12:56:00-04:00	8.71	8.7152	8.71	8.71	1392	yfinance_1m
2026-09-01T12:57:00-04:00	8.72	8.725	8.72	8.725	861	yfinance_1m
2026-09-01T12:58:00-04:00	8.725	8.725	8.72	8.72	2249	yfinance_1m
2026-09-01T12:59:00-04:00	8.725	8.725	8.725	8.725	455	yfinance_1m
2026-09-01T13:00:00-04:00	8.72	8.72	8.71	8.71	2599	yfinance_1m
2026-09-01T13:01:00-04:00	8.71	8.72	8.71	8.71	10008	yfinance_1m
2026-09-01T13:02:00-04:00	8.71	8.72	8.71	8.715	3516	yfinance_1m
2026-09-01T13:03:00-04:00	8.715	8.72	8.715	8.72	2067	yfinance_1m
2026-09-01T13:04:00-04:00	8.72	8.72	8.72	8.72	408	yfinance_1m
2026-09-01T13:05:00-04:00	8.72	8.72	8.7	8.7	2570	yfinance_1m
2026-09-01T13:06:00-04:00	8.705	8.705	8.7	8.705	1672	yfinance_1m
2026-09-01T13:07:00-04:00	8.7	8.705	8.7	8.705	2409	yfinance_1m
2026-09-01T13:08:00-04:00	8.705	8.72	8.705	8.72	4431	yfinance_1m
2026-09-01T13:09:00-04:00	8.72	8.725	8.72	8.725	2367	yfinance_1m
2026-09-01T13:10:00-04:00	8.73	8.7369	8.73	8.73	3308	yfinance_1m
2026-09-01T13:11:00-04:00	8.725	8.74	8.725	8.735	2083	yfinance_1m
2026-09-01T13:13:00-04:00	8.7341	8.735	8.7341	8.7344	4234	yfinance_1m
2026-09-01T13:14:00-04:00	8.73	8.735	8.73	8.735	2015	yfinance_1m
2026-09-01T13:15:00-04:00	8.735	8.735	8.735	8.735	756	yfinance_1m
2026-09-01T13:16:00-04:00	8.735	8.745	8.735	8.745	1861	yfinance_1m
2026-09-01T13:17:00-04:00	8.75	8.75	8.745	8.745	303	yfinance_1m
2026-09-01T13:18:00-04:00	8.75	8.76	8.745	8.755	3466	yfinance_1m
2026-09-01T13:19:00-04:00	8.75	8.7509	8.72	8.74	15162	yfinance_1m
2026-09-01T13:20:00-04:00	8.74	8.74	8.74	8.74	826	yfinance_1m
2026-09-01T13:21:00-04:00	8.74	8.74	8.74	8.74	1208	yfinance_1m
2026-09-01T13:22:00-04:00	8.74	8.74	8.725	8.725	1843	yfinance_1m
2026-09-01T13:23:00-04:00	8.725	8.7283	8.725	8.725	1171	yfinance_1m
2026-09-01T13:24:00-04:00	8.725	8.735	8.725	8.735	3290	yfinance_1m
2026-09-01T13:25:00-04:00	8.735	8.735	8.7	8.72	6564	yfinance_1m
2026-09-01T13:26:00-04:00	8.73	8.745	8.73	8.745	2563	yfinance_1m
2026-09-01T13:27:00-04:00	8.745	8.77	8.745	8.765	2036	yfinance_1m
2026-09-01T13:28:00-04:00	8.77	8.78	8.764	8.764	1893	yfinance_1m
2026-09-01T13:29:00-04:00	8.765	8.77	8.765	8.765	3857	yfinance_1m
2026-09-01T13:30:00-04:00	8.77	8.78	8.77	8.775	1472	yfinance_1m
2026-09-01T13:31:00-04:00	8.77	8.77	8.765	8.765	4217	yfinance_1m
2026-09-01T13:32:00-04:00	8.76	8.76	8.755	8.755	1585	yfinance_1m
2026-09-01T13:33:00-04:00	8.76	8.76	8.745	8.75	1907	yfinance_1m
2026-09-01T13:34:00-04:00	8.75	8.75	8.7401	8.745	2508	yfinance_1m
2026-09-01T13:35:00-04:00	8.745	8.745	8.745	8.745	596	yfinance_1m
2026-09-01T13:36:00-04:00	8.75	8.75	8.725	8.725	3293	yfinance_1m
2026-09-01T13:37:00-04:00	8.725	8.725	8.68	8.68	6982	yfinance_1m
2026-09-01T13:38:00-04:00	8.68	8.68	8.68	8.68	1540	yfinance_1m
2026-09-01T13:39:00-04:00	8.68	8.6899	8.675	8.675	811	yfinance_1m
2026-09-01T13:40:00-04:00	8.675	8.685	8.675	8.685	3000	yfinance_1m
2026-09-01T13:41:00-04:00	8.685	8.69	8.685	8.69	2767	yfinance_1m
2026-09-01T13:42:00-04:00	8.685	8.69	8.685	8.69	1763	yfinance_1m
2026-09-01T13:43:00-04:00	8.695	8.695	8.685	8.685	3933	yfinance_1m
2026-09-01T13:44:00-04:00	8.685	8.695	8.685	8.695	5138	yfinance_1m
2026-09-01T13:45:00-04:00	8.695	8.695	8.695	8.695	1010	yfinance_1m
2026-09-01T13:46:00-04:00	8.695	8.6986	8.695	8.695	803	yfinance_1m
2026-09-01T13:47:00-04:00	8.695	8.698	8.69	8.698	2633	yfinance_1m
2026-09-01T13:48:00-04:00	8.7	8.705	8.695	8.695	7873	yfinance_1m
2026-09-01T13:49:00-04:00	8.695	8.7	8.695	8.6991	1496	yfinance_1m
2026-09-01T13:50:00-04:00	8.695	8.695	8.695	8.695	717	yfinance_1m
2026-09-01T13:51:00-04:00	8.695	8.6952	8.695	8.695	2303	yfinance_1m
2026-09-01T13:52:00-04:00	8.695	8.695	8.6912	8.695	1711	yfinance_1m
2026-09-01T13:53:00-04:00	8.69	8.69	8.685	8.685	6612	yfinance_1m
2026-09-01T13:55:00-04:00	8.685	8.685	8.685	8.685	916	yfinance_1m
2026-09-01T13:56:00-04:00	8.685	8.69	8.685	8.685	3178	yfinance_1m
2026-09-01T13:57:00-04:00	8.69	8.7	8.685	8.69	11264	yfinance_1m
2026-09-01T13:58:00-04:00	8.685	8.685	8.685	8.685	765	yfinance_1m
2026-09-01T13:59:00-04:00	8.69	8.695	8.69	8.695	1014	yfinance_1m
2026-09-01T14:00:00-04:00	8.6901	8.6901	8.68	8.68	4651	yfinance_1m
2026-09-01T14:01:00-04:00	8.685	8.685	8.685	8.685	1109	yfinance_1m
2026-09-01T14:02:00-04:00	8.685	8.685	8.685	8.685	1462	yfinance_1m
2026-09-01T14:05:00-04:00	8.685	8.695	8.685	8.69	6375	yfinance_1m
2026-09-01T14:06:00-04:00	8.68	8.68	8.674	8.674	4497	yfinance_1m
2026-09-01T14:08:00-04:00	8.68	8.68	8.67	8.67	568	yfinance_1m
2026-09-01T14:09:00-04:00	8.675	8.6799	8.67	8.675	2249	yfinance_1m
2026-09-01T14:10:00-04:00	8.67	8.68	8.67	8.68	3744	yfinance_1m
2026-09-01T14:11:00-04:00	8.675	8.675	8.675	8.675	2508	yfinance_1m
2026-09-01T14:12:00-04:00	8.6797	8.6797	8.675	8.675	1722	yfinance_1m
2026-09-01T14:13:00-04:00	8.675	8.675	8.655	8.66	11541	yfinance_1m
2026-09-01T14:14:00-04:00	8.665	8.675	8.665	8.675	2784	yfinance_1m
2026-09-01T14:15:00-04:00	8.675	8.7	8.675	8.7	7757	yfinance_1m
2026-09-01T14:16:00-04:00	8.695	8.695	8.695	8.695	927	yfinance_1m
2026-09-01T14:17:00-04:00	8.695	8.695	8.695	8.695	3241	yfinance_1m
2026-09-01T14:18:00-04:00	8.695	8.695	8.695	8.695	1632	yfinance_1m
2026-09-01T14:19:00-04:00	8.695	8.695	8.695	8.695	804	yfinance_1m
2026-09-01T14:20:00-04:00	8.695	8.6998	8.695	8.695	996	yfinance_1m
2026-09-01T14:21:00-04:00	8.695	8.7	8.6901	8.7	1633	yfinance_1m
2026-09-01T14:22:00-04:00	8.7	8.7	8.695	8.7	1801	yfinance_1m
2026-09-01T14:23:00-04:00	8.695	8.695	8.685	8.685	7411	yfinance_1m
2026-09-01T14:24:00-04:00	8.685	8.685	8.685	8.685	822	yfinance_1m
2026-09-01T14:25:00-04:00	8.685	8.685	8.685	8.685	1543	yfinance_1m
2026-09-01T14:26:00-04:00	8.68	8.68	8.67	8.67	4581	yfinance_1m
2026-09-01T14:27:00-04:00	8.67	8.67	8.665	8.665	3032	yfinance_1m
2026-09-01T14:28:00-04:00	8.665	8.6669	8.665	8.665	8401	yfinance_1m
2026-09-01T14:29:00-04:00	8.665	8.675	8.665	8.675	10802	yfinance_1m
2026-09-01T14:30:00-04:00	8.675	8.6751	8.675	8.6751	2779	yfinance_1m
2026-09-01T14:31:00-04:00	8.67	8.674	8.665	8.674	5193	yfinance_1m
2026-09-01T14:32:00-04:00	8.675	8.675	8.675	8.675	976	yfinance_1m
2026-09-01T14:33:00-04:00	8.67	8.67	8.665	8.665	3538	yfinance_1m
2026-09-01T14:34:00-04:00	8.665	8.665	8.66	8.665	1965	yfinance_1m
2026-09-01T14:35:00-04:00	8.665	8.67	8.65	8.655	5787	yfinance_1m
2026-09-01T14:36:00-04:00	8.66	8.66	8.645	8.645	16442	yfinance_1m
2026-09-01T14:37:00-04:00	8.64	8.655	8.64	8.655	9123	yfinance_1m
2026-09-01T14:38:00-04:00	8.6573	8.6573	8.655	8.655	3026	yfinance_1m
2026-09-01T14:39:00-04:00	8.655	8.655	8.6513	8.655	2445	yfinance_1m
2026-09-01T14:40:00-04:00	8.655	8.675	8.655	8.675	3112	yfinance_1m
2026-09-01T14:41:00-04:00	8.675	8.68	8.675	8.68	1873	yfinance_1m
2026-09-01T14:42:00-04:00	8.6703	8.6703	8.665	8.665	5200	yfinance_1m
2026-09-01T14:43:00-04:00	8.67	8.67	8.67	8.67	1237	yfinance_1m
2026-09-01T14:44:00-04:00	8.67	8.67	8.645	8.645	11212	yfinance_1m
2026-09-01T14:45:00-04:00	8.65	8.65	8.64	8.645	3046	yfinance_1m
2026-09-01T14:46:00-04:00	8.645	8.6647	8.63	8.6647	40848	yfinance_1m
2026-09-01T14:47:00-04:00	8.66	8.67	8.655	8.655	7556	yfinance_1m
2026-09-01T14:48:00-04:00	8.655	8.66	8.655	8.66	3117	yfinance_1m
2026-09-01T14:49:00-04:00	8.6648	8.665	8.6648	8.665	1000	yfinance_1m
2026-09-01T14:50:00-04:00	8.665	8.665	8.665	8.665	2856	yfinance_1m
2026-09-01T14:51:00-04:00	8.665	8.665	8.635	8.64	14507	yfinance_1m
2026-09-01T14:52:00-04:00	8.65	8.745	8.65	8.745	12898	yfinance_1m
2026-09-01T14:53:00-04:00	8.745	8.745	8.725	8.73	3335	yfinance_1m
2026-09-01T14:54:00-04:00	8.7396	8.7396	8.7396	8.7396	1439	yfinance_1m
2026-09-01T14:55:00-04:00	8.73	8.74	8.73	8.74	2365	yfinance_1m
2026-09-01T14:56:00-04:00	8.7461	8.7461	8.735	8.735	4750	yfinance_1m
2026-09-01T14:57:00-04:00	8.73	8.74	8.73	8.735	3414	yfinance_1m
2026-09-01T14:58:00-04:00	8.735	8.745	8.735	8.745	7908	yfinance_1m
2026-09-01T14:59:00-04:00	8.745	8.755	8.745	8.755	2480	yfinance_1m
2026-09-01T15:00:00-04:00	8.755	8.78	8.755	8.775	5106	yfinance_1m
2026-09-01T15:01:00-04:00	8.775	8.79	8.775	8.79	2349	yfinance_1m
2026-09-01T15:02:00-04:00	8.785	8.785	8.785	8.785	2345	yfinance_1m
2026-09-01T15:03:00-04:00	8.785	8.785	8.775	8.785	8940	yfinance_1m
2026-09-01T15:04:00-04:00	8.785	8.79	8.785	8.79	1446	yfinance_1m
2026-09-01T15:05:00-04:00	8.795	8.795	8.765	8.765	12255	yfinance_1m
2026-09-01T15:06:00-04:00	8.765	8.79	8.765	8.79	4336	yfinance_1m
2026-09-01T15:07:00-04:00	8.79	8.79	8.77	8.77	5266	yfinance_1m
2026-09-01T15:08:00-04:00	8.765	8.765	8.76	8.76	2542	yfinance_1m
2026-09-01T15:09:00-04:00	8.761	8.761	8.761	8.761	451	yfinance_1m
2026-09-01T15:10:00-04:00	8.765	8.77	8.765	8.765	2581	yfinance_1m
2026-09-01T15:11:00-04:00	8.765	8.79	8.765	8.79	10012	yfinance_1m
2026-09-01T15:12:00-04:00	8.79	8.8	8.79	8.795	4298	yfinance_1m
2026-09-01T15:13:00-04:00	8.795	8.795	8.785	8.785	6796	yfinance_1m
2026-09-01T15:14:00-04:00	8.785	8.785	8.775	8.78	6411	yfinance_1m
2026-09-01T15:15:00-04:00	8.783	8.795	8.783	8.795	4937	yfinance_1m
2026-09-01T15:16:00-04:00	8.795	8.8	8.795	8.8	1599	yfinance_1m
2026-09-01T15:17:00-04:00	8.8	8.8	8.795	8.795	1261	yfinance_1m
2026-09-01T15:18:00-04:00	8.795	8.8	8.79	8.795	4031	yfinance_1m
2026-09-01T15:19:00-04:00	8.795	8.8	8.795	8.795	773	yfinance_1m
2026-09-01T15:20:00-04:00	8.795	8.81	8.79	8.81	9604	yfinance_1m
2026-09-01T15:21:00-04:00	8.81	8.82	8.805	8.805	10805	yfinance_1m
2026-09-01T15:22:00-04:00	8.8	8.825	8.8	8.825	9419	yfinance_1m
2026-09-01T15:23:00-04:00	8.825	8.84	8.825	8.835	6550	yfinance_1m
2026-09-01T15:24:00-04:00	8.835	8.84	8.825	8.84	6043	yfinance_1m
2026-09-01T15:25:00-04:00	8.84	8.84	8.835	8.835	1259	yfinance_1m
2026-09-01T15:26:00-04:00	8.84	8.84	8.835	8.835	1630	yfinance_1m
2026-09-01T15:27:00-04:00	8.835	8.86	8.835	8.86	8792	yfinance_1m
2026-09-01T15:28:00-04:00	8.86	8.935	8.855	8.915	26879	yfinance_1m
2026-09-01T15:29:00-04:00	8.915	8.93	8.915	8.93	3294	yfinance_1m
2026-09-01T15:30:00-04:00	8.925	8.93	8.92	8.925	15238	yfinance_1m
2026-09-01T15:31:00-04:00	8.925	8.93	8.9248	8.925	3283	yfinance_1m
2026-09-01T15:32:00-04:00	8.925	8.925	8.91	8.915	9941	yfinance_1m
2026-09-01T15:33:00-04:00	8.92	8.94	8.92	8.935	14351	yfinance_1m
2026-09-01T15:34:00-04:00	8.935	8.935	8.92	8.925	6746	yfinance_1m
2026-09-01T15:35:00-04:00	8.925	8.925	8.915	8.915	6790	yfinance_1m
2026-09-01T15:36:00-04:00	8.915	8.915	8.9	8.905	9399	yfinance_1m
2026-09-01T15:37:00-04:00	8.905	8.915	8.9	8.91	9076	yfinance_1m
2026-09-01T15:38:00-04:00	8.9199	8.93	8.915	8.925	8344	yfinance_1m
2026-09-01T15:39:00-04:00	8.925	8.95	8.925	8.945	13605	yfinance_1m
2026-09-01T15:40:00-04:00	8.945	8.95	8.895	8.905	22974	yfinance_1m
2026-09-01T15:41:00-04:00	8.905	8.935	8.905	8.93	9690	yfinance_1m
2026-09-01T15:42:00-04:00	8.93	8.93	8.915	8.915	5625	yfinance_1m
2026-09-01T15:43:00-04:00	8.915	8.95	8.915	8.945	17992	yfinance_1m
2026-09-01T15:44:00-04:00	8.945	8.95	8.94	8.95	7721	yfinance_1m
2026-09-01T15:45:00-04:00	8.95	8.95	8.91	8.915	14825	yfinance_1m
2026-09-01T15:46:00-04:00	8.915	8.915	8.88	8.91	25206	yfinance_1m
2026-09-01T15:47:00-04:00	8.91	8.97	8.91	8.97	13960	yfinance_1m
2026-09-01T15:48:00-04:00	8.96	8.97	8.955	8.965	30560	yfinance_1m
2026-09-01T15:49:00-04:00	8.97	8.97	8.935	8.94	17932	yfinance_1m
2026-09-01T15:50:00-04:00	8.94	8.94	8.88	8.88	21098	yfinance_1m
2026-09-01T15:51:00-04:00	8.88	8.885	8.865	8.88	9172	yfinance_1m
2026-09-01T15:52:00-04:00	8.875	8.9	8.87	8.885	18246	yfinance_1m
2026-09-01T15:53:00-04:00	8.885	8.885	8.87	8.875	5780	yfinance_1m
2026-09-01T15:54:00-04:00	8.87	8.87	8.84	8.845	15816	yfinance_1m
2026-09-01T15:55:00-04:00	8.85	8.87	8.85	8.865	41394	yfinance_1m
2026-09-01T15:56:00-04:00	8.86	8.86	8.815	8.82	24843	yfinance_1m
2026-09-01T15:57:00-04:00	8.815	8.84	8.81	8.83	34331	yfinance_1m
2026-09-01T15:58:00-04:00	8.835	8.84	8.795	8.81	59754	yfinance_1m
2026-09-01T15:59:00-04:00	8.805	8.84	8.8	8.825	84991	yfinance_1m
2026-09-02T09:30:00-04:00	8.78	8.8	8.71	8.76	31544	yfinance_1m
2026-09-02T09:31:00-04:00	8.75	8.75	8.715	8.75	1340	yfinance_1m
2026-09-02T09:32:00-04:00	8.72	8.72	8.42	8.45	74643	yfinance_1m
2026-09-02T09:33:00-04:00	8.47	8.56	8.47	8.475	37354	yfinance_1m
2026-09-02T09:34:00-04:00	8.5	8.55	8.46	8.55	34459	yfinance_1m
2026-09-02T09:35:00-04:00	8.53	8.53	8.5	8.515	7398	yfinance_1m
2026-09-02T09:36:00-04:00	8.53	8.53	8.45	8.465	18767	yfinance_1m
2026-09-02T09:37:00-04:00	8.45	8.48	8.38	8.42	44143	yfinance_1m
2026-09-02T09:38:00-04:00	8.42	8.49	8.38	8.49	30711	yfinance_1m
2026-09-02T09:39:00-04:00	8.465	8.5	8.465	8.5	7373	yfinance_1m
2026-09-02T09:40:00-04:00	8.505	8.505	8.447	8.46	8979	yfinance_1m
2026-09-02T09:41:00-04:00	8.46	8.52	8.46	8.49	69893	yfinance_1m
2026-09-02T09:42:00-04:00	8.485	8.5599	8.485	8.54	4540	yfinance_1m
2026-09-02T09:43:00-04:00	8.54	8.56	8.535	8.56	4861	yfinance_1m
2026-09-02T09:44:00-04:00	8.545	8.58	8.545	8.56	9082	yfinance_1m
2026-09-02T09:45:00-04:00	8.57	8.58	8.56	8.56	3996	yfinance_1m
2026-09-02T09:46:00-04:00	8.565	8.565	8.515	8.53	5668	yfinance_1m
2026-09-02T09:47:00-04:00	8.52	8.525	8.52	8.52	2687	yfinance_1m
2026-09-02T09:48:00-04:00	8.53	8.53	8.506025	8.515	3323	yfinance_1m
2026-09-02T09:49:00-04:00	8.5265	8.53	8.47	8.48	9814	yfinance_1m
2026-09-02T09:50:00-04:00	8.48	8.56	8.48	8.535	4760	yfinance_1m
2026-09-02T09:51:00-04:00	8.51	8.53	8.51	8.53	2067	yfinance_1m
2026-09-02T09:52:00-04:00	8.51	8.6	8.51	8.6	9439	yfinance_1m
2026-09-02T09:53:00-04:00	8.6	8.6	8.58	8.58	2949	yfinance_1m
2026-09-02T09:54:00-04:00	8.58	8.59	8.565	8.575	3859	yfinance_1m
2026-09-02T09:55:00-04:00	8.59	8.59	8.57	8.58	1780	yfinance_1m
2026-09-02T09:56:00-04:00	8.59	8.61	8.575	8.61	3858	yfinance_1m
2026-09-02T09:57:00-04:00	8.62	8.67	8.62	8.64	22043	yfinance_1m
2026-09-02T09:58:00-04:00	8.63	8.63	8.59	8.59	2214	yfinance_1m
2026-09-02T09:59:00-04:00	8.5897	8.59	8.555	8.555	9115	yfinance_1m
2026-09-02T10:00:00-04:00	8.58	8.59	8.575	8.575	4537	yfinance_1m
2026-09-02T10:01:00-04:00	8.595	8.64	8.595	8.62	2562	yfinance_1m
2026-09-02T10:02:00-04:00	8.61	8.615	8.58	8.615	3121	yfinance_1m
2026-09-02T10:03:00-04:00	8.64	8.64	8.605	8.605	2242	yfinance_1m
2026-09-02T10:04:00-04:00	8.61	8.66	8.605	8.66	8597	yfinance_1m
2026-09-02T10:05:00-04:00	8.66	8.66	8.63	8.63	4670	yfinance_1m
2026-09-02T10:06:00-04:00	8.6	8.65	8.58	8.65	5455	yfinance_1m
2026-09-02T10:07:00-04:00	8.66	8.66	8.5405	8.56	20465	yfinance_1m
2026-09-02T10:08:00-04:00	8.57	8.59	8.56	8.59	9573	yfinance_1m
2026-09-02T10:09:00-04:00	8.58	8.6	8.56	8.5703	5873	yfinance_1m
2026-09-02T10:10:00-04:00	8.57	8.61	8.57	8.595	3829	yfinance_1m
2026-09-02T10:11:00-04:00	8.6059	8.6059	8.595	8.6	6268	yfinance_1m
2026-09-02T10:12:00-04:00	8.59	8.59	8.57	8.5702	4661	yfinance_1m
2026-09-02T10:13:00-04:00	8.58	8.58	8.55	8.555	2607	yfinance_1m
2026-09-02T10:14:00-04:00	8.555	8.56	8.555	8.56	1042	yfinance_1m
2026-09-02T10:15:00-04:00	8.57	8.6	8.56	8.58	7775	yfinance_1m
2026-09-02T10:16:00-04:00	8.59	8.59	8.57	8.58	2156	yfinance_1m
2026-09-02T10:17:00-04:00	8.59	8.635	8.57	8.62	5616	yfinance_1m
2026-09-02T10:18:00-04:00	8.63	8.655	8.62	8.655	3714	yfinance_1m
2026-09-02T10:19:00-04:00	8.65	8.703316	8.64	8.67	21527	yfinance_1m
2026-09-02T10:20:00-04:00	8.68	8.68	8.66	8.665	5331	yfinance_1m
2026-09-02T10:21:00-04:00	8.65	8.66	8.635	8.66	6494	yfinance_1m
2026-09-02T10:22:00-04:00	8.67	8.675	8.66	8.675	4332	yfinance_1m
2026-09-02T10:23:00-04:00	8.6708	8.68	8.665	8.68	6780	yfinance_1m
2026-09-02T10:24:00-04:00	8.68	8.68	8.65	8.65	2567	yfinance_1m
2026-09-02T10:25:00-04:00	8.655	8.66	8.65	8.655	5588	yfinance_1m
2026-09-02T10:26:00-04:00	8.66	8.66	8.64	8.64	9296	yfinance_1m
2026-09-02T10:27:00-04:00	8.635	8.64	8.62	8.625	24649	yfinance_1m
2026-09-02T10:28:00-04:00	8.625	8.625	8.61	8.61	2978	yfinance_1m
2026-09-02T10:29:00-04:00	8.615	8.615	8.605	8.61	1598	yfinance_1m
2026-09-02T10:30:00-04:00	8.605	8.635	8.595	8.625	11160	yfinance_1m
2026-09-02T10:31:00-04:00	8.625	8.625	8.59	8.59	4196	yfinance_1m
2026-09-02T10:32:00-04:00	8.5883	8.59	8.58	8.58	2332	yfinance_1m
2026-09-02T10:33:00-04:00	8.575	8.58	8.565	8.58	3553	yfinance_1m
2026-09-02T10:34:00-04:00	8.575	8.58	8.5614	8.565	4663	yfinance_1m
2026-09-02T10:35:00-04:00	8.565	8.58	8.565	8.575	4163	yfinance_1m
2026-09-02T10:36:00-04:00	8.575	8.575	8.565	8.565	966	yfinance_1m
2026-09-02T10:37:00-04:00	8.565	8.58	8.555	8.575	5658	yfinance_1m
2026-09-02T10:38:00-04:00	8.59	8.59	8.575	8.59	2685	yfinance_1m
2026-09-02T10:39:00-04:00	8.585	8.585	8.57	8.58	5145	yfinance_1m
2026-09-02T10:40:00-04:00	8.58	8.59	8.58	8.59	1791	yfinance_1m
2026-09-02T10:41:00-04:00	8.58	8.59	8.58	8.59	1682	yfinance_1m
2026-09-02T10:42:00-04:00	8.58	8.59	8.58	8.585	1829	yfinance_1m
2026-09-02T10:43:00-04:00	8.585	8.61	8.58	8.61	7117	yfinance_1m
2026-09-02T10:44:00-04:00	8.61	8.61	8.6	8.6	2025	yfinance_1m
2026-09-02T10:45:00-04:00	8.6	8.61	8.595	8.595	2277	yfinance_1m
2026-09-02T10:46:00-04:00	8.59	8.59	8.565	8.565	7010	yfinance_1m
2026-09-02T10:47:00-04:00	8.565	8.59	8.555	8.59	5642	yfinance_1m
2026-09-02T10:48:00-04:00	8.59	8.59	8.545	8.55	4223	yfinance_1m
2026-09-02T10:49:00-04:00	8.55	8.56	8.55	8.55	2129	yfinance_1m
2026-09-02T10:50:00-04:00	8.54	8.55	8.51	8.52	5795	yfinance_1m
2026-09-02T10:51:00-04:00	8.52	8.54	8.52	8.54	4195	yfinance_1m
2026-09-02T10:52:00-04:00	8.5351	8.54	8.535	8.535	1111	yfinance_1m
2026-09-02T10:53:00-04:00	8.5351	8.5351	8.515	8.52	5098	yfinance_1m
2026-09-02T10:54:00-04:00	8.52	8.53	8.52	8.525	1946	yfinance_1m
2026-09-02T10:55:00-04:00	8.525	8.53	8.525	8.53	1925	yfinance_1m
2026-09-02T10:56:00-04:00	8.52	8.525	8.51	8.51	12669	yfinance_1m
2026-09-02T10:57:00-04:00	8.52	8.55	8.52	8.535	8793	yfinance_1m
2026-09-02T10:58:00-04:00	8.55	8.55	8.54	8.545	1696	yfinance_1m
2026-09-02T10:59:00-04:00	8.54	8.54	8.51	8.52	3045	yfinance_1m
2026-09-02T11:00:00-04:00	8.52	8.52	8.505	8.52	4555	yfinance_1m
2026-09-02T11:01:00-04:00	8.5148	8.5229	8.5148	8.52	7274	yfinance_1m
2026-09-02T11:02:00-04:00	8.52	8.52	8.5	8.5139	4971	yfinance_1m
2026-09-02T11:03:00-04:00	8.5123	8.53	8.51	8.52	4706	yfinance_1m
2026-09-02T11:04:00-04:00	8.52	8.55	8.52	8.54	3294	yfinance_1m
2026-09-02T11:05:00-04:00	8.55	8.55	8.5396	8.54	2815	yfinance_1m
2026-09-02T11:06:00-04:00	8.54	8.54	8.52	8.52	4038	yfinance_1m
2026-09-02T11:07:00-04:00	8.53	8.53	8.51	8.52	2586	yfinance_1m
2026-09-02T11:08:00-04:00	8.53	8.53	8.52	8.52	3256	yfinance_1m
2026-09-02T11:09:00-04:00	8.51	8.53	8.51	8.53	7598	yfinance_1m
2026-09-02T11:10:00-04:00	8.535	8.54	8.5314	8.54	1779	yfinance_1m
2026-09-02T11:11:00-04:00	8.535	8.54	8.525	8.535	4355	yfinance_1m
2026-09-02T11:12:00-04:00	8.54	8.55	8.54	8.55	3945	yfinance_1m
2026-09-02T11:13:00-04:00	8.54	8.54	8.53	8.54	3765	yfinance_1m
2026-09-02T11:14:00-04:00	8.55	8.55	8.54	8.55	1989	yfinance_1m
2026-09-02T11:15:00-04:00	8.54	8.55	8.54	8.54	3347	yfinance_1m
2026-09-02T11:16:00-04:00	8.54	8.55	8.54	8.55	1469	yfinance_1m
2026-09-02T11:17:00-04:00	8.54	8.55	8.54	8.55	1851	yfinance_1m
2026-09-02T11:18:00-04:00	8.54	8.5499	8.54	8.54	2025	yfinance_1m
2026-09-02T11:19:00-04:00	8.54	8.54	8.53	8.54	4201	yfinance_1m
2026-09-02T11:20:00-04:00	8.53	8.54	8.53	8.53	1858	yfinance_1m
2026-09-02T11:21:00-04:00	8.53	8.53	8.51	8.51	5294	yfinance_1m
2026-09-02T11:22:00-04:00	8.51	8.52	8.505	8.52	8808	yfinance_1m
2026-09-02T11:23:00-04:00	8.53	8.53	8.52	8.53	2652	yfinance_1m
2026-09-02T11:24:00-04:00	8.53	8.54	8.52	8.54	4587	yfinance_1m
2026-09-02T11:25:00-04:00	8.54	8.54	8.53	8.53	1709	yfinance_1m
2026-09-02T11:26:00-04:00	8.53	8.54	8.52	8.52	5437	yfinance_1m
2026-09-02T11:27:00-04:00	8.53	8.54	8.515	8.515	6173	yfinance_1m
2026-09-02T11:28:00-04:00	8.53	8.53	8.52	8.53	1409	yfinance_1m
2026-09-02T11:29:00-04:00	8.53	8.53	8.51	8.525	7464	yfinance_1m
2026-09-02T11:30:00-04:00	8.525	8.54	8.525	8.5302	5231	yfinance_1m
2026-09-02T11:31:00-04:00	8.53	8.54	8.53	8.54	2057	yfinance_1m
2026-09-02T11:32:00-04:00	8.54	8.56	8.53	8.56	6816	yfinance_1m
2026-09-02T11:33:00-04:00	8.56	8.56	8.5526	8.56	2730	yfinance_1m
2026-09-02T11:34:00-04:00	8.56	8.57	8.56	8.57	2739	yfinance_1m
2026-09-02T11:35:00-04:00	8.57	8.57	8.565	8.565	1615	yfinance_1m
2026-09-02T11:36:00-04:00	8.565	8.57	8.565	8.565	1606	yfinance_1m
2026-09-02T11:37:00-04:00	8.56	8.5654	8.55	8.555	3750	yfinance_1m
2026-09-02T11:38:00-04:00	8.555	8.575	8.55	8.575	6307	yfinance_1m
2026-09-02T11:39:00-04:00	8.575	8.58	8.565	8.575	3785	yfinance_1m
2026-09-02T11:40:00-04:00	8.58	8.58	8.575	8.575	3658	yfinance_1m
2026-09-02T11:41:00-04:00	8.575	8.575	8.575	8.575	1576	yfinance_1m
2026-09-02T11:42:00-04:00	8.57	8.57	8.5545	8.57	7424	yfinance_1m
2026-09-02T11:43:00-04:00	8.56	8.61	8.56	8.61	6966	yfinance_1m
2026-09-02T11:44:00-04:00	8.62	8.63	8.61	8.625	5887	yfinance_1m
2026-09-02T11:45:00-04:00	8.63	8.63	8.6049	8.605	9015	yfinance_1m
2026-09-02T11:46:00-04:00	8.605	8.61	8.605	8.61	1639	yfinance_1m
2026-09-02T11:47:00-04:00	8.6	8.6	8.595	8.595	3074	yfinance_1m
2026-09-02T11:48:00-04:00	8.6	8.61	8.595	8.61	2868	yfinance_1m
2026-09-02T11:49:00-04:00	8.605	8.605	8.5914	8.5914	2795	yfinance_1m
2026-09-02T11:50:00-04:00	8.595	8.6	8.595	8.595	2995	yfinance_1m
2026-09-02T11:51:00-04:00	8.595	8.6	8.5935	8.595	2256	yfinance_1m
2026-09-02T11:52:00-04:00	8.6	8.6	8.595	8.6	2100	yfinance_1m
2026-09-02T11:53:00-04:00	8.6	8.6	8.595	8.595	1621	yfinance_1m
2026-09-02T11:54:00-04:00	8.595	8.595	8.595	8.595	2999	yfinance_1m
2026-09-02T11:55:00-04:00	8.5951	8.5951	8.595	8.595	1661	yfinance_1m
2026-09-02T11:56:00-04:00	8.595	8.6	8.595	8.6	4164	yfinance_1m
2026-09-02T11:57:00-04:00	8.605	8.615	8.605	8.605	4216	yfinance_1m
2026-09-02T11:58:00-04:00	8.605	8.62	8.605	8.62	2002	yfinance_1m
2026-09-02T11:59:00-04:00	8.615	8.64	8.61	8.63	3459	yfinance_1m
2026-09-02T12:00:00-04:00	8.66	8.66	8.64	8.65	2716	yfinance_1m
2026-09-02T12:01:00-04:00	8.645	8.645	8.62	8.63	7530	yfinance_1m
2026-09-02T12:02:00-04:00	8.63	8.64	8.53	8.53	106096	yfinance_1m
2026-09-02T12:03:00-04:00	8.53	8.53	8.51	8.515	48057	yfinance_1m
2026-09-02T12:04:00-04:00	8.515	8.515	8.47	8.5	22152	yfinance_1m
2026-09-02T12:05:00-04:00	8.5	8.5	8.485	8.5	9095	yfinance_1m
2026-09-02T12:06:00-04:00	8.49	8.5	8.47	8.48	3381	yfinance_1m
2026-09-02T12:07:00-04:00	8.48	8.5	8.475	8.5	5635	yfinance_1m
2026-09-02T12:08:00-04:00	8.495	8.5	8.49	8.495	4455	yfinance_1m
2026-09-02T12:09:00-04:00	8.495	8.52	8.495	8.52	10380	yfinance_1m
2026-09-02T12:10:00-04:00	8.52	8.525	8.52	8.52	2873	yfinance_1m
2026-09-02T12:11:00-04:00	8.525	8.525	8.52	8.52	2069	yfinance_1m
2026-09-02T12:12:00-04:00	8.52	8.52	8.5	8.52	7891	yfinance_1m
2026-09-02T12:13:00-04:00	8.515	8.5198	8.51	8.5198	1413	yfinance_1m
2026-09-02T12:14:00-04:00	8.515	8.5402	8.515	8.54	5064	yfinance_1m
2026-09-02T12:15:00-04:00	8.54	8.54	8.54	8.54	1176	yfinance_1m
2026-09-02T12:16:00-04:00	8.54	8.54	8.54	8.54	914	yfinance_1m
2026-09-02T12:17:00-04:00	8.54	8.54	8.52	8.535	3881	yfinance_1m
2026-09-02T12:18:00-04:00	8.535	8.535	8.52	8.52	4953	yfinance_1m
2026-09-02T12:19:00-04:00	8.525	8.53	8.525	8.5252	1861	yfinance_1m
2026-09-02T12:20:00-04:00	8.525	8.525	8.52	8.525	1659	yfinance_1m
2026-09-02T12:21:00-04:00	8.525	8.525	8.515	8.5199	2610	yfinance_1m
2026-09-02T12:22:00-04:00	8.515	8.56	8.515	8.56	12988	yfinance_1m
2026-09-02T12:23:00-04:00	8.56	8.575	8.56	8.575	7579	yfinance_1m
2026-09-02T12:24:00-04:00	8.57	8.57	8.55	8.55	4536	yfinance_1m
2026-09-02T12:25:00-04:00	8.55	8.56	8.55	8.56	2984	yfinance_1m
2026-09-02T12:26:00-04:00	8.55	8.55	8.55	8.55	1125	yfinance_1m
2026-09-02T12:27:00-04:00	8.55	8.55	8.55	8.55	1569	yfinance_1m
2026-09-02T12:28:00-04:00	8.55	8.5599	8.54	8.555	1752	yfinance_1m
2026-09-02T12:29:00-04:00	8.55	8.57	8.54	8.567	17693	yfinance_1m
2026-09-02T12:30:00-04:00	8.57	8.59	8.565	8.58	6813	yfinance_1m
2026-09-02T12:31:00-04:00	8.585	8.585	8.57	8.57	1561	yfinance_1m
2026-09-02T12:32:00-04:00	8.58	8.58	8.58	8.58	1233	yfinance_1m
2026-09-02T12:33:00-04:00	8.58	8.58	8.58	8.58	658	yfinance_1m
2026-09-02T12:34:00-04:00	8.58	8.58	8.58	8.58	808	yfinance_1m
2026-09-02T12:35:00-04:00	8.58	8.58	8.58	8.58	1377	yfinance_1m
2026-09-02T12:36:00-04:00	8.58	8.59	8.57	8.571	5418	yfinance_1m
2026-09-02T12:37:00-04:00	8.57	8.57	8.56	8.56	3237	yfinance_1m
2026-09-02T12:38:00-04:00	8.56	8.56	8.55	8.55	2074	yfinance_1m
2026-09-02T12:39:00-04:00	8.56	8.56	8.55	8.56	6083	yfinance_1m
2026-09-02T12:40:00-04:00	8.56	8.6	8.56	8.6	22564	yfinance_1m
2026-09-02T12:41:00-04:00	8.61	8.625	8.59	8.59	41320	yfinance_1m
2026-09-02T12:42:00-04:00	8.595	8.61	8.595	8.6	24113	yfinance_1m
2026-09-02T12:43:00-04:00	8.6	8.61	8.58	8.595	8613	yfinance_1m
2026-09-02T12:44:00-04:00	8.6	8.61	8.6	8.61	11269	yfinance_1m
2026-09-02T12:45:00-04:00	8.61	8.63	8.61	8.625	8177	yfinance_1m
2026-09-02T12:46:00-04:00	8.625	8.625	8.62	8.62	3987	yfinance_1m
2026-09-02T12:47:00-04:00	8.62	8.62	8.605	8.615	4828	yfinance_1m
2026-09-02T12:48:00-04:00	8.615	8.62	8.5903	8.62	10143	yfinance_1m
2026-09-02T12:49:00-04:00	8.605	8.62	8.59	8.62	3252	yfinance_1m
2026-09-02T12:50:00-04:00	8.62	8.62	8.6011	8.61	7497	yfinance_1m
2026-09-02T12:51:00-04:00	8.61	8.65	8.595	8.64	9003	yfinance_1m
2026-09-02T12:52:00-04:00	8.64	8.68	8.64	8.665	7745	yfinance_1m
2026-09-02T12:53:00-04:00	8.68	8.69	8.66	8.66	6931	yfinance_1m
2026-09-02T12:54:00-04:00	8.69	8.7	8.675	8.7	3697	yfinance_1m
2026-09-02T12:55:00-04:00	8.7	8.7	8.7	8.7	752	yfinance_1m
2026-09-02T12:56:00-04:00	8.68	8.72	8.68	8.715	28737	yfinance_1m
2026-09-02T12:57:00-04:00	8.715	8.715	8.7	8.7	1980	yfinance_1m
2026-09-02T12:58:00-04:00	8.7	8.7	8.68	8.68	2622	yfinance_1m
2026-09-02T12:59:00-04:00	8.685	8.7	8.685	8.7	3645	yfinance_1m
2026-09-02T13:00:00-04:00	8.69	8.71	8.69	8.71	4189	yfinance_1m
2026-09-02T13:01:00-04:00	8.71	8.71	8.7072	8.71	1203	yfinance_1m
2026-09-02T13:02:00-04:00	8.7	8.7	8.68	8.68	3310	yfinance_1m
2026-09-02T13:03:00-04:00	8.68	8.68	8.67	8.67	1960	yfinance_1m
2026-09-02T13:04:00-04:00	8.67	8.67	8.66	8.66	1523	yfinance_1m
2026-09-02T13:05:00-04:00	8.67	8.67	8.66	8.67	1932	yfinance_1m
2026-09-02T13:06:00-04:00	8.66	8.66	8.63	8.64	6186	yfinance_1m
2026-09-02T13:07:00-04:00	8.63	8.64	8.625	8.63	3414	yfinance_1m
2026-09-02T13:08:00-04:00	8.63	8.63	8.62	8.62	2926	yfinance_1m
2026-09-02T13:09:00-04:00	8.63	8.63	8.61	8.62	2942	yfinance_1m
2026-09-02T13:10:00-04:00	8.6218	8.6218	8.61	8.62	8376	yfinance_1m
2026-09-02T13:11:00-04:00	8.619	8.62	8.61	8.62	2693	yfinance_1m
2026-09-02T13:12:00-04:00	8.62	8.62	8.6001	8.605	3181	yfinance_1m
2026-09-02T13:13:00-04:00	8.605	8.62	8.605	8.61	7052	yfinance_1m
2026-09-02T13:14:00-04:00	8.62	8.62	8.61	8.61	787	yfinance_1m
2026-09-02T13:15:00-04:00	8.6	8.61	8.6	8.6	3027	yfinance_1m
2026-09-02T13:16:00-04:00	8.594	8.6	8.59	8.59	2244	yfinance_1m
2026-09-02T13:17:00-04:00	8.59	8.6	8.585	8.585	2940	yfinance_1m
2026-09-02T13:18:00-04:00	8.59	8.6	8.59	8.59	1370	yfinance_1m
2026-09-02T13:19:00-04:00	8.6	8.61	8.6	8.6	4941	yfinance_1m
2026-09-02T13:20:00-04:00	8.61	8.61	8.6	8.6	851	yfinance_1m
2026-09-02T13:21:00-04:00	8.6	8.61	8.6	8.61	2253	yfinance_1m
2026-09-02T13:22:00-04:00	8.605	8.61	8.605	8.605	1669	yfinance_1m
2026-09-02T13:23:00-04:00	8.61	8.61	8.605	8.61	1245	yfinance_1m
2026-09-02T13:24:00-04:00	8.605	8.61	8.6	8.605	2887	yfinance_1m
2026-09-02T13:25:00-04:00	8.605	8.605	8.595	8.595	2817	yfinance_1m
2026-09-02T13:26:00-04:00	8.6	8.6	8.595	8.595	884	yfinance_1m
2026-09-02T13:27:00-04:00	8.6	8.6	8.595	8.6	1327	yfinance_1m
2026-09-02T13:28:00-04:00	8.595	8.61	8.59	8.6	4393	yfinance_1m
2026-09-02T13:29:00-04:00	8.61	8.62	8.6	8.62	1689	yfinance_1m
2026-09-02T13:30:00-04:00	8.62	8.63	8.61	8.63	2457	yfinance_1m
2026-09-02T13:31:00-04:00	8.63	8.63	8.615	8.63	560	yfinance_1m
2026-09-02T13:32:00-04:00	8.63	8.63	8.615	8.63	1340	yfinance_1m
2026-09-02T13:33:00-04:00	8.615	8.63	8.61	8.62	2135	yfinance_1m
2026-09-02T13:34:00-04:00	8.63	8.63	8.62	8.625	3032	yfinance_1m
2026-09-02T13:35:00-04:00	8.625	8.64	8.625	8.63	5553	yfinance_1m
2026-09-02T13:36:00-04:00	8.63	8.63	8.63	8.63	1647	yfinance_1m
2026-09-02T13:37:00-04:00	8.63	8.63	8.63	8.63	1241	yfinance_1m
2026-09-02T13:38:00-04:00	8.63	8.63	8.63	8.63	1037	yfinance_1m
2026-09-02T13:39:00-04:00	8.62	8.63	8.62	8.63	1585	yfinance_1m
2026-09-02T13:40:00-04:00	8.63	8.64	8.62	8.635	4252	yfinance_1m
2026-09-02T13:41:00-04:00	8.64	8.64	8.605	8.61	5575	yfinance_1m
2026-09-02T13:42:00-04:00	8.61	8.63	8.605	8.62	2616	yfinance_1m
2026-09-02T13:43:00-04:00	8.62	8.63	8.62	8.63	2648	yfinance_1m
2026-09-02T13:44:00-04:00	8.63	8.64	8.6292	8.64	2055	yfinance_1m
2026-09-02T13:45:00-04:00	8.64	8.64	8.63	8.64	1176	yfinance_1m
2026-09-02T13:46:00-04:00	8.64	8.64	8.63	8.63	931	yfinance_1m
2026-09-02T13:47:00-04:00	8.64	8.65	8.63	8.65	4931	yfinance_1m
2026-09-02T13:48:00-04:00	8.6301	8.65	8.6301	8.645	3496	yfinance_1m
2026-09-02T13:49:00-04:00	8.645	8.655	8.645	8.655	5593	yfinance_1m
2026-09-02T13:50:00-04:00	8.66	8.66	8.6514	8.655	2772	yfinance_1m
2026-09-02T13:51:00-04:00	8.66	8.66	8.655	8.655	2070	yfinance_1m
2026-09-02T13:52:00-04:00	8.65	8.655	8.65	8.655	2357	yfinance_1m
2026-09-02T13:53:00-04:00	8.655	8.67	8.655	8.67	4147	yfinance_1m
2026-09-02T13:54:00-04:00	8.665	8.665	8.665	8.665	1293	yfinance_1m
2026-09-02T13:55:00-04:00	8.665	8.665	8.65	8.65	6186	yfinance_1m
2026-09-02T13:56:00-04:00	8.64	8.65	8.635	8.64	5058	yfinance_1m
2026-09-02T13:57:00-04:00	8.64	8.65	8.64	8.65	3448	yfinance_1m
2026-09-02T13:58:00-04:00	8.64	8.67	8.61	8.67	12147	yfinance_1m
2026-09-02T13:59:00-04:00	8.66	8.665	8.65	8.665	8947	yfinance_1m
2026-09-02T14:00:00-04:00	8.665	8.665	8.65	8.65	2408	yfinance_1m
2026-09-02T14:01:00-04:00	8.65	8.67	8.635	8.65	5431	yfinance_1m
2026-09-02T14:02:00-04:00	8.66	8.67	8.66	8.67	910	yfinance_1m
2026-09-02T14:03:00-04:00	8.67	8.7	8.67	8.7	1128	yfinance_1m
2026-09-02T14:04:00-04:00	8.69	8.69	8.68	8.69	2546	yfinance_1m
2026-09-02T14:05:00-04:00	8.69	8.69	8.665	8.665	4548	yfinance_1m
2026-09-02T14:06:00-04:00	8.67	8.68	8.67	8.6701	2244	yfinance_1m
2026-09-02T14:07:00-04:00	8.675	8.68	8.675	8.675	1744	yfinance_1m
2026-09-02T14:08:00-04:00	8.68	8.68	8.655	8.66	4521	yfinance_1m
2026-09-02T14:09:00-04:00	8.655	8.66	8.655	8.66	1494	yfinance_1m
2026-09-02T14:10:00-04:00	8.66	8.67	8.655	8.67	2820	yfinance_1m
2026-09-02T14:11:00-04:00	8.665	8.67	8.65	8.65	2658	yfinance_1m
2026-09-02T14:12:00-04:00	8.65	8.66	8.65	8.66	4349	yfinance_1m
2026-09-02T14:13:00-04:00	8.65	8.65	8.62	8.62	5379	yfinance_1m
2026-09-02T14:14:00-04:00	8.63	8.63	8.62	8.62	1002	yfinance_1m
2026-09-02T14:15:00-04:00	8.63	8.64	8.62	8.625	2365	yfinance_1m
2026-09-02T14:16:00-04:00	8.63	8.64	8.63	8.64	5203	yfinance_1m
2026-09-02T14:17:00-04:00	8.64	8.64	8.63	8.63	2173	yfinance_1m
2026-09-02T14:18:00-04:00	8.63	8.64	8.63	8.64	7224	yfinance_1m
2026-09-02T14:19:00-04:00	8.64	8.65	8.63	8.63	1644	yfinance_1m
2026-09-02T14:20:00-04:00	8.64	8.65	8.63	8.63	3688	yfinance_1m
2026-09-02T14:21:00-04:00	8.64	8.64	8.63	8.64	2438	yfinance_1m
2026-09-02T14:22:00-04:00	8.64	8.64	8.625	8.625	8456	yfinance_1m
2026-09-02T14:23:00-04:00	8.625	8.63	8.615	8.615	7678	yfinance_1m
2026-09-02T14:24:00-04:00	8.615	8.615	8.615	8.615	1088	yfinance_1m
2026-09-02T14:25:00-04:00	8.615	8.615	8.615	8.615	2147	yfinance_1m
2026-09-02T14:26:00-04:00	8.62	8.67	8.615	8.66	60483	yfinance_1m
2026-09-02T14:27:00-04:00	8.66	8.665	8.655	8.655	1504	yfinance_1m
2026-09-02T14:28:00-04:00	8.655	8.656101	8.655	8.655	1736	yfinance_1m
2026-09-02T14:29:00-04:00	8.66	8.66	8.655	8.655	1507	yfinance_1m
2026-09-02T14:30:00-04:00	8.655	8.66	8.655	8.655	2051	yfinance_1m
2026-09-02T14:31:00-04:00	8.65	8.65	8.615	8.615	5047	yfinance_1m
2026-09-02T14:32:00-04:00	8.615	8.635	8.615	8.63	6095	yfinance_1m
2026-09-02T14:33:00-04:00	8.635	8.64	8.63	8.63	5001	yfinance_1m
2026-09-02T14:34:00-04:00	8.63	8.63	8.63	8.63	1538	yfinance_1m
2026-09-02T14:35:00-04:00	8.63	8.63	8.63	8.63	1380	yfinance_1m
2026-09-02T14:36:00-04:00	8.63	8.63	8.62	8.62	5128	yfinance_1m
2026-09-02T14:37:00-04:00	8.63	8.63	8.62	8.63	1622	yfinance_1m
2026-09-02T14:38:00-04:00	8.63	8.63	8.62	8.62	2009	yfinance_1m
2026-09-02T14:39:00-04:00	8.62	8.62	8.61	8.61	2126	yfinance_1m
2026-09-02T14:40:00-04:00	8.61	8.615	8.6	8.61	2851	yfinance_1m
2026-09-02T14:41:00-04:00	8.6193	8.6193	8.595	8.6	10475	yfinance_1m
2026-09-02T14:42:00-04:00	8.61	8.61	8.6	8.61	3650	yfinance_1m
2026-09-02T14:43:00-04:00	8.605	8.61	8.605	8.61	2653	yfinance_1m
2026-09-02T14:44:00-04:00	8.61	8.62	8.61	8.62	4593	yfinance_1m
2026-09-02T14:45:00-04:00	8.62	8.645	8.62	8.64	7771	yfinance_1m
2026-09-02T14:46:00-04:00	8.65	8.65	8.64	8.65	2882	yfinance_1m
2026-09-02T14:47:00-04:00	8.645	8.65	8.64	8.64	1665	yfinance_1m
2026-09-02T14:48:00-04:00	8.635	8.6586	8.635	8.6586	5081	yfinance_1m
2026-09-02T14:49:00-04:00	8.655	8.66	8.645	8.645	6722	yfinance_1m
2026-09-02T14:50:00-04:00	8.65	8.67	8.645	8.66	4663	yfinance_1m
2026-09-02T14:51:00-04:00	8.67	8.67	8.66	8.66	928	yfinance_1m
2026-09-02T14:52:00-04:00	8.67	8.67	8.66	8.66	2793	yfinance_1m
2026-09-02T14:53:00-04:00	8.66	8.67	8.66	8.67	1690	yfinance_1m
2026-09-02T14:54:00-04:00	8.66	8.67	8.66	8.665	2731	yfinance_1m
2026-09-02T14:55:00-04:00	8.665	8.665	8.655	8.66	2170	yfinance_1m
2026-09-02T14:56:00-04:00	8.66	8.66	8.655	8.66	1895	yfinance_1m
2026-09-02T14:57:00-04:00	8.66	8.66	8.65	8.655	2466	yfinance_1m
2026-09-02T14:58:00-04:00	8.66	8.66	8.655	8.655	1454	yfinance_1m
2026-09-02T14:59:00-04:00	8.655	8.66	8.655	8.655	3421	yfinance_1m
2026-09-02T15:00:00-04:00	8.65	8.66	8.635	8.655	10264	yfinance_1m
2026-09-02T15:01:00-04:00	8.65	8.655	8.645	8.645	9986	yfinance_1m
2026-09-02T15:02:00-04:00	8.645	8.68	8.645	8.68	8540	yfinance_1m
2026-09-02T15:03:00-04:00	8.68	8.7	8.66	8.69	26955	yfinance_1m
2026-09-02T15:04:00-04:00	8.69	8.7	8.675	8.68	14758	yfinance_1m
2026-09-02T15:05:00-04:00	8.69	8.69	8.68	8.68	2656	yfinance_1m
2026-09-02T15:06:00-04:00	8.6791	8.69	8.6791	8.69	1966	yfinance_1m
2026-09-02T15:07:00-04:00	8.69	8.73	8.68	8.73	12480	yfinance_1m
2026-09-02T15:08:00-04:00	8.73	8.7681	8.73	8.74	6716	yfinance_1m
2026-09-02T15:09:00-04:00	8.75	8.75	8.7393	8.74	2110	yfinance_1m
2026-09-02T15:10:00-04:00	8.74	8.75	8.74	8.74	5411	yfinance_1m
2026-09-02T15:11:00-04:00	8.75	8.75	8.74	8.74	3769	yfinance_1m
2026-09-02T15:12:00-04:00	8.74	8.745	8.725	8.74	18485	yfinance_1m
2026-09-02T15:13:00-04:00	8.75	8.78	8.745	8.78	7287	yfinance_1m
2026-09-02T15:14:00-04:00	8.775	8.785	8.755	8.755	9760	yfinance_1m
2026-09-02T15:15:00-04:00	8.76	8.78	8.76	8.77	3501	yfinance_1m
2026-09-02T15:16:00-04:00	8.77	8.78	8.77	8.78	3085	yfinance_1m
2026-09-02T15:17:00-04:00	8.78	8.78	8.77	8.78	6411	yfinance_1m
2026-09-02T15:18:00-04:00	8.78	8.79	8.775	8.78	6255	yfinance_1m
2026-09-02T15:19:00-04:00	8.77	8.78	8.77	8.78	2244	yfinance_1m
2026-09-02T15:20:00-04:00	8.78	8.78	8.77	8.77	4221	yfinance_1m
2026-09-02T15:21:00-04:00	8.77	8.78	8.76	8.77	5531	yfinance_1m
2026-09-02T15:22:00-04:00	8.77	8.78	8.77	8.77	2532	yfinance_1m
2026-09-02T15:23:00-04:00	8.78	8.8	8.77	8.8	11428	yfinance_1m
2026-09-02T15:24:00-04:00	8.795	8.805	8.785	8.79	8746	yfinance_1m
2026-09-02T15:25:00-04:00	8.79	8.79	8.74	8.76	36927	yfinance_1m
2026-09-02T15:26:00-04:00	8.76	8.78	8.76	8.78	5457	yfinance_1m
2026-09-02T15:27:00-04:00	8.79	8.8	8.785	8.79	3936	yfinance_1m
2026-09-02T15:28:00-04:00	8.8	8.8	8.7817	8.79	2010	yfinance_1m
2026-09-02T15:29:00-04:00	8.79	8.79	8.78	8.79	5459	yfinance_1m
2026-09-02T15:30:00-04:00	8.785	8.8	8.785	8.8	5869	yfinance_1m
2026-09-02T15:31:00-04:00	8.795	8.8	8.775	8.775	19518	yfinance_1m
2026-09-02T15:32:00-04:00	8.775	8.78	8.77	8.775	1944	yfinance_1m
2026-09-02T15:33:00-04:00	8.775	8.78	8.735	8.735	21200	yfinance_1m
2026-09-02T15:34:00-04:00	8.735	8.745	8.735	8.735	7871	yfinance_1m
2026-09-02T15:35:00-04:00	8.73	8.73	8.705	8.71	14244	yfinance_1m
2026-09-02T15:36:00-04:00	8.71	8.72	8.71	8.71	5757	yfinance_1m
2026-09-02T15:37:00-04:00	8.71	8.71	8.7	8.705	3946	yfinance_1m
2026-09-02T15:38:00-04:00	8.705	8.705	8.69	8.695	8159	yfinance_1m
2026-09-02T15:39:00-04:00	8.695	8.71	8.69	8.705	8233	yfinance_1m
2026-09-02T15:40:00-04:00	8.705	8.75	8.705	8.74	19185	yfinance_1m
2026-09-02T15:41:00-04:00	8.75	8.75	8.735	8.745	14160	yfinance_1m
2026-09-02T15:42:00-04:00	8.745	8.745	8.73	8.73	7531	yfinance_1m
2026-09-02T15:43:00-04:00	8.73	8.75	8.73	8.75	7123	yfinance_1m
2026-09-02T15:44:00-04:00	8.74	8.75	8.73	8.74	12225	yfinance_1m
2026-09-02T15:45:00-04:00	8.74	8.7402	8.73	8.73	4790	yfinance_1m
2026-09-02T15:46:00-04:00	8.725	8.74	8.725	8.735	7851	yfinance_1m
2026-09-02T15:47:00-04:00	8.735	8.745	8.735	8.735	7785	yfinance_1m
2026-09-02T15:48:00-04:00	8.735	8.735	8.72	8.72	10847	yfinance_1m
2026-09-02T15:49:00-04:00	8.715	8.725	8.705	8.72	19077	yfinance_1m
2026-09-02T15:50:00-04:00	8.72	8.73	8.71	8.71	18368	yfinance_1m
2026-09-02T15:51:00-04:00	8.72	8.73	8.69	8.69	14012	yfinance_1m
2026-09-02T15:52:00-04:00	8.7	8.705	8.68	8.69	14276	yfinance_1m
2026-09-02T15:53:00-04:00	8.695	8.705	8.685	8.69	18591	yfinance_1m
2026-09-02T15:54:00-04:00	8.69	8.715	8.69	8.715	13844	yfinance_1m
2026-09-02T15:55:00-04:00	8.71	8.71	8.67	8.69	30291	yfinance_1m
2026-09-02T15:56:00-04:00	8.69	8.715	8.69	8.705	25857	yfinance_1m
2026-09-02T15:57:00-04:00	8.705	8.73	8.69	8.7	45587	yfinance_1m
2026-09-02T15:58:00-04:00	8.7	8.705	8.69	8.695	50530	yfinance_1m
2026-09-02T15:59:00-04:00	8.695	8.7	8.66	8.68	111701	yfinance_1m
2026-09-03T09:30:00-04:00	8.84	8.89	8.77	8.77	31062	yfinance_1m
2026-09-03T09:31:00-04:00	8.84	8.84	8.785	8.805	3152	yfinance_1m
2026-09-03T09:32:00-04:00	8.84	8.84	8.805	8.805	1272	yfinance_1m
2026-09-03T09:33:00-04:00	8.82	8.87	8.8	8.855	8790	yfinance_1m
2026-09-03T09:34:00-04:00	8.88	8.88	8.795	8.83	8205	yfinance_1m
2026-09-03T09:35:00-04:00	8.86	8.91	8.835	8.86	11826	yfinance_1m
2026-09-03T09:36:00-04:00	8.85	8.85	8.8	8.815	7194	yfinance_1m
2026-09-03T09:37:00-04:00	8.8	8.86	8.79	8.86	4907	yfinance_1m
2026-09-03T09:38:00-04:00	8.845	8.89	8.84	8.865	12543	yfinance_1m
2026-09-03T09:39:00-04:00	8.84	8.85	8.8	8.81	7853	yfinance_1m
2026-09-03T09:40:00-04:00	8.81	8.82	8.8	8.8	3716	yfinance_1m
2026-09-03T09:41:00-04:00	8.8	8.83	8.79	8.81	4732	yfinance_1m
2026-09-03T09:42:00-04:00	8.79	8.86	8.78	8.86	8100	yfinance_1m
2026-09-03T09:43:00-04:00	8.84	8.84	8.79	8.8368	4042	yfinance_1m
2026-09-03T09:44:00-04:00	8.825	8.825	8.795	8.81	5877	yfinance_1m
2026-09-03T09:45:00-04:00	8.82	8.9	8.8	8.9	3638	yfinance_1m
2026-09-03T09:46:00-04:00	8.92	8.98	8.919	8.96	9166	yfinance_1m
2026-09-03T09:47:00-04:00	8.96	8.98	8.96	8.98	2411	yfinance_1m
2026-09-03T09:48:00-04:00	8.98	9.0	8.96	9.0	8821	yfinance_1m
2026-09-03T09:49:00-04:00	8.96	8.96	8.8415	8.8415	14590	yfinance_1m
2026-09-03T09:50:00-04:00	8.86	8.879	8.85	8.875	7455	yfinance_1m
2026-09-03T09:51:00-04:00	8.884	8.93	8.884	8.91	2840	yfinance_1m
2026-09-03T09:52:00-04:00	8.915	8.9299	8.91	8.92	3125	yfinance_1m
2026-09-03T09:53:00-04:00	8.92	8.92	8.87	8.875	3210	yfinance_1m
2026-09-03T09:54:00-04:00	8.86	8.86	8.805	8.805	4762	yfinance_1m
2026-09-03T09:55:00-04:00	8.83	8.844499	8.83	8.844499	3112	yfinance_1m
2026-09-03T09:56:00-04:00	8.81	8.84	8.81	8.82	1388	yfinance_1m
2026-09-03T09:57:00-04:00	8.81	8.86	8.72	8.76	20516	yfinance_1m
2026-09-03T09:58:00-04:00	8.75	8.77	8.7	8.72	3325	yfinance_1m
2026-09-03T09:59:00-04:00	8.73	8.75	8.72	8.75	9179	yfinance_1m
2026-09-03T10:00:00-04:00	8.82	8.82	8.7	8.71	4827	yfinance_1m
2026-09-03T10:01:00-04:00	8.69	8.69	8.615	8.655	24317	yfinance_1m
2026-09-03T10:02:00-04:00	8.65	8.71	8.65	8.69	3726	yfinance_1m
2026-09-03T10:03:00-04:00	8.68	8.68	8.64	8.64	10859	yfinance_1m
2026-09-03T10:04:00-04:00	8.665	8.665	8.64	8.64	3110	yfinance_1m
2026-09-03T10:05:00-04:00	8.655	8.68	8.64	8.67	32108	yfinance_1m
2026-09-03T10:06:00-04:00	8.669	8.669	8.62	8.625	4940	yfinance_1m
2026-09-03T10:07:00-04:00	8.63	8.66	8.63	8.66	2701	yfinance_1m
2026-09-03T10:08:00-04:00	8.61	8.61	8.595	8.6	11044	yfinance_1m
2026-09-03T10:09:00-04:00	8.6	8.635	8.595	8.625	9122	yfinance_1m
2026-09-03T10:10:00-04:00	8.6101	8.63	8.6	8.63	3471	yfinance_1m
2026-09-03T10:11:00-04:00	8.58	8.5987	8.57	8.59	4257	yfinance_1m
2026-09-03T10:12:00-04:00	8.59	8.605	8.57	8.605	2111	yfinance_1m
2026-09-03T10:13:00-04:00	8.61	8.6237	8.57	8.57	4074	yfinance_1m
2026-09-03T10:14:00-04:00	8.5601	8.63	8.55	8.63	19582	yfinance_1m
2026-09-03T10:15:00-04:00	8.6	8.6	8.56	8.6	3007	yfinance_1m
2026-09-03T10:16:00-04:00	8.67	8.7	8.665	8.665	8132	yfinance_1m
2026-09-03T10:17:00-04:00	8.675	8.7	8.675	8.7	3790	yfinance_1m
2026-09-03T10:18:00-04:00	8.67	8.675	8.64	8.655	4507	yfinance_1m
2026-09-03T10:19:00-04:00	8.67	8.6885	8.65	8.665	3289	yfinance_1m
2026-09-03T10:20:00-04:00	8.64	8.665	8.64	8.665	1796	yfinance_1m
2026-09-03T10:21:00-04:00	8.665	8.69	8.665	8.67	3584	yfinance_1m
2026-09-03T10:22:00-04:00	8.67	8.67	8.61	8.61	5070	yfinance_1m
2026-09-03T10:23:00-04:00	8.615	8.64	8.615	8.625	2460	yfinance_1m
2026-09-03T10:24:00-04:00	8.63	8.63	8.61	8.611	3111	yfinance_1m
2026-09-03T10:25:00-04:00	8.61	8.6108	8.6054	8.6097	3030	yfinance_1m
2026-09-03T10:26:00-04:00	8.6	8.6	8.58	8.58	2927	yfinance_1m
2026-09-03T10:27:00-04:00	8.575	8.58	8.57	8.58	3520	yfinance_1m
2026-09-03T10:28:00-04:00	8.58	8.6072	8.58	8.58	3900	yfinance_1m
2026-09-03T10:29:00-04:00	8.57	8.57	8.57	8.57	2970	yfinance_1m
2026-09-03T10:30:00-04:00	8.57	8.57	8.56	8.56	6985	yfinance_1m
2026-09-03T10:31:00-04:00	8.56	8.57	8.54	8.55	8333	yfinance_1m
2026-09-03T10:32:00-04:00	8.55	8.55	8.54	8.545	3354	yfinance_1m
2026-09-03T10:33:00-04:00	8.54	8.57	8.54	8.55	13731	yfinance_1m
2026-09-03T10:34:00-04:00	8.5414	8.5414	8.54	8.54	808	yfinance_1m
2026-09-03T10:35:00-04:00	8.54	8.54	8.53	8.53	4798	yfinance_1m
2026-09-03T10:36:00-04:00	8.53	8.55	8.495	8.5	16334	yfinance_1m
2026-09-03T10:37:00-04:00	8.5	8.5	8.475	8.478	5850	yfinance_1m
2026-09-03T10:38:00-04:00	8.475	8.49	8.475	8.48	8113	yfinance_1m
2026-09-03T10:39:00-04:00	8.4855	8.49	8.4855	8.49	1663	yfinance_1m
2026-09-03T10:40:00-04:00	8.49	8.5	8.4896	8.49	3462	yfinance_1m
2026-09-03T10:41:00-04:00	8.48	8.48	8.47	8.48	6441	yfinance_1m
2026-09-03T10:42:00-04:00	8.48	8.49	8.4703	8.49	3864	yfinance_1m
2026-09-03T10:43:00-04:00	8.48	8.49	8.48	8.49	3292	yfinance_1m
2026-09-03T10:44:00-04:00	8.49	8.49	8.485	8.485	2151	yfinance_1m
2026-09-03T10:45:00-04:00	8.485	8.4904	8.485	8.49	2602	yfinance_1m
2026-09-03T10:46:00-04:00	8.49	8.5	8.49	8.4976	11884	yfinance_1m
2026-09-03T10:47:00-04:00	8.5	8.5155	8.5	8.5	7976	yfinance_1m
2026-09-03T10:48:00-04:00	8.51	8.51	8.48	8.48	4786	yfinance_1m
2026-09-03T10:49:00-04:00	8.48	8.48	8.46	8.46	8778	yfinance_1m
2026-09-03T10:50:00-04:00	8.4572	8.4572	8.4355	8.44	9459	yfinance_1m
2026-09-03T10:51:00-04:00	8.4402	8.45	8.43	8.4372	9644	yfinance_1m
2026-09-03T10:52:00-04:00	8.43	8.4351	8.43	8.4301	5439	yfinance_1m
2026-09-03T10:53:00-04:00	8.43	8.4399	8.42	8.43	9824	yfinance_1m
2026-09-03T10:54:00-04:00	8.43	8.441	8.43	8.44	6448	yfinance_1m
2026-09-03T10:55:00-04:00	8.4499	8.45	8.435	8.44	9350	yfinance_1m
2026-09-03T10:56:00-04:00	8.4351	8.49	8.4	8.455	45877	yfinance_1m
2026-09-03T10:57:00-04:00	8.45	8.51	8.45	8.51	7853	yfinance_1m
2026-09-03T10:58:00-04:00	8.51	8.51	8.51	8.51	2360	yfinance_1m
2026-09-03T10:59:00-04:00	8.51	8.52	8.51	8.515	3249	yfinance_1m
2026-09-03T11:00:00-04:00	8.515	8.55	8.515	8.55	9207	yfinance_1m
2026-09-03T11:01:00-04:00	8.55	8.55	8.54	8.54	9619	yfinance_1m
2026-09-03T11:02:00-04:00	8.54	8.55	8.5201	8.5201	2887	yfinance_1m
2026-09-03T11:03:00-04:00	8.535	8.54	8.535	8.54	826	yfinance_1m
2026-09-03T11:04:00-04:00	8.54	8.5532	8.54	8.5532	2371	yfinance_1m
2026-09-03T11:05:00-04:00	8.545	8.55	8.54	8.545	3617	yfinance_1m
2026-09-03T11:06:00-04:00	8.54	8.54	8.4995	8.4995	5672	yfinance_1m
2026-09-03T11:07:00-04:00	8.5199	8.5199	8.5	8.51	4178	yfinance_1m
2026-09-03T11:08:00-04:00	8.52	8.52	8.51	8.51	1260	yfinance_1m
2026-09-03T11:09:00-04:00	8.51	8.51	8.505	8.505	2806	yfinance_1m
2026-09-03T11:10:00-04:00	8.5051	8.5051	8.47	8.47	9347	yfinance_1m
2026-09-03T11:11:00-04:00	8.47	8.47	8.455	8.455	6457	yfinance_1m
2026-09-03T11:12:00-04:00	8.46	8.48	8.46	8.48	3743	yfinance_1m
2026-09-03T11:13:00-04:00	8.47	8.4803	8.46	8.48	1794	yfinance_1m
2026-09-03T11:14:00-04:00	8.49	8.5014	8.49	8.5	2434	yfinance_1m
2026-09-03T11:15:00-04:00	8.505	8.505	8.46	8.46	6915	yfinance_1m
2026-09-03T11:16:00-04:00	8.46	8.47	8.46	8.46	6649	yfinance_1m
2026-09-03T11:17:00-04:00	8.455	8.475	8.455	8.465	6646	yfinance_1m
2026-09-03T11:18:00-04:00	8.475	8.48	8.475	8.48	3672	yfinance_1m
2026-09-03T11:19:00-04:00	8.472	8.472	8.46	8.46	7790	yfinance_1m
2026-09-03T11:20:00-04:00	8.46	8.46	8.435	8.4471	14125	yfinance_1m
2026-09-03T11:21:00-04:00	8.44	8.445	8.43	8.44	1704	yfinance_1m
2026-09-03T11:22:00-04:00	8.44	8.4675	8.44	8.4675	5242	yfinance_1m
2026-09-03T11:23:00-04:00	8.46	8.46	8.45	8.455	4139	yfinance_1m
2026-09-03T11:24:00-04:00	8.455	8.455	8.4501	8.4501	2661	yfinance_1m
2026-09-03T11:25:00-04:00	8.45	8.45	8.45	8.45	2254	yfinance_1m
2026-09-03T11:26:00-04:00	8.445	8.45	8.445	8.45	6362	yfinance_1m
2026-09-03T11:27:00-04:00	8.455	8.455	8.435	8.44	3686	yfinance_1m
2026-09-03T11:28:00-04:00	8.44	8.455	8.44	8.445	3614	yfinance_1m
2026-09-03T11:29:00-04:00	8.45	8.47	8.445	8.455	6009	yfinance_1m
2026-09-03T11:30:00-04:00	8.458	8.458	8.45	8.455	3589	yfinance_1m
2026-09-03T11:31:00-04:00	8.46	8.465	8.46	8.46	4941	yfinance_1m
2026-09-03T11:32:00-04:00	8.46	8.46	8.46	8.46	2635	yfinance_1m
2026-09-03T11:33:00-04:00	8.45	8.45	8.43	8.43	9041	yfinance_1m
2026-09-03T11:34:00-04:00	8.43	8.48	8.43	8.465	8129	yfinance_1m
2026-09-03T11:35:00-04:00	8.47	8.48	8.47	8.47	3656	yfinance_1m
2026-09-03T11:36:00-04:00	8.47	8.47	8.46	8.46	9113	yfinance_1m
2026-09-03T11:37:00-04:00	8.47	8.47	8.46	8.46	2697	yfinance_1m
2026-09-03T11:38:00-04:00	8.45	8.45	8.45	8.45	2745	yfinance_1m
2026-09-03T11:39:00-04:00	8.45	8.46	8.45	8.46	3500	yfinance_1m
2026-09-03T11:40:00-04:00	8.46	8.47	8.4501	8.4501	1157	yfinance_1m
2026-09-03T11:41:00-04:00	8.46	8.46	8.46	8.46	1724	yfinance_1m
2026-09-03T11:42:00-04:00	8.46	8.465	8.46	8.465	2028	yfinance_1m
2026-09-03T11:43:00-04:00	8.46	8.465	8.46	8.465	1632	yfinance_1m
2026-09-03T11:44:00-04:00	8.465	8.47	8.455	8.46	14850	yfinance_1m
2026-09-03T11:45:00-04:00	8.46	8.46	8.455	8.455	2242	yfinance_1m
2026-09-03T11:46:00-04:00	8.46	8.5045	8.455	8.49	6572	yfinance_1m
2026-09-03T11:47:00-04:00	8.5	8.5	8.48	8.49	3860	yfinance_1m
2026-09-03T11:48:00-04:00	8.48	8.48	8.47	8.47	4340	yfinance_1m
2026-09-03T11:49:00-04:00	8.475	8.475	8.46	8.47	2787	yfinance_1m
2026-09-03T11:50:00-04:00	8.45	8.47	8.45	8.47	1163	yfinance_1m
2026-09-03T11:51:00-04:00	8.47	8.49	8.47	8.47	2856	yfinance_1m
2026-09-03T11:52:00-04:00	8.47	8.48	8.465	8.465	3061	yfinance_1m
2026-09-03T11:53:00-04:00	8.46	8.47	8.46	8.465	2477	yfinance_1m
2026-09-03T11:54:00-04:00	8.465	8.49	8.46	8.49	4202	yfinance_1m
2026-09-03T11:55:00-04:00	8.49	8.5	8.49	8.495	3974	yfinance_1m
2026-09-03T11:56:00-04:00	8.49	8.49	8.48	8.48	5167	yfinance_1m
2026-09-03T11:57:00-04:00	8.48	8.48	8.48	8.48	846	yfinance_1m
2026-09-03T11:58:00-04:00	8.47	8.48	8.46	8.48	7056	yfinance_1m
2026-09-03T11:59:00-04:00	8.47	8.48	8.47	8.47	4706	yfinance_1m
2026-09-03T12:00:00-04:00	8.48	8.48	8.48	8.48	3885	yfinance_1m
2026-09-03T12:01:00-04:00	8.48	8.48	8.48	8.48	2606	yfinance_1m
2026-09-03T12:02:00-04:00	8.47	8.48	8.47	8.47	1966	yfinance_1m
2026-09-03T12:03:00-04:00	8.47	8.47	8.47	8.47	1483	yfinance_1m
2026-09-03T12:04:00-04:00	8.46	8.47	8.455	8.455	7693	yfinance_1m
2026-09-03T12:05:00-04:00	8.4554	8.46	8.455	8.455	3557	yfinance_1m
2026-09-03T12:06:00-04:00	8.455	8.46	8.45	8.455	8758	yfinance_1m
2026-09-03T12:07:00-04:00	8.455	8.455	8.45	8.45	6110	yfinance_1m
2026-09-03T12:08:00-04:00	8.45	8.4599	8.445	8.445	5606	yfinance_1m
2026-09-03T12:09:00-04:00	8.445	8.445	8.44	8.44	953	yfinance_1m
2026-09-03T12:10:00-04:00	8.445	8.445	8.425	8.435	12330	yfinance_1m
2026-09-03T12:11:00-04:00	8.435	8.435	8.42	8.425	3815	yfinance_1m
2026-09-03T12:12:00-04:00	8.4302	8.435	8.43	8.43	1533	yfinance_1m
2026-09-03T12:13:00-04:00	8.435	8.44	8.43	8.435	8872	yfinance_1m
2026-09-03T12:14:00-04:00	8.44	8.45	8.44	8.45	3625	yfinance_1m
2026-09-03T12:15:00-04:00	8.45	8.465	8.45	8.465	2692	yfinance_1m
2026-09-03T12:16:00-04:00	8.465	8.47	8.46	8.465	3813	yfinance_1m
2026-09-03T12:17:00-04:00	8.465	8.465	8.445	8.445	7519	yfinance_1m
2026-09-03T12:18:00-04:00	8.45	8.46	8.45	8.45	4776	yfinance_1m
2026-09-03T12:19:00-04:00	8.455	8.465	8.455	8.46	2975	yfinance_1m
2026-09-03T12:20:00-04:00	8.46	8.46	8.46	8.46	977	yfinance_1m
2026-09-03T12:21:00-04:00	8.46	8.47	8.46	8.47	2997	yfinance_1m
2026-09-03T12:22:00-04:00	8.4799	8.4799	8.46	8.465	1730	yfinance_1m
2026-09-03T12:23:00-04:00	8.46	8.46	8.452	8.46	1806	yfinance_1m
2026-09-03T12:24:00-04:00	8.46	8.48	8.455	8.48	9401	yfinance_1m
2026-09-03T12:25:00-04:00	8.47	8.47	8.47	8.47	2019	yfinance_1m
2026-09-03T12:26:00-04:00	8.47	8.48	8.47	8.47	10153	yfinance_1m
2026-09-03T12:27:00-04:00	8.47	8.47	8.43	8.445	10650	yfinance_1m
2026-09-03T12:28:00-04:00	8.44	8.445	8.43	8.44	4942	yfinance_1m
2026-09-03T12:29:00-04:00	8.45	8.4592	8.44	8.44	5927	yfinance_1m
2026-09-03T12:30:00-04:00	8.45	8.45	8.45	8.45	766	yfinance_1m
2026-09-03T12:31:00-04:00	8.45	8.45	8.44	8.45	1999	yfinance_1m
2026-09-03T12:32:00-04:00	8.44	8.45	8.44	8.44	3978	yfinance_1m
2026-09-03T12:33:00-04:00	8.45	8.46	8.445	8.46	3304	yfinance_1m
2026-09-03T12:34:00-04:00	8.465	8.465	8.465	8.465	2805	yfinance_1m
2026-09-03T12:35:00-04:00	8.47	8.47	8.44	8.45	8475	yfinance_1m
2026-09-03T12:36:00-04:00	8.46	8.46	8.45	8.45	2943	yfinance_1m
2026-09-03T12:38:00-04:00	8.455	8.47	8.455	8.46	3565	yfinance_1m
2026-09-03T12:39:00-04:00	8.47	8.47	8.4698	8.47	1605	yfinance_1m
2026-09-03T12:40:00-04:00	8.46	8.46	8.45	8.46	4509	yfinance_1m
2026-09-03T12:41:00-04:00	8.46	8.46	8.46	8.46	814	yfinance_1m
2026-09-03T12:42:00-04:00	8.465	8.465	8.455	8.455	3003	yfinance_1m
2026-09-03T12:43:00-04:00	8.4661	8.4661	8.455	8.455	3090	yfinance_1m
2026-09-03T12:44:00-04:00	8.46	8.46	8.46	8.46	1141	yfinance_1m
2026-09-03T12:45:00-04:00	8.45	8.45	8.45	8.45	920	yfinance_1m
2026-09-03T12:46:00-04:00	8.46	8.4602	8.45	8.45	1130	yfinance_1m
2026-09-03T12:47:00-04:00	8.46	8.4601	8.45	8.46	2456	yfinance_1m
2026-09-03T12:48:00-04:00	8.46	8.46	8.46	8.46	1300	yfinance_1m
2026-09-03T12:49:00-04:00	8.46	8.475	8.45	8.46	4545	yfinance_1m
2026-09-03T12:50:00-04:00	8.47	8.47	8.44	8.44	13182	yfinance_1m
2026-09-03T12:51:00-04:00	8.435	8.441	8.43	8.44	7249	yfinance_1m
2026-09-03T12:52:00-04:00	8.45	8.4559	8.44	8.455	3598	yfinance_1m
2026-09-03T12:53:00-04:00	8.45	8.45	8.44	8.45	4386	yfinance_1m
2026-09-03T12:54:00-04:00	8.46	8.46	8.4586	8.46	2905	yfinance_1m
2026-09-03T12:55:00-04:00	8.465	8.47	8.46	8.47	2794	yfinance_1m
2026-09-03T12:56:00-04:00	8.48	8.48	8.46	8.47	1535	yfinance_1m
2026-09-03T12:57:00-04:00	8.46	8.46	8.45	8.45	3078	yfinance_1m
2026-09-03T12:58:00-04:00	8.45	8.45	8.44	8.44	1130	yfinance_1m
2026-09-03T12:59:00-04:00	8.46	8.47	8.45	8.47	4759	yfinance_1m
2026-09-03T13:00:00-04:00	8.47	8.47	8.455	8.455	4053	yfinance_1m
2026-09-03T13:01:00-04:00	8.4592	8.46	8.45	8.45	3298	yfinance_1m
2026-09-03T13:03:00-04:00	8.455	8.455	8.455	8.455	741	yfinance_1m
2026-09-03T13:04:00-04:00	8.455	8.455	8.45	8.45	1835	yfinance_1m
2026-09-03T13:05:00-04:00	8.45	8.46	8.45	8.455	7251	yfinance_1m
2026-09-03T13:06:00-04:00	8.47	8.47	8.455	8.455	3085	yfinance_1m
2026-09-03T13:07:00-04:00	8.45	8.47	8.45	8.46	3544	yfinance_1m
2026-09-03T13:08:00-04:00	8.46	8.47	8.46	8.46	4212	yfinance_1m
2026-09-03T13:09:00-04:00	8.46	8.46	8.46	8.46	1204	yfinance_1m
2026-09-03T13:10:00-04:00	8.46	8.4693	8.45	8.455	17560	yfinance_1m
2026-09-03T13:11:00-04:00	8.45	8.45	8.45	8.45	823	yfinance_1m
2026-09-03T13:12:00-04:00	8.45	8.46	8.45	8.46	2888	yfinance_1m
2026-09-03T13:13:00-04:00	8.45	8.46	8.44	8.45	13670	yfinance_1m
2026-09-03T13:14:00-04:00	8.4504	8.46	8.45	8.455	4395	yfinance_1m
2026-09-03T13:15:00-04:00	8.4699	8.4699	8.4699	8.4699	1112	yfinance_1m
2026-09-03T13:16:00-04:00	8.465	8.465	8.455	8.46	3713	yfinance_1m
2026-09-03T13:17:00-04:00	8.46	8.47	8.46	8.46	4644	yfinance_1m
2026-09-03T13:18:00-04:00	8.47	8.47	8.47	8.47	1260	yfinance_1m
2026-09-03T13:19:00-04:00	8.47	8.47	8.46	8.46	2416	yfinance_1m
2026-09-03T13:20:00-04:00	8.46	8.4636	8.46	8.46	3058	yfinance_1m
2026-09-03T13:21:00-04:00	8.46	8.46	8.46	8.46	2024	yfinance_1m
2026-09-03T13:22:00-04:00	8.46	8.46	8.46	8.46	1392	yfinance_1m
2026-09-03T13:23:00-04:00	8.46	8.46	8.46	8.46	1198	yfinance_1m
2026-09-03T13:24:00-04:00	8.47	8.47	8.46	8.465	1786	yfinance_1m
2026-09-03T13:25:00-04:00	8.465	8.48	8.46	8.475	2280	yfinance_1m
2026-09-03T13:26:00-04:00	8.475	8.485	8.475	8.485	2149	yfinance_1m
2026-09-03T13:27:00-04:00	8.485	8.51	8.48	8.51	19610	yfinance_1m
2026-09-03T13:28:00-04:00	8.5049	8.51	8.49	8.495	11997	yfinance_1m
2026-09-03T13:29:00-04:00	8.49	8.56	8.49	8.56	8461	yfinance_1m
2026-09-03T13:30:00-04:00	8.57	8.6	8.55	8.59	47177	yfinance_1m
2026-09-03T13:31:00-04:00	8.58	8.595	8.58	8.595	8074	yfinance_1m
2026-09-03T13:32:00-04:00	8.59	8.59	8.56	8.56	7531	yfinance_1m
2026-09-03T13:33:00-04:00	8.56	8.56	8.55	8.55	5534	yfinance_1m
2026-09-03T13:34:00-04:00	8.545	8.55	8.535	8.535	4800	yfinance_1m
2026-09-03T13:35:00-04:00	8.535	8.54	8.53	8.53	1807	yfinance_1m
2026-09-03T13:36:00-04:00	8.5465	8.5465	8.52	8.54	5820	yfinance_1m
2026-09-03T13:37:00-04:00	8.53	8.54	8.52	8.52	7198	yfinance_1m
2026-09-03T13:38:00-04:00	8.52	8.52	8.51	8.51	1597	yfinance_1m
2026-09-03T13:39:00-04:00	8.52	8.52	8.5	8.5	4501	yfinance_1m
2026-09-03T13:40:00-04:00	8.5037	8.5037	8.485	8.485	7480	yfinance_1m
2026-09-03T13:41:00-04:00	8.49	8.49	8.48	8.49	2174	yfinance_1m
2026-09-03T13:42:00-04:00	8.49	8.52	8.49	8.515	19934	yfinance_1m
2026-09-03T13:43:00-04:00	8.515	8.53	8.515	8.515	4281	yfinance_1m
2026-09-03T13:44:00-04:00	8.515	8.53	8.515	8.53	5142	yfinance_1m
2026-09-03T13:45:00-04:00	8.53	8.53	8.53	8.53	728	yfinance_1m
2026-09-03T13:46:00-04:00	8.52	8.5407	8.52	8.54	6132	yfinance_1m
2026-09-03T13:47:00-04:00	8.55	8.55	8.505	8.505	12054	yfinance_1m
2026-09-03T13:48:00-04:00	8.505	8.52	8.505	8.515	3899	yfinance_1m
2026-09-03T13:50:00-04:00	8.495	8.495	8.495	8.495	6414	yfinance_1m
2026-09-03T13:51:00-04:00	8.5	8.5	8.49	8.49	1896	yfinance_1m
2026-09-03T13:52:00-04:00	8.49	8.49	8.48	8.48	1579	yfinance_1m
2026-09-03T13:55:00-04:00	8.49	8.505	8.49	8.505	9176	yfinance_1m
2026-09-03T13:56:00-04:00	8.5074	8.51	8.5	8.5	2261	yfinance_1m
2026-09-03T13:57:00-04:00	8.51	8.52	8.51	8.51	3240	yfinance_1m
2026-09-03T13:58:00-04:00	8.51	8.52	8.51	8.52	3201	yfinance_1m
2026-09-03T13:59:00-04:00	8.515	8.515	8.51	8.51	3548	yfinance_1m
2026-09-03T14:00:00-04:00	8.51	8.51	8.495	8.5	4806	yfinance_1m
2026-09-03T14:01:00-04:00	8.5	8.5	8.49	8.49	1901	yfinance_1m
2026-09-03T14:02:00-04:00	8.49	8.49	8.49	8.49	1365	yfinance_1m
2026-09-03T14:03:00-04:00	8.49	8.49	8.49	8.49	1688	yfinance_1m
2026-09-03T14:04:00-04:00	8.5	8.5	8.46	8.465	10000	yfinance_1m
2026-09-03T14:05:00-04:00	8.47	8.475	8.45	8.46	2954	yfinance_1m
2026-09-03T14:06:00-04:00	8.46	8.46	8.46	8.46	2306	yfinance_1m
2026-09-03T14:07:00-04:00	8.46	8.46	8.45	8.455	3117	yfinance_1m
2026-09-03T14:08:00-04:00	8.455	8.46	8.45	8.455	4448	yfinance_1m
2026-09-03T14:09:00-04:00	8.45	8.455	8.45	8.45	2295	yfinance_1m
2026-09-03T14:10:00-04:00	8.455	8.455	8.44	8.44	6307	yfinance_1m
2026-09-03T14:11:00-04:00	8.445	8.45	8.445	8.45	4293	yfinance_1m
2026-09-03T14:12:00-04:00	8.46	8.46	8.46	8.46	2701	yfinance_1m
2026-09-03T14:13:00-04:00	8.46	8.46	8.45	8.455	1151	yfinance_1m
2026-09-03T14:14:00-04:00	8.455	8.455	8.455	8.455	1636	yfinance_1m
2026-09-03T14:15:00-04:00	8.455	8.465	8.45	8.465	5433	yfinance_1m
2026-09-03T14:16:00-04:00	8.47	8.47	8.46	8.47	4146	yfinance_1m
2026-09-03T14:17:00-04:00	8.47	8.47	8.46	8.465	7599	yfinance_1m
2026-09-03T14:19:00-04:00	8.465	8.475	8.465	8.475	2524	yfinance_1m
2026-09-03T14:20:00-04:00	8.475	8.4786	8.47	8.47	2591	yfinance_1m
2026-09-03T14:21:00-04:00	8.475	8.475	8.46	8.465	8634	yfinance_1m
2026-09-03T14:22:00-04:00	8.465	8.47	8.46	8.46	3671	yfinance_1m
2026-09-03T14:23:00-04:00	8.465	8.475	8.46	8.475	5202	yfinance_1m
2026-09-03T14:24:00-04:00	8.475	8.475	8.475	8.475	818	yfinance_1m
2026-09-03T14:25:00-04:00	8.475	8.475	8.475	8.475	2882	yfinance_1m
2026-09-03T14:26:00-04:00	8.475	8.475	8.465	8.465	4987	yfinance_1m
2026-09-03T14:27:00-04:00	8.465	8.47	8.465	8.465	1896	yfinance_1m
2026-09-03T14:28:00-04:00	8.47	8.47	8.465	8.47	1996	yfinance_1m
2026-09-03T14:29:00-04:00	8.465	8.4791	8.465	8.47	6850	yfinance_1m
2026-09-03T14:30:00-04:00	8.47	8.47	8.47	8.47	415	yfinance_1m
2026-09-03T14:31:00-04:00	8.47	8.47	8.46	8.465	3061	yfinance_1m
2026-09-03T14:32:00-04:00	8.465	8.465	8.465	8.465	1785	yfinance_1m
2026-09-03T14:33:00-04:00	8.46	8.465	8.46	8.465	930	yfinance_1m
2026-09-03T14:34:00-04:00	8.46	8.465	8.45	8.45	6321	yfinance_1m
2026-09-03T14:35:00-04:00	8.45	8.45	8.45	8.45	1823	yfinance_1m
2026-09-03T14:36:00-04:00	8.45	8.4599	8.45	8.455	2419	yfinance_1m
2026-09-03T14:37:00-04:00	8.4599	8.4599	8.45	8.45	2011	yfinance_1m
2026-09-03T14:38:00-04:00	8.45	8.455	8.45	8.455	812	yfinance_1m
2026-09-03T14:39:00-04:00	8.455	8.455	8.43	8.43	17736	yfinance_1m
2026-09-03T14:40:00-04:00	8.435	8.435	8.435	8.435	2904	yfinance_1m
2026-09-03T14:41:00-04:00	8.4398	8.4398	8.43	8.43	2392	yfinance_1m
2026-09-03T14:42:00-04:00	8.4397	8.4397	8.42	8.425	17375	yfinance_1m
2026-09-03T14:43:00-04:00	8.43	8.43	8.42	8.43	8799	yfinance_1m
2026-09-03T14:44:00-04:00	8.43	8.43	8.43	8.43	853	yfinance_1m
2026-09-03T14:45:00-04:00	8.43	8.43	8.42	8.42	2129	yfinance_1m
2026-09-03T14:46:00-04:00	8.42	8.43	8.42	8.425	2529	yfinance_1m
2026-09-03T14:47:00-04:00	8.425	8.425	8.425	8.425	2517	yfinance_1m
2026-09-03T14:48:00-04:00	8.425	8.425	8.41	8.41	8964	yfinance_1m
2026-09-03T14:49:00-04:00	8.415	8.415	8.41	8.41	1577	yfinance_1m
2026-09-03T14:50:00-04:00	8.4187	8.4187	8.4	8.41	7241	yfinance_1m
2026-09-03T14:51:00-04:00	8.4	8.405	8.4	8.405	2780	yfinance_1m
2026-09-03T14:52:00-04:00	8.405	8.405	8.4	8.405	4937	yfinance_1m
2026-09-03T14:53:00-04:00	8.4052	8.4052	8.38	8.395	38884	yfinance_1m
2026-09-03T14:54:00-04:00	8.395	8.395	8.39	8.39	3004	yfinance_1m
2026-09-03T14:55:00-04:00	8.4	8.405	8.395	8.4	9358	yfinance_1m
2026-09-03T14:56:00-04:00	8.405	8.41	8.4	8.4	3027	yfinance_1m
2026-09-03T14:57:00-04:00	8.41	8.415	8.4	8.415	11611	yfinance_1m
2026-09-03T14:58:00-04:00	8.4197	8.42	8.41	8.42	5932	yfinance_1m
2026-09-03T14:59:00-04:00	8.415	8.415	8.412	8.415	3069	yfinance_1m
2026-09-03T15:00:00-04:00	8.415	8.415	8.41	8.41	3548	yfinance_1m
2026-09-03T15:01:00-04:00	8.415	8.415	8.415	8.415	2113	yfinance_1m
2026-09-03T15:02:00-04:00	8.4114	8.4182	8.41	8.415	3696	yfinance_1m
2026-09-03T15:03:00-04:00	8.41	8.4199	8.41	8.415	3939	yfinance_1m
2026-09-03T15:04:00-04:00	8.415	8.4151	8.415	8.415	2412	yfinance_1m
2026-09-03T15:05:00-04:00	8.41	8.42	8.41	8.415	2783	yfinance_1m
2026-09-03T15:06:00-04:00	8.42	8.43	8.415	8.42	13441	yfinance_1m
2026-09-03T15:07:00-04:00	8.425	8.43	8.425	8.425	3636	yfinance_1m
2026-09-03T15:08:00-04:00	8.43	8.45	8.43	8.45	7377	yfinance_1m
2026-09-03T15:09:00-04:00	8.46	8.4643	8.45	8.455	7161	yfinance_1m
2026-09-03T15:10:00-04:00	8.455	8.475	8.455	8.475	6021	yfinance_1m
2026-09-03T15:11:00-04:00	8.475	8.475	8.47	8.475	3573	yfinance_1m
2026-09-03T15:12:00-04:00	8.475	8.49	8.47	8.49	3851	yfinance_1m
2026-09-03T15:13:00-04:00	8.49	8.49	8.48	8.49	3199	yfinance_1m
2026-09-03T15:14:00-04:00	8.48	8.485	8.47	8.475	11413	yfinance_1m
2026-09-03T15:15:00-04:00	8.475	8.475	8.47	8.47	988	yfinance_1m
2026-09-03T15:16:00-04:00	8.475	8.475	8.465	8.47	9299	yfinance_1m
2026-09-03T15:17:00-04:00	8.465	8.465	8.46	8.46	3232	yfinance_1m
2026-09-03T15:19:00-04:00	8.465	8.475	8.465	8.4733	3431	yfinance_1m
2026-09-03T15:20:00-04:00	8.475	8.475	8.475	8.475	3270	yfinance_1m
2026-09-03T15:21:00-04:00	8.47	8.47	8.464	8.464	5495	yfinance_1m
2026-09-03T15:22:00-04:00	8.46	8.465	8.46	8.465	1478	yfinance_1m
2026-09-03T15:23:00-04:00	8.46	8.5	8.455	8.5	17822	yfinance_1m
2026-09-03T15:24:00-04:00	8.5	8.51	8.5	8.51	4170	yfinance_1m
2026-09-03T15:25:00-04:00	8.505	8.51	8.505	8.505	2011	yfinance_1m
2026-09-03T15:26:00-04:00	8.505	8.515	8.505	8.515	10894	yfinance_1m
2026-09-03T15:27:00-04:00	8.52	8.52	8.51	8.515	2819	yfinance_1m
2026-09-03T15:28:00-04:00	8.515	8.52	8.515	8.515	2679	yfinance_1m
2026-09-03T15:29:00-04:00	8.515	8.515	8.515	8.515	2676	yfinance_1m
2026-09-03T15:30:00-04:00	8.515	8.515	8.495	8.495	13574	yfinance_1m
2026-09-03T15:31:00-04:00	8.49	8.495	8.485	8.495	6695	yfinance_1m
2026-09-03T15:32:00-04:00	8.5	8.5	8.495	8.495	4495	yfinance_1m
2026-09-03T15:33:00-04:00	8.495	8.495	8.492	8.492	3471	yfinance_1m
2026-09-03T15:34:00-04:00	8.495	8.495	8.49	8.495	3830	yfinance_1m
2026-09-03T15:35:00-04:00	8.495	8.495	8.475	8.49	12286	yfinance_1m
2026-09-03T15:36:00-04:00	8.49	8.49	8.485	8.485	3376	yfinance_1m
2026-09-03T15:37:00-04:00	8.485	8.5	8.485	8.5	6784	yfinance_1m
2026-09-03T15:38:00-04:00	8.495	8.495	8.49	8.49	2433	yfinance_1m
2026-09-03T15:39:00-04:00	8.49	8.49	8.485	8.4873	14727	yfinance_1m
2026-09-03T15:40:00-04:00	8.49	8.49	8.43	8.47	31113	yfinance_1m
2026-09-03T15:41:00-04:00	8.47	8.48	8.47	8.48	7201	yfinance_1m
2026-09-03T15:42:00-04:00	8.49	8.49	8.475	8.48	7217	yfinance_1m
2026-09-03T15:43:00-04:00	8.48	8.48	8.47	8.475	5743	yfinance_1m
2026-09-03T15:44:00-04:00	8.48	8.48	8.475	8.475	4348	yfinance_1m
2026-09-03T15:45:00-04:00	8.4749	8.48	8.46	8.475	10076	yfinance_1m
2026-09-03T15:46:00-04:00	8.48	8.48	8.4718	8.475	7375	yfinance_1m
2026-09-03T15:47:00-04:00	8.47	8.485	8.47	8.48	11023	yfinance_1m
2026-09-03T15:48:00-04:00	8.48	8.48	8.475	8.48	5749	yfinance_1m
2026-09-03T15:49:00-04:00	8.475	8.48	8.47	8.47	10583	yfinance_1m
2026-09-03T15:50:00-04:00	8.475	8.48	8.47	8.475	8805	yfinance_1m
2026-09-03T15:51:00-04:00	8.475	8.48	8.47	8.475	11746	yfinance_1m
2026-09-03T15:52:00-04:00	8.475	8.495	8.475	8.495	15298	yfinance_1m
2026-09-03T15:53:00-04:00	8.495	8.495	8.47	8.475	20331	yfinance_1m
2026-09-03T15:54:00-04:00	8.47	8.475	8.47	8.47	5528	yfinance_1m
2026-09-03T15:55:00-04:00	8.47	8.49	8.47	8.475	28243	yfinance_1m
2026-09-03T15:56:00-04:00	8.475	8.475	8.44	8.46	39807	yfinance_1m
2026-09-03T15:57:00-04:00	8.46	8.47	8.455	8.465	19371	yfinance_1m
2026-09-03T15:58:00-04:00	8.465	8.465	8.435	8.445	63192	yfinance_1m
2026-09-03T15:59:00-04:00	8.44	8.52	8.44	8.515	117096	yfinance_1m
2026-09-04T09:30:00-04:00	8.46	8.72	8.46	8.72	105214	yfinance_1m
2026-09-04T09:31:00-04:00	8.72	8.72	8.62	8.625	12173	yfinance_1m
2026-09-04T09:32:00-04:00	8.655	8.68	8.62	8.625	5516	yfinance_1m
2026-09-04T09:33:00-04:00	8.655	8.79	8.64	8.675	21475	yfinance_1m
2026-09-04T09:34:00-04:00	8.675	8.7094	8.62	8.65	5195	yfinance_1m
2026-09-04T09:35:00-04:00	8.65	8.7	8.61	8.63	27009	yfinance_1m
2026-09-04T09:36:00-04:00	8.63	8.665	8.6001	8.64	16497	yfinance_1m
2026-09-04T09:37:00-04:00	8.62	8.65	8.61	8.61	12404	yfinance_1m
2026-09-04T09:38:00-04:00	8.59	8.64	8.51	8.51	19737	yfinance_1m
2026-09-04T09:39:00-04:00	8.51	8.5514	8.51	8.5514	10515	yfinance_1m
2026-09-04T09:40:00-04:00	8.53	8.57	8.53	8.53	2752	yfinance_1m
2026-09-04T09:41:00-04:00	8.595	8.6	8.57	8.58	11926	yfinance_1m
2026-09-04T09:42:00-04:00	8.59	8.655	8.59	8.655	841	yfinance_1m
2026-09-04T09:43:00-04:00	8.655	8.655	8.62	8.62	2898	yfinance_1m
2026-09-04T09:44:00-04:00	8.655	8.68	8.62	8.63	3420	yfinance_1m
2026-09-04T09:45:00-04:00	8.63	8.6764	8.63	8.655	3626	yfinance_1m
2026-09-04T09:46:00-04:00	8.63	8.63	8.59	8.62	9251	yfinance_1m
2026-09-04T09:47:00-04:00	8.62	8.655	8.61	8.655	19466	yfinance_1m
2026-09-04T09:48:00-04:00	8.655	8.73	8.63	8.72	23078	yfinance_1m
2026-09-04T09:49:00-04:00	8.72	8.72	8.66	8.66	16560	yfinance_1m
2026-09-04T09:50:00-04:00	8.68	8.7	8.66	8.67	3533	yfinance_1m
2026-09-04T09:51:00-04:00	8.66	8.68	8.64	8.66	10407	yfinance_1m
2026-09-04T09:52:00-04:00	8.7	8.72	8.68	8.72	5672	yfinance_1m
2026-09-04T09:53:00-04:00	8.72	8.74	8.7	8.7	5850	yfinance_1m
2026-09-04T09:54:00-04:00	8.7	8.78	8.7	8.73	23871	yfinance_1m
2026-09-04T09:55:00-04:00	8.74	8.77	8.73	8.754	7312	yfinance_1m
2026-09-04T09:56:00-04:00	8.765	8.81	8.75	8.81	11081	yfinance_1m
2026-09-04T09:57:00-04:00	8.805	8.815	8.76	8.76	12890	yfinance_1m
2026-09-04T09:58:00-04:00	8.765	8.7947	8.76	8.785	17080	yfinance_1m
2026-09-04T09:59:00-04:00	8.785	8.8	8.71	8.74	61294	yfinance_1m
2026-09-04T10:00:00-04:00	8.75	8.76	8.75	8.76	1483	yfinance_1m
2026-09-04T10:01:00-04:00	8.76	8.76	8.74	8.755	5596	yfinance_1m
2026-09-04T10:02:00-04:00	8.743	8.755	8.63	8.63	13743	yfinance_1m
2026-09-04T10:03:00-04:00	8.64	8.64	8.62	8.62	7330	yfinance_1m
2026-09-04T10:04:00-04:00	8.62	8.63	8.61	8.62	3950	yfinance_1m
2026-09-04T10:05:00-04:00	8.61	8.635	8.55	8.635	29677	yfinance_1m
2026-09-04T10:06:00-04:00	8.65	8.65	8.63	8.64	6282	yfinance_1m
2026-09-04T10:07:00-04:00	8.65	8.67	8.65	8.67	3248	yfinance_1m
2026-09-04T10:08:00-04:00	8.68	8.68	8.66	8.66	5811	yfinance_1m
2026-09-04T10:09:00-04:00	8.67	8.68	8.67	8.68	4220	yfinance_1m
2026-09-04T10:10:00-04:00	8.68	8.695	8.68	8.6899	5027	yfinance_1m
2026-09-04T10:11:00-04:00	8.68	8.68	8.66	8.66	3055	yfinance_1m
2026-09-04T10:12:00-04:00	8.655	8.655	8.63	8.6392	4712	yfinance_1m
2026-09-04T10:13:00-04:00	8.64	8.6404	8.64	8.6404	2220	yfinance_1m
2026-09-04T10:14:00-04:00	8.65	8.66	8.64	8.66	8523	yfinance_1m
2026-09-04T10:15:00-04:00	8.67	8.69	8.67	8.675	4281	yfinance_1m
2026-09-04T10:16:00-04:00	8.67	8.67	8.67	8.67	2694	yfinance_1m
2026-09-04T10:17:00-04:00	8.68	8.69	8.675	8.675	5637	yfinance_1m
2026-09-04T10:18:00-04:00	8.68	8.68	8.68	8.68	799	yfinance_1m
2026-09-04T10:19:00-04:00	8.68	8.7	8.675	8.68	23122	yfinance_1m
2026-09-04T10:20:00-04:00	8.69	8.71	8.69	8.7	5196	yfinance_1m
2026-09-04T10:21:00-04:00	8.7	8.71	8.7	8.71	2452	yfinance_1m
2026-09-04T10:22:00-04:00	8.71	8.71	8.69	8.7	3629	yfinance_1m
2026-09-04T10:23:00-04:00	8.71	8.71	8.71	8.71	1969	yfinance_1m
2026-09-04T10:24:00-04:00	8.7	8.72	8.7	8.72	258	yfinance_1m
2026-09-04T10:25:00-04:00	8.72	8.7218	8.72	8.72	4357	yfinance_1m
2026-09-04T10:26:00-04:00	8.73	8.73	8.705	8.705	4529	yfinance_1m
2026-09-04T10:27:00-04:00	8.71	8.72	8.71	8.72	3476	yfinance_1m
2026-09-04T10:28:00-04:00	8.7183	8.74	8.71	8.74	6788	yfinance_1m
2026-09-04T10:29:00-04:00	8.75	8.78	8.745	8.78	6043	yfinance_1m
2026-09-04T10:30:00-04:00	8.78	8.8	8.77	8.77	8052	yfinance_1m
2026-09-04T10:31:00-04:00	8.765	8.765	8.735	8.735	17061	yfinance_1m
2026-09-04T10:32:00-04:00	8.74	8.74	8.72	8.72	3693	yfinance_1m
2026-09-04T10:33:00-04:00	8.72	8.73	8.69	8.695	4332	yfinance_1m
2026-09-04T10:34:00-04:00	8.695	8.695	8.68	8.69	2133	yfinance_1m
2026-09-04T10:35:00-04:00	8.68	8.69	8.68	8.68	1350	yfinance_1m
2026-09-04T10:36:00-04:00	8.68	8.68	8.67	8.68	859	yfinance_1m
2026-09-04T10:37:00-04:00	8.67	8.67	8.66	8.67	4322	yfinance_1m
2026-09-04T10:39:00-04:00	8.68	8.69	8.68	8.69	2735	yfinance_1m
2026-09-04T10:40:00-04:00	8.69	8.7	8.69	8.7	4071	yfinance_1m
2026-09-04T10:41:00-04:00	8.705	8.71	8.705	8.71	431	yfinance_1m
2026-09-04T10:42:00-04:00	8.705	8.705	8.69	8.69	4873	yfinance_1m
2026-09-04T10:43:00-04:00	8.68	8.73	8.68	8.7	6825	yfinance_1m
2026-09-04T10:44:00-04:00	8.71	8.71	8.71	8.71	1196	yfinance_1m
2026-09-04T10:45:00-04:00	8.72	8.74	8.72	8.73	4543	yfinance_1m
2026-09-04T10:46:00-04:00	8.72	8.735	8.72	8.735	2864	yfinance_1m
2026-09-04T10:47:00-04:00	8.73	8.73	8.72	8.72	2844	yfinance_1m
2026-09-04T10:48:00-04:00	8.72	8.72	8.704	8.704	1750	yfinance_1m
2026-09-04T10:49:00-04:00	8.71	8.72	8.71	8.72	1839	yfinance_1m
2026-09-04T10:50:00-04:00	8.72	8.72	8.71	8.71	2408	yfinance_1m
2026-09-04T10:51:00-04:00	8.71	8.71	8.705	8.705	2057	yfinance_1m
2026-09-04T10:52:00-04:00	8.705	8.72	8.705	8.72	5496	yfinance_1m
2026-09-04T10:53:00-04:00	8.71	8.7348	8.7	8.7	10722	yfinance_1m
2026-09-04T10:54:00-04:00	8.7	8.73	8.7	8.73	5716	yfinance_1m
2026-09-04T10:55:00-04:00	8.73	8.76	8.73	8.76	17647	yfinance_1m
2026-09-04T10:56:00-04:00	8.76	8.76	8.71	8.72	5746	yfinance_1m
2026-09-04T10:57:00-04:00	8.72	8.75	8.71	8.74	23613	yfinance_1m
2026-09-04T10:58:00-04:00	8.75	8.77	8.75	8.77	1394	yfinance_1m
2026-09-04T10:59:00-04:00	8.77	8.79	8.765	8.79	6946	yfinance_1m
2026-09-04T11:00:00-04:00	8.79	8.8096	8.79	8.8	7612	yfinance_1m
2026-09-04T11:01:00-04:00	8.8	8.8045	8.79	8.8	8363	yfinance_1m
2026-09-04T11:02:00-04:00	8.81	8.81	8.7897	8.79	5652	yfinance_1m
2026-09-04T11:03:00-04:00	8.79	8.795	8.79	8.79	4171	yfinance_1m
2026-09-04T11:04:00-04:00	8.798	8.81	8.79	8.81	4321	yfinance_1m
2026-09-04T11:05:00-04:00	8.82	8.82	8.82	8.82	792	yfinance_1m
2026-09-04T11:06:00-04:00	8.825	8.825	8.8	8.8	9319	yfinance_1m
2026-09-04T11:07:00-04:00	8.805	8.805	8.79	8.79	6748	yfinance_1m
2026-09-04T11:08:00-04:00	8.794814	8.794814	8.78	8.78	4080	yfinance_1m
2026-09-04T11:09:00-04:00	8.79	8.79	8.77	8.78	6940	yfinance_1m
2026-09-04T11:10:00-04:00	8.78	8.78	8.78	8.78	2803	yfinance_1m
2026-09-04T11:11:00-04:00	8.77	8.77	8.76	8.76	2374	yfinance_1m
2026-09-04T11:12:00-04:00	8.755	8.765	8.755	8.765	2487	yfinance_1m
2026-09-04T11:13:00-04:00	8.765	8.765	8.71	8.735	14170	yfinance_1m
2026-09-04T11:14:00-04:00	8.75	8.79	8.735	8.785	9631	yfinance_1m
2026-09-04T11:15:00-04:00	8.8	8.81	8.8	8.81	2045	yfinance_1m
2026-09-04T11:16:00-04:00	8.8001	8.84	8.79	8.79	28303	yfinance_1m
2026-09-04T11:17:00-04:00	8.78	8.785	8.775	8.785	2451	yfinance_1m
2026-09-04T11:18:00-04:00	8.785	8.8	8.785	8.8	4215	yfinance_1m
2026-09-04T11:19:00-04:00	8.8	8.82	8.8	8.815	11687	yfinance_1m
2026-09-04T11:20:00-04:00	8.815	8.82	8.815	8.82	7555	yfinance_1m
2026-09-04T11:21:00-04:00	8.82	8.83	8.8101	8.83	3712	yfinance_1m
2026-09-04T11:22:00-04:00	8.82	8.82	8.81	8.81	3552	yfinance_1m
2026-09-04T11:23:00-04:00	8.815	8.83	8.815	8.82	3833	yfinance_1m
2026-09-04T11:24:00-04:00	8.81	8.82	8.81	8.82	2804	yfinance_1m
2026-09-04T11:25:00-04:00	8.82	8.8223	8.8	8.8	4670	yfinance_1m
2026-09-04T11:26:00-04:00	8.795	8.8	8.785	8.79	2442	yfinance_1m
2026-09-04T11:27:00-04:00	8.79	8.79	8.7765	8.78	8748	yfinance_1m
2026-09-04T11:28:00-04:00	8.7894	8.7894	8.77	8.78	2405	yfinance_1m
2026-09-04T11:29:00-04:00	8.775	8.79	8.775	8.79	3805	yfinance_1m
2026-09-04T11:30:00-04:00	8.785	8.785	8.75	8.76	3551	yfinance_1m
2026-09-04T11:31:00-04:00	8.75	8.75	8.74	8.74	8041	yfinance_1m
2026-09-04T11:32:00-04:00	8.735	8.74	8.735	8.74	3681	yfinance_1m
2026-09-04T11:33:00-04:00	8.75	8.7693	8.75	8.7693	2985	yfinance_1m
2026-09-04T11:34:00-04:00	8.76	8.76	8.76	8.76	1147	yfinance_1m
2026-09-04T11:35:00-04:00	8.765	8.79	8.76	8.79	13078	yfinance_1m
2026-09-04T11:36:00-04:00	8.79	8.82	8.79	8.81	5379	yfinance_1m
2026-09-04T11:37:00-04:00	8.81	8.81	8.79	8.81	4042	yfinance_1m
2026-09-04T11:38:00-04:00	8.82	8.84	8.82	8.84	10044	yfinance_1m
2026-09-04T11:39:00-04:00	8.83	8.85	8.83	8.85	15199	yfinance_1m
2026-09-04T11:40:00-04:00	8.86	8.865	8.85	8.86	6134	yfinance_1m
2026-09-04T11:41:00-04:00	8.86	8.8602	8.85	8.8501	4852	yfinance_1m
2026-09-04T11:43:00-04:00	8.85	8.86	8.845	8.86	6039	yfinance_1m
2026-09-04T11:44:00-04:00	8.859	8.86	8.855	8.855	1481	yfinance_1m
2026-09-04T11:45:00-04:00	8.85	8.85	8.85	8.85	3700	yfinance_1m
2026-09-04T11:46:00-04:00	8.85	8.855	8.839	8.855	3314	yfinance_1m
2026-09-04T11:47:00-04:00	8.85	8.85	8.83	8.83	4384	yfinance_1m
2026-09-04T11:48:00-04:00	8.83	8.835	8.83	8.83	3832	yfinance_1m
2026-09-04T11:49:00-04:00	8.835	8.86	8.835	8.86	6328	yfinance_1m
2026-09-04T11:50:00-04:00	8.855	8.855	8.854	8.854	647	yfinance_1m
2026-09-04T11:51:00-04:00	8.85	8.85	8.834	8.835	5414	yfinance_1m
2026-09-04T11:52:00-04:00	8.835	8.835	8.815	8.815	2830	yfinance_1m
2026-09-04T11:53:00-04:00	8.815	8.83	8.815	8.825	5199	yfinance_1m
2026-09-04T11:54:00-04:00	8.82	8.82	8.82	8.82	2260	yfinance_1m
2026-09-04T11:55:00-04:00	8.83	8.83	8.83	8.83	2765	yfinance_1m
2026-09-04T11:56:00-04:00	8.84	8.84	8.83	8.835	1713	yfinance_1m
2026-09-04T11:57:00-04:00	8.83	8.83	8.825	8.825	1141	yfinance_1m
2026-09-04T11:58:00-04:00	8.8256	8.835	8.8256	8.835	4747	yfinance_1m
2026-09-04T11:59:00-04:00	8.835	8.84	8.83	8.83	5571	yfinance_1m
2026-09-04T12:00:00-04:00	8.835	8.835	8.82	8.82	4793	yfinance_1m
2026-09-04T12:01:00-04:00	8.815	8.815	8.815	8.815	314	yfinance_1m
2026-09-04T12:02:00-04:00	8.815	8.82	8.815	8.82	6003	yfinance_1m
2026-09-04T12:03:00-04:00	8.81	8.81	8.8019	8.8035	4598	yfinance_1m
2026-09-04T12:04:00-04:00	8.805	8.805	8.805	8.805	705	yfinance_1m
2026-09-04T12:05:00-04:00	8.8	8.815	8.8	8.815	2138	yfinance_1m
2026-09-04T12:06:00-04:00	8.81	8.81	8.81	8.81	1084	yfinance_1m
2026-09-04T12:07:00-04:00	8.82	8.82	8.8145	8.82	3045	yfinance_1m
2026-09-04T12:08:00-04:00	8.825	8.825	8.825	8.825	518	yfinance_1m
2026-09-04T12:09:00-04:00	8.822	8.825	8.8217	8.825	6823	yfinance_1m
2026-09-04T12:10:00-04:00	8.825	8.825	8.825	8.825	1313	yfinance_1m
2026-09-04T12:11:00-04:00	8.83	8.85	8.83	8.835	12216	yfinance_1m
2026-09-04T12:12:00-04:00	8.83	8.835	8.83	8.835	1398	yfinance_1m
2026-09-04T12:13:00-04:00	8.835	8.84	8.83	8.835	2134	yfinance_1m
2026-09-04T12:14:00-04:00	8.835	8.835	8.835	8.835	680	yfinance_1m
2026-09-04T12:15:00-04:00	8.835	8.835	8.825	8.83	3206	yfinance_1m
2026-09-04T12:16:00-04:00	8.825	8.825	8.815	8.82	3619	yfinance_1m
2026-09-04T12:17:00-04:00	8.825	8.825	8.825	8.825	1603	yfinance_1m
2026-09-04T12:18:00-04:00	8.825	8.825	8.825	8.825	673	yfinance_1m
2026-09-04T12:19:00-04:00	8.825	8.825	8.825	8.825	1460	yfinance_1m
2026-09-04T12:20:00-04:00	8.83	8.845	8.83	8.845	4537	yfinance_1m
2026-09-04T12:21:00-04:00	8.85	8.86	8.8471	8.855	13117	yfinance_1m
2026-09-04T12:22:00-04:00	8.855	8.865	8.855	8.86	3203	yfinance_1m
2026-09-04T12:23:00-04:00	8.865	8.865	8.865	8.865	685	yfinance_1m
2026-09-04T12:24:00-04:00	8.865	8.87	8.86	8.86	3323	yfinance_1m
2026-09-04T12:25:00-04:00	8.85	8.86	8.85	8.86	3297	yfinance_1m
2026-09-04T12:26:00-04:00	8.86	8.86	8.855	8.855	1291	yfinance_1m
2026-09-04T12:27:00-04:00	8.855	8.855	8.855	8.855	1992	yfinance_1m
2026-09-04T12:28:00-04:00	8.86	8.86	8.855	8.855	212	yfinance_1m
2026-09-04T12:29:00-04:00	8.85	8.85	8.845	8.85	3992	yfinance_1m
2026-09-04T12:30:00-04:00	8.85	8.85	8.825	8.825	3947	yfinance_1m
2026-09-04T12:31:00-04:00	8.83	8.83	8.825	8.825	1172	yfinance_1m
2026-09-04T12:32:00-04:00	8.82	8.82	8.805	8.81	4682	yfinance_1m
2026-09-04T12:33:00-04:00	8.805	8.815	8.805	8.815	1846	yfinance_1m
2026-09-04T12:34:00-04:00	8.81	8.81	8.805	8.805	1790	yfinance_1m
2026-09-04T12:35:00-04:00	8.805	8.805	8.805	8.805	859	yfinance_1m
2026-09-04T12:36:00-04:00	8.805	8.805	8.8	8.805	1127	yfinance_1m
2026-09-04T12:37:00-04:00	8.8	8.81	8.8	8.81	2356	yfinance_1m
2026-09-04T12:38:00-04:00	8.8	8.8	8.79	8.79	2692	yfinance_1m
2026-09-04T12:39:00-04:00	8.785	8.785	8.785	8.785	1005	yfinance_1m
2026-09-04T12:40:00-04:00	8.785	8.785	8.765	8.765	3931	yfinance_1m
2026-09-04T12:41:00-04:00	8.765	8.765	8.76	8.765	1407	yfinance_1m
2026-09-04T12:42:00-04:00	8.765	8.77	8.755	8.76	3885	yfinance_1m
2026-09-04T12:43:00-04:00	8.76	8.77	8.76	8.765	1578	yfinance_1m
2026-09-04T12:44:00-04:00	8.765	8.77	8.765	8.765	3655	yfinance_1m
2026-09-04T12:45:00-04:00	8.775	8.78	8.7701	8.7701	1511	yfinance_1m
2026-09-04T12:46:00-04:00	8.775	8.79	8.775	8.79	6592	yfinance_1m
2026-09-04T12:47:00-04:00	8.795	8.805	8.795	8.805	2035	yfinance_1m
2026-09-04T12:48:00-04:00	8.81	8.81	8.81	8.81	1290	yfinance_1m
2026-09-04T12:49:00-04:00	8.82	8.825	8.82	8.825	3309	yfinance_1m
2026-09-04T12:50:00-04:00	8.83	8.83	8.83	8.83	936	yfinance_1m
2026-09-04T12:51:00-04:00	8.84	8.845	8.84	8.845	1627	yfinance_1m
2026-09-04T12:53:00-04:00	8.8448	8.845	8.8448	8.845	1562	yfinance_1m
2026-09-04T12:54:00-04:00	8.84	8.845	8.835	8.835	6121	yfinance_1m
2026-09-04T12:55:00-04:00	8.83	8.835	8.825	8.825	3839	yfinance_1m
2026-09-04T12:56:00-04:00	8.825	8.83	8.825	8.825	3390	yfinance_1m
2026-09-04T12:57:00-04:00	8.83	8.835	8.83	8.83	2101	yfinance_1m
2026-09-04T12:58:00-04:00	8.825	8.825	8.825	8.825	1240	yfinance_1m
2026-09-04T12:59:00-04:00	8.825	8.825	8.82	8.82	1980	yfinance_1m
2026-09-04T13:00:00-04:00	8.825	8.825	8.8	8.8	4201	yfinance_1m
2026-09-04T13:01:00-04:00	8.8	8.81	8.8	8.8	910	yfinance_1m
2026-09-04T13:02:00-04:00	8.8	8.805	8.8	8.805	895	yfinance_1m
2026-09-04T13:03:00-04:00	8.8	8.82	8.8	8.8	13437	yfinance_1m
2026-09-04T13:04:00-04:00	8.805	8.81	8.805	8.81	754	yfinance_1m
2026-09-04T13:05:00-04:00	8.81	8.81	8.8	8.81	1937	yfinance_1m
2026-09-04T13:06:00-04:00	8.81	8.82	8.81	8.81	5626	yfinance_1m
2026-09-04T13:07:00-04:00	8.81	8.81	8.81	8.81	1416	yfinance_1m
2026-09-04T13:08:00-04:00	8.8	8.83	8.8	8.83	4504	yfinance_1m
2026-09-04T13:09:00-04:00	8.83	8.83	8.825	8.825	616	yfinance_1m
2026-09-04T13:10:00-04:00	8.825	8.825	8.825	8.825	982	yfinance_1m
2026-09-04T13:11:00-04:00	8.83	8.83	8.83	8.83	2172	yfinance_1m
2026-09-04T13:12:00-04:00	8.84	8.845	8.84	8.84	5691	yfinance_1m
2026-09-04T13:13:00-04:00	8.845	8.845	8.84	8.84	618	yfinance_1m
2026-09-04T13:14:00-04:00	8.85	8.85	8.845	8.845	1208	yfinance_1m
2026-09-04T13:15:00-04:00	8.85	8.855	8.85	8.85	5893	yfinance_1m
2026-09-04T13:16:00-04:00	8.85	8.86	8.85	8.855	594	yfinance_1m
2026-09-04T13:17:00-04:00	8.85	8.85	8.84	8.84	3830	yfinance_1m
2026-09-04T13:18:00-04:00	8.85	8.855	8.85	8.855	3769	yfinance_1m
2026-09-04T13:19:00-04:00	8.85	8.855	8.85	8.855	985	yfinance_1m
2026-09-04T13:20:00-04:00	8.85	8.855	8.845	8.855	5140	yfinance_1m
2026-09-04T13:21:00-04:00	8.84	8.85	8.84	8.84	1227	yfinance_1m
2026-09-04T13:22:00-04:00	8.84	8.8461	8.83	8.83	2362	yfinance_1m
2026-09-04T13:23:00-04:00	8.84	8.85	8.84	8.845	6892	yfinance_1m
2026-09-04T13:24:00-04:00	8.85	8.85	8.85	8.85	1893	yfinance_1m
2026-09-04T13:25:00-04:00	8.85	8.85	8.85	8.85	1452	yfinance_1m
2026-09-04T13:27:00-04:00	8.855	8.855	8.855	8.855	1833	yfinance_1m
2026-09-04T13:28:00-04:00	8.86	8.875	8.86	8.86	24274	yfinance_1m
2026-09-04T13:29:00-04:00	8.87	8.87	8.85	8.86	46439	yfinance_1m
2026-09-04T13:30:00-04:00	8.86	8.86	8.86	8.86	3050	yfinance_1m
2026-09-04T13:31:00-04:00	8.86	8.86	8.85	8.86	1510	yfinance_1m
2026-09-04T13:32:00-04:00	8.85	8.895	8.84	8.885	14634	yfinance_1m
2026-09-04T13:33:00-04:00	8.8854	8.895	8.885	8.89	4883	yfinance_1m
2026-09-04T13:34:00-04:00	8.89	8.89	8.87	8.87	2602	yfinance_1m
2026-09-04T13:35:00-04:00	8.86	8.86	8.86	8.86	1419	yfinance_1m
2026-09-04T13:36:00-04:00	8.86	8.86	8.86	8.86	1138	yfinance_1m
2026-09-04T13:37:00-04:00	8.86	8.86	8.85	8.86	3183	yfinance_1m
2026-09-04T13:38:00-04:00	8.855	8.855	8.855	8.855	1602	yfinance_1m
2026-09-04T13:39:00-04:00	8.855	8.855	8.81	8.815	4928	yfinance_1m
2026-09-04T13:40:00-04:00	8.81	8.815	8.79	8.79	3086	yfinance_1m
2026-09-04T13:41:00-04:00	8.79	8.79	8.79	8.79	1088	yfinance_1m
2026-09-04T13:42:00-04:00	8.79	8.79	8.78	8.785	2343	yfinance_1m
2026-09-04T13:43:00-04:00	8.785	8.785	8.785	8.785	2032	yfinance_1m
2026-09-04T13:44:00-04:00	8.785	8.79	8.785	8.79	2970	yfinance_1m
2026-09-04T13:45:00-04:00	8.78	8.78	8.78	8.78	269	yfinance_1m
2026-09-04T13:46:00-04:00	8.78	8.78	8.77	8.775	3120	yfinance_1m
2026-09-04T13:47:00-04:00	8.775	8.78	8.774	8.78	3937	yfinance_1m
2026-09-04T13:48:00-04:00	8.775	8.78	8.775	8.78	6100	yfinance_1m
2026-09-04T13:49:00-04:00	8.78	8.7899	8.78	8.7899	843	yfinance_1m
2026-09-04T13:50:00-04:00	8.78	8.78	8.75	8.75	13154	yfinance_1m
2026-09-04T13:51:00-04:00	8.75	8.75	8.75	8.75	1327	yfinance_1m
2026-09-04T13:52:00-04:00	8.75	8.75	8.75	8.75	151	yfinance_1m
2026-09-04T13:53:00-04:00	8.75	8.75	8.74	8.75	3293	yfinance_1m
2026-09-04T13:54:00-04:00	8.755	8.755	8.75	8.755	1583	yfinance_1m
2026-09-04T13:55:00-04:00	8.75	8.755	8.75	8.755	3378	yfinance_1m
2026-09-04T13:56:00-04:00	8.75	8.75	8.75	8.75	930	yfinance_1m
2026-09-04T13:57:00-04:00	8.75	8.75	8.75	8.75	1602	yfinance_1m
2026-09-04T13:58:00-04:00	8.76	8.77	8.76	8.77	8224	yfinance_1m
2026-09-04T13:59:00-04:00	8.765	8.785	8.76	8.77	13533	yfinance_1m
2026-09-04T14:00:00-04:00	8.765	8.805	8.765	8.8	12675	yfinance_1m
2026-09-04T14:01:00-04:00	8.81	8.81	8.8099	8.8099	805	yfinance_1m
2026-09-04T14:02:00-04:00	8.805	8.81	8.805	8.81	1353	yfinance_1m
2026-09-04T14:03:00-04:00	8.8	8.805	8.8	8.805	1919	yfinance_1m
2026-09-04T14:04:00-04:00	8.81	8.81	8.81	8.81	2053	yfinance_1m
2026-09-04T14:05:00-04:00	8.81	8.81	8.8	8.805	3218	yfinance_1m
2026-09-04T14:07:00-04:00	8.8	8.8	8.78	8.78	3504	yfinance_1m
2026-09-04T14:08:00-04:00	8.78	8.78	8.76	8.775	2365	yfinance_1m
2026-09-04T14:09:00-04:00	8.77	8.78	8.77	8.775	3902	yfinance_1m
2026-09-04T14:10:00-04:00	8.775	8.775	8.76	8.76	1999	yfinance_1m
2026-09-04T14:11:00-04:00	8.77	8.77	8.77	8.77	1715	yfinance_1m
2026-09-04T14:12:00-04:00	8.76	8.76	8.76	8.76	752	yfinance_1m
2026-09-04T14:13:00-04:00	8.76	8.77	8.76	8.77	1767	yfinance_1m
2026-09-04T14:14:00-04:00	8.77	8.77	8.77	8.77	2144	yfinance_1m
2026-09-04T14:15:00-04:00	8.76	8.7683	8.75	8.75	4801	yfinance_1m
2026-09-04T14:16:00-04:00	8.76	8.76	8.745	8.75	10535	yfinance_1m
2026-09-04T14:17:00-04:00	8.75	8.765	8.75	8.75	5984	yfinance_1m
2026-09-04T14:18:00-04:00	8.75	8.76	8.75	8.76	3771	yfinance_1m
2026-09-04T14:19:00-04:00	8.755	8.755	8.755	8.755	646	yfinance_1m
2026-09-04T14:20:00-04:00	8.755	8.7599	8.755	8.755	1403	yfinance_1m
2026-09-04T14:21:00-04:00	8.755	8.755	8.755	8.755	794	yfinance_1m
2026-09-04T14:22:00-04:00	8.755	8.755	8.7501	8.755	2221	yfinance_1m
2026-09-04T14:23:00-04:00	8.755	8.77	8.755	8.77	4537	yfinance_1m
2026-09-04T14:24:00-04:00	8.765	8.765	8.765	8.765	1759	yfinance_1m
2026-09-04T14:25:00-04:00	8.765	8.765	8.765	8.765	2746	yfinance_1m
2026-09-04T14:26:00-04:00	8.765	8.765	8.765	8.765	326	yfinance_1m
2026-09-04T14:27:00-04:00	8.765	8.765	8.765	8.765	1631	yfinance_1m
2026-09-04T14:28:00-04:00	8.765	8.77	8.7649	8.7649	2038	yfinance_1m
2026-09-04T14:29:00-04:00	8.765	8.775	8.765	8.775	4157	yfinance_1m
2026-09-04T14:30:00-04:00	8.78	8.785	8.78	8.785	3380	yfinance_1m
2026-09-04T14:31:00-04:00	8.785	8.785	8.77	8.77	5884	yfinance_1m
2026-09-04T14:32:00-04:00	8.77	8.77	8.77	8.77	1370	yfinance_1m
2026-09-04T14:33:00-04:00	8.77	8.77	8.77	8.77	2043	yfinance_1m
2026-09-04T14:34:00-04:00	8.77	8.8	8.77	8.8	5743	yfinance_1m
2026-09-04T14:35:00-04:00	8.795	8.795	8.795	8.795	1512	yfinance_1m
2026-09-04T14:36:00-04:00	8.8	8.81	8.77	8.77	10958	yfinance_1m
2026-09-04T14:37:00-04:00	8.77	8.77	8.77	8.77	1723	yfinance_1m
2026-09-04T14:38:00-04:00	8.77	8.77	8.77	8.77	391	yfinance_1m
2026-09-04T14:39:00-04:00	8.77	8.775	8.77	8.775	2298	yfinance_1m
2026-09-04T14:40:00-04:00	8.7749	8.775	8.7749	8.775	1628	yfinance_1m
2026-09-04T14:41:00-04:00	8.775	8.775	8.775	8.775	1432	yfinance_1m
2026-09-04T14:42:00-04:00	8.78	8.78	8.775	8.775	1383	yfinance_1m
2026-09-04T14:43:00-04:00	8.77	8.775	8.77	8.775	1462	yfinance_1m
2026-09-04T14:44:00-04:00	8.78	8.78	8.775	8.7761	1780	yfinance_1m
2026-09-04T14:45:00-04:00	8.78	8.78	8.78	8.78	1488	yfinance_1m
2026-09-04T14:46:00-04:00	8.78	8.78	8.775	8.775	1241	yfinance_1m
2026-09-04T14:47:00-04:00	8.78	8.785	8.775	8.775	4700	yfinance_1m
2026-09-04T14:48:00-04:00	8.775	8.775	8.775	8.775	1202	yfinance_1m
2026-09-04T14:49:00-04:00	8.775	8.775	8.77	8.775	5410	yfinance_1m
2026-09-04T14:50:00-04:00	8.775	8.78	8.775	8.78	2491	yfinance_1m
2026-09-04T14:51:00-04:00	8.775	8.79	8.775	8.79	4720	yfinance_1m
2026-09-04T14:52:00-04:00	8.785	8.79	8.785	8.79	1809	yfinance_1m
2026-09-04T14:53:00-04:00	8.785	8.785	8.785	8.785	676	yfinance_1m
2026-09-04T14:54:00-04:00	8.78	8.785	8.78	8.785	854	yfinance_1m
2026-09-04T14:55:00-04:00	8.785	8.79	8.775	8.785	11586	yfinance_1m
2026-09-04T14:56:00-04:00	8.785	8.7873	8.785	8.785	1083	yfinance_1m
2026-09-04T14:57:00-04:00	8.785	8.795	8.785	8.795	4236	yfinance_1m
2026-09-04T14:58:00-04:00	8.795	8.8	8.795	8.8	2761	yfinance_1m
2026-09-04T14:59:00-04:00	8.795	8.8	8.795	8.8	2259	yfinance_1m
2026-09-04T15:00:00-04:00	8.795	8.795	8.795	8.795	280	yfinance_1m
2026-09-04T15:01:00-04:00	8.8	8.815	8.8	8.805	8528	yfinance_1m
2026-09-04T15:02:00-04:00	8.805	8.805	8.805	8.805	1812	yfinance_1m
2026-09-04T15:03:00-04:00	8.8	8.805	8.795	8.795	6648	yfinance_1m
2026-09-04T15:04:00-04:00	8.795	8.795	8.795	8.795	4734	yfinance_1m
2026-09-04T15:05:00-04:00	8.795	8.795	8.795	8.795	140	yfinance_1m
2026-09-04T15:06:00-04:00	8.795	8.795	8.795	8.795	3779	yfinance_1m
2026-09-04T15:07:00-04:00	8.795	8.795	8.795	8.795	2021	yfinance_1m
2026-09-04T15:08:00-04:00	8.79	8.8	8.79	8.8	203	yfinance_1m
2026-09-04T15:09:00-04:00	8.79	8.805	8.79	8.8001	7678	yfinance_1m
2026-09-04T15:10:00-04:00	8.8	8.805	8.8	8.805	4270	yfinance_1m
2026-09-04T15:11:00-04:00	8.805	8.81	8.805	8.805	4835	yfinance_1m
2026-09-04T15:12:00-04:00	8.805	8.805	8.805	8.805	1409	yfinance_1m
2026-09-04T15:13:00-04:00	8.805	8.81	8.805	8.805	6154	yfinance_1m
2026-09-04T15:14:00-04:00	8.81	8.815	8.81	8.815	6450	yfinance_1m
2026-09-04T15:15:00-04:00	8.82	8.83	8.82	8.825	5117	yfinance_1m
2026-09-04T15:16:00-04:00	8.825	8.825	8.825	8.825	1248	yfinance_1m
2026-09-04T15:17:00-04:00	8.825	8.83	8.815	8.82	11428	yfinance_1m
2026-09-04T15:18:00-04:00	8.825	8.825	8.825	8.825	1546	yfinance_1m
2026-09-04T15:19:00-04:00	8.82	8.824179	8.815	8.824179	12047	yfinance_1m
2026-09-04T15:20:00-04:00	8.825	8.825	8.82	8.825	1639	yfinance_1m
2026-09-04T15:21:00-04:00	8.825	8.825	8.825	8.825	1598	yfinance_1m
2026-09-04T15:22:00-04:00	8.8251	8.83	8.825	8.83	5839	yfinance_1m
2026-09-04T15:23:00-04:00	8.83	8.84	8.83	8.84	3758	yfinance_1m
2026-09-04T15:24:00-04:00	8.84	8.845	8.835	8.845	3488	yfinance_1m
2026-09-04T15:25:00-04:00	8.85	8.85	8.8401	8.845	3713	yfinance_1m
2026-09-04T15:26:00-04:00	8.85	8.855	8.85	8.855	4953	yfinance_1m
2026-09-04T15:27:00-04:00	8.8518	8.8518	8.8518	8.8518	2204	yfinance_1m
2026-09-04T15:28:00-04:00	8.855	8.855	8.855	8.855	3549	yfinance_1m
2026-09-04T15:29:00-04:00	8.855	8.86	8.855	8.855	2681	yfinance_1m
2026-09-04T15:30:00-04:00	8.86	8.875	8.86	8.875	11147	yfinance_1m
2026-09-04T15:31:00-04:00	8.875	8.88	8.875	8.88	7957	yfinance_1m
2026-09-04T15:32:00-04:00	8.88	8.91	8.875	8.905	13326	yfinance_1m
2026-09-04T15:33:00-04:00	8.9	8.93	8.9	8.915	9736	yfinance_1m
2026-09-04T15:34:00-04:00	8.915	8.92	8.915	8.92	3033	yfinance_1m
2026-09-04T15:35:00-04:00	8.915	8.92	8.895	8.895	14296	yfinance_1m
2026-09-04T15:36:00-04:00	8.892	8.895	8.892	8.895	5623	yfinance_1m
2026-09-04T15:37:00-04:00	8.895	8.905	8.89	8.9	10873	yfinance_1m
2026-09-04T15:38:00-04:00	8.905	8.91	8.9044	8.9044	5221	yfinance_1m
2026-09-04T15:39:00-04:00	8.9	8.9	8.895	8.895	15916	yfinance_1m
2026-09-04T15:40:00-04:00	8.895	8.895	8.88	8.88	9596	yfinance_1m
2026-09-04T15:41:00-04:00	8.87	8.87	8.86	8.87	6955	yfinance_1m
2026-09-04T15:42:00-04:00	8.865	8.865	8.86	8.865	7797	yfinance_1m
2026-09-04T15:43:00-04:00	8.865	8.87	8.865	8.865	5449	yfinance_1m
2026-09-04T15:44:00-04:00	8.865	8.87	8.865	8.87	5841	yfinance_1m
2026-09-04T15:45:00-04:00	8.87	8.88	8.855	8.865	22271	yfinance_1m
2026-09-04T15:46:00-04:00	8.865	8.87	8.865	8.87	9066	yfinance_1m
2026-09-04T15:47:00-04:00	8.875	8.88	8.875	8.875	4713	yfinance_1m
2026-09-04T15:48:00-04:00	8.88	8.895	8.88	8.89	16004	yfinance_1m
2026-09-04T15:49:00-04:00	8.885	8.89	8.87	8.87	13704	yfinance_1m
2026-09-04T15:50:00-04:00	8.875	8.88	8.87	8.875	11556	yfinance_1m
2026-09-04T15:51:00-04:00	8.875	8.9	8.875	8.895	16273	yfinance_1m
2026-09-04T15:52:00-04:00	8.9	8.9	8.895	8.895	8290	yfinance_1m
2026-09-04T15:53:00-04:00	8.9	8.9	8.865	8.865	32020	yfinance_1m
2026-09-04T15:54:00-04:00	8.865	8.895	8.865	8.885	21167	yfinance_1m
2026-09-04T15:55:00-04:00	8.885	8.885	8.88	8.885	7806	yfinance_1m
2026-09-04T15:56:00-04:00	8.885	8.92	8.885	8.92	31120	yfinance_1m
2026-09-04T15:57:00-04:00	8.915	8.93	8.9	8.915	49099	yfinance_1m
2026-09-04T15:58:00-04:00	8.915	8.94	8.905	8.92	65959	yfinance_1m
2026-09-04T15:59:00-04:00	8.92	8.97	8.92	8.95	140943	yfinance_1m
2026-09-08T09:30:00-04:00	8.94	9.1	8.87	9.05	70714	yfinance_1m
2026-09-08T09:31:00-04:00	9.0632	9.14	8.99	9.035	40212	yfinance_1m
2026-09-08T09:32:00-04:00	9.03	9.03	8.98	8.98	5333	yfinance_1m
2026-09-08T09:33:00-04:00	8.97	8.97	8.91	8.925	8020	yfinance_1m
2026-09-08T09:34:00-04:00	8.9397	8.9397	8.751	8.77	12428	yfinance_1m
2026-09-08T09:35:00-04:00	8.77	8.84	8.77	8.82	10663	yfinance_1m
2026-09-08T09:36:00-04:00	8.81	8.85	8.81	8.825	2401	yfinance_1m
2026-09-08T09:37:00-04:00	8.8	8.85	8.78	8.8	10658	yfinance_1m
2026-09-08T09:38:00-04:00	8.8099	8.8099	8.795	8.795	904	yfinance_1m
2026-09-08T09:39:00-04:00	8.78	8.8272	8.77	8.815	6867	yfinance_1m
2026-09-08T09:40:00-04:00	8.8	8.85	8.78	8.845	8757	yfinance_1m
2026-09-08T09:41:00-04:00	8.86	8.86	8.82	8.82	4988	yfinance_1m
2026-09-08T09:42:00-04:00	8.84	8.84	8.82	8.8251	2635	yfinance_1m
2026-09-08T09:43:00-04:00	8.825	8.84	8.81	8.83	2071	yfinance_1m
2026-09-08T09:44:00-04:00	8.82	8.87	8.82	8.87	6226	yfinance_1m
2026-09-08T09:45:00-04:00	8.89	8.945	8.89	8.945	2209	yfinance_1m
2026-09-08T09:46:00-04:00	8.98	8.98	8.93	8.955	2884	yfinance_1m
2026-09-08T09:47:00-04:00	8.93	8.93	8.9	8.91	10890	yfinance_1m
2026-09-08T09:48:00-04:00	8.91	8.91	8.89	8.89	2201	yfinance_1m
2026-09-08T09:49:00-04:00	8.91	8.91	8.91	8.91	994	yfinance_1m
2026-09-08T09:50:00-04:00	8.91	8.91	8.86	8.87	5127	yfinance_1m
2026-09-08T09:51:00-04:00	8.86	8.86	8.825	8.825	7686	yfinance_1m
2026-09-08T09:52:00-04:00	8.85	8.85	8.82	8.82	3764	yfinance_1m
2026-09-08T09:53:00-04:00	8.85	8.87	8.83	8.845	4207	yfinance_1m
2026-09-08T09:54:00-04:00	8.86	8.87	8.83	8.87	5678	yfinance_1m
2026-09-08T09:55:00-04:00	8.8653	8.8653	8.86	8.86	542	yfinance_1m
2026-09-08T09:56:00-04:00	8.875	8.9	8.86	8.885	4336	yfinance_1m
2026-09-08T09:57:00-04:00	8.87	8.93	8.86	8.93	5337	yfinance_1m
2026-09-08T09:58:00-04:00	8.905	8.905	8.88	8.905	2689	yfinance_1m
2026-09-08T09:59:00-04:00	8.905	8.905	8.84	8.85	8583	yfinance_1m
2026-09-08T10:00:00-04:00	8.86	8.88	8.86	8.87	3196	yfinance_1m
2026-09-08T10:01:00-04:00	8.9	8.93	8.9	8.92	1454	yfinance_1m
2026-09-08T10:02:00-04:00	8.92	8.93	8.9	8.9	1913	yfinance_1m
2026-09-08T10:03:00-04:00	8.91	8.94	8.89	8.94	2573	yfinance_1m
2026-09-08T10:04:00-04:00	8.945	8.955	8.92	8.955	2719	yfinance_1m
2026-09-08T10:05:00-04:00	8.955	8.955	8.87	8.885	11513	yfinance_1m
2026-09-08T10:06:00-04:00	8.885	8.885	8.885	8.885	993	yfinance_1m
2026-09-08T10:07:00-04:00	8.885	8.885	8.84	8.84	2421	yfinance_1m
2026-09-08T10:08:00-04:00	8.85	8.85	8.83	8.83	4213	yfinance_1m
2026-09-08T10:09:00-04:00	8.81	8.82	8.765	8.765	9401	yfinance_1m
2026-09-08T10:10:00-04:00	8.765	8.785	8.72	8.74	8809	yfinance_1m
2026-09-08T10:11:00-04:00	8.7437	8.76	8.7437	8.76	4065	yfinance_1m
2026-09-08T10:12:00-04:00	8.775	8.775	8.775	8.775	619	yfinance_1m
2026-09-08T10:13:00-04:00	8.75	8.77	8.74	8.76	3909	yfinance_1m
2026-09-08T10:14:00-04:00	8.76	8.76	8.72	8.745	8096	yfinance_1m
2026-09-08T10:15:00-04:00	8.77	8.8	8.73	8.8	4430	yfinance_1m
2026-09-08T10:16:00-04:00	8.7923	8.81	8.77	8.78	1435	yfinance_1m
2026-09-08T10:17:00-04:00	8.81	8.81	8.805	8.805	1008	yfinance_1m
2026-09-08T10:18:00-04:00	8.805	8.81	8.78	8.81	857	yfinance_1m
2026-09-08T10:19:00-04:00	8.81	8.85	8.81	8.83	5130	yfinance_1m
2026-09-08T10:20:00-04:00	8.855	8.855	8.85	8.85	1306	yfinance_1m
2026-09-08T10:21:00-04:00	8.86	8.87	8.8425	8.85	3054	yfinance_1m
2026-09-08T10:22:00-04:00	8.87	8.88	8.85	8.87	2680	yfinance_1m
2026-09-08T10:23:00-04:00	8.8799	8.8799	8.855	8.855	2349	yfinance_1m
2026-09-08T10:24:00-04:00	8.85	8.85	8.82	8.8228	9698	yfinance_1m
2026-09-08T10:25:00-04:00	8.83	8.86	8.83	8.845	4443	yfinance_1m
2026-09-08T10:26:00-04:00	8.82	8.82	8.81	8.81	5652	yfinance_1m
2026-09-08T10:27:00-04:00	8.82	8.82	8.795	8.795	3111	yfinance_1m
2026-09-08T10:28:00-04:00	8.8	8.8	8.79	8.795	2263	yfinance_1m
2026-09-08T10:29:00-04:00	8.795	8.8	8.755	8.78	14994	yfinance_1m
2026-09-08T10:30:00-04:00	8.78	8.78	8.77	8.78	2363	yfinance_1m
2026-09-08T10:31:00-04:00	8.78	8.78	8.78	8.78	1980	yfinance_1m
2026-09-08T10:32:00-04:00	8.77	8.79	8.76	8.78	5902	yfinance_1m
2026-09-08T10:33:00-04:00	8.78	8.78	8.78	8.78	985	yfinance_1m
2026-09-08T10:34:00-04:00	8.785	8.785	8.75	8.7602	3536	yfinance_1m
2026-09-08T10:35:00-04:00	8.75	8.76	8.73	8.76	11883	yfinance_1m
2026-09-08T10:36:00-04:00	8.77	8.78	8.765	8.77	3107	yfinance_1m
2026-09-08T10:37:00-04:00	8.7713	8.778	8.76	8.76	1038	yfinance_1m
2026-09-08T10:38:00-04:00	8.77	8.79	8.76	8.79	3811	yfinance_1m
2026-09-08T10:39:00-04:00	8.8	8.8	8.78	8.79	3378	yfinance_1m
2026-09-08T10:40:00-04:00	8.79	8.79	8.79	8.79	1334	yfinance_1m
2026-09-08T10:41:00-04:00	8.78	8.785	8.74	8.74	8341	yfinance_1m
2026-09-08T10:42:00-04:00	8.75	8.75	8.7286	8.7286	5817	yfinance_1m
2026-09-08T10:43:00-04:00	8.72	8.725	8.715	8.72	5270	yfinance_1m
2026-09-08T10:44:00-04:00	8.72	8.72	8.715	8.72	2229	yfinance_1m
2026-09-08T10:45:00-04:00	8.72	8.73	8.71	8.73	5397	yfinance_1m
2026-09-08T10:46:00-04:00	8.73	8.74	8.73	8.74	3094	yfinance_1m
2026-09-08T10:47:00-04:00	8.745	8.7697	8.74	8.7697	7369	yfinance_1m
2026-09-08T10:48:00-04:00	8.77	8.77	8.77	8.77	955	yfinance_1m
2026-09-08T10:49:00-04:00	8.77	8.77	8.755	8.755	3780	yfinance_1m
2026-09-08T10:50:00-04:00	8.755	8.77	8.75	8.77	3294	yfinance_1m
2026-09-08T10:51:00-04:00	8.7602	8.7697	8.76	8.7697	1764	yfinance_1m
2026-09-08T10:52:00-04:00	8.77	8.77	8.74	8.751	7380	yfinance_1m
2026-09-08T10:53:00-04:00	8.75	8.75	8.73	8.74	9448	yfinance_1m
2026-09-08T10:54:00-04:00	8.7401	8.7401	8.7401	8.7401	945	yfinance_1m
2026-09-08T10:56:00-04:00	8.74	8.74	8.73	8.73	3805	yfinance_1m
2026-09-08T10:57:00-04:00	8.735	8.735	8.72	8.735	1439	yfinance_1m
2026-09-08T10:58:00-04:00	8.72	8.735	8.72	8.72	1158	yfinance_1m
2026-09-08T10:59:00-04:00	8.73	8.74	8.72	8.74	4534	yfinance_1m
2026-09-08T11:00:00-04:00	8.74	8.75	8.74	8.75	779	yfinance_1m
2026-09-08T11:01:00-04:00	8.75	8.76	8.74	8.74	8856	yfinance_1m
2026-09-08T11:02:00-04:00	8.75	8.75	8.75	8.75	1711	yfinance_1m
2026-09-08T11:03:00-04:00	8.75	8.865	8.74	8.86	23668	yfinance_1m
2026-09-08T11:04:00-04:00	8.86	8.86	8.84	8.85	5723	yfinance_1m
2026-09-08T11:05:00-04:00	8.865	8.865	8.85	8.85	3866	yfinance_1m
2026-09-08T11:06:00-04:00	8.86	8.86	8.835	8.84	6119	yfinance_1m
2026-09-08T11:07:00-04:00	8.84	8.84	8.81	8.82	5577	yfinance_1m
2026-09-08T11:08:00-04:00	8.82	8.82	8.817329	8.817329	975	yfinance_1m
2026-09-08T11:09:00-04:00	8.82	8.83	8.82	8.825	1203	yfinance_1m
2026-09-08T11:10:00-04:00	8.825	8.84	8.82	8.82	4946	yfinance_1m
2026-09-08T11:11:00-04:00	8.8299	8.8299	8.8299	8.8299	319	yfinance_1m
2026-09-08T11:12:00-04:00	8.82	8.83	8.81	8.83	4680	yfinance_1m
2026-09-08T11:13:00-04:00	8.82	8.82	8.815	8.815	1234	yfinance_1m
2026-09-08T11:14:00-04:00	8.815	8.837	8.815	8.837	3636	yfinance_1m
2026-09-08T11:15:00-04:00	8.825	8.88	8.825	8.87	19096	yfinance_1m
2026-09-08T11:16:00-04:00	8.8865	8.89	8.86	8.87	8260	yfinance_1m
2026-09-08T11:17:00-04:00	8.8702	8.8702	8.84	8.84	4942	yfinance_1m
2026-09-08T11:18:00-04:00	8.85	8.87	8.848	8.865	5395	yfinance_1m
2026-09-08T11:19:00-04:00	8.865	8.88	8.865	8.875	3750	yfinance_1m
2026-09-08T11:20:00-04:00	8.86	8.86	8.85	8.855	4447	yfinance_1m
2026-09-08T11:21:00-04:00	8.86	8.88	8.86	8.87	4061	yfinance_1m
2026-09-08T11:22:00-04:00	8.875	8.875	8.86	8.86	1443	yfinance_1m
2026-09-08T11:23:00-04:00	8.875	8.875	8.87	8.87	1533	yfinance_1m
2026-09-08T11:24:00-04:00	8.87	8.88	8.87	8.88	5009	yfinance_1m
2026-09-08T11:25:00-04:00	8.88	8.89	8.86	8.865	7763	yfinance_1m
2026-09-08T11:26:00-04:00	8.865	8.87	8.855	8.87	8233	yfinance_1m
2026-09-08T11:27:00-04:00	8.87	8.87	8.865	8.87	1453	yfinance_1m
2026-09-08T11:28:00-04:00	8.87	8.8702	8.859	8.86	4812	yfinance_1m
2026-09-08T11:29:00-04:00	8.86	8.94	8.855	8.94	7536	yfinance_1m
2026-09-08T11:30:00-04:00	8.95	8.98	8.95	8.98	3612	yfinance_1m
2026-09-08T11:31:00-04:00	8.985	9.005	8.97648	9.005	2935	yfinance_1m
2026-09-08T11:32:00-04:00	9.0163	9.0163	8.95	8.965	10098	yfinance_1m
2026-09-08T11:33:00-04:00	8.95	8.95	8.92	8.945	3949	yfinance_1m
2026-09-08T11:34:00-04:00	8.945	8.96	8.93	8.93	4827	yfinance_1m
2026-09-08T11:35:00-04:00	8.945	8.945	8.92	8.92	952	yfinance_1m
2026-09-08T11:36:00-04:00	8.935	8.935	8.92	8.92	2213	yfinance_1m
2026-09-08T11:37:00-04:00	8.94	8.94	8.9	8.91	4674	yfinance_1m
2026-09-08T11:38:00-04:00	8.9004	8.9004	8.9	8.9	1373	yfinance_1m
2026-09-08T11:39:00-04:00	8.9	8.9	8.89	8.89	1504	yfinance_1m
2026-09-08T11:40:00-04:00	8.9	8.9	8.89	8.9	2345	yfinance_1m
2026-09-08T11:41:00-04:00	8.89	8.9	8.89	8.9	1066	yfinance_1m
2026-09-08T11:42:00-04:00	8.89	8.9	8.89	8.89	1213	yfinance_1m
2026-09-08T11:43:00-04:00	8.9	8.92	8.89	8.91	22832	yfinance_1m
2026-09-08T11:44:00-04:00	8.9	8.95	8.9	8.95	11389	yfinance_1m
2026-09-08T11:45:00-04:00	8.95	8.9999	8.95	8.9999	3632	yfinance_1m
2026-09-08T11:46:00-04:00	9.0	9.0234	9.0	9.02	3858	yfinance_1m
2026-09-08T11:47:00-04:00	9.02	9.02	9.02	9.02	757	yfinance_1m
2026-09-08T11:48:00-04:00	9.03	9.1	9.03	9.1	22848	yfinance_1m
2026-09-08T11:49:00-04:00	9.09	9.09	9.07	9.07	2607	yfinance_1m
2026-09-08T11:50:00-04:00	9.08	9.1	9.08	9.08	4363	yfinance_1m
2026-09-08T11:51:00-04:00	9.09	9.09	9.07	9.07	7178	yfinance_1m
2026-09-08T11:52:00-04:00	9.065	9.07	9.05	9.05	2688	yfinance_1m
2026-09-08T11:53:00-04:00	9.05	9.06	9.05	9.06	5442	yfinance_1m
2026-09-08T11:54:00-04:00	9.06	9.07	9.06	9.06	3522	yfinance_1m
2026-09-08T11:55:00-04:00	9.059	9.08	9.059	9.08	3361	yfinance_1m
2026-09-08T11:56:00-04:00	9.0893	9.095	9.08	9.08	4893	yfinance_1m
2026-09-08T11:57:00-04:00	9.07	9.07	9.05	9.06	6452	yfinance_1m
2026-09-08T11:58:00-04:00	9.04	9.07	9.04	9.07	3998	yfinance_1m
2026-09-08T11:59:00-04:00	9.065	9.065	9.05	9.05	748	yfinance_1m
2026-09-08T12:00:00-04:00	9.08	9.08	9.08	9.08	2187	yfinance_1m
2026-09-08T12:01:00-04:00	9.09	9.09	9.07	9.08	4431	yfinance_1m
2026-09-08T12:02:00-04:00	9.075	9.075	9.0698	9.07	2007	yfinance_1m
2026-09-08T12:03:00-04:00	9.07	9.07	9.07	9.07	2335	yfinance_1m
2026-09-08T12:04:00-04:00	9.0698	9.0709	9.0698	9.0709	3004	yfinance_1m
2026-09-08T12:05:00-04:00	9.07	9.07	9.06	9.06	1075	yfinance_1m
2026-09-08T12:06:00-04:00	9.06	9.11	9.06	9.09	24447	yfinance_1m
2026-09-08T12:07:00-04:00	9.0999	9.0999	9.0999	9.0999	936	yfinance_1m
2026-09-08T12:08:00-04:00	9.095	9.095	9.055	9.06	10502	yfinance_1m
2026-09-08T12:09:00-04:00	9.05	9.055	9.0387	9.045	6352	yfinance_1m
2026-09-08T12:10:00-04:00	9.04	9.04	9.035	9.035	1310	yfinance_1m
2026-09-08T12:11:00-04:00	9.03	9.03	9.02	9.02	5559	yfinance_1m
2026-09-08T12:12:00-04:00	9.02	9.0201	9.02	9.0201	1112	yfinance_1m
2026-09-08T12:13:00-04:00	9.015	9.015	9.015	9.015	1751	yfinance_1m
2026-09-08T12:14:00-04:00	9.015	9.02	9.015	9.015	1202	yfinance_1m
2026-09-08T12:15:00-04:00	9.015	9.02	9.01	9.01	1432	yfinance_1m
2026-09-08T12:16:00-04:00	9.015	9.015	9.015	9.015	1182	yfinance_1m
2026-09-08T12:17:00-04:00	9.02	9.02	9.01	9.01	9783	yfinance_1m
2026-09-08T12:18:00-04:00	9.02	9.04	9.02	9.03	3874	yfinance_1m
2026-09-08T12:19:00-04:00	9.02	9.02	9.0	9.01	4319	yfinance_1m
2026-09-08T12:20:00-04:00	9.0	9.0	8.9648	8.97	7919	yfinance_1m
2026-09-08T12:21:00-04:00	8.97	8.97	8.9601	8.97	772	yfinance_1m
2026-09-08T12:22:00-04:00	8.97	8.975	8.965	8.965	8446	yfinance_1m
2026-09-08T12:23:00-04:00	8.96	8.96	8.935	8.94	8310	yfinance_1m
2026-09-08T12:24:00-04:00	8.935	8.95	8.935	8.95	5483	yfinance_1m
2026-09-08T12:25:00-04:00	8.9507	8.9552	8.95	8.95	5274	yfinance_1m
2026-09-08T12:26:00-04:00	8.95	8.95	8.945	8.945	1027	yfinance_1m
2026-09-08T12:27:00-04:00	8.945	8.955	8.945	8.95	3148	yfinance_1m
2026-09-08T12:28:00-04:00	8.955	8.955	8.9508	8.9508	3458	yfinance_1m
2026-09-08T12:29:00-04:00	8.95	8.95	8.95	8.95	1381	yfinance_1m
2026-09-08T12:30:00-04:00	8.94	8.94	8.93	8.93	2487	yfinance_1m
2026-09-08T12:31:00-04:00	8.93	8.935	8.93	8.93	2925	yfinance_1m
2026-09-08T12:32:00-04:00	8.935	9.01	8.93	8.94	29242	yfinance_1m
2026-09-08T12:33:00-04:00	8.94	8.98	8.939	8.98	6347	yfinance_1m
2026-09-08T12:34:00-04:00	8.97	8.97	8.97	8.97	826	yfinance_1m
2026-09-08T12:35:00-04:00	8.99	9.0	8.99	9.0	675	yfinance_1m
2026-09-08T12:36:00-04:00	9.02	9.03	8.98	8.98	22085	yfinance_1m
2026-09-08T12:37:00-04:00	8.975	8.985	8.975	8.98	2125	yfinance_1m
2026-09-08T12:38:00-04:00	8.975	8.975	8.975	8.975	505	yfinance_1m
2026-09-08T12:39:00-04:00	8.98	8.98	8.98	8.98	691	yfinance_1m
2026-09-08T12:40:00-04:00	8.97	8.97	8.96	8.97	1915	yfinance_1m
2026-09-08T12:41:00-04:00	8.97	8.98	8.96	8.975	6738	yfinance_1m
2026-09-08T12:42:00-04:00	8.975	8.975	8.975	8.975	776	yfinance_1m
2026-09-08T12:43:00-04:00	8.97	8.97	8.97	8.97	1671	yfinance_1m
2026-09-08T12:44:00-04:00	8.97	8.97	8.97	8.97	1654	yfinance_1m
2026-09-08T12:45:00-04:00	8.96	8.98	8.96	8.97	930	yfinance_1m
2026-09-08T12:46:00-04:00	8.98	8.995	8.975	8.99	4896	yfinance_1m
2026-09-08T12:47:00-04:00	8.9826	9.0	8.9826	9.0	4507	yfinance_1m
2026-09-08T12:48:00-04:00	9.0	9.02	9.0	9.01	2753	yfinance_1m
2026-09-08T12:49:00-04:00	9.02	9.02	9.0	9.01	6377	yfinance_1m
2026-09-08T12:50:00-04:00	9.03	9.03	9.03	9.03	2799	yfinance_1m
2026-09-08T12:52:00-04:00	9.03	9.05	9.03	9.04	4067	yfinance_1m
2026-09-08T12:53:00-04:00	9.05	9.065	9.05	9.065	733	yfinance_1m
2026-09-08T12:54:00-04:00	9.065	9.065	9.03	9.04	7249	yfinance_1m
2026-09-08T12:55:00-04:00	9.03	9.03	9.025	9.025	1213	yfinance_1m
2026-09-08T12:56:00-04:00	9.025	9.03	9.02	9.02	3353	yfinance_1m
2026-09-08T12:57:00-04:00	9.035	9.035	9.035	9.035	754	yfinance_1m
2026-09-08T12:58:00-04:00	9.02	9.035	9.02	9.035	1116	yfinance_1m
2026-09-08T12:59:00-04:00	9.03	9.04	9.01	9.035	6189	yfinance_1m
2026-09-08T13:00:00-04:00	9.035	9.055	9.035	9.055	3199	yfinance_1m
2026-09-08T13:01:00-04:00	9.07	9.07	9.065	9.065	652	yfinance_1m
2026-09-08T13:02:00-04:00	9.07	9.08	9.06	9.07	4364	yfinance_1m
2026-09-08T13:04:00-04:00	9.0772	9.08	9.07	9.08	2587	yfinance_1m
2026-09-08T13:05:00-04:00	9.0799	9.12	9.0701	9.12	15071	yfinance_1m
2026-09-08T13:06:00-04:00	9.12	9.14	9.09	9.12	30269	yfinance_1m
2026-09-08T13:07:00-04:00	9.11	9.14	9.1	9.1	86791	yfinance_1m
2026-09-08T13:08:00-04:00	9.1	9.1018	9.09	9.1	2189	yfinance_1m
2026-09-08T13:09:00-04:00	9.1	9.11	9.08	9.08	6984	yfinance_1m
2026-09-08T13:10:00-04:00	9.09	9.09	9.08	9.09	4914	yfinance_1m
2026-09-08T13:11:00-04:00	9.0898	9.2	9.085	9.19	83516	yfinance_1m
2026-09-08T13:12:00-04:00	9.19	9.22	9.189	9.21	14171	yfinance_1m
2026-09-08T13:13:00-04:00	9.21	9.22	9.21	9.22	3478	yfinance_1m
2026-09-08T13:14:00-04:00	9.21	9.22	9.21	9.22	4300	yfinance_1m
2026-09-08T13:15:00-04:00	9.2203	9.2203	9.22	9.22	1533	yfinance_1m
2026-09-08T13:16:00-04:00	9.213681	9.23	9.21	9.22	5956	yfinance_1m
2026-09-08T13:17:00-04:00	9.215	9.215	9.165	9.165	12287	yfinance_1m
2026-09-08T13:18:00-04:00	9.15	9.15	9.11	9.11	3997	yfinance_1m
2026-09-08T13:19:00-04:00	9.12	9.12	9.11	9.115	7037	yfinance_1m
2026-09-08T13:20:00-04:00	9.12	9.121	9.1001	9.1001	2084	yfinance_1m
2026-09-08T13:21:00-04:00	9.12	9.12	9.12	9.12	1834	yfinance_1m
2026-09-08T13:23:00-04:00	9.12	9.12	9.08	9.08	4235	yfinance_1m
2026-09-08T13:24:00-04:00	9.0801	9.0801	9.06	9.075	14032	yfinance_1m
2026-09-08T13:25:00-04:00	9.06	9.06	9.06	9.06	584	yfinance_1m
2026-09-08T13:26:00-04:00	9.07	9.08	9.06	9.07	9087	yfinance_1m
2026-09-08T13:27:00-04:00	9.0777	9.08	9.07	9.075	1968	yfinance_1m
2026-09-08T13:28:00-04:00	9.07	9.09	9.06	9.08	5563	yfinance_1m
2026-09-08T13:29:00-04:00	9.08	9.08	9.08	9.08	1561	yfinance_1m
2026-09-08T13:30:00-04:00	9.08	9.08	9.08	9.08	782	yfinance_1m
2026-09-08T13:31:00-04:00	9.075	9.08	9.07	9.075	2891	yfinance_1m
2026-09-08T13:32:00-04:00	9.08	9.08	9.07	9.08	1133	yfinance_1m
2026-09-08T13:33:00-04:00	9.075	9.085	9.075	9.085	11570	yfinance_1m
2026-09-08T13:34:00-04:00	9.085	9.095	9.08	9.095	2379	yfinance_1m
2026-09-08T13:35:00-04:00	9.095	9.095	9.07	9.08	5298	yfinance_1m
2026-09-08T13:36:00-04:00	9.075	9.08	9.07	9.08	4137	yfinance_1m
2026-09-08T13:37:00-04:00	9.08	9.08	9.075	9.08	2907	yfinance_1m
2026-09-08T13:38:00-04:00	9.084	9.085	9.084	9.085	1117	yfinance_1m
2026-09-08T13:39:00-04:00	9.08	9.08	9.06	9.064	2933	yfinance_1m
2026-09-08T13:40:00-04:00	9.065	9.065	9.065	9.065	712	yfinance_1m
2026-09-08T13:41:00-04:00	9.06	9.06	9.04	9.04	3332	yfinance_1m
2026-09-08T13:42:00-04:00	9.05	9.06	9.045	9.055	3409	yfinance_1m
2026-09-08T13:43:00-04:00	9.055	9.055	9.0549	9.0549	818	yfinance_1m
2026-09-08T13:44:00-04:00	9.055	9.055	9.03	9.03	3722	yfinance_1m
2026-09-08T13:45:00-04:00	9.035	9.035	9.03	9.03	892	yfinance_1m
2026-09-08T13:46:00-04:00	9.03	9.035	9.03	9.035	1036	yfinance_1m
2026-09-08T13:47:00-04:00	9.035	9.035	9.035	9.035	846	yfinance_1m
2026-09-08T13:48:00-04:00	9.03	9.035	9.03	9.03	2750	yfinance_1m
2026-09-08T13:49:00-04:00	9.025	9.03	9.02	9.025	4182	yfinance_1m
2026-09-08T13:50:00-04:00	9.025	9.03	9.02	9.03	2802	yfinance_1m
2026-09-08T13:51:00-04:00	9.025	9.04	9.025	9.03	4788	yfinance_1m
2026-09-08T13:52:00-04:00	9.035	9.035	9.02	9.02	3222	yfinance_1m
2026-09-08T13:53:00-04:00	9.02	9.04	9.02	9.035	2424	yfinance_1m
2026-09-08T13:54:00-04:00	9.035	9.035	9.0349	9.035	1885	yfinance_1m
2026-09-08T13:55:00-04:00	9.03	9.055	9.03	9.055	4652	yfinance_1m
2026-09-08T13:57:00-04:00	9.055	9.06	9.055	9.06	1984	yfinance_1m
2026-09-08T13:58:00-04:00	9.055	9.08	9.0548	9.08	3022	yfinance_1m
2026-09-08T13:59:00-04:00	9.08	9.09	9.08	9.09	2519	yfinance_1m
2026-09-08T14:00:00-04:00	9.09	9.1	9.075	9.075	7582	yfinance_1m
2026-09-08T14:01:00-04:00	9.07	9.07	9.04	9.04	12161	yfinance_1m
2026-09-08T14:02:00-04:00	9.05	9.08	9.05	9.08	8713	yfinance_1m
2026-09-08T14:03:00-04:00	9.065	9.0651	9.05	9.055	2973	yfinance_1m
2026-09-08T14:04:00-04:00	9.06	9.06	9.06	9.06	863	yfinance_1m
2026-09-08T14:05:00-04:00	9.06	9.06	9.06	9.06	1215	yfinance_1m
2026-09-08T14:06:00-04:00	9.06	9.06	9.05	9.05	4724	yfinance_1m
2026-09-08T14:07:00-04:00	9.05	9.05	9.05	9.05	3515	yfinance_1m
2026-09-08T14:08:00-04:00	9.05	9.05	9.05	9.05	469	yfinance_1m
2026-09-08T14:09:00-04:00	9.05	9.05	9.05	9.05	4460	yfinance_1m
2026-09-08T14:11:00-04:00	9.06	9.06	9.05	9.05	1202	yfinance_1m
2026-09-08T14:12:00-04:00	9.06	9.06	9.05	9.05	10074	yfinance_1m
2026-09-08T14:14:00-04:00	9.06	9.07	9.06	9.07	5418	yfinance_1m
2026-09-08T14:15:00-04:00	9.07	9.1067	9.07	9.1067	4914	yfinance_1m
2026-09-08T14:16:00-04:00	9.12	9.12	9.12	9.12	1102	yfinance_1m
2026-09-08T14:17:00-04:00	9.125	9.15	9.125	9.15	3034	yfinance_1m
2026-09-08T14:18:00-04:00	9.13	9.15	9.13	9.15	2478	yfinance_1m
2026-09-08T14:19:00-04:00	9.16	9.18	9.12	9.16	21685	yfinance_1m
2026-09-08T14:20:00-04:00	9.154	9.16	9.154	9.16	1676	yfinance_1m
2026-09-08T14:21:00-04:00	9.16	9.16	9.16	9.16	1245	yfinance_1m
2026-09-08T14:22:00-04:00	9.1526	9.16	9.145	9.145	10201	yfinance_1m
2026-09-08T14:23:00-04:00	9.1403	9.15	9.14	9.14	12381	yfinance_1m
2026-09-08T14:24:00-04:00	9.13	9.13	9.12	9.13	5479	yfinance_1m
2026-09-08T14:25:00-04:00	9.13	9.13	9.12	9.125	4117	yfinance_1m
2026-09-08T14:26:00-04:00	9.125	9.13	9.12	9.12	3268	yfinance_1m
2026-09-08T14:28:00-04:00	9.115	9.12	9.115	9.115	3685	yfinance_1m
2026-09-08T14:29:00-04:00	9.1199	9.125	9.115	9.125	4643	yfinance_1m
2026-09-08T14:30:00-04:00	9.12	9.12	9.12	9.12	4948	yfinance_1m
2026-09-08T14:31:00-04:00	9.12	9.12	9.1	9.1	5315	yfinance_1m
2026-09-08T14:32:00-04:00	9.1	9.12	9.1	9.12	3154	yfinance_1m
2026-09-08T14:33:00-04:00	9.1151	9.125	9.115	9.125	2601	yfinance_1m
2026-09-08T14:34:00-04:00	9.1249	9.1249	9.1249	9.1249	1666	yfinance_1m
2026-09-08T14:35:00-04:00	9.125	9.125	9.125	9.125	422	yfinance_1m
2026-09-08T14:36:00-04:00	9.12	9.12	9.1147	9.1147	4201	yfinance_1m
2026-09-08T14:37:00-04:00	9.115	9.12	9.114	9.12	2374	yfinance_1m
2026-09-08T14:39:00-04:00	9.12	9.12	9.11	9.11	3070	yfinance_1m
2026-09-08T14:40:00-04:00	9.12	9.12	9.115	9.115	1993	yfinance_1m
2026-09-08T14:41:00-04:00	9.115	9.115	9.115	9.115	178	yfinance_1m
2026-09-08T14:42:00-04:00	9.115	9.115	9.115	9.115	1743	yfinance_1m
2026-09-08T14:43:00-04:00	9.1177	9.12	9.11	9.11	4698	yfinance_1m
2026-09-08T14:44:00-04:00	9.115	9.115	9.115	9.115	1029	yfinance_1m
2026-09-08T14:45:00-04:00	9.115	9.115	9.115	9.115	1218	yfinance_1m
2026-09-08T14:46:00-04:00	9.11	9.115	9.1	9.105	20471	yfinance_1m
2026-09-08T14:47:00-04:00	9.105	9.135	9.1	9.12	24506	yfinance_1m
2026-09-08T14:48:00-04:00	9.12	9.12	9.09	9.09	6981	yfinance_1m
2026-09-08T14:49:00-04:00	9.08	9.095	9.075	9.095	6665	yfinance_1m
2026-09-08T14:50:00-04:00	9.1	9.16	9.1	9.15	7542	yfinance_1m
2026-09-08T14:51:00-04:00	9.155	9.155	9.14	9.14	2936	yfinance_1m
2026-09-08T14:52:00-04:00	9.13	9.13	9.11	9.11	3912	yfinance_1m
2026-09-08T14:53:00-04:00	9.105	9.11	9.105	9.11	2680	yfinance_1m
2026-09-08T14:54:00-04:00	9.11	9.12	9.11	9.12	2788	yfinance_1m
2026-09-08T14:55:00-04:00	9.115	9.12	9.115	9.12	2693	yfinance_1m
2026-09-08T14:56:00-04:00	9.125	9.125	9.125	9.125	1478	yfinance_1m
2026-09-08T14:57:00-04:00	9.125	9.125	9.125	9.125	1764	yfinance_1m
2026-09-08T14:58:00-04:00	9.125	9.13	9.125	9.13	1188	yfinance_1m
2026-09-08T14:59:00-04:00	9.125	9.13	9.125	9.125	1553	yfinance_1m
2026-09-08T15:00:00-04:00	9.125	9.135	9.09	9.095	12465	yfinance_1m
2026-09-08T15:01:00-04:00	9.08	9.08	9.04	9.07	14842	yfinance_1m
2026-09-08T15:02:00-04:00	9.06	9.07	9.055	9.0575	4923	yfinance_1m
2026-09-08T15:03:00-04:00	9.06	9.085	9.06	9.07	10639	yfinance_1m
2026-09-08T15:04:00-04:00	9.07	9.08	9.06	9.06	4966	yfinance_1m
2026-09-08T15:05:00-04:00	9.07	9.08	9.07	9.08	7935	yfinance_1m
2026-09-08T15:06:00-04:00	9.07	9.08	9.07	9.08	5120	yfinance_1m
2026-09-08T15:07:00-04:00	9.08	9.08	9.08	9.08	4899	yfinance_1m
2026-09-08T15:08:00-04:00	9.08	9.08	9.07	9.07	4659	yfinance_1m
2026-09-08T15:09:00-04:00	9.07	9.08	9.07	9.07	5268	yfinance_1m
2026-09-08T15:10:00-04:00	9.07	9.09	9.07	9.09	5070	yfinance_1m
2026-09-08T15:11:00-04:00	9.08	9.08	9.07	9.075	6946	yfinance_1m
2026-09-08T15:12:00-04:00	9.075	9.11	9.075	9.11	10831	yfinance_1m
2026-09-08T15:13:00-04:00	9.11	9.11	9.1	9.1	3936	yfinance_1m
2026-09-08T15:14:00-04:00	9.1	9.1	9.09	9.09	7384	yfinance_1m
2026-09-08T15:15:00-04:00	9.09	9.1	9.055	9.055	33963	yfinance_1m
2026-09-08T15:16:00-04:00	9.05	9.05	9.035	9.045	7619	yfinance_1m
2026-09-08T15:17:00-04:00	9.045	9.055	9.03	9.04	14530	yfinance_1m
2026-09-08T15:18:00-04:00	9.04	9.045	9.035	9.035	8881	yfinance_1m
2026-09-08T15:19:00-04:00	9.035	9.0417	9.03	9.04	6116	yfinance_1m
2026-09-08T15:20:00-04:00	9.04	9.05	9.025	9.025	10224	yfinance_1m
2026-09-08T15:21:00-04:00	9.02	9.035	9.02	9.03	12982	yfinance_1m
2026-09-08T15:22:00-04:00	9.02	9.03	9.0	9.0	12118	yfinance_1m
2026-09-08T15:23:00-04:00	9.01	9.01	9.0	9.0	7765	yfinance_1m
2026-09-08T15:24:00-04:00	9.01	9.015	9.0	9.01	8554	yfinance_1m
2026-09-08T15:25:00-04:00	9.0	9.0102	9.0	9.01	7090	yfinance_1m
2026-09-08T15:26:00-04:00	9.01	9.02	9.0	9.01	8247	yfinance_1m
2026-09-08T15:27:00-04:00	9.015	9.03	9.015	9.03	10334	yfinance_1m
2026-09-08T15:28:00-04:00	9.03	9.06	9.03	9.06	9873	yfinance_1m
2026-09-08T15:29:00-04:00	9.05	9.065	9.05	9.065	6623	yfinance_1m
2026-09-08T15:30:00-04:00	9.06	9.06	9.04	9.04	13374	yfinance_1m
2026-09-08T15:31:00-04:00	9.04	9.045	9.035	9.045	10475	yfinance_1m
2026-09-08T15:32:00-04:00	9.04	9.045	9.01	9.01	5506	yfinance_1m
2026-09-08T15:33:00-04:00	9.01	9.01	9.0	9.01	10554	yfinance_1m
2026-09-08T15:34:00-04:00	9.004	9.01	9.0	9.01	5778	yfinance_1m
2026-09-08T15:35:00-04:00	9.015	9.015	8.96	8.96	21544	yfinance_1m
2026-09-08T15:36:00-04:00	8.96	8.96	8.95	8.96	15827	yfinance_1m
2026-09-08T15:37:00-04:00	8.96	8.965	8.95	8.95	5685	yfinance_1m
2026-09-08T15:38:00-04:00	8.955	8.965	8.95	8.96	17206	yfinance_1m
2026-09-08T15:39:00-04:00	8.96	8.98	8.95	8.98	14643	yfinance_1m
2026-09-08T15:40:00-04:00	8.985	8.985	8.93	8.96	21265	yfinance_1m
2026-09-08T15:41:00-04:00	8.955	8.96	8.94	8.955	5039	yfinance_1m
2026-09-08T15:42:00-04:00	8.955	8.96	8.955	8.955	7574	yfinance_1m
2026-09-08T15:43:00-04:00	8.955	8.9598	8.94	8.94	8973	yfinance_1m
2026-09-08T15:44:00-04:00	8.95	8.965	8.95	8.95	11908	yfinance_1m
2026-09-08T15:45:00-04:00	8.95	8.95	8.93	8.94	11993	yfinance_1m
2026-09-08T15:46:00-04:00	8.94	8.94	8.92	8.94	19910	yfinance_1m
2026-09-08T15:47:00-04:00	8.94	8.94	8.94	8.94	9026	yfinance_1m
2026-09-08T15:48:00-04:00	8.93	8.935	8.9	8.91	15675	yfinance_1m
2026-09-08T15:49:00-04:00	8.91	8.93	8.91	8.925	12158	yfinance_1m
2026-09-08T15:50:00-04:00	8.93	8.94	8.93	8.93	7124	yfinance_1m
2026-09-08T15:51:00-04:00	8.935	8.96	8.935	8.955	13135	yfinance_1m
2026-09-08T15:52:00-04:00	8.955	8.955	8.94	8.95	12644	yfinance_1m
2026-09-08T15:53:00-04:00	8.945	8.945	8.92	8.92	13490	yfinance_1m
2026-09-08T15:54:00-04:00	8.92	8.9258	8.92	8.92	10083	yfinance_1m
2026-09-08T15:55:00-04:00	8.925	8.93	8.905	8.93	42614	yfinance_1m
2026-09-08T15:56:00-04:00	8.94	8.94	8.875	8.915	46157	yfinance_1m
2026-09-08T15:57:00-04:00	8.915	8.95	8.915	8.93	34289	yfinance_1m
2026-09-08T15:58:00-04:00	8.93	8.93	8.9	8.915	57631	yfinance_1m
2026-09-08T15:59:00-04:00	8.91	8.94	8.9	8.91	105151	yfinance_1m
2026-09-09T09:30:00-04:00	8.8	9.0	8.8	8.93	24489	yfinance_1m
2026-09-09T09:31:00-04:00	8.905	8.915	8.905	8.915	928	yfinance_1m
2026-09-09T09:32:00-04:00	8.915	9.02	8.91	8.915	10049	yfinance_1m
2026-09-09T09:33:00-04:00	8.94	8.94	8.92	8.93	1833	yfinance_1m
2026-09-09T09:34:00-04:00	8.925	8.95	8.925	8.95	1445	yfinance_1m
2026-09-09T09:35:00-04:00	8.98	9.06	8.98	9.04	11248	yfinance_1m
2026-09-09T09:36:00-04:00	9.01	9.08	8.96	9.08	6620	yfinance_1m
2026-09-09T09:37:00-04:00	9.08	9.08	9.035	9.06	2727	yfinance_1m
2026-09-09T09:38:00-04:00	9.05	9.05	9.035	9.035	2022	yfinance_1m
2026-09-09T09:39:00-04:00	9.035	9.035	8.975	8.975	3933	yfinance_1m
2026-09-09T09:40:00-04:00	8.95	8.95	8.95	8.95	1365	yfinance_1m
2026-09-09T09:41:00-04:00	8.91	8.94	8.91	8.93	1164	yfinance_1m
2026-09-09T09:42:00-04:00	8.91	8.92	8.855	8.855	5146	yfinance_1m
2026-09-09T09:43:00-04:00	8.855	8.86	8.82	8.86	4391	yfinance_1m
2026-09-09T09:44:00-04:00	8.84	8.91	8.84	8.895	6916	yfinance_1m
2026-09-09T09:45:00-04:00	8.895	8.92	8.895	8.92	2338	yfinance_1m
2026-09-09T09:46:00-04:00	8.895	8.91	8.89	8.89	5333	yfinance_1m
2026-09-09T09:47:00-04:00	8.91	8.91	8.87	8.87	9007	yfinance_1m
2026-09-09T09:48:00-04:00	8.87	8.87	8.85	8.86	3411	yfinance_1m
2026-09-09T09:49:00-04:00	8.86	8.88	8.855	8.865	5283	yfinance_1m
2026-09-09T09:50:00-04:00	8.865	8.865	8.8	8.805	8211	yfinance_1m
2026-09-09T09:51:00-04:00	8.805	8.805	8.78	8.785	2861	yfinance_1m
2026-09-09T09:52:00-04:00	8.77	8.86	8.76	8.81	25292	yfinance_1m
2026-09-09T09:53:00-04:00	8.81	8.86	8.81	8.86	1877	yfinance_1m
2026-09-09T09:54:00-04:00	8.845	8.845	8.845	8.845	3350	yfinance_1m
2026-09-09T09:55:00-04:00	8.86	8.89	8.86	8.89	3802	yfinance_1m
2026-09-09T09:56:00-04:00	8.87	8.87	8.86	8.86	2327	yfinance_1m
2026-09-09T09:57:00-04:00	8.87	8.87	8.87	8.87	678	yfinance_1m
2026-09-09T09:58:00-04:00	8.86	8.875	8.84	8.855	3481	yfinance_1m
2026-09-09T09:59:00-04:00	8.845	8.845	8.81	8.81	3447	yfinance_1m
2026-09-09T10:00:00-04:00	8.82	8.83	8.8	8.801	5950	yfinance_1m
2026-09-09T10:01:00-04:00	8.78	8.79	8.77	8.79	3120	yfinance_1m
2026-09-09T10:02:00-04:00	8.8	8.8	8.785	8.79	2828	yfinance_1m
2026-09-09T10:03:00-04:00	8.79	8.79	8.7433	8.765	7977	yfinance_1m
2026-09-09T10:04:00-04:00	8.79	8.8	8.79	8.79	1711	yfinance_1m
2026-09-09T10:05:00-04:00	8.77	8.78	8.765	8.77	3735	yfinance_1m
2026-09-09T10:06:00-04:00	8.77	8.8	8.77	8.79	23945	yfinance_1m
2026-09-09T10:07:00-04:00	8.78	8.785	8.78	8.785	1351	yfinance_1m
2026-09-09T10:08:00-04:00	8.79	8.79	8.77	8.78	3976	yfinance_1m
2026-09-09T10:09:00-04:00	8.78	8.8	8.778	8.8	4576	yfinance_1m
2026-09-09T10:10:00-04:00	8.8	8.83	8.79	8.82	5622	yfinance_1m
2026-09-09T10:11:00-04:00	8.82	8.82	8.81	8.81	6535	yfinance_1m
2026-09-09T10:12:00-04:00	8.8	8.8058	8.765	8.765	6686	yfinance_1m
2026-09-09T10:13:00-04:00	8.77	8.77	8.76	8.77	1576	yfinance_1m
2026-09-09T10:14:00-04:00	8.77	8.77	8.72	8.77	11088	yfinance_1m
2026-09-09T10:15:00-04:00	8.78	8.8	8.77	8.795	4039	yfinance_1m
2026-09-09T10:16:00-04:00	8.79	8.795	8.76	8.7611	7110	yfinance_1m
2026-09-09T10:17:00-04:00	8.76	8.76	8.75	8.75	1274	yfinance_1m
2026-09-09T10:18:00-04:00	8.74	8.745	8.735	8.74	2643	yfinance_1m
2026-09-09T10:19:00-04:00	8.72	8.74	8.71	8.74	5668	yfinance_1m
2026-09-09T10:20:00-04:00	8.74	8.74	8.74	8.74	1938	yfinance_1m
2026-09-09T10:21:00-04:00	8.74	8.74	8.73	8.73	2720	yfinance_1m
2026-09-09T10:22:00-04:00	8.73	8.73	8.715	8.715	2759	yfinance_1m
2026-09-09T10:23:00-04:00	8.73	8.75	8.72	8.75	7098	yfinance_1m
2026-09-09T10:24:00-04:00	8.75	8.75	8.725	8.725	5255	yfinance_1m
2026-09-09T10:25:00-04:00	8.7251	8.78	8.72	8.77	15034	yfinance_1m
2026-09-09T10:26:00-04:00	8.78	8.8	8.78	8.8	9341	yfinance_1m
2026-09-09T10:27:00-04:00	8.8	8.81	8.7997	8.81	3986	yfinance_1m
2026-09-09T10:28:00-04:00	8.8	8.8	8.79	8.79	2558	yfinance_1m
2026-09-09T10:29:00-04:00	8.78	8.78	8.76	8.7601	14555	yfinance_1m
2026-09-09T10:30:00-04:00	8.775	8.775	8.74	8.76	14184	yfinance_1m
2026-09-09T10:31:00-04:00	8.76	8.76	8.74	8.74	2151	yfinance_1m
2026-09-09T10:32:00-04:00	8.73	8.73	8.64	8.66	19048	yfinance_1m
2026-09-09T10:33:00-04:00	8.655	8.6699	8.64	8.655	2022	yfinance_1m
2026-09-09T10:34:00-04:00	8.655	8.655	8.635	8.635	10251	yfinance_1m
2026-09-09T10:35:00-04:00	8.63	8.68	8.63	8.66	28699	yfinance_1m
2026-09-09T10:36:00-04:00	8.65	8.66	8.64	8.64	12673	yfinance_1m
2026-09-09T10:37:00-04:00	8.65	8.66	8.65	8.66	9050	yfinance_1m
2026-09-09T10:38:00-04:00	8.659	8.659	8.65	8.65	14270	yfinance_1m
2026-09-09T10:39:00-04:00	8.65	8.65	8.635	8.635	2374	yfinance_1m
2026-09-09T10:40:00-04:00	8.635	8.64	8.63	8.63	3166	yfinance_1m
2026-09-09T10:41:00-04:00	8.62	8.625	8.62	8.625	1531	yfinance_1m
2026-09-09T10:42:00-04:00	8.628	8.6283	8.615	8.62	5613	yfinance_1m
2026-09-09T10:43:00-04:00	8.62	8.62	8.6	8.61	9960	yfinance_1m
2026-09-09T10:44:00-04:00	8.61	8.62	8.61	8.62	3035	yfinance_1m
2026-09-09T10:45:00-04:00	8.625	8.64	8.62	8.64	3923	yfinance_1m
2026-09-09T10:46:00-04:00	8.64	8.67	8.64	8.665	4785	yfinance_1m
2026-09-09T10:47:00-04:00	8.665	8.665	8.65	8.65	6442	yfinance_1m
2026-09-09T10:48:00-04:00	8.644	8.65	8.63	8.64	2536	yfinance_1m
2026-09-09T10:49:00-04:00	8.635	8.66	8.635	8.65	5610	yfinance_1m
2026-09-09T10:50:00-04:00	8.65	8.65	8.64	8.64	1195	yfinance_1m
2026-09-09T10:51:00-04:00	8.645	8.65	8.64	8.65	2467	yfinance_1m
2026-09-09T10:52:00-04:00	8.655	8.655	8.645	8.645	5685	yfinance_1m
2026-09-09T10:53:00-04:00	8.64	8.64	8.63	8.63	4548	yfinance_1m
2026-09-09T10:54:00-04:00	8.63	8.63	8.621	8.621	518	yfinance_1m
2026-09-09T10:55:00-04:00	8.63	8.63	8.62	8.62	3297	yfinance_1m
2026-09-09T10:56:00-04:00	8.62	8.63	8.61	8.63	4309	yfinance_1m
2026-09-09T10:57:00-04:00	8.62	8.62	8.61	8.617316	5517	yfinance_1m
2026-09-09T10:58:00-04:00	8.61	8.6105	8.61	8.61	1815	yfinance_1m
2026-09-09T10:59:00-04:00	8.62	8.62	8.5897	8.5897	5789	yfinance_1m
2026-09-09T11:00:00-04:00	8.58	8.605	8.58	8.605	6937	yfinance_1m
2026-09-09T11:01:00-04:00	8.605	8.605	8.57	8.57	6376	yfinance_1m
2026-09-09T11:02:00-04:00	8.56	8.58	8.56	8.56	3093	yfinance_1m
2026-09-09T11:03:00-04:00	8.55	8.56	8.55	8.55	3872	yfinance_1m
2026-09-09T11:04:00-04:00	8.55	8.55	8.55	8.55	1233	yfinance_1m
2026-09-09T11:05:00-04:00	8.55	8.56	8.5402	8.55	8212	yfinance_1m
2026-09-09T11:06:00-04:00	8.55	8.575	8.55	8.575	7580	yfinance_1m
2026-09-09T11:07:00-04:00	8.5703	8.575	8.565	8.565	5373	yfinance_1m
2026-09-09T11:08:00-04:00	8.56	8.565	8.555	8.5599	2574	yfinance_1m
2026-09-09T11:09:00-04:00	8.555	8.555	8.552	8.552	860	yfinance_1m
2026-09-09T11:10:00-04:00	8.55	8.56	8.55	8.555	2366	yfinance_1m
2026-09-09T11:11:00-04:00	8.55	8.55	8.545	8.545	2958	yfinance_1m
2026-09-09T11:12:00-04:00	8.54	8.545	8.53	8.545	6868	yfinance_1m
2026-09-09T11:13:00-04:00	8.545	8.545	8.54	8.545	1390	yfinance_1m
2026-09-09T11:14:00-04:00	8.545	8.555	8.545	8.555	3599	yfinance_1m
2026-09-09T11:15:00-04:00	8.555	8.565	8.555	8.565	5854	yfinance_1m
2026-09-09T11:16:00-04:00	8.56	8.56	8.545	8.55	14358	yfinance_1m
2026-09-09T11:17:00-04:00	8.554	8.56	8.554	8.555	2543	yfinance_1m
2026-09-09T11:18:00-04:00	8.55	8.555	8.55	8.555	873	yfinance_1m
2026-09-09T11:19:00-04:00	8.55	8.55	8.54	8.54	1820	yfinance_1m
2026-09-09T11:20:00-04:00	8.54	8.54	8.53	8.53	4207	yfinance_1m
2026-09-09T11:21:00-04:00	8.535	8.535	8.52	8.53	6158	yfinance_1m
2026-09-09T11:22:00-04:00	8.53	8.53	8.525	8.525	1951	yfinance_1m
2026-09-09T11:23:00-04:00	8.53	8.53	8.53	8.53	8588	yfinance_1m
2026-09-09T11:24:00-04:00	8.52	8.52	8.51	8.52	11175	yfinance_1m
2026-09-09T11:25:00-04:00	8.5147	8.535	8.5147	8.535	6310	yfinance_1m
2026-09-09T11:26:00-04:00	8.535	8.535	8.525	8.525	4261	yfinance_1m
2026-09-09T11:27:00-04:00	8.525	8.525	8.515	8.525	4678	yfinance_1m
2026-09-09T11:28:00-04:00	8.525	8.525	8.525	8.525	1460	yfinance_1m
2026-09-09T11:29:00-04:00	8.5201	8.525	8.5201	8.521	1797	yfinance_1m
2026-09-09T11:30:00-04:00	8.525	8.53	8.525	8.53	4802	yfinance_1m
2026-09-09T11:31:00-04:00	8.52	8.52	8.51	8.51	2573	yfinance_1m
2026-09-09T11:32:00-04:00	8.51	8.51	8.48	8.49	19533	yfinance_1m
2026-09-09T11:33:00-04:00	8.49	8.49	8.49	8.49	415	yfinance_1m
2026-09-09T11:34:00-04:00	8.481	8.505	8.481	8.5	10061	yfinance_1m
2026-09-09T11:35:00-04:00	8.5	8.51	8.5	8.5	1535	yfinance_1m
2026-09-09T11:36:00-04:00	8.495	8.515	8.491	8.515	9039	yfinance_1m
2026-09-09T11:37:00-04:00	8.515	8.53	8.515	8.53	2609	yfinance_1m
2026-09-09T11:38:00-04:00	8.525	8.525	8.521	8.521	2069	yfinance_1m
2026-09-09T11:39:00-04:00	8.525	8.54	8.521	8.54	7067	yfinance_1m
2026-09-09T11:40:00-04:00	8.545	8.545	8.53	8.53	9913	yfinance_1m
2026-09-09T11:41:00-04:00	8.53	8.535	8.521	8.535	1612	yfinance_1m
2026-09-09T11:42:00-04:00	8.53	8.54	8.53	8.54	8084	yfinance_1m
2026-09-09T11:43:00-04:00	8.54	8.54	8.539	8.54	1444	yfinance_1m
2026-09-09T11:44:00-04:00	8.54	8.55	8.54	8.55	2419	yfinance_1m
2026-09-09T11:45:00-04:00	8.55	8.55	8.54	8.55	835	yfinance_1m
2026-09-09T11:46:00-04:00	8.55	8.55	8.55	8.55	1547	yfinance_1m
2026-09-09T11:47:00-04:00	8.55	8.55	8.54	8.55	2272	yfinance_1m
2026-09-09T11:48:00-04:00	8.5435	8.55	8.54	8.55	1530	yfinance_1m
2026-09-09T11:49:00-04:00	8.55	8.55	8.54	8.55	891	yfinance_1m
2026-09-09T11:50:00-04:00	8.54	8.56	8.5306	8.5306	17492	yfinance_1m
2026-09-09T11:51:00-04:00	8.53	8.53	8.51	8.52	6935	yfinance_1m
2026-09-09T11:52:00-04:00	8.52	8.52	8.51	8.51	2711	yfinance_1m
2026-09-09T11:53:00-04:00	8.51	8.51	8.51	8.51	707	yfinance_1m
2026-09-09T11:54:00-04:00	8.515	8.515	8.51	8.515	1112	yfinance_1m
2026-09-09T11:55:00-04:00	8.515	8.515	8.5	8.5	5343	yfinance_1m
2026-09-09T11:56:00-04:00	8.5	8.51	8.5	8.51	8000	yfinance_1m
2026-09-09T11:57:00-04:00	8.51	8.53	8.51	8.523	10254	yfinance_1m
2026-09-09T11:58:00-04:00	8.51	8.51	8.5	8.5	2881	yfinance_1m
2026-09-09T11:59:00-04:00	8.5	8.5	8.475	8.48	12239	yfinance_1m
2026-09-09T12:00:00-04:00	8.485	8.515	8.485	8.511	5431	yfinance_1m
2026-09-09T12:01:00-04:00	8.51	8.5152	8.51	8.5152	1099	yfinance_1m
2026-09-09T12:02:00-04:00	8.515	8.52	8.515	8.52	4796	yfinance_1m
2026-09-09T12:03:00-04:00	8.525	8.525	8.52	8.525	557	yfinance_1m
2026-09-09T12:04:00-04:00	8.525	8.5277	8.525	8.525	2342	yfinance_1m
2026-09-09T12:05:00-04:00	8.525	8.525	8.515	8.515	6927	yfinance_1m
2026-09-09T12:06:00-04:00	8.5103	8.515	8.51	8.5112	7345	yfinance_1m
2026-09-09T12:07:00-04:00	8.51	8.51	8.5003	8.51	7069	yfinance_1m
2026-09-09T12:08:00-04:00	8.5	8.5	8.49	8.49	5333	yfinance_1m
2026-09-09T12:09:00-04:00	8.485	8.485	8.48	8.48	5704	yfinance_1m
2026-09-09T12:10:00-04:00	8.475	8.475	8.46	8.465	13535	yfinance_1m
2026-09-09T12:11:00-04:00	8.475	8.48	8.475	8.48	1434	yfinance_1m
2026-09-09T12:12:00-04:00	8.475	8.485	8.47	8.485	17514	yfinance_1m
2026-09-09T12:13:00-04:00	8.49	8.495	8.49	8.495	3052	yfinance_1m
2026-09-09T12:14:00-04:00	8.495	8.5	8.49	8.495	4993	yfinance_1m
2026-09-09T12:15:00-04:00	8.495	8.495	8.4859	8.4859	19795	yfinance_1m
2026-09-09T12:16:00-04:00	8.48	8.485	8.475	8.485	2908	yfinance_1m
2026-09-09T12:17:00-04:00	8.48	8.484	8.475	8.4779	4133	yfinance_1m
2026-09-09T12:18:00-04:00	8.47	8.475	8.47	8.47	4320	yfinance_1m
2026-09-09T12:19:00-04:00	8.465	8.465	8.46	8.46	1293	yfinance_1m
2026-09-09T12:20:00-04:00	8.46	8.47	8.46	8.47	8888	yfinance_1m
2026-09-09T12:21:00-04:00	8.47	8.47	8.47	8.47	1124	yfinance_1m
2026-09-09T12:22:00-04:00	8.46	8.46	8.43	8.44	17315	yfinance_1m
2026-09-09T12:23:00-04:00	8.44	8.46	8.439	8.46	7266	yfinance_1m
2026-09-09T12:24:00-04:00	8.465	8.465	8.465	8.465	1422	yfinance_1m
2026-09-09T12:25:00-04:00	8.465	8.4703	8.465	8.465	4682	yfinance_1m
2026-09-09T12:26:00-04:00	8.46	8.464	8.455	8.464	4125	yfinance_1m
2026-09-09T12:27:00-04:00	8.465	8.4651	8.465	8.4651	5472	yfinance_1m
2026-09-09T12:28:00-04:00	8.465	8.475	8.465	8.47	5831	yfinance_1m
2026-09-09T12:29:00-04:00	8.465	8.47	8.461	8.47	3321	yfinance_1m
2026-09-09T12:30:00-04:00	8.465	8.465	8.465	8.465	749	yfinance_1m
2026-09-09T12:31:00-04:00	8.47	8.475	8.47	8.475	2076	yfinance_1m
2026-09-09T12:32:00-04:00	8.475	8.51	8.475	8.49	15522	yfinance_1m
2026-09-09T12:33:00-04:00	8.49	8.5	8.48	8.4997	3410	yfinance_1m
2026-09-09T12:34:00-04:00	8.5	8.51	8.5	8.505	1430	yfinance_1m
2026-09-09T12:35:00-04:00	8.505	8.51	8.504	8.505	2650	yfinance_1m
2026-09-09T12:36:00-04:00	8.51	8.51	8.505	8.51	1819	yfinance_1m
2026-09-09T12:37:00-04:00	8.51	8.5194	8.501	8.51	5125	yfinance_1m
2026-09-09T12:38:00-04:00	8.51	8.51	8.5	8.51	4127	yfinance_1m
2026-09-09T12:39:00-04:00	8.52	8.52	8.51	8.51	267	yfinance_1m
2026-09-09T12:40:00-04:00	8.51	8.52	8.51	8.51	3776	yfinance_1m
2026-09-09T12:41:00-04:00	8.515	8.515	8.51	8.515	1950	yfinance_1m
2026-09-09T12:42:00-04:00	8.51	8.5199	8.51	8.515	11417	yfinance_1m
2026-09-09T12:43:00-04:00	8.52	8.5202	8.52	8.5202	3918	yfinance_1m
2026-09-09T12:44:00-04:00	8.52	8.52	8.52	8.52	3875	yfinance_1m
2026-09-09T12:45:00-04:00	8.52	8.52	8.51	8.52	2252	yfinance_1m
2026-09-09T12:46:00-04:00	8.515	8.515	8.5	8.505	6434	yfinance_1m
2026-09-09T12:47:00-04:00	8.505	8.505	8.495	8.495	2879	yfinance_1m
2026-09-09T12:48:00-04:00	8.495	8.495	8.495	8.495	1209	yfinance_1m
2026-09-09T12:49:00-04:00	8.495	8.495	8.48	8.48	2942	yfinance_1m
2026-09-09T12:50:00-04:00	8.5	8.5	8.481	8.485	4091	yfinance_1m
2026-09-09T12:51:00-04:00	8.485	8.485	8.475	8.475	2593	yfinance_1m
2026-09-09T12:52:00-04:00	8.475	8.48	8.465	8.47	4336	yfinance_1m
2026-09-09T12:53:00-04:00	8.465	8.47	8.465	8.47	4742	yfinance_1m
2026-09-09T12:54:00-04:00	8.47	8.475	8.47	8.475	1476	yfinance_1m
2026-09-09T12:55:00-04:00	8.475	8.49	8.475	8.49	6295	yfinance_1m
2026-09-09T12:56:00-04:00	8.49	8.49	8.48	8.49	1607	yfinance_1m
2026-09-09T12:57:00-04:00	8.485	8.49	8.485	8.49	4081	yfinance_1m
2026-09-09T12:58:00-04:00	8.495	8.5	8.49	8.49	1678	yfinance_1m
2026-09-09T12:59:00-04:00	8.5	8.505	8.495	8.505	5336	yfinance_1m
2026-09-09T13:00:00-04:00	8.51	8.51	8.5	8.5	790	yfinance_1m
2026-09-09T13:01:00-04:00	8.5	8.5	8.495	8.495	1247	yfinance_1m
2026-09-09T13:02:00-04:00	8.495	8.5	8.495	8.5	1285	yfinance_1m
2026-09-09T13:03:00-04:00	8.495	8.5	8.485	8.485	10659	yfinance_1m
2026-09-09T13:05:00-04:00	8.49	8.49	8.48	8.485	3200	yfinance_1m
2026-09-09T13:06:00-04:00	8.49	8.49	8.49	8.49	5044	yfinance_1m
2026-09-09T13:07:00-04:00	8.49	8.495	8.49	8.495	3876	yfinance_1m
2026-09-09T13:08:00-04:00	8.49	8.495	8.49	8.49	2021	yfinance_1m
2026-09-09T13:09:00-04:00	8.495	8.495	8.49	8.49	1651	yfinance_1m
2026-09-09T13:10:00-04:00	8.49	8.495	8.49	8.495	944	yfinance_1m
2026-09-09T13:11:00-04:00	8.495	8.5	8.481	8.481	5441	yfinance_1m
2026-09-09T13:12:00-04:00	8.48	8.485	8.48	8.485	1554	yfinance_1m
2026-09-09T13:13:00-04:00	8.48	8.48	8.48	8.48	1194	yfinance_1m
2026-09-09T13:14:00-04:00	8.48	8.485	8.48	8.485	1665	yfinance_1m
2026-09-09T13:15:00-04:00	8.48	8.49	8.48	8.485	1136	yfinance_1m
2026-09-09T13:16:00-04:00	8.48	8.485	8.48	8.48	1855	yfinance_1m
2026-09-09T13:17:00-04:00	8.485	8.485	8.475	8.4773	3151	yfinance_1m
2026-09-09T13:18:00-04:00	8.475	8.4799	8.475	8.475	1697	yfinance_1m
2026-09-09T13:19:00-04:00	8.47	8.47	8.465	8.465	1997	yfinance_1m
2026-09-09T13:20:00-04:00	8.465	8.465	8.465	8.465	638	yfinance_1m
2026-09-09T13:21:00-04:00	8.465	8.465	8.4631	8.465	2075	yfinance_1m
2026-09-09T13:22:00-04:00	8.465	8.465	8.445	8.445	9099	yfinance_1m
2026-09-09T13:23:00-04:00	8.45	8.45	8.441	8.444	3406	yfinance_1m
2026-09-09T13:24:00-04:00	8.44	8.44	8.4342	8.44	6126	yfinance_1m
2026-09-09T13:25:00-04:00	8.44	8.44	8.44	8.44	604	yfinance_1m
2026-09-09T13:26:00-04:00	8.44	8.44	8.41	8.41	14042	yfinance_1m
2026-09-09T13:27:00-04:00	8.41	8.41	8.39	8.4	8585	yfinance_1m
2026-09-09T13:28:00-04:00	8.4	8.41	8.4	8.41	4834	yfinance_1m
2026-09-09T13:29:00-04:00	8.41	8.45	8.405	8.45	10813	yfinance_1m
2026-09-09T13:30:00-04:00	8.45	8.45	8.43	8.435	4056	yfinance_1m
2026-09-09T13:31:00-04:00	8.435	8.435	8.43	8.43	3250	yfinance_1m
2026-09-09T13:32:00-04:00	8.42	8.425	8.42	8.42	1626	yfinance_1m
2026-09-09T13:33:00-04:00	8.41	8.43	8.41	8.43	2494	yfinance_1m
2026-09-09T13:34:00-04:00	8.43	8.43	8.43	8.43	280	yfinance_1m
2026-09-09T13:35:00-04:00	8.43	8.43	8.42	8.43	3959	yfinance_1m
2026-09-09T13:36:00-04:00	8.435	8.435	8.42	8.425	1369	yfinance_1m
2026-09-09T13:37:00-04:00	8.425	8.425	8.42	8.42	3056	yfinance_1m
2026-09-09T13:38:00-04:00	8.41	8.41	8.4	8.4	7011	yfinance_1m
2026-09-09T13:39:00-04:00	8.41	8.41	8.41	8.41	992	yfinance_1m
2026-09-09T13:40:00-04:00	8.41	8.42	8.41	8.42	3628	yfinance_1m
2026-09-09T13:41:00-04:00	8.42	8.42	8.41	8.41	1236	yfinance_1m
2026-09-09T13:42:00-04:00	8.42	8.42	8.411	8.415	2167	yfinance_1m
2026-09-09T13:43:00-04:00	8.411	8.415	8.411	8.415	1398	yfinance_1m
2026-09-09T13:44:00-04:00	8.415	8.43	8.415	8.425	4221	yfinance_1m
2026-09-09T13:45:00-04:00	8.425	8.43	8.425	8.425	761	yfinance_1m
2026-09-09T13:46:00-04:00	8.43	8.46	8.43	8.46	14747	yfinance_1m
2026-09-09T13:47:00-04:00	8.46	8.465	8.4567	8.465	7657	yfinance_1m
2026-09-09T13:48:00-04:00	8.465	8.465	8.46	8.465	2986	yfinance_1m
2026-09-09T13:49:00-04:00	8.47	8.47	8.47	8.47	3950	yfinance_1m
2026-09-09T13:50:00-04:00	8.47	8.47	8.461	8.47	1764	yfinance_1m
2026-09-09T13:51:00-04:00	8.465	8.465	8.465	8.465	1316	yfinance_1m
2026-09-09T13:52:00-04:00	8.46	8.47	8.46	8.465	1330	yfinance_1m
2026-09-09T13:53:00-04:00	8.465	8.465	8.461	8.465	2000	yfinance_1m
2026-09-09T13:54:00-04:00	8.465	8.4692	8.461	8.465	1378	yfinance_1m
2026-09-09T13:55:00-04:00	8.46	8.465	8.46	8.461	1312	yfinance_1m
2026-09-09T13:56:00-04:00	8.465	8.4699	8.4614	8.465	2015	yfinance_1m
2026-09-09T13:57:00-04:00	8.47	8.475	8.47	8.47	5461	yfinance_1m
2026-09-09T13:58:00-04:00	8.47	8.475	8.46	8.475	3982	yfinance_1m
2026-09-09T13:59:00-04:00	8.471	8.475	8.471	8.475	1113	yfinance_1m
2026-09-09T14:00:00-04:00	8.475	8.475	8.4701	8.4701	1305	yfinance_1m
2026-09-09T14:01:00-04:00	8.475	8.475	8.465	8.465	6585	yfinance_1m
2026-09-09T14:02:00-04:00	8.46	8.46	8.44	8.44	4613	yfinance_1m
2026-09-09T14:03:00-04:00	8.43	8.4358	8.43	8.4358	821	yfinance_1m
2026-09-09T14:04:00-04:00	8.431	8.435	8.431	8.435	1722	yfinance_1m
2026-09-09T14:05:00-04:00	8.435	8.445	8.431	8.445	5184	yfinance_1m
2026-09-09T14:06:00-04:00	8.445	8.45	8.43	8.43	4232	yfinance_1m
2026-09-09T14:07:00-04:00	8.44	8.44	8.431	8.44	2211	yfinance_1m
2026-09-09T14:08:00-04:00	8.43	8.44	8.4275	8.4275	2119	yfinance_1m
2026-09-09T14:09:00-04:00	8.43	8.44	8.43	8.435	1512	yfinance_1m
2026-09-09T14:10:00-04:00	8.431	8.4399	8.43	8.43	3456	yfinance_1m
2026-09-09T14:11:00-04:00	8.43	8.43	8.421	8.43	3255	yfinance_1m
2026-09-09T14:12:00-04:00	8.421	8.421	8.415	8.415	3346	yfinance_1m
2026-09-09T14:13:00-04:00	8.415	8.415	8.415	8.415	1295	yfinance_1m
2026-09-09T14:14:00-04:00	8.41	8.415	8.405	8.415	6903	yfinance_1m
2026-09-09T14:15:00-04:00	8.415	8.4188	8.405	8.41	3303	yfinance_1m
2026-09-09T14:16:00-04:00	8.406	8.41	8.405	8.41	3955	yfinance_1m
2026-09-09T14:17:00-04:00	8.42	8.43	8.42	8.43	6779	yfinance_1m
2026-09-09T14:18:00-04:00	8.43	8.43	8.43	8.43	456	yfinance_1m
2026-09-09T14:19:00-04:00	8.43	8.43	8.425	8.425	1722	yfinance_1m
2026-09-09T14:20:00-04:00	8.42	8.425	8.42	8.425	2071	yfinance_1m
2026-09-09T14:21:00-04:00	8.425	8.425	8.421	8.425	1706	yfinance_1m
2026-09-09T14:22:00-04:00	8.425	8.43	8.421	8.43	4391	yfinance_1m
2026-09-09T14:23:00-04:00	8.43	8.43	8.415	8.415	5128	yfinance_1m
2026-09-09T14:24:00-04:00	8.415	8.415	8.415	8.415	1061	yfinance_1m
2026-09-09T14:25:00-04:00	8.41	8.41	8.4	8.4	3304	yfinance_1m
2026-09-09T14:26:00-04:00	8.405	8.405	8.4	8.405	1240	yfinance_1m
2026-09-09T14:27:00-04:00	8.401	8.41	8.395	8.41	6830	yfinance_1m
2026-09-09T14:28:00-04:00	8.405	8.4086	8.401	8.4086	1606	yfinance_1m
2026-09-09T14:29:00-04:00	8.4	8.405	8.4	8.405	2261	yfinance_1m
2026-09-09T14:30:00-04:00	8.405	8.405	8.4	8.4	2915	yfinance_1m
2026-09-09T14:31:00-04:00	8.405	8.41	8.4	8.41	4217	yfinance_1m
2026-09-09T14:32:00-04:00	8.4051	8.4051	8.39	8.391	2914	yfinance_1m
2026-09-09T14:33:00-04:00	8.395	8.4	8.39	8.4	5475	yfinance_1m
2026-09-09T14:34:00-04:00	8.4	8.405	8.4	8.405	4077	yfinance_1m
2026-09-09T14:35:00-04:00	8.4	8.4	8.391	8.391	4190	yfinance_1m
2026-09-09T14:36:00-04:00	8.39	8.3903	8.385	8.39	3815	yfinance_1m
2026-09-09T14:37:00-04:00	8.39	8.39	8.38	8.385	7072	yfinance_1m
2026-09-09T14:38:00-04:00	8.38	8.38	8.36	8.38	6736	yfinance_1m
2026-09-09T14:39:00-04:00	8.38	8.41	8.38	8.4	21758	yfinance_1m
2026-09-09T14:40:00-04:00	8.4049	8.41	8.4	8.405	1794	yfinance_1m
2026-09-09T14:41:00-04:00	8.405	8.4065	8.4	8.4	4185	yfinance_1m
2026-09-09T14:42:00-04:00	8.405	8.41	8.405	8.41	5908	yfinance_1m
2026-09-09T14:43:00-04:00	8.4	8.41	8.4	8.41	6350	yfinance_1m
2026-09-09T14:44:00-04:00	8.405	8.405	8.4	8.405	6105	yfinance_1m
2026-09-09T14:45:00-04:00	8.405	8.4199	8.405	8.405	7418	yfinance_1m
2026-09-09T14:46:00-04:00	8.41	8.41	8.405	8.41	1657	yfinance_1m
2026-09-09T14:47:00-04:00	8.4	8.4	8.39	8.391	4749	yfinance_1m
2026-09-09T14:48:00-04:00	8.395	8.395	8.39	8.39	1225	yfinance_1m
2026-09-09T14:49:00-04:00	8.39	8.41	8.38	8.41	22214	yfinance_1m
2026-09-09T14:50:00-04:00	8.405	8.41	8.405	8.405	10760	yfinance_1m
2026-09-09T14:51:00-04:00	8.41	8.41	8.41	8.41	2308	yfinance_1m
2026-09-09T14:52:00-04:00	8.41	8.41	8.402	8.405	2041	yfinance_1m
2026-09-09T14:53:00-04:00	8.405	8.405	8.405	8.405	1755	yfinance_1m
2026-09-09T14:54:00-04:00	8.4	8.41	8.395	8.405	12155	yfinance_1m
2026-09-09T14:55:00-04:00	8.405	8.405	8.405	8.405	1769	yfinance_1m
2026-09-09T14:56:00-04:00	8.405	8.405	8.4	8.4	11146	yfinance_1m
2026-09-09T14:57:00-04:00	8.405	8.405	8.401	8.405	1291	yfinance_1m
2026-09-09T14:58:00-04:00	8.4099	8.41	8.4	8.405	4975	yfinance_1m
2026-09-09T14:59:00-04:00	8.405	8.405	8.4	8.4003	2607	yfinance_1m
2026-09-09T15:00:00-04:00	8.4	8.41	8.4	8.405	5797	yfinance_1m
2026-09-09T15:01:00-04:00	8.405	8.405	8.405	8.405	4051	yfinance_1m
2026-09-09T15:02:00-04:00	8.4	8.405	8.4	8.405	1748	yfinance_1m
2026-09-09T15:03:00-04:00	8.405	8.405	8.4	8.405	1603	yfinance_1m
2026-09-09T15:04:00-04:00	8.401	8.405	8.4	8.4	3203	yfinance_1m
2026-09-09T15:05:00-04:00	8.4	8.4	8.37	8.375	17948	yfinance_1m
2026-09-09T15:06:00-04:00	8.37	8.37	8.361	8.365	4453	yfinance_1m
2026-09-09T15:07:00-04:00	8.365	8.3655	8.35	8.365	15801	yfinance_1m
2026-09-09T15:08:00-04:00	8.365	8.365	8.345	8.35	12923	yfinance_1m
2026-09-09T15:09:00-04:00	8.35	8.36	8.35	8.355	3113	yfinance_1m
2026-09-09T15:10:00-04:00	8.36	8.3678	8.355	8.365	7817	yfinance_1m
2026-09-09T15:11:00-04:00	8.365	8.375	8.365	8.375	6577	yfinance_1m
2026-09-09T15:12:00-04:00	8.38	8.38	8.3703	8.3703	3261	yfinance_1m
2026-09-09T15:13:00-04:00	8.375	8.375	8.375	8.375	315	yfinance_1m
2026-09-09T15:14:00-04:00	8.375	8.375	8.36	8.36	4374	yfinance_1m
2026-09-09T15:15:00-04:00	8.365	8.365	8.36	8.365	2752	yfinance_1m
2026-09-09T15:16:00-04:00	8.37	8.37	8.35	8.35	5844	yfinance_1m
2026-09-09T15:17:00-04:00	8.355	8.355	8.35	8.35	2630	yfinance_1m
2026-09-09T15:18:00-04:00	8.35	8.35	8.345	8.345	16260	yfinance_1m
2026-09-09T15:19:00-04:00	8.345	8.345	8.34	8.345	2778	yfinance_1m
2026-09-09T15:20:00-04:00	8.345	8.365	8.345	8.365	9719	yfinance_1m
2026-09-09T15:21:00-04:00	8.365	8.365	8.36	8.365	1666	yfinance_1m
2026-09-09T15:22:00-04:00	8.365	8.365	8.35	8.35	4099	yfinance_1m
2026-09-09T15:23:00-04:00	8.35	8.355	8.34	8.35	8818	yfinance_1m
2026-09-09T15:24:00-04:00	8.355	8.36	8.34	8.34	10605	yfinance_1m
2026-09-09T15:25:00-04:00	8.345	8.345	8.335	8.335	13761	yfinance_1m
2026-09-09T15:26:00-04:00	8.3389	8.3389	8.33	8.331	3436	yfinance_1m
2026-09-09T15:27:00-04:00	8.33	8.33	8.315	8.315	6650	yfinance_1m
2026-09-09T15:28:00-04:00	8.315	8.3199	8.31	8.3199	4851	yfinance_1m
2026-09-09T15:29:00-04:00	8.315	8.315	8.31	8.315	3240	yfinance_1m
2026-09-09T15:30:00-04:00	8.315	8.315	8.31	8.315	4397	yfinance_1m
2026-09-09T15:31:00-04:00	8.31	8.31	8.2903	8.295	41040	yfinance_1m
2026-09-09T15:32:00-04:00	8.295	8.295	8.255	8.26	15443	yfinance_1m
2026-09-09T15:33:00-04:00	8.26	8.2655	8.26	8.26	5377	yfinance_1m
2026-09-09T15:34:00-04:00	8.265	8.266	8.26	8.265	4106	yfinance_1m
2026-09-09T15:35:00-04:00	8.265	8.265	8.26	8.26	5826	yfinance_1m
2026-09-09T15:36:00-04:00	8.255	8.26	8.255	8.26	10016	yfinance_1m
2026-09-09T15:37:00-04:00	8.26	8.26	8.25	8.255	5910	yfinance_1m
2026-09-09T15:38:00-04:00	8.25	8.25	8.21	8.225	18420	yfinance_1m
2026-09-09T15:39:00-04:00	8.225	8.235	8.225	8.235	12717	yfinance_1m
2026-09-09T15:40:00-04:00	8.235	8.235	8.22	8.22	6274	yfinance_1m
2026-09-09T15:41:00-04:00	8.22	8.225	8.2	8.2013	26221	yfinance_1m
2026-09-09T15:42:00-04:00	8.2	8.2186	8.195	8.2186	70462	yfinance_1m
2026-09-09T15:43:00-04:00	8.215	8.215	8.19	8.2	52591	yfinance_1m
2026-09-09T15:44:00-04:00	8.19	8.19	8.16	8.16	65187	yfinance_1m
2026-09-09T15:45:00-04:00	8.17	8.185	8.165	8.18	20175	yfinance_1m
2026-09-09T15:46:00-04:00	8.185	8.19	8.185	8.185	13249	yfinance_1m
2026-09-09T15:47:00-04:00	8.185	8.195	8.1845	8.195	14332	yfinance_1m
2026-09-09T15:48:00-04:00	8.195	8.1957	8.185	8.185	11474	yfinance_1m
2026-09-09T15:49:00-04:00	8.185	8.19	8.17	8.18	31732	yfinance_1m
2026-09-09T15:50:00-04:00	8.175	8.175	8.16	8.1602	25071	yfinance_1m
2026-09-09T15:51:00-04:00	8.16	8.165	8.145	8.165	34329	yfinance_1m
2026-09-09T15:52:00-04:00	8.17	8.19	8.165	8.18	29505	yfinance_1m
2026-09-09T15:53:00-04:00	8.18	8.18	8.155	8.155	12671	yfinance_1m
2026-09-09T15:54:00-04:00	8.155	8.175	8.15	8.17	17889	yfinance_1m
2026-09-09T15:55:00-04:00	8.165	8.165	8.155	8.165	19216	yfinance_1m
2026-09-09T15:56:00-04:00	8.165	8.165	8.125	8.135	57404	yfinance_1m
2026-09-09T15:57:00-04:00	8.135	8.1384	8.11	8.112	38113	yfinance_1m
2026-09-09T15:58:00-04:00	8.11	8.12	8.09	8.09	106516	yfinance_1m
2026-09-09T15:59:00-04:00	8.09	8.1	8.05	8.0605	194684	yfinance_1m
2026-09-10T09:30:00-04:00	7.98	7.98	7.81	7.88	88046	yfinance_1m
2026-09-10T09:31:00-04:00	7.88	7.955	7.87	7.955	16999	yfinance_1m
2026-09-10T09:32:00-04:00	7.95	7.955	7.9	7.93	4728	yfinance_1m
2026-09-10T09:33:00-04:00	7.93	7.99	7.9	7.94	18591	yfinance_1m
2026-09-10T09:34:00-04:00	7.96	7.9697	7.935	7.935	8294	yfinance_1m
2026-09-10T09:35:00-04:00	7.9208	8.0	7.9208	7.99	5275	yfinance_1m
2026-09-10T09:36:00-04:00	8.0	8.14	8.0	8.124	6720	yfinance_1m
2026-09-10T09:37:00-04:00	8.14	8.15	8.1	8.14	5312	yfinance_1m
2026-09-10T09:38:00-04:00	8.13	8.145	8.12	8.14	9003	yfinance_1m
2026-09-10T09:39:00-04:00	8.14	8.17	8.13	8.13	7159	yfinance_1m
2026-09-10T09:40:00-04:00	8.1402	8.1402	8.122	8.14	1646	yfinance_1m
2026-09-10T09:41:00-04:00	8.17	8.17	8.14	8.16	3645	yfinance_1m
2026-09-10T09:42:00-04:00	8.16	8.16	8.125	8.16	9144	yfinance_1m
2026-09-10T09:43:00-04:00	8.14	8.15	8.11	8.115	3809	yfinance_1m
2026-09-10T09:44:00-04:00	8.115	8.115	8.1	8.1	3266	yfinance_1m
2026-09-10T09:45:00-04:00	8.11	8.11	8.08	8.08	9809	yfinance_1m
2026-09-10T09:46:00-04:00	8.1	8.1	8.1	8.1	1180	yfinance_1m
2026-09-10T09:47:00-04:00	8.11	8.11	8.08	8.105	4217	yfinance_1m
2026-09-10T09:48:00-04:00	8.105	8.105	8.105	8.105	1917	yfinance_1m
2026-09-10T09:49:00-04:00	8.115	8.17	8.115	8.15	3170	yfinance_1m
2026-09-10T09:50:00-04:00	8.14	8.14	8.1286	8.1286	4142	yfinance_1m
2026-09-10T09:51:00-04:00	8.14	8.14	8.12	8.12	433	yfinance_1m
2026-09-10T09:52:00-04:00	8.1	8.12	8.1	8.115	5823	yfinance_1m
2026-09-10T09:53:00-04:00	8.13	8.13	8.115	8.115	1133	yfinance_1m
2026-09-10T09:54:00-04:00	8.12	8.13	8.12	8.13	1472	yfinance_1m
2026-09-10T09:55:00-04:00	8.13	8.16	8.13	8.14	10165	yfinance_1m
2026-09-10T09:56:00-04:00	8.15	8.15	8.12	8.13	18901	yfinance_1m
2026-09-10T09:57:00-04:00	8.13	8.15	8.13	8.14	2995	yfinance_1m
2026-09-10T09:58:00-04:00	8.14	8.14	8.14	8.14	1912	yfinance_1m
2026-09-10T09:59:00-04:00	8.125	8.13	8.125	8.13	2289	yfinance_1m
2026-09-10T10:00:00-04:00	8.14	8.25	8.14	8.19	107828	yfinance_1m
2026-09-10T10:01:00-04:00	8.175	8.2	8.175	8.1901	5707	yfinance_1m
2026-09-10T10:02:00-04:00	8.21	8.21	8.145	8.145	3548	yfinance_1m
2026-09-10T10:03:00-04:00	8.145	8.17	8.145	8.165	7239	yfinance_1m
2026-09-10T10:04:00-04:00	8.165	8.165	8.115	8.115	8185	yfinance_1m
2026-09-10T10:05:00-04:00	8.1	8.1	8.02	8.02	13568	yfinance_1m
2026-09-10T10:06:00-04:00	8.02	8.03	8.01	8.03	4926	yfinance_1m
2026-09-10T10:07:00-04:00	8.03	8.06	8.03	8.055	6373	yfinance_1m
2026-09-10T10:08:00-04:00	8.05	8.05	8.03	8.03	3316	yfinance_1m
2026-09-10T10:09:00-04:00	8.03	8.03	8.015	8.03	5099	yfinance_1m
2026-09-10T10:10:00-04:00	8.015	8.0301	8.0	8.0301	5683	yfinance_1m
2026-09-10T10:11:00-04:00	8.03	8.06	8.02	8.06	4977	yfinance_1m
2026-09-10T10:12:00-04:00	8.06	8.065	8.0501	8.065	2589	yfinance_1m
2026-09-10T10:13:00-04:00	8.05	8.05	7.98	7.995	6612	yfinance_1m
2026-09-10T10:14:00-04:00	7.99	7.99	7.96	7.96	19543	yfinance_1m
2026-09-10T10:15:00-04:00	7.965	7.965	7.95	7.96	5325	yfinance_1m
2026-09-10T10:16:00-04:00	7.96	7.96	7.9	7.905	19231	yfinance_1m
2026-09-10T10:17:00-04:00	7.905	7.91	7.88	7.885	7746	yfinance_1m
2026-09-10T10:18:00-04:00	7.88	7.895	7.88	7.895	4037	yfinance_1m
2026-09-10T10:19:00-04:00	7.895	7.91	7.895	7.91	8333	yfinance_1m
2026-09-10T10:20:00-04:00	7.92	7.9372	7.92	7.93	4338	yfinance_1m
2026-09-10T10:21:00-04:00	7.92	7.92	7.895	7.92	18284	yfinance_1m
2026-09-10T10:22:00-04:00	7.925	7.9699	7.925	7.9699	5680	yfinance_1m
2026-09-10T10:23:00-04:00	7.955	7.97	7.95	7.95	12283	yfinance_1m
2026-09-10T10:24:00-04:00	7.95	8.025	7.95	8.0	6200	yfinance_1m
2026-09-10T10:25:00-04:00	8.0	8.07	8.0	8.04	131199	yfinance_1m
2026-09-10T10:26:00-04:00	8.04	8.07	8.02	8.02	15291	yfinance_1m
2026-09-10T10:27:00-04:00	8.02	8.04	8.02	8.02	986	yfinance_1m
2026-09-10T10:28:00-04:00	8.005	8.005	7.975	7.975	7919	yfinance_1m
2026-09-10T10:29:00-04:00	7.98	8.0	7.96	7.995	5338	yfinance_1m
2026-09-10T10:30:00-04:00	7.995	8.01	7.97	7.99	11066	yfinance_1m
2026-09-10T10:31:00-04:00	7.99	7.99	7.98	7.98	2801	yfinance_1m
2026-09-10T10:32:00-04:00	7.97	7.97	7.95	7.96	2536	yfinance_1m
2026-09-10T10:33:00-04:00	7.96	7.99	7.96	7.99	12311	yfinance_1m
2026-09-10T10:34:00-04:00	7.98	8.015	7.98	8.01	9087	yfinance_1m
2026-09-10T10:35:00-04:00	8.01	8.06	8.01	8.035	5649	yfinance_1m
2026-09-10T10:36:00-04:00	8.035	8.035	8.035	8.035	3392	yfinance_1m
2026-09-10T10:37:00-04:00	8.035	8.0461	8.03	8.04	5204	yfinance_1m
2026-09-10T10:38:00-04:00	8.04	8.04	8.01	8.01	8310	yfinance_1m
2026-09-10T10:39:00-04:00	8.0	8.0	7.965	7.965	4302	yfinance_1m
2026-09-10T10:40:00-04:00	7.965	7.965	7.965	7.965	1773	yfinance_1m
2026-09-10T10:41:00-04:00	7.97	7.97	7.96	7.9674	3762	yfinance_1m
2026-09-10T10:42:00-04:00	7.965	7.97	7.955	7.955	8721	yfinance_1m
2026-09-10T10:43:00-04:00	7.96	7.99	7.95	7.965	18841	yfinance_1m
2026-09-10T10:44:00-04:00	7.965	7.965	7.965	7.965	1219	yfinance_1m
2026-09-10T10:45:00-04:00	7.98	7.99	7.98	7.985	4337	yfinance_1m
2026-09-10T10:46:00-04:00	7.985	8.005	7.985	8.005	4153	yfinance_1m
2026-09-10T10:47:00-04:00	8.0	8.01	8.0	8.0022	15451	yfinance_1m
2026-09-10T10:48:00-04:00	8.0	8.03	8.0	8.03	3366	yfinance_1m
2026-09-10T10:49:00-04:00	8.03	8.04	8.03	8.04	3408	yfinance_1m
2026-09-10T10:50:00-04:00	8.0402	8.0402	8.015	8.015	4557	yfinance_1m
2026-09-10T10:51:00-04:00	8.015	8.015	8.01	8.01	1790	yfinance_1m
2026-09-10T10:52:00-04:00	8.01	8.01	7.98	7.98	5788	yfinance_1m
2026-09-10T10:53:00-04:00	7.98	8.0	7.97	7.995	4205	yfinance_1m
2026-09-10T10:54:00-04:00	8.0	8.025	8.0	8.025	7499	yfinance_1m
2026-09-10T10:55:00-04:00	8.02	8.02	8.01	8.01	3111	yfinance_1m
2026-09-10T10:56:00-04:00	8.02	8.06	8.02	8.04	12771	yfinance_1m
2026-09-10T10:57:00-04:00	8.03	8.0655	8.03	8.0655	4828	yfinance_1m
2026-09-10T10:58:00-04:00	8.05	8.05	8.03	8.03	2207	yfinance_1m
2026-09-10T10:59:00-04:00	8.03	8.045	8.03	8.045	4560	yfinance_1m
2026-09-10T11:00:00-04:00	8.03	8.03	8.01	8.01	4488	yfinance_1m
2026-09-10T11:01:00-04:00	8.01	8.01	8.0	8.01	3002	yfinance_1m
2026-09-10T11:02:00-04:00	8.0	8.0	8.0	8.0	489	yfinance_1m
2026-09-10T11:03:00-04:00	7.99	8.0	7.99	7.995	6405	yfinance_1m
2026-09-10T11:04:00-04:00	8.0	8.0	8.0	8.0	2041	yfinance_1m
2026-09-10T11:05:00-04:00	7.9917	8.0086	7.99	8.005	4255	yfinance_1m
2026-09-10T11:06:00-04:00	8.005	8.01	8.005	8.01	3022	yfinance_1m
2026-09-10T11:07:00-04:00	8.01	8.01	8.0	8.0	2961	yfinance_1m
2026-09-10T11:08:00-04:00	7.99	7.995	7.98	7.985	4607	yfinance_1m
2026-09-10T11:09:00-04:00	7.9801	7.985	7.97	7.97	1526	yfinance_1m
2026-09-10T11:10:00-04:00	7.97	7.97	7.96	7.965	4996	yfinance_1m
2026-09-10T11:11:00-04:00	7.96	7.96	7.94	7.96	6076	yfinance_1m
2026-09-10T11:12:00-04:00	7.965	7.97	7.965	7.97	3670	yfinance_1m
2026-09-10T11:13:00-04:00	7.9799	7.99	7.97	7.98	5221	yfinance_1m
2026-09-10T11:14:00-04:00	7.975	7.975	7.975	7.975	1311	yfinance_1m
2026-09-10T11:15:00-04:00	7.975	8.0	7.975	7.99	11098	yfinance_1m
2026-09-10T11:16:00-04:00	7.99	8.0	7.99	7.99	3206	yfinance_1m
2026-09-10T11:18:00-04:00	8.0	8.01	8.0	8.0	8034	yfinance_1m
2026-09-10T11:19:00-04:00	7.995	7.995	7.995	7.995	2922	yfinance_1m
2026-09-10T11:20:00-04:00	8.0	8.01	7.99	8.0	6482	yfinance_1m
2026-09-10T11:21:00-04:00	7.995	7.995	7.98	7.985	2619	yfinance_1m
2026-09-10T11:22:00-04:00	7.98	7.98	7.975	7.9753	4898	yfinance_1m
2026-09-10T11:23:00-04:00	7.97	7.97	7.965	7.965	6211	yfinance_1m
2026-09-10T11:24:00-04:00	7.965	7.97	7.96	7.97	7303	yfinance_1m
2026-09-10T11:25:00-04:00	7.97	7.97	7.97	7.97	747	yfinance_1m
2026-09-10T11:26:00-04:00	7.96	7.96	7.955	7.955	1866	yfinance_1m
2026-09-10T11:27:00-04:00	7.955	7.96	7.955	7.96	5870	yfinance_1m
2026-09-10T11:28:00-04:00	7.96	7.965	7.96	7.9649	2778	yfinance_1m
2026-09-10T11:29:00-04:00	7.96	7.96	7.955	7.955	2051	yfinance_1m
2026-09-10T11:30:00-04:00	7.955	7.955	7.95	7.95	3259	yfinance_1m
2026-09-10T11:31:00-04:00	7.95	7.95	7.95	7.95	2461	yfinance_1m
2026-09-10T11:32:00-04:00	7.955	7.955	7.94	7.95	8469	yfinance_1m
2026-09-10T11:33:00-04:00	7.95	7.99	7.95	7.959	15039	yfinance_1m
2026-09-10T11:34:00-04:00	7.96	7.96	7.95	7.96	4108	yfinance_1m
2026-09-10T11:35:00-04:00	7.95	7.97	7.95	7.97	5507	yfinance_1m
2026-09-10T11:36:00-04:00	7.97	7.98	7.97	7.98	1732	yfinance_1m
2026-09-10T11:37:00-04:00	7.975	7.975	7.97	7.97	1401	yfinance_1m
2026-09-10T11:38:00-04:00	7.97	7.98	7.965	7.97	7084	yfinance_1m
2026-09-10T11:39:00-04:00	7.9648	7.975	7.9648	7.97	10226	yfinance_1m
2026-09-10T11:40:00-04:00	7.965	7.985	7.965	7.985	7130	yfinance_1m
2026-09-10T11:41:00-04:00	7.99	7.995	7.99	7.99	3660	yfinance_1m
2026-09-10T11:42:00-04:00	7.985	7.985	7.985	7.985	2390	yfinance_1m
2026-09-10T11:43:00-04:00	7.985	7.99	7.985	7.99	2231	yfinance_1m
2026-09-10T11:44:00-04:00	7.99	8.005	7.985	8.005	12601	yfinance_1m
2026-09-10T11:45:00-04:00	8.005	8.005	8.0	8.0	4187	yfinance_1m
2026-09-10T11:46:00-04:00	7.99	8.0	7.99	8.0	3751	yfinance_1m
2026-09-10T11:47:00-04:00	7.994	8.0	7.985	8.0	7907	yfinance_1m
2026-09-10T11:48:00-04:00	7.99	7.99	7.985	7.985	1653	yfinance_1m
2026-09-10T11:49:00-04:00	7.99	7.995	7.99	7.99	3240	yfinance_1m
2026-09-10T11:50:00-04:00	7.98	7.985	7.98	7.98	2468	yfinance_1m
2026-09-10T11:51:00-04:00	7.985	7.985	7.985	7.985	2114	yfinance_1m
2026-09-10T11:52:00-04:00	7.985	8.005	7.985	8.005	12127	yfinance_1m
2026-09-10T11:53:00-04:00	8.005	8.005	8.005	8.005	1335	yfinance_1m
2026-09-10T11:54:00-04:00	8.005	8.005	8.005	8.005	3728	yfinance_1m
2026-09-10T11:55:00-04:00	8.005	8.005	8.0	8.005	3946	yfinance_1m
2026-09-10T11:56:00-04:00	8.005	8.005	8.005	8.005	1890	yfinance_1m
2026-09-10T11:57:00-04:00	8.01	8.01	8.005	8.005	1816	yfinance_1m
2026-09-10T11:58:00-04:00	8.005	8.015	8.005	8.015	2655	yfinance_1m
2026-09-10T11:59:00-04:00	8.02	8.02	8.014	8.015	1898	yfinance_1m
2026-09-10T12:00:00-04:00	8.015	8.015	8.005	8.005	3413	yfinance_1m
2026-09-10T12:01:00-04:00	8.0	8.01	7.995	8.0	14372	yfinance_1m
2026-09-10T12:02:00-04:00	8.0	8.0	8.0	8.0	6026	yfinance_1m
2026-09-10T12:03:00-04:00	8.0	8.0	8.0	8.0	3457	yfinance_1m
2026-09-10T12:04:00-04:00	7.995	7.995	7.98	7.98	1862	yfinance_1m
2026-09-10T12:05:00-04:00	7.99	8.0	7.985	7.985	6812	yfinance_1m
2026-09-10T12:06:00-04:00	7.98	7.9951	7.98	7.9951	4392	yfinance_1m
2026-09-10T12:07:00-04:00	7.995	7.995	7.985	7.985	2395	yfinance_1m
2026-09-10T12:08:00-04:00	7.99	8.005	7.99	7.993	5842	yfinance_1m
2026-09-10T12:09:00-04:00	7.985	7.985	7.985	7.985	815	yfinance_1m
2026-09-10T12:10:00-04:00	7.985	7.995	7.97	7.97	19931	yfinance_1m
2026-09-10T12:11:00-04:00	7.97	7.98	7.965	7.97	3888	yfinance_1m
2026-09-10T12:12:00-04:00	7.96	7.97	7.955	7.97	8514	yfinance_1m
2026-09-10T12:13:00-04:00	7.965	7.98	7.965	7.975	2144	yfinance_1m
2026-09-10T12:14:00-04:00	7.985	7.985	7.985	7.985	647	yfinance_1m
2026-09-10T12:15:00-04:00	7.985	7.985	7.985	7.985	2026	yfinance_1m
2026-09-10T12:16:00-04:00	7.985	7.99	7.97	7.97	8038	yfinance_1m
2026-09-10T12:17:00-04:00	7.96	7.9672	7.955	7.9672	12331	yfinance_1m
2026-09-10T12:18:00-04:00	7.95	7.955	7.95	7.955	2122	yfinance_1m
2026-09-10T12:19:00-04:00	7.96	7.96	7.9528	7.9528	4379	yfinance_1m
2026-09-10T12:20:00-04:00	7.955	8.01	7.955	7.99	50200	yfinance_1m
2026-09-10T12:21:00-04:00	7.995	7.995	7.9948	7.9948	3023	yfinance_1m
2026-09-10T12:22:00-04:00	7.99	7.995	7.99	7.995	3945	yfinance_1m
2026-09-10T12:23:00-04:00	7.995	8.0	7.995	7.995	1728	yfinance_1m
2026-09-10T12:24:00-04:00	7.9986	8.005	7.9986	8.005	2048	yfinance_1m
2026-09-10T12:25:00-04:00	7.995	7.9951	7.99	7.99	2101	yfinance_1m
2026-09-10T12:26:00-04:00	7.995	8.01	7.995	8.01	5883	yfinance_1m
2026-09-10T12:27:00-04:00	8.0	8.0	7.99	7.99	682	yfinance_1m
2026-09-10T12:28:00-04:00	7.99	7.995	7.99	7.995	1200	yfinance_1m
2026-09-10T12:29:00-04:00	7.995	8.005	7.995	8.0	5661	yfinance_1m
2026-09-10T12:30:00-04:00	8.0	8.0	8.0	8.0	1844	yfinance_1m
2026-09-10T12:31:00-04:00	8.0	8.005	8.0	8.005	2190	yfinance_1m
2026-09-10T12:32:00-04:00	8.005	8.015	8.005	8.015	3130	yfinance_1m
2026-09-10T12:33:00-04:00	8.01	8.01	8.0018	8.005	2613	yfinance_1m
2026-09-10T12:34:00-04:00	8.0	8.0	7.98	7.98	7833	yfinance_1m
2026-09-10T12:35:00-04:00	7.98	7.98	7.96	7.96	4913	yfinance_1m
2026-09-10T12:36:00-04:00	7.96	7.965	7.96	7.965	1754	yfinance_1m
2026-09-10T12:37:00-04:00	7.965	7.975	7.965	7.975	3197	yfinance_1m
2026-09-10T12:38:00-04:00	7.975	7.975	7.975	7.975	1119	yfinance_1m
2026-09-10T12:39:00-04:00	7.975	7.975	7.975	7.975	472	yfinance_1m
2026-09-10T12:40:00-04:00	7.98	7.98	7.975	7.975	4117	yfinance_1m
2026-09-10T12:41:00-04:00	7.975	7.98	7.975	7.9782	4012	yfinance_1m
2026-09-10T12:42:00-04:00	7.975	7.975	7.975	7.975	352	yfinance_1m
2026-09-10T12:43:00-04:00	7.97	7.98	7.965	7.965	4977	yfinance_1m
2026-09-10T12:44:00-04:00	7.97	7.97	7.965	7.97	4894	yfinance_1m
2026-09-10T12:45:00-04:00	7.975	7.98	7.96	7.96	12184	yfinance_1m
2026-09-10T12:46:00-04:00	7.96	7.97	7.96	7.97	3567	yfinance_1m
2026-09-10T12:47:00-04:00	7.97	7.97	7.97	7.97	1106	yfinance_1m
2026-09-10T12:48:00-04:00	7.98	7.98	7.97	7.97	2086	yfinance_1m
2026-09-10T12:49:00-04:00	7.97	7.975	7.97	7.97	1532	yfinance_1m
2026-09-10T12:50:00-04:00	7.97	7.975	7.965	7.965	4214	yfinance_1m
2026-09-10T12:51:00-04:00	7.965	7.965	7.965	7.965	1625	yfinance_1m
2026-09-10T12:52:00-04:00	7.965	7.97	7.955	7.965	3488	yfinance_1m
2026-09-10T12:53:00-04:00	7.95	7.955	7.945	7.955	7027	yfinance_1m
2026-09-10T12:54:00-04:00	7.955	7.955	7.955	7.955	1166	yfinance_1m
2026-09-10T12:55:00-04:00	7.955	7.955	7.945	7.945	6075	yfinance_1m
2026-09-10T12:56:00-04:00	7.945	7.95	7.945	7.95	5244	yfinance_1m
2026-09-10T12:57:00-04:00	7.945	7.95	7.945	7.95	3551	yfinance_1m
2026-09-10T12:58:00-04:00	7.94	7.955	7.94	7.955	2960	yfinance_1m
2026-09-10T12:59:00-04:00	7.95	7.96	7.944	7.95	9572	yfinance_1m
2026-09-10T13:00:00-04:00	7.95	7.95	7.944	7.945	2812	yfinance_1m
2026-09-10T13:01:00-04:00	7.94	7.94	7.93	7.94	3524	yfinance_1m
2026-09-10T13:02:00-04:00	7.93	7.945	7.93	7.93	7749	yfinance_1m
2026-09-10T13:03:00-04:00	7.92	7.92	7.915	7.915	3297	yfinance_1m
2026-09-10T13:04:00-04:00	7.915	7.9182	7.915	7.915	2960	yfinance_1m
2026-09-10T13:05:00-04:00	7.915	7.935	7.915	7.93	5390	yfinance_1m
2026-09-10T13:06:00-04:00	7.93	7.935	7.93	7.93	3359	yfinance_1m
2026-09-10T13:07:00-04:00	7.93	7.93	7.93	7.93	2343	yfinance_1m
2026-09-10T13:08:00-04:00	7.93	7.935	7.925	7.935	4993	yfinance_1m
2026-09-10T13:09:00-04:00	7.935	7.9477	7.935	7.94	6830	yfinance_1m
2026-09-10T13:10:00-04:00	7.94	7.95	7.94	7.95	1723	yfinance_1m
2026-09-10T13:11:00-04:00	7.94	7.95	7.94	7.95	2461	yfinance_1m
2026-09-10T13:12:00-04:00	7.95	7.95	7.95	7.95	371	yfinance_1m
2026-09-10T13:13:00-04:00	7.95	7.95	7.94	7.95	1632	yfinance_1m
2026-09-10T13:14:00-04:00	7.95	7.95	7.94	7.945	4821	yfinance_1m
2026-09-10T13:15:00-04:00	7.94	7.94	7.94	7.94	3857	yfinance_1m
2026-09-10T13:16:00-04:00	7.95	7.95	7.945	7.945	2933	yfinance_1m
2026-09-10T13:17:00-04:00	7.945	7.95	7.94	7.94	2320	yfinance_1m
2026-09-10T13:18:00-04:00	7.945	7.945	7.9309	7.94	3862	yfinance_1m
2026-09-10T13:19:00-04:00	7.94	7.95	7.935	7.935	4157	yfinance_1m
2026-09-10T13:20:00-04:00	7.9303	7.94	7.92	7.93	7673	yfinance_1m
2026-09-10T13:21:00-04:00	7.92	7.92	7.92	7.92	441	yfinance_1m
2026-09-10T13:22:00-04:00	7.925	7.925	7.925	7.925	1580	yfinance_1m
2026-09-10T13:23:00-04:00	7.92	7.925	7.915	7.925	5556	yfinance_1m
2026-09-10T13:24:00-04:00	7.925	7.925	7.925	7.925	1845	yfinance_1m
2026-09-10T13:25:00-04:00	7.925	7.925	7.92	7.9201	968	yfinance_1m
2026-09-10T13:26:00-04:00	7.92	7.92	7.915	7.92	5057	yfinance_1m
2026-09-10T13:27:00-04:00	7.93	7.93	7.925	7.93	4392	yfinance_1m
2026-09-10T13:28:00-04:00	7.925	7.925	7.925	7.925	970	yfinance_1m
2026-09-10T13:29:00-04:00	7.925	7.925	7.915	7.915	5836	yfinance_1m
2026-09-10T13:30:00-04:00	7.91	7.91	7.89	7.9	22043	yfinance_1m
2026-09-10T13:31:00-04:00	7.905	7.905	7.904	7.904	1129	yfinance_1m
2026-09-10T13:32:00-04:00	7.905	7.91	7.905	7.905	1091	yfinance_1m
2026-09-10T13:33:00-04:00	7.9083	7.9083	7.905	7.9082	1596	yfinance_1m
2026-09-10T13:34:00-04:00	7.9	7.9	7.9	7.9	3655	yfinance_1m
2026-09-10T13:35:00-04:00	7.905	7.905	7.905	7.905	1290	yfinance_1m
2026-09-10T13:36:00-04:00	7.91	7.91	7.905	7.9058	1380	yfinance_1m
2026-09-10T13:37:00-04:00	7.9	7.91	7.895	7.905	7678	yfinance_1m
2026-09-10T13:38:00-04:00	7.905	7.9099	7.905	7.9099	1410	yfinance_1m
2026-09-10T13:39:00-04:00	7.9	7.9	7.89	7.89	2480	yfinance_1m
2026-09-10T13:40:00-04:00	7.89	7.89	7.89	7.89	4740	yfinance_1m
2026-09-10T13:41:00-04:00	7.895	7.9	7.895	7.9	3975	yfinance_1m
2026-09-10T13:42:00-04:00	7.895	7.8999	7.895	7.895	3080	yfinance_1m
2026-09-10T13:43:00-04:00	7.895	7.91	7.87	7.875	18980	yfinance_1m
2026-09-10T13:44:00-04:00	7.875	7.88	7.875	7.88	4890	yfinance_1m
2026-09-10T13:45:00-04:00	7.88	7.88	7.875	7.875	2710	yfinance_1m
2026-09-10T13:46:00-04:00	7.875	7.9	7.875	7.885	9048	yfinance_1m
2026-09-10T13:47:00-04:00	7.885	7.8951	7.88	7.89	4167	yfinance_1m
2026-09-10T13:48:00-04:00	7.89	7.895	7.885	7.885	5369	yfinance_1m
2026-09-10T13:49:00-04:00	7.885	7.885	7.88	7.885	3742	yfinance_1m
2026-09-10T13:50:00-04:00	7.885	7.89	7.885	7.885	2559	yfinance_1m
2026-09-10T13:51:00-04:00	7.885	7.9	7.885	7.895	4588	yfinance_1m
2026-09-10T13:52:00-04:00	7.895	7.905	7.89	7.9017	12844	yfinance_1m
2026-09-10T13:53:00-04:00	7.905	7.905	7.8918	7.895	7309	yfinance_1m
2026-09-10T13:54:00-04:00	7.895	7.895	7.895	7.895	884	yfinance_1m
2026-09-10T13:55:00-04:00	7.895	7.9	7.885	7.89	10665	yfinance_1m
2026-09-10T13:56:00-04:00	7.9	7.9	7.88	7.88	1721	yfinance_1m
2026-09-10T13:57:00-04:00	7.885	7.89	7.8801	7.885	5760	yfinance_1m
2026-09-10T13:58:00-04:00	7.885	7.885	7.885	7.885	740	yfinance_1m
2026-09-10T13:59:00-04:00	7.885	7.895	7.8831	7.89	9222	yfinance_1m
2026-09-10T14:00:00-04:00	7.881	7.885	7.8624	7.865	6716	yfinance_1m
2026-09-10T14:01:00-04:00	7.865	7.87	7.86	7.865	4951	yfinance_1m
2026-09-10T14:02:00-04:00	7.865	7.865	7.86	7.865	4285	yfinance_1m
2026-09-10T14:03:00-04:00	7.865	7.87	7.841	7.845	18708	yfinance_1m
2026-09-10T14:04:00-04:00	7.8407	7.8445	7.831	7.835	3606	yfinance_1m
2026-09-10T14:05:00-04:00	7.83	7.83	7.82	7.822	6528	yfinance_1m
2026-09-10T14:06:00-04:00	7.82	7.83	7.81	7.813	20497	yfinance_1m
2026-09-10T14:07:00-04:00	7.81	7.82	7.81	7.81	3672	yfinance_1m
2026-09-10T14:08:00-04:00	7.811	7.815	7.81	7.815	5037	yfinance_1m
2026-09-10T14:09:00-04:00	7.81	7.815	7.805	7.81	6251	yfinance_1m
2026-09-10T14:10:00-04:00	7.81	7.81	7.795	7.7974	32217	yfinance_1m
2026-09-10T14:11:00-04:00	7.795	7.7982	7.79	7.795	4278	yfinance_1m
2026-09-10T14:12:00-04:00	7.795	7.795	7.765	7.765	28220	yfinance_1m
2026-09-10T14:13:00-04:00	7.76	7.765	7.75	7.755	5738	yfinance_1m
2026-09-10T14:14:00-04:00	7.755	7.78	7.751	7.77	48943	yfinance_1m
2026-09-10T14:15:00-04:00	7.77	7.77	7.7614	7.77	3289	yfinance_1m
2026-09-10T14:16:00-04:00	7.77	7.77	7.755	7.755	6918	yfinance_1m
2026-09-10T14:17:00-04:00	7.755	7.755	7.755	7.755	2927	yfinance_1m
2026-09-10T14:18:00-04:00	7.755	7.755	7.75	7.755	2603	yfinance_1m
2026-09-10T14:19:00-04:00	7.75	7.755	7.735	7.742	14824	yfinance_1m
2026-09-10T14:20:00-04:00	7.745	7.7451	7.73	7.74	13795	yfinance_1m
2026-09-10T14:21:00-04:00	7.74	7.74	7.735	7.735	4224	yfinance_1m
2026-09-10T14:22:00-04:00	7.735	7.74	7.7328	7.735	4495	yfinance_1m
2026-09-10T14:23:00-04:00	7.73	7.73	7.7114	7.715	7293	yfinance_1m
2026-09-10T14:24:00-04:00	7.715	7.715	7.71	7.71	3369	yfinance_1m
2026-09-10T14:25:00-04:00	7.71	7.71	7.69	7.69	9952	yfinance_1m
2026-09-10T14:26:00-04:00	7.69	7.69	7.68	7.681	6311	yfinance_1m
2026-09-10T14:27:00-04:00	7.68	7.71	7.68	7.7	10728	yfinance_1m
2026-09-10T14:28:00-04:00	7.705	7.715	7.705	7.7149	4550	yfinance_1m
2026-09-10T14:29:00-04:00	7.715	7.715	7.715	7.715	2309	yfinance_1m
2026-09-10T14:30:00-04:00	7.71	7.71	7.7	7.705	4079	yfinance_1m
2026-09-10T14:31:00-04:00	7.705	7.71	7.7	7.7014	9600	yfinance_1m
2026-09-10T14:32:00-04:00	7.7	7.705	7.7	7.701	2783	yfinance_1m
2026-09-10T14:33:00-04:00	7.7	7.7	7.69	7.695	5845	yfinance_1m
2026-09-10T14:34:00-04:00	7.69	7.6915	7.69	7.6915	2705	yfinance_1m
2026-09-10T14:35:00-04:00	7.69	7.705	7.69	7.7	12015	yfinance_1m
2026-09-10T14:36:00-04:00	7.6982	7.7	7.69	7.69	4458	yfinance_1m
2026-09-10T14:37:00-04:00	7.695	7.695	7.68	7.68	5248	yfinance_1m
2026-09-10T14:38:00-04:00	7.67	7.67	7.6603	7.6683	7465	yfinance_1m
2026-09-10T14:39:00-04:00	7.665	7.68	7.665	7.68	6965	yfinance_1m
2026-09-10T14:40:00-04:00	7.68	7.68	7.66	7.665	3416	yfinance_1m
2026-09-10T14:41:00-04:00	7.665	7.69	7.665	7.68	11803	yfinance_1m
2026-09-10T14:42:00-04:00	7.68	7.69	7.67	7.685	7659	yfinance_1m
2026-09-10T14:43:00-04:00	7.685	7.685	7.67	7.67	3002	yfinance_1m
2026-09-10T14:44:00-04:00	7.67	7.67	7.66	7.67	3625	yfinance_1m
2026-09-10T14:45:00-04:00	7.67	7.68	7.665	7.67	5603	yfinance_1m
2026-09-10T14:46:00-04:00	7.665	7.665	7.655	7.655	9290	yfinance_1m
2026-09-10T14:47:00-04:00	7.65	7.66	7.635	7.66	7910	yfinance_1m
2026-09-10T14:48:00-04:00	7.655	7.6857	7.645	7.68	13913	yfinance_1m
2026-09-10T14:49:00-04:00	7.68	7.71	7.68	7.71	7221	yfinance_1m
2026-09-10T14:50:00-04:00	7.71	7.72	7.7042	7.72	8139	yfinance_1m
2026-09-10T14:51:00-04:00	7.72	7.735	7.71	7.735	2391	yfinance_1m
2026-09-10T14:52:00-04:00	7.73	7.74	7.725	7.73	11006	yfinance_1m
2026-09-10T14:53:00-04:00	7.735	7.735	7.725	7.725	2909	yfinance_1m
2026-09-10T14:54:00-04:00	7.725	7.735	7.725	7.73	5336	yfinance_1m
2026-09-10T14:55:00-04:00	7.7303	7.7303	7.725	7.725	4096	yfinance_1m
2026-09-10T14:56:00-04:00	7.725	7.73	7.725	7.725	6267	yfinance_1m
2026-09-10T14:57:00-04:00	7.72	7.721	7.72	7.721	1738	yfinance_1m
2026-09-10T14:58:00-04:00	7.72	7.72	7.7	7.705	4427	yfinance_1m
2026-09-10T14:59:00-04:00	7.705	7.71	7.69	7.69	3627	yfinance_1m
2026-09-10T15:00:00-04:00	7.6909	7.6909	7.68	7.685	5846	yfinance_1m
2026-09-10T15:01:00-04:00	7.685	7.695	7.68	7.68	9683	yfinance_1m
2026-09-10T15:02:00-04:00	7.675	7.6859	7.671	7.68	5602	yfinance_1m
2026-09-10T15:03:00-04:00	7.685	7.685	7.685	7.685	1569	yfinance_1m
2026-09-10T15:04:00-04:00	7.68	7.68	7.67	7.67	6193	yfinance_1m
2026-09-10T15:05:00-04:00	7.67	7.6701	7.66	7.66	4684	yfinance_1m
2026-09-10T15:06:00-04:00	7.665	7.665	7.66	7.66	3766	yfinance_1m
2026-09-10T15:07:00-04:00	7.66	7.66	7.64	7.645	12365	yfinance_1m
2026-09-10T15:08:00-04:00	7.645	7.65	7.64	7.645	15491	yfinance_1m
2026-09-10T15:09:00-04:00	7.65	7.655	7.65	7.655	4539	yfinance_1m
2026-09-10T15:10:00-04:00	7.655	7.655	7.64	7.64	5551	yfinance_1m
2026-09-10T15:11:00-04:00	7.635	7.635	7.63	7.635	1957	yfinance_1m
2026-09-10T15:12:00-04:00	7.635	7.64	7.635	7.64	8239	yfinance_1m
2026-09-10T15:13:00-04:00	7.645	7.645	7.64	7.64	5117	yfinance_1m
2026-09-10T15:14:00-04:00	7.635	7.635	7.625	7.63	10630	yfinance_1m
2026-09-10T15:15:00-04:00	7.63	7.635	7.62	7.625	3650	yfinance_1m
2026-09-10T15:16:00-04:00	7.62	7.625	7.6129	7.62	10721	yfinance_1m
2026-09-10T15:17:00-04:00	7.62	7.625	7.61	7.61	6044	yfinance_1m
2026-09-10T15:18:00-04:00	7.605	7.615	7.6	7.6127	13108	yfinance_1m
2026-09-10T15:19:00-04:00	7.61	7.61	7.56	7.595	53325	yfinance_1m
2026-09-10T15:20:00-04:00	7.5901	7.605	7.59	7.605	9151	yfinance_1m
2026-09-10T15:21:00-04:00	7.605	7.605	7.595	7.595	4761	yfinance_1m
2026-09-10T15:22:00-04:00	7.59	7.595	7.58	7.58	5311	yfinance_1m
2026-09-10T15:23:00-04:00	7.58	7.58	7.56	7.565	7212	yfinance_1m
2026-09-10T15:24:00-04:00	7.56	7.575	7.555	7.575	18893	yfinance_1m
2026-09-10T15:25:00-04:00	7.57	7.585	7.55	7.58	69392	yfinance_1m
2026-09-10T15:26:00-04:00	7.5873	7.59	7.57	7.58	8439	yfinance_1m
2026-09-10T15:27:00-04:00	7.58	7.58	7.57	7.58	5119	yfinance_1m
2026-09-10T15:28:00-04:00	7.5799	7.5799	7.5527	7.56	6338	yfinance_1m
2026-09-10T15:29:00-04:00	7.56	7.57	7.56	7.56	10225	yfinance_1m
2026-09-10T15:30:00-04:00	7.56	7.6	7.56	7.595	17559	yfinance_1m
2026-09-10T15:31:00-04:00	7.595	7.605	7.59	7.605	5017	yfinance_1m
2026-09-10T15:32:00-04:00	7.6	7.6	7.58	7.58	18012	yfinance_1m
2026-09-10T15:33:00-04:00	7.57	7.577282	7.565	7.565	4796	yfinance_1m
2026-09-10T15:34:00-04:00	7.565	7.575	7.565	7.575	9612	yfinance_1m
2026-09-10T15:35:00-04:00	7.57	7.575	7.57	7.57	10397	yfinance_1m
2026-09-10T15:36:00-04:00	7.5762	7.58	7.57	7.57	4910	yfinance_1m
2026-09-10T15:37:00-04:00	7.57	7.58	7.565	7.575	23605	yfinance_1m
2026-09-10T15:38:00-04:00	7.57	7.585	7.57	7.585	9700	yfinance_1m
2026-09-10T15:39:00-04:00	7.585	7.585	7.575	7.5754	12160	yfinance_1m
2026-09-10T15:40:00-04:00	7.575	7.595	7.55	7.565	42118	yfinance_1m
2026-09-10T15:41:00-04:00	7.565	7.57	7.5631	7.565	10785	yfinance_1m
2026-09-10T15:42:00-04:00	7.57	7.58	7.57	7.575	21719	yfinance_1m
2026-09-10T15:43:00-04:00	7.574	7.575	7.55	7.555	26477	yfinance_1m
2026-09-10T15:44:00-04:00	7.555	7.565	7.555	7.565	8556	yfinance_1m
2026-09-10T15:45:00-04:00	7.565	7.575	7.56	7.575	15599	yfinance_1m
2026-09-10T15:46:00-04:00	7.575	7.575	7.57	7.57	3945	yfinance_1m
2026-09-10T15:47:00-04:00	7.57	7.57	7.555	7.5649	21437	yfinance_1m
2026-09-10T15:48:00-04:00	7.56	7.565	7.56	7.565	4049	yfinance_1m
2026-09-10T15:49:00-04:00	7.56	7.565	7.555	7.56	18688	yfinance_1m
2026-09-10T15:50:00-04:00	7.565	7.57	7.56	7.565	15089	yfinance_1m
2026-09-10T15:51:00-04:00	7.56	7.565	7.55	7.555	8726	yfinance_1m
2026-09-10T15:52:00-04:00	7.55	7.555	7.535	7.55	30790	yfinance_1m
2026-09-10T15:53:00-04:00	7.55	7.56	7.545	7.545	25878	yfinance_1m
2026-09-10T15:54:00-04:00	7.54	7.549	7.54	7.54	24131	yfinance_1m
2026-09-10T15:55:00-04:00	7.535	7.545	7.51	7.54	45471	yfinance_1m
2026-09-10T15:56:00-04:00	7.545	7.545	7.52	7.525	57735	yfinance_1m
2026-09-10T15:57:00-04:00	7.525	7.525	7.51	7.51	31855	yfinance_1m
2026-09-10T15:58:00-04:00	7.51	7.525	7.505	7.51	91213	yfinance_1m
2026-09-10T15:59:00-04:00	7.51	7.51	7.46	7.46	184313	yfinance_1m
2026-09-11T09:30:00-04:00	7.965	7.965	7.965	7.965	138711	yfinance_1m
2026-09-11T09:31:00-04:00	7.965	7.965	7.68	7.81	34769	yfinance_1m
2026-09-11T09:32:00-04:00	7.82	7.905	7.81	7.81	16148	yfinance_1m
2026-09-11T09:33:00-04:00	7.8	7.86	7.7099	7.8	30085	yfinance_1m
2026-09-11T09:34:00-04:00	7.8	7.8	7.73	7.77	26399	yfinance_1m
2026-09-11T09:35:00-04:00	7.8	7.8	7.76	7.78	5889	yfinance_1m
2026-09-11T09:36:00-04:00	7.76	7.76	7.7	7.7079	4447	yfinance_1m
2026-09-11T09:37:00-04:00	7.7	7.76	7.7	7.76	3829	yfinance_1m
2026-09-11T09:38:00-04:00	7.77	7.78	7.75	7.77	3425	yfinance_1m
2026-09-11T09:39:00-04:00	7.76	7.79	7.75	7.79	3666	yfinance_1m
2026-09-11T09:40:00-04:00	7.81	7.82	7.76	7.765	5347	yfinance_1m
2026-09-11T09:41:00-04:00	7.745	7.77	7.745	7.76	4097	yfinance_1m
2026-09-11T09:42:00-04:00	7.74	7.74	7.7248	7.725	2670	yfinance_1m
2026-09-11T09:43:00-04:00	7.71	7.71	7.69	7.7	7129	yfinance_1m
2026-09-11T09:44:00-04:00	7.7	7.74	7.7	7.735	3724	yfinance_1m
2026-09-11T09:45:00-04:00	7.735	7.78	7.735	7.77	5255	yfinance_1m
2026-09-11T09:46:00-04:00	7.77	7.89	7.77	7.865	12202	yfinance_1m
2026-09-11T09:47:00-04:00	7.84	7.85	7.82	7.85	5812	yfinance_1m
2026-09-11T09:48:00-04:00	7.86	7.87	7.845	7.87	2706	yfinance_1m
2026-09-11T09:49:00-04:00	7.865	7.89	7.85	7.88	11716	yfinance_1m
2026-09-11T09:50:00-04:00	7.88	7.88	7.825	7.825	19027	yfinance_1m
2026-09-11T09:51:00-04:00	7.82	7.82	7.805	7.82	3856	yfinance_1m
2026-09-11T09:52:00-04:00	7.82	7.84	7.82	7.84	1096	yfinance_1m
2026-09-11T09:53:00-04:00	7.85	7.85	7.81	7.826	5041	yfinance_1m
2026-09-11T09:54:00-04:00	7.815	7.82	7.79	7.81	4367	yfinance_1m
2026-09-11T09:55:00-04:00	7.82	7.8368	7.815	7.8368	1312	yfinance_1m
2026-09-11T09:56:00-04:00	7.84	7.86	7.82	7.86	4751	yfinance_1m
2026-09-11T09:57:00-04:00	7.86	7.865	7.84	7.845	3512	yfinance_1m
2026-09-11T09:58:00-04:00	7.845	7.87	7.8356	7.87	2928	yfinance_1m
2026-09-11T09:59:00-04:00	7.87	7.9	7.8666	7.89	4268	yfinance_1m
2026-09-11T10:00:00-04:00	7.86	7.88	7.85	7.85	12583	yfinance_1m
2026-09-11T10:01:00-04:00	7.845	7.845	7.81	7.835	3223	yfinance_1m
2026-09-11T10:02:00-04:00	7.83	7.86	7.825	7.85	3003	yfinance_1m
2026-09-11T10:03:00-04:00	7.83	7.835	7.81	7.81	1505	yfinance_1m
2026-09-11T10:04:00-04:00	7.8	7.81	7.8	7.81	1472	yfinance_1m
2026-09-11T10:05:00-04:00	7.805	7.805	7.79	7.79	4672	yfinance_1m
2026-09-11T10:06:00-04:00	7.785	7.82	7.785	7.82	1198	yfinance_1m
2026-09-11T10:07:00-04:00	7.815	7.8367	7.815	7.825	2537	yfinance_1m
2026-09-11T10:08:00-04:00	7.81	7.81	7.79	7.795	8739	yfinance_1m
2026-09-11T10:09:00-04:00	7.79	7.855	7.775	7.83	115016	yfinance_1m
2026-09-11T10:10:00-04:00	7.84	7.91	7.84	7.9	7426	yfinance_1m
2026-09-11T10:11:00-04:00	7.9	7.9	7.87	7.89	4300	yfinance_1m
2026-09-11T10:12:00-04:00	7.88	7.94	7.88	7.94	15972	yfinance_1m
2026-09-11T10:13:00-04:00	7.94	7.96	7.935	7.945	4845	yfinance_1m
2026-09-11T10:14:00-04:00	7.945	7.965	7.945	7.95	10762	yfinance_1m
2026-09-11T10:15:00-04:00	7.96	7.979	7.945	7.945	3277	yfinance_1m
2026-09-11T10:16:00-04:00	7.945	7.96	7.9	7.9	5463	yfinance_1m
2026-09-11T10:17:00-04:00	7.9	7.91	7.9	7.91	3006	yfinance_1m
2026-09-11T10:18:00-04:00	7.909	7.94	7.909	7.93	10213	yfinance_1m
2026-09-11T10:19:00-04:00	7.9223	7.935	7.91	7.935	2870	yfinance_1m
2026-09-11T10:20:00-04:00	7.95	7.96	7.94	7.96	4516	yfinance_1m
2026-09-11T10:21:00-04:00	7.949	7.96	7.94	7.955	2081	yfinance_1m
2026-09-11T10:22:00-04:00	7.955	7.955	7.92	7.94	14365	yfinance_1m
2026-09-11T10:23:00-04:00	7.93	7.93	7.925	7.93	3201	yfinance_1m
2026-09-11T10:24:00-04:00	7.92	7.92	7.92	7.92	1477	yfinance_1m
2026-09-11T10:25:00-04:00	7.91	7.92	7.91	7.91	3804	yfinance_1m
2026-09-11T10:26:00-04:00	7.9	7.9199	7.89	7.89	4092	yfinance_1m
2026-09-11T10:27:00-04:00	7.9	7.9	7.875	7.875	3096	yfinance_1m
2026-09-11T10:28:00-04:00	7.87	7.87	7.85	7.85	11696	yfinance_1m
2026-09-11T10:29:00-04:00	7.855	7.9	7.855	7.895	7316	yfinance_1m
2026-09-11T10:30:00-04:00	7.89	7.92	7.89	7.9	6652	yfinance_1m
2026-09-11T10:31:00-04:00	7.9	7.92	7.89	7.89	4362	yfinance_1m
2026-09-11T10:32:00-04:00	7.895	7.895	7.87	7.87	3424	yfinance_1m
2026-09-11T10:33:00-04:00	7.8637	7.885	7.8637	7.885	5043	yfinance_1m
2026-09-11T10:34:00-04:00	7.885	7.885	7.87	7.885	1418	yfinance_1m
2026-09-11T10:35:00-04:00	7.88	7.9	7.88	7.89	3786	yfinance_1m
2026-09-11T10:36:00-04:00	7.88	7.885	7.85	7.85	6277	yfinance_1m
2026-09-11T10:37:00-04:00	7.85	7.85	7.85	7.85	2273	yfinance_1m
2026-09-11T10:38:00-04:00	7.85	7.85	7.8101	7.83	3525	yfinance_1m
2026-09-11T10:39:00-04:00	7.83	7.845	7.83	7.845	3449	yfinance_1m
2026-09-11T10:40:00-04:00	7.845	7.87	7.845	7.87	5508	yfinance_1m
2026-09-11T10:41:00-04:00	7.87	7.87	7.86	7.87	1616	yfinance_1m
2026-09-11T10:42:00-04:00	7.87	7.87	7.86	7.86	4480	yfinance_1m
2026-09-11T10:43:00-04:00	7.85	7.85	7.835	7.84	2845	yfinance_1m
2026-09-11T10:44:00-04:00	7.84	7.86	7.84	7.86	5175	yfinance_1m
2026-09-11T10:45:00-04:00	7.859	7.87	7.855	7.87	3613	yfinance_1m
2026-09-11T10:46:00-04:00	7.86	7.86	7.84	7.84	3450	yfinance_1m
2026-09-11T10:47:00-04:00	7.825	7.825	7.8	7.805	2545	yfinance_1m
2026-09-11T10:48:00-04:00	7.805	7.849	7.805	7.83	4766	yfinance_1m
2026-09-11T10:49:00-04:00	7.84	7.875	7.835	7.875	5769	yfinance_1m
2026-09-11T10:50:00-04:00	7.9	7.9	7.8671	7.8671	2862	yfinance_1m
2026-09-11T10:51:00-04:00	7.86	7.86	7.85	7.855	3026	yfinance_1m
2026-09-11T10:52:00-04:00	7.855	7.855	7.84	7.84	1947	yfinance_1m
2026-09-11T10:53:00-04:00	7.845	7.845	7.845	7.845	1608	yfinance_1m
2026-09-11T10:54:00-04:00	7.84	7.845	7.84	7.845	2016	yfinance_1m
2026-09-11T10:55:00-04:00	7.845	7.845	7.84	7.84	457	yfinance_1m
2026-09-11T10:56:00-04:00	7.84	7.85	7.815	7.83	8313	yfinance_1m
2026-09-11T10:57:00-04:00	7.85	7.87	7.85	7.87	3181	yfinance_1m
2026-09-11T10:58:00-04:00	7.85	7.86	7.85	7.86	2795	yfinance_1m
2026-09-11T10:59:00-04:00	7.85	7.86	7.85	7.85	4572	yfinance_1m
2026-09-11T11:00:00-04:00	7.84	7.85	7.84	7.85	1454	yfinance_1m
2026-09-11T11:01:00-04:00	7.85	7.85	7.83	7.83	3099	yfinance_1m
2026-09-11T11:02:00-04:00	7.82	7.82	7.805	7.81	3788	yfinance_1m
2026-09-11T11:03:00-04:00	7.82	7.83	7.82	7.83	1078	yfinance_1m
2026-09-11T11:04:00-04:00	7.84	7.84	7.82	7.83	6761	yfinance_1m
2026-09-11T11:05:00-04:00	7.835	7.8425	7.835	7.84	6555	yfinance_1m
2026-09-11T11:06:00-04:00	7.85	7.87	7.85	7.87	3724	yfinance_1m
2026-09-11T11:07:00-04:00	7.86	7.87	7.86	7.86	4393	yfinance_1m
2026-09-11T11:08:00-04:00	7.87	7.87	7.86	7.86	1105	yfinance_1m
2026-09-11T11:09:00-04:00	7.85	7.86	7.845	7.85	1434	yfinance_1m
2026-09-11T11:10:00-04:00	7.84	7.85	7.84	7.85	532	yfinance_1m
2026-09-11T11:11:00-04:00	7.85	7.85	7.84	7.85	1355	yfinance_1m
2026-09-11T11:12:00-04:00	7.85	7.85	7.83	7.84	2496	yfinance_1m
2026-09-11T11:13:00-04:00	7.835	7.84	7.83	7.83	2414	yfinance_1m
2026-09-11T11:14:00-04:00	7.84	7.85	7.83	7.835	2462	yfinance_1m
2026-09-11T11:15:00-04:00	7.84	7.86	7.84	7.86	1711	yfinance_1m
2026-09-11T11:16:00-04:00	7.86	7.86	7.86	7.86	1164	yfinance_1m
2026-09-11T11:17:00-04:00	7.855	7.865	7.85	7.865	4449	yfinance_1m
2026-09-11T11:18:00-04:00	7.865	7.875	7.865	7.875	3438	yfinance_1m
2026-09-11T11:19:00-04:00	7.88	7.89	7.88	7.89	1764	yfinance_1m
2026-09-11T11:20:00-04:00	7.89	7.89	7.88	7.88	1866	yfinance_1m
2026-09-11T11:21:00-04:00	7.87	7.87	7.865	7.865	1179	yfinance_1m
2026-09-11T11:22:00-04:00	7.86	7.86	7.86	7.86	4460	yfinance_1m
2026-09-11T11:23:00-04:00	7.87	7.87	7.86	7.865	1422	yfinance_1m
2026-09-11T11:24:00-04:00	7.87	7.87	7.87	7.87	1626	yfinance_1m
2026-09-11T11:25:00-04:00	7.875	7.88	7.87	7.87	1804	yfinance_1m
2026-09-11T11:26:00-04:00	7.87	7.87	7.87	7.87	1325	yfinance_1m
2026-09-11T11:27:00-04:00	7.88	7.88	7.8703	7.8703	1276	yfinance_1m
2026-09-11T11:28:00-04:00	7.87	7.87	7.85	7.85	3710	yfinance_1m
2026-09-11T11:29:00-04:00	7.86	7.86	7.86	7.86	1893	yfinance_1m
2026-09-11T11:30:00-04:00	7.85	7.86	7.85	7.86	1015	yfinance_1m
2026-09-11T11:31:00-04:00	7.85	7.86	7.84	7.84	4389	yfinance_1m
2026-09-11T11:33:00-04:00	7.84	7.85	7.83	7.84	2834	yfinance_1m
2026-09-11T11:34:00-04:00	7.84	7.84	7.84	7.84	1543	yfinance_1m
2026-09-11T11:35:00-04:00	7.84	7.84	7.83	7.83	3644	yfinance_1m
2026-09-11T11:36:00-04:00	7.83	7.845	7.83	7.845	2048	yfinance_1m
2026-09-11T11:37:00-04:00	7.845	7.85	7.845	7.85	1237	yfinance_1m
2026-09-11T11:38:00-04:00	7.85	7.855	7.85	7.855	1775	yfinance_1m
2026-09-11T11:39:00-04:00	7.855	7.855	7.83	7.83	3272	yfinance_1m
2026-09-11T11:40:00-04:00	7.83	7.84	7.83	7.84	2037	yfinance_1m
2026-09-11T11:41:00-04:00	7.84	7.84	7.84	7.84	2212	yfinance_1m
2026-09-11T11:42:00-04:00	7.83	7.835	7.82	7.83	3698	yfinance_1m
2026-09-11T11:43:00-04:00	7.84	7.84	7.83	7.84	1330	yfinance_1m
2026-09-11T11:44:00-04:00	7.835	7.84	7.835	7.84	932	yfinance_1m
2026-09-11T11:45:00-04:00	7.83	7.835	7.82	7.82	3696	yfinance_1m
2026-09-11T11:46:00-04:00	7.81	7.83	7.81	7.83	1157	yfinance_1m
2026-09-11T11:47:00-04:00	7.81	7.81	7.8	7.81	4453	yfinance_1m
2026-09-11T11:48:00-04:00	7.81	7.81	7.79	7.79	3247	yfinance_1m
2026-09-11T11:49:00-04:00	7.79	7.805	7.79	7.79	1479	yfinance_1m
2026-09-11T11:50:00-04:00	7.8	7.86	7.79	7.855	14305	yfinance_1m
2026-09-11T11:51:00-04:00	7.855	7.855	7.84	7.84	1741	yfinance_1m
2026-09-11T11:52:00-04:00	7.85	7.86	7.84	7.86	14489	yfinance_1m
2026-09-11T11:53:00-04:00	7.86	7.86	7.82	7.82	7504	yfinance_1m
2026-09-11T11:54:00-04:00	7.83	7.84	7.83	7.84	1328	yfinance_1m
2026-09-11T11:55:00-04:00	7.835	7.835	7.81	7.81	3676	yfinance_1m
2026-09-11T11:56:00-04:00	7.82	7.82	7.81	7.815	1925	yfinance_1m
2026-09-11T11:57:00-04:00	7.815	7.82	7.81	7.82	3559	yfinance_1m
2026-09-11T11:58:00-04:00	7.83	7.85	7.82	7.845	11630	yfinance_1m
2026-09-11T11:59:00-04:00	7.86	7.88	7.775	7.775	16157	yfinance_1m
2026-09-11T12:00:00-04:00	7.76	7.8	7.76	7.8	5547	yfinance_1m
2026-09-11T12:01:00-04:00	7.81	7.83	7.81	7.83	1786	yfinance_1m
2026-09-11T12:02:00-04:00	7.84	7.84	7.835	7.835	983	yfinance_1m
2026-09-11T12:03:00-04:00	7.85	7.85	7.83	7.83	906	yfinance_1m
2026-09-11T12:04:00-04:00	7.83	7.87	7.83	7.87	6766	yfinance_1m
2026-09-11T12:05:00-04:00	7.89	7.9	7.88	7.885	6415	yfinance_1m
2026-09-11T12:06:00-04:00	7.88	7.93	7.88	7.93	9224	yfinance_1m
2026-09-11T12:07:00-04:00	7.91	7.91	7.85	7.85	11303	yfinance_1m
2026-09-11T12:08:00-04:00	7.85	7.85	7.83	7.83	1823	yfinance_1m
2026-09-11T12:09:00-04:00	7.81	7.83	7.81	7.83	2113	yfinance_1m
2026-09-11T12:10:00-04:00	7.82	7.845	7.82	7.845	15354	yfinance_1m
2026-09-11T12:11:00-04:00	7.845	7.87	7.845	7.87	3944	yfinance_1m
2026-09-11T12:12:00-04:00	7.86	7.87	7.855	7.855	3849	yfinance_1m
2026-09-11T12:13:00-04:00	7.85	7.855	7.85	7.855	2237	yfinance_1m
2026-09-11T12:14:00-04:00	7.855	7.855	7.842	7.842	3255	yfinance_1m
2026-09-11T12:15:00-04:00	7.84	7.84	7.835	7.84	1548	yfinance_1m
2026-09-11T12:16:00-04:00	7.85	7.865	7.85	7.865	2487	yfinance_1m
2026-09-11T12:17:00-04:00	7.865	7.865	7.86	7.86	1290	yfinance_1m
2026-09-11T12:18:00-04:00	7.86	7.8676	7.855	7.86	4061	yfinance_1m
2026-09-11T12:19:00-04:00	7.865	7.87	7.865	7.87	1696	yfinance_1m
2026-09-11T12:20:00-04:00	7.87	7.87	7.845	7.845	3846	yfinance_1m
2026-09-11T12:21:00-04:00	7.845	7.86	7.845	7.85	4328	yfinance_1m
2026-09-11T12:22:00-04:00	7.84	7.84	7.84	7.84	783	yfinance_1m
2026-09-11T12:23:00-04:00	7.84	7.84	7.84	7.84	1264	yfinance_1m
2026-09-11T12:24:00-04:00	7.83	7.85	7.83	7.85	2035	yfinance_1m
2026-09-11T12:25:00-04:00	7.85	7.85	7.845	7.85	2244	yfinance_1m
2026-09-11T12:26:00-04:00	7.845	7.85	7.84	7.85	1179	yfinance_1m
2026-09-11T12:27:00-04:00	7.845	7.85	7.84	7.84	4426	yfinance_1m
2026-09-11T12:28:00-04:00	7.83	7.85	7.83	7.845	4073	yfinance_1m
2026-09-11T12:29:00-04:00	7.84	7.85	7.84	7.85	4285	yfinance_1m
2026-09-11T12:30:00-04:00	7.86	7.87	7.86	7.86	3186	yfinance_1m
2026-09-11T12:31:00-04:00	7.8562	7.8562	7.855	7.855	836	yfinance_1m
2026-09-11T12:32:00-04:00	7.85	7.85	7.845	7.845	2491	yfinance_1m
2026-09-11T12:33:00-04:00	7.8495	7.855	7.8495	7.855	2152	yfinance_1m
2026-09-11T12:34:00-04:00	7.855	7.86	7.8514	7.86	2109	yfinance_1m
2026-09-11T12:35:00-04:00	7.855	7.86	7.855	7.855	1975	yfinance_1m
2026-09-11T12:36:00-04:00	7.855	7.855	7.84	7.84	4341	yfinance_1m
2026-09-11T12:37:00-04:00	7.84	7.84	7.84	7.84	790	yfinance_1m
2026-09-11T12:38:00-04:00	7.84	7.85	7.8327	7.85	2203	yfinance_1m
2026-09-11T12:39:00-04:00	7.845	7.845	7.845	7.845	580	yfinance_1m
2026-09-11T12:40:00-04:00	7.84	7.84	7.84	7.84	3126	yfinance_1m
2026-09-11T12:41:00-04:00	7.85	7.85	7.85	7.85	691	yfinance_1m
2026-09-11T12:42:00-04:00	7.845	7.845	7.845	7.845	306	yfinance_1m
2026-09-11T12:43:00-04:00	7.85	7.855	7.85	7.855	1978	yfinance_1m
2026-09-11T12:44:00-04:00	7.855	7.855	7.855	7.855	1536	yfinance_1m
2026-09-11T12:45:00-04:00	7.86	7.86	7.855	7.855	2387	yfinance_1m
2026-09-11T12:46:00-04:00	7.855	7.855	7.84	7.85	4503	yfinance_1m
2026-09-11T12:47:00-04:00	7.84	7.85	7.84	7.85	3344	yfinance_1m
2026-09-11T12:48:00-04:00	7.85	7.85	7.845	7.845	1807	yfinance_1m
2026-09-11T12:49:00-04:00	7.85	7.855	7.85	7.85	2390	yfinance_1m
2026-09-11T12:50:00-04:00	7.85	7.85	7.85	7.85	1362	yfinance_1m
2026-09-11T12:51:00-04:00	7.85	7.85	7.83	7.83	1833	yfinance_1m
2026-09-11T12:53:00-04:00	7.83	7.83	7.8	7.81	13775	yfinance_1m
2026-09-11T12:54:00-04:00	7.81	7.82	7.81	7.81	544	yfinance_1m
2026-09-11T12:55:00-04:00	7.81	7.81	7.8	7.8	4830	yfinance_1m
2026-09-11T12:56:00-04:00	7.79	7.8	7.79	7.79	3019	yfinance_1m
2026-09-11T12:57:00-04:00	7.7904	7.8	7.79	7.8	2714	yfinance_1m
2026-09-11T12:58:00-04:00	7.8	7.8	7.795	7.8	1342	yfinance_1m
2026-09-11T12:59:00-04:00	7.795	7.805	7.795	7.8	4029	yfinance_1m
2026-09-11T13:00:00-04:00	7.79	7.79	7.79	7.79	335	yfinance_1m
2026-09-11T13:02:00-04:00	7.8	7.8092	7.8	7.8023	0	yfinance_1m
2026-09-11T13:04:00-04:00	7.808	7.81	7.805	7.81	3262	yfinance_1m
2026-09-11T13:05:00-04:00	7.815	7.82	7.81	7.82	11594	yfinance_1m
2026-09-11T13:06:00-04:00	7.82	7.82	7.82	7.82	775	yfinance_1m
2026-09-11T13:07:00-04:00	7.83	7.84	7.82	7.82	5481	yfinance_1m
2026-09-11T13:08:00-04:00	7.82	7.82	7.82	7.82	2536	yfinance_1m
2026-09-11T13:10:00-04:00	7.825	7.825	7.825	7.825	1405	yfinance_1m
2026-09-11T13:11:00-04:00	7.83	7.83	7.83	7.83	2552	yfinance_1m
2026-09-11T13:12:00-04:00	7.835	7.835	7.835	7.835	640	yfinance_1m
2026-09-11T13:13:00-04:00	7.835	7.835	7.835	7.835	1597	yfinance_1m
2026-09-11T13:15:00-04:00	7.84	7.84	7.84	7.84	3253	yfinance_1m
2026-09-11T13:16:00-04:00	7.84	7.84	7.83	7.83	3849	yfinance_1m
2026-09-11T13:17:00-04:00	7.84	7.84	7.84	7.84	0	yfinance_1m
