timestamp_et	open	high	low	close	volume	source
2026-08-24T09:30:00-04:00	9.22	9.27	9.14	9.21	69926	yfinance_1m
2026-08-24T09:31:00-04:00	9.13	9.21	9.11	9.21	8965	yfinance_1m
2026-08-24T09:32:00-04:00	9.21	9.21	9.11	9.14	8635	yfinance_1m
2026-08-24T09:33:00-04:00	9.14	9.23	9.11	9.23	9704	yfinance_1m
2026-08-24T09:34:00-04:00	9.21	9.26	9.19	9.23	7136	yfinance_1m
2026-08-24T09:35:00-04:00	9.23	9.26	9.18	9.19	12567	yfinance_1m
2026-08-24T09:36:00-04:00	9.21	9.26	9.19	9.26	10313	yfinance_1m
2026-08-24T09:37:00-04:00	9.25	9.32	9.25	9.31	10377	yfinance_1m
2026-08-24T09:38:00-04:00	9.325	9.325	9.29	9.32	2948	yfinance_1m
2026-08-24T09:39:00-04:00	9.29	9.39	9.28	9.345	21971	yfinance_1m
2026-08-24T09:40:00-04:00	9.36	9.41	9.33	9.405	5973	yfinance_1m
2026-08-24T09:41:00-04:00	9.42	9.46	9.42	9.445	11889	yfinance_1m
2026-08-24T09:42:00-04:00	9.44	9.47	9.4	9.4151	17197	yfinance_1m
2026-08-24T09:43:00-04:00	9.39	9.4	9.37	9.37	4303	yfinance_1m
2026-08-24T09:44:00-04:00	9.4	9.405	9.33	9.33	6967	yfinance_1m
2026-08-24T09:45:00-04:00	9.33	9.3501	9.19	9.2	8488	yfinance_1m
2026-08-24T09:46:00-04:00	9.19	9.25	9.19	9.24	5716	yfinance_1m
2026-08-24T09:47:00-04:00	9.24	9.27	9.24	9.27	2323	yfinance_1m
2026-08-24T09:48:00-04:00	9.27	9.27	9.2	9.21	5966	yfinance_1m
2026-08-24T09:49:00-04:00	9.21	9.24	9.18	9.2	10911	yfinance_1m
2026-08-24T09:50:00-04:00	9.18	9.2278	9.18	9.2	7721	yfinance_1m
2026-08-24T09:51:00-04:00	9.2206	9.2206	9.18	9.18	9468	yfinance_1m
2026-08-24T09:52:00-04:00	9.18	9.195	9.16	9.185	4366	yfinance_1m
2026-08-24T09:53:00-04:00	9.16	9.19	9.15	9.17	5726	yfinance_1m
2026-08-24T09:54:00-04:00	9.1914	9.21	9.17	9.2	8214	yfinance_1m
2026-08-24T09:55:00-04:00	9.2	9.22	9.2	9.21	2496	yfinance_1m
2026-08-24T09:56:00-04:00	9.205	9.205	9.18	9.18	5305	yfinance_1m
2026-08-24T09:57:00-04:00	9.18	9.195	9.18	9.18	2872	yfinance_1m
2026-08-24T09:58:00-04:00	9.18	9.27	9.18	9.24	10456	yfinance_1m
2026-08-24T09:59:00-04:00	9.23	9.23	9.21	9.21	5292	yfinance_1m
2026-08-24T10:00:00-04:00	9.23	9.25	9.2	9.2	7894	yfinance_1m
2026-08-24T10:01:00-04:00	9.21	9.22	9.2	9.21	6094	yfinance_1m
2026-08-24T10:02:00-04:00	9.19	9.205	9.16	9.17	11641	yfinance_1m
2026-08-24T10:03:00-04:00	9.16	9.18	9.12	9.155	27609	yfinance_1m
2026-08-24T10:04:00-04:00	9.155	9.335	9.1462	9.335	91495	yfinance_1m
2026-08-24T10:05:00-04:00	9.335	9.42	9.335	9.42	10510	yfinance_1m
2026-08-24T10:06:00-04:00	9.41	9.41	9.41	9.41	3858	yfinance_1m
2026-08-24T10:07:00-04:00	9.4	9.405	9.33	9.335	12869	yfinance_1m
2026-08-24T10:08:00-04:00	9.35	9.375	9.35	9.375	4191	yfinance_1m
2026-08-24T10:09:00-04:00	9.375	9.42	9.375	9.415	3441	yfinance_1m
2026-08-24T10:10:00-04:00	9.4	9.415	9.365	9.415	5710	yfinance_1m
2026-08-24T10:11:00-04:00	9.41	9.41	9.33	9.33	6147	yfinance_1m
2026-08-24T10:12:00-04:00	9.305	9.305	9.2701	9.295	4939	yfinance_1m
2026-08-24T10:13:00-04:00	9.29	9.31	9.29	9.31	4500	yfinance_1m
2026-08-24T10:14:00-04:00	9.31	9.32	9.3	9.31	4263	yfinance_1m
2026-08-24T10:15:00-04:00	9.31	9.34	9.3	9.33	6917	yfinance_1m
2026-08-24T10:16:00-04:00	9.33	9.3532	9.327	9.33	4093	yfinance_1m
2026-08-24T10:17:00-04:00	9.33	9.33	9.32	9.32	1244	yfinance_1m
2026-08-24T10:18:00-04:00	9.315	9.33	9.3	9.33	5763	yfinance_1m
2026-08-24T10:19:00-04:00	9.34	9.34	9.335	9.34	3001	yfinance_1m
2026-08-24T10:20:00-04:00	9.335	9.37	9.335	9.36	5630	yfinance_1m
2026-08-24T10:21:00-04:00	9.36	9.4017	9.36	9.4017	4801	yfinance_1m
2026-08-24T10:22:00-04:00	9.4	9.425	9.39	9.425	9513	yfinance_1m
2026-08-24T10:23:00-04:00	9.425	9.425	9.38	9.38	7890	yfinance_1m
2026-08-24T10:24:00-04:00	9.37	9.38	9.32	9.32	6090	yfinance_1m
2026-08-24T10:25:00-04:00	9.3	9.37	9.3	9.37	10149	yfinance_1m
2026-08-24T10:26:00-04:00	9.35	9.35	9.34	9.345	2267	yfinance_1m
2026-08-24T10:27:00-04:00	9.345	9.36	9.345	9.35	2338	yfinance_1m
2026-08-24T10:28:00-04:00	9.345	9.36	9.345	9.36	2496	yfinance_1m
2026-08-24T10:29:00-04:00	9.35	9.35	9.34	9.34	4356	yfinance_1m
2026-08-24T10:30:00-04:00	9.33	9.36	9.32	9.35	4014	yfinance_1m
2026-08-24T10:31:00-04:00	9.35	9.37	9.35	9.37	1238	yfinance_1m
2026-08-24T10:32:00-04:00	9.365	9.365	9.31	9.31	6551	yfinance_1m
2026-08-24T10:33:00-04:00	9.31	9.31	9.295	9.295	6691	yfinance_1m
2026-08-24T10:34:00-04:00	9.295	9.32	9.295	9.32	3399	yfinance_1m
2026-08-24T10:35:00-04:00	9.32	9.33	9.31	9.31	7565	yfinance_1m
2026-08-24T10:36:00-04:00	9.33	9.33	9.315	9.33	3676	yfinance_1m
2026-08-24T10:37:00-04:00	9.33	9.3304	9.32	9.32	2869	yfinance_1m
2026-08-24T10:38:00-04:00	9.32	9.33	9.32	9.33	1561	yfinance_1m
2026-08-24T10:39:00-04:00	9.325	9.325	9.31	9.315	5180	yfinance_1m
2026-08-24T10:40:00-04:00	9.315	9.32	9.315	9.315	1223	yfinance_1m
2026-08-24T10:41:00-04:00	9.32	9.35	9.32	9.35	6778	yfinance_1m
2026-08-24T10:42:00-04:00	9.33	9.33	9.32	9.33	2986	yfinance_1m
2026-08-24T10:43:00-04:00	9.32	9.33	9.31	9.33	5914	yfinance_1m
2026-08-24T10:44:00-04:00	9.33	9.41	9.33	9.41	14703	yfinance_1m
2026-08-24T10:45:00-04:00	9.4095	9.425	9.4095	9.425	2502	yfinance_1m
2026-08-24T10:46:00-04:00	9.425	9.455	9.425	9.455	15857	yfinance_1m
2026-08-24T10:47:00-04:00	9.455	9.4606	9.455	9.4606	1569	yfinance_1m
2026-08-24T10:48:00-04:00	9.46	9.46	9.45	9.45	786	yfinance_1m
2026-08-24T10:49:00-04:00	9.45	9.45	9.44	9.44	3695	yfinance_1m
2026-08-24T10:50:00-04:00	9.45	9.46	9.45	9.46	3548	yfinance_1m
2026-08-24T10:51:00-04:00	9.46	9.46	9.45	9.45	9411	yfinance_1m
2026-08-24T10:52:00-04:00	9.44	9.47	9.43	9.47	7842	yfinance_1m
2026-08-24T10:53:00-04:00	9.48	9.48	9.47	9.47	2959	yfinance_1m
2026-08-24T10:54:00-04:00	9.465	9.48	9.465	9.48	3219	yfinance_1m
2026-08-24T10:55:00-04:00	9.49	9.49	9.49	9.49	939	yfinance_1m
2026-08-24T10:56:00-04:00	9.47	9.48	9.44	9.48	14694	yfinance_1m
2026-08-24T10:57:00-04:00	9.48	9.5	9.48	9.49	4239	yfinance_1m
2026-08-24T10:58:00-04:00	9.48	9.49	9.48	9.49	4938	yfinance_1m
2026-08-24T10:59:00-04:00	9.49	9.49	9.48	9.483207	4104	yfinance_1m
2026-08-24T11:00:00-04:00	9.47	9.4783	9.45	9.45	5554	yfinance_1m
2026-08-24T11:01:00-04:00	9.45	9.451	9.43	9.44	28856	yfinance_1m
2026-08-24T11:02:00-04:00	9.43	9.43	9.4288	9.43	2700	yfinance_1m
2026-08-24T11:03:00-04:00	9.44	9.44	9.43	9.435	2750	yfinance_1m
2026-08-24T11:04:00-04:00	9.42	9.42	9.41	9.41	2138	yfinance_1m
2026-08-24T11:05:00-04:00	9.415	9.42	9.41	9.41	4218	yfinance_1m
2026-08-24T11:06:00-04:00	9.41	9.41	9.4	9.4	3197	yfinance_1m
2026-08-24T11:07:00-04:00	9.4	9.4	9.38	9.38	4660	yfinance_1m
2026-08-24T11:08:00-04:00	9.38	9.38	9.38	9.38	667	yfinance_1m
2026-08-24T11:09:00-04:00	9.38	9.405	9.38	9.4	12095	yfinance_1m
2026-08-24T11:10:00-04:00	9.395	9.4	9.39	9.39	1939	yfinance_1m
2026-08-24T11:11:00-04:00	9.39	9.39	9.33	9.365	16664	yfinance_1m
2026-08-24T11:12:00-04:00	9.365	9.365	9.33	9.345	7081	yfinance_1m
2026-08-24T11:13:00-04:00	9.35	9.36	9.35	9.36	3423	yfinance_1m
2026-08-24T11:14:00-04:00	9.36	9.37	9.355	9.37	4838	yfinance_1m
2026-08-24T11:15:00-04:00	9.37	9.37	9.37	9.37	1868	yfinance_1m
2026-08-24T11:16:00-04:00	9.37	9.37	9.365	9.37	3207	yfinance_1m
2026-08-24T11:17:00-04:00	9.38	9.39	9.38	9.39	2586	yfinance_1m
2026-08-24T11:18:00-04:00	9.39	9.395	9.39	9.39	2113	yfinance_1m
2026-08-24T11:19:00-04:00	9.38	9.38	9.37	9.37	2202	yfinance_1m
2026-08-24T11:20:00-04:00	9.38	9.38	9.375	9.38	5695	yfinance_1m
2026-08-24T11:21:00-04:00	9.37	9.3751	9.37	9.37	5615	yfinance_1m
2026-08-24T11:22:00-04:00	9.37	9.39	9.37	9.39	3344	yfinance_1m
2026-08-24T11:23:00-04:00	9.39	9.41	9.39	9.405	2816	yfinance_1m
2026-08-24T11:24:00-04:00	9.39	9.42	9.39	9.42	5260	yfinance_1m
2026-08-24T11:25:00-04:00	9.425	9.45	9.425	9.445	1778	yfinance_1m
2026-08-24T11:26:00-04:00	9.45	9.48	9.45	9.48	2687	yfinance_1m
2026-08-24T11:27:00-04:00	9.4601	9.475	9.46	9.47	4798	yfinance_1m
2026-08-24T11:28:00-04:00	9.465	9.465	9.465	9.465	227	yfinance_1m
2026-08-24T11:29:00-04:00	9.47	9.53	9.47	9.52	10159	yfinance_1m
2026-08-24T11:30:00-04:00	9.525	9.555	9.5	9.55	18902	yfinance_1m
2026-08-24T11:31:00-04:00	9.55	9.555	9.53	9.54	2422	yfinance_1m
2026-08-24T11:32:00-04:00	9.54	9.54	9.53	9.535	1835	yfinance_1m
2026-08-24T11:33:00-04:00	9.53	9.535	9.515	9.53	9817	yfinance_1m
2026-08-24T11:34:00-04:00	9.52	9.53	9.52	9.525	1583	yfinance_1m
2026-08-24T11:35:00-04:00	9.52	9.52	9.515	9.52	3548	yfinance_1m
2026-08-24T11:36:00-04:00	9.53	9.55	9.5292	9.55	5761	yfinance_1m
2026-08-24T11:37:00-04:00	9.54	9.54	9.54	9.54	1820	yfinance_1m
2026-08-24T11:38:00-04:00	9.54	9.5499	9.5301	9.535	1949	yfinance_1m
2026-08-24T11:39:00-04:00	9.53	9.53	9.52	9.53	6772	yfinance_1m
2026-08-24T11:40:00-04:00	9.52	9.52	9.52	9.52	2154	yfinance_1m
2026-08-24T11:41:00-04:00	9.52	9.52	9.5064	9.5064	6373	yfinance_1m
2026-08-24T11:42:00-04:00	9.51	9.51	9.43	9.43	9806	yfinance_1m
2026-08-24T11:43:00-04:00	9.435	9.45	9.41	9.41	8054	yfinance_1m
2026-08-24T11:44:00-04:00	9.42	9.43	9.41	9.43	7430	yfinance_1m
2026-08-24T11:45:00-04:00	9.43	9.44	9.43	9.44	1643	yfinance_1m
2026-08-24T11:46:00-04:00	9.44	9.45	9.435	9.445	3067	yfinance_1m
2026-08-24T11:47:00-04:00	9.445	9.47	9.445	9.47	3969	yfinance_1m
2026-08-24T11:48:00-04:00	9.49	9.49	9.47	9.47	2166	yfinance_1m
2026-08-24T11:49:00-04:00	9.46	9.46	9.46	9.46	2691	yfinance_1m
2026-08-24T11:50:00-04:00	9.45	9.45	9.45	9.45	1854	yfinance_1m
2026-08-24T11:51:00-04:00	9.44	9.46	9.44	9.46	4253	yfinance_1m
2026-08-24T11:52:00-04:00	9.46	9.46	9.46	9.46	118	yfinance_1m
2026-08-24T11:53:00-04:00	9.46	9.46	9.46	9.46	2626	yfinance_1m
2026-08-24T11:54:00-04:00	9.46	9.46	9.46	9.46	3196	yfinance_1m
2026-08-24T11:55:00-04:00	9.46	9.48	9.46	9.48	5303	yfinance_1m
2026-08-24T11:56:00-04:00	9.485	9.485	9.485	9.485	933	yfinance_1m
2026-08-24T11:57:00-04:00	9.47	9.47	9.46	9.46	2956	yfinance_1m
2026-08-24T11:58:00-04:00	9.46	9.46	9.45	9.45	3306	yfinance_1m
2026-08-24T11:59:00-04:00	9.44	9.445	9.44	9.44	2489	yfinance_1m
2026-08-24T12:00:00-04:00	9.445	9.45	9.445	9.45	3138	yfinance_1m
2026-08-24T12:01:00-04:00	9.44	9.4451	9.435	9.44	5146	yfinance_1m
2026-08-24T12:02:00-04:00	9.44	9.45	9.44	9.44	5733	yfinance_1m
2026-08-24T12:03:00-04:00	9.445	9.46	9.44	9.46	6248	yfinance_1m
2026-08-24T12:04:00-04:00	9.45	9.5	9.45	9.48	6401	yfinance_1m
2026-08-24T12:05:00-04:00	9.48	9.48	9.46	9.475	5218	yfinance_1m
2026-08-24T12:06:00-04:00	9.48	9.49	9.48	9.48	3017	yfinance_1m
2026-08-24T12:07:00-04:00	9.49	9.5	9.49	9.5	1714	yfinance_1m
2026-08-24T12:08:00-04:00	9.49	9.49	9.48	9.48	2815	yfinance_1m
2026-08-24T12:09:00-04:00	9.48	9.485	9.475	9.48	4390	yfinance_1m
2026-08-24T12:10:00-04:00	9.47	9.48	9.47	9.48	7949	yfinance_1m
2026-08-24T12:11:00-04:00	9.475	9.475	9.475	9.475	741	yfinance_1m
2026-08-24T12:12:00-04:00	9.47	9.49	9.4673	9.49	6508	yfinance_1m
2026-08-24T12:13:00-04:00	9.49	9.49	9.48	9.485	1054	yfinance_1m
2026-08-24T12:14:00-04:00	9.48	9.5	9.48	9.5	6387	yfinance_1m
2026-08-24T12:15:00-04:00	9.495	9.535	9.495	9.52	6660	yfinance_1m
2026-08-24T12:16:00-04:00	9.52	9.52	9.52	9.52	1644	yfinance_1m
2026-08-24T12:17:00-04:00	9.528	9.56	9.52	9.56	5823	yfinance_1m
2026-08-24T12:18:00-04:00	9.56	9.605	9.56	9.605	14175	yfinance_1m
2026-08-24T12:19:00-04:00	9.605	9.605	9.6	9.6	912	yfinance_1m
2026-08-24T12:20:00-04:00	9.595	9.595	9.59	9.59	3254	yfinance_1m
2026-08-24T12:21:00-04:00	9.595	9.595	9.595	9.595	1520	yfinance_1m
2026-08-24T12:22:00-04:00	9.595	9.595	9.59	9.595	1174	yfinance_1m
2026-08-24T12:23:00-04:00	9.59	9.5903	9.57	9.59	11997	yfinance_1m
2026-08-24T12:24:00-04:00	9.59	9.605	9.59	9.605	1381	yfinance_1m
2026-08-24T12:25:00-04:00	9.61	9.61	9.61	9.61	2067	yfinance_1m
2026-08-24T12:26:00-04:00	9.61	9.61	9.61	9.61	670	yfinance_1m
2026-08-24T12:27:00-04:00	9.605	9.605	9.59	9.59	8433	yfinance_1m
2026-08-24T12:28:00-04:00	9.59	9.59	9.58	9.58	6554	yfinance_1m
2026-08-24T12:29:00-04:00	9.58	9.62	9.58	9.62	8899	yfinance_1m
2026-08-24T12:30:00-04:00	9.625	9.625	9.62	9.62	1572	yfinance_1m
2026-08-24T12:31:00-04:00	9.612	9.65	9.61	9.61	24594	yfinance_1m
2026-08-24T12:32:00-04:00	9.6067	9.61	9.6	9.605	4638	yfinance_1m
2026-08-24T12:33:00-04:00	9.61	9.61	9.61	9.61	1095	yfinance_1m
2026-08-24T12:34:00-04:00	9.61	9.61	9.61	9.61	1459	yfinance_1m
2026-08-24T12:35:00-04:00	9.61	9.62	9.61	9.62	1837	yfinance_1m
2026-08-24T12:36:00-04:00	9.62	9.62	9.61	9.62	2183	yfinance_1m
2026-08-24T12:37:00-04:00	9.6233	9.6233	9.6	9.605	3756	yfinance_1m
2026-08-24T12:38:00-04:00	9.605	9.65	9.6	9.64	9206	yfinance_1m
2026-08-24T12:39:00-04:00	9.64	9.66	9.64	9.65	6181	yfinance_1m
2026-08-24T12:40:00-04:00	9.65	9.65	9.645	9.645	2810	yfinance_1m
2026-08-24T12:41:00-04:00	9.645	9.66	9.64	9.65	10331	yfinance_1m
2026-08-24T12:42:00-04:00	9.65	9.65	9.65	9.65	1400	yfinance_1m
2026-08-24T12:43:00-04:00	9.65	9.65	9.64	9.64	2623	yfinance_1m
2026-08-24T12:44:00-04:00	9.645	9.645	9.62	9.625	11173	yfinance_1m
2026-08-24T12:45:00-04:00	9.62	9.63	9.6102	9.62	6851	yfinance_1m
2026-08-24T12:46:00-04:00	9.63	9.63	9.63	9.63	2359	yfinance_1m
2026-08-24T12:47:00-04:00	9.63	9.66	9.63	9.66	3210	yfinance_1m
2026-08-24T12:48:00-04:00	9.66	9.67	9.655	9.655	3987	yfinance_1m
2026-08-24T12:49:00-04:00	9.65	9.65	9.645	9.65	5511	yfinance_1m
2026-08-24T12:50:00-04:00	9.64	9.65	9.64	9.65	1663	yfinance_1m
2026-08-24T12:51:00-04:00	9.6499	9.65	9.6499	9.65	1182	yfinance_1m
2026-08-24T12:52:00-04:00	9.65	9.65	9.64	9.65	2300	yfinance_1m
2026-08-24T12:53:00-04:00	9.64	9.65	9.64	9.65	1589	yfinance_1m
2026-08-24T12:54:00-04:00	9.64	9.66	9.64	9.66	4012	yfinance_1m
2026-08-24T12:55:00-04:00	9.66	9.66	9.655	9.66	2432	yfinance_1m
2026-08-24T12:56:00-04:00	9.66	9.67	9.65	9.65	9267	yfinance_1m
2026-08-24T12:57:00-04:00	9.65	9.66	9.65	9.66	2638	yfinance_1m
2026-08-24T12:58:00-04:00	9.66	9.67	9.63	9.64	22656	yfinance_1m
2026-08-24T12:59:00-04:00	9.64	9.6449	9.63	9.63	2442	yfinance_1m
2026-08-24T13:00:00-04:00	9.635	9.64	9.63	9.64	9222	yfinance_1m
2026-08-24T13:01:00-04:00	9.65	9.7	9.6483	9.68	18691	yfinance_1m
2026-08-24T13:02:00-04:00	9.705	9.705	9.68	9.68	7616	yfinance_1m
2026-08-24T13:03:00-04:00	9.67	9.67	9.645	9.645	5215	yfinance_1m
2026-08-24T13:04:00-04:00	9.645	9.65	9.64	9.64	1810	yfinance_1m
2026-08-24T13:05:00-04:00	9.645	9.66	9.645	9.66	20652	yfinance_1m
2026-08-24T13:06:00-04:00	9.65	9.66	9.61	9.62	23565	yfinance_1m
2026-08-24T13:07:00-04:00	9.61	9.62	9.61	9.62	3174	yfinance_1m
2026-08-24T13:08:00-04:00	9.62	9.64	9.62	9.64	2974	yfinance_1m
2026-08-24T13:09:00-04:00	9.64	9.65	9.64	9.64	1510	yfinance_1m
2026-08-24T13:10:00-04:00	9.65	9.65	9.63	9.645	3914	yfinance_1m
2026-08-24T13:11:00-04:00	9.63	9.645	9.63	9.645	3038	yfinance_1m
2026-08-24T13:12:00-04:00	9.63	9.645	9.62	9.62	3032	yfinance_1m
2026-08-24T13:13:00-04:00	9.62	9.63	9.62	9.62	7497	yfinance_1m
2026-08-24T13:14:00-04:00	9.61	9.62	9.61	9.61	2473	yfinance_1m
2026-08-24T13:15:00-04:00	9.61	9.6114	9.6	9.6	4213	yfinance_1m
2026-08-24T13:16:00-04:00	9.605	9.61	9.58	9.58	6981	yfinance_1m
2026-08-24T13:17:00-04:00	9.58	9.585	9.58	9.585	3018	yfinance_1m
2026-08-24T13:18:00-04:00	9.57	9.59	9.57	9.57	2844	yfinance_1m
2026-08-24T13:19:00-04:00	9.58	9.58	9.56	9.57	3285	yfinance_1m
2026-08-24T13:20:00-04:00	9.56	9.59	9.56	9.59	5966	yfinance_1m
2026-08-24T13:21:00-04:00	9.58	9.58	9.53	9.53	8040	yfinance_1m
2026-08-24T13:22:00-04:00	9.53	9.53	9.525	9.525	2405	yfinance_1m
2026-08-24T13:23:00-04:00	9.51	9.52	9.51	9.52	1375	yfinance_1m
2026-08-24T13:24:00-04:00	9.51	9.52	9.51	9.5128	2823	yfinance_1m
2026-08-24T13:25:00-04:00	9.52	9.5249	9.52	9.5249	3630	yfinance_1m
2026-08-24T13:26:00-04:00	9.51	9.52	9.51	9.52	1699	yfinance_1m
2026-08-24T13:27:00-04:00	9.51	9.53	9.51	9.53	5185	yfinance_1m
2026-08-24T13:28:00-04:00	9.53	9.54	9.525	9.525	2403	yfinance_1m
2026-08-24T13:29:00-04:00	9.525	9.525	9.52	9.52	2078	yfinance_1m
2026-08-24T13:30:00-04:00	9.52	9.52	9.51	9.52	2281	yfinance_1m
2026-08-24T13:31:00-04:00	9.52	9.521	9.51	9.52	3734	yfinance_1m
2026-08-24T13:32:00-04:00	9.52	9.55	9.51	9.535	18938	yfinance_1m
2026-08-24T13:33:00-04:00	9.55	9.55	9.55	9.55	6221	yfinance_1m
2026-08-24T13:34:00-04:00	9.55	9.565	9.55	9.565	6226	yfinance_1m
2026-08-24T13:35:00-04:00	9.565	9.565	9.56	9.565	2927	yfinance_1m
2026-08-24T13:36:00-04:00	9.565	9.58	9.56	9.58	4787	yfinance_1m
2026-08-24T13:37:00-04:00	9.58	9.59	9.58	9.58	1751	yfinance_1m
2026-08-24T13:38:00-04:00	9.58	9.58	9.57	9.57	2066	yfinance_1m
2026-08-24T13:39:00-04:00	9.58	9.58	9.57	9.58	2593	yfinance_1m
2026-08-24T13:40:00-04:00	9.58	9.64	9.57	9.635	25940	yfinance_1m
2026-08-24T13:41:00-04:00	9.63	9.6461	9.63	9.635	1780	yfinance_1m
2026-08-24T13:42:00-04:00	9.635	9.635	9.58	9.58	19184	yfinance_1m
2026-08-24T13:43:00-04:00	9.57	9.57	9.553	9.565	4104	yfinance_1m
2026-08-24T13:44:00-04:00	9.565	9.565	9.565	9.565	1556	yfinance_1m
2026-08-24T13:45:00-04:00	9.55	9.56	9.55	9.56	1638	yfinance_1m
2026-08-24T13:46:00-04:00	9.56	9.56	9.56	9.56	2165	yfinance_1m
2026-08-24T13:47:00-04:00	9.56	9.58	9.56	9.57	7019	yfinance_1m
2026-08-24T13:48:00-04:00	9.57	9.57	9.57	9.57	1875	yfinance_1m
2026-08-24T13:49:00-04:00	9.57	9.57	9.56	9.565	3920	yfinance_1m
2026-08-24T13:50:00-04:00	9.56	9.56	9.56	9.56	2579	yfinance_1m
2026-08-24T13:51:00-04:00	9.56	9.56	9.55	9.55	5194	yfinance_1m
2026-08-24T13:52:00-04:00	9.55	9.555	9.55	9.555	3054	yfinance_1m
2026-08-24T13:53:00-04:00	9.555	9.565	9.555	9.565	3252	yfinance_1m
2026-08-24T13:54:00-04:00	9.565	9.565	9.53	9.53	10626	yfinance_1m
2026-08-24T13:55:00-04:00	9.52	9.54	9.52	9.52	3081	yfinance_1m
2026-08-24T13:56:00-04:00	9.52	9.535	9.52	9.52	2962	yfinance_1m
2026-08-24T13:57:00-04:00	9.535	9.555	9.535	9.555	1633	yfinance_1m
2026-08-24T13:58:00-04:00	9.54	9.555	9.54	9.54	2490	yfinance_1m
2026-08-24T13:59:00-04:00	9.54	9.55	9.54	9.54	4759	yfinance_1m
2026-08-24T14:00:00-04:00	9.53	9.53	9.52	9.52	4046	yfinance_1m
2026-08-24T14:01:00-04:00	9.52	9.52	9.52	9.52	4382	yfinance_1m
2026-08-24T14:02:00-04:00	9.52	9.54	9.52	9.54	1725	yfinance_1m
2026-08-24T14:03:00-04:00	9.54	9.54	9.53	9.53	698	yfinance_1m
2026-08-24T14:04:00-04:00	9.53	9.535	9.53	9.535	2949	yfinance_1m
2026-08-24T14:05:00-04:00	9.53	9.57	9.53	9.57	8837	yfinance_1m
2026-08-24T14:06:00-04:00	9.565	9.62	9.565	9.62	4173	yfinance_1m
2026-08-24T14:07:00-04:00	9.6073	9.62	9.6	9.605	2310	yfinance_1m
2026-08-24T14:08:00-04:00	9.605	9.605	9.605	9.605	2088	yfinance_1m
2026-08-24T14:09:00-04:00	9.605	9.605	9.605	9.605	2296	yfinance_1m
2026-08-24T14:10:00-04:00	9.605	9.67	9.605	9.66	19751	yfinance_1m
2026-08-24T14:11:00-04:00	9.685	9.695	9.685	9.69	6377	yfinance_1m
2026-08-24T14:12:00-04:00	9.69	9.69	9.69	9.69	995	yfinance_1m
2026-08-24T14:13:00-04:00	9.69	9.7	9.69	9.69	3499	yfinance_1m
2026-08-24T14:14:00-04:00	9.69	9.6901	9.69	9.69	1715	yfinance_1m
2026-08-24T14:15:00-04:00	9.69	9.6995	9.69	9.6995	2854	yfinance_1m
2026-08-24T14:16:00-04:00	9.7	9.75	9.7	9.725	71217	yfinance_1m
2026-08-24T14:17:00-04:00	9.725	9.725	9.7	9.71	12788	yfinance_1m
2026-08-24T14:18:00-04:00	9.71	9.71	9.71	9.71	2347	yfinance_1m
2026-08-24T14:19:00-04:00	9.71	9.83	9.71	9.81	72525	yfinance_1m
2026-08-24T14:20:00-04:00	9.81	9.81	9.75	9.75	11061	yfinance_1m
2026-08-24T14:21:00-04:00	9.7565	9.76	9.7531	9.76	4276	yfinance_1m
2026-08-24T14:22:00-04:00	9.76	9.785	9.76	9.785	4852	yfinance_1m
2026-08-24T14:23:00-04:00	9.78	9.79	9.775	9.775	4652	yfinance_1m
2026-08-24T14:24:00-04:00	9.775	9.78	9.775	9.78	4550	yfinance_1m
2026-08-24T14:25:00-04:00	9.78	9.78	9.78	9.78	947	yfinance_1m
2026-08-24T14:26:00-04:00	9.78	9.78	9.76	9.76	14734	yfinance_1m
2026-08-24T14:27:00-04:00	9.75	9.75	9.74	9.74	6400	yfinance_1m
2026-08-24T14:28:00-04:00	9.74	9.74	9.695	9.72	16076	yfinance_1m
2026-08-24T14:29:00-04:00	9.71	9.74	9.71	9.74	8824	yfinance_1m
2026-08-24T14:30:00-04:00	9.74	9.75	9.74	9.75	1259	yfinance_1m
2026-08-24T14:31:00-04:00	9.75	9.75	9.72	9.725	5511	yfinance_1m
2026-08-24T14:32:00-04:00	9.72	9.73	9.72	9.73	13065	yfinance_1m
2026-08-24T14:33:00-04:00	9.73	9.73	9.7001	9.71	14152	yfinance_1m
2026-08-24T14:34:00-04:00	9.7	9.71	9.69	9.69	5387	yfinance_1m
2026-08-24T14:35:00-04:00	9.68	9.68	9.635	9.635	5982	yfinance_1m
2026-08-24T14:36:00-04:00	9.6442	9.6442	9.6	9.6	3439	yfinance_1m
2026-08-24T14:37:00-04:00	9.58	9.62	9.58	9.61	7909	yfinance_1m
2026-08-24T14:38:00-04:00	9.61	9.62	9.61	9.62	2239	yfinance_1m
2026-08-24T14:39:00-04:00	9.61	9.62	9.59	9.59	3548	yfinance_1m
2026-08-24T14:40:00-04:00	9.59	9.59	9.59	9.59	2133	yfinance_1m
2026-08-24T14:41:00-04:00	9.6	9.6	9.59	9.6	2687	yfinance_1m
2026-08-24T14:42:00-04:00	9.6	9.6	9.6	9.6	2813	yfinance_1m
2026-08-24T14:43:00-04:00	9.6	9.62	9.6	9.62	6930	yfinance_1m
2026-08-24T14:45:00-04:00	9.615	9.63	9.61	9.63	4879	yfinance_1m
2026-08-24T14:46:00-04:00	9.62	9.62	9.61	9.615	6691	yfinance_1m
2026-08-24T14:47:00-04:00	9.61	9.61	9.61	9.61	4873	yfinance_1m
2026-08-24T14:48:00-04:00	9.61	9.61	9.61	9.61	2668	yfinance_1m
2026-08-24T14:49:00-04:00	9.61	9.61	9.61	9.61	1704	yfinance_1m
2026-08-24T14:50:00-04:00	9.61	9.61	9.61	9.61	3097	yfinance_1m
2026-08-24T14:51:00-04:00	9.61	9.625	9.61	9.625	3694	yfinance_1m
2026-08-24T14:52:00-04:00	9.62	9.62	9.62	9.62	3928	yfinance_1m
2026-08-24T14:53:00-04:00	9.61	9.63	9.61	9.63	5132	yfinance_1m
2026-08-24T14:54:00-04:00	9.635	9.635	9.63	9.63	5564	yfinance_1m
2026-08-24T14:55:00-04:00	9.62	9.63	9.62	9.63	1996	yfinance_1m
2026-08-24T14:56:00-04:00	9.63	9.63	9.625	9.625	2293	yfinance_1m
2026-08-24T14:57:00-04:00	9.625	9.625	9.615	9.615	7382	yfinance_1m
2026-08-24T14:58:00-04:00	9.615	9.62	9.615	9.615	4418	yfinance_1m
2026-08-24T14:59:00-04:00	9.615	9.615	9.6	9.6	8926	yfinance_1m
2026-08-24T15:00:00-04:00	9.605	9.6099	9.605	9.605	5179	yfinance_1m
2026-08-24T15:01:00-04:00	9.605	9.63	9.605	9.63	5583	yfinance_1m
2026-08-24T15:02:00-04:00	9.63	9.665	9.62	9.665	7982	yfinance_1m
2026-08-24T15:03:00-04:00	9.665	9.67	9.65	9.66	11345	yfinance_1m
2026-08-24T15:04:00-04:00	9.655	9.6604	9.655	9.66	3754	yfinance_1m
2026-08-24T15:05:00-04:00	9.66	9.68	9.66	9.68	9286	yfinance_1m
2026-08-24T15:06:00-04:00	9.68	9.695	9.68	9.695	4353	yfinance_1m
2026-08-24T15:07:00-04:00	9.69	9.695	9.65	9.66	35798	yfinance_1m
2026-08-24T15:08:00-04:00	9.66	9.66	9.66	9.66	2816	yfinance_1m
2026-08-24T15:09:00-04:00	9.66	9.66	9.65	9.65	3355	yfinance_1m
2026-08-24T15:10:00-04:00	9.65	9.65	9.64	9.64	1364	yfinance_1m
2026-08-24T15:11:00-04:00	9.65	9.65	9.65	9.65	4683	yfinance_1m
2026-08-24T15:12:00-04:00	9.65	9.655	9.65	9.655	2909	yfinance_1m
2026-08-24T15:13:00-04:00	9.655	9.67	9.655	9.67	5347	yfinance_1m
2026-08-24T15:14:00-04:00	9.67	9.67	9.66	9.66	4668	yfinance_1m
2026-08-24T15:15:00-04:00	9.65	9.65	9.65	9.65	5413	yfinance_1m
2026-08-24T15:16:00-04:00	9.65	9.65	9.65	9.65	2794	yfinance_1m
2026-08-24T15:17:00-04:00	9.65	9.65	9.65	9.65	3794	yfinance_1m
2026-08-24T15:18:00-04:00	9.65	9.655	9.65	9.655	1819	yfinance_1m
2026-08-24T15:19:00-04:00	9.655	9.655	9.655	9.655	3161	yfinance_1m
2026-08-24T15:20:00-04:00	9.655	9.675	9.655	9.67	6312	yfinance_1m
2026-08-24T15:21:00-04:00	9.67	9.67	9.66	9.67	3635	yfinance_1m
2026-08-24T15:22:00-04:00	9.67	9.69	9.665	9.685	8484	yfinance_1m
2026-08-24T15:23:00-04:00	9.685	9.685	9.68	9.68	11675	yfinance_1m
2026-08-24T15:24:00-04:00	9.68	9.68	9.67	9.675	4436	yfinance_1m
2026-08-24T15:25:00-04:00	9.6798	9.685	9.675	9.685	3747	yfinance_1m
2026-08-24T15:26:00-04:00	9.685	9.685	9.68	9.685	1721	yfinance_1m
2026-08-24T15:27:00-04:00	9.685	9.695	9.68	9.695	6440	yfinance_1m
2026-08-24T15:28:00-04:00	9.695	9.705	9.68	9.68	27671	yfinance_1m
2026-08-24T15:29:00-04:00	9.68	9.68	9.645	9.6458	16404	yfinance_1m
2026-08-24T15:30:00-04:00	9.645	9.67	9.645	9.67	10137	yfinance_1m
2026-08-24T15:31:00-04:00	9.67	9.68	9.67	9.68	4530	yfinance_1m
2026-08-24T15:32:00-04:00	9.68	9.685	9.67	9.68	12672	yfinance_1m
2026-08-24T15:33:00-04:00	9.6867	9.6867	9.67	9.67	4993	yfinance_1m
2026-08-24T15:34:00-04:00	9.66	9.66	9.64	9.65	14943	yfinance_1m
2026-08-24T15:35:00-04:00	9.65	9.67	9.65	9.67	6569	yfinance_1m
2026-08-24T15:36:00-04:00	9.68	9.69	9.68	9.68	5523	yfinance_1m
2026-08-24T15:37:00-04:00	9.675	9.675	9.67	9.67	11044	yfinance_1m
2026-08-24T15:38:00-04:00	9.67	9.68	9.67	9.68	2983	yfinance_1m
2026-08-24T15:39:00-04:00	9.68	9.685	9.67	9.685	9681	yfinance_1m
2026-08-24T15:40:00-04:00	9.685	9.685	9.67	9.67	19283	yfinance_1m
2026-08-24T15:41:00-04:00	9.67	9.68	9.6628	9.665	3520	yfinance_1m
2026-08-24T15:42:00-04:00	9.665	9.675	9.66	9.665	11320	yfinance_1m
2026-08-24T15:43:00-04:00	9.665	9.675	9.665	9.675	7820	yfinance_1m
2026-08-24T15:44:00-04:00	9.675	9.675	9.67	9.675	4707	yfinance_1m
2026-08-24T15:45:00-04:00	9.675	9.675	9.67	9.67	11869	yfinance_1m
2026-08-24T15:46:00-04:00	9.66	9.67	9.65	9.655	21046	yfinance_1m
2026-08-24T15:47:00-04:00	9.655	9.705	9.655	9.7	16019	yfinance_1m
2026-08-24T15:48:00-04:00	9.7	9.7	9.66	9.6657	24223	yfinance_1m
2026-08-24T15:49:00-04:00	9.66	9.725	9.66	9.725	16590	yfinance_1m
2026-08-24T15:50:00-04:00	9.725	9.725	9.71	9.715	8620	yfinance_1m
2026-08-24T15:51:00-04:00	9.71	9.71	9.68	9.695	36404	yfinance_1m
2026-08-24T15:52:00-04:00	9.695	9.725	9.695	9.72	16042	yfinance_1m
2026-08-24T15:53:00-04:00	9.725	9.725	9.67	9.67	30756	yfinance_1m
2026-08-24T15:54:00-04:00	9.67	9.6748	9.645	9.65	20606	yfinance_1m
2026-08-24T15:55:00-04:00	9.64	9.65	9.62	9.63	28467	yfinance_1m
2026-08-24T15:56:00-04:00	9.63	9.695	9.63	9.68	28946	yfinance_1m
2026-08-24T15:57:00-04:00	9.68	9.745	9.67	9.735	54375	yfinance_1m
2026-08-24T15:58:00-04:00	9.74	9.765	9.73	9.75	88649	yfinance_1m
2026-08-24T15:59:00-04:00	9.75	9.82	9.74	9.78	169438	yfinance_1m
2026-08-25T09:30:00-04:00	10.0	10.08	9.76	9.84	129434	yfinance_1m
2026-08-25T09:31:00-04:00	9.9	9.92	9.845	9.845	14239	yfinance_1m
2026-08-25T09:32:00-04:00	9.845	9.9	9.79	9.9	12906	yfinance_1m
2026-08-25T09:33:00-04:00	9.855	9.91	9.82	9.845	14841	yfinance_1m
2026-08-25T09:34:00-04:00	9.834	9.8599	9.8	9.805	5696	yfinance_1m
2026-08-25T09:35:00-04:00	9.8	9.9	9.78	9.9	21558	yfinance_1m
2026-08-25T09:36:00-04:00	9.9	9.9725	9.81	9.82	9662	yfinance_1m
2026-08-25T09:37:00-04:00	9.82	9.825	9.78	9.785	15181	yfinance_1m
2026-08-25T09:38:00-04:00	9.785	9.785	9.7	9.73	32672	yfinance_1m
2026-08-25T09:39:00-04:00	9.745	9.745	9.69	9.71	9273	yfinance_1m
2026-08-25T09:40:00-04:00	9.71	9.76	9.7008	9.75	7383	yfinance_1m
2026-08-25T09:41:00-04:00	9.73	9.74	9.61	9.635	12884	yfinance_1m
2026-08-25T09:42:00-04:00	9.65	9.67	9.5848	9.605	22018	yfinance_1m
2026-08-25T09:43:00-04:00	9.6	9.6	9.45	9.4501	15007	yfinance_1m
2026-08-25T09:44:00-04:00	9.45	9.52	9.45	9.49	22202	yfinance_1m
2026-08-25T09:45:00-04:00	9.505	9.55	9.505	9.55	11125	yfinance_1m
2026-08-25T09:46:00-04:00	9.53	9.6	9.51	9.58	10639	yfinance_1m
2026-08-25T09:47:00-04:00	9.565	9.59	9.565	9.585	5420	yfinance_1m
2026-08-25T09:48:00-04:00	9.585	9.61	9.57	9.58	5926	yfinance_1m
2026-08-25T09:49:00-04:00	9.56	9.56	9.36	9.36	22246	yfinance_1m
2026-08-25T09:50:00-04:00	9.35	9.53	9.33	9.53	45727	yfinance_1m
2026-08-25T09:51:00-04:00	9.5289	9.5301	9.49	9.5301	5184	yfinance_1m
2026-08-25T09:52:00-04:00	9.53	9.54	9.5	9.505	6912	yfinance_1m
2026-08-25T09:53:00-04:00	9.4997	9.51	9.4997	9.5	4008	yfinance_1m
2026-08-25T09:54:00-04:00	9.52	9.56	9.52	9.544	4891	yfinance_1m
2026-08-25T09:55:00-04:00	9.56	9.59	9.56	9.57	5921	yfinance_1m
2026-08-25T09:56:00-04:00	9.58	9.58	9.559	9.565	2110	yfinance_1m
2026-08-25T09:57:00-04:00	9.57	9.58	9.55	9.55	3577	yfinance_1m
2026-08-25T09:58:00-04:00	9.57	9.58	9.55	9.569	3082	yfinance_1m
2026-08-25T09:59:00-04:00	9.57	9.57	9.505	9.534	8681	yfinance_1m
2026-08-25T10:00:00-04:00	9.535	9.55	9.535	9.55	5131	yfinance_1m
2026-08-25T10:01:00-04:00	9.549	9.55	9.48	9.49	9908	yfinance_1m
2026-08-25T10:02:00-04:00	9.4813	9.485	9.41	9.41	5004	yfinance_1m
2026-08-25T10:03:00-04:00	9.42	9.4219	9.37	9.37	10772	yfinance_1m
2026-08-25T10:04:00-04:00	9.375	9.375	9.325	9.345	7170	yfinance_1m
2026-08-25T10:05:00-04:00	9.345	9.42	9.345	9.4	27876	yfinance_1m
2026-08-25T10:06:00-04:00	9.38	9.38	9.365	9.37	2491	yfinance_1m
2026-08-25T10:07:00-04:00	9.35	9.37	9.34	9.3501	17204	yfinance_1m
2026-08-25T10:08:00-04:00	9.365	9.365	9.32	9.34	10694	yfinance_1m
2026-08-25T10:09:00-04:00	9.35	9.35	9.29	9.34	46056	yfinance_1m
2026-08-25T10:10:00-04:00	9.335	9.36	9.335	9.36	6834	yfinance_1m
2026-08-25T10:11:00-04:00	9.37	9.38	9.36	9.36	3197	yfinance_1m
2026-08-25T10:12:00-04:00	9.355	9.355	9.355	9.355	1303	yfinance_1m
2026-08-25T10:13:00-04:00	9.3554	9.3554	9.3	9.34	9079	yfinance_1m
2026-08-25T10:14:00-04:00	9.34	9.34	9.27	9.27	33173	yfinance_1m
2026-08-25T10:15:00-04:00	9.285	9.325	9.28	9.325	10170	yfinance_1m
2026-08-25T10:16:00-04:00	9.3337	9.35	9.32	9.32	11686	yfinance_1m
2026-08-25T10:17:00-04:00	9.32	9.33	9.28	9.32	11214	yfinance_1m
2026-08-25T10:18:00-04:00	9.295	9.3	9.26	9.28	36652	yfinance_1m
2026-08-25T10:19:00-04:00	9.28	9.29	9.275	9.28	5807	yfinance_1m
2026-08-25T10:20:00-04:00	9.285	9.31	9.285	9.3	6328	yfinance_1m
2026-08-25T10:21:00-04:00	9.34	9.34	9.32	9.32	2988	yfinance_1m
2026-08-25T10:22:00-04:00	9.3	9.3	9.28	9.285	4897	yfinance_1m
2026-08-25T10:23:00-04:00	9.285	9.31	9.27	9.3	6922	yfinance_1m
2026-08-25T10:24:00-04:00	9.3	9.34	9.3	9.33	4937	yfinance_1m
2026-08-25T10:25:00-04:00	9.32	9.325	9.28	9.29	15092	yfinance_1m
2026-08-25T10:26:00-04:00	9.3	9.3	9.27	9.29	2502	yfinance_1m
2026-08-25T10:27:00-04:00	9.295	9.295	9.27	9.27	1910	yfinance_1m
2026-08-25T10:28:00-04:00	9.2739	9.3	9.25	9.26	39432	yfinance_1m
2026-08-25T10:29:00-04:00	9.285	9.285	9.26	9.265	8148	yfinance_1m
2026-08-25T10:30:00-04:00	9.265	9.2719	9.22	9.26	14131	yfinance_1m
2026-08-25T10:31:00-04:00	9.26	9.26	9.23	9.23	2178	yfinance_1m
2026-08-25T10:32:00-04:00	9.246	9.2762	9.24	9.2689	7066	yfinance_1m
2026-08-25T10:33:00-04:00	9.265	9.27	9.265	9.265	2817	yfinance_1m
2026-08-25T10:34:00-04:00	9.25	9.2699	9.2477	9.2478	12318	yfinance_1m
2026-08-25T10:35:00-04:00	9.23	9.25	9.22	9.235	6076	yfinance_1m
2026-08-25T10:36:00-04:00	9.225	9.25	9.22	9.25	7132	yfinance_1m
2026-08-25T10:37:00-04:00	9.248	9.2599	9.23	9.2599	5170	yfinance_1m
2026-08-25T10:38:00-04:00	9.23	9.27	9.23	9.27	9029	yfinance_1m
2026-08-25T10:39:00-04:00	9.265	9.265	9.2399	9.245	3313	yfinance_1m
2026-08-25T10:40:00-04:00	9.245	9.26	9.24	9.24	4787	yfinance_1m
2026-08-25T10:41:00-04:00	9.245	9.25	9.24	9.25	2977	yfinance_1m
2026-08-25T10:42:00-04:00	9.2592	9.26	9.24	9.26	4295	yfinance_1m
2026-08-25T10:43:00-04:00	9.25	9.25	9.24	9.24	4031	yfinance_1m
2026-08-25T10:44:00-04:00	9.25	9.28	9.23	9.28	13548	yfinance_1m
2026-08-25T10:45:00-04:00	9.2834	9.2834	9.28	9.28	949	yfinance_1m
2026-08-25T10:46:00-04:00	9.29	9.3	9.27	9.29	13688	yfinance_1m
2026-08-25T10:47:00-04:00	9.275	9.275	9.25	9.251	3254	yfinance_1m
2026-08-25T10:48:00-04:00	9.25	9.25	9.23	9.23	12342	yfinance_1m
2026-08-25T10:49:00-04:00	9.23	9.24	9.22	9.24	2855	yfinance_1m
2026-08-25T10:50:00-04:00	9.235	9.2356	9.22	9.235	3559	yfinance_1m
2026-08-25T10:51:00-04:00	9.25	9.26	9.23	9.245	17453	yfinance_1m
2026-08-25T10:52:00-04:00	9.25	9.25	9.24	9.245	1832	yfinance_1m
2026-08-25T10:53:00-04:00	9.24	9.255	9.24	9.25	4126	yfinance_1m
2026-08-25T10:54:00-04:00	9.24	9.24	9.24	9.24	2130	yfinance_1m
2026-08-25T10:55:00-04:00	9.22	9.2311	9.22	9.2311	2525	yfinance_1m
2026-08-25T10:56:00-04:00	9.23	9.238	9.22	9.23	4497	yfinance_1m
2026-08-25T10:57:00-04:00	9.2228	9.25	9.2	9.23	10026	yfinance_1m
2026-08-25T10:58:00-04:00	9.235	9.235	9.22	9.22	3036	yfinance_1m
2026-08-25T10:59:00-04:00	9.225	9.225	9.2098	9.2098	4107	yfinance_1m
2026-08-25T11:00:00-04:00	9.2	9.25	9.2	9.25	10642	yfinance_1m
2026-08-25T11:01:00-04:00	9.25	9.26	9.25	9.255	1589	yfinance_1m
2026-08-25T11:02:00-04:00	9.25	9.25	9.22	9.22	7294	yfinance_1m
2026-08-25T11:03:00-04:00	9.22	9.23	9.21	9.22	4455	yfinance_1m
2026-08-25T11:04:00-04:00	9.22	9.225	9.22	9.225	1852	yfinance_1m
2026-08-25T11:05:00-04:00	9.2283	9.2337	9.225	9.23	3899	yfinance_1m
2026-08-25T11:06:00-04:00	9.23	9.25	9.23	9.25	4533	yfinance_1m
2026-08-25T11:07:00-04:00	9.24	9.27	9.24	9.255	6913	yfinance_1m
2026-08-25T11:08:00-04:00	9.268	9.28	9.2587	9.28	3653	yfinance_1m
2026-08-25T11:09:00-04:00	9.28	9.2853	9.2774	9.28	8154	yfinance_1m
2026-08-25T11:10:00-04:00	9.28	9.3584	9.28	9.34	16095	yfinance_1m
2026-08-25T11:11:00-04:00	9.3497	9.3497	9.34	9.34	4024	yfinance_1m
2026-08-25T11:12:00-04:00	9.33	9.33	9.3	9.3	5163	yfinance_1m
2026-08-25T11:13:00-04:00	9.3	9.36	9.29	9.36	10691	yfinance_1m
2026-08-25T11:14:00-04:00	9.35	9.35	9.315	9.315	3307	yfinance_1m
2026-08-25T11:15:00-04:00	9.33	9.3369	9.315	9.315	5576	yfinance_1m
2026-08-25T11:16:00-04:00	9.3	9.3212	9.3	9.3212	833	yfinance_1m
2026-08-25T11:17:00-04:00	9.32	9.3272	9.32	9.32	2047	yfinance_1m
2026-08-25T11:18:00-04:00	9.33	9.35	9.33	9.35	1894	yfinance_1m
2026-08-25T11:19:00-04:00	9.35	9.35	9.35	9.35	1008	yfinance_1m
2026-08-25T11:20:00-04:00	9.33	9.33	9.27	9.27	8545	yfinance_1m
2026-08-25T11:21:00-04:00	9.265	9.27	9.25	9.26	4826	yfinance_1m
2026-08-25T11:22:00-04:00	9.25	9.25	9.24	9.2402	4431	yfinance_1m
2026-08-25T11:23:00-04:00	9.24	9.24	9.23	9.23	2604	yfinance_1m
2026-08-25T11:24:00-04:00	9.23	9.25	9.23	9.23	5948	yfinance_1m
2026-08-25T11:25:00-04:00	9.22	9.238	9.22	9.235	1876	yfinance_1m
2026-08-25T11:26:00-04:00	9.23	9.2303	9.19	9.195	13689	yfinance_1m
2026-08-25T11:27:00-04:00	9.195	9.21	9.195	9.21	6294	yfinance_1m
2026-08-25T11:28:00-04:00	9.22	9.22	9.2129	9.22	1626	yfinance_1m
2026-08-25T11:29:00-04:00	9.22	9.24	9.22	9.24	3461	yfinance_1m
2026-08-25T11:30:00-04:00	9.24	9.24	9.22	9.22	2794	yfinance_1m
2026-08-25T11:31:00-04:00	9.21	9.22	9.2	9.22	3032	yfinance_1m
2026-08-25T11:32:00-04:00	9.22	9.22	9.2	9.21	4087	yfinance_1m
2026-08-25T11:33:00-04:00	9.2	9.255	9.2	9.23	7637	yfinance_1m
2026-08-25T11:34:00-04:00	9.235	9.235	9.235	9.235	377	yfinance_1m
2026-08-25T11:35:00-04:00	9.25	9.27	9.25	9.265	3017	yfinance_1m
2026-08-25T11:36:00-04:00	9.265	9.265	9.24	9.24	2771	yfinance_1m
2026-08-25T11:37:00-04:00	9.235	9.24	9.23	9.235	3399	yfinance_1m
2026-08-25T11:38:00-04:00	9.25	9.25	9.235	9.235	498	yfinance_1m
2026-08-25T11:39:00-04:00	9.24	9.2497	9.235	9.235	1761	yfinance_1m
2026-08-25T11:40:00-04:00	9.24	9.24	9.23	9.23	1588	yfinance_1m
2026-08-25T11:41:00-04:00	9.22	9.2384	9.21	9.21	2544	yfinance_1m
2026-08-25T11:42:00-04:00	9.23	9.24	9.23	9.23	1602	yfinance_1m
2026-08-25T11:43:00-04:00	9.21	9.215	9.2	9.21	4641	yfinance_1m
2026-08-25T11:44:00-04:00	9.21	9.22	9.21	9.22	4227	yfinance_1m
2026-08-25T11:45:00-04:00	9.21	9.22	9.21	9.21	1684	yfinance_1m
2026-08-25T11:46:00-04:00	9.2	9.215	9.18	9.18	5644	yfinance_1m
2026-08-25T11:47:00-04:00	9.195	9.2099	9.18	9.185	7052	yfinance_1m
2026-08-25T11:48:00-04:00	9.19	9.19	9.18	9.18	3178	yfinance_1m
2026-08-25T11:49:00-04:00	9.19	9.21	9.18	9.18	6072	yfinance_1m
2026-08-25T11:50:00-04:00	9.18	9.1911	9.17	9.185	6511	yfinance_1m
2026-08-25T11:51:00-04:00	9.1897	9.1897	9.17	9.17	12509	yfinance_1m
2026-08-25T11:52:00-04:00	9.18	9.18	9.18	9.18	665	yfinance_1m
2026-08-25T11:53:00-04:00	9.18	9.18	9.17	9.18	1889	yfinance_1m
2026-08-25T11:54:00-04:00	9.18	9.19	9.18	9.1852	4746	yfinance_1m
2026-08-25T11:55:00-04:00	9.18	9.1819	9.17	9.18	9935	yfinance_1m
2026-08-25T11:56:00-04:00	9.1883	9.2	9.17	9.2	26116	yfinance_1m
2026-08-25T11:57:00-04:00	9.2099	9.21	9.2	9.205	4431	yfinance_1m
2026-08-25T11:58:00-04:00	9.205	9.21	9.19	9.19	3584	yfinance_1m
2026-08-25T11:59:00-04:00	9.205	9.205	9.19	9.195	1713	yfinance_1m
2026-08-25T12:00:00-04:00	9.205	9.2132	9.205	9.21	2411	yfinance_1m
2026-08-25T12:01:00-04:00	9.22	9.22	9.21	9.21	2648	yfinance_1m
2026-08-25T12:02:00-04:00	9.21	9.22	9.21	9.212	4081	yfinance_1m
2026-08-25T12:03:00-04:00	9.2101	9.2101	9.2	9.2	15352	yfinance_1m
2026-08-25T12:04:00-04:00	9.21	9.21	9.185	9.185	3312	yfinance_1m
2026-08-25T12:05:00-04:00	9.17	9.17	9.13	9.1502	62387	yfinance_1m
2026-08-25T12:06:00-04:00	9.14	9.165	9.13	9.15	12278	yfinance_1m
2026-08-25T12:07:00-04:00	9.17	9.17	9.17	9.17	1024	yfinance_1m
2026-08-25T12:08:00-04:00	9.18	9.19	9.18	9.18	3013	yfinance_1m
2026-08-25T12:09:00-04:00	9.19	9.19	9.18	9.19	1059	yfinance_1m
2026-08-25T12:10:00-04:00	9.186	9.186	9.15	9.17	6937	yfinance_1m
2026-08-25T12:11:00-04:00	9.17	9.185	9.17	9.185	1938	yfinance_1m
2026-08-25T12:12:00-04:00	9.17	9.1822	9.17	9.18	10164	yfinance_1m
2026-08-25T12:13:00-04:00	9.18	9.18	9.17	9.18	16024	yfinance_1m
2026-08-25T12:14:00-04:00	9.19	9.2	9.18	9.19	3320	yfinance_1m
2026-08-25T12:15:00-04:00	9.19	9.2	9.19	9.2	1040	yfinance_1m
2026-08-25T12:16:00-04:00	9.2	9.2	9.19	9.19	7833	yfinance_1m
2026-08-25T12:17:00-04:00	9.2	9.2	9.19	9.19	3727	yfinance_1m
2026-08-25T12:18:00-04:00	9.19	9.2	9.18	9.2	4355	yfinance_1m
2026-08-25T12:19:00-04:00	9.2	9.2	9.19	9.2	3530	yfinance_1m
2026-08-25T12:20:00-04:00	9.2	9.2072	9.19	9.2	2870	yfinance_1m
2026-08-25T12:21:00-04:00	9.2042	9.2059	9.17	9.195	18170	yfinance_1m
2026-08-25T12:22:00-04:00	9.195	9.195	9.195	9.195	1601	yfinance_1m
2026-08-25T12:23:00-04:00	9.195	9.195	9.195	9.195	774	yfinance_1m
2026-08-25T12:24:00-04:00	9.1801	9.21	9.18	9.19	2634	yfinance_1m
2026-08-25T12:25:00-04:00	9.2065	9.22	9.19	9.22	8343	yfinance_1m
2026-08-25T12:26:00-04:00	9.22	9.2365	9.21	9.21	14384	yfinance_1m
2026-08-25T12:27:00-04:00	9.21	9.2298	9.21	9.21	3172	yfinance_1m
2026-08-25T12:28:00-04:00	9.23	9.23	9.21	9.22	3473	yfinance_1m
2026-08-25T12:29:00-04:00	9.2121	9.23	9.21	9.215	7158	yfinance_1m
2026-08-25T12:31:00-04:00	9.21	9.22	9.2	9.2	2380	yfinance_1m
2026-08-25T12:32:00-04:00	9.2	9.22	9.2	9.21	3311	yfinance_1m
2026-08-25T12:33:00-04:00	9.22	9.22	9.2195	9.2195	1735	yfinance_1m
2026-08-25T12:34:00-04:00	9.21	9.2392	9.2	9.22	8694	yfinance_1m
2026-08-25T12:35:00-04:00	9.24	9.24	9.21	9.21	2745	yfinance_1m
2026-08-25T12:36:00-04:00	9.215	9.22	9.21	9.22	2459	yfinance_1m
2026-08-25T12:37:00-04:00	9.22	9.22	9.22	9.22	1273	yfinance_1m
2026-08-25T12:38:00-04:00	9.22	9.225	9.19	9.19	10282	yfinance_1m
2026-08-25T12:39:00-04:00	9.205	9.205	9.18	9.195	4184	yfinance_1m
2026-08-25T12:40:00-04:00	9.195	9.2	9.18	9.185	5144	yfinance_1m
2026-08-25T12:41:00-04:00	9.185	9.21	9.185	9.2	3096	yfinance_1m
2026-08-25T12:42:00-04:00	9.2	9.2	9.2	9.2	1399	yfinance_1m
2026-08-25T12:43:00-04:00	9.21	9.215	9.21	9.215	1473	yfinance_1m
2026-08-25T12:44:00-04:00	9.215	9.215	9.21	9.21	2053	yfinance_1m
2026-08-25T12:45:00-04:00	9.22	9.22	9.22	9.22	1385	yfinance_1m
2026-08-25T12:46:00-04:00	9.229	9.26	9.22	9.24	14271	yfinance_1m
2026-08-25T12:47:00-04:00	9.24	9.2407	9.22	9.22	1854	yfinance_1m
2026-08-25T12:48:00-04:00	9.22	9.2399	9.21	9.225	3733	yfinance_1m
2026-08-25T12:49:00-04:00	9.225	9.24	9.225	9.23	3031	yfinance_1m
2026-08-25T12:50:00-04:00	9.23	9.23	9.22	9.22	2884	yfinance_1m
2026-08-25T12:51:00-04:00	9.2283	9.2283	9.22	9.22	3334	yfinance_1m
2026-08-25T12:52:00-04:00	9.22	9.225	9.21	9.225	3797	yfinance_1m
2026-08-25T12:53:00-04:00	9.225	9.23	9.21	9.225	5421	yfinance_1m
2026-08-25T12:54:00-04:00	9.21	9.21	9.19	9.195	10432	yfinance_1m
2026-08-25T12:55:00-04:00	9.195	9.2106	9.195	9.2106	2848	yfinance_1m
2026-08-25T12:56:00-04:00	9.21	9.227472	9.21	9.227472	2140	yfinance_1m
2026-08-25T12:57:00-04:00	9.225	9.225	9.225	9.225	262	yfinance_1m
2026-08-25T12:58:00-04:00	9.225	9.225	9.21	9.21	9800	yfinance_1m
2026-08-25T12:59:00-04:00	9.21	9.21	9.2	9.21	6421	yfinance_1m
2026-08-25T13:00:00-04:00	9.2	9.205	9.2	9.205	1493	yfinance_1m
2026-08-25T13:01:00-04:00	9.205	9.21	9.205	9.205	1999	yfinance_1m
2026-08-25T13:02:00-04:00	9.205	9.21	9.2	9.2	1553	yfinance_1m
2026-08-25T13:03:00-04:00	9.2	9.2	9.195	9.2	3882	yfinance_1m
2026-08-25T13:04:00-04:00	9.2	9.2009	9.19	9.2	2773	yfinance_1m
2026-08-25T13:05:00-04:00	9.2	9.22	9.2	9.21	3844	yfinance_1m
2026-08-25T13:06:00-04:00	9.21	9.24	9.21	9.23	3728	yfinance_1m
2026-08-25T13:07:00-04:00	9.23	9.255	9.23	9.24	3644	yfinance_1m
2026-08-25T13:08:00-04:00	9.255	9.27	9.255	9.255	1161	yfinance_1m
2026-08-25T13:09:00-04:00	9.2662	9.2705	9.255	9.2705	1768	yfinance_1m
2026-08-25T13:10:00-04:00	9.27	9.28	9.26	9.26	2270	yfinance_1m
2026-08-25T13:11:00-04:00	9.27	9.28	9.27	9.28	2234	yfinance_1m
2026-08-25T13:12:00-04:00	9.27	9.33	9.26	9.3	13067	yfinance_1m
2026-08-25T13:13:00-04:00	9.31	9.32	9.3	9.315	5037	yfinance_1m
2026-08-25T13:14:00-04:00	9.3	9.3225	9.3	9.3225	787	yfinance_1m
2026-08-25T13:15:00-04:00	9.3	9.32	9.29	9.29	5396	yfinance_1m
2026-08-25T13:16:00-04:00	9.3	9.32	9.3	9.31	2586	yfinance_1m
2026-08-25T13:17:00-04:00	9.32	9.33	9.32	9.33	1918	yfinance_1m
2026-08-25T13:18:00-04:00	9.33	9.33	9.31	9.325	3719	yfinance_1m
2026-08-25T13:19:00-04:00	9.3251	9.3251	9.325	9.325	1952	yfinance_1m
2026-08-25T13:20:00-04:00	9.31	9.32	9.31	9.31	3136	yfinance_1m
2026-08-25T13:21:00-04:00	9.315	9.32	9.3	9.3	6286	yfinance_1m
2026-08-25T13:22:00-04:00	9.31	9.31	9.31	9.31	748	yfinance_1m
2026-08-25T13:23:00-04:00	9.31	9.31	9.3	9.301	2225	yfinance_1m
2026-08-25T13:24:00-04:00	9.3	9.3	9.28	9.2867	7765	yfinance_1m
2026-08-25T13:26:00-04:00	9.285	9.285	9.27	9.28	2972	yfinance_1m
2026-08-25T13:27:00-04:00	9.27	9.275	9.26	9.275	2363	yfinance_1m
2026-08-25T13:28:00-04:00	9.2899	9.29	9.275	9.28	1384	yfinance_1m
2026-08-25T13:29:00-04:00	9.28	9.28	9.27	9.28	1151	yfinance_1m
2026-08-25T13:30:00-04:00	9.27	9.28	9.26	9.26	5663	yfinance_1m
2026-08-25T13:31:00-04:00	9.26	9.27	9.26	9.265	2432	yfinance_1m
2026-08-25T13:32:00-04:00	9.26	9.2601	9.255	9.255	2368	yfinance_1m
2026-08-25T13:33:00-04:00	9.255	9.255	9.255	9.255	1911	yfinance_1m
2026-08-25T13:34:00-04:00	9.26	9.27	9.26	9.26	4306	yfinance_1m
2026-08-25T13:35:00-04:00	9.27	9.27	9.26	9.26	1860	yfinance_1m
2026-08-25T13:36:00-04:00	9.26	9.27	9.26	9.265	4002	yfinance_1m
2026-08-25T13:37:00-04:00	9.265	9.265	9.265	9.265	468	yfinance_1m
2026-08-25T13:38:00-04:00	9.265	9.275	9.25	9.27	5266	yfinance_1m
2026-08-25T13:39:00-04:00	9.275	9.28	9.275	9.28	366	yfinance_1m
2026-08-25T13:40:00-04:00	9.28	9.29	9.28	9.285	2530	yfinance_1m
2026-08-25T13:41:00-04:00	9.29	9.33	9.28	9.285	20459	yfinance_1m
2026-08-25T13:42:00-04:00	9.285	9.285	9.27	9.27	2326	yfinance_1m
2026-08-25T13:43:00-04:00	9.28	9.28	9.27	9.27	4105	yfinance_1m
2026-08-25T13:44:00-04:00	9.28	9.28	9.27	9.27	3226	yfinance_1m
2026-08-25T13:45:00-04:00	9.26	9.27	9.26	9.27	3309	yfinance_1m
2026-08-25T13:46:00-04:00	9.26	9.27	9.26	9.27	2093	yfinance_1m
2026-08-25T13:47:00-04:00	9.28	9.3	9.27	9.29	10974	yfinance_1m
2026-08-25T13:48:00-04:00	9.3	9.3	9.27	9.29	10800	yfinance_1m
2026-08-25T13:49:00-04:00	9.29	9.295	9.28	9.28	1609	yfinance_1m
2026-08-25T13:50:00-04:00	9.275	9.275	9.26	9.26	3823	yfinance_1m
2026-08-25T13:51:00-04:00	9.27	9.28	9.265	9.28	1427	yfinance_1m
2026-08-25T13:52:00-04:00	9.28	9.28	9.265	9.275	3203	yfinance_1m
2026-08-25T13:53:00-04:00	9.275	9.275	9.275	9.275	1245	yfinance_1m
2026-08-25T13:54:00-04:00	9.275	9.275	9.27	9.275	1192	yfinance_1m
2026-08-25T13:55:00-04:00	9.265	9.265	9.255	9.26	8762	yfinance_1m
2026-08-25T13:56:00-04:00	9.26	9.27	9.26	9.27	1268	yfinance_1m
2026-08-25T13:57:00-04:00	9.275	9.28	9.275	9.28	2407	yfinance_1m
2026-08-25T13:58:00-04:00	9.29	9.29	9.28	9.285	4153	yfinance_1m
2026-08-25T13:59:00-04:00	9.28	9.285	9.27	9.28	5943	yfinance_1m
2026-08-25T14:00:00-04:00	9.28	9.29	9.275	9.28	1715	yfinance_1m
2026-08-25T14:01:00-04:00	9.28	9.285	9.27	9.27	3767	yfinance_1m
2026-08-25T14:02:00-04:00	9.27	9.27	9.26	9.27	2925	yfinance_1m
2026-08-25T14:03:00-04:00	9.27	9.27	9.26	9.27	1783	yfinance_1m
2026-08-25T14:04:00-04:00	9.27	9.2758	9.26	9.26	7449	yfinance_1m
2026-08-25T14:05:00-04:00	9.28	9.285	9.26	9.28	6284	yfinance_1m
2026-08-25T14:06:00-04:00	9.285	9.285	9.26	9.26	10070	yfinance_1m
2026-08-25T14:07:00-04:00	9.26	9.26	9.25	9.255	4391	yfinance_1m
2026-08-25T14:08:00-04:00	9.255	9.255	9.255	9.255	510	yfinance_1m
2026-08-25T14:09:00-04:00	9.26	9.26	9.255	9.26	3622	yfinance_1m
2026-08-25T14:10:00-04:00	9.26	9.27	9.25	9.26	7348	yfinance_1m
2026-08-25T14:11:00-04:00	9.255	9.255	9.25	9.25	3320	yfinance_1m
2026-08-25T14:12:00-04:00	9.25	9.26	9.25	9.26	3804	yfinance_1m
2026-08-25T14:13:00-04:00	9.255	9.255	9.25	9.25	934	yfinance_1m
2026-08-25T14:14:00-04:00	9.26	9.26	9.26	9.26	1339	yfinance_1m
2026-08-25T14:15:00-04:00	9.25	9.27	9.25	9.27	3395	yfinance_1m
2026-08-25T14:16:00-04:00	9.27	9.27	9.2599	9.26	1996	yfinance_1m
2026-08-25T14:17:00-04:00	9.27	9.27	9.26	9.26	876	yfinance_1m
2026-08-25T14:18:00-04:00	9.26	9.2859	9.26	9.27	7697	yfinance_1m
2026-08-25T14:19:00-04:00	9.28	9.29	9.28	9.29	851	yfinance_1m
2026-08-25T14:20:00-04:00	9.29	9.29	9.28	9.28	5844	yfinance_1m
2026-08-25T14:21:00-04:00	9.29	9.29	9.28	9.28	1035	yfinance_1m
2026-08-25T14:22:00-04:00	9.28	9.29	9.275	9.275	4389	yfinance_1m
2026-08-25T14:23:00-04:00	9.28	9.28	9.27	9.28	4816	yfinance_1m
2026-08-25T14:24:00-04:00	9.2749	9.29	9.27	9.28	8482	yfinance_1m
2026-08-25T14:25:00-04:00	9.27	9.27	9.25	9.2692	7805	yfinance_1m
2026-08-25T14:26:00-04:00	9.25	9.25	9.21	9.215	17613	yfinance_1m
2026-08-25T14:27:00-04:00	9.215	9.215	9.215	9.215	1023	yfinance_1m
2026-08-25T14:28:00-04:00	9.215	9.215	9.215	9.215	721	yfinance_1m
2026-08-25T14:29:00-04:00	9.229	9.27	9.229	9.27	40975	yfinance_1m
2026-08-25T14:30:00-04:00	9.25	9.255	9.24	9.255	3405	yfinance_1m
2026-08-25T14:31:00-04:00	9.25	9.25	9.25	9.25	1040	yfinance_1m
2026-08-25T14:32:00-04:00	9.24	9.24	9.24	9.24	632	yfinance_1m
2026-08-25T14:33:00-04:00	9.245	9.2502	9.24	9.24	2010	yfinance_1m
2026-08-25T14:34:00-04:00	9.24	9.245	9.24	9.245	4213	yfinance_1m
2026-08-25T14:35:00-04:00	9.25	9.25	9.24	9.25	1796	yfinance_1m
2026-08-25T14:36:00-04:00	9.24	9.24	9.23	9.24	6493	yfinance_1m
2026-08-25T14:37:00-04:00	9.24	9.24	9.24	9.24	1138	yfinance_1m
2026-08-25T14:38:00-04:00	9.24	9.24	9.23	9.23	3461	yfinance_1m
2026-08-25T14:39:00-04:00	9.22	9.24	9.22	9.23	1998	yfinance_1m
2026-08-25T14:40:00-04:00	9.24	9.2402	9.23	9.23	4118	yfinance_1m
2026-08-25T14:41:00-04:00	9.22	9.225	9.22	9.225	1932	yfinance_1m
2026-08-25T14:42:00-04:00	9.22	9.22	9.22	9.22	1811	yfinance_1m
2026-08-25T14:43:00-04:00	9.25	9.25	9.25	9.25	592	yfinance_1m
2026-08-25T14:44:00-04:00	9.22	9.23	9.21	9.22	3609	yfinance_1m
2026-08-25T14:45:00-04:00	9.24	9.25	9.24	9.24	3414	yfinance_1m
2026-08-25T14:46:00-04:00	9.25	9.255	9.25	9.25	3477	yfinance_1m
2026-08-25T14:47:00-04:00	9.255	9.265	9.25	9.26	5451	yfinance_1m
2026-08-25T14:48:00-04:00	9.26	9.28	9.25	9.27	13070	yfinance_1m
2026-08-25T14:49:00-04:00	9.285	9.285	9.27	9.27	4083	yfinance_1m
2026-08-25T14:50:00-04:00	9.275	9.275	9.27	9.27	2754	yfinance_1m
2026-08-25T14:51:00-04:00	9.27	9.27	9.27	9.27	1281	yfinance_1m
2026-08-25T14:52:00-04:00	9.27	9.275	9.265	9.275	5270	yfinance_1m
2026-08-25T14:53:00-04:00	9.27	9.27	9.21	9.21	8414	yfinance_1m
2026-08-25T14:54:00-04:00	9.215	9.22	9.215	9.215	2876	yfinance_1m
2026-08-25T14:55:00-04:00	9.215	9.235	9.2	9.235	4258	yfinance_1m
2026-08-25T14:56:00-04:00	9.235	9.24	9.23	9.24	2604	yfinance_1m
2026-08-25T14:57:00-04:00	9.24	9.25	9.24	9.25	4760	yfinance_1m
2026-08-25T14:58:00-04:00	9.24	9.27	9.24	9.27	3131	yfinance_1m
2026-08-25T14:59:00-04:00	9.26	9.27	9.26	9.26	3751	yfinance_1m
2026-08-25T15:00:00-04:00	9.26	9.26	9.24	9.25	3118	yfinance_1m
2026-08-25T15:01:00-04:00	9.24	9.25	9.24	9.25	4624	yfinance_1m
2026-08-25T15:02:00-04:00	9.2469	9.26	9.2469	9.26	581	yfinance_1m
2026-08-25T15:03:00-04:00	9.24	9.24	9.23	9.23	3458	yfinance_1m
2026-08-25T15:04:00-04:00	9.23	9.24	9.23	9.23	1833	yfinance_1m
2026-08-25T15:05:00-04:00	9.24	9.25	9.24	9.25	3901	yfinance_1m
2026-08-25T15:06:00-04:00	9.25	9.26	9.24	9.25	5160	yfinance_1m
2026-08-25T15:07:00-04:00	9.25	9.26	9.2497	9.26	2735	yfinance_1m
2026-08-25T15:08:00-04:00	9.25	9.26	9.25	9.26	1414	yfinance_1m
2026-08-25T15:09:00-04:00	9.25	9.27	9.25	9.26	3028	yfinance_1m
2026-08-25T15:10:00-04:00	9.265	9.27	9.26	9.26	5766	yfinance_1m
2026-08-25T15:11:00-04:00	9.265	9.27	9.265	9.27	5129	yfinance_1m
2026-08-25T15:12:00-04:00	9.265	9.27	9.26	9.265	2559	yfinance_1m
2026-08-25T15:13:00-04:00	9.265	9.265	9.26	9.265	1434	yfinance_1m
2026-08-25T15:14:00-04:00	9.265	9.265	9.25	9.26	4000	yfinance_1m
2026-08-25T15:15:00-04:00	9.255	9.26	9.24	9.24	5516	yfinance_1m
2026-08-25T15:16:00-04:00	9.245	9.25	9.23	9.235	5556	yfinance_1m
2026-08-25T15:17:00-04:00	9.23	9.23	9.225	9.23	4405	yfinance_1m
2026-08-25T15:18:00-04:00	9.22	9.25	9.215	9.25	5412	yfinance_1m
2026-08-25T15:19:00-04:00	9.24	9.24	9.2383	9.24	2726	yfinance_1m
2026-08-25T15:20:00-04:00	9.25	9.25	9.23	9.23	3144	yfinance_1m
2026-08-25T15:21:00-04:00	9.23	9.23	9.22	9.23	6923	yfinance_1m
2026-08-25T15:22:00-04:00	9.23	9.24	9.23	9.23	4856	yfinance_1m
2026-08-25T15:23:00-04:00	9.24	9.25	9.24	9.25	1748	yfinance_1m
2026-08-25T15:24:00-04:00	9.25	9.27	9.25	9.27	2917	yfinance_1m
2026-08-25T15:25:00-04:00	9.26	9.27	9.255	9.26	2691	yfinance_1m
2026-08-25T15:26:00-04:00	9.26	9.27	9.26	9.27	3502	yfinance_1m
2026-08-25T15:27:00-04:00	9.26	9.26	9.25	9.25	3184	yfinance_1m
2026-08-25T15:28:00-04:00	9.25	9.26	9.25	9.26	6018	yfinance_1m
2026-08-25T15:29:00-04:00	9.26	9.27	9.25	9.27	3142	yfinance_1m
2026-08-25T15:30:00-04:00	9.26	9.28	9.26	9.27	5672	yfinance_1m
2026-08-25T15:31:00-04:00	9.27	9.285	9.27	9.27	10451	yfinance_1m
2026-08-25T15:32:00-04:00	9.27	9.27	9.265	9.27	4313	yfinance_1m
2026-08-25T15:33:00-04:00	9.27	9.28	9.26	9.28	7212	yfinance_1m
2026-08-25T15:34:00-04:00	9.2899	9.295	9.28	9.295	6010	yfinance_1m
2026-08-25T15:35:00-04:00	9.295	9.32	9.295	9.32	17060	yfinance_1m
2026-08-25T15:36:00-04:00	9.32	9.33	9.32	9.33	2656	yfinance_1m
2026-08-25T15:37:00-04:00	9.325	9.325	9.315	9.315	4972	yfinance_1m
2026-08-25T15:38:00-04:00	9.32	9.32	9.295	9.295	9774	yfinance_1m
2026-08-25T15:39:00-04:00	9.29	9.29	9.28	9.28	7085	yfinance_1m
2026-08-25T15:40:00-04:00	9.28	9.3	9.28	9.3	11981	yfinance_1m
2026-08-25T15:41:00-04:00	9.3	9.31	9.3	9.31	3693	yfinance_1m
2026-08-25T15:42:00-04:00	9.31	9.33	9.3	9.325	15643	yfinance_1m
2026-08-25T15:43:00-04:00	9.325	9.33	9.325	9.33	3697	yfinance_1m
2026-08-25T15:44:00-04:00	9.33	9.33	9.325	9.33	1804	yfinance_1m
2026-08-25T15:45:00-04:00	9.33	9.335	9.31	9.32	15001	yfinance_1m
2026-08-25T15:46:00-04:00	9.315	9.325	9.315	9.325	9030	yfinance_1m
2026-08-25T15:47:00-04:00	9.325	9.33	9.3223	9.325	5874	yfinance_1m
2026-08-25T15:48:00-04:00	9.325	9.33	9.32	9.325	9558	yfinance_1m
2026-08-25T15:49:00-04:00	9.325	9.325	9.32	9.32	5972	yfinance_1m
2026-08-25T15:50:00-04:00	9.31	9.32	9.3	9.32	17027	yfinance_1m
2026-08-25T15:51:00-04:00	9.32	9.32	9.29	9.305	14317	yfinance_1m
2026-08-25T15:52:00-04:00	9.305	9.33	9.3	9.33	21692	yfinance_1m
2026-08-25T15:53:00-04:00	9.33	9.365	9.33	9.355	13836	yfinance_1m
2026-08-25T15:54:00-04:00	9.355	9.375	9.3506	9.37	25044	yfinance_1m
2026-08-25T15:55:00-04:00	9.365	9.37	9.335	9.345	28251	yfinance_1m
2026-08-25T15:56:00-04:00	9.345	9.365	9.31	9.32	40006	yfinance_1m
2026-08-25T15:57:00-04:00	9.3199	9.345	9.3	9.345	41250	yfinance_1m
2026-08-25T15:58:00-04:00	9.345	9.36	9.34	9.35	32553	yfinance_1m
2026-08-25T15:59:00-04:00	9.345	9.345	9.3	9.31	80553	yfinance_1m
2026-08-26T09:30:00-04:00	9.2	9.235	9.16	9.235	56897	yfinance_1m
2026-08-26T09:31:00-04:00	9.255	9.38	9.25	9.38	8011	yfinance_1m
2026-08-26T09:32:00-04:00	9.359	9.44	9.35	9.44	3387	yfinance_1m
2026-08-26T09:33:00-04:00	9.395	9.45	9.395	9.45	3350	yfinance_1m
2026-08-26T09:34:00-04:00	9.47	9.49	9.405	9.405	12244	yfinance_1m
2026-08-26T09:35:00-04:00	9.3951	9.4307	9.3618	9.415	4725	yfinance_1m
2026-08-26T09:36:00-04:00	9.414	9.414	9.3473	9.3473	2175	yfinance_1m
2026-08-26T09:37:00-04:00	9.375	9.4099	9.37	9.3777	1824	yfinance_1m
2026-08-26T09:38:00-04:00	9.4	9.5461	9.4	9.505	21299	yfinance_1m
2026-08-26T09:39:00-04:00	9.505	9.51	9.4376	9.4376	2509	yfinance_1m
2026-08-26T09:40:00-04:00	9.4899	9.4899	9.37	9.4	7405	yfinance_1m
2026-08-26T09:41:00-04:00	9.36	9.4	9.36	9.375	1778	yfinance_1m
2026-08-26T09:42:00-04:00	9.36	9.374	9.33	9.35	2164	yfinance_1m
2026-08-26T09:43:00-04:00	9.345	9.4	9.344	9.39	1526	yfinance_1m
2026-08-26T09:44:00-04:00	9.41	9.41	9.38	9.38	1447	yfinance_1m
2026-08-26T09:45:00-04:00	9.394	9.41	9.28	9.3	86090	yfinance_1m
2026-08-26T09:46:00-04:00	9.295	9.32	9.29	9.31	2706	yfinance_1m
2026-08-26T09:47:00-04:00	9.315	9.315	9.299	9.305	651	yfinance_1m
2026-08-26T09:48:00-04:00	9.3	9.3055	9.25	9.3055	12376	yfinance_1m
2026-08-26T09:49:00-04:00	9.2701	9.328	9.2701	9.29	1514	yfinance_1m
2026-08-26T09:50:00-04:00	9.3	9.32	9.28	9.289	3413	yfinance_1m
2026-08-26T09:51:00-04:00	9.31	9.36	9.3	9.36	2921	yfinance_1m
2026-08-26T09:52:00-04:00	9.36	9.38	9.35	9.35	3750	yfinance_1m
2026-08-26T09:53:00-04:00	9.345	9.385	9.34	9.385	22122	yfinance_1m
2026-08-26T09:54:00-04:00	9.385	9.41	9.379	9.4	1921	yfinance_1m
2026-08-26T09:55:00-04:00	9.4	9.42	9.4	9.42	6710	yfinance_1m
2026-08-26T09:56:00-04:00	9.42	9.42	9.41	9.41	916	yfinance_1m
2026-08-26T09:57:00-04:00	9.42	9.43	9.42	9.43	1618	yfinance_1m
2026-08-26T09:58:00-04:00	9.43	9.43	9.29	9.32	23304	yfinance_1m
2026-08-26T09:59:00-04:00	9.32	9.32	9.32	9.32	432	yfinance_1m
2026-08-26T10:00:00-04:00	9.33	9.33	9.33	9.33	915	yfinance_1m
2026-08-26T10:01:00-04:00	9.31	9.37	9.3	9.365	5789	yfinance_1m
2026-08-26T10:02:00-04:00	9.39	9.39	9.39	9.39	888	yfinance_1m
2026-08-26T10:03:00-04:00	9.385	9.385	9.37	9.37	1209	yfinance_1m
2026-08-26T10:04:00-04:00	9.35	9.39	9.34	9.39	10854	yfinance_1m
2026-08-26T10:05:00-04:00	9.39	9.44	9.38	9.43	13669	yfinance_1m
2026-08-26T10:06:00-04:00	9.4499	9.4499	9.405	9.41	6456	yfinance_1m
2026-08-26T10:07:00-04:00	9.41	9.41	9.405	9.405	1615	yfinance_1m
2026-08-26T10:08:00-04:00	9.42	9.42	9.405	9.405	2215	yfinance_1m
2026-08-26T10:09:00-04:00	9.39	9.39	9.36	9.36	2998	yfinance_1m
2026-08-26T10:10:00-04:00	9.33	9.34	9.33	9.33	3826	yfinance_1m
2026-08-26T10:11:00-04:00	9.35	9.37	9.35	9.37	2073	yfinance_1m
2026-08-26T10:12:00-04:00	9.37	9.375	9.34	9.35	19783	yfinance_1m
2026-08-26T10:13:00-04:00	9.33	9.34	9.28	9.34	2746	yfinance_1m
2026-08-26T10:14:00-04:00	9.31	9.31	9.3	9.31	3517	yfinance_1m
2026-08-26T10:15:00-04:00	9.3	9.3	9.2504	9.27	4144	yfinance_1m
2026-08-26T10:16:00-04:00	9.29	9.295	9.26	9.295	8624	yfinance_1m
2026-08-26T10:17:00-04:00	9.2801	9.295	9.27	9.275	3711	yfinance_1m
2026-08-26T10:19:00-04:00	9.27	9.29	9.26	9.26	6169	yfinance_1m
2026-08-26T10:20:00-04:00	9.26	9.28	9.235	9.235	9296	yfinance_1m
2026-08-26T10:21:00-04:00	9.23	9.23	9.22	9.22	3302	yfinance_1m
2026-08-26T10:22:00-04:00	9.21	9.215	9.19	9.19	8439	yfinance_1m
2026-08-26T10:23:00-04:00	9.2	9.2	9.18	9.19	5430	yfinance_1m
2026-08-26T10:24:00-04:00	9.18	9.19	9.169	9.19	4881	yfinance_1m
2026-08-26T10:26:00-04:00	9.17	9.18	9.16	9.18	5348	yfinance_1m
2026-08-26T10:27:00-04:00	9.18	9.19	9.17	9.18	2570	yfinance_1m
2026-08-26T10:28:00-04:00	9.18	9.18	9.17	9.17	2224	yfinance_1m
2026-08-26T10:29:00-04:00	9.1799	9.18	9.16	9.165	6110	yfinance_1m
2026-08-26T10:30:00-04:00	9.15	9.17	9.145	9.16	11356	yfinance_1m
2026-08-26T10:31:00-04:00	9.14	9.14	9.1204	9.14	9874	yfinance_1m
2026-08-26T10:32:00-04:00	9.15	9.1699	9.15	9.1699	3688	yfinance_1m
2026-08-26T10:33:00-04:00	9.16	9.16	9.13	9.14	4009	yfinance_1m
2026-08-26T10:34:00-04:00	9.155	9.1599	9.155	9.1599	325	yfinance_1m
2026-08-26T10:35:00-04:00	9.15	9.15	9.13	9.145	3730	yfinance_1m
2026-08-26T10:36:00-04:00	9.145	9.16	9.13	9.16	3556	yfinance_1m
2026-08-26T10:37:00-04:00	9.17	9.19	9.165	9.18	3683	yfinance_1m
2026-08-26T10:38:00-04:00	9.185	9.185	9.17	9.18	2361	yfinance_1m
2026-08-26T10:39:00-04:00	9.17	9.17	9.16	9.16	3974	yfinance_1m
2026-08-26T10:40:00-04:00	9.16	9.16	9.1584	9.16	3370	yfinance_1m
2026-08-26T10:41:00-04:00	9.15	9.15	9.13	9.14	2480	yfinance_1m
2026-08-26T10:42:00-04:00	9.1301	9.1372	9.11	9.13	8383	yfinance_1m
2026-08-26T10:43:00-04:00	9.12	9.12	9.09	9.12	6809	yfinance_1m
2026-08-26T10:44:00-04:00	9.12	9.1201	9.1	9.1001	2851	yfinance_1m
2026-08-26T10:45:00-04:00	9.11	9.12	9.1	9.11	4422	yfinance_1m
2026-08-26T10:46:00-04:00	9.1	9.13	9.1	9.12	2793	yfinance_1m
2026-08-26T10:47:00-04:00	9.115	9.15	9.115	9.145	6128	yfinance_1m
2026-08-26T10:48:00-04:00	9.17	9.17	9.15	9.16	1224	yfinance_1m
2026-08-26T10:49:00-04:00	9.14	9.14	9.14	9.14	846	yfinance_1m
2026-08-26T10:50:00-04:00	9.14	9.145	9.14	9.145	1356	yfinance_1m
2026-08-26T10:51:00-04:00	9.145	9.145	9.145	9.145	490	yfinance_1m
2026-08-26T10:52:00-04:00	9.145	9.15	9.145	9.15	675	yfinance_1m
2026-08-26T10:53:00-04:00	9.1599	9.16	9.15	9.15	1836	yfinance_1m
2026-08-26T10:54:00-04:00	9.155	9.1555	9.14	9.14	3182	yfinance_1m
2026-08-26T10:55:00-04:00	9.145	9.15	9.145	9.15	2755	yfinance_1m
2026-08-26T10:56:00-04:00	9.17	9.19	9.17	9.185	4287	yfinance_1m
2026-08-26T10:57:00-04:00	9.185	9.185	9.185	9.185	1367	yfinance_1m
2026-08-26T10:58:00-04:00	9.18	9.1972	9.17	9.17	6867	yfinance_1m
2026-08-26T10:59:00-04:00	9.18	9.19	9.18	9.185	2877	yfinance_1m
2026-08-26T11:00:00-04:00	9.18	9.185	9.18	9.185	1391	yfinance_1m
2026-08-26T11:01:00-04:00	9.17	9.185	9.17	9.185	861	yfinance_1m
2026-08-26T11:02:00-04:00	9.17	9.18	9.16	9.16	2440	yfinance_1m
2026-08-26T11:03:00-04:00	9.17	9.17	9.15	9.16	3010	yfinance_1m
2026-08-26T11:04:00-04:00	9.17	9.18	9.17	9.18	3483	yfinance_1m
2026-08-26T11:05:00-04:00	9.17	9.175	9.17	9.175	1591	yfinance_1m
2026-08-26T11:06:00-04:00	9.18	9.18	9.17	9.18	8963	yfinance_1m
2026-08-26T11:07:00-04:00	9.19	9.2	9.19	9.2	2947	yfinance_1m
2026-08-26T11:08:00-04:00	9.2	9.2071	9.19	9.2071	2802	yfinance_1m
2026-08-26T11:09:00-04:00	9.19	9.2	9.19	9.2	1642	yfinance_1m
2026-08-26T11:10:00-04:00	9.18	9.19	9.18	9.19	5503	yfinance_1m
2026-08-26T11:11:00-04:00	9.19	9.19	9.18	9.18	994	yfinance_1m
2026-08-26T11:12:00-04:00	9.18	9.18	9.17	9.17	3449	yfinance_1m
2026-08-26T11:13:00-04:00	9.17	9.17	9.16	9.16	2072	yfinance_1m
2026-08-26T11:14:00-04:00	9.15	9.155	9.14	9.14	2245	yfinance_1m
2026-08-26T11:15:00-04:00	9.14	9.15	9.14	9.14	4707	yfinance_1m
2026-08-26T11:16:00-04:00	9.15	9.15	9.15	9.15	2948	yfinance_1m
2026-08-26T11:17:00-04:00	9.15	9.16	9.15	9.16	2889	yfinance_1m
2026-08-26T11:18:00-04:00	9.16	9.16	9.15	9.155	3833	yfinance_1m
2026-08-26T11:19:00-04:00	9.15	9.17	9.15	9.17	4830	yfinance_1m
2026-08-26T11:20:00-04:00	9.16	9.165	9.16	9.165	1342	yfinance_1m
2026-08-26T11:21:00-04:00	9.165	9.18	9.165	9.165	2822	yfinance_1m
2026-08-26T11:22:00-04:00	9.17	9.18	9.1538	9.17	3658	yfinance_1m
2026-08-26T11:23:00-04:00	9.17	9.2	9.17	9.2	3236	yfinance_1m
2026-08-26T11:24:00-04:00	9.205	9.21	9.2001	9.2001	1249	yfinance_1m
2026-08-26T11:25:00-04:00	9.2	9.23	9.2	9.23	13862	yfinance_1m
2026-08-26T11:26:00-04:00	9.22	9.24	9.22	9.23	3434	yfinance_1m
2026-08-26T11:27:00-04:00	9.23	9.27	9.215	9.27	7544	yfinance_1m
2026-08-26T11:28:00-04:00	9.275	9.275	9.2501	9.2501	1734	yfinance_1m
2026-08-26T11:29:00-04:00	9.265	9.28	9.26	9.26	3267	yfinance_1m
2026-08-26T11:30:00-04:00	9.265	9.28	9.25	9.26	2562	yfinance_1m
2026-08-26T11:31:00-04:00	9.25	9.25	9.2301	9.2474	1497	yfinance_1m
2026-08-26T11:32:00-04:00	9.235	9.25	9.22	9.23	3525	yfinance_1m
2026-08-26T11:33:00-04:00	9.23	9.24	9.23	9.235	1188	yfinance_1m
2026-08-26T11:34:00-04:00	9.235	9.25	9.235	9.24	1865	yfinance_1m
2026-08-26T11:35:00-04:00	9.24	9.2437	9.235	9.2437	7467	yfinance_1m
2026-08-26T11:36:00-04:00	9.24	9.245	9.21	9.22	3668	yfinance_1m
2026-08-26T11:37:00-04:00	9.22	9.23	9.21	9.23	5535	yfinance_1m
2026-08-26T11:38:00-04:00	9.215	9.23	9.215	9.22	5317	yfinance_1m
2026-08-26T11:39:00-04:00	9.21	9.22	9.21	9.22	1503	yfinance_1m
2026-08-26T11:40:00-04:00	9.22	9.23	9.2117	9.2117	3129	yfinance_1m
2026-08-26T11:41:00-04:00	9.22	9.22	9.215	9.22	1617	yfinance_1m
2026-08-26T11:42:00-04:00	9.22	9.24	9.22	9.24	2899	yfinance_1m
2026-08-26T11:43:00-04:00	9.24	9.24	9.235	9.235	1083	yfinance_1m
2026-08-26T11:44:00-04:00	9.235	9.235	9.22	9.22	2840	yfinance_1m
2026-08-26T11:45:00-04:00	9.21	9.225	9.21	9.22	987	yfinance_1m
2026-08-26T11:46:00-04:00	9.22	9.245	9.21	9.245	4612	yfinance_1m
2026-08-26T11:47:00-04:00	9.245	9.25	9.24	9.25	3620	yfinance_1m
2026-08-26T11:48:00-04:00	9.25	9.26	9.25	9.26	1799	yfinance_1m
2026-08-26T11:49:00-04:00	9.27	9.28	9.26	9.26	3978	yfinance_1m
2026-08-26T11:50:00-04:00	9.2551	9.27	9.242	9.27	1898	yfinance_1m
2026-08-26T11:51:00-04:00	9.25	9.26	9.25	9.26	1464	yfinance_1m
2026-08-26T11:52:00-04:00	9.26	9.265	9.26	9.265	2016	yfinance_1m
2026-08-26T11:53:00-04:00	9.27	9.275	9.27	9.275	3920	yfinance_1m
2026-08-26T11:54:00-04:00	9.28	9.295	9.275	9.275	5620	yfinance_1m
2026-08-26T11:55:00-04:00	9.27	9.285	9.265	9.265	4359	yfinance_1m
2026-08-26T11:56:00-04:00	9.27	9.27	9.27	9.27	801	yfinance_1m
2026-08-26T11:57:00-04:00	9.27	9.27	9.265	9.265	1165	yfinance_1m
2026-08-26T11:58:00-04:00	9.265	9.27	9.26	9.27	3789	yfinance_1m
2026-08-26T11:59:00-04:00	9.28	9.28	9.26	9.27	5642	yfinance_1m
2026-08-26T12:00:00-04:00	9.26	9.26	9.24	9.245	4645	yfinance_1m
2026-08-26T12:01:00-04:00	9.245	9.245	9.24	9.24	869	yfinance_1m
2026-08-26T12:02:00-04:00	9.25	9.25	9.25	9.25	1368	yfinance_1m
2026-08-26T12:03:00-04:00	9.25	9.28	9.25	9.28	3217	yfinance_1m
2026-08-26T12:04:00-04:00	9.28	9.28	9.275	9.275	1639	yfinance_1m
2026-08-26T12:05:00-04:00	9.275	9.28	9.25	9.25	7699	yfinance_1m
2026-08-26T12:06:00-04:00	9.26	9.27	9.26	9.27	1946	yfinance_1m
2026-08-26T12:07:00-04:00	9.27	9.27	9.27	9.27	1413	yfinance_1m
2026-08-26T12:08:00-04:00	9.27	9.27	9.25	9.26	2635	yfinance_1m
2026-08-26T12:09:00-04:00	9.25	9.25	9.24	9.25	2532	yfinance_1m
2026-08-26T12:10:00-04:00	9.25	9.25	9.249	9.25	8195	yfinance_1m
2026-08-26T12:11:00-04:00	9.255	9.28	9.25	9.28	6003	yfinance_1m
2026-08-26T12:12:00-04:00	9.275	9.275	9.275	9.275	470	yfinance_1m
2026-08-26T12:13:00-04:00	9.27	9.27	9.245	9.245	10378	yfinance_1m
2026-08-26T12:14:00-04:00	9.24	9.24	9.2301	9.24	2975	yfinance_1m
2026-08-26T12:15:00-04:00	9.25	9.255	9.25	9.25	1749	yfinance_1m
2026-08-26T12:16:00-04:00	9.25	9.26	9.25	9.25	1163	yfinance_1m
2026-08-26T12:17:00-04:00	9.25	9.25	9.25	9.25	1860	yfinance_1m
2026-08-26T12:18:00-04:00	9.26	9.26	9.26	9.26	1654	yfinance_1m
2026-08-26T12:19:00-04:00	9.26	9.26	9.25	9.26	920	yfinance_1m
2026-08-26T12:20:00-04:00	9.252	9.26	9.25	9.25	2055	yfinance_1m
2026-08-26T12:21:00-04:00	9.25	9.28	9.25	9.28	3327	yfinance_1m
2026-08-26T12:22:00-04:00	9.28	9.29	9.27	9.27	4566	yfinance_1m
2026-08-26T12:23:00-04:00	9.29	9.29	9.28	9.28	1943	yfinance_1m
2026-08-26T12:24:00-04:00	9.29	9.29	9.27	9.27	3170	yfinance_1m
2026-08-26T12:25:00-04:00	9.27	9.28	9.27	9.28	1502	yfinance_1m
2026-08-26T12:26:00-04:00	9.28	9.29	9.28	9.29	1267	yfinance_1m
2026-08-26T12:27:00-04:00	9.29	9.3	9.28	9.295	4704	yfinance_1m
2026-08-26T12:28:00-04:00	9.295	9.3	9.28	9.3	2286	yfinance_1m
2026-08-26T12:29:00-04:00	9.29	9.3	9.29	9.3	2781	yfinance_1m
2026-08-26T12:30:00-04:00	9.3	9.3	9.3	9.3	403	yfinance_1m
2026-08-26T12:31:00-04:00	9.3	9.3	9.2817	9.29	3524	yfinance_1m
2026-08-26T12:32:00-04:00	9.3	9.3	9.3	9.3	1252	yfinance_1m
2026-08-26T12:33:00-04:00	9.3	9.3	9.29	9.3	1259	yfinance_1m
2026-08-26T12:34:00-04:00	9.31	9.32	9.3	9.305	2646	yfinance_1m
2026-08-26T12:35:00-04:00	9.31	9.318	9.3	9.31	2770	yfinance_1m
2026-08-26T12:36:00-04:00	9.32	9.32	9.3	9.3085	10283	yfinance_1m
2026-08-26T12:37:00-04:00	9.31	9.31	9.29	9.295	3557	yfinance_1m
2026-08-26T12:38:00-04:00	9.295	9.31	9.295	9.31	492	yfinance_1m
2026-08-26T12:39:00-04:00	9.295	9.295	9.28	9.295	1285	yfinance_1m
2026-08-26T12:40:00-04:00	9.29	9.29	9.29	9.29	606	yfinance_1m
2026-08-26T12:41:00-04:00	9.28	9.305	9.28	9.3	6973	yfinance_1m
2026-08-26T12:42:00-04:00	9.3	9.305	9.3	9.3	2266	yfinance_1m
2026-08-26T12:43:00-04:00	9.29	9.3	9.29	9.3	2378	yfinance_1m
2026-08-26T12:44:00-04:00	9.31	9.315	9.31	9.31	2366	yfinance_1m
2026-08-26T12:45:00-04:00	9.3	9.3	9.285	9.285	3672	yfinance_1m
2026-08-26T12:46:00-04:00	9.285	9.29	9.285	9.285	2197	yfinance_1m
2026-08-26T12:47:00-04:00	9.285	9.31	9.285	9.31	1900	yfinance_1m
2026-08-26T12:48:00-04:00	9.32	9.32	9.31	9.31	774	yfinance_1m
2026-08-26T12:49:00-04:00	9.32	9.32	9.31	9.31	1056	yfinance_1m
2026-08-26T12:50:00-04:00	9.31	9.31	9.31	9.31	950	yfinance_1m
2026-08-26T12:51:00-04:00	9.3	9.3	9.29	9.29	1961	yfinance_1m
2026-08-26T12:52:00-04:00	9.29	9.29	9.28	9.28	657	yfinance_1m
2026-08-26T12:53:00-04:00	9.29	9.29	9.29	9.29	110	yfinance_1m
2026-08-26T12:54:00-04:00	9.28	9.28	9.28	9.28	2235	yfinance_1m
2026-08-26T12:55:00-04:00	9.28	9.28	9.275	9.275	1153	yfinance_1m
2026-08-26T12:56:00-04:00	9.28	9.29	9.28	9.28	2008	yfinance_1m
2026-08-26T12:57:00-04:00	9.29	9.29	9.29	9.29	2458	yfinance_1m
2026-08-26T12:58:00-04:00	9.29	9.3	9.29	9.3	2798	yfinance_1m
2026-08-26T12:59:00-04:00	9.3	9.31	9.3	9.3	3111	yfinance_1m
2026-08-26T13:00:00-04:00	9.29	9.3	9.29	9.3	1746	yfinance_1m
2026-08-26T13:01:00-04:00	9.31	9.31	9.31	9.31	1336	yfinance_1m
2026-08-26T13:02:00-04:00	9.295	9.295	9.275	9.275	3745	yfinance_1m
2026-08-26T13:03:00-04:00	9.275	9.275	9.275	9.275	1306	yfinance_1m
2026-08-26T13:05:00-04:00	9.29	9.29	9.29	9.29	206	yfinance_1m
2026-08-26T13:06:00-04:00	9.29	9.31	9.29	9.31	5457	yfinance_1m
2026-08-26T13:07:00-04:00	9.3074	9.36	9.3074	9.34	9111	yfinance_1m
2026-08-26T13:08:00-04:00	9.325	9.34	9.32	9.33	863	yfinance_1m
2026-08-26T13:09:00-04:00	9.31	9.325	9.31	9.325	787	yfinance_1m
2026-08-26T13:10:00-04:00	9.325	9.325	9.325	9.325	391	yfinance_1m
2026-08-26T13:11:00-04:00	9.325	9.325	9.325	9.325	339	yfinance_1m
2026-08-26T13:12:00-04:00	9.325	9.325	9.325	9.325	564	yfinance_1m
2026-08-26T13:13:00-04:00	9.325	9.325	9.3	9.305	3181	yfinance_1m
2026-08-26T13:14:00-04:00	9.305	9.32	9.305	9.31	4475	yfinance_1m
2026-08-26T13:15:00-04:00	9.305	9.305	9.305	9.305	258	yfinance_1m
2026-08-26T13:16:00-04:00	9.305	9.32	9.305	9.32	2361	yfinance_1m
2026-08-26T13:17:00-04:00	9.33	9.33	9.32	9.325	990	yfinance_1m
2026-08-26T13:18:00-04:00	9.325	9.325	9.31	9.31	2232	yfinance_1m
2026-08-26T13:19:00-04:00	9.31	9.32	9.31	9.32	880	yfinance_1m
2026-08-26T13:20:00-04:00	9.33	9.33	9.32	9.32	635	yfinance_1m
2026-08-26T13:21:00-04:00	9.325	9.34	9.325	9.34	635	yfinance_1m
2026-08-26T13:22:00-04:00	9.33	9.33	9.32	9.33	1559	yfinance_1m
2026-08-26T13:23:00-04:00	9.31	9.34	9.31	9.335	5969	yfinance_1m
2026-08-26T13:24:00-04:00	9.33	9.33	9.33	9.33	762	yfinance_1m
2026-08-26T13:25:00-04:00	9.32	9.32	9.315	9.315	1678	yfinance_1m
2026-08-26T13:26:00-04:00	9.315	9.32	9.31	9.32	1463	yfinance_1m
2026-08-26T13:27:00-04:00	9.33	9.34	9.33	9.33	4246	yfinance_1m
2026-08-26T13:28:00-04:00	9.34	9.34	9.33	9.33	647	yfinance_1m
2026-08-26T13:29:00-04:00	9.34	9.35	9.335	9.35	3087	yfinance_1m
2026-08-26T13:30:00-04:00	9.34	9.35	9.34	9.34	2798	yfinance_1m
2026-08-26T13:31:00-04:00	9.34	9.35	9.34	9.35	459	yfinance_1m
2026-08-26T13:32:00-04:00	9.33	9.35	9.32	9.35	2056	yfinance_1m
2026-08-26T13:33:00-04:00	9.3351	9.3351	9.3199	9.3199	10722	yfinance_1m
2026-08-26T13:34:00-04:00	9.32	9.32	9.32	9.32	1477	yfinance_1m
2026-08-26T13:35:00-04:00	9.31	9.315	9.31	9.315	1770	yfinance_1m
2026-08-26T13:36:00-04:00	9.32	9.32	9.305	9.315	6711	yfinance_1m
2026-08-26T13:37:00-04:00	9.32	9.345	9.32	9.345	3796	yfinance_1m
2026-08-26T13:38:00-04:00	9.345	9.345	9.345	9.345	420	yfinance_1m
2026-08-26T13:39:00-04:00	9.345	9.345	9.34	9.34	2801	yfinance_1m
2026-08-26T13:40:00-04:00	9.34	9.34	9.33	9.33	1399	yfinance_1m
2026-08-26T13:41:00-04:00	9.32	9.32	9.32	9.32	1602	yfinance_1m
2026-08-26T13:42:00-04:00	9.31	9.31	9.3	9.3	4963	yfinance_1m
2026-08-26T13:43:00-04:00	9.295	9.31	9.295	9.31	3720	yfinance_1m
2026-08-26T13:44:00-04:00	9.3004	9.3004	9.28	9.28	14322	yfinance_1m
2026-08-26T13:46:00-04:00	9.27	9.28	9.26	9.27	5598	yfinance_1m
2026-08-26T13:47:00-04:00	9.27	9.27	9.27	9.27	602	yfinance_1m
2026-08-26T13:48:00-04:00	9.26	9.26	9.26	9.26	1648	yfinance_1m
2026-08-26T13:49:00-04:00	9.27	9.27	9.26	9.26	1297	yfinance_1m
2026-08-26T13:50:00-04:00	9.26	9.27	9.26	9.26	3844	yfinance_1m
2026-08-26T13:51:00-04:00	9.265	9.265	9.26	9.265	1319	yfinance_1m
2026-08-26T13:52:00-04:00	9.26	9.26	9.25	9.26	1783	yfinance_1m
2026-08-26T13:53:00-04:00	9.255	9.2599	9.255	9.2599	1560	yfinance_1m
2026-08-26T13:54:00-04:00	9.26	9.26	9.255	9.255	1803	yfinance_1m
2026-08-26T13:55:00-04:00	9.255	9.255	9.245	9.25	4086	yfinance_1m
2026-08-26T13:56:00-04:00	9.25	9.26	9.25	9.26	4710	yfinance_1m
2026-08-26T13:57:00-04:00	9.26	9.26	9.2403	9.2403	3415	yfinance_1m
2026-08-26T13:58:00-04:00	9.245	9.25	9.245	9.25	1516	yfinance_1m
2026-08-26T13:59:00-04:00	9.25	9.26	9.25	9.255	1931	yfinance_1m
2026-08-26T14:00:00-04:00	9.255	9.29	9.255	9.285	22308	yfinance_1m
2026-08-26T14:01:00-04:00	9.285	9.285	9.285	9.285	518	yfinance_1m
2026-08-26T14:02:00-04:00	9.285	9.29	9.28	9.28	4033	yfinance_1m
2026-08-26T14:03:00-04:00	9.285	9.285	9.285	9.285	1082	yfinance_1m
2026-08-26T14:04:00-04:00	9.29	9.29	9.285	9.285	798	yfinance_1m
2026-08-26T14:05:00-04:00	9.285	9.285	9.28	9.28	5018	yfinance_1m
2026-08-26T14:06:00-04:00	9.28	9.29	9.28	9.29	4110	yfinance_1m
2026-08-26T14:07:00-04:00	9.28	9.285	9.27	9.285	1903	yfinance_1m
2026-08-26T14:08:00-04:00	9.285	9.29	9.285	9.29	1158	yfinance_1m
2026-08-26T14:09:00-04:00	9.285	9.29	9.27	9.29	3216	yfinance_1m
2026-08-26T14:10:00-04:00	9.29	9.3	9.275	9.3	3540	yfinance_1m
2026-08-26T14:11:00-04:00	9.29	9.29	9.29	9.29	1361	yfinance_1m
2026-08-26T14:12:00-04:00	9.29	9.29	9.29	9.29	690	yfinance_1m
2026-08-26T14:13:00-04:00	9.2852	9.2852	9.27	9.27	5142	yfinance_1m
2026-08-26T14:14:00-04:00	9.275	9.275	9.275	9.275	524	yfinance_1m
2026-08-26T14:15:00-04:00	9.29	9.29	9.275	9.275	2482	yfinance_1m
2026-08-26T14:16:00-04:00	9.27	9.28	9.27	9.275	845	yfinance_1m
2026-08-26T14:17:00-04:00	9.26	9.27	9.26	9.27	483	yfinance_1m
2026-08-26T14:18:00-04:00	9.28	9.28	9.27	9.275	2734	yfinance_1m
2026-08-26T14:19:00-04:00	9.275	9.275	9.275	9.275	438	yfinance_1m
2026-08-26T14:20:00-04:00	9.275	9.29	9.275	9.29	2506	yfinance_1m
2026-08-26T14:21:00-04:00	9.29	9.29	9.29	9.29	100	yfinance_1m
2026-08-26T14:22:00-04:00	9.29	9.29	9.28	9.28	1369	yfinance_1m
2026-08-26T14:23:00-04:00	9.28	9.28	9.27	9.27	3961	yfinance_1m
2026-08-26T14:24:00-04:00	9.275	9.275	9.25	9.25	2229	yfinance_1m
2026-08-26T14:25:00-04:00	9.27	9.27	9.25	9.255	5593	yfinance_1m
2026-08-26T14:26:00-04:00	9.255	9.27	9.255	9.27	5391	yfinance_1m
2026-08-26T14:27:00-04:00	9.27	9.27	9.27	9.27	1641	yfinance_1m
2026-08-26T14:28:00-04:00	9.27	9.27	9.27	9.27	382	yfinance_1m
2026-08-26T14:29:00-04:00	9.28	9.28	9.27	9.275	2423	yfinance_1m
2026-08-26T14:30:00-04:00	9.27	9.27	9.26	9.26	3131	yfinance_1m
2026-08-26T14:31:00-04:00	9.255	9.255	9.255	9.255	498	yfinance_1m
2026-08-26T14:32:00-04:00	9.25	9.27	9.25	9.27	7688	yfinance_1m
2026-08-26T14:33:00-04:00	9.27	9.28	9.27	9.28	4871	yfinance_1m
2026-08-26T14:34:00-04:00	9.28	9.29	9.26	9.26	3590	yfinance_1m
2026-08-26T14:35:00-04:00	9.28	9.28	9.28	9.28	538	yfinance_1m
2026-08-26T14:36:00-04:00	9.27	9.28	9.27	9.28	4661	yfinance_1m
2026-08-26T14:38:00-04:00	9.28	9.28	9.265	9.265	1876	yfinance_1m
2026-08-26T14:39:00-04:00	9.27	9.27	9.26	9.26	1037	yfinance_1m
2026-08-26T14:40:00-04:00	9.26	9.263	9.26	9.263	2094	yfinance_1m
2026-08-26T14:41:00-04:00	9.27	9.27	9.26	9.26	1541	yfinance_1m
2026-08-26T14:42:00-04:00	9.26	9.26	9.26	9.26	758	yfinance_1m
2026-08-26T14:43:00-04:00	9.26	9.27	9.26	9.27	2002	yfinance_1m
2026-08-26T14:44:00-04:00	9.265	9.28	9.265	9.27	8200	yfinance_1m
2026-08-26T14:45:00-04:00	9.28	9.285	9.28	9.285	2139	yfinance_1m
2026-08-26T14:46:00-04:00	9.285	9.285	9.28	9.285	1342	yfinance_1m
2026-08-26T14:47:00-04:00	9.28	9.29	9.27	9.27	3443	yfinance_1m
2026-08-26T14:48:00-04:00	9.26	9.28	9.26	9.27	1867	yfinance_1m
2026-08-26T14:49:00-04:00	9.27	9.27	9.26	9.27	1989	yfinance_1m
2026-08-26T14:50:00-04:00	9.27	9.27	9.27	9.27	597	yfinance_1m
2026-08-26T14:51:00-04:00	9.28	9.28	9.28	9.28	490	yfinance_1m
2026-08-26T14:52:00-04:00	9.2707	9.28	9.27	9.27	3455	yfinance_1m
2026-08-26T14:53:00-04:00	9.26	9.26	9.26	9.26	965	yfinance_1m
2026-08-26T14:54:00-04:00	9.26	9.26	9.25	9.26	5923	yfinance_1m
2026-08-26T14:55:00-04:00	9.26	9.26	9.26	9.26	1920	yfinance_1m
2026-08-26T14:56:00-04:00	9.26	9.26	9.25	9.25	1247	yfinance_1m
2026-08-26T14:57:00-04:00	9.2699	9.2699	9.25	9.25	1662	yfinance_1m
2026-08-26T14:58:00-04:00	9.26	9.26	9.24	9.25	5605	yfinance_1m
2026-08-26T15:00:00-04:00	9.25	9.26	9.25	9.26	1018	yfinance_1m
2026-08-26T15:01:00-04:00	9.26	9.265	9.23	9.235	8047	yfinance_1m
2026-08-26T15:02:00-04:00	9.24	9.24	9.24	9.24	2344	yfinance_1m
2026-08-26T15:03:00-04:00	9.24	9.24	9.23	9.24	2987	yfinance_1m
2026-08-26T15:04:00-04:00	9.25	9.25	9.24	9.24	8013	yfinance_1m
2026-08-26T15:05:00-04:00	9.24	9.24	9.23	9.23	1762	yfinance_1m
2026-08-26T15:06:00-04:00	9.22	9.23	9.22	9.23	7728	yfinance_1m
2026-08-26T15:07:00-04:00	9.23	9.23	9.23	9.23	1049	yfinance_1m
2026-08-26T15:08:00-04:00	9.23	9.23	9.23	9.23	1312	yfinance_1m
2026-08-26T15:09:00-04:00	9.22	9.22	9.2045	9.21	4970	yfinance_1m
2026-08-26T15:10:00-04:00	9.2	9.2	9.2	9.2	134	yfinance_1m
2026-08-26T15:11:00-04:00	9.205	9.205	9.19	9.2	5696	yfinance_1m
2026-08-26T15:12:00-04:00	9.19	9.195	9.17	9.19	9126	yfinance_1m
2026-08-26T15:13:00-04:00	9.185	9.185	9.18	9.18	1435	yfinance_1m
2026-08-26T15:14:00-04:00	9.1859	9.19	9.18	9.18	3244	yfinance_1m
2026-08-26T15:15:00-04:00	9.1814	9.1814	9.17	9.17	3355	yfinance_1m
2026-08-26T15:16:00-04:00	9.17	9.195	9.17	9.195	5056	yfinance_1m
2026-08-26T15:17:00-04:00	9.19	9.19	9.1838	9.1838	4004	yfinance_1m
2026-08-26T15:18:00-04:00	9.185	9.19	9.17	9.18	3852	yfinance_1m
2026-08-26T15:19:00-04:00	9.17	9.19	9.17	9.19	8439	yfinance_1m
2026-08-26T15:20:00-04:00	9.18	9.185	9.18	9.185	1655	yfinance_1m
2026-08-26T15:21:00-04:00	9.185	9.2	9.18	9.18	2036	yfinance_1m
2026-08-26T15:22:00-04:00	9.2	9.2	9.195	9.195	4612	yfinance_1m
2026-08-26T15:23:00-04:00	9.195	9.195	9.19	9.19	2018	yfinance_1m
2026-08-26T15:24:00-04:00	9.185	9.19	9.185	9.19	1094	yfinance_1m
2026-08-26T15:25:00-04:00	9.19	9.21	9.185	9.21	1741	yfinance_1m
2026-08-26T15:26:00-04:00	9.195	9.21	9.19	9.19	1848	yfinance_1m
2026-08-26T15:27:00-04:00	9.21	9.21	9.2	9.2	6886	yfinance_1m
2026-08-26T15:28:00-04:00	9.2	9.2	9.2	9.2	844	yfinance_1m
2026-08-26T15:29:00-04:00	9.2	9.23	9.2	9.23	7553	yfinance_1m
2026-08-26T15:30:00-04:00	9.22	9.24	9.22	9.23	11879	yfinance_1m
2026-08-26T15:31:00-04:00	9.24	9.27	9.24	9.27	4410	yfinance_1m
2026-08-26T15:32:00-04:00	9.27	9.275	9.26	9.26	2451	yfinance_1m
2026-08-26T15:33:00-04:00	9.25	9.27	9.25	9.255	6106	yfinance_1m
2026-08-26T15:34:00-04:00	9.255	9.26	9.25	9.25	4635	yfinance_1m
2026-08-26T15:35:00-04:00	9.25	9.26	9.25	9.255	4762	yfinance_1m
2026-08-26T15:36:00-04:00	9.255	9.26	9.25	9.25	7618	yfinance_1m
2026-08-26T15:37:00-04:00	9.24	9.25	9.24	9.25	3583	yfinance_1m
2026-08-26T15:38:00-04:00	9.259	9.26	9.25	9.25	14773	yfinance_1m
2026-08-26T15:39:00-04:00	9.24	9.25	9.24	9.24	2820	yfinance_1m
2026-08-26T15:40:00-04:00	9.235	9.24	9.225	9.235	10932	yfinance_1m
2026-08-26T15:41:00-04:00	9.24	9.24	9.23	9.23	2950	yfinance_1m
2026-08-26T15:42:00-04:00	9.235	9.245	9.235	9.24	7440	yfinance_1m
2026-08-26T15:43:00-04:00	9.23	9.24	9.21	9.21	7483	yfinance_1m
2026-08-26T15:44:00-04:00	9.21	9.215	9.2	9.2	5715	yfinance_1m
2026-08-26T15:45:00-04:00	9.2	9.205	9.17	9.18	18552	yfinance_1m
2026-08-26T15:46:00-04:00	9.18	9.18	9.18	9.18	3879	yfinance_1m
2026-08-26T15:47:00-04:00	9.18	9.19	9.1638	9.17	9482	yfinance_1m
2026-08-26T15:48:00-04:00	9.17	9.18	9.17	9.18	8384	yfinance_1m
2026-08-26T15:49:00-04:00	9.175	9.19	9.17	9.19	7102	yfinance_1m
2026-08-26T15:50:00-04:00	9.18	9.18	9.16	9.17	9168	yfinance_1m
2026-08-26T15:51:00-04:00	9.175	9.185	9.17	9.185	11570	yfinance_1m
2026-08-26T15:52:00-04:00	9.18	9.185	9.165	9.175	8569	yfinance_1m
2026-08-26T15:53:00-04:00	9.17	9.18	9.165	9.18	19253	yfinance_1m
2026-08-26T15:54:00-04:00	9.18	9.1897	9.18	9.185	9980	yfinance_1m
2026-08-26T15:55:00-04:00	9.185	9.195	9.172	9.175	12342	yfinance_1m
2026-08-26T15:56:00-04:00	9.175	9.19	9.14	9.145	30551	yfinance_1m
2026-08-26T15:57:00-04:00	9.14	9.175	9.14	9.165	51918	yfinance_1m
2026-08-26T15:58:00-04:00	9.165	9.165	9.145	9.155	50358	yfinance_1m
2026-08-26T15:59:00-04:00	9.155	9.16	9.12	9.12	93675	yfinance_1m
2026-08-27T09:30:00-04:00	9.27	9.33	9.26	9.26	35560	yfinance_1m
2026-08-27T09:31:00-04:00	9.3	9.4	9.3	9.4	4344	yfinance_1m
2026-08-27T09:32:00-04:00	9.354	9.36	9.28	9.3	21590	yfinance_1m
2026-08-27T09:33:00-04:00	9.335	9.335	9.3	9.32	1398	yfinance_1m
2026-08-27T09:34:00-04:00	9.33	9.33	9.16	9.16	7602	yfinance_1m
2026-08-27T09:35:00-04:00	9.175	9.175	9.17	9.17	1070	yfinance_1m
2026-08-27T09:36:00-04:00	9.19	9.23	9.17	9.23	1663	yfinance_1m
2026-08-27T09:37:00-04:00	9.22	9.27	9.22	9.27	2183	yfinance_1m
2026-08-27T09:38:00-04:00	9.17	9.27	9.17	9.18	7951	yfinance_1m
2026-08-27T09:39:00-04:00	9.25	9.25	9.2001	9.2001	6465	yfinance_1m
2026-08-27T09:40:00-04:00	9.21	9.23	9.2	9.23	2964	yfinance_1m
2026-08-27T09:41:00-04:00	9.25	9.25	9.25	9.25	542	yfinance_1m
2026-08-27T09:42:00-04:00	9.27	9.27	9.27	9.27	1246	yfinance_1m
2026-08-27T09:43:00-04:00	9.255	9.28	9.24	9.28	4497	yfinance_1m
2026-08-27T09:44:00-04:00	9.28	9.28	9.28	9.28	2705	yfinance_1m
2026-08-27T09:45:00-04:00	9.28	9.29	9.28	9.28	2680	yfinance_1m
2026-08-27T09:46:00-04:00	9.28	9.28	9.26	9.26	3876	yfinance_1m
2026-08-27T09:47:00-04:00	9.23	9.235	9.23	9.235	1428	yfinance_1m
2026-08-27T09:48:00-04:00	9.2	9.24	9.2	9.24	2916	yfinance_1m
2026-08-27T09:49:00-04:00	9.215	9.215	9.18	9.215	3771	yfinance_1m
2026-08-27T09:50:00-04:00	9.2399	9.2699	9.23	9.2699	1994	yfinance_1m
2026-08-27T09:51:00-04:00	9.25	9.25	9.22	9.22	2401	yfinance_1m
2026-08-27T09:52:00-04:00	9.21	9.21	9.1	9.12	29388	yfinance_1m
2026-08-27T09:53:00-04:00	9.1214	9.15	9.08	9.125	87921	yfinance_1m
2026-08-27T09:54:00-04:00	9.125	9.1483	9.125	9.125	4552	yfinance_1m
2026-08-27T09:55:00-04:00	9.1	9.11	9.08	9.095	22007	yfinance_1m
2026-08-27T09:56:00-04:00	9.1	9.1	9.08	9.09	2199	yfinance_1m
2026-08-27T09:57:00-04:00	9.08	9.09	9.05	9.07	8602	yfinance_1m
2026-08-27T09:58:00-04:00	9.07	9.08	9.06	9.06	25160	yfinance_1m
2026-08-27T09:59:00-04:00	9.06	9.0611	9.06	9.06	6034	yfinance_1m
2026-08-27T10:00:00-04:00	9.06	9.07	9.02	9.05	18448	yfinance_1m
2026-08-27T10:01:00-04:00	9.05	9.09	9.045	9.09	8156	yfinance_1m
2026-08-27T10:02:00-04:00	9.1	9.1	9.078	9.078	2107	yfinance_1m
2026-08-27T10:03:00-04:00	9.08	9.11	9.08	9.1	15572	yfinance_1m
2026-08-27T10:04:00-04:00	9.12	9.17	9.115	9.12	10780	yfinance_1m
2026-08-27T10:05:00-04:00	9.12	9.12	9.09	9.09	3363	yfinance_1m
2026-08-27T10:06:00-04:00	9.07	9.1	9.07	9.1	4687	yfinance_1m
2026-08-27T10:08:00-04:00	9.1	9.1199	9.095	9.095	3210	yfinance_1m
2026-08-27T10:09:00-04:00	9.08	9.085	9.08	9.085	3356	yfinance_1m
2026-08-27T10:10:00-04:00	9.1	9.1	9.085	9.085	4800	yfinance_1m
2026-08-27T10:11:00-04:00	9.07	9.08	9.06	9.075	9117	yfinance_1m
2026-08-27T10:12:00-04:00	9.07	9.08	9.07	9.07	2048	yfinance_1m
2026-08-27T10:13:00-04:00	9.08	9.1	9.08	9.095	5890	yfinance_1m
2026-08-27T10:14:00-04:00	9.095	9.11	9.095	9.11	3701	yfinance_1m
2026-08-27T10:15:00-04:00	9.13	9.19	9.13	9.19	13910	yfinance_1m
2026-08-27T10:16:00-04:00	9.185	9.19	9.13	9.155	23867	yfinance_1m
2026-08-27T10:17:00-04:00	9.155	9.2156	9.155	9.2156	4582	yfinance_1m
2026-08-27T10:18:00-04:00	9.215	9.25	9.215	9.245	35895	yfinance_1m
2026-08-27T10:19:00-04:00	9.245	9.245	9.18	9.18	10979	yfinance_1m
2026-08-27T10:20:00-04:00	9.18	9.18	9.18	9.18	158	yfinance_1m
2026-08-27T10:21:00-04:00	9.1684	9.18	9.15	9.15	3243	yfinance_1m
2026-08-27T10:22:00-04:00	9.14	9.15	9.13	9.13	5288	yfinance_1m
2026-08-27T10:23:00-04:00	9.135	9.15	9.135	9.15	1243	yfinance_1m
2026-08-27T10:24:00-04:00	9.15	9.17	9.12	9.17	3984	yfinance_1m
2026-08-27T10:25:00-04:00	9.15	9.21	9.145	9.21	5643	yfinance_1m
2026-08-27T10:26:00-04:00	9.185	9.21	9.185	9.21	859	yfinance_1m
2026-08-27T10:27:00-04:00	9.21	9.23	9.21	9.22	1214	yfinance_1m
2026-08-27T10:28:00-04:00	9.23	9.23	9.225	9.225	307	yfinance_1m
2026-08-27T10:29:00-04:00	9.225	9.24	9.22	9.23	5580	yfinance_1m
2026-08-27T10:30:00-04:00	9.23	9.24	9.22	9.22	6702	yfinance_1m
2026-08-27T10:31:00-04:00	9.2	9.22	9.2	9.22	3540	yfinance_1m
2026-08-27T10:32:00-04:00	9.205	9.22	9.205	9.22	689	yfinance_1m
2026-08-27T10:33:00-04:00	9.21	9.22	9.21	9.21	2339	yfinance_1m
2026-08-27T10:34:00-04:00	9.205	9.22	9.2	9.21	3113	yfinance_1m
2026-08-27T10:35:00-04:00	9.21	9.23	9.21	9.21	5968	yfinance_1m
2026-08-27T10:36:00-04:00	9.2	9.2	9.18	9.2	933	yfinance_1m
2026-08-27T10:37:00-04:00	9.21	9.22	9.19	9.22	1975	yfinance_1m
2026-08-27T10:38:00-04:00	9.2	9.2	9.2	9.2	2564	yfinance_1m
2026-08-27T10:39:00-04:00	9.18	9.18	9.16	9.16	2334	yfinance_1m
2026-08-27T10:40:00-04:00	9.16	9.175	9.16	9.175	1095	yfinance_1m
2026-08-27T10:41:00-04:00	9.175	9.19	9.17	9.1857	6571	yfinance_1m
2026-08-27T10:42:00-04:00	9.175	9.175	9.16	9.175	1742	yfinance_1m
2026-08-27T10:43:00-04:00	9.175	9.175	9.175	9.175	753	yfinance_1m
2026-08-27T10:44:00-04:00	9.18	9.1872	9.17	9.17	1432	yfinance_1m
2026-08-27T10:45:00-04:00	9.18	9.19	9.17	9.17	3133	yfinance_1m
2026-08-27T10:46:00-04:00	9.19	9.19	9.19	9.19	657	yfinance_1m
2026-08-27T10:47:00-04:00	9.19	9.19	9.18	9.185	2739	yfinance_1m
2026-08-27T10:49:00-04:00	9.19	9.21	9.18	9.19	4542	yfinance_1m
2026-08-27T10:50:00-04:00	9.18	9.18	9.13	9.145	4828	yfinance_1m
2026-08-27T10:51:00-04:00	9.14	9.18	9.13	9.16	10789	yfinance_1m
2026-08-27T10:52:00-04:00	9.18	9.19	9.16	9.16	3517	yfinance_1m
2026-08-27T10:53:00-04:00	9.195	9.2	9.195	9.2	2260	yfinance_1m
2026-08-27T10:54:00-04:00	9.195	9.21	9.195	9.21	946	yfinance_1m
2026-08-27T10:55:00-04:00	9.195	9.195	9.15	9.15	4565	yfinance_1m
2026-08-27T10:56:00-04:00	9.19	9.21	9.19	9.21	1827	yfinance_1m
2026-08-27T10:57:00-04:00	9.19	9.21	9.17	9.18	2925	yfinance_1m
2026-08-27T10:58:00-04:00	9.19	9.19	9.19	9.19	1319	yfinance_1m
2026-08-27T10:59:00-04:00	9.21	9.22	9.205	9.205	3049	yfinance_1m
2026-08-27T11:00:00-04:00	9.2	9.23	9.2	9.23	1486	yfinance_1m
2026-08-27T11:01:00-04:00	9.23	9.24	9.23	9.24	1087	yfinance_1m
2026-08-27T11:02:00-04:00	9.21	9.23	9.21	9.23	1351	yfinance_1m
2026-08-27T11:04:00-04:00	9.22	9.22	9.205	9.2199	1912	yfinance_1m
2026-08-27T11:05:00-04:00	9.205	9.22	9.2	9.2	1734	yfinance_1m
2026-08-27T11:06:00-04:00	9.22	9.22	9.205	9.205	2225	yfinance_1m
2026-08-27T11:07:00-04:00	9.22	9.22	9.22	9.22	1113	yfinance_1m
2026-08-27T11:08:00-04:00	9.21	9.21	9.19	9.19	1372	yfinance_1m
2026-08-27T11:09:00-04:00	9.21	9.23	9.21	9.21	554	yfinance_1m
2026-08-27T11:10:00-04:00	9.21	9.26	9.21	9.245	10364	yfinance_1m
2026-08-27T11:11:00-04:00	9.25	9.27	9.25	9.27	1579	yfinance_1m
2026-08-27T11:12:00-04:00	9.27	9.305	9.25	9.25	14937	yfinance_1m
2026-08-27T11:13:00-04:00	9.25	9.25	9.201	9.201	8570	yfinance_1m
2026-08-27T11:14:00-04:00	9.225	9.2324	9.225	9.2324	3292	yfinance_1m
2026-08-27T11:15:00-04:00	9.25	9.25	9.23	9.24	1473	yfinance_1m
2026-08-27T11:16:00-04:00	9.235	9.27	9.235	9.27	2902	yfinance_1m
2026-08-27T11:17:00-04:00	9.29	9.29	9.28	9.285	2143	yfinance_1m
2026-08-27T11:18:00-04:00	9.285	9.3	9.285	9.3	11657	yfinance_1m
2026-08-27T11:19:00-04:00	9.31	9.31	9.2928	9.2928	1799	yfinance_1m
2026-08-27T11:20:00-04:00	9.31	9.3102	9.3	9.3102	1172	yfinance_1m
2026-08-27T11:21:00-04:00	9.3	9.3	9.27	9.27	5914	yfinance_1m
2026-08-27T11:22:00-04:00	9.26	9.275	9.26	9.27	1348	yfinance_1m
2026-08-27T11:23:00-04:00	9.275	9.29	9.275	9.29	2117	yfinance_1m
2026-08-27T11:24:00-04:00	9.28	9.28	9.27	9.27	1354	yfinance_1m
2026-08-27T11:25:00-04:00	9.26	9.29	9.26	9.29	2681	yfinance_1m
2026-08-27T11:26:00-04:00	9.28	9.33	9.28	9.33	5180	yfinance_1m
2026-08-27T11:27:00-04:00	9.34	9.37	9.34	9.37	3424	yfinance_1m
2026-08-27T11:28:00-04:00	9.35	9.37	9.35	9.355	2861	yfinance_1m
2026-08-27T11:29:00-04:00	9.35	9.37	9.35	9.37	1281	yfinance_1m
2026-08-27T11:30:00-04:00	9.38	9.38	9.36	9.36	959	yfinance_1m
2026-08-27T11:31:00-04:00	9.36	9.38	9.36	9.38	3101	yfinance_1m
2026-08-27T11:32:00-04:00	9.365	9.38	9.36	9.365	944	yfinance_1m
2026-08-27T11:33:00-04:00	9.35	9.365	9.34	9.34	2673	yfinance_1m
2026-08-27T11:34:00-04:00	9.345	9.345	9.33	9.335	7698	yfinance_1m
2026-08-27T11:35:00-04:00	9.335	9.34	9.32	9.32	3922	yfinance_1m
2026-08-27T11:36:00-04:00	9.325	9.34	9.325	9.335	1679	yfinance_1m
2026-08-27T11:37:00-04:00	9.34	9.35	9.335	9.335	2111	yfinance_1m
2026-08-27T11:38:00-04:00	9.34	9.365	9.34	9.355	2371	yfinance_1m
2026-08-27T11:39:00-04:00	9.35	9.355	9.35	9.35	1461	yfinance_1m
2026-08-27T11:40:00-04:00	9.37	9.37	9.31	9.31	8549	yfinance_1m
2026-08-27T11:41:00-04:00	9.295	9.3199	9.295	9.295	1904	yfinance_1m
2026-08-27T11:42:00-04:00	9.295	9.305	9.29	9.29	12481	yfinance_1m
2026-08-27T11:43:00-04:00	9.29	9.29	9.25	9.255	2208	yfinance_1m
2026-08-27T11:44:00-04:00	9.255	9.255	9.2	9.22	6079	yfinance_1m
2026-08-27T11:45:00-04:00	9.22	9.24	9.22	9.24	2768	yfinance_1m
2026-08-27T11:46:00-04:00	9.24	9.24	9.24	9.24	473	yfinance_1m
2026-08-27T11:47:00-04:00	9.23	9.25	9.23	9.25	517	yfinance_1m
2026-08-27T11:48:00-04:00	9.25	9.25	9.23	9.23	568	yfinance_1m
2026-08-27T11:49:00-04:00	9.25	9.255	9.22	9.22	6466	yfinance_1m
2026-08-27T11:50:00-04:00	9.235	9.2494	9.235	9.2494	2733	yfinance_1m
2026-08-27T11:51:00-04:00	9.235	9.235	9.22	9.235	2054	yfinance_1m
2026-08-27T11:52:00-04:00	9.25	9.25	9.235	9.235	536	yfinance_1m
2026-08-27T11:53:00-04:00	9.2351	9.25	9.235	9.235	2085	yfinance_1m
2026-08-27T11:54:00-04:00	9.235	9.25	9.22	9.22	2311	yfinance_1m
2026-08-27T11:55:00-04:00	9.25	9.26	9.25	9.26	5065	yfinance_1m
2026-08-27T11:56:00-04:00	9.25	9.25	9.243	9.243	1665	yfinance_1m
2026-08-27T11:57:00-04:00	9.255	9.26	9.25	9.26	508	yfinance_1m
2026-08-27T11:58:00-04:00	9.27	9.27	9.265	9.265	1092	yfinance_1m
2026-08-27T11:59:00-04:00	9.28	9.28	9.26	9.27	1432	yfinance_1m
2026-08-27T12:00:00-04:00	9.26	9.28	9.26	9.26	1716	yfinance_1m
2026-08-27T12:01:00-04:00	9.25	9.25	9.24	9.24	2912	yfinance_1m
2026-08-27T12:02:00-04:00	9.24	9.25	9.24	9.25	1476	yfinance_1m
2026-08-27T12:03:00-04:00	9.2423	9.25	9.24	9.25	2611	yfinance_1m
2026-08-27T12:04:00-04:00	9.26	9.26	9.26	9.26	346	yfinance_1m
2026-08-27T12:05:00-04:00	9.25	9.25	9.24	9.24	902	yfinance_1m
2026-08-27T12:06:00-04:00	9.25	9.26	9.24	9.26	2854	yfinance_1m
2026-08-27T12:07:00-04:00	9.26	9.26	9.26	9.26	100	yfinance_1m
2026-08-27T12:08:00-04:00	9.2627	9.2627	9.25	9.25	3359	yfinance_1m
2026-08-27T12:10:00-04:00	9.245	9.245	9.245	9.245	250	yfinance_1m
2026-08-27T12:11:00-04:00	9.23	9.235	9.22	9.235	2792	yfinance_1m
2026-08-27T12:12:00-04:00	9.22	9.235	9.22	9.23	1138	yfinance_1m
2026-08-27T12:13:00-04:00	9.23	9.23	9.23	9.23	322	yfinance_1m
2026-08-27T12:14:00-04:00	9.22	9.23	9.22	9.22	1696	yfinance_1m
2026-08-27T12:15:00-04:00	9.23	9.23	9.22	9.22	1095	yfinance_1m
2026-08-27T12:16:00-04:00	9.21	9.23	9.21	9.22	1348	yfinance_1m
2026-08-27T12:17:00-04:00	9.225	9.225	9.225	9.225	388	yfinance_1m
2026-08-27T12:18:00-04:00	9.225	9.24	9.2	9.21	3754	yfinance_1m
2026-08-27T12:20:00-04:00	9.2065	9.25	9.2	9.22	13170	yfinance_1m
2026-08-27T12:21:00-04:00	9.23	9.23	9.2	9.2	26077	yfinance_1m
2026-08-27T12:22:00-04:00	9.22	9.22	9.22	9.22	957	yfinance_1m
2026-08-27T12:23:00-04:00	9.24	9.24	9.23	9.23	2281	yfinance_1m
2026-08-27T12:24:00-04:00	9.23	9.23	9.23	9.23	467	yfinance_1m
2026-08-27T12:25:00-04:00	9.23	9.23	9.21	9.23	1234	yfinance_1m
2026-08-27T12:26:00-04:00	9.215	9.215	9.215	9.215	100	yfinance_1m
2026-08-27T12:27:00-04:00	9.215	9.23	9.215	9.23	763	yfinance_1m
2026-08-27T12:28:00-04:00	9.22	9.22	9.22	9.22	653	yfinance_1m
2026-08-27T12:29:00-04:00	9.225	9.24	9.225	9.24	2382	yfinance_1m
2026-08-27T12:30:00-04:00	9.23	9.23	9.22	9.225	3502	yfinance_1m
2026-08-27T12:31:00-04:00	9.23	9.25	9.22	9.22	557	yfinance_1m
2026-08-27T12:32:00-04:00	9.23	9.23	9.21	9.21	809	yfinance_1m
2026-08-27T12:33:00-04:00	9.225	9.23	9.21	9.23	3422	yfinance_1m
2026-08-27T12:34:00-04:00	9.22	9.235	9.22	9.23	2098	yfinance_1m
2026-08-27T12:35:00-04:00	9.23	9.23	9.23	9.23	521	yfinance_1m
2026-08-27T12:36:00-04:00	9.22	9.23	9.21	9.21	1499	yfinance_1m
2026-08-27T12:37:00-04:00	9.23	9.23	9.2243	9.2243	790	yfinance_1m
2026-08-27T12:38:00-04:00	9.225	9.225	9.21	9.22	1265	yfinance_1m
2026-08-27T12:39:00-04:00	9.215	9.22	9.21	9.215	943	yfinance_1m
2026-08-27T12:40:00-04:00	9.215	9.22	9.215	9.22	773	yfinance_1m
2026-08-27T12:41:00-04:00	9.21	9.22	9.21	9.22	1540	yfinance_1m
2026-08-27T12:42:00-04:00	9.24	9.24	9.22	9.225	2042	yfinance_1m
2026-08-27T12:43:00-04:00	9.225	9.2399	9.21	9.21	1304	yfinance_1m
2026-08-27T12:44:00-04:00	9.225	9.225	9.225	9.225	569	yfinance_1m
2026-08-27T12:45:00-04:00	9.225	9.225	9.225	9.225	1297	yfinance_1m
2026-08-27T12:46:00-04:00	9.24	9.24	9.21	9.22	2295	yfinance_1m
2026-08-27T12:47:00-04:00	9.22	9.23	9.22	9.23	660	yfinance_1m
2026-08-27T12:48:00-04:00	9.22	9.23	9.2101	9.23	1649	yfinance_1m
2026-08-27T12:49:00-04:00	9.22	9.23	9.22	9.23	1545	yfinance_1m
2026-08-27T12:50:00-04:00	9.23	9.23	9.23	9.23	897	yfinance_1m
2026-08-27T12:51:00-04:00	9.225	9.24	9.225	9.24	3170	yfinance_1m
2026-08-27T12:52:00-04:00	9.23	9.24	9.23	9.23	2617	yfinance_1m
2026-08-27T12:53:00-04:00	9.2297	9.23	9.2297	9.23	930	yfinance_1m
2026-08-27T12:54:00-04:00	9.2351	9.24	9.235	9.235	2621	yfinance_1m
2026-08-27T12:55:00-04:00	9.235	9.235	9.235	9.235	228	yfinance_1m
2026-08-27T12:56:00-04:00	9.22	9.225	9.205	9.205	7549	yfinance_1m
2026-08-27T12:57:00-04:00	9.2	9.21	9.2	9.206	3536	yfinance_1m
2026-08-27T12:58:00-04:00	9.21	9.21	9.2027	9.21	8183	yfinance_1m
2026-08-27T12:59:00-04:00	9.2	9.2	9.2	9.2	1880	yfinance_1m
2026-08-27T13:00:00-04:00	9.2	9.2	9.19	9.19	984	yfinance_1m
2026-08-27T13:01:00-04:00	9.2	9.2	9.19	9.2	7115	yfinance_1m
2026-08-27T13:02:00-04:00	9.2	9.21	9.19	9.2	3412	yfinance_1m
2026-08-27T13:03:00-04:00	9.21	9.21	9.2	9.205	2524	yfinance_1m
2026-08-27T13:04:00-04:00	9.205	9.205	9.2	9.2	1900	yfinance_1m
2026-08-27T13:05:00-04:00	9.195	9.2	9.195	9.2	535	yfinance_1m
2026-08-27T13:06:00-04:00	9.195	9.195	9.18	9.18	8891	yfinance_1m
2026-08-27T13:07:00-04:00	9.19	9.19	9.18	9.18	913	yfinance_1m
2026-08-27T13:08:00-04:00	9.2	9.2	9.18	9.2	3006	yfinance_1m
2026-08-27T13:10:00-04:00	9.19	9.2	9.19	9.2	1051	yfinance_1m
2026-08-27T13:11:00-04:00	9.19	9.19	9.19	9.19	882	yfinance_1m
2026-08-27T13:12:00-04:00	9.195	9.205	9.195	9.195	3739	yfinance_1m
2026-08-27T13:13:00-04:00	9.18	9.18	9.18	9.18	551	yfinance_1m
2026-08-27T13:14:00-04:00	9.19	9.19	9.19	9.19	2032	yfinance_1m
2026-08-27T13:15:00-04:00	9.19	9.195	9.19	9.19	783	yfinance_1m
2026-08-27T13:16:00-04:00	9.195	9.195	9.1886	9.19	2286	yfinance_1m
2026-08-27T13:17:00-04:00	9.18	9.18	9.18	9.18	1399	yfinance_1m
2026-08-27T13:18:00-04:00	9.1792	9.1865	9.1683	9.17	3134	yfinance_1m
2026-08-27T13:19:00-04:00	9.175	9.175	9.16	9.16	470	yfinance_1m
2026-08-27T13:20:00-04:00	9.16	9.165	9.16	9.165	1254	yfinance_1m
2026-08-27T13:21:00-04:00	9.17	9.17	9.16	9.17	2136	yfinance_1m
2026-08-27T13:22:00-04:00	9.1673	9.1673	9.1673	9.1673	964	yfinance_1m
2026-08-27T13:23:00-04:00	9.17	9.17	9.1674	9.17	2180	yfinance_1m
2026-08-27T13:24:00-04:00	9.18	9.18	9.17	9.17	381	yfinance_1m
2026-08-27T13:25:00-04:00	9.17	9.18	9.16	9.18	2299	yfinance_1m
2026-08-27T13:26:00-04:00	9.175	9.18	9.17	9.18	1697	yfinance_1m
2026-08-27T13:27:00-04:00	9.18	9.18	9.17	9.18	3097	yfinance_1m
2026-08-27T13:28:00-04:00	9.185	9.185	9.17	9.17	2096	yfinance_1m
2026-08-27T13:29:00-04:00	9.175	9.18	9.17	9.18	3174	yfinance_1m
2026-08-27T13:30:00-04:00	9.175	9.175	9.175	9.175	474	yfinance_1m
2026-08-27T13:31:00-04:00	9.175	9.18	9.174	9.174	6158	yfinance_1m
2026-08-27T13:33:00-04:00	9.18	9.185	9.18	9.185	1158	yfinance_1m
2026-08-27T13:34:00-04:00	9.18	9.18	9.174	9.174	2228	yfinance_1m
2026-08-27T13:35:00-04:00	9.17	9.1799	9.17	9.17	924	yfinance_1m
2026-08-27T13:36:00-04:00	9.17	9.17	9.16	9.1651	821	yfinance_1m
2026-08-27T13:37:00-04:00	9.17	9.17	9.17	9.17	501	yfinance_1m
2026-08-27T13:38:00-04:00	9.16	9.17	9.16	9.17	5102	yfinance_1m
2026-08-27T13:39:00-04:00	9.17	9.17	9.16	9.16	1081	yfinance_1m
2026-08-27T13:40:00-04:00	9.17	9.17	9.17	9.17	194	yfinance_1m
2026-08-27T13:41:00-04:00	9.17	9.17	9.165	9.165	847	yfinance_1m
2026-08-27T13:42:00-04:00	9.16	9.18	9.16	9.18	5671	yfinance_1m
2026-08-27T13:43:00-04:00	9.18	9.18	9.18	9.18	490	yfinance_1m
2026-08-27T13:44:00-04:00	9.18	9.18	9.18	9.18	695	yfinance_1m
2026-08-27T13:45:00-04:00	9.17	9.2	9.17	9.2	6978	yfinance_1m
2026-08-27T13:46:00-04:00	9.2	9.2	9.2	9.2	583	yfinance_1m
2026-08-27T13:47:00-04:00	9.2	9.2	9.19	9.2	6956	yfinance_1m
2026-08-27T13:48:00-04:00	9.2	9.2	9.2	9.2	522	yfinance_1m
2026-08-27T13:49:00-04:00	9.205	9.21	9.205	9.21	3057	yfinance_1m
2026-08-27T13:50:00-04:00	9.21	9.21	9.21	9.21	241	yfinance_1m
2026-08-27T13:51:00-04:00	9.215	9.215	9.205	9.21	3113	yfinance_1m
2026-08-27T13:52:00-04:00	9.21	9.21	9.2097	9.2097	757	yfinance_1m
2026-08-27T13:53:00-04:00	9.2172	9.2172	9.2	9.2	2172	yfinance_1m
2026-08-27T13:54:00-04:00	9.195	9.195	9.19	9.19	1427	yfinance_1m
2026-08-27T13:55:00-04:00	9.19	9.1964	9.19	9.1917	677	yfinance_1m
2026-08-27T13:56:00-04:00	9.18	9.195	9.18	9.18	543	yfinance_1m
2026-08-27T13:57:00-04:00	9.19	9.19	9.185	9.185	1369	yfinance_1m
2026-08-27T13:58:00-04:00	9.18	9.18	9.17	9.17	1840	yfinance_1m
2026-08-27T14:00:00-04:00	9.16	9.17	9.16	9.17	2155	yfinance_1m
2026-08-27T14:01:00-04:00	9.16	9.16	9.16	9.16	1812	yfinance_1m
2026-08-27T14:03:00-04:00	9.17	9.17	9.169	9.17	931	yfinance_1m
2026-08-27T14:04:00-04:00	9.17	9.17	9.16	9.16	1045	yfinance_1m
2026-08-27T14:05:00-04:00	9.16	9.18	9.16	9.18	7724	yfinance_1m
2026-08-27T14:06:00-04:00	9.175	9.18	9.17	9.17	1172	yfinance_1m
2026-08-27T14:07:00-04:00	9.19	9.19	9.185	9.185	735	yfinance_1m
2026-08-27T14:08:00-04:00	9.185	9.2	9.18	9.2	3124	yfinance_1m
2026-08-27T14:09:00-04:00	9.2	9.215	9.2	9.2103	10673	yfinance_1m
2026-08-27T14:10:00-04:00	9.215	9.215	9.2	9.21	9222	yfinance_1m
2026-08-27T14:11:00-04:00	9.215	9.22	9.215	9.22	2649	yfinance_1m
2026-08-27T14:12:00-04:00	9.225	9.225	9.225	9.225	2317	yfinance_1m
2026-08-27T14:14:00-04:00	9.22	9.2399	9.22	9.2399	11570	yfinance_1m
2026-08-27T14:15:00-04:00	9.23	9.23	9.2201	9.2201	576	yfinance_1m
2026-08-27T14:16:00-04:00	9.22	9.22	9.22	9.22	263	yfinance_1m
2026-08-27T14:17:00-04:00	9.23	9.245	9.23	9.245	1989	yfinance_1m
2026-08-27T14:18:00-04:00	9.245	9.255	9.24	9.24	5572	yfinance_1m
2026-08-27T14:19:00-04:00	9.2599	9.26	9.25	9.2522	8095	yfinance_1m
2026-08-27T14:20:00-04:00	9.26	9.26	9.26	9.26	548	yfinance_1m
2026-08-27T14:21:00-04:00	9.27	9.27	9.25	9.26	12425	yfinance_1m
2026-08-27T14:22:00-04:00	9.26	9.2699	9.249	9.255	14127	yfinance_1m
2026-08-27T14:23:00-04:00	9.255	9.3288	9.255	9.32	38495	yfinance_1m
2026-08-27T14:24:00-04:00	9.3	9.33	9.3	9.33	2933	yfinance_1m
2026-08-27T14:25:00-04:00	9.3261	9.34	9.3261	9.335	2648	yfinance_1m
2026-08-27T14:26:00-04:00	9.335	9.335	9.26	9.26	17954	yfinance_1m
2026-08-27T14:27:00-04:00	9.25	9.25	9.235	9.235	2101	yfinance_1m
2026-08-27T14:28:00-04:00	9.23	9.245	9.23	9.24	930	yfinance_1m
2026-08-27T14:29:00-04:00	9.245	9.25	9.23	9.25	2540	yfinance_1m
2026-08-27T14:30:00-04:00	9.24	9.25	9.24	9.245	1390	yfinance_1m
2026-08-27T14:31:00-04:00	9.24	9.24	9.23	9.23	2140	yfinance_1m
2026-08-27T14:32:00-04:00	9.2359	9.2359	9.23	9.23	1177	yfinance_1m
2026-08-27T14:33:00-04:00	9.23	9.24	9.22	9.24	905	yfinance_1m
2026-08-27T14:34:00-04:00	9.2214	9.2214	9.19	9.19	3290	yfinance_1m
2026-08-27T14:35:00-04:00	9.19	9.2	9.19	9.2	943	yfinance_1m
2026-08-27T14:36:00-04:00	9.19	9.21	9.19	9.2	1622	yfinance_1m
2026-08-27T14:37:00-04:00	9.2	9.21	9.2	9.21	3721	yfinance_1m
2026-08-27T14:38:00-04:00	9.21	9.22	9.21	9.22	2164	yfinance_1m
2026-08-27T14:39:00-04:00	9.23	9.23	9.21	9.22	3408	yfinance_1m
2026-08-27T14:40:00-04:00	9.23	9.23	9.22	9.23	1208	yfinance_1m
2026-08-27T14:41:00-04:00	9.22	9.22	9.21	9.21	3018	yfinance_1m
2026-08-27T14:42:00-04:00	9.2	9.2	9.2	9.2	1242	yfinance_1m
2026-08-27T14:43:00-04:00	9.2	9.21	9.1901	9.1901	1014	yfinance_1m
2026-08-27T14:44:00-04:00	9.19	9.2	9.19	9.19	1029	yfinance_1m
2026-08-27T14:45:00-04:00	9.19	9.1986	9.17	9.1986	5630	yfinance_1m
2026-08-27T14:46:00-04:00	9.1986	9.1986	9.17	9.18	2313	yfinance_1m
2026-08-27T14:47:00-04:00	9.185	9.185	9.175	9.175	679	yfinance_1m
2026-08-27T14:48:00-04:00	9.19	9.2	9.19	9.19	3055	yfinance_1m
2026-08-27T14:49:00-04:00	9.2	9.21	9.19	9.21	1629	yfinance_1m
2026-08-27T14:50:00-04:00	9.195	9.195	9.195	9.195	1166	yfinance_1m
2026-08-27T14:51:00-04:00	9.195	9.195	9.195	9.195	1469	yfinance_1m
2026-08-27T14:52:00-04:00	9.18	9.195	9.18	9.195	686	yfinance_1m
2026-08-27T14:53:00-04:00	9.195	9.195	9.18	9.195	2737	yfinance_1m
2026-08-27T14:54:00-04:00	9.19	9.19	9.18	9.18	1192	yfinance_1m
2026-08-27T14:55:00-04:00	9.18	9.19	9.18	9.19	2187	yfinance_1m
2026-08-27T14:56:00-04:00	9.18	9.185	9.17	9.17	1675	yfinance_1m
2026-08-27T14:57:00-04:00	9.19	9.19	9.19	9.19	950	yfinance_1m
2026-08-27T14:58:00-04:00	9.18	9.2159	9.18	9.2159	13174	yfinance_1m
2026-08-27T14:59:00-04:00	9.215	9.215	9.21	9.21	1997	yfinance_1m
2026-08-27T15:00:00-04:00	9.21	9.21	9.15	9.185	25854	yfinance_1m
2026-08-27T15:01:00-04:00	9.185	9.185	9.185	9.185	1169	yfinance_1m
2026-08-27T15:02:00-04:00	9.185	9.2	9.185	9.2	4350	yfinance_1m
2026-08-27T15:03:00-04:00	9.2	9.22	9.2	9.22	1940	yfinance_1m
2026-08-27T15:04:00-04:00	9.22	9.225	9.22	9.22	3536	yfinance_1m
2026-08-27T15:05:00-04:00	9.22	9.22	9.21	9.21	1903	yfinance_1m
2026-08-27T15:06:00-04:00	9.22	9.23	9.21	9.23	2095	yfinance_1m
2026-08-27T15:07:00-04:00	9.225	9.23	9.22	9.22	2791	yfinance_1m
2026-08-27T15:08:00-04:00	9.22	9.22	9.21	9.21	3525	yfinance_1m
2026-08-27T15:09:00-04:00	9.21	9.21	9.21	9.21	1851	yfinance_1m
2026-08-27T15:10:00-04:00	9.2	9.2139	9.2	9.2139	1502	yfinance_1m
2026-08-27T15:11:00-04:00	9.2	9.21	9.2	9.21	1193	yfinance_1m
2026-08-27T15:12:00-04:00	9.21	9.21	9.21	9.21	1791	yfinance_1m
2026-08-27T15:13:00-04:00	9.21	9.22	9.21	9.22	6570	yfinance_1m
2026-08-27T15:14:00-04:00	9.23	9.265	9.23	9.265	5554	yfinance_1m
2026-08-27T15:15:00-04:00	9.265	9.265	9.265	9.265	1124	yfinance_1m
2026-08-27T15:16:00-04:00	9.265	9.28	9.25	9.25	3040	yfinance_1m
2026-08-27T15:17:00-04:00	9.27	9.27	9.25	9.25	350	yfinance_1m
2026-08-27T15:18:00-04:00	9.265	9.265	9.265	9.265	1419	yfinance_1m
2026-08-27T15:19:00-04:00	9.25	9.27	9.25	9.25	7069	yfinance_1m
2026-08-27T15:20:00-04:00	9.24	9.24	9.24	9.24	2207	yfinance_1m
2026-08-27T15:21:00-04:00	9.24	9.24	9.24	9.24	338	yfinance_1m
2026-08-27T15:22:00-04:00	9.25	9.25	9.25	9.25	1203	yfinance_1m
2026-08-27T15:23:00-04:00	9.24	9.24	9.24	9.24	3558	yfinance_1m
2026-08-27T15:24:00-04:00	9.23	9.24	9.23	9.23	1851	yfinance_1m
2026-08-27T15:25:00-04:00	9.24	9.24	9.22	9.235	6302	yfinance_1m
2026-08-27T15:26:00-04:00	9.235	9.24	9.235	9.24	1750	yfinance_1m
2026-08-27T15:27:00-04:00	9.235	9.235	9.21	9.22	18122	yfinance_1m
2026-08-27T15:28:00-04:00	9.225	9.24	9.22	9.235	17449	yfinance_1m
2026-08-27T15:29:00-04:00	9.235	9.25	9.235	9.25	4347	yfinance_1m
2026-08-27T15:30:00-04:00	9.245	9.29	9.245	9.28	11326	yfinance_1m
2026-08-27T15:31:00-04:00	9.28	9.28	9.26	9.26	5211	yfinance_1m
2026-08-27T15:32:00-04:00	9.27	9.305	9.27	9.28	10256	yfinance_1m
2026-08-27T15:33:00-04:00	9.29	9.29	9.28	9.285	3749	yfinance_1m
2026-08-27T15:34:00-04:00	9.285	9.285	9.26	9.27	23252	yfinance_1m
2026-08-27T15:35:00-04:00	9.27	9.27	9.26	9.26	16712	yfinance_1m
2026-08-27T15:36:00-04:00	9.26	9.265	9.26	9.26	1603	yfinance_1m
2026-08-27T15:37:00-04:00	9.265	9.28	9.25	9.28	30424	yfinance_1m
2026-08-27T15:38:00-04:00	9.28	9.31	9.28	9.31	5796	yfinance_1m
2026-08-27T15:39:00-04:00	9.31	9.35	9.31	9.33	10689	yfinance_1m
2026-08-27T15:40:00-04:00	9.33	9.335	9.31	9.32	15054	yfinance_1m
2026-08-27T15:41:00-04:00	9.32	9.33	9.31	9.325	4699	yfinance_1m
2026-08-27T15:42:00-04:00	9.33	9.36	9.33	9.35	15111	yfinance_1m
2026-08-27T15:43:00-04:00	9.35	9.36	9.35	9.36	4926	yfinance_1m
2026-08-27T15:44:00-04:00	9.36	9.36	9.325	9.33	19846	yfinance_1m
2026-08-27T15:45:00-04:00	9.335	9.34	9.3	9.3	7901	yfinance_1m
2026-08-27T15:46:00-04:00	9.3005	9.3005	9.29	9.295	4549	yfinance_1m
2026-08-27T15:47:00-04:00	9.295	9.295	9.29	9.2905	5139	yfinance_1m
2026-08-27T15:48:00-04:00	9.29	9.295	9.28	9.285	6591	yfinance_1m
2026-08-27T15:49:00-04:00	9.28	9.29	9.28	9.285	7688	yfinance_1m
2026-08-27T15:50:00-04:00	9.2805	9.285	9.28	9.285	8664	yfinance_1m
2026-08-27T15:51:00-04:00	9.285	9.285	9.27	9.2705	9825	yfinance_1m
2026-08-27T15:52:00-04:00	9.275	9.28	9.265	9.28	19626	yfinance_1m
2026-08-27T15:53:00-04:00	9.28	9.28	9.265	9.275	11699	yfinance_1m
2026-08-27T15:54:00-04:00	9.275	9.3	9.275	9.295	8750	yfinance_1m
2026-08-27T15:55:00-04:00	9.3	9.3	9.25	9.25	13360	yfinance_1m
2026-08-27T15:56:00-04:00	9.25	9.25	9.23	9.23	12533	yfinance_1m
2026-08-27T15:57:00-04:00	9.235	9.245	9.22	9.225	23858	yfinance_1m
2026-08-27T15:58:00-04:00	9.225	9.245	9.19	9.2	47460	yfinance_1m
2026-08-27T15:59:00-04:00	9.2122	9.22	9.19	9.2	80722	yfinance_1m
2026-08-28T09:30:00-04:00	9.18	9.32	9.13	9.27	55665	yfinance_1m
2026-08-28T09:31:00-04:00	9.24	9.31	9.24	9.28	4461	yfinance_1m
2026-08-28T09:32:00-04:00	9.31	9.33	9.16	9.19	19726	yfinance_1m
2026-08-28T09:33:00-04:00	9.21	9.22	9.15	9.2	4743	yfinance_1m
2026-08-28T09:34:00-04:00	9.19	9.2	9.17	9.2	3658	yfinance_1m
2026-08-28T09:35:00-04:00	9.18	9.225	9.17	9.225	4991	yfinance_1m
2026-08-28T09:36:00-04:00	9.18	9.18	9.15	9.155	7017	yfinance_1m
2026-08-28T09:37:00-04:00	9.15	9.17	9.14	9.17	5057	yfinance_1m
2026-08-28T09:38:00-04:00	9.16	9.18	9.16	9.17	2775	yfinance_1m
2026-08-28T09:39:00-04:00	9.18	9.2	9.17	9.185	3413	yfinance_1m
2026-08-28T09:40:00-04:00	9.17	9.18	9.1644	9.165	3978	yfinance_1m
2026-08-28T09:41:00-04:00	9.16	9.185	9.16	9.185	6796	yfinance_1m
2026-08-28T09:42:00-04:00	9.18	9.18	9.07	9.09	12570	yfinance_1m
2026-08-28T09:43:00-04:00	9.1	9.1499	9.09	9.1499	3312	yfinance_1m
2026-08-28T09:44:00-04:00	9.1093	9.1239	9.1093	9.115	786	yfinance_1m
2026-08-28T09:45:00-04:00	9.13	9.1399	9.11	9.1399	9682	yfinance_1m
2026-08-28T09:46:00-04:00	9.125	9.125	9.08	9.11	7332	yfinance_1m
2026-08-28T09:47:00-04:00	9.11	9.12	9.11	9.12	760	yfinance_1m
2026-08-28T09:48:00-04:00	9.115	9.12	9.115	9.12	1331	yfinance_1m
2026-08-28T09:49:00-04:00	9.14	9.19	9.14	9.19	3103	yfinance_1m
2026-08-28T09:50:00-04:00	9.17	9.19	9.17	9.19	3150	yfinance_1m
2026-08-28T09:51:00-04:00	9.16	9.24	9.16	9.21	17206	yfinance_1m
2026-08-28T09:52:00-04:00	9.2	9.2	9.19	9.2	3090	yfinance_1m
2026-08-28T09:53:00-04:00	9.21	9.24	9.21	9.24	3369	yfinance_1m
2026-08-28T09:54:00-04:00	9.24	9.25	9.24	9.25	1359	yfinance_1m
2026-08-28T09:55:00-04:00	9.26	9.3	9.26	9.3	2455	yfinance_1m
2026-08-28T09:56:00-04:00	9.34	9.36	9.33	9.33	22165	yfinance_1m
2026-08-28T09:57:00-04:00	9.3446	9.355	9.34	9.3472	18342	yfinance_1m
2026-08-28T09:58:00-04:00	9.34	9.36	9.34	9.36	6613	yfinance_1m
2026-08-28T09:59:00-04:00	9.36	9.36	9.34	9.34	5687	yfinance_1m
2026-08-28T10:00:00-04:00	9.33	9.38	9.3259	9.375	5689	yfinance_1m
2026-08-28T10:01:00-04:00	9.37	9.37	9.25	9.25	6428	yfinance_1m
2026-08-28T10:02:00-04:00	9.25	9.255	9.24	9.245	2611	yfinance_1m
2026-08-28T10:03:00-04:00	9.2353	9.24	9.19	9.19	3035	yfinance_1m
2026-08-28T10:04:00-04:00	9.205	9.22	9.17	9.21	5820	yfinance_1m
2026-08-28T10:05:00-04:00	9.215	9.215	9.19	9.19	3198	yfinance_1m
2026-08-28T10:06:00-04:00	9.19	9.19	9.15	9.15	5807	yfinance_1m
2026-08-28T10:07:00-04:00	9.175	9.18	9.175	9.18	2457	yfinance_1m
2026-08-28T10:08:00-04:00	9.16	9.17	9.16	9.17	1816	yfinance_1m
2026-08-28T10:09:00-04:00	9.15	9.18	9.15	9.16	4342	yfinance_1m
2026-08-28T10:10:00-04:00	9.1435	9.165	9.14	9.15	1918	yfinance_1m
2026-08-28T10:11:00-04:00	9.135	9.135	9.135	9.135	725	yfinance_1m
2026-08-28T10:12:00-04:00	9.12	9.14	9.1	9.14	2385	yfinance_1m
2026-08-28T10:13:00-04:00	9.13	9.13	9.11	9.11	1520	yfinance_1m
2026-08-28T10:14:00-04:00	9.1158	9.13	9.1	9.13	2976	yfinance_1m
2026-08-28T10:15:00-04:00	9.13	9.14	9.13	9.14	1051	yfinance_1m
2026-08-28T10:16:00-04:00	9.14	9.177	9.13	9.17	4249	yfinance_1m
2026-08-28T10:17:00-04:00	9.18	9.19	9.16	9.16	9032	yfinance_1m
2026-08-28T10:18:00-04:00	9.13	9.17	9.13	9.17	3188	yfinance_1m
2026-08-28T10:19:00-04:00	9.19	9.195	9.15	9.19	1866	yfinance_1m
2026-08-28T10:20:00-04:00	9.19	9.225	9.19	9.225	3444	yfinance_1m
2026-08-28T10:22:00-04:00	9.24	9.26	9.22	9.255	4993	yfinance_1m
2026-08-28T10:23:00-04:00	9.245	9.245	9.2	9.2	4305	yfinance_1m
2026-08-28T10:24:00-04:00	9.2	9.22	9.2	9.22	1695	yfinance_1m
2026-08-28T10:25:00-04:00	9.22	9.27	9.22	9.265	12186	yfinance_1m
2026-08-28T10:26:00-04:00	9.28	9.29	9.28	9.29	1627	yfinance_1m
2026-08-28T10:27:00-04:00	9.29	9.295	9.25	9.25	3594	yfinance_1m
2026-08-28T10:28:00-04:00	9.255	9.26	9.255	9.255	2098	yfinance_1m
2026-08-28T10:29:00-04:00	9.255	9.28	9.255	9.28	1900	yfinance_1m
2026-08-28T10:30:00-04:00	9.3	9.325	9.295	9.325	5340	yfinance_1m
2026-08-28T10:31:00-04:00	9.31	9.31	9.3	9.31	1874	yfinance_1m
2026-08-28T10:32:00-04:00	9.32	9.33	9.32	9.325	3308	yfinance_1m
2026-08-28T10:33:00-04:00	9.325	9.35	9.325	9.345	2435	yfinance_1m
2026-08-28T10:34:00-04:00	9.345	9.35	9.3291	9.33	2156	yfinance_1m
2026-08-28T10:35:00-04:00	9.35	9.37	9.35	9.362	6252	yfinance_1m
2026-08-28T10:36:00-04:00	9.37	9.38	9.36	9.38	3503	yfinance_1m
2026-08-28T10:37:00-04:00	9.39	9.39	9.365	9.365	10985	yfinance_1m
2026-08-28T10:38:00-04:00	9.37	9.37	9.3438	9.3438	2560	yfinance_1m
2026-08-28T10:39:00-04:00	9.34	9.34	9.325	9.325	2948	yfinance_1m
2026-08-28T10:40:00-04:00	9.33	9.33	9.33	9.33	2081	yfinance_1m
2026-08-28T10:41:00-04:00	9.33	9.33	9.3	9.3	2805	yfinance_1m
2026-08-28T10:42:00-04:00	9.2944	9.31	9.2944	9.31	1665	yfinance_1m
2026-08-28T10:43:00-04:00	9.33	9.33	9.325	9.325	1520	yfinance_1m
2026-08-28T10:44:00-04:00	9.34	9.37	9.33	9.33	15166	yfinance_1m
2026-08-28T10:45:00-04:00	9.33	9.33	9.32	9.325	1836	yfinance_1m
2026-08-28T10:46:00-04:00	9.33	9.345	9.33	9.345	4319	yfinance_1m
2026-08-28T10:47:00-04:00	9.345	9.345	9.32	9.32	2907	yfinance_1m
2026-08-28T10:48:00-04:00	9.31	9.31	9.3004	9.3004	831	yfinance_1m
2026-08-28T10:49:00-04:00	9.31	9.325	9.31	9.325	1932	yfinance_1m
2026-08-28T10:50:00-04:00	9.33	9.34	9.33	9.34	2236	yfinance_1m
2026-08-28T10:51:00-04:00	9.34	9.35	9.33	9.34	7176	yfinance_1m
2026-08-28T10:52:00-04:00	9.335	9.3381	9.335	9.335	3875	yfinance_1m
2026-08-28T10:53:00-04:00	9.335	9.335	9.305	9.325	6913	yfinance_1m
2026-08-28T10:54:00-04:00	9.315	9.315	9.305	9.305	1475	yfinance_1m
2026-08-28T10:55:00-04:00	9.31	9.31	9.31	9.31	2222	yfinance_1m
2026-08-28T10:56:00-04:00	9.315	9.315	9.31	9.315	3410	yfinance_1m
2026-08-28T10:57:00-04:00	9.315	9.315	9.3004	9.3004	1681	yfinance_1m
2026-08-28T10:59:00-04:00	9.305	9.305	9.3	9.3	2433	yfinance_1m
2026-08-28T11:00:00-04:00	9.3	9.305	9.3	9.3	2960	yfinance_1m
2026-08-28T11:01:00-04:00	9.29	9.295	9.275	9.275	3545	yfinance_1m
2026-08-28T11:02:00-04:00	9.27	9.27	9.26	9.26	1761	yfinance_1m
2026-08-28T11:03:00-04:00	9.26	9.26	9.26	9.26	1831	yfinance_1m
2026-08-28T11:04:00-04:00	9.26	9.26	9.24	9.24	8255	yfinance_1m
2026-08-28T11:05:00-04:00	9.24	9.275	9.24	9.27	5546	yfinance_1m
2026-08-28T11:06:00-04:00	9.27	9.275	9.27	9.275	812	yfinance_1m
2026-08-28T11:07:00-04:00	9.25	9.265	9.25	9.25	2392	yfinance_1m
2026-08-28T11:08:00-04:00	9.26	9.27	9.26	9.27	4681	yfinance_1m
2026-08-28T11:09:00-04:00	9.28	9.28	9.27	9.27	3734	yfinance_1m
2026-08-28T11:10:00-04:00	9.275	9.28	9.275	9.28	1020	yfinance_1m
2026-08-28T11:11:00-04:00	9.28	9.28	9.27	9.27	2450	yfinance_1m
2026-08-28T11:12:00-04:00	9.28	9.29	9.2798	9.29	2538	yfinance_1m
2026-08-28T11:13:00-04:00	9.29	9.295	9.29	9.295	1112	yfinance_1m
2026-08-28T11:14:00-04:00	9.29	9.29	9.2506	9.2506	7928	yfinance_1m
2026-08-28T11:18:00-04:00	9.26	9.27	9.26	9.265	1664	yfinance_1m
2026-08-28T11:19:00-04:00	9.26	9.26	9.26	9.26	1422	yfinance_1m
2026-08-28T11:20:00-04:00	9.27	9.32	9.27	9.32	4654	yfinance_1m
2026-08-28T11:21:00-04:00	9.32	9.32	9.29	9.29	4142	yfinance_1m
2026-08-28T11:22:00-04:00	9.28	9.29	9.28	9.285	2276	yfinance_1m
2026-08-28T11:23:00-04:00	9.285	9.29	9.285	9.29	1036	yfinance_1m
2026-08-28T11:24:00-04:00	9.29	9.29	9.28	9.28	2709	yfinance_1m
2026-08-28T11:25:00-04:00	9.27	9.28	9.27	9.28	1194	yfinance_1m
2026-08-28T11:26:00-04:00	9.29	9.29	9.29	9.29	1391	yfinance_1m
2026-08-28T11:27:00-04:00	9.27	9.27	9.27	9.27	1457	yfinance_1m
2026-08-28T11:28:00-04:00	9.27	9.28	9.27	9.279	13680	yfinance_1m
2026-08-28T11:29:00-04:00	9.28	9.28	9.28	9.28	644	yfinance_1m
2026-08-28T11:30:00-04:00	9.28	9.28	9.27	9.27	3072	yfinance_1m
2026-08-28T11:31:00-04:00	9.27	9.29	9.255	9.28	6141	yfinance_1m
2026-08-28T11:32:00-04:00	9.26	9.26	9.26	9.26	901	yfinance_1m
2026-08-28T11:33:00-04:00	9.2742	9.275	9.27	9.27	884	yfinance_1m
2026-08-28T11:34:00-04:00	9.26	9.26	9.26	9.26	793	yfinance_1m
2026-08-28T11:35:00-04:00	9.27	9.275	9.27	9.275	4559	yfinance_1m
2026-08-28T11:36:00-04:00	9.28	9.28	9.2792	9.28	3900	yfinance_1m
2026-08-28T11:37:00-04:00	9.27	9.27	9.26	9.26	5861	yfinance_1m
2026-08-28T11:38:00-04:00	9.26	9.28	9.26	9.27	3233	yfinance_1m
2026-08-28T11:39:00-04:00	9.27	9.2758	9.27	9.2731	3012	yfinance_1m
2026-08-28T11:40:00-04:00	9.26	9.26	9.26	9.26	755	yfinance_1m
2026-08-28T11:41:00-04:00	9.25	9.25	9.24	9.24	2326	yfinance_1m
2026-08-28T11:42:00-04:00	9.25	9.25	9.24	9.24	15399	yfinance_1m
2026-08-28T11:43:00-04:00	9.23	9.24	9.2221	9.24	6326	yfinance_1m
2026-08-28T11:44:00-04:00	9.235	9.235	9.23	9.23	1288	yfinance_1m
2026-08-28T11:45:00-04:00	9.23	9.23	9.21	9.21	4655	yfinance_1m
2026-08-28T11:46:00-04:00	9.21	9.22	9.21	9.22	6746	yfinance_1m
2026-08-28T11:47:00-04:00	9.22	9.22	9.2	9.205	5482	yfinance_1m
2026-08-28T11:48:00-04:00	9.2	9.2	9.2	9.2	6035	yfinance_1m
2026-08-28T11:49:00-04:00	9.2	9.2	9.2	9.2	2060	yfinance_1m
2026-08-28T11:50:00-04:00	9.2	9.21	9.2	9.205	9204	yfinance_1m
2026-08-28T11:51:00-04:00	9.21	9.21	9.19	9.19	6258	yfinance_1m
2026-08-28T11:52:00-04:00	9.185	9.19	9.18	9.19	2401	yfinance_1m
2026-08-28T11:53:00-04:00	9.18	9.18	9.17	9.18	3611	yfinance_1m
2026-08-28T11:54:00-04:00	9.1893	9.1893	9.175	9.18	2546	yfinance_1m
2026-08-28T11:55:00-04:00	9.17	9.17	9.16	9.16	3478	yfinance_1m
2026-08-28T11:56:00-04:00	9.16	9.16	9.155	9.16	5800	yfinance_1m
2026-08-28T11:57:00-04:00	9.15	9.16	9.14	9.14	7340	yfinance_1m
2026-08-28T11:58:00-04:00	9.14	9.15	9.14	9.15	2420	yfinance_1m
2026-08-28T11:59:00-04:00	9.145	9.16	9.14	9.16	4061	yfinance_1m
2026-08-28T12:00:00-04:00	9.155	9.1632	9.155	9.1632	2738	yfinance_1m
2026-08-28T12:01:00-04:00	9.16	9.1699	9.155	9.16	3137	yfinance_1m
2026-08-28T12:02:00-04:00	9.17	9.1761	9.17	9.1761	1038	yfinance_1m
2026-08-28T12:03:00-04:00	9.175	9.195	9.175	9.195	6308	yfinance_1m
2026-08-28T12:04:00-04:00	9.19	9.19	9.17	9.1756	4140	yfinance_1m
2026-08-28T12:05:00-04:00	9.17	9.17	9.16	9.17	5541	yfinance_1m
2026-08-28T12:07:00-04:00	9.1899	9.1899	9.1899	9.1899	1887	yfinance_1m
2026-08-28T12:08:00-04:00	9.18	9.18	9.18	9.18	1322	yfinance_1m
2026-08-28T12:09:00-04:00	9.18	9.18	9.175	9.175	3940	yfinance_1m
2026-08-28T12:10:00-04:00	9.1799	9.18	9.16	9.165	5425	yfinance_1m
2026-08-28T12:11:00-04:00	9.16	9.16	9.16	9.16	1967	yfinance_1m
2026-08-28T12:12:00-04:00	9.16	9.17	9.16	9.17	1525	yfinance_1m
2026-08-28T12:13:00-04:00	9.17	9.175	9.17	9.17	1393	yfinance_1m
2026-08-28T12:14:00-04:00	9.1748	9.1751	9.16	9.16	3696	yfinance_1m
2026-08-28T12:15:00-04:00	9.16	9.16	9.15	9.15	3459	yfinance_1m
2026-08-28T12:16:00-04:00	9.15	9.15	9.15	9.15	1210	yfinance_1m
2026-08-28T12:17:00-04:00	9.14	9.14	9.14	9.14	1978	yfinance_1m
2026-08-28T12:18:00-04:00	9.1352	9.14	9.1352	9.1399	2378	yfinance_1m
2026-08-28T12:19:00-04:00	9.135	9.135	9.135	9.135	842	yfinance_1m
2026-08-28T12:20:00-04:00	9.135	9.145	9.135	9.135	4143	yfinance_1m
2026-08-28T12:21:00-04:00	9.14	9.14	9.13	9.13	1022	yfinance_1m
2026-08-28T12:22:00-04:00	9.14	9.14	9.1	9.11	12875	yfinance_1m
2026-08-28T12:23:00-04:00	9.11	9.11	9.105	9.11	1717	yfinance_1m
2026-08-28T12:24:00-04:00	9.115	9.115	9.11	9.11	2538	yfinance_1m
2026-08-28T12:25:00-04:00	9.11	9.11	9.11	9.11	271	yfinance_1m
2026-08-28T12:26:00-04:00	9.115	9.1221	9.115	9.12	3590	yfinance_1m
2026-08-28T12:27:00-04:00	9.125	9.14	9.125	9.14	3031	yfinance_1m
2026-08-28T12:28:00-04:00	9.14	9.1411	9.14	9.1411	2768	yfinance_1m
2026-08-28T12:29:00-04:00	9.1438	9.15	9.1438	9.15	1366	yfinance_1m
2026-08-28T12:30:00-04:00	9.14	9.14	9.1201	9.14	4297	yfinance_1m
2026-08-28T12:31:00-04:00	9.13	9.13	9.13	9.13	1670	yfinance_1m
2026-08-28T12:32:00-04:00	9.14	9.14	9.135	9.135	2009	yfinance_1m
2026-08-28T12:33:00-04:00	9.13	9.13	9.12	9.13	3172	yfinance_1m
2026-08-28T12:34:00-04:00	9.13	9.13	9.1	9.1	3464	yfinance_1m
2026-08-28T12:35:00-04:00	9.1	9.11	9.07	9.08	12603	yfinance_1m
2026-08-28T12:36:00-04:00	9.08	9.12	9.07	9.12	12780	yfinance_1m
2026-08-28T12:38:00-04:00	9.12	9.12	9.12	9.12	2137	yfinance_1m
2026-08-28T12:39:00-04:00	9.12	9.12	9.1	9.1	3554	yfinance_1m
2026-08-28T12:40:00-04:00	9.11	9.11	9.11	9.11	1007	yfinance_1m
2026-08-28T12:41:00-04:00	9.09	9.095	9.09	9.095	990	yfinance_1m
2026-08-28T12:42:00-04:00	9.1	9.1	9.1	9.1	1858	yfinance_1m
2026-08-28T12:43:00-04:00	9.11	9.115	9.11	9.115	1500	yfinance_1m
2026-08-28T12:44:00-04:00	9.1	9.102	9.1	9.1	3920	yfinance_1m
2026-08-28T12:46:00-04:00	9.105	9.105	9.1	9.1	1821	yfinance_1m
2026-08-28T12:47:00-04:00	9.1	9.13	9.1	9.13	5176	yfinance_1m
2026-08-28T12:48:00-04:00	9.1498	9.17	9.13	9.15	24836	yfinance_1m
2026-08-28T12:49:00-04:00	9.14	9.14	9.135	9.14	2761	yfinance_1m
2026-08-28T12:50:00-04:00	9.14	9.14	9.14	9.14	402	yfinance_1m
2026-08-28T12:51:00-04:00	9.14	9.16	9.14	9.14	1719	yfinance_1m
2026-08-28T12:52:00-04:00	9.15	9.17	9.15	9.17	3918	yfinance_1m
2026-08-28T12:53:00-04:00	9.165	9.165	9.15	9.16	1100	yfinance_1m
2026-08-28T12:54:00-04:00	9.17	9.1799	9.15	9.15	6879	yfinance_1m
2026-08-28T12:55:00-04:00	9.14	9.145	9.13	9.145	2904	yfinance_1m
2026-08-28T12:56:00-04:00	9.15	9.15	9.15	9.15	1669	yfinance_1m
2026-08-28T12:57:00-04:00	9.14	9.14	9.14	9.14	1070	yfinance_1m
2026-08-28T12:58:00-04:00	9.152	9.152	9.152	9.152	229	yfinance_1m
2026-08-28T12:59:00-04:00	9.15	9.15	9.14	9.14	3787	yfinance_1m
2026-08-28T13:00:00-04:00	9.12	9.12	9.11	9.11	1453	yfinance_1m
2026-08-28T13:01:00-04:00	9.1	9.1	9.08	9.095	1649	yfinance_1m
2026-08-28T13:02:00-04:00	9.11	9.1177	9.11	9.1177	1031	yfinance_1m
2026-08-28T13:03:00-04:00	9.115	9.115	9.115	9.115	163	yfinance_1m
2026-08-28T13:04:00-04:00	9.11	9.11	9.1	9.1	4039	yfinance_1m
2026-08-28T13:06:00-04:00	9.08	9.09	9.08	9.08	2352	yfinance_1m
2026-08-28T13:07:00-04:00	9.08	9.08	9.08	9.08	2061	yfinance_1m
2026-08-28T13:08:00-04:00	9.09	9.1	9.09	9.1	2532	yfinance_1m
2026-08-28T13:09:00-04:00	9.1	9.1	9.1	9.1	724	yfinance_1m
2026-08-28T13:10:00-04:00	9.095	9.095	9.02	9.02	35081	yfinance_1m
2026-08-28T13:11:00-04:00	9.02	9.03	9.01	9.02	32954	yfinance_1m
2026-08-28T13:12:00-04:00	9.02	9.04	9.02	9.03	7553	yfinance_1m
2026-08-28T13:13:00-04:00	9.025	9.045	9.025	9.045	1423	yfinance_1m
2026-08-28T13:14:00-04:00	9.04	9.05	9.04	9.05	1572	yfinance_1m
2026-08-28T13:15:00-04:00	9.05	9.05	9.0473	9.0473	1976	yfinance_1m
2026-08-28T13:16:00-04:00	9.04	9.04	9.02	9.02	6204	yfinance_1m
2026-08-28T13:17:00-04:00	9.0499	9.0499	9.02	9.03	2883	yfinance_1m
2026-08-28T13:18:00-04:00	9.04	9.0499	9.03	9.03	917	yfinance_1m
2026-08-28T13:19:00-04:00	9.04	9.0402	9.04	9.04	2328	yfinance_1m
2026-08-28T13:20:00-04:00	9.0402	9.055	9.04	9.05	10826	yfinance_1m
2026-08-28T13:21:00-04:00	9.06	9.06	9.02	9.02	4372	yfinance_1m
2026-08-28T13:22:00-04:00	9.0341	9.0351	9.03	9.03	2696	yfinance_1m
2026-08-28T13:23:00-04:00	9.03	9.035	9.02	9.02	6095	yfinance_1m
2026-08-28T13:24:00-04:00	9.02	9.045	9.0	9.03	78416	yfinance_1m
2026-08-28T13:25:00-04:00	9.045	9.06	9.045	9.06	2419	yfinance_1m
2026-08-28T13:27:00-04:00	9.065	9.07	9.05	9.05	1053	yfinance_1m
2026-08-28T13:28:00-04:00	9.065	9.0703	9.05	9.07	4485	yfinance_1m
2026-08-28T13:29:00-04:00	9.0746	9.0746	9.07	9.07	2494	yfinance_1m
2026-08-28T13:30:00-04:00	9.06	9.0689	9.05	9.06	2579	yfinance_1m
2026-08-28T13:31:00-04:00	9.06	9.06	9.05	9.06	1599	yfinance_1m
2026-08-28T13:32:00-04:00	9.05	9.05	9.05	9.05	1289	yfinance_1m
2026-08-28T13:33:00-04:00	9.06	9.07	9.06	9.06	3997	yfinance_1m
2026-08-28T13:34:00-04:00	9.05	9.05	9.05	9.05	1494	yfinance_1m
2026-08-28T13:35:00-04:00	9.04	9.04	9.03	9.03	6030	yfinance_1m
2026-08-28T13:36:00-04:00	9.03	9.03	9.03	9.03	1294	yfinance_1m
2026-08-28T13:37:00-04:00	9.03	9.03	9.02	9.02	4923	yfinance_1m
2026-08-28T13:38:00-04:00	9.02	9.02	9.02	9.02	1441	yfinance_1m
2026-08-28T13:40:00-04:00	9.03	9.03	9.01	9.01	831	yfinance_1m
2026-08-28T13:41:00-04:00	9.02	9.03	9.01	9.02	3017	yfinance_1m
2026-08-28T13:42:00-04:00	9.02	9.03	9.02	9.03	2917	yfinance_1m
2026-08-28T13:43:00-04:00	9.02	9.02	9.02	9.02	1557	yfinance_1m
2026-08-28T13:44:00-04:00	9.02	9.02	9.02	9.02	712	yfinance_1m
2026-08-28T13:45:00-04:00	9.025	9.025	9.025	9.025	1696	yfinance_1m
2026-08-28T13:46:00-04:00	9.03	9.04	9.03	9.04	1834	yfinance_1m
2026-08-28T13:47:00-04:00	9.045	9.045	9.04	9.04	1863	yfinance_1m
2026-08-28T13:49:00-04:00	9.04	9.05	9.04	9.05	2974	yfinance_1m
2026-08-28T13:50:00-04:00	9.05	9.05	9.0361	9.04	5081	yfinance_1m
2026-08-28T13:51:00-04:00	9.04	9.04	9.03	9.0399	455	yfinance_1m
2026-08-28T13:52:00-04:00	9.0328	9.0328	9.0328	9.0328	942	yfinance_1m
2026-08-28T13:53:00-04:00	9.04	9.04	9.04	9.04	550	yfinance_1m
2026-08-28T13:54:00-04:00	9.04	9.04	9.04	9.04	502	yfinance_1m
2026-08-28T13:55:00-04:00	9.04	9.04	9.03	9.03	4657	yfinance_1m
2026-08-28T13:56:00-04:00	9.03	9.0398	9.03	9.03	6891	yfinance_1m
2026-08-28T13:57:00-04:00	9.03	9.03	9.03	9.03	790	yfinance_1m
2026-08-28T13:58:00-04:00	9.04	9.04	9.03	9.04	3539	yfinance_1m
2026-08-28T13:59:00-04:00	9.04	9.04	9.04	9.04	2295	yfinance_1m
2026-08-28T14:00:00-04:00	9.0452	9.0452	9.045	9.045	1228	yfinance_1m
2026-08-28T14:01:00-04:00	9.04	9.045	9.04	9.04	2848	yfinance_1m
2026-08-28T14:02:00-04:00	9.03	9.03	9.02	9.02	5527	yfinance_1m
2026-08-28T14:03:00-04:00	9.025	9.0282	9.02	9.02	2898	yfinance_1m
2026-08-28T14:05:00-04:00	9.025	9.03	9.025	9.03	1908	yfinance_1m
2026-08-28T14:06:00-04:00	9.03	9.03	9.03	9.03	1007	yfinance_1m
2026-08-28T14:07:00-04:00	9.03	9.03	9.02	9.02	1575	yfinance_1m
2026-08-28T14:08:00-04:00	9.02	9.025	9.02	9.025	3029	yfinance_1m
2026-08-28T14:09:00-04:00	9.03	9.035	9.03	9.03	1790	yfinance_1m
2026-08-28T14:11:00-04:00	9.035	9.035	9.03	9.03	872	yfinance_1m
2026-08-28T14:12:00-04:00	9.035	9.035	9.035	9.035	2091	yfinance_1m
2026-08-28T14:13:00-04:00	9.0354	9.0354	9.035	9.035	2981	yfinance_1m
2026-08-28T14:14:00-04:00	9.04	9.04	9.03	9.035	4409	yfinance_1m
2026-08-28T14:15:00-04:00	9.035	9.04	9.035	9.035	1514	yfinance_1m
2026-08-28T14:16:00-04:00	9.045	9.055	9.04	9.055	5543	yfinance_1m
2026-08-28T14:17:00-04:00	9.055	9.055	9.04	9.05	5775	yfinance_1m
2026-08-28T14:18:00-04:00	9.05	9.05	9.045	9.045	3918	yfinance_1m
2026-08-28T14:19:00-04:00	9.04	9.04	9.035	9.035	2406	yfinance_1m
2026-08-28T14:20:00-04:00	9.035	9.035	9.03	9.03	2206	yfinance_1m
2026-08-28T14:21:00-04:00	9.03	9.05	9.03	9.05	2170	yfinance_1m
2026-08-28T14:22:00-04:00	9.045	9.045	9.04	9.04	521	yfinance_1m
2026-08-28T14:23:00-04:00	9.0416	9.045	9.03	9.035	14382	yfinance_1m
2026-08-28T14:24:00-04:00	9.04	9.04	9.04	9.04	2135	yfinance_1m
2026-08-28T14:25:00-04:00	9.0451	9.0451	9.0451	9.0451	916	yfinance_1m
2026-08-28T14:26:00-04:00	9.05	9.05	9.04	9.04	2073	yfinance_1m
2026-08-28T14:28:00-04:00	9.05	9.06	9.05	9.06	2354	yfinance_1m
2026-08-28T14:29:00-04:00	9.065	9.065	9.06	9.065	1836	yfinance_1m
2026-08-28T14:30:00-04:00	9.06	9.06	9.06	9.06	3429	yfinance_1m
2026-08-28T14:31:00-04:00	9.05	9.05	9.05	9.05	850	yfinance_1m
2026-08-28T14:32:00-04:00	9.05	9.05	9.04	9.04	1004	yfinance_1m
2026-08-28T14:33:00-04:00	9.045	9.045	9.045	9.045	758	yfinance_1m
2026-08-28T14:34:00-04:00	9.045	9.045	9.04	9.04	3531	yfinance_1m
2026-08-28T14:35:00-04:00	9.035	9.035	9.035	9.035	1378	yfinance_1m
2026-08-28T14:36:00-04:00	9.0345	9.04	9.03	9.0399	2783	yfinance_1m
2026-08-28T14:37:00-04:00	9.035	9.035	9.03	9.035	1457	yfinance_1m
2026-08-28T14:38:00-04:00	9.03	9.03	9.02	9.02	2794	yfinance_1m
2026-08-28T14:39:00-04:00	9.03	9.038655	9.03	9.038655	1507	yfinance_1m
2026-08-28T14:40:00-04:00	9.04	9.045	9.04	9.04	1485	yfinance_1m
2026-08-28T14:41:00-04:00	9.04	9.04	9.04	9.04	744	yfinance_1m
2026-08-28T14:42:00-04:00	9.04	9.04	9.035	9.035	980	yfinance_1m
2026-08-28T14:43:00-04:00	9.035	9.035	9.03	9.035	1408	yfinance_1m
2026-08-28T14:44:00-04:00	9.035	9.035	9.035	9.035	539	yfinance_1m
2026-08-28T14:45:00-04:00	9.035	9.035	9.025	9.025	4071	yfinance_1m
2026-08-28T14:46:00-04:00	9.025	9.025	9.025	9.025	514	yfinance_1m
2026-08-28T14:47:00-04:00	9.025	9.025	9.02	9.025	1317	yfinance_1m
2026-08-28T14:48:00-04:00	9.02	9.02	9.02	9.02	3845	yfinance_1m
2026-08-28T14:49:00-04:00	9.02	9.025	9.02	9.025	3133	yfinance_1m
2026-08-28T14:50:00-04:00	9.025	9.025	9.025	9.025	1178	yfinance_1m
2026-08-28T14:51:00-04:00	9.025	9.025	9.02	9.02	324	yfinance_1m
2026-08-28T14:52:00-04:00	9.03	9.03	9.02	9.02	1291	yfinance_1m
2026-08-28T14:53:00-04:00	9.025	9.025	9.005	9.005	21946	yfinance_1m
2026-08-28T14:54:00-04:00	9.005	9.005	9.0	9.005	1563	yfinance_1m
2026-08-28T14:55:00-04:00	9.0	9.01	8.99	8.9951	20606	yfinance_1m
2026-08-28T14:56:00-04:00	8.995	8.9952	8.995	8.995	4294	yfinance_1m
2026-08-28T14:57:00-04:00	8.995	8.995	8.995	8.995	469	yfinance_1m
2026-08-28T14:58:00-04:00	8.99	9.005	8.985	9.005	14667	yfinance_1m
2026-08-28T14:59:00-04:00	9.0	9.0	9.0	9.0	233	yfinance_1m
2026-08-28T15:00:00-04:00	9.0	9.0	8.99	8.99	4863	yfinance_1m
2026-08-28T15:01:00-04:00	8.995	8.9959	8.99	8.995	1368	yfinance_1m
2026-08-28T15:02:00-04:00	9.0	9.0	8.99	8.9954	5107	yfinance_1m
2026-08-28T15:03:00-04:00	8.995	8.9999	8.99	8.9999	1452	yfinance_1m
2026-08-28T15:04:00-04:00	8.995	8.995	8.99	8.99	7360	yfinance_1m
2026-08-28T15:05:00-04:00	8.99	9.0	8.99	9.0	6702	yfinance_1m
2026-08-28T15:06:00-04:00	9.0	9.0	9.0	9.0	783	yfinance_1m
2026-08-28T15:07:00-04:00	9.005	9.005	9.005	9.005	1503	yfinance_1m
2026-08-28T15:08:00-04:00	9.005	9.01	9.005	9.01	2113	yfinance_1m
2026-08-28T15:09:00-04:00	9.01	9.015	9.01	9.015	1983	yfinance_1m
2026-08-28T15:10:00-04:00	9.01	9.01	9.01	9.01	2299	yfinance_1m
2026-08-28T15:11:00-04:00	9.0	9.01	9.0	9.01	2131	yfinance_1m
2026-08-28T15:12:00-04:00	9.015	9.015	9.01	9.01	1325	yfinance_1m
2026-08-28T15:13:00-04:00	9.015	9.015	9.015	9.015	1031	yfinance_1m
2026-08-28T15:14:00-04:00	9.015	9.015	9.01	9.015	1506	yfinance_1m
2026-08-28T15:15:00-04:00	9.015	9.015	9.005	9.005	5889	yfinance_1m
2026-08-28T15:16:00-04:00	9.005	9.005	9.005	9.005	2302	yfinance_1m
2026-08-28T15:17:00-04:00	9.005	9.005	9.0	9.0	3369	yfinance_1m
2026-08-28T15:18:00-04:00	9.0	9.01	9.0	9.01	4432	yfinance_1m
2026-08-28T15:19:00-04:00	9.01	9.01	9.01	9.01	316	yfinance_1m
2026-08-28T15:20:00-04:00	9.01	9.0102	9.01	9.0102	1479	yfinance_1m
2026-08-28T15:21:00-04:00	9.02	9.03	9.02	9.03	2631	yfinance_1m
2026-08-28T15:22:00-04:00	9.025	9.029	9.01	9.01	12795	yfinance_1m
2026-08-28T15:23:00-04:00	9.015	9.02	9.015	9.02	3121	yfinance_1m
2026-08-28T15:24:00-04:00	9.025	9.025	9.025	9.025	1756	yfinance_1m
2026-08-28T15:25:00-04:00	9.025	9.03	9.025	9.03	2217	yfinance_1m
2026-08-28T15:26:00-04:00	9.04	9.045	9.04	9.045	2077	yfinance_1m
2026-08-28T15:27:00-04:00	9.05	9.05	9.045	9.045	2063	yfinance_1m
2026-08-28T15:28:00-04:00	9.05	9.05	9.05	9.05	1964	yfinance_1m
2026-08-28T15:29:00-04:00	9.045	9.045	9.045	9.045	1507	yfinance_1m
2026-08-28T15:30:00-04:00	9.045	9.045	9.02	9.03	15915	yfinance_1m
2026-08-28T15:31:00-04:00	9.035	9.035	9.035	9.035	1357	yfinance_1m
2026-08-28T15:32:00-04:00	9.035	9.035	9.025	9.03	6201	yfinance_1m
2026-08-28T15:33:00-04:00	9.02	9.0292	9.02	9.02	6778	yfinance_1m
2026-08-28T15:34:00-04:00	9.01	9.015	9.01	9.015	681	yfinance_1m
2026-08-28T15:35:00-04:00	9.015	9.055	9.015	9.045	12545	yfinance_1m
2026-08-28T15:36:00-04:00	9.05	9.05	9.05	9.05	1877	yfinance_1m
2026-08-28T15:37:00-04:00	9.04	9.045	9.02	9.03	6397	yfinance_1m
2026-08-28T15:38:00-04:00	9.025	9.035	9.02	9.035	5397	yfinance_1m
2026-08-28T15:39:00-04:00	9.03	9.03	9.02	9.02	3765	yfinance_1m
2026-08-28T15:40:00-04:00	9.01	9.025	9.01	9.025	5015	yfinance_1m
2026-08-28T15:41:00-04:00	9.0252	9.0252	9.025	9.025	2286	yfinance_1m
2026-08-28T15:42:00-04:00	9.025	9.025	9.025	9.025	2421	yfinance_1m
2026-08-28T15:43:00-04:00	9.025	9.045	9.025	9.045	3932	yfinance_1m
2026-08-28T15:44:00-04:00	9.045	9.05	9.035	9.035	8765	yfinance_1m
2026-08-28T15:45:00-04:00	9.03	9.03	9.02	9.025	5811	yfinance_1m
2026-08-28T15:46:00-04:00	9.02	9.02	9.015	9.02	6633	yfinance_1m
2026-08-28T15:47:00-04:00	9.02	9.0299	9.02	9.0299	8278	yfinance_1m
2026-08-28T15:48:00-04:00	9.03	9.04	9.03	9.04	6705	yfinance_1m
2026-08-28T15:49:00-04:00	9.04	9.04	9.02	9.03	16613	yfinance_1m
2026-08-28T15:50:00-04:00	9.03	9.03	9.0	9.005	23969	yfinance_1m
2026-08-28T15:51:00-04:00	9.01	9.01	8.98	8.985	22986	yfinance_1m
2026-08-28T15:52:00-04:00	8.985	9.005	8.985	9.0049	10049	yfinance_1m
2026-08-28T15:53:00-04:00	9.0	9.0	8.98	8.9851	12217	yfinance_1m
2026-08-28T15:54:00-04:00	8.98	9.01	8.98	9.001	14823	yfinance_1m
2026-08-28T15:55:00-04:00	9.0	9.01	8.98	8.98	18219	yfinance_1m
2026-08-28T15:56:00-04:00	8.98	8.995	8.98	8.985	19022	yfinance_1m
2026-08-28T15:57:00-04:00	8.985	8.99	8.98	8.985	15247	yfinance_1m
2026-08-28T15:58:00-04:00	8.985	8.985	8.95	8.965	56288	yfinance_1m
2026-08-28T15:59:00-04:00	8.965	8.99	8.95	8.96	60255	yfinance_1m
2026-08-31T09:30:00-04:00	8.95	9.03	8.945	9.03	43664	yfinance_1m
2026-08-31T09:31:00-04:00	9.01	9.12	8.9847	9.07	7105	yfinance_1m
2026-08-31T09:32:00-04:00	9.15	9.26	9.145	9.2	7490	yfinance_1m
2026-08-31T09:33:00-04:00	9.21	9.29	9.06	9.14	25215	yfinance_1m
2026-08-31T09:34:00-04:00	9.17	9.17	9.124	9.124	2407	yfinance_1m
2026-08-31T09:35:00-04:00	9.11	9.11	9.08	9.09	2156	yfinance_1m
2026-08-31T09:36:00-04:00	9.095	9.095	9.05	9.07	4659	yfinance_1m
2026-08-31T09:37:00-04:00	9.08	9.08	9.06	9.06	2402	yfinance_1m
2026-08-31T09:38:00-04:00	9.06	9.08	9.04	9.05	8956	yfinance_1m
2026-08-31T09:39:00-04:00	9.05	9.07	9.05	9.06	1244	yfinance_1m
2026-08-31T09:40:00-04:00	9.06	9.06	9.04	9.055	5508	yfinance_1m
2026-08-31T09:41:00-04:00	9.03	9.04	8.97	9.04	12470	yfinance_1m
2026-08-31T09:42:00-04:00	9.0	9.045	9.0	9.045	5253	yfinance_1m
2026-08-31T09:43:00-04:00	9.0543	9.06	9.01	9.06	3151	yfinance_1m
2026-08-31T09:44:00-04:00	9.06	9.1	9.055	9.0986	6330	yfinance_1m
2026-08-31T09:45:00-04:00	9.05	9.06	9.03	9.06	7130	yfinance_1m
2026-08-31T09:46:00-04:00	9.04	9.05	9.0	9.01	4216	yfinance_1m
2026-08-31T09:47:00-04:00	9.026	9.035	9.0	9.035	2464	yfinance_1m
2026-08-31T09:48:00-04:00	9.045	9.09	9.045	9.065	1569	yfinance_1m
2026-08-31T09:49:00-04:00	9.09	9.09	9.04	9.045	5329	yfinance_1m
2026-08-31T09:50:00-04:00	9.04	9.04	9.01	9.0182	5064	yfinance_1m
2026-08-31T09:51:00-04:00	9.0211	9.035	9.01	9.035	1999	yfinance_1m
2026-08-31T09:52:00-04:00	9.035	9.1	9.02	9.1	3492	yfinance_1m
2026-08-31T09:53:00-04:00	9.08	9.08	9.075	9.08	1362	yfinance_1m
2026-08-31T09:54:00-04:00	9.08	9.08	9.05	9.05	2659	yfinance_1m
2026-08-31T09:55:00-04:00	9.055	9.07	9.04	9.065	4290	yfinance_1m
2026-08-31T09:56:00-04:00	9.07	9.07	9.0506	9.06	2418	yfinance_1m
2026-08-31T09:57:00-04:00	9.06	9.07	9.06	9.06	1295	yfinance_1m
2026-08-31T09:58:00-04:00	9.06	9.065	9.05	9.065	9802	yfinance_1m
2026-08-31T09:59:00-04:00	9.07	9.07	9.05	9.06	1744	yfinance_1m
2026-08-31T10:00:00-04:00	9.065	9.065	9.04	9.04	2857	yfinance_1m
2026-08-31T10:01:00-04:00	9.05	9.05	9.04	9.05	2123	yfinance_1m
2026-08-31T10:02:00-04:00	9.05	9.075	9.05	9.075	2449	yfinance_1m
2026-08-31T10:03:00-04:00	9.06	9.065	9.05	9.05	5503	yfinance_1m
2026-08-31T10:04:00-04:00	9.04	9.06	9.04	9.06	4982	yfinance_1m
2026-08-31T10:05:00-04:00	9.065	9.08	9.06	9.08	18241	yfinance_1m
2026-08-31T10:06:00-04:00	9.06	9.06	9.03	9.03	4214	yfinance_1m
2026-08-31T10:07:00-04:00	9.02	9.06	9.01	9.06	9550	yfinance_1m
2026-08-31T10:08:00-04:00	9.07	9.1	9.07	9.09	1930	yfinance_1m
2026-08-31T10:09:00-04:00	9.095	9.095	9.075	9.08	4778	yfinance_1m
2026-08-31T10:10:00-04:00	9.08	9.09	9.08	9.09	3570	yfinance_1m
2026-08-31T10:11:00-04:00	9.095	9.11	9.095	9.095	3156	yfinance_1m
2026-08-31T10:12:00-04:00	9.095	9.095	9.08	9.08	1899	yfinance_1m
2026-08-31T10:13:00-04:00	9.0718	9.11	9.06	9.06	3443	yfinance_1m
2026-08-31T10:14:00-04:00	9.06	9.09	9.06	9.09	3563	yfinance_1m
2026-08-31T10:15:00-04:00	9.09	9.1	9.09	9.09	1862	yfinance_1m
2026-08-31T10:16:00-04:00	9.09	9.15	9.08	9.13	7492	yfinance_1m
2026-08-31T10:17:00-04:00	9.14	9.17	9.13	9.1698	5944	yfinance_1m
2026-08-31T10:18:00-04:00	9.17	9.22	9.17	9.21	18881	yfinance_1m
2026-08-31T10:19:00-04:00	9.21	9.21	9.16	9.16	5672	yfinance_1m
2026-08-31T10:20:00-04:00	9.16	9.16	9.07	9.07	8341	yfinance_1m
2026-08-31T10:21:00-04:00	9.05	9.11	9.05	9.1	6369	yfinance_1m
2026-08-31T10:22:00-04:00	9.09	9.1213	9.09	9.1	2121	yfinance_1m
2026-08-31T10:23:00-04:00	9.09	9.11	9.09	9.11	9174	yfinance_1m
2026-08-31T10:24:00-04:00	9.11	9.11	9.085	9.09	7828	yfinance_1m
2026-08-31T10:25:00-04:00	9.08	9.08	9.075	9.075	1176	yfinance_1m
2026-08-31T10:26:00-04:00	9.075	9.075	9.06	9.06	1719	yfinance_1m
2026-08-31T10:27:00-04:00	9.05	9.0599	9.05	9.0599	2651	yfinance_1m
2026-08-31T10:28:00-04:00	9.05	9.07	9.05	9.07	3489	yfinance_1m
2026-08-31T10:29:00-04:00	9.07	9.07	9.05	9.05	1597	yfinance_1m
2026-08-31T10:30:00-04:00	9.04	9.05	9.04	9.05	1427	yfinance_1m
2026-08-31T10:31:00-04:00	9.0441	9.07	9.0441	9.07	2375	yfinance_1m
2026-08-31T10:32:00-04:00	9.07	9.07	9.06	9.06	1714	yfinance_1m
2026-08-31T10:33:00-04:00	9.06	9.06	9.055	9.06	2161	yfinance_1m
2026-08-31T10:34:00-04:00	9.06	9.075	9.06	9.06	3554	yfinance_1m
2026-08-31T10:35:00-04:00	9.05	9.07	9.0495	9.07	5344	yfinance_1m
2026-08-31T10:36:00-04:00	9.08	9.08	9.06	9.06	2129	yfinance_1m
2026-08-31T10:37:00-04:00	9.065	9.065	9.06	9.06	977	yfinance_1m
2026-08-31T10:38:00-04:00	9.05	9.06	9.05	9.06	2741	yfinance_1m
2026-08-31T10:39:00-04:00	9.05	9.065	9.05	9.06	2691	yfinance_1m
2026-08-31T10:40:00-04:00	9.05	9.06	9.05	9.06	2100	yfinance_1m
2026-08-31T10:41:00-04:00	9.0635	9.0987	9.06	9.07	12539	yfinance_1m
2026-08-31T10:42:00-04:00	9.065	9.07	9.065	9.07	3585	yfinance_1m
2026-08-31T10:43:00-04:00	9.07	9.08	9.07	9.08	1424	yfinance_1m
2026-08-31T10:44:00-04:00	9.08	9.08	9.025	9.04	29646	yfinance_1m
2026-08-31T10:45:00-04:00	9.05	9.07	9.049	9.07	8719	yfinance_1m
2026-08-31T10:46:00-04:00	9.1	9.1	9.1	9.1	1535	yfinance_1m
2026-08-31T10:47:00-04:00	9.11	9.11	9.05	9.05	5468	yfinance_1m
2026-08-31T10:48:00-04:00	9.065	9.065	9.05	9.05	1707	yfinance_1m
2026-08-31T10:49:00-04:00	9.05	9.06	9.035	9.035	1968	yfinance_1m
2026-08-31T10:50:00-04:00	9.045	9.05	9.045	9.05	1014	yfinance_1m
2026-08-31T10:51:00-04:00	9.06	9.07	9.04	9.07	3610	yfinance_1m
2026-08-31T10:52:00-04:00	9.0716	9.0716	9.065	9.065	3039	yfinance_1m
2026-08-31T10:53:00-04:00	9.065	9.065	9.03	9.03	5899	yfinance_1m
2026-08-31T10:54:00-04:00	9.025	9.04	9.025	9.04	3997	yfinance_1m
2026-08-31T10:55:00-04:00	9.04	9.04	9.04	9.04	790	yfinance_1m
2026-08-31T10:56:00-04:00	9.04	9.06	9.04	9.06	2022	yfinance_1m
2026-08-31T10:57:00-04:00	9.05	9.05	9.0301	9.04	2214	yfinance_1m
2026-08-31T10:58:00-04:00	9.04	9.04	9.037	9.037	1744	yfinance_1m
2026-08-31T10:59:00-04:00	9.035	9.035	9.02	9.02	1737	yfinance_1m
2026-08-31T11:00:00-04:00	9.02	9.03	9.02	9.03	2859	yfinance_1m
2026-08-31T11:01:00-04:00	9.02	9.02	9.0	9.0	7750	yfinance_1m
2026-08-31T11:02:00-04:00	9.0	9.0	9.0	9.0	672	yfinance_1m
2026-08-31T11:03:00-04:00	8.99	9.0	8.97	8.99	6025	yfinance_1m
2026-08-31T11:04:00-04:00	8.98	8.98	8.98	8.98	1536	yfinance_1m
2026-08-31T11:05:00-04:00	8.979	8.98	8.979	8.98	833	yfinance_1m
2026-08-31T11:06:00-04:00	8.97	8.975	8.97	8.975	2116	yfinance_1m
2026-08-31T11:07:00-04:00	8.9824	8.9824	8.945	8.95	11145	yfinance_1m
2026-08-31T11:08:00-04:00	8.95	8.95	8.935	8.94	8517	yfinance_1m
2026-08-31T11:09:00-04:00	8.94	8.9499	8.94	8.9403	3673	yfinance_1m
2026-08-31T11:10:00-04:00	8.94	8.94	8.9396	8.9396	2173	yfinance_1m
2026-08-31T11:11:00-04:00	8.93	8.9552	8.93	8.9552	5630	yfinance_1m
2026-08-31T11:12:00-04:00	8.9552	8.9552	8.945	8.9503	5487	yfinance_1m
2026-08-31T11:13:00-04:00	8.9582	8.9582	8.955	8.955	3037	yfinance_1m
2026-08-31T11:14:00-04:00	8.95	8.95	8.95	8.95	1855	yfinance_1m
2026-08-31T11:15:00-04:00	8.95	8.96	8.95	8.95	4180	yfinance_1m
2026-08-31T11:16:00-04:00	8.95	8.955	8.94	8.94	5052	yfinance_1m
2026-08-31T11:17:00-04:00	8.94	8.94	8.9301	8.94	3215	yfinance_1m
2026-08-31T11:18:00-04:00	8.94	8.95	8.94	8.95	2737	yfinance_1m
2026-08-31T11:19:00-04:00	8.95	8.955	8.95	8.955	1650	yfinance_1m
2026-08-31T11:20:00-04:00	8.955	8.97	8.95	8.965	4002	yfinance_1m
2026-08-31T11:21:00-04:00	8.97	8.97	8.961	8.965	2488	yfinance_1m
2026-08-31T11:22:00-04:00	8.965	8.9697	8.96	8.96	4295	yfinance_1m
2026-08-31T11:23:00-04:00	8.955	8.965	8.955	8.965	3732	yfinance_1m
2026-08-31T11:24:00-04:00	8.97	8.985	8.97	8.985	1782	yfinance_1m
2026-08-31T11:25:00-04:00	8.99	8.9951	8.99	8.995	2216	yfinance_1m
2026-08-31T11:26:00-04:00	8.995	8.995	8.99	8.995	4647	yfinance_1m
2026-08-31T11:27:00-04:00	8.995	9.0054	8.995	9.0	6042	yfinance_1m
2026-08-31T11:28:00-04:00	8.995	8.995	8.985	8.985	3238	yfinance_1m
2026-08-31T11:29:00-04:00	8.985	8.985	8.975	8.975	1814	yfinance_1m
2026-08-31T11:30:00-04:00	8.97	8.97	8.97	8.97	1455	yfinance_1m
2026-08-31T11:31:00-04:00	8.97	8.97	8.96	8.96	4358	yfinance_1m
2026-08-31T11:32:00-04:00	8.95	8.9751	8.95	8.9751	5062	yfinance_1m
2026-08-31T11:33:00-04:00	8.975	8.975	8.975	8.975	515	yfinance_1m
2026-08-31T11:34:00-04:00	8.975	8.975	8.96	8.96	5160	yfinance_1m
2026-08-31T11:35:00-04:00	8.95	8.95	8.93	8.94	5501	yfinance_1m
2026-08-31T11:36:00-04:00	8.95	8.98	8.95	8.975	3656	yfinance_1m
2026-08-31T11:37:00-04:00	8.98	8.98	8.95	8.97	3670	yfinance_1m
2026-08-31T11:38:00-04:00	8.96	8.96	8.96	8.96	2613	yfinance_1m
2026-08-31T11:40:00-04:00	8.95	8.96	8.95	8.96	3473	yfinance_1m
2026-08-31T11:41:00-04:00	8.96	8.96	8.96	8.96	2353	yfinance_1m
2026-08-31T11:42:00-04:00	8.965	8.98	8.965	8.98	2774	yfinance_1m
2026-08-31T11:43:00-04:00	8.98	9.0	8.98	9.0	3174	yfinance_1m
2026-08-31T11:44:00-04:00	8.995	8.995	8.985	8.985	4839	yfinance_1m
2026-08-31T11:45:00-04:00	8.985	8.985	8.98	8.98	1155	yfinance_1m
2026-08-31T11:46:00-04:00	8.9825	9.0	8.98	8.99	1710	yfinance_1m
2026-08-31T11:47:00-04:00	9.0	9.0	8.99	8.995	1476	yfinance_1m
2026-08-31T11:48:00-04:00	8.995	8.995	8.985	8.985	3365	yfinance_1m
2026-08-31T11:49:00-04:00	8.985	8.99	8.985	8.985	2585	yfinance_1m
2026-08-31T11:50:00-04:00	8.985	9.0	8.98	8.98	8818	yfinance_1m
2026-08-31T11:51:00-04:00	8.99	8.99	8.99	8.99	655	yfinance_1m
2026-08-31T11:52:00-04:00	9.0	9.0086	9.0	9.005	6903	yfinance_1m
2026-08-31T11:53:00-04:00	9.0	9.015	9.0	9.015	2927	yfinance_1m
2026-08-31T11:54:00-04:00	9.01	9.01	9.01	9.01	2534	yfinance_1m
2026-08-31T11:55:00-04:00	9.005	9.005	9.0	9.0	3141	yfinance_1m
2026-08-31T11:56:00-04:00	9.005	9.015	9.005	9.005	6305	yfinance_1m
2026-08-31T11:57:00-04:00	9.0	9.0	9.0	9.0	2404	yfinance_1m
2026-08-31T11:58:00-04:00	8.99	8.99	8.99	8.99	356	yfinance_1m
2026-08-31T11:59:00-04:00	8.99	8.995	8.99	8.99	1838	yfinance_1m
2026-08-31T12:00:00-04:00	8.99	9.03	8.99	9.03	10062	yfinance_1m
2026-08-31T12:01:00-04:00	9.035	9.035	9.01	9.01	3983	yfinance_1m
2026-08-31T12:02:00-04:00	9.01	9.03	9.01	9.03	6086	yfinance_1m
2026-08-31T12:03:00-04:00	9.035	9.035	9.03	9.03	3471	yfinance_1m
2026-08-31T12:04:00-04:00	9.03	9.035	9.03	9.035	2030	yfinance_1m
2026-08-31T12:05:00-04:00	9.04	9.04	9.03	9.03	4525	yfinance_1m
2026-08-31T12:06:00-04:00	9.025	9.025	9.025	9.025	111	yfinance_1m
2026-08-31T12:07:00-04:00	9.02	9.025	9.015	9.015	2910	yfinance_1m
2026-08-31T12:08:00-04:00	9.01	9.01	9.005	9.01	2757	yfinance_1m
2026-08-31T12:09:00-04:00	9.01	9.01	9.0	9.0	1770	yfinance_1m
2026-08-31T12:10:00-04:00	9.005	9.02	9.005	9.02	3650	yfinance_1m
2026-08-31T12:11:00-04:00	9.0225	9.025	9.02	9.0214	3464	yfinance_1m
2026-08-31T12:12:00-04:00	9.03	9.04	9.03	9.04	976	yfinance_1m
2026-08-31T12:13:00-04:00	9.04	9.04	9.03	9.03	2743	yfinance_1m
2026-08-31T12:14:00-04:00	9.03	9.03	9.03	9.03	761	yfinance_1m
2026-08-31T12:15:00-04:00	9.04	9.04	9.0259	9.03	2681	yfinance_1m
2026-08-31T12:16:00-04:00	9.035	9.035	9.035	9.035	585	yfinance_1m
2026-08-31T12:17:00-04:00	9.0314	9.035	9.02	9.02	2749	yfinance_1m
2026-08-31T12:18:00-04:00	9.02	9.02	9.02	9.02	2037	yfinance_1m
2026-08-31T12:19:00-04:00	9.025	9.025	9.02	9.02	1400	yfinance_1m
2026-08-31T12:20:00-04:00	9.02	9.025	9.02	9.025	434	yfinance_1m
2026-08-31T12:21:00-04:00	9.025	9.03	9.025	9.03	4951	yfinance_1m
2026-08-31T12:22:00-04:00	9.035	9.035	9.015	9.015	4666	yfinance_1m
2026-08-31T12:23:00-04:00	9.01	9.02	9.01	9.02	4594	yfinance_1m
2026-08-31T12:24:00-04:00	9.025	9.025	9.025	9.025	1291	yfinance_1m
2026-08-31T12:25:00-04:00	9.03	9.045	9.03	9.045	3358	yfinance_1m
2026-08-31T12:26:00-04:00	9.047	9.047	9.04	9.045	1405	yfinance_1m
2026-08-31T12:27:00-04:00	9.04	9.04	9.03	9.03	2695	yfinance_1m
2026-08-31T12:28:00-04:00	9.035	9.04	9.035	9.04	2831	yfinance_1m
2026-08-31T12:29:00-04:00	9.04	9.0562	9.04	9.0562	3643	yfinance_1m
2026-08-31T12:30:00-04:00	9.05	9.05	9.04	9.04	3873	yfinance_1m
2026-08-31T12:31:00-04:00	9.04	9.04	9.04	9.04	977	yfinance_1m
2026-08-31T12:32:00-04:00	9.04	9.04	9.03	9.035	1972	yfinance_1m
2026-08-31T12:33:00-04:00	9.03	9.035	9.03	9.035	1280	yfinance_1m
2026-08-31T12:34:00-04:00	9.035	9.035	9.02	9.02	4411	yfinance_1m
2026-08-31T12:35:00-04:00	9.01	9.01	9.01	9.01	794	yfinance_1m
2026-08-31T12:36:00-04:00	9.02	9.025	9.02	9.025	3077	yfinance_1m
2026-08-31T12:37:00-04:00	9.025	9.025	9.02	9.02	1737	yfinance_1m
2026-08-31T12:38:00-04:00	9.015	9.015	9.015	9.015	1058	yfinance_1m
2026-08-31T12:40:00-04:00	9.01	9.015	9.01	9.015	1495	yfinance_1m
2026-08-31T12:41:00-04:00	9.02	9.03	9.02	9.03	2919	yfinance_1m
2026-08-31T12:42:00-04:00	9.035	9.035	9.03	9.03	3766	yfinance_1m
2026-08-31T12:43:00-04:00	9.03	9.04	9.03	9.04	2564	yfinance_1m
2026-08-31T12:44:00-04:00	9.045	9.09	9.04	9.075	18943	yfinance_1m
2026-08-31T12:45:00-04:00	9.075	9.11	9.07	9.11	11501	yfinance_1m
2026-08-31T12:46:00-04:00	9.11	9.11	9.1	9.1	1819	yfinance_1m
2026-08-31T12:47:00-04:00	9.1	9.11	9.1	9.11	853	yfinance_1m
2026-08-31T12:48:00-04:00	9.1	9.1	9.09	9.09	2059	yfinance_1m
2026-08-31T12:49:00-04:00	9.1	9.14	9.1	9.135	14486	yfinance_1m
2026-08-31T12:50:00-04:00	9.135	9.135	9.135	9.135	982	yfinance_1m
2026-08-31T12:51:00-04:00	9.135	9.145	9.13	9.145	2386	yfinance_1m
2026-08-31T12:52:00-04:00	9.145	9.15	9.14	9.14	1191	yfinance_1m
2026-08-31T12:53:00-04:00	9.145	9.145	9.1401	9.1401	2018	yfinance_1m
2026-08-31T12:54:00-04:00	9.145	9.145	9.145	9.145	1356	yfinance_1m
2026-08-31T12:55:00-04:00	9.145	9.145	9.105	9.105	10005	yfinance_1m
2026-08-31T12:56:00-04:00	9.105	9.105	9.1	9.1	10906	yfinance_1m
2026-08-31T12:57:00-04:00	9.105	9.105	9.1	9.1	546	yfinance_1m
2026-08-31T12:58:00-04:00	9.105	9.11	9.085	9.1	19896	yfinance_1m
2026-08-31T12:59:00-04:00	9.11	9.11	9.1099	9.1099	441	yfinance_1m
2026-08-31T13:00:00-04:00	9.1	9.1	9.1	9.1	1454	yfinance_1m
2026-08-31T13:01:00-04:00	9.09	9.09	9.09	9.09	973	yfinance_1m
2026-08-31T13:02:00-04:00	9.09	9.09	9.08	9.08	1260	yfinance_1m
2026-08-31T13:03:00-04:00	9.09	9.09	9.09	9.09	436	yfinance_1m
2026-08-31T13:04:00-04:00	9.08	9.08	9.074	9.075	2902	yfinance_1m
2026-08-31T13:05:00-04:00	9.075	9.075	9.05	9.05	3763	yfinance_1m
2026-08-31T13:06:00-04:00	9.04	9.04	9.03	9.03	3511	yfinance_1m
2026-08-31T13:07:00-04:00	9.04	9.05	9.04	9.05	2457	yfinance_1m
2026-08-31T13:08:00-04:00	9.05	9.065	9.05	9.065	1102	yfinance_1m
2026-08-31T13:09:00-04:00	9.065	9.065	9.065	9.065	632	yfinance_1m
2026-08-31T13:10:00-04:00	9.06	9.06	9.0551	9.06	1607	yfinance_1m
2026-08-31T13:11:00-04:00	9.07	9.07	9.065	9.065	433	yfinance_1m
2026-08-31T13:12:00-04:00	9.065	9.065	9.065	9.065	1256	yfinance_1m
2026-08-31T13:13:00-04:00	9.065	9.075	9.065	9.075	2907	yfinance_1m
2026-08-31T13:14:00-04:00	9.07	9.07	9.07	9.07	2740	yfinance_1m
2026-08-31T13:15:00-04:00	9.06	9.06	9.06	9.06	2382	yfinance_1m
2026-08-31T13:17:00-04:00	9.06	9.06	9.06	9.06	2187	yfinance_1m
2026-08-31T13:18:00-04:00	9.06	9.06	9.045	9.045	2651	yfinance_1m
2026-08-31T13:19:00-04:00	9.04	9.04	9.04	9.04	1476	yfinance_1m
2026-08-31T13:20:00-04:00	9.03	9.03	9.02	9.02	461	yfinance_1m
2026-08-31T13:21:00-04:00	9.02	9.03	9.02	9.03	1935	yfinance_1m
2026-08-31T13:22:00-04:00	9.02	9.02	9.02	9.02	587	yfinance_1m
2026-08-31T13:23:00-04:00	9.015	9.02	9.015	9.02	1996	yfinance_1m
2026-08-31T13:24:00-04:00	9.02	9.025	9.0186	9.0186	4866	yfinance_1m
2026-08-31T13:25:00-04:00	9.015	9.02	9.01	9.01	2191	yfinance_1m
2026-08-31T13:26:00-04:00	9.01	9.01	9.01	9.01	1818	yfinance_1m
2026-08-31T13:27:00-04:00	9.015	9.015	9.015	9.015	366	yfinance_1m
2026-08-31T13:28:00-04:00	9.02	9.02	9.02	9.02	1839	yfinance_1m
2026-08-31T13:29:00-04:00	9.02	9.02	8.98	8.98	8439	yfinance_1m
2026-08-31T13:30:00-04:00	8.975	8.985	8.97	8.985	7926	yfinance_1m
2026-08-31T13:32:00-04:00	8.985	9.005	8.985	9.005	3345	yfinance_1m
2026-08-31T13:33:00-04:00	9.005	9.005	9.005	9.005	642	yfinance_1m
2026-08-31T13:34:00-04:00	9.005	9.005	9.0	9.0	2777	yfinance_1m
2026-08-31T13:35:00-04:00	9.01	9.02	9.01	9.015	1547	yfinance_1m
2026-08-31T13:36:00-04:00	9.015	9.015	9.0	9.0	2577	yfinance_1m
2026-08-31T13:37:00-04:00	9.005	9.005	9.005	9.005	674	yfinance_1m
2026-08-31T13:39:00-04:00	9.005	9.005	8.995	8.995	2497	yfinance_1m
2026-08-31T13:40:00-04:00	8.995	9.0	8.995	9.0	2039	yfinance_1m
2026-08-31T13:41:00-04:00	9.01	9.01	9.01	9.01	1083	yfinance_1m
2026-08-31T13:42:00-04:00	9.005	9.005	9.0	9.0	681	yfinance_1m
2026-08-31T13:43:00-04:00	9.005	9.01	9.005	9.01	1231	yfinance_1m
2026-08-31T13:44:00-04:00	9.01	9.015	9.0099	9.015	2639	yfinance_1m
2026-08-31T13:45:00-04:00	9.015	9.02	9.01	9.015	1503	yfinance_1m
2026-08-31T13:46:00-04:00	9.0199	9.05	9.0199	9.045	3971	yfinance_1m
2026-08-31T13:47:00-04:00	9.05	9.05	9.04	9.04	2219	yfinance_1m
2026-08-31T13:48:00-04:00	9.035	9.04	9.035	9.04	987	yfinance_1m
2026-08-31T13:49:00-04:00	9.04	9.045	9.04	9.045	949	yfinance_1m
2026-08-31T13:50:00-04:00	9.0499	9.065	9.0499	9.065	2593	yfinance_1m
2026-08-31T13:51:00-04:00	9.065	9.08	9.065	9.07	3084	yfinance_1m
2026-08-31T13:52:00-04:00	9.065	9.0682	9.065	9.0682	767	yfinance_1m
2026-08-31T13:53:00-04:00	9.065	9.065	9.06	9.06	3637	yfinance_1m
2026-08-31T13:54:00-04:00	9.07	9.07	9.07	9.07	219	yfinance_1m
2026-08-31T13:55:00-04:00	9.06	9.06	9.06	9.06	1689	yfinance_1m
2026-08-31T13:56:00-04:00	9.05	9.065	9.05	9.065	478	yfinance_1m
2026-08-31T13:57:00-04:00	9.065	9.0655	9.06	9.06	1808	yfinance_1m
2026-08-31T13:58:00-04:00	9.06	9.0759	9.055	9.075	4406	yfinance_1m
2026-08-31T13:59:00-04:00	9.08	9.08	9.059	9.07	6787	yfinance_1m
2026-08-31T14:00:00-04:00	9.075	9.075	9.07	9.075	1578	yfinance_1m
2026-08-31T14:01:00-04:00	9.075	9.075	9.075	9.075	1094	yfinance_1m
2026-08-31T14:02:00-04:00	9.065	9.075	9.065	9.075	6363	yfinance_1m
2026-08-31T14:03:00-04:00	9.08	9.08	9.0742	9.08	1302	yfinance_1m
2026-08-31T14:04:00-04:00	9.08	9.08	9.08	9.08	3136	yfinance_1m
2026-08-31T14:06:00-04:00	9.06	9.07	9.06	9.07	3808	yfinance_1m
2026-08-31T14:07:00-04:00	9.08	9.095	9.08	9.095	3279	yfinance_1m
2026-08-31T14:08:00-04:00	9.095	9.095	9.09	9.09	2061	yfinance_1m
2026-08-31T14:09:00-04:00	9.08	9.09	9.07	9.08	9957	yfinance_1m
2026-08-31T14:10:00-04:00	9.08	9.08	9.08	9.08	921	yfinance_1m
2026-08-31T14:11:00-04:00	9.07	9.09	9.07	9.08	1701	yfinance_1m
2026-08-31T14:12:00-04:00	9.08	9.0819	9.08	9.0819	969	yfinance_1m
2026-08-31T14:13:00-04:00	9.07	9.075	9.07	9.075	2115	yfinance_1m
2026-08-31T14:14:00-04:00	9.075	9.08	9.075	9.08	4196	yfinance_1m
2026-08-31T14:15:00-04:00	9.085	9.085	9.085	9.085	818	yfinance_1m
2026-08-31T14:16:00-04:00	9.085	9.095	9.08	9.085	10691	yfinance_1m
2026-08-31T14:17:00-04:00	9.08	9.08	9.08	9.08	1247	yfinance_1m
2026-08-31T14:18:00-04:00	9.07	9.07	9.07	9.07	772	yfinance_1m
2026-08-31T14:19:00-04:00	9.06	9.06	9.06	9.06	3114	yfinance_1m
2026-08-31T14:20:00-04:00	9.06	9.06	9.06	9.06	741	yfinance_1m
2026-08-31T14:21:00-04:00	9.06	9.06	9.06	9.06	649	yfinance_1m
2026-08-31T14:22:00-04:00	9.06	9.06	9.045	9.045	3081	yfinance_1m
2026-08-31T14:23:00-04:00	9.04	9.04	9.04	9.04	1009	yfinance_1m
2026-08-31T14:24:00-04:00	9.03	9.03	9.02	9.02	2025	yfinance_1m
2026-08-31T14:25:00-04:00	9.03	9.03	9.03	9.03	620	yfinance_1m
2026-08-31T14:26:00-04:00	9.02	9.03	9.02	9.03	345	yfinance_1m
2026-08-31T14:27:00-04:00	9.03	9.04	9.02	9.04	6123	yfinance_1m
2026-08-31T14:28:00-04:00	9.045	9.05	9.04	9.05	1173	yfinance_1m
2026-08-31T14:29:00-04:00	9.05	9.09	9.05	9.09	7434	yfinance_1m
2026-08-31T14:30:00-04:00	9.09	9.1	9.09	9.1	1017	yfinance_1m
2026-08-31T14:31:00-04:00	9.095	9.095	9.095	9.095	882	yfinance_1m
2026-08-31T14:32:00-04:00	9.095	9.095	9.09	9.09	1081	yfinance_1m
2026-08-31T14:33:00-04:00	9.095	9.0999	9.085	9.0999	2120	yfinance_1m
2026-08-31T14:34:00-04:00	9.09	9.1	9.085	9.09	6471	yfinance_1m
2026-08-31T14:35:00-04:00	9.09	9.095	9.09	9.095	1677	yfinance_1m
2026-08-31T14:36:00-04:00	9.09	9.0909	9.08	9.0909	1721	yfinance_1m
2026-08-31T14:37:00-04:00	9.09	9.14	9.09	9.12	20620	yfinance_1m
2026-08-31T14:38:00-04:00	9.11	9.115	9.11	9.11	2214	yfinance_1m
2026-08-31T14:39:00-04:00	9.11	9.135	9.11	9.13	4957	yfinance_1m
2026-08-31T14:40:00-04:00	9.13	9.135	9.13	9.135	1423	yfinance_1m
2026-08-31T14:41:00-04:00	9.14	9.14	9.115	9.12	10723	yfinance_1m
2026-08-31T14:42:00-04:00	9.1	9.11	9.1	9.11	666	yfinance_1m
2026-08-31T14:43:00-04:00	9.1	9.1	9.1	9.1	2207	yfinance_1m
2026-08-31T14:44:00-04:00	9.1	9.1	9.0908	9.1	2796	yfinance_1m
2026-08-31T14:45:00-04:00	9.1	9.1	9.09	9.09	1417	yfinance_1m
2026-08-31T14:46:00-04:00	9.09	9.09	9.085	9.085	1795	yfinance_1m
2026-08-31T14:47:00-04:00	9.085	9.085	9.07	9.07	4746	yfinance_1m
2026-08-31T14:48:00-04:00	9.075	9.075	9.06	9.06	5622	yfinance_1m
2026-08-31T14:49:00-04:00	9.05	9.05	9.05	9.05	1990	yfinance_1m
2026-08-31T14:50:00-04:00	9.0599	9.06	9.055	9.055	3418	yfinance_1m
2026-08-31T14:51:00-04:00	9.06	9.065	9.06	9.065	4738	yfinance_1m
2026-08-31T14:52:00-04:00	9.07	9.07	9.06	9.06	2238	yfinance_1m
2026-08-31T14:53:00-04:00	9.05	9.05	9.045	9.05	6336	yfinance_1m
2026-08-31T14:54:00-04:00	9.04	9.045	9.04	9.0401	7641	yfinance_1m
2026-08-31T14:55:00-04:00	9.04	9.04	9.04	9.04	1512	yfinance_1m
2026-08-31T14:56:00-04:00	9.04	9.05	9.03	9.04	2647	yfinance_1m
2026-08-31T14:57:00-04:00	9.05	9.06	9.05	9.06	2329	yfinance_1m
2026-08-31T14:58:00-04:00	9.0506	9.06	9.04	9.04	5080	yfinance_1m
2026-08-31T14:59:00-04:00	9.04	9.04	9.03	9.03	3813	yfinance_1m
2026-08-31T15:00:00-04:00	9.03	9.03	9.02	9.0297	2939	yfinance_1m
2026-08-31T15:01:00-04:00	9.035	9.04	9.035	9.04	5376	yfinance_1m
2026-08-31T15:02:00-04:00	9.04	9.04	9.025	9.03	4502	yfinance_1m
2026-08-31T15:03:00-04:00	9.03	9.03	9.03	9.03	3793	yfinance_1m
2026-08-31T15:05:00-04:00	9.03	9.03	9.03	9.03	1251	yfinance_1m
2026-08-31T15:06:00-04:00	9.03	9.03	9.03	9.03	3723	yfinance_1m
2026-08-31T15:08:00-04:00	9.04	9.04	9.04	9.04	7628	yfinance_1m
2026-08-31T15:09:00-04:00	9.04	9.04	9.04	9.04	515	yfinance_1m
2026-08-31T15:10:00-04:00	9.0399	9.0399	9.035	9.035	2925	yfinance_1m
2026-08-31T15:11:00-04:00	9.03	9.0399	9.03	9.0399	983	yfinance_1m
2026-08-31T15:12:00-04:00	9.035	9.035	9.025	9.03	2948	yfinance_1m
2026-08-31T15:13:00-04:00	9.03	9.03	9.03	9.03	722	yfinance_1m
2026-08-31T15:14:00-04:00	9.04	9.05	9.04	9.04	3074	yfinance_1m
2026-08-31T15:15:00-04:00	9.04	9.04	9.04	9.04	1136	yfinance_1m
2026-08-31T15:16:00-04:00	9.03	9.0441	9.03	9.0441	10228	yfinance_1m
2026-08-31T15:17:00-04:00	9.045	9.045	9.04	9.045	2099	yfinance_1m
2026-08-31T15:18:00-04:00	9.05	9.055	9.045	9.0459	5282	yfinance_1m
2026-08-31T15:19:00-04:00	9.045	9.045	9.04	9.045	620	yfinance_1m
2026-08-31T15:20:00-04:00	9.05	9.06	9.045	9.06	5178	yfinance_1m
2026-08-31T15:21:00-04:00	9.06	9.09	9.06	9.06	10818	yfinance_1m
2026-08-31T15:22:00-04:00	9.055	9.055	9.055	9.055	2212	yfinance_1m
2026-08-31T15:23:00-04:00	9.06	9.065	9.06	9.065	3617	yfinance_1m
2026-08-31T15:24:00-04:00	9.065	9.065	9.065	9.065	1961	yfinance_1m
2026-08-31T15:25:00-04:00	9.065	9.065	9.06	9.065	4072	yfinance_1m
2026-08-31T15:26:00-04:00	9.06	9.06	9.055	9.055	3809	yfinance_1m
2026-08-31T15:27:00-04:00	9.06	9.075	9.054	9.055	11741	yfinance_1m
2026-08-31T15:29:00-04:00	9.05	9.055	9.04	9.055	4191	yfinance_1m
2026-08-31T15:30:00-04:00	9.055	9.065	9.055	9.065	7352	yfinance_1m
2026-08-31T15:31:00-04:00	9.07	9.07	9.06	9.06	2881	yfinance_1m
2026-08-31T15:32:00-04:00	9.07	9.08	9.07	9.075	6396	yfinance_1m
2026-08-31T15:33:00-04:00	9.07	9.09	9.07	9.09	10826	yfinance_1m
2026-08-31T15:34:00-04:00	9.085	9.09	9.085	9.09	2767	yfinance_1m
2026-08-31T15:35:00-04:00	9.085	9.095	9.08	9.095	7667	yfinance_1m
2026-08-31T15:36:00-04:00	9.1	9.11	9.095	9.095	6559	yfinance_1m
2026-08-31T15:37:00-04:00	9.095	9.095	9.095	9.095	539	yfinance_1m
2026-08-31T15:38:00-04:00	9.09	9.095	9.085	9.085	3935	yfinance_1m
2026-08-31T15:39:00-04:00	9.08	9.08	9.07	9.07	7657	yfinance_1m
2026-08-31T15:40:00-04:00	9.0602	9.085	9.06	9.07	14931	yfinance_1m
2026-08-31T15:41:00-04:00	9.07	9.07	9.07	9.07	632	yfinance_1m
2026-08-31T15:42:00-04:00	9.07	9.075	9.065	9.065	3839	yfinance_1m
2026-08-31T15:43:00-04:00	9.064	9.085	9.05	9.055	17996	yfinance_1m
2026-08-31T15:44:00-04:00	9.06	9.06	9.055	9.055	3342	yfinance_1m
2026-08-31T15:45:00-04:00	9.05	9.05	9.02	9.035	8457	yfinance_1m
2026-08-31T15:46:00-04:00	9.035	9.04	9.035	9.035	4316	yfinance_1m
2026-08-31T15:47:00-04:00	9.035	9.035	9.025	9.03	7978	yfinance_1m
2026-08-31T15:48:00-04:00	9.035	9.035	9.025	9.025	5086	yfinance_1m
2026-08-31T15:49:00-04:00	9.025	9.05	9.025	9.045	9428	yfinance_1m
2026-08-31T15:50:00-04:00	9.04	9.085	9.04	9.07	17572	yfinance_1m
2026-08-31T15:51:00-04:00	9.07	9.075	9.03	9.055	18056	yfinance_1m
2026-08-31T15:52:00-04:00	9.055	9.065	9.05	9.065	10995	yfinance_1m
2026-08-31T15:53:00-04:00	9.065	9.09	9.06	9.09	12333	yfinance_1m
2026-08-31T15:54:00-04:00	9.09	9.1	9.09	9.1	12697	yfinance_1m
2026-08-31T15:55:00-04:00	9.1	9.11	9.095	9.105	17853	yfinance_1m
2026-08-31T15:56:00-04:00	9.105	9.108	9.075	9.108	33050	yfinance_1m
2026-08-31T15:57:00-04:00	9.105	9.135	9.1	9.125	45320	yfinance_1m
2026-08-31T15:58:00-04:00	9.125	9.13	9.08	9.085	36335	yfinance_1m
2026-08-31T15:59:00-04:00	9.08	9.1	9.07	9.08	69840	yfinance_1m
2026-09-01T09:30:00-04:00	8.85	8.87	8.71	8.86	88645	yfinance_1m
2026-09-01T09:31:00-04:00	8.89	8.94	8.874	8.89	3751	yfinance_1m
2026-09-01T09:32:00-04:00	8.93	8.955	8.93	8.955	6233	yfinance_1m
2026-09-01T09:33:00-04:00	8.955	8.955	8.86	8.8701	10865	yfinance_1m
2026-09-01T09:34:00-04:00	8.87	8.95	8.87	8.93	11989	yfinance_1m
2026-09-01T09:35:00-04:00	8.91	8.91	8.89	8.89	3045	yfinance_1m
2026-09-01T09:36:00-04:00	8.87	8.87	8.7536	8.8	9929	yfinance_1m
2026-09-01T09:37:00-04:00	8.77	8.79	8.76	8.7603	5637	yfinance_1m
2026-09-01T09:38:00-04:00	8.75	8.76	8.665	8.68	25719	yfinance_1m
2026-09-01T09:39:00-04:00	8.715	8.73	8.715	8.73	1723	yfinance_1m
2026-09-01T09:40:00-04:00	8.72	8.7364	8.66	8.6668	12047	yfinance_1m
2026-09-01T09:41:00-04:00	8.6785	8.6785	8.61	8.6232	14894	yfinance_1m
2026-09-01T09:42:00-04:00	8.6152	8.69	8.615	8.675	29314	yfinance_1m
2026-09-01T09:43:00-04:00	8.69	8.7	8.685	8.7	1969	yfinance_1m
2026-09-01T09:44:00-04:00	8.7	8.705	8.68	8.685	9228	yfinance_1m
2026-09-01T09:45:00-04:00	8.71	8.71	8.71	8.71	1998	yfinance_1m
2026-09-01T09:46:00-04:00	8.71	8.7199	8.67	8.685	6994	yfinance_1m
2026-09-01T09:47:00-04:00	8.69	8.73	8.69	8.715	2522	yfinance_1m
2026-09-01T09:48:00-04:00	8.7365	8.7365	8.72	8.72	1622	yfinance_1m
2026-09-01T09:49:00-04:00	8.73	8.73	8.7002	8.715	9014	yfinance_1m
2026-09-01T09:50:00-04:00	8.7002	8.73	8.7	8.7	3483	yfinance_1m
2026-09-01T09:51:00-04:00	8.7	8.7116	8.69	8.71	4070	yfinance_1m
2026-09-01T09:52:00-04:00	8.715	8.715	8.71	8.71	1093	yfinance_1m
2026-09-01T09:53:00-04:00	8.71	8.7192	8.7	8.7192	3085	yfinance_1m
2026-09-01T09:54:00-04:00	8.71	8.715	8.67	8.695	18874	yfinance_1m
2026-09-01T09:55:00-04:00	8.7	8.73	8.6836	8.73	1803	yfinance_1m
2026-09-01T09:56:00-04:00	8.73	8.765	8.73	8.765	1963	yfinance_1m
2026-09-01T09:57:00-04:00	8.765	8.765	8.75	8.765	3498	yfinance_1m
2026-09-01T09:58:00-04:00	8.75	8.76	8.75	8.76	4424	yfinance_1m
2026-09-01T09:59:00-04:00	8.75	8.75	8.74	8.74	7210	yfinance_1m
2026-09-01T10:00:00-04:00	8.75	8.75	8.6801	8.6801	5845	yfinance_1m
2026-09-01T10:01:00-04:00	8.69	8.715	8.69	8.715	744	yfinance_1m
2026-09-01T10:02:00-04:00	8.735	8.735	8.72	8.72	2924	yfinance_1m
2026-09-01T10:03:00-04:00	8.715	8.76	8.715	8.76	3275	yfinance_1m
2026-09-01T10:04:00-04:00	8.78	8.78	8.76	8.76	4202	yfinance_1m
2026-09-01T10:05:00-04:00	8.76	8.76	8.71	8.71	6179	yfinance_1m
2026-09-01T10:06:00-04:00	8.71	8.74	8.71	8.74	1207	yfinance_1m
2026-09-01T10:07:00-04:00	8.74	8.76	8.73	8.76	1948	yfinance_1m
2026-09-01T10:08:00-04:00	8.76	8.76	8.73	8.73	4063	yfinance_1m
2026-09-01T10:09:00-04:00	8.72	8.72	8.69	8.72	6171	yfinance_1m
2026-09-01T10:10:00-04:00	8.725	8.74	8.71	8.73	10082	yfinance_1m
2026-09-01T10:11:00-04:00	8.74	8.74	8.665	8.67	9742	yfinance_1m
2026-09-01T10:12:00-04:00	8.675	8.69	8.675	8.69	5001	yfinance_1m
2026-09-01T10:13:00-04:00	8.68	8.6999	8.66	8.6999	8033	yfinance_1m
2026-09-01T10:14:00-04:00	8.7	8.73	8.69	8.695	43692	yfinance_1m
2026-09-01T10:15:00-04:00	8.7	8.76	8.7	8.76	7525	yfinance_1m
2026-09-01T10:16:00-04:00	8.76	8.77	8.75	8.77	3051	yfinance_1m
2026-09-01T10:17:00-04:00	8.78	8.79	8.77	8.77	6135	yfinance_1m
2026-09-01T10:18:00-04:00	8.785	8.785	8.75	8.755	4148	yfinance_1m
2026-09-01T10:19:00-04:00	8.74	8.79	8.74	8.79	4049	yfinance_1m
2026-09-01T10:20:00-04:00	8.825	8.83	8.81	8.81	4126	yfinance_1m
2026-09-01T10:21:00-04:00	8.79	8.8	8.78	8.78	6608	yfinance_1m
2026-09-01T10:22:00-04:00	8.795	8.815	8.79	8.815	2746	yfinance_1m
2026-09-01T10:23:00-04:00	8.81	8.82	8.81	8.81	1823	yfinance_1m
2026-09-01T10:24:00-04:00	8.81	8.82	8.8	8.8	4928	yfinance_1m
2026-09-01T10:25:00-04:00	8.79	8.805	8.79	8.805	4195	yfinance_1m
2026-09-01T10:26:00-04:00	8.805	8.805	8.79	8.79	2292	yfinance_1m
2026-09-01T10:27:00-04:00	8.79	8.81	8.79	8.81	1330	yfinance_1m
2026-09-01T10:28:00-04:00	8.8	8.81	8.8	8.81	1057	yfinance_1m
2026-09-01T10:29:00-04:00	8.81	8.82	8.81	8.82	2655	yfinance_1m
2026-09-01T10:30:00-04:00	8.82	8.83	8.81	8.82	6396	yfinance_1m
2026-09-01T10:31:00-04:00	8.829	8.835	8.82	8.835	3452	yfinance_1m
2026-09-01T10:32:00-04:00	8.835	8.835	8.82	8.82	2767	yfinance_1m
2026-09-01T10:33:00-04:00	8.83	8.83	8.81	8.83	5568	yfinance_1m
2026-09-01T10:34:00-04:00	8.8201	8.8201	8.81	8.81	5100	yfinance_1m
2026-09-01T10:35:00-04:00	8.81	8.86	8.81	8.86	13596	yfinance_1m
2026-09-01T10:36:00-04:00	8.85	8.85	8.835	8.835	2950	yfinance_1m
2026-09-01T10:37:00-04:00	8.83	8.84	8.83	8.84	1027	yfinance_1m
2026-09-01T10:38:00-04:00	8.835	8.84	8.815	8.84	2856	yfinance_1m
2026-09-01T10:39:00-04:00	8.84	8.85	8.84	8.84	895	yfinance_1m
2026-09-01T10:40:00-04:00	8.85	8.85	8.85	8.85	950	yfinance_1m
2026-09-01T10:41:00-04:00	8.846	8.86	8.835	8.835	18793	yfinance_1m
2026-09-01T10:42:00-04:00	8.84	8.855	8.84	8.855	7671	yfinance_1m
2026-09-01T10:43:00-04:00	8.855	8.87	8.855	8.87	3002	yfinance_1m
2026-09-01T10:44:00-04:00	8.863	8.882	8.863	8.88	3563	yfinance_1m
2026-09-01T10:45:00-04:00	8.89	8.93	8.89	8.93	7786	yfinance_1m
2026-09-01T10:46:00-04:00	8.92	8.945	8.92	8.945	1304	yfinance_1m
2026-09-01T10:47:00-04:00	8.94	8.9897	8.93	8.98	4749	yfinance_1m
2026-09-01T10:48:00-04:00	8.965	8.99	8.965	8.98	4057	yfinance_1m
2026-09-01T10:49:00-04:00	8.98	8.985	8.9686	8.97	5706	yfinance_1m
2026-09-01T10:50:00-04:00	8.96	8.99	8.95	8.97	20235	yfinance_1m
2026-09-01T10:51:00-04:00	8.97	8.97	8.93	8.93	7622	yfinance_1m
2026-09-01T10:52:00-04:00	8.94	8.94	8.91	8.91	3014	yfinance_1m
2026-09-01T10:53:00-04:00	8.915	8.94	8.915	8.929	2534	yfinance_1m
2026-09-01T10:54:00-04:00	8.93	8.93	8.93	8.93	2997	yfinance_1m
2026-09-01T10:55:00-04:00	8.94	8.95	8.93	8.93	2028	yfinance_1m
2026-09-01T10:56:00-04:00	8.93	8.93	8.92	8.92	3443	yfinance_1m
2026-09-01T10:57:00-04:00	8.93	8.95	8.93	8.94	1487	yfinance_1m
2026-09-01T10:58:00-04:00	8.95	8.95	8.94	8.94	1599	yfinance_1m
2026-09-01T10:59:00-04:00	8.94	8.94	8.93	8.93	4235	yfinance_1m
2026-09-01T11:00:00-04:00	8.93	8.93	8.92	8.925	1467	yfinance_1m
2026-09-01T11:01:00-04:00	8.92	8.92	8.895	8.9	5253	yfinance_1m
2026-09-01T11:02:00-04:00	8.9	8.91	8.9	8.91	1365	yfinance_1m
2026-09-01T11:03:00-04:00	8.91	8.91	8.91	8.91	1391	yfinance_1m
2026-09-01T11:04:00-04:00	8.91	8.91	8.9	8.9	4371	yfinance_1m
2026-09-01T11:05:00-04:00	8.895	8.895	8.8901	8.8901	1271	yfinance_1m
2026-09-01T11:06:00-04:00	8.9	8.905	8.9	8.9	3416	yfinance_1m
2026-09-01T11:07:00-04:00	8.9	8.91	8.9	8.91	3009	yfinance_1m
2026-09-01T11:08:00-04:00	8.9002	8.91	8.9	8.9	4724	yfinance_1m
2026-09-01T11:09:00-04:00	8.89	8.91	8.89	8.91	2307	yfinance_1m
2026-09-01T11:10:00-04:00	8.9086	8.9086	8.9001	8.905	1907	yfinance_1m
2026-09-01T11:11:00-04:00	8.905	8.915	8.905	8.915	1222	yfinance_1m
2026-09-01T11:12:00-04:00	8.915	8.9151	8.9101	8.915	3079	yfinance_1m
2026-09-01T11:13:00-04:00	8.915	8.92	8.905	8.92	4875	yfinance_1m
2026-09-01T11:14:00-04:00	8.925	8.925	8.915	8.915	2526	yfinance_1m
2026-09-01T11:15:00-04:00	8.92	8.92	8.92	8.92	3240	yfinance_1m
2026-09-01T11:17:00-04:00	8.915	8.915	8.915	8.915	1093	yfinance_1m
2026-09-01T11:18:00-04:00	8.91	8.91	8.905	8.905	3771	yfinance_1m
2026-09-01T11:19:00-04:00	8.9	8.9	8.895	8.9	1583	yfinance_1m
2026-09-01T11:20:00-04:00	8.89	8.89	8.89	8.89	452	yfinance_1m
2026-09-01T11:21:00-04:00	8.9	8.9	8.88	8.88	4669	yfinance_1m
2026-09-01T11:22:00-04:00	8.875	8.88	8.865	8.8659	2565	yfinance_1m
2026-09-01T11:23:00-04:00	8.855	8.855	8.82	8.82	20550	yfinance_1m
2026-09-01T11:24:00-04:00	8.825	8.825	8.825	8.825	2215	yfinance_1m
2026-09-01T11:25:00-04:00	8.82	8.82	8.8	8.8	11200	yfinance_1m
2026-09-01T11:26:00-04:00	8.795	8.795	8.79	8.79	1396	yfinance_1m
2026-09-01T11:27:00-04:00	8.79	8.79	8.78	8.78	2015	yfinance_1m
2026-09-01T11:28:00-04:00	8.78	8.785	8.78	8.78	1833	yfinance_1m
2026-09-01T11:29:00-04:00	8.78	8.785	8.77	8.785	6614	yfinance_1m
2026-09-01T11:30:00-04:00	8.77	8.78	8.77	8.7785	7641	yfinance_1m
2026-09-01T11:31:00-04:00	8.775	8.78	8.77	8.78	3149	yfinance_1m
2026-09-01T11:32:00-04:00	8.77	8.775	8.77	8.775	2146	yfinance_1m
2026-09-01T11:33:00-04:00	8.78	8.78	8.76	8.77	5564	yfinance_1m
2026-09-01T11:34:00-04:00	8.77	8.7799	8.77	8.77	3583	yfinance_1m
2026-09-01T11:35:00-04:00	8.77	8.78	8.77	8.78	1409	yfinance_1m
2026-09-01T11:36:00-04:00	8.78	8.78	8.77	8.77	1134	yfinance_1m
2026-09-01T11:37:00-04:00	8.77	8.77	8.76	8.76	5833	yfinance_1m
2026-09-01T11:38:00-04:00	8.76	8.77	8.76	8.77	1920	yfinance_1m
2026-09-01T11:39:00-04:00	8.76	8.76	8.75	8.755	2397	yfinance_1m
2026-09-01T11:40:00-04:00	8.755	8.78	8.755	8.78	4752	yfinance_1m
2026-09-01T11:41:00-04:00	8.78	8.78	8.76	8.76	5499	yfinance_1m
2026-09-01T11:42:00-04:00	8.76	8.78	8.76	8.78	8326	yfinance_1m
2026-09-01T11:43:00-04:00	8.78	8.79	8.775	8.79	3345	yfinance_1m
2026-09-01T11:44:00-04:00	8.79	8.79	8.785	8.785	2323	yfinance_1m
2026-09-01T11:45:00-04:00	8.785	8.785	8.785	8.785	1469	yfinance_1m
2026-09-01T11:46:00-04:00	8.78	8.79	8.78	8.7859	4239	yfinance_1m
2026-09-01T11:47:00-04:00	8.79	8.795	8.785	8.785	1984	yfinance_1m
2026-09-01T11:48:00-04:00	8.7849	8.785	8.7849	8.785	1793	yfinance_1m
2026-09-01T11:49:00-04:00	8.78	8.78	8.766	8.78	8998	yfinance_1m
2026-09-01T11:50:00-04:00	8.78	8.78	8.77	8.77	4031	yfinance_1m
2026-09-01T11:51:00-04:00	8.76	8.76	8.755	8.76	1856	yfinance_1m
2026-09-01T11:52:00-04:00	8.75	8.75	8.745	8.745	2467	yfinance_1m
2026-09-01T11:53:00-04:00	8.73	8.735	8.73	8.735	3127	yfinance_1m
2026-09-01T11:54:00-04:00	8.738	8.738	8.738	8.738	1839	yfinance_1m
2026-09-01T11:55:00-04:00	8.74	8.7589	8.74	8.7589	3621	yfinance_1m
2026-09-01T11:56:00-04:00	8.755	8.755	8.755	8.755	923	yfinance_1m
2026-09-01T11:57:00-04:00	8.755	8.755	8.755	8.755	1141	yfinance_1m
2026-09-01T11:58:00-04:00	8.76	8.76	8.76	8.76	579	yfinance_1m
2026-09-01T11:59:00-04:00	8.755	8.79	8.755	8.78	13698	yfinance_1m
2026-09-01T12:00:00-04:00	8.79	8.7972	8.78	8.7972	884	yfinance_1m
2026-09-01T12:01:00-04:00	8.79	8.83	8.78	8.81	13259	yfinance_1m
2026-09-01T12:02:00-04:00	8.81	8.81	8.8	8.8	3800	yfinance_1m
2026-09-01T12:03:00-04:00	8.79	8.79	8.79	8.79	2282	yfinance_1m
2026-09-01T12:04:00-04:00	8.785	8.795	8.785	8.795	2650	yfinance_1m
2026-09-01T12:05:00-04:00	8.795	8.795	8.795	8.795	903	yfinance_1m
2026-09-01T12:06:00-04:00	8.795	8.8	8.795	8.795	1546	yfinance_1m
2026-09-01T12:07:00-04:00	8.795	8.805	8.795	8.805	2450	yfinance_1m
2026-09-01T12:08:00-04:00	8.8	8.8	8.79	8.79	3286	yfinance_1m
2026-09-01T12:09:00-04:00	8.79	8.8	8.79	8.795	3324	yfinance_1m
2026-09-01T12:10:00-04:00	8.79	8.795	8.782	8.795	4962	yfinance_1m
2026-09-01T12:11:00-04:00	8.8	8.805	8.8	8.805	1401	yfinance_1m
2026-09-01T12:12:00-04:00	8.805	8.815	8.8023	8.81	6474	yfinance_1m
2026-09-01T12:13:00-04:00	8.805	8.81	8.805	8.805	2415	yfinance_1m
2026-09-01T12:14:00-04:00	8.805	8.805	8.79	8.79	3031	yfinance_1m
2026-09-01T12:15:00-04:00	8.78	8.79	8.78	8.79	2344	yfinance_1m
2026-09-01T12:16:00-04:00	8.79	8.805	8.79	8.795	2784	yfinance_1m
2026-09-01T12:17:00-04:00	8.795	8.795	8.795	8.795	884	yfinance_1m
2026-09-01T12:18:00-04:00	8.8	8.8	8.795	8.795	731	yfinance_1m
2026-09-01T12:19:00-04:00	8.795	8.795	8.785	8.785	2211	yfinance_1m
2026-09-01T12:20:00-04:00	8.7851	8.7851	8.77	8.77	1730	yfinance_1m
2026-09-01T12:21:00-04:00	8.765	8.765	8.75	8.75	1986	yfinance_1m
2026-09-01T12:22:00-04:00	8.755	8.755	8.755	8.755	839	yfinance_1m
2026-09-01T12:23:00-04:00	8.75	8.75	8.74	8.74	3236	yfinance_1m
2026-09-01T12:24:00-04:00	8.7361	8.7361	8.735	8.735	1327	yfinance_1m
2026-09-01T12:25:00-04:00	8.735	8.735	8.73	8.73	5096	yfinance_1m
2026-09-01T12:26:00-04:00	8.725	8.735	8.725	8.735	1665	yfinance_1m
2026-09-01T12:27:00-04:00	8.73	8.73	8.7123	8.72	3118	yfinance_1m
2026-09-01T12:28:00-04:00	8.73	8.74	8.73	8.74	3082	yfinance_1m
2026-09-01T12:29:00-04:00	8.73	8.73	8.72	8.72	2324	yfinance_1m
2026-09-01T12:30:00-04:00	8.7213	8.7213	8.69	8.69	4457	yfinance_1m
2026-09-01T12:31:00-04:00	8.685	8.685	8.685	8.685	189	yfinance_1m
2026-09-01T12:32:00-04:00	8.69	8.69	8.685	8.69	2591	yfinance_1m
2026-09-01T12:33:00-04:00	8.695	8.695	8.695	8.695	224	yfinance_1m
2026-09-01T12:34:00-04:00	8.695	8.695	8.685	8.685	3962	yfinance_1m
2026-09-01T12:35:00-04:00	8.685	8.69	8.685	8.685	1541	yfinance_1m
2026-09-01T12:36:00-04:00	8.695	8.7	8.695	8.695	1708	yfinance_1m
2026-09-01T12:37:00-04:00	8.7	8.7	8.7	8.7	4311	yfinance_1m
2026-09-01T12:39:00-04:00	8.695	8.695	8.695	8.695	1025	yfinance_1m
2026-09-01T12:40:00-04:00	8.7	8.7	8.695	8.695	964	yfinance_1m
2026-09-01T12:41:00-04:00	8.695	8.705	8.695	8.705	2552	yfinance_1m
2026-09-01T12:42:00-04:00	8.705	8.705	8.705	8.705	612	yfinance_1m
2026-09-01T12:43:00-04:00	8.705	8.715	8.705	8.71	1707	yfinance_1m
2026-09-01T12:44:00-04:00	8.715	8.715	8.705	8.705	4882	yfinance_1m
2026-09-01T12:45:00-04:00	8.7097	8.71	8.705	8.705	2066	yfinance_1m
2026-09-01T12:46:00-04:00	8.7063	8.785	8.705	8.75	50211	yfinance_1m
2026-09-01T12:47:00-04:00	8.755	8.755	8.74	8.74	362	yfinance_1m
2026-09-01T12:48:00-04:00	8.74	8.74	8.73	8.73	2522	yfinance_1m
2026-09-01T12:49:00-04:00	8.725	8.725	8.72	8.72	484	yfinance_1m
2026-09-01T12:50:00-04:00	8.7201	8.725	8.7201	8.725	1121	yfinance_1m
2026-09-01T12:51:00-04:00	8.72	8.72	8.69	8.69	7317	yfinance_1m
2026-09-01T12:52:00-04:00	8.69	8.705	8.69	8.7	9274	yfinance_1m
2026-09-01T12:53:00-04:00	8.705	8.705	8.705	8.705	400	yfinance_1m
2026-09-01T12:54:00-04:00	8.7	8.7	8.69	8.7	3354	yfinance_1m
2026-09-01T12:55:00-04:00	8.71	8.715	8.71	8.715	554	yfinance_1m
2026-09-01T12:56:00-04:00	8.71	8.7152	8.71	8.71	1392	yfinance_1m
2026-09-01T12:57:00-04:00	8.72	8.725	8.72	8.725	861	yfinance_1m
2026-09-01T12:58:00-04:00	8.725	8.725	8.72	8.72	2249	yfinance_1m
2026-09-01T12:59:00-04:00	8.725	8.725	8.725	8.725	455	yfinance_1m
2026-09-01T13:00:00-04:00	8.72	8.72	8.71	8.71	2599	yfinance_1m
2026-09-01T13:01:00-04:00	8.71	8.72	8.71	8.71	10008	yfinance_1m
2026-09-01T13:02:00-04:00	8.71	8.72	8.71	8.715	3516	yfinance_1m
2026-09-01T13:03:00-04:00	8.715	8.72	8.715	8.72	2067	yfinance_1m
2026-09-01T13:04:00-04:00	8.72	8.72	8.72	8.72	408	yfinance_1m
2026-09-01T13:05:00-04:00	8.72	8.72	8.7	8.7	2570	yfinance_1m
2026-09-01T13:06:00-04:00	8.705	8.705	8.7	8.705	1672	yfinance_1m
2026-09-01T13:07:00-04:00	8.7	8.705	8.7	8.705	2409	yfinance_1m
2026-09-01T13:08:00-04:00	8.705	8.72	8.705	8.72	4431	yfinance_1m
2026-09-01T13:09:00-04:00	8.72	8.725	8.72	8.725	2367	yfinance_1m
2026-09-01T13:10:00-04:00	8.73	8.7369	8.73	8.73	3308	yfinance_1m
2026-09-01T13:11:00-04:00	8.725	8.74	8.725	8.735	2083	yfinance_1m
2026-09-01T13:13:00-04:00	8.7341	8.735	8.7341	8.7344	4234	yfinance_1m
2026-09-01T13:14:00-04:00	8.73	8.735	8.73	8.735	2015	yfinance_1m
2026-09-01T13:15:00-04:00	8.735	8.735	8.735	8.735	756	yfinance_1m
2026-09-01T13:16:00-04:00	8.735	8.745	8.735	8.745	1861	yfinance_1m
2026-09-01T13:17:00-04:00	8.75	8.75	8.745	8.745	303	yfinance_1m
2026-09-01T13:18:00-04:00	8.75	8.76	8.745	8.755	3466	yfinance_1m
2026-09-01T13:19:00-04:00	8.75	8.7509	8.72	8.74	15162	yfinance_1m
2026-09-01T13:20:00-04:00	8.74	8.74	8.74	8.74	826	yfinance_1m
2026-09-01T13:21:00-04:00	8.74	8.74	8.74	8.74	1208	yfinance_1m
2026-09-01T13:22:00-04:00	8.74	8.74	8.725	8.725	1843	yfinance_1m
2026-09-01T13:23:00-04:00	8.725	8.7283	8.725	8.725	1171	yfinance_1m
2026-09-01T13:24:00-04:00	8.725	8.735	8.725	8.735	3290	yfinance_1m
2026-09-01T13:25:00-04:00	8.735	8.735	8.7	8.72	6564	yfinance_1m
2026-09-01T13:26:00-04:00	8.73	8.745	8.73	8.745	2563	yfinance_1m
2026-09-01T13:27:00-04:00	8.745	8.77	8.745	8.765	2036	yfinance_1m
2026-09-01T13:28:00-04:00	8.77	8.78	8.764	8.764	1893	yfinance_1m
2026-09-01T13:29:00-04:00	8.765	8.77	8.765	8.765	3857	yfinance_1m
2026-09-01T13:30:00-04:00	8.77	8.78	8.77	8.775	1472	yfinance_1m
2026-09-01T13:31:00-04:00	8.77	8.77	8.765	8.765	4217	yfinance_1m
2026-09-01T13:32:00-04:00	8.76	8.76	8.755	8.755	1585	yfinance_1m
2026-09-01T13:33:00-04:00	8.76	8.76	8.745	8.75	1907	yfinance_1m
2026-09-01T13:34:00-04:00	8.75	8.75	8.7401	8.745	2508	yfinance_1m
2026-09-01T13:35:00-04:00	8.745	8.745	8.745	8.745	596	yfinance_1m
2026-09-01T13:36:00-04:00	8.75	8.75	8.725	8.725	3293	yfinance_1m
2026-09-01T13:37:00-04:00	8.725	8.725	8.68	8.68	6982	yfinance_1m
2026-09-01T13:38:00-04:00	8.68	8.68	8.68	8.68	1540	yfinance_1m
2026-09-01T13:39:00-04:00	8.68	8.6899	8.675	8.675	811	yfinance_1m
2026-09-01T13:40:00-04:00	8.675	8.685	8.675	8.685	3000	yfinance_1m
2026-09-01T13:41:00-04:00	8.685	8.69	8.685	8.69	2767	yfinance_1m
2026-09-01T13:42:00-04:00	8.685	8.69	8.685	8.69	1763	yfinance_1m
2026-09-01T13:43:00-04:00	8.695	8.695	8.685	8.685	3933	yfinance_1m
2026-09-01T13:44:00-04:00	8.685	8.695	8.685	8.695	5138	yfinance_1m
2026-09-01T13:45:00-04:00	8.695	8.695	8.695	8.695	1010	yfinance_1m
2026-09-01T13:46:00-04:00	8.695	8.6986	8.695	8.695	803	yfinance_1m
2026-09-01T13:47:00-04:00	8.695	8.698	8.69	8.698	2633	yfinance_1m
2026-09-01T13:48:00-04:00	8.7	8.705	8.695	8.695	7873	yfinance_1m
2026-09-01T13:49:00-04:00	8.695	8.7	8.695	8.6991	1496	yfinance_1m
2026-09-01T13:50:00-04:00	8.695	8.695	8.695	8.695	717	yfinance_1m
2026-09-01T13:51:00-04:00	8.695	8.6952	8.695	8.695	2303	yfinance_1m
2026-09-01T13:52:00-04:00	8.695	8.695	8.6912	8.695	1711	yfinance_1m
2026-09-01T13:53:00-04:00	8.69	8.69	8.685	8.685	6612	yfinance_1m
2026-09-01T13:55:00-04:00	8.685	8.685	8.685	8.685	916	yfinance_1m
2026-09-01T13:56:00-04:00	8.685	8.69	8.685	8.685	3178	yfinance_1m
2026-09-01T13:57:00-04:00	8.69	8.7	8.685	8.69	11264	yfinance_1m
2026-09-01T13:58:00-04:00	8.685	8.685	8.685	8.685	765	yfinance_1m
2026-09-01T13:59:00-04:00	8.69	8.695	8.69	8.695	1014	yfinance_1m
2026-09-01T14:00:00-04:00	8.6901	8.6901	8.68	8.68	4651	yfinance_1m
2026-09-01T14:01:00-04:00	8.685	8.685	8.685	8.685	1109	yfinance_1m
2026-09-01T14:02:00-04:00	8.685	8.685	8.685	8.685	1462	yfinance_1m
2026-09-01T14:05:00-04:00	8.685	8.695	8.685	8.69	6375	yfinance_1m
2026-09-01T14:06:00-04:00	8.68	8.68	8.674	8.674	4497	yfinance_1m
2026-09-01T14:08:00-04:00	8.68	8.68	8.67	8.67	568	yfinance_1m
2026-09-01T14:09:00-04:00	8.675	8.6799	8.67	8.675	2249	yfinance_1m
2026-09-01T14:10:00-04:00	8.67	8.68	8.67	8.68	3744	yfinance_1m
2026-09-01T14:11:00-04:00	8.675	8.675	8.675	8.675	2508	yfinance_1m
2026-09-01T14:12:00-04:00	8.6797	8.6797	8.675	8.675	1722	yfinance_1m
2026-09-01T14:13:00-04:00	8.675	8.675	8.655	8.66	11541	yfinance_1m
2026-09-01T14:14:00-04:00	8.665	8.675	8.665	8.675	2784	yfinance_1m
2026-09-01T14:15:00-04:00	8.675	8.7	8.675	8.7	7757	yfinance_1m
2026-09-01T14:16:00-04:00	8.695	8.695	8.695	8.695	927	yfinance_1m
2026-09-01T14:17:00-04:00	8.695	8.695	8.695	8.695	3241	yfinance_1m
2026-09-01T14:18:00-04:00	8.695	8.695	8.695	8.695	1632	yfinance_1m
2026-09-01T14:19:00-04:00	8.695	8.695	8.695	8.695	804	yfinance_1m
2026-09-01T14:20:00-04:00	8.695	8.6998	8.695	8.695	996	yfinance_1m
2026-09-01T14:21:00-04:00	8.695	8.7	8.6901	8.7	1633	yfinance_1m
2026-09-01T14:22:00-04:00	8.7	8.7	8.695	8.7	1801	yfinance_1m
2026-09-01T14:23:00-04:00	8.695	8.695	8.685	8.685	7411	yfinance_1m
2026-09-01T14:24:00-04:00	8.685	8.685	8.685	8.685	822	yfinance_1m
2026-09-01T14:25:00-04:00	8.685	8.685	8.685	8.685	1543	yfinance_1m
2026-09-01T14:26:00-04:00	8.68	8.68	8.67	8.67	4581	yfinance_1m
2026-09-01T14:27:00-04:00	8.67	8.67	8.665	8.665	3032	yfinance_1m
2026-09-01T14:28:00-04:00	8.665	8.6669	8.665	8.665	8401	yfinance_1m
2026-09-01T14:29:00-04:00	8.665	8.675	8.665	8.675	10802	yfinance_1m
2026-09-01T14:30:00-04:00	8.675	8.6751	8.675	8.6751	2779	yfinance_1m
2026-09-01T14:31:00-04:00	8.67	8.674	8.665	8.674	5193	yfinance_1m
2026-09-01T14:32:00-04:00	8.675	8.675	8.675	8.675	976	yfinance_1m
2026-09-01T14:33:00-04:00	8.67	8.67	8.665	8.665	3538	yfinance_1m
2026-09-01T14:34:00-04:00	8.665	8.665	8.66	8.665	1965	yfinance_1m
2026-09-01T14:35:00-04:00	8.665	8.67	8.65	8.655	5787	yfinance_1m
2026-09-01T14:36:00-04:00	8.66	8.66	8.645	8.645	16442	yfinance_1m
2026-09-01T14:37:00-04:00	8.64	8.655	8.64	8.655	9123	yfinance_1m
2026-09-01T14:38:00-04:00	8.6573	8.6573	8.655	8.655	3026	yfinance_1m
2026-09-01T14:39:00-04:00	8.655	8.655	8.6513	8.655	2445	yfinance_1m
2026-09-01T14:40:00-04:00	8.655	8.675	8.655	8.675	3112	yfinance_1m
2026-09-01T14:41:00-04:00	8.675	8.68	8.675	8.68	1873	yfinance_1m
2026-09-01T14:42:00-04:00	8.6703	8.6703	8.665	8.665	5200	yfinance_1m
2026-09-01T14:43:00-04:00	8.67	8.67	8.67	8.67	1237	yfinance_1m
2026-09-01T14:44:00-04:00	8.67	8.67	8.645	8.645	11212	yfinance_1m
2026-09-01T14:45:00-04:00	8.65	8.65	8.64	8.645	3046	yfinance_1m
2026-09-01T14:46:00-04:00	8.645	8.6647	8.63	8.6647	40848	yfinance_1m
2026-09-01T14:47:00-04:00	8.66	8.67	8.655	8.655	7556	yfinance_1m
2026-09-01T14:48:00-04:00	8.655	8.66	8.655	8.66	3117	yfinance_1m
2026-09-01T14:49:00-04:00	8.6648	8.665	8.6648	8.665	1000	yfinance_1m
2026-09-01T14:50:00-04:00	8.665	8.665	8.665	8.665	2856	yfinance_1m
2026-09-01T14:51:00-04:00	8.665	8.665	8.635	8.64	14507	yfinance_1m
2026-09-01T14:52:00-04:00	8.65	8.745	8.65	8.745	12898	yfinance_1m
2026-09-01T14:53:00-04:00	8.745	8.745	8.725	8.73	3335	yfinance_1m
2026-09-01T14:54:00-04:00	8.7396	8.7396	8.7396	8.7396	1439	yfinance_1m
2026-09-01T14:55:00-04:00	8.73	8.74	8.73	8.74	2365	yfinance_1m
2026-09-01T14:56:00-04:00	8.7461	8.7461	8.735	8.735	4750	yfinance_1m
2026-09-01T14:57:00-04:00	8.73	8.74	8.73	8.735	3414	yfinance_1m
2026-09-01T14:58:00-04:00	8.735	8.745	8.735	8.745	7908	yfinance_1m
2026-09-01T14:59:00-04:00	8.745	8.755	8.745	8.755	2480	yfinance_1m
2026-09-01T15:00:00-04:00	8.755	8.78	8.755	8.775	5106	yfinance_1m
2026-09-01T15:01:00-04:00	8.775	8.79	8.775	8.79	2349	yfinance_1m
2026-09-01T15:02:00-04:00	8.785	8.785	8.785	8.785	2345	yfinance_1m
2026-09-01T15:03:00-04:00	8.785	8.785	8.775	8.785	8940	yfinance_1m
2026-09-01T15:04:00-04:00	8.785	8.79	8.785	8.79	1446	yfinance_1m
2026-09-01T15:05:00-04:00	8.795	8.795	8.765	8.765	12255	yfinance_1m
2026-09-01T15:06:00-04:00	8.765	8.79	8.765	8.79	4336	yfinance_1m
2026-09-01T15:07:00-04:00	8.79	8.79	8.77	8.77	5266	yfinance_1m
2026-09-01T15:08:00-04:00	8.765	8.765	8.76	8.76	2542	yfinance_1m
2026-09-01T15:09:00-04:00	8.761	8.761	8.761	8.761	451	yfinance_1m
2026-09-01T15:10:00-04:00	8.765	8.77	8.765	8.765	2581	yfinance_1m
2026-09-01T15:11:00-04:00	8.765	8.79	8.765	8.79	10012	yfinance_1m
2026-09-01T15:12:00-04:00	8.79	8.8	8.79	8.795	4298	yfinance_1m
2026-09-01T15:13:00-04:00	8.795	8.795	8.785	8.785	6796	yfinance_1m
2026-09-01T15:14:00-04:00	8.785	8.785	8.775	8.78	6411	yfinance_1m
2026-09-01T15:15:00-04:00	8.783	8.795	8.783	8.795	4937	yfinance_1m
2026-09-01T15:16:00-04:00	8.795	8.8	8.795	8.8	1599	yfinance_1m
2026-09-01T15:17:00-04:00	8.8	8.8	8.795	8.795	1261	yfinance_1m
2026-09-01T15:18:00-04:00	8.795	8.8	8.79	8.795	4031	yfinance_1m
2026-09-01T15:19:00-04:00	8.795	8.8	8.795	8.795	773	yfinance_1m
2026-09-01T15:20:00-04:00	8.795	8.81	8.79	8.81	9604	yfinance_1m
2026-09-01T15:21:00-04:00	8.81	8.82	8.805	8.805	10805	yfinance_1m
2026-09-01T15:22:00-04:00	8.8	8.825	8.8	8.825	9419	yfinance_1m
2026-09-01T15:23:00-04:00	8.825	8.84	8.825	8.835	6550	yfinance_1m
2026-09-01T15:24:00-04:00	8.835	8.84	8.825	8.84	6043	yfinance_1m
2026-09-01T15:25:00-04:00	8.84	8.84	8.835	8.835	1259	yfinance_1m
2026-09-01T15:26:00-04:00	8.84	8.84	8.835	8.835	1630	yfinance_1m
2026-09-01T15:27:00-04:00	8.835	8.86	8.835	8.86	8792	yfinance_1m
2026-09-01T15:28:00-04:00	8.86	8.935	8.855	8.915	26879	yfinance_1m
2026-09-01T15:29:00-04:00	8.915	8.93	8.915	8.93	3294	yfinance_1m
2026-09-01T15:30:00-04:00	8.925	8.93	8.92	8.925	15238	yfinance_1m
2026-09-01T15:31:00-04:00	8.925	8.93	8.9248	8.925	3283	yfinance_1m
2026-09-01T15:32:00-04:00	8.925	8.925	8.91	8.915	9941	yfinance_1m
2026-09-01T15:33:00-04:00	8.92	8.94	8.92	8.935	14351	yfinance_1m
2026-09-01T15:34:00-04:00	8.935	8.935	8.92	8.925	6746	yfinance_1m
2026-09-01T15:35:00-04:00	8.925	8.925	8.915	8.915	6790	yfinance_1m
2026-09-01T15:36:00-04:00	8.915	8.915	8.9	8.905	9399	yfinance_1m
2026-09-01T15:37:00-04:00	8.905	8.915	8.9	8.91	9076	yfinance_1m
2026-09-01T15:38:00-04:00	8.9199	8.93	8.915	8.925	8344	yfinance_1m
2026-09-01T15:39:00-04:00	8.925	8.95	8.925	8.945	13605	yfinance_1m
2026-09-01T15:40:00-04:00	8.945	8.95	8.895	8.905	22974	yfinance_1m
2026-09-01T15:41:00-04:00	8.905	8.935	8.905	8.93	9690	yfinance_1m
2026-09-01T15:42:00-04:00	8.93	8.93	8.915	8.915	5625	yfinance_1m
2026-09-01T15:43:00-04:00	8.915	8.95	8.915	8.945	17992	yfinance_1m
2026-09-01T15:44:00-04:00	8.945	8.95	8.94	8.95	7721	yfinance_1m
2026-09-01T15:45:00-04:00	8.95	8.95	8.91	8.915	14825	yfinance_1m
2026-09-01T15:46:00-04:00	8.915	8.915	8.88	8.91	25206	yfinance_1m
2026-09-01T15:47:00-04:00	8.91	8.97	8.91	8.97	13960	yfinance_1m
2026-09-01T15:48:00-04:00	8.96	8.97	8.955	8.965	30560	yfinance_1m
2026-09-01T15:49:00-04:00	8.97	8.97	8.935	8.94	17932	yfinance_1m
2026-09-01T15:50:00-04:00	8.94	8.94	8.88	8.88	21098	yfinance_1m
2026-09-01T15:51:00-04:00	8.88	8.885	8.865	8.88	9172	yfinance_1m
2026-09-01T15:52:00-04:00	8.875	8.9	8.87	8.885	18246	yfinance_1m
2026-09-01T15:53:00-04:00	8.885	8.885	8.87	8.875	5780	yfinance_1m
2026-09-01T15:54:00-04:00	8.87	8.87	8.84	8.845	15816	yfinance_1m
2026-09-01T15:55:00-04:00	8.85	8.87	8.85	8.865	41394	yfinance_1m
2026-09-01T15:56:00-04:00	8.86	8.86	8.815	8.82	24843	yfinance_1m
2026-09-01T15:57:00-04:00	8.815	8.84	8.81	8.83	34331	yfinance_1m
2026-09-01T15:58:00-04:00	8.835	8.84	8.795	8.81	59754	yfinance_1m
2026-09-01T15:59:00-04:00	8.805	8.84	8.8	8.825	84991	yfinance_1m
2026-09-02T09:30:00-04:00	8.78	8.8	8.71	8.76	31544	yfinance_1m
2026-09-02T09:31:00-04:00	8.75	8.75	8.715	8.75	1340	yfinance_1m
2026-09-02T09:32:00-04:00	8.72	8.72	8.42	8.45	74643	yfinance_1m
2026-09-02T09:33:00-04:00	8.47	8.56	8.47	8.475	37354	yfinance_1m
2026-09-02T09:34:00-04:00	8.5	8.55	8.46	8.55	34459	yfinance_1m
2026-09-02T09:35:00-04:00	8.53	8.53	8.5	8.515	7398	yfinance_1m
2026-09-02T09:36:00-04:00	8.53	8.53	8.45	8.465	18767	yfinance_1m
2026-09-02T09:37:00-04:00	8.45	8.48	8.38	8.42	44143	yfinance_1m
2026-09-02T09:38:00-04:00	8.42	8.49	8.38	8.49	30711	yfinance_1m
2026-09-02T09:39:00-04:00	8.465	8.5	8.465	8.5	7373	yfinance_1m
2026-09-02T09:40:00-04:00	8.505	8.505	8.447	8.46	8979	yfinance_1m
2026-09-02T09:41:00-04:00	8.46	8.52	8.46	8.49	69893	yfinance_1m
2026-09-02T09:42:00-04:00	8.485	8.5599	8.485	8.54	4540	yfinance_1m
2026-09-02T09:43:00-04:00	8.54	8.56	8.535	8.56	4861	yfinance_1m
2026-09-02T09:44:00-04:00	8.545	8.58	8.545	8.56	9082	yfinance_1m
2026-09-02T09:45:00-04:00	8.57	8.58	8.56	8.56	3996	yfinance_1m
2026-09-02T09:46:00-04:00	8.565	8.565	8.515	8.53	5668	yfinance_1m
2026-09-02T09:47:00-04:00	8.52	8.525	8.52	8.52	2687	yfinance_1m
2026-09-02T09:48:00-04:00	8.53	8.53	8.506025	8.515	3323	yfinance_1m
2026-09-02T09:49:00-04:00	8.5265	8.53	8.47	8.48	9814	yfinance_1m
2026-09-02T09:50:00-04:00	8.48	8.56	8.48	8.535	4760	yfinance_1m
2026-09-02T09:51:00-04:00	8.51	8.53	8.51	8.53	2067	yfinance_1m
2026-09-02T09:52:00-04:00	8.51	8.6	8.51	8.6	9439	yfinance_1m
2026-09-02T09:53:00-04:00	8.6	8.6	8.58	8.58	2949	yfinance_1m
2026-09-02T09:54:00-04:00	8.58	8.59	8.565	8.575	3859	yfinance_1m
2026-09-02T09:55:00-04:00	8.59	8.59	8.57	8.58	1780	yfinance_1m
2026-09-02T09:56:00-04:00	8.59	8.61	8.575	8.61	3858	yfinance_1m
2026-09-02T09:57:00-04:00	8.62	8.67	8.62	8.64	22043	yfinance_1m
2026-09-02T09:58:00-04:00	8.63	8.63	8.59	8.59	2214	yfinance_1m
2026-09-02T09:59:00-04:00	8.5897	8.59	8.555	8.555	9115	yfinance_1m
2026-09-02T10:00:00-04:00	8.58	8.59	8.575	8.575	4537	yfinance_1m
2026-09-02T10:01:00-04:00	8.595	8.64	8.595	8.62	2562	yfinance_1m
2026-09-02T10:02:00-04:00	8.61	8.615	8.58	8.615	3121	yfinance_1m
2026-09-02T10:03:00-04:00	8.64	8.64	8.605	8.605	2242	yfinance_1m
2026-09-02T10:04:00-04:00	8.61	8.66	8.605	8.66	8597	yfinance_1m
2026-09-02T10:05:00-04:00	8.66	8.66	8.63	8.63	4670	yfinance_1m
2026-09-02T10:06:00-04:00	8.6	8.65	8.58	8.65	5455	yfinance_1m
2026-09-02T10:07:00-04:00	8.66	8.66	8.5405	8.56	20465	yfinance_1m
2026-09-02T10:08:00-04:00	8.57	8.59	8.56	8.59	9573	yfinance_1m
2026-09-02T10:09:00-04:00	8.58	8.6	8.56	8.5703	5873	yfinance_1m
2026-09-02T10:10:00-04:00	8.57	8.61	8.57	8.595	3829	yfinance_1m
2026-09-02T10:11:00-04:00	8.6059	8.6059	8.595	8.6	6268	yfinance_1m
2026-09-02T10:12:00-04:00	8.59	8.59	8.57	8.5702	4661	yfinance_1m
2026-09-02T10:13:00-04:00	8.58	8.58	8.55	8.555	2607	yfinance_1m
2026-09-02T10:14:00-04:00	8.555	8.56	8.555	8.56	1042	yfinance_1m
2026-09-02T10:15:00-04:00	8.57	8.6	8.56	8.58	7775	yfinance_1m
2026-09-02T10:16:00-04:00	8.59	8.59	8.57	8.58	2156	yfinance_1m
2026-09-02T10:17:00-04:00	8.59	8.635	8.57	8.62	5616	yfinance_1m
2026-09-02T10:18:00-04:00	8.63	8.655	8.62	8.655	3714	yfinance_1m
2026-09-02T10:19:00-04:00	8.65	8.703316	8.64	8.67	21527	yfinance_1m
2026-09-02T10:20:00-04:00	8.68	8.68	8.66	8.665	5331	yfinance_1m
2026-09-02T10:21:00-04:00	8.65	8.66	8.635	8.66	6494	yfinance_1m
2026-09-02T10:22:00-04:00	8.67	8.675	8.66	8.675	4332	yfinance_1m
2026-09-02T10:23:00-04:00	8.6708	8.68	8.665	8.68	6780	yfinance_1m
2026-09-02T10:24:00-04:00	8.68	8.68	8.65	8.65	2567	yfinance_1m
2026-09-02T10:25:00-04:00	8.655	8.66	8.65	8.655	5588	yfinance_1m
2026-09-02T10:26:00-04:00	8.66	8.66	8.64	8.64	9296	yfinance_1m
2026-09-02T10:27:00-04:00	8.635	8.64	8.62	8.625	24649	yfinance_1m
2026-09-02T10:28:00-04:00	8.625	8.625	8.61	8.61	2978	yfinance_1m
2026-09-02T10:29:00-04:00	8.615	8.615	8.605	8.61	1598	yfinance_1m
2026-09-02T10:30:00-04:00	8.605	8.635	8.595	8.625	11160	yfinance_1m
2026-09-02T10:31:00-04:00	8.625	8.625	8.59	8.59	4196	yfinance_1m
2026-09-02T10:32:00-04:00	8.5883	8.59	8.58	8.58	2332	yfinance_1m
2026-09-02T10:33:00-04:00	8.575	8.58	8.565	8.58	3553	yfinance_1m
2026-09-02T10:34:00-04:00	8.575	8.58	8.5614	8.565	4663	yfinance_1m
2026-09-02T10:35:00-04:00	8.565	8.58	8.565	8.575	4163	yfinance_1m
2026-09-02T10:36:00-04:00	8.575	8.575	8.565	8.565	966	yfinance_1m
2026-09-02T10:37:00-04:00	8.565	8.58	8.555	8.575	5658	yfinance_1m
2026-09-02T10:38:00-04:00	8.59	8.59	8.575	8.59	2685	yfinance_1m
2026-09-02T10:39:00-04:00	8.585	8.585	8.57	8.58	5145	yfinance_1m
2026-09-02T10:40:00-04:00	8.58	8.59	8.58	8.59	1791	yfinance_1m
2026-09-02T10:41:00-04:00	8.58	8.59	8.58	8.59	1682	yfinance_1m
2026-09-02T10:42:00-04:00	8.58	8.59	8.58	8.585	1829	yfinance_1m
2026-09-02T10:43:00-04:00	8.585	8.61	8.58	8.61	7117	yfinance_1m
2026-09-02T10:44:00-04:00	8.61	8.61	8.6	8.6	2025	yfinance_1m
2026-09-02T10:45:00-04:00	8.6	8.61	8.595	8.595	2277	yfinance_1m
2026-09-02T10:46:00-04:00	8.59	8.59	8.565	8.565	7010	yfinance_1m
2026-09-02T10:47:00-04:00	8.565	8.59	8.555	8.59	5642	yfinance_1m
2026-09-02T10:48:00-04:00	8.59	8.59	8.545	8.55	4223	yfinance_1m
2026-09-02T10:49:00-04:00	8.55	8.56	8.55	8.55	2129	yfinance_1m
2026-09-02T10:50:00-04:00	8.54	8.55	8.51	8.52	5795	yfinance_1m
2026-09-02T10:51:00-04:00	8.52	8.54	8.52	8.54	4195	yfinance_1m
2026-09-02T10:52:00-04:00	8.5351	8.54	8.535	8.535	1111	yfinance_1m
2026-09-02T10:53:00-04:00	8.5351	8.5351	8.515	8.52	5098	yfinance_1m
2026-09-02T10:54:00-04:00	8.52	8.53	8.52	8.525	1946	yfinance_1m
2026-09-02T10:55:00-04:00	8.525	8.53	8.525	8.53	1925	yfinance_1m
2026-09-02T10:56:00-04:00	8.52	8.525	8.51	8.51	12669	yfinance_1m
2026-09-02T10:57:00-04:00	8.52	8.55	8.52	8.535	8793	yfinance_1m
2026-09-02T10:58:00-04:00	8.55	8.55	8.54	8.545	1696	yfinance_1m
2026-09-02T10:59:00-04:00	8.54	8.54	8.51	8.52	3045	yfinance_1m
2026-09-02T11:00:00-04:00	8.52	8.52	8.505	8.52	4555	yfinance_1m
2026-09-02T11:01:00-04:00	8.5148	8.5229	8.5148	8.52	7274	yfinance_1m
2026-09-02T11:02:00-04:00	8.52	8.52	8.5	8.5139	4971	yfinance_1m
2026-09-02T11:03:00-04:00	8.5123	8.53	8.51	8.52	4706	yfinance_1m
2026-09-02T11:04:00-04:00	8.52	8.55	8.52	8.54	3294	yfinance_1m
2026-09-02T11:05:00-04:00	8.55	8.55	8.5396	8.54	2815	yfinance_1m
2026-09-02T11:06:00-04:00	8.54	8.54	8.52	8.52	4038	yfinance_1m
2026-09-02T11:07:00-04:00	8.53	8.53	8.51	8.52	2586	yfinance_1m
2026-09-02T11:08:00-04:00	8.53	8.53	8.52	8.52	3256	yfinance_1m
2026-09-02T11:09:00-04:00	8.51	8.53	8.51	8.53	7598	yfinance_1m
2026-09-02T11:10:00-04:00	8.535	8.54	8.5314	8.54	1779	yfinance_1m
2026-09-02T11:11:00-04:00	8.535	8.54	8.525	8.535	4355	yfinance_1m
2026-09-02T11:12:00-04:00	8.54	8.55	8.54	8.55	3945	yfinance_1m
2026-09-02T11:13:00-04:00	8.54	8.54	8.53	8.54	3765	yfinance_1m
2026-09-02T11:14:00-04:00	8.55	8.55	8.54	8.55	1989	yfinance_1m
2026-09-02T11:15:00-04:00	8.54	8.55	8.54	8.54	3347	yfinance_1m
2026-09-02T11:16:00-04:00	8.54	8.55	8.54	8.55	1469	yfinance_1m
2026-09-02T11:17:00-04:00	8.54	8.55	8.54	8.55	1851	yfinance_1m
2026-09-02T11:18:00-04:00	8.54	8.5499	8.54	8.54	2025	yfinance_1m
2026-09-02T11:19:00-04:00	8.54	8.54	8.53	8.54	4201	yfinance_1m
2026-09-02T11:20:00-04:00	8.53	8.54	8.53	8.53	1858	yfinance_1m
2026-09-02T11:21:00-04:00	8.53	8.53	8.51	8.51	5294	yfinance_1m
2026-09-02T11:22:00-04:00	8.51	8.52	8.505	8.52	8808	yfinance_1m
2026-09-02T11:23:00-04:00	8.53	8.53	8.52	8.53	2652	yfinance_1m
2026-09-02T11:24:00-04:00	8.53	8.54	8.52	8.54	4587	yfinance_1m
2026-09-02T11:25:00-04:00	8.54	8.54	8.53	8.53	1709	yfinance_1m
2026-09-02T11:26:00-04:00	8.53	8.54	8.52	8.52	5437	yfinance_1m
2026-09-02T11:27:00-04:00	8.53	8.54	8.515	8.515	6173	yfinance_1m
2026-09-02T11:28:00-04:00	8.53	8.53	8.52	8.53	1409	yfinance_1m
2026-09-02T11:29:00-04:00	8.53	8.53	8.51	8.525	7464	yfinance_1m
2026-09-02T11:30:00-04:00	8.525	8.54	8.525	8.5302	5231	yfinance_1m
2026-09-02T11:31:00-04:00	8.53	8.54	8.53	8.54	2057	yfinance_1m
2026-09-02T11:32:00-04:00	8.54	8.56	8.53	8.56	6816	yfinance_1m
2026-09-02T11:33:00-04:00	8.56	8.56	8.5526	8.56	2730	yfinance_1m
2026-09-02T11:34:00-04:00	8.56	8.57	8.56	8.57	2739	yfinance_1m
2026-09-02T11:35:00-04:00	8.57	8.57	8.565	8.565	1615	yfinance_1m
2026-09-02T11:36:00-04:00	8.565	8.57	8.565	8.565	1606	yfinance_1m
2026-09-02T11:37:00-04:00	8.56	8.5654	8.55	8.555	3750	yfinance_1m
2026-09-02T11:38:00-04:00	8.555	8.575	8.55	8.575	6307	yfinance_1m
2026-09-02T11:39:00-04:00	8.575	8.58	8.565	8.575	3785	yfinance_1m
2026-09-02T11:40:00-04:00	8.58	8.58	8.575	8.575	3658	yfinance_1m
2026-09-02T11:41:00-04:00	8.575	8.575	8.575	8.575	1576	yfinance_1m
2026-09-02T11:42:00-04:00	8.57	8.57	8.5545	8.57	7424	yfinance_1m
2026-09-02T11:43:00-04:00	8.56	8.61	8.56	8.61	6966	yfinance_1m
2026-09-02T11:44:00-04:00	8.62	8.63	8.61	8.625	5887	yfinance_1m
2026-09-02T11:45:00-04:00	8.63	8.63	8.6049	8.605	9015	yfinance_1m
2026-09-02T11:46:00-04:00	8.605	8.61	8.605	8.61	1639	yfinance_1m
2026-09-02T11:47:00-04:00	8.6	8.6	8.595	8.595	3074	yfinance_1m
2026-09-02T11:48:00-04:00	8.6	8.61	8.595	8.61	2868	yfinance_1m
2026-09-02T11:49:00-04:00	8.605	8.605	8.5914	8.5914	2795	yfinance_1m
2026-09-02T11:50:00-04:00	8.595	8.6	8.595	8.595	2995	yfinance_1m
2026-09-02T11:51:00-04:00	8.595	8.6	8.5935	8.595	2256	yfinance_1m
2026-09-02T11:52:00-04:00	8.6	8.6	8.595	8.6	2100	yfinance_1m
2026-09-02T11:53:00-04:00	8.6	8.6	8.595	8.595	1621	yfinance_1m
2026-09-02T11:54:00-04:00	8.595	8.595	8.595	8.595	2999	yfinance_1m
2026-09-02T11:55:00-04:00	8.5951	8.5951	8.595	8.595	1661	yfinance_1m
2026-09-02T11:56:00-04:00	8.595	8.6	8.595	8.6	4164	yfinance_1m
2026-09-02T11:57:00-04:00	8.605	8.615	8.605	8.605	4216	yfinance_1m
2026-09-02T11:58:00-04:00	8.605	8.62	8.605	8.62	2002	yfinance_1m
2026-09-02T11:59:00-04:00	8.615	8.64	8.61	8.63	3459	yfinance_1m
2026-09-02T12:00:00-04:00	8.66	8.66	8.64	8.65	2716	yfinance_1m
2026-09-02T12:01:00-04:00	8.645	8.645	8.62	8.63	7530	yfinance_1m
2026-09-02T12:02:00-04:00	8.63	8.64	8.53	8.53	106096	yfinance_1m
2026-09-02T12:03:00-04:00	8.53	8.53	8.51	8.515	48057	yfinance_1m
2026-09-02T12:04:00-04:00	8.515	8.515	8.47	8.5	22152	yfinance_1m
2026-09-02T12:05:00-04:00	8.5	8.5	8.485	8.5	9095	yfinance_1m
2026-09-02T12:06:00-04:00	8.49	8.5	8.47	8.48	3381	yfinance_1m
2026-09-02T12:07:00-04:00	8.48	8.5	8.475	8.5	5635	yfinance_1m
2026-09-02T12:08:00-04:00	8.495	8.5	8.49	8.495	4455	yfinance_1m
2026-09-02T12:09:00-04:00	8.495	8.52	8.495	8.52	10380	yfinance_1m
2026-09-02T12:10:00-04:00	8.52	8.525	8.52	8.52	2873	yfinance_1m
2026-09-02T12:11:00-04:00	8.525	8.525	8.52	8.52	2069	yfinance_1m
2026-09-02T12:12:00-04:00	8.52	8.52	8.5	8.52	7891	yfinance_1m
2026-09-02T12:13:00-04:00	8.515	8.5198	8.51	8.5198	1413	yfinance_1m
2026-09-02T12:14:00-04:00	8.515	8.5402	8.515	8.54	5064	yfinance_1m
2026-09-02T12:15:00-04:00	8.54	8.54	8.54	8.54	1176	yfinance_1m
2026-09-02T12:16:00-04:00	8.54	8.54	8.54	8.54	914	yfinance_1m
2026-09-02T12:17:00-04:00	8.54	8.54	8.52	8.535	3881	yfinance_1m
2026-09-02T12:18:00-04:00	8.535	8.535	8.52	8.52	4953	yfinance_1m
2026-09-02T12:19:00-04:00	8.525	8.53	8.525	8.5252	1861	yfinance_1m
2026-09-02T12:20:00-04:00	8.525	8.525	8.52	8.525	1659	yfinance_1m
2026-09-02T12:21:00-04:00	8.525	8.525	8.515	8.5199	2610	yfinance_1m
2026-09-02T12:22:00-04:00	8.515	8.56	8.515	8.56	12988	yfinance_1m
2026-09-02T12:23:00-04:00	8.56	8.575	8.56	8.575	7579	yfinance_1m
2026-09-02T12:24:00-04:00	8.57	8.57	8.55	8.55	4536	yfinance_1m
2026-09-02T12:25:00-04:00	8.55	8.56	8.55	8.56	2984	yfinance_1m
2026-09-02T12:26:00-04:00	8.55	8.55	8.55	8.55	1125	yfinance_1m
2026-09-02T12:27:00-04:00	8.55	8.55	8.55	8.55	1569	yfinance_1m
2026-09-02T12:28:00-04:00	8.55	8.5599	8.54	8.555	1752	yfinance_1m
2026-09-02T12:29:00-04:00	8.55	8.57	8.54	8.567	17693	yfinance_1m
2026-09-02T12:30:00-04:00	8.57	8.59	8.565	8.58	6813	yfinance_1m
2026-09-02T12:31:00-04:00	8.585	8.585	8.57	8.57	1561	yfinance_1m
2026-09-02T12:32:00-04:00	8.58	8.58	8.58	8.58	1233	yfinance_1m
2026-09-02T12:33:00-04:00	8.58	8.58	8.58	8.58	658	yfinance_1m
2026-09-02T12:34:00-04:00	8.58	8.58	8.58	8.58	808	yfinance_1m
2026-09-02T12:35:00-04:00	8.58	8.58	8.58	8.58	1377	yfinance_1m
2026-09-02T12:36:00-04:00	8.58	8.59	8.57	8.571	5418	yfinance_1m
2026-09-02T12:37:00-04:00	8.57	8.57	8.56	8.56	3237	yfinance_1m
2026-09-02T12:38:00-04:00	8.56	8.56	8.55	8.55	2074	yfinance_1m
2026-09-02T12:39:00-04:00	8.56	8.56	8.55	8.56	6083	yfinance_1m
2026-09-02T12:40:00-04:00	8.56	8.6	8.56	8.6	22564	yfinance_1m
2026-09-02T12:41:00-04:00	8.61	8.625	8.59	8.59	41320	yfinance_1m
2026-09-02T12:42:00-04:00	8.595	8.61	8.595	8.6	24113	yfinance_1m
2026-09-02T12:43:00-04:00	8.6	8.61	8.58	8.595	8613	yfinance_1m
2026-09-02T12:44:00-04:00	8.6	8.61	8.6	8.61	11269	yfinance_1m
2026-09-02T12:45:00-04:00	8.61	8.63	8.61	8.625	8177	yfinance_1m
2026-09-02T12:46:00-04:00	8.625	8.625	8.62	8.62	3987	yfinance_1m
2026-09-02T12:47:00-04:00	8.62	8.62	8.605	8.615	4828	yfinance_1m
2026-09-02T12:48:00-04:00	8.615	8.62	8.5903	8.62	10143	yfinance_1m
2026-09-02T12:49:00-04:00	8.605	8.62	8.59	8.62	3252	yfinance_1m
2026-09-02T12:50:00-04:00	8.62	8.62	8.6011	8.61	7497	yfinance_1m
2026-09-02T12:51:00-04:00	8.61	8.65	8.595	8.64	9003	yfinance_1m
2026-09-02T12:52:00-04:00	8.64	8.68	8.64	8.665	7745	yfinance_1m
2026-09-02T12:53:00-04:00	8.68	8.69	8.66	8.66	6931	yfinance_1m
2026-09-02T12:54:00-04:00	8.69	8.7	8.675	8.7	3697	yfinance_1m
2026-09-02T12:55:00-04:00	8.7	8.7	8.7	8.7	752	yfinance_1m
2026-09-02T12:56:00-04:00	8.68	8.72	8.68	8.715	28737	yfinance_1m
2026-09-02T12:57:00-04:00	8.715	8.715	8.7	8.7	1980	yfinance_1m
2026-09-02T12:58:00-04:00	8.7	8.7	8.68	8.68	2622	yfinance_1m
2026-09-02T12:59:00-04:00	8.685	8.7	8.685	8.7	3645	yfinance_1m
2026-09-02T13:00:00-04:00	8.69	8.71	8.69	8.71	4189	yfinance_1m
2026-09-02T13:01:00-04:00	8.71	8.71	8.7072	8.71	1203	yfinance_1m
2026-09-02T13:02:00-04:00	8.7	8.7	8.68	8.68	3310	yfinance_1m
2026-09-02T13:03:00-04:00	8.68	8.68	8.67	8.67	1960	yfinance_1m
2026-09-02T13:04:00-04:00	8.67	8.67	8.66	8.66	1523	yfinance_1m
2026-09-02T13:05:00-04:00	8.67	8.67	8.66	8.67	1932	yfinance_1m
2026-09-02T13:06:00-04:00	8.66	8.66	8.63	8.64	6186	yfinance_1m
2026-09-02T13:07:00-04:00	8.63	8.64	8.625	8.63	3414	yfinance_1m
2026-09-02T13:08:00-04:00	8.63	8.63	8.62	8.62	2926	yfinance_1m
2026-09-02T13:09:00-04:00	8.63	8.63	8.61	8.62	2942	yfinance_1m
2026-09-02T13:10:00-04:00	8.6218	8.6218	8.61	8.62	8376	yfinance_1m
2026-09-02T13:11:00-04:00	8.619	8.62	8.61	8.62	2693	yfinance_1m
2026-09-02T13:12:00-04:00	8.62	8.62	8.6001	8.605	3181	yfinance_1m
2026-09-02T13:13:00-04:00	8.605	8.62	8.605	8.61	7052	yfinance_1m
2026-09-02T13:14:00-04:00	8.62	8.62	8.61	8.61	787	yfinance_1m
2026-09-02T13:15:00-04:00	8.6	8.61	8.6	8.6	3027	yfinance_1m
2026-09-02T13:16:00-04:00	8.594	8.6	8.59	8.59	2244	yfinance_1m
2026-09-02T13:17:00-04:00	8.59	8.6	8.585	8.585	2940	yfinance_1m
2026-09-02T13:18:00-04:00	8.59	8.6	8.59	8.59	1370	yfinance_1m
2026-09-02T13:19:00-04:00	8.6	8.61	8.6	8.6	4941	yfinance_1m
2026-09-02T13:20:00-04:00	8.61	8.61	8.6	8.6	851	yfinance_1m
2026-09-02T13:21:00-04:00	8.6	8.61	8.6	8.61	2253	yfinance_1m
2026-09-02T13:22:00-04:00	8.605	8.61	8.605	8.605	1669	yfinance_1m
2026-09-02T13:23:00-04:00	8.61	8.61	8.605	8.61	1245	yfinance_1m
2026-09-02T13:24:00-04:00	8.605	8.61	8.6	8.605	2887	yfinance_1m
2026-09-02T13:25:00-04:00	8.605	8.605	8.595	8.595	2817	yfinance_1m
2026-09-02T13:26:00-04:00	8.6	8.6	8.595	8.595	884	yfinance_1m
2026-09-02T13:27:00-04:00	8.6	8.6	8.595	8.6	1327	yfinance_1m
2026-09-02T13:28:00-04:00	8.595	8.61	8.59	8.6	4393	yfinance_1m
2026-09-02T13:29:00-04:00	8.61	8.62	8.6	8.62	1689	yfinance_1m
2026-09-02T13:30:00-04:00	8.62	8.63	8.61	8.63	2457	yfinance_1m
2026-09-02T13:31:00-04:00	8.63	8.63	8.615	8.63	560	yfinance_1m
2026-09-02T13:32:00-04:00	8.63	8.63	8.615	8.63	1340	yfinance_1m
2026-09-02T13:33:00-04:00	8.615	8.63	8.61	8.62	2135	yfinance_1m
2026-09-02T13:34:00-04:00	8.63	8.63	8.62	8.625	3032	yfinance_1m
2026-09-02T13:35:00-04:00	8.625	8.64	8.625	8.63	5553	yfinance_1m
2026-09-02T13:36:00-04:00	8.63	8.63	8.63	8.63	1647	yfinance_1m
2026-09-02T13:37:00-04:00	8.63	8.63	8.63	8.63	1241	yfinance_1m
2026-09-02T13:38:00-04:00	8.63	8.63	8.63	8.63	1037	yfinance_1m
2026-09-02T13:39:00-04:00	8.62	8.63	8.62	8.63	1585	yfinance_1m
2026-09-02T13:40:00-04:00	8.63	8.64	8.62	8.635	4252	yfinance_1m
2026-09-02T13:41:00-04:00	8.64	8.64	8.605	8.61	5575	yfinance_1m
2026-09-02T13:42:00-04:00	8.61	8.63	8.605	8.62	2616	yfinance_1m
2026-09-02T13:43:00-04:00	8.62	8.63	8.62	8.63	2648	yfinance_1m
2026-09-02T13:44:00-04:00	8.63	8.64	8.6292	8.64	2055	yfinance_1m
2026-09-02T13:45:00-04:00	8.64	8.64	8.63	8.64	1176	yfinance_1m
2026-09-02T13:46:00-04:00	8.64	8.64	8.63	8.63	931	yfinance_1m
2026-09-02T13:47:00-04:00	8.64	8.65	8.63	8.65	4931	yfinance_1m
2026-09-02T13:48:00-04:00	8.6301	8.65	8.6301	8.645	3496	yfinance_1m
2026-09-02T13:49:00-04:00	8.645	8.655	8.645	8.655	5593	yfinance_1m
2026-09-02T13:50:00-04:00	8.66	8.66	8.6514	8.655	2772	yfinance_1m
2026-09-02T13:51:00-04:00	8.66	8.66	8.655	8.655	2070	yfinance_1m
2026-09-02T13:52:00-04:00	8.65	8.655	8.65	8.655	2357	yfinance_1m
2026-09-02T13:53:00-04:00	8.655	8.67	8.655	8.67	4147	yfinance_1m
2026-09-02T13:54:00-04:00	8.665	8.665	8.665	8.665	1293	yfinance_1m
2026-09-02T13:55:00-04:00	8.665	8.665	8.65	8.65	6186	yfinance_1m
2026-09-02T13:56:00-04:00	8.64	8.65	8.635	8.64	5058	yfinance_1m
2026-09-02T13:57:00-04:00	8.64	8.65	8.64	8.65	3448	yfinance_1m
2026-09-02T13:58:00-04:00	8.64	8.67	8.61	8.67	12147	yfinance_1m
2026-09-02T13:59:00-04:00	8.66	8.665	8.65	8.665	8947	yfinance_1m
2026-09-02T14:00:00-04:00	8.665	8.665	8.65	8.65	2408	yfinance_1m
2026-09-02T14:01:00-04:00	8.65	8.67	8.635	8.65	5431	yfinance_1m
2026-09-02T14:02:00-04:00	8.66	8.67	8.66	8.67	910	yfinance_1m
2026-09-02T14:03:00-04:00	8.67	8.7	8.67	8.7	1128	yfinance_1m
2026-09-02T14:04:00-04:00	8.69	8.69	8.68	8.69	2546	yfinance_1m
2026-09-02T14:05:00-04:00	8.69	8.69	8.665	8.665	4548	yfinance_1m
2026-09-02T14:06:00-04:00	8.67	8.68	8.67	8.6701	2244	yfinance_1m
2026-09-02T14:07:00-04:00	8.675	8.68	8.675	8.675	1744	yfinance_1m
2026-09-02T14:08:00-04:00	8.68	8.68	8.655	8.66	4521	yfinance_1m
2026-09-02T14:09:00-04:00	8.655	8.66	8.655	8.66	1494	yfinance_1m
2026-09-02T14:10:00-04:00	8.66	8.67	8.655	8.67	2820	yfinance_1m
2026-09-02T14:11:00-04:00	8.665	8.67	8.65	8.65	2658	yfinance_1m
2026-09-02T14:12:00-04:00	8.65	8.66	8.65	8.66	4349	yfinance_1m
2026-09-02T14:13:00-04:00	8.65	8.65	8.62	8.62	5379	yfinance_1m
2026-09-02T14:14:00-04:00	8.63	8.63	8.62	8.62	1002	yfinance_1m
2026-09-02T14:15:00-04:00	8.63	8.64	8.62	8.625	2365	yfinance_1m
2026-09-02T14:16:00-04:00	8.63	8.64	8.63	8.64	5203	yfinance_1m
2026-09-02T14:17:00-04:00	8.64	8.64	8.63	8.63	2173	yfinance_1m
2026-09-02T14:18:00-04:00	8.63	8.64	8.63	8.64	7224	yfinance_1m
2026-09-02T14:19:00-04:00	8.64	8.65	8.63	8.63	1644	yfinance_1m
2026-09-02T14:20:00-04:00	8.64	8.65	8.63	8.63	3688	yfinance_1m
2026-09-02T14:21:00-04:00	8.64	8.64	8.63	8.64	2438	yfinance_1m
2026-09-02T14:22:00-04:00	8.64	8.64	8.625	8.625	8456	yfinance_1m
2026-09-02T14:23:00-04:00	8.625	8.63	8.615	8.615	7678	yfinance_1m
2026-09-02T14:24:00-04:00	8.615	8.615	8.615	8.615	1088	yfinance_1m
2026-09-02T14:25:00-04:00	8.615	8.615	8.615	8.615	2147	yfinance_1m
2026-09-02T14:26:00-04:00	8.62	8.67	8.615	8.66	60483	yfinance_1m
2026-09-02T14:27:00-04:00	8.66	8.665	8.655	8.655	1504	yfinance_1m
2026-09-02T14:28:00-04:00	8.655	8.656101	8.655	8.655	1736	yfinance_1m
2026-09-02T14:29:00-04:00	8.66	8.66	8.655	8.655	1507	yfinance_1m
2026-09-02T14:30:00-04:00	8.655	8.66	8.655	8.655	2051	yfinance_1m
2026-09-02T14:31:00-04:00	8.65	8.65	8.615	8.615	5047	yfinance_1m
2026-09-02T14:32:00-04:00	8.615	8.635	8.615	8.63	6095	yfinance_1m
2026-09-02T14:33:00-04:00	8.635	8.64	8.63	8.63	5001	yfinance_1m
2026-09-02T14:34:00-04:00	8.63	8.63	8.63	8.63	1538	yfinance_1m
2026-09-02T14:35:00-04:00	8.63	8.63	8.63	8.63	1380	yfinance_1m
2026-09-02T14:36:00-04:00	8.63	8.63	8.62	8.62	5128	yfinance_1m
2026-09-02T14:37:00-04:00	8.63	8.63	8.62	8.63	1622	yfinance_1m
2026-09-02T14:38:00-04:00	8.63	8.63	8.62	8.62	2009	yfinance_1m
2026-09-02T14:39:00-04:00	8.62	8.62	8.61	8.61	2126	yfinance_1m
2026-09-02T14:40:00-04:00	8.61	8.615	8.6	8.61	2851	yfinance_1m
2026-09-02T14:41:00-04:00	8.6193	8.6193	8.595	8.6	10475	yfinance_1m
2026-09-02T14:42:00-04:00	8.61	8.61	8.6	8.61	3650	yfinance_1m
2026-09-02T14:43:00-04:00	8.605	8.61	8.605	8.61	2653	yfinance_1m
2026-09-02T14:44:00-04:00	8.61	8.62	8.61	8.62	4593	yfinance_1m
2026-09-02T14:45:00-04:00	8.62	8.645	8.62	8.64	7771	yfinance_1m
2026-09-02T14:46:00-04:00	8.65	8.65	8.64	8.65	2882	yfinance_1m
2026-09-02T14:47:00-04:00	8.645	8.65	8.64	8.64	1665	yfinance_1m
2026-09-02T14:48:00-04:00	8.635	8.6586	8.635	8.6586	5081	yfinance_1m
2026-09-02T14:49:00-04:00	8.655	8.66	8.645	8.645	6722	yfinance_1m
2026-09-02T14:50:00-04:00	8.65	8.67	8.645	8.66	4663	yfinance_1m
2026-09-02T14:51:00-04:00	8.67	8.67	8.66	8.66	928	yfinance_1m
2026-09-02T14:52:00-04:00	8.67	8.67	8.66	8.66	2793	yfinance_1m
2026-09-02T14:53:00-04:00	8.66	8.67	8.66	8.67	1690	yfinance_1m
2026-09-02T14:54:00-04:00	8.66	8.67	8.66	8.665	2731	yfinance_1m
2026-09-02T14:55:00-04:00	8.665	8.665	8.655	8.66	2170	yfinance_1m
2026-09-02T14:56:00-04:00	8.66	8.66	8.655	8.66	1895	yfinance_1m
2026-09-02T14:57:00-04:00	8.66	8.66	8.65	8.655	2466	yfinance_1m
2026-09-02T14:58:00-04:00	8.66	8.66	8.655	8.655	1454	yfinance_1m
2026-09-02T14:59:00-04:00	8.655	8.66	8.655	8.655	3421	yfinance_1m
2026-09-02T15:00:00-04:00	8.65	8.66	8.635	8.655	10264	yfinance_1m
2026-09-02T15:01:00-04:00	8.65	8.655	8.645	8.645	9986	yfinance_1m
2026-09-02T15:02:00-04:00	8.645	8.68	8.645	8.68	8540	yfinance_1m
2026-09-02T15:03:00-04:00	8.68	8.7	8.66	8.69	26955	yfinance_1m
2026-09-02T15:04:00-04:00	8.69	8.7	8.675	8.68	14758	yfinance_1m
2026-09-02T15:05:00-04:00	8.69	8.69	8.68	8.68	2656	yfinance_1m
2026-09-02T15:06:00-04:00	8.6791	8.69	8.6791	8.69	1966	yfinance_1m
2026-09-02T15:07:00-04:00	8.69	8.73	8.68	8.73	12480	yfinance_1m
2026-09-02T15:08:00-04:00	8.73	8.7681	8.73	8.74	6716	yfinance_1m
2026-09-02T15:09:00-04:00	8.75	8.75	8.7393	8.74	2110	yfinance_1m
2026-09-02T15:10:00-04:00	8.74	8.75	8.74	8.74	5411	yfinance_1m
2026-09-02T15:11:00-04:00	8.75	8.75	8.74	8.74	3769	yfinance_1m
2026-09-02T15:12:00-04:00	8.74	8.745	8.725	8.74	18485	yfinance_1m
2026-09-02T15:13:00-04:00	8.75	8.78	8.745	8.78	7287	yfinance_1m
2026-09-02T15:14:00-04:00	8.775	8.785	8.755	8.755	9760	yfinance_1m
2026-09-02T15:15:00-04:00	8.76	8.78	8.76	8.77	3501	yfinance_1m
2026-09-02T15:16:00-04:00	8.77	8.78	8.77	8.78	3085	yfinance_1m
2026-09-02T15:17:00-04:00	8.78	8.78	8.77	8.78	6411	yfinance_1m
2026-09-02T15:18:00-04:00	8.78	8.79	8.775	8.78	6255	yfinance_1m
2026-09-02T15:19:00-04:00	8.77	8.78	8.77	8.78	2244	yfinance_1m
2026-09-02T15:20:00-04:00	8.78	8.78	8.77	8.77	4221	yfinance_1m
2026-09-02T15:21:00-04:00	8.77	8.78	8.76	8.77	5531	yfinance_1m
2026-09-02T15:22:00-04:00	8.77	8.78	8.77	8.77	2532	yfinance_1m
2026-09-02T15:23:00-04:00	8.78	8.8	8.77	8.8	11428	yfinance_1m
2026-09-02T15:24:00-04:00	8.795	8.805	8.785	8.79	8746	yfinance_1m
2026-09-02T15:25:00-04:00	8.79	8.79	8.74	8.76	36927	yfinance_1m
2026-09-02T15:26:00-04:00	8.76	8.78	8.76	8.78	5457	yfinance_1m
2026-09-02T15:27:00-04:00	8.79	8.8	8.785	8.79	3936	yfinance_1m
2026-09-02T15:28:00-04:00	8.8	8.8	8.7817	8.79	2010	yfinance_1m
2026-09-02T15:29:00-04:00	8.79	8.79	8.78	8.79	5459	yfinance_1m
2026-09-02T15:30:00-04:00	8.785	8.8	8.785	8.8	5869	yfinance_1m
2026-09-02T15:31:00-04:00	8.795	8.8	8.775	8.775	19518	yfinance_1m
2026-09-02T15:32:00-04:00	8.775	8.78	8.77	8.775	1944	yfinance_1m
2026-09-02T15:33:00-04:00	8.775	8.78	8.735	8.735	21200	yfinance_1m
2026-09-02T15:34:00-04:00	8.735	8.745	8.735	8.735	7871	yfinance_1m
2026-09-02T15:35:00-04:00	8.73	8.73	8.705	8.71	14244	yfinance_1m
2026-09-02T15:36:00-04:00	8.71	8.72	8.71	8.71	5757	yfinance_1m
2026-09-02T15:37:00-04:00	8.71	8.71	8.7	8.705	3946	yfinance_1m
2026-09-02T15:38:00-04:00	8.705	8.705	8.69	8.695	8159	yfinance_1m
2026-09-02T15:39:00-04:00	8.695	8.71	8.69	8.705	8233	yfinance_1m
2026-09-02T15:40:00-04:00	8.705	8.75	8.705	8.74	19185	yfinance_1m
2026-09-02T15:41:00-04:00	8.75	8.75	8.735	8.745	14160	yfinance_1m
2026-09-02T15:42:00-04:00	8.745	8.745	8.73	8.73	7531	yfinance_1m
2026-09-02T15:43:00-04:00	8.73	8.75	8.73	8.75	7123	yfinance_1m
2026-09-02T15:44:00-04:00	8.74	8.75	8.73	8.74	12225	yfinance_1m
2026-09-02T15:45:00-04:00	8.74	8.7402	8.73	8.73	4790	yfinance_1m
2026-09-02T15:46:00-04:00	8.725	8.74	8.725	8.735	7851	yfinance_1m
2026-09-02T15:47:00-04:00	8.735	8.745	8.735	8.735	7785	yfinance_1m
2026-09-02T15:48:00-04:00	8.735	8.735	8.72	8.72	10847	yfinance_1m
2026-09-02T15:49:00-04:00	8.715	8.725	8.705	8.72	19077	yfinance_1m
2026-09-02T15:50:00-04:00	8.72	8.73	8.71	8.71	18368	yfinance_1m
2026-09-02T15:51:00-04:00	8.72	8.73	8.69	8.69	14012	yfinance_1m
2026-09-02T15:52:00-04:00	8.7	8.705	8.68	8.69	14276	yfinance_1m
2026-09-02T15:53:00-04:00	8.695	8.705	8.685	8.69	18591	yfinance_1m
2026-09-02T15:54:00-04:00	8.69	8.715	8.69	8.715	13844	yfinance_1m
2026-09-02T15:55:00-04:00	8.71	8.71	8.67	8.69	30291	yfinance_1m
2026-09-02T15:56:00-04:00	8.69	8.715	8.69	8.705	25857	yfinance_1m
2026-09-02T15:57:00-04:00	8.705	8.73	8.69	8.7	45587	yfinance_1m
2026-09-02T15:58:00-04:00	8.7	8.705	8.69	8.695	50530	yfinance_1m
2026-09-02T15:59:00-04:00	8.695	8.7	8.66	8.68	111701	yfinance_1m
2026-09-03T09:30:00-04:00	8.84	8.89	8.77	8.77	31062	yfinance_1m
2026-09-03T09:31:00-04:00	8.84	8.84	8.785	8.805	3152	yfinance_1m
2026-09-03T09:32:00-04:00	8.84	8.84	8.805	8.805	1272	yfinance_1m
2026-09-03T09:33:00-04:00	8.82	8.87	8.8	8.855	8790	yfinance_1m
2026-09-03T09:34:00-04:00	8.88	8.88	8.795	8.83	8205	yfinance_1m
2026-09-03T09:35:00-04:00	8.86	8.91	8.835	8.86	11826	yfinance_1m
2026-09-03T09:36:00-04:00	8.85	8.85	8.8	8.815	7194	yfinance_1m
2026-09-03T09:37:00-04:00	8.8	8.86	8.79	8.86	4907	yfinance_1m
2026-09-03T09:38:00-04:00	8.845	8.89	8.84	8.865	12543	yfinance_1m
2026-09-03T09:39:00-04:00	8.84	8.85	8.8	8.81	7853	yfinance_1m
2026-09-03T09:40:00-04:00	8.81	8.82	8.8	8.8	3716	yfinance_1m
2026-09-03T09:41:00-04:00	8.8	8.83	8.79	8.81	4732	yfinance_1m
2026-09-03T09:42:00-04:00	8.79	8.86	8.78	8.86	8100	yfinance_1m
2026-09-03T09:43:00-04:00	8.84	8.84	8.79	8.8368	4042	yfinance_1m
2026-09-03T09:44:00-04:00	8.825	8.825	8.795	8.81	5877	yfinance_1m
2026-09-03T09:45:00-04:00	8.82	8.9	8.8	8.9	3638	yfinance_1m
2026-09-03T09:46:00-04:00	8.92	8.98	8.919	8.96	9166	yfinance_1m
2026-09-03T09:47:00-04:00	8.96	8.98	8.96	8.98	2411	yfinance_1m
2026-09-03T09:48:00-04:00	8.98	9.0	8.96	9.0	8821	yfinance_1m
2026-09-03T09:49:00-04:00	8.96	8.96	8.8415	8.8415	14590	yfinance_1m
2026-09-03T09:50:00-04:00	8.86	8.879	8.85	8.875	7455	yfinance_1m
2026-09-03T09:51:00-04:00	8.884	8.93	8.884	8.91	2840	yfinance_1m
2026-09-03T09:52:00-04:00	8.915	8.9299	8.91	8.92	3125	yfinance_1m
2026-09-03T09:53:00-04:00	8.92	8.92	8.87	8.875	3210	yfinance_1m
2026-09-03T09:54:00-04:00	8.86	8.86	8.805	8.805	4762	yfinance_1m
2026-09-03T09:55:00-04:00	8.83	8.844499	8.83	8.844499	3112	yfinance_1m
2026-09-03T09:56:00-04:00	8.81	8.84	8.81	8.82	1388	yfinance_1m
2026-09-03T09:57:00-04:00	8.81	8.86	8.72	8.76	20516	yfinance_1m
2026-09-03T09:58:00-04:00	8.75	8.77	8.7	8.72	3325	yfinance_1m
2026-09-03T09:59:00-04:00	8.73	8.75	8.72	8.75	9179	yfinance_1m
2026-09-03T10:00:00-04:00	8.82	8.82	8.7	8.71	4827	yfinance_1m
2026-09-03T10:01:00-04:00	8.69	8.69	8.615	8.655	24317	yfinance_1m
2026-09-03T10:02:00-04:00	8.65	8.71	8.65	8.69	3726	yfinance_1m
2026-09-03T10:03:00-04:00	8.68	8.68	8.64	8.64	10859	yfinance_1m
2026-09-03T10:04:00-04:00	8.665	8.665	8.64	8.64	3110	yfinance_1m
2026-09-03T10:05:00-04:00	8.655	8.68	8.64	8.67	32108	yfinance_1m
2026-09-03T10:06:00-04:00	8.669	8.669	8.62	8.625	4940	yfinance_1m
2026-09-03T10:07:00-04:00	8.63	8.66	8.63	8.66	2701	yfinance_1m
2026-09-03T10:08:00-04:00	8.61	8.61	8.595	8.6	11044	yfinance_1m
2026-09-03T10:09:00-04:00	8.6	8.635	8.595	8.625	9122	yfinance_1m
2026-09-03T10:10:00-04:00	8.6101	8.63	8.6	8.63	3471	yfinance_1m
2026-09-03T10:11:00-04:00	8.58	8.5987	8.57	8.59	4257	yfinance_1m
2026-09-03T10:12:00-04:00	8.59	8.605	8.57	8.605	2111	yfinance_1m
2026-09-03T10:13:00-04:00	8.61	8.6237	8.57	8.57	4074	yfinance_1m
2026-09-03T10:14:00-04:00	8.5601	8.63	8.55	8.63	19582	yfinance_1m
2026-09-03T10:15:00-04:00	8.6	8.6	8.56	8.6	3007	yfinance_1m
2026-09-03T10:16:00-04:00	8.67	8.7	8.665	8.665	8132	yfinance_1m
2026-09-03T10:17:00-04:00	8.675	8.7	8.675	8.7	3790	yfinance_1m
2026-09-03T10:18:00-04:00	8.67	8.675	8.64	8.655	4507	yfinance_1m
2026-09-03T10:19:00-04:00	8.67	8.6885	8.65	8.665	3289	yfinance_1m
2026-09-03T10:20:00-04:00	8.64	8.665	8.64	8.665	1796	yfinance_1m
2026-09-03T10:21:00-04:00	8.665	8.69	8.665	8.67	3584	yfinance_1m
2026-09-03T10:22:00-04:00	8.67	8.67	8.61	8.61	5070	yfinance_1m
2026-09-03T10:23:00-04:00	8.615	8.64	8.615	8.625	2460	yfinance_1m
2026-09-03T10:24:00-04:00	8.63	8.63	8.61	8.611	3111	yfinance_1m
2026-09-03T10:25:00-04:00	8.61	8.6108	8.6054	8.6097	3030	yfinance_1m
2026-09-03T10:26:00-04:00	8.6	8.6	8.58	8.58	2927	yfinance_1m
2026-09-03T10:27:00-04:00	8.575	8.58	8.57	8.58	3520	yfinance_1m
2026-09-03T10:28:00-04:00	8.58	8.6072	8.58	8.58	3900	yfinance_1m
2026-09-03T10:29:00-04:00	8.57	8.57	8.57	8.57	2970	yfinance_1m
2026-09-03T10:30:00-04:00	8.57	8.57	8.56	8.56	6985	yfinance_1m
2026-09-03T10:31:00-04:00	8.56	8.57	8.54	8.55	8333	yfinance_1m
2026-09-03T10:32:00-04:00	8.55	8.55	8.54	8.545	3354	yfinance_1m
2026-09-03T10:33:00-04:00	8.54	8.57	8.54	8.55	13731	yfinance_1m
2026-09-03T10:34:00-04:00	8.5414	8.5414	8.54	8.54	808	yfinance_1m
2026-09-03T10:35:00-04:00	8.54	8.54	8.53	8.53	4798	yfinance_1m
2026-09-03T10:36:00-04:00	8.53	8.55	8.495	8.5	16334	yfinance_1m
2026-09-03T10:37:00-04:00	8.5	8.5	8.475	8.478	5850	yfinance_1m
2026-09-03T10:38:00-04:00	8.475	8.49	8.475	8.48	8113	yfinance_1m
2026-09-03T10:39:00-04:00	8.4855	8.49	8.4855	8.49	1663	yfinance_1m
2026-09-03T10:40:00-04:00	8.49	8.5	8.4896	8.49	3462	yfinance_1m
2026-09-03T10:41:00-04:00	8.48	8.48	8.47	8.48	6441	yfinance_1m
2026-09-03T10:42:00-04:00	8.48	8.49	8.4703	8.49	3864	yfinance_1m
2026-09-03T10:43:00-04:00	8.48	8.49	8.48	8.49	3292	yfinance_1m
2026-09-03T10:44:00-04:00	8.49	8.49	8.485	8.485	2151	yfinance_1m
2026-09-03T10:45:00-04:00	8.485	8.4904	8.485	8.49	2602	yfinance_1m
2026-09-03T10:46:00-04:00	8.49	8.5	8.49	8.4976	11884	yfinance_1m
2026-09-03T10:47:00-04:00	8.5	8.5155	8.5	8.5	7976	yfinance_1m
2026-09-03T10:48:00-04:00	8.51	8.51	8.48	8.48	4786	yfinance_1m
2026-09-03T10:49:00-04:00	8.48	8.48	8.46	8.46	8778	yfinance_1m
2026-09-03T10:50:00-04:00	8.4572	8.4572	8.4355	8.44	9459	yfinance_1m
2026-09-03T10:51:00-04:00	8.4402	8.45	8.43	8.4372	9644	yfinance_1m
2026-09-03T10:52:00-04:00	8.43	8.4351	8.43	8.4301	5439	yfinance_1m
2026-09-03T10:53:00-04:00	8.43	8.4399	8.42	8.43	9824	yfinance_1m
2026-09-03T10:54:00-04:00	8.43	8.441	8.43	8.44	6448	yfinance_1m
2026-09-03T10:55:00-04:00	8.4499	8.45	8.435	8.44	9350	yfinance_1m
2026-09-03T10:56:00-04:00	8.4351	8.49	8.4	8.455	45877	yfinance_1m
2026-09-03T10:57:00-04:00	8.45	8.51	8.45	8.51	7853	yfinance_1m
2026-09-03T10:58:00-04:00	8.51	8.51	8.51	8.51	2360	yfinance_1m
2026-09-03T10:59:00-04:00	8.51	8.52	8.51	8.515	3249	yfinance_1m
2026-09-03T11:00:00-04:00	8.515	8.55	8.515	8.55	9207	yfinance_1m
2026-09-03T11:01:00-04:00	8.55	8.55	8.54	8.54	9619	yfinance_1m
2026-09-03T11:02:00-04:00	8.54	8.55	8.5201	8.5201	2887	yfinance_1m
2026-09-03T11:03:00-04:00	8.535	8.54	8.535	8.54	826	yfinance_1m
2026-09-03T11:04:00-04:00	8.54	8.5532	8.54	8.5532	2371	yfinance_1m
2026-09-03T11:05:00-04:00	8.545	8.55	8.54	8.545	3617	yfinance_1m
2026-09-03T11:06:00-04:00	8.54	8.54	8.4995	8.4995	5672	yfinance_1m
2026-09-03T11:07:00-04:00	8.5199	8.5199	8.5	8.51	4178	yfinance_1m
2026-09-03T11:08:00-04:00	8.52	8.52	8.51	8.51	1260	yfinance_1m
2026-09-03T11:09:00-04:00	8.51	8.51	8.505	8.505	2806	yfinance_1m
2026-09-03T11:10:00-04:00	8.5051	8.5051	8.47	8.47	9347	yfinance_1m
2026-09-03T11:11:00-04:00	8.47	8.47	8.455	8.455	6457	yfinance_1m
2026-09-03T11:12:00-04:00	8.46	8.48	8.46	8.48	3743	yfinance_1m
2026-09-03T11:13:00-04:00	8.47	8.4803	8.46	8.48	1794	yfinance_1m
2026-09-03T11:14:00-04:00	8.49	8.5014	8.49	8.5	2434	yfinance_1m
2026-09-03T11:15:00-04:00	8.505	8.505	8.46	8.46	6915	yfinance_1m
2026-09-03T11:16:00-04:00	8.46	8.47	8.46	8.46	6649	yfinance_1m
2026-09-03T11:17:00-04:00	8.455	8.475	8.455	8.465	6646	yfinance_1m
2026-09-03T11:18:00-04:00	8.475	8.48	8.475	8.48	3672	yfinance_1m
2026-09-03T11:19:00-04:00	8.472	8.472	8.46	8.46	7790	yfinance_1m
2026-09-03T11:20:00-04:00	8.46	8.46	8.435	8.4471	14125	yfinance_1m
2026-09-03T11:21:00-04:00	8.44	8.445	8.43	8.44	1704	yfinance_1m
2026-09-03T11:22:00-04:00	8.44	8.4675	8.44	8.4675	5242	yfinance_1m
2026-09-03T11:23:00-04:00	8.46	8.46	8.45	8.455	4139	yfinance_1m
2026-09-03T11:24:00-04:00	8.455	8.455	8.4501	8.4501	2661	yfinance_1m
2026-09-03T11:25:00-04:00	8.45	8.45	8.45	8.45	2254	yfinance_1m
2026-09-03T11:26:00-04:00	8.445	8.45	8.445	8.45	6362	yfinance_1m
2026-09-03T11:27:00-04:00	8.455	8.455	8.435	8.44	3686	yfinance_1m
2026-09-03T11:28:00-04:00	8.44	8.455	8.44	8.445	3614	yfinance_1m
2026-09-03T11:29:00-04:00	8.45	8.47	8.445	8.455	6009	yfinance_1m
2026-09-03T11:30:00-04:00	8.458	8.458	8.45	8.455	3589	yfinance_1m
2026-09-03T11:31:00-04:00	8.46	8.465	8.46	8.46	4941	yfinance_1m
2026-09-03T11:32:00-04:00	8.46	8.46	8.46	8.46	2635	yfinance_1m
2026-09-03T11:33:00-04:00	8.45	8.45	8.43	8.43	9041	yfinance_1m
2026-09-03T11:34:00-04:00	8.43	8.48	8.43	8.465	8129	yfinance_1m
2026-09-03T11:35:00-04:00	8.47	8.48	8.47	8.47	3656	yfinance_1m
2026-09-03T11:36:00-04:00	8.47	8.47	8.46	8.46	9113	yfinance_1m
2026-09-03T11:37:00-04:00	8.47	8.47	8.46	8.46	2697	yfinance_1m
2026-09-03T11:38:00-04:00	8.45	8.45	8.45	8.45	2745	yfinance_1m
2026-09-03T11:39:00-04:00	8.45	8.46	8.45	8.46	3500	yfinance_1m
2026-09-03T11:40:00-04:00	8.46	8.47	8.4501	8.4501	1157	yfinance_1m
2026-09-03T11:41:00-04:00	8.46	8.46	8.46	8.46	1724	yfinance_1m
2026-09-03T11:42:00-04:00	8.46	8.465	8.46	8.465	2028	yfinance_1m
2026-09-03T11:43:00-04:00	8.46	8.465	8.46	8.465	1632	yfinance_1m
2026-09-03T11:44:00-04:00	8.465	8.47	8.455	8.46	14850	yfinance_1m
2026-09-03T11:45:00-04:00	8.46	8.46	8.455	8.455	2242	yfinance_1m
2026-09-03T11:46:00-04:00	8.46	8.5045	8.455	8.49	6572	yfinance_1m
2026-09-03T11:47:00-04:00	8.5	8.5	8.48	8.49	3860	yfinance_1m
2026-09-03T11:48:00-04:00	8.48	8.48	8.47	8.47	4340	yfinance_1m
2026-09-03T11:49:00-04:00	8.475	8.475	8.46	8.47	2787	yfinance_1m
2026-09-03T11:50:00-04:00	8.45	8.47	8.45	8.47	1163	yfinance_1m
2026-09-03T11:51:00-04:00	8.47	8.49	8.47	8.47	2856	yfinance_1m
2026-09-03T11:52:00-04:00	8.47	8.48	8.465	8.465	3061	yfinance_1m
2026-09-03T11:53:00-04:00	8.46	8.47	8.46	8.465	2477	yfinance_1m
2026-09-03T11:54:00-04:00	8.465	8.49	8.46	8.49	4202	yfinance_1m
2026-09-03T11:55:00-04:00	8.49	8.5	8.49	8.495	3974	yfinance_1m
2026-09-03T11:56:00-04:00	8.49	8.49	8.48	8.48	5167	yfinance_1m
2026-09-03T11:57:00-04:00	8.48	8.48	8.48	8.48	846	yfinance_1m
2026-09-03T11:58:00-04:00	8.47	8.48	8.46	8.48	7056	yfinance_1m
2026-09-03T11:59:00-04:00	8.47	8.48	8.47	8.47	4706	yfinance_1m
2026-09-03T12:00:00-04:00	8.48	8.48	8.48	8.48	3885	yfinance_1m
2026-09-03T12:01:00-04:00	8.48	8.48	8.48	8.48	2606	yfinance_1m
2026-09-03T12:02:00-04:00	8.47	8.48	8.47	8.47	1966	yfinance_1m
2026-09-03T12:03:00-04:00	8.47	8.47	8.47	8.47	1483	yfinance_1m
2026-09-03T12:04:00-04:00	8.46	8.47	8.455	8.455	7693	yfinance_1m
2026-09-03T12:05:00-04:00	8.4554	8.46	8.455	8.455	3557	yfinance_1m
2026-09-03T12:06:00-04:00	8.455	8.46	8.45	8.455	8758	yfinance_1m
2026-09-03T12:07:00-04:00	8.455	8.455	8.45	8.45	6110	yfinance_1m
2026-09-03T12:08:00-04:00	8.45	8.4599	8.445	8.445	5606	yfinance_1m
2026-09-03T12:09:00-04:00	8.445	8.445	8.44	8.44	953	yfinance_1m
2026-09-03T12:10:00-04:00	8.445	8.445	8.425	8.435	12330	yfinance_1m
2026-09-03T12:11:00-04:00	8.435	8.435	8.42	8.425	3815	yfinance_1m
2026-09-03T12:12:00-04:00	8.4302	8.435	8.43	8.43	1533	yfinance_1m
2026-09-03T12:13:00-04:00	8.435	8.44	8.43	8.435	8872	yfinance_1m
2026-09-03T12:14:00-04:00	8.44	8.45	8.44	8.45	3625	yfinance_1m
2026-09-03T12:15:00-04:00	8.45	8.465	8.45	8.465	2692	yfinance_1m
2026-09-03T12:16:00-04:00	8.465	8.47	8.46	8.465	3813	yfinance_1m
2026-09-03T12:17:00-04:00	8.465	8.465	8.445	8.445	7519	yfinance_1m
2026-09-03T12:18:00-04:00	8.45	8.46	8.45	8.45	4776	yfinance_1m
2026-09-03T12:19:00-04:00	8.455	8.465	8.455	8.46	2975	yfinance_1m
2026-09-03T12:20:00-04:00	8.46	8.46	8.46	8.46	977	yfinance_1m
2026-09-03T12:21:00-04:00	8.46	8.47	8.46	8.47	2997	yfinance_1m
2026-09-03T12:22:00-04:00	8.4799	8.4799	8.46	8.465	1730	yfinance_1m
2026-09-03T12:23:00-04:00	8.46	8.46	8.452	8.46	1806	yfinance_1m
2026-09-03T12:24:00-04:00	8.46	8.48	8.455	8.48	9401	yfinance_1m
2026-09-03T12:25:00-04:00	8.47	8.47	8.47	8.47	2019	yfinance_1m
2026-09-03T12:26:00-04:00	8.47	8.48	8.47	8.47	10153	yfinance_1m
2026-09-03T12:27:00-04:00	8.47	8.47	8.43	8.445	10650	yfinance_1m
2026-09-03T12:28:00-04:00	8.44	8.445	8.43	8.44	4942	yfinance_1m
2026-09-03T12:29:00-04:00	8.45	8.4592	8.44	8.44	5927	yfinance_1m
2026-09-03T12:30:00-04:00	8.45	8.45	8.45	8.45	766	yfinance_1m
2026-09-03T12:31:00-04:00	8.45	8.45	8.44	8.45	1999	yfinance_1m
2026-09-03T12:32:00-04:00	8.44	8.45	8.44	8.44	3978	yfinance_1m
2026-09-03T12:33:00-04:00	8.45	8.46	8.445	8.46	3304	yfinance_1m
2026-09-03T12:34:00-04:00	8.465	8.465	8.465	8.465	2805	yfinance_1m
2026-09-03T12:35:00-04:00	8.47	8.47	8.44	8.45	8475	yfinance_1m
2026-09-03T12:36:00-04:00	8.46	8.46	8.45	8.45	2943	yfinance_1m
2026-09-03T12:38:00-04:00	8.455	8.47	8.455	8.46	3565	yfinance_1m
2026-09-03T12:39:00-04:00	8.47	8.47	8.4698	8.47	1605	yfinance_1m
2026-09-03T12:40:00-04:00	8.46	8.46	8.45	8.46	4509	yfinance_1m
2026-09-03T12:41:00-04:00	8.46	8.46	8.46	8.46	814	yfinance_1m
2026-09-03T12:42:00-04:00	8.465	8.465	8.455	8.455	3003	yfinance_1m
2026-09-03T12:43:00-04:00	8.4661	8.4661	8.455	8.455	3090	yfinance_1m
2026-09-03T12:44:00-04:00	8.46	8.46	8.46	8.46	1141	yfinance_1m
2026-09-03T12:45:00-04:00	8.45	8.45	8.45	8.45	920	yfinance_1m
2026-09-03T12:46:00-04:00	8.46	8.4602	8.45	8.45	1130	yfinance_1m
2026-09-03T12:47:00-04:00	8.46	8.4601	8.45	8.46	2456	yfinance_1m
2026-09-03T12:48:00-04:00	8.46	8.46	8.46	8.46	1300	yfinance_1m
2026-09-03T12:49:00-04:00	8.46	8.475	8.45	8.46	4545	yfinance_1m
2026-09-03T12:50:00-04:00	8.47	8.47	8.44	8.44	13182	yfinance_1m
2026-09-03T12:51:00-04:00	8.435	8.441	8.43	8.44	7249	yfinance_1m
2026-09-03T12:52:00-04:00	8.45	8.4559	8.44	8.455	3598	yfinance_1m
2026-09-03T12:53:00-04:00	8.45	8.45	8.44	8.45	4386	yfinance_1m
2026-09-03T12:54:00-04:00	8.46	8.46	8.4586	8.46	2905	yfinance_1m
2026-09-03T12:55:00-04:00	8.465	8.47	8.46	8.47	2794	yfinance_1m
2026-09-03T12:56:00-04:00	8.48	8.48	8.46	8.47	1535	yfinance_1m
2026-09-03T12:57:00-04:00	8.46	8.46	8.45	8.45	3078	yfinance_1m
2026-09-03T12:58:00-04:00	8.45	8.45	8.44	8.44	1130	yfinance_1m
2026-09-03T12:59:00-04:00	8.46	8.47	8.45	8.47	4759	yfinance_1m
2026-09-03T13:00:00-04:00	8.47	8.47	8.455	8.455	4053	yfinance_1m
2026-09-03T13:01:00-04:00	8.4592	8.46	8.45	8.45	3298	yfinance_1m
2026-09-03T13:03:00-04:00	8.455	8.455	8.455	8.455	741	yfinance_1m
2026-09-03T13:04:00-04:00	8.455	8.455	8.45	8.45	1835	yfinance_1m
2026-09-03T13:05:00-04:00	8.45	8.46	8.45	8.455	7251	yfinance_1m
2026-09-03T13:06:00-04:00	8.47	8.47	8.455	8.455	3085	yfinance_1m
2026-09-03T13:07:00-04:00	8.45	8.47	8.45	8.46	3544	yfinance_1m
2026-09-03T13:08:00-04:00	8.46	8.47	8.46	8.46	4212	yfinance_1m
2026-09-03T13:09:00-04:00	8.46	8.46	8.46	8.46	1204	yfinance_1m
2026-09-03T13:10:00-04:00	8.46	8.4693	8.45	8.455	17560	yfinance_1m
2026-09-03T13:11:00-04:00	8.45	8.45	8.45	8.45	823	yfinance_1m
2026-09-03T13:12:00-04:00	8.45	8.46	8.45	8.46	2888	yfinance_1m
2026-09-03T13:13:00-04:00	8.45	8.46	8.44	8.45	13670	yfinance_1m
2026-09-03T13:14:00-04:00	8.4504	8.46	8.45	8.455	4395	yfinance_1m
2026-09-03T13:15:00-04:00	8.4699	8.4699	8.4699	8.4699	1112	yfinance_1m
2026-09-03T13:16:00-04:00	8.465	8.465	8.455	8.46	3713	yfinance_1m
2026-09-03T13:17:00-04:00	8.46	8.47	8.46	8.46	4644	yfinance_1m
2026-09-03T13:18:00-04:00	8.47	8.47	8.47	8.47	1260	yfinance_1m
2026-09-03T13:19:00-04:00	8.47	8.47	8.46	8.46	2416	yfinance_1m
2026-09-03T13:20:00-04:00	8.46	8.4636	8.46	8.46	3058	yfinance_1m
2026-09-03T13:21:00-04:00	8.46	8.46	8.46	8.46	2024	yfinance_1m
2026-09-03T13:22:00-04:00	8.46	8.46	8.46	8.46	1392	yfinance_1m
2026-09-03T13:23:00-04:00	8.46	8.46	8.46	8.46	1198	yfinance_1m
2026-09-03T13:24:00-04:00	8.47	8.47	8.46	8.465	1786	yfinance_1m
2026-09-03T13:25:00-04:00	8.465	8.48	8.46	8.475	2280	yfinance_1m
2026-09-03T13:26:00-04:00	8.475	8.485	8.475	8.485	2149	yfinance_1m
2026-09-03T13:27:00-04:00	8.485	8.51	8.48	8.51	19610	yfinance_1m
2026-09-03T13:28:00-04:00	8.5049	8.51	8.49	8.495	11997	yfinance_1m
2026-09-03T13:29:00-04:00	8.49	8.56	8.49	8.56	8461	yfinance_1m
2026-09-03T13:30:00-04:00	8.57	8.6	8.55	8.59	47177	yfinance_1m
2026-09-03T13:31:00-04:00	8.58	8.595	8.58	8.595	8074	yfinance_1m
2026-09-03T13:32:00-04:00	8.59	8.59	8.56	8.56	7531	yfinance_1m
2026-09-03T13:33:00-04:00	8.56	8.56	8.55	8.55	5534	yfinance_1m
2026-09-03T13:34:00-04:00	8.545	8.55	8.535	8.535	4800	yfinance_1m
2026-09-03T13:35:00-04:00	8.535	8.54	8.53	8.53	1807	yfinance_1m
2026-09-03T13:36:00-04:00	8.5465	8.5465	8.52	8.54	5820	yfinance_1m
2026-09-03T13:37:00-04:00	8.53	8.54	8.52	8.52	7198	yfinance_1m
2026-09-03T13:38:00-04:00	8.52	8.52	8.51	8.51	1597	yfinance_1m
2026-09-03T13:39:00-04:00	8.52	8.52	8.5	8.5	4501	yfinance_1m
2026-09-03T13:40:00-04:00	8.5037	8.5037	8.485	8.485	7480	yfinance_1m
2026-09-03T13:41:00-04:00	8.49	8.49	8.48	8.49	2174	yfinance_1m
2026-09-03T13:42:00-04:00	8.49	8.52	8.49	8.515	19934	yfinance_1m
2026-09-03T13:43:00-04:00	8.515	8.53	8.515	8.515	4281	yfinance_1m
2026-09-03T13:44:00-04:00	8.515	8.53	8.515	8.53	5142	yfinance_1m
2026-09-03T13:45:00-04:00	8.53	8.53	8.53	8.53	728	yfinance_1m
2026-09-03T13:46:00-04:00	8.52	8.5407	8.52	8.54	6132	yfinance_1m
2026-09-03T13:47:00-04:00	8.55	8.55	8.505	8.505	12054	yfinance_1m
2026-09-03T13:48:00-04:00	8.505	8.52	8.505	8.515	3899	yfinance_1m
2026-09-03T13:50:00-04:00	8.495	8.495	8.495	8.495	6414	yfinance_1m
2026-09-03T13:51:00-04:00	8.5	8.5	8.49	8.49	1896	yfinance_1m
2026-09-03T13:52:00-04:00	8.49	8.49	8.48	8.48	1579	yfinance_1m
2026-09-03T13:55:00-04:00	8.49	8.505	8.49	8.505	9176	yfinance_1m
2026-09-03T13:56:00-04:00	8.5074	8.51	8.5	8.5	2261	yfinance_1m
2026-09-03T13:57:00-04:00	8.51	8.52	8.51	8.51	3240	yfinance_1m
2026-09-03T13:58:00-04:00	8.51	8.52	8.51	8.52	3201	yfinance_1m
2026-09-03T13:59:00-04:00	8.515	8.515	8.51	8.51	3548	yfinance_1m
2026-09-03T14:00:00-04:00	8.51	8.51	8.495	8.5	4806	yfinance_1m
2026-09-03T14:01:00-04:00	8.5	8.5	8.49	8.49	1901	yfinance_1m
2026-09-03T14:02:00-04:00	8.49	8.49	8.49	8.49	1365	yfinance_1m
2026-09-03T14:03:00-04:00	8.49	8.49	8.49	8.49	1688	yfinance_1m
2026-09-03T14:04:00-04:00	8.5	8.5	8.46	8.465	10000	yfinance_1m
2026-09-03T14:05:00-04:00	8.47	8.475	8.45	8.46	2954	yfinance_1m
2026-09-03T14:06:00-04:00	8.46	8.46	8.46	8.46	2306	yfinance_1m
2026-09-03T14:07:00-04:00	8.46	8.46	8.45	8.455	3117	yfinance_1m
2026-09-03T14:08:00-04:00	8.455	8.46	8.45	8.455	4448	yfinance_1m
2026-09-03T14:09:00-04:00	8.45	8.455	8.45	8.45	2295	yfinance_1m
2026-09-03T14:10:00-04:00	8.455	8.455	8.44	8.44	6307	yfinance_1m
2026-09-03T14:11:00-04:00	8.445	8.45	8.445	8.45	4293	yfinance_1m
2026-09-03T14:12:00-04:00	8.46	8.46	8.46	8.46	2701	yfinance_1m
2026-09-03T14:13:00-04:00	8.46	8.46	8.45	8.455	1151	yfinance_1m
2026-09-03T14:14:00-04:00	8.455	8.455	8.455	8.455	1636	yfinance_1m
2026-09-03T14:15:00-04:00	8.455	8.465	8.45	8.465	5433	yfinance_1m
2026-09-03T14:16:00-04:00	8.47	8.47	8.46	8.47	4146	yfinance_1m
2026-09-03T14:17:00-04:00	8.47	8.47	8.46	8.465	7599	yfinance_1m
2026-09-03T14:19:00-04:00	8.465	8.475	8.465	8.475	2524	yfinance_1m
2026-09-03T14:20:00-04:00	8.475	8.4786	8.47	8.47	2591	yfinance_1m
2026-09-03T14:21:00-04:00	8.475	8.475	8.46	8.465	8634	yfinance_1m
2026-09-03T14:22:00-04:00	8.465	8.47	8.46	8.46	3671	yfinance_1m
2026-09-03T14:23:00-04:00	8.465	8.475	8.46	8.475	5202	yfinance_1m
2026-09-03T14:24:00-04:00	8.475	8.475	8.475	8.475	818	yfinance_1m
2026-09-03T14:25:00-04:00	8.475	8.475	8.475	8.475	2882	yfinance_1m
2026-09-03T14:26:00-04:00	8.475	8.475	8.465	8.465	4987	yfinance_1m
2026-09-03T14:27:00-04:00	8.465	8.47	8.465	8.465	1896	yfinance_1m
2026-09-03T14:28:00-04:00	8.47	8.47	8.465	8.47	1996	yfinance_1m
2026-09-03T14:29:00-04:00	8.465	8.4791	8.465	8.47	6850	yfinance_1m
2026-09-03T14:30:00-04:00	8.47	8.47	8.47	8.47	415	yfinance_1m
2026-09-03T14:31:00-04:00	8.47	8.47	8.46	8.465	3061	yfinance_1m
2026-09-03T14:32:00-04:00	8.465	8.465	8.465	8.465	1785	yfinance_1m
2026-09-03T14:33:00-04:00	8.46	8.465	8.46	8.465	930	yfinance_1m
2026-09-03T14:34:00-04:00	8.46	8.465	8.45	8.45	6321	yfinance_1m
2026-09-03T14:35:00-04:00	8.45	8.45	8.45	8.45	1823	yfinance_1m
2026-09-03T14:36:00-04:00	8.45	8.4599	8.45	8.455	2419	yfinance_1m
2026-09-03T14:37:00-04:00	8.4599	8.4599	8.45	8.45	2011	yfinance_1m
2026-09-03T14:38:00-04:00	8.45	8.455	8.45	8.455	812	yfinance_1m
2026-09-03T14:39:00-04:00	8.455	8.455	8.43	8.43	17736	yfinance_1m
2026-09-03T14:40:00-04:00	8.435	8.435	8.435	8.435	2904	yfinance_1m
2026-09-03T14:41:00-04:00	8.4398	8.4398	8.43	8.43	2392	yfinance_1m
2026-09-03T14:42:00-04:00	8.4397	8.4397	8.42	8.425	17375	yfinance_1m
2026-09-03T14:43:00-04:00	8.43	8.43	8.42	8.43	8799	yfinance_1m
2026-09-03T14:44:00-04:00	8.43	8.43	8.43	8.43	853	yfinance_1m
2026-09-03T14:45:00-04:00	8.43	8.43	8.42	8.42	2129	yfinance_1m
2026-09-03T14:46:00-04:00	8.42	8.43	8.42	8.425	2529	yfinance_1m
2026-09-03T14:47:00-04:00	8.425	8.425	8.425	8.425	2517	yfinance_1m
2026-09-03T14:48:00-04:00	8.425	8.425	8.41	8.41	8964	yfinance_1m
2026-09-03T14:49:00-04:00	8.415	8.415	8.41	8.41	1577	yfinance_1m
2026-09-03T14:50:00-04:00	8.4187	8.4187	8.4	8.41	7241	yfinance_1m
2026-09-03T14:51:00-04:00	8.4	8.405	8.4	8.405	2780	yfinance_1m
2026-09-03T14:52:00-04:00	8.405	8.405	8.4	8.405	4937	yfinance_1m
2026-09-03T14:53:00-04:00	8.4052	8.4052	8.38	8.395	38884	yfinance_1m
2026-09-03T14:54:00-04:00	8.395	8.395	8.39	8.39	3004	yfinance_1m
2026-09-03T14:55:00-04:00	8.4	8.405	8.395	8.4	9358	yfinance_1m
2026-09-03T14:56:00-04:00	8.405	8.41	8.4	8.4	3027	yfinance_1m
2026-09-03T14:57:00-04:00	8.41	8.415	8.4	8.415	11611	yfinance_1m
2026-09-03T14:58:00-04:00	8.4197	8.42	8.41	8.42	5932	yfinance_1m
2026-09-03T14:59:00-04:00	8.415	8.415	8.412	8.415	3069	yfinance_1m
2026-09-03T15:00:00-04:00	8.415	8.415	8.41	8.41	3548	yfinance_1m
2026-09-03T15:01:00-04:00	8.415	8.415	8.415	8.415	2113	yfinance_1m
2026-09-03T15:02:00-04:00	8.4114	8.4182	8.41	8.415	3696	yfinance_1m
2026-09-03T15:03:00-04:00	8.41	8.4199	8.41	8.415	3939	yfinance_1m
2026-09-03T15:04:00-04:00	8.415	8.4151	8.415	8.415	2412	yfinance_1m
2026-09-03T15:05:00-04:00	8.41	8.42	8.41	8.415	2783	yfinance_1m
2026-09-03T15:06:00-04:00	8.42	8.43	8.415	8.42	13441	yfinance_1m
2026-09-03T15:07:00-04:00	8.425	8.43	8.425	8.425	3636	yfinance_1m
2026-09-03T15:08:00-04:00	8.43	8.45	8.43	8.45	7377	yfinance_1m
2026-09-03T15:09:00-04:00	8.46	8.4643	8.45	8.455	7161	yfinance_1m
2026-09-03T15:10:00-04:00	8.455	8.475	8.455	8.475	6021	yfinance_1m
2026-09-03T15:11:00-04:00	8.475	8.475	8.47	8.475	3573	yfinance_1m
2026-09-03T15:12:00-04:00	8.475	8.49	8.47	8.49	3851	yfinance_1m
2026-09-03T15:13:00-04:00	8.49	8.49	8.48	8.49	3199	yfinance_1m
2026-09-03T15:14:00-04:00	8.48	8.485	8.47	8.475	11413	yfinance_1m
2026-09-03T15:15:00-04:00	8.475	8.475	8.47	8.47	988	yfinance_1m
2026-09-03T15:16:00-04:00	8.475	8.475	8.465	8.47	9299	yfinance_1m
2026-09-03T15:17:00-04:00	8.465	8.465	8.46	8.46	3232	yfinance_1m
2026-09-03T15:19:00-04:00	8.465	8.475	8.465	8.4733	3431	yfinance_1m
2026-09-03T15:20:00-04:00	8.475	8.475	8.475	8.475	3270	yfinance_1m
2026-09-03T15:21:00-04:00	8.47	8.47	8.464	8.464	5495	yfinance_1m
2026-09-03T15:22:00-04:00	8.46	8.465	8.46	8.465	1478	yfinance_1m
2026-09-03T15:23:00-04:00	8.46	8.5	8.455	8.5	17822	yfinance_1m
2026-09-03T15:24:00-04:00	8.5	8.51	8.5	8.51	4170	yfinance_1m
2026-09-03T15:25:00-04:00	8.505	8.51	8.505	8.505	2011	yfinance_1m
2026-09-03T15:26:00-04:00	8.505	8.515	8.505	8.515	10894	yfinance_1m
2026-09-03T15:27:00-04:00	8.52	8.52	8.51	8.515	2819	yfinance_1m
2026-09-03T15:28:00-04:00	8.515	8.52	8.515	8.515	2679	yfinance_1m
2026-09-03T15:29:00-04:00	8.515	8.515	8.515	8.515	2676	yfinance_1m
2026-09-03T15:30:00-04:00	8.515	8.515	8.495	8.495	13574	yfinance_1m
2026-09-03T15:31:00-04:00	8.49	8.495	8.485	8.495	6695	yfinance_1m
2026-09-03T15:32:00-04:00	8.5	8.5	8.495	8.495	4495	yfinance_1m
2026-09-03T15:33:00-04:00	8.495	8.495	8.492	8.492	3471	yfinance_1m
2026-09-03T15:34:00-04:00	8.495	8.495	8.49	8.495	3830	yfinance_1m
2026-09-03T15:35:00-04:00	8.495	8.495	8.475	8.49	12286	yfinance_1m
2026-09-03T15:36:00-04:00	8.49	8.49	8.485	8.485	3376	yfinance_1m
2026-09-03T15:37:00-04:00	8.485	8.5	8.485	8.5	6784	yfinance_1m
2026-09-03T15:38:00-04:00	8.495	8.495	8.49	8.49	2433	yfinance_1m
2026-09-03T15:39:00-04:00	8.49	8.49	8.485	8.4873	14727	yfinance_1m
2026-09-03T15:40:00-04:00	8.49	8.49	8.43	8.47	31113	yfinance_1m
2026-09-03T15:41:00-04:00	8.47	8.48	8.47	8.48	7201	yfinance_1m
2026-09-03T15:42:00-04:00	8.49	8.49	8.475	8.48	7217	yfinance_1m
2026-09-03T15:43:00-04:00	8.48	8.48	8.47	8.475	5743	yfinance_1m
2026-09-03T15:44:00-04:00	8.48	8.48	8.475	8.475	4348	yfinance_1m
2026-09-03T15:45:00-04:00	8.4749	8.48	8.46	8.475	10076	yfinance_1m
2026-09-03T15:46:00-04:00	8.48	8.48	8.4718	8.475	7375	yfinance_1m
2026-09-03T15:47:00-04:00	8.47	8.485	8.47	8.48	11023	yfinance_1m
2026-09-03T15:48:00-04:00	8.48	8.48	8.475	8.48	5749	yfinance_1m
2026-09-03T15:49:00-04:00	8.475	8.48	8.47	8.47	10583	yfinance_1m
2026-09-03T15:50:00-04:00	8.475	8.48	8.47	8.475	8805	yfinance_1m
2026-09-03T15:51:00-04:00	8.475	8.48	8.47	8.475	11746	yfinance_1m
2026-09-03T15:52:00-04:00	8.475	8.495	8.475	8.495	15298	yfinance_1m
2026-09-03T15:53:00-04:00	8.495	8.495	8.47	8.475	20331	yfinance_1m
2026-09-03T15:54:00-04:00	8.47	8.475	8.47	8.47	5528	yfinance_1m
2026-09-03T15:55:00-04:00	8.47	8.49	8.47	8.475	28243	yfinance_1m
2026-09-03T15:56:00-04:00	8.475	8.475	8.44	8.46	39807	yfinance_1m
2026-09-03T15:57:00-04:00	8.46	8.47	8.455	8.465	19371	yfinance_1m
2026-09-03T15:58:00-04:00	8.465	8.465	8.435	8.445	63192	yfinance_1m
2026-09-03T15:59:00-04:00	8.44	8.52	8.44	8.515	117096	yfinance_1m
2026-09-04T09:30:00-04:00	8.46	8.72	8.46	8.72	105214	yfinance_1m
2026-09-04T09:31:00-04:00	8.72	8.72	8.62	8.625	12173	yfinance_1m
2026-09-04T09:32:00-04:00	8.655	8.68	8.62	8.625	5516	yfinance_1m
2026-09-04T09:33:00-04:00	8.655	8.79	8.64	8.675	21475	yfinance_1m
2026-09-04T09:34:00-04:00	8.675	8.7094	8.62	8.65	5195	yfinance_1m
2026-09-04T09:35:00-04:00	8.65	8.7	8.61	8.63	27009	yfinance_1m
2026-09-04T09:36:00-04:00	8.63	8.665	8.6001	8.64	16497	yfinance_1m
2026-09-04T09:37:00-04:00	8.62	8.65	8.61	8.61	12404	yfinance_1m
2026-09-04T09:38:00-04:00	8.59	8.64	8.51	8.51	19737	yfinance_1m
2026-09-04T09:39:00-04:00	8.51	8.5514	8.51	8.5514	10515	yfinance_1m
2026-09-04T09:40:00-04:00	8.53	8.57	8.53	8.53	2752	yfinance_1m
2026-09-04T09:41:00-04:00	8.595	8.6	8.57	8.58	11926	yfinance_1m
2026-09-04T09:42:00-04:00	8.59	8.655	8.59	8.655	841	yfinance_1m
2026-09-04T09:43:00-04:00	8.655	8.655	8.62	8.62	2898	yfinance_1m
2026-09-04T09:44:00-04:00	8.655	8.68	8.62	8.63	3420	yfinance_1m
2026-09-04T09:45:00-04:00	8.63	8.6764	8.63	8.655	3626	yfinance_1m
2026-09-04T09:46:00-04:00	8.63	8.63	8.59	8.62	9251	yfinance_1m
2026-09-04T09:47:00-04:00	8.62	8.655	8.61	8.655	19466	yfinance_1m
2026-09-04T09:48:00-04:00	8.655	8.73	8.63	8.72	23078	yfinance_1m
2026-09-04T09:49:00-04:00	8.72	8.72	8.66	8.66	16560	yfinance_1m
2026-09-04T09:50:00-04:00	8.68	8.7	8.66	8.67	3533	yfinance_1m
2026-09-04T09:51:00-04:00	8.66	8.68	8.64	8.66	10407	yfinance_1m
2026-09-04T09:52:00-04:00	8.7	8.72	8.68	8.72	5672	yfinance_1m
2026-09-04T09:53:00-04:00	8.72	8.74	8.7	8.7	5850	yfinance_1m
2026-09-04T09:54:00-04:00	8.7	8.78	8.7	8.73	23871	yfinance_1m
2026-09-04T09:55:00-04:00	8.74	8.77	8.73	8.754	7312	yfinance_1m
2026-09-04T09:56:00-04:00	8.765	8.81	8.75	8.81	11081	yfinance_1m
2026-09-04T09:57:00-04:00	8.805	8.815	8.76	8.76	12890	yfinance_1m
2026-09-04T09:58:00-04:00	8.765	8.7947	8.76	8.785	17080	yfinance_1m
2026-09-04T09:59:00-04:00	8.785	8.8	8.71	8.74	61294	yfinance_1m
2026-09-04T10:00:00-04:00	8.75	8.76	8.75	8.76	1483	yfinance_1m
2026-09-04T10:01:00-04:00	8.76	8.76	8.74	8.755	5596	yfinance_1m
2026-09-04T10:02:00-04:00	8.743	8.755	8.63	8.63	13743	yfinance_1m
2026-09-04T10:03:00-04:00	8.64	8.64	8.62	8.62	7330	yfinance_1m
2026-09-04T10:04:00-04:00	8.62	8.63	8.61	8.62	3950	yfinance_1m
2026-09-04T10:05:00-04:00	8.61	8.635	8.55	8.635	29677	yfinance_1m
2026-09-04T10:06:00-04:00	8.65	8.65	8.63	8.64	6282	yfinance_1m
2026-09-04T10:07:00-04:00	8.65	8.67	8.65	8.67	3248	yfinance_1m
2026-09-04T10:08:00-04:00	8.68	8.68	8.66	8.66	5811	yfinance_1m
2026-09-04T10:09:00-04:00	8.67	8.68	8.67	8.68	4220	yfinance_1m
2026-09-04T10:10:00-04:00	8.68	8.695	8.68	8.6899	5027	yfinance_1m
2026-09-04T10:11:00-04:00	8.68	8.68	8.66	8.66	3055	yfinance_1m
2026-09-04T10:12:00-04:00	8.655	8.655	8.63	8.6392	4712	yfinance_1m
2026-09-04T10:13:00-04:00	8.64	8.6404	8.64	8.6404	2220	yfinance_1m
2026-09-04T10:14:00-04:00	8.65	8.66	8.64	8.66	8523	yfinance_1m
2026-09-04T10:15:00-04:00	8.67	8.69	8.67	8.675	4281	yfinance_1m
2026-09-04T10:16:00-04:00	8.67	8.67	8.67	8.67	2694	yfinance_1m
2026-09-04T10:17:00-04:00	8.68	8.69	8.675	8.675	5637	yfinance_1m
2026-09-04T10:18:00-04:00	8.68	8.68	8.68	8.68	799	yfinance_1m
2026-09-04T10:19:00-04:00	8.68	8.7	8.675	8.68	23122	yfinance_1m
2026-09-04T10:20:00-04:00	8.69	8.71	8.69	8.7	5196	yfinance_1m
2026-09-04T10:21:00-04:00	8.7	8.71	8.7	8.71	2452	yfinance_1m
2026-09-04T10:22:00-04:00	8.71	8.71	8.69	8.7	3629	yfinance_1m
2026-09-04T10:23:00-04:00	8.71	8.71	8.71	8.71	1969	yfinance_1m
2026-09-04T10:24:00-04:00	8.7	8.72	8.7	8.72	258	yfinance_1m
2026-09-04T10:25:00-04:00	8.72	8.7218	8.72	8.72	4357	yfinance_1m
2026-09-04T10:26:00-04:00	8.73	8.73	8.705	8.705	4529	yfinance_1m
2026-09-04T10:27:00-04:00	8.71	8.72	8.71	8.72	3476	yfinance_1m
2026-09-04T10:28:00-04:00	8.7183	8.74	8.71	8.74	6788	yfinance_1m
2026-09-04T10:29:00-04:00	8.75	8.78	8.745	8.78	6043	yfinance_1m
2026-09-04T10:30:00-04:00	8.78	8.8	8.77	8.77	8052	yfinance_1m
2026-09-04T10:31:00-04:00	8.765	8.765	8.735	8.735	17061	yfinance_1m
2026-09-04T10:32:00-04:00	8.74	8.74	8.72	8.72	3693	yfinance_1m
2026-09-04T10:33:00-04:00	8.72	8.73	8.69	8.695	4332	yfinance_1m
2026-09-04T10:34:00-04:00	8.695	8.695	8.68	8.69	2133	yfinance_1m
2026-09-04T10:35:00-04:00	8.68	8.69	8.68	8.68	1350	yfinance_1m
2026-09-04T10:36:00-04:00	8.68	8.68	8.67	8.68	859	yfinance_1m
2026-09-04T10:37:00-04:00	8.67	8.67	8.66	8.67	4322	yfinance_1m
2026-09-04T10:39:00-04:00	8.68	8.69	8.68	8.69	2735	yfinance_1m
2026-09-04T10:40:00-04:00	8.69	8.7	8.69	8.7	4071	yfinance_1m
2026-09-04T10:41:00-04:00	8.705	8.71	8.705	8.71	431	yfinance_1m
2026-09-04T10:42:00-04:00	8.705	8.705	8.69	8.69	4873	yfinance_1m
2026-09-04T10:43:00-04:00	8.68	8.73	8.68	8.7	6825	yfinance_1m
2026-09-04T10:44:00-04:00	8.71	8.71	8.71	8.71	1196	yfinance_1m
2026-09-04T10:45:00-04:00	8.72	8.74	8.72	8.73	4543	yfinance_1m
2026-09-04T10:46:00-04:00	8.72	8.735	8.72	8.735	2864	yfinance_1m
2026-09-04T10:47:00-04:00	8.73	8.73	8.72	8.72	2844	yfinance_1m
2026-09-04T10:48:00-04:00	8.72	8.72	8.704	8.704	1750	yfinance_1m
2026-09-04T10:49:00-04:00	8.71	8.72	8.71	8.72	1839	yfinance_1m
2026-09-04T10:50:00-04:00	8.72	8.72	8.71	8.71	2408	yfinance_1m
2026-09-04T10:51:00-04:00	8.71	8.71	8.705	8.705	2057	yfinance_1m
2026-09-04T10:52:00-04:00	8.705	8.72	8.705	8.72	5496	yfinance_1m
2026-09-04T10:53:00-04:00	8.71	8.7348	8.7	8.7	10722	yfinance_1m
2026-09-04T10:54:00-04:00	8.7	8.73	8.7	8.73	5716	yfinance_1m
2026-09-04T10:55:00-04:00	8.73	8.76	8.73	8.76	17647	yfinance_1m
2026-09-04T10:56:00-04:00	8.76	8.76	8.71	8.72	5746	yfinance_1m
2026-09-04T10:57:00-04:00	8.72	8.75	8.71	8.74	23613	yfinance_1m
2026-09-04T10:58:00-04:00	8.75	8.77	8.75	8.77	1394	yfinance_1m
2026-09-04T10:59:00-04:00	8.77	8.79	8.765	8.79	6946	yfinance_1m
2026-09-04T11:00:00-04:00	8.79	8.8096	8.79	8.8	7612	yfinance_1m
2026-09-04T11:01:00-04:00	8.8	8.8045	8.79	8.8	8363	yfinance_1m
2026-09-04T11:02:00-04:00	8.81	8.81	8.7897	8.79	5652	yfinance_1m
2026-09-04T11:03:00-04:00	8.79	8.795	8.79	8.79	4171	yfinance_1m
2026-09-04T11:04:00-04:00	8.798	8.81	8.79	8.81	4321	yfinance_1m
2026-09-04T11:05:00-04:00	8.82	8.82	8.82	8.82	792	yfinance_1m
2026-09-04T11:06:00-04:00	8.825	8.825	8.8	8.8	9319	yfinance_1m
2026-09-04T11:07:00-04:00	8.805	8.805	8.79	8.79	6748	yfinance_1m
2026-09-04T11:08:00-04:00	8.794814	8.794814	8.78	8.78	4080	yfinance_1m
2026-09-04T11:09:00-04:00	8.79	8.79	8.77	8.78	6940	yfinance_1m
2026-09-04T11:10:00-04:00	8.78	8.78	8.78	8.78	2803	yfinance_1m
2026-09-04T11:11:00-04:00	8.77	8.77	8.76	8.76	2374	yfinance_1m
2026-09-04T11:12:00-04:00	8.755	8.765	8.755	8.765	2487	yfinance_1m
2026-09-04T11:13:00-04:00	8.765	8.765	8.71	8.735	14170	yfinance_1m
2026-09-04T11:14:00-04:00	8.75	8.79	8.735	8.785	9631	yfinance_1m
2026-09-04T11:15:00-04:00	8.8	8.81	8.8	8.81	2045	yfinance_1m
2026-09-04T11:16:00-04:00	8.8001	8.84	8.79	8.79	28303	yfinance_1m
2026-09-04T11:17:00-04:00	8.78	8.785	8.775	8.785	2451	yfinance_1m
2026-09-04T11:18:00-04:00	8.785	8.8	8.785	8.8	4215	yfinance_1m
2026-09-04T11:19:00-04:00	8.8	8.82	8.8	8.815	11687	yfinance_1m
2026-09-04T11:20:00-04:00	8.815	8.82	8.815	8.82	7555	yfinance_1m
2026-09-04T11:21:00-04:00	8.82	8.83	8.8101	8.83	3712	yfinance_1m
2026-09-04T11:22:00-04:00	8.82	8.82	8.81	8.81	3552	yfinance_1m
2026-09-04T11:23:00-04:00	8.815	8.83	8.815	8.82	3833	yfinance_1m
2026-09-04T11:24:00-04:00	8.81	8.82	8.81	8.82	2804	yfinance_1m
2026-09-04T11:25:00-04:00	8.82	8.8223	8.8	8.8	4670	yfinance_1m
2026-09-04T11:26:00-04:00	8.795	8.8	8.785	8.79	2442	yfinance_1m
2026-09-04T11:27:00-04:00	8.79	8.79	8.7765	8.78	8748	yfinance_1m
2026-09-04T11:28:00-04:00	8.7894	8.7894	8.77	8.78	2405	yfinance_1m
2026-09-04T11:29:00-04:00	8.775	8.79	8.775	8.79	3805	yfinance_1m
2026-09-04T11:30:00-04:00	8.785	8.785	8.75	8.76	3551	yfinance_1m
2026-09-04T11:31:00-04:00	8.75	8.75	8.74	8.74	8041	yfinance_1m
2026-09-04T11:32:00-04:00	8.735	8.74	8.735	8.74	3681	yfinance_1m
2026-09-04T11:33:00-04:00	8.75	8.7693	8.75	8.7693	2985	yfinance_1m
2026-09-04T11:34:00-04:00	8.76	8.76	8.76	8.76	1147	yfinance_1m
2026-09-04T11:35:00-04:00	8.765	8.79	8.76	8.79	13078	yfinance_1m
2026-09-04T11:36:00-04:00	8.79	8.82	8.79	8.81	5379	yfinance_1m
2026-09-04T11:37:00-04:00	8.81	8.81	8.79	8.81	4042	yfinance_1m
2026-09-04T11:38:00-04:00	8.82	8.84	8.82	8.84	10044	yfinance_1m
2026-09-04T11:39:00-04:00	8.83	8.85	8.83	8.85	15199	yfinance_1m
2026-09-04T11:40:00-04:00	8.86	8.865	8.85	8.86	6134	yfinance_1m
2026-09-04T11:41:00-04:00	8.86	8.8602	8.85	8.8501	4852	yfinance_1m
2026-09-04T11:43:00-04:00	8.85	8.86	8.845	8.86	6039	yfinance_1m
2026-09-04T11:44:00-04:00	8.859	8.86	8.855	8.855	1481	yfinance_1m
2026-09-04T11:45:00-04:00	8.85	8.85	8.85	8.85	3700	yfinance_1m
2026-09-04T11:46:00-04:00	8.85	8.855	8.839	8.855	3314	yfinance_1m
2026-09-04T11:47:00-04:00	8.85	8.85	8.83	8.83	4384	yfinance_1m
2026-09-04T11:48:00-04:00	8.83	8.835	8.83	8.83	3832	yfinance_1m
2026-09-04T11:49:00-04:00	8.835	8.86	8.835	8.86	6328	yfinance_1m
2026-09-04T11:50:00-04:00	8.855	8.855	8.854	8.854	647	yfinance_1m
2026-09-04T11:51:00-04:00	8.85	8.85	8.834	8.835	5414	yfinance_1m
2026-09-04T11:52:00-04:00	8.835	8.835	8.815	8.815	2830	yfinance_1m
2026-09-04T11:53:00-04:00	8.815	8.83	8.815	8.825	5199	yfinance_1m
2026-09-04T11:54:00-04:00	8.82	8.82	8.82	8.82	2260	yfinance_1m
2026-09-04T11:55:00-04:00	8.83	8.83	8.83	8.83	2765	yfinance_1m
2026-09-04T11:56:00-04:00	8.84	8.84	8.83	8.835	1713	yfinance_1m
2026-09-04T11:57:00-04:00	8.83	8.83	8.825	8.825	1141	yfinance_1m
2026-09-04T11:58:00-04:00	8.8256	8.835	8.8256	8.835	4747	yfinance_1m
2026-09-04T11:59:00-04:00	8.835	8.84	8.83	8.83	5571	yfinance_1m
2026-09-04T12:00:00-04:00	8.835	8.835	8.82	8.82	4793	yfinance_1m
2026-09-04T12:01:00-04:00	8.815	8.815	8.815	8.815	314	yfinance_1m
2026-09-04T12:02:00-04:00	8.815	8.82	8.815	8.82	6003	yfinance_1m
2026-09-04T12:03:00-04:00	8.81	8.81	8.8019	8.8035	4598	yfinance_1m
2026-09-04T12:04:00-04:00	8.805	8.805	8.805	8.805	705	yfinance_1m
2026-09-04T12:05:00-04:00	8.8	8.815	8.8	8.815	2138	yfinance_1m
2026-09-04T12:06:00-04:00	8.81	8.81	8.81	8.81	1084	yfinance_1m
2026-09-04T12:07:00-04:00	8.82	8.82	8.8145	8.82	3045	yfinance_1m
2026-09-04T12:08:00-04:00	8.825	8.825	8.825	8.825	518	yfinance_1m
2026-09-04T12:09:00-04:00	8.822	8.825	8.8217	8.825	6823	yfinance_1m
2026-09-04T12:10:00-04:00	8.825	8.825	8.825	8.825	1313	yfinance_1m
2026-09-04T12:11:00-04:00	8.83	8.85	8.83	8.835	12216	yfinance_1m
2026-09-04T12:12:00-04:00	8.83	8.835	8.83	8.835	1398	yfinance_1m
2026-09-04T12:13:00-04:00	8.835	8.84	8.83	8.835	2134	yfinance_1m
2026-09-04T12:14:00-04:00	8.835	8.835	8.835	8.835	680	yfinance_1m
2026-09-04T12:15:00-04:00	8.835	8.835	8.825	8.83	3206	yfinance_1m
2026-09-04T12:16:00-04:00	8.825	8.825	8.815	8.82	3619	yfinance_1m
2026-09-04T12:17:00-04:00	8.825	8.825	8.825	8.825	1603	yfinance_1m
2026-09-04T12:18:00-04:00	8.825	8.825	8.825	8.825	673	yfinance_1m
2026-09-04T12:19:00-04:00	8.825	8.825	8.825	8.825	1460	yfinance_1m
2026-09-04T12:20:00-04:00	8.83	8.845	8.83	8.845	4537	yfinance_1m
2026-09-04T12:21:00-04:00	8.85	8.86	8.8471	8.855	13117	yfinance_1m
2026-09-04T12:22:00-04:00	8.855	8.865	8.855	8.86	3203	yfinance_1m
2026-09-04T12:23:00-04:00	8.865	8.865	8.865	8.865	685	yfinance_1m
2026-09-04T12:24:00-04:00	8.865	8.87	8.86	8.86	3323	yfinance_1m
2026-09-04T12:25:00-04:00	8.85	8.86	8.85	8.86	3297	yfinance_1m
2026-09-04T12:26:00-04:00	8.86	8.86	8.855	8.855	1291	yfinance_1m
2026-09-04T12:27:00-04:00	8.855	8.855	8.855	8.855	1992	yfinance_1m
2026-09-04T12:28:00-04:00	8.86	8.86	8.855	8.855	212	yfinance_1m
2026-09-04T12:29:00-04:00	8.85	8.85	8.845	8.85	3992	yfinance_1m
2026-09-04T12:30:00-04:00	8.85	8.85	8.825	8.825	3947	yfinance_1m
2026-09-04T12:31:00-04:00	8.83	8.83	8.825	8.825	1172	yfinance_1m
2026-09-04T12:32:00-04:00	8.82	8.82	8.805	8.81	4682	yfinance_1m
2026-09-04T12:33:00-04:00	8.805	8.815	8.805	8.815	1846	yfinance_1m
2026-09-04T12:34:00-04:00	8.81	8.81	8.805	8.805	1790	yfinance_1m
2026-09-04T12:35:00-04:00	8.805	8.805	8.805	8.805	859	yfinance_1m
2026-09-04T12:36:00-04:00	8.805	8.805	8.8	8.805	1127	yfinance_1m
2026-09-04T12:37:00-04:00	8.8	8.81	8.8	8.81	2356	yfinance_1m
2026-09-04T12:38:00-04:00	8.8	8.8	8.79	8.79	2692	yfinance_1m
2026-09-04T12:39:00-04:00	8.785	8.785	8.785	8.785	1005	yfinance_1m
2026-09-04T12:40:00-04:00	8.785	8.785	8.765	8.765	3931	yfinance_1m
2026-09-04T12:41:00-04:00	8.765	8.765	8.76	8.765	1407	yfinance_1m
2026-09-04T12:42:00-04:00	8.765	8.77	8.755	8.76	3885	yfinance_1m
2026-09-04T12:43:00-04:00	8.76	8.77	8.76	8.765	1578	yfinance_1m
2026-09-04T12:44:00-04:00	8.765	8.77	8.765	8.765	3655	yfinance_1m
2026-09-04T12:45:00-04:00	8.775	8.78	8.7701	8.7701	1511	yfinance_1m
2026-09-04T12:46:00-04:00	8.775	8.79	8.775	8.79	6592	yfinance_1m
2026-09-04T12:47:00-04:00	8.795	8.805	8.795	8.805	2035	yfinance_1m
2026-09-04T12:48:00-04:00	8.81	8.81	8.81	8.81	1290	yfinance_1m
2026-09-04T12:49:00-04:00	8.82	8.825	8.82	8.825	3309	yfinance_1m
2026-09-04T12:50:00-04:00	8.83	8.83	8.83	8.83	936	yfinance_1m
2026-09-04T12:51:00-04:00	8.84	8.845	8.84	8.845	1627	yfinance_1m
2026-09-04T12:53:00-04:00	8.8448	8.845	8.8448	8.845	1562	yfinance_1m
2026-09-04T12:54:00-04:00	8.84	8.845	8.835	8.835	6121	yfinance_1m
2026-09-04T12:55:00-04:00	8.83	8.835	8.825	8.825	3839	yfinance_1m
2026-09-04T12:56:00-04:00	8.825	8.83	8.825	8.825	3390	yfinance_1m
2026-09-04T12:57:00-04:00	8.83	8.835	8.83	8.83	2101	yfinance_1m
2026-09-04T12:58:00-04:00	8.825	8.825	8.825	8.825	1240	yfinance_1m
2026-09-04T12:59:00-04:00	8.825	8.825	8.82	8.82	1980	yfinance_1m
2026-09-04T13:00:00-04:00	8.825	8.825	8.8	8.8	4201	yfinance_1m
2026-09-04T13:01:00-04:00	8.8	8.81	8.8	8.8	910	yfinance_1m
2026-09-04T13:02:00-04:00	8.8	8.805	8.8	8.805	895	yfinance_1m
2026-09-04T13:03:00-04:00	8.8	8.82	8.8	8.8	13437	yfinance_1m
2026-09-04T13:04:00-04:00	8.805	8.81	8.805	8.81	754	yfinance_1m
2026-09-04T13:05:00-04:00	8.81	8.81	8.8	8.81	1937	yfinance_1m
2026-09-04T13:06:00-04:00	8.81	8.82	8.81	8.81	5626	yfinance_1m
2026-09-04T13:07:00-04:00	8.81	8.81	8.81	8.81	1416	yfinance_1m
2026-09-04T13:08:00-04:00	8.8	8.83	8.8	8.83	4504	yfinance_1m
2026-09-04T13:09:00-04:00	8.83	8.83	8.825	8.825	616	yfinance_1m
2026-09-04T13:10:00-04:00	8.825	8.825	8.825	8.825	982	yfinance_1m
2026-09-04T13:11:00-04:00	8.83	8.83	8.83	8.83	2172	yfinance_1m
2026-09-04T13:12:00-04:00	8.84	8.845	8.84	8.84	5691	yfinance_1m
2026-09-04T13:13:00-04:00	8.845	8.845	8.84	8.84	618	yfinance_1m
2026-09-04T13:14:00-04:00	8.85	8.85	8.845	8.845	1208	yfinance_1m
2026-09-04T13:15:00-04:00	8.85	8.855	8.85	8.85	5893	yfinance_1m
2026-09-04T13:16:00-04:00	8.85	8.86	8.85	8.855	594	yfinance_1m
2026-09-04T13:17:00-04:00	8.85	8.85	8.84	8.84	3830	yfinance_1m
2026-09-04T13:18:00-04:00	8.85	8.855	8.85	8.855	3769	yfinance_1m
2026-09-04T13:19:00-04:00	8.85	8.855	8.85	8.855	985	yfinance_1m
2026-09-04T13:20:00-04:00	8.85	8.855	8.845	8.855	5140	yfinance_1m
2026-09-04T13:21:00-04:00	8.84	8.85	8.84	8.84	1227	yfinance_1m
2026-09-04T13:22:00-04:00	8.84	8.8461	8.83	8.83	2362	yfinance_1m
2026-09-04T13:23:00-04:00	8.84	8.85	8.84	8.845	6892	yfinance_1m
2026-09-04T13:24:00-04:00	8.85	8.85	8.85	8.85	1893	yfinance_1m
2026-09-04T13:25:00-04:00	8.85	8.85	8.85	8.85	1452	yfinance_1m
2026-09-04T13:27:00-04:00	8.855	8.855	8.855	8.855	1833	yfinance_1m
2026-09-04T13:28:00-04:00	8.86	8.875	8.86	8.86	24274	yfinance_1m
2026-09-04T13:29:00-04:00	8.87	8.87	8.85	8.86	46439	yfinance_1m
2026-09-04T13:30:00-04:00	8.86	8.86	8.86	8.86	3050	yfinance_1m
2026-09-04T13:31:00-04:00	8.86	8.86	8.85	8.86	1510	yfinance_1m
2026-09-04T13:32:00-04:00	8.85	8.895	8.84	8.885	14634	yfinance_1m
2026-09-04T13:33:00-04:00	8.8854	8.895	8.885	8.89	4883	yfinance_1m
2026-09-04T13:34:00-04:00	8.89	8.89	8.87	8.87	2602	yfinance_1m
2026-09-04T13:35:00-04:00	8.86	8.86	8.86	8.86	1419	yfinance_1m
2026-09-04T13:36:00-04:00	8.86	8.86	8.86	8.86	1138	yfinance_1m
2026-09-04T13:37:00-04:00	8.86	8.86	8.85	8.86	3183	yfinance_1m
2026-09-04T13:38:00-04:00	8.855	8.855	8.855	8.855	1602	yfinance_1m
2026-09-04T13:39:00-04:00	8.855	8.855	8.81	8.815	4928	yfinance_1m
2026-09-04T13:40:00-04:00	8.81	8.815	8.79	8.79	3086	yfinance_1m
2026-09-04T13:41:00-04:00	8.79	8.79	8.79	8.79	1088	yfinance_1m
2026-09-04T13:42:00-04:00	8.79	8.79	8.78	8.785	2343	yfinance_1m
2026-09-04T13:43:00-04:00	8.785	8.785	8.785	8.785	2032	yfinance_1m
2026-09-04T13:44:00-04:00	8.785	8.79	8.785	8.79	2970	yfinance_1m
2026-09-04T13:45:00-04:00	8.78	8.78	8.78	8.78	269	yfinance_1m
2026-09-04T13:46:00-04:00	8.78	8.78	8.77	8.775	3120	yfinance_1m
2026-09-04T13:47:00-04:00	8.775	8.78	8.774	8.78	3937	yfinance_1m
2026-09-04T13:48:00-04:00	8.775	8.78	8.775	8.78	6100	yfinance_1m
2026-09-04T13:49:00-04:00	8.78	8.7899	8.78	8.7899	843	yfinance_1m
2026-09-04T13:50:00-04:00	8.78	8.78	8.75	8.75	13154	yfinance_1m
2026-09-04T13:51:00-04:00	8.75	8.75	8.75	8.75	1327	yfinance_1m
2026-09-04T13:52:00-04:00	8.75	8.75	8.75	8.75	151	yfinance_1m
2026-09-04T13:53:00-04:00	8.75	8.75	8.74	8.75	3293	yfinance_1m
2026-09-04T13:54:00-04:00	8.755	8.755	8.75	8.755	1583	yfinance_1m
2026-09-04T13:55:00-04:00	8.75	8.755	8.75	8.755	3378	yfinance_1m
2026-09-04T13:56:00-04:00	8.75	8.75	8.75	8.75	930	yfinance_1m
2026-09-04T13:57:00-04:00	8.75	8.75	8.75	8.75	1602	yfinance_1m
2026-09-04T13:58:00-04:00	8.76	8.77	8.76	8.77	8224	yfinance_1m
2026-09-04T13:59:00-04:00	8.765	8.785	8.76	8.77	13533	yfinance_1m
2026-09-04T14:00:00-04:00	8.765	8.805	8.765	8.8	12675	yfinance_1m
2026-09-04T14:01:00-04:00	8.81	8.81	8.8099	8.8099	805	yfinance_1m
2026-09-04T14:02:00-04:00	8.805	8.81	8.805	8.81	1353	yfinance_1m
2026-09-04T14:03:00-04:00	8.8	8.805	8.8	8.805	1919	yfinance_1m
2026-09-04T14:04:00-04:00	8.81	8.81	8.81	8.81	2053	yfinance_1m
2026-09-04T14:05:00-04:00	8.81	8.81	8.8	8.805	3218	yfinance_1m
2026-09-04T14:07:00-04:00	8.8	8.8	8.78	8.78	3504	yfinance_1m
2026-09-04T14:08:00-04:00	8.78	8.78	8.76	8.775	2365	yfinance_1m
2026-09-04T14:09:00-04:00	8.77	8.78	8.77	8.775	3902	yfinance_1m
2026-09-04T14:10:00-04:00	8.775	8.775	8.76	8.76	1999	yfinance_1m
2026-09-04T14:11:00-04:00	8.77	8.77	8.77	8.77	1715	yfinance_1m
2026-09-04T14:12:00-04:00	8.76	8.76	8.76	8.76	752	yfinance_1m
2026-09-04T14:13:00-04:00	8.76	8.77	8.76	8.77	1767	yfinance_1m
2026-09-04T14:14:00-04:00	8.77	8.77	8.77	8.77	2144	yfinance_1m
2026-09-04T14:15:00-04:00	8.76	8.7683	8.75	8.75	4801	yfinance_1m
2026-09-04T14:16:00-04:00	8.76	8.76	8.745	8.75	10535	yfinance_1m
2026-09-04T14:17:00-04:00	8.75	8.765	8.75	8.75	5984	yfinance_1m
2026-09-04T14:18:00-04:00	8.75	8.76	8.75	8.76	3771	yfinance_1m
2026-09-04T14:19:00-04:00	8.755	8.755	8.755	8.755	646	yfinance_1m
2026-09-04T14:20:00-04:00	8.755	8.7599	8.755	8.755	1403	yfinance_1m
2026-09-04T14:21:00-04:00	8.755	8.755	8.755	8.755	794	yfinance_1m
2026-09-04T14:22:00-04:00	8.755	8.755	8.7501	8.755	2221	yfinance_1m
2026-09-04T14:23:00-04:00	8.755	8.77	8.755	8.77	4537	yfinance_1m
2026-09-04T14:24:00-04:00	8.765	8.765	8.765	8.765	1759	yfinance_1m
2026-09-04T14:25:00-04:00	8.765	8.765	8.765	8.765	2746	yfinance_1m
2026-09-04T14:26:00-04:00	8.765	8.765	8.765	8.765	326	yfinance_1m
2026-09-04T14:27:00-04:00	8.765	8.765	8.765	8.765	1631	yfinance_1m
2026-09-04T14:28:00-04:00	8.765	8.77	8.7649	8.7649	2038	yfinance_1m
2026-09-04T14:29:00-04:00	8.765	8.775	8.765	8.775	4157	yfinance_1m
2026-09-04T14:30:00-04:00	8.78	8.785	8.78	8.785	3380	yfinance_1m
2026-09-04T14:31:00-04:00	8.785	8.785	8.77	8.77	5884	yfinance_1m
2026-09-04T14:32:00-04:00	8.77	8.77	8.77	8.77	1370	yfinance_1m
2026-09-04T14:33:00-04:00	8.77	8.77	8.77	8.77	2043	yfinance_1m
2026-09-04T14:34:00-04:00	8.77	8.8	8.77	8.8	5743	yfinance_1m
2026-09-04T14:35:00-04:00	8.795	8.795	8.795	8.795	1512	yfinance_1m
2026-09-04T14:36:00-04:00	8.8	8.81	8.77	8.77	10958	yfinance_1m
2026-09-04T14:37:00-04:00	8.77	8.77	8.77	8.77	1723	yfinance_1m
2026-09-04T14:38:00-04:00	8.77	8.77	8.77	8.77	391	yfinance_1m
2026-09-04T14:39:00-04:00	8.77	8.775	8.77	8.775	2298	yfinance_1m
2026-09-04T14:40:00-04:00	8.7749	8.775	8.7749	8.775	1628	yfinance_1m
2026-09-04T14:41:00-04:00	8.775	8.775	8.775	8.775	1432	yfinance_1m
2026-09-04T14:42:00-04:00	8.78	8.78	8.775	8.775	1383	yfinance_1m
2026-09-04T14:43:00-04:00	8.77	8.775	8.77	8.775	1462	yfinance_1m
2026-09-04T14:44:00-04:00	8.78	8.78	8.775	8.7761	1780	yfinance_1m
2026-09-04T14:45:00-04:00	8.78	8.78	8.78	8.78	1488	yfinance_1m
2026-09-04T14:46:00-04:00	8.78	8.78	8.775	8.775	1241	yfinance_1m
2026-09-04T14:47:00-04:00	8.78	8.785	8.775	8.775	4700	yfinance_1m
2026-09-04T14:48:00-04:00	8.775	8.775	8.775	8.775	1202	yfinance_1m
2026-09-04T14:49:00-04:00	8.775	8.775	8.77	8.775	5410	yfinance_1m
2026-09-04T14:50:00-04:00	8.775	8.78	8.775	8.78	2491	yfinance_1m
2026-09-04T14:51:00-04:00	8.775	8.79	8.775	8.79	4720	yfinance_1m
2026-09-04T14:52:00-04:00	8.785	8.79	8.785	8.79	1809	yfinance_1m
2026-09-04T14:53:00-04:00	8.785	8.785	8.785	8.785	676	yfinance_1m
2026-09-04T14:54:00-04:00	8.78	8.785	8.78	8.785	854	yfinance_1m
2026-09-04T14:55:00-04:00	8.785	8.79	8.775	8.785	11586	yfinance_1m
2026-09-04T14:56:00-04:00	8.785	8.7873	8.785	8.785	1083	yfinance_1m
2026-09-04T14:57:00-04:00	8.785	8.795	8.785	8.795	4236	yfinance_1m
2026-09-04T14:58:00-04:00	8.795	8.8	8.795	8.8	2761	yfinance_1m
2026-09-04T14:59:00-04:00	8.795	8.8	8.795	8.8	2259	yfinance_1m
2026-09-04T15:00:00-04:00	8.795	8.795	8.795	8.795	280	yfinance_1m
2026-09-04T15:01:00-04:00	8.8	8.815	8.8	8.805	8528	yfinance_1m
2026-09-04T15:02:00-04:00	8.805	8.805	8.805	8.805	1812	yfinance_1m
2026-09-04T15:03:00-04:00	8.8	8.805	8.795	8.795	6648	yfinance_1m
2026-09-04T15:04:00-04:00	8.795	8.795	8.795	8.795	4734	yfinance_1m
2026-09-04T15:05:00-04:00	8.795	8.795	8.795	8.795	140	yfinance_1m
2026-09-04T15:06:00-04:00	8.795	8.795	8.795	8.795	3779	yfinance_1m
2026-09-04T15:07:00-04:00	8.795	8.795	8.795	8.795	2021	yfinance_1m
2026-09-04T15:08:00-04:00	8.79	8.8	8.79	8.8	203	yfinance_1m
2026-09-04T15:09:00-04:00	8.79	8.805	8.79	8.8001	7678	yfinance_1m
2026-09-04T15:10:00-04:00	8.8	8.805	8.8	8.805	4270	yfinance_1m
2026-09-04T15:11:00-04:00	8.805	8.81	8.805	8.805	4835	yfinance_1m
2026-09-04T15:12:00-04:00	8.805	8.805	8.805	8.805	1409	yfinance_1m
2026-09-04T15:13:00-04:00	8.805	8.81	8.805	8.805	6154	yfinance_1m
2026-09-04T15:14:00-04:00	8.81	8.815	8.81	8.815	6450	yfinance_1m
2026-09-04T15:15:00-04:00	8.82	8.83	8.82	8.825	5117	yfinance_1m
2026-09-04T15:16:00-04:00	8.825	8.825	8.825	8.825	1248	yfinance_1m
2026-09-04T15:17:00-04:00	8.825	8.83	8.815	8.82	11428	yfinance_1m
2026-09-04T15:18:00-04:00	8.825	8.825	8.825	8.825	1546	yfinance_1m
2026-09-04T15:19:00-04:00	8.82	8.824179	8.815	8.824179	12047	yfinance_1m
2026-09-04T15:20:00-04:00	8.825	8.825	8.82	8.825	1639	yfinance_1m
2026-09-04T15:21:00-04:00	8.825	8.825	8.825	8.825	1598	yfinance_1m
2026-09-04T15:22:00-04:00	8.8251	8.83	8.825	8.83	5839	yfinance_1m
2026-09-04T15:23:00-04:00	8.83	8.84	8.83	8.84	3758	yfinance_1m
2026-09-04T15:24:00-04:00	8.84	8.845	8.835	8.845	3488	yfinance_1m
2026-09-04T15:25:00-04:00	8.85	8.85	8.8401	8.845	3713	yfinance_1m
2026-09-04T15:26:00-04:00	8.85	8.855	8.85	8.855	4953	yfinance_1m
2026-09-04T15:27:00-04:00	8.8518	8.8518	8.8518	8.8518	2204	yfinance_1m
2026-09-04T15:28:00-04:00	8.855	8.855	8.855	8.855	3549	yfinance_1m
2026-09-04T15:29:00-04:00	8.855	8.855	8.855	8.855	0	yfinance_1m
2026-09-04T15:30:00-04:00	8.86	8.875	8.86	8.875	11147	yfinance_1m
2026-09-04T15:31:00-04:00	8.875	8.88	8.875	8.88	7957	yfinance_1m
2026-09-04T15:32:00-04:00	8.88	8.905	8.875	8.905	13326	yfinance_1m
2026-09-04T15:33:00-04:00	8.9	8.93	8.9	8.915	9736	yfinance_1m
2026-09-04T15:34:00-04:00	8.915	8.92	8.915	8.92	3033	yfinance_1m
2026-09-04T15:35:00-04:00	8.915	8.915	8.895	8.895	14296	yfinance_1m
2026-09-04T15:36:00-04:00	8.892	8.895	8.892	8.895	5623	yfinance_1m
2026-09-04T15:37:00-04:00	8.895	8.9	8.89	8.9	10873	yfinance_1m
2026-09-04T15:38:00-04:00	8.905	8.905	8.9044	8.9044	5214	yfinance_1m
2026-09-04T15:39:00-04:00	8.9	8.9	8.895	8.895	15923	yfinance_1m
2026-09-04T15:40:00-04:00	8.895	8.895	8.89	8.89	10084	yfinance_1m
2026-09-04T15:41:00-04:00	8.865	8.87	8.86	8.87	6467	yfinance_1m
2026-09-04T15:42:00-04:00	8.865	8.865	8.86	8.865	7797	yfinance_1m
2026-09-04T15:43:00-04:00	8.865	8.87	8.865	8.865	5449	yfinance_1m
2026-09-04T15:44:00-04:00	8.865	8.865	8.865	8.865	0	yfinance_1m
