timestamp_et	close	running_vwap	volume
2026-08-26T09:30:00-04:00	9.2350	9.2100	56897
2026-08-26T09:31:00-04:00	9.3800	9.2256	8011
2026-08-26T09:32:00-04:00	9.4400	9.2348	3387
2026-08-26T09:33:00-04:00	9.4500	9.2440	3350
2026-08-26T09:34:00-04:00	9.4050	9.2716	12244
2026-08-26T09:35:00-04:00	9.4150	9.2786	4725
2026-08-26T09:36:00-04:00	9.3473	9.2808	2175
2026-08-26T09:37:00-04:00	9.3777	9.2828	1824
2026-08-26T09:38:00-04:00	9.5050	9.3204	21299
2026-08-26T09:39:00-04:00	9.4376	9.3234	2509
2026-08-26T09:40:00-04:00	9.4000	9.3292	7405
2026-08-26T09:41:00-04:00	9.3750	9.3299	1778
2026-08-26T09:42:00-04:00	9.3500	9.3303	2164
2026-08-26T09:43:00-04:00	9.3900	9.3308	1526
2026-08-26T09:44:00-04:00	9.3800	9.3315	1447
2026-08-26T09:45:00-04:00	9.3000	9.3309	86090
2026-08-26T09:46:00-04:00	9.3100	9.3306	2706
2026-08-26T09:47:00-04:00	9.3050	9.3305	651
2026-08-26T09:48:00-04:00	9.3055	9.3282	12376
2026-08-26T09:49:00-04:00	9.2900	9.3280	1514
2026-08-26T09:50:00-04:00	9.2890	9.3276	3413
2026-08-26T09:51:00-04:00	9.3600	9.3277	2921
2026-08-26T09:52:00-04:00	9.3500	9.3282	3750
2026-08-26T09:53:00-04:00	9.3850	9.3317	22122
2026-08-26T09:54:00-04:00	9.4000	9.3321	1921
2026-08-26T09:55:00-04:00	9.4200	9.3341	6710
2026-08-26T09:56:00-04:00	9.4100	9.3344	916
2026-08-26T09:57:00-04:00	9.4300	9.3349	1618
2026-08-26T09:58:00-04:00	9.3200	9.3358	23304
2026-08-26T09:59:00-04:00	9.3200	9.3358	432
2026-08-26T10:00:00-04:00	9.3300	9.3358	915
2026-08-26T10:01:00-04:00	9.3650	9.3360	5789
2026-08-26T10:02:00-04:00	9.3900	9.3361	888
2026-08-26T10:03:00-04:00	9.3700	9.3363	1209
2026-08-26T10:04:00-04:00	9.3900	9.3375	10854
2026-08-26T10:05:00-04:00	9.4300	9.3408	13669
2026-08-26T10:06:00-04:00	9.4100	9.3423	6456
2026-08-26T10:07:00-04:00	9.4050	9.3426	1615
2026-08-26T10:08:00-04:00	9.4050	9.3430	2215
2026-08-26T10:09:00-04:00	9.3600	9.3433	2998
2026-08-26T10:10:00-04:00	9.3300	9.3431	3826
2026-08-26T10:11:00-04:00	9.3700	9.3433	2073
2026-08-26T10:12:00-04:00	9.3500	9.3439	19783
2026-08-26T10:13:00-04:00	9.3400	9.3437	2746
2026-08-26T10:14:00-04:00	9.3100	9.3434	3517
2026-08-26T10:15:00-04:00	9.2700	9.3426	4144
2026-08-26T10:16:00-04:00	9.2950	9.3413	8624
2026-08-26T10:17:00-04:00	9.2750	9.3407	3711
2026-08-26T10:19:00-04:00	9.2600	9.3397	6169
2026-08-26T10:20:00-04:00	9.2350	9.3376	9296
2026-08-26T10:21:00-04:00	9.2200	9.3367	3302
2026-08-26T10:22:00-04:00	9.1900	9.3340	8439
2026-08-26T10:23:00-04:00	9.1900	9.3321	5430
2026-08-26T10:24:00-04:00	9.1900	9.3305	4881
2026-08-26T10:26:00-04:00	9.1800	9.3285	5348
2026-08-26T10:27:00-04:00	9.1800	9.3277	2570
2026-08-26T10:28:00-04:00	9.1700	9.3269	2224
2026-08-26T10:29:00-04:00	9.1650	9.3248	6110
2026-08-26T10:30:00-04:00	9.1600	9.3207	11356
2026-08-26T10:31:00-04:00	9.1400	9.3167	9874
2026-08-26T10:32:00-04:00	9.1699	9.3155	3688
2026-08-26T10:33:00-04:00	9.1400	9.3141	4009
2026-08-26T10:34:00-04:00	9.1599	9.3140	325
2026-08-26T10:35:00-04:00	9.1450	9.3127	3730
2026-08-26T10:36:00-04:00	9.1600	9.3115	3556
2026-08-26T10:37:00-04:00	9.1800	9.3105	3683
2026-08-26T10:38:00-04:00	9.1800	9.3098	2361
2026-08-26T10:39:00-04:00	9.1600	9.3087	3974
2026-08-26T10:40:00-04:00	9.1600	9.3077	3370
2026-08-26T10:41:00-04:00	9.1400	9.3068	2480
2026-08-26T10:42:00-04:00	9.1300	9.3039	8383
2026-08-26T10:43:00-04:00	9.1200	9.3013	6809
2026-08-26T10:44:00-04:00	9.1001	9.3003	2851
2026-08-26T10:45:00-04:00	9.1100	9.2986	4422
2026-08-26T10:46:00-04:00	9.1200	9.2977	2793
2026-08-26T10:47:00-04:00	9.1450	9.2958	6128
2026-08-26T10:48:00-04:00	9.1600	9.2955	1224
2026-08-26T10:49:00-04:00	9.1400	9.2953	846
2026-08-26T10:50:00-04:00	9.1450	9.2949	1356
2026-08-26T10:51:00-04:00	9.1450	9.2948	490
2026-08-26T10:52:00-04:00	9.1500	9.2946	675
2026-08-26T10:53:00-04:00	9.1500	9.2941	1836
2026-08-26T10:54:00-04:00	9.1400	9.2932	3182
2026-08-26T10:55:00-04:00	9.1500	9.2925	2755
2026-08-26T10:56:00-04:00	9.1850	9.2916	4287
2026-08-26T10:57:00-04:00	9.1850	9.2914	1367
2026-08-26T10:58:00-04:00	9.1700	9.2900	6867
2026-08-26T10:59:00-04:00	9.1850	9.2894	2877
2026-08-26T11:00:00-04:00	9.1850	9.2892	1391
2026-08-26T11:01:00-04:00	9.1850	9.2890	861
2026-08-26T11:02:00-04:00	9.1600	9.2885	2440
2026-08-26T11:03:00-04:00	9.1600	9.2878	3010
2026-08-26T11:04:00-04:00	9.1800	9.2871	3483
2026-08-26T11:05:00-04:00	9.1750	9.2868	1591
2026-08-26T11:06:00-04:00	9.1800	9.2851	8963
2026-08-26T11:07:00-04:00	9.2000	9.2847	2947
2026-08-26T11:08:00-04:00	9.2071	9.2843	2802
2026-08-26T11:09:00-04:00	9.2000	9.2840	1642
2026-08-26T11:10:00-04:00	9.1900	9.2831	5503
2026-08-26T11:11:00-04:00	9.1800	9.2830	994
2026-08-26T11:12:00-04:00	9.1700	9.2823	3449
2026-08-26T11:13:00-04:00	9.1600	9.2819	2072
2026-08-26T11:14:00-04:00	9.1400	9.2814	2245
2026-08-26T11:15:00-04:00	9.1400	9.2804	4707
2026-08-26T11:16:00-04:00	9.1500	9.2797	2948
2026-08-26T11:17:00-04:00	9.1600	9.2792	2889
2026-08-26T11:18:00-04:00	9.1550	9.2784	3833
2026-08-26T11:19:00-04:00	9.1700	9.2775	4830
2026-08-26T11:20:00-04:00	9.1650	9.2773	1342
2026-08-26T11:21:00-04:00	9.1650	9.2768	2822
2026-08-26T11:22:00-04:00	9.1700	9.2761	3658
2026-08-26T11:23:00-04:00	9.2000	9.2757	3236
2026-08-26T11:24:00-04:00	9.2001	9.2756	1249
2026-08-26T11:25:00-04:00	9.2300	9.2744	13862
2026-08-26T11:26:00-04:00	9.2300	9.2741	3434
2026-08-26T11:27:00-04:00	9.2700	9.2739	7544
2026-08-26T11:28:00-04:00	9.2501	9.2738	1734
2026-08-26T11:29:00-04:00	9.2600	9.2738	3267
2026-08-26T11:30:00-04:00	9.2600	9.2738	2562
2026-08-26T11:31:00-04:00	9.2474	9.2737	1497
2026-08-26T11:32:00-04:00	9.2300	9.2735	3525
2026-08-26T11:33:00-04:00	9.2350	9.2734	1188
2026-08-26T11:34:00-04:00	9.2400	9.2733	1865
2026-08-26T11:35:00-04:00	9.2437	9.2730	7467
2026-08-26T11:36:00-04:00	9.2200	9.2727	3668
2026-08-26T11:37:00-04:00	9.2300	9.2723	5535
2026-08-26T11:38:00-04:00	9.2200	9.2719	5317
2026-08-26T11:39:00-04:00	9.2200	9.2718	1503
2026-08-26T11:40:00-04:00	9.2117	9.2716	3129
2026-08-26T11:41:00-04:00	9.2200	9.2715	1617
2026-08-26T11:42:00-04:00	9.2400	9.2713	2899
2026-08-26T11:43:00-04:00	9.2350	9.2713	1083
2026-08-26T11:44:00-04:00	9.2200	9.2711	2840
2026-08-26T11:45:00-04:00	9.2200	9.2710	987
2026-08-26T11:46:00-04:00	9.2450	9.2708	4612
2026-08-26T11:47:00-04:00	9.2500	9.2706	3620
2026-08-26T11:48:00-04:00	9.2600	9.2706	1799
2026-08-26T11:49:00-04:00	9.2600	9.2706	3978
2026-08-26T11:50:00-04:00	9.2700	9.2706	1898
2026-08-26T11:51:00-04:00	9.2600	9.2705	1464
2026-08-26T11:52:00-04:00	9.2650	9.2705	2016
2026-08-26T11:53:00-04:00	9.2750	9.2705	3920
2026-08-26T11:54:00-04:00	9.2750	9.2706	5620
2026-08-26T11:55:00-04:00	9.2650	9.2706	4359
2026-08-26T11:56:00-04:00	9.2700	9.2706	801
2026-08-26T11:57:00-04:00	9.2650	9.2706	1165
2026-08-26T11:58:00-04:00	9.2700	9.2706	3789
2026-08-26T11:59:00-04:00	9.2700	9.2706	5642
2026-08-26T12:00:00-04:00	9.2450	9.2704	4645
2026-08-26T12:01:00-04:00	9.2400	9.2704	869
2026-08-26T12:02:00-04:00	9.2500	9.2704	1368
2026-08-26T12:03:00-04:00	9.2800	9.2704	3217
2026-08-26T12:04:00-04:00	9.2750	9.2704	1639
2026-08-26T12:05:00-04:00	9.2500	9.2703	7699
2026-08-26T12:06:00-04:00	9.2700	9.2703	1946
2026-08-26T12:07:00-04:00	9.2700	9.2703	1413
2026-08-26T12:08:00-04:00	9.2600	9.2702	2635
2026-08-26T12:09:00-04:00	9.2500	9.2702	2532
2026-08-26T12:10:00-04:00	9.2500	9.2700	8195
2026-08-26T12:11:00-04:00	9.2800	9.2700	6003
2026-08-26T12:12:00-04:00	9.2750	9.2700	470
2026-08-26T12:13:00-04:00	9.2450	9.2697	10378
2026-08-26T12:14:00-04:00	9.2400	9.2696	2975
2026-08-26T12:15:00-04:00	9.2500	9.2696	1749
2026-08-26T12:16:00-04:00	9.2500	9.2696	1163
2026-08-26T12:17:00-04:00	9.2500	9.2695	1860
2026-08-26T12:18:00-04:00	9.2600	9.2695	1654
2026-08-26T12:19:00-04:00	9.2600	9.2695	920
2026-08-26T12:20:00-04:00	9.2500	9.2694	2055
2026-08-26T12:21:00-04:00	9.2800	9.2694	3327
2026-08-26T12:22:00-04:00	9.2700	9.2695	4566
2026-08-26T12:23:00-04:00	9.2800	9.2695	1943
2026-08-26T12:24:00-04:00	9.2700	9.2695	3170
2026-08-26T12:25:00-04:00	9.2800	9.2696	1502
2026-08-26T12:26:00-04:00	9.2900	9.2696	1267
2026-08-26T12:27:00-04:00	9.2950	9.2697	4704
2026-08-26T12:28:00-04:00	9.3000	9.2698	2286
2026-08-26T12:29:00-04:00	9.3000	9.2699	2781
2026-08-26T12:30:00-04:00	9.3000	9.2699	403
2026-08-26T12:31:00-04:00	9.2900	9.2700	3524
2026-08-26T12:32:00-04:00	9.3000	9.2700	1252
2026-08-26T12:33:00-04:00	9.3000	9.2700	1259
2026-08-26T12:34:00-04:00	9.3050	9.2702	2646
2026-08-26T12:35:00-04:00	9.3100	9.2703	2770
2026-08-26T12:36:00-04:00	9.3085	9.2707	10283
2026-08-26T12:37:00-04:00	9.2950	9.2709	3557
2026-08-26T12:38:00-04:00	9.3100	9.2709	492
2026-08-26T12:39:00-04:00	9.2950	9.2709	1285
2026-08-26T12:40:00-04:00	9.2900	9.2709	606
2026-08-26T12:41:00-04:00	9.3000	9.2711	6973
2026-08-26T12:42:00-04:00	9.3000	9.2712	2266
2026-08-26T12:43:00-04:00	9.3000	9.2713	2378
2026-08-26T12:44:00-04:00	9.3100	9.2714	2366
2026-08-26T12:45:00-04:00	9.2850	9.2714	3672
2026-08-26T12:46:00-04:00	9.2850	9.2715	2197
2026-08-26T12:47:00-04:00	9.3100	9.2715	1900
2026-08-26T12:48:00-04:00	9.3100	9.2716	774
2026-08-26T12:49:00-04:00	9.3100	9.2716	1056
2026-08-26T12:50:00-04:00	9.3100	9.2717	950
2026-08-26T12:51:00-04:00	9.2900	9.2717	1961
2026-08-26T12:52:00-04:00	9.2800	9.2717	657
2026-08-26T12:53:00-04:00	9.2900	9.2717	110
2026-08-26T12:54:00-04:00	9.2800	9.2717	2235
2026-08-26T12:55:00-04:00	9.2750	9.2718	1153
2026-08-26T12:56:00-04:00	9.2800	9.2718	2008
2026-08-26T12:57:00-04:00	9.2900	9.2718	2458
2026-08-26T12:58:00-04:00	9.3000	9.2719	2798
2026-08-26T12:59:00-04:00	9.3000	9.2720	3111
2026-08-26T13:00:00-04:00	9.3000	9.2721	1746
2026-08-26T13:01:00-04:00	9.3100	9.2721	1336
2026-08-26T13:02:00-04:00	9.2750	9.2722	3745
2026-08-26T13:03:00-04:00	9.2750	9.2722	1306
2026-08-26T13:05:00-04:00	9.2900	9.2722	206
2026-08-26T13:06:00-04:00	9.3100	9.2723	5457
2026-08-26T13:07:00-04:00	9.3400	9.2730	9111
2026-08-26T13:08:00-04:00	9.3300	9.2730	863
2026-08-26T13:09:00-04:00	9.3250	9.2730	787
2026-08-26T13:10:00-04:00	9.3250	9.2731	391
2026-08-26T13:11:00-04:00	9.3250	9.2731	339
2026-08-26T13:12:00-04:00	9.3250	9.2731	564
2026-08-26T13:13:00-04:00	9.3050	9.2732	3181
2026-08-26T13:14:00-04:00	9.3100	9.2734	4475
2026-08-26T13:15:00-04:00	9.3050	9.2734	258
2026-08-26T13:16:00-04:00	9.3200	9.2735	2361
2026-08-26T13:17:00-04:00	9.3250	9.2736	990
2026-08-26T13:18:00-04:00	9.3100	9.2737	2232
2026-08-26T13:19:00-04:00	9.3200	9.2737	880
2026-08-26T13:20:00-04:00	9.3200	9.2738	635
2026-08-26T13:21:00-04:00	9.3400	9.2738	635
2026-08-26T13:22:00-04:00	9.3300	9.2739	1559
2026-08-26T13:23:00-04:00	9.3350	9.2742	5969
2026-08-26T13:24:00-04:00	9.3300	9.2743	762
2026-08-26T13:25:00-04:00	9.3150	9.2743	1678
2026-08-26T13:26:00-04:00	9.3200	9.2744	1463
2026-08-26T13:27:00-04:00	9.3300	9.2747	4246
2026-08-26T13:28:00-04:00	9.3300	9.2747	647
2026-08-26T13:29:00-04:00	9.3500	9.2749	3087
2026-08-26T13:30:00-04:00	9.3400	9.2751	2798
2026-08-26T13:31:00-04:00	9.3500	9.2751	459
2026-08-26T13:32:00-04:00	9.3500	9.2753	2056
2026-08-26T13:33:00-04:00	9.3199	9.2758	10722
2026-08-26T13:34:00-04:00	9.3200	9.2759	1477
2026-08-26T13:35:00-04:00	9.3150	9.2759	1770
2026-08-26T13:36:00-04:00	9.3150	9.2762	6711
2026-08-26T13:37:00-04:00	9.3450	9.2764	3796
2026-08-26T13:38:00-04:00	9.3450	9.2765	420
2026-08-26T13:39:00-04:00	9.3400	9.2766	2801
2026-08-26T13:40:00-04:00	9.3300	9.2767	1399
2026-08-26T13:41:00-04:00	9.3200	9.2768	1602
2026-08-26T13:42:00-04:00	9.3000	9.2769	4963
2026-08-26T13:43:00-04:00	9.3100	9.2770	3720
2026-08-26T13:44:00-04:00	9.2800	9.2771	14322
2026-08-26T13:46:00-04:00	9.2700	9.2771	5598
2026-08-26T13:47:00-04:00	9.2700	9.2771	602
2026-08-26T13:48:00-04:00	9.2600	9.2771	1648
2026-08-26T13:49:00-04:00	9.2600	9.2771	1297
2026-08-26T13:50:00-04:00	9.2600	9.2770	3844
2026-08-26T13:51:00-04:00	9.2650	9.2770	1319
2026-08-26T13:52:00-04:00	9.2600	9.2770	1783
2026-08-26T13:53:00-04:00	9.2599	9.2769	1560
2026-08-26T13:54:00-04:00	9.2550	9.2769	1803
2026-08-26T13:55:00-04:00	9.2500	9.2768	4086
2026-08-26T13:56:00-04:00	9.2600	9.2767	4710
2026-08-26T13:57:00-04:00	9.2403	9.2766	3415
2026-08-26T13:58:00-04:00	9.2500	9.2766	1516
2026-08-26T13:59:00-04:00	9.2550	9.2765	1931
2026-08-26T14:00:00-04:00	9.2850	9.2765	22308
2026-08-26T14:01:00-04:00	9.2850	9.2765	518
2026-08-26T14:02:00-04:00	9.2800	9.2766	4033
2026-08-26T14:03:00-04:00	9.2850	9.2766	1082
2026-08-26T14:04:00-04:00	9.2850	9.2766	798
2026-08-26T14:05:00-04:00	9.2800	9.2766	5018
2026-08-26T14:06:00-04:00	9.2900	9.2766	4110
2026-08-26T14:07:00-04:00	9.2850	9.2766	1903
2026-08-26T14:08:00-04:00	9.2900	9.2767	1158
2026-08-26T14:09:00-04:00	9.2900	9.2767	3216
2026-08-26T14:10:00-04:00	9.3000	9.2767	3540
2026-08-26T14:11:00-04:00	9.2900	9.2767	1361
2026-08-26T14:12:00-04:00	9.2900	9.2767	690
2026-08-26T14:13:00-04:00	9.2700	9.2767	5142
2026-08-26T14:14:00-04:00	9.2750	9.2767	524
2026-08-26T14:15:00-04:00	9.2750	9.2767	2482
2026-08-26T14:16:00-04:00	9.2750	9.2767	845
2026-08-26T14:17:00-04:00	9.2700	9.2767	483
2026-08-26T14:18:00-04:00	9.2750	9.2767	2734
2026-08-26T14:19:00-04:00	9.2750	9.2767	438
2026-08-26T14:20:00-04:00	9.2900	9.2768	2506
2026-08-26T14:21:00-04:00	9.2900	9.2768	100
2026-08-26T14:22:00-04:00	9.2800	9.2768	1369
2026-08-26T14:23:00-04:00	9.2700	9.2768	3961
2026-08-26T14:24:00-04:00	9.2500	9.2767	2229
2026-08-26T14:25:00-04:00	9.2550	9.2766	5593
2026-08-26T14:26:00-04:00	9.2700	9.2766	5391
2026-08-26T14:27:00-04:00	9.2700	9.2766	1641
2026-08-26T14:28:00-04:00	9.2700	9.2766	382
2026-08-26T14:29:00-04:00	9.2750	9.2766	2423
2026-08-26T14:30:00-04:00	9.2600	9.2765	3131
2026-08-26T14:31:00-04:00	9.2550	9.2765	498
2026-08-26T14:32:00-04:00	9.2700	9.2764	7688
2026-08-26T14:33:00-04:00	9.2800	9.2764	4871
2026-08-26T14:34:00-04:00	9.2600	9.2764	3590
2026-08-26T14:35:00-04:00	9.2800	9.2764	538
2026-08-26T14:36:00-04:00	9.2800	9.2764	4661
2026-08-26T14:38:00-04:00	9.2650	9.2764	1876
2026-08-26T14:39:00-04:00	9.2600	9.2764	1037
2026-08-26T14:40:00-04:00	9.2630	9.2764	2094
2026-08-26T14:41:00-04:00	9.2600	9.2763	1541
2026-08-26T14:42:00-04:00	9.2600	9.2763	758
2026-08-26T14:43:00-04:00	9.2700	9.2763	2002
2026-08-26T14:44:00-04:00	9.2700	9.2763	8200
2026-08-26T14:45:00-04:00	9.2850	9.2763	2139
2026-08-26T14:46:00-04:00	9.2850	9.2763	1342
2026-08-26T14:47:00-04:00	9.2700	9.2763	3443
2026-08-26T14:48:00-04:00	9.2700	9.2763	1867
2026-08-26T14:49:00-04:00	9.2700	9.2763	1989
2026-08-26T14:50:00-04:00	9.2700	9.2763	597
2026-08-26T14:51:00-04:00	9.2800	9.2763	490
2026-08-26T14:52:00-04:00	9.2700	9.2763	3455
2026-08-26T14:53:00-04:00	9.2600	9.2763	965
2026-08-26T14:54:00-04:00	9.2600	9.2762	5923
2026-08-26T14:55:00-04:00	9.2600	9.2761	1920
2026-08-26T14:56:00-04:00	9.2500	9.2761	1247
2026-08-26T14:57:00-04:00	9.2500	9.2761	1662
2026-08-26T14:58:00-04:00	9.2500	9.2760	5605
2026-08-26T15:00:00-04:00	9.2600	9.2760	1018
2026-08-26T15:01:00-04:00	9.2350	9.2757	8047
2026-08-26T15:02:00-04:00	9.2400	9.2757	2344
2026-08-26T15:03:00-04:00	9.2400	9.2756	2987
2026-08-26T15:04:00-04:00	9.2400	9.2754	8013
2026-08-26T15:05:00-04:00	9.2300	9.2753	1762
2026-08-26T15:06:00-04:00	9.2300	9.2750	7728
2026-08-26T15:07:00-04:00	9.2300	9.2750	1049
2026-08-26T15:08:00-04:00	9.2300	9.2749	1312
2026-08-26T15:09:00-04:00	9.2100	9.2747	4970
2026-08-26T15:10:00-04:00	9.2000	9.2747	134
2026-08-26T15:11:00-04:00	9.2000	9.2743	5696
2026-08-26T15:12:00-04:00	9.1900	9.2737	9126
2026-08-26T15:13:00-04:00	9.1800	9.2736	1435
2026-08-26T15:14:00-04:00	9.1800	9.2734	3244
2026-08-26T15:15:00-04:00	9.1700	9.2731	3355
2026-08-26T15:16:00-04:00	9.1950	9.2728	5056
2026-08-26T15:17:00-04:00	9.1838	9.2725	4004
2026-08-26T15:18:00-04:00	9.1800	9.2723	3852
2026-08-26T15:19:00-04:00	9.1900	9.2717	8439
2026-08-26T15:20:00-04:00	9.1850	9.2716	1655
2026-08-26T15:21:00-04:00	9.1800	9.2714	2036
2026-08-26T15:22:00-04:00	9.1950	9.2712	4612
2026-08-26T15:23:00-04:00	9.1900	9.2711	2018
2026-08-26T15:24:00-04:00	9.1900	9.2710	1094
2026-08-26T15:25:00-04:00	9.2100	9.2709	1741
2026-08-26T15:26:00-04:00	9.1900	9.2708	1848
2026-08-26T15:27:00-04:00	9.2000	9.2705	6886
2026-08-26T15:28:00-04:00	9.2000	9.2704	844
2026-08-26T15:29:00-04:00	9.2300	9.2701	7553
2026-08-26T15:30:00-04:00	9.2300	9.2698	11879
2026-08-26T15:31:00-04:00	9.2700	9.2697	4410
2026-08-26T15:32:00-04:00	9.2600	9.2697	2451
2026-08-26T15:33:00-04:00	9.2550	9.2697	6106
2026-08-26T15:34:00-04:00	9.2500	9.2696	4635
2026-08-26T15:35:00-04:00	9.2550	9.2696	4762
2026-08-26T15:36:00-04:00	9.2500	9.2695	7618
2026-08-26T15:37:00-04:00	9.2500	9.2694	3583
2026-08-26T15:38:00-04:00	9.2500	9.2693	14773
2026-08-26T15:39:00-04:00	9.2400	9.2692	2820
2026-08-26T15:40:00-04:00	9.2350	9.2689	10932
2026-08-26T15:41:00-04:00	9.2300	9.2689	2950
2026-08-26T15:42:00-04:00	9.2400	9.2687	7440
2026-08-26T15:43:00-04:00	9.2100	9.2685	7483
2026-08-26T15:44:00-04:00	9.2000	9.2682	5715
2026-08-26T15:45:00-04:00	9.1800	9.2672	18552
2026-08-26T15:46:00-04:00	9.1800	9.2669	3879
2026-08-26T15:47:00-04:00	9.1700	9.2663	9482
2026-08-26T15:48:00-04:00	9.1800	9.2658	8384
2026-08-26T15:49:00-04:00	9.1900	9.2654	7102
2026-08-26T15:50:00-04:00	9.1700	9.2649	9168
2026-08-26T15:51:00-04:00	9.1850	9.2642	11570
2026-08-26T15:52:00-04:00	9.1750	9.2637	8569
2026-08-26T15:53:00-04:00	9.1800	9.2626	19253
2026-08-26T15:54:00-04:00	9.1850	9.2621	9980
2026-08-26T15:55:00-04:00	9.1750	9.2615	12342
2026-08-26T15:56:00-04:00	9.1450	9.2595	30551
2026-08-26T15:57:00-04:00	9.1650	9.2564	51918
2026-08-26T15:58:00-04:00	9.1550	9.2533	50358
2026-08-26T15:59:00-04:00	9.1200	9.2471	93675
2026-08-27T09:30:00-04:00	9.2600	9.2833	35560
2026-08-27T09:31:00-04:00	9.4000	9.2924	4344
2026-08-27T09:32:00-04:00	9.3000	9.2998	21590
2026-08-27T09:33:00-04:00	9.3200	9.3002	1398
2026-08-27T09:34:00-04:00	9.1600	9.2912	7602
2026-08-27T09:35:00-04:00	9.1700	9.2894	1070
2026-08-27T09:36:00-04:00	9.2300	9.2876	1663
2026-08-27T09:37:00-04:00	9.2700	9.2866	2183
2026-08-27T09:38:00-04:00	9.1800	9.2790	7951
2026-08-27T09:39:00-04:00	9.2001	9.2745	6465
2026-08-27T09:40:00-04:00	9.2300	9.2727	2964
2026-08-27T09:41:00-04:00	9.2500	9.2726	542
2026-08-27T09:42:00-04:00	9.2700	9.2726	1246
2026-08-27T09:43:00-04:00	9.2800	9.2723	4497
2026-08-27T09:44:00-04:00	9.2800	9.2725	2705
2026-08-27T09:45:00-04:00	9.2800	9.2728	2680
2026-08-27T09:46:00-04:00	9.2600	9.2726	3876
2026-08-27T09:47:00-04:00	9.2350	9.2721	1428
2026-08-27T09:48:00-04:00	9.2400	9.2709	2916
2026-08-27T09:49:00-04:00	9.2150	9.2687	3771
2026-08-27T09:50:00-04:00	9.2699	9.2685	1994
2026-08-27T09:51:00-04:00	9.2200	9.2677	2401
2026-08-27T09:52:00-04:00	9.1200	9.2434	29388
2026-08-27T09:53:00-04:00	9.1250	9.1972	87921
2026-08-27T09:54:00-04:00	9.1250	9.1960	4552
2026-08-27T09:55:00-04:00	9.0950	9.1876	22007
2026-08-27T09:56:00-04:00	9.0900	9.1868	2199
2026-08-27T09:57:00-04:00	9.0700	9.1832	8602
2026-08-27T09:58:00-04:00	9.0600	9.1734	25160
2026-08-27T09:59:00-04:00	9.0600	9.1712	6034
2026-08-27T10:00:00-04:00	9.0500	9.1641	18448
2026-08-27T10:01:00-04:00	9.0900	9.1619	8156
2026-08-27T10:02:00-04:00	9.0780	9.1615	2107
2026-08-27T10:03:00-04:00	9.1000	9.1586	15572
2026-08-27T10:04:00-04:00	9.1200	9.1579	10780
2026-08-27T10:05:00-04:00	9.0900	9.1574	3363
2026-08-27T10:06:00-04:00	9.1000	9.1565	4687
2026-08-27T10:08:00-04:00	9.0950	9.1560	3210
2026-08-27T10:09:00-04:00	9.0850	9.1554	3356
2026-08-27T10:10:00-04:00	9.0850	9.1546	4800
2026-08-27T10:11:00-04:00	9.0750	9.1526	9117
2026-08-27T10:12:00-04:00	9.0700	9.1522	2048
2026-08-27T10:13:00-04:00	9.0950	9.1513	5890
2026-08-27T10:14:00-04:00	9.1100	9.1509	3701
2026-08-27T10:15:00-04:00	9.1900	9.1515	13910
2026-08-27T10:16:00-04:00	9.1550	9.1519	23867
2026-08-27T10:17:00-04:00	9.2156	9.1524	4582
2026-08-27T10:18:00-04:00	9.2450	9.1587	35895
2026-08-27T10:19:00-04:00	9.1800	9.1596	10979
2026-08-27T10:20:00-04:00	9.1800	9.1596	158
2026-08-27T10:21:00-04:00	9.1500	9.1596	3243
2026-08-27T10:22:00-04:00	9.1300	9.1594	5288
2026-08-27T10:23:00-04:00	9.1500	9.1593	1243
2026-08-27T10:24:00-04:00	9.1700	9.1593	3984
2026-08-27T10:25:00-04:00	9.2100	9.1596	5643
2026-08-27T10:26:00-04:00	9.2100	9.1597	859
2026-08-27T10:27:00-04:00	9.2200	9.1598	1214
2026-08-27T10:28:00-04:00	9.2250	9.1599	307
2026-08-27T10:29:00-04:00	9.2300	9.1606	5580
2026-08-27T10:30:00-04:00	9.2200	9.1615	6702
2026-08-27T10:31:00-04:00	9.2200	9.1618	3540
2026-08-27T10:32:00-04:00	9.2200	9.1619	689
2026-08-27T10:33:00-04:00	9.2100	9.1621	2339
2026-08-27T10:34:00-04:00	9.2100	9.1624	3113
2026-08-27T10:35:00-04:00	9.2100	9.1630	5968
2026-08-27T10:36:00-04:00	9.2000	9.1630	933
2026-08-27T10:37:00-04:00	9.2200	9.1632	1975
2026-08-27T10:38:00-04:00	9.2000	9.1634	2564
2026-08-27T10:39:00-04:00	9.1600	9.1634	2334
2026-08-27T10:40:00-04:00	9.1750	9.1634	1095
2026-08-27T10:41:00-04:00	9.1857	9.1636	6571
2026-08-27T10:42:00-04:00	9.1750	9.1637	1742
2026-08-27T10:43:00-04:00	9.1750	9.1637	753
2026-08-27T10:44:00-04:00	9.1700	9.1637	1432
2026-08-27T10:45:00-04:00	9.1700	9.1638	3133
2026-08-27T10:46:00-04:00	9.1900	9.1638	657
2026-08-27T10:47:00-04:00	9.1850	9.1639	2739
2026-08-27T10:49:00-04:00	9.1900	9.1641	4542
2026-08-27T10:50:00-04:00	9.1450	9.1640	4828
2026-08-27T10:51:00-04:00	9.1600	9.1639	10789
2026-08-27T10:52:00-04:00	9.1600	9.1639	3517
2026-08-27T10:53:00-04:00	9.2000	9.1641	2260
2026-08-27T10:54:00-04:00	9.2100	9.1641	946
2026-08-27T10:55:00-04:00	9.1500	9.1641	4565
2026-08-27T10:56:00-04:00	9.2100	9.1643	1827
2026-08-27T10:57:00-04:00	9.1800	9.1644	2925
2026-08-27T10:58:00-04:00	9.1900	9.1644	1319
2026-08-27T10:59:00-04:00	9.2050	9.1647	3049
2026-08-27T11:00:00-04:00	9.2300	9.1648	1486
2026-08-27T11:01:00-04:00	9.2400	9.1649	1087
2026-08-27T11:02:00-04:00	9.2300	9.1650	1351
2026-08-27T11:04:00-04:00	9.2199	9.1652	1912
2026-08-27T11:05:00-04:00	9.2000	9.1653	1734
2026-08-27T11:06:00-04:00	9.2050	9.1655	2225
2026-08-27T11:07:00-04:00	9.2200	9.1656	1113
2026-08-27T11:08:00-04:00	9.1900	9.1656	1372
2026-08-27T11:09:00-04:00	9.2100	9.1657	554
2026-08-27T11:10:00-04:00	9.2450	9.1669	10364
2026-08-27T11:11:00-04:00	9.2700	9.1671	1579
2026-08-27T11:12:00-04:00	9.2500	9.1695	14937
2026-08-27T11:13:00-04:00	9.2010	9.1701	8570
2026-08-27T11:14:00-04:00	9.2324	9.1704	3292
2026-08-27T11:15:00-04:00	9.2400	9.1705	1473
2026-08-27T11:16:00-04:00	9.2700	9.1709	2902
2026-08-27T11:17:00-04:00	9.2850	9.1713	2143
2026-08-27T11:18:00-04:00	9.3000	9.1734	11657
2026-08-27T11:19:00-04:00	9.2928	9.1738	1799
2026-08-27T11:20:00-04:00	9.3102	9.1740	1172
2026-08-27T11:21:00-04:00	9.2700	9.1749	5914
2026-08-27T11:22:00-04:00	9.2700	9.1751	1348
2026-08-27T11:23:00-04:00	9.2900	9.1754	2117
2026-08-27T11:24:00-04:00	9.2700	9.1756	1354
2026-08-27T11:25:00-04:00	9.2900	9.1760	2681
2026-08-27T11:26:00-04:00	9.3300	9.1770	5180
2026-08-27T11:27:00-04:00	9.3700	9.1779	3424
2026-08-27T11:28:00-04:00	9.3550	9.1787	2861
2026-08-27T11:29:00-04:00	9.3700	9.1790	1281
2026-08-27T11:30:00-04:00	9.3600	9.1792	959
2026-08-27T11:31:00-04:00	9.3800	9.1801	3101
2026-08-27T11:32:00-04:00	9.3650	9.1803	944
2026-08-27T11:33:00-04:00	9.3400	9.1810	2673
2026-08-27T11:34:00-04:00	9.3350	9.1826	7698
2026-08-27T11:35:00-04:00	9.3200	9.1834	3922
2026-08-27T11:36:00-04:00	9.3350	9.1838	1679
2026-08-27T11:37:00-04:00	9.3350	9.1842	2111
2026-08-27T11:38:00-04:00	9.3550	9.1848	2371
2026-08-27T11:39:00-04:00	9.3500	9.1851	1461
2026-08-27T11:40:00-04:00	9.3100	9.1868	8549
2026-08-27T11:41:00-04:00	9.2950	9.1871	1904
2026-08-27T11:42:00-04:00	9.2900	9.1888	12481
2026-08-27T11:43:00-04:00	9.2550	9.1891	2208
2026-08-27T11:44:00-04:00	9.2200	9.1893	6079
2026-08-27T11:45:00-04:00	9.2400	9.1895	2768
2026-08-27T11:46:00-04:00	9.2400	9.1895	473
2026-08-27T11:47:00-04:00	9.2500	9.1896	517
2026-08-27T11:48:00-04:00	9.2300	9.1896	568
2026-08-27T11:49:00-04:00	9.2200	9.1900	6466
2026-08-27T11:50:00-04:00	9.2494	9.1901	2733
2026-08-27T11:51:00-04:00	9.2350	9.1902	2054
2026-08-27T11:52:00-04:00	9.2350	9.1903	536
2026-08-27T11:53:00-04:00	9.2350	9.1904	2085
2026-08-27T11:54:00-04:00	9.2200	9.1905	2311
2026-08-27T11:55:00-04:00	9.2600	9.1910	5065
2026-08-27T11:56:00-04:00	9.2430	9.1911	1665
2026-08-27T11:57:00-04:00	9.2600	9.1911	508
2026-08-27T11:58:00-04:00	9.2650	9.1912	1092
2026-08-27T11:59:00-04:00	9.2700	9.1914	1432
2026-08-27T12:00:00-04:00	9.2600	9.1915	1716
2026-08-27T12:01:00-04:00	9.2400	9.1917	2912
2026-08-27T12:02:00-04:00	9.2500	9.1918	1476
2026-08-27T12:03:00-04:00	9.2500	9.1920	2611
2026-08-27T12:04:00-04:00	9.2600	9.1920	346
2026-08-27T12:05:00-04:00	9.2400	9.1921	902
2026-08-27T12:06:00-04:00	9.2600	9.1923	2854
2026-08-27T12:07:00-04:00	9.2600	9.1923	100
2026-08-27T12:08:00-04:00	9.2500	9.1926	3359
2026-08-27T12:10:00-04:00	9.2450	9.1926	250
2026-08-27T12:11:00-04:00	9.2350	9.1927	2792
2026-08-27T12:12:00-04:00	9.2300	9.1928	1138
2026-08-27T12:13:00-04:00	9.2300	9.1928	322
2026-08-27T12:14:00-04:00	9.2200	9.1928	1696
2026-08-27T12:15:00-04:00	9.2200	9.1929	1095
2026-08-27T12:16:00-04:00	9.2200	9.1929	1348
2026-08-27T12:17:00-04:00	9.2250	9.1929	388
2026-08-27T12:18:00-04:00	9.2100	9.1930	3754
2026-08-27T12:20:00-04:00	9.2200	9.1935	13170
2026-08-27T12:21:00-04:00	9.2000	9.1940	26077
2026-08-27T12:22:00-04:00	9.2200	9.1940	957
2026-08-27T12:23:00-04:00	9.2300	9.1941	2281
2026-08-27T12:24:00-04:00	9.2300	9.1942	467
2026-08-27T12:25:00-04:00	9.2300	9.1942	1234
2026-08-27T12:26:00-04:00	9.2150	9.1942	100
2026-08-27T12:27:00-04:00	9.2300	9.1942	763
2026-08-27T12:28:00-04:00	9.2200	9.1943	653
2026-08-27T12:29:00-04:00	9.2400	9.1944	2382
2026-08-27T12:30:00-04:00	9.2250	9.1945	3502
2026-08-27T12:31:00-04:00	9.2200	9.1945	557
2026-08-27T12:32:00-04:00	9.2100	9.1945	809
2026-08-27T12:33:00-04:00	9.2300	9.1946	3422
2026-08-27T12:34:00-04:00	9.2300	9.1947	2098
2026-08-27T12:35:00-04:00	9.2300	9.1947	521
2026-08-27T12:36:00-04:00	9.2100	9.1948	1499
2026-08-27T12:37:00-04:00	9.2243	9.1948	790
2026-08-27T12:38:00-04:00	9.2200	9.1948	1265
2026-08-27T12:39:00-04:00	9.2150	9.1949	943
2026-08-27T12:40:00-04:00	9.2200	9.1949	773
2026-08-27T12:41:00-04:00	9.2200	9.1949	1540
2026-08-27T12:42:00-04:00	9.2250	9.1950	2042
2026-08-27T12:43:00-04:00	9.2100	9.1950	1304
2026-08-27T12:44:00-04:00	9.2250	9.1951	569
2026-08-27T12:45:00-04:00	9.2250	9.1951	1297
2026-08-27T12:46:00-04:00	9.2200	9.1952	2295
2026-08-27T12:47:00-04:00	9.2300	9.1952	660
2026-08-27T12:48:00-04:00	9.2300	9.1952	1649
2026-08-27T12:49:00-04:00	9.2300	9.1953	1545
2026-08-27T12:50:00-04:00	9.2300	9.1953	897
2026-08-27T12:51:00-04:00	9.2400	9.1955	3170
2026-08-27T12:52:00-04:00	9.2300	9.1956	2617
2026-08-27T12:53:00-04:00	9.2300	9.1956	930
2026-08-27T12:54:00-04:00	9.2350	9.1957	2621
2026-08-27T12:55:00-04:00	9.2350	9.1957	228
2026-08-27T12:56:00-04:00	9.2050	9.1959	7549
2026-08-27T12:57:00-04:00	9.2060	9.1959	3536
2026-08-27T12:58:00-04:00	9.2100	9.1960	8183
2026-08-27T12:59:00-04:00	9.2000	9.1960	1880
2026-08-27T13:00:00-04:00	9.1900	9.1960	984
2026-08-27T13:01:00-04:00	9.2000	9.1960	7115
2026-08-27T13:02:00-04:00	9.2000	9.1960	3412
2026-08-27T13:03:00-04:00	9.2050	9.1961	2524
2026-08-27T13:04:00-04:00	9.2000	9.1961	1900
2026-08-27T13:05:00-04:00	9.2000	9.1961	535
2026-08-27T13:06:00-04:00	9.1800	9.1960	8891
2026-08-27T13:07:00-04:00	9.1800	9.1960	913
2026-08-27T13:08:00-04:00	9.2000	9.1960	3006
2026-08-27T13:10:00-04:00	9.2000	9.1960	1051
2026-08-27T13:11:00-04:00	9.1900	9.1959	882
2026-08-27T13:12:00-04:00	9.1950	9.1960	3739
2026-08-27T13:13:00-04:00	9.1800	9.1959	551
2026-08-27T13:14:00-04:00	9.1900	9.1959	2032
2026-08-27T13:15:00-04:00	9.1900	9.1959	783
2026-08-27T13:16:00-04:00	9.1900	9.1959	2286
2026-08-27T13:17:00-04:00	9.1800	9.1959	1399
2026-08-27T13:18:00-04:00	9.1700	9.1958	3134
2026-08-27T13:19:00-04:00	9.1600	9.1958	470
2026-08-27T13:20:00-04:00	9.1650	9.1958	1254
2026-08-27T13:21:00-04:00	9.1700	9.1957	2136
2026-08-27T13:22:00-04:00	9.1673	9.1957	964
2026-08-27T13:23:00-04:00	9.1700	9.1956	2180
2026-08-27T13:24:00-04:00	9.1700	9.1956	381
2026-08-27T13:25:00-04:00	9.1800	9.1956	2299
2026-08-27T13:26:00-04:00	9.1800	9.1955	1697
2026-08-27T13:27:00-04:00	9.1800	9.1955	3097
2026-08-27T13:28:00-04:00	9.1700	9.1954	2096
2026-08-27T13:29:00-04:00	9.1800	9.1954	3174
2026-08-27T13:30:00-04:00	9.1750	9.1954	474
2026-08-27T13:31:00-04:00	9.1740	9.1952	6158
2026-08-27T13:33:00-04:00	9.1850	9.1952	1158
2026-08-27T13:34:00-04:00	9.1740	9.1952	2228
2026-08-27T13:35:00-04:00	9.1700	9.1952	924
2026-08-27T13:36:00-04:00	9.1651	9.1951	821
2026-08-27T13:37:00-04:00	9.1700	9.1951	501
2026-08-27T13:38:00-04:00	9.1700	9.1950	5102
2026-08-27T13:39:00-04:00	9.1600	9.1950	1081
2026-08-27T13:40:00-04:00	9.1700	9.1949	194
2026-08-27T13:41:00-04:00	9.1650	9.1949	847
2026-08-27T13:42:00-04:00	9.1800	9.1948	5671
2026-08-27T13:43:00-04:00	9.1800	9.1948	490
2026-08-27T13:44:00-04:00	9.1800	9.1948	695
2026-08-27T13:45:00-04:00	9.2000	9.1948	6978
2026-08-27T13:46:00-04:00	9.2000	9.1948	583
2026-08-27T13:47:00-04:00	9.2000	9.1948	6956
2026-08-27T13:48:00-04:00	9.2000	9.1948	522
2026-08-27T13:49:00-04:00	9.2100	9.1948	3057
2026-08-27T13:50:00-04:00	9.2100	9.1948	241
2026-08-27T13:51:00-04:00	9.2100	9.1949	3113
2026-08-27T13:52:00-04:00	9.2097	9.1949	757
2026-08-27T13:53:00-04:00	9.2000	9.1949	2172
2026-08-27T13:54:00-04:00	9.1900	9.1949	1427
2026-08-27T13:55:00-04:00	9.1917	9.1949	677
2026-08-27T13:56:00-04:00	9.1800	9.1949	543
2026-08-27T13:57:00-04:00	9.1850	9.1949	1369
2026-08-27T13:58:00-04:00	9.1700	9.1948	1840
2026-08-27T14:00:00-04:00	9.1700	9.1948	2155
2026-08-27T14:01:00-04:00	9.1600	9.1947	1812
2026-08-27T14:03:00-04:00	9.1700	9.1947	931
2026-08-27T14:04:00-04:00	9.1600	9.1947	1045
2026-08-27T14:05:00-04:00	9.1800	9.1945	7724
2026-08-27T14:06:00-04:00	9.1700	9.1945	1172
2026-08-27T14:07:00-04:00	9.1850	9.1945	735
2026-08-27T14:08:00-04:00	9.2000	9.1945	3124
2026-08-27T14:09:00-04:00	9.2103	9.1946	10673
2026-08-27T14:10:00-04:00	9.2100	9.1947	9222
2026-08-27T14:11:00-04:00	9.2200	9.1948	2649
2026-08-27T14:12:00-04:00	9.2250	9.1949	2317
2026-08-27T14:14:00-04:00	9.2399	9.1953	11570
2026-08-27T14:15:00-04:00	9.2201	9.1953	576
2026-08-27T14:16:00-04:00	9.2200	9.1953	263
2026-08-27T14:17:00-04:00	9.2450	9.1954	1989
2026-08-27T14:18:00-04:00	9.2400	9.1956	5572
2026-08-27T14:19:00-04:00	9.2522	9.1960	8095
2026-08-27T14:20:00-04:00	9.2600	9.1961	548
2026-08-27T14:21:00-04:00	9.2600	9.1968	12425
2026-08-27T14:22:00-04:00	9.2550	9.1975	14127
2026-08-27T14:23:00-04:00	9.3200	9.2009	38495
2026-08-27T14:24:00-04:00	9.3300	9.2011	2933
2026-08-27T14:25:00-04:00	9.3350	9.2014	2648
2026-08-27T14:26:00-04:00	9.2600	9.2027	17954
2026-08-27T14:27:00-04:00	9.2350	9.2027	2101
2026-08-27T14:28:00-04:00	9.2400	9.2028	930
2026-08-27T14:29:00-04:00	9.2500	9.2029	2540
2026-08-27T14:30:00-04:00	9.2450	9.2029	1390
2026-08-27T14:31:00-04:00	9.2300	9.2030	2140
2026-08-27T14:32:00-04:00	9.2300	9.2030	1177
2026-08-27T14:33:00-04:00	9.2400	9.2030	905
2026-08-27T14:34:00-04:00	9.1900	9.2030	3290
2026-08-27T14:35:00-04:00	9.2000	9.2030	943
2026-08-27T14:36:00-04:00	9.2000	9.2030	1622
2026-08-27T14:37:00-04:00	9.2100	9.2030	3721
2026-08-27T14:38:00-04:00	9.2200	9.2030	2164
2026-08-27T14:39:00-04:00	9.2200	9.2031	3408
2026-08-27T14:40:00-04:00	9.2300	9.2031	1208
2026-08-27T14:41:00-04:00	9.2100	9.2031	3018
2026-08-27T14:42:00-04:00	9.2000	9.2031	1242
2026-08-27T14:43:00-04:00	9.1901	9.2031	1014
2026-08-27T14:44:00-04:00	9.1900	9.2031	1029
2026-08-27T14:45:00-04:00	9.1986	9.2030	5630
2026-08-27T14:46:00-04:00	9.1800	9.2030	2313
2026-08-27T14:47:00-04:00	9.1750	9.2030	679
2026-08-27T14:48:00-04:00	9.1900	9.2030	3055
2026-08-27T14:49:00-04:00	9.2100	9.2030	1629
2026-08-27T14:50:00-04:00	9.1950	9.2030	1166
2026-08-27T14:51:00-04:00	9.1950	9.2029	1469
2026-08-27T14:52:00-04:00	9.1950	9.2029	686
2026-08-27T14:53:00-04:00	9.1950	9.2029	2737
2026-08-27T14:54:00-04:00	9.1800	9.2029	1192
2026-08-27T14:55:00-04:00	9.1900	9.2029	2187
2026-08-27T14:56:00-04:00	9.1700	9.2028	1675
2026-08-27T14:57:00-04:00	9.1900	9.2028	950
2026-08-27T14:58:00-04:00	9.2159	9.2028	13174
2026-08-27T14:59:00-04:00	9.2100	9.2028	1997
2026-08-27T15:00:00-04:00	9.1850	9.2024	25854
2026-08-27T15:01:00-04:00	9.1850	9.2024	1169
2026-08-27T15:02:00-04:00	9.2000	9.2024	4350
2026-08-27T15:03:00-04:00	9.2200	9.2024	1940
2026-08-27T15:04:00-04:00	9.2200	9.2025	3536
2026-08-27T15:05:00-04:00	9.2100	9.2025	1903
2026-08-27T15:06:00-04:00	9.2300	9.2025	2095
2026-08-27T15:07:00-04:00	9.2200	9.2025	2791
2026-08-27T15:08:00-04:00	9.2100	9.2026	3525
2026-08-27T15:09:00-04:00	9.2100	9.2026	1851
2026-08-27T15:10:00-04:00	9.2139	9.2026	1502
2026-08-27T15:11:00-04:00	9.2100	9.2026	1193
2026-08-27T15:12:00-04:00	9.2100	9.2026	1791
2026-08-27T15:13:00-04:00	9.2200	9.2027	6570
2026-08-27T15:14:00-04:00	9.2650	9.2029	5554
2026-08-27T15:15:00-04:00	9.2650	9.2029	1124
2026-08-27T15:16:00-04:00	9.2500	9.2031	3040
2026-08-27T15:17:00-04:00	9.2500	9.2031	350
2026-08-27T15:18:00-04:00	9.2650	9.2031	1419
2026-08-27T15:19:00-04:00	9.2500	9.2034	7069
2026-08-27T15:20:00-04:00	9.2400	9.2035	2207
2026-08-27T15:21:00-04:00	9.2400	9.2035	338
2026-08-27T15:22:00-04:00	9.2500	9.2035	1203
2026-08-27T15:23:00-04:00	9.2400	9.2036	3558
2026-08-27T15:24:00-04:00	9.2300	9.2037	1851
2026-08-27T15:25:00-04:00	9.2350	9.2038	6302
2026-08-27T15:26:00-04:00	9.2400	9.2038	1750
2026-08-27T15:27:00-04:00	9.2200	9.2041	18122
2026-08-27T15:28:00-04:00	9.2350	9.2044	17449
2026-08-27T15:29:00-04:00	9.2500	9.2045	4347
2026-08-27T15:30:00-04:00	9.2800	9.2051	11326
2026-08-27T15:31:00-04:00	9.2600	9.2053	5211
2026-08-27T15:32:00-04:00	9.2800	9.2058	10256
2026-08-27T15:33:00-04:00	9.2850	9.2060	3749
2026-08-27T15:34:00-04:00	9.2700	9.2071	23252
2026-08-27T15:35:00-04:00	9.2600	9.2077	16712
2026-08-27T15:36:00-04:00	9.2600	9.2078	1603
2026-08-27T15:37:00-04:00	9.2800	9.2090	30424
2026-08-27T15:38:00-04:00	9.3100	9.2093	5796
2026-08-27T15:39:00-04:00	9.3300	9.2102	10689
2026-08-27T15:40:00-04:00	9.3200	9.2113	15054
2026-08-27T15:41:00-04:00	9.3250	9.2116	4699
2026-08-27T15:42:00-04:00	9.3500	9.2129	15111
2026-08-27T15:43:00-04:00	9.3600	9.2133	4926
2026-08-27T15:44:00-04:00	9.3300	9.2149	19846
2026-08-27T15:45:00-04:00	9.3000	9.2154	7901
2026-08-27T15:46:00-04:00	9.2950	9.2156	4549
2026-08-27T15:47:00-04:00	9.2905	9.2158	5139
2026-08-27T15:48:00-04:00	9.2850	9.2161	6591
2026-08-27T15:49:00-04:00	9.2850	9.2164	7688
2026-08-27T15:50:00-04:00	9.2850	9.2168	8664
2026-08-27T15:51:00-04:00	9.2705	9.2171	9825
2026-08-27T15:52:00-04:00	9.2800	9.2178	19626
2026-08-27T15:53:00-04:00	9.2750	9.2182	11699
2026-08-27T15:54:00-04:00	9.2950	9.2186	8750
2026-08-27T15:55:00-04:00	9.2500	9.2189	13360
2026-08-27T15:56:00-04:00	9.2300	9.2191	12533
2026-08-27T15:57:00-04:00	9.2250	9.2192	23858
2026-08-27T15:58:00-04:00	9.2000	9.2190	47460
2026-08-27T15:59:00-04:00	9.2000	9.2183	80722
2026-08-28T09:30:00-04:00	9.2700	9.2400	55665
2026-08-28T09:31:00-04:00	9.2800	9.2427	4461
2026-08-28T09:32:00-04:00	9.1900	9.2388	19726
2026-08-28T09:33:00-04:00	9.2000	9.2360	4743
2026-08-28T09:34:00-04:00	9.2000	9.2341	3658
2026-08-28T09:35:00-04:00	9.2250	9.2326	4991
2026-08-28T09:36:00-04:00	9.1550	9.2277	7017
2026-08-28T09:37:00-04:00	9.1700	9.2244	5057
2026-08-28T09:38:00-04:00	9.1700	9.2230	2775
2026-08-28T09:39:00-04:00	9.1850	9.2219	3413
2026-08-28T09:40:00-04:00	9.1650	9.2201	3978
2026-08-28T09:41:00-04:00	9.1850	9.2177	6796
2026-08-28T09:42:00-04:00	9.0900	9.2079	12570
2026-08-28T09:43:00-04:00	9.1499	9.2061	3312
2026-08-28T09:44:00-04:00	9.1150	9.2056	786
2026-08-28T09:45:00-04:00	9.1399	9.2006	9682
2026-08-28T09:46:00-04:00	9.1100	9.1961	7332
2026-08-28T09:47:00-04:00	9.1200	9.1957	760
2026-08-28T09:48:00-04:00	9.1200	9.1951	1331
2026-08-28T09:49:00-04:00	9.1900	9.1947	3103
2026-08-28T09:50:00-04:00	9.1900	9.1945	3150
2026-08-28T09:51:00-04:00	9.2100	9.1953	17206
2026-08-28T09:52:00-04:00	9.2000	9.1953	3090
2026-08-28T09:53:00-04:00	9.2400	9.1959	3369
2026-08-28T09:54:00-04:00	9.2500	9.1963	1359
2026-08-28T09:55:00-04:00	9.3000	9.1975	2455
2026-08-28T09:56:00-04:00	9.3300	9.2122	22165
2026-08-28T09:57:00-04:00	9.3472	9.2229	18342
2026-08-28T09:58:00-04:00	9.3600	9.2265	6613
2026-08-28T09:59:00-04:00	9.3400	9.2293	5687
2026-08-28T10:00:00-04:00	9.3750	9.2323	5689
2026-08-28T10:01:00-04:00	9.2500	9.2337	6428
2026-08-28T10:02:00-04:00	9.2450	9.2339	2611
2026-08-28T10:03:00-04:00	9.1900	9.2335	3035
2026-08-28T10:04:00-04:00	9.2100	9.2328	5820
2026-08-28T10:05:00-04:00	9.1900	9.2324	3198
2026-08-28T10:06:00-04:00	9.1500	9.2310	5807
2026-08-28T10:07:00-04:00	9.1800	9.2305	2457
2026-08-28T10:08:00-04:00	9.1700	9.2301	1816
2026-08-28T10:09:00-04:00	9.1600	9.2291	4342
2026-08-28T10:10:00-04:00	9.1500	9.2286	1918
2026-08-28T10:11:00-04:00	9.1350	9.2283	725
2026-08-28T10:12:00-04:00	9.1400	9.2275	2385
2026-08-28T10:13:00-04:00	9.1100	9.2269	1520
2026-08-28T10:14:00-04:00	9.1300	9.2258	2976
2026-08-28T10:15:00-04:00	9.1400	9.2255	1051
2026-08-28T10:16:00-04:00	9.1700	9.2246	4249
2026-08-28T10:17:00-04:00	9.1600	9.2230	9032
2026-08-28T10:18:00-04:00	9.1700	9.2223	3188
2026-08-28T10:19:00-04:00	9.1900	9.2221	1866
2026-08-28T10:20:00-04:00	9.2250	9.2220	3444
2026-08-28T10:22:00-04:00	9.2550	9.2223	4993
2026-08-28T10:23:00-04:00	9.2000	9.2222	4305
2026-08-28T10:24:00-04:00	9.2200	9.2222	1695
2026-08-28T10:25:00-04:00	9.2650	9.2232	12186
2026-08-28T10:26:00-04:00	9.2900	9.2235	1627
2026-08-28T10:27:00-04:00	9.2500	9.2240	3594
2026-08-28T10:28:00-04:00	9.2550	9.2242	2098
2026-08-28T10:29:00-04:00	9.2800	9.2244	1900
2026-08-28T10:30:00-04:00	9.3250	9.2258	5340
2026-08-28T10:31:00-04:00	9.3100	9.2262	1874
2026-08-28T10:32:00-04:00	9.3250	9.2271	3308
2026-08-28T10:33:00-04:00	9.3450	9.2279	2435
2026-08-28T10:34:00-04:00	9.3300	9.2285	2156
2026-08-28T10:35:00-04:00	9.3620	9.2307	6252
2026-08-28T10:36:00-04:00	9.3800	9.2320	3503
2026-08-28T10:37:00-04:00	9.3650	9.2361	10985
2026-08-28T10:38:00-04:00	9.3438	9.2368	2560
2026-08-28T10:39:00-04:00	9.3250	9.2375	2948
2026-08-28T10:40:00-04:00	9.3300	9.2380	2081
2026-08-28T10:41:00-04:00	9.3000	9.2385	2805
2026-08-28T10:42:00-04:00	9.3100	9.2388	1665
2026-08-28T10:43:00-04:00	9.3250	9.2391	1520
2026-08-28T10:44:00-04:00	9.3300	9.2429	15166
2026-08-28T10:45:00-04:00	9.3250	9.2433	1836
2026-08-28T10:46:00-04:00	9.3450	9.2443	4319
2026-08-28T10:47:00-04:00	9.3200	9.2449	2907
2026-08-28T10:48:00-04:00	9.3004	9.2450	831
2026-08-28T10:49:00-04:00	9.3250	9.2453	1932
2026-08-28T10:50:00-04:00	9.3400	9.2458	2236
2026-08-28T10:51:00-04:00	9.3400	9.2474	7176
2026-08-28T10:52:00-04:00	9.3350	9.2481	3875
2026-08-28T10:53:00-04:00	9.3250	9.2493	6913
2026-08-28T10:54:00-04:00	9.3050	9.2495	1475
2026-08-28T10:55:00-04:00	9.3100	9.2498	2222
2026-08-28T10:56:00-04:00	9.3150	9.2502	3410
2026-08-28T10:57:00-04:00	9.3004	9.2504	1681
2026-08-28T10:59:00-04:00	9.3000	9.2507	2433
2026-08-28T11:00:00-04:00	9.3000	9.2510	2960
2026-08-28T11:01:00-04:00	9.2750	9.2513	3545
2026-08-28T11:02:00-04:00	9.2600	9.2513	1761
2026-08-28T11:03:00-04:00	9.2600	9.2514	1831
2026-08-28T11:04:00-04:00	9.2400	9.2513	8255
2026-08-28T11:05:00-04:00	9.2700	9.2514	5546
2026-08-28T11:06:00-04:00	9.2750	9.2514	812
2026-08-28T11:07:00-04:00	9.2500	9.2514	2392
2026-08-28T11:08:00-04:00	9.2700	9.2516	4681
2026-08-28T11:09:00-04:00	9.2700	9.2518	3734
2026-08-28T11:10:00-04:00	9.2800	9.2518	1020
2026-08-28T11:11:00-04:00	9.2700	9.2519	2450
2026-08-28T11:12:00-04:00	9.2900	9.2521	2538
2026-08-28T11:13:00-04:00	9.2950	9.2522	1112
2026-08-28T11:14:00-04:00	9.2506	9.2524	7928
2026-08-28T11:18:00-04:00	9.2650	9.2524	1664
2026-08-28T11:19:00-04:00	9.2600	9.2524	1422
2026-08-28T11:20:00-04:00	9.3200	9.2529	4654
2026-08-28T11:21:00-04:00	9.2900	9.2533	4142
2026-08-28T11:22:00-04:00	9.2850	9.2534	2276
2026-08-28T11:23:00-04:00	9.2900	9.2535	1036
2026-08-28T11:24:00-04:00	9.2800	9.2536	2709
2026-08-28T11:25:00-04:00	9.2800	9.2537	1194
2026-08-28T11:26:00-04:00	9.2900	9.2538	1391
2026-08-28T11:27:00-04:00	9.2700	9.2538	1457
2026-08-28T11:28:00-04:00	9.2790	9.2544	13680
2026-08-28T11:29:00-04:00	9.2800	9.2544	644
2026-08-28T11:30:00-04:00	9.2700	9.2545	3072
2026-08-28T11:31:00-04:00	9.2800	9.2547	6141
2026-08-28T11:32:00-04:00	9.2600	9.2548	901
2026-08-28T11:33:00-04:00	9.2700	9.2548	884
2026-08-28T11:34:00-04:00	9.2600	9.2548	793
2026-08-28T11:35:00-04:00	9.2750	9.2549	4559
2026-08-28T11:36:00-04:00	9.2800	9.2551	3900
2026-08-28T11:37:00-04:00	9.2600	9.2552	5861
2026-08-28T11:38:00-04:00	9.2700	9.2553	3233
2026-08-28T11:39:00-04:00	9.2731	9.2554	3012
2026-08-28T11:40:00-04:00	9.2600	9.2554	755
2026-08-28T11:41:00-04:00	9.2400	9.2553	2326
2026-08-28T11:42:00-04:00	9.2400	9.2550	15399
2026-08-28T11:43:00-04:00	9.2400	9.2548	6326
2026-08-28T11:44:00-04:00	9.2300	9.2547	1288
2026-08-28T11:45:00-04:00	9.2100	9.2545	4655
2026-08-28T11:46:00-04:00	9.2200	9.2540	6746
2026-08-28T11:47:00-04:00	9.2050	9.2536	5482
2026-08-28T11:48:00-04:00	9.2000	9.2531	6035
2026-08-28T11:49:00-04:00	9.2000	9.2529	2060
2026-08-28T11:50:00-04:00	9.2050	9.2523	9204
2026-08-28T11:51:00-04:00	9.1900	9.2517	6258
2026-08-28T11:52:00-04:00	9.1900	9.2515	2401
2026-08-28T11:53:00-04:00	9.1800	9.2511	3611
2026-08-28T11:54:00-04:00	9.1800	9.2508	2546
2026-08-28T11:55:00-04:00	9.1600	9.2503	3478
2026-08-28T11:56:00-04:00	9.1600	9.2495	5800
2026-08-28T11:57:00-04:00	9.1400	9.2484	7340
2026-08-28T11:58:00-04:00	9.1500	9.2480	2420
2026-08-28T11:59:00-04:00	9.1600	9.2475	4061
2026-08-28T12:00:00-04:00	9.1632	9.2471	2738
2026-08-28T12:01:00-04:00	9.1600	9.2467	3137
2026-08-28T12:02:00-04:00	9.1761	9.2466	1038
2026-08-28T12:03:00-04:00	9.1950	9.2461	6308
2026-08-28T12:04:00-04:00	9.1756	9.2457	4140
2026-08-28T12:05:00-04:00	9.1700	9.2450	5541
2026-08-28T12:07:00-04:00	9.1899	9.2449	1887
2026-08-28T12:08:00-04:00	9.1800	9.2448	1322
2026-08-28T12:09:00-04:00	9.1750	9.2444	3940
2026-08-28T12:10:00-04:00	9.1650	9.2438	5425
2026-08-28T12:11:00-04:00	9.1600	9.2436	1967
2026-08-28T12:12:00-04:00	9.1700	9.2434	1525
2026-08-28T12:13:00-04:00	9.1700	9.2433	1393
2026-08-28T12:14:00-04:00	9.1600	9.2429	3696
2026-08-28T12:15:00-04:00	9.1500	9.2424	3459
2026-08-28T12:16:00-04:00	9.1500	9.2423	1210
2026-08-28T12:17:00-04:00	9.1400	9.2420	1978
2026-08-28T12:18:00-04:00	9.1399	9.2417	2378
2026-08-28T12:19:00-04:00	9.1350	9.2415	842
2026-08-28T12:20:00-04:00	9.1350	9.2410	4143
2026-08-28T12:21:00-04:00	9.1300	9.2408	1022
2026-08-28T12:22:00-04:00	9.1100	9.2387	12875
2026-08-28T12:23:00-04:00	9.1100	9.2384	1717
2026-08-28T12:24:00-04:00	9.1100	9.2379	2538
2026-08-28T12:25:00-04:00	9.1100	9.2379	271
2026-08-28T12:26:00-04:00	9.1200	9.2373	3590
2026-08-28T12:27:00-04:00	9.1400	9.2369	3031
2026-08-28T12:28:00-04:00	9.1411	9.2366	2768
2026-08-28T12:29:00-04:00	9.1500	9.2364	1366
2026-08-28T12:30:00-04:00	9.1400	9.2358	4297
2026-08-28T12:31:00-04:00	9.1300	9.2356	1670
2026-08-28T12:32:00-04:00	9.1350	9.2354	2009
2026-08-28T12:33:00-04:00	9.1300	9.2349	3172
2026-08-28T12:34:00-04:00	9.1000	9.2344	3464
2026-08-28T12:35:00-04:00	9.0800	9.2320	12603
2026-08-28T12:36:00-04:00	9.1200	9.2300	12780
2026-08-28T12:38:00-04:00	9.1200	9.2297	2137
2026-08-28T12:39:00-04:00	9.1000	9.2291	3554
2026-08-28T12:40:00-04:00	9.1100	9.2290	1007
2026-08-28T12:41:00-04:00	9.0950	9.2288	990
2026-08-28T12:42:00-04:00	9.1000	9.2285	1858
2026-08-28T12:43:00-04:00	9.1150	9.2283	1500
2026-08-28T12:44:00-04:00	9.1000	9.2277	3920
2026-08-28T12:46:00-04:00	9.1000	9.2274	1821
2026-08-28T12:47:00-04:00	9.1300	9.2267	5176
2026-08-28T12:48:00-04:00	9.1500	9.2245	24836
2026-08-28T12:49:00-04:00	9.1400	9.2242	2761
2026-08-28T12:50:00-04:00	9.1400	9.2242	402
2026-08-28T12:51:00-04:00	9.1400	9.2240	1719
2026-08-28T12:52:00-04:00	9.1700	9.2237	3918
2026-08-28T12:53:00-04:00	9.1600	9.2237	1100
2026-08-28T12:54:00-04:00	9.1500	9.2231	6879
2026-08-28T12:55:00-04:00	9.1450	9.2229	2904
2026-08-28T12:56:00-04:00	9.1500	9.2227	1669
2026-08-28T12:57:00-04:00	9.1400	9.2226	1070
2026-08-28T12:58:00-04:00	9.1520	9.2226	229
2026-08-28T12:59:00-04:00	9.1400	9.2223	3787
2026-08-28T13:00:00-04:00	9.1100	9.2221	1453
2026-08-28T13:01:00-04:00	9.0950	9.2218	1649
2026-08-28T13:02:00-04:00	9.1177	9.2217	1031
2026-08-28T13:03:00-04:00	9.1150	9.2217	163
2026-08-28T13:04:00-04:00	9.1000	9.2212	4039
2026-08-28T13:06:00-04:00	9.0800	9.2208	2352
2026-08-28T13:07:00-04:00	9.0800	9.2205	2061
2026-08-28T13:08:00-04:00	9.1000	9.2201	2532
2026-08-28T13:09:00-04:00	9.1000	9.2200	724
2026-08-28T13:10:00-04:00	9.0200	9.2134	35081
2026-08-28T13:11:00-04:00	9.0200	9.2068	32954
2026-08-28T13:12:00-04:00	9.0300	9.2054	7553
2026-08-28T13:13:00-04:00	9.0450	9.2051	1423
2026-08-28T13:14:00-04:00	9.0500	9.2049	1572
2026-08-28T13:15:00-04:00	9.0473	9.2046	1976
2026-08-28T13:16:00-04:00	9.0200	9.2034	6204
2026-08-28T13:17:00-04:00	9.0300	9.2029	2883
2026-08-28T13:18:00-04:00	9.0300	9.2028	917
2026-08-28T13:19:00-04:00	9.0400	9.2024	2328
2026-08-28T13:20:00-04:00	9.0500	9.2007	10826
2026-08-28T13:21:00-04:00	9.0200	9.2000	4372
2026-08-28T13:22:00-04:00	9.0300	9.1995	2696
2026-08-28T13:23:00-04:00	9.0200	9.1985	6095
2026-08-28T13:24:00-04:00	9.0300	9.1860	78416
2026-08-28T13:25:00-04:00	9.0600	9.1857	2419
2026-08-28T13:27:00-04:00	9.0500	9.1856	1053
2026-08-28T13:28:00-04:00	9.0700	9.1851	4485
2026-08-28T13:29:00-04:00	9.0700	9.1848	2494
2026-08-28T13:30:00-04:00	9.0600	9.1845	2579
2026-08-28T13:31:00-04:00	9.0600	9.1843	1599
2026-08-28T13:32:00-04:00	9.0500	9.1842	1289
2026-08-28T13:33:00-04:00	9.0600	9.1837	3997
2026-08-28T13:34:00-04:00	9.0500	9.1835	1494
2026-08-28T13:35:00-04:00	9.0300	9.1827	6030
2026-08-28T13:36:00-04:00	9.0300	9.1826	1294
2026-08-28T13:37:00-04:00	9.0200	9.1819	4923
2026-08-28T13:38:00-04:00	9.0200	9.1817	1441
2026-08-28T13:40:00-04:00	9.0100	9.1815	831
2026-08-28T13:41:00-04:00	9.0200	9.1811	3017
2026-08-28T13:42:00-04:00	9.0300	9.1807	2917
2026-08-28T13:43:00-04:00	9.0200	9.1805	1557
2026-08-28T13:44:00-04:00	9.0200	9.1804	712
2026-08-28T13:45:00-04:00	9.0250	9.1801	1696
2026-08-28T13:46:00-04:00	9.0400	9.1799	1834
2026-08-28T13:47:00-04:00	9.0400	9.1797	1863
2026-08-28T13:49:00-04:00	9.0500	9.1793	2974
2026-08-28T13:50:00-04:00	9.0400	9.1787	5081
2026-08-28T13:51:00-04:00	9.0399	9.1787	455
2026-08-28T13:52:00-04:00	9.0328	9.1786	942
2026-08-28T13:53:00-04:00	9.0400	9.1785	550
2026-08-28T13:54:00-04:00	9.0400	9.1784	502
2026-08-28T13:55:00-04:00	9.0300	9.1778	4657
2026-08-28T13:56:00-04:00	9.0300	9.1770	6891
2026-08-28T13:57:00-04:00	9.0300	9.1769	790
2026-08-28T13:58:00-04:00	9.0400	9.1765	3539
2026-08-28T13:59:00-04:00	9.0400	9.1762	2295
2026-08-28T14:00:00-04:00	9.0450	9.1760	1228
2026-08-28T14:01:00-04:00	9.0400	9.1757	2848
2026-08-28T14:02:00-04:00	9.0200	9.1750	5527
2026-08-28T14:03:00-04:00	9.0200	9.1746	2898
2026-08-28T14:05:00-04:00	9.0300	9.1744	1908
2026-08-28T14:06:00-04:00	9.0300	9.1743	1007
2026-08-28T14:07:00-04:00	9.0200	9.1741	1575
2026-08-28T14:08:00-04:00	9.0250	9.1737	3029
2026-08-28T14:09:00-04:00	9.0300	9.1735	1790
2026-08-28T14:11:00-04:00	9.0300	9.1734	872
2026-08-28T14:12:00-04:00	9.0350	9.1731	2091
2026-08-28T14:13:00-04:00	9.0350	9.1728	2981
2026-08-28T14:14:00-04:00	9.0350	9.1723	4409
2026-08-28T14:15:00-04:00	9.0350	9.1721	1514
2026-08-28T14:16:00-04:00	9.0550	9.1715	5543
2026-08-28T14:17:00-04:00	9.0500	9.1709	5775
2026-08-28T14:18:00-04:00	9.0450	9.1705	3918
2026-08-28T14:19:00-04:00	9.0350	9.1703	2406
2026-08-28T14:20:00-04:00	9.0300	9.1700	2206
2026-08-28T14:21:00-04:00	9.0500	9.1698	2170
2026-08-28T14:22:00-04:00	9.0400	9.1698	521
2026-08-28T14:23:00-04:00	9.0350	9.1682	14382
2026-08-28T14:24:00-04:00	9.0400	9.1680	2135
2026-08-28T14:25:00-04:00	9.0451	9.1679	916
2026-08-28T14:26:00-04:00	9.0400	9.1677	2073
2026-08-28T14:28:00-04:00	9.0600	9.1675	2354
2026-08-28T14:29:00-04:00	9.0650	9.1673	1836
2026-08-28T14:30:00-04:00	9.0600	9.1670	3429
2026-08-28T14:31:00-04:00	9.0500	9.1669	850
2026-08-28T14:32:00-04:00	9.0400	9.1668	1004
2026-08-28T14:33:00-04:00	9.0450	9.1668	758
2026-08-28T14:34:00-04:00	9.0400	9.1664	3531
2026-08-28T14:35:00-04:00	9.0350	9.1663	1378
2026-08-28T14:36:00-04:00	9.0399	9.1660	2783
2026-08-28T14:37:00-04:00	9.0350	9.1658	1457
2026-08-28T14:38:00-04:00	9.0200	9.1655	2794
2026-08-28T14:39:00-04:00	9.0387	9.1654	1507
2026-08-28T14:40:00-04:00	9.0400	9.1652	1485
2026-08-28T14:41:00-04:00	9.0400	9.1652	744
2026-08-28T14:42:00-04:00	9.0350	9.1651	980
2026-08-28T14:43:00-04:00	9.0350	9.1649	1408
2026-08-28T14:44:00-04:00	9.0350	9.1649	539
2026-08-28T14:45:00-04:00	9.0250	9.1644	4071
2026-08-28T14:46:00-04:00	9.0250	9.1644	514
2026-08-28T14:47:00-04:00	9.0250	9.1642	1317
2026-08-28T14:48:00-04:00	9.0200	9.1638	3845
2026-08-28T14:49:00-04:00	9.0250	9.1634	3133
2026-08-28T14:50:00-04:00	9.0250	9.1633	1178
2026-08-28T14:51:00-04:00	9.0200	9.1633	324
2026-08-28T14:52:00-04:00	9.0200	9.1631	1291
2026-08-28T14:53:00-04:00	9.0050	9.1606	21946
2026-08-28T14:54:00-04:00	9.0050	9.1604	1563
2026-08-28T14:55:00-04:00	8.9951	9.1579	20606
2026-08-28T14:56:00-04:00	8.9950	9.1574	4294
2026-08-28T14:57:00-04:00	8.9950	9.1573	469
2026-08-28T14:58:00-04:00	9.0050	9.1556	14667
2026-08-28T14:59:00-04:00	9.0000	9.1556	233
2026-08-28T15:00:00-04:00	8.9900	9.1550	4863
2026-08-28T15:01:00-04:00	8.9950	9.1548	1368
2026-08-28T15:02:00-04:00	8.9954	9.1542	5107
2026-08-28T15:03:00-04:00	8.9999	9.1540	1452
2026-08-28T15:04:00-04:00	8.9900	9.1532	7360
2026-08-28T15:05:00-04:00	9.0000	9.1524	6702
2026-08-28T15:06:00-04:00	9.0000	9.1523	783
2026-08-28T15:07:00-04:00	9.0050	9.1522	1503
2026-08-28T15:08:00-04:00	9.0100	9.1519	2113
2026-08-28T15:09:00-04:00	9.0150	9.1517	1983
2026-08-28T15:10:00-04:00	9.0100	9.1515	2299
2026-08-28T15:11:00-04:00	9.0100	9.1513	2131
2026-08-28T15:12:00-04:00	9.0100	9.1512	1325
2026-08-28T15:13:00-04:00	9.0150	9.1511	1031
2026-08-28T15:14:00-04:00	9.0150	9.1509	1506
2026-08-28T15:15:00-04:00	9.0050	9.1503	5889
2026-08-28T15:16:00-04:00	9.0050	9.1501	2302
2026-08-28T15:17:00-04:00	9.0000	9.1497	3369
2026-08-28T15:18:00-04:00	9.0100	9.1493	4432
2026-08-28T15:19:00-04:00	9.0100	9.1492	316
2026-08-28T15:20:00-04:00	9.0102	9.1491	1479
2026-08-28T15:21:00-04:00	9.0300	9.1489	2631
2026-08-28T15:22:00-04:00	9.0100	9.1477	12795
2026-08-28T15:23:00-04:00	9.0200	9.1474	3121
2026-08-28T15:24:00-04:00	9.0250	9.1472	1756
2026-08-28T15:25:00-04:00	9.0300	9.1470	2217
2026-08-28T15:26:00-04:00	9.0450	9.1469	2077
2026-08-28T15:27:00-04:00	9.0450	9.1468	2063
2026-08-28T15:28:00-04:00	9.0500	9.1466	1964
2026-08-28T15:29:00-04:00	9.0450	9.1465	1507
2026-08-28T15:30:00-04:00	9.0300	9.1453	15915
2026-08-28T15:31:00-04:00	9.0350	9.1452	1357
2026-08-28T15:32:00-04:00	9.0300	9.1447	6201
2026-08-28T15:33:00-04:00	9.0200	9.1441	6778
2026-08-28T15:34:00-04:00	9.0150	9.1440	681
2026-08-28T15:35:00-04:00	9.0450	9.1431	12545
2026-08-28T15:36:00-04:00	9.0500	9.1430	1877
2026-08-28T15:37:00-04:00	9.0300	9.1426	6397
2026-08-28T15:38:00-04:00	9.0350	9.1421	5397
2026-08-28T15:39:00-04:00	9.0200	9.1418	3765
2026-08-28T15:40:00-04:00	9.0250	9.1414	5015
2026-08-28T15:41:00-04:00	9.0250	9.1413	2286
2026-08-28T15:42:00-04:00	9.0250	9.1411	2421
2026-08-28T15:43:00-04:00	9.0450	9.1408	3932
2026-08-28T15:44:00-04:00	9.0350	9.1402	8765
2026-08-28T15:45:00-04:00	9.0250	9.1398	5811
2026-08-28T15:46:00-04:00	9.0200	9.1393	6633
2026-08-28T15:47:00-04:00	9.0299	9.1387	8278
2026-08-28T15:48:00-04:00	9.0400	9.1382	6705
2026-08-28T15:49:00-04:00	9.0300	9.1371	16613
2026-08-28T15:50:00-04:00	9.0050	9.1352	23969
2026-08-28T15:51:00-04:00	8.9850	9.1331	22986
2026-08-28T15:52:00-04:00	9.0049	9.1323	10049
2026-08-28T15:53:00-04:00	8.9851	9.1312	12217
2026-08-28T15:54:00-04:00	9.0010	9.1300	14823
2026-08-28T15:55:00-04:00	8.9800	9.1285	18219
2026-08-28T15:56:00-04:00	8.9850	9.1269	19022
2026-08-28T15:57:00-04:00	8.9850	9.1256	15247
2026-08-28T15:58:00-04:00	8.9650	9.1205	56288
2026-08-28T15:59:00-04:00	8.9600	9.1154	60255
2026-08-31T09:30:00-04:00	9.0300	9.0017	43664
2026-08-31T09:31:00-04:00	9.0700	9.0096	7105
2026-08-31T09:32:00-04:00	9.2000	9.0343	7490
2026-08-31T09:33:00-04:00	9.1400	9.0733	25215
2026-08-31T09:34:00-04:00	9.1240	9.0751	2407
2026-08-31T09:35:00-04:00	9.0900	9.0756	2156
2026-08-31T09:36:00-04:00	9.0700	9.0754	4659
2026-08-31T09:37:00-04:00	9.0600	9.0751	2402
2026-08-31T09:38:00-04:00	9.0500	9.0736	8956
2026-08-31T09:39:00-04:00	9.0600	9.0734	1244
2026-08-31T09:40:00-04:00	9.0550	9.0723	5508
2026-08-31T09:41:00-04:00	9.0400	9.0667	12470
2026-08-31T09:42:00-04:00	9.0450	9.0652	5253
2026-08-31T09:43:00-04:00	9.0600	9.0647	3151
2026-08-31T09:44:00-04:00	9.0986	9.0656	6330
2026-08-31T09:45:00-04:00	9.0600	9.0648	7130
2026-08-31T09:46:00-04:00	9.0100	9.0635	4216
2026-08-31T09:47:00-04:00	9.0350	9.0629	2464
2026-08-31T09:48:00-04:00	9.0650	9.0629	1569
2026-08-31T09:49:00-04:00	9.0450	9.0628	5329
2026-08-31T09:50:00-04:00	9.0182	9.0615	5064
2026-08-31T09:51:00-04:00	9.0350	9.0611	1999
2026-08-31T09:52:00-04:00	9.1000	9.0614	3492
2026-08-31T09:53:00-04:00	9.0800	9.0615	1362
2026-08-31T09:54:00-04:00	9.0500	9.0615	2659
2026-08-31T09:55:00-04:00	9.0650	9.0614	4290
2026-08-31T09:56:00-04:00	9.0600	9.0614	2418
2026-08-31T09:57:00-04:00	9.0600	9.0614	1295
2026-08-31T09:58:00-04:00	9.0650	9.0613	9802
2026-08-31T09:59:00-04:00	9.0600	9.0613	1744
2026-08-31T10:00:00-04:00	9.0400	9.0611	2857
2026-08-31T10:01:00-04:00	9.0500	9.0610	2123
2026-08-31T10:02:00-04:00	9.0750	9.0610	2449
2026-08-31T10:03:00-04:00	9.0500	9.0609	5503
2026-08-31T10:04:00-04:00	9.0600	9.0607	4982
2026-08-31T10:05:00-04:00	9.0800	9.0617	18241
2026-08-31T10:06:00-04:00	9.0300	9.0613	4214
2026-08-31T10:07:00-04:00	9.0600	9.0606	9550
2026-08-31T10:08:00-04:00	9.0900	9.0608	1930
2026-08-31T10:09:00-04:00	9.0800	9.0612	4778
2026-08-31T10:10:00-04:00	9.0900	9.0616	3570
2026-08-31T10:11:00-04:00	9.0950	9.0621	3156
2026-08-31T10:12:00-04:00	9.0800	9.0622	1899
2026-08-31T10:13:00-04:00	9.0600	9.0624	3443
2026-08-31T10:14:00-04:00	9.0900	9.0627	3563
2026-08-31T10:15:00-04:00	9.0900	9.0629	1862
2026-08-31T10:16:00-04:00	9.1300	9.0644	7492
2026-08-31T10:17:00-04:00	9.1698	9.0664	5944
2026-08-31T10:18:00-04:00	9.2100	9.0748	18881
2026-08-31T10:19:00-04:00	9.1600	9.0767	5672
2026-08-31T10:20:00-04:00	9.0700	9.0773	8341
2026-08-31T10:21:00-04:00	9.1000	9.0775	6369
2026-08-31T10:22:00-04:00	9.1000	9.0777	2121
2026-08-31T10:23:00-04:00	9.1100	9.0784	9174
2026-08-31T10:24:00-04:00	9.0900	9.0788	7828
2026-08-31T10:25:00-04:00	9.0750	9.0788	1176
2026-08-31T10:26:00-04:00	9.0600	9.0787	1719
2026-08-31T10:27:00-04:00	9.0599	9.0785	2651
2026-08-31T10:28:00-04:00	9.0700	9.0784	3489
2026-08-31T10:29:00-04:00	9.0500	9.0783	1597
2026-08-31T10:30:00-04:00	9.0500	9.0782	1427
2026-08-31T10:31:00-04:00	9.0700	9.0781	2375
2026-08-31T10:32:00-04:00	9.0600	9.0780	1714
2026-08-31T10:33:00-04:00	9.0600	9.0779	2161
2026-08-31T10:34:00-04:00	9.0600	9.0777	3554
2026-08-31T10:35:00-04:00	9.0700	9.0775	5344
2026-08-31T10:36:00-04:00	9.0600	9.0775	2129
2026-08-31T10:37:00-04:00	9.0600	9.0774	977
2026-08-31T10:38:00-04:00	9.0600	9.0773	2741
2026-08-31T10:39:00-04:00	9.0600	9.0771	2691
2026-08-31T10:40:00-04:00	9.0600	9.0770	2100
2026-08-31T10:41:00-04:00	9.0700	9.0770	12539
2026-08-31T10:42:00-04:00	9.0700	9.0769	3585
2026-08-31T10:43:00-04:00	9.0800	9.0769	1424
2026-08-31T10:44:00-04:00	9.0400	9.0749	29646
2026-08-31T10:45:00-04:00	9.0700	9.0747	8719
2026-08-31T10:46:00-04:00	9.1000	9.0748	1535
2026-08-31T10:47:00-04:00	9.0500	9.0747	5468
2026-08-31T10:48:00-04:00	9.0500	9.0746	1707
2026-08-31T10:49:00-04:00	9.0350	9.0745	1968
2026-08-31T10:50:00-04:00	9.0500	9.0744	1014
2026-08-31T10:51:00-04:00	9.0700	9.0743	3610
2026-08-31T10:52:00-04:00	9.0650	9.0743	3039
2026-08-31T10:53:00-04:00	9.0300	9.0738	5899
2026-08-31T10:54:00-04:00	9.0400	9.0735	3997
2026-08-31T10:55:00-04:00	9.0400	9.0734	790
2026-08-31T10:56:00-04:00	9.0600	9.0734	2022
2026-08-31T10:57:00-04:00	9.0400	9.0732	2214
2026-08-31T10:58:00-04:00	9.0370	9.0731	1744
2026-08-31T10:59:00-04:00	9.0200	9.0729	1737
2026-08-31T11:00:00-04:00	9.0300	9.0726	2859
2026-08-31T11:01:00-04:00	9.0000	9.0715	7750
2026-08-31T11:02:00-04:00	9.0000	9.0714	672
2026-08-31T11:03:00-04:00	8.9900	9.0704	6025
2026-08-31T11:04:00-04:00	8.9800	9.0701	1536
2026-08-31T11:05:00-04:00	8.9800	9.0700	833
2026-08-31T11:06:00-04:00	8.9750	9.0695	2116
2026-08-31T11:07:00-04:00	8.9500	9.0671	11145
2026-08-31T11:08:00-04:00	8.9400	9.0650	8517
2026-08-31T11:09:00-04:00	8.9403	9.0641	3673
2026-08-31T11:10:00-04:00	8.9396	9.0636	2173
2026-08-31T11:11:00-04:00	8.9552	9.0624	5630
2026-08-31T11:12:00-04:00	8.9503	9.0612	5487
2026-08-31T11:13:00-04:00	8.9550	9.0606	3037
2026-08-31T11:14:00-04:00	8.9500	9.0602	1855
2026-08-31T11:15:00-04:00	8.9500	9.0594	4180
2026-08-31T11:16:00-04:00	8.9400	9.0583	5052
2026-08-31T11:17:00-04:00	8.9400	9.0576	3215
2026-08-31T11:18:00-04:00	8.9500	9.0570	2737
2026-08-31T11:19:00-04:00	8.9550	9.0567	1650
2026-08-31T11:20:00-04:00	8.9650	9.0560	4002
2026-08-31T11:21:00-04:00	8.9650	9.0556	2488
2026-08-31T11:22:00-04:00	8.9600	9.0549	4295
2026-08-31T11:23:00-04:00	8.9650	9.0543	3732
2026-08-31T11:24:00-04:00	8.9850	9.0541	1782
2026-08-31T11:25:00-04:00	8.9950	9.0538	2216
2026-08-31T11:26:00-04:00	8.9950	9.0533	4647
2026-08-31T11:27:00-04:00	9.0000	9.0528	6042
2026-08-31T11:28:00-04:00	8.9850	9.0524	3238
2026-08-31T11:29:00-04:00	8.9750	9.0522	1814
2026-08-31T11:30:00-04:00	8.9700	9.0520	1455
2026-08-31T11:31:00-04:00	8.9600	9.0513	4358
2026-08-31T11:32:00-04:00	8.9751	9.0506	5062
2026-08-31T11:33:00-04:00	8.9750	9.0505	515
2026-08-31T11:34:00-04:00	8.9600	9.0498	5160
2026-08-31T11:35:00-04:00	8.9400	9.0488	5501
2026-08-31T11:36:00-04:00	8.9750	9.0483	3656
2026-08-31T11:37:00-04:00	8.9700	9.0478	3670
2026-08-31T11:38:00-04:00	8.9600	9.0475	2613
2026-08-31T11:40:00-04:00	8.9600	9.0470	3473
2026-08-31T11:41:00-04:00	8.9600	9.0466	2353
2026-08-31T11:42:00-04:00	8.9800	9.0463	2774
2026-08-31T11:43:00-04:00	9.0000	9.0460	3174
2026-08-31T11:44:00-04:00	8.9850	9.0456	4839
2026-08-31T11:45:00-04:00	8.9800	9.0455	1155
2026-08-31T11:46:00-04:00	8.9900	9.0453	1710
2026-08-31T11:47:00-04:00	8.9950	9.0452	1476
2026-08-31T11:48:00-04:00	8.9850	9.0449	3365
2026-08-31T11:49:00-04:00	8.9850	9.0447	2585
2026-08-31T11:50:00-04:00	8.9800	9.0439	8818
2026-08-31T11:51:00-04:00	8.9900	9.0438	655
2026-08-31T11:52:00-04:00	9.0050	9.0434	6903
2026-08-31T11:53:00-04:00	9.0150	9.0433	2927
2026-08-31T11:54:00-04:00	9.0100	9.0432	2534
2026-08-31T11:55:00-04:00	9.0000	9.0430	3141
2026-08-31T11:56:00-04:00	9.0050	9.0426	6305
2026-08-31T11:57:00-04:00	9.0000	9.0425	2404
2026-08-31T11:58:00-04:00	8.9900	9.0425	356
2026-08-31T11:59:00-04:00	8.9900	9.0423	1838
2026-08-31T12:00:00-04:00	9.0300	9.0419	10062
2026-08-31T12:01:00-04:00	9.0100	9.0418	3983
2026-08-31T12:02:00-04:00	9.0300	9.0417	6086
2026-08-31T12:03:00-04:00	9.0300	9.0416	3471
2026-08-31T12:04:00-04:00	9.0350	9.0416	2030
2026-08-31T12:05:00-04:00	9.0300	9.0415	4525
2026-08-31T12:06:00-04:00	9.0250	9.0415	111
2026-08-31T12:07:00-04:00	9.0150	9.0414	2910
2026-08-31T12:08:00-04:00	9.0100	9.0413	2757
2026-08-31T12:09:00-04:00	9.0000	9.0412	1770
2026-08-31T12:10:00-04:00	9.0200	9.0411	3650
2026-08-31T12:11:00-04:00	9.0214	9.0410	3464
2026-08-31T12:12:00-04:00	9.0400	9.0410	976
2026-08-31T12:13:00-04:00	9.0300	9.0409	2743
2026-08-31T12:14:00-04:00	9.0300	9.0409	761
2026-08-31T12:15:00-04:00	9.0300	9.0409	2681
2026-08-31T12:16:00-04:00	9.0350	9.0409	585
2026-08-31T12:17:00-04:00	9.0200	9.0408	2749
2026-08-31T12:18:00-04:00	9.0200	9.0408	2037
2026-08-31T12:19:00-04:00	9.0200	9.0407	1400
2026-08-31T12:20:00-04:00	9.0250	9.0407	434
2026-08-31T12:21:00-04:00	9.0300	9.0407	4951
2026-08-31T12:22:00-04:00	9.0150	9.0405	4666
2026-08-31T12:23:00-04:00	9.0200	9.0404	4594
2026-08-31T12:24:00-04:00	9.0250	9.0404	1291
2026-08-31T12:25:00-04:00	9.0450	9.0404	3358
2026-08-31T12:26:00-04:00	9.0450	9.0404	1405
2026-08-31T12:27:00-04:00	9.0300	9.0403	2695
2026-08-31T12:28:00-04:00	9.0400	9.0403	2831
2026-08-31T12:29:00-04:00	9.0562	9.0404	3643
2026-08-31T12:30:00-04:00	9.0400	9.0404	3873
2026-08-31T12:31:00-04:00	9.0400	9.0404	977
2026-08-31T12:32:00-04:00	9.0350	9.0404	1972
2026-08-31T12:33:00-04:00	9.0350	9.0404	1280
2026-08-31T12:34:00-04:00	9.0200	9.0403	4411
2026-08-31T12:35:00-04:00	9.0100	9.0403	794
2026-08-31T12:36:00-04:00	9.0250	9.0402	3077
2026-08-31T12:37:00-04:00	9.0200	9.0401	1737
2026-08-31T12:38:00-04:00	9.0150	9.0401	1058
2026-08-31T12:40:00-04:00	9.0150	9.0401	1495
2026-08-31T12:41:00-04:00	9.0300	9.0400	2919
2026-08-31T12:42:00-04:00	9.0300	9.0400	3766
2026-08-31T12:43:00-04:00	9.0400	9.0400	2564
2026-08-31T12:44:00-04:00	9.0750	9.0406	18943
2026-08-31T12:45:00-04:00	9.1100	9.0414	11501
2026-08-31T12:46:00-04:00	9.1000	9.0415	1819
2026-08-31T12:47:00-04:00	9.1100	9.0416	853
2026-08-31T12:48:00-04:00	9.0900	9.0417	2059
2026-08-31T12:49:00-04:00	9.1350	9.0432	14486
2026-08-31T12:50:00-04:00	9.1350	9.0433	982
2026-08-31T12:51:00-04:00	9.1450	9.0435	2386
2026-08-31T12:52:00-04:00	9.1400	9.0437	1191
2026-08-31T12:53:00-04:00	9.1401	9.0439	2018
2026-08-31T12:54:00-04:00	9.1450	9.0441	1356
2026-08-31T12:55:00-04:00	9.1050	9.0449	10005
2026-08-31T12:56:00-04:00	9.1000	9.0456	10906
2026-08-31T12:57:00-04:00	9.1000	9.0457	546
2026-08-31T12:58:00-04:00	9.1000	9.0468	19896
2026-08-31T12:59:00-04:00	9.1099	9.0469	441
2026-08-31T13:00:00-04:00	9.1000	9.0470	1454
2026-08-31T13:01:00-04:00	9.0900	9.0470	973
2026-08-31T13:02:00-04:00	9.0800	9.0471	1260
2026-08-31T13:03:00-04:00	9.0900	9.0471	436
2026-08-31T13:04:00-04:00	9.0750	9.0472	2902
2026-08-31T13:05:00-04:00	9.0500	9.0472	3763
2026-08-31T13:06:00-04:00	9.0300	9.0472	3511
2026-08-31T13:07:00-04:00	9.0500	9.0472	2457
2026-08-31T13:08:00-04:00	9.0650	9.0472	1102
2026-08-31T13:09:00-04:00	9.0650	9.0472	632
2026-08-31T13:10:00-04:00	9.0600	9.0472	1607
2026-08-31T13:11:00-04:00	9.0650	9.0472	433
2026-08-31T13:12:00-04:00	9.0650	9.0472	1256
2026-08-31T13:13:00-04:00	9.0750	9.0473	2907
2026-08-31T13:14:00-04:00	9.0700	9.0474	2740
2026-08-31T13:15:00-04:00	9.0600	9.0474	2382
2026-08-31T13:17:00-04:00	9.0600	9.0474	2187
2026-08-31T13:18:00-04:00	9.0450	9.0475	2651
2026-08-31T13:19:00-04:00	9.0400	9.0474	1476
2026-08-31T13:20:00-04:00	9.0200	9.0474	461
2026-08-31T13:21:00-04:00	9.0300	9.0474	1935
2026-08-31T13:22:00-04:00	9.0200	9.0474	587
2026-08-31T13:23:00-04:00	9.0200	9.0473	1996
2026-08-31T13:24:00-04:00	9.0186	9.0472	4866
2026-08-31T13:25:00-04:00	9.0100	9.0471	2191
2026-08-31T13:26:00-04:00	9.0100	9.0470	1818
2026-08-31T13:27:00-04:00	9.0150	9.0470	366
2026-08-31T13:28:00-04:00	9.0200	9.0470	1839
2026-08-31T13:29:00-04:00	8.9800	9.0465	8439
2026-08-31T13:30:00-04:00	8.9850	9.0459	7926
2026-08-31T13:32:00-04:00	9.0050	9.0458	3345
2026-08-31T13:33:00-04:00	9.0050	9.0457	642
2026-08-31T13:34:00-04:00	9.0000	9.0456	2777
2026-08-31T13:35:00-04:00	9.0150	9.0456	1547
2026-08-31T13:36:00-04:00	9.0000	9.0455	2577
2026-08-31T13:37:00-04:00	9.0050	9.0454	674
2026-08-31T13:39:00-04:00	8.9950	9.0453	2497
2026-08-31T13:40:00-04:00	9.0000	9.0452	2039
2026-08-31T13:41:00-04:00	9.0100	9.0452	1083
2026-08-31T13:42:00-04:00	9.0000	9.0451	681
2026-08-31T13:43:00-04:00	9.0100	9.0451	1231
2026-08-31T13:44:00-04:00	9.0150	9.0450	2639
2026-08-31T13:45:00-04:00	9.0150	9.0450	1503
2026-08-31T13:46:00-04:00	9.0450	9.0449	3971
2026-08-31T13:47:00-04:00	9.0400	9.0449	2219
2026-08-31T13:48:00-04:00	9.0400	9.0449	987
2026-08-31T13:49:00-04:00	9.0450	9.0449	949
2026-08-31T13:50:00-04:00	9.0650	9.0450	2593
2026-08-31T13:51:00-04:00	9.0700	9.0451	3084
2026-08-31T13:52:00-04:00	9.0682	9.0451	767
2026-08-31T13:53:00-04:00	9.0600	9.0451	3637
2026-08-31T13:54:00-04:00	9.0700	9.0451	219
2026-08-31T13:55:00-04:00	9.0600	9.0452	1689
2026-08-31T13:56:00-04:00	9.0650	9.0452	478
2026-08-31T13:57:00-04:00	9.0600	9.0452	1808
2026-08-31T13:58:00-04:00	9.0750	9.0453	4406
2026-08-31T13:59:00-04:00	9.0700	9.0455	6787
2026-08-31T14:00:00-04:00	9.0750	9.0455	1578
2026-08-31T14:01:00-04:00	9.0750	9.0455	1094
2026-08-31T14:02:00-04:00	9.0750	9.0457	6363
2026-08-31T14:03:00-04:00	9.0800	9.0457	1302
2026-08-31T14:04:00-04:00	9.0800	9.0458	3136
2026-08-31T14:06:00-04:00	9.0700	9.0459	3808
2026-08-31T14:07:00-04:00	9.0950	9.0461	3279
2026-08-31T14:08:00-04:00	9.0900	9.0461	2061
2026-08-31T14:09:00-04:00	9.0800	9.0465	9957
2026-08-31T14:10:00-04:00	9.0800	9.0465	921
2026-08-31T14:11:00-04:00	9.0800	9.0466	1701
2026-08-31T14:12:00-04:00	9.0819	9.0466	969
2026-08-31T14:13:00-04:00	9.0750	9.0466	2115
2026-08-31T14:14:00-04:00	9.0800	9.0468	4196
2026-08-31T14:15:00-04:00	9.0850	9.0468	818
2026-08-31T14:16:00-04:00	9.0850	9.0472	10691
2026-08-31T14:17:00-04:00	9.0800	9.0472	1247
2026-08-31T14:18:00-04:00	9.0700	9.0472	772
2026-08-31T14:19:00-04:00	9.0600	9.0473	3114
2026-08-31T14:20:00-04:00	9.0600	9.0473	741
2026-08-31T14:21:00-04:00	9.0600	9.0473	649
2026-08-31T14:22:00-04:00	9.0450	9.0473	3081
2026-08-31T14:23:00-04:00	9.0400	9.0473	1009
2026-08-31T14:24:00-04:00	9.0200	9.0473	2025
2026-08-31T14:25:00-04:00	9.0300	9.0472	620
2026-08-31T14:26:00-04:00	9.0300	9.0472	345
2026-08-31T14:27:00-04:00	9.0400	9.0472	6123
2026-08-31T14:28:00-04:00	9.0500	9.0472	1173
2026-08-31T14:29:00-04:00	9.0900	9.0474	7434
2026-08-31T14:30:00-04:00	9.1000	9.0474	1017
2026-08-31T14:31:00-04:00	9.0950	9.0474	882
2026-08-31T14:32:00-04:00	9.0900	9.0475	1081
2026-08-31T14:33:00-04:00	9.0999	9.0476	2120
2026-08-31T14:34:00-04:00	9.0900	9.0478	6471
2026-08-31T14:35:00-04:00	9.0950	9.0479	1677
2026-08-31T14:36:00-04:00	9.0909	9.0480	1721
2026-08-31T14:37:00-04:00	9.1200	9.0492	20620
2026-08-31T14:38:00-04:00	9.1100	9.0493	2214
2026-08-31T14:39:00-04:00	9.1300	9.0496	4957
2026-08-31T14:40:00-04:00	9.1350	9.0498	1423
2026-08-31T14:41:00-04:00	9.1200	9.0504	10723
2026-08-31T14:42:00-04:00	9.1100	9.0505	666
2026-08-31T14:43:00-04:00	9.1000	9.0506	2207
2026-08-31T14:44:00-04:00	9.1000	9.0507	2796
2026-08-31T14:45:00-04:00	9.0900	9.0507	1417
2026-08-31T14:46:00-04:00	9.0850	9.0508	1795
2026-08-31T14:47:00-04:00	9.0700	9.0509	4746
2026-08-31T14:48:00-04:00	9.0600	9.0510	5622
2026-08-31T14:49:00-04:00	9.0500	9.0510	1990
2026-08-31T14:50:00-04:00	9.0550	9.0510	3418
2026-08-31T14:51:00-04:00	9.0650	9.0510	4738
2026-08-31T14:52:00-04:00	9.0600	9.0510	2238
2026-08-31T14:53:00-04:00	9.0500	9.0510	6336
2026-08-31T14:54:00-04:00	9.0401	9.0510	7641
2026-08-31T14:55:00-04:00	9.0400	9.0510	1512
2026-08-31T14:56:00-04:00	9.0400	9.0509	2647
2026-08-31T14:57:00-04:00	9.0600	9.0509	2329
2026-08-31T14:58:00-04:00	9.0400	9.0509	5080
2026-08-31T14:59:00-04:00	9.0300	9.0509	3813
2026-08-31T15:00:00-04:00	9.0297	9.0508	2939
2026-08-31T15:01:00-04:00	9.0400	9.0508	5376
2026-08-31T15:02:00-04:00	9.0300	9.0507	4502
2026-08-31T15:03:00-04:00	9.0300	9.0506	3793
2026-08-31T15:05:00-04:00	9.0300	9.0506	1251
2026-08-31T15:06:00-04:00	9.0300	9.0505	3723
2026-08-31T15:08:00-04:00	9.0400	9.0505	7628
2026-08-31T15:09:00-04:00	9.0400	9.0505	515
2026-08-31T15:10:00-04:00	9.0350	9.0504	2925
2026-08-31T15:11:00-04:00	9.0399	9.0504	983
2026-08-31T15:12:00-04:00	9.0300	9.0504	2948
2026-08-31T15:13:00-04:00	9.0300	9.0504	722
2026-08-31T15:14:00-04:00	9.0400	9.0504	3074
2026-08-31T15:15:00-04:00	9.0400	9.0503	1136
2026-08-31T15:16:00-04:00	9.0441	9.0503	10228
2026-08-31T15:17:00-04:00	9.0450	9.0502	2099
2026-08-31T15:18:00-04:00	9.0459	9.0502	5282
2026-08-31T15:19:00-04:00	9.0450	9.0502	620
2026-08-31T15:20:00-04:00	9.0600	9.0503	5178
2026-08-31T15:21:00-04:00	9.0600	9.0504	10818
2026-08-31T15:22:00-04:00	9.0550	9.0504	2212
2026-08-31T15:23:00-04:00	9.0650	9.0505	3617
2026-08-31T15:24:00-04:00	9.0650	9.0505	1961
2026-08-31T15:25:00-04:00	9.0650	9.0505	4072
2026-08-31T15:26:00-04:00	9.0550	9.0505	3809
2026-08-31T15:27:00-04:00	9.0550	9.0506	11741
2026-08-31T15:29:00-04:00	9.0550	9.0506	4191
2026-08-31T15:30:00-04:00	9.0650	9.0507	7352
2026-08-31T15:31:00-04:00	9.0600	9.0507	2881
2026-08-31T15:32:00-04:00	9.0750	9.0508	6396
2026-08-31T15:33:00-04:00	9.0900	9.0511	10826
2026-08-31T15:34:00-04:00	9.0900	9.0512	2767
2026-08-31T15:35:00-04:00	9.0950	9.0514	7667
2026-08-31T15:36:00-04:00	9.0950	9.0516	6559
2026-08-31T15:37:00-04:00	9.0950	9.0516	539
2026-08-31T15:38:00-04:00	9.0850	9.0517	3935
2026-08-31T15:39:00-04:00	9.0700	9.0519	7657
2026-08-31T15:40:00-04:00	9.0700	9.0521	14931
2026-08-31T15:41:00-04:00	9.0700	9.0521	632
2026-08-31T15:42:00-04:00	9.0650	9.0521	3839
2026-08-31T15:43:00-04:00	9.0550	9.0523	17996
2026-08-31T15:44:00-04:00	9.0550	9.0523	3342
2026-08-31T15:45:00-04:00	9.0350	9.0522	8457
2026-08-31T15:46:00-04:00	9.0350	9.0521	4316
2026-08-31T15:47:00-04:00	9.0300	9.0520	7978
2026-08-31T15:48:00-04:00	9.0250	9.0519	5086
2026-08-31T15:49:00-04:00	9.0450	9.0519	9428
2026-08-31T15:50:00-04:00	9.0700	9.0520	17572
2026-08-31T15:51:00-04:00	9.0550	9.0520	18056
2026-08-31T15:52:00-04:00	9.0650	9.0521	10995
2026-08-31T15:53:00-04:00	9.0900	9.0523	12333
2026-08-31T15:54:00-04:00	9.1000	9.0527	12697
2026-08-31T15:55:00-04:00	9.1050	9.0533	17853
2026-08-31T15:56:00-04:00	9.1080	9.0542	33050
2026-08-31T15:57:00-04:00	9.1250	9.0560	45320
2026-08-31T15:58:00-04:00	9.0850	9.0569	36335
2026-08-31T15:59:00-04:00	9.0800	9.0580	69840
2026-09-01T09:30:00-04:00	8.8600	8.8133	88645
2026-09-01T09:31:00-04:00	8.8900	8.8169	3751
2026-09-01T09:32:00-04:00	8.9550	8.8251	6233
2026-09-01T09:33:00-04:00	8.8701	8.8320	10865
2026-09-01T09:34:00-04:00	8.9300	8.8404	11989
2026-09-01T09:35:00-04:00	8.8900	8.8418	3045
2026-09-01T09:36:00-04:00	8.8000	8.8393	9929
2026-09-01T09:37:00-04:00	8.7603	8.8365	5637
2026-09-01T09:38:00-04:00	8.6800	8.8156	25719
2026-09-01T09:39:00-04:00	8.7300	8.8146	1723
2026-09-01T09:40:00-04:00	8.6668	8.8061	12047
2026-09-01T09:41:00-04:00	8.6232	8.7932	14894
2026-09-01T09:42:00-04:00	8.6750	8.7757	29314
2026-09-01T09:43:00-04:00	8.7000	8.7750	1969
2026-09-01T09:44:00-04:00	8.6850	8.7717	9228
2026-09-01T09:45:00-04:00	8.7100	8.7712	1998
2026-09-01T09:46:00-04:00	8.6850	8.7689	6994
2026-09-01T09:47:00-04:00	8.7150	8.7683	2522
2026-09-01T09:48:00-04:00	8.7200	8.7680	1622
2026-09-01T09:49:00-04:00	8.7150	8.7662	9014
2026-09-01T09:50:00-04:00	8.7000	8.7654	3483
2026-09-01T09:51:00-04:00	8.7100	8.7645	4070
2026-09-01T09:52:00-04:00	8.7100	8.7643	1093
2026-09-01T09:53:00-04:00	8.7192	8.7637	3085
2026-09-01T09:54:00-04:00	8.6950	8.7591	18874
2026-09-01T09:55:00-04:00	8.7300	8.7588	1803
2026-09-01T09:56:00-04:00	8.7650	8.7587	1963
2026-09-01T09:57:00-04:00	8.7650	8.7588	3498
2026-09-01T09:58:00-04:00	8.7600	8.7587	4424
2026-09-01T09:59:00-04:00	8.7400	8.7584	7210
2026-09-01T10:00:00-04:00	8.6801	8.7573	5845
2026-09-01T10:01:00-04:00	8.7150	8.7572	744
2026-09-01T10:02:00-04:00	8.7200	8.7569	2924
2026-09-01T10:03:00-04:00	8.7600	8.7568	3275
2026-09-01T10:04:00-04:00	8.7600	8.7569	4202
2026-09-01T10:05:00-04:00	8.7100	8.7564	6179
2026-09-01T10:06:00-04:00	8.7400	8.7563	1207
2026-09-01T10:07:00-04:00	8.7600	8.7562	1948
2026-09-01T10:08:00-04:00	8.7300	8.7560	4063
2026-09-01T10:09:00-04:00	8.7200	8.7552	6171
2026-09-01T10:10:00-04:00	8.7300	8.7544	10082
2026-09-01T10:11:00-04:00	8.6700	8.7527	9742
2026-09-01T10:12:00-04:00	8.6900	8.7518	5001
2026-09-01T10:13:00-04:00	8.6999	8.7504	8033
2026-09-01T10:14:00-04:00	8.6950	8.7457	43692
2026-09-01T10:15:00-04:00	8.7600	8.7456	7525
2026-09-01T10:16:00-04:00	8.7700	8.7457	3051
2026-09-01T10:17:00-04:00	8.7700	8.7461	6135
2026-09-01T10:18:00-04:00	8.7550	8.7463	4148
2026-09-01T10:19:00-04:00	8.7900	8.7465	4049
2026-09-01T10:20:00-04:00	8.8100	8.7472	4126
2026-09-01T10:21:00-04:00	8.7800	8.7478	6608
2026-09-01T10:22:00-04:00	8.8150	8.7481	2746
2026-09-01T10:23:00-04:00	8.8100	8.7484	1823
2026-09-01T10:24:00-04:00	8.8000	8.7490	4928
2026-09-01T10:25:00-04:00	8.8050	8.7494	4195
2026-09-01T10:26:00-04:00	8.7900	8.7497	2292
2026-09-01T10:27:00-04:00	8.8100	8.7498	1330
2026-09-01T10:28:00-04:00	8.8100	8.7499	1057
2026-09-01T10:29:00-04:00	8.8200	8.7503	2655
2026-09-01T10:30:00-04:00	8.8200	8.7512	6396
2026-09-01T10:31:00-04:00	8.8350	8.7518	3452
2026-09-01T10:32:00-04:00	8.8200	8.7522	2767
2026-09-01T10:33:00-04:00	8.8300	8.7530	5568
2026-09-01T10:34:00-04:00	8.8100	8.7536	5100
2026-09-01T10:35:00-04:00	8.8600	8.7560	13596
2026-09-01T10:36:00-04:00	8.8350	8.7565	2950
2026-09-01T10:37:00-04:00	8.8400	8.7566	1027
2026-09-01T10:38:00-04:00	8.8400	8.7571	2856
2026-09-01T10:39:00-04:00	8.8400	8.7572	895
2026-09-01T10:40:00-04:00	8.8500	8.7574	950
2026-09-01T10:41:00-04:00	8.8350	8.7604	18793
2026-09-01T10:42:00-04:00	8.8550	8.7616	7671
2026-09-01T10:43:00-04:00	8.8700	8.7622	3002
2026-09-01T10:44:00-04:00	8.8800	8.7629	3563
2026-09-01T10:45:00-04:00	8.9300	8.7650	7786
2026-09-01T10:46:00-04:00	8.9450	8.7654	1304
2026-09-01T10:47:00-04:00	8.9800	8.7671	4749
2026-09-01T10:48:00-04:00	8.9800	8.7686	4057
2026-09-01T10:49:00-04:00	8.9700	8.7706	5706
2026-09-01T10:50:00-04:00	8.9700	8.7774	20235
2026-09-01T10:51:00-04:00	8.9300	8.7795	7622
2026-09-01T10:52:00-04:00	8.9100	8.7801	3014
2026-09-01T10:53:00-04:00	8.9290	8.7808	2534
2026-09-01T10:54:00-04:00	8.9300	8.7815	2997
2026-09-01T10:55:00-04:00	8.9300	8.7820	2028
2026-09-01T10:56:00-04:00	8.9200	8.7828	3443
2026-09-01T10:57:00-04:00	8.9400	8.7832	1487
2026-09-01T10:58:00-04:00	8.9400	8.7836	1599
2026-09-01T10:59:00-04:00	8.9300	8.7846	4235
2026-09-01T11:00:00-04:00	8.9250	8.7849	1467
2026-09-01T11:01:00-04:00	8.9000	8.7859	5253
2026-09-01T11:02:00-04:00	8.9100	8.7862	1365
2026-09-01T11:03:00-04:00	8.9100	8.7864	1391
2026-09-01T11:04:00-04:00	8.9000	8.7872	4371
2026-09-01T11:05:00-04:00	8.8901	8.7874	1271
2026-09-01T11:06:00-04:00	8.9000	8.7880	3416
2026-09-01T11:07:00-04:00	8.9100	8.7886	3009
2026-09-01T11:08:00-04:00	8.9000	8.7894	4724
2026-09-01T11:09:00-04:00	8.9100	8.7898	2307
2026-09-01T11:10:00-04:00	8.9050	8.7901	1907
2026-09-01T11:11:00-04:00	8.9150	8.7904	1222
2026-09-01T11:12:00-04:00	8.9150	8.7909	3079
2026-09-01T11:13:00-04:00	8.9200	8.7919	4875
2026-09-01T11:14:00-04:00	8.9150	8.7923	2526
2026-09-01T11:15:00-04:00	8.9200	8.7929	3240
2026-09-01T11:17:00-04:00	8.9150	8.7931	1093
2026-09-01T11:18:00-04:00	8.9050	8.7938	3771
2026-09-01T11:19:00-04:00	8.9000	8.7940	1583
2026-09-01T11:20:00-04:00	8.8900	8.7941	452
2026-09-01T11:21:00-04:00	8.8800	8.7947	4669
2026-09-01T11:22:00-04:00	8.8659	8.7950	2565
2026-09-01T11:23:00-04:00	8.8200	8.7961	20550
2026-09-01T11:24:00-04:00	8.8250	8.7961	2215
2026-09-01T11:25:00-04:00	8.8000	8.7963	11200
2026-09-01T11:26:00-04:00	8.7900	8.7963	1396
2026-09-01T11:27:00-04:00	8.7800	8.7963	2015
2026-09-01T11:28:00-04:00	8.7800	8.7962	1833
2026-09-01T11:29:00-04:00	8.7850	8.7961	6614
2026-09-01T11:30:00-04:00	8.7785	8.7959	7641
2026-09-01T11:31:00-04:00	8.7800	8.7958	3149
2026-09-01T11:32:00-04:00	8.7750	8.7957	2146
2026-09-01T11:33:00-04:00	8.7700	8.7955	5564
2026-09-01T11:34:00-04:00	8.7700	8.7954	3583
2026-09-01T11:35:00-04:00	8.7800	8.7954	1409
2026-09-01T11:36:00-04:00	8.7700	8.7954	1134
2026-09-01T11:37:00-04:00	8.7600	8.7951	5833
2026-09-01T11:38:00-04:00	8.7700	8.7951	1920
2026-09-01T11:39:00-04:00	8.7550	8.7949	2397
2026-09-01T11:40:00-04:00	8.7800	8.7948	4752
2026-09-01T11:41:00-04:00	8.7600	8.7946	5499
2026-09-01T11:42:00-04:00	8.7800	8.7944	8326
2026-09-01T11:43:00-04:00	8.7900	8.7943	3345
2026-09-01T11:44:00-04:00	8.7850	8.7943	2323
2026-09-01T11:45:00-04:00	8.7850	8.7943	1469
2026-09-01T11:46:00-04:00	8.7859	8.7942	4239
2026-09-01T11:47:00-04:00	8.7850	8.7942	1984
2026-09-01T11:48:00-04:00	8.7850	8.7942	1793
2026-09-01T11:49:00-04:00	8.7800	8.7940	8998
2026-09-01T11:50:00-04:00	8.7700	8.7939	4031
2026-09-01T11:51:00-04:00	8.7600	8.7938	1856
2026-09-01T11:52:00-04:00	8.7450	8.7937	2467
2026-09-01T11:53:00-04:00	8.7350	8.7934	3127
2026-09-01T11:54:00-04:00	8.7380	8.7933	1839
2026-09-01T11:55:00-04:00	8.7589	8.7931	3621
2026-09-01T11:56:00-04:00	8.7550	8.7931	923
2026-09-01T11:57:00-04:00	8.7550	8.7930	1141
2026-09-01T11:58:00-04:00	8.7600	8.7930	579
2026-09-01T11:59:00-04:00	8.7800	8.7927	13698
2026-09-01T12:00:00-04:00	8.7972	8.7927	884
2026-09-01T12:01:00-04:00	8.8100	8.7929	13259
2026-09-01T12:02:00-04:00	8.8000	8.7930	3800
2026-09-01T12:03:00-04:00	8.7900	8.7930	2282
2026-09-01T12:04:00-04:00	8.7950	8.7930	2650
2026-09-01T12:05:00-04:00	8.7950	8.7930	903
2026-09-01T12:06:00-04:00	8.7950	8.7930	1546
2026-09-01T12:07:00-04:00	8.8050	8.7930	2450
2026-09-01T12:08:00-04:00	8.7900	8.7930	3286
2026-09-01T12:09:00-04:00	8.7950	8.7930	3324
2026-09-01T12:10:00-04:00	8.7950	8.7930	4962
2026-09-01T12:11:00-04:00	8.8050	8.7930	1401
2026-09-01T12:12:00-04:00	8.8100	8.7931	6474
2026-09-01T12:13:00-04:00	8.8050	8.7932	2415
2026-09-01T12:14:00-04:00	8.7900	8.7932	3031
2026-09-01T12:15:00-04:00	8.7900	8.7932	2344
2026-09-01T12:16:00-04:00	8.7950	8.7932	2784
2026-09-01T12:17:00-04:00	8.7950	8.7932	884
2026-09-01T12:18:00-04:00	8.7950	8.7932	731
2026-09-01T12:19:00-04:00	8.7850	8.7932	2211
2026-09-01T12:20:00-04:00	8.7700	8.7931	1730
2026-09-01T12:21:00-04:00	8.7500	8.7930	1986
2026-09-01T12:22:00-04:00	8.7550	8.7930	839
2026-09-01T12:23:00-04:00	8.7400	8.7928	3236
2026-09-01T12:24:00-04:00	8.7350	8.7927	1327
2026-09-01T12:25:00-04:00	8.7300	8.7924	5096
2026-09-01T12:26:00-04:00	8.7350	8.7923	1665
2026-09-01T12:27:00-04:00	8.7200	8.7921	3118
2026-09-01T12:28:00-04:00	8.7400	8.7919	3082
2026-09-01T12:29:00-04:00	8.7200	8.7917	2324
2026-09-01T12:30:00-04:00	8.6900	8.7913	4457
2026-09-01T12:31:00-04:00	8.6850	8.7912	189
2026-09-01T12:32:00-04:00	8.6900	8.7910	2591
2026-09-01T12:33:00-04:00	8.6950	8.7909	224
2026-09-01T12:34:00-04:00	8.6850	8.7905	3962
2026-09-01T12:35:00-04:00	8.6850	8.7903	1541
2026-09-01T12:36:00-04:00	8.6950	8.7902	1708
2026-09-01T12:37:00-04:00	8.7000	8.7898	4311
2026-09-01T12:39:00-04:00	8.6950	8.7897	1025
2026-09-01T12:40:00-04:00	8.6950	8.7896	964
2026-09-01T12:41:00-04:00	8.7050	8.7893	2552
2026-09-01T12:42:00-04:00	8.7050	8.7893	612
2026-09-01T12:43:00-04:00	8.7100	8.7891	1707
2026-09-01T12:44:00-04:00	8.7050	8.7887	4882
2026-09-01T12:45:00-04:00	8.7050	8.7885	2066
2026-09-01T12:46:00-04:00	8.7500	8.7865	50211
2026-09-01T12:47:00-04:00	8.7400	8.7865	362
2026-09-01T12:48:00-04:00	8.7300	8.7863	2522
2026-09-01T12:49:00-04:00	8.7200	8.7863	484
2026-09-01T12:50:00-04:00	8.7250	8.7862	1121
2026-09-01T12:51:00-04:00	8.6900	8.7856	7317
2026-09-01T12:52:00-04:00	8.7000	8.7848	9274
2026-09-01T12:53:00-04:00	8.7050	8.7848	400
2026-09-01T12:54:00-04:00	8.7000	8.7845	3354
2026-09-01T12:55:00-04:00	8.7150	8.7845	554
2026-09-01T12:56:00-04:00	8.7100	8.7844	1392
2026-09-01T12:57:00-04:00	8.7250	8.7843	861
2026-09-01T12:58:00-04:00	8.7200	8.7842	2249
2026-09-01T12:59:00-04:00	8.7250	8.7842	455
2026-09-01T13:00:00-04:00	8.7100	8.7840	2599
2026-09-01T13:01:00-04:00	8.7100	8.7833	10008
2026-09-01T13:02:00-04:00	8.7150	8.7831	3516
2026-09-01T13:03:00-04:00	8.7200	8.7830	2067
2026-09-01T13:04:00-04:00	8.7200	8.7829	408
2026-09-01T13:05:00-04:00	8.7000	8.7828	2570
2026-09-01T13:06:00-04:00	8.7050	8.7826	1672
2026-09-01T13:07:00-04:00	8.7050	8.7825	2409
2026-09-01T13:08:00-04:00	8.7200	8.7822	4431
2026-09-01T13:09:00-04:00	8.7250	8.7820	2367
2026-09-01T13:10:00-04:00	8.7300	8.7819	3308
2026-09-01T13:11:00-04:00	8.7350	8.7818	2083
2026-09-01T13:13:00-04:00	8.7344	8.7816	4234
2026-09-01T13:14:00-04:00	8.7350	8.7815	2015
2026-09-01T13:15:00-04:00	8.7350	8.7815	756
2026-09-01T13:16:00-04:00	8.7450	8.7814	1861
2026-09-01T13:17:00-04:00	8.7450	8.7814	303
2026-09-01T13:18:00-04:00	8.7550	8.7813	3466
2026-09-01T13:19:00-04:00	8.7400	8.7807	15162
2026-09-01T13:20:00-04:00	8.7400	8.7807	826
2026-09-01T13:21:00-04:00	8.7400	8.7806	1208
2026-09-01T13:22:00-04:00	8.7250	8.7806	1843
2026-09-01T13:23:00-04:00	8.7250	8.7805	1171
2026-09-01T13:24:00-04:00	8.7350	8.7804	3290
2026-09-01T13:25:00-04:00	8.7200	8.7800	6564
2026-09-01T13:26:00-04:00	8.7450	8.7799	2563
2026-09-01T13:27:00-04:00	8.7650	8.7799	2036
2026-09-01T13:28:00-04:00	8.7640	8.7799	1893
2026-09-01T13:29:00-04:00	8.7650	8.7798	3857
2026-09-01T13:30:00-04:00	8.7750	8.7798	1472
2026-09-01T13:31:00-04:00	8.7650	8.7798	4217
2026-09-01T13:32:00-04:00	8.7550	8.7797	1585
2026-09-01T13:33:00-04:00	8.7500	8.7797	1907
2026-09-01T13:34:00-04:00	8.7450	8.7796	2508
2026-09-01T13:35:00-04:00	8.7450	8.7796	596
2026-09-01T13:36:00-04:00	8.7250	8.7794	3293
2026-09-01T13:37:00-04:00	8.6800	8.7789	6982
2026-09-01T13:38:00-04:00	8.6800	8.7788	1540
2026-09-01T13:39:00-04:00	8.6750	8.7787	811
2026-09-01T13:40:00-04:00	8.6850	8.7785	3000
2026-09-01T13:41:00-04:00	8.6900	8.7783	2767
2026-09-01T13:42:00-04:00	8.6900	8.7781	1763
2026-09-01T13:43:00-04:00	8.6850	8.7778	3933
2026-09-01T13:44:00-04:00	8.6950	8.7775	5138
2026-09-01T13:45:00-04:00	8.6950	8.7774	1010
2026-09-01T13:46:00-04:00	8.6950	8.7773	803
2026-09-01T13:47:00-04:00	8.6980	8.7771	2633
2026-09-01T13:48:00-04:00	8.6950	8.7766	7873
2026-09-01T13:49:00-04:00	8.6991	8.7765	1496
2026-09-01T13:50:00-04:00	8.6950	8.7765	717
2026-09-01T13:51:00-04:00	8.6950	8.7763	2303
2026-09-01T13:52:00-04:00	8.6950	8.7762	1711
2026-09-01T13:53:00-04:00	8.6850	8.7757	6612
2026-09-01T13:55:00-04:00	8.6850	8.7756	916
2026-09-01T13:56:00-04:00	8.6850	8.7754	3178
2026-09-01T13:57:00-04:00	8.6900	8.7746	11264
2026-09-01T13:58:00-04:00	8.6850	8.7746	765
2026-09-01T13:59:00-04:00	8.6950	8.7745	1014
2026-09-01T14:00:00-04:00	8.6800	8.7742	4651
2026-09-01T14:01:00-04:00	8.6850	8.7741	1109
2026-09-01T14:02:00-04:00	8.6850	8.7740	1462
2026-09-01T14:05:00-04:00	8.6900	8.7735	6375
2026-09-01T14:06:00-04:00	8.6740	8.7732	4497
2026-09-01T14:08:00-04:00	8.6700	8.7731	568
2026-09-01T14:09:00-04:00	8.6750	8.7730	2249
2026-09-01T14:10:00-04:00	8.6800	8.7727	3744
2026-09-01T14:11:00-04:00	8.6750	8.7725	2508
2026-09-01T14:12:00-04:00	8.6750	8.7723	1722
2026-09-01T14:13:00-04:00	8.6600	8.7713	11541
2026-09-01T14:14:00-04:00	8.6750	8.7711	2784
2026-09-01T14:15:00-04:00	8.7000	8.7706	7757
2026-09-01T14:16:00-04:00	8.6950	8.7706	927
2026-09-01T14:17:00-04:00	8.6950	8.7704	3241
2026-09-01T14:18:00-04:00	8.6950	8.7703	1632
2026-09-01T14:19:00-04:00	8.6950	8.7702	804
2026-09-01T14:20:00-04:00	8.6950	8.7702	996
2026-09-01T14:21:00-04:00	8.7000	8.7701	1633
2026-09-01T14:22:00-04:00	8.7000	8.7700	1801
2026-09-01T14:23:00-04:00	8.6850	8.7695	7411
2026-09-01T14:24:00-04:00	8.6850	8.7695	822
2026-09-01T14:25:00-04:00	8.6850	8.7694	1543
2026-09-01T14:26:00-04:00	8.6700	8.7690	4581
2026-09-01T14:27:00-04:00	8.6650	8.7688	3032
2026-09-01T14:28:00-04:00	8.6650	8.7681	8401
2026-09-01T14:29:00-04:00	8.6750	8.7673	10802
2026-09-01T14:30:00-04:00	8.6751	8.7671	2779
2026-09-01T14:31:00-04:00	8.6740	8.7668	5193
2026-09-01T14:32:00-04:00	8.6750	8.7667	976
2026-09-01T14:33:00-04:00	8.6650	8.7664	3538
2026-09-01T14:34:00-04:00	8.6650	8.7663	1965
2026-09-01T14:35:00-04:00	8.6550	8.7658	5787
2026-09-01T14:36:00-04:00	8.6450	8.7644	16442
2026-09-01T14:37:00-04:00	8.6550	8.7636	9123
2026-09-01T14:38:00-04:00	8.6550	8.7634	3026
2026-09-01T14:39:00-04:00	8.6550	8.7632	2445
2026-09-01T14:40:00-04:00	8.6750	8.7630	3112
2026-09-01T14:41:00-04:00	8.6800	8.7629	1873
2026-09-01T14:42:00-04:00	8.6650	8.7625	5200
2026-09-01T14:43:00-04:00	8.6700	8.7624	1237
2026-09-01T14:44:00-04:00	8.6450	8.7615	11212
2026-09-01T14:45:00-04:00	8.6450	8.7613	3046
2026-09-01T14:46:00-04:00	8.6647	8.7582	40848
2026-09-01T14:47:00-04:00	8.6550	8.7577	7556
2026-09-01T14:48:00-04:00	8.6600	8.7575	3117
2026-09-01T14:49:00-04:00	8.6650	8.7574	1000
2026-09-01T14:50:00-04:00	8.6650	8.7572	2856
2026-09-01T14:51:00-04:00	8.6400	8.7561	14507
2026-09-01T14:52:00-04:00	8.7450	8.7558	12898
2026-09-01T14:53:00-04:00	8.7300	8.7557	3335
2026-09-01T14:54:00-04:00	8.7396	8.7557	1439
2026-09-01T14:55:00-04:00	8.7400	8.7557	2365
2026-09-01T14:56:00-04:00	8.7350	8.7556	4750
2026-09-01T14:57:00-04:00	8.7350	8.7556	3414
2026-09-01T14:58:00-04:00	8.7450	8.7555	7908
2026-09-01T14:59:00-04:00	8.7550	8.7555	2480
2026-09-01T15:00:00-04:00	8.7750	8.7555	5106
2026-09-01T15:01:00-04:00	8.7900	8.7556	2349
2026-09-01T15:02:00-04:00	8.7850	8.7556	2345
2026-09-01T15:03:00-04:00	8.7850	8.7558	8940
2026-09-01T15:04:00-04:00	8.7900	8.7558	1446
2026-09-01T15:05:00-04:00	8.7650	8.7560	12255
2026-09-01T15:06:00-04:00	8.7900	8.7560	4336
2026-09-01T15:07:00-04:00	8.7700	8.7561	5266
2026-09-01T15:08:00-04:00	8.7600	8.7561	2542
2026-09-01T15:09:00-04:00	8.7610	8.7561	451
2026-09-01T15:10:00-04:00	8.7650	8.7561	2581
2026-09-01T15:11:00-04:00	8.7900	8.7563	10012
2026-09-01T15:12:00-04:00	8.7950	8.7564	4298
2026-09-01T15:13:00-04:00	8.7850	8.7565	6796
2026-09-01T15:14:00-04:00	8.7800	8.7566	6411
2026-09-01T15:15:00-04:00	8.7950	8.7567	4937
2026-09-01T15:16:00-04:00	8.8000	8.7568	1599
2026-09-01T15:17:00-04:00	8.7950	8.7568	1261
2026-09-01T15:18:00-04:00	8.7950	8.7569	4031
2026-09-01T15:19:00-04:00	8.7950	8.7569	773
2026-09-01T15:20:00-04:00	8.8100	8.7572	9604
2026-09-01T15:21:00-04:00	8.8050	8.7576	10805
2026-09-01T15:22:00-04:00	8.8250	8.7579	9419
2026-09-01T15:23:00-04:00	8.8350	8.7582	6550
2026-09-01T15:24:00-04:00	8.8400	8.7585	6043
2026-09-01T15:25:00-04:00	8.8350	8.7586	1259
2026-09-01T15:26:00-04:00	8.8350	8.7586	1630
2026-09-01T15:27:00-04:00	8.8600	8.7591	8792
2026-09-01T15:28:00-04:00	8.9150	8.7614	26879
2026-09-01T15:29:00-04:00	8.9300	8.7617	3294
2026-09-01T15:30:00-04:00	8.9250	8.7632	15238
2026-09-01T15:31:00-04:00	8.9250	8.7635	3283
2026-09-01T15:32:00-04:00	8.9150	8.7644	9941
2026-09-01T15:33:00-04:00	8.9350	8.7658	14351
2026-09-01T15:34:00-04:00	8.9250	8.7665	6746
2026-09-01T15:35:00-04:00	8.9150	8.7671	6790
2026-09-01T15:36:00-04:00	8.9050	8.7678	9399
2026-09-01T15:37:00-04:00	8.9100	8.7685	9076
2026-09-01T15:38:00-04:00	8.9250	8.7693	8344
2026-09-01T15:39:00-04:00	8.9450	8.7706	13605
2026-09-01T15:40:00-04:00	8.9050	8.7725	22974
2026-09-01T15:41:00-04:00	8.9300	8.7733	9690
2026-09-01T15:42:00-04:00	8.9150	8.7737	5625
2026-09-01T15:43:00-04:00	8.9450	8.7753	17992
2026-09-01T15:44:00-04:00	8.9500	8.7760	7721
2026-09-01T15:45:00-04:00	8.9150	8.7772	14825
2026-09-01T15:46:00-04:00	8.9100	8.7789	25206
2026-09-01T15:47:00-04:00	8.9700	8.7802	13960
2026-09-01T15:48:00-04:00	8.9650	8.7831	30560
2026-09-01T15:49:00-04:00	8.9400	8.7846	17932
2026-09-01T15:50:00-04:00	8.8800	8.7859	21098
2026-09-01T15:51:00-04:00	8.8800	8.7863	9172
2026-09-01T15:52:00-04:00	8.8850	8.7872	18246
2026-09-01T15:53:00-04:00	8.8750	8.7875	5780
2026-09-01T15:54:00-04:00	8.8450	8.7880	15816
2026-09-01T15:55:00-04:00	8.8650	8.7895	41394
2026-09-01T15:56:00-04:00	8.8200	8.7900	24843
2026-09-01T15:57:00-04:00	8.8300	8.7906	34331
2026-09-01T15:58:00-04:00	8.8100	8.7912	59754
2026-09-01T15:59:00-04:00	8.8250	8.7924	84991
2026-09-02T09:30:00-04:00	8.7600	8.7567	31544
2026-09-02T09:31:00-04:00	8.7500	8.7559	1340
2026-09-02T09:32:00-04:00	8.4500	8.5991	74643
2026-09-02T09:33:00-04:00	8.4750	8.5740	37354
2026-09-02T09:34:00-04:00	8.5500	8.5636	34459
2026-09-02T09:35:00-04:00	8.5150	8.5617	7398
2026-09-02T09:36:00-04:00	8.4650	8.5544	18767
2026-09-02T09:37:00-04:00	8.4200	8.5318	44143
2026-09-02T09:38:00-04:00	8.4900	8.5232	30711
2026-09-02T09:39:00-04:00	8.5000	8.5223	7373
2026-09-02T09:40:00-04:00	8.4600	8.5207	8979
2026-09-02T09:41:00-04:00	8.4900	8.5149	69893
2026-09-02T09:42:00-04:00	8.5400	8.5150	4540
2026-09-02T09:43:00-04:00	8.5600	8.5155	4861
2026-09-02T09:44:00-04:00	8.5600	8.5166	9082
2026-09-02T09:45:00-04:00	8.5600	8.5171	3996
2026-09-02T09:46:00-04:00	8.5300	8.5174	5668
2026-09-02T09:47:00-04:00	8.5200	8.5174	2687
2026-09-02T09:48:00-04:00	8.5150	8.5174	3323
2026-09-02T09:49:00-04:00	8.4800	8.5168	9814
2026-09-02T09:50:00-04:00	8.5350	8.5169	4760
2026-09-02T09:51:00-04:00	8.5300	8.5170	2067
2026-09-02T09:52:00-04:00	8.6000	8.5181	9439
2026-09-02T09:53:00-04:00	8.5800	8.5186	2949
2026-09-02T09:54:00-04:00	8.5750	8.5191	3859
2026-09-02T09:55:00-04:00	8.5800	8.5194	1780
2026-09-02T09:56:00-04:00	8.6100	8.5201	3858
2026-09-02T09:57:00-04:00	8.6400	8.5260	22043
2026-09-02T09:58:00-04:00	8.5900	8.5263	2214
2026-09-02T09:59:00-04:00	8.5550	8.5271	9115
2026-09-02T10:00:00-04:00	8.5750	8.5276	4537
2026-09-02T10:01:00-04:00	8.6200	8.5281	2562
2026-09-02T10:02:00-04:00	8.6150	8.5286	3121
2026-09-02T10:03:00-04:00	8.6050	8.5290	2242
2026-09-02T10:04:00-04:00	8.6600	8.5310	8597
2026-09-02T10:05:00-04:00	8.6300	8.5320	4670
2026-09-02T10:06:00-04:00	8.6500	8.5330	5455
2026-09-02T10:07:00-04:00	8.5600	8.5351	20465
2026-09-02T10:08:00-04:00	8.5900	8.5359	9573
2026-09-02T10:09:00-04:00	8.5703	8.5364	5873
2026-09-02T10:10:00-04:00	8.5950	8.5367	3829
2026-09-02T10:11:00-04:00	8.6000	8.5375	6268
2026-09-02T10:12:00-04:00	8.5702	8.5378	4661
2026-09-02T10:13:00-04:00	8.5550	8.5379	2607
2026-09-02T10:14:00-04:00	8.5600	8.5379	1042
2026-09-02T10:15:00-04:00	8.5800	8.5385	7775
2026-09-02T10:16:00-04:00	8.5800	8.5387	2156
2026-09-02T10:17:00-04:00	8.6200	8.5394	5616
2026-09-02T10:18:00-04:00	8.6550	8.5400	3714
2026-09-02T10:19:00-04:00	8.6700	8.5447	21527
2026-09-02T10:20:00-04:00	8.6650	8.5458	5331
2026-09-02T10:21:00-04:00	8.6600	8.5470	6494
2026-09-02T10:22:00-04:00	8.6750	8.5478	4332
2026-09-02T10:23:00-04:00	8.6800	8.5492	6780
2026-09-02T10:24:00-04:00	8.6500	8.5497	2567
2026-09-02T10:25:00-04:00	8.6550	8.5506	5588
2026-09-02T10:26:00-04:00	8.6400	8.5520	9296
2026-09-02T10:27:00-04:00	8.6250	8.5548	24649
2026-09-02T10:28:00-04:00	8.6100	8.5551	2978
2026-09-02T10:29:00-04:00	8.6100	8.5552	1598
2026-09-02T10:30:00-04:00	8.6250	8.5563	11160
2026-09-02T10:31:00-04:00	8.5900	8.5565	4196
2026-09-02T10:32:00-04:00	8.5800	8.5566	2332
2026-09-02T10:33:00-04:00	8.5800	8.5567	3553
2026-09-02T10:34:00-04:00	8.5650	8.5568	4663
2026-09-02T10:35:00-04:00	8.5750	8.5569	4163
2026-09-02T10:36:00-04:00	8.5650	8.5569	966
2026-09-02T10:37:00-04:00	8.5750	8.5570	5658
2026-09-02T10:38:00-04:00	8.5900	8.5571	2685
2026-09-02T10:39:00-04:00	8.5800	8.5573	5145
2026-09-02T10:40:00-04:00	8.5900	8.5574	1791
2026-09-02T10:41:00-04:00	8.5900	8.5574	1682
2026-09-02T10:42:00-04:00	8.5850	8.5575	1829
2026-09-02T10:43:00-04:00	8.6100	8.5579	7117
2026-09-02T10:44:00-04:00	8.6000	8.5580	2025
2026-09-02T10:45:00-04:00	8.5950	8.5582	2277
2026-09-02T10:46:00-04:00	8.5650	8.5583	7010
2026-09-02T10:47:00-04:00	8.5900	8.5585	5642
2026-09-02T10:48:00-04:00	8.5500	8.5585	4223
2026-09-02T10:49:00-04:00	8.5500	8.5585	2129
2026-09-02T10:50:00-04:00	8.5200	8.5582	5795
2026-09-02T10:51:00-04:00	8.5400	8.5581	4195
2026-09-02T10:52:00-04:00	8.5350	8.5581	1111
2026-09-02T10:53:00-04:00	8.5200	8.5578	5098
2026-09-02T10:54:00-04:00	8.5250	8.5577	1946
2026-09-02T10:55:00-04:00	8.5300	8.5577	1925
2026-09-02T10:56:00-04:00	8.5100	8.5570	12669
2026-09-02T10:57:00-04:00	8.5350	8.5567	8793
2026-09-02T10:58:00-04:00	8.5450	8.5567	1696
2026-09-02T10:59:00-04:00	8.5200	8.5566	3045
2026-09-02T11:00:00-04:00	8.5200	8.5564	4555
2026-09-02T11:01:00-04:00	8.5200	8.5560	7274
2026-09-02T11:02:00-04:00	8.5139	8.5557	4971
2026-09-02T11:03:00-04:00	8.5200	8.5555	4706
2026-09-02T11:04:00-04:00	8.5400	8.5555	3294
2026-09-02T11:05:00-04:00	8.5400	8.5554	2815
2026-09-02T11:06:00-04:00	8.5200	8.5553	4038
2026-09-02T11:07:00-04:00	8.5200	8.5552	2586
2026-09-02T11:08:00-04:00	8.5200	8.5550	3256
2026-09-02T11:09:00-04:00	8.5300	8.5548	7598
2026-09-02T11:10:00-04:00	8.5400	8.5547	1779
2026-09-02T11:11:00-04:00	8.5350	8.5546	4355
2026-09-02T11:12:00-04:00	8.5500	8.5546	3945
2026-09-02T11:13:00-04:00	8.5400	8.5545	3765
2026-09-02T11:14:00-04:00	8.5500	8.5545	1989
2026-09-02T11:15:00-04:00	8.5400	8.5544	3347
2026-09-02T11:16:00-04:00	8.5500	8.5544	1469
2026-09-02T11:17:00-04:00	8.5500	8.5544	1851
2026-09-02T11:18:00-04:00	8.5400	8.5544	2025
2026-09-02T11:19:00-04:00	8.5400	8.5543	4201
2026-09-02T11:20:00-04:00	8.5300	8.5542	1858
2026-09-02T11:21:00-04:00	8.5100	8.5540	5294
2026-09-02T11:22:00-04:00	8.5200	8.5536	8808
2026-09-02T11:23:00-04:00	8.5300	8.5535	2652
2026-09-02T11:24:00-04:00	8.5400	8.5534	4587
2026-09-02T11:25:00-04:00	8.5300	8.5534	1709
2026-09-02T11:26:00-04:00	8.5200	8.5532	5437
2026-09-02T11:27:00-04:00	8.5150	8.5530	6173
2026-09-02T11:28:00-04:00	8.5300	8.5530	1409
2026-09-02T11:29:00-04:00	8.5250	8.5527	7464
2026-09-02T11:30:00-04:00	8.5302	8.5526	5231
2026-09-02T11:31:00-04:00	8.5400	8.5526	2057
2026-09-02T11:32:00-04:00	8.5600	8.5526	6816
2026-09-02T11:33:00-04:00	8.5600	8.5526	2730
2026-09-02T11:34:00-04:00	8.5700	8.5526	2739
2026-09-02T11:35:00-04:00	8.5650	8.5527	1615
2026-09-02T11:36:00-04:00	8.5650	8.5527	1606
2026-09-02T11:37:00-04:00	8.5550	8.5527	3750
2026-09-02T11:38:00-04:00	8.5750	8.5528	6307
2026-09-02T11:39:00-04:00	8.5750	8.5529	3785
2026-09-02T11:40:00-04:00	8.5750	8.5530	3658
2026-09-02T11:41:00-04:00	8.5750	8.5530	1576
2026-09-02T11:42:00-04:00	8.5700	8.5531	7424
2026-09-02T11:43:00-04:00	8.6100	8.5534	6966
2026-09-02T11:44:00-04:00	8.6250	8.5538	5887
2026-09-02T11:45:00-04:00	8.6050	8.5543	9015
2026-09-02T11:46:00-04:00	8.6100	8.5544	1639
2026-09-02T11:47:00-04:00	8.5950	8.5546	3074
2026-09-02T11:48:00-04:00	8.6100	8.5547	2868
2026-09-02T11:49:00-04:00	8.5914	8.5548	2795
2026-09-02T11:50:00-04:00	8.5950	8.5549	2995
2026-09-02T11:51:00-04:00	8.5950	8.5550	2256
2026-09-02T11:52:00-04:00	8.6000	8.5551	2100
2026-09-02T11:53:00-04:00	8.5950	8.5552	1621
2026-09-02T11:54:00-04:00	8.5950	8.5553	2999
2026-09-02T11:55:00-04:00	8.5950	8.5554	1661
2026-09-02T11:56:00-04:00	8.6000	8.5555	4164
2026-09-02T11:57:00-04:00	8.6050	8.5558	4216
2026-09-02T11:58:00-04:00	8.6200	8.5559	2002
2026-09-02T11:59:00-04:00	8.6300	8.5561	3459
2026-09-02T12:00:00-04:00	8.6500	8.5564	2716
2026-09-02T12:01:00-04:00	8.6300	8.5569	7530
2026-09-02T12:02:00-04:00	8.5300	8.5578	106096
2026-09-02T12:03:00-04:00	8.5150	8.5562	48057
2026-09-02T12:04:00-04:00	8.5000	8.5551	22152
2026-09-02T12:05:00-04:00	8.5000	8.5547	9095
2026-09-02T12:06:00-04:00	8.4800	8.5545	3381
2026-09-02T12:07:00-04:00	8.5000	8.5542	5635
2026-09-02T12:08:00-04:00	8.4950	8.5540	4455
2026-09-02T12:09:00-04:00	8.5200	8.5536	10380
2026-09-02T12:10:00-04:00	8.5200	8.5535	2873
2026-09-02T12:11:00-04:00	8.5200	8.5535	2069
2026-09-02T12:12:00-04:00	8.5200	8.5532	7891
2026-09-02T12:13:00-04:00	8.5198	8.5532	1413
2026-09-02T12:14:00-04:00	8.5400	8.5531	5064
2026-09-02T12:15:00-04:00	8.5400	8.5531	1176
2026-09-02T12:16:00-04:00	8.5400	8.5531	914
2026-09-02T12:17:00-04:00	8.5350	8.5530	3881
2026-09-02T12:18:00-04:00	8.5200	8.5529	4953
2026-09-02T12:19:00-04:00	8.5252	8.5529	1861
2026-09-02T12:20:00-04:00	8.5250	8.5528	1659
2026-09-02T12:21:00-04:00	8.5199	8.5528	2610
2026-09-02T12:22:00-04:00	8.5600	8.5527	12988
2026-09-02T12:23:00-04:00	8.5750	8.5528	7579
2026-09-02T12:24:00-04:00	8.5500	8.5528	4536
2026-09-02T12:25:00-04:00	8.5600	8.5528	2984
2026-09-02T12:26:00-04:00	8.5500	8.5528	1125
2026-09-02T12:27:00-04:00	8.5500	8.5528	1569
2026-09-02T12:28:00-04:00	8.5550	8.5528	1752
2026-09-02T12:29:00-04:00	8.5670	8.5529	17693
2026-09-02T12:30:00-04:00	8.5800	8.5530	6813
2026-09-02T12:31:00-04:00	8.5700	8.5530	1561
2026-09-02T12:32:00-04:00	8.5800	8.5531	1233
2026-09-02T12:33:00-04:00	8.5800	8.5531	658
2026-09-02T12:34:00-04:00	8.5800	8.5531	808
2026-09-02T12:35:00-04:00	8.5800	8.5531	1377
2026-09-02T12:36:00-04:00	8.5710	8.5532	5418
2026-09-02T12:37:00-04:00	8.5600	8.5532	3237
2026-09-02T12:38:00-04:00	8.5500	8.5532	2074
2026-09-02T12:39:00-04:00	8.5600	8.5533	6083
2026-09-02T12:40:00-04:00	8.6000	8.5538	22564
2026-09-02T12:41:00-04:00	8.5900	8.5552	41320
2026-09-02T12:42:00-04:00	8.6000	8.5560	24113
2026-09-02T12:43:00-04:00	8.5950	8.5562	8613
2026-09-02T12:44:00-04:00	8.6100	8.5566	11269
2026-09-02T12:45:00-04:00	8.6250	8.5569	8177
2026-09-02T12:46:00-04:00	8.6200	8.5571	3987
2026-09-02T12:47:00-04:00	8.6150	8.5573	4828
2026-09-02T12:48:00-04:00	8.6200	8.5577	10143
2026-09-02T12:49:00-04:00	8.6200	8.5578	3252
2026-09-02T12:50:00-04:00	8.6100	8.5580	7497
2026-09-02T12:51:00-04:00	8.6400	8.5585	9003
2026-09-02T12:52:00-04:00	8.6650	8.5590	7745
2026-09-02T12:53:00-04:00	8.6600	8.5595	6931
2026-09-02T12:54:00-04:00	8.7000	8.5598	3697
2026-09-02T12:55:00-04:00	8.7000	8.5599	752
2026-09-02T12:56:00-04:00	8.7150	8.5625	28737
2026-09-02T12:57:00-04:00	8.7000	8.5627	1980
2026-09-02T12:58:00-04:00	8.6800	8.5629	2622
2026-09-02T12:59:00-04:00	8.7000	8.5632	3645
2026-09-02T13:00:00-04:00	8.7100	8.5636	4189
2026-09-02T13:01:00-04:00	8.7100	8.5637	1203
2026-09-02T13:02:00-04:00	8.6800	8.5640	3310
2026-09-02T13:03:00-04:00	8.6700	8.5641	1960
2026-09-02T13:04:00-04:00	8.6600	8.5642	1523
2026-09-02T13:05:00-04:00	8.6700	8.5643	1932
2026-09-02T13:06:00-04:00	8.6400	8.5646	6186
2026-09-02T13:07:00-04:00	8.6300	8.5648	3414
2026-09-02T13:08:00-04:00	8.6200	8.5649	2926
2026-09-02T13:09:00-04:00	8.6200	8.5650	2942
2026-09-02T13:10:00-04:00	8.6200	8.5653	8376
2026-09-02T13:11:00-04:00	8.6200	8.5654	2693
2026-09-02T13:12:00-04:00	8.6050	8.5654	3181
2026-09-02T13:13:00-04:00	8.6100	8.5656	7052
2026-09-02T13:14:00-04:00	8.6100	8.5657	787
2026-09-02T13:15:00-04:00	8.6000	8.5657	3027
2026-09-02T13:16:00-04:00	8.5900	8.5658	2244
2026-09-02T13:17:00-04:00	8.5850	8.5658	2940
2026-09-02T13:18:00-04:00	8.5900	8.5658	1370
2026-09-02T13:19:00-04:00	8.6000	8.5660	4941
2026-09-02T13:20:00-04:00	8.6000	8.5660	851
2026-09-02T13:21:00-04:00	8.6100	8.5660	2253
2026-09-02T13:22:00-04:00	8.6050	8.5661	1669
2026-09-02T13:23:00-04:00	8.6100	8.5661	1245
2026-09-02T13:24:00-04:00	8.6050	8.5662	2887
2026-09-02T13:25:00-04:00	8.5950	8.5662	2817
2026-09-02T13:26:00-04:00	8.5950	8.5662	884
2026-09-02T13:27:00-04:00	8.6000	8.5663	1327
2026-09-02T13:28:00-04:00	8.6000	8.5664	4393
2026-09-02T13:29:00-04:00	8.6200	8.5664	1689
2026-09-02T13:30:00-04:00	8.6300	8.5665	2457
2026-09-02T13:31:00-04:00	8.6300	8.5665	560
2026-09-02T13:32:00-04:00	8.6300	8.5666	1340
2026-09-02T13:33:00-04:00	8.6200	8.5666	2135
2026-09-02T13:34:00-04:00	8.6250	8.5667	3032
2026-09-02T13:35:00-04:00	8.6300	8.5669	5553
2026-09-02T13:36:00-04:00	8.6300	8.5670	1647
2026-09-02T13:37:00-04:00	8.6300	8.5671	1241
2026-09-02T13:38:00-04:00	8.6300	8.5671	1037
2026-09-02T13:39:00-04:00	8.6300	8.5671	1585
2026-09-02T13:40:00-04:00	8.6350	8.5673	4252
2026-09-02T13:41:00-04:00	8.6100	8.5675	5575
2026-09-02T13:42:00-04:00	8.6200	8.5676	2616
2026-09-02T13:43:00-04:00	8.6300	8.5677	2648
2026-09-02T13:44:00-04:00	8.6400	8.5677	2055
2026-09-02T13:45:00-04:00	8.6400	8.5678	1176
2026-09-02T13:46:00-04:00	8.6300	8.5678	931
2026-09-02T13:47:00-04:00	8.6500	8.5680	4931
2026-09-02T13:48:00-04:00	8.6450	8.5682	3496
2026-09-02T13:49:00-04:00	8.6550	8.5685	5593
2026-09-02T13:50:00-04:00	8.6550	8.5686	2772
2026-09-02T13:51:00-04:00	8.6550	8.5687	2070
2026-09-02T13:52:00-04:00	8.6550	8.5688	2357
2026-09-02T13:53:00-04:00	8.6700	8.5691	4147
2026-09-02T13:54:00-04:00	8.6650	8.5691	1293
2026-09-02T13:55:00-04:00	8.6500	8.5694	6186
2026-09-02T13:56:00-04:00	8.6400	8.5696	5058
2026-09-02T13:57:00-04:00	8.6500	8.5698	3448
2026-09-02T13:58:00-04:00	8.6700	8.5704	12147
2026-09-02T13:59:00-04:00	8.6650	8.5708	8947
2026-09-02T14:00:00-04:00	8.6500	8.5709	2408
2026-09-02T14:01:00-04:00	8.6500	8.5712	5431
2026-09-02T14:02:00-04:00	8.6700	8.5712	910
2026-09-02T14:03:00-04:00	8.7000	8.5713	1128
2026-09-02T14:04:00-04:00	8.6900	8.5715	2546
2026-09-02T14:05:00-04:00	8.6650	8.5717	4548
2026-09-02T14:06:00-04:00	8.6701	8.5719	2244
2026-09-02T14:07:00-04:00	8.6750	8.5720	1744
2026-09-02T14:08:00-04:00	8.6600	8.5722	4521
2026-09-02T14:09:00-04:00	8.6600	8.5723	1494
2026-09-02T14:10:00-04:00	8.6700	8.5724	2820
2026-09-02T14:11:00-04:00	8.6500	8.5725	2658
2026-09-02T14:12:00-04:00	8.6600	8.5727	4349
2026-09-02T14:13:00-04:00	8.6200	8.5729	5379
2026-09-02T14:14:00-04:00	8.6200	8.5729	1002
2026-09-02T14:15:00-04:00	8.6250	8.5730	2365
2026-09-02T14:16:00-04:00	8.6400	8.5732	5203
2026-09-02T14:17:00-04:00	8.6300	8.5733	2173
2026-09-02T14:18:00-04:00	8.6400	8.5735	7224
2026-09-02T14:19:00-04:00	8.6300	8.5736	1644
2026-09-02T14:20:00-04:00	8.6300	8.5737	3688
2026-09-02T14:21:00-04:00	8.6400	8.5738	2438
2026-09-02T14:22:00-04:00	8.6250	8.5741	8456
2026-09-02T14:23:00-04:00	8.6150	8.5742	7678
2026-09-02T14:24:00-04:00	8.6150	8.5743	1088
2026-09-02T14:25:00-04:00	8.6150	8.5743	2147
2026-09-02T14:26:00-04:00	8.6600	8.5767	60483
2026-09-02T14:27:00-04:00	8.6550	8.5767	1504
2026-09-02T14:28:00-04:00	8.6550	8.5768	1736
2026-09-02T14:29:00-04:00	8.6550	8.5769	1507
2026-09-02T14:30:00-04:00	8.6550	8.5769	2051
2026-09-02T14:31:00-04:00	8.6150	8.5771	5047
2026-09-02T14:32:00-04:00	8.6300	8.5772	6095
2026-09-02T14:33:00-04:00	8.6300	8.5774	5001
2026-09-02T14:34:00-04:00	8.6300	8.5774	1538
2026-09-02T14:35:00-04:00	8.6300	8.5775	1380
2026-09-02T14:36:00-04:00	8.6200	8.5776	5128
2026-09-02T14:37:00-04:00	8.6300	8.5776	1622
2026-09-02T14:38:00-04:00	8.6200	8.5777	2009
2026-09-02T14:39:00-04:00	8.6100	8.5777	2126
2026-09-02T14:40:00-04:00	8.6100	8.5778	2851
2026-09-02T14:41:00-04:00	8.6000	8.5779	10475
2026-09-02T14:42:00-04:00	8.6100	8.5780	3650
2026-09-02T14:43:00-04:00	8.6100	8.5780	2653
2026-09-02T14:44:00-04:00	8.6200	8.5781	4593
2026-09-02T14:45:00-04:00	8.6400	8.5783	7771
2026-09-02T14:46:00-04:00	8.6500	8.5784	2882
2026-09-02T14:47:00-04:00	8.6400	8.5785	1665
2026-09-02T14:48:00-04:00	8.6586	8.5786	5081
2026-09-02T14:49:00-04:00	8.6450	8.5789	6722
2026-09-02T14:50:00-04:00	8.6600	8.5791	4663
2026-09-02T14:51:00-04:00	8.6600	8.5791	928
2026-09-02T14:52:00-04:00	8.6600	8.5792	2793
2026-09-02T14:53:00-04:00	8.6700	8.5793	1690
2026-09-02T14:54:00-04:00	8.6650	8.5794	2731
2026-09-02T14:55:00-04:00	8.6600	8.5795	2170
2026-09-02T14:56:00-04:00	8.6600	8.5796	1895
2026-09-02T14:57:00-04:00	8.6550	8.5797	2466
2026-09-02T14:58:00-04:00	8.6550	8.5797	1454
2026-09-02T14:59:00-04:00	8.6550	8.5799	3421
2026-09-02T15:00:00-04:00	8.6550	8.5802	10264
2026-09-02T15:01:00-04:00	8.6450	8.5806	9986
2026-09-02T15:02:00-04:00	8.6800	8.5809	8540
2026-09-02T15:03:00-04:00	8.6900	8.5823	26955
2026-09-02T15:04:00-04:00	8.6800	8.5830	14758
2026-09-02T15:05:00-04:00	8.6800	8.5831	2656
2026-09-02T15:06:00-04:00	8.6900	8.5832	1966
2026-09-02T15:07:00-04:00	8.7300	8.5840	12480
2026-09-02T15:08:00-04:00	8.7400	8.5845	6716
2026-09-02T15:09:00-04:00	8.7400	8.5846	2110
2026-09-02T15:10:00-04:00	8.7400	8.5851	5411
2026-09-02T15:11:00-04:00	8.7400	8.5853	3769
2026-09-02T15:12:00-04:00	8.7400	8.5866	18485
2026-09-02T15:13:00-04:00	8.7800	8.5873	7287
2026-09-02T15:14:00-04:00	8.7550	8.5881	9760
2026-09-02T15:15:00-04:00	8.7700	8.5884	3501
2026-09-02T15:16:00-04:00	8.7800	8.5886	3085
2026-09-02T15:17:00-04:00	8.7800	8.5892	6411
2026-09-02T15:18:00-04:00	8.7800	8.5897	6255
2026-09-02T15:19:00-04:00	8.7800	8.5899	2244
2026-09-02T15:20:00-04:00	8.7700	8.5903	4221
2026-09-02T15:21:00-04:00	8.7700	8.5907	5531
2026-09-02T15:22:00-04:00	8.7700	8.5910	2532
2026-09-02T15:23:00-04:00	8.8000	8.5920	11428
2026-09-02T15:24:00-04:00	8.7900	8.5928	8746
2026-09-02T15:25:00-04:00	8.7600	8.5956	36927
2026-09-02T15:26:00-04:00	8.7800	8.5960	5457
2026-09-02T15:27:00-04:00	8.7900	8.5964	3936
2026-09-02T15:28:00-04:00	8.7900	8.5965	2010
2026-09-02T15:29:00-04:00	8.7900	8.5970	5459
2026-09-02T15:30:00-04:00	8.8000	8.5975	5869
2026-09-02T15:31:00-04:00	8.7750	8.5991	19518
2026-09-02T15:32:00-04:00	8.7750	8.5992	1944
2026-09-02T15:33:00-04:00	8.7350	8.6006	21200
2026-09-02T15:34:00-04:00	8.7350	8.6011	7871
2026-09-02T15:35:00-04:00	8.7100	8.6018	14244
2026-09-02T15:36:00-04:00	8.7100	8.6021	5757
2026-09-02T15:37:00-04:00	8.7050	8.6022	3946
2026-09-02T15:38:00-04:00	8.6950	8.6026	8159
2026-09-02T15:39:00-04:00	8.7050	8.6029	8233
2026-09-02T15:40:00-04:00	8.7400	8.6039	19185
2026-09-02T15:41:00-04:00	8.7450	8.6048	14160
2026-09-02T15:42:00-04:00	8.7300	8.6052	7531
2026-09-02T15:43:00-04:00	8.7500	8.6056	7123
2026-09-02T15:44:00-04:00	8.7400	8.6063	12225
2026-09-02T15:45:00-04:00	8.7300	8.6065	4790
2026-09-02T15:46:00-04:00	8.7350	8.6069	7851
2026-09-02T15:47:00-04:00	8.7350	8.6073	7785
2026-09-02T15:48:00-04:00	8.7200	8.6079	10847
2026-09-02T15:49:00-04:00	8.7200	8.6087	19077
2026-09-02T15:50:00-04:00	8.7100	8.6095	18368
2026-09-02T15:51:00-04:00	8.6900	8.6100	14012
2026-09-02T15:52:00-04:00	8.6900	8.6105	14276
2026-09-02T15:53:00-04:00	8.6900	8.6111	18591
2026-09-02T15:54:00-04:00	8.7150	8.6116	13844
2026-09-02T15:55:00-04:00	8.6900	8.6125	30291
2026-09-02T15:56:00-04:00	8.7050	8.6134	25857
2026-09-02T15:57:00-04:00	8.7000	8.6150	45587
2026-09-02T15:58:00-04:00	8.6950	8.6166	50530
2026-09-02T15:59:00-04:00	8.6800	8.6191	111701
2026-09-03T09:30:00-04:00	8.7700	8.8100	31062
2026-09-03T09:31:00-04:00	8.8050	8.8100	3152
2026-09-03T09:32:00-04:00	8.8050	8.8102	1272
2026-09-03T09:33:00-04:00	8.8550	8.8165	8790
2026-09-03T09:34:00-04:00	8.8300	8.8194	8205
2026-09-03T09:35:00-04:00	8.8600	8.8284	11826
2026-09-03T09:36:00-04:00	8.8150	8.8277	7194
2026-09-03T09:37:00-04:00	8.8600	8.8283	4907
2026-09-03T09:38:00-04:00	8.8650	8.8335	12543
2026-09-03T09:39:00-04:00	8.8100	8.8324	7853
2026-09-03T09:40:00-04:00	8.8000	8.8314	3716
2026-09-03T09:41:00-04:00	8.8100	8.8305	4732
2026-09-03T09:42:00-04:00	8.8600	8.8307	8100
2026-09-03T09:43:00-04:00	8.8368	8.8304	4042
2026-09-03T09:44:00-04:00	8.8100	8.8294	5877
2026-09-03T09:45:00-04:00	8.9000	8.8305	3638
2026-09-03T09:46:00-04:00	8.9600	8.8387	9166
2026-09-03T09:47:00-04:00	8.9800	8.8411	2411
2026-09-03T09:48:00-04:00	9.0000	8.8498	8821
2026-09-03T09:49:00-04:00	8.8415	8.8526	14590
2026-09-03T09:50:00-04:00	8.8750	8.8533	7455
2026-09-03T09:51:00-04:00	8.9100	8.8542	2840
2026-09-03T09:52:00-04:00	8.9200	8.8553	3125
2026-09-03T09:53:00-04:00	8.8750	8.8559	3210
2026-09-03T09:54:00-04:00	8.8050	8.8551	4762
2026-09-03T09:55:00-04:00	8.8445	8.8548	3112
2026-09-03T09:56:00-04:00	8.8200	8.8546	1388
2026-09-03T09:57:00-04:00	8.7600	8.8473	20516
2026-09-03T09:58:00-04:00	8.7200	8.8454	3325
2026-09-03T09:59:00-04:00	8.7500	8.8410	9179
2026-09-03T10:00:00-04:00	8.7100	8.8389	4827
2026-09-03T10:01:00-04:00	8.6550	8.8209	24317
2026-09-03T10:02:00-04:00	8.6900	8.8189	3726
2026-09-03T10:03:00-04:00	8.6400	8.8121	10859
2026-09-03T10:04:00-04:00	8.6400	8.8102	3110
2026-09-03T10:05:00-04:00	8.6700	8.7944	32108
2026-09-03T10:06:00-04:00	8.6250	8.7919	4940
2026-09-03T10:07:00-04:00	8.6600	8.7907	2701
2026-09-03T10:08:00-04:00	8.6000	8.7841	11044
2026-09-03T10:09:00-04:00	8.6250	8.7795	9122
2026-09-03T10:10:00-04:00	8.6300	8.7778	3471
2026-09-03T10:11:00-04:00	8.5900	8.7754	4257
2026-09-03T10:12:00-04:00	8.6050	8.7742	2111
2026-09-03T10:13:00-04:00	8.5700	8.7720	4074
2026-09-03T10:14:00-04:00	8.6300	8.7629	19582
2026-09-03T10:15:00-04:00	8.6000	8.7614	3007
2026-09-03T10:16:00-04:00	8.6650	8.7596	8132
2026-09-03T10:17:00-04:00	8.7000	8.7589	3790
2026-09-03T10:18:00-04:00	8.6550	8.7577	4507
2026-09-03T10:19:00-04:00	8.6650	8.7569	3289
2026-09-03T10:20:00-04:00	8.6650	8.7564	1796
2026-09-03T10:21:00-04:00	8.6700	8.7557	3584
2026-09-03T10:22:00-04:00	8.6100	8.7541	5070
2026-09-03T10:23:00-04:00	8.6250	8.7533	2460
2026-09-03T10:24:00-04:00	8.6110	8.7522	3111
2026-09-03T10:25:00-04:00	8.6097	8.7511	3030
2026-09-03T10:26:00-04:00	8.5800	8.7499	2927
2026-09-03T10:27:00-04:00	8.5800	8.7485	3520
2026-09-03T10:28:00-04:00	8.5800	8.7470	3900
2026-09-03T10:29:00-04:00	8.5700	8.7457	2970
2026-09-03T10:30:00-04:00	8.5600	8.7427	6985
2026-09-03T10:31:00-04:00	8.5500	8.7390	8333
2026-09-03T10:32:00-04:00	8.5450	8.7375	3354
2026-09-03T10:33:00-04:00	8.5500	8.7319	13731
2026-09-03T10:34:00-04:00	8.5400	8.7315	808
2026-09-03T10:35:00-04:00	8.5300	8.7294	4798
2026-09-03T10:36:00-04:00	8.5000	8.7220	16334
2026-09-03T10:37:00-04:00	8.4780	8.7191	5850
2026-09-03T10:38:00-04:00	8.4800	8.7151	8113
2026-09-03T10:39:00-04:00	8.4900	8.7143	1663
2026-09-03T10:40:00-04:00	8.4900	8.7128	3462
2026-09-03T10:41:00-04:00	8.4800	8.7097	6441
2026-09-03T10:42:00-04:00	8.4900	8.7080	3864
2026-09-03T10:43:00-04:00	8.4900	8.7065	3292
2026-09-03T10:44:00-04:00	8.4850	8.7056	2151
2026-09-03T10:45:00-04:00	8.4900	8.7045	2602
2026-09-03T10:46:00-04:00	8.4976	8.6997	11884
2026-09-03T10:47:00-04:00	8.5000	8.6968	7976
2026-09-03T10:48:00-04:00	8.4800	8.6949	4786
2026-09-03T10:49:00-04:00	8.4600	8.6912	8778
2026-09-03T10:50:00-04:00	8.4400	8.6870	9459
2026-09-03T10:51:00-04:00	8.4372	8.6827	9644
2026-09-03T10:52:00-04:00	8.4301	8.6803	5439
2026-09-03T10:53:00-04:00	8.4300	8.6760	9824
2026-09-03T10:54:00-04:00	8.4400	8.6734	6448
2026-09-03T10:55:00-04:00	8.4400	8.6697	9350
2026-09-03T10:56:00-04:00	8.4550	8.6538	45877
2026-09-03T10:57:00-04:00	8.5100	8.6518	7853
2026-09-03T10:58:00-04:00	8.5100	8.6513	2360
2026-09-03T10:59:00-04:00	8.5150	8.6506	3249
2026-09-03T11:00:00-04:00	8.5500	8.6490	9207
2026-09-03T11:01:00-04:00	8.5400	8.6475	9619
2026-09-03T11:02:00-04:00	8.5201	8.6470	2887
2026-09-03T11:03:00-04:00	8.5400	8.6469	826
2026-09-03T11:04:00-04:00	8.5532	8.6465	2371
2026-09-03T11:05:00-04:00	8.5450	8.6460	3617
2026-09-03T11:06:00-04:00	8.4995	8.6449	5672
2026-09-03T11:07:00-04:00	8.5100	8.6440	4178
2026-09-03T11:08:00-04:00	8.5100	8.6438	1260
2026-09-03T11:09:00-04:00	8.5050	8.6433	2806
2026-09-03T11:10:00-04:00	8.4700	8.6411	9347
2026-09-03T11:11:00-04:00	8.4550	8.6395	6457
2026-09-03T11:12:00-04:00	8.4800	8.6386	3743
2026-09-03T11:13:00-04:00	8.4800	8.6382	1794
2026-09-03T11:14:00-04:00	8.5000	8.6377	2434
2026-09-03T11:15:00-04:00	8.4600	8.6361	6915
2026-09-03T11:16:00-04:00	8.4600	8.6346	6649
2026-09-03T11:17:00-04:00	8.4650	8.6330	6646
2026-09-03T11:18:00-04:00	8.4800	8.6323	3672
2026-09-03T11:19:00-04:00	8.4600	8.6305	7790
2026-09-03T11:20:00-04:00	8.4471	8.6271	14125
2026-09-03T11:21:00-04:00	8.4400	8.6267	1704
2026-09-03T11:22:00-04:00	8.4675	8.6256	5242
2026-09-03T11:23:00-04:00	8.4550	8.6246	4139
2026-09-03T11:24:00-04:00	8.4501	8.6241	2661
2026-09-03T11:25:00-04:00	8.4500	8.6236	2254
2026-09-03T11:26:00-04:00	8.4500	8.6221	6362
2026-09-03T11:27:00-04:00	8.4400	8.6213	3686
2026-09-03T11:28:00-04:00	8.4450	8.6205	3614
2026-09-03T11:29:00-04:00	8.4550	8.6193	6009
2026-09-03T11:30:00-04:00	8.4550	8.6185	3589
2026-09-03T11:31:00-04:00	8.4600	8.6176	4941
2026-09-03T11:32:00-04:00	8.4600	8.6171	2635
2026-09-03T11:33:00-04:00	8.4300	8.6151	9041
2026-09-03T11:34:00-04:00	8.4650	8.6135	8129
2026-09-03T11:35:00-04:00	8.4700	8.6129	3656
2026-09-03T11:36:00-04:00	8.4600	8.6113	9113
2026-09-03T11:37:00-04:00	8.4600	8.6108	2697
2026-09-03T11:38:00-04:00	8.4500	8.6103	2745
2026-09-03T11:39:00-04:00	8.4600	8.6097	3500
2026-09-03T11:40:00-04:00	8.4501	8.6094	1157
2026-09-03T11:41:00-04:00	8.4600	8.6091	1724
2026-09-03T11:42:00-04:00	8.4650	8.6088	2028
2026-09-03T11:43:00-04:00	8.4650	8.6085	1632
2026-09-03T11:44:00-04:00	8.4600	8.6060	14850
2026-09-03T11:45:00-04:00	8.4550	8.6056	2242
2026-09-03T11:46:00-04:00	8.4900	8.6047	6572
2026-09-03T11:47:00-04:00	8.4900	8.6042	3860
2026-09-03T11:48:00-04:00	8.4700	8.6036	4340
2026-09-03T11:49:00-04:00	8.4700	8.6031	2787
2026-09-03T11:50:00-04:00	8.4700	8.6030	1163
2026-09-03T11:51:00-04:00	8.4700	8.6026	2856
2026-09-03T11:52:00-04:00	8.4650	8.6021	3061
2026-09-03T11:53:00-04:00	8.4650	8.6017	2477
2026-09-03T11:54:00-04:00	8.4900	8.6012	4202
2026-09-03T11:55:00-04:00	8.4950	8.6007	3974
2026-09-03T11:56:00-04:00	8.4800	8.6000	5167
2026-09-03T11:57:00-04:00	8.4800	8.5999	846
2026-09-03T11:58:00-04:00	8.4800	8.5990	7056
2026-09-03T11:59:00-04:00	8.4700	8.5983	4706
2026-09-03T12:00:00-04:00	8.4800	8.5978	3885
2026-09-03T12:01:00-04:00	8.4800	8.5975	2606
2026-09-03T12:02:00-04:00	8.4700	8.5972	1966
2026-09-03T12:03:00-04:00	8.4700	8.5970	1483
2026-09-03T12:04:00-04:00	8.4550	8.5959	7693
2026-09-03T12:05:00-04:00	8.4550	8.5954	3557
2026-09-03T12:06:00-04:00	8.4550	8.5941	8758
2026-09-03T12:07:00-04:00	8.4500	8.5932	6110
2026-09-03T12:08:00-04:00	8.4450	8.5924	5606
2026-09-03T12:09:00-04:00	8.4400	8.5922	953
2026-09-03T12:10:00-04:00	8.4350	8.5902	12330
2026-09-03T12:11:00-04:00	8.4250	8.5896	3815
2026-09-03T12:12:00-04:00	8.4300	8.5894	1533
2026-09-03T12:13:00-04:00	8.4350	8.5880	8872
2026-09-03T12:14:00-04:00	8.4500	8.5875	3625
2026-09-03T12:15:00-04:00	8.4650	8.5871	2692
2026-09-03T12:16:00-04:00	8.4650	8.5867	3813
2026-09-03T12:17:00-04:00	8.4450	8.5857	7519
2026-09-03T12:18:00-04:00	8.4500	8.5850	4776
2026-09-03T12:19:00-04:00	8.4600	8.5847	2975
2026-09-03T12:20:00-04:00	8.4600	8.5846	977
2026-09-03T12:21:00-04:00	8.4700	8.5842	2997
2026-09-03T12:22:00-04:00	8.4650	8.5840	1730
2026-09-03T12:23:00-04:00	8.4600	8.5838	1806
2026-09-03T12:24:00-04:00	8.4800	8.5828	9401
2026-09-03T12:25:00-04:00	8.4700	8.5826	2019
2026-09-03T12:26:00-04:00	8.4700	8.5815	10153
2026-09-03T12:27:00-04:00	8.4450	8.5802	10650
2026-09-03T12:28:00-04:00	8.4400	8.5795	4942
2026-09-03T12:29:00-04:00	8.4400	8.5788	5927
2026-09-03T12:30:00-04:00	8.4500	8.5787	766
2026-09-03T12:31:00-04:00	8.4500	8.5784	1999
2026-09-03T12:32:00-04:00	8.4400	8.5779	3978
2026-09-03T12:33:00-04:00	8.4600	8.5775	3304
2026-09-03T12:34:00-04:00	8.4650	8.5773	2805
2026-09-03T12:35:00-04:00	8.4500	8.5763	8475
2026-09-03T12:36:00-04:00	8.4500	8.5760	2943
2026-09-03T12:38:00-04:00	8.4600	8.5756	3565
2026-09-03T12:39:00-04:00	8.4700	8.5754	1605
2026-09-03T12:40:00-04:00	8.4600	8.5750	4509
2026-09-03T12:41:00-04:00	8.4600	8.5749	814
2026-09-03T12:42:00-04:00	8.4550	8.5746	3003
2026-09-03T12:43:00-04:00	8.4550	8.5742	3090
2026-09-03T12:44:00-04:00	8.4600	8.5741	1141
2026-09-03T12:45:00-04:00	8.4500	8.5740	920
2026-09-03T12:46:00-04:00	8.4500	8.5739	1130
2026-09-03T12:47:00-04:00	8.4600	8.5736	2456
2026-09-03T12:48:00-04:00	8.4600	8.5735	1300
2026-09-03T12:49:00-04:00	8.4600	8.5730	4545
2026-09-03T12:50:00-04:00	8.4400	8.5716	13182
2026-09-03T12:51:00-04:00	8.4400	8.5708	7249
2026-09-03T12:52:00-04:00	8.4550	8.5704	3598
2026-09-03T12:53:00-04:00	8.4500	8.5699	4386
2026-09-03T12:54:00-04:00	8.4600	8.5696	2905
2026-09-03T12:55:00-04:00	8.4700	8.5694	2794
2026-09-03T12:56:00-04:00	8.4700	8.5693	1535
2026-09-03T12:57:00-04:00	8.4500	8.5690	3078
2026-09-03T12:58:00-04:00	8.4400	8.5688	1130
2026-09-03T12:59:00-04:00	8.4700	8.5684	4759
2026-09-03T13:00:00-04:00	8.4550	8.5680	4053
2026-09-03T13:01:00-04:00	8.4500	8.5677	3298
2026-09-03T13:03:00-04:00	8.4550	8.5676	741
2026-09-03T13:04:00-04:00	8.4500	8.5675	1835
2026-09-03T13:05:00-04:00	8.4550	8.5668	7251
2026-09-03T13:06:00-04:00	8.4550	8.5665	3085
2026-09-03T13:07:00-04:00	8.4600	8.5662	3544
2026-09-03T13:08:00-04:00	8.4600	8.5658	4212
2026-09-03T13:09:00-04:00	8.4600	8.5657	1204
2026-09-03T13:10:00-04:00	8.4550	8.5641	17560
2026-09-03T13:11:00-04:00	8.4500	8.5641	823
2026-09-03T13:12:00-04:00	8.4600	8.5638	2888
2026-09-03T13:13:00-04:00	8.4500	8.5625	13670
2026-09-03T13:14:00-04:00	8.4550	8.5622	4395
2026-09-03T13:15:00-04:00	8.4699	8.5621	1112
2026-09-03T13:16:00-04:00	8.4600	8.5618	3713
2026-09-03T13:17:00-04:00	8.4600	8.5614	4644
2026-09-03T13:18:00-04:00	8.4700	8.5613	1260
2026-09-03T13:19:00-04:00	8.4600	8.5611	2416
2026-09-03T13:20:00-04:00	8.4600	8.5609	3058
2026-09-03T13:21:00-04:00	8.4600	8.5607	2024
2026-09-03T13:22:00-04:00	8.4600	8.5606	1392
2026-09-03T13:23:00-04:00	8.4600	8.5605	1198
2026-09-03T13:24:00-04:00	8.4650	8.5604	1786
2026-09-03T13:25:00-04:00	8.4750	8.5602	2280
2026-09-03T13:26:00-04:00	8.4850	8.5601	2149
2026-09-03T13:27:00-04:00	8.5100	8.5592	19610
2026-09-03T13:28:00-04:00	8.4950	8.5586	11997
2026-09-03T13:29:00-04:00	8.5600	8.5585	8461
2026-09-03T13:30:00-04:00	8.5900	8.5592	47177
2026-09-03T13:31:00-04:00	8.5950	8.5594	8074
2026-09-03T13:32:00-04:00	8.5600	8.5595	7531
2026-09-03T13:33:00-04:00	8.5500	8.5594	5534
2026-09-03T13:34:00-04:00	8.5350	8.5594	4800
2026-09-03T13:35:00-04:00	8.5300	8.5593	1807
2026-09-03T13:36:00-04:00	8.5400	8.5592	5820
2026-09-03T13:37:00-04:00	8.5200	8.5591	7198
2026-09-03T13:38:00-04:00	8.5100	8.5590	1597
2026-09-03T13:39:00-04:00	8.5000	8.5588	4501
2026-09-03T13:40:00-04:00	8.4850	8.5585	7480
2026-09-03T13:41:00-04:00	8.4900	8.5584	2174
2026-09-03T13:42:00-04:00	8.5150	8.5577	19934
2026-09-03T13:43:00-04:00	8.5150	8.5576	4281
2026-09-03T13:44:00-04:00	8.5300	8.5574	5142
2026-09-03T13:45:00-04:00	8.5300	8.5574	728
2026-09-03T13:46:00-04:00	8.5400	8.5573	6132
2026-09-03T13:47:00-04:00	8.5050	8.5570	12054
2026-09-03T13:48:00-04:00	8.5150	8.5569	3899
2026-09-03T13:50:00-04:00	8.4950	8.5566	6414
2026-09-03T13:51:00-04:00	8.4900	8.5565	1896
2026-09-03T13:52:00-04:00	8.4800	8.5565	1579
2026-09-03T13:55:00-04:00	8.5050	8.5561	9176
2026-09-03T13:56:00-04:00	8.5000	8.5560	2261
2026-09-03T13:57:00-04:00	8.5100	8.5559	3240
2026-09-03T13:58:00-04:00	8.5200	8.5559	3201
2026-09-03T13:59:00-04:00	8.5100	8.5558	3548
2026-09-03T14:00:00-04:00	8.5000	8.5556	4806
2026-09-03T14:01:00-04:00	8.4900	8.5555	1901
2026-09-03T14:02:00-04:00	8.4900	8.5554	1365
2026-09-03T14:03:00-04:00	8.4900	8.5554	1688
2026-09-03T14:04:00-04:00	8.4650	8.5548	10000
2026-09-03T14:05:00-04:00	8.4600	8.5547	2954
2026-09-03T14:06:00-04:00	8.4600	8.5545	2306
2026-09-03T14:07:00-04:00	8.4550	8.5543	3117
2026-09-03T14:08:00-04:00	8.4550	8.5540	4448
2026-09-03T14:09:00-04:00	8.4500	8.5539	2295
2026-09-03T14:10:00-04:00	8.4400	8.5534	6307
2026-09-03T14:11:00-04:00	8.4500	8.5531	4293
2026-09-03T14:12:00-04:00	8.4600	8.5530	2701
2026-09-03T14:13:00-04:00	8.4550	8.5529	1151
2026-09-03T14:14:00-04:00	8.4550	8.5528	1636
2026-09-03T14:15:00-04:00	8.4650	8.5525	5433
2026-09-03T14:16:00-04:00	8.4700	8.5522	4146
2026-09-03T14:17:00-04:00	8.4650	8.5518	7599
2026-09-03T14:19:00-04:00	8.4750	8.5517	2524
2026-09-03T14:20:00-04:00	8.4700	8.5515	2591
2026-09-03T14:21:00-04:00	8.4650	8.5511	8634
2026-09-03T14:22:00-04:00	8.4600	8.5509	3671
2026-09-03T14:23:00-04:00	8.4750	8.5506	5202
2026-09-03T14:24:00-04:00	8.4750	8.5506	818
2026-09-03T14:25:00-04:00	8.4750	8.5504	2882
2026-09-03T14:26:00-04:00	8.4650	8.5502	4987
2026-09-03T14:27:00-04:00	8.4650	8.5501	1896
2026-09-03T14:28:00-04:00	8.4700	8.5500	1996
2026-09-03T14:29:00-04:00	8.4700	8.5496	6850
2026-09-03T14:30:00-04:00	8.4700	8.5496	415
2026-09-03T14:31:00-04:00	8.4650	8.5494	3061
2026-09-03T14:32:00-04:00	8.4650	8.5494	1785
2026-09-03T14:33:00-04:00	8.4650	8.5493	930
2026-09-03T14:34:00-04:00	8.4500	8.5489	6321
2026-09-03T14:35:00-04:00	8.4500	8.5488	1823
2026-09-03T14:36:00-04:00	8.4550	8.5487	2419
2026-09-03T14:37:00-04:00	8.4500	8.5486	2011
2026-09-03T14:38:00-04:00	8.4550	8.5485	812
2026-09-03T14:39:00-04:00	8.4300	8.5473	17736
2026-09-03T14:40:00-04:00	8.4350	8.5471	2904
2026-09-03T14:41:00-04:00	8.4300	8.5470	2392
2026-09-03T14:42:00-04:00	8.4250	8.5457	17375
2026-09-03T14:43:00-04:00	8.4300	8.5451	8799
2026-09-03T14:44:00-04:00	8.4300	8.5450	853
2026-09-03T14:45:00-04:00	8.4200	8.5449	2129
2026-09-03T14:46:00-04:00	8.4250	8.5447	2529
2026-09-03T14:47:00-04:00	8.4250	8.5445	2517
2026-09-03T14:48:00-04:00	8.4100	8.5438	8964
2026-09-03T14:49:00-04:00	8.4100	8.5437	1577
2026-09-03T14:50:00-04:00	8.4100	8.5431	7241
2026-09-03T14:51:00-04:00	8.4050	8.5429	2780
2026-09-03T14:52:00-04:00	8.4050	8.5425	4937
2026-09-03T14:53:00-04:00	8.3950	8.5392	38884
2026-09-03T14:54:00-04:00	8.3900	8.5389	3004
2026-09-03T14:55:00-04:00	8.4000	8.5382	9358
2026-09-03T14:56:00-04:00	8.4000	8.5379	3027
2026-09-03T14:57:00-04:00	8.4150	8.5371	11611
2026-09-03T14:58:00-04:00	8.4200	8.5367	5932
2026-09-03T14:59:00-04:00	8.4150	8.5365	3069
2026-09-03T15:00:00-04:00	8.4100	8.5362	3548
2026-09-03T15:01:00-04:00	8.4150	8.5361	2113
2026-09-03T15:02:00-04:00	8.4150	8.5358	3696
2026-09-03T15:03:00-04:00	8.4150	8.5356	3939
2026-09-03T15:04:00-04:00	8.4150	8.5354	2412
2026-09-03T15:05:00-04:00	8.4150	8.5352	2783
2026-09-03T15:06:00-04:00	8.4200	8.5344	13441
2026-09-03T15:07:00-04:00	8.4250	8.5342	3636
2026-09-03T15:08:00-04:00	8.4500	8.5338	7377
2026-09-03T15:09:00-04:00	8.4550	8.5335	7161
2026-09-03T15:10:00-04:00	8.4750	8.5333	6021
2026-09-03T15:11:00-04:00	8.4750	8.5332	3573
2026-09-03T15:12:00-04:00	8.4900	8.5331	3851
2026-09-03T15:13:00-04:00	8.4900	8.5330	3199
2026-09-03T15:14:00-04:00	8.4750	8.5326	11413
2026-09-03T15:15:00-04:00	8.4700	8.5326	988
2026-09-03T15:16:00-04:00	8.4700	8.5323	9299
2026-09-03T15:17:00-04:00	8.4600	8.5322	3232
2026-09-03T15:19:00-04:00	8.4733	8.5321	3431
2026-09-03T15:20:00-04:00	8.4750	8.5320	3270
2026-09-03T15:21:00-04:00	8.4640	8.5318	5495
2026-09-03T15:22:00-04:00	8.4650	8.5317	1478
2026-09-03T15:23:00-04:00	8.5000	8.5313	17822
2026-09-03T15:24:00-04:00	8.5100	8.5312	4170
2026-09-03T15:25:00-04:00	8.5050	8.5312	2011
2026-09-03T15:26:00-04:00	8.5150	8.5311	10894
2026-09-03T15:27:00-04:00	8.5150	8.5311	2819
2026-09-03T15:28:00-04:00	8.5150	8.5310	2679
2026-09-03T15:29:00-04:00	8.5150	8.5310	2676
2026-09-03T15:30:00-04:00	8.4950	8.5308	13574
2026-09-03T15:31:00-04:00	8.4950	8.5307	6695
2026-09-03T15:32:00-04:00	8.4950	8.5306	4495
2026-09-03T15:33:00-04:00	8.4920	8.5305	3471
2026-09-03T15:34:00-04:00	8.4950	8.5305	3830
2026-09-03T15:35:00-04:00	8.4900	8.5302	12286
2026-09-03T15:36:00-04:00	8.4850	8.5301	3376
2026-09-03T15:37:00-04:00	8.5000	8.5300	6784
2026-09-03T15:38:00-04:00	8.4900	8.5299	2433
2026-09-03T15:39:00-04:00	8.4873	8.5296	14727
2026-09-03T15:40:00-04:00	8.4700	8.5286	31113
2026-09-03T15:41:00-04:00	8.4800	8.5284	7201
2026-09-03T15:42:00-04:00	8.4800	8.5283	7217
2026-09-03T15:43:00-04:00	8.4750	8.5281	5743
2026-09-03T15:44:00-04:00	8.4750	8.5280	4348
2026-09-03T15:45:00-04:00	8.4750	8.5277	10076
2026-09-03T15:46:00-04:00	8.4750	8.5275	7375
2026-09-03T15:47:00-04:00	8.4800	8.5273	11023
2026-09-03T15:48:00-04:00	8.4800	8.5271	5749
2026-09-03T15:49:00-04:00	8.4700	8.5269	10583
2026-09-03T15:50:00-04:00	8.4750	8.5267	8805
2026-09-03T15:51:00-04:00	8.4750	8.5264	11746
2026-09-03T15:52:00-04:00	8.4950	8.5261	15298
2026-09-03T15:53:00-04:00	8.4750	8.5257	20331
2026-09-03T15:54:00-04:00	8.4700	8.5255	5528
2026-09-03T15:55:00-04:00	8.4750	8.5249	28243
2026-09-03T15:56:00-04:00	8.4600	8.5237	39807
2026-09-03T15:57:00-04:00	8.4650	8.5232	19371
2026-09-03T15:58:00-04:00	8.4450	8.5212	63192
2026-09-03T15:59:00-04:00	8.5150	8.5197	117096
2026-09-04T09:30:00-04:00	8.7200	8.6333	105214
2026-09-04T09:31:00-04:00	8.6250	8.6356	12173
2026-09-04T09:32:00-04:00	8.6250	8.6359	5516
2026-09-04T09:33:00-04:00	8.6750	8.6456	21475
2026-09-04T09:34:00-04:00	8.6500	8.6461	5195
2026-09-04T09:35:00-04:00	8.6300	8.6462	27009
2026-09-04T09:36:00-04:00	8.6400	8.6453	16497
2026-09-04T09:37:00-04:00	8.6100	8.6439	12404
2026-09-04T09:38:00-04:00	8.5100	8.6360	19737
2026-09-04T09:39:00-04:00	8.5514	8.6316	10515
2026-09-04T09:40:00-04:00	8.5300	8.6306	2752
2026-09-04T09:41:00-04:00	8.5800	8.6283	11926
2026-09-04T09:42:00-04:00	8.6550	8.6284	841
2026-09-04T09:43:00-04:00	8.6200	8.6284	2898
2026-09-04T09:44:00-04:00	8.6300	8.6286	3420
2026-09-04T09:45:00-04:00	8.6550	8.6289	3626
2026-09-04T09:46:00-04:00	8.6200	8.6284	9251
2026-09-04T09:47:00-04:00	8.6550	8.6292	19466
2026-09-04T09:48:00-04:00	8.7200	8.6339	23078
2026-09-04T09:49:00-04:00	8.6600	8.6362	16560
2026-09-04T09:50:00-04:00	8.6700	8.6367	3533
2026-09-04T09:51:00-04:00	8.6600	8.6374	10407
2026-09-04T09:52:00-04:00	8.7200	8.6385	5672
2026-09-04T09:53:00-04:00	8.7000	8.6397	5850
2026-09-04T09:54:00-04:00	8.7300	8.6458	23871
2026-09-04T09:55:00-04:00	8.7540	8.6478	7312
2026-09-04T09:56:00-04:00	8.8100	8.6518	11081
2026-09-04T09:57:00-04:00	8.7600	8.6558	12890
2026-09-04T09:58:00-04:00	8.7850	8.6607	17080
2026-09-04T09:59:00-04:00	8.7400	8.6719	61294
2026-09-04T10:00:00-04:00	8.7600	8.6722	1483
2026-09-04T10:01:00-04:00	8.7550	8.6731	5596
2026-09-04T10:02:00-04:00	8.6300	8.6731	13743
2026-09-04T10:03:00-04:00	8.6200	8.6724	7330
2026-09-04T10:04:00-04:00	8.6200	8.6720	3950
2026-09-04T10:05:00-04:00	8.6350	8.6685	29677
2026-09-04T10:06:00-04:00	8.6400	8.6682	6282
2026-09-04T10:07:00-04:00	8.6700	8.6681	3248
2026-09-04T10:08:00-04:00	8.6600	8.6681	5811
2026-09-04T10:09:00-04:00	8.6800	8.6682	4220
2026-09-04T10:10:00-04:00	8.6899	8.6683	5027
2026-09-04T10:11:00-04:00	8.6600	8.6683	3055
2026-09-04T10:12:00-04:00	8.6392	8.6681	4712
2026-09-04T10:13:00-04:00	8.6404	8.6680	2220
2026-09-04T10:14:00-04:00	8.6600	8.6678	8523
2026-09-04T10:15:00-04:00	8.6750	8.6679	4281
2026-09-04T10:16:00-04:00	8.6700	8.6679	2694
2026-09-04T10:17:00-04:00	8.6750	8.6680	5637
2026-09-04T10:18:00-04:00	8.6800	8.6680	799
2026-09-04T10:19:00-04:00	8.6800	8.6686	23122
2026-09-04T10:20:00-04:00	8.7000	8.6689	5196
2026-09-04T10:21:00-04:00	8.7100	8.6690	2452
2026-09-04T10:22:00-04:00	8.7000	8.6692	3629
2026-09-04T10:23:00-04:00	8.7100	8.6693	1969
2026-09-04T10:24:00-04:00	8.7200	8.6694	258
2026-09-04T10:25:00-04:00	8.7200	8.6697	4357
2026-09-04T10:26:00-04:00	8.7050	8.6700	4529
2026-09-04T10:27:00-04:00	8.7200	8.6703	3476
2026-09-04T10:28:00-04:00	8.7400	8.6709	6788
2026-09-04T10:29:00-04:00	8.7800	8.6717	6043
2026-09-04T10:30:00-04:00	8.7700	8.6730	8052
2026-09-04T10:31:00-04:00	8.7350	8.6748	17061
2026-09-04T10:32:00-04:00	8.7200	8.6751	3693
2026-09-04T10:33:00-04:00	8.6950	8.6753	4332
2026-09-04T10:34:00-04:00	8.6900	8.6753	2133
2026-09-04T10:35:00-04:00	8.6800	8.6753	1350
2026-09-04T10:36:00-04:00	8.6800	8.6753	859
2026-09-04T10:37:00-04:00	8.6700	8.6753	4322
2026-09-04T10:39:00-04:00	8.6900	8.6753	2735
2026-09-04T10:40:00-04:00	8.7000	8.6754	4071
2026-09-04T10:41:00-04:00	8.7100	8.6755	431
2026-09-04T10:42:00-04:00	8.6900	8.6756	4873
2026-09-04T10:43:00-04:00	8.7000	8.6758	6825
2026-09-04T10:44:00-04:00	8.7100	8.6759	1196
2026-09-04T10:45:00-04:00	8.7300	8.6762	4543
2026-09-04T10:46:00-04:00	8.7350	8.6764	2864
2026-09-04T10:47:00-04:00	8.7200	8.6766	2844
2026-09-04T10:48:00-04:00	8.7040	8.6767	1750
2026-09-04T10:49:00-04:00	8.7200	8.6768	1839
2026-09-04T10:50:00-04:00	8.7100	8.6769	2408
2026-09-04T10:51:00-04:00	8.7050	8.6770	2057
2026-09-04T10:52:00-04:00	8.7200	8.6773	5496
2026-09-04T10:53:00-04:00	8.7000	8.6778	10722
2026-09-04T10:54:00-04:00	8.7300	8.6781	5716
2026-09-04T10:55:00-04:00	8.7600	8.6797	17647
2026-09-04T10:56:00-04:00	8.7200	8.6800	5746
2026-09-04T10:57:00-04:00	8.7400	8.6816	23613
2026-09-04T10:58:00-04:00	8.7700	8.6817	1394
2026-09-04T10:59:00-04:00	8.7900	8.6826	6946
2026-09-04T11:00:00-04:00	8.8000	8.6836	7612
2026-09-04T11:01:00-04:00	8.8000	8.6848	8363
2026-09-04T11:02:00-04:00	8.7900	8.6855	5652
2026-09-04T11:03:00-04:00	8.7900	8.6860	4171
2026-09-04T11:04:00-04:00	8.8100	8.6866	4321
2026-09-04T11:05:00-04:00	8.8200	8.6868	792
2026-09-04T11:06:00-04:00	8.8000	8.6881	9319
2026-09-04T11:07:00-04:00	8.7900	8.6889	6748
2026-09-04T11:08:00-04:00	8.7800	8.6893	4080
2026-09-04T11:09:00-04:00	8.7800	8.6900	6940
2026-09-04T11:10:00-04:00	8.7800	8.6903	2803
2026-09-04T11:11:00-04:00	8.7600	8.6905	2374
2026-09-04T11:12:00-04:00	8.7650	8.6907	2487
2026-09-04T11:13:00-04:00	8.7350	8.6914	14170
2026-09-04T11:14:00-04:00	8.7850	8.6923	9631
2026-09-04T11:15:00-04:00	8.8100	8.6925	2045
2026-09-04T11:16:00-04:00	8.7900	8.6959	28303
2026-09-04T11:17:00-04:00	8.7850	8.6962	2451
2026-09-04T11:18:00-04:00	8.8000	8.6966	4215
2026-09-04T11:19:00-04:00	8.8150	8.6980	11687
2026-09-04T11:20:00-04:00	8.8200	8.6989	7555
2026-09-04T11:21:00-04:00	8.8300	8.6994	3712
2026-09-04T11:22:00-04:00	8.8100	8.6998	3552
2026-09-04T11:23:00-04:00	8.8200	8.7003	3833
2026-09-04T11:24:00-04:00	8.8200	8.7006	2804
2026-09-04T11:25:00-04:00	8.8000	8.7011	4670
2026-09-04T11:26:00-04:00	8.7900	8.7013	2442
2026-09-04T11:27:00-04:00	8.7800	8.7020	8748
2026-09-04T11:28:00-04:00	8.7800	8.7022	2405
2026-09-04T11:29:00-04:00	8.7900	8.7025	3805
2026-09-04T11:30:00-04:00	8.7600	8.7028	3551
2026-09-04T11:31:00-04:00	8.7400	8.7031	8041
2026-09-04T11:32:00-04:00	8.7400	8.7032	3681
2026-09-04T11:33:00-04:00	8.7693	8.7034	2985
2026-09-04T11:34:00-04:00	8.7600	8.7035	1147
2026-09-04T11:35:00-04:00	8.7900	8.7044	13078
2026-09-04T11:36:00-04:00	8.8100	8.7049	5379
2026-09-04T11:37:00-04:00	8.8100	8.7053	4042
2026-09-04T11:38:00-04:00	8.8400	8.7065	10044
2026-09-04T11:39:00-04:00	8.8500	8.7085	15199
2026-09-04T11:40:00-04:00	8.8600	8.7093	6134
2026-09-04T11:41:00-04:00	8.8501	8.7100	4852
2026-09-04T11:43:00-04:00	8.8600	8.7108	6039
2026-09-04T11:44:00-04:00	8.8550	8.7110	1481
2026-09-04T11:45:00-04:00	8.8500	8.7114	3700
2026-09-04T11:46:00-04:00	8.8550	8.7118	3314
2026-09-04T11:47:00-04:00	8.8300	8.7123	4384
2026-09-04T11:48:00-04:00	8.8300	8.7128	3832
2026-09-04T11:49:00-04:00	8.8600	8.7135	6328
2026-09-04T11:50:00-04:00	8.8540	8.7136	647
2026-09-04T11:51:00-04:00	8.8350	8.7142	5414
2026-09-04T11:52:00-04:00	8.8150	8.7145	2830
2026-09-04T11:53:00-04:00	8.8250	8.7150	5199
2026-09-04T11:54:00-04:00	8.8200	8.7152	2260
2026-09-04T11:55:00-04:00	8.8300	8.7155	2765
2026-09-04T11:56:00-04:00	8.8350	8.7157	1713
2026-09-04T11:57:00-04:00	8.8250	8.7158	1141
2026-09-04T11:58:00-04:00	8.8350	8.7163	4747
2026-09-04T11:59:00-04:00	8.8300	8.7168	5571
2026-09-04T12:00:00-04:00	8.8200	8.7173	4793
2026-09-04T12:01:00-04:00	8.8150	8.7173	314
2026-09-04T12:02:00-04:00	8.8200	8.7178	6003
2026-09-04T12:03:00-04:00	8.8035	8.7182	4598
2026-09-04T12:04:00-04:00	8.8050	8.7182	705
2026-09-04T12:05:00-04:00	8.8150	8.7184	2138
2026-09-04T12:06:00-04:00	8.8100	8.7185	1084
2026-09-04T12:07:00-04:00	8.8200	8.7187	3045
2026-09-04T12:08:00-04:00	8.8250	8.7188	518
2026-09-04T12:09:00-04:00	8.8250	8.7194	6823
2026-09-04T12:10:00-04:00	8.8250	8.7195	1313
2026-09-04T12:11:00-04:00	8.8350	8.7207	12216
2026-09-04T12:12:00-04:00	8.8350	8.7209	1398
2026-09-04T12:13:00-04:00	8.8350	8.7211	2134
2026-09-04T12:14:00-04:00	8.8350	8.7211	680
2026-09-04T12:15:00-04:00	8.8300	8.7214	3206
2026-09-04T12:16:00-04:00	8.8200	8.7217	3619
2026-09-04T12:17:00-04:00	8.8250	8.7219	1603
2026-09-04T12:18:00-04:00	8.8250	8.7219	673
2026-09-04T12:19:00-04:00	8.8250	8.7220	1460
2026-09-04T12:20:00-04:00	8.8450	8.7225	4537
2026-09-04T12:21:00-04:00	8.8550	8.7239	13117
2026-09-04T12:22:00-04:00	8.8600	8.7243	3203
2026-09-04T12:23:00-04:00	8.8650	8.7243	685
2026-09-04T12:24:00-04:00	8.8600	8.7247	3323
2026-09-04T12:25:00-04:00	8.8600	8.7251	3297
2026-09-04T12:26:00-04:00	8.8550	8.7252	1291
2026-09-04T12:27:00-04:00	8.8550	8.7254	1992
2026-09-04T12:28:00-04:00	8.8550	8.7254	212
2026-09-04T12:29:00-04:00	8.8500	8.7258	3992
2026-09-04T12:30:00-04:00	8.8250	8.7262	3947
2026-09-04T12:31:00-04:00	8.8250	8.7263	1172
2026-09-04T12:32:00-04:00	8.8100	8.7266	4682
2026-09-04T12:33:00-04:00	8.8150	8.7267	1846
2026-09-04T12:34:00-04:00	8.8050	8.7268	1790
2026-09-04T12:35:00-04:00	8.8050	8.7269	859
2026-09-04T12:36:00-04:00	8.8050	8.7269	1127
2026-09-04T12:37:00-04:00	8.8100	8.7271	2356
2026-09-04T12:38:00-04:00	8.7900	8.7272	2692
2026-09-04T12:39:00-04:00	8.7850	8.7273	1005
2026-09-04T12:40:00-04:00	8.7650	8.7274	3931
2026-09-04T12:41:00-04:00	8.7650	8.7275	1407
2026-09-04T12:42:00-04:00	8.7600	8.7276	3885
2026-09-04T12:43:00-04:00	8.7650	8.7276	1578
2026-09-04T12:44:00-04:00	8.7650	8.7277	3655
2026-09-04T12:45:00-04:00	8.7701	8.7278	1511
2026-09-04T12:46:00-04:00	8.7900	8.7281	6592
2026-09-04T12:47:00-04:00	8.8050	8.7282	2035
2026-09-04T12:48:00-04:00	8.8100	8.7283	1290
2026-09-04T12:49:00-04:00	8.8250	8.7285	3309
2026-09-04T12:50:00-04:00	8.8300	8.7286	936
2026-09-04T12:51:00-04:00	8.8450	8.7287	1627
2026-09-04T12:53:00-04:00	8.8450	8.7289	1562
2026-09-04T12:54:00-04:00	8.8350	8.7294	6121
2026-09-04T12:55:00-04:00	8.8250	8.7297	3839
2026-09-04T12:56:00-04:00	8.8250	8.7299	3390
2026-09-04T12:57:00-04:00	8.8300	8.7301	2101
2026-09-04T12:58:00-04:00	8.8250	8.7302	1240
2026-09-04T12:59:00-04:00	8.8200	8.7303	1980
2026-09-04T13:00:00-04:00	8.8000	8.7306	4201
2026-09-04T13:01:00-04:00	8.8000	8.7306	910
2026-09-04T13:02:00-04:00	8.8050	8.7307	895
2026-09-04T13:03:00-04:00	8.8000	8.7314	13437
2026-09-04T13:04:00-04:00	8.8100	8.7315	754
2026-09-04T13:05:00-04:00	8.8100	8.7316	1937
2026-09-04T13:06:00-04:00	8.8100	8.7319	5626
2026-09-04T13:07:00-04:00	8.8100	8.7320	1416
2026-09-04T13:08:00-04:00	8.8300	8.7323	4504
2026-09-04T13:09:00-04:00	8.8250	8.7323	616
2026-09-04T13:10:00-04:00	8.8250	8.7324	982
2026-09-04T13:11:00-04:00	8.8300	8.7326	2172
2026-09-04T13:12:00-04:00	8.8400	8.7330	5691
2026-09-04T13:13:00-04:00	8.8400	8.7331	618
2026-09-04T13:14:00-04:00	8.8450	8.7332	1208
2026-09-04T13:15:00-04:00	8.8500	8.7337	5893
2026-09-04T13:16:00-04:00	8.8550	8.7337	594
2026-09-04T13:17:00-04:00	8.8400	8.7340	3830
2026-09-04T13:18:00-04:00	8.8550	8.7344	3769
2026-09-04T13:19:00-04:00	8.8550	8.7345	985
2026-09-04T13:20:00-04:00	8.8550	8.7349	5140
2026-09-04T13:21:00-04:00	8.8400	8.7350	1227
2026-09-04T13:22:00-04:00	8.8300	8.7352	2362
2026-09-04T13:23:00-04:00	8.8450	8.7357	6892
2026-09-04T13:24:00-04:00	8.8500	8.7359	1893
2026-09-04T13:25:00-04:00	8.8500	8.7360	1452
2026-09-04T13:27:00-04:00	8.8550	8.7361	1833
2026-09-04T13:28:00-04:00	8.8600	8.7383	24274
2026-09-04T13:29:00-04:00	8.8600	8.7422	46439
2026-09-04T13:30:00-04:00	8.8600	8.7424	3050
2026-09-04T13:31:00-04:00	8.8600	8.7426	1510
2026-09-04T13:32:00-04:00	8.8850	8.7438	14634
2026-09-04T13:33:00-04:00	8.8900	8.7443	4883
2026-09-04T13:34:00-04:00	8.8700	8.7446	2602
2026-09-04T13:35:00-04:00	8.8600	8.7447	1419
2026-09-04T13:36:00-04:00	8.8600	8.7447	1138
2026-09-04T13:37:00-04:00	8.8600	8.7450	3183
2026-09-04T13:38:00-04:00	8.8550	8.7451	1602
2026-09-04T13:39:00-04:00	8.8150	8.7454	4928
2026-09-04T13:40:00-04:00	8.7900	8.7455	3086
2026-09-04T13:41:00-04:00	8.7900	8.7455	1088
2026-09-04T13:42:00-04:00	8.7850	8.7456	2343
2026-09-04T13:43:00-04:00	8.7850	8.7456	2032
2026-09-04T13:44:00-04:00	8.7900	8.7457	2970
2026-09-04T13:45:00-04:00	8.7800	8.7457	269
2026-09-04T13:46:00-04:00	8.7750	8.7458	3120
2026-09-04T13:47:00-04:00	8.7800	8.7459	3937
2026-09-04T13:48:00-04:00	8.7800	8.7460	6100
2026-09-04T13:49:00-04:00	8.7899	8.7460	843
2026-09-04T13:50:00-04:00	8.7500	8.7461	13154
2026-09-04T13:51:00-04:00	8.7500	8.7461	1327
2026-09-04T13:52:00-04:00	8.7500	8.7461	151
2026-09-04T13:53:00-04:00	8.7500	8.7461	3293
2026-09-04T13:54:00-04:00	8.7550	8.7461	1583
2026-09-04T13:55:00-04:00	8.7550	8.7462	3378
2026-09-04T13:56:00-04:00	8.7500	8.7462	930
2026-09-04T13:57:00-04:00	8.7500	8.7462	1602
2026-09-04T13:58:00-04:00	8.7700	8.7463	8224
2026-09-04T13:59:00-04:00	8.7700	8.7465	13533
2026-09-04T14:00:00-04:00	8.8000	8.7468	12675
2026-09-04T14:01:00-04:00	8.8099	8.7469	805
2026-09-04T14:02:00-04:00	8.8100	8.7469	1353
2026-09-04T14:03:00-04:00	8.8050	8.7470	1919
2026-09-04T14:04:00-04:00	8.8100	8.7471	2053
2026-09-04T14:05:00-04:00	8.8050	8.7472	3218
2026-09-04T14:07:00-04:00	8.7800	8.7473	3504
2026-09-04T14:08:00-04:00	8.7750	8.7473	2365
2026-09-04T14:09:00-04:00	8.7750	8.7474	3902
2026-09-04T14:10:00-04:00	8.7600	8.7474	1999
2026-09-04T14:11:00-04:00	8.7700	8.7474	1715
2026-09-04T14:12:00-04:00	8.7600	8.7474	752
2026-09-04T14:13:00-04:00	8.7700	8.7474	1767
2026-09-04T14:14:00-04:00	8.7700	8.7475	2144
2026-09-04T14:15:00-04:00	8.7500	8.7475	4801
2026-09-04T14:16:00-04:00	8.7500	8.7475	10535
2026-09-04T14:17:00-04:00	8.7500	8.7476	5984
2026-09-04T14:18:00-04:00	8.7600	8.7476	3771
2026-09-04T14:19:00-04:00	8.7550	8.7476	646
2026-09-04T14:20:00-04:00	8.7550	8.7476	1403
2026-09-04T14:21:00-04:00	8.7550	8.7476	794
2026-09-04T14:22:00-04:00	8.7550	8.7476	2221
2026-09-04T14:23:00-04:00	8.7700	8.7476	4537
2026-09-04T14:24:00-04:00	8.7650	8.7477	1759
2026-09-04T14:25:00-04:00	8.7650	8.7477	2746
2026-09-04T14:26:00-04:00	8.7650	8.7477	326
2026-09-04T14:27:00-04:00	8.7650	8.7477	1631
2026-09-04T14:28:00-04:00	8.7649	8.7477	2038
2026-09-04T14:29:00-04:00	8.7750	8.7478	4157
2026-09-04T14:30:00-04:00	8.7850	8.7479	3380
2026-09-04T14:31:00-04:00	8.7700	8.7480	5884
2026-09-04T14:32:00-04:00	8.7700	8.7480	1370
2026-09-04T14:33:00-04:00	8.7700	8.7480	2043
2026-09-04T14:34:00-04:00	8.8000	8.7482	5743
2026-09-04T14:35:00-04:00	8.7950	8.7482	1512
2026-09-04T14:36:00-04:00	8.7700	8.7484	10958
2026-09-04T14:37:00-04:00	8.7700	8.7484	1723
2026-09-04T14:38:00-04:00	8.7700	8.7484	391
2026-09-04T14:39:00-04:00	8.7750	8.7485	2298
2026-09-04T14:40:00-04:00	8.7750	8.7485	1628
2026-09-04T14:41:00-04:00	8.7750	8.7485	1432
2026-09-04T14:42:00-04:00	8.7750	8.7486	1383
2026-09-04T14:43:00-04:00	8.7750	8.7486	1462
2026-09-04T14:44:00-04:00	8.7761	8.7486	1780
2026-09-04T14:45:00-04:00	8.7800	8.7486	1488
2026-09-04T14:46:00-04:00	8.7750	8.7487	1241
2026-09-04T14:47:00-04:00	8.7750	8.7487	4700
2026-09-04T14:48:00-04:00	8.7750	8.7488	1202
2026-09-04T14:49:00-04:00	8.7750	8.7488	5410
2026-09-04T14:50:00-04:00	8.7800	8.7489	2491
2026-09-04T14:51:00-04:00	8.7900	8.7490	4720
2026-09-04T14:52:00-04:00	8.7900	8.7490	1809
2026-09-04T14:53:00-04:00	8.7850	8.7490	676
2026-09-04T14:54:00-04:00	8.7850	8.7490	854
2026-09-04T14:55:00-04:00	8.7850	8.7493	11586
2026-09-04T14:56:00-04:00	8.7850	8.7493	1083
2026-09-04T14:57:00-04:00	8.7950	8.7494	4236
2026-09-04T14:58:00-04:00	8.8000	8.7495	2761
2026-09-04T14:59:00-04:00	8.8000	8.7495	2259
2026-09-04T15:00:00-04:00	8.7950	8.7495	280
2026-09-04T15:01:00-04:00	8.8050	8.7498	8528
2026-09-04T15:02:00-04:00	8.8050	8.7499	1812
2026-09-04T15:03:00-04:00	8.7950	8.7501	6648
2026-09-04T15:04:00-04:00	8.7950	8.7502	4734
2026-09-04T15:05:00-04:00	8.7950	8.7502	140
2026-09-04T15:06:00-04:00	8.7950	8.7503	3779
2026-09-04T15:07:00-04:00	8.7950	8.7503	2021
2026-09-04T15:08:00-04:00	8.8000	8.7503	203
2026-09-04T15:09:00-04:00	8.8001	8.7505	7678
2026-09-04T15:10:00-04:00	8.8050	8.7507	4270
2026-09-04T15:11:00-04:00	8.8050	8.7508	4835
2026-09-04T15:12:00-04:00	8.8050	8.7509	1409
2026-09-04T15:13:00-04:00	8.8050	8.7510	6154
2026-09-04T15:14:00-04:00	8.8150	8.7513	6450
2026-09-04T15:15:00-04:00	8.8250	8.7515	5117
2026-09-04T15:16:00-04:00	8.8250	8.7515	1248
2026-09-04T15:17:00-04:00	8.8200	8.7520	11428
2026-09-04T15:18:00-04:00	8.8250	8.7520	1546
2026-09-04T15:19:00-04:00	8.8242	8.7525	12047
2026-09-04T15:20:00-04:00	8.8250	8.7525	1639
2026-09-04T15:21:00-04:00	8.8250	8.7526	1598
2026-09-04T15:22:00-04:00	8.8300	8.7528	5839
2026-09-04T15:23:00-04:00	8.8400	8.7530	3758
2026-09-04T15:24:00-04:00	8.8450	8.7532	3488
2026-09-04T15:25:00-04:00	8.8450	8.7534	3713
2026-09-04T15:26:00-04:00	8.8550	8.7536	4953
2026-09-04T15:27:00-04:00	8.8518	8.7537	2204
2026-09-04T15:28:00-04:00	8.8550	8.7539	3549
2026-09-04T15:29:00-04:00	8.8550	8.7541	2681
2026-09-04T15:30:00-04:00	8.8750	8.7548	11147
2026-09-04T15:31:00-04:00	8.8800	8.7553	7957
2026-09-04T15:32:00-04:00	8.9050	8.7563	13326
2026-09-04T15:33:00-04:00	8.9150	8.7571	9736
2026-09-04T15:34:00-04:00	8.9200	8.7573	3033
2026-09-04T15:35:00-04:00	8.8950	8.7584	14296
2026-09-04T15:36:00-04:00	8.8950	8.7588	5623
2026-09-04T15:37:00-04:00	8.9000	8.7596	10873
2026-09-04T15:38:00-04:00	8.9044	8.7600	5221
2026-09-04T15:39:00-04:00	8.8950	8.7611	15916
2026-09-04T15:40:00-04:00	8.8800	8.7617	9596
2026-09-04T15:41:00-04:00	8.8700	8.7620	6955
2026-09-04T15:42:00-04:00	8.8650	8.7624	7797
2026-09-04T15:43:00-04:00	8.8650	8.7627	5449
2026-09-04T15:44:00-04:00	8.8700	8.7630	5841
2026-09-04T15:45:00-04:00	8.8650	8.7641	22271
2026-09-04T15:46:00-04:00	8.8700	8.7646	9066
2026-09-04T15:47:00-04:00	8.8750	8.7649	4713
2026-09-04T15:48:00-04:00	8.8900	8.7658	16004
2026-09-04T15:49:00-04:00	8.8700	8.7666	13704
2026-09-04T15:50:00-04:00	8.8750	8.7672	11556
2026-09-04T15:51:00-04:00	8.8950	8.7681	16273
2026-09-04T15:52:00-04:00	8.8950	8.7686	8290
2026-09-04T15:53:00-04:00	8.8650	8.7702	32020
2026-09-04T15:54:00-04:00	8.8850	8.7713	21167
2026-09-04T15:55:00-04:00	8.8850	8.7717	7806
2026-09-04T15:56:00-04:00	8.9200	8.7736	31120
2026-09-04T15:57:00-04:00	8.9150	8.7767	49099
2026-09-04T15:58:00-04:00	8.9200	8.7808	65959
2026-09-04T15:59:00-04:00	8.9500	8.7903	140943
2026-09-08T09:30:00-04:00	9.0500	9.0067	70714
2026-09-08T09:31:00-04:00	9.0350	9.0242	40212
2026-09-08T09:32:00-04:00	8.9800	9.0229	5333
2026-09-08T09:33:00-04:00	8.9250	9.0173	8020
2026-09-08T09:34:00-04:00	8.7700	8.9993	12428
2026-09-08T09:35:00-04:00	8.8200	8.9856	10663
2026-09-08T09:36:00-04:00	8.8250	8.9831	2401
2026-09-08T09:37:00-04:00	8.8000	8.9716	10658
2026-09-08T09:38:00-04:00	8.7950	8.9707	904
2026-09-08T09:39:00-04:00	8.8150	8.9639	6867
2026-09-08T09:40:00-04:00	8.8450	8.9570	8757
2026-09-08T09:41:00-04:00	8.8200	8.9536	4988
2026-09-08T09:42:00-04:00	8.8251	8.9518	2635
2026-09-08T09:43:00-04:00	8.8300	8.9504	2071
2026-09-08T09:44:00-04:00	8.8700	8.9473	6226
2026-09-08T09:45:00-04:00	8.9450	8.9471	2209
2026-09-08T09:46:00-04:00	8.9550	8.9472	2884
2026-09-08T09:47:00-04:00	8.9100	8.9454	10890
2026-09-08T09:48:00-04:00	8.8900	8.9449	2201
2026-09-08T09:49:00-04:00	8.9100	8.9447	994
2026-09-08T09:50:00-04:00	8.8700	8.9432	5127
2026-09-08T09:51:00-04:00	8.8250	8.9396	7686
2026-09-08T09:52:00-04:00	8.8200	8.9378	3764
2026-09-08T09:53:00-04:00	8.8450	8.9361	4207
2026-09-08T09:54:00-04:00	8.8700	8.9342	5678
2026-09-08T09:55:00-04:00	8.8600	8.9341	542
2026-09-08T09:56:00-04:00	8.8850	8.9332	4336
2026-09-08T09:57:00-04:00	8.9300	8.9326	5337
2026-09-08T09:58:00-04:00	8.9050	8.9322	2689
2026-09-08T09:59:00-04:00	8.8500	8.9300	8583
2026-09-08T10:00:00-04:00	8.8700	8.9293	3196
2026-09-08T10:01:00-04:00	8.9200	8.9292	1454
2026-09-08T10:02:00-04:00	8.9000	8.9290	1913
2026-09-08T10:03:00-04:00	8.9400	8.9290	2573
2026-09-08T10:04:00-04:00	8.9550	8.9291	2719
2026-09-08T10:05:00-04:00	8.8850	8.9281	11513
2026-09-08T10:06:00-04:00	8.8850	8.9279	993
2026-09-08T10:07:00-04:00	8.8400	8.9273	2421
2026-09-08T10:08:00-04:00	8.8300	8.9260	4213
2026-09-08T10:09:00-04:00	8.7650	8.9215	9401
2026-09-08T10:10:00-04:00	8.7400	8.9166	8809
2026-09-08T10:11:00-04:00	8.7600	8.9145	4065
2026-09-08T10:12:00-04:00	8.7750	8.9142	619
2026-09-08T10:13:00-04:00	8.7600	8.9123	3909
2026-09-08T10:14:00-04:00	8.7450	8.9081	8096
2026-09-08T10:15:00-04:00	8.8000	8.9063	4430
2026-09-08T10:16:00-04:00	8.7800	8.9058	1435
2026-09-08T10:17:00-04:00	8.8050	8.9055	1008
2026-09-08T10:18:00-04:00	8.8100	8.9052	857
2026-09-08T10:19:00-04:00	8.8300	8.9041	5130
2026-09-08T10:20:00-04:00	8.8500	8.9039	1306
2026-09-08T10:21:00-04:00	8.8500	8.9034	3054
2026-09-08T10:22:00-04:00	8.8700	8.9031	2680
2026-09-08T10:23:00-04:00	8.8550	8.9029	2349
2026-09-08T10:24:00-04:00	8.8228	8.9009	9698
2026-09-08T10:25:00-04:00	8.8450	8.9002	4443
2026-09-08T10:26:00-04:00	8.8100	8.8989	5652
2026-09-08T10:27:00-04:00	8.7950	8.8981	3111
2026-09-08T10:28:00-04:00	8.7950	8.8975	2263
2026-09-08T10:29:00-04:00	8.7800	8.8929	14994
2026-09-08T10:30:00-04:00	8.7800	8.8922	2363
2026-09-08T10:31:00-04:00	8.7800	8.8916	1980
2026-09-08T10:32:00-04:00	8.7800	8.8899	5902
2026-09-08T10:33:00-04:00	8.7800	8.8896	985
2026-09-08T10:34:00-04:00	8.7602	8.8885	3536
2026-09-08T10:35:00-04:00	8.7600	8.8846	11883
2026-09-08T10:36:00-04:00	8.7700	8.8837	3107
2026-09-08T10:37:00-04:00	8.7600	8.8834	1038
2026-09-08T10:38:00-04:00	8.7900	8.8825	3811
2026-09-08T10:39:00-04:00	8.7900	8.8818	3378
2026-09-08T10:40:00-04:00	8.7900	8.8815	1334
2026-09-08T10:41:00-04:00	8.7400	8.8791	8341
2026-09-08T10:42:00-04:00	8.7286	8.8772	5817
2026-09-08T10:43:00-04:00	8.7200	8.8753	5270
2026-09-08T10:44:00-04:00	8.7200	8.8745	2229
2026-09-08T10:45:00-04:00	8.7300	8.8728	5397
2026-09-08T10:46:00-04:00	8.7400	8.8718	3094
2026-09-08T10:47:00-04:00	8.7697	8.8701	7369
2026-09-08T10:48:00-04:00	8.7700	8.8699	955
2026-09-08T10:49:00-04:00	8.7550	8.8690	3780
2026-09-08T10:50:00-04:00	8.7700	8.8682	3294
2026-09-08T10:51:00-04:00	8.7697	8.8679	1764
2026-09-08T10:52:00-04:00	8.7510	8.8661	7380
2026-09-08T10:53:00-04:00	8.7400	8.8637	9448
2026-09-08T10:54:00-04:00	8.7401	8.8634	945
2026-09-08T10:56:00-04:00	8.7300	8.8625	3805
2026-09-08T10:57:00-04:00	8.7350	8.8621	1439
2026-09-08T10:58:00-04:00	8.7200	8.8618	1158
2026-09-08T10:59:00-04:00	8.7400	8.8606	4534
2026-09-08T11:00:00-04:00	8.7500	8.8604	779
2026-09-08T11:01:00-04:00	8.7400	8.8585	8856
2026-09-08T11:02:00-04:00	8.7500	8.8581	1711
2026-09-08T11:03:00-04:00	8.8600	8.8565	23668
2026-09-08T11:04:00-04:00	8.8500	8.8564	5723
2026-09-08T11:05:00-04:00	8.8500	8.8564	3866
2026-09-08T11:06:00-04:00	8.8400	8.8563	6119
2026-09-08T11:07:00-04:00	8.8200	8.8560	5577
2026-09-08T11:08:00-04:00	8.8173	8.8559	975
2026-09-08T11:09:00-04:00	8.8250	8.8558	1203
2026-09-08T11:10:00-04:00	8.8200	8.8556	4946
2026-09-08T11:11:00-04:00	8.8299	8.8556	319
2026-09-08T11:12:00-04:00	8.8300	8.8553	4680
2026-09-08T11:13:00-04:00	8.8150	8.8552	1234
2026-09-08T11:14:00-04:00	8.8370	8.8551	3636
2026-09-08T11:15:00-04:00	8.8700	8.8552	19096
2026-09-08T11:16:00-04:00	8.8700	8.8554	8260
2026-09-08T11:17:00-04:00	8.8400	8.8554	4942
2026-09-08T11:18:00-04:00	8.8650	8.8554	5395
2026-09-08T11:19:00-04:00	8.8750	8.8555	3750
2026-09-08T11:20:00-04:00	8.8550	8.8555	4447
2026-09-08T11:21:00-04:00	8.8700	8.8556	4061
2026-09-08T11:22:00-04:00	8.8600	8.8556	1443
2026-09-08T11:23:00-04:00	8.8700	8.8557	1533
2026-09-08T11:24:00-04:00	8.8800	8.8558	5009
2026-09-08T11:25:00-04:00	8.8650	8.8560	7763
2026-09-08T11:26:00-04:00	8.8700	8.8561	8233
2026-09-08T11:27:00-04:00	8.8700	8.8562	1453
2026-09-08T11:28:00-04:00	8.8600	8.8562	4812
2026-09-08T11:29:00-04:00	8.9400	8.8568	7536
2026-09-08T11:30:00-04:00	8.9800	8.8575	3612
2026-09-08T11:31:00-04:00	9.0050	8.8581	2935
2026-09-08T11:32:00-04:00	8.9650	8.8598	10098
2026-09-08T11:33:00-04:00	8.9450	8.8603	3949
2026-09-08T11:34:00-04:00	8.9300	8.8608	4827
2026-09-08T11:35:00-04:00	8.9200	8.8609	952
2026-09-08T11:36:00-04:00	8.9200	8.8611	2213
2026-09-08T11:37:00-04:00	8.9100	8.8615	4674
2026-09-08T11:38:00-04:00	8.9000	8.8616	1373
2026-09-08T11:39:00-04:00	8.8900	8.8617	1504
2026-09-08T11:40:00-04:00	8.9000	8.8618	2345
2026-09-08T11:41:00-04:00	8.9000	8.8618	1066
2026-09-08T11:42:00-04:00	8.8900	8.8619	1213
2026-09-08T11:43:00-04:00	8.9100	8.8633	22832
2026-09-08T11:44:00-04:00	8.9500	8.8644	11389
2026-09-08T11:45:00-04:00	8.9999	8.8649	3632
2026-09-08T11:46:00-04:00	9.0200	8.8657	3858
2026-09-08T11:47:00-04:00	9.0200	8.8659	757
2026-09-08T11:48:00-04:00	9.1000	8.8721	22848
2026-09-08T11:49:00-04:00	9.0700	8.8728	2607
2026-09-08T11:50:00-04:00	9.0800	8.8740	4363
2026-09-08T11:51:00-04:00	9.0700	8.8759	7178
2026-09-08T11:52:00-04:00	9.0500	8.8765	2688
2026-09-08T11:53:00-04:00	9.0600	8.8777	5442
2026-09-08T11:54:00-04:00	9.0600	8.8785	3522
2026-09-08T11:55:00-04:00	9.0800	8.8794	3361
2026-09-08T11:56:00-04:00	9.0800	8.8806	4893
2026-09-08T11:57:00-04:00	9.0600	8.8820	6452
2026-09-08T11:58:00-04:00	9.0700	8.8829	3998
2026-09-08T11:59:00-04:00	9.0500	8.8831	748
2026-09-08T12:00:00-04:00	9.0800	8.8836	2187
2026-09-08T12:01:00-04:00	9.0800	8.8846	4431
2026-09-08T12:02:00-04:00	9.0700	8.8851	2007
2026-09-08T12:03:00-04:00	9.0700	8.8856	2335
2026-09-08T12:04:00-04:00	9.0709	8.8863	3004
2026-09-08T12:05:00-04:00	9.0600	8.8865	1075
2026-09-08T12:06:00-04:00	9.0900	8.8922	24447
2026-09-08T12:07:00-04:00	9.0999	8.8925	936
2026-09-08T12:08:00-04:00	9.0600	8.8946	10502
2026-09-08T12:09:00-04:00	9.0450	8.8957	6352
2026-09-08T12:10:00-04:00	9.0350	8.8959	1310
2026-09-08T12:11:00-04:00	9.0200	8.8967	5559
2026-09-08T12:12:00-04:00	9.0201	8.8969	1112
2026-09-08T12:13:00-04:00	9.0150	8.8971	1751
2026-09-08T12:14:00-04:00	9.0150	8.8973	1202
2026-09-08T12:15:00-04:00	9.0100	8.8975	1432
2026-09-08T12:16:00-04:00	9.0150	8.8976	1182
2026-09-08T12:17:00-04:00	9.0100	8.8989	9783
2026-09-08T12:18:00-04:00	9.0300	8.8995	3874
2026-09-08T12:19:00-04:00	9.0100	8.9000	4319
2026-09-08T12:20:00-04:00	8.9700	8.9007	7919
2026-09-08T12:21:00-04:00	8.9700	8.9007	772
2026-09-08T12:22:00-04:00	8.9650	8.9013	8446
2026-09-08T12:23:00-04:00	8.9400	8.9017	8310
2026-09-08T12:24:00-04:00	8.9500	8.9020	5483
2026-09-08T12:25:00-04:00	8.9500	8.9023	5274
2026-09-08T12:26:00-04:00	8.9450	8.9023	1027
2026-09-08T12:27:00-04:00	8.9500	8.9025	3148
2026-09-08T12:28:00-04:00	8.9508	8.9027	3458
2026-09-08T12:29:00-04:00	8.9500	8.9027	1381
2026-09-08T12:30:00-04:00	8.9300	8.9028	2487
2026-09-08T12:31:00-04:00	8.9300	8.9029	2925
2026-09-08T12:32:00-04:00	8.9400	8.9046	29242
2026-09-08T12:33:00-04:00	8.9800	8.9050	6347
2026-09-08T12:34:00-04:00	8.9700	8.9050	826
2026-09-08T12:35:00-04:00	9.0000	8.9051	675
2026-09-08T12:36:00-04:00	8.9800	8.9071	22085
2026-09-08T12:37:00-04:00	8.9800	8.9072	2125
2026-09-08T12:38:00-04:00	8.9750	8.9073	505
2026-09-08T12:39:00-04:00	8.9800	8.9073	691
2026-09-08T12:40:00-04:00	8.9700	8.9074	1915
2026-09-08T12:41:00-04:00	8.9750	8.9079	6738
2026-09-08T12:42:00-04:00	8.9750	8.9079	776
2026-09-08T12:43:00-04:00	8.9700	8.9080	1671
2026-09-08T12:44:00-04:00	8.9700	8.9081	1654
2026-09-08T12:45:00-04:00	8.9700	8.9082	930
2026-09-08T12:46:00-04:00	8.9900	8.9085	4896
2026-09-08T12:47:00-04:00	9.0000	8.9089	4507
2026-09-08T12:48:00-04:00	9.0100	8.9092	2753
2026-09-08T12:49:00-04:00	9.0100	8.9098	6377
2026-09-08T12:50:00-04:00	9.0300	8.9101	2799
2026-09-08T12:52:00-04:00	9.0400	8.9106	4067
2026-09-08T12:53:00-04:00	9.0650	8.9107	733
2026-09-08T12:54:00-04:00	9.0400	8.9116	7249
2026-09-08T12:55:00-04:00	9.0250	8.9118	1213
2026-09-08T12:56:00-04:00	9.0200	8.9121	3353
2026-09-08T12:57:00-04:00	9.0350	8.9122	754
2026-09-08T12:58:00-04:00	9.0350	8.9123	1116
2026-09-08T12:59:00-04:00	9.0350	8.9130	6189
2026-09-08T13:00:00-04:00	9.0550	8.9134	3199
2026-09-08T13:01:00-04:00	9.0650	8.9135	652
2026-09-08T13:02:00-04:00	9.0700	8.9141	4364
2026-09-08T13:04:00-04:00	9.0800	8.9145	2587
2026-09-08T13:05:00-04:00	9.1200	8.9171	15071
2026-09-08T13:06:00-04:00	9.1200	8.9224	30269
2026-09-08T13:07:00-04:00	9.1000	8.9360	86791
2026-09-08T13:08:00-04:00	9.1000	8.9363	2189
2026-09-08T13:09:00-04:00	9.0800	8.9371	6984
2026-09-08T13:10:00-04:00	9.0900	8.9377	4914
2026-09-08T13:11:00-04:00	9.1900	8.9517	83516
2026-09-08T13:12:00-04:00	9.2100	8.9544	14171
2026-09-08T13:13:00-04:00	9.2200	8.9551	3478
2026-09-08T13:14:00-04:00	9.2200	8.9559	4300
2026-09-08T13:15:00-04:00	9.2200	8.9562	1533
2026-09-08T13:16:00-04:00	9.2200	8.9574	5956
2026-09-08T13:17:00-04:00	9.1650	8.9594	12287
2026-09-08T13:18:00-04:00	9.1100	8.9599	3997
2026-09-08T13:19:00-04:00	9.1150	8.9607	7037
2026-09-08T13:20:00-04:00	9.1001	8.9609	2084
2026-09-08T13:21:00-04:00	9.1200	8.9611	1834
2026-09-08T13:23:00-04:00	9.0800	8.9615	4235
2026-09-08T13:24:00-04:00	9.0750	8.9627	14032
2026-09-08T13:25:00-04:00	9.0600	8.9627	584
2026-09-08T13:26:00-04:00	9.0700	8.9634	9087
2026-09-08T13:27:00-04:00	9.0750	8.9635	1968
2026-09-08T13:28:00-04:00	9.0800	8.9640	5563
2026-09-08T13:29:00-04:00	9.0800	8.9641	1561
2026-09-08T13:30:00-04:00	9.0800	8.9642	782
2026-09-08T13:31:00-04:00	9.0750	8.9644	2891
2026-09-08T13:32:00-04:00	9.0800	8.9645	1133
2026-09-08T13:33:00-04:00	9.0850	8.9655	11570
2026-09-08T13:34:00-04:00	9.0950	8.9657	2379
2026-09-08T13:35:00-04:00	9.0800	8.9661	5298
2026-09-08T13:36:00-04:00	9.0800	8.9664	4137
2026-09-08T13:37:00-04:00	9.0800	8.9666	2907
2026-09-08T13:38:00-04:00	9.0850	8.9667	1117
2026-09-08T13:39:00-04:00	9.0640	8.9669	2933
2026-09-08T13:40:00-04:00	9.0650	8.9670	712
2026-09-08T13:41:00-04:00	9.0400	8.9672	3332
2026-09-08T13:42:00-04:00	9.0550	8.9674	3409
2026-09-08T13:43:00-04:00	9.0549	8.9674	818
2026-09-08T13:44:00-04:00	9.0300	8.9676	3722
2026-09-08T13:45:00-04:00	9.0300	8.9676	892
2026-09-08T13:46:00-04:00	9.0350	8.9677	1036
2026-09-08T13:47:00-04:00	9.0350	8.9677	846
2026-09-08T13:48:00-04:00	9.0300	8.9678	2750
2026-09-08T13:49:00-04:00	9.0250	8.9680	4182
2026-09-08T13:50:00-04:00	9.0300	8.9681	2802
2026-09-08T13:51:00-04:00	9.0300	8.9683	4788
2026-09-08T13:52:00-04:00	9.0200	8.9684	3222
2026-09-08T13:53:00-04:00	9.0350	8.9685	2424
2026-09-08T13:54:00-04:00	9.0350	8.9686	1885
2026-09-08T13:55:00-04:00	9.0550	8.9689	4652
2026-09-08T13:57:00-04:00	9.0600	8.9690	1984
2026-09-08T13:58:00-04:00	9.0800	8.9692	3022
2026-09-08T13:59:00-04:00	9.0900	8.9694	2519
2026-09-08T14:00:00-04:00	9.0750	8.9700	7582
2026-09-08T14:01:00-04:00	9.0400	8.9706	12161
2026-09-08T14:02:00-04:00	9.0800	8.9712	8713
2026-09-08T14:03:00-04:00	9.0550	8.9713	2973
2026-09-08T14:04:00-04:00	9.0600	8.9714	863
2026-09-08T14:05:00-04:00	9.0600	8.9715	1215
2026-09-08T14:06:00-04:00	9.0500	8.9717	4724
2026-09-08T14:07:00-04:00	9.0500	8.9719	3515
2026-09-08T14:08:00-04:00	9.0500	8.9719	469
2026-09-08T14:09:00-04:00	9.0500	8.9721	4460
2026-09-08T14:11:00-04:00	9.0500	8.9722	1202
2026-09-08T14:12:00-04:00	9.0500	8.9727	10074
2026-09-08T14:14:00-04:00	9.0700	8.9731	5418
2026-09-08T14:15:00-04:00	9.1067	8.9734	4914
2026-09-08T14:16:00-04:00	9.1200	8.9735	1102
2026-09-08T14:17:00-04:00	9.1500	8.9739	3034
2026-09-08T14:18:00-04:00	9.1500	8.9741	2478
2026-09-08T14:19:00-04:00	9.1600	8.9766	21685
2026-09-08T14:20:00-04:00	9.1600	8.9768	1676
2026-09-08T14:21:00-04:00	9.1600	8.9769	1245
2026-09-08T14:22:00-04:00	9.1450	8.9780	10201
2026-09-08T14:23:00-04:00	9.1400	8.9793	12381
2026-09-08T14:24:00-04:00	9.1300	8.9798	5479
2026-09-08T14:25:00-04:00	9.1250	8.9801	4117
2026-09-08T14:26:00-04:00	9.1200	8.9804	3268
2026-09-08T14:28:00-04:00	9.1150	8.9807	3685
2026-09-08T14:29:00-04:00	9.1250	8.9811	4643
2026-09-08T14:30:00-04:00	9.1200	8.9816	4948
2026-09-08T14:31:00-04:00	9.1000	8.9820	5315
2026-09-08T14:32:00-04:00	9.1200	8.9822	3154
2026-09-08T14:33:00-04:00	9.1250	8.9824	2601
2026-09-08T14:34:00-04:00	9.1249	8.9826	1666
2026-09-08T14:35:00-04:00	9.1250	8.9826	422
2026-09-08T14:36:00-04:00	9.1147	8.9829	4201
2026-09-08T14:37:00-04:00	9.1200	8.9831	2374
2026-09-08T14:39:00-04:00	9.1100	8.9834	3070
2026-09-08T14:40:00-04:00	9.1150	8.9835	1993
2026-09-08T14:41:00-04:00	9.1150	8.9836	178
2026-09-08T14:42:00-04:00	9.1150	8.9837	1743
2026-09-08T14:43:00-04:00	9.1100	8.9841	4698
2026-09-08T14:44:00-04:00	9.1150	8.9841	1029
2026-09-08T14:45:00-04:00	9.1150	8.9842	1218
2026-09-08T14:46:00-04:00	9.1050	8.9857	20471
2026-09-08T14:47:00-04:00	9.1200	8.9876	24506
2026-09-08T14:48:00-04:00	9.0900	8.9880	6981
2026-09-08T14:49:00-04:00	9.0950	8.9884	6665
2026-09-08T14:50:00-04:00	9.1500	8.9891	7542
2026-09-08T14:51:00-04:00	9.1400	8.9893	2936
2026-09-08T14:52:00-04:00	9.1100	8.9896	3912
2026-09-08T14:53:00-04:00	9.1100	8.9898	2680
2026-09-08T14:54:00-04:00	9.1200	8.9900	2788
2026-09-08T14:55:00-04:00	9.1200	8.9902	2693
2026-09-08T14:56:00-04:00	9.1250	8.9903	1478
2026-09-08T14:57:00-04:00	9.1250	8.9904	1764
2026-09-08T14:58:00-04:00	9.1300	8.9905	1188
2026-09-08T14:59:00-04:00	9.1250	8.9907	1553
2026-09-08T15:00:00-04:00	9.0950	8.9915	12465
2026-09-08T15:01:00-04:00	9.0700	8.9921	14842
2026-09-08T15:02:00-04:00	9.0575	8.9923	4923
2026-09-08T15:03:00-04:00	9.0700	8.9927	10639
2026-09-08T15:04:00-04:00	9.0600	8.9929	4966
2026-09-08T15:05:00-04:00	9.0800	8.9933	7935
2026-09-08T15:06:00-04:00	9.0800	8.9935	5120
2026-09-08T15:07:00-04:00	9.0800	8.9938	4899
2026-09-08T15:08:00-04:00	9.0700	8.9940	4659
2026-09-08T15:09:00-04:00	9.0700	8.9942	5268
2026-09-08T15:10:00-04:00	9.0900	8.9944	5070
2026-09-08T15:11:00-04:00	9.0750	8.9947	6946
2026-09-08T15:12:00-04:00	9.1100	8.9953	10831
2026-09-08T15:13:00-04:00	9.1000	8.9956	3936
2026-09-08T15:14:00-04:00	9.0900	8.9959	7384
2026-09-08T15:15:00-04:00	9.0550	8.9973	33963
2026-09-08T15:16:00-04:00	9.0450	8.9974	7619
2026-09-08T15:17:00-04:00	9.0400	8.9978	14530
2026-09-08T15:18:00-04:00	9.0350	8.9980	8881
2026-09-08T15:19:00-04:00	9.0400	8.9981	6116
2026-09-08T15:20:00-04:00	9.0250	8.9983	10224
2026-09-08T15:21:00-04:00	9.0300	8.9985	12982
2026-09-08T15:22:00-04:00	9.0000	8.9985	12118
2026-09-08T15:23:00-04:00	9.0000	8.9986	7765
2026-09-08T15:24:00-04:00	9.0100	8.9986	8554
2026-09-08T15:25:00-04:00	9.0100	8.9986	7090
2026-09-08T15:26:00-04:00	9.0100	8.9987	8247
2026-09-08T15:27:00-04:00	9.0300	8.9988	10334
2026-09-08T15:28:00-04:00	9.0600	8.9991	9873
2026-09-08T15:29:00-04:00	9.0650	8.9993	6623
2026-09-08T15:30:00-04:00	9.0400	8.9996	13374
2026-09-08T15:31:00-04:00	9.0450	8.9998	10475
2026-09-08T15:32:00-04:00	9.0100	8.9998	5506
2026-09-08T15:33:00-04:00	9.0100	8.9999	10554
2026-09-08T15:34:00-04:00	9.0100	8.9999	5778
2026-09-08T15:35:00-04:00	8.9600	8.9997	21544
2026-09-08T15:36:00-04:00	8.9600	8.9993	15827
2026-09-08T15:37:00-04:00	8.9500	8.9992	5685
2026-09-08T15:38:00-04:00	8.9600	8.9989	17206
2026-09-08T15:39:00-04:00	8.9800	8.9987	14643
2026-09-08T15:40:00-04:00	8.9600	8.9983	21265
2026-09-08T15:41:00-04:00	8.9550	8.9982	5039
2026-09-08T15:42:00-04:00	8.9550	8.9981	7574
2026-09-08T15:43:00-04:00	8.9400	8.9979	8973
2026-09-08T15:44:00-04:00	8.9500	8.9976	11908
2026-09-08T15:45:00-04:00	8.9400	8.9973	11993
2026-09-08T15:46:00-04:00	8.9400	8.9967	19910
2026-09-08T15:47:00-04:00	8.9400	8.9965	9026
2026-09-08T15:48:00-04:00	8.9100	8.9960	15675
2026-09-08T15:49:00-04:00	8.9250	8.9956	12158
2026-09-08T15:50:00-04:00	8.9300	8.9954	7124
2026-09-08T15:51:00-04:00	8.9550	8.9951	13135
2026-09-08T15:52:00-04:00	8.9500	8.9949	12644
2026-09-08T15:53:00-04:00	8.9200	8.9945	13490
2026-09-08T15:54:00-04:00	8.9200	8.9942	10083
2026-09-08T15:55:00-04:00	8.9300	8.9929	42614
2026-09-08T15:56:00-04:00	8.9150	8.9913	46157
2026-09-08T15:57:00-04:00	8.9300	8.9905	34289
2026-09-08T15:58:00-04:00	8.9150	8.9887	57631
2026-09-08T15:59:00-04:00	8.9100	8.9858	105151
2026-09-09T09:30:00-04:00	8.9300	8.9100	24489
2026-09-09T09:31:00-04:00	8.9150	8.9101	928
2026-09-09T09:32:00-04:00	8.9150	8.9209	10049
2026-09-09T09:33:00-04:00	8.9300	8.9214	1833
2026-09-09T09:34:00-04:00	8.9500	8.9221	1445
2026-09-09T09:35:00-04:00	9.0400	8.9456	11248
2026-09-09T09:36:00-04:00	9.0800	8.9567	6620
2026-09-09T09:37:00-04:00	9.0600	8.9613	2727
2026-09-09T09:38:00-04:00	9.0350	8.9639	2022
2026-09-09T09:39:00-04:00	8.9750	8.9658	3933
2026-09-09T09:40:00-04:00	8.9500	8.9655	1365
2026-09-09T09:41:00-04:00	8.9300	8.9648	1164
2026-09-09T09:42:00-04:00	8.8550	8.9586	5146
2026-09-09T09:43:00-04:00	8.8600	8.9522	4391
2026-09-09T09:44:00-04:00	8.8950	8.9465	6916
2026-09-09T09:45:00-04:00	8.9200	8.9455	2338
2026-09-09T09:46:00-04:00	8.8900	8.9427	5333
2026-09-09T09:47:00-04:00	8.8700	8.9374	9007
2026-09-09T09:48:00-04:00	8.8600	8.9349	3411
2026-09-09T09:49:00-04:00	8.8650	8.9316	5283
2026-09-09T09:50:00-04:00	8.8050	8.9240	8211
2026-09-09T09:51:00-04:00	8.7850	8.9209	2861
2026-09-09T09:52:00-04:00	8.8100	8.9017	25292
2026-09-09T09:53:00-04:00	8.8600	8.9009	1877
2026-09-09T09:54:00-04:00	8.8450	8.8997	3350
2026-09-09T09:55:00-04:00	8.8900	8.8992	3802
2026-09-09T09:56:00-04:00	8.8600	8.8987	2327
2026-09-09T09:57:00-04:00	8.8700	8.8985	678
2026-09-09T09:58:00-04:00	8.8550	8.8976	3481
2026-09-09T09:59:00-04:00	8.8100	8.8960	3447
2026-09-09T10:00:00-04:00	8.8010	8.8931	5950
2026-09-09T10:01:00-04:00	8.7900	8.8911	3120
2026-09-09T10:02:00-04:00	8.7900	8.8895	2828
2026-09-09T10:03:00-04:00	8.7650	8.8842	7977
2026-09-09T10:04:00-04:00	8.7900	8.8833	1711
2026-09-09T10:05:00-04:00	8.7700	8.8812	3735
2026-09-09T10:06:00-04:00	8.7900	8.8706	23945
2026-09-09T10:07:00-04:00	8.7850	8.8700	1351
2026-09-09T10:08:00-04:00	8.7800	8.8684	3976
2026-09-09T10:09:00-04:00	8.8000	8.8669	4576
2026-09-09T10:10:00-04:00	8.8200	8.8656	5622
2026-09-09T10:11:00-04:00	8.8100	8.8641	6535
2026-09-09T10:12:00-04:00	8.7650	8.8618	6686
2026-09-09T10:13:00-04:00	8.7700	8.8612	1576
2026-09-09T10:14:00-04:00	8.7700	8.8565	11088
2026-09-09T10:15:00-04:00	8.7950	8.8554	4039
2026-09-09T10:16:00-04:00	8.7611	8.8532	7110
2026-09-09T10:17:00-04:00	8.7500	8.8527	1274
2026-09-09T10:18:00-04:00	8.7400	8.8516	2643
2026-09-09T10:19:00-04:00	8.7400	8.8491	5668
2026-09-09T10:20:00-04:00	8.7400	8.8484	1938
2026-09-09T10:21:00-04:00	8.7300	8.8473	2720
2026-09-09T10:22:00-04:00	8.7150	8.8460	2759
2026-09-09T10:23:00-04:00	8.7500	8.8434	7098
2026-09-09T10:24:00-04:00	8.7250	8.8415	5255
2026-09-09T10:25:00-04:00	8.7700	8.8374	15034
2026-09-09T10:26:00-04:00	8.8000	8.8361	9341
2026-09-09T10:27:00-04:00	8.8100	8.8357	3986
2026-09-09T10:28:00-04:00	8.7900	8.8354	2558
2026-09-09T10:29:00-04:00	8.7601	8.8325	14555
2026-09-09T10:30:00-04:00	8.7600	8.8295	14184
2026-09-09T10:31:00-04:00	8.7400	8.8290	2151
2026-09-09T10:32:00-04:00	8.6600	8.8213	19048
2026-09-09T10:33:00-04:00	8.6550	8.8204	2022
2026-09-09T10:34:00-04:00	8.6350	8.8157	10251
2026-09-09T10:35:00-04:00	8.6600	8.8048	28699
2026-09-09T10:36:00-04:00	8.6400	8.8002	12673
2026-09-09T10:37:00-04:00	8.6600	8.7972	9050
2026-09-09T10:38:00-04:00	8.6500	8.7927	14270
2026-09-09T10:39:00-04:00	8.6350	8.7919	2374
2026-09-09T10:40:00-04:00	8.6300	8.7908	3166
2026-09-09T10:41:00-04:00	8.6250	8.7902	1531
2026-09-09T10:42:00-04:00	8.6200	8.7882	5613
2026-09-09T10:43:00-04:00	8.6100	8.7845	9960
2026-09-09T10:44:00-04:00	8.6200	8.7834	3035
2026-09-09T10:45:00-04:00	8.6400	8.7822	3923
2026-09-09T10:46:00-04:00	8.6650	8.7810	4785
2026-09-09T10:47:00-04:00	8.6500	8.7793	6442
2026-09-09T10:48:00-04:00	8.6400	8.7786	2536
2026-09-09T10:49:00-04:00	8.6500	8.7772	5610
2026-09-09T10:50:00-04:00	8.6400	8.7769	1195
2026-09-09T10:51:00-04:00	8.6500	8.7762	2467
2026-09-09T10:52:00-04:00	8.6450	8.7748	5685
2026-09-09T10:53:00-04:00	8.6300	8.7736	4548
2026-09-09T10:54:00-04:00	8.6210	8.7734	518
2026-09-09T10:55:00-04:00	8.6200	8.7725	3297
2026-09-09T10:56:00-04:00	8.6300	8.7712	4309
2026-09-09T10:57:00-04:00	8.6173	8.7696	5517
2026-09-09T10:58:00-04:00	8.6100	8.7691	1815
2026-09-09T10:59:00-04:00	8.5897	8.7672	5789
2026-09-09T11:00:00-04:00	8.6050	8.7651	6937
2026-09-09T11:01:00-04:00	8.5700	8.7630	6376
2026-09-09T11:02:00-04:00	8.5600	8.7619	3093
2026-09-09T11:03:00-04:00	8.5500	8.7604	3872
2026-09-09T11:04:00-04:00	8.5500	8.7600	1233
2026-09-09T11:05:00-04:00	8.5500	8.7569	8212
2026-09-09T11:06:00-04:00	8.5750	8.7544	7580
2026-09-09T11:07:00-04:00	8.5650	8.7527	5373
2026-09-09T11:08:00-04:00	8.5599	8.7518	2574
2026-09-09T11:09:00-04:00	8.5520	8.7515	860
2026-09-09T11:10:00-04:00	8.5550	8.7508	2366
2026-09-09T11:11:00-04:00	8.5450	8.7497	2958
2026-09-09T11:12:00-04:00	8.5450	8.7473	6868
2026-09-09T11:13:00-04:00	8.5450	8.7468	1390
2026-09-09T11:14:00-04:00	8.5550	8.7457	3599
2026-09-09T11:15:00-04:00	8.5650	8.7439	5854
2026-09-09T11:16:00-04:00	8.5500	8.7395	14358
2026-09-09T11:17:00-04:00	8.5550	8.7387	2543
2026-09-09T11:18:00-04:00	8.5550	8.7385	873
2026-09-09T11:19:00-04:00	8.5400	8.7379	1820
2026-09-09T11:20:00-04:00	8.5300	8.7365	4207
2026-09-09T11:21:00-04:00	8.5300	8.7345	6158
2026-09-09T11:22:00-04:00	8.5250	8.7339	1951
2026-09-09T11:23:00-04:00	8.5300	8.7312	8588
2026-09-09T11:24:00-04:00	8.5200	8.7275	11175
2026-09-09T11:25:00-04:00	8.5350	8.7256	6310
2026-09-09T11:26:00-04:00	8.5250	8.7244	4261
2026-09-09T11:27:00-04:00	8.5250	8.7230	4678
2026-09-09T11:28:00-04:00	8.5250	8.7226	1460
2026-09-09T11:29:00-04:00	8.5210	8.7220	1797
2026-09-09T11:30:00-04:00	8.5300	8.7207	4802
2026-09-09T11:31:00-04:00	8.5100	8.7199	2573
2026-09-09T11:32:00-04:00	8.4900	8.7136	19533
2026-09-09T11:33:00-04:00	8.4900	8.7135	415
2026-09-09T11:34:00-04:00	8.5000	8.7104	10061
2026-09-09T11:35:00-04:00	8.5000	8.7100	1535
2026-09-09T11:36:00-04:00	8.5150	8.7074	9039
2026-09-09T11:37:00-04:00	8.5300	8.7068	2609
2026-09-09T11:38:00-04:00	8.5210	8.7062	2069
2026-09-09T11:39:00-04:00	8.5400	8.7046	7067
2026-09-09T11:40:00-04:00	8.5300	8.7023	9913
2026-09-09T11:41:00-04:00	8.5350	8.7020	1612
2026-09-09T11:42:00-04:00	8.5400	8.7002	8084
2026-09-09T11:43:00-04:00	8.5400	8.6999	1444
2026-09-09T11:44:00-04:00	8.5500	8.6994	2419
2026-09-09T11:45:00-04:00	8.5500	8.6992	835
2026-09-09T11:46:00-04:00	8.5500	8.6989	1547
2026-09-09T11:47:00-04:00	8.5500	8.6985	2272
2026-09-09T11:48:00-04:00	8.5500	8.6982	1530
2026-09-09T11:49:00-04:00	8.5500	8.6980	891
2026-09-09T11:50:00-04:00	8.5306	8.6945	17492
2026-09-09T11:51:00-04:00	8.5200	8.6930	6935
2026-09-09T11:52:00-04:00	8.5100	8.6924	2711
2026-09-09T11:53:00-04:00	8.5100	8.6922	707
2026-09-09T11:54:00-04:00	8.5150	8.6919	1112
2026-09-09T11:55:00-04:00	8.5000	8.6907	5343
2026-09-09T11:56:00-04:00	8.5100	8.6889	8000
2026-09-09T11:57:00-04:00	8.5230	8.6868	10254
2026-09-09T11:58:00-04:00	8.5000	8.6861	2881
2026-09-09T11:59:00-04:00	8.4800	8.6832	12239
2026-09-09T12:00:00-04:00	8.5110	8.6820	5431
2026-09-09T12:01:00-04:00	8.5152	8.6818	1099
2026-09-09T12:02:00-04:00	8.5200	8.6809	4796
2026-09-09T12:03:00-04:00	8.5250	8.6808	557
2026-09-09T12:04:00-04:00	8.5250	8.6804	2342
2026-09-09T12:05:00-04:00	8.5150	8.6790	6927
2026-09-09T12:06:00-04:00	8.5112	8.6776	7345
2026-09-09T12:07:00-04:00	8.5100	8.6762	7069
2026-09-09T12:08:00-04:00	8.4900	8.6751	5333
2026-09-09T12:09:00-04:00	8.4800	8.6739	5704
2026-09-09T12:10:00-04:00	8.4650	8.6707	13535
2026-09-09T12:11:00-04:00	8.4800	8.6704	1434
2026-09-09T12:12:00-04:00	8.4850	8.6668	17514
2026-09-09T12:13:00-04:00	8.4950	8.6662	3052
2026-09-09T12:14:00-04:00	8.4950	8.6653	4993
2026-09-09T12:15:00-04:00	8.4859	8.6616	19795
2026-09-09T12:16:00-04:00	8.4850	8.6610	2908
2026-09-09T12:17:00-04:00	8.4779	8.6602	4133
2026-09-09T12:18:00-04:00	8.4700	8.6594	4320
2026-09-09T12:19:00-04:00	8.4600	8.6591	1293
2026-09-09T12:20:00-04:00	8.4700	8.6573	8888
2026-09-09T12:21:00-04:00	8.4700	8.6571	1124
2026-09-09T12:22:00-04:00	8.4400	8.6534	17315
2026-09-09T12:23:00-04:00	8.4600	8.6519	7266
2026-09-09T12:24:00-04:00	8.4650	8.6516	1422
2026-09-09T12:25:00-04:00	8.4650	8.6507	4682
2026-09-09T12:26:00-04:00	8.4640	8.6500	4125
2026-09-09T12:27:00-04:00	8.4651	8.6490	5472
2026-09-09T12:28:00-04:00	8.4700	8.6479	5831
2026-09-09T12:29:00-04:00	8.4700	8.6473	3321
2026-09-09T12:30:00-04:00	8.4650	8.6472	749
2026-09-09T12:31:00-04:00	8.4750	8.6468	2076
2026-09-09T12:32:00-04:00	8.4900	8.6445	15522
2026-09-09T12:33:00-04:00	8.4997	8.6440	3410
2026-09-09T12:34:00-04:00	8.5050	8.6438	1430
2026-09-09T12:35:00-04:00	8.5050	8.6435	2650
2026-09-09T12:36:00-04:00	8.5100	8.6432	1819
2026-09-09T12:37:00-04:00	8.5100	8.6426	5125
2026-09-09T12:38:00-04:00	8.5100	8.6420	4127
2026-09-09T12:39:00-04:00	8.5100	8.6420	267
2026-09-09T12:40:00-04:00	8.5100	8.6416	3776
2026-09-09T12:41:00-04:00	8.5150	8.6413	1950
2026-09-09T12:42:00-04:00	8.5150	8.6400	11417
2026-09-09T12:43:00-04:00	8.5202	8.6395	3918
2026-09-09T12:44:00-04:00	8.5200	8.6391	3875
2026-09-09T12:45:00-04:00	8.5200	8.6388	2252
2026-09-09T12:46:00-04:00	8.5050	8.6381	6434
2026-09-09T12:47:00-04:00	8.4950	8.6377	2879
2026-09-09T12:48:00-04:00	8.4950	8.6375	1209
2026-09-09T12:49:00-04:00	8.4800	8.6371	2942
2026-09-09T12:50:00-04:00	8.4850	8.6366	4091
2026-09-09T12:51:00-04:00	8.4750	8.6362	2593
2026-09-09T12:52:00-04:00	8.4700	8.6355	4336
2026-09-09T12:53:00-04:00	8.4700	8.6348	4742
2026-09-09T12:54:00-04:00	8.4750	8.6346	1476
2026-09-09T12:55:00-04:00	8.4900	8.6338	6295
2026-09-09T12:56:00-04:00	8.4900	8.6336	1607
2026-09-09T12:57:00-04:00	8.4900	8.6330	4081
2026-09-09T12:58:00-04:00	8.4900	8.6328	1678
2026-09-09T12:59:00-04:00	8.5050	8.6322	5336
2026-09-09T13:00:00-04:00	8.5000	8.6321	790
2026-09-09T13:01:00-04:00	8.4950	8.6320	1247
2026-09-09T13:02:00-04:00	8.5000	8.6318	1285
2026-09-09T13:03:00-04:00	8.4850	8.6305	10659
2026-09-09T13:05:00-04:00	8.4850	8.6301	3200
2026-09-09T13:06:00-04:00	8.4900	8.6295	5044
2026-09-09T13:07:00-04:00	8.4950	8.6290	3876
2026-09-09T13:08:00-04:00	8.4900	8.6288	2021
2026-09-09T13:09:00-04:00	8.4900	8.6286	1651
2026-09-09T13:10:00-04:00	8.4950	8.6285	944
2026-09-09T13:11:00-04:00	8.4810	8.6278	5441
2026-09-09T13:12:00-04:00	8.4850	8.6276	1554
2026-09-09T13:13:00-04:00	8.4800	8.6275	1194
2026-09-09T13:14:00-04:00	8.4850	8.6273	1665
2026-09-09T13:15:00-04:00	8.4850	8.6271	1136
2026-09-09T13:16:00-04:00	8.4800	8.6269	1855
2026-09-09T13:17:00-04:00	8.4773	8.6265	3151
2026-09-09T13:18:00-04:00	8.4750	8.6263	1697
2026-09-09T13:19:00-04:00	8.4650	8.6260	1997
2026-09-09T13:20:00-04:00	8.4650	8.6259	638
2026-09-09T13:21:00-04:00	8.4650	8.6256	2075
2026-09-09T13:22:00-04:00	8.4450	8.6243	9099
2026-09-09T13:23:00-04:00	8.4440	8.6238	3406
2026-09-09T13:24:00-04:00	8.4400	8.6228	6126
2026-09-09T13:25:00-04:00	8.4400	8.6228	604
2026-09-09T13:26:00-04:00	8.4100	8.6204	14042
2026-09-09T13:27:00-04:00	8.4000	8.6189	8585
2026-09-09T13:28:00-04:00	8.4100	8.6180	4834
2026-09-09T13:29:00-04:00	8.4500	8.6164	10813
2026-09-09T13:30:00-04:00	8.4350	8.6159	4056
2026-09-09T13:31:00-04:00	8.4300	8.6154	3250
2026-09-09T13:32:00-04:00	8.4200	8.6151	1626
2026-09-09T13:33:00-04:00	8.4300	8.6147	2494
2026-09-09T13:34:00-04:00	8.4300	8.6147	280
2026-09-09T13:35:00-04:00	8.4300	8.6141	3959
2026-09-09T13:36:00-04:00	8.4250	8.6139	1369
2026-09-09T13:37:00-04:00	8.4200	8.6134	3056
2026-09-09T13:38:00-04:00	8.4000	8.6123	7011
2026-09-09T13:39:00-04:00	8.4100	8.6121	992
2026-09-09T13:40:00-04:00	8.4200	8.6116	3628
2026-09-09T13:41:00-04:00	8.4100	8.6114	1236
2026-09-09T13:42:00-04:00	8.4150	8.6110	2167
2026-09-09T13:43:00-04:00	8.4150	8.6108	1398
2026-09-09T13:44:00-04:00	8.4250	8.6102	4221
2026-09-09T13:45:00-04:00	8.4250	8.6101	761
2026-09-09T13:46:00-04:00	8.4600	8.6083	14747
2026-09-09T13:47:00-04:00	8.4650	8.6074	7657
2026-09-09T13:48:00-04:00	8.4650	8.6071	2986
2026-09-09T13:49:00-04:00	8.4700	8.6067	3950
2026-09-09T13:50:00-04:00	8.4700	8.6065	1764
2026-09-09T13:51:00-04:00	8.4650	8.6063	1316
2026-09-09T13:52:00-04:00	8.4650	8.6062	1330
2026-09-09T13:53:00-04:00	8.4650	8.6060	2000
2026-09-09T13:54:00-04:00	8.4650	8.6058	1378
2026-09-09T13:55:00-04:00	8.4610	8.6057	1312
2026-09-09T13:56:00-04:00	8.4650	8.6055	2015
2026-09-09T13:57:00-04:00	8.4700	8.6049	5461
2026-09-09T13:58:00-04:00	8.4750	8.6045	3982
2026-09-09T13:59:00-04:00	8.4750	8.6044	1113
2026-09-09T14:00:00-04:00	8.4701	8.6043	1305
2026-09-09T14:01:00-04:00	8.4650	8.6036	6585
2026-09-09T14:02:00-04:00	8.4400	8.6031	4613
2026-09-09T14:03:00-04:00	8.4358	8.6030	821
2026-09-09T14:04:00-04:00	8.4350	8.6027	1722
2026-09-09T14:05:00-04:00	8.4450	8.6021	5184
2026-09-09T14:06:00-04:00	8.4300	8.6016	4232
2026-09-09T14:07:00-04:00	8.4400	8.6013	2211
2026-09-09T14:08:00-04:00	8.4275	8.6011	2119
2026-09-09T14:09:00-04:00	8.4350	8.6009	1512
2026-09-09T14:10:00-04:00	8.4300	8.6005	3456
2026-09-09T14:11:00-04:00	8.4300	8.6001	3255
2026-09-09T14:12:00-04:00	8.4150	8.5996	3346
2026-09-09T14:13:00-04:00	8.4150	8.5994	1295
2026-09-09T14:14:00-04:00	8.4150	8.5985	6903
2026-09-09T14:15:00-04:00	8.4100	8.5980	3303
2026-09-09T14:16:00-04:00	8.4100	8.5975	3955
2026-09-09T14:17:00-04:00	8.4300	8.5967	6779
2026-09-09T14:18:00-04:00	8.4300	8.5966	456
2026-09-09T14:19:00-04:00	8.4250	8.5964	1722
2026-09-09T14:20:00-04:00	8.4250	8.5962	2071
2026-09-09T14:21:00-04:00	8.4250	8.5959	1706
2026-09-09T14:22:00-04:00	8.4300	8.5954	4391
2026-09-09T14:23:00-04:00	8.4150	8.5948	5128
2026-09-09T14:24:00-04:00	8.4150	8.5946	1061
2026-09-09T14:25:00-04:00	8.4000	8.5942	3304
2026-09-09T14:26:00-04:00	8.4050	8.5940	1240
2026-09-09T14:27:00-04:00	8.4100	8.5931	6830
2026-09-09T14:28:00-04:00	8.4086	8.5929	1606
2026-09-09T14:29:00-04:00	8.4050	8.5926	2261
2026-09-09T14:30:00-04:00	8.4000	8.5922	2915
2026-09-09T14:31:00-04:00	8.4100	8.5917	4217
2026-09-09T14:32:00-04:00	8.3910	8.5913	2914
2026-09-09T14:33:00-04:00	8.4000	8.5905	5475
2026-09-09T14:34:00-04:00	8.4050	8.5900	4077
2026-09-09T14:35:00-04:00	8.3910	8.5894	4190
2026-09-09T14:36:00-04:00	8.3900	8.5889	3815
2026-09-09T14:37:00-04:00	8.3850	8.5879	7072
2026-09-09T14:38:00-04:00	8.3800	8.5869	6736
2026-09-09T14:39:00-04:00	8.4000	8.5842	21758
2026-09-09T14:40:00-04:00	8.4050	8.5839	1794
2026-09-09T14:41:00-04:00	8.4000	8.5834	4185
2026-09-09T14:42:00-04:00	8.4100	8.5827	5908
2026-09-09T14:43:00-04:00	8.4100	8.5820	6350
2026-09-09T14:44:00-04:00	8.4050	8.5813	6105
2026-09-09T14:45:00-04:00	8.4050	8.5804	7418
2026-09-09T14:46:00-04:00	8.4100	8.5803	1657
2026-09-09T14:47:00-04:00	8.3910	8.5797	4749
2026-09-09T14:48:00-04:00	8.3900	8.5795	1225
2026-09-09T14:49:00-04:00	8.4100	8.5770	22214
2026-09-09T14:50:00-04:00	8.4050	8.5758	10760
2026-09-09T14:51:00-04:00	8.4100	8.5755	2308
2026-09-09T14:52:00-04:00	8.4050	8.5753	2041
2026-09-09T14:53:00-04:00	8.4050	8.5751	1755
2026-09-09T14:54:00-04:00	8.4050	8.5738	12155
2026-09-09T14:55:00-04:00	8.4050	8.5736	1769
2026-09-09T14:56:00-04:00	8.4000	8.5724	11146
2026-09-09T14:57:00-04:00	8.4050	8.5723	1291
2026-09-09T14:58:00-04:00	8.4050	8.5718	4975
2026-09-09T14:59:00-04:00	8.4003	8.5715	2607
2026-09-09T15:00:00-04:00	8.4050	8.5709	5797
2026-09-09T15:01:00-04:00	8.4050	8.5705	4051
2026-09-09T15:02:00-04:00	8.4050	8.5703	1748
2026-09-09T15:03:00-04:00	8.4050	8.5701	1603
2026-09-09T15:04:00-04:00	8.4000	8.5698	3203
2026-09-09T15:05:00-04:00	8.3750	8.5677	17948
2026-09-09T15:06:00-04:00	8.3650	8.5672	4453
2026-09-09T15:07:00-04:00	8.3650	8.5652	15801
2026-09-09T15:08:00-04:00	8.3500	8.5636	12923
2026-09-09T15:09:00-04:00	8.3550	8.5632	3113
2026-09-09T15:10:00-04:00	8.3650	8.5622	7817
2026-09-09T15:11:00-04:00	8.3750	8.5615	6577
2026-09-09T15:12:00-04:00	8.3703	8.5611	3261
2026-09-09T15:13:00-04:00	8.3750	8.5611	315
2026-09-09T15:14:00-04:00	8.3600	8.5606	4374
2026-09-09T15:15:00-04:00	8.3650	8.5603	2752
2026-09-09T15:16:00-04:00	8.3500	8.5596	5844
2026-09-09T15:17:00-04:00	8.3500	8.5592	2630
2026-09-09T15:18:00-04:00	8.3450	8.5572	16260
2026-09-09T15:19:00-04:00	8.3450	8.5569	2778
2026-09-09T15:20:00-04:00	8.3650	8.5558	9719
2026-09-09T15:21:00-04:00	8.3650	8.5556	1666
2026-09-09T15:22:00-04:00	8.3500	8.5551	4099
2026-09-09T15:23:00-04:00	8.3500	8.5541	8818
2026-09-09T15:24:00-04:00	8.3400	8.5528	10605
2026-09-09T15:25:00-04:00	8.3350	8.5512	13761
2026-09-09T15:26:00-04:00	8.3310	8.5507	3436
2026-09-09T15:27:00-04:00	8.3150	8.5499	6650
2026-09-09T15:28:00-04:00	8.3199	8.5493	4851
2026-09-09T15:29:00-04:00	8.3150	8.5488	3240
2026-09-09T15:30:00-04:00	8.3150	8.5483	4397
2026-09-09T15:31:00-04:00	8.2950	8.5427	41040
2026-09-09T15:32:00-04:00	8.2600	8.5404	15443
2026-09-09T15:33:00-04:00	8.2600	8.5396	5377
2026-09-09T15:34:00-04:00	8.2650	8.5390	4106
2026-09-09T15:35:00-04:00	8.2600	8.5381	5826
2026-09-09T15:36:00-04:00	8.2600	8.5366	10016
2026-09-09T15:37:00-04:00	8.2550	8.5357	5910
2026-09-09T15:38:00-04:00	8.2250	8.5328	18420
2026-09-09T15:40:00-04:00	8.2300	8.5317	6502
2026-09-09T15:41:00-04:00	8.2013	8.5274	25993
2026-09-09T15:42:00-04:00	8.2186	8.5163	70462
2026-09-09T15:43:00-04:00	8.2000	8.5082	52678
2026-09-09T15:44:00-04:00	8.1600	8.4979	65100
2026-09-09T15:45:00-04:00	8.1800	8.4947	21034
2026-09-09T15:46:00-04:00	8.1850	8.4928	12935
2026-09-09T15:47:00-04:00	8.1950	8.4909	13789
2026-09-09T15:48:00-04:00	8.1850	8.4893	11663
2026-09-09T15:49:00-04:00	8.1800	8.4849	31797
2026-09-09T15:50:00-04:00	8.1602	8.4813	24815
2026-09-09T15:51:00-04:00	8.1600	8.4763	35130
2026-09-09T15:52:00-04:00	8.1800	8.4726	28822
2026-09-09T15:53:00-04:00	8.1600	8.4709	13038
2026-09-09T15:54:00-04:00	8.1700	8.4686	17755
