timestamp_et	close	running_vwap	volume
2026-09-24T09:30:00-04:00	9.5450	9.5250	26520
2026-09-24T09:31:00-04:00	9.5800	9.5278	1851
2026-09-24T09:32:00-04:00	9.6940	9.5503	6036
2026-09-24T09:33:00-04:00	9.6990	9.5862	8444
2026-09-24T09:34:00-04:00	9.6000	9.5907	7988
2026-09-24T09:35:00-04:00	9.7400	9.6014	5511
2026-09-24T09:36:00-04:00	9.7000	9.6097	4578
2026-09-24T09:37:00-04:00	9.6890	9.6113	994
2026-09-24T09:38:00-04:00	9.7524	9.6321	10005
2026-09-24T09:39:00-04:00	9.8000	9.6449	6432
2026-09-24T09:40:00-04:00	9.7600	9.6492	2714
2026-09-24T09:41:00-04:00	9.7250	9.6531	4245
2026-09-24T09:42:00-04:00	9.7300	9.6534	305
2026-09-24T09:43:00-04:00	9.6950	9.6553	3200
2026-09-24T09:44:00-04:00	9.6400	9.6554	2999
2026-09-24T09:45:00-04:00	9.6600	9.6550	6149
2026-09-24T09:46:00-04:00	9.6600	9.6551	3458
2026-09-24T09:47:00-04:00	9.6600	9.6554	3575
2026-09-24T09:48:00-04:00	9.5850	9.6542	2705
2026-09-24T09:49:00-04:00	9.6300	9.6537	1601
2026-09-24T09:50:00-04:00	9.6000	9.6532	1461
2026-09-24T09:51:00-04:00	9.5500	9.6514	2428
2026-09-24T09:52:00-04:00	9.5550	9.6486	3030
2026-09-24T09:53:00-04:00	9.5150	9.6480	525
2026-09-24T09:54:00-04:00	9.4600	9.6321	11582
2026-09-24T09:56:00-04:00	9.5550	9.6281	4886
2026-09-24T09:57:00-04:00	9.5750	9.6277	1012
2026-09-24T09:58:00-04:00	9.5750	9.6274	1049
2026-09-24T09:59:00-04:00	9.6000	9.6195	23159
2026-09-24T10:00:00-04:00	9.5900	9.6191	1813
2026-09-24T10:01:00-04:00	9.5800	9.6155	17992
2026-09-24T10:02:00-04:00	9.6600	9.6194	19320
2026-09-24T10:03:00-04:00	9.7100	9.6212	5635
2026-09-24T10:04:00-04:00	9.7050	9.6235	6594
2026-09-24T10:05:00-04:00	9.7185	9.6259	5561
2026-09-24T10:06:00-04:00	9.8400	9.6329	8961
2026-09-24T10:07:00-04:00	9.7600	9.6362	5131
2026-09-24T10:08:00-04:00	9.7510	9.6375	2411
2026-09-24T10:09:00-04:00	9.7000	9.6403	8127
2026-09-24T10:10:00-04:00	9.6700	9.6409	4028
2026-09-24T10:11:00-04:00	9.6700	9.6413	2508
2026-09-24T10:12:00-04:00	9.6700	9.6416	2013
2026-09-24T10:13:00-04:00	9.7200	9.6433	5561
2026-09-24T10:14:00-04:00	9.6900	9.6436	1338
2026-09-24T10:15:00-04:00	9.7100	9.6438	1125
2026-09-24T10:16:00-04:00	9.6900	9.6439	507
2026-09-24T10:17:00-04:00	9.6700	9.6445	3783
2026-09-24T10:18:00-04:00	9.6600	9.6446	2970
2026-09-24T10:19:00-04:00	9.6350	9.6445	7221
2026-09-24T10:20:00-04:00	9.6100	9.6445	780
2026-09-24T10:21:00-04:00	9.5950	9.6434	6824
2026-09-24T10:22:00-04:00	9.5678	9.6431	1096
2026-09-24T10:23:00-04:00	9.6100	9.6427	2051
2026-09-24T10:24:00-04:00	9.6100	9.6426	1403
2026-09-24T10:25:00-04:00	9.5900	9.6420	2534
2026-09-24T10:26:00-04:00	9.5650	9.6417	1131
2026-09-24T10:27:00-04:00	9.6000	9.6409	4005
2026-09-24T10:28:00-04:00	9.6100	9.6408	1232
2026-09-24T10:29:00-04:00	9.6500	9.6408	2133
2026-09-24T10:30:00-04:00	9.6100	9.6405	2475
2026-09-24T10:31:00-04:00	9.6000	9.6402	2271
2026-09-24T10:32:00-04:00	9.6100	9.6399	2140
2026-09-24T10:33:00-04:00	9.6400	9.6399	1386
2026-09-24T10:34:00-04:00	9.6400	9.6399	935
2026-09-24T10:35:00-04:00	9.5799	9.6392	4103
2026-09-24T10:36:00-04:00	9.5600	9.6384	3150
2026-09-24T10:37:00-04:00	9.5700	9.6379	2279
2026-09-24T10:38:00-04:00	9.5600	9.6376	1462
2026-09-24T10:39:00-04:00	9.5200	9.6371	1427
2026-09-24T10:40:00-04:00	9.5150	9.6365	1399
2026-09-24T10:41:00-04:00	9.4900	9.6359	1390
2026-09-24T10:42:00-04:00	9.5100	9.6340	4597
2026-09-24T10:43:00-04:00	9.5300	9.6336	1077
2026-09-24T10:44:00-04:00	9.5300	9.6332	1324
2026-09-24T10:45:00-04:00	9.5250	9.6322	2886
2026-09-24T10:46:00-04:00	9.5800	9.6319	1819
2026-09-24T10:47:00-04:00	9.5900	9.6315	2232
2026-09-24T10:48:00-04:00	9.6000	9.6310	4349
2026-09-24T10:49:00-04:00	9.6000	9.6309	925
2026-09-24T10:50:00-04:00	9.6100	9.6308	2198
2026-09-24T10:51:00-04:00	9.5900	9.6307	502
2026-09-24T10:52:00-04:00	9.5900	9.6306	1187
2026-09-24T10:53:00-04:00	9.6000	9.6300	5225
2026-09-24T10:55:00-04:00	9.5800	9.6298	1318
2026-09-24T10:56:00-04:00	9.5650	9.6295	1646
2026-09-24T10:57:00-04:00	9.5650	9.6294	575
2026-09-24T10:58:00-04:00	9.5400	9.6291	1587
2026-09-24T10:59:00-04:00	9.5400	9.6284	2357
2026-09-24T11:00:00-04:00	9.5500	9.6274	4283
2026-09-24T11:01:00-04:00	9.5501	9.6269	2360
2026-09-24T11:02:00-04:00	9.5700	9.6268	691
2026-09-24T11:03:00-04:00	9.5500	9.6263	2329
2026-09-24T11:04:00-04:00	9.5600	9.6262	772
2026-09-24T11:05:00-04:00	9.6000	9.6253	6795
2026-09-24T11:06:00-04:00	9.6100	9.6253	952
2026-09-24T11:07:00-04:00	9.6200	9.6253	1466
2026-09-24T11:08:00-04:00	9.6150	9.6252	4051
2026-09-24T11:09:00-04:00	9.5900	9.6250	2089
2026-09-24T11:10:00-04:00	9.5800	9.6243	6845
2026-09-24T11:11:00-04:00	9.5800	9.6241	1985
2026-09-24T11:12:00-04:00	9.5500	9.6235	3777
2026-09-24T11:13:00-04:00	9.5600	9.6230	2942
2026-09-24T11:14:00-04:00	9.5600	9.6229	764
2026-09-24T11:15:00-04:00	9.5600	9.6228	907
2026-09-24T11:16:00-04:00	9.5850	9.6225	3457
2026-09-24T11:17:00-04:00	9.5800	9.6220	5709
2026-09-24T11:18:00-04:00	9.5500	9.6215	3614
2026-09-24T11:19:00-04:00	9.5500	9.6214	474
2026-09-24T11:20:00-04:00	9.5150	9.6205	3649
2026-09-24T11:21:00-04:00	9.5300	9.6194	4748
2026-09-24T11:22:00-04:00	9.5000	9.6193	483
2026-09-24T11:23:00-04:00	9.5200	9.6189	1671
2026-09-24T11:24:00-04:00	9.5400	9.6185	1981
2026-09-24T11:25:00-04:00	9.5000	9.6178	2888
2026-09-24T11:26:00-04:00	9.5300	9.6171	3309
2026-09-24T11:27:00-04:00	9.4800	9.6166	1907
2026-09-24T11:28:00-04:00	9.4810	9.6163	989
2026-09-24T11:29:00-04:00	9.4900	9.6161	866
2026-09-24T11:30:00-04:00	9.5000	9.6150	3541
2026-09-24T11:31:00-04:00	9.5050	9.6144	2083
2026-09-24T11:32:00-04:00	9.5000	9.6143	547
2026-09-24T11:33:00-04:00	9.5150	9.6139	1674
2026-09-24T11:34:00-04:00	9.5500	9.6136	1898
2026-09-24T11:35:00-04:00	9.5200	9.6135	839
2026-09-24T11:36:00-04:00	9.5500	9.6124	6499
2026-09-24T11:37:00-04:00	9.5600	9.6121	2105
2026-09-24T11:38:00-04:00	9.5600	9.6118	2095
2026-09-24T11:39:00-04:00	9.5500	9.6115	2508
2026-09-24T11:40:00-04:00	9.5700	9.6113	2301
2026-09-24T11:41:00-04:00	9.5900	9.6112	2028
2026-09-24T11:42:00-04:00	9.5750	9.6111	1345
2026-09-24T11:43:00-04:00	9.6000	9.6111	2710
2026-09-24T11:44:00-04:00	9.6200	9.6111	1120
2026-09-24T11:45:00-04:00	9.6281	9.6112	2177
2026-09-24T11:46:00-04:00	9.6100	9.6112	1104
2026-09-24T11:47:00-04:00	9.6100	9.6112	2527
2026-09-24T11:48:00-04:00	9.6100	9.6112	4619
2026-09-24T11:49:00-04:00	9.6100	9.6112	1185
2026-09-24T11:50:00-04:00	9.6100	9.6112	1328
2026-09-24T11:51:00-04:00	9.6100	9.6112	1007
2026-09-24T11:52:00-04:00	9.6200	9.6112	3397
2026-09-24T11:53:00-04:00	9.6050	9.6112	1987
2026-09-24T11:54:00-04:00	9.6050	9.6112	1353
2026-09-24T11:55:00-04:00	9.5800	9.6110	4643
2026-09-24T11:56:00-04:00	9.5950	9.6104	9699
2026-09-24T11:57:00-04:00	9.5900	9.6104	1959
2026-09-24T11:58:00-04:00	9.5650	9.6102	1898
2026-09-24T11:59:00-04:00	9.5500	9.6099	2868
2026-09-24T12:00:00-04:00	9.5100	9.6095	2571
2026-09-24T12:01:00-04:00	9.5300	9.6092	1819
2026-09-24T12:02:00-04:00	9.5000	9.6087	2454
2026-09-24T12:03:00-04:00	9.4700	9.6084	1127
2026-09-24T12:04:00-04:00	9.4850	9.6078	2257
2026-09-24T12:05:00-04:00	9.4800	9.6056	8808
2026-09-24T12:06:00-04:00	9.4100	9.6005	15209
2026-09-24T12:07:00-04:00	9.3700	9.5981	5906
2026-09-24T12:08:00-04:00	9.3800	9.5980	263
2026-09-24T12:09:00-04:00	9.4100	9.5970	2907
2026-09-24T12:10:00-04:00	9.4300	9.5962	2321
2026-09-24T12:11:00-04:00	9.4400	9.5960	1052
2026-09-24T12:12:00-04:00	9.4300	9.5957	814
2026-09-24T12:13:00-04:00	9.4900	9.5940	7700
2026-09-24T12:14:00-04:00	9.5000	9.5934	3410
2026-09-24T12:15:00-04:00	9.5900	9.5925	15435
2026-09-24T12:16:00-04:00	9.6850	9.5938	13057
2026-09-24T12:17:00-04:00	9.7000	9.5940	971
2026-09-24T12:18:00-04:00	9.7100	9.5946	3082
2026-09-24T12:19:00-04:00	9.6550	9.5952	4196
2026-09-24T12:20:00-04:00	9.6750	9.5957	3290
2026-09-24T12:21:00-04:00	9.6550	9.5959	2205
2026-09-24T12:22:00-04:00	9.7050	9.5967	5240
2026-09-24T12:23:00-04:00	9.6900	9.5968	568
2026-09-24T12:24:00-04:00	9.7400	9.5990	11099
2026-09-24T12:25:00-04:00	9.6700	9.5994	2976
2026-09-24T12:26:00-04:00	9.7050	9.6001	4853
2026-09-24T12:27:00-04:00	9.7100	9.6005	2623
2026-09-24T12:28:00-04:00	9.7300	9.6013	3828
2026-09-24T12:29:00-04:00	9.7700	9.6022	3835
2026-09-24T12:30:00-04:00	9.7500	9.6029	2774
2026-09-24T12:31:00-04:00	9.7100	9.6033	2476
2026-09-24T12:32:00-04:00	9.7300	9.6039	3202
2026-09-24T12:33:00-04:00	9.7200	9.6041	1255
2026-09-24T12:34:00-04:00	9.7100	9.6045	2305
2026-09-24T12:35:00-04:00	9.7200	9.6048	1651
2026-09-24T12:36:00-04:00	9.7400	9.6057	4828
2026-09-24T12:37:00-04:00	9.7199	9.6062	2735
2026-09-24T12:38:00-04:00	9.6850	9.6064	1713
2026-09-24T12:39:00-04:00	9.6900	9.6067	1980
2026-09-24T12:40:00-04:00	9.7300	9.6074	4657
2026-09-24T12:41:00-04:00	9.7600	9.6078	1847
2026-09-24T12:42:00-04:00	9.7700	9.6082	1567
2026-09-24T12:43:00-04:00	9.7400	9.6086	2320
2026-09-24T12:44:00-04:00	9.7250	9.6091	2859
2026-09-24T12:45:00-04:00	9.6800	9.6096	3630
2026-09-24T12:46:00-04:00	9.6750	9.6100	3701
2026-09-24T12:47:00-04:00	9.6900	9.6103	3248
2026-09-24T12:48:00-04:00	9.6850	9.6119	14376
2026-09-24T12:49:00-04:00	9.7000	9.6120	1181
2026-09-24T12:50:00-04:00	9.7300	9.6124	2886
2026-09-24T12:51:00-04:00	9.7100	9.6125	1105
2026-09-24T12:52:00-04:00	9.7100	9.6128	1560
2026-09-24T12:53:00-04:00	9.7200	9.6133	4459
2026-09-24T12:54:00-04:00	9.7450	9.6141	4041
2026-09-24T12:55:00-04:00	9.7400	9.6159	10712
2026-09-24T12:56:00-04:00	9.7800	9.6168	4308
2026-09-24T12:57:00-04:00	9.7650	9.6171	1440
2026-09-24T12:58:00-04:00	9.7800	9.6173	806
2026-09-24T12:59:00-04:00	9.7600	9.6178	2818
2026-09-24T13:00:00-04:00	9.7600	9.6185	3664
2026-09-24T13:01:00-04:00	9.7650	9.6212	15028
2026-09-24T13:02:00-04:00	9.7850	9.6218	3069
2026-09-24T13:03:00-04:00	9.8100	9.6224	2155
2026-09-24T13:04:00-04:00	9.7950	9.6240	6964
2026-09-24T13:05:00-04:00	9.7800	9.6245	2516
2026-09-24T13:06:00-04:00	9.7800	9.6254	4129
2026-09-24T13:07:00-04:00	9.7700	9.6260	3216
2026-09-24T13:08:00-04:00	9.7900	9.6265	2618
2026-09-24T13:09:00-04:00	9.7900	9.6267	987
2026-09-24T13:10:00-04:00	9.7850	9.6270	1629
2026-09-24T13:11:00-04:00	9.7900	9.6273	1243
2026-09-24T13:12:00-04:00	9.7965	9.6278	2572
2026-09-24T13:13:00-04:00	9.8000	9.6284	2794
2026-09-24T13:14:00-04:00	9.8400	9.6290	2327
2026-09-24T13:15:00-04:00	9.8083	9.6297	3194
2026-09-24T13:16:00-04:00	9.8300	9.6301	1667
2026-09-24T13:17:00-04:00	9.8400	9.6309	2730
2026-09-24T13:18:00-04:00	9.8600	9.6318	3105
2026-09-24T13:19:00-04:00	9.8700	9.6324	1980
2026-09-24T13:20:00-04:00	9.8412	9.6368	16985
2026-09-24T13:21:00-04:00	9.8700	9.6375	2498
2026-09-24T13:22:00-04:00	9.9000	9.6410	11580
2026-09-24T13:23:00-04:00	9.9100	9.6418	2484
2026-09-24T13:24:00-04:00	9.9000	9.6425	2389
2026-09-24T13:25:00-04:00	9.8950	9.6480	18667
2026-09-24T13:26:00-04:00	9.9100	9.6513	11238
2026-09-24T13:27:00-04:00	9.9200	9.6526	4504
2026-09-24T13:28:00-04:00	9.9377	9.6538	3751
2026-09-24T13:29:00-04:00	9.9400	9.6552	4415
2026-09-24T13:30:00-04:00	9.8950	9.6577	9311
2026-09-24T13:31:00-04:00	9.9200	9.6593	5500
2026-09-24T13:32:00-04:00	9.9050	9.6595	823
2026-09-24T13:33:00-04:00	9.8740	9.6604	3633
2026-09-24T13:34:00-04:00	9.8300	9.6665	32261
2026-09-24T13:35:00-04:00	9.8000	9.6665	429
2026-09-24T13:36:00-04:00	9.7750	9.6672	5629
2026-09-24T13:37:00-04:00	9.7800	9.6683	9468
2026-09-24T13:38:00-04:00	9.7600	9.6687	2989
2026-09-24T13:39:00-04:00	9.7850	9.6691	3815
2026-09-24T13:40:00-04:00	9.7550	9.6701	10390
2026-09-24T13:41:00-04:00	9.7700	9.6713	11579
2026-09-24T13:42:00-04:00	9.7813	9.6719	5647
2026-09-24T13:43:00-04:00	9.7800	9.6723	3107
2026-09-24T13:44:00-04:00	9.7900	9.6726	2562
2026-09-24T13:45:00-04:00	9.7800	9.6727	1192
2026-09-24T13:46:00-04:00	9.7900	9.6729	1286
2026-09-24T13:47:00-04:00	9.8050	9.6732	2329
2026-09-24T13:48:00-04:00	9.8050	9.6735	2591
2026-09-24T13:49:00-04:00	9.8250	9.6738	1472
2026-09-24T13:50:00-04:00	9.8250	9.6740	1911
2026-09-24T13:51:00-04:00	9.8250	9.6742	964
2026-09-24T13:52:00-04:00	9.8250	9.6743	580
2026-09-24T13:53:00-04:00	9.8150	9.6748	4043
2026-09-24T13:54:00-04:00	9.8100	9.6749	531
2026-09-24T13:55:00-04:00	9.7900	9.6753	2863
2026-09-24T13:56:00-04:00	9.8100	9.6755	2123
2026-09-24T13:57:00-04:00	9.7800	9.6757	1590
2026-09-24T13:58:00-04:00	9.8000	9.6768	9006
2026-09-24T13:59:00-04:00	9.8000	9.6770	1547
2026-09-24T14:00:00-04:00	9.7900	9.6781	9019
2026-09-24T14:01:00-04:00	9.7500	9.6783	2844
2026-09-24T14:02:00-04:00	9.7600	9.6784	1178
2026-09-24T14:03:00-04:00	9.7550	9.6787	3658
2026-09-24T14:04:00-04:00	9.7300	9.6789	3973
2026-09-24T14:05:00-04:00	9.7200	9.6790	2353
2026-09-24T14:06:00-04:00	9.7300	9.6792	5639
2026-09-24T14:07:00-04:00	9.7250	9.6794	4687
2026-09-24T14:08:00-04:00	9.7350	9.6796	3582
2026-09-24T14:09:00-04:00	9.7500	9.6798	2785
2026-09-24T14:10:00-04:00	9.7400	9.6799	1640
2026-09-24T14:11:00-04:00	9.7600	9.6801	2453
2026-09-24T14:12:00-04:00	9.7500	9.6802	1772
2026-09-24T14:13:00-04:00	9.7300	9.6803	2180
2026-09-24T14:14:00-04:00	9.7300	9.6804	1691
2026-09-24T14:15:00-04:00	9.7400	9.6805	1682
2026-09-24T14:16:00-04:00	9.7665	9.6806	2333
2026-09-24T14:17:00-04:00	9.7700	9.6807	1089
2026-09-24T14:18:00-04:00	9.7700	9.6810	2787
2026-09-24T14:20:00-04:00	9.7450	9.6811	2288
2026-09-24T14:21:00-04:00	9.7500	9.6813	3164
2026-09-24T14:22:00-04:00	9.7489	9.6815	2355
2026-09-24T14:23:00-04:00	9.7400	9.6816	2354
2026-09-24T14:24:00-04:00	9.7500	9.6817	1624
2026-09-24T14:25:00-04:00	9.7800	9.6820	3856
2026-09-24T14:26:00-04:00	9.7850	9.6821	1252
2026-09-24T14:27:00-04:00	9.7700	9.6822	589
2026-09-24T14:28:00-04:00	9.7600	9.6825	4545
2026-09-24T14:29:00-04:00	9.7800	9.6828	2964
2026-09-24T14:30:00-04:00	9.7602	9.6829	1542
2026-09-24T14:31:00-04:00	9.7650	9.6831	2600
2026-09-24T14:32:00-04:00	9.7900	9.6854	32174
2026-09-24T14:33:00-04:00	9.7500	9.6913	85101
2026-09-24T14:34:00-04:00	9.7452	9.6923	25061
2026-09-24T14:35:00-04:00	9.7000	9.6923	2024
2026-09-24T14:36:00-04:00	9.6950	9.6923	15555
2026-09-24T14:37:00-04:00	9.6950	9.6924	4744
2026-09-24T14:38:00-04:00	9.7200	9.6924	4016
2026-09-24T14:39:00-04:00	9.7300	9.6927	5956
2026-09-24T14:40:00-04:00	9.7050	9.6927	692
2026-09-24T14:41:00-04:00	9.6950	9.6927	1454
2026-09-24T14:42:00-04:00	9.6950	9.6927	2545
2026-09-24T14:43:00-04:00	9.6600	9.6926	5473
2026-09-24T14:44:00-04:00	9.6700	9.6926	2080
2026-09-24T14:45:00-04:00	9.6700	9.6925	3642
2026-09-24T14:46:00-04:00	9.6800	9.6925	1277
2026-09-24T14:47:00-04:00	9.6700	9.6925	1436
2026-09-24T14:48:00-04:00	9.6800	9.6924	2478
2026-09-24T14:49:00-04:00	9.7100	9.6924	4895
2026-09-24T14:50:00-04:00	9.7300	9.6926	4625
2026-09-24T14:51:00-04:00	9.7100	9.6926	2460
2026-09-24T14:52:00-04:00	9.7300	9.6927	2638
2026-09-24T14:53:00-04:00	9.7300	9.6927	1067
2026-09-24T14:54:00-04:00	9.7100	9.6928	3354
2026-09-24T14:55:00-04:00	9.7050	9.6928	2117
2026-09-24T14:56:00-04:00	9.7200	9.6928	3288
2026-09-24T14:57:00-04:00	9.7200	9.6929	4767
2026-09-24T14:58:00-04:00	9.7200	9.6930	1448
2026-09-24T14:59:00-04:00	9.7100	9.6931	6339
2026-09-24T15:00:00-04:00	9.7400	9.6932	4764
2026-09-24T15:01:00-04:00	9.7300	9.6933	2973
2026-09-24T15:02:00-04:00	9.7100	9.6934	3518
2026-09-24T15:03:00-04:00	9.7200	9.6934	3313
2026-09-24T15:04:00-04:00	9.7150	9.6935	3853
2026-09-24T15:05:00-04:00	9.7300	9.6936	1998
2026-09-24T15:06:00-04:00	9.7250	9.6936	2167
2026-09-24T15:07:00-04:00	9.7400	9.6937	2909
2026-09-24T15:08:00-04:00	9.7300	9.6939	5608
2026-09-24T15:09:00-04:00	9.7300	9.6939	1305
2026-09-24T15:10:00-04:00	9.7400	9.6940	3148
2026-09-24T15:11:00-04:00	9.7300	9.6941	2087
2026-09-24T15:12:00-04:00	9.7400	9.6941	1335
2026-09-24T15:13:00-04:00	9.7450	9.6942	2186
2026-09-24T15:14:00-04:00	9.7400	9.6942	1829
2026-09-24T15:15:00-04:00	9.7200	9.6943	1909
2026-09-24T15:16:00-04:00	9.7200	9.6944	3933
2026-09-24T15:17:00-04:00	9.7250	9.6944	3363
2026-09-24T15:18:00-04:00	9.7400	9.6945	3375
2026-09-24T15:19:00-04:00	9.7550	9.6948	6381
2026-09-24T15:20:00-04:00	9.7500	9.6950	5701
2026-09-24T15:21:00-04:00	9.7600	9.6951	3417
2026-09-24T15:22:00-04:00	9.7700	9.6954	5732
2026-09-24T15:23:00-04:00	9.7600	9.6955	1879
2026-09-24T15:24:00-04:00	9.7375	9.6960	11938
2026-09-24T15:25:00-04:00	9.7400	9.6961	6395
2026-09-24T15:26:00-04:00	9.7400	9.6962	3593
2026-09-24T15:27:00-04:00	9.7500	9.6965	7352
2026-09-24T15:28:00-04:00	9.7300	9.6966	2976
2026-09-24T15:29:00-04:00	9.7200	9.6968	7952
2026-09-24T15:30:00-04:00	9.7740	9.6971	9249
2026-09-24T15:31:00-04:00	9.7700	9.6974	5879
2026-09-24T15:32:00-04:00	9.7700	9.6975	2564
2026-09-24T15:33:00-04:00	9.7700	9.6977	4427
2026-09-24T15:34:00-04:00	9.8000	9.6983	10357
2026-09-24T15:35:00-04:00	9.7700	9.6989	10577
2026-09-24T15:36:00-04:00	9.7800	9.6992	5670
2026-09-24T15:37:00-04:00	9.7700	9.6994	4061
2026-09-24T15:38:00-04:00	9.7800	9.6999	10404
2026-09-24T15:39:00-04:00	9.8000	9.7003	6148
2026-09-24T15:40:00-04:00	9.8250	9.7010	8530
2026-09-24T15:41:00-04:00	9.8200	9.7029	27278
2026-09-24T15:42:00-04:00	9.8300	9.7032	3960
2026-09-24T15:43:00-04:00	9.8200	9.7035	2968
2026-09-24T15:44:00-04:00	9.8200	9.7040	8038
2026-09-24T15:45:00-04:00	9.8050	9.7045	7555
2026-09-24T15:46:00-04:00	9.7950	9.7050	8826
2026-09-24T15:47:00-04:00	9.7900	9.7052	2903
2026-09-24T15:48:00-04:00	9.7850	9.7062	17107
2026-09-24T15:49:00-04:00	9.8300	9.7069	10704
2026-09-24T15:50:00-04:00	9.8200	9.7080	16764
2026-09-24T15:51:00-04:00	9.8450	9.7090	13146
2026-09-24T15:52:00-04:00	9.8700	9.7121	34692
2026-09-24T15:53:00-04:00	9.8700	9.7132	11617
2026-09-24T15:54:00-04:00	9.8800	9.7152	20113
2026-09-24T15:55:00-04:00	9.8700	9.7180	29640
2026-09-24T15:56:00-04:00	9.8700	9.7206	31562
2026-09-24T15:57:00-04:00	9.8450	9.7242	49044
2026-09-24T15:58:00-04:00	9.8350	9.7282	65418
2026-09-24T15:59:00-04:00	9.8200	9.7318	80766
2026-09-25T09:30:00-04:00	10.0140	9.9647	59815
2026-09-25T09:31:00-04:00	9.9750	9.9714	15822
2026-09-25T09:32:00-04:00	9.9300	9.9701	2636
2026-09-25T09:33:00-04:00	9.9500	9.9694	2919
2026-09-25T09:34:00-04:00	9.9300	9.9671	4170
2026-09-25T09:35:00-04:00	9.9600	9.9667	1989
2026-09-25T09:36:00-04:00	9.9150	9.9656	2045
2026-09-25T09:37:00-04:00	9.9150	9.9650	1407
2026-09-25T09:38:00-04:00	9.9700	9.9644	5200
2026-09-25T09:39:00-04:00	9.9400	9.9642	879
2026-09-25T09:40:00-04:00	9.9600	9.9641	3566
2026-09-25T09:41:00-04:00	9.9800	9.9647	5260
2026-09-25T09:42:00-04:00	10.0300	9.9687	9527
2026-09-25T09:43:00-04:00	9.9100	9.9669	8407
2026-09-25T09:44:00-04:00	9.8600	9.9604	9862
2026-09-25T09:45:00-04:00	9.8350	9.9589	1571
2026-09-25T09:46:00-04:00	9.8648	9.9567	2900
2026-09-25T09:47:00-04:00	9.8750	9.9537	4973
2026-09-25T09:48:00-04:00	9.8800	9.9522	3124
2026-09-25T09:49:00-04:00	9.9459	9.9516	4241
2026-09-25T09:50:00-04:00	9.9000	9.9500	3877
2026-09-25T09:51:00-04:00	9.9200	9.9499	866
2026-09-25T09:52:00-04:00	9.9056	9.9495	1252
2026-09-25T09:53:00-04:00	9.9200	9.9491	1711
2026-09-25T09:54:00-04:00	9.9600	9.9494	6106
2026-09-25T09:55:00-04:00	9.8612	9.9485	2422
2026-09-25T09:56:00-04:00	9.8600	9.9478	1205
2026-09-25T09:57:00-04:00	9.8650	9.9471	1362
2026-09-25T09:58:00-04:00	9.7950	9.9285	27357
2026-09-25T09:59:00-04:00	9.7950	9.9246	5433
2026-09-25T10:00:00-04:00	9.7800	9.9194	7271
2026-09-25T10:01:00-04:00	9.7500	9.9135	7811
2026-09-25T10:02:00-04:00	9.7800	9.9080	8183
2026-09-25T10:03:00-04:00	9.7001	9.9061	2332
2026-09-25T10:04:00-04:00	9.7084	9.9038	2520
2026-09-25T10:05:00-04:00	9.6600	9.9027	1102
2026-09-25T10:06:00-04:00	9.6800	9.8996	3156
2026-09-25T10:07:00-04:00	9.6800	9.8964	3736
2026-09-25T10:08:00-04:00	9.7200	9.8951	1689
2026-09-25T10:09:00-04:00	9.7400	9.8947	561
2026-09-25T10:10:00-04:00	9.7350	9.8931	2542
2026-09-25T10:11:00-04:00	9.7100	9.8910	2830
2026-09-25T10:12:00-04:00	9.6850	9.8882	3493
2026-09-25T10:13:00-04:00	9.6700	9.8862	2391
2026-09-25T10:14:00-04:00	9.5900	9.8730	12332
2026-09-25T10:15:00-04:00	9.5900	9.8713	1563
2026-09-25T10:16:00-04:00	9.5500	9.8645	6064
2026-09-25T10:17:00-04:00	9.5700	9.8627	1663
2026-09-25T10:18:00-04:00	9.6150	9.8604	2432
2026-09-25T10:19:00-04:00	9.6000	9.8597	744
2026-09-25T10:20:00-04:00	9.6200	9.8529	7936
2026-09-25T10:21:00-04:00	9.5650	9.8522	755
2026-09-25T10:22:00-04:00	9.5700	9.8393	13160
2026-09-25T10:23:00-04:00	9.5800	9.8379	1530
2026-09-25T10:24:00-04:00	9.5992	9.8366	1718
2026-09-25T10:25:00-04:00	9.6000	9.8343	2807
2026-09-25T10:26:00-04:00	9.5800	9.8325	2215
2026-09-25T10:27:00-04:00	9.5600	9.8321	390
2026-09-25T10:28:00-04:00	9.5623	9.8301	2231
2026-09-25T10:29:00-04:00	9.5600	9.8287	1654
2026-09-25T10:30:00-04:00	9.5300	9.8179	11880
2026-09-25T10:31:00-04:00	9.5350	9.8162	1953
2026-09-25T10:32:00-04:00	9.4600	9.7908	26593
2026-09-25T10:33:00-04:00	9.5200	9.7884	2968
2026-09-25T10:34:00-04:00	9.5250	9.7875	1237
2026-09-25T10:35:00-04:00	9.5300	9.7872	348
2026-09-25T10:36:00-04:00	9.5250	9.7836	5127
2026-09-25T10:37:00-04:00	9.5400	9.7828	1127
2026-09-25T10:38:00-04:00	9.5400	9.7819	1319
2026-09-25T10:39:00-04:00	9.5500	9.7814	840
2026-09-25T10:40:00-04:00	9.5400	9.7808	877
2026-09-25T10:41:00-04:00	9.5400	9.7802	869
2026-09-25T10:42:00-04:00	9.5200	9.7791	1587
2026-09-25T10:43:00-04:00	9.5100	9.7770	2838
2026-09-25T10:44:00-04:00	9.5100	9.7738	4541
2026-09-25T10:45:00-04:00	9.5200	9.7716	3146
2026-09-25T10:46:00-04:00	9.5290	9.7671	6928
2026-09-25T10:47:00-04:00	9.5400	9.7664	1081
2026-09-25T10:48:00-04:00	9.5200	9.7651	2217
2026-09-25T10:49:00-04:00	9.5100	9.7644	1058
2026-09-25T10:50:00-04:00	9.4900	9.7629	2233
2026-09-25T10:51:00-04:00	9.4800	9.7586	5949
2026-09-25T10:52:00-04:00	9.4400	9.7529	7374
2026-09-25T10:53:00-04:00	9.4300	9.7515	1818
2026-09-25T10:54:00-04:00	9.4298	9.7489	3264
2026-09-25T10:55:00-04:00	9.4700	9.7472	2311
2026-09-25T10:56:00-04:00	9.4800	9.7462	1555
2026-09-25T10:57:00-04:00	9.5000	9.7456	1060
2026-09-25T10:58:00-04:00	9.5000	9.7450	997
2026-09-25T10:59:00-04:00	9.5000	9.7441	1444
2026-09-25T11:00:00-04:00	9.5000	9.7432	1558
2026-09-25T11:01:00-04:00	9.5000	9.7418	2369
2026-09-25T11:02:00-04:00	9.4900	9.7409	1470
2026-09-25T11:03:00-04:00	9.5000	9.7400	1595
2026-09-25T11:04:00-04:00	9.4500	9.7378	3467
2026-09-25T11:05:00-04:00	9.4500	9.7357	3201
2026-09-25T11:06:00-04:00	9.4500	9.7318	5921
2026-09-25T11:07:00-04:00	9.4700	9.7306	1960
2026-09-25T11:08:00-04:00	9.4450	9.7291	2365
2026-09-25T11:09:00-04:00	9.4300	9.7242	7419
2026-09-25T11:10:00-04:00	9.4200	9.7215	4173
2026-09-25T11:11:00-04:00	9.4387	9.7193	3459
2026-09-25T11:12:00-04:00	9.4400	9.7170	3698
2026-09-25T11:13:00-04:00	9.4900	9.7153	3325
2026-09-25T11:14:00-04:00	9.4791	9.7126	5224
2026-09-25T11:15:00-04:00	9.4500	9.7113	2530
2026-09-25T11:16:00-04:00	9.4600	9.7095	3399
2026-09-25T11:17:00-04:00	9.4500	9.7087	1719
2026-09-25T11:18:00-04:00	9.4200	9.7056	5343
2026-09-25T11:19:00-04:00	9.4150	9.7048	1293
2026-09-25T11:20:00-04:00	9.4100	9.7033	2492
2026-09-25T11:21:00-04:00	9.4290	9.6971	11125
2026-09-25T11:22:00-04:00	9.4500	9.6961	2025
2026-09-25T11:23:00-04:00	9.4700	9.6950	2241
2026-09-25T11:25:00-04:00	9.4600	9.6924	5685
2026-09-25T11:26:00-04:00	9.4550	9.6875	10556
2026-09-25T11:27:00-04:00	9.4600	9.6872	809
2026-09-25T11:28:00-04:00	9.4600	9.6863	2025
2026-09-25T11:29:00-04:00	9.4500	9.6857	1182
2026-09-25T11:30:00-04:00	9.4600	9.6826	7643
2026-09-25T11:31:00-04:00	9.4450	9.6816	2335
2026-09-25T11:32:00-04:00	9.4700	9.6805	2710
2026-09-25T11:33:00-04:00	9.4900	9.6801	1246
2026-09-25T11:34:00-04:00	9.4850	9.6797	1203
2026-09-25T11:35:00-04:00	9.4900	9.6779	5149
2026-09-25T11:36:00-04:00	9.4900	9.6771	2426
2026-09-25T11:37:00-04:00	9.4743	9.6767	998
2026-09-25T11:38:00-04:00	9.4800	9.6762	1543
2026-09-25T11:39:00-04:00	9.4500	9.6745	4119
2026-09-25T11:40:00-04:00	9.4500	9.6736	2181
2026-09-25T11:41:00-04:00	9.4220	9.6710	6053
2026-09-25T11:42:00-04:00	9.4200	9.6694	3534
2026-09-25T11:43:00-04:00	9.4300	9.6685	2073
2026-09-25T11:44:00-04:00	9.4100	9.6680	964
2026-09-25T11:45:00-04:00	9.4100	9.6645	7782
2026-09-25T11:46:00-04:00	9.4200	9.6639	1484
2026-09-25T11:47:00-04:00	9.4500	9.6629	2538
2026-09-25T11:48:00-04:00	9.4300	9.6622	1833
2026-09-25T11:49:00-04:00	9.4300	9.6614	1803
2026-09-25T11:50:00-04:00	9.4400	9.6607	1857
2026-09-25T11:51:00-04:00	9.3900	9.6592	3456
2026-09-25T11:52:00-04:00	9.3850	9.6569	4937
2026-09-25T11:53:00-04:00	9.3850	9.6561	1793
2026-09-25T11:54:00-04:00	9.4200	9.6546	3624
2026-09-25T11:55:00-04:00	9.4400	9.6542	1302
2026-09-25T11:56:00-04:00	9.4600	9.6536	1720
2026-09-25T11:57:00-04:00	9.4700	9.6532	1168
2026-09-25T11:58:00-04:00	9.5050	9.6528	1413
2026-09-25T11:59:00-04:00	9.5268	9.6524	2032
2026-09-25T12:00:00-04:00	9.5450	9.6521	1623
2026-09-25T12:01:00-04:00	9.5200	9.6510	5078
2026-09-25T12:02:00-04:00	9.5600	9.6508	1764
2026-09-25T12:03:00-04:00	9.5100	9.6494	6788
2026-09-25T12:04:00-04:00	9.4950	9.6451	18653
2026-09-25T12:05:00-04:00	9.5100	9.6443	3903
2026-09-25T12:06:00-04:00	9.5100	9.6435	3395
2026-09-25T12:07:00-04:00	9.5150	9.6411	12611
2026-09-25T12:08:00-04:00	9.5100	9.6409	949
2026-09-25T12:09:00-04:00	9.5400	9.6405	2640
2026-09-25T12:10:00-04:00	9.5350	9.6384	15309
2026-09-25T12:11:00-04:00	9.5400	9.6382	1327
2026-09-25T12:12:00-04:00	9.5100	9.6379	1804
2026-09-25T12:13:00-04:00	9.5200	9.6352	15036
2026-09-25T12:14:00-04:00	9.5200	9.6345	4314
2026-09-25T12:15:00-04:00	9.6050	9.6338	7816
2026-09-25T12:16:00-04:00	9.6200	9.6337	4312
2026-09-25T12:17:00-04:00	9.6200	9.6337	1284
2026-09-25T12:18:00-04:00	9.6000	9.6337	1543
2026-09-25T12:19:00-04:00	9.6050	9.6335	3666
2026-09-25T12:20:00-04:00	9.5900	9.6334	1685
2026-09-25T12:21:00-04:00	9.5650	9.6330	4642
2026-09-25T12:22:00-04:00	9.5350	9.6327	1944
2026-09-25T12:23:00-04:00	9.5350	9.6322	3893
2026-09-25T12:24:00-04:00	9.5500	9.6319	3045
2026-09-25T12:25:00-04:00	9.5900	9.6318	2079
2026-09-25T12:26:00-04:00	9.5800	9.6316	3337
2026-09-25T12:27:00-04:00	9.5700	9.6315	1277
2026-09-25T12:28:00-04:00	9.5300	9.6312	2297
2026-09-25T12:29:00-04:00	9.5350	9.6311	767
2026-09-25T12:30:00-04:00	9.5350	9.6310	770
2026-09-25T12:31:00-04:00	9.5200	9.6309	860
2026-09-25T12:32:00-04:00	9.5500	9.6307	1648
2026-09-25T12:33:00-04:00	9.5300	9.6304	1890
2026-09-25T12:34:00-04:00	9.4500	9.6288	7803
2026-09-25T12:35:00-04:00	9.4850	9.6284	1734
2026-09-25T12:36:00-04:00	9.4750	9.6282	1422
2026-09-25T12:37:00-04:00	9.5050	9.6276	3245
2026-09-25T12:38:00-04:00	9.4900	9.6274	1254
2026-09-25T12:39:00-04:00	9.5100	9.6273	916
2026-09-25T12:40:00-04:00	9.5000	9.6272	727
2026-09-25T12:41:00-04:00	9.5000	9.6268	1758
2026-09-25T12:42:00-04:00	9.5050	9.6266	1352
2026-09-25T12:43:00-04:00	9.5046	9.6264	1247
2026-09-25T12:44:00-04:00	9.4900	9.6262	1610
2026-09-25T12:45:00-04:00	9.4900	9.6256	3510
2026-09-25T12:46:00-04:00	9.5200	9.6249	4422
2026-09-25T12:47:00-04:00	9.5400	9.6248	847
2026-09-25T12:48:00-04:00	9.5100	9.6245	1912
2026-09-25T12:49:00-04:00	9.4900	9.6239	3611
2026-09-25T12:50:00-04:00	9.5100	9.6239	307
2026-09-25T12:51:00-04:00	9.5000	9.6236	1742
2026-09-25T12:52:00-04:00	9.5200	9.6231	3469
2026-09-25T12:53:00-04:00	9.5450	9.6228	3001
2026-09-25T12:54:00-04:00	9.5600	9.6227	1411
2026-09-25T12:55:00-04:00	9.5500	9.6226	1272
2026-09-25T12:56:00-04:00	9.5500	9.6225	1317
2026-09-25T12:57:00-04:00	9.5400	9.6222	3028
2026-09-25T12:58:00-04:00	9.5500	9.6221	493
2026-09-25T12:59:00-04:00	9.5300	9.6218	2558
2026-09-25T13:00:00-04:00	9.5000	9.6215	2233
2026-09-25T13:01:00-04:00	9.5400	9.6209	5063
2026-09-25T13:02:00-04:00	9.5550	9.6208	1894
2026-09-25T13:03:00-04:00	9.5500	9.6207	1236
2026-09-25T13:04:00-04:00	9.5400	9.6196	11023
2026-09-25T13:05:00-04:00	9.5400	9.6194	1949
2026-09-25T13:06:00-04:00	9.5300	9.6193	1744
2026-09-25T13:07:00-04:00	9.5300	9.6188	3786
2026-09-25T13:08:00-04:00	9.5200	9.6187	1028
2026-09-25T13:09:00-04:00	9.5300	9.6183	3824
2026-09-25T13:10:00-04:00	9.5300	9.6181	2060
2026-09-25T13:11:00-04:00	9.5300	9.6180	921
2026-09-25T13:12:00-04:00	9.5300	9.6179	1003
2026-09-25T13:13:00-04:00	9.5450	9.6175	4298
2026-09-25T13:14:00-04:00	9.5450	9.6175	582
2026-09-25T13:15:00-04:00	9.5500	9.6173	2340
2026-09-25T13:16:00-04:00	9.5550	9.6173	407
2026-09-25T13:17:00-04:00	9.5550	9.6170	3056
2026-09-25T13:18:00-04:00	9.5100	9.6159	10065
2026-09-25T13:19:00-04:00	9.5100	9.6155	3319
2026-09-25T13:20:00-04:00	9.5100	9.6155	261
2026-09-25T13:21:00-04:00	9.5200	9.6152	2066
2026-09-25T13:22:00-04:00	9.5250	9.6151	1258
2026-09-25T13:23:00-04:00	9.5300	9.6150	1412
2026-09-25T13:24:00-04:00	9.5400	9.6147	2435
2026-09-25T13:25:00-04:00	9.5400	9.6144	4449
2026-09-25T13:26:00-04:00	9.5600	9.6142	3257
2026-09-25T13:27:00-04:00	9.5500	9.6141	1665
2026-09-25T13:28:00-04:00	9.5500	9.6140	747
2026-09-25T13:29:00-04:00	9.5400	9.6139	1451
2026-09-25T13:30:00-04:00	9.5300	9.6138	1292
2026-09-25T13:31:00-04:00	9.5100	9.6136	1818
2026-09-25T13:32:00-04:00	9.5300	9.6127	9606
2026-09-25T13:33:00-04:00	9.5400	9.6123	4696
2026-09-25T13:34:00-04:00	9.5350	9.6121	1820
2026-09-25T13:36:00-04:00	9.5200	9.6120	1438
2026-09-25T13:37:00-04:00	9.5500	9.6115	5854
2026-09-25T13:38:00-04:00	9.5400	9.6114	1085
2026-09-25T13:39:00-04:00	9.5600	9.6109	7630
2026-09-25T13:40:00-04:00	9.5600	9.6107	3984
2026-09-25T13:41:00-04:00	9.5500	9.6106	1164
2026-09-25T13:42:00-04:00	9.5600	9.6105	1491
2026-09-25T13:43:00-04:00	9.5800	9.6104	2944
2026-09-25T13:44:00-04:00	9.5550	9.6103	2176
2026-09-25T13:45:00-04:00	9.5600	9.6102	1540
2026-09-25T13:46:00-04:00	9.5700	9.6102	690
2026-09-25T13:47:00-04:00	9.5600	9.6101	725
2026-09-25T13:48:00-04:00	9.5650	9.6099	4192
2026-09-25T13:49:00-04:00	9.5700	9.6086	35096
2026-09-25T13:50:00-04:00	9.5500	9.6085	2227
2026-09-25T13:51:00-04:00	9.5500	9.6084	969
2026-09-25T13:52:00-04:00	9.5400	9.6084	1005
2026-09-25T13:53:00-04:00	9.5300	9.6080	5340
2026-09-25T13:54:00-04:00	9.5100	9.6078	1570
2026-09-25T13:55:00-04:00	9.5150	9.6077	1440
2026-09-25T13:56:00-04:00	9.5300	9.6073	5420
2026-09-25T13:57:00-04:00	9.5300	9.6070	3260
2026-09-25T13:58:00-04:00	9.5300	9.6070	147
2026-09-25T13:59:00-04:00	9.5300	9.6069	1410
2026-09-25T14:00:00-04:00	9.5400	9.6068	1183
2026-09-25T14:01:00-04:00	9.5400	9.6068	603
2026-09-25T14:02:00-04:00	9.5100	9.6063	4761
2026-09-25T14:03:00-04:00	9.5300	9.6063	1141
2026-09-25T14:04:00-04:00	9.5120	9.6062	1121
2026-09-25T14:05:00-04:00	9.5100	9.6061	115
2026-09-25T14:06:00-04:00	9.5200	9.6059	3062
2026-09-25T14:07:00-04:00	9.5300	9.6058	945
2026-09-25T14:08:00-04:00	9.5100	9.6058	574
2026-09-25T14:09:00-04:00	9.5300	9.6056	1996
2026-09-25T14:10:00-04:00	9.5000	9.6045	11099
2026-09-25T14:11:00-04:00	9.5200	9.6043	3040
2026-09-25T14:12:00-04:00	9.5200	9.6042	374
2026-09-25T14:13:00-04:00	9.5150	9.6039	4076
2026-09-25T14:14:00-04:00	9.5100	9.6038	1041
2026-09-25T14:15:00-04:00	9.5200	9.6038	476
2026-09-25T14:16:00-04:00	9.5100	9.6037	634
2026-09-25T14:17:00-04:00	9.5350	9.6028	15407
2026-09-25T14:18:00-04:00	9.5400	9.6027	1769
2026-09-25T14:19:00-04:00	9.5400	9.6026	939
2026-09-25T14:20:00-04:00	9.5400	9.6026	649
2026-09-25T14:21:00-04:00	9.5450	9.6022	7201
2026-09-25T14:22:00-04:00	9.5300	9.6020	2754
2026-09-25T14:23:00-04:00	9.5200	9.6016	4753
2026-09-25T14:24:00-04:00	9.5000	9.6016	367
2026-09-25T14:25:00-04:00	9.5099	9.6014	1794
2026-09-25T14:26:00-04:00	9.5000	9.6012	1924
2026-09-25T14:27:00-04:00	9.4850	9.6009	2850
2026-09-25T14:28:00-04:00	9.5000	9.6007	2699
2026-09-25T14:29:00-04:00	9.5000	9.6006	553
2026-09-25T14:30:00-04:00	9.5000	9.6005	1155
2026-09-25T14:31:00-04:00	9.4900	9.6004	775
2026-09-25T14:32:00-04:00	9.5000	9.6003	1367
2026-09-25T14:33:00-04:00	9.4950	9.5997	6467
2026-09-25T14:34:00-04:00	9.4825	9.5995	1096
2026-09-25T14:35:00-04:00	9.4850	9.5993	2505
2026-09-25T14:36:00-04:00	9.4700	9.5990	2226
2026-09-25T14:37:00-04:00	9.4450	9.5987	2684
2026-09-25T14:38:00-04:00	9.4600	9.5984	2139
2026-09-25T14:39:00-04:00	9.4350	9.5983	826
2026-09-25T14:40:00-04:00	9.4350	9.5979	2496
2026-09-25T14:41:00-04:00	9.4500	9.5976	1798
2026-09-25T14:42:00-04:00	9.4600	9.5966	8741
2026-09-25T14:43:00-04:00	9.4900	9.5962	3039
2026-09-25T14:45:00-04:00	9.4900	9.5957	5864
2026-09-25T14:46:00-04:00	9.4900	9.5956	1394
2026-09-25T14:47:00-04:00	9.4900	9.5955	771
2026-09-25T14:48:00-04:00	9.4900	9.5953	1795
2026-09-25T14:49:00-04:00	9.4900	9.5950	3502
2026-09-25T14:50:00-04:00	9.5000	9.5950	488
2026-09-25T14:51:00-04:00	9.4900	9.5948	2237
2026-09-25T14:52:00-04:00	9.4950	9.5947	898
2026-09-25T14:53:00-04:00	9.5000	9.5945	2681
2026-09-25T14:54:00-04:00	9.5000	9.5943	1438
2026-09-25T14:55:00-04:00	9.4850	9.5941	2672
2026-09-25T14:56:00-04:00	9.4950	9.5940	1143
2026-09-25T14:57:00-04:00	9.5000	9.5939	976
2026-09-25T14:58:00-04:00	9.4900	9.5939	603
2026-09-25T14:59:00-04:00	9.5150	9.5933	7465
2026-09-25T15:00:00-04:00	9.5550	9.5927	13197
2026-09-25T15:01:00-04:00	9.5900	9.5927	6640
2026-09-25T15:02:00-04:00	9.5800	9.5927	4667
2026-09-25T15:03:00-04:00	9.5800	9.5926	3459
2026-09-25T15:04:00-04:00	9.5900	9.5926	3678
2026-09-25T15:05:00-04:00	9.6100	9.5927	6360
2026-09-25T15:06:00-04:00	9.6150	9.5927	1152
2026-09-25T15:07:00-04:00	9.6050	9.5928	5760
2026-09-25T15:08:00-04:00	9.6100	9.5928	3069
2026-09-25T15:09:00-04:00	9.5900	9.5928	12968
2026-09-25T15:10:00-04:00	9.6100	9.5928	5996
2026-09-25T15:11:00-04:00	9.6300	9.5929	2029
2026-09-25T15:12:00-04:00	9.6300	9.5929	1004
2026-09-25T15:13:00-04:00	9.6200	9.5930	1760
2026-09-25T15:14:00-04:00	9.6100	9.5930	987
2026-09-25T15:15:00-04:00	9.6100	9.5930	1189
2026-09-25T15:16:00-04:00	9.6000	9.5930	10251
2026-09-25T15:17:00-04:00	9.6000	9.5931	1907
2026-09-25T15:18:00-04:00	9.6100	9.5931	1151
2026-09-25T15:19:00-04:00	9.6000	9.5931	5972
2026-09-25T15:20:00-04:00	9.6000	9.5931	399
2026-09-25T15:21:00-04:00	9.5750	9.5931	4699
2026-09-25T15:22:00-04:00	9.5900	9.5931	4884
2026-09-25T15:23:00-04:00	9.5900	9.5931	1174
2026-09-25T15:24:00-04:00	9.5767	9.5930	2156
2026-09-25T15:25:00-04:00	9.5800	9.5930	1085
2026-09-25T15:26:00-04:00	9.5800	9.5929	15331
2026-09-25T15:27:00-04:00	9.5800	9.5928	2041
2026-09-25T15:28:00-04:00	9.6100	9.5929	7041
2026-09-25T15:29:00-04:00	9.6100	9.5929	2486
2026-09-25T15:30:00-04:00	9.6000	9.5930	5406
2026-09-25T15:31:00-04:00	9.6300	9.5932	9636
2026-09-25T15:32:00-04:00	9.6300	9.5933	3633
2026-09-25T15:33:00-04:00	9.6400	9.5934	4376
2026-09-25T15:34:00-04:00	9.6400	9.5935	774
2026-09-25T15:35:00-04:00	9.6200	9.5937	9116
2026-09-25T15:36:00-04:00	9.6200	9.5937	2106
2026-09-25T15:37:00-04:00	9.6200	9.5940	10813
2026-09-25T15:38:00-04:00	9.6200	9.5941	6243
2026-09-25T15:39:00-04:00	9.6300	9.5942	2460
2026-09-25T15:40:00-04:00	9.6200	9.5943	6745
2026-09-25T15:41:00-04:00	9.6000	9.5944	12175
2026-09-25T15:42:00-04:00	9.6000	9.5944	4575
2026-09-25T15:43:00-04:00	9.6000	9.5945	8928
2026-09-25T15:44:00-04:00	9.5950	9.5945	2200
2026-09-25T15:45:00-04:00	9.6200	9.5948	28318
2026-09-25T15:46:00-04:00	9.6150	9.5950	10541
2026-09-25T15:47:00-04:00	9.6250	9.5953	12490
2026-09-25T15:48:00-04:00	9.6250	9.5956	15439
2026-09-25T15:49:00-04:00	9.6400	9.5959	9720
2026-09-25T15:50:00-04:00	9.6550	9.5967	20371
2026-09-25T15:51:00-04:00	9.6550	9.5975	19442
2026-09-25T15:52:00-04:00	9.6400	9.5981	16255
2026-09-25T15:53:00-04:00	9.6550	9.5984	9865
2026-09-25T15:54:00-04:00	9.6550	9.5989	12651
2026-09-25T15:55:00-04:00	9.6550	9.5997	20911
2026-09-25T15:56:00-04:00	9.6500	9.6007	34818
2026-09-25T15:57:00-04:00	9.6200	9.6012	31834
2026-09-25T15:58:00-04:00	9.5650	9.5999	115725
2026-09-25T15:59:00-04:00	9.5700	9.5984	85861
2026-09-28T09:30:00-04:00	9.3220	9.3204	25833
2026-09-28T09:31:00-04:00	9.3000	9.3206	6190
2026-09-28T09:32:00-04:00	9.3200	9.3195	2242
2026-09-28T09:33:00-04:00	9.3700	9.3212	1223
2026-09-28T09:34:00-04:00	9.3500	9.3221	1236
2026-09-28T09:35:00-04:00	9.3310	9.3231	1757
2026-09-28T09:36:00-04:00	9.4300	9.3340	6050
2026-09-28T09:37:00-04:00	9.4650	9.3434	3793
2026-09-28T09:39:00-04:00	9.5400	9.3664	7099
2026-09-28T09:40:00-04:00	9.4945	9.3731	2689
2026-09-28T09:41:00-04:00	9.5700	9.3773	1378
2026-09-28T09:42:00-04:00	9.5776	9.4022	8538
2026-09-28T09:43:00-04:00	9.6152	9.4100	2773
2026-09-28T09:44:00-04:00	9.4800	9.4181	6779
2026-09-28T09:45:00-04:00	9.4750	9.4284	13721
2026-09-28T09:46:00-04:00	9.4750	9.4291	1297
2026-09-28T09:47:00-04:00	9.4400	9.4294	1541
2026-09-28T09:49:00-04:00	9.4800	9.4297	568
2026-09-28T09:50:00-04:00	9.3900	9.4291	4250
2026-09-28T09:51:00-04:00	9.4100	9.4290	723
2026-09-28T09:52:00-04:00	9.4400	9.4291	1673
2026-09-28T09:53:00-04:00	9.3500	9.4066	65110
2026-09-28T09:54:00-04:00	9.3800	9.4064	1032
2026-09-28T09:55:00-04:00	9.3800	9.4064	413
2026-09-28T09:56:00-04:00	9.3800	9.4054	6406
2026-09-28T09:58:00-04:00	9.3600	9.4050	2045
2026-09-28T09:59:00-04:00	9.3750	9.4049	708
2026-09-28T10:00:00-04:00	9.3250	9.4035	3484
2026-09-28T10:01:00-04:00	9.3300	9.4026	2529
2026-09-28T10:02:00-04:00	9.3700	9.4024	728
2026-09-28T10:03:00-04:00	9.4000	9.4024	1292
2026-09-28T10:04:00-04:00	9.3500	9.4022	799
2026-09-28T10:05:00-04:00	9.3200	9.4019	557
2026-09-28T10:06:00-04:00	9.3400	9.4016	1060
2026-09-28T10:07:00-04:00	9.3500	9.4011	1833
2026-09-28T10:08:00-04:00	9.3550	9.4010	317
2026-09-28T10:09:00-04:00	9.3750	9.4008	1706
2026-09-28T10:10:00-04:00	9.3650	9.3980	15161
2026-09-28T10:11:00-04:00	9.4000	9.3980	2267
2026-09-28T10:12:00-04:00	9.3800	9.3979	243
2026-09-28T10:13:00-04:00	9.3900	9.3978	1984
2026-09-28T10:15:00-04:00	9.3950	9.3978	7466
2026-09-28T10:16:00-04:00	9.4500	9.3980	1065
2026-09-28T10:18:00-04:00	9.4600	9.3982	789
2026-09-28T10:20:00-04:00	9.4300	9.3983	852
2026-09-28T10:21:00-04:00	9.4300	9.3985	1074
2026-09-28T10:22:00-04:00	9.4100	9.3986	1958
2026-09-28T10:23:00-04:00	9.4050	9.3986	1284
2026-09-28T10:25:00-04:00	9.4000	9.3987	1454
2026-09-28T10:26:00-04:00	9.4100	9.3987	388
2026-09-28T10:27:00-04:00	9.4100	9.3988	2708
2026-09-28T10:29:00-04:00	9.4000	9.3988	1832
2026-09-28T10:30:00-04:00	9.3250	9.3981	3108
2026-09-28T10:31:00-04:00	9.3380	9.3978	976
2026-09-28T10:32:00-04:00	9.2950	9.3946	7650
2026-09-28T10:33:00-04:00	9.3000	9.3945	284
2026-09-28T10:34:00-04:00	9.3200	9.3941	1036
2026-09-28T10:35:00-04:00	9.3300	9.3939	748
2026-09-28T10:36:00-04:00	9.3600	9.3937	1675
2026-09-28T10:37:00-04:00	9.3500	9.3935	1101
2026-09-28T10:39:00-04:00	9.3400	9.3934	489
2026-09-28T10:40:00-04:00	9.3300	9.3930	1466
2026-09-28T10:41:00-04:00	9.3400	9.3929	297
2026-09-28T10:42:00-04:00	9.3201	9.3919	3661
2026-09-28T10:43:00-04:00	9.3200	9.3917	990
2026-09-28T10:44:00-04:00	9.3600	9.3899	9539
2026-09-28T10:45:00-04:00	9.3700	9.3889	14539
2026-09-28T10:46:00-04:00	9.3700	9.3886	3629
2026-09-28T10:47:00-04:00	9.3600	9.3883	3228
2026-09-28T10:48:00-04:00	9.3800	9.3882	1545
2026-09-28T10:49:00-04:00	9.3896	9.3882	2245
2026-09-28T10:50:00-04:00	9.4050	9.3884	3634
2026-09-28T10:51:00-04:00	9.3550	9.3881	3561
2026-09-28T10:52:00-04:00	9.3300	9.3879	1227
2026-09-28T10:53:00-04:00	9.3200	9.3878	503
2026-09-28T10:54:00-04:00	9.3100	9.3875	1049
2026-09-28T10:55:00-04:00	9.2850	9.3855	6235
2026-09-28T10:56:00-04:00	9.3007	9.3847	2887
2026-09-28T10:57:00-04:00	9.3028	9.3845	891
2026-09-28T10:58:00-04:00	9.3200	9.3844	666
2026-09-28T10:59:00-04:00	9.3100	9.3843	313
2026-09-28T11:00:00-04:00	9.3200	9.3838	2084
2026-09-28T11:03:00-04:00	9.3300	9.3836	1368
2026-09-28T11:05:00-04:00	9.3001	9.3834	775
2026-09-28T11:06:00-04:00	9.3000	9.3801	13181
2026-09-28T11:07:00-04:00	9.3300	9.3799	1018
2026-09-28T11:08:00-04:00	9.3460	9.3799	891
2026-09-28T11:09:00-04:00	9.3245	9.3794	2637
2026-09-28T11:10:00-04:00	9.3450	9.3792	1902
2026-09-28T11:11:00-04:00	9.3250	9.3790	1174
2026-09-28T11:12:00-04:00	9.3200	9.3789	1058
2026-09-28T11:13:00-04:00	9.3050	9.3787	675
2026-09-28T11:14:00-04:00	9.2850	9.3782	1994
2026-09-28T11:15:00-04:00	9.2800	9.3761	7676
2026-09-28T11:16:00-04:00	9.2900	9.3757	1323
2026-09-28T11:17:00-04:00	9.2500	9.3745	3632
2026-09-28T11:19:00-04:00	9.2401	9.3741	1205
2026-09-28T11:20:00-04:00	9.2300	9.3729	3017
2026-09-28T11:21:00-04:00	9.2200	9.3720	1908
2026-09-28T11:22:00-04:00	9.2150	9.3718	625
2026-09-28T11:23:00-04:00	9.2200	9.3714	897
2026-09-28T11:24:00-04:00	9.2350	9.3700	3737
2026-09-28T11:25:00-04:00	9.2700	9.3675	8428
2026-09-28T11:26:00-04:00	9.2572	9.3673	808
2026-09-28T11:27:00-04:00	9.2200	9.3637	10263
2026-09-28T11:28:00-04:00	9.2450	9.3624	3995
2026-09-28T11:29:00-04:00	9.2600	9.3616	3017
2026-09-28T11:30:00-04:00	9.2600	9.3610	2152
2026-09-28T11:33:00-04:00	9.2300	9.3606	1334
2026-09-28T11:36:00-04:00	9.2800	9.3585	8465
2026-09-28T11:37:00-04:00	9.2800	9.3583	1158
2026-09-28T11:39:00-04:00	9.3000	9.3580	2125
2026-09-28T11:40:00-04:00	9.2900	9.3575	2772
2026-09-28T11:41:00-04:00	9.2400	9.3570	1796
2026-09-28T11:42:00-04:00	9.2650	9.3566	1783
2026-09-28T11:43:00-04:00	9.2650	9.3565	592
2026-09-28T11:45:00-04:00	9.2500	9.3562	1127
2026-09-28T11:46:00-04:00	9.2900	9.3543	10102
2026-09-28T11:47:00-04:00	9.3050	9.3541	1343
2026-09-28T11:48:00-04:00	9.3200	9.3541	437
2026-09-28T11:49:00-04:00	9.3200	9.3541	240
2026-09-28T11:50:00-04:00	9.3200	9.3540	943
2026-09-28T11:51:00-04:00	9.3200	9.3539	912
2026-09-28T11:53:00-04:00	9.3150	9.3539	682
2026-09-28T11:54:00-04:00	9.3000	9.3538	845
2026-09-28T11:55:00-04:00	9.3100	9.3535	2550
2026-09-28T11:56:00-04:00	9.3100	9.3535	177
2026-09-28T11:57:00-04:00	9.3000	9.3533	1922
2026-09-28T11:59:00-04:00	9.2700	9.3524	5066
2026-09-28T12:00:00-04:00	9.2600	9.3493	17316
2026-09-28T12:01:00-04:00	9.2800	9.3490	1499
2026-09-28T12:02:00-04:00	9.2800	9.3490	611
2026-09-28T12:03:00-04:00	9.2800	9.3487	1478
2026-09-28T12:04:00-04:00	9.2700	9.3484	2032
2026-09-28T12:05:00-04:00	9.2700	9.3483	797
2026-09-28T12:06:00-04:00	9.2850	9.3481	1318
2026-09-28T12:07:00-04:00	9.3000	9.3478	2782
2026-09-28T12:08:00-04:00	9.3050	9.3477	424
2026-09-28T12:09:00-04:00	9.3064	9.3476	1022
2026-09-28T12:11:00-04:00	9.3000	9.3476	419
2026-09-28T12:12:00-04:00	9.2800	9.3474	1458
2026-09-28T12:15:00-04:00	9.2600	9.3457	9355
2026-09-28T12:16:00-04:00	9.3100	9.3448	7905
2026-09-28T12:17:00-04:00	9.2906	9.3443	6224
2026-09-28T12:18:00-04:00	9.3200	9.3442	1261
2026-09-28T12:19:00-04:00	9.3100	9.3442	775
2026-09-28T12:20:00-04:00	9.3200	9.3439	7196
2026-09-28T12:21:00-04:00	9.3050	9.3437	1844
2026-09-28T12:22:00-04:00	9.3100	9.3436	1819
2026-09-28T12:23:00-04:00	9.3100	9.3435	2297
2026-09-28T12:24:00-04:00	9.3250	9.3434	1440
2026-09-28T12:25:00-04:00	9.3223	9.3434	449
2026-09-28T12:26:00-04:00	9.3800	9.3435	3268
2026-09-28T12:27:00-04:00	9.3900	9.3438	2783
2026-09-28T12:28:00-04:00	9.3950	9.3438	512
2026-09-28T12:29:00-04:00	9.3900	9.3442	3943
2026-09-28T12:30:00-04:00	9.3800	9.3443	2147
2026-09-28T12:31:00-04:00	9.3850	9.3446	3367
2026-09-28T12:32:00-04:00	9.3400	9.3446	4304
2026-09-28T12:33:00-04:00	9.3700	9.3447	994
2026-09-28T12:34:00-04:00	9.3650	9.3447	622
2026-09-28T12:35:00-04:00	9.3650	9.3447	1170
2026-09-28T12:36:00-04:00	9.3700	9.3447	213
2026-09-28T12:37:00-04:00	9.3700	9.3448	1346
2026-09-28T12:38:00-04:00	9.3400	9.3448	1599
2026-09-28T12:40:00-04:00	9.3500	9.3448	1107
2026-09-28T12:42:00-04:00	9.3350	9.3448	1585
2026-09-28T12:43:00-04:00	9.3400	9.3448	961
2026-09-28T12:44:00-04:00	9.3300	9.3447	5123
2026-09-28T12:45:00-04:00	9.3400	9.3447	14535
2026-09-28T12:46:00-04:00	9.3300	9.3446	945
2026-09-28T12:47:00-04:00	9.3100	9.3446	402
2026-09-28T12:48:00-04:00	9.2900	9.3444	2068
2026-09-28T12:51:00-04:00	9.2800	9.3444	619
2026-09-28T12:52:00-04:00	9.2700	9.3442	817
2026-09-28T12:53:00-04:00	9.2500	9.3442	601
2026-09-28T12:54:00-04:00	9.2700	9.3440	1384
2026-09-28T12:55:00-04:00	9.2400	9.3438	892
2026-09-28T12:56:00-04:00	9.2400	9.3436	1299
2026-09-28T12:57:00-04:00	9.2300	9.3434	1094
2026-09-28T12:58:00-04:00	9.2500	9.3426	4288
2026-09-28T12:59:00-04:00	9.2400	9.3425	515
2026-09-28T13:00:00-04:00	9.2200	9.3423	963
2026-09-28T13:01:00-04:00	9.2250	9.3420	1436
2026-09-28T13:02:00-04:00	9.2400	9.3420	350
2026-09-28T13:03:00-04:00	9.2150	9.3397	10929
2026-09-28T13:04:00-04:00	9.2200	9.3377	9395
2026-09-28T13:05:00-04:00	9.2300	9.3376	665
2026-09-28T13:06:00-04:00	9.2300	9.3375	344
2026-09-28T13:07:00-04:00	9.2250	9.3373	903
2026-09-28T13:08:00-04:00	9.2250	9.3372	863
2026-09-28T13:09:00-04:00	9.2100	9.3359	6328
2026-09-28T13:10:00-04:00	9.2100	9.3356	1584
2026-09-28T13:11:00-04:00	9.3000	9.3348	8143
2026-09-28T13:12:00-04:00	9.3550	9.3348	3871
2026-09-28T13:13:00-04:00	9.3500	9.3349	935
2026-09-28T13:14:00-04:00	9.3550	9.3349	1891
2026-09-28T13:15:00-04:00	9.3400	9.3350	8889
2026-09-28T13:16:00-04:00	9.3500	9.3350	633
2026-09-28T13:17:00-04:00	9.3400	9.3350	3433
2026-09-28T13:18:00-04:00	9.3300	9.3350	1514
2026-09-28T13:19:00-04:00	9.3200	9.3350	980
2026-09-28T13:20:00-04:00	9.2900	9.3348	2616
2026-09-28T13:22:00-04:00	9.3000	9.3348	1210
2026-09-28T13:23:00-04:00	9.3100	9.3348	570
2026-09-28T13:25:00-04:00	9.2900	9.3346	1642
2026-09-28T13:26:00-04:00	9.2850	9.3345	1379
2026-09-28T13:27:00-04:00	9.2820	9.3345	1026
2026-09-28T13:30:00-04:00	9.3000	9.3344	1881
2026-09-28T13:31:00-04:00	9.2950	9.3343	1725
2026-09-28T13:32:00-04:00	9.3000	9.3342	806
2026-09-28T13:33:00-04:00	9.3000	9.3342	853
2026-09-28T13:34:00-04:00	9.3000	9.3341	857
2026-09-28T13:35:00-04:00	9.2950	9.3341	902
2026-09-28T13:36:00-04:00	9.3000	9.3340	901
2026-09-28T13:37:00-04:00	9.2800	9.3339	1416
2026-09-28T13:38:00-04:00	9.2900	9.3338	1732
2026-09-28T13:39:00-04:00	9.3000	9.3337	1658
2026-09-28T13:40:00-04:00	9.3700	9.3341	17461
2026-09-28T13:41:00-04:00	9.4600	9.3347	3775
2026-09-28T13:42:00-04:00	9.4900	9.3355	3633
2026-09-28T13:43:00-04:00	9.5200	9.3371	6676
2026-09-28T13:44:00-04:00	9.5400	9.3378	2148
2026-09-28T13:45:00-04:00	9.5200	9.3398	7675
2026-09-28T13:46:00-04:00	9.5000	9.3419	9344
2026-09-28T13:47:00-04:00	9.5100	9.3424	2282
2026-09-28T13:48:00-04:00	9.5300	9.3425	268
2026-09-28T13:49:00-04:00	9.5400	9.3428	1330
2026-09-28T13:50:00-04:00	9.5500	9.3436	2644
2026-09-28T13:51:00-04:00	9.5300	9.3438	894
2026-09-28T13:52:00-04:00	9.5300	9.3444	2302
2026-09-28T13:53:00-04:00	9.5200	9.3450	2600
2026-09-28T13:54:00-04:00	9.5200	9.3452	610
2026-09-28T13:55:00-04:00	9.5100	9.3455	1317
2026-09-28T13:56:00-04:00	9.4900	9.3457	1153
2026-09-28T13:57:00-04:00	9.4900	9.3461	2150
2026-09-28T13:58:00-04:00	9.4800	9.3463	963
2026-09-28T13:59:00-04:00	9.4700	9.3465	832
2026-09-28T14:00:00-04:00	9.5000	9.3470	2895
2026-09-28T14:01:00-04:00	9.4900	9.3471	534
2026-09-28T14:02:00-04:00	9.4950	9.3474	1342
2026-09-28T14:04:00-04:00	9.5000	9.3475	398
2026-09-28T14:05:00-04:00	9.4900	9.3476	595
2026-09-28T14:06:00-04:00	9.5100	9.3483	3073
2026-09-28T14:08:00-04:00	9.5100	9.3486	1313
2026-09-28T14:09:00-04:00	9.5100	9.3487	691
2026-09-28T14:10:00-04:00	9.5000	9.3496	4008
2026-09-28T14:11:00-04:00	9.5000	9.3502	3043
2026-09-28T14:13:00-04:00	9.5000	9.3505	1619
2026-09-28T14:14:00-04:00	9.5100	9.3507	949
2026-09-28T14:15:00-04:00	9.5100	9.3524	7857
2026-09-28T14:16:00-04:00	9.5000	9.3525	600
2026-09-28T14:17:00-04:00	9.4700	9.3528	2117
2026-09-28T14:18:00-04:00	9.4550	9.3531	1860
2026-09-28T14:19:00-04:00	9.4400	9.3532	794
2026-09-28T14:20:00-04:00	9.4400	9.3533	803
2026-09-28T14:21:00-04:00	9.4200	9.3534	1075
2026-09-28T14:22:00-04:00	9.4300	9.3536	2129
2026-09-28T14:23:00-04:00	9.4100	9.3540	5027
2026-09-28T14:24:00-04:00	9.4200	9.3541	1806
2026-09-28T14:25:00-04:00	9.4200	9.3542	670
2026-09-28T14:26:00-04:00	9.4400	9.3545	2629
2026-09-28T14:27:00-04:00	9.4500	9.3545	210
2026-09-28T14:28:00-04:00	9.4500	9.3546	685
2026-09-28T14:29:00-04:00	9.4200	9.3550	4603
2026-09-28T14:30:00-04:00	9.4000	9.3551	1827
2026-09-28T14:31:00-04:00	9.3900	9.3552	1025
2026-09-28T14:32:00-04:00	9.3900	9.3553	2044
2026-09-28T14:33:00-04:00	9.3850	9.3553	501
2026-09-28T14:34:00-04:00	9.4100	9.3555	2822
2026-09-28T14:35:00-04:00	9.4100	9.3555	841
2026-09-28T14:36:00-04:00	9.4200	9.3556	931
2026-09-28T14:37:00-04:00	9.4150	9.3556	721
2026-09-28T14:38:00-04:00	9.4150	9.3557	322
2026-09-28T14:39:00-04:00	9.4100	9.3558	1928
2026-09-28T14:40:00-04:00	9.4100	9.3559	1176
2026-09-28T14:41:00-04:00	9.4100	9.3561	3127
2026-09-28T14:42:00-04:00	9.4100	9.3564	4498
2026-09-28T14:43:00-04:00	9.4100	9.3564	429
2026-09-28T14:44:00-04:00	9.4200	9.3565	672
2026-09-28T14:45:00-04:00	9.4100	9.3571	9252
2026-09-28T14:46:00-04:00	9.4150	9.3571	596
2026-09-28T14:47:00-04:00	9.4100	9.3572	1226
2026-09-28T14:48:00-04:00	9.4100	9.3573	2329
2026-09-28T14:50:00-04:00	9.3800	9.3575	3402
2026-09-28T14:51:00-04:00	9.3800	9.3575	868
2026-09-28T14:52:00-04:00	9.3600	9.3575	2606
2026-09-28T14:53:00-04:00	9.3600	9.3576	5169
2026-09-28T14:54:00-04:00	9.3800	9.3576	1040
2026-09-28T14:55:00-04:00	9.3650	9.3576	335
2026-09-28T14:56:00-04:00	9.3900	9.3577	2147
2026-09-28T14:57:00-04:00	9.3900	9.3578	2274
2026-09-28T14:58:00-04:00	9.3900	9.3578	284
2026-09-28T14:59:00-04:00	9.3900	9.3578	1673
2026-09-28T15:00:00-04:00	9.3550	9.3579	4779
2026-09-28T15:02:00-04:00	9.3700	9.3579	2144
2026-09-28T15:03:00-04:00	9.3505	9.3579	2472
2026-09-28T15:04:00-04:00	9.3400	9.3577	8036
2026-09-28T15:05:00-04:00	9.3500	9.3577	1468
2026-09-28T15:06:00-04:00	9.3400	9.3577	564
2026-09-28T15:07:00-04:00	9.3400	9.3577	1856
2026-09-28T15:08:00-04:00	9.3300	9.3576	675
2026-09-28T15:09:00-04:00	9.3300	9.3576	1102
2026-09-28T15:10:00-04:00	9.3300	9.3576	553
2026-09-28T15:11:00-04:00	9.3500	9.3575	2661
2026-09-28T15:12:00-04:00	9.3500	9.3575	582
2026-09-28T15:13:00-04:00	9.3600	9.3575	1256
2026-09-28T15:14:00-04:00	9.3500	9.3575	1597
2026-09-28T15:15:00-04:00	9.3700	9.3576	15297
2026-09-28T15:16:00-04:00	9.3700	9.3576	1887
2026-09-28T15:17:00-04:00	9.3600	9.3576	2709
2026-09-28T15:18:00-04:00	9.3600	9.3576	1517
2026-09-28T15:19:00-04:00	9.3500	9.3576	3474
2026-09-28T15:20:00-04:00	9.3300	9.3575	1942
2026-09-28T15:21:00-04:00	9.3376	9.3575	2696
2026-09-28T15:22:00-04:00	9.3100	9.3573	3777
2026-09-28T15:23:00-04:00	9.3252	9.3572	3700
2026-09-28T15:24:00-04:00	9.3100	9.3570	4451
2026-09-28T15:25:00-04:00	9.3050	9.3569	2004
2026-09-28T15:26:00-04:00	9.3000	9.3567	2268
2026-09-28T15:27:00-04:00	9.3000	9.3567	950
2026-09-28T15:28:00-04:00	9.3000	9.3562	6686
2026-09-28T15:29:00-04:00	9.2950	9.3560	3292
2026-09-28T15:30:00-04:00	9.2800	9.3558	2911
2026-09-28T15:31:00-04:00	9.2900	9.3556	2174
2026-09-28T15:32:00-04:00	9.3050	9.3554	3535
2026-09-28T15:33:00-04:00	9.3000	9.3552	2671
2026-09-28T15:34:00-04:00	9.2801	9.3551	2234
2026-09-28T15:35:00-04:00	9.2700	9.3547	4425
2026-09-28T15:36:00-04:00	9.2800	9.3545	1998
2026-09-28T15:37:00-04:00	9.2650	9.3540	5496
2026-09-28T15:38:00-04:00	9.2500	9.3536	3666
2026-09-28T15:39:00-04:00	9.2400	9.3532	4208
2026-09-28T15:40:00-04:00	9.2175	9.3515	11918
2026-09-28T15:41:00-04:00	9.2300	9.3512	1742
2026-09-28T15:42:00-04:00	9.2400	9.3490	19129
2026-09-28T15:43:00-04:00	9.2400	9.3489	1387
2026-09-28T15:44:00-04:00	9.2350	9.3484	4371
2026-09-28T15:45:00-04:00	9.2150	9.3472	9601
2026-09-28T15:46:00-04:00	9.2150	9.3469	2312
2026-09-28T15:47:00-04:00	9.2050	9.3462	5284
2026-09-28T15:48:00-04:00	9.2100	9.3447	10925
2026-09-28T15:49:00-04:00	9.2100	9.3438	6373
2026-09-28T15:50:00-04:00	9.2300	9.3424	12178
2026-09-28T15:51:00-04:00	9.2250	9.3416	7414
2026-09-28T15:52:00-04:00	9.2250	9.3414	1278
2026-09-28T15:53:00-04:00	9.2300	9.3397	15632
2026-09-28T15:54:00-04:00	9.2050	9.3375	18679
2026-09-28T15:55:00-04:00	9.1901	9.3353	16984
2026-09-28T15:56:00-04:00	9.1700	9.3301	37205
2026-09-28T15:57:00-04:00	9.1700	9.3275	19148
2026-09-28T15:58:00-04:00	9.1550	9.3179	70733
2026-09-28T15:59:00-04:00	9.1350	9.3095	61620
2026-09-29T09:30:00-04:00	9.1299	9.1966	28876
2026-09-29T09:31:00-04:00	9.0200	9.1890	1909
2026-09-29T09:32:00-04:00	9.0600	9.1844	1302
2026-09-29T09:33:00-04:00	9.1200	9.1816	1104
2026-09-29T09:34:00-04:00	9.0750	9.1800	511
2026-09-29T09:35:00-04:00	9.1000	9.1771	1068
2026-09-29T09:36:00-04:00	8.9517	9.1307	12552
2026-09-29T09:37:00-04:00	8.9950	9.1258	1599
2026-09-29T09:38:00-04:00	9.0650	9.1173	6100
2026-09-29T09:40:00-04:00	9.0300	9.1105	8433
2026-09-29T09:41:00-04:00	9.1050	9.1088	3894
2026-09-29T09:42:00-04:00	9.1800	9.1120	3534
2026-09-29T09:43:00-04:00	9.0900	9.1112	47590
2026-09-29T09:44:00-04:00	9.0600	9.1083	12246
2026-09-29T09:45:00-04:00	9.0650	9.1058	7714
2026-09-29T09:46:00-04:00	9.0850	9.1057	1541
2026-09-29T09:47:00-04:00	9.1300	9.1059	1752
2026-09-29T09:48:00-04:00	9.1050	9.1059	636
2026-09-29T09:49:00-04:00	9.1000	9.1055	4856
2026-09-29T09:50:00-04:00	9.0875	9.1054	1390
2026-09-29T09:52:00-04:00	9.1150	9.1055	633
2026-09-29T09:53:00-04:00	9.1250	9.1055	216
2026-09-29T09:54:00-04:00	9.1200	9.1057	1957
2026-09-29T09:55:00-04:00	9.1400	9.1062	1795
2026-09-29T09:56:00-04:00	9.2200	9.1081	3065
2026-09-29T09:57:00-04:00	9.2100	9.1095	2187
2026-09-29T09:58:00-04:00	9.2050	9.1100	885
2026-09-29T09:59:00-04:00	9.0636	9.1090	15902
2026-09-29T10:00:00-04:00	9.0950	9.1090	942
2026-09-29T10:01:00-04:00	9.0500	9.1088	398
2026-09-29T10:02:00-04:00	9.0600	9.1074	4197
2026-09-29T10:03:00-04:00	9.0750	9.1073	709
2026-09-29T10:05:00-04:00	9.0400	9.1063	6065
2026-09-29T10:06:00-04:00	9.0400	9.1062	245
2026-09-29T10:07:00-04:00	9.0850	9.1061	661
2026-09-29T10:08:00-04:00	9.0650	9.1041	8524
2026-09-29T10:09:00-04:00	9.0200	9.1039	531
2026-09-29T10:11:00-04:00	9.0650	9.1038	283
2026-09-29T10:12:00-04:00	9.0300	9.1036	644
2026-09-29T10:13:00-04:00	9.0400	9.1034	512
2026-09-29T10:14:00-04:00	9.0100	9.1028	1406
2026-09-29T10:15:00-04:00	8.9850	9.0972	10373
2026-09-29T10:16:00-04:00	9.0450	9.0933	13402
2026-09-29T10:17:00-04:00	9.0700	9.0928	3384
2026-09-29T10:19:00-04:00	9.1250	9.0965	22118
2026-09-29T10:20:00-04:00	9.2300	9.1069	28294
2026-09-29T10:21:00-04:00	9.1950	9.1073	1429
2026-09-29T10:22:00-04:00	9.1950	9.1105	11287
2026-09-29T10:24:00-04:00	9.1950	9.1106	468
2026-09-29T10:25:00-04:00	9.2150	9.1112	1846
2026-09-29T10:26:00-04:00	9.2100	9.1115	707
2026-09-29T10:27:00-04:00	9.2100	9.1131	4513
2026-09-29T10:28:00-04:00	9.2200	9.1147	4841
2026-09-29T10:29:00-04:00	9.2000	9.1154	2449
2026-09-29T10:30:00-04:00	9.2100	9.1154	138
2026-09-29T10:31:00-04:00	9.1800	9.1158	1556
2026-09-29T10:32:00-04:00	9.1500	9.1160	1440
2026-09-29T10:33:00-04:00	9.1300	9.1165	6163
2026-09-29T10:34:00-04:00	9.1400	9.1165	812
2026-09-29T10:35:00-04:00	9.1400	9.1167	3653
2026-09-29T10:36:00-04:00	9.1150	9.1168	2568
2026-09-29T10:37:00-04:00	9.1150	9.1168	382
2026-09-29T10:38:00-04:00	9.1200	9.1168	1451
2026-09-29T10:39:00-04:00	9.1800	9.1181	8368
2026-09-29T10:40:00-04:00	9.1800	9.1184	1441
2026-09-29T10:41:00-04:00	9.1500	9.1190	6125
2026-09-29T10:42:00-04:00	9.1950	9.1207	10938
2026-09-29T10:43:00-04:00	9.2000	9.1230	10343
2026-09-29T10:44:00-04:00	9.2200	9.1234	1754
2026-09-29T10:45:00-04:00	9.1950	9.1250	7763
2026-09-29T10:46:00-04:00	9.1900	9.1252	1217
2026-09-29T10:47:00-04:00	9.2100	9.1266	6651
2026-09-29T10:48:00-04:00	9.2000	9.1269	1240
2026-09-29T10:49:00-04:00	9.1850	9.1272	2245
2026-09-29T10:50:00-04:00	9.2900	9.1356	26321
2026-09-29T10:51:00-04:00	9.3000	9.1364	2026
2026-09-29T10:52:00-04:00	9.3000	9.1366	462
2026-09-29T10:53:00-04:00	9.2600	9.1380	4570
2026-09-29T10:54:00-04:00	9.2700	9.1385	1500
2026-09-29T10:55:00-04:00	9.2800	9.1409	6919
2026-09-29T10:56:00-04:00	9.2664	9.1415	2285
2026-09-29T10:57:00-04:00	9.2500	9.1420	1852
2026-09-29T10:58:00-04:00	9.2100	9.1429	4781
2026-09-29T10:59:00-04:00	9.1800	9.1431	2189
2026-09-29T11:00:00-04:00	9.1700	9.1432	708
2026-09-29T11:01:00-04:00	9.1350	9.1431	943
2026-09-29T11:02:00-04:00	9.1266	9.1431	1169
2026-09-29T11:03:00-04:00	9.1400	9.1431	1679
2026-09-29T11:04:00-04:00	9.1300	9.1431	613
2026-09-29T11:05:00-04:00	9.1500	9.1431	3140
2026-09-29T11:06:00-04:00	9.1500	9.1431	670
2026-09-29T11:07:00-04:00	9.1400	9.1431	707
2026-09-29T11:08:00-04:00	9.1250	9.1431	403
2026-09-29T11:09:00-04:00	9.1300	9.1430	2864
2026-09-29T11:10:00-04:00	9.1650	9.1433	9251
2026-09-29T11:11:00-04:00	9.1750	9.1437	6179
2026-09-29T11:12:00-04:00	9.1600	9.1439	6026
2026-09-29T11:13:00-04:00	9.1650	9.1440	715
2026-09-29T11:14:00-04:00	9.1550	9.1440	1108
2026-09-29T11:15:00-04:00	9.1400	9.1442	11407
2026-09-29T11:16:00-04:00	9.1200	9.1441	3168
2026-09-29T11:17:00-04:00	9.1000	9.1439	2918
2026-09-29T11:18:00-04:00	9.1000	9.1438	407
2026-09-29T11:19:00-04:00	9.1000	9.1437	1471
2026-09-29T11:20:00-04:00	9.0700	9.1429	6500
2026-09-29T11:21:00-04:00	9.0800	9.1427	1644
2026-09-29T11:22:00-04:00	9.0700	9.1421	3479
2026-09-29T11:23:00-04:00	9.0600	9.1421	102
2026-09-29T11:24:00-04:00	9.0600	9.1419	1615
2026-09-29T11:25:00-04:00	9.0500	9.1399	10635
2026-09-29T11:26:00-04:00	9.0450	9.1397	1153
2026-09-29T11:27:00-04:00	9.0350	9.1395	1204
2026-09-29T11:28:00-04:00	9.0500	9.1394	576
2026-09-29T11:29:00-04:00	9.0400	9.1393	437
2026-09-29T11:30:00-04:00	9.0600	9.1388	3173
2026-09-29T11:31:00-04:00	9.0650	9.1386	932
2026-09-29T11:32:00-04:00	9.0700	9.1384	1671
2026-09-29T11:33:00-04:00	9.0900	9.1383	748
2026-09-29T11:34:00-04:00	9.1000	9.1382	2208
2026-09-29T11:36:00-04:00	9.1000	9.1381	459
2026-09-29T11:37:00-04:00	9.0950	9.1380	1180
2026-09-29T11:38:00-04:00	9.1000	9.1379	1167
2026-09-29T11:39:00-04:00	9.1000	9.1378	1431
2026-09-29T11:40:00-04:00	9.1050	9.1378	460
2026-09-29T11:41:00-04:00	9.0800	9.1377	1043
2026-09-29T11:43:00-04:00	9.0800	9.1376	633
2026-09-29T11:44:00-04:00	9.0900	9.1369	8694
2026-09-29T11:45:00-04:00	9.0850	9.1362	7298
2026-09-29T11:46:00-04:00	9.0850	9.1362	285
2026-09-29T11:47:00-04:00	9.1350	9.1360	6301
2026-09-29T11:48:00-04:00	9.1050	9.1360	505
2026-09-29T11:49:00-04:00	9.1200	9.1360	328
2026-09-29T11:50:00-04:00	9.0800	9.1359	1238
2026-09-29T11:51:00-04:00	9.0600	9.1354	4222
2026-09-29T11:52:00-04:00	9.0550	9.1352	1040
2026-09-29T11:53:00-04:00	9.0550	9.1351	1014
2026-09-29T11:54:00-04:00	9.0700	9.1350	292
2026-09-29T11:55:00-04:00	9.0550	9.1349	1217
2026-09-29T11:56:00-04:00	9.0550	9.1348	867
2026-09-29T11:57:00-04:00	9.0550	9.1347	443
2026-09-29T11:58:00-04:00	9.0800	9.1346	938
2026-09-29T11:59:00-04:00	9.0800	9.1345	824
2026-09-29T12:00:00-04:00	9.0700	9.1345	135
2026-09-29T12:01:00-04:00	9.0550	9.1344	313
2026-09-29T12:02:00-04:00	9.0550	9.1343	1187
2026-09-29T12:03:00-04:00	9.0500	9.1328	10809
2026-09-29T12:04:00-04:00	9.0600	9.1328	501
2026-09-29T12:05:00-04:00	9.0450	9.1326	1552
2026-09-29T12:06:00-04:00	9.0450	9.1324	1329
2026-09-29T12:07:00-04:00	9.0400	9.1323	593
2026-09-29T12:09:00-04:00	9.0250	9.1320	1567
2026-09-29T12:10:00-04:00	9.0200	9.1318	661
2026-09-29T12:11:00-04:00	9.0200	9.1318	260
2026-09-29T12:12:00-04:00	9.0200	9.1317	466
2026-09-29T12:13:00-04:00	9.0200	9.1314	1774
2026-09-29T12:14:00-04:00	9.0100	9.1312	644
2026-09-29T12:15:00-04:00	9.0100	9.1298	7060
2026-09-29T12:16:00-04:00	8.9700	9.1276	8927
2026-09-29T12:17:00-04:00	8.9700	9.1269	2601
2026-09-29T12:18:00-04:00	8.9600	9.1264	1752
2026-09-29T12:19:00-04:00	8.9400	9.1246	6154
2026-09-29T12:20:00-04:00	8.9450	9.1240	2170
2026-09-29T12:21:00-04:00	8.9700	9.1229	4287
2026-09-29T12:22:00-04:00	8.9700	9.1226	1393
2026-09-29T12:23:00-04:00	8.9700	9.1222	1557
2026-09-29T12:24:00-04:00	8.9800	9.1221	235
2026-09-29T12:25:00-04:00	8.9800	9.1220	547
2026-09-29T12:27:00-04:00	8.9800	9.1220	249
2026-09-29T12:28:00-04:00	8.9900	9.1217	1305
2026-09-29T12:29:00-04:00	8.9700	9.1209	3345
2026-09-29T12:30:00-04:00	8.9700	9.1208	520
2026-09-29T12:31:00-04:00	8.9500	9.1200	3054
2026-09-29T12:32:00-04:00	8.9500	9.1198	873
2026-09-29T12:33:00-04:00	8.9700	9.1192	2411
2026-09-29T12:34:00-04:00	8.9800	9.1179	5800
2026-09-29T12:35:00-04:00	8.9800	9.1177	823
2026-09-29T12:36:00-04:00	8.9800	9.1176	538
2026-09-29T12:37:00-04:00	8.9600	9.1175	315
2026-09-29T12:38:00-04:00	8.9700	9.1175	330
2026-09-29T12:39:00-04:00	8.9600	9.1170	1996
2026-09-29T12:40:00-04:00	8.9450	9.1167	1101
2026-09-29T12:41:00-04:00	8.9400	9.1145	8376
2026-09-29T12:42:00-04:00	8.9400	9.1144	419
2026-09-29T12:43:00-04:00	8.9350	9.1142	784
2026-09-29T12:44:00-04:00	8.9300	9.1136	1935
2026-09-29T12:45:00-04:00	8.9150	9.1112	8416
2026-09-29T12:46:00-04:00	8.9150	9.1111	382
2026-09-29T12:47:00-04:00	8.9200	9.1098	4318
2026-09-29T12:48:00-04:00	8.9250	9.1094	1595
2026-09-29T12:49:00-04:00	8.9300	9.1093	375
2026-09-29T12:50:00-04:00	8.9300	9.1092	228
2026-09-29T12:51:00-04:00	8.9400	9.1088	1536
2026-09-29T12:52:00-04:00	8.9300	9.1079	3515
2026-09-29T12:53:00-04:00	8.9300	9.1077	561
2026-09-29T12:54:00-04:00	8.9100	9.1072	1716
2026-09-29T12:55:00-04:00	8.9000	9.1061	3765
2026-09-29T12:56:00-04:00	8.9000	9.1058	994
2026-09-29T12:57:00-04:00	8.9250	9.1034	9252
2026-09-29T12:58:00-04:00	8.9300	9.1033	401
2026-09-29T12:59:00-04:00	8.9300	9.1032	402
2026-09-29T13:01:00-04:00	8.9200	9.1029	1270
2026-09-29T13:02:00-04:00	8.9200	9.1028	359
2026-09-29T13:03:00-04:00	8.9200	9.1028	138
2026-09-29T13:04:00-04:00	8.9200	9.1026	640
2026-09-29T13:05:00-04:00	8.9200	9.1020	2306
2026-09-29T13:06:00-04:00	8.9200	9.1018	800
2026-09-29T13:07:00-04:00	8.9200	9.1018	117
2026-09-29T13:08:00-04:00	8.9200	9.1015	881
2026-09-29T13:09:00-04:00	8.9100	9.1011	1784
2026-09-29T13:10:00-04:00	8.9200	9.1009	666
2026-09-29T13:11:00-04:00	8.9100	9.1003	2379
2026-09-29T13:12:00-04:00	8.9100	9.1001	492
2026-09-29T13:13:00-04:00	8.9100	9.0999	811
2026-09-29T13:14:00-04:00	8.9100	9.0999	218
2026-09-29T13:15:00-04:00	8.8850	9.0964	11762
2026-09-29T13:16:00-04:00	8.8800	9.0953	3529
2026-09-29T13:17:00-04:00	8.8669	9.0951	896
2026-09-29T13:18:00-04:00	8.8700	9.0950	267
2026-09-29T13:19:00-04:00	8.8700	9.0948	488
2026-09-29T13:20:00-04:00	8.8800	9.0942	2038
2026-09-29T13:21:00-04:00	8.8800	9.0939	1068
2026-09-29T13:22:00-04:00	8.8900	9.0924	5456
2026-09-29T13:23:00-04:00	8.9150	9.0916	3034
2026-09-29T13:24:00-04:00	8.9250	9.0912	1886
2026-09-29T13:25:00-04:00	8.9400	9.0910	1093
2026-09-29T13:26:00-04:00	8.9400	9.0907	1140
2026-09-29T13:27:00-04:00	8.9500	9.0905	1210
2026-09-29T13:28:00-04:00	8.9350	9.0898	3304
2026-09-29T13:30:00-04:00	8.9300	9.0896	869
2026-09-29T13:31:00-04:00	8.9300	9.0896	260
2026-09-29T13:32:00-04:00	8.9300	9.0894	623
2026-09-29T13:33:00-04:00	8.9300	9.0894	374
2026-09-29T13:34:00-04:00	8.9300	9.0893	319
2026-09-29T13:35:00-04:00	8.9300	9.0892	498
2026-09-29T13:36:00-04:00	8.9350	9.0891	325
2026-09-29T13:37:00-04:00	8.9400	9.0890	585
2026-09-29T13:38:00-04:00	8.9450	9.0884	3106
2026-09-29T13:39:00-04:00	8.9450	9.0882	958
2026-09-29T13:40:00-04:00	8.9450	9.0878	2042
2026-09-29T13:41:00-04:00	8.9450	9.0878	306
2026-09-29T13:42:00-04:00	8.9450	9.0877	208
2026-09-29T13:43:00-04:00	8.9500	9.0874	2079
2026-09-29T13:44:00-04:00	8.9400	9.0865	4450
2026-09-29T13:45:00-04:00	8.9500	9.0864	887
2026-09-29T13:46:00-04:00	8.9400	9.0846	9753
2026-09-29T13:48:00-04:00	8.9300	9.0844	692
2026-09-29T13:49:00-04:00	8.9400	9.0843	530
2026-09-29T13:50:00-04:00	8.9400	9.0842	891
2026-09-29T13:51:00-04:00	8.9300	9.0838	1693
2026-09-29T13:52:00-04:00	8.9400	9.0838	500
2026-09-29T13:54:00-04:00	8.9200	9.0836	875
2026-09-29T13:55:00-04:00	8.9250	9.0834	903
2026-09-29T13:56:00-04:00	8.9200	9.0833	279
2026-09-29T13:57:00-04:00	8.9200	9.0832	425
2026-09-29T13:58:00-04:00	8.9200	9.0832	431
2026-09-29T14:00:00-04:00	8.9700	9.0806	15911
2026-09-29T14:01:00-04:00	8.9500	9.0799	5225
2026-09-29T14:02:00-04:00	8.9700	9.0796	2130
2026-09-29T14:03:00-04:00	8.9650	9.0796	243
2026-09-29T14:04:00-04:00	8.9600	9.0791	2924
2026-09-29T14:05:00-04:00	8.9800	9.0790	1122
2026-09-29T14:06:00-04:00	9.0000	9.0788	1902
2026-09-29T14:07:00-04:00	8.9600	9.0787	620
2026-09-29T14:08:00-04:00	8.9700	9.0785	1362
2026-09-29T14:09:00-04:00	8.9600	9.0784	861
2026-09-29T14:10:00-04:00	8.9750	9.0783	970
2026-09-29T14:11:00-04:00	8.9500	9.0782	525
2026-09-29T14:12:00-04:00	8.9400	9.0779	1546
2026-09-29T14:13:00-04:00	8.9580	9.0775	3012
2026-09-29T14:14:00-04:00	8.9550	9.0774	427
2026-09-29T14:15:00-04:00	8.9500	9.0767	4360
2026-09-29T14:16:00-04:00	8.9500	9.0756	7118
2026-09-29T14:17:00-04:00	8.9500	9.0755	1116
2026-09-29T14:18:00-04:00	8.9500	9.0751	2790
2026-09-29T14:19:00-04:00	8.9400	9.0747	2087
2026-09-29T14:20:00-04:00	8.9400	9.0746	880
2026-09-29T14:21:00-04:00	8.9400	9.0743	1886
2026-09-29T14:22:00-04:00	8.9350	9.0740	1769
2026-09-29T14:23:00-04:00	8.9350	9.0738	1254
2026-09-29T14:24:00-04:00	8.9000	9.0727	5897
2026-09-29T14:25:00-04:00	8.9000	9.0726	548
2026-09-29T14:26:00-04:00	8.9101	9.0720	2767
2026-09-29T14:27:00-04:00	8.9150	9.0719	702
2026-09-29T14:28:00-04:00	8.9300	9.0715	2486
2026-09-29T14:29:00-04:00	8.9250	9.0714	506
2026-09-29T14:30:00-04:00	8.9150	9.0701	7887
2026-09-29T14:31:00-04:00	8.9200	9.0701	379
2026-09-29T14:32:00-04:00	8.9200	9.0699	845
2026-09-29T14:33:00-04:00	8.9200	9.0699	337
2026-09-29T14:34:00-04:00	8.9150	9.0696	1379
2026-09-29T14:35:00-04:00	8.9100	9.0694	1322
2026-09-29T14:36:00-04:00	8.9150	9.0684	5258
2026-09-29T14:37:00-04:00	8.9300	9.0681	1824
2026-09-29T14:38:00-04:00	8.9350	9.0678	2441
2026-09-29T14:39:00-04:00	8.9550	9.0667	8432
2026-09-29T14:40:00-04:00	8.9600	9.0665	1220
2026-09-29T14:41:00-04:00	8.9769	9.0665	758
2026-09-29T14:42:00-04:00	8.9700	9.0663	1520
2026-09-29T14:43:00-04:00	8.9600	9.0659	3136
2026-09-29T14:44:00-04:00	8.9450	9.0659	253
2026-09-29T14:45:00-04:00	8.9450	9.0655	2787
2026-09-29T14:46:00-04:00	8.9500	9.0646	7264
2026-09-29T14:47:00-04:00	8.9500	9.0644	1622
2026-09-29T14:48:00-04:00	8.9700	9.0642	1957
2026-09-29T14:49:00-04:00	8.9700	9.0641	470
2026-09-29T14:50:00-04:00	8.9550	9.0636	4345
2026-09-29T14:51:00-04:00	8.9500	9.0636	351
2026-09-29T14:52:00-04:00	8.9500	9.0632	2753
2026-09-29T14:53:00-04:00	8.9600	9.0631	1353
2026-09-29T14:54:00-04:00	8.9550	9.0631	288
2026-09-29T14:55:00-04:00	8.9600	9.0630	898
2026-09-29T14:56:00-04:00	8.9550	9.0628	990
2026-09-29T14:57:00-04:00	8.9500	9.0618	8691
2026-09-29T14:58:00-04:00	8.9650	9.0614	3946
2026-09-29T14:59:00-04:00	8.9650	9.0613	450
2026-09-29T15:00:00-04:00	8.9650	9.0612	1040
2026-09-29T15:01:00-04:00	8.9750	9.0610	2757
2026-09-29T15:02:00-04:00	8.9650	9.0595	15663
2026-09-29T15:03:00-04:00	8.9800	9.0594	1499
2026-09-29T15:04:00-04:00	8.9700	9.0593	682
2026-09-29T15:05:00-04:00	8.9600	9.0591	1722
2026-09-29T15:06:00-04:00	8.9600	9.0591	651
2026-09-29T15:07:00-04:00	8.9500	9.0589	1864
2026-09-29T15:08:00-04:00	8.9350	9.0587	860
2026-09-29T15:09:00-04:00	8.9350	9.0586	905
2026-09-29T15:10:00-04:00	8.9350	9.0585	732
2026-09-29T15:11:00-04:00	8.9400	9.0585	300
2026-09-29T15:12:00-04:00	8.9500	9.0578	5930
2026-09-29T15:13:00-04:00	8.9450	9.0577	917
2026-09-29T15:14:00-04:00	8.9450	9.0575	2051
2026-09-29T15:15:00-04:00	8.9350	9.0564	8990
2026-09-29T15:16:00-04:00	8.9400	9.0563	408
2026-09-29T15:17:00-04:00	8.9300	9.0556	5663
2026-09-29T15:18:00-04:00	8.9400	9.0555	1204
2026-09-29T15:19:00-04:00	8.9450	9.0550	4118
2026-09-29T15:20:00-04:00	8.9400	9.0547	2831
2026-09-29T15:21:00-04:00	8.9350	9.0545	1811
2026-09-29T15:22:00-04:00	8.9400	9.0540	3690
2026-09-29T15:23:00-04:00	8.9400	9.0536	3358
2026-09-29T15:24:00-04:00	8.9250	9.0533	2855
2026-09-29T15:25:00-04:00	8.9350	9.0531	1667
2026-09-29T15:26:00-04:00	8.9300	9.0528	2475
2026-09-29T15:27:00-04:00	8.9250	9.0527	571
2026-09-29T15:28:00-04:00	8.9250	9.0526	1354
2026-09-29T15:29:00-04:00	8.8800	9.0508	11249
2026-09-29T15:30:00-04:00	8.8800	9.0504	2608
2026-09-29T15:31:00-04:00	8.8800	9.0501	1635
2026-09-29T15:32:00-04:00	8.8950	9.0496	3117
2026-09-29T15:33:00-04:00	8.8900	9.0492	2830
2026-09-29T15:34:00-04:00	8.8850	9.0490	1452
2026-09-29T15:35:00-04:00	8.8750	9.0481	5475
2026-09-29T15:36:00-04:00	8.8800	9.0478	1557
2026-09-29T15:37:00-04:00	8.9000	9.0472	4386
2026-09-29T15:38:00-04:00	8.8950	9.0470	1384
2026-09-29T15:39:00-04:00	8.8950	9.0460	6489
2026-09-29T15:40:00-04:00	8.8800	9.0454	4321
2026-09-29T15:41:00-04:00	8.8750	9.0448	3763
2026-09-29T15:42:00-04:00	8.8900	9.0435	8728
2026-09-29T15:43:00-04:00	8.8800	9.0431	2065
2026-09-29T15:44:00-04:00	8.8800	9.0428	2463
2026-09-29T15:45:00-04:00	8.8800	9.0426	843
2026-09-29T15:46:00-04:00	8.8700	9.0423	2349
2026-09-29T15:47:00-04:00	8.8650	9.0411	7441
2026-09-29T15:48:00-04:00	8.8650	9.0406	2877
2026-09-29T15:49:00-04:00	8.8500	9.0389	9703
2026-09-29T15:50:00-04:00	8.8950	9.0375	10145
2026-09-29T15:51:00-04:00	8.8950	9.0360	11291
2026-09-29T15:52:00-04:00	8.9050	9.0354	5728
2026-09-29T15:53:00-04:00	8.9100	9.0347	5687
2026-09-29T15:54:00-04:00	8.8900	9.0332	13391
2026-09-29T15:55:00-04:00	8.9100	9.0317	12598
2026-09-29T15:56:00-04:00	8.8800	9.0285	26199
2026-09-29T15:57:00-04:00	8.8850	9.0255	24853
2026-09-29T15:58:00-04:00	8.8150	9.0167	60113
2026-09-29T15:59:00-04:00	8.8200	9.0037	91138
2026-09-30T09:30:00-04:00	8.8350	8.8383	24926
2026-09-30T09:31:00-04:00	8.9500	8.8420	1322
2026-09-30T09:32:00-04:00	8.9450	8.8450	682
2026-09-30T09:33:00-04:00	8.9100	8.8453	130
2026-09-30T09:34:00-04:00	8.9100	8.8464	451
2026-09-30T09:35:00-04:00	8.8810	8.8498	3430
2026-09-30T09:36:00-04:00	8.8700	8.8500	318
2026-09-30T09:37:00-04:00	8.8700	8.8501	145
2026-09-30T09:38:00-04:00	8.8000	8.8487	1000
2026-09-30T09:39:00-04:00	8.8150	8.8471	2424
2026-09-30T09:40:00-04:00	8.8500	8.8468	1028
2026-09-30T09:41:00-04:00	8.8200	8.8457	1509
2026-09-30T09:42:00-04:00	8.9000	8.8490	5074
2026-09-30T09:44:00-04:00	8.9100	8.8509	1808
2026-09-30T09:45:00-04:00	8.8600	8.8512	7837
2026-09-30T09:46:00-04:00	8.8900	8.8518	923
2026-09-30T09:47:00-04:00	8.9451	8.8552	2418
2026-09-30T09:48:00-04:00	8.9050	8.8555	371
2026-09-30T09:49:00-04:00	8.8950	8.8570	2000
2026-09-30T09:51:00-04:00	8.9300	8.8580	1020
2026-09-30T09:53:00-04:00	9.0000	8.8630	2548
2026-09-30T09:54:00-04:00	9.0499	8.8737	4733
2026-09-30T09:55:00-04:00	9.0600	8.8783	1815
2026-09-30T09:56:00-04:00	9.0101	8.8834	2285
2026-09-30T09:57:00-04:00	9.1499	8.9001	5188
2026-09-30T09:58:00-04:00	9.0900	8.9140	5242
2026-09-30T09:59:00-04:00	9.0650	8.9251	6571
2026-09-30T10:00:00-04:00	9.0200	8.9296	3456
2026-09-30T10:01:00-04:00	9.0000	8.9341	6045
2026-09-30T10:02:00-04:00	9.0300	8.9366	2733
2026-09-30T10:04:00-04:00	9.0000	8.9369	479
2026-09-30T10:05:00-04:00	9.0050	8.9400	4591
2026-09-30T10:06:00-04:00	9.0151	8.9557	24800
2026-09-30T10:07:00-04:00	9.0100	8.9563	1386
2026-09-30T10:08:00-04:00	8.9900	8.9609	23285
2026-09-30T10:10:00-04:00	8.9500	8.9611	2732
2026-09-30T10:11:00-04:00	8.9300	8.9609	540
2026-09-30T10:12:00-04:00	8.9500	8.9609	676
2026-09-30T10:13:00-04:00	8.9650	8.9609	1910
2026-09-30T10:14:00-04:00	8.9800	8.9611	1542
2026-09-30T10:15:00-04:00	9.0350	8.9704	30015
2026-09-30T10:16:00-04:00	9.0300	8.9709	1656
2026-09-30T10:17:00-04:00	9.0200	8.9714	2077
2026-09-30T10:18:00-04:00	9.0300	8.9725	3722
2026-09-30T10:19:00-04:00	9.0100	8.9727	879
2026-09-30T10:20:00-04:00	9.0200	8.9731	1562
2026-09-30T10:21:00-04:00	9.0100	8.9732	893
2026-09-30T10:22:00-04:00	8.9900	8.9733	917
2026-09-30T10:23:00-04:00	9.0000	8.9735	1151
2026-09-30T10:24:00-04:00	8.9900	8.9736	1022
2026-09-30T10:25:00-04:00	8.9800	8.9736	1194
2026-09-30T10:26:00-04:00	8.9700	8.9736	452
2026-09-30T10:27:00-04:00	8.9750	8.9736	1415
2026-09-30T10:28:00-04:00	8.9400	8.9734	1440
2026-09-30T10:30:00-04:00	8.9700	8.9733	2693
2026-09-30T10:31:00-04:00	8.9700	8.9733	258
2026-09-30T10:32:00-04:00	8.9900	8.9734	1201
2026-09-30T10:33:00-04:00	8.9500	8.9732	2759
2026-09-30T10:35:00-04:00	8.9400	8.9728	2470
2026-09-30T10:36:00-04:00	8.9500	8.9728	402
2026-09-30T10:37:00-04:00	8.9700	8.9728	320
2026-09-30T10:38:00-04:00	8.9650	8.9727	1371
2026-09-30T10:39:00-04:00	8.9700	8.9727	1048
2026-09-30T10:40:00-04:00	8.9500	8.9727	749
2026-09-30T10:41:00-04:00	8.9700	8.9726	1142
2026-09-30T10:42:00-04:00	9.0000	8.9729	2985
2026-09-30T10:43:00-04:00	8.9850	8.9729	741
2026-09-30T10:44:00-04:00	8.9700	8.9729	884
2026-09-30T10:45:00-04:00	8.9500	8.9721	8524
2026-09-30T10:47:00-04:00	8.9450	8.9720	317
2026-09-30T10:48:00-04:00	8.9600	8.9719	1226
2026-09-30T10:49:00-04:00	8.9450	8.9718	1639
2026-09-30T10:51:00-04:00	8.9450	8.9717	1056
2026-09-30T10:52:00-04:00	8.9500	8.9716	527
2026-09-30T10:53:00-04:00	8.9650	8.9716	1910
2026-09-30T10:54:00-04:00	8.9800	8.9716	1454
2026-09-30T10:55:00-04:00	8.9800	8.9717	633
2026-09-30T10:56:00-04:00	8.9900	8.9717	300
2026-09-30T10:57:00-04:00	8.9740	8.9717	454
2026-09-30T10:58:00-04:00	9.0000	8.9720	4534
2026-09-30T10:59:00-04:00	9.0000	8.9725	3381
2026-09-30T11:00:00-04:00	9.0300	8.9729	2362
2026-09-30T11:01:00-04:00	9.0300	8.9730	245
2026-09-30T11:02:00-04:00	9.0150	8.9746	10513
2026-09-30T11:03:00-04:00	9.0200	8.9752	3678
2026-09-30T11:04:00-04:00	9.0100	8.9754	1321
2026-09-30T11:05:00-04:00	9.0126	8.9759	3137
2026-09-30T11:06:00-04:00	9.0300	8.9763	1924
2026-09-30T11:07:00-04:00	9.0300	8.9763	442
2026-09-30T11:08:00-04:00	9.0450	8.9772	3793
2026-09-30T11:09:00-04:00	9.0650	8.9773	442
2026-09-30T11:10:00-04:00	9.0800	8.9782	2607
2026-09-30T11:11:00-04:00	9.0900	8.9800	4746
2026-09-30T11:12:00-04:00	9.0500	8.9804	1359
2026-09-30T11:13:00-04:00	9.0600	8.9807	981
2026-09-30T11:14:00-04:00	9.0528	8.9809	937
2026-09-30T11:15:00-04:00	9.0700	8.9835	8887
2026-09-30T11:16:00-04:00	9.0650	8.9838	1130
2026-09-30T11:17:00-04:00	9.0350	8.9841	1488
2026-09-30T11:18:00-04:00	9.0200	8.9846	4409
2026-09-30T11:19:00-04:00	8.9800	8.9847	7169
2026-09-30T11:20:00-04:00	8.9400	8.9845	1533
2026-09-30T11:21:00-04:00	8.9150	8.9844	456
2026-09-30T11:22:00-04:00	8.9000	8.9841	1104
2026-09-30T11:23:00-04:00	8.8701	8.9835	1852
2026-09-30T11:24:00-04:00	8.8400	8.9811	5650
2026-09-30T11:25:00-04:00	8.8495	8.9807	1158
2026-09-30T11:26:00-04:00	8.8300	8.9802	961
2026-09-30T11:27:00-04:00	8.8400	8.9798	1100
2026-09-30T11:28:00-04:00	8.8500	8.9779	4501
2026-09-30T11:29:00-04:00	8.8500	8.9774	1248
2026-09-30T11:30:00-04:00	8.8350	8.9763	2650
2026-09-30T11:31:00-04:00	8.8400	8.9759	1076
2026-09-30T11:32:00-04:00	8.8600	8.9754	1367
2026-09-30T11:33:00-04:00	8.8500	8.9750	1041
2026-09-30T11:35:00-04:00	8.8312	8.9746	1030
2026-09-30T11:36:00-04:00	8.8425	8.9744	635
2026-09-30T11:37:00-04:00	8.8600	8.9734	2843
2026-09-30T11:38:00-04:00	8.8700	8.9727	2117
2026-09-30T11:39:00-04:00	8.8700	8.9724	1264
2026-09-30T11:40:00-04:00	8.9000	8.9713	4926
2026-09-30T11:41:00-04:00	8.9000	8.9712	884
2026-09-30T11:42:00-04:00	8.8900	8.9703	4416
2026-09-30T11:43:00-04:00	8.8899	8.9696	2709
2026-09-30T11:44:00-04:00	8.8900	8.9691	2321
2026-09-30T11:45:00-04:00	8.9150	8.9677	9271
2026-09-30T11:46:00-04:00	8.9150	8.9677	220
2026-09-30T11:47:00-04:00	8.8950	8.9651	15086
2026-09-30T11:48:00-04:00	8.9200	8.9649	1596
2026-09-30T11:49:00-04:00	8.9250	8.9647	1965
2026-09-30T11:50:00-04:00	8.9200	8.9646	896
2026-09-30T11:51:00-04:00	8.9050	8.9644	1382
2026-09-30T11:52:00-04:00	8.8900	8.9643	854
2026-09-30T11:53:00-04:00	8.8505	8.9637	2363
2026-09-30T11:54:00-04:00	8.8600	8.9636	132
2026-09-30T11:55:00-04:00	8.8600	8.9635	594
2026-09-30T11:56:00-04:00	8.8650	8.9633	648
2026-09-30T11:57:00-04:00	8.8700	8.9626	3219
2026-09-30T11:58:00-04:00	8.8046	8.9591	10494
2026-09-30T11:59:00-04:00	8.8350	8.9569	6740
2026-09-30T12:00:00-04:00	8.8400	8.9563	2319
2026-09-30T12:01:00-04:00	8.8600	8.9558	2052
2026-09-30T12:02:00-04:00	8.8600	8.9554	1842
2026-09-30T12:03:00-04:00	8.8600	8.9550	2022
2026-09-30T12:04:00-04:00	8.8500	8.9547	1053
2026-09-30T12:05:00-04:00	8.8400	8.9545	621
2026-09-30T12:06:00-04:00	8.8500	8.9545	269
2026-09-30T12:07:00-04:00	8.8425	8.9543	478
2026-09-30T12:08:00-04:00	8.8300	8.9540	1396
2026-09-30T12:09:00-04:00	8.8400	8.9538	741
2026-09-30T12:11:00-04:00	8.8300	8.9533	1727
2026-09-30T12:12:00-04:00	8.8300	8.9532	174
2026-09-30T12:13:00-04:00	8.8300	8.9529	1200
2026-09-30T12:14:00-04:00	8.9000	8.9520	5682
2026-09-30T12:15:00-04:00	8.8850	8.9507	8587
2026-09-30T12:16:00-04:00	8.8600	8.9503	2215
2026-09-30T12:17:00-04:00	8.8700	8.9502	597
2026-09-30T12:18:00-04:00	8.8700	8.9500	1358
2026-09-30T12:19:00-04:00	8.8700	8.9500	109
2026-09-30T12:20:00-04:00	8.8700	8.9496	2118
2026-09-30T12:21:00-04:00	8.8900	8.9494	1449
2026-09-30T12:22:00-04:00	8.8900	8.9493	553
2026-09-30T12:23:00-04:00	8.8900	8.9491	1566
2026-09-30T12:24:00-04:00	8.9000	8.9489	1432
2026-09-30T12:25:00-04:00	8.9000	8.9487	2490
2026-09-30T12:26:00-04:00	8.9100	8.9486	324
2026-09-30T12:27:00-04:00	8.9100	8.9486	944
2026-09-30T12:28:00-04:00	8.9100	8.9485	802
2026-09-30T12:30:00-04:00	8.9100	8.9484	1064
2026-09-30T12:31:00-04:00	8.9100	8.9484	670
2026-09-30T12:32:00-04:00	8.9100	8.9483	705
2026-09-30T12:33:00-04:00	8.9200	8.9483	155
2026-09-30T12:34:00-04:00	8.9200	8.9482	1952
2026-09-30T12:35:00-04:00	8.9300	8.9482	576
2026-09-30T12:36:00-04:00	8.9200	8.9481	1341
2026-09-30T12:37:00-04:00	8.9300	8.9480	1909
2026-09-30T12:38:00-04:00	8.9550	8.9480	6989
2026-09-30T12:39:00-04:00	8.9699	8.9480	1125
2026-09-30T12:40:00-04:00	8.9400	8.9480	3402
2026-09-30T12:41:00-04:00	8.9550	8.9481	1147
2026-09-30T12:42:00-04:00	8.9600	8.9481	848
2026-09-30T12:43:00-04:00	8.9500	8.9481	880
2026-09-30T12:44:00-04:00	8.9500	8.9482	5162
2026-09-30T12:45:00-04:00	8.9700	8.9486	13801
2026-09-30T12:46:00-04:00	8.9500	8.9486	4550
2026-09-30T12:47:00-04:00	8.9500	8.9486	1059
2026-09-30T12:48:00-04:00	8.9600	8.9487	1073
2026-09-30T12:49:00-04:00	8.9500	8.9487	3489
2026-09-30T12:50:00-04:00	8.9600	8.9487	739
2026-09-30T12:51:00-04:00	8.9500	8.9487	3619
2026-09-30T12:52:00-04:00	8.9500	8.9487	705
2026-09-30T12:54:00-04:00	8.9500	8.9487	642
2026-09-30T12:55:00-04:00	8.9300	8.9486	6773
2026-09-30T12:56:00-04:00	8.9300	8.9486	420
2026-09-30T12:57:00-04:00	8.9300	8.9485	981
2026-09-30T12:58:00-04:00	8.9300	8.9485	2120
2026-09-30T13:01:00-04:00	8.9150	8.9484	1059
2026-09-30T13:02:00-04:00	8.9100	8.9482	2092
2026-09-30T13:03:00-04:00	8.9100	8.9481	1881
2026-09-30T13:05:00-04:00	8.9100	8.9481	424
2026-09-30T13:06:00-04:00	8.9100	8.9481	245
2026-09-30T13:07:00-04:00	8.9200	8.9477	6971
2026-09-30T13:08:00-04:00	8.9200	8.9476	1259
2026-09-30T13:09:00-04:00	8.9200	8.9476	270
2026-09-30T13:10:00-04:00	8.9100	8.9475	1491
2026-09-30T13:11:00-04:00	8.8800	8.9473	2080
2026-09-30T13:12:00-04:00	8.8800	8.9471	970
2026-09-30T13:13:00-04:00	8.8600	8.9470	1168
2026-09-30T13:15:00-04:00	8.8500	8.9445	15332
2026-09-30T13:16:00-04:00	8.8150	8.9440	2748
2026-09-30T13:17:00-04:00	8.8200	8.9438	888
2026-09-30T13:18:00-04:00	8.8200	8.9437	280
2026-09-30T13:19:00-04:00	8.8200	8.9431	2886
2026-09-30T13:20:00-04:00	8.8150	8.9427	1898
2026-09-30T13:21:00-04:00	8.8150	8.9425	923
2026-09-30T13:22:00-04:00	8.8150	8.9424	315
2026-09-30T13:23:00-04:00	8.8050	8.9404	8211
2026-09-30T13:24:00-04:00	8.8050	8.9402	987
2026-09-30T13:25:00-04:00	8.8100	8.9402	216
2026-09-30T13:26:00-04:00	8.8000	8.9385	6985
2026-09-30T13:27:00-04:00	8.8100	8.9384	402
2026-09-30T13:28:00-04:00	8.8100	8.9384	194
2026-09-30T13:29:00-04:00	8.8200	8.9380	1739
2026-09-30T13:30:00-04:00	8.8100	8.9378	1350
2026-09-30T13:31:00-04:00	8.7900	8.9372	2269
2026-09-30T13:32:00-04:00	8.8000	8.9369	1252
2026-09-30T13:33:00-04:00	8.8100	8.9363	2764
2026-09-30T13:35:00-04:00	8.8100	8.9362	732
2026-09-30T13:36:00-04:00	8.8100	8.9356	3174
2026-09-30T13:37:00-04:00	8.8200	8.9355	145
2026-09-30T13:38:00-04:00	8.8300	8.9351	2700
2026-09-30T13:39:00-04:00	8.8400	8.9342	5937
2026-09-30T13:40:00-04:00	8.8400	8.9339	1731
2026-09-30T13:41:00-04:00	8.8500	8.9339	409
2026-09-30T13:42:00-04:00	8.8600	8.9337	1164
2026-09-30T13:43:00-04:00	8.8600	8.9335	1534
2026-09-30T13:44:00-04:00	8.8700	8.9334	827
2026-09-30T13:45:00-04:00	8.8500	8.9333	1354
2026-09-30T13:46:00-04:00	8.8450	8.9319	9704
2026-09-30T13:47:00-04:00	8.8400	8.9303	12694
2026-09-30T13:49:00-04:00	8.8500	8.9302	205
2026-09-30T13:50:00-04:00	8.8500	8.9301	864
2026-09-30T13:51:00-04:00	8.8400	8.9300	694
2026-09-30T13:52:00-04:00	8.8200	8.9297	1955
2026-09-30T13:53:00-04:00	8.8200	8.9295	1117
2026-09-30T13:54:00-04:00	8.8050	8.9293	950
2026-09-30T13:55:00-04:00	8.8083	8.9292	542
2026-09-30T13:56:00-04:00	8.8050	8.9291	746
2026-09-30T13:57:00-04:00	8.8000	8.9288	1602
2026-09-30T14:00:00-04:00	8.7400	8.9240	19178
2026-09-30T14:01:00-04:00	8.6850	8.9214	8003
2026-09-30T14:02:00-04:00	8.6900	8.9205	2752
2026-09-30T14:03:00-04:00	8.7200	8.9192	3997
2026-09-30T14:04:00-04:00	8.7100	8.9190	971
2026-09-30T14:05:00-04:00	8.7200	8.9187	878
2026-09-30T14:06:00-04:00	8.6750	8.9177	2889
2026-09-30T14:07:00-04:00	8.6750	8.9173	1129
2026-09-30T14:08:00-04:00	8.6750	8.9165	2380
2026-09-30T14:09:00-04:00	8.6718	8.9163	617
2026-09-30T14:10:00-04:00	8.6491	8.9149	3881
2026-09-30T14:11:00-04:00	8.6500	8.9143	1585
2026-09-30T14:12:00-04:00	8.6450	8.9138	1342
2026-09-30T14:13:00-04:00	8.6300	8.9116	5481
2026-09-30T14:14:00-04:00	8.6550	8.9108	2236
2026-09-30T14:15:00-04:00	8.6450	8.9088	5408
2026-09-30T14:16:00-04:00	8.6500	8.9057	8543
2026-09-30T14:17:00-04:00	8.6400	8.9051	1805
2026-09-30T14:19:00-04:00	8.6400	8.9047	916
2026-09-30T14:20:00-04:00	8.6300	8.9036	2892
2026-09-30T14:21:00-04:00	8.6200	8.9010	6872
2026-09-30T14:22:00-04:00	8.6400	8.8971	10907
2026-09-30T14:23:00-04:00	8.6500	8.8969	645
2026-09-30T14:24:00-04:00	8.6450	8.8961	2242
2026-09-30T14:25:00-04:00	8.6400	8.8958	768
2026-09-30T14:26:00-04:00	8.6400	8.8956	728
2026-09-30T14:27:00-04:00	8.6600	8.8944	3813
2026-09-30T14:28:00-04:00	8.6600	8.8937	2197
2026-09-30T14:29:00-04:00	8.6800	8.8932	1694
2026-09-30T14:30:00-04:00	8.6700	8.8925	2587
2026-09-30T14:33:00-04:00	8.6550	8.8917	2471
2026-09-30T14:34:00-04:00	8.6350	8.8885	9940
2026-09-30T14:35:00-04:00	8.6300	8.8882	936
2026-09-30T14:36:00-04:00	8.6400	8.8872	3183
2026-09-30T14:37:00-04:00	8.6600	8.8862	3388
2026-09-30T14:38:00-04:00	8.6550	8.8856	1842
2026-09-30T14:39:00-04:00	8.6700	8.8843	4817
2026-09-30T14:40:00-04:00	8.6650	8.8838	1857
2026-09-30T14:41:00-04:00	8.6750	8.8834	1656
2026-09-30T14:42:00-04:00	8.6900	8.8828	2217
2026-09-30T14:43:00-04:00	8.6800	8.8824	1671
2026-09-30T14:44:00-04:00	8.6800	8.8818	2505
2026-09-30T14:45:00-04:00	8.6650	8.8795	8683
2026-09-30T14:46:00-04:00	8.6650	8.8790	2018
2026-09-30T14:47:00-04:00	8.6650	8.8785	1928
2026-09-30T14:48:00-04:00	8.6650	8.8783	750
2026-09-30T14:49:00-04:00	8.6700	8.8780	1093
2026-09-30T14:50:00-04:00	8.6700	8.8778	693
2026-09-30T14:51:00-04:00	8.6800	8.8772	2657
2026-09-30T14:52:00-04:00	8.6750	8.8762	3969
2026-09-30T14:53:00-04:00	8.6600	8.8738	9927
2026-09-30T14:54:00-04:00	8.6600	8.8736	583
2026-09-30T14:55:00-04:00	8.6650	8.8645	36878
2026-09-30T14:56:00-04:00	8.6900	8.8631	6867
2026-09-30T14:57:00-04:00	8.6900	8.8630	673
2026-09-30T14:58:00-04:00	8.7000	8.8624	2928
2026-09-30T14:59:00-04:00	8.6950	8.8622	1335
2026-09-30T15:00:00-04:00	8.6850	8.8610	5736
2026-09-30T15:01:00-04:00	8.6750	8.8604	3188
2026-09-30T15:02:00-04:00	8.6750	8.8601	1209
2026-09-30T15:03:00-04:00	8.6750	8.8595	3100
2026-09-30T15:04:00-04:00	8.6900	8.8591	2339
2026-09-30T15:05:00-04:00	8.6850	8.8586	2313
2026-09-30T15:06:00-04:00	8.6750	8.8582	2114
2026-09-30T15:07:00-04:00	8.6800	8.8575	3354
2026-09-30T15:08:00-04:00	8.6950	8.8570	3040
2026-09-30T15:09:00-04:00	8.6950	8.8568	1225
2026-09-30T15:10:00-04:00	8.6950	8.8566	836
2026-09-30T15:11:00-04:00	8.7000	8.8565	406
2026-09-30T15:12:00-04:00	8.6650	8.8539	13473
2026-09-30T15:13:00-04:00	8.6750	8.8533	2870
2026-09-30T15:14:00-04:00	8.6700	8.8528	2534
2026-09-30T15:15:00-04:00	8.6550	8.8524	1832
2026-09-30T15:16:00-04:00	8.6500	8.8507	7950
2026-09-30T15:17:00-04:00	8.6600	8.8505	1376
2026-09-30T15:18:00-04:00	8.6600	8.8502	1490
2026-09-30T15:19:00-04:00	8.6650	8.8489	6626
2026-09-30T15:20:00-04:00	8.6600	8.8483	2909
2026-09-30T15:21:00-04:00	8.6800	8.8474	4954
2026-09-30T15:22:00-04:00	8.6900	8.8468	3512
2026-09-30T15:23:00-04:00	8.6800	8.8467	758
2026-09-30T15:24:00-04:00	8.6750	8.8449	9851
2026-09-30T15:25:00-04:00	8.6750	8.8447	1212
2026-09-30T15:26:00-04:00	8.6800	8.8446	942
2026-09-30T15:27:00-04:00	8.6800	8.8438	4217
2026-09-30T15:28:00-04:00	8.6650	8.8427	6434
2026-09-30T15:29:00-04:00	8.6400	8.8407	9946
2026-09-30T15:30:00-04:00	8.6400	8.8391	8218
2026-09-30T15:31:00-04:00	8.6500	8.8374	8546
2026-09-30T15:32:00-04:00	8.6550	8.8365	4874
2026-09-30T15:33:00-04:00	8.6650	8.8359	3736
2026-09-30T15:34:00-04:00	8.6500	8.8354	3196
2026-09-30T15:35:00-04:00	8.6500	8.8346	3996
2026-09-30T15:36:00-04:00	8.6350	8.8338	4471
2026-09-30T15:37:00-04:00	8.6200	8.8330	3834
2026-09-30T15:38:00-04:00	8.6300	8.8327	1547
2026-09-30T15:39:00-04:00	8.6450	8.8318	4923
2026-09-30T15:40:00-04:00	8.6350	8.8302	8695
2026-09-30T15:41:00-04:00	8.6250	8.8293	4671
2026-09-30T15:42:00-04:00	8.6150	8.8275	8791
2026-09-30T15:43:00-04:00	8.6050	8.8264	5795
2026-09-30T15:44:00-04:00	8.6100	8.8252	5488
2026-09-30T15:45:00-04:00	8.6200	8.8252	454
2026-09-30T15:46:00-04:00	8.6300	8.8225	14326
2026-09-30T15:47:00-04:00	8.6250	8.8217	4870
2026-09-30T15:48:00-04:00	8.6216	8.8214	1358
2026-09-30T15:49:00-04:00	8.6150	8.8204	5873
2026-09-30T15:50:00-04:00	8.6400	8.8175	17010
2026-09-30T15:51:00-04:00	8.6250	8.8160	8604
2026-09-30T15:52:00-04:00	8.6250	8.8138	12993
2026-09-30T15:53:00-04:00	8.6350	8.8124	8880
2026-09-30T15:54:00-04:00	8.6200	8.8101	14458
2026-09-30T15:55:00-04:00	8.6400	8.8055	30793
2026-09-30T15:56:00-04:00	8.6600	8.8030	19907
2026-09-30T15:57:00-04:00	8.6450	8.8005	19776
2026-09-30T15:58:00-04:00	8.6200	8.7945	43951
2026-09-30T15:59:00-04:00	8.6500	8.7857	76783
2026-10-01T09:30:00-04:00	8.6050	8.6217	70369
2026-10-01T09:31:00-04:00	8.6500	8.6244	4326
2026-10-01T09:32:00-04:00	8.8200	8.6378	8180
2026-10-01T09:33:00-04:00	8.9300	8.6487	3771
2026-10-01T09:34:00-04:00	8.8150	8.6523	1869
2026-10-01T09:35:00-04:00	8.7500	8.6540	1348
2026-10-01T09:36:00-04:00	8.7400	8.6592	4879
2026-10-01T09:37:00-04:00	8.6806	8.6597	1056
2026-10-01T09:39:00-04:00	8.6868	8.6601	1360
2026-10-01T09:40:00-04:00	8.6600	8.6605	2784
2026-10-01T09:41:00-04:00	8.6350	8.6601	1338
2026-10-01T09:42:00-04:00	8.6400	8.6590	4856
2026-10-01T09:44:00-04:00	8.6500	8.6588	1133
2026-10-01T09:45:00-04:00	8.6000	8.6549	9381
2026-10-01T09:47:00-04:00	8.6300	8.6533	6291
2026-10-01T09:48:00-04:00	8.5900	8.6523	2100
2026-10-01T09:49:00-04:00	8.6200	8.6520	1047
2026-10-01T09:50:00-04:00	8.6250	8.6508	6833
2026-10-01T09:51:00-04:00	8.6500	8.6508	513
2026-10-01T09:52:00-04:00	8.7200	8.6514	1906
2026-10-01T09:53:00-04:00	8.7300	8.6536	4159
2026-10-01T09:54:00-04:00	8.6800	8.6542	2162
2026-10-01T09:55:00-04:00	8.7000	8.6546	1304
2026-10-01T09:57:00-04:00	8.7200	8.6585	6637
2026-10-01T10:00:00-04:00	8.7300	8.6592	1750
2026-10-01T10:01:00-04:00	8.6850	8.6601	2881
2026-10-01T10:02:00-04:00	8.6400	8.6597	4296
2026-10-01T10:03:00-04:00	8.6400	8.6594	6033
2026-10-01T10:04:00-04:00	8.6320	8.6591	5443
2026-10-01T10:05:00-04:00	8.6500	8.6589	2516
2026-10-01T10:06:00-04:00	8.6700	8.6588	1639
2026-10-01T10:07:00-04:00	8.6750	8.6589	592
2026-10-01T10:08:00-04:00	8.7000	8.6591	730
2026-10-01T10:09:00-04:00	8.7170	8.6593	520
2026-10-01T10:10:00-04:00	8.7200	8.6595	767
2026-10-01T10:11:00-04:00	8.7000	8.6599	1368
2026-10-01T10:12:00-04:00	8.7000	8.6601	1138
2026-10-01T10:13:00-04:00	8.7000	8.6611	5462
2026-10-01T10:14:00-04:00	8.6900	8.6613	1681
2026-10-01T10:15:00-04:00	8.6900	8.6628	7282
2026-10-01T10:16:00-04:00	8.6850	8.6628	108
2026-10-01T10:17:00-04:00	8.7300	8.6634	2119
2026-10-01T10:19:00-04:00	8.6950	8.6638	2132
2026-10-01T10:20:00-04:00	8.7331	8.6642	1421
2026-10-01T10:21:00-04:00	8.7300	8.6651	2438
2026-10-01T10:23:00-04:00	8.7100	8.6652	572
2026-10-01T10:24:00-04:00	8.7300	8.6656	1139
2026-10-01T10:25:00-04:00	8.7265	8.6660	1562
2026-10-01T10:26:00-04:00	8.7450	8.6664	1004
2026-10-01T10:28:00-04:00	8.7500	8.6675	2791
2026-10-01T10:29:00-04:00	8.7600	8.6677	504
2026-10-01T10:30:00-04:00	8.7500	8.6678	264
2026-10-01T10:32:00-04:00	8.7900	8.6699	3943
2026-10-01T10:33:00-04:00	8.8200	8.6704	711
2026-10-01T10:34:00-04:00	8.7900	8.6714	1742
2026-10-01T10:35:00-04:00	8.7740	8.6719	1108
2026-10-01T10:36:00-04:00	8.8000	8.6727	1356
2026-10-01T10:37:00-04:00	8.7900	8.6785	11029
2026-10-01T10:38:00-04:00	8.7600	8.6795	2541
2026-10-01T10:39:00-04:00	8.7600	8.6814	5310
2026-10-01T10:40:00-04:00	8.7200	8.6818	2101
2026-10-01T10:41:00-04:00	8.7500	8.6827	3898
2026-10-01T10:42:00-04:00	8.7600	8.6830	913
2026-10-01T10:43:00-04:00	8.7552	8.6842	4517
2026-10-01T10:44:00-04:00	8.7500	8.6844	1000
2026-10-01T10:45:00-04:00	8.7300	8.6862	8790
2026-10-01T10:46:00-04:00	8.6900	8.6864	3104
2026-10-01T10:47:00-04:00	8.7200	8.6866	2190
2026-10-01T10:48:00-04:00	8.6900	8.6866	455
2026-10-01T10:49:00-04:00	8.6800	8.6866	637
2026-10-01T10:50:00-04:00	8.6500	8.6864	1613
2026-10-01T10:51:00-04:00	8.6500	8.6864	441
2026-10-01T10:52:00-04:00	8.6300	8.6863	684
2026-10-01T10:53:00-04:00	8.6500	8.6842	13778
2026-10-01T10:54:00-04:00	8.6350	8.6838	2347
2026-10-01T10:55:00-04:00	8.6400	8.6833	2887
2026-10-01T10:56:00-04:00	8.6600	8.6832	1498
2026-10-01T10:57:00-04:00	8.6600	8.6829	3375
2026-10-01T10:58:00-04:00	8.6950	8.6830	1581
2026-10-01T10:59:00-04:00	8.6900	8.6830	704
2026-10-01T11:00:00-04:00	8.6600	8.6829	1360
2026-10-01T11:01:00-04:00	8.6250	8.6828	466
2026-10-01T11:02:00-04:00	8.6400	8.6823	2639
2026-10-01T11:04:00-04:00	8.6400	8.6819	3712
2026-10-01T11:05:00-04:00	8.6300	8.6818	461
2026-10-01T11:06:00-04:00	8.6200	8.6816	866
2026-10-01T11:07:00-04:00	8.5900	8.6808	2742
2026-10-01T11:08:00-04:00	8.5750	8.6806	611
2026-10-01T11:09:00-04:00	8.5800	8.6799	2285
2026-10-01T11:11:00-04:00	8.5800	8.6793	1688
2026-10-01T11:12:00-04:00	8.5600	8.6788	1452
2026-10-01T11:13:00-04:00	8.5550	8.6781	2007
2026-10-01T11:15:00-04:00	8.5300	8.6730	11833
2026-10-01T11:16:00-04:00	8.5800	8.6690	12417
2026-10-01T11:17:00-04:00	8.6000	8.6686	1813
2026-10-01T11:18:00-04:00	8.5800	8.6679	3088
2026-10-01T11:19:00-04:00	8.5800	8.6677	478
2026-10-01T11:20:00-04:00	8.5800	8.6675	730
2026-10-01T11:21:00-04:00	8.6000	8.6672	1741
2026-10-01T11:22:00-04:00	8.6100	8.6670	757
2026-10-01T11:23:00-04:00	8.6000	8.6668	1240
2026-10-01T11:24:00-04:00	8.5850	8.6664	2000
2026-10-01T11:25:00-04:00	8.5700	8.6659	1775
2026-10-01T11:26:00-04:00	8.5650	8.6648	3833
2026-10-01T11:27:00-04:00	8.5950	8.6643	2092
2026-10-01T11:28:00-04:00	8.5800	8.6627	6997
2026-10-01T11:29:00-04:00	8.5700	8.6623	1658
2026-10-01T11:30:00-04:00	8.5600	8.6621	847
2026-10-01T11:31:00-04:00	8.5600	8.6617	1178
2026-10-01T11:32:00-04:00	8.5500	8.6606	3755
2026-10-01T11:33:00-04:00	8.5420	8.6605	436
2026-10-01T11:34:00-04:00	8.5400	8.6597	2434
2026-10-01T11:36:00-04:00	8.5200	8.6578	5232
2026-10-01T11:37:00-04:00	8.5200	8.6575	817
2026-10-01T11:38:00-04:00	8.5600	8.6552	8097
2026-10-01T11:39:00-04:00	8.5600	8.6547	2179
2026-10-01T11:40:00-04:00	8.5700	8.6545	713
2026-10-01T11:41:00-04:00	8.5500	8.6541	1560
2026-10-01T11:42:00-04:00	8.5500	8.6538	1137
2026-10-01T11:43:00-04:00	8.5400	8.6535	987
2026-10-01T11:44:00-04:00	8.5300	8.6533	652
2026-10-01T11:45:00-04:00	8.5300	8.6509	7924
2026-10-01T11:46:00-04:00	8.5300	8.6504	1675
2026-10-01T11:47:00-04:00	8.5300	8.6501	979
2026-10-01T11:48:00-04:00	8.5600	8.6488	5702
2026-10-01T11:49:00-04:00	8.5800	8.6486	1589
2026-10-01T11:50:00-04:00	8.5600	8.6484	693
2026-10-01T11:51:00-04:00	8.5700	8.6483	335
2026-10-01T11:52:00-04:00	8.5900	8.6482	948
2026-10-01T11:53:00-04:00	8.5700	8.6480	1046
2026-10-01T11:54:00-04:00	8.5700	8.6476	2564
2026-10-01T11:55:00-04:00	8.5600	8.6473	1045
2026-10-01T11:56:00-04:00	8.6000	8.6470	2359
2026-10-01T11:57:00-04:00	8.5800	8.6468	1360
2026-10-01T11:58:00-04:00	8.5806	8.6466	1145
2026-10-01T11:59:00-04:00	8.5900	8.6466	162
2026-10-01T12:00:00-04:00	8.6000	8.6464	1401
2026-10-01T12:01:00-04:00	8.5800	8.6462	1328
2026-10-01T12:02:00-04:00	8.6100	8.6459	3490
2026-10-01T12:03:00-04:00	8.6100	8.6457	2288
2026-10-01T12:04:00-04:00	8.6200	8.6456	834
2026-10-01T12:05:00-04:00	8.6150	8.6455	1392
2026-10-01T12:06:00-04:00	8.6800	8.6457	4049
2026-10-01T12:07:00-04:00	8.6550	8.6458	1831
2026-10-01T12:08:00-04:00	8.6550	8.6458	558
2026-10-01T12:09:00-04:00	8.6300	8.6457	2063
2026-10-01T12:11:00-04:00	8.6050	8.6423	51678
2026-10-01T12:12:00-04:00	8.5800	8.6420	3074
2026-10-01T12:13:00-04:00	8.5500	8.6419	394
2026-10-01T12:15:00-04:00	8.5500	8.6406	7410
2026-10-01T12:16:00-04:00	8.5600	8.6396	5956
2026-10-01T12:17:00-04:00	8.5900	8.6386	8591
2026-10-01T12:18:00-04:00	8.5900	8.6383	3692
2026-10-01T12:19:00-04:00	8.5900	8.6382	1394
2026-10-01T12:20:00-04:00	8.5800	8.6380	1380
2026-10-01T12:21:00-04:00	8.5700	8.6379	1194
2026-10-01T12:22:00-04:00	8.5800	8.6375	3287
2026-10-01T12:23:00-04:00	8.5600	8.6373	1352
2026-10-01T12:24:00-04:00	8.5750	8.6372	921
2026-10-01T12:26:00-04:00	8.5800	8.6372	120
2026-10-01T12:27:00-04:00	8.5634	8.6369	2611
2026-10-01T12:28:00-04:00	8.5700	8.6368	523
2026-10-01T12:29:00-04:00	8.5650	8.6367	391
2026-10-01T12:30:00-04:00	8.5700	8.6366	824
2026-10-01T12:31:00-04:00	8.5800	8.6365	1515
2026-10-01T12:32:00-04:00	8.5899	8.6364	970
2026-10-01T12:33:00-04:00	8.5832	8.6363	1111
2026-10-01T12:34:00-04:00	8.5900	8.6359	4208
2026-10-01T12:35:00-04:00	8.5900	8.6357	2856
2026-10-01T12:36:00-04:00	8.5900	8.6356	834
2026-10-01T12:37:00-04:00	8.5700	8.6355	478
2026-10-01T12:38:00-04:00	8.5500	8.6354	1007
2026-10-01T12:39:00-04:00	8.5400	8.6352	1243
2026-10-01T12:40:00-04:00	8.5500	8.6349	1878
2026-10-01T12:42:00-04:00	8.5400	8.6347	1386
2026-10-01T12:43:00-04:00	8.5400	8.6346	537
2026-10-01T12:44:00-04:00	8.5400	8.6343	1534
2026-10-01T12:45:00-04:00	8.5400	8.6331	7290
2026-10-01T12:46:00-04:00	8.5450	8.6328	1867
2026-10-01T12:47:00-04:00	8.5400	8.6327	534
2026-10-01T12:48:00-04:00	8.5800	8.6321	5335
2026-10-01T12:49:00-04:00	8.5850	8.6319	2299
2026-10-01T12:50:00-04:00	8.5900	8.6314	7807
2026-10-01T12:51:00-04:00	8.5700	8.6314	238
2026-10-01T12:52:00-04:00	8.5650	8.6314	457
2026-10-01T12:53:00-04:00	8.5700	8.6312	1742
2026-10-01T12:54:00-04:00	8.5600	8.6310	932
2026-10-01T12:55:00-04:00	8.5400	8.6302	5596
2026-10-01T12:56:00-04:00	8.5300	8.6299	1979
2026-10-01T12:58:00-04:00	8.5300	8.6298	684
2026-10-01T13:00:00-04:00	8.5300	8.6297	241
2026-10-01T13:01:00-04:00	8.5300	8.6287	5804
2026-10-01T13:02:00-04:00	8.5650	8.6280	5529
2026-10-01T13:03:00-04:00	8.5850	8.6277	4183
2026-10-01T13:04:00-04:00	8.6100	8.6277	773
2026-10-01T13:05:00-04:00	8.6100	8.6276	1392
2026-10-01T13:06:00-04:00	8.6000	8.6276	861
2026-10-01T13:07:00-04:00	8.5850	8.6275	656
2026-10-01T13:08:00-04:00	8.6200	8.6273	10075
2026-10-01T13:09:00-04:00	8.6050	8.6272	1109
2026-10-01T13:10:00-04:00	8.6000	8.6272	1382
2026-10-01T13:11:00-04:00	8.6200	8.6271	1672
2026-10-01T13:12:00-04:00	8.5850	8.6268	6336
2026-10-01T13:13:00-04:00	8.5600	8.6263	5518
2026-10-01T13:14:00-04:00	8.5400	8.6256	5692
2026-10-01T13:15:00-04:00	8.5350	8.6222	26593
2026-10-01T13:16:00-04:00	8.5700	8.6212	10230
2026-10-01T13:17:00-04:00	8.5800	8.6212	1479
2026-10-01T13:18:00-04:00	8.5800	8.6209	3232
2026-10-01T13:19:00-04:00	8.6150	8.6209	1684
2026-10-01T13:20:00-04:00	8.6100	8.6208	4897
2026-10-01T13:21:00-04:00	8.6100	8.6208	751
2026-10-01T13:22:00-04:00	8.6100	8.6208	1499
2026-10-01T13:23:00-04:00	8.6250	8.6208	1027
2026-10-01T13:24:00-04:00	8.6500	8.6209	1593
2026-10-01T13:25:00-04:00	8.6600	8.6210	2921
2026-10-01T13:27:00-04:00	8.6914	8.6211	901
2026-10-01T13:28:00-04:00	8.7100	8.6213	1183
2026-10-01T13:29:00-04:00	8.6900	8.6213	890
2026-10-01T13:30:00-04:00	8.7500	8.6227	9329
2026-10-01T13:31:00-04:00	8.7600	8.6230	1351
2026-10-01T13:32:00-04:00	8.7600	8.6231	597
2026-10-01T13:33:00-04:00	8.7000	8.6232	1317
2026-10-01T13:34:00-04:00	8.6900	8.6235	2137
2026-10-01T13:35:00-04:00	8.6800	8.6236	1599
2026-10-01T13:36:00-04:00	8.6700	8.6237	1921
2026-10-01T13:37:00-04:00	8.6350	8.6237	506
2026-10-01T13:38:00-04:00	8.6200	8.6237	1924
2026-10-01T13:39:00-04:00	8.6200	8.6237	495
2026-10-01T13:40:00-04:00	8.6200	8.6236	6104
2026-10-01T13:41:00-04:00	8.6500	8.6237	1789
2026-10-01T13:42:00-04:00	8.6500	8.6237	512
2026-10-01T13:43:00-04:00	8.6600	8.6237	827
2026-10-01T13:44:00-04:00	8.6750	8.6239	3024
2026-10-01T13:45:00-04:00	8.6800	8.6244	6971
2026-10-01T13:46:00-04:00	8.6800	8.6246	2575
2026-10-01T13:48:00-04:00	8.6800	8.6247	1117
2026-10-01T13:49:00-04:00	8.6602	8.6247	762
2026-10-01T13:50:00-04:00	8.6200	8.6248	11527
2026-10-01T13:52:00-04:00	8.6000	8.6247	1180
2026-10-01T13:53:00-04:00	8.5950	8.6247	633
2026-10-01T13:54:00-04:00	8.5550	8.6245	2240
2026-10-01T13:55:00-04:00	8.5700	8.6244	1577
2026-10-01T13:56:00-04:00	8.5600	8.6242	2596
2026-10-01T13:57:00-04:00	8.5550	8.6241	1302
2026-10-01T13:58:00-04:00	8.5500	8.6240	880
2026-10-01T13:59:00-04:00	8.5400	8.6240	665
2026-10-01T14:00:00-04:00	8.5400	8.6238	1183
2026-10-01T14:01:00-04:00	8.5300	8.6237	862
2026-10-01T14:02:00-04:00	8.5400	8.6235	1668
2026-10-01T14:03:00-04:00	8.5300	8.6234	1010
2026-10-01T14:04:00-04:00	8.5300	8.6234	463
2026-10-01T14:05:00-04:00	8.5248	8.6232	1371
2026-10-01T14:06:00-04:00	8.5200	8.6228	2809
2026-10-01T14:07:00-04:00	8.4900	8.6215	7900
2026-10-01T14:08:00-04:00	8.5000	8.6210	3666
2026-10-01T14:09:00-04:00	8.5200	8.6209	744
2026-10-01T14:10:00-04:00	8.5100	8.6206	1725
2026-10-01T14:12:00-04:00	8.5600	8.6199	7954
2026-10-01T14:13:00-04:00	8.5692	8.6194	7907
2026-10-01T14:14:00-04:00	8.5700	8.6193	1426
2026-10-01T14:15:00-04:00	8.5750	8.6188	9617
2026-10-01T14:16:00-04:00	8.5650	8.6187	2249
2026-10-01T14:17:00-04:00	8.5700	8.6186	1415
2026-10-01T14:18:00-04:00	8.5750	8.6185	2313
2026-10-01T14:19:00-04:00	8.5700	8.6184	1009
2026-10-01T14:20:00-04:00	8.5500	8.6182	2568
2026-10-01T14:21:00-04:00	8.5600	8.6174	11997
2026-10-01T14:22:00-04:00	8.5700	8.6172	4051
2026-10-01T14:23:00-04:00	8.5900	8.6171	2951
2026-10-01T14:24:00-04:00	8.5851	8.6171	627
2026-10-01T14:25:00-04:00	8.5750	8.6170	2265
2026-10-01T14:26:00-04:00	8.5400	8.6168	2232
2026-10-01T14:27:00-04:00	8.5400	8.6160	7779
2026-10-01T14:28:00-04:00	8.5350	8.6159	1464
2026-10-01T14:29:00-04:00	8.5200	8.6158	687
2026-10-01T14:30:00-04:00	8.5200	8.6157	1542
2026-10-01T14:31:00-04:00	8.5200	8.6155	1480
2026-10-01T14:32:00-04:00	8.5400	8.6153	2754
2026-10-01T14:33:00-04:00	8.5600	8.6150	3204
2026-10-01T14:34:00-04:00	8.6200	8.6150	4642
2026-10-01T14:35:00-04:00	8.5900	8.6149	2916
2026-10-01T14:36:00-04:00	8.5900	8.6148	3313
2026-10-01T14:37:00-04:00	8.5900	8.6148	1171
2026-10-01T14:38:00-04:00	8.5850	8.6148	900
2026-10-01T14:39:00-04:00	8.5700	8.6147	1823
2026-10-01T14:40:00-04:00	8.5700	8.6146	867
2026-10-01T14:41:00-04:00	8.5750	8.6146	783
2026-10-01T14:42:00-04:00	8.5900	8.6145	2848
2026-10-01T14:44:00-04:00	8.5800	8.6144	1863
2026-10-01T14:45:00-04:00	8.5900	8.6142	7645
2026-10-01T14:46:00-04:00	8.5750	8.6141	1999
2026-10-01T14:47:00-04:00	8.5900	8.6140	3041
2026-10-01T14:48:00-04:00	8.5900	8.6140	880
2026-10-01T14:49:00-04:00	8.5750	8.6139	1973
2026-10-01T14:50:00-04:00	8.5800	8.6139	1358
2026-10-01T14:51:00-04:00	8.5950	8.6138	7697
2026-10-01T14:52:00-04:00	8.5850	8.6135	10377
2026-10-01T14:53:00-04:00	8.5650	8.6133	4311
2026-10-01T14:54:00-04:00	8.5600	8.6132	3121
2026-10-01T14:55:00-04:00	8.5550	8.6130	2817
2026-10-01T14:56:00-04:00	8.5600	8.6129	1001
2026-10-01T14:57:00-04:00	8.5650	8.6129	1057
2026-10-01T14:58:00-04:00	8.5650	8.6128	1297
2026-10-01T14:59:00-04:00	8.5700	8.6126	3547
2026-10-01T15:00:00-04:00	8.5720	8.6126	1976
2026-10-01T15:01:00-04:00	8.5700	8.6125	1517
2026-10-01T15:02:00-04:00	8.5500	8.6123	2821
2026-10-01T15:03:00-04:00	8.5250	8.6121	2435
2026-10-01T15:04:00-04:00	8.5550	8.6102	33164
2026-10-01T15:05:00-04:00	8.5500	8.6101	871
2026-10-01T15:06:00-04:00	8.5550	8.6100	1790
2026-10-01T15:07:00-04:00	8.5550	8.6100	1257
2026-10-01T15:08:00-04:00	8.5350	8.6097	4327
2026-10-01T15:09:00-04:00	8.5350	8.6096	784
2026-10-01T15:10:00-04:00	8.5500	8.6094	3274
2026-10-01T15:12:00-04:00	8.5400	8.6093	1608
2026-10-01T15:13:00-04:00	8.5400	8.6092	1416
2026-10-01T15:14:00-04:00	8.5450	8.6092	680
2026-10-01T15:15:00-04:00	8.5550	8.6086	10778
2026-10-01T15:16:00-04:00	8.5400	8.6085	1046
2026-10-01T15:17:00-04:00	8.5500	8.6077	13808
2026-10-01T15:18:00-04:00	8.5500	8.6076	1566
2026-10-01T15:19:00-04:00	8.5550	8.6076	1242
2026-10-01T15:20:00-04:00	8.5450	8.6073	4200
2026-10-01T15:21:00-04:00	8.5450	8.6072	2101
2026-10-01T15:22:00-04:00	8.5300	8.6070	2229
2026-10-01T15:23:00-04:00	8.5350	8.6069	1583
2026-10-01T15:24:00-04:00	8.5650	8.6063	13441
2026-10-01T15:25:00-04:00	8.5650	8.6059	9845
2026-10-01T15:26:00-04:00	8.5800	8.6057	5945
2026-10-01T15:27:00-04:00	8.5700	8.6057	1187
2026-10-01T15:28:00-04:00	8.5650	8.6056	2170
2026-10-01T15:29:00-04:00	8.5550	8.6055	2107
2026-10-01T15:30:00-04:00	8.5800	8.6052	10377
2026-10-01T15:31:00-04:00	8.5850	8.6051	3608
2026-10-01T15:32:00-04:00	8.6100	8.6051	5117
2026-10-01T15:33:00-04:00	8.6000	8.6051	3307
2026-10-01T15:34:00-04:00	8.6000	8.6051	9669
2026-10-01T15:35:00-04:00	8.6100	8.6051	6939
2026-10-01T15:36:00-04:00	8.6250	8.6149	1122277
2026-10-01T15:37:00-04:00	8.6350	8.6150	3916
2026-10-01T15:38:00-04:00	8.6300	8.6150	1876
2026-10-01T15:39:00-04:00	8.6250	8.6150	3547
2026-10-01T15:40:00-04:00	8.6250	8.6150	1487
2026-10-01T15:41:00-04:00	8.6450	8.6152	17018
2026-10-01T15:42:00-04:00	8.6500	8.6152	1081
2026-10-01T15:43:00-04:00	8.6200	8.6153	4529
2026-10-01T15:44:00-04:00	8.6100	8.6153	2682
2026-10-01T15:45:00-04:00	8.6150	8.6153	15544
2026-10-01T15:46:00-04:00	8.6200	8.6153	4442
2026-10-01T15:47:00-04:00	8.6200	8.6153	3264
2026-10-01T15:48:00-04:00	8.6200	8.6153	3011
2026-10-01T15:49:00-04:00	8.6300	8.6153	6102
2026-10-01T15:50:00-04:00	8.6450	8.6154	4967
2026-10-01T15:51:00-04:00	8.6750	8.6156	10351
2026-10-01T15:52:00-04:00	8.6600	8.6157	6123
2026-10-01T15:53:00-04:00	8.6400	8.6158	3448
2026-10-01T15:54:00-04:00	8.6200	8.6158	7192
2026-10-01T15:55:00-04:00	8.5900	8.6157	14622
2026-10-01T15:56:00-04:00	8.6000	8.6156	12054
2026-10-01T15:57:00-04:00	8.6000	8.6155	14179
2026-10-01T15:58:00-04:00	8.5650	8.6150	32276
2026-10-01T15:59:00-04:00	8.5900	8.6141	65491
2026-10-02T09:30:00-04:00	8.8500	8.8433	28593
2026-10-02T09:31:00-04:00	8.8000	8.8331	6097
2026-10-02T09:32:00-04:00	8.8300	8.8364	8462
2026-10-02T09:33:00-04:00	8.7050	8.8275	4210
2026-10-02T09:34:00-04:00	8.7500	8.8246	1759
2026-10-02T09:35:00-04:00	8.8250	8.8232	4578
2026-10-02T09:36:00-04:00	8.8600	8.8369	55843
2026-10-02T09:37:00-04:00	8.8200	8.8369	6311
2026-10-02T09:38:00-04:00	8.8100	8.8343	14357
2026-10-02T09:39:00-04:00	8.7300	8.8326	2745
2026-10-02T09:40:00-04:00	8.6684	8.8283	4023
2026-10-02T09:41:00-04:00	8.6700	8.8249	2752
2026-10-02T09:42:00-04:00	8.6800	8.8244	430
2026-10-02T09:43:00-04:00	8.6500	8.8226	1677
2026-10-02T09:44:00-04:00	8.7600	8.8219	1423
2026-10-02T09:45:00-04:00	8.8600	8.8229	13456
2026-10-02T09:46:00-04:00	8.8100	8.8209	75166
2026-10-02T09:47:00-04:00	8.8200	8.8208	4802
2026-10-02T09:48:00-04:00	8.9000	8.8235	15088
2026-10-02T09:49:00-04:00	8.9800	8.8299	13721
2026-10-02T09:50:00-04:00	8.9008	8.8400	36252
2026-10-02T09:51:00-04:00	8.8500	8.8405	3797
2026-10-02T09:52:00-04:00	8.9150	8.8410	1825
2026-10-02T09:53:00-04:00	8.8800	8.8411	1121
2026-10-02T09:54:00-04:00	8.8700	8.8413	3342
2026-10-02T09:55:00-04:00	8.8056	8.8405	11191
2026-10-02T09:56:00-04:00	8.8000	8.8376	19569
2026-10-02T09:57:00-04:00	8.8100	8.8371	4609
2026-10-02T09:58:00-04:00	8.8200	8.8368	4631
2026-10-02T10:00:00-04:00	8.7700	8.8362	2663
2026-10-02T10:01:00-04:00	8.7500	8.8360	760
2026-10-02T10:02:00-04:00	8.8300	8.8357	3976
2026-10-02T10:03:00-04:00	8.8600	8.8358	1365
2026-10-02T10:04:00-04:00	8.8600	8.8360	2389
2026-10-02T10:05:00-04:00	8.8500	8.8362	2905
2026-10-02T10:06:00-04:00	8.8700	8.8363	1472
2026-10-02T10:07:00-04:00	8.8950	8.8365	2068
2026-10-02T10:08:00-04:00	8.9250	8.8406	22429
2026-10-02T10:09:00-04:00	8.9650	8.8421	4918
2026-10-02T10:10:00-04:00	8.9600	8.8433	4109
2026-10-02T10:11:00-04:00	8.8910	8.8442	5341
2026-10-02T10:12:00-04:00	8.9100	8.8446	2522
2026-10-02T10:13:00-04:00	8.9400	8.8449	970
2026-10-02T10:14:00-04:00	8.9400	8.8450	745
2026-10-02T10:15:00-04:00	8.9300	8.8479	14463
2026-10-02T10:16:00-04:00	9.0100	8.8498	5692
2026-10-02T10:17:00-04:00	9.0450	8.8552	12609
2026-10-02T10:18:00-04:00	9.0100	8.8564	3221
2026-10-02T10:19:00-04:00	9.0000	8.8577	4161
2026-10-02T10:20:00-04:00	9.0350	8.8586	2348
2026-10-02T10:21:00-04:00	9.0325	8.8592	1793
2026-10-02T10:22:00-04:00	9.0500	8.8617	5899
2026-10-02T10:23:00-04:00	8.9300	8.8706	41314
2026-10-02T10:24:00-04:00	8.9350	8.8707	1041
2026-10-02T10:25:00-04:00	8.9250	8.8722	12318
2026-10-02T10:26:00-04:00	8.9500	8.8731	6804
2026-10-02T10:27:00-04:00	8.9750	8.8734	1810
2026-10-02T10:28:00-04:00	8.9800	8.8735	660
2026-10-02T10:29:00-04:00	8.9700	8.8736	104
2026-10-02T10:30:00-04:00	8.9500	8.8737	856
2026-10-02T10:31:00-04:00	8.9700	8.8740	1804
2026-10-02T10:32:00-04:00	8.9600	8.8741	200
2026-10-02T10:33:00-04:00	8.9350	8.8743	1462
2026-10-02T10:34:00-04:00	8.9600	8.8745	1493
2026-10-02T10:35:00-04:00	8.9800	8.8747	1047
2026-10-02T10:36:00-04:00	9.0050	8.8752	2178
2026-10-02T10:37:00-04:00	8.9900	8.8758	2889
2026-10-02T10:38:00-04:00	8.9900	8.8769	5643
2026-10-02T10:40:00-04:00	9.0200	8.8775	2160
2026-10-02T10:41:00-04:00	9.0150	8.8778	1222
2026-10-02T10:42:00-04:00	9.0200	8.8780	898
2026-10-02T10:43:00-04:00	9.0000	8.8785	2135
2026-10-02T10:44:00-04:00	9.0200	8.8795	4261
2026-10-02T10:45:00-04:00	9.0150	8.8814	7702
2026-10-02T10:46:00-04:00	8.9800	8.8822	4358
2026-10-02T10:47:00-04:00	9.0100	8.8829	3118
2026-10-02T10:48:00-04:00	9.0000	8.8836	3281
2026-10-02T10:49:00-04:00	9.0020	8.8841	2573
2026-10-02T10:50:00-04:00	9.0100	8.8845	1552
2026-10-02T10:51:00-04:00	9.0100	8.8846	427
2026-10-02T10:52:00-04:00	8.9701	8.8849	2095
2026-10-02T10:53:00-04:00	8.9400	8.8851	1957
2026-10-02T10:54:00-04:00	8.8950	8.8852	3180
2026-10-02T10:55:00-04:00	8.9350	8.8856	5910
2026-10-02T10:56:00-04:00	8.9401	8.8860	3565
2026-10-02T10:57:00-04:00	8.9590	8.8861	1345
2026-10-02T10:58:00-04:00	8.9200	8.8862	1054
2026-10-02T10:59:00-04:00	8.8650	8.8862	1695
2026-10-02T11:01:00-04:00	8.8700	8.8861	684
2026-10-02T11:02:00-04:00	8.8000	8.8854	6449
2026-10-02T11:03:00-04:00	8.7400	8.8835	9119
2026-10-02T11:04:00-04:00	8.7400	8.8833	933
2026-10-02T11:05:00-04:00	8.7200	8.8822	4131
2026-10-02T11:06:00-04:00	8.7050	8.8818	1467
2026-10-02T11:07:00-04:00	8.7100	8.8809	2945
2026-10-02T11:08:00-04:00	8.7000	8.8802	2691
2026-10-02T11:09:00-04:00	8.7100	8.8795	2397
2026-10-02T11:10:00-04:00	8.6700	8.8779	4835
2026-10-02T11:11:00-04:00	8.6500	8.8769	3077
2026-10-02T11:12:00-04:00	8.6100	8.8764	1255
2026-10-02T11:13:00-04:00	8.6250	8.8757	1741
2026-10-02T11:14:00-04:00	8.6300	8.8749	2010
2026-10-02T11:15:00-04:00	8.6850	8.8689	19932
2026-10-02T11:16:00-04:00	8.7000	8.8680	3238
2026-10-02T11:17:00-04:00	8.7150	8.8672	3491
2026-10-02T11:18:00-04:00	8.6800	8.8645	10337
2026-10-02T11:19:00-04:00	8.6500	8.8639	1757
2026-10-02T11:20:00-04:00	8.6200	8.8637	704
2026-10-02T11:21:00-04:00	8.6350	8.8634	871
2026-10-02T11:22:00-04:00	8.6400	8.8629	1477
2026-10-02T11:23:00-04:00	8.6400	8.8626	911
2026-10-02T11:24:00-04:00	8.6200	8.8618	2182
2026-10-02T11:25:00-04:00	8.6200	8.8604	3966
2026-10-02T11:26:00-04:00	8.6300	8.8599	1528
2026-10-02T11:27:00-04:00	8.6600	8.8596	1110
2026-10-02T11:28:00-04:00	8.6700	8.8584	4087
2026-10-02T11:29:00-04:00	8.6700	8.8583	722
2026-10-02T11:30:00-04:00	8.6700	8.8572	4044
2026-10-02T11:31:00-04:00	8.7050	8.8559	5497
2026-10-02T11:32:00-04:00	8.7200	8.8558	634
2026-10-02T11:33:00-04:00	8.7500	8.8555	2155
2026-10-02T11:34:00-04:00	8.7700	8.8551	2772
2026-10-02T11:35:00-04:00	8.7600	8.8536	12124
2026-10-02T11:36:00-04:00	8.8050	8.8534	2110
2026-10-02T11:37:00-04:00	8.7800	8.8532	2309
2026-10-02T11:38:00-04:00	8.8000	8.8531	1776
2026-10-02T11:39:00-04:00	8.7900	8.8530	711
2026-10-02T11:40:00-04:00	8.8000	8.8530	895
2026-10-02T11:41:00-04:00	8.7750	8.8528	1350
2026-10-02T11:42:00-04:00	8.7400	8.8526	1581
2026-10-02T11:43:00-04:00	8.7350	8.8525	549
2026-10-02T11:44:00-04:00	8.7200	8.8523	1253
2026-10-02T11:45:00-04:00	8.7500	8.8511	8389
2026-10-02T11:46:00-04:00	8.7600	8.8510	882
2026-10-02T11:47:00-04:00	8.7500	8.8508	1351
2026-10-02T11:48:00-04:00	8.7200	8.8504	2026
2026-10-02T11:49:00-04:00	8.7150	8.8503	870
2026-10-02T11:50:00-04:00	8.7200	8.8502	382
2026-10-02T11:51:00-04:00	8.7200	8.8500	1659
2026-10-02T11:52:00-04:00	8.7200	8.8497	1305
2026-10-02T11:53:00-04:00	8.7300	8.8497	515
2026-10-02T11:54:00-04:00	8.7000	8.8494	1319
2026-10-02T11:55:00-04:00	8.7100	8.8491	1740
2026-10-02T11:56:00-04:00	8.7300	8.8488	1790
2026-10-02T11:58:00-04:00	8.7200	8.8479	5053
2026-10-02T11:59:00-04:00	8.7224	8.8477	1518
2026-10-02T12:00:00-04:00	8.7400	8.8474	2014
2026-10-02T12:01:00-04:00	8.7500	8.8471	2713
2026-10-02T12:02:00-04:00	8.7600	8.8469	1287
2026-10-02T12:03:00-04:00	8.7600	8.8469	288
2026-10-02T12:05:00-04:00	8.7500	8.8468	804
2026-10-02T12:06:00-04:00	8.7700	8.8466	1603
2026-10-02T12:08:00-04:00	8.7900	8.8465	2100
2026-10-02T12:09:00-04:00	8.7950	8.8463	2369
2026-10-02T12:10:00-04:00	8.7950	8.8463	533
2026-10-02T12:11:00-04:00	8.8050	8.8461	3040
2026-10-02T12:12:00-04:00	8.7800	8.8459	1990
2026-10-02T12:13:00-04:00	8.7750	8.8459	137
2026-10-02T12:14:00-04:00	8.7600	8.8458	903
2026-10-02T12:15:00-04:00	8.7800	8.8450	9429
2026-10-02T12:16:00-04:00	8.7800	8.8447	3114
2026-10-02T12:17:00-04:00	8.7800	8.8447	294
2026-10-02T12:18:00-04:00	8.8000	8.8446	1872
2026-10-02T12:19:00-04:00	8.8000	8.8442	7306
2026-10-02T12:20:00-04:00	8.7900	8.8440	2366
2026-10-02T12:21:00-04:00	8.7800	8.8439	1213
2026-10-02T12:22:00-04:00	8.7800	8.8439	181
2026-10-02T12:23:00-04:00	8.7800	8.8438	1054
2026-10-02T12:24:00-04:00	8.7700	8.8437	796
2026-10-02T12:25:00-04:00	8.7700	8.8436	1907
2026-10-02T12:26:00-04:00	8.7600	8.8435	358
2026-10-02T12:27:00-04:00	8.7600	8.8434	1173
2026-10-02T12:28:00-04:00	8.7700	8.8433	1466
2026-10-02T12:29:00-04:00	8.7550	8.8430	2725
2026-10-02T12:30:00-04:00	8.7600	8.8428	2406
2026-10-02T12:31:00-04:00	8.7600	8.8427	377
2026-10-02T12:32:00-04:00	8.7450	8.8426	1335
2026-10-02T12:33:00-04:00	8.7550	8.8424	1418
2026-10-02T12:36:00-04:00	8.7800	8.8420	4233
2026-10-02T12:37:00-04:00	8.7750	8.8418	2491
2026-10-02T12:38:00-04:00	8.8300	8.8416	6728
2026-10-02T12:39:00-04:00	8.8300	8.8416	729
2026-10-02T12:40:00-04:00	8.8100	8.8416	1463
2026-10-02T12:41:00-04:00	8.7900	8.8415	830
2026-10-02T12:42:00-04:00	8.7700	8.8413	2330
2026-10-02T12:43:00-04:00	8.7700	8.8413	316
2026-10-02T12:44:00-04:00	8.7800	8.8413	339
2026-10-02T12:45:00-04:00	8.8000	8.8409	7500
2026-10-02T12:46:00-04:00	8.8200	8.8409	1577
2026-10-02T12:47:00-04:00	8.8200	8.8408	788
2026-10-02T12:48:00-04:00	8.8350	8.8408	1598
2026-10-02T12:49:00-04:00	8.8100	8.8408	545
2026-10-02T12:52:00-04:00	8.8400	8.8408	708
2026-10-02T12:53:00-04:00	8.8400	8.8408	2261
2026-10-02T12:54:00-04:00	8.8550	8.8408	1122
2026-10-02T12:55:00-04:00	8.8400	8.8408	4290
2026-10-02T12:56:00-04:00	8.8600	8.8409	3695
2026-10-02T12:57:00-04:00	8.8600	8.8409	1705
2026-10-02T12:58:00-04:00	8.8500	8.8410	3867
2026-10-02T12:59:00-04:00	8.8450	8.8410	831
2026-10-02T13:00:00-04:00	8.8500	8.8410	794
2026-10-02T13:01:00-04:00	8.8700	8.8410	571
2026-10-02T13:02:00-04:00	8.8600	8.8410	974
2026-10-02T13:03:00-04:00	8.8600	8.8410	1163
2026-10-02T13:05:00-04:00	8.8500	8.8410	162
2026-10-02T13:06:00-04:00	8.8450	8.8411	1995
2026-10-02T13:07:00-04:00	8.8150	8.8410	3354
2026-10-02T13:08:00-04:00	8.8350	8.8409	3061
2026-10-02T13:09:00-04:00	8.8200	8.8409	521
2026-10-02T13:10:00-04:00	8.9200	8.8424	27259
2026-10-02T13:11:00-04:00	8.9200	8.8429	4886
2026-10-02T13:12:00-04:00	8.9250	8.8433	5249
2026-10-02T13:13:00-04:00	8.9100	8.8435	1713
2026-10-02T13:14:00-04:00	8.9050	8.8436	1238
2026-10-02T13:15:00-04:00	8.8950	8.8441	8303
2026-10-02T13:16:00-04:00	8.9700	8.8452	10262
2026-10-02T13:17:00-04:00	9.0000	8.8460	5098
2026-10-02T13:18:00-04:00	8.9800	8.8469	6465
2026-10-02T13:19:00-04:00	8.9800	8.8471	1402
2026-10-02T13:20:00-04:00	8.9800	8.8475	2987
2026-10-02T13:21:00-04:00	8.9600	8.8478	2125
2026-10-02T13:22:00-04:00	8.9700	8.8480	1583
2026-10-02T13:23:00-04:00	8.9500	8.8482	1919
2026-10-02T13:24:00-04:00	8.9500	8.8483	835
2026-10-02T13:25:00-04:00	8.9700	8.8487	3334
2026-10-02T13:26:00-04:00	8.9700	8.8490	3065
2026-10-02T13:27:00-04:00	8.9900	8.8493	1589
2026-10-02T13:28:00-04:00	8.9950	8.8500	5387
2026-10-02T13:29:00-04:00	8.9950	8.8505	2823
2026-10-02T13:30:00-04:00	8.9850	8.8510	4113
2026-10-02T13:31:00-04:00	9.0400	8.8521	6153
2026-10-02T13:32:00-04:00	9.0350	8.8524	1986
2026-10-02T13:33:00-04:00	9.0500	8.8532	3743
2026-10-02T13:34:00-04:00	9.0333	8.8537	3034
2026-10-02T13:35:00-04:00	9.0250	8.8543	3391
2026-10-02T13:36:00-04:00	9.0200	8.8545	1336
2026-10-02T13:37:00-04:00	8.9600	8.8549	3279
2026-10-02T13:38:00-04:00	8.9500	8.8550	821
2026-10-02T13:39:00-04:00	8.9500	8.8551	1134
2026-10-02T13:40:00-04:00	8.9400	8.8553	2034
2026-10-02T13:41:00-04:00	8.9700	8.8557	4400
2026-10-02T13:42:00-04:00	8.9600	8.8561	3281
2026-10-02T13:43:00-04:00	8.9700	8.8564	2516
2026-10-02T13:44:00-04:00	8.9700	8.8564	279
2026-10-02T13:45:00-04:00	8.9800	8.8575	9700
2026-10-02T13:46:00-04:00	8.9800	8.8576	729
2026-10-02T13:47:00-04:00	8.9850	8.8577	989
2026-10-02T13:48:00-04:00	8.9750	8.8581	2626
2026-10-02T13:49:00-04:00	8.9750	8.8582	1638
2026-10-02T13:50:00-04:00	8.9750	8.8588	5007
2026-10-02T13:51:00-04:00	9.0000	8.8594	5111
2026-10-02T13:52:00-04:00	9.0400	8.8600	3647
2026-10-02T13:53:00-04:00	9.0300	8.8601	761
2026-10-02T13:54:00-04:00	9.0200	8.8605	2489
2026-10-02T13:55:00-04:00	9.0050	8.8607	1287
2026-10-02T13:56:00-04:00	9.0000	8.8609	1126
2026-10-02T13:57:00-04:00	9.0050	8.8611	1851
2026-10-02T13:58:00-04:00	9.0200	8.8613	1666
2026-10-02T13:59:00-04:00	9.0350	8.8616	1878
2026-10-02T14:00:00-04:00	9.0250	8.8620	2591
2026-10-02T14:01:00-04:00	9.0050	8.8624	2860
2026-10-02T14:02:00-04:00	9.0200	8.8628	2215
2026-10-02T14:03:00-04:00	9.0200	8.8629	1053
2026-10-02T14:04:00-04:00	9.0400	8.8632	2044
2026-10-02T14:05:00-04:00	9.0450	8.8634	1032
2026-10-02T14:06:00-04:00	9.0400	8.8642	4695
2026-10-02T14:07:00-04:00	9.0250	8.8645	2254
2026-10-02T14:08:00-04:00	9.0150	8.8650	3311
2026-10-02T14:09:00-04:00	9.0250	8.9414	1037712
2026-10-02T14:10:00-04:00	9.0400	8.9416	3443
2026-10-02T14:11:00-04:00	9.0100	8.9416	1615
2026-10-02T14:12:00-04:00	9.0200	8.9416	958
2026-10-02T14:13:00-04:00	9.0100	8.9417	703
2026-10-02T14:14:00-04:00	9.0200	8.9417	968
2026-10-02T14:15:00-04:00	9.0300	8.9421	10284
2026-10-02T14:16:00-04:00	9.0250	8.9421	1745
2026-10-02T14:17:00-04:00	9.0000	8.9422	1986
2026-10-02T14:18:00-04:00	8.9950	8.9422	1677
2026-10-02T14:19:00-04:00	8.9750	8.9423	2264
2026-10-02T14:20:00-04:00	8.9700	8.9423	2696
2026-10-02T14:21:00-04:00	8.9600	8.9423	938
2026-10-02T14:22:00-04:00	8.9450	8.9423	2331
2026-10-02T14:23:00-04:00	8.9300	8.9423	3002
2026-10-02T14:24:00-04:00	8.9350	8.9423	621
2026-10-02T14:25:00-04:00	8.9350	8.9423	1087
2026-10-02T14:26:00-04:00	8.9300	8.9423	2406
2026-10-02T14:27:00-04:00	8.9200	8.9422	6312
2026-10-02T14:28:00-04:00	8.9300	8.9422	2018
2026-10-02T14:29:00-04:00	8.9300	8.9422	703
2026-10-02T14:30:00-04:00	8.9300	8.9422	754
2026-10-02T14:31:00-04:00	8.9300	8.9422	1391
2026-10-02T14:32:00-04:00	8.9400	8.9422	2271
2026-10-02T14:33:00-04:00	8.9400	8.9422	1812
2026-10-02T14:35:00-04:00	8.9700	8.9422	2972
2026-10-02T14:36:00-04:00	8.9808	8.9423	1999
2026-10-02T14:37:00-04:00	8.9900	8.9423	1934
2026-10-02T14:38:00-04:00	8.9800	8.9423	2626
2026-10-02T14:39:00-04:00	8.9850	8.9424	1198
2026-10-02T14:40:00-04:00	8.9900	8.9424	2421
2026-10-02T14:41:00-04:00	8.9800	8.9425	2053
2026-10-02T14:42:00-04:00	9.0100	8.9425	2132
2026-10-02T14:43:00-04:00	9.0050	8.9426	3700
2026-10-02T14:44:00-04:00	9.0100	8.9427	1227
2026-10-02T14:45:00-04:00	9.0200	8.9429	8461
2026-10-02T14:46:00-04:00	9.0000	8.9430	2147
2026-10-02T14:47:00-04:00	8.9900	8.9430	1501
2026-10-02T14:48:00-04:00	8.9950	8.9431	1130
2026-10-02T14:49:00-04:00	8.9950	8.9431	2748
2026-10-02T14:50:00-04:00	8.9900	8.9432	1993
2026-10-02T14:51:00-04:00	9.0000	8.9432	1282
2026-10-02T14:52:00-04:00	9.0200	8.9432	1501
2026-10-02T14:53:00-04:00	9.0150	8.9433	1347
2026-10-02T14:54:00-04:00	9.0200	8.9433	1071
2026-10-02T14:55:00-04:00	9.0150	8.9433	937
2026-10-02T14:56:00-04:00	9.0300	8.9435	3221
2026-10-02T14:57:00-04:00	9.0200	8.9435	1918
2026-10-02T14:58:00-04:00	9.0200	8.9436	1738
2026-10-02T14:59:00-04:00	9.0050	8.9437	2421
2026-10-02T15:00:00-04:00	9.0250	8.9438	2855
2026-10-02T15:01:00-04:00	9.0200	8.9439	2693
2026-10-02T15:02:00-04:00	9.0200	8.9439	2321
2026-10-02T15:03:00-04:00	9.0300	8.9441	5615
2026-10-02T15:04:00-04:00	9.0300	8.9442	1080
2026-10-02T15:05:00-04:00	9.0300	8.9442	1154
2026-10-02T15:06:00-04:00	9.0250	8.9443	1208
2026-10-02T15:07:00-04:00	9.0100	8.9444	3621
2026-10-02T15:09:00-04:00	8.9900	8.9445	4630
2026-10-02T15:10:00-04:00	9.0050	8.9445	1098
2026-10-02T15:11:00-04:00	9.0150	8.9446	3817
2026-10-02T15:12:00-04:00	9.0108	8.9447	769
2026-10-02T15:13:00-04:00	9.0150	8.9447	1014
2026-10-02T15:14:00-04:00	9.0250	8.9448	1723
2026-10-02T15:15:00-04:00	9.0250	8.9451	9807
2026-10-02T15:16:00-04:00	9.0350	8.9453	4736
2026-10-02T15:17:00-04:00	9.0400	8.9454	1841
2026-10-02T15:18:00-04:00	9.0300	8.9459	14625
2026-10-02T15:19:00-04:00	9.0350	8.9460	1152
2026-10-02T15:20:00-04:00	9.0350	8.9460	1509
2026-10-02T15:21:00-04:00	9.0250	8.9461	3148
2026-10-02T15:22:00-04:00	9.0250	8.9462	1173
2026-10-02T15:23:00-04:00	9.0250	8.9463	4452
2026-10-02T15:24:00-04:00	9.0350	8.9465	4196
2026-10-02T15:25:00-04:00	9.0350	8.9466	4274
2026-10-02T15:26:00-04:00	9.0250	8.9468	4505
2026-10-02T15:27:00-04:00	9.0150	8.9471	8902
2026-10-02T15:28:00-04:00	9.0150	8.9472	3301
2026-10-02T15:29:00-04:00	9.0100	8.9474	7843
2026-10-02T15:30:00-04:00	9.0200	8.9476	6452
2026-10-02T15:31:00-04:00	9.0350	8.9477	3711
2026-10-02T15:32:00-04:00	9.0250	8.9479	6447
2026-10-02T15:33:00-04:00	9.0150	8.9480	2212
2026-10-02T15:34:00-04:00	9.0150	8.9480	2532
2026-10-02T15:35:00-04:00	9.0150	8.9481	3356
2026-10-02T15:36:00-04:00	8.9950	8.9483	6879
2026-10-02T15:37:00-04:00	9.0050	8.9484	7472
2026-10-02T15:38:00-04:00	9.0050	8.9486	5793
2026-10-02T15:39:00-04:00	9.0050	8.9486	2833
2026-10-02T15:40:00-04:00	8.9850	8.9488	6899
2026-10-02T15:41:00-04:00	8.9850	8.9489	6677
2026-10-02T15:42:00-04:00	8.9550	8.9489	8827
2026-10-02T15:43:00-04:00	8.9650	8.9490	5260
2026-10-02T15:44:00-04:00	8.9650	8.9490	9864
2026-10-02T15:45:00-04:00	8.9850	8.9491	8796
2026-10-02T15:46:00-04:00	8.9850	8.9492	3363
2026-10-02T15:47:00-04:00	8.9800	8.9492	5053
2026-10-02T15:48:00-04:00	8.9850	8.9493	7376
2026-10-02T15:49:00-04:00	8.9900	8.9495	10692
2026-10-02T15:50:00-04:00	8.9500	8.9496	11002
2026-10-02T15:51:00-04:00	8.9600	8.9496	6886
2026-10-02T15:52:00-04:00	8.9550	8.9496	4139
2026-10-02T15:53:00-04:00	8.9300	8.9496	7576
2026-10-02T15:54:00-04:00	8.9400	8.9495	13915
2026-10-02T15:55:00-04:00	8.9400	8.9495	9787
2026-10-02T15:56:00-04:00	8.9400	8.9494	11030
2026-10-02T15:57:00-04:00	8.9450	8.9493	18349
2026-10-02T15:58:00-04:00	8.9250	8.9491	36643
2026-10-02T15:59:00-04:00	8.9750	8.9494	69021
2026-10-05T09:30:00-04:00	8.5850	8.6467	38011
2026-10-05T09:31:00-04:00	8.5600	8.6235	16469
2026-10-05T09:32:00-04:00	8.5850	8.6144	20629
2026-10-05T09:33:00-04:00	8.5750	8.6110	12248
2026-10-05T09:34:00-04:00	8.5250	8.6040	8923
2026-10-05T09:35:00-04:00	8.5350	8.5955	12066
2026-10-05T09:36:00-04:00	8.5400	8.5916	12245
2026-10-05T09:37:00-04:00	8.5350	8.5908	1974
2026-10-05T09:38:00-04:00	8.5900	8.5900	6940
2026-10-05T09:39:00-04:00	8.5800	8.5899	1926
2026-10-05T09:40:00-04:00	8.5500	8.5894	1918
2026-10-05T09:41:00-04:00	8.5100	8.5866	4990
2026-10-05T09:42:00-04:00	8.5100	8.5838	5492
2026-10-05T09:43:00-04:00	8.5350	8.5820	6077
2026-10-05T09:44:00-04:00	8.5400	8.5789	8711
2026-10-05T09:45:00-04:00	8.5700	8.5787	2320
2026-10-05T09:46:00-04:00	8.5600	8.5782	3195
2026-10-05T09:47:00-04:00	8.5350	8.5750	19013
2026-10-05T09:48:00-04:00	8.4900	8.5711	10708
2026-10-05T09:49:00-04:00	8.4500	8.5668	7728
2026-10-05T09:50:00-04:00	8.4700	8.5630	8348
2026-10-05T09:51:00-04:00	8.4397	8.5501	32270
2026-10-05T09:52:00-04:00	8.4500	8.5485	3935
2026-10-05T09:53:00-04:00	8.4400	8.5461	6322
2026-10-05T09:54:00-04:00	8.4400	8.5438	5129
2026-10-05T09:55:00-04:00	8.4600	8.5370	19544
2026-10-05T09:56:00-04:00	8.4800	8.5366	1724
2026-10-05T09:58:00-04:00	8.4668	8.5360	2301
2026-10-05T09:59:00-04:00	8.4791	8.5354	3524
2026-10-05T10:00:00-04:00	8.4800	8.5342	5682
2026-10-05T10:01:00-04:00	8.4850	8.5336	3041
2026-10-05T10:02:00-04:00	8.5250	8.5335	1633
2026-10-05T10:03:00-04:00	8.5400	8.5335	804
2026-10-05T10:04:00-04:00	8.4900	8.5333	3131
2026-10-05T10:05:00-04:00	8.4900	8.5326	5826
2026-10-05T10:06:00-04:00	8.5100	8.5324	1409
2026-10-05T10:07:00-04:00	8.4700	8.5318	3901
2026-10-05T10:08:00-04:00	8.3900	8.5259	15306
2026-10-05T10:09:00-04:00	8.3450	8.5197	12081
2026-10-05T10:10:00-04:00	8.3600	8.5179	4306
2026-10-05T10:11:00-04:00	8.3500	8.5162	3416
2026-10-05T10:12:00-04:00	8.3300	8.5134	5694
2026-10-05T10:13:00-04:00	8.3500	8.5120	2912
2026-10-05T10:14:00-04:00	8.3450	8.5070	12299
2026-10-05T10:15:00-04:00	8.3350	8.5057	2716
2026-10-05T10:16:00-04:00	8.3500	8.5009	11257
2026-10-05T10:17:00-04:00	8.3600	8.4995	3704
2026-10-05T10:18:00-04:00	8.3700	8.4993	818
2026-10-05T10:19:00-04:00	8.3750	8.4989	1005
2026-10-05T10:20:00-04:00	8.3600	8.4983	1863
2026-10-05T10:21:00-04:00	8.3600	8.4977	1542
2026-10-05T10:22:00-04:00	8.3531	8.4963	3981
2026-10-05T10:23:00-04:00	8.3300	8.4940	5643
2026-10-05T10:24:00-04:00	8.3300	8.4928	2809
2026-10-05T10:25:00-04:00	8.3000	8.4876	11576
2026-10-05T10:26:00-04:00	8.2900	8.4849	6021
2026-10-05T10:27:00-04:00	8.3100	8.4725	29678
2026-10-05T10:28:00-04:00	8.3100	8.4675	14730
2026-10-05T10:29:00-04:00	8.2800	8.4645	7762
2026-10-05T10:30:00-04:00	8.2600	8.4567	17954
2026-10-05T10:31:00-04:00	8.1900	8.4468	20741
2026-10-05T10:32:00-04:00	8.2100	8.4432	7797
2026-10-05T10:33:00-04:00	8.1900	8.4388	9340
2026-10-05T10:34:00-04:00	8.1665	8.4354	6903
2026-10-05T10:35:00-04:00	8.1800	8.4306	10067
2026-10-05T10:36:00-04:00	8.1700	8.4293	2748
2026-10-05T10:37:00-04:00	8.1900	8.4225	15420
2026-10-05T10:38:00-04:00	8.2200	8.4200	6938
2026-10-05T10:39:00-04:00	8.2250	8.4196	1235
2026-10-05T10:40:00-04:00	8.2200	8.4170	7298
2026-10-05T10:41:00-04:00	8.2121	8.4132	11417
2026-10-05T10:42:00-04:00	8.2100	8.4122	2781
2026-10-05T10:43:00-04:00	8.2100	8.4111	3339
2026-10-05T10:44:00-04:00	8.2100	8.4105	1613
2026-10-05T10:45:00-04:00	8.1900	8.4039	19161
2026-10-05T10:46:00-04:00	8.2100	8.4014	7759
2026-10-05T10:47:00-04:00	8.2300	8.4000	4727
2026-10-05T10:48:00-04:00	8.2219	8.3989	4232
2026-10-05T10:49:00-04:00	8.1800	8.3974	4679
2026-10-05T10:50:00-04:00	8.1800	8.3962	3540
2026-10-05T10:51:00-04:00	8.1700	8.3949	3793
2026-10-05T10:52:00-04:00	8.1550	8.3938	3004
2026-10-05T10:53:00-04:00	8.1700	8.3907	9007
2026-10-05T10:54:00-04:00	8.1550	8.3903	1073
2026-10-05T10:55:00-04:00	8.1414	8.3865	10458
2026-10-05T10:56:00-04:00	8.1650	8.3842	6890
2026-10-05T10:57:00-04:00	8.1650	8.3814	8734
2026-10-05T10:58:00-04:00	8.1600	8.3800	4662
2026-10-05T10:59:00-04:00	8.1600	8.3796	1233
2026-10-05T11:00:00-04:00	8.1850	8.3782	4804
2026-10-05T11:01:00-04:00	8.1600	8.3772	3445
2026-10-05T11:02:00-04:00	8.1450	8.3751	6341
2026-10-05T11:03:00-04:00	8.1365	8.3739	3726
2026-10-05T11:04:00-04:00	8.1100	8.3698	11298
2026-10-05T11:05:00-04:00	8.1100	8.3677	5823
2026-10-05T11:06:00-04:00	8.0950	8.3662	4031
2026-10-05T11:07:00-04:00	8.1250	8.3605	16953
2026-10-05T11:08:00-04:00	8.1000	8.3563	12707
2026-10-05T11:09:00-04:00	8.1100	8.3554	2549
2026-10-05T11:10:00-04:00	8.0950	8.3532	6629
2026-10-05T11:11:00-04:00	8.0850	8.3522	2830
2026-10-05T11:12:00-04:00	8.0950	8.3509	4097
2026-10-05T11:13:00-04:00	8.0900	8.3498	3089
2026-10-05T11:14:00-04:00	8.0850	8.3496	600
2026-10-05T11:15:00-04:00	8.0850	8.3469	8059
2026-10-05T11:16:00-04:00	8.0810	8.3468	302
2026-10-05T11:17:00-04:00	8.0900	8.3454	4235
2026-10-05T11:18:00-04:00	8.0850	8.3451	951
2026-10-05T11:19:00-04:00	8.0850	8.3415	10936
2026-10-05T11:20:00-04:00	8.0850	8.3414	404
2026-10-05T11:21:00-04:00	8.0800	8.2122	804453
2026-10-05T11:22:00-04:00	8.0850	8.2112	12107
2026-10-05T11:23:00-04:00	8.0650	8.2105	7280
2026-10-05T11:24:00-04:00	8.1200	8.2098	11189
2026-10-05T11:25:00-04:00	8.1150	8.2097	1333
2026-10-05T11:26:00-04:00	8.1050	8.2093	6667
2026-10-05T11:27:00-04:00	8.1100	8.2089	7134
2026-10-05T11:28:00-04:00	8.1150	8.2088	215
2026-10-05T11:29:00-04:00	8.0900	8.2073	22635
2026-10-05T11:30:00-04:00	8.0950	8.2073	357
2026-10-05T11:31:00-04:00	8.1400	8.2067	12527
2026-10-05T11:32:00-04:00	8.1450	8.2066	2317
2026-10-05T11:33:00-04:00	8.1450	8.2066	763
2026-10-05T11:34:00-04:00	8.1350	8.2062	8200
2026-10-05T11:35:00-04:00	8.1400	8.2062	1019
2026-10-05T11:36:00-04:00	8.1550	8.2062	605
2026-10-05T11:37:00-04:00	8.1400	8.2061	2126
2026-10-05T11:39:00-04:00	8.1400	8.2060	1549
2026-10-05T11:40:00-04:00	8.1350	8.2060	801
2026-10-05T11:41:00-04:00	8.1450	8.2058	5074
2026-10-05T11:42:00-04:00	8.1600	8.2057	4735
2026-10-05T11:43:00-04:00	8.1600	8.2056	509
2026-10-05T11:44:00-04:00	8.1450	8.2056	855
2026-10-05T11:45:00-04:00	8.1250	8.2055	1818
2026-10-05T11:46:00-04:00	8.1350	8.2053	5743
2026-10-05T11:47:00-04:00	8.1350	8.2053	743
2026-10-05T11:48:00-04:00	8.1350	8.2051	3999
2026-10-05T11:49:00-04:00	8.1350	8.2051	1037
2026-10-05T11:50:00-04:00	8.1350	8.2050	509
2026-10-05T11:51:00-04:00	8.1700	8.2048	10247
2026-10-05T11:52:00-04:00	8.1850	8.2047	3638
2026-10-05T11:53:00-04:00	8.1850	8.2047	1178
2026-10-05T11:54:00-04:00	8.1950	8.2047	3521
2026-10-05T11:55:00-04:00	8.1910	8.2047	498
2026-10-05T11:56:00-04:00	8.1850	8.2047	2317
2026-10-05T11:57:00-04:00	8.1850	8.2047	174
2026-10-05T11:58:00-04:00	8.1700	8.2046	5463
2026-10-05T11:59:00-04:00	8.1700	8.2045	2873
2026-10-05T12:00:00-04:00	8.1550	8.2044	2627
2026-10-05T12:01:00-04:00	8.1550	8.2044	230
2026-10-05T12:02:00-04:00	8.1550	8.2044	420
2026-10-05T12:03:00-04:00	8.1550	8.2044	625
2026-10-05T12:04:00-04:00	8.1550	8.2044	573
2026-10-05T12:05:00-04:00	8.1550	8.2044	467
2026-10-05T12:06:00-04:00	8.1550	8.2044	220
2026-10-05T12:07:00-04:00	8.1450	8.2043	1753
2026-10-05T12:08:00-04:00	8.1468	8.2043	1200
2026-10-05T12:09:00-04:00	8.1491	8.2042	408
2026-10-05T12:10:00-04:00	8.1410	8.2042	658
2026-10-05T12:11:00-04:00	8.1400	8.2041	2918
2026-10-05T12:12:00-04:00	8.1101	8.2038	5562
2026-10-05T12:13:00-04:00	8.1101	8.2037	3384
2026-10-05T12:14:00-04:00	8.1103	8.2037	285
2026-10-05T12:15:00-04:00	8.1150	8.2037	117
2026-10-05T12:16:00-04:00	8.1106	8.2036	1479
2026-10-05T12:17:00-04:00	8.1150	8.2036	132
2026-10-05T12:18:00-04:00	8.1350	8.2015	53340
2026-10-05T12:19:00-04:00	8.1400	8.2015	640
2026-10-05T12:21:00-04:00	8.1501	8.2013	4778
2026-10-05T12:22:00-04:00	8.1500	8.2012	3510
2026-10-05T12:23:00-04:00	8.1600	8.2012	683
2026-10-05T12:24:00-04:00	8.1700	8.2012	2328
2026-10-05T12:25:00-04:00	8.2000	8.2011	9320
2026-10-05T12:26:00-04:00	8.1950	8.2011	853
2026-10-05T12:27:00-04:00	8.1850	8.2011	3249
2026-10-05T12:29:00-04:00	8.1850	8.2011	1103
2026-10-05T12:30:00-04:00	8.1950	8.2011	3224
2026-10-05T12:31:00-04:00	8.1950	8.2011	258
2026-10-05T12:32:00-04:00	8.1900	8.2010	4129
2026-10-05T12:33:00-04:00	8.1850	8.2010	1377
2026-10-05T12:34:00-04:00	8.1793	8.2010	1722
2026-10-05T12:35:00-04:00	8.1550	8.2010	2324
2026-10-05T12:36:00-04:00	8.1501	8.2008	6809
2026-10-05T12:37:00-04:00	8.1450	8.2007	826
2026-10-05T12:38:00-04:00	8.1400	8.2006	4811
2026-10-05T12:39:00-04:00	8.1401	8.2006	307
2026-10-05T12:40:00-04:00	8.1350	8.2005	2120
2026-10-05T12:42:00-04:00	8.1250	8.2004	2203
2026-10-05T12:43:00-04:00	8.1200	8.2004	275
2026-10-05T12:44:00-04:00	8.1250	8.2004	1242
2026-10-05T12:45:00-04:00	8.1750	8.2001	11290
2026-10-05T12:46:00-04:00	8.1916	8.2001	3080
2026-10-05T12:47:00-04:00	8.1900	8.2001	2029
2026-10-05T12:48:00-04:00	8.1600	8.1999	10355
2026-10-05T12:49:00-04:00	8.1501	8.1999	757
2026-10-05T12:50:00-04:00	8.1600	8.1998	3940
2026-10-05T12:51:00-04:00	8.1692	8.1998	1173
2026-10-05T12:52:00-04:00	8.2100	8.1998	14184
2026-10-05T12:53:00-04:00	8.2100	8.1998	990
2026-10-05T12:54:00-04:00	8.2050	8.1998	11430
2026-10-05T12:55:00-04:00	8.2399	8.2001	23565
2026-10-05T12:56:00-04:00	8.2201	8.2002	10121
2026-10-05T12:57:00-04:00	8.2250	8.2003	9792
2026-10-05T12:58:00-04:00	8.2250	8.2003	1294
2026-10-05T12:59:00-04:00	8.2200	8.2004	7811
2026-10-05T13:00:00-04:00	8.2050	8.2004	3572
2026-10-05T13:01:00-04:00	8.2250	8.2005	7671
2026-10-05T13:02:00-04:00	8.2100	8.2005	2943
2026-10-05T13:03:00-04:00	8.1900	8.2005	10125
2026-10-05T13:04:00-04:00	8.1650	8.2003	12022
2026-10-05T13:05:00-04:00	8.1350	8.2001	6320
2026-10-05T13:06:00-04:00	8.1350	8.1999	6939
2026-10-05T13:07:00-04:00	8.1390	8.1999	1367
2026-10-05T13:08:00-04:00	8.1350	8.1999	105
2026-10-05T13:09:00-04:00	8.1300	8.1998	3710
2026-10-05T13:10:00-04:00	8.1400	8.1995	7578
2026-10-05T13:11:00-04:00	8.1599	8.1994	6229
2026-10-05T13:12:00-04:00	8.1650	8.1994	1572
2026-10-05T13:13:00-04:00	8.1450	8.1993	3298
2026-10-05T13:14:00-04:00	8.1485	8.1993	299
2026-10-05T13:15:00-04:00	8.1300	8.1990	8091
2026-10-05T13:16:00-04:00	8.1300	8.1987	8657
2026-10-05T13:17:00-04:00	8.1300	8.1987	1753
2026-10-05T13:18:00-04:00	8.1201	8.1986	1549
2026-10-05T13:19:00-04:00	8.1400	8.1985	3497
2026-10-05T13:20:00-04:00	8.1400	8.1985	769
2026-10-05T13:21:00-04:00	8.1300	8.1985	1167
2026-10-05T13:22:00-04:00	8.1300	8.1984	1004
2026-10-05T13:23:00-04:00	8.1300	8.1984	1369
2026-10-05T13:24:00-04:00	8.1300	8.1983	2492
2026-10-05T13:25:00-04:00	8.1350	8.1982	3209
2026-10-05T13:26:00-04:00	8.1350	8.1982	430
2026-10-05T13:27:00-04:00	8.1350	8.1981	3455
2026-10-05T13:28:00-04:00	8.1301	8.1980	2168
2026-10-05T13:29:00-04:00	8.1400	8.1978	5876
2026-10-05T13:30:00-04:00	8.1500	8.1978	586
2026-10-05T13:31:00-04:00	8.1550	8.1978	1045
2026-10-05T13:32:00-04:00	8.1550	8.1978	354
2026-10-05T13:33:00-04:00	8.1600	8.1978	1638
2026-10-05T13:34:00-04:00	8.1386	8.1975	9951
2026-10-05T13:35:00-04:00	8.1250	8.1975	960
2026-10-05T13:36:00-04:00	8.1650	8.1970	22957
2026-10-05T13:37:00-04:00	8.1700	8.1970	2675
2026-10-05T13:38:00-04:00	8.1450	8.1968	9838
2026-10-05T13:39:00-04:00	8.1300	8.1963	16955
2026-10-05T13:40:00-04:00	8.1350	8.1963	1193
2026-10-05T13:41:00-04:00	8.1600	8.1960	14017
2026-10-05T13:42:00-04:00	8.1501	8.1958	8768
2026-10-05T13:43:00-04:00	8.1800	8.1958	2732
2026-10-05T13:44:00-04:00	8.1800	8.1958	1070
2026-10-05T13:45:00-04:00	8.1800	8.1958	729
2026-10-05T13:46:00-04:00	8.1950	8.1957	7795
2026-10-05T13:47:00-04:00	8.1950	8.1957	987
2026-10-05T13:48:00-04:00	8.1950	8.1957	1143
2026-10-05T13:49:00-04:00	8.1850	8.1957	4664
2026-10-05T13:50:00-04:00	8.1950	8.1957	2885
2026-10-05T13:51:00-04:00	8.1950	8.1957	336
2026-10-05T13:52:00-04:00	8.1950	8.1957	1224
2026-10-05T13:53:00-04:00	8.1900	8.1957	2218
2026-10-05T13:54:00-04:00	8.1850	8.1957	440
2026-10-05T13:55:00-04:00	8.1650	8.1957	2905
2026-10-05T13:56:00-04:00	8.1601	8.1957	1436
2026-10-05T13:58:00-04:00	8.1610	8.1957	306
2026-10-05T14:00:00-04:00	8.1650	8.1956	1414
2026-10-05T14:01:00-04:00	8.1550	8.1956	1482
2026-10-05T14:02:00-04:00	8.1800	8.1954	14774
2026-10-05T14:03:00-04:00	8.2050	8.1954	4698
2026-10-05T14:04:00-04:00	8.2000	8.1954	2196
2026-10-05T14:05:00-04:00	8.1800	8.1954	2690
2026-10-05T14:07:00-04:00	8.1700	8.1954	1617
2026-10-05T14:08:00-04:00	8.1550	8.1954	2430
2026-10-05T14:09:00-04:00	8.1900	8.1953	9036
2026-10-05T14:10:00-04:00	8.1850	8.1953	1690
2026-10-05T14:11:00-04:00	8.1791	8.1953	1401
2026-10-05T14:12:00-04:00	8.1650	8.1952	3593
2026-10-05T14:13:00-04:00	8.1650	8.1952	310
2026-10-05T14:14:00-04:00	8.1650	8.1952	639
2026-10-05T14:15:00-04:00	8.1650	8.1952	435
2026-10-05T14:16:00-04:00	8.1650	8.1952	343
2026-10-05T14:17:00-04:00	8.1600	8.1952	2831
2026-10-05T14:18:00-04:00	8.1550	8.1952	888
2026-10-05T14:19:00-04:00	8.1350	8.1951	4575
2026-10-05T14:22:00-04:00	8.1450	8.1949	6643
2026-10-05T14:23:00-04:00	8.1450	8.1949	1869
2026-10-05T14:24:00-04:00	8.1550	8.1948	5358
2026-10-05T14:26:00-04:00	8.1600	8.1947	767
2026-10-05T14:27:00-04:00	8.1500	8.1946	7960
2026-10-05T14:28:00-04:00	8.1550	8.1945	4124
2026-10-05T14:29:00-04:00	8.1550	8.1945	520
2026-10-05T14:31:00-04:00	8.1450	8.1945	1516
2026-10-05T14:32:00-04:00	8.1450	8.1945	910
2026-10-05T14:33:00-04:00	8.1350	8.1944	2354
2026-10-05T14:34:00-04:00	8.1350	8.1944	1082
2026-10-05T14:35:00-04:00	8.1300	8.1943	2753
2026-10-05T14:36:00-04:00	8.1250	8.1943	770
2026-10-05T14:37:00-04:00	8.1150	8.1940	7368
2026-10-05T14:38:00-04:00	8.1350	8.1936	18193
2026-10-05T14:39:00-04:00	8.1400	8.1935	863
2026-10-05T14:41:00-04:00	8.1317	8.1935	964
2026-10-05T14:42:00-04:00	8.1450	8.1934	4027
2026-10-05T14:43:00-04:00	8.1450	8.1934	1278
2026-10-05T14:44:00-04:00	8.1350	8.1934	1792
2026-10-05T14:45:00-04:00	8.1391	8.1933	654
2026-10-05T14:46:00-04:00	8.1250	8.1933	2335
2026-10-05T14:47:00-04:00	8.1300	8.1931	4659
2026-10-05T14:48:00-04:00	8.1316	8.1931	244
2026-10-05T14:49:00-04:00	8.1400	8.1930	4900
2026-10-05T14:51:00-04:00	8.1403	8.1930	834
2026-10-05T14:52:00-04:00	8.1424	8.1930	946
2026-10-05T14:53:00-04:00	8.1550	8.1929	6667
2026-10-05T14:54:00-04:00	8.1550	8.1929	529
2026-10-05T14:55:00-04:00	8.1650	8.1928	5075
2026-10-05T14:56:00-04:00	8.1550	8.1927	4320
2026-10-05T14:57:00-04:00	8.1550	8.1927	503
2026-10-05T14:58:00-04:00	8.1900	8.1927	5813
2026-10-05T14:59:00-04:00	8.1950	8.1927	1894
2026-10-05T15:00:00-04:00	8.1900	8.1927	3329
2026-10-05T15:01:00-04:00	8.1708	8.1927	1667
2026-10-05T15:02:00-04:00	8.1850	8.1927	1922
2026-10-05T15:03:00-04:00	8.1900	8.1927	3339
2026-10-05T15:04:00-04:00	8.1900	8.1927	1671
2026-10-05T15:05:00-04:00	8.1806	8.1927	1103
2026-10-05T15:06:00-04:00	8.1850	8.1927	1955
2026-10-05T15:07:00-04:00	8.1700	8.1926	6686
2026-10-05T15:09:00-04:00	8.1686	8.1926	578
2026-10-05T15:10:00-04:00	8.1615	8.1926	457
2026-10-05T15:11:00-04:00	8.1650	8.1925	5034
2026-10-05T15:12:00-04:00	8.1750	8.1925	8224
2026-10-05T15:13:00-04:00	8.2050	8.1926	20166
2026-10-05T15:14:00-04:00	8.2100	8.1926	1291
2026-10-05T15:16:00-04:00	8.2000	8.1926	6148
2026-10-05T15:17:00-04:00	8.1900	8.1926	2728
2026-10-05T15:19:00-04:00	8.1850	8.1926	4507
2026-10-05T15:20:00-04:00	8.1950	8.1926	6147
2026-10-05T15:21:00-04:00	8.1900	8.1926	2920
2026-10-05T15:22:00-04:00	8.1800	8.1926	4353
2026-10-05T15:23:00-04:00	8.1750	8.1925	1199
2026-10-05T15:24:00-04:00	8.1750	8.1925	602
2026-10-05T15:25:00-04:00	8.1900	8.1925	10037
2026-10-05T15:26:00-04:00	8.1950	8.1925	1036
2026-10-05T15:27:00-04:00	8.1850	8.1925	4445
2026-10-05T15:28:00-04:00	8.1700	8.1925	7660
2026-10-05T15:29:00-04:00	8.1750	8.1924	368
2026-10-05T15:30:00-04:00	8.1750	8.1924	738
2026-10-05T15:31:00-04:00	8.1650	8.1924	2377
2026-10-05T15:32:00-04:00	8.1903	8.1924	19464
2026-10-05T15:33:00-04:00	8.1950	8.1924	2638
2026-10-05T15:34:00-04:00	8.2250	8.1925	10675
2026-10-05T15:35:00-04:00	8.2400	8.1925	4713
2026-10-05T15:36:00-04:00	8.2450	8.1926	4247
2026-10-05T15:37:00-04:00	8.2400	8.1927	3450
2026-10-05T15:38:00-04:00	8.2450	8.1928	4580
2026-10-05T15:39:00-04:00	8.2450	8.1928	871
2026-10-05T15:40:00-04:00	8.2500	8.1929	3006
2026-10-05T15:41:00-04:00	8.2600	8.1932	16362
2026-10-05T15:42:00-04:00	8.2600	8.1935	10858
2026-10-05T15:43:00-04:00	8.2796	8.1937	6303
2026-10-05T15:44:00-04:00	8.2750	8.1938	2875
2026-10-05T15:45:00-04:00	8.2750	8.1939	4463
2026-10-05T15:46:00-04:00	8.2750	8.1941	5243
2026-10-05T15:47:00-04:00	8.2600	8.1944	9356
2026-10-05T15:48:00-04:00	8.2750	8.1950	21476
2026-10-05T15:49:00-04:00	8.2750	8.1952	6474
2026-10-05T15:50:00-04:00	8.2950	8.1956	11216
2026-10-05T15:51:00-04:00	8.2750	8.1959	10759
2026-10-05T15:52:00-04:00	8.2850	8.1964	16354
2026-10-05T15:53:00-04:00	8.3300	8.1975	23812
2026-10-05T15:54:00-04:00	8.3300	8.1985	19820
2026-10-05T15:55:00-04:00	8.3150	8.1994	23962
2026-10-05T15:56:00-04:00	8.3250	8.2019	55302
2026-10-05T15:57:00-04:00	8.3250	8.2027	18256
2026-10-05T15:58:00-04:00	8.3150	8.2043	39948
2026-10-05T15:59:00-04:00	8.3100	8.2065	59647
2026-10-06T09:30:00-04:00	8.3100	8.3217	37490
2026-10-06T09:31:00-04:00	8.4400	8.3446	16561
2026-10-06T09:32:00-04:00	8.4790	8.3465	881
2026-10-06T09:33:00-04:00	8.3503	8.3473	6817
2026-10-06T09:34:00-04:00	8.3900	8.3522	6629
2026-10-06T09:35:00-04:00	8.5000	8.3650	9218
2026-10-06T09:36:00-04:00	8.4650	8.3817	12770
2026-10-06T09:37:00-04:00	8.3850	8.3835	5566
2026-10-06T09:38:00-04:00	8.3500	8.3833	836
2026-10-06T09:39:00-04:00	8.3250	8.3803	5495
2026-10-06T09:40:00-04:00	8.2900	8.3783	2685
2026-10-06T09:41:00-04:00	8.3100	8.3770	1794
2026-10-06T09:42:00-04:00	8.2700	8.3749	2532
2026-10-06T09:43:00-04:00	8.2800	8.3699	6149
2026-10-06T09:44:00-04:00	8.2700	8.3656	5757
2026-10-06T09:45:00-04:00	8.3000	8.3637	3399
2026-10-06T09:46:00-04:00	8.3500	8.3635	1186
2026-10-06T09:47:00-04:00	8.3600	8.3635	1294
2026-10-06T09:48:00-04:00	8.3200	8.3630	2854
2026-10-06T09:49:00-04:00	8.3300	8.3624	2262
2026-10-06T09:50:00-04:00	8.3400	8.3619	3452
2026-10-06T09:51:00-04:00	8.3400	8.3614	2553
2026-10-06T09:52:00-04:00	8.3200	8.3607	2225
2026-10-06T09:53:00-04:00	8.3300	8.3603	1419
2026-10-06T09:54:00-04:00	8.3600	8.3602	2333
2026-10-06T09:55:00-04:00	8.3600	8.3602	723
2026-10-06T09:56:00-04:00	8.4100	8.3613	4154
2026-10-06T09:57:00-04:00	8.4150	8.3632	4901
2026-10-06T09:58:00-04:00	8.4050	8.3643	4246
2026-10-06T09:59:00-04:00	8.4200	8.3749	40105
2026-10-06T10:00:00-04:00	8.4100	8.3764	8318
2026-10-06T10:01:00-04:00	8.4700	8.3790	7370
2026-10-06T10:02:00-04:00	8.4500	8.3794	1131
2026-10-06T10:03:00-04:00	8.4400	8.3802	2690
2026-10-06T10:04:00-04:00	8.4100	8.3811	5472
2026-10-06T10:05:00-04:00	8.4200	8.3817	3833
2026-10-06T10:06:00-04:00	8.4000	8.3821	3575
2026-10-06T10:07:00-04:00	8.3950	8.3822	2475
2026-10-06T10:08:00-04:00	8.3892	8.3822	638
2026-10-06T10:09:00-04:00	8.3600	8.3821	1908
2026-10-06T10:10:00-04:00	8.3550	8.3821	216
2026-10-06T10:11:00-04:00	8.3401	8.3819	1019
2026-10-06T10:12:00-04:00	8.3600	8.3808	8722
2026-10-06T10:13:00-04:00	8.3613	8.3808	868
2026-10-06T10:14:00-04:00	8.3300	8.3805	1244
2026-10-06T10:15:00-04:00	8.3350	8.3800	3310
2026-10-06T10:16:00-04:00	8.3300	8.3794	3014
2026-10-06T10:17:00-04:00	8.3200	8.3788	3331
2026-10-06T10:18:00-04:00	8.3100	8.3785	1191
2026-10-06T10:19:00-04:00	8.3150	8.3773	4653
2026-10-06T10:20:00-04:00	8.3150	8.3771	1011
2026-10-06T10:21:00-04:00	8.3150	8.3764	2896
2026-10-06T10:22:00-04:00	8.2986	8.3743	8151
2026-10-06T10:23:00-04:00	8.2950	8.3739	1369
2026-10-06T10:24:00-04:00	8.3000	8.3725	4988
2026-10-06T10:25:00-04:00	8.3100	8.3720	2259
2026-10-06T10:26:00-04:00	8.3200	8.3719	555
2026-10-06T10:27:00-04:00	8.3199	8.3716	2039
2026-10-06T10:28:00-04:00	8.3100	8.3714	980
2026-10-06T10:29:00-04:00	8.3000	8.3705	3317
2026-10-06T10:30:00-04:00	8.2900	8.3693	4823
2026-10-06T10:31:00-04:00	8.2600	8.3677	4792
2026-10-06T10:32:00-04:00	8.2550	8.3669	2046
2026-10-06T10:33:00-04:00	8.2350	8.3663	1601
2026-10-06T10:34:00-04:00	8.2250	8.3646	3799
2026-10-06T10:35:00-04:00	8.2150	8.3640	1219
2026-10-06T10:36:00-04:00	8.2150	8.3635	1002
2026-10-06T10:37:00-04:00	8.2192	8.3631	746
2026-10-06T10:38:00-04:00	8.2114	8.3625	1322
2026-10-06T10:40:00-04:00	8.2116	8.3622	649
2026-10-06T10:41:00-04:00	8.2152	8.3618	807
2026-10-06T10:42:00-04:00	8.2150	8.3599	4048
2026-10-06T10:43:00-04:00	8.2050	8.3558	8830
2026-10-06T10:44:00-04:00	8.1950	8.2714	338573
2026-10-06T10:45:00-04:00	8.1800	8.2713	1171
2026-10-06T10:46:00-04:00	8.2000	8.2701	10690
2026-10-06T10:47:00-04:00	8.1800	8.2698	1936
2026-10-06T10:48:00-04:00	8.1750	8.2698	100
2026-10-06T10:49:00-04:00	8.1600	8.2695	1735
2026-10-06T10:50:00-04:00	8.1550	8.2693	1115
2026-10-06T10:51:00-04:00	8.1600	8.2685	5176
2026-10-06T10:52:00-04:00	8.1800	8.2677	5495
2026-10-06T10:53:00-04:00	8.1800	8.2676	823
2026-10-06T10:54:00-04:00	8.1700	8.2672	3439
2026-10-06T10:55:00-04:00	8.1750	8.2669	2380
2026-10-06T10:56:00-04:00	8.1750	8.2657	8684
2026-10-06T10:57:00-04:00	8.1750	8.2657	631
2026-10-06T10:58:00-04:00	8.1750	8.2656	326
2026-10-06T10:59:00-04:00	8.1550	8.2648	5346
2026-10-06T11:00:00-04:00	8.1550	8.2646	1214
2026-10-06T11:01:00-04:00	8.1450	8.2590	36167
2026-10-06T11:02:00-04:00	8.1450	8.2589	808
2026-10-06T11:03:00-04:00	8.1300	8.2537	33317
2026-10-06T11:04:00-04:00	8.1050	8.2515	12506
2026-10-06T11:05:00-04:00	8.1000	8.2506	4788
2026-10-06T11:06:00-04:00	8.1200	8.2474	18497
2026-10-06T11:07:00-04:00	8.1250	8.2474	250
2026-10-06T11:08:00-04:00	8.1300	8.2473	612
2026-10-06T11:09:00-04:00	8.1150	8.2463	5960
2026-10-06T11:10:00-04:00	8.1300	8.2455	5871
2026-10-06T11:11:00-04:00	8.1300	8.2452	2031
2026-10-06T11:12:00-04:00	8.1250	8.2451	598
2026-10-06T11:13:00-04:00	8.1209	8.2448	2529
2026-10-06T11:14:00-04:00	8.1300	8.2442	4349
2026-10-06T11:15:00-04:00	8.1378	8.2441	677
2026-10-06T11:16:00-04:00	8.1450	8.2431	8406
2026-10-06T11:17:00-04:00	8.1250	8.2426	3697
2026-10-06T11:18:00-04:00	8.1200	8.2424	1258
2026-10-06T11:19:00-04:00	8.1050	8.2422	1213
2026-10-06T11:20:00-04:00	8.1250	8.2410	8475
2026-10-06T11:21:00-04:00	8.1300	8.2409	1104
2026-10-06T11:22:00-04:00	8.1450	8.2402	5870
2026-10-06T11:23:00-04:00	8.1300	8.2399	2369
2026-10-06T11:24:00-04:00	8.1300	8.2396	2411
2026-10-06T11:25:00-04:00	8.1350	8.2396	324
2026-10-06T11:26:00-04:00	8.1400	8.2394	1622
2026-10-06T11:28:00-04:00	8.1400	8.2394	101
2026-10-06T11:29:00-04:00	8.1350	8.2392	1298
2026-10-06T11:30:00-04:00	8.1300	8.2388	3499
2026-10-06T11:31:00-04:00	8.1150	8.2383	3530
2026-10-06T11:32:00-04:00	8.1150	8.2376	5283
2026-10-06T11:33:00-04:00	8.1102	8.2373	2174
2026-10-06T11:34:00-04:00	8.1150	8.2371	1078
2026-10-06T11:35:00-04:00	8.1050	8.2368	2430
2026-10-06T11:36:00-04:00	8.1000	8.2364	2386
2026-10-06T11:37:00-04:00	8.0900	8.2353	6891
2026-10-06T11:38:00-04:00	8.0850	8.2342	6960
2026-10-06T11:39:00-04:00	8.0899	8.2341	730
2026-10-06T11:40:00-04:00	8.0950	8.2328	8201
2026-10-06T11:41:00-04:00	8.1000	8.2324	2856
2026-10-06T11:42:00-04:00	8.1050	8.2324	132
2026-10-06T11:43:00-04:00	8.1050	8.2318	4419
2026-10-06T11:44:00-04:00	8.1100	8.2312	4494
2026-10-06T11:45:00-04:00	8.1150	8.2311	541
2026-10-06T11:46:00-04:00	8.1200	8.2308	2825
2026-10-06T11:47:00-04:00	8.1250	8.2306	2259
2026-10-06T11:48:00-04:00	8.1300	8.2305	643
2026-10-06T11:49:00-04:00	8.1300	8.2303	1427
2026-10-06T11:50:00-04:00	8.1250	8.2302	797
2026-10-06T11:51:00-04:00	8.1285	8.2301	992
2026-10-06T11:52:00-04:00	8.1150	8.2296	4548
2026-10-06T11:53:00-04:00	8.1050	8.2293	2357
2026-10-06T11:54:00-04:00	8.1150	8.2282	9139
2026-10-06T11:55:00-04:00	8.1100	8.2280	1151
2026-10-06T11:56:00-04:00	8.1100	8.2279	1388
2026-10-06T11:57:00-04:00	8.1050	8.2278	166
2026-10-06T11:58:00-04:00	8.1050	8.2278	296
2026-10-06T11:59:00-04:00	8.1050	8.2276	1252
2026-10-06T12:00:00-04:00	8.1050	8.2272	3822
2026-10-06T12:01:00-04:00	8.1050	8.2270	1033
2026-10-06T12:02:00-04:00	8.1050	8.2269	798
2026-10-06T12:03:00-04:00	8.1050	8.2268	1227
2026-10-06T12:04:00-04:00	8.1050	8.2267	773
2026-10-06T12:05:00-04:00	8.1050	8.2266	345
2026-10-06T12:06:00-04:00	8.0992	8.2242	19623
2026-10-06T12:07:00-04:00	8.0801	8.2229	9031
2026-10-06T12:08:00-04:00	8.0750	8.2223	4418
2026-10-06T12:09:00-04:00	8.0550	8.2215	4632
2026-10-06T12:10:00-04:00	8.0950	8.2187	21202
2026-10-06T12:11:00-04:00	8.1050	8.2186	1267
2026-10-06T12:12:00-04:00	8.1200	8.2184	1704
2026-10-06T12:13:00-04:00	8.1401	8.2182	2585
2026-10-06T12:14:00-04:00	8.1450	8.2182	441
2026-10-06T12:15:00-04:00	8.1200	8.2179	3572
2026-10-06T12:16:00-04:00	8.1150	8.2178	287
2026-10-06T12:17:00-04:00	8.1150	8.2178	752
2026-10-06T12:18:00-04:00	8.0700	8.2155	18238
2026-10-06T12:19:00-04:00	8.0792	8.2148	5062
2026-10-06T12:20:00-04:00	8.0798	8.2148	307
2026-10-06T12:21:00-04:00	8.0650	8.2145	2355
2026-10-06T12:23:00-04:00	8.0550	8.2143	972
2026-10-06T12:24:00-04:00	8.0504	8.2139	2521
2026-10-06T12:25:00-04:00	8.0550	8.2117	15364
2026-10-06T12:26:00-04:00	8.0550	8.2115	1722
2026-10-06T12:27:00-04:00	8.0550	8.2110	3253
2026-10-06T12:28:00-04:00	8.0550	8.2110	378
2026-10-06T12:29:00-04:00	8.0550	8.2106	2537
2026-10-06T12:30:00-04:00	8.0591	8.2096	7223
2026-10-06T12:31:00-04:00	8.0650	8.2082	11100
2026-10-06T12:32:00-04:00	8.0671	8.2080	860
2026-10-06T12:33:00-04:00	8.0750	8.2073	5977
2026-10-06T12:34:00-04:00	8.0750	8.2072	573
2026-10-06T12:35:00-04:00	8.0750	8.2070	2103
2026-10-06T12:36:00-04:00	8.0850	8.2059	10300
2026-10-06T12:37:00-04:00	8.0750	8.2057	2091
2026-10-06T12:38:00-04:00	8.0750	8.2054	2274
2026-10-06T12:39:00-04:00	8.0750	8.2053	875
2026-10-06T12:40:00-04:00	8.0750	8.2053	200
2026-10-06T12:41:00-04:00	8.0701	8.2052	526
2026-10-06T12:42:00-04:00	8.0701	8.2052	304
2026-10-06T12:43:00-04:00	8.0750	8.2051	509
2026-10-06T12:44:00-04:00	8.1050	8.2039	13270
2026-10-06T12:45:00-04:00	8.1050	8.2032	7857
2026-10-06T12:46:00-04:00	8.1150	8.2028	5322
2026-10-06T12:47:00-04:00	8.1400	8.2013	27857
2026-10-06T12:48:00-04:00	8.1200	8.2011	3822
2026-10-06T12:50:00-04:00	8.1100	8.2010	716
2026-10-06T12:52:00-04:00	8.1005	8.2008	2412
2026-10-06T12:53:00-04:00	8.1050	8.1604	877230
2026-10-06T12:54:00-04:00	8.0950	8.1604	1078
2026-10-06T12:55:00-04:00	8.0950	8.1604	213
2026-10-06T12:56:00-04:00	8.0950	8.1603	2247
2026-10-06T12:57:00-04:00	8.0950	8.1603	808
2026-10-06T12:58:00-04:00	8.0950	8.1603	1267
2026-10-06T13:00:00-04:00	8.0950	8.1603	512
2026-10-06T13:01:00-04:00	8.0950	8.1600	8458
2026-10-06T13:02:00-04:00	8.0950	8.1600	696
2026-10-06T13:03:00-04:00	8.0950	8.1599	2525
2026-10-06T13:04:00-04:00	8.0950	8.1598	2309
2026-10-06T13:05:00-04:00	8.1000	8.1596	7469
2026-10-06T13:06:00-04:00	8.1050	8.1596	772
2026-10-06T13:07:00-04:00	8.1050	8.1594	6539
2026-10-06T13:08:00-04:00	8.1150	8.1593	5724
2026-10-06T13:09:00-04:00	8.1150	8.1593	766
2026-10-06T13:10:00-04:00	8.1197	8.1592	1401
2026-10-06T13:11:00-04:00	8.1000	8.1591	4747
2026-10-06T13:12:00-04:00	8.0950	8.1589	7347
2026-10-06T13:13:00-04:00	8.0950	8.1589	1107
2026-10-06T13:15:00-04:00	8.0900	8.1588	3371
2026-10-06T13:16:00-04:00	8.0910	8.1587	918
2026-10-06T13:19:00-04:00	8.0850	8.1586	3037
2026-10-06T13:20:00-04:00	8.0750	8.1585	2510
2026-10-06T13:21:00-04:00	8.0900	8.1582	9466
2026-10-06T13:22:00-04:00	8.0850	8.1573	26195
2026-10-06T13:23:00-04:00	8.0850	8.1572	1404
2026-10-06T13:24:00-04:00	8.1050	8.1571	5588
2026-10-06T13:25:00-04:00	8.1050	8.1571	211
2026-10-06T13:26:00-04:00	8.1150	8.1570	4321
2026-10-06T13:27:00-04:00	8.1150	8.1570	291
2026-10-06T13:28:00-04:00	8.1250	8.1569	2028
2026-10-06T13:29:00-04:00	8.1214	8.1568	6724
2026-10-06T13:30:00-04:00	8.1150	8.1567	7128
2026-10-06T13:31:00-04:00	8.1250	8.1567	2720
2026-10-06T13:32:00-04:00	8.1215	8.1567	104
2026-10-06T13:33:00-04:00	8.1250	8.1566	1443
2026-10-06T13:34:00-04:00	8.1350	8.1566	4976
2026-10-06T13:36:00-04:00	8.1400	8.1566	873
2026-10-06T13:37:00-04:00	8.1500	8.1566	6218
2026-10-06T13:38:00-04:00	8.1385	8.1565	1811
2026-10-06T13:39:00-04:00	8.1400	8.1565	3971
2026-10-06T13:40:00-04:00	8.1300	8.1564	6188
2026-10-06T13:41:00-04:00	8.1350	8.1564	3681
2026-10-06T13:42:00-04:00	8.1350	8.1564	866
2026-10-06T13:44:00-04:00	8.1250	8.1564	3251
2026-10-06T13:45:00-04:00	8.1400	8.1563	10424
2026-10-06T13:46:00-04:00	8.1450	8.1563	508
2026-10-06T13:47:00-04:00	8.1494	8.1563	1918
2026-10-06T13:48:00-04:00	8.1450	8.1563	121
2026-10-06T13:49:00-04:00	8.1350	8.1562	4241
2026-10-06T13:50:00-04:00	8.1350	8.1562	432
2026-10-06T13:51:00-04:00	8.1350	8.1562	405
2026-10-06T13:52:00-04:00	8.1350	8.1562	942
2026-10-06T13:53:00-04:00	8.1350	8.1562	305
2026-10-06T13:54:00-04:00	8.1350	8.1562	1189
2026-10-06T13:55:00-04:00	8.1450	8.1561	12467
2026-10-06T13:56:00-04:00	8.1500	8.1561	3437
2026-10-06T13:58:00-04:00	8.1550	8.1561	825
2026-10-06T13:59:00-04:00	8.1550	8.1561	1138
2026-10-06T14:00:00-04:00	8.1585	8.1561	167
2026-10-06T14:01:00-04:00	8.1500	8.1561	3165
2026-10-06T14:02:00-04:00	8.1600	8.1561	13935
2026-10-06T14:03:00-04:00	8.1650	8.1561	3149
2026-10-06T14:05:00-04:00	8.1650	8.1561	2500
2026-10-06T14:06:00-04:00	8.1550	8.1561	3852
2026-10-06T14:07:00-04:00	8.1550	8.1561	522
2026-10-06T14:08:00-04:00	8.1450	8.1561	4233
2026-10-06T14:09:00-04:00	8.1550	8.1561	5492
2026-10-06T14:10:00-04:00	8.1500	8.1561	297
2026-10-06T14:11:00-04:00	8.1550	8.1557	1118368
2026-10-06T14:12:00-04:00	8.1550	8.1557	204
2026-10-06T14:13:00-04:00	8.1550	8.1557	7493
2026-10-06T14:15:00-04:00	8.1550	8.1557	655
2026-10-06T14:16:00-04:00	8.1594	8.1557	2218
2026-10-06T14:17:00-04:00	8.1400	8.1557	5700
2026-10-06T14:18:00-04:00	8.1350	8.1557	181
2026-10-06T14:19:00-04:00	8.1250	8.1557	1949
2026-10-06T14:21:00-04:00	8.1250	8.1557	830
2026-10-06T14:22:00-04:00	8.1191	8.1557	1434
2026-10-06T14:23:00-04:00	8.1150	8.1557	193
2026-10-06T14:24:00-04:00	8.1150	8.1557	807
2026-10-06T14:26:00-04:00	8.1350	8.1555	20414
2026-10-06T14:27:00-04:00	8.1350	8.1555	3417
2026-10-06T14:28:00-04:00	8.1350	8.1555	430
2026-10-06T14:29:00-04:00	8.1400	8.1555	311
2026-10-06T14:30:00-04:00	8.1350	8.1555	1274
2026-10-06T14:31:00-04:00	8.1391	8.1555	489
2026-10-06T14:32:00-04:00	8.1350	8.1555	1608
2026-10-06T14:33:00-04:00	8.1350	8.1555	1509
2026-10-06T14:34:00-04:00	8.1150	8.1554	3923
2026-10-06T14:36:00-04:00	8.1100	8.1554	2719
2026-10-06T14:39:00-04:00	8.1050	8.1554	238
2026-10-06T14:40:00-04:00	8.1150	8.1552	11585
2026-10-06T14:41:00-04:00	8.1100	8.1552	3297
2026-10-06T14:42:00-04:00	8.1050	8.1552	346
2026-10-06T14:43:00-04:00	8.1050	8.1551	3153
2026-10-06T14:44:00-04:00	8.1100	8.1551	1044
2026-10-06T14:45:00-04:00	8.1050	8.1551	333
2026-10-06T14:46:00-04:00	8.1050	8.1551	518
2026-10-06T14:47:00-04:00	8.1050	8.1551	106
2026-10-06T14:48:00-04:00	8.1050	8.1551	743
2026-10-06T14:49:00-04:00	8.1050	8.1551	261
2026-10-06T14:50:00-04:00	8.1050	8.1550	5677
2026-10-06T14:51:00-04:00	8.1150	8.1550	6316
2026-10-06T14:52:00-04:00	8.1150	8.1549	883
2026-10-06T14:53:00-04:00	8.1104	8.1549	4282
2026-10-06T14:54:00-04:00	8.1300	8.1548	7614
2026-10-06T14:56:00-04:00	8.1300	8.1548	2258
2026-10-06T14:57:00-04:00	8.1400	8.1548	4462
2026-10-06T14:58:00-04:00	8.1350	8.1548	1145
2026-10-06T14:59:00-04:00	8.1450	8.1548	3594
2026-10-06T15:00:00-04:00	8.1350	8.1547	7864
2026-10-06T15:02:00-04:00	8.1107	8.1546	10980
2026-10-06T15:03:00-04:00	8.1200	8.1546	2456
2026-10-06T15:04:00-04:00	8.1100	8.1546	433
2026-10-06T15:05:00-04:00	8.1100	8.1546	2533
2026-10-06T15:06:00-04:00	8.1100	8.1545	1792
2026-10-06T15:07:00-04:00	8.1000	8.1545	452
2026-10-06T15:08:00-04:00	8.1000	8.1545	413
2026-10-06T15:09:00-04:00	8.1001	8.1545	2099
2026-10-06T15:10:00-04:00	8.0992	8.1544	2981
2026-10-06T15:11:00-04:00	8.0850	8.1544	1817
2026-10-06T15:12:00-04:00	8.0800	8.1544	872
2026-10-06T15:13:00-04:00	8.0800	8.1544	717
2026-10-06T15:14:00-04:00	8.0800	8.1544	536
2026-10-06T15:15:00-04:00	8.0800	8.1543	2693
2026-10-06T15:16:00-04:00	8.0800	8.1543	1161
2026-10-06T15:17:00-04:00	8.0850	8.1541	8001
2026-10-06T15:18:00-04:00	8.0850	8.1541	1119
2026-10-06T15:19:00-04:00	8.0850	8.1541	1371
2026-10-06T15:20:00-04:00	8.0859	8.1540	2527
2026-10-06T15:21:00-04:00	8.0850	8.1540	3920
2026-10-06T15:22:00-04:00	8.0900	8.1540	187
2026-10-06T15:23:00-04:00	8.0850	8.1539	1236
2026-10-06T15:24:00-04:00	8.0800	8.1539	1654
2026-10-06T15:25:00-04:00	8.0650	8.1538	5400
2026-10-06T15:26:00-04:00	8.0650	8.1537	1250
2026-10-06T15:27:00-04:00	8.0600	8.1537	1931
2026-10-06T15:28:00-04:00	8.0650	8.1537	1386
2026-10-06T15:29:00-04:00	8.0650	8.1536	1851
2026-10-06T15:30:00-04:00	8.0601	8.1536	1855
2026-10-06T15:31:00-04:00	8.0385	8.1531	16590
2026-10-06T15:32:00-04:00	8.0310	8.1530	1424
2026-10-06T15:33:00-04:00	8.0301	8.1529	1990
2026-10-06T15:34:00-04:00	7.9886	8.1491	90877
2026-10-06T15:35:00-04:00	8.0000	8.1484	14918
2026-10-06T15:36:00-04:00	7.9925	8.1482	6886
2026-10-06T15:37:00-04:00	8.0050	8.1477	12347
2026-10-06T15:38:00-04:00	8.0050	8.1476	1282
2026-10-06T15:39:00-04:00	8.0400	8.1472	14506
2026-10-06T15:40:00-04:00	8.0450	8.1471	2411
2026-10-06T15:41:00-04:00	8.0350	8.1470	5879
2026-10-06T15:42:00-04:00	8.0399	8.1469	1604
2026-10-06T15:43:00-04:00	8.0300	8.1463	20016
2026-10-06T15:44:00-04:00	8.0350	8.1461	7928
2026-10-06T15:45:00-04:00	8.0100	8.1448	38260
2026-10-06T15:46:00-04:00	8.0150	8.1447	1912
2026-10-06T15:47:00-04:00	8.0150	8.1446	3033
2026-10-06T15:48:00-04:00	8.0150	8.1441	15377
2026-10-06T15:49:00-04:00	8.0100	8.1440	2790
2026-10-06T15:50:00-04:00	8.0150	8.1438	6434
2026-10-06T15:51:00-04:00	8.0100	8.1436	4913
2026-10-06T15:52:00-04:00	8.0150	8.1435	4626
2026-10-06T15:53:00-04:00	8.0199	8.1433	5687
2026-10-06T15:54:00-04:00	8.0150	8.1429	12092
2026-10-06T15:55:00-04:00	8.0100	8.1424	14811
2026-10-06T15:56:00-04:00	8.0250	8.1397	95496
2026-10-06T15:57:00-04:00	8.0250	8.1394	8853
2026-10-06T15:58:00-04:00	8.0250	8.1390	13892
2026-10-06T15:59:00-04:00	8.0250	8.1375	55194
2026-10-07T09:30:00-04:00	7.8100	7.8200	117968
2026-10-07T09:31:00-04:00	7.7800	7.8176	11253
2026-10-07T09:32:00-04:00	7.7450	7.8121	11100
2026-10-07T09:33:00-04:00	7.7150	7.7998	17572
2026-10-07T09:34:00-04:00	7.6850	7.7933	10862
2026-10-07T09:35:00-04:00	7.7000	7.7478	172586
2026-10-07T09:36:00-04:00	7.7171	7.7440	23294
2026-10-07T09:37:00-04:00	7.7631	7.7440	10887
2026-10-07T09:38:00-04:00	7.7100	7.7435	7298
2026-10-07T09:39:00-04:00	7.6900	7.7432	2806
2026-10-07T09:40:00-04:00	7.6600	7.7422	4900
2026-10-07T09:41:00-04:00	7.6900	7.7417	3372
2026-10-07T09:42:00-04:00	7.7150	7.7414	3484
2026-10-07T09:43:00-04:00	7.7400	7.7413	3260
2026-10-07T09:44:00-04:00	7.7700	7.7414	1380
2026-10-07T09:45:00-04:00	7.7604	7.7416	3174
2026-10-07T09:46:00-04:00	7.7800	7.7419	3159
2026-10-07T09:47:00-04:00	7.7300	7.7419	2510
2026-10-07T09:48:00-04:00	7.7500	7.7419	524
2026-10-07T09:49:00-04:00	7.7600	7.7420	2659
2026-10-07T09:50:00-04:00	7.7600	7.7421	2228
2026-10-07T09:51:00-04:00	7.7201	7.7420	8190
2026-10-07T09:52:00-04:00	7.7300	7.7419	223
2026-10-07T09:53:00-04:00	7.7300	7.7414	9432
2026-10-07T09:54:00-04:00	7.6700	7.7347	56314
2026-10-07T09:55:00-04:00	7.6572	7.7343	2699
2026-10-07T09:56:00-04:00	7.6600	7.7309	19612
2026-10-07T09:57:00-04:00	7.6250	7.7303	3244
2026-10-07T09:58:00-04:00	7.6500	7.7300	2106
2026-10-07T09:59:00-04:00	7.6700	7.7299	764
2026-10-07T10:00:00-04:00	7.6800	7.7294	6149
2026-10-07T10:01:00-04:00	7.6650	7.7291	2634
2026-10-07T10:02:00-04:00	7.6600	7.7286	3508
2026-10-07T10:03:00-04:00	7.6910	7.7286	574
2026-10-07T10:04:00-04:00	7.6850	7.7285	639
2026-10-07T10:05:00-04:00	7.6550	7.7283	1538
2026-10-07T10:06:00-04:00	7.6750	7.7280	2966
2026-10-07T10:07:00-04:00	7.6783	7.7277	3194
2026-10-07T10:08:00-04:00	7.6700	7.7274	3114
2026-10-07T10:09:00-04:00	7.6500	7.7267	5459
2026-10-07T10:10:00-04:00	7.6500	7.7262	3546
2026-10-07T10:11:00-04:00	7.6450	7.7258	2371
2026-10-07T10:12:00-04:00	7.6400	7.7257	648
2026-10-07T10:13:00-04:00	7.6450	7.7253	2766
2026-10-07T10:14:00-04:00	7.6628	7.7247	5250
2026-10-07T10:15:00-04:00	7.6400	7.7244	1636
2026-10-07T10:16:00-04:00	7.6450	7.7237	5105
2026-10-07T10:17:00-04:00	7.6400	7.7236	1007
2026-10-07T10:18:00-04:00	7.6550	7.7233	2320
2026-10-07T10:19:00-04:00	7.6400	7.7230	2215
2026-10-07T10:20:00-04:00	7.6500	7.7229	732
2026-10-07T10:21:00-04:00	7.6600	7.7226	2985
2026-10-07T10:22:00-04:00	7.6803	7.7223	3239
2026-10-07T10:24:00-04:00	7.6900	7.7220	5871
2026-10-07T10:25:00-04:00	7.6900	7.7219	1626
2026-10-07T10:26:00-04:00	7.6900	7.7219	800
2026-10-07T10:27:00-04:00	7.6800	7.7217	3086
2026-10-07T10:28:00-04:00	7.6700	7.7216	1563
2026-10-07T10:29:00-04:00	7.6600	7.7199	17116
2026-10-07T10:30:00-04:00	7.6600	7.7196	3175
2026-10-07T10:31:00-04:00	7.6600	7.7195	985
2026-10-07T10:32:00-04:00	7.6950	7.7192	6337
2026-10-07T10:33:00-04:00	7.7011	7.7191	1197
2026-10-07T10:34:00-04:00	7.6850	7.7186	11293
2026-10-07T10:35:00-04:00	7.6950	7.7183	4913
2026-10-07T10:36:00-04:00	7.6800	7.7181	3812
2026-10-07T10:37:00-04:00	7.6750	7.7180	1539
2026-10-07T10:38:00-04:00	7.6850	7.7179	2067
2026-10-07T10:39:00-04:00	7.6800	7.7178	2059
2026-10-07T10:40:00-04:00	7.6500	7.7165	14948
2026-10-07T10:41:00-04:00	7.6550	7.7162	3460
2026-10-07T10:42:00-04:00	7.6500	7.7159	2345
2026-10-07T10:43:00-04:00	7.6500	7.7158	1401
2026-10-07T10:44:00-04:00	7.6200	7.7150	5901
2026-10-07T10:45:00-04:00	7.6150	7.7141	6045
2026-10-07T10:46:00-04:00	7.6300	7.7131	8611
2026-10-07T10:47:00-04:00	7.6492	7.7126	4578
2026-10-07T10:48:00-04:00	7.6400	7.7122	3688
2026-10-07T10:49:00-04:00	7.6400	7.7122	620
2026-10-07T10:50:00-04:00	7.6300	7.7121	217
2026-10-07T10:51:00-04:00	7.6050	7.7119	1927
2026-10-07T10:52:00-04:00	7.6000	7.7110	5868
2026-10-07T10:53:00-04:00	7.5900	7.7106	2283
2026-10-07T10:54:00-04:00	7.6050	7.7101	3316
2026-10-07T10:55:00-04:00	7.6150	7.7096	3606
2026-10-07T10:56:00-04:00	7.6050	7.7092	3148
2026-10-07T10:57:00-04:00	7.6086	7.7091	555
2026-10-07T10:58:00-04:00	7.6000	7.7050	28936
2026-10-07T10:59:00-04:00	7.6150	7.7045	3975
2026-10-07T11:00:00-04:00	7.6150	7.7040	4721
2026-10-07T11:01:00-04:00	7.6000	7.7026	10628
2026-10-07T11:02:00-04:00	7.5701	7.7019	4322
2026-10-07T11:03:00-04:00	7.5900	7.7008	7227
2026-10-07T11:04:00-04:00	7.5800	7.7006	1659
2026-10-07T11:05:00-04:00	7.5950	7.7002	2399
2026-10-07T11:06:00-04:00	7.5850	7.6994	5908
2026-10-07T11:07:00-04:00	7.5700	7.6989	2974
2026-10-07T11:08:00-04:00	7.5800	7.6984	3626
2026-10-07T11:10:00-04:00	7.5700	7.6972	7402
2026-10-07T11:11:00-04:00	7.5640	7.6970	1084
2026-10-07T11:12:00-04:00	7.5550	7.6967	1580
2026-10-07T11:13:00-04:00	7.5700	7.6960	4805
2026-10-07T11:14:00-04:00	7.5600	7.6957	1644
2026-10-07T11:15:00-04:00	7.5500	7.6956	688
2026-10-07T11:16:00-04:00	7.5550	7.6955	552
2026-10-07T11:17:00-04:00	7.5527	7.6953	1008
2026-10-07T11:18:00-04:00	7.5550	7.6947	3762
2026-10-07T11:19:00-04:00	7.5550	7.6944	1729
2026-10-07T11:20:00-04:00	7.5400	7.6933	5647
2026-10-07T11:21:00-04:00	7.5500	7.6931	1409
2026-10-07T11:22:00-04:00	7.5350	7.6921	5436
2026-10-07T11:23:00-04:00	7.5250	7.6895	13064
2026-10-07T11:24:00-04:00	7.5250	7.6889	3360
2026-10-07T11:25:00-04:00	7.5250	7.6878	5667
2026-10-07T11:26:00-04:00	7.5189	7.6856	11091
2026-10-07T11:27:00-04:00	7.4950	7.6799	27188
2026-10-07T11:28:00-04:00	7.4650	7.6750	22044
2026-10-07T11:29:00-04:00	7.4350	7.6708	16964
2026-10-07T11:30:00-04:00	7.4000	7.6674	12374
2026-10-07T11:31:00-04:00	7.4150	7.6664	3770
2026-10-07T11:32:00-04:00	7.3900	7.6513	56521
2026-10-07T11:33:00-04:00	7.3800	7.6493	7694
2026-10-07T11:34:00-04:00	7.3650	7.6482	3906
2026-10-07T11:35:00-04:00	7.3829	7.6463	7133
2026-10-07T11:36:00-04:00	7.3850	7.6451	4655
2026-10-07T11:37:00-04:00	7.3950	7.6440	4796
2026-10-07T11:38:00-04:00	7.3900	7.6414	10728
2026-10-07T11:39:00-04:00	7.3900	7.6408	2144
2026-10-07T11:40:00-04:00	7.3488	7.6370	14080
2026-10-07T11:41:00-04:00	7.3550	7.6337	12491
2026-10-07T11:42:00-04:00	7.3600	7.6325	4495
2026-10-07T11:43:00-04:00	7.3550	7.6320	2110
2026-10-07T11:44:00-04:00	7.3550	7.6297	8870
2026-10-07T11:45:00-04:00	7.3750	7.6265	13774
2026-10-07T11:46:00-04:00	7.3999	7.6244	9691
2026-10-07T11:47:00-04:00	7.3950	7.6243	670
2026-10-07T11:48:00-04:00	7.3998	7.6243	204
2026-10-07T11:49:00-04:00	7.3977	7.6235	3482
2026-10-07T11:50:00-04:00	7.3950	7.6234	848
2026-10-07T11:51:00-04:00	7.3900	7.6189	22462
2026-10-07T11:52:00-04:00	7.3900	7.6178	5729
2026-10-07T11:53:00-04:00	7.4000	7.6166	6434
2026-10-07T11:54:00-04:00	7.3650	7.6145	9811
2026-10-07T11:55:00-04:00	7.3550	7.6115	13833
2026-10-07T11:56:00-04:00	7.3400	7.6086	13102
2026-10-07T11:57:00-04:00	7.3350	7.6078	3219
2026-10-07T11:58:00-04:00	7.3300	7.6077	647
2026-10-07T11:59:00-04:00	7.3300	7.6062	6395
2026-10-07T12:00:00-04:00	7.3350	7.6044	8036
2026-10-07T12:01:00-04:00	7.3150	7.6029	6617
2026-10-07T12:02:00-04:00	7.3250	7.6012	7120
2026-10-07T12:03:00-04:00	7.3250	7.6000	5480
2026-10-07T12:04:00-04:00	7.3350	7.5993	3104
2026-10-07T12:05:00-04:00	7.3450	7.5985	3945
2026-10-07T12:07:00-04:00	7.3350	7.5973	5641
2026-10-07T12:08:00-04:00	7.3350	7.5964	4436
2026-10-07T12:09:00-04:00	7.3300	7.5960	1897
2026-10-07T12:10:00-04:00	7.3250	7.5944	7348
2026-10-07T12:11:00-04:00	7.3250	7.5941	1456
2026-10-07T12:12:00-04:00	7.3200	7.5935	2502
2026-10-07T12:13:00-04:00	7.3150	7.5924	5200
2026-10-07T12:14:00-04:00	7.3299	7.5903	9940
2026-10-07T12:15:00-04:00	7.3250	7.5901	971
2026-10-07T12:16:00-04:00	7.3200	7.5899	1041
2026-10-07T12:17:00-04:00	7.3200	7.5897	879
2026-10-07T12:18:00-04:00	7.3150	7.5879	8224
2026-10-07T12:19:00-04:00	7.3100	7.5877	818
2026-10-07T12:20:00-04:00	7.3000	7.5808	31681
2026-10-07T12:21:00-04:00	7.2950	7.5800	3625
2026-10-07T12:23:00-04:00	7.2950	7.5795	2314
2026-10-07T12:24:00-04:00	7.2850	7.5786	3858
2026-10-07T12:25:00-04:00	7.2900	7.5774	5444
2026-10-07T12:26:00-04:00	7.2950	7.5772	892
2026-10-07T12:27:00-04:00	7.2950	7.5764	4124
2026-10-07T12:28:00-04:00	7.3088	7.5756	3782
2026-10-07T12:29:00-04:00	7.2850	7.5744	5602
2026-10-07T12:30:00-04:00	7.2750	7.5732	5391
2026-10-07T12:31:00-04:00	7.2800	7.5688	20366
2026-10-07T12:32:00-04:00	7.2850	7.5686	952
2026-10-07T12:33:00-04:00	7.2850	7.5679	3112
2026-10-07T12:34:00-04:00	7.3050	7.5661	9717
2026-10-07T12:35:00-04:00	7.3100	7.5592	37625
2026-10-07T12:36:00-04:00	7.3100	7.5583	5489
2026-10-07T12:37:00-04:00	7.3000	7.5582	741
2026-10-07T12:38:00-04:00	7.3150	7.5564	10211
2026-10-07T12:39:00-04:00	7.3000	7.5540	13721
2026-10-07T12:40:00-04:00	7.3050	7.5539	592
2026-10-07T12:41:00-04:00	7.2950	7.5533	3661
2026-10-07T12:42:00-04:00	7.2650	7.5472	32484
2026-10-07T12:43:00-04:00	7.2800	7.5459	7090
2026-10-07T12:44:00-04:00	7.2750	7.5456	1881
2026-10-07T12:45:00-04:00	7.2831	7.5452	2460
2026-10-07T12:46:00-04:00	7.2900	7.5445	3858
2026-10-07T12:47:00-04:00	7.2850	7.5444	923
2026-10-07T12:48:00-04:00	7.2800	7.5442	822
2026-10-07T12:49:00-04:00	7.2700	7.5424	10671
2026-10-07T12:50:00-04:00	7.2717	7.5422	1147
2026-10-07T12:51:00-04:00	7.2700	7.5419	1270
2026-10-07T12:52:00-04:00	7.2800	7.5418	603
2026-10-07T12:53:00-04:00	7.2600	7.5405	7358
2026-10-07T12:54:00-04:00	7.2650	7.5402	1463
2026-10-07T12:55:00-04:00	7.2650	7.5400	1020
2026-10-07T12:57:00-04:00	7.2850	7.5187	126844
2026-10-07T12:58:00-04:00	7.2850	7.5185	1701
2026-10-07T12:59:00-04:00	7.2600	7.5156	19260
2026-10-07T13:00:00-04:00	7.2700	7.5142	9856
2026-10-07T13:01:00-04:00	7.2750	7.5125	11504
2026-10-07T13:02:00-04:00	7.3150	7.5101	19879
2026-10-07T13:03:00-04:00	7.3150	7.5099	1728
2026-10-07T13:04:00-04:00	7.3195	7.5096	3394
2026-10-07T13:05:00-04:00	7.3200	7.5088	7250
2026-10-07T13:06:00-04:00	7.3350	7.5082	5311
2026-10-07T13:07:00-04:00	7.3350	7.5081	908
2026-10-07T13:08:00-04:00	7.3600	7.5074	7754
2026-10-07T13:09:00-04:00	7.3650	7.5070	5780
2026-10-07T13:10:00-04:00	7.3685	7.5069	1404
2026-10-07T13:11:00-04:00	7.3750	7.5064	6045
2026-10-07T13:12:00-04:00	7.3750	7.5060	5725
2026-10-07T13:13:00-04:00	7.3750	7.5057	3466
2026-10-07T13:14:00-04:00	7.3750	7.5057	284
2026-10-07T13:15:00-04:00	7.3750	7.5056	700
2026-10-07T13:16:00-04:00	7.3700	7.5056	993
2026-10-07T13:18:00-04:00	7.3750	7.5050	7195
2026-10-07T13:20:00-04:00	7.3700	7.5050	457
2026-10-07T13:21:00-04:00	7.3700	7.5048	3327
2026-10-07T13:22:00-04:00	7.3700	7.5047	1270
2026-10-07T13:23:00-04:00	7.3689	7.5043	4624
2026-10-07T13:24:00-04:00	7.3300	7.5022	23648
2026-10-07T13:25:00-04:00	7.3250	7.5017	5370
2026-10-07T13:26:00-04:00	7.3250	7.5016	997
2026-10-07T13:27:00-04:00	7.3291	7.5013	2547
2026-10-07T13:28:00-04:00	7.3250	7.5012	815
2026-10-07T13:30:00-04:00	7.3250	7.5011	1988
2026-10-07T13:31:00-04:00	7.3201	7.5010	515
2026-10-07T13:32:00-04:00	7.3211	7.5007	3529
2026-10-07T13:33:00-04:00	7.3210	7.5006	539
2026-10-07T13:34:00-04:00	7.3201	7.5005	1523
2026-10-07T13:35:00-04:00	7.3250	7.5004	1073
2026-10-07T13:38:00-04:00	7.3201	7.5003	796
2026-10-07T13:39:00-04:00	7.3201	7.5002	608
2026-10-07T13:40:00-04:00	7.3250	7.4999	3078
2026-10-07T13:41:00-04:00	7.3201	7.4999	470
2026-10-07T13:42:00-04:00	7.3250	7.4998	915
2026-10-07T13:43:00-04:00	7.3250	7.4995	2909
2026-10-07T13:44:00-04:00	7.3299	7.4989	6653
2026-10-07T13:45:00-04:00	7.3250	7.4989	335
2026-10-07T13:46:00-04:00	7.3150	7.4984	4477
2026-10-07T13:47:00-04:00	7.2900	7.4981	2860
2026-10-07T13:48:00-04:00	7.2900	7.4978	2635
2026-10-07T13:49:00-04:00	7.2550	7.4936	33946
2026-10-07T13:50:00-04:00	7.2150	7.4922	10016
2026-10-07T13:51:00-04:00	7.2250	7.4878	30763
2026-10-07T13:52:00-04:00	7.2200	7.4875	2125
2026-10-07T13:53:00-04:00	7.2550	7.4828	37425
2026-10-07T13:54:00-04:00	7.2488	7.4827	694
2026-10-07T13:55:00-04:00	7.2450	7.4826	571
2026-10-07T13:56:00-04:00	7.2491	7.4825	1092
2026-10-07T13:57:00-04:00	7.2509	7.4813	9915
2026-10-07T13:58:00-04:00	7.2550	7.4812	1232
2026-10-07T13:59:00-04:00	7.2500	7.4798	12274
2026-10-07T14:00:00-04:00	7.2550	7.4794	3700
2026-10-07T14:01:00-04:00	7.2550	7.4792	1050
2026-10-07T14:02:00-04:00	7.2550	7.4791	1647
2026-10-07T14:03:00-04:00	7.2650	7.4786	4165
2026-10-07T14:04:00-04:00	7.2907	7.4777	9424
2026-10-07T14:05:00-04:00	7.3050	7.4775	2451
2026-10-07T14:06:00-04:00	7.3050	7.4774	341
2026-10-07T14:07:00-04:00	7.2950	7.4773	1499
2026-10-07T14:08:00-04:00	7.2950	7.4772	956
2026-10-07T14:09:00-04:00	7.2886	7.4770	2574
2026-10-07T14:10:00-04:00	7.2850	7.4762	7998
2026-10-07T14:12:00-04:00	7.3050	7.4750	14196
2026-10-07T14:13:00-04:00	7.3250	7.4748	2452
2026-10-07T14:14:00-04:00	7.3287	7.4745	3648
2026-10-07T14:15:00-04:00	7.3350	7.4740	7864
2026-10-07T14:16:00-04:00	7.3350	7.4735	7461
2026-10-07T14:17:00-04:00	7.3350	7.4733	2628
2026-10-07T14:18:00-04:00	7.3250	7.4732	2517
2026-10-07T14:19:00-04:00	7.3300	7.4730	2984
2026-10-07T14:20:00-04:00	7.3350	7.4729	653
2026-10-07T14:21:00-04:00	7.3350	7.4729	143
2026-10-07T14:22:00-04:00	7.3350	7.4726	4521
2026-10-07T14:23:00-04:00	7.3350	7.4725	2307
2026-10-07T14:24:00-04:00	7.3300	7.4722	3653
2026-10-07T14:25:00-04:00	7.3350	7.4721	1126
2026-10-07T14:26:00-04:00	7.3583	7.4716	9072
2026-10-07T14:27:00-04:00	7.3850	7.4710	12294
2026-10-07T14:28:00-04:00	7.3850	7.4710	439
2026-10-07T14:29:00-04:00	7.3800	7.4709	3349
2026-10-07T14:30:00-04:00	7.3750	7.4708	1675
2026-10-07T14:31:00-04:00	7.3750	7.4707	2020
2026-10-07T14:32:00-04:00	7.3900	7.4706	2795
2026-10-07T14:33:00-04:00	7.4000	7.4704	4787
2026-10-07T14:34:00-04:00	7.3900	7.4703	4164
2026-10-07T14:35:00-04:00	7.3800	7.4700	5860
2026-10-07T14:36:00-04:00	7.3850	7.4699	3680
2026-10-07T14:37:00-04:00	7.3856	7.4699	413
2026-10-07T14:38:00-04:00	7.3750	7.4697	3588
2026-10-07T14:39:00-04:00	7.3850	7.4695	5704
2026-10-07T14:40:00-04:00	7.3750	7.4693	3504
2026-10-07T14:41:00-04:00	7.3750	7.4693	1373
2026-10-07T14:42:00-04:00	7.3700	7.4690	6350
2026-10-07T14:43:00-04:00	7.3850	7.4688	4142
2026-10-07T14:44:00-04:00	7.3800	7.4685	8975
2026-10-07T14:45:00-04:00	7.4086	7.4679	16970
2026-10-07T14:46:00-04:00	7.3950	7.4678	3653
2026-10-07T14:47:00-04:00	7.3850	7.4678	1505
2026-10-07T14:48:00-04:00	7.3850	7.4677	738
2026-10-07T14:49:00-04:00	7.3750	7.4676	3910
2026-10-07T14:50:00-04:00	7.3750	7.4673	6243
2026-10-07T14:51:00-04:00	7.3737	7.4672	3484
2026-10-07T14:52:00-04:00	7.3750	7.4670	3205
2026-10-07T14:53:00-04:00	7.3750	7.4670	1302
2026-10-07T14:54:00-04:00	7.3850	7.4667	7613
2026-10-07T14:55:00-04:00	7.3850	7.4667	1160
2026-10-07T14:56:00-04:00	7.3850	7.4666	1033
2026-10-07T14:57:00-04:00	7.3789	7.4665	3066
2026-10-07T14:58:00-04:00	7.3650	7.4664	2435
2026-10-07T14:59:00-04:00	7.3650	7.4663	2372
2026-10-07T15:00:00-04:00	7.3650	7.4662	989
2026-10-07T15:01:00-04:00	7.4000	7.4656	18310
2026-10-07T15:02:00-04:00	7.3982	7.4655	4698
2026-10-07T15:03:00-04:00	7.3950	7.4654	2288
2026-10-07T15:04:00-04:00	7.3850	7.4653	2505
2026-10-07T15:05:00-04:00	7.3850	7.4653	1290
2026-10-07T15:06:00-04:00	7.3850	7.4652	922
2026-10-07T15:08:00-04:00	7.3850	7.4652	825
2026-10-07T15:10:00-04:00	7.3850	7.4652	191
2026-10-07T15:11:00-04:00	7.3900	7.4648	11412
2026-10-07T15:12:00-04:00	7.3800	7.4647	4524
2026-10-07T15:13:00-04:00	7.3700	7.4645	3187
2026-10-07T15:14:00-04:00	7.3750	7.4644	3365
2026-10-07T15:15:00-04:00	7.3850	7.4642	5172
2026-10-07T15:16:00-04:00	7.3850	7.4642	639
2026-10-07T15:19:00-04:00	7.3850	7.4641	2689
2026-10-07T15:20:00-04:00	7.3750	7.4638	6484
2026-10-07T15:21:00-04:00	7.3750	7.4638	807
2026-10-07T15:22:00-04:00	7.3750	7.4638	581
2026-10-07T15:23:00-04:00	7.3850	7.4632	17550
2026-10-07T15:24:00-04:00	7.3950	7.4629	8595
2026-10-07T15:25:00-04:00	7.3950	7.4629	1661
2026-10-07T15:26:00-04:00	7.3850	7.4626	7628
2026-10-07T15:27:00-04:00	7.3850	7.4626	502
2026-10-07T15:28:00-04:00	7.3950	7.4623	9206
2026-10-07T15:29:00-04:00	7.3850	7.4623	2272
2026-10-07T15:30:00-04:00	7.3801	7.4621	4997
2026-10-07T15:31:00-04:00	7.3891	7.4620	1563
2026-10-07T15:32:00-04:00	7.3850	7.4620	386
