timestamp_et	close	running_vwap	volume
2026-09-25T09:30:00-04:00	10.0140	9.9647	59815
2026-09-25T09:31:00-04:00	9.9750	9.9714	15822
2026-09-25T09:32:00-04:00	9.9300	9.9701	2636
2026-09-25T09:33:00-04:00	9.9500	9.9694	2919
2026-09-25T09:34:00-04:00	9.9300	9.9671	4170
2026-09-25T09:35:00-04:00	9.9600	9.9667	1989
2026-09-25T09:36:00-04:00	9.9150	9.9656	2045
2026-09-25T09:37:00-04:00	9.9150	9.9650	1407
2026-09-25T09:38:00-04:00	9.9700	9.9644	5200
2026-09-25T09:39:00-04:00	9.9400	9.9642	879
2026-09-25T09:40:00-04:00	9.9600	9.9641	3566
2026-09-25T09:41:00-04:00	9.9800	9.9647	5260
2026-09-25T09:42:00-04:00	10.0300	9.9687	9527
2026-09-25T09:43:00-04:00	9.9100	9.9669	8407
2026-09-25T09:44:00-04:00	9.8600	9.9604	9862
2026-09-25T09:45:00-04:00	9.8350	9.9589	1571
2026-09-25T09:46:00-04:00	9.8648	9.9567	2900
2026-09-25T09:47:00-04:00	9.8750	9.9537	4973
2026-09-25T09:48:00-04:00	9.8800	9.9522	3124
2026-09-25T09:49:00-04:00	9.9459	9.9516	4241
2026-09-25T09:50:00-04:00	9.9000	9.9500	3877
2026-09-25T09:51:00-04:00	9.9200	9.9499	866
2026-09-25T09:52:00-04:00	9.9056	9.9495	1252
2026-09-25T09:53:00-04:00	9.9200	9.9491	1711
2026-09-25T09:54:00-04:00	9.9600	9.9494	6106
2026-09-25T09:55:00-04:00	9.8612	9.9485	2422
2026-09-25T09:56:00-04:00	9.8600	9.9478	1205
2026-09-25T09:57:00-04:00	9.8650	9.9471	1362
2026-09-25T09:58:00-04:00	9.7950	9.9285	27357
2026-09-25T09:59:00-04:00	9.7950	9.9246	5433
2026-09-25T10:00:00-04:00	9.7800	9.9194	7271
2026-09-25T10:01:00-04:00	9.7500	9.9135	7811
2026-09-25T10:02:00-04:00	9.7800	9.9080	8183
2026-09-25T10:03:00-04:00	9.7001	9.9061	2332
2026-09-25T10:04:00-04:00	9.7084	9.9038	2520
2026-09-25T10:05:00-04:00	9.6600	9.9027	1102
2026-09-25T10:06:00-04:00	9.6800	9.8996	3156
2026-09-25T10:07:00-04:00	9.6800	9.8964	3736
2026-09-25T10:08:00-04:00	9.7200	9.8951	1689
2026-09-25T10:09:00-04:00	9.7400	9.8947	561
2026-09-25T10:10:00-04:00	9.7350	9.8931	2542
2026-09-25T10:11:00-04:00	9.7100	9.8910	2830
2026-09-25T10:12:00-04:00	9.6850	9.8882	3493
2026-09-25T10:13:00-04:00	9.6700	9.8862	2391
2026-09-25T10:14:00-04:00	9.5900	9.8730	12332
2026-09-25T10:15:00-04:00	9.5900	9.8713	1563
2026-09-25T10:16:00-04:00	9.5500	9.8645	6064
2026-09-25T10:17:00-04:00	9.5700	9.8627	1663
2026-09-25T10:18:00-04:00	9.6150	9.8604	2432
2026-09-25T10:19:00-04:00	9.6000	9.8597	744
2026-09-25T10:20:00-04:00	9.6200	9.8529	7936
2026-09-25T10:21:00-04:00	9.5650	9.8522	755
2026-09-25T10:22:00-04:00	9.5700	9.8393	13160
2026-09-25T10:23:00-04:00	9.5800	9.8379	1530
2026-09-25T10:24:00-04:00	9.5992	9.8366	1718
2026-09-25T10:25:00-04:00	9.6000	9.8343	2807
2026-09-25T10:26:00-04:00	9.5800	9.8325	2215
2026-09-25T10:27:00-04:00	9.5600	9.8321	390
2026-09-25T10:28:00-04:00	9.5623	9.8301	2231
2026-09-25T10:29:00-04:00	9.5600	9.8287	1654
2026-09-25T10:30:00-04:00	9.5300	9.8179	11880
2026-09-25T10:31:00-04:00	9.5350	9.8162	1953
2026-09-25T10:32:00-04:00	9.4600	9.7908	26593
2026-09-25T10:33:00-04:00	9.5200	9.7884	2968
2026-09-25T10:34:00-04:00	9.5250	9.7875	1237
2026-09-25T10:35:00-04:00	9.5300	9.7872	348
2026-09-25T10:36:00-04:00	9.5250	9.7836	5127
2026-09-25T10:37:00-04:00	9.5400	9.7828	1127
2026-09-25T10:38:00-04:00	9.5400	9.7819	1319
2026-09-25T10:39:00-04:00	9.5500	9.7814	840
2026-09-25T10:40:00-04:00	9.5400	9.7808	877
2026-09-25T10:41:00-04:00	9.5400	9.7802	869
2026-09-25T10:42:00-04:00	9.5200	9.7791	1587
2026-09-25T10:43:00-04:00	9.5100	9.7770	2838
2026-09-25T10:44:00-04:00	9.5100	9.7738	4541
2026-09-25T10:45:00-04:00	9.5200	9.7716	3146
2026-09-25T10:46:00-04:00	9.5290	9.7671	6928
2026-09-25T10:47:00-04:00	9.5400	9.7664	1081
2026-09-25T10:48:00-04:00	9.5200	9.7651	2217
2026-09-25T10:49:00-04:00	9.5100	9.7644	1058
2026-09-25T10:50:00-04:00	9.4900	9.7629	2233
2026-09-25T10:51:00-04:00	9.4800	9.7586	5949
2026-09-25T10:52:00-04:00	9.4400	9.7529	7374
2026-09-25T10:53:00-04:00	9.4300	9.7515	1818
2026-09-25T10:54:00-04:00	9.4298	9.7489	3264
2026-09-25T10:55:00-04:00	9.4700	9.7472	2311
2026-09-25T10:56:00-04:00	9.4800	9.7462	1555
2026-09-25T10:57:00-04:00	9.5000	9.7456	1060
2026-09-25T10:58:00-04:00	9.5000	9.7450	997
2026-09-25T10:59:00-04:00	9.5000	9.7441	1444
2026-09-25T11:00:00-04:00	9.5000	9.7432	1558
2026-09-25T11:01:00-04:00	9.5000	9.7418	2369
2026-09-25T11:02:00-04:00	9.4900	9.7409	1470
2026-09-25T11:03:00-04:00	9.5000	9.7400	1595
2026-09-25T11:04:00-04:00	9.4500	9.7378	3467
2026-09-25T11:05:00-04:00	9.4500	9.7357	3201
2026-09-25T11:06:00-04:00	9.4500	9.7318	5921
2026-09-25T11:07:00-04:00	9.4700	9.7306	1960
2026-09-25T11:08:00-04:00	9.4450	9.7291	2365
2026-09-25T11:09:00-04:00	9.4300	9.7242	7419
2026-09-25T11:10:00-04:00	9.4200	9.7215	4173
2026-09-25T11:11:00-04:00	9.4387	9.7193	3459
2026-09-25T11:12:00-04:00	9.4400	9.7170	3698
2026-09-25T11:13:00-04:00	9.4900	9.7153	3325
2026-09-25T11:14:00-04:00	9.4791	9.7126	5224
2026-09-25T11:15:00-04:00	9.4500	9.7113	2530
2026-09-25T11:16:00-04:00	9.4600	9.7095	3399
2026-09-25T11:17:00-04:00	9.4500	9.7087	1719
2026-09-25T11:18:00-04:00	9.4200	9.7056	5343
2026-09-25T11:19:00-04:00	9.4150	9.7048	1293
2026-09-25T11:20:00-04:00	9.4100	9.7033	2492
2026-09-25T11:21:00-04:00	9.4290	9.6971	11125
2026-09-25T11:22:00-04:00	9.4500	9.6961	2025
2026-09-25T11:23:00-04:00	9.4700	9.6950	2241
2026-09-25T11:25:00-04:00	9.4600	9.6924	5685
2026-09-25T11:26:00-04:00	9.4550	9.6875	10556
2026-09-25T11:27:00-04:00	9.4600	9.6872	809
2026-09-25T11:28:00-04:00	9.4600	9.6863	2025
2026-09-25T11:29:00-04:00	9.4500	9.6857	1182
2026-09-25T11:30:00-04:00	9.4600	9.6826	7643
2026-09-25T11:31:00-04:00	9.4450	9.6816	2335
2026-09-25T11:32:00-04:00	9.4700	9.6805	2710
2026-09-25T11:33:00-04:00	9.4900	9.6801	1246
2026-09-25T11:34:00-04:00	9.4850	9.6797	1203
2026-09-25T11:35:00-04:00	9.4900	9.6779	5149
2026-09-25T11:36:00-04:00	9.4900	9.6771	2426
2026-09-25T11:37:00-04:00	9.4743	9.6767	998
2026-09-25T11:38:00-04:00	9.4800	9.6762	1543
2026-09-25T11:39:00-04:00	9.4500	9.6745	4119
2026-09-25T11:40:00-04:00	9.4500	9.6736	2181
2026-09-25T11:41:00-04:00	9.4220	9.6710	6053
2026-09-25T11:42:00-04:00	9.4200	9.6694	3534
2026-09-25T11:43:00-04:00	9.4300	9.6685	2073
2026-09-25T11:44:00-04:00	9.4100	9.6680	964
2026-09-25T11:45:00-04:00	9.4100	9.6645	7782
2026-09-25T11:46:00-04:00	9.4200	9.6639	1484
2026-09-25T11:47:00-04:00	9.4500	9.6629	2538
2026-09-25T11:48:00-04:00	9.4300	9.6622	1833
2026-09-25T11:49:00-04:00	9.4300	9.6614	1803
2026-09-25T11:50:00-04:00	9.4400	9.6607	1857
2026-09-25T11:51:00-04:00	9.3900	9.6592	3456
2026-09-25T11:52:00-04:00	9.3850	9.6569	4937
2026-09-25T11:53:00-04:00	9.3850	9.6561	1793
2026-09-25T11:54:00-04:00	9.4200	9.6546	3624
2026-09-25T11:55:00-04:00	9.4400	9.6542	1302
2026-09-25T11:56:00-04:00	9.4600	9.6536	1720
2026-09-25T11:57:00-04:00	9.4700	9.6532	1168
2026-09-25T11:58:00-04:00	9.5050	9.6528	1413
2026-09-25T11:59:00-04:00	9.5268	9.6524	2032
2026-09-25T12:00:00-04:00	9.5450	9.6521	1623
2026-09-25T12:01:00-04:00	9.5200	9.6510	5078
2026-09-25T12:02:00-04:00	9.5600	9.6508	1764
2026-09-25T12:03:00-04:00	9.5100	9.6494	6788
2026-09-25T12:04:00-04:00	9.4950	9.6451	18653
2026-09-25T12:05:00-04:00	9.5100	9.6443	3903
2026-09-25T12:06:00-04:00	9.5100	9.6435	3395
2026-09-25T12:07:00-04:00	9.5150	9.6411	12611
2026-09-25T12:08:00-04:00	9.5100	9.6409	949
2026-09-25T12:09:00-04:00	9.5400	9.6405	2640
2026-09-25T12:10:00-04:00	9.5350	9.6384	15309
2026-09-25T12:11:00-04:00	9.5400	9.6382	1327
2026-09-25T12:12:00-04:00	9.5100	9.6379	1804
2026-09-25T12:13:00-04:00	9.5200	9.6352	15036
2026-09-25T12:14:00-04:00	9.5200	9.6345	4314
2026-09-25T12:15:00-04:00	9.6050	9.6338	7816
2026-09-25T12:16:00-04:00	9.6200	9.6337	4312
2026-09-25T12:17:00-04:00	9.6200	9.6337	1284
2026-09-25T12:18:00-04:00	9.6000	9.6337	1543
2026-09-25T12:19:00-04:00	9.6050	9.6335	3666
2026-09-25T12:20:00-04:00	9.5900	9.6334	1685
2026-09-25T12:21:00-04:00	9.5650	9.6330	4642
2026-09-25T12:22:00-04:00	9.5350	9.6327	1944
2026-09-25T12:23:00-04:00	9.5350	9.6322	3893
2026-09-25T12:24:00-04:00	9.5500	9.6319	3045
2026-09-25T12:25:00-04:00	9.5900	9.6318	2079
2026-09-25T12:26:00-04:00	9.5800	9.6316	3337
2026-09-25T12:27:00-04:00	9.5700	9.6315	1277
2026-09-25T12:28:00-04:00	9.5300	9.6312	2297
2026-09-25T12:29:00-04:00	9.5350	9.6311	767
2026-09-25T12:30:00-04:00	9.5350	9.6310	770
2026-09-25T12:31:00-04:00	9.5200	9.6309	860
2026-09-25T12:32:00-04:00	9.5500	9.6307	1648
2026-09-25T12:33:00-04:00	9.5300	9.6304	1890
2026-09-25T12:34:00-04:00	9.4500	9.6288	7803
2026-09-25T12:35:00-04:00	9.4850	9.6284	1734
2026-09-25T12:36:00-04:00	9.4750	9.6282	1422
2026-09-25T12:37:00-04:00	9.5050	9.6276	3245
2026-09-25T12:38:00-04:00	9.4900	9.6274	1254
2026-09-25T12:39:00-04:00	9.5100	9.6273	916
2026-09-25T12:40:00-04:00	9.5000	9.6272	727
2026-09-25T12:41:00-04:00	9.5000	9.6268	1758
2026-09-25T12:42:00-04:00	9.5050	9.6266	1352
2026-09-25T12:43:00-04:00	9.5046	9.6264	1247
2026-09-25T12:44:00-04:00	9.4900	9.6262	1610
2026-09-25T12:45:00-04:00	9.4900	9.6256	3510
2026-09-25T12:46:00-04:00	9.5200	9.6249	4422
2026-09-25T12:47:00-04:00	9.5400	9.6248	847
2026-09-25T12:48:00-04:00	9.5100	9.6245	1912
2026-09-25T12:49:00-04:00	9.4900	9.6239	3611
2026-09-25T12:50:00-04:00	9.5100	9.6239	307
2026-09-25T12:51:00-04:00	9.5000	9.6236	1742
2026-09-25T12:52:00-04:00	9.5200	9.6231	3469
2026-09-25T12:53:00-04:00	9.5450	9.6228	3001
2026-09-25T12:54:00-04:00	9.5600	9.6227	1411
2026-09-25T12:55:00-04:00	9.5500	9.6226	1272
2026-09-25T12:56:00-04:00	9.5500	9.6225	1317
2026-09-25T12:57:00-04:00	9.5400	9.6222	3028
2026-09-25T12:58:00-04:00	9.5500	9.6221	493
2026-09-25T12:59:00-04:00	9.5300	9.6218	2558
2026-09-25T13:00:00-04:00	9.5000	9.6215	2233
2026-09-25T13:01:00-04:00	9.5400	9.6209	5063
2026-09-25T13:02:00-04:00	9.5550	9.6208	1894
2026-09-25T13:03:00-04:00	9.5500	9.6207	1236
2026-09-25T13:04:00-04:00	9.5400	9.6196	11023
2026-09-25T13:05:00-04:00	9.5400	9.6194	1949
2026-09-25T13:06:00-04:00	9.5300	9.6193	1744
2026-09-25T13:07:00-04:00	9.5300	9.6188	3786
2026-09-25T13:08:00-04:00	9.5200	9.6187	1028
2026-09-25T13:09:00-04:00	9.5300	9.6183	3824
2026-09-25T13:10:00-04:00	9.5300	9.6181	2060
2026-09-25T13:11:00-04:00	9.5300	9.6180	921
2026-09-25T13:12:00-04:00	9.5300	9.6179	1003
2026-09-25T13:13:00-04:00	9.5450	9.6175	4298
2026-09-25T13:14:00-04:00	9.5450	9.6175	582
2026-09-25T13:15:00-04:00	9.5500	9.6173	2340
2026-09-25T13:16:00-04:00	9.5550	9.6173	407
2026-09-25T13:17:00-04:00	9.5550	9.6170	3056
2026-09-25T13:18:00-04:00	9.5100	9.6159	10065
2026-09-25T13:19:00-04:00	9.5100	9.6155	3319
2026-09-25T13:20:00-04:00	9.5100	9.6155	261
2026-09-25T13:21:00-04:00	9.5200	9.6152	2066
2026-09-25T13:22:00-04:00	9.5250	9.6151	1258
2026-09-25T13:23:00-04:00	9.5300	9.6150	1412
2026-09-25T13:24:00-04:00	9.5400	9.6147	2435
2026-09-25T13:25:00-04:00	9.5400	9.6144	4449
2026-09-25T13:26:00-04:00	9.5600	9.6142	3257
2026-09-25T13:27:00-04:00	9.5500	9.6141	1665
2026-09-25T13:28:00-04:00	9.5500	9.6140	747
2026-09-25T13:29:00-04:00	9.5400	9.6139	1451
2026-09-25T13:30:00-04:00	9.5300	9.6138	1292
2026-09-25T13:31:00-04:00	9.5100	9.6136	1818
2026-09-25T13:32:00-04:00	9.5300	9.6127	9606
2026-09-25T13:33:00-04:00	9.5400	9.6123	4696
2026-09-25T13:34:00-04:00	9.5350	9.6121	1820
2026-09-25T13:36:00-04:00	9.5200	9.6120	1438
2026-09-25T13:37:00-04:00	9.5500	9.6115	5854
2026-09-25T13:38:00-04:00	9.5400	9.6114	1085
2026-09-25T13:39:00-04:00	9.5600	9.6109	7630
2026-09-25T13:40:00-04:00	9.5600	9.6107	3984
2026-09-25T13:41:00-04:00	9.5500	9.6106	1164
2026-09-25T13:42:00-04:00	9.5600	9.6105	1491
2026-09-25T13:43:00-04:00	9.5800	9.6104	2944
2026-09-25T13:44:00-04:00	9.5550	9.6103	2176
2026-09-25T13:45:00-04:00	9.5600	9.6102	1540
2026-09-25T13:46:00-04:00	9.5700	9.6102	690
2026-09-25T13:47:00-04:00	9.5600	9.6101	725
2026-09-25T13:48:00-04:00	9.5650	9.6099	4192
2026-09-25T13:49:00-04:00	9.5700	9.6086	35096
2026-09-25T13:50:00-04:00	9.5500	9.6085	2227
2026-09-25T13:51:00-04:00	9.5500	9.6084	969
2026-09-25T13:52:00-04:00	9.5400	9.6084	1005
2026-09-25T13:53:00-04:00	9.5300	9.6080	5340
2026-09-25T13:54:00-04:00	9.5100	9.6078	1570
2026-09-25T13:55:00-04:00	9.5150	9.6077	1440
2026-09-25T13:56:00-04:00	9.5300	9.6073	5420
2026-09-25T13:57:00-04:00	9.5300	9.6070	3260
2026-09-25T13:58:00-04:00	9.5300	9.6070	147
2026-09-25T13:59:00-04:00	9.5300	9.6069	1410
2026-09-25T14:00:00-04:00	9.5400	9.6068	1183
2026-09-25T14:01:00-04:00	9.5400	9.6068	603
2026-09-25T14:02:00-04:00	9.5100	9.6063	4761
2026-09-25T14:03:00-04:00	9.5300	9.6063	1141
2026-09-25T14:04:00-04:00	9.5120	9.6062	1121
2026-09-25T14:05:00-04:00	9.5100	9.6061	115
2026-09-25T14:06:00-04:00	9.5200	9.6059	3062
2026-09-25T14:07:00-04:00	9.5300	9.6058	945
2026-09-25T14:08:00-04:00	9.5100	9.6058	574
2026-09-25T14:09:00-04:00	9.5300	9.6056	1996
2026-09-25T14:10:00-04:00	9.5000	9.6045	11099
2026-09-25T14:11:00-04:00	9.5200	9.6043	3040
2026-09-25T14:12:00-04:00	9.5200	9.6042	374
2026-09-25T14:13:00-04:00	9.5150	9.6039	4076
2026-09-25T14:14:00-04:00	9.5100	9.6038	1041
2026-09-25T14:15:00-04:00	9.5200	9.6038	476
2026-09-25T14:16:00-04:00	9.5100	9.6037	634
2026-09-25T14:17:00-04:00	9.5350	9.6028	15407
2026-09-25T14:18:00-04:00	9.5400	9.6027	1769
2026-09-25T14:19:00-04:00	9.5400	9.6026	939
2026-09-25T14:20:00-04:00	9.5400	9.6026	649
2026-09-25T14:21:00-04:00	9.5450	9.6022	7201
2026-09-25T14:22:00-04:00	9.5300	9.6020	2754
2026-09-25T14:23:00-04:00	9.5200	9.6016	4753
2026-09-25T14:24:00-04:00	9.5000	9.6016	367
2026-09-25T14:25:00-04:00	9.5099	9.6014	1794
2026-09-25T14:26:00-04:00	9.5000	9.6012	1924
2026-09-25T14:27:00-04:00	9.4850	9.6009	2850
2026-09-25T14:28:00-04:00	9.5000	9.6007	2699
2026-09-25T14:29:00-04:00	9.5000	9.6006	553
2026-09-25T14:30:00-04:00	9.5000	9.6005	1155
2026-09-25T14:31:00-04:00	9.4900	9.6004	775
2026-09-25T14:32:00-04:00	9.5000	9.6003	1367
2026-09-25T14:33:00-04:00	9.4950	9.5997	6467
2026-09-25T14:34:00-04:00	9.4825	9.5995	1096
2026-09-25T14:35:00-04:00	9.4850	9.5993	2505
2026-09-25T14:36:00-04:00	9.4700	9.5990	2226
2026-09-25T14:37:00-04:00	9.4450	9.5987	2684
2026-09-25T14:38:00-04:00	9.4600	9.5984	2139
2026-09-25T14:39:00-04:00	9.4350	9.5983	826
2026-09-25T14:40:00-04:00	9.4350	9.5979	2496
2026-09-25T14:41:00-04:00	9.4500	9.5976	1798
2026-09-25T14:42:00-04:00	9.4600	9.5966	8741
2026-09-25T14:43:00-04:00	9.4900	9.5962	3039
2026-09-25T14:45:00-04:00	9.4900	9.5957	5864
2026-09-25T14:46:00-04:00	9.4900	9.5956	1394
2026-09-25T14:47:00-04:00	9.4900	9.5955	771
2026-09-25T14:48:00-04:00	9.4900	9.5953	1795
2026-09-25T14:49:00-04:00	9.4900	9.5950	3502
2026-09-25T14:50:00-04:00	9.5000	9.5950	488
2026-09-25T14:51:00-04:00	9.4900	9.5948	2237
2026-09-25T14:52:00-04:00	9.4950	9.5947	898
2026-09-25T14:53:00-04:00	9.5000	9.5945	2681
2026-09-25T14:54:00-04:00	9.5000	9.5943	1438
2026-09-25T14:55:00-04:00	9.4850	9.5941	2672
2026-09-25T14:56:00-04:00	9.4950	9.5940	1143
2026-09-25T14:57:00-04:00	9.5000	9.5939	976
2026-09-25T14:58:00-04:00	9.4900	9.5939	603
2026-09-25T14:59:00-04:00	9.5150	9.5933	7465
2026-09-25T15:00:00-04:00	9.5550	9.5927	13197
2026-09-25T15:01:00-04:00	9.5900	9.5927	6640
2026-09-25T15:02:00-04:00	9.5800	9.5927	4667
2026-09-25T15:03:00-04:00	9.5800	9.5926	3459
2026-09-25T15:04:00-04:00	9.5900	9.5926	3678
2026-09-25T15:05:00-04:00	9.6100	9.5927	6360
2026-09-25T15:06:00-04:00	9.6150	9.5927	1152
2026-09-25T15:07:00-04:00	9.6050	9.5928	5760
2026-09-25T15:08:00-04:00	9.6100	9.5928	3069
2026-09-25T15:09:00-04:00	9.5900	9.5928	12968
2026-09-25T15:10:00-04:00	9.6100	9.5928	5996
2026-09-25T15:11:00-04:00	9.6300	9.5929	2029
2026-09-25T15:12:00-04:00	9.6300	9.5929	1004
2026-09-25T15:13:00-04:00	9.6200	9.5930	1760
2026-09-25T15:14:00-04:00	9.6100	9.5930	987
2026-09-25T15:15:00-04:00	9.6100	9.5930	1189
2026-09-25T15:16:00-04:00	9.6000	9.5930	10251
2026-09-25T15:17:00-04:00	9.6000	9.5931	1907
2026-09-25T15:18:00-04:00	9.6100	9.5931	1151
2026-09-25T15:19:00-04:00	9.6000	9.5931	5972
2026-09-25T15:20:00-04:00	9.6000	9.5931	399
2026-09-25T15:21:00-04:00	9.5750	9.5931	4699
2026-09-25T15:22:00-04:00	9.5900	9.5931	4884
2026-09-25T15:23:00-04:00	9.5900	9.5931	1174
2026-09-25T15:24:00-04:00	9.5767	9.5930	2156
2026-09-25T15:25:00-04:00	9.5800	9.5930	1085
2026-09-25T15:26:00-04:00	9.5800	9.5929	15331
2026-09-25T15:27:00-04:00	9.5800	9.5928	2041
2026-09-25T15:28:00-04:00	9.6100	9.5929	7041
2026-09-25T15:29:00-04:00	9.6100	9.5929	2486
2026-09-25T15:30:00-04:00	9.6000	9.5930	5406
2026-09-25T15:31:00-04:00	9.6300	9.5932	9636
2026-09-25T15:32:00-04:00	9.6300	9.5933	3633
2026-09-25T15:33:00-04:00	9.6400	9.5934	4376
2026-09-25T15:34:00-04:00	9.6400	9.5935	774
2026-09-25T15:35:00-04:00	9.6200	9.5937	9116
2026-09-25T15:36:00-04:00	9.6200	9.5937	2106
2026-09-25T15:37:00-04:00	9.6200	9.5940	10813
2026-09-25T15:38:00-04:00	9.6200	9.5941	6243
2026-09-25T15:39:00-04:00	9.6300	9.5942	2460
2026-09-25T15:40:00-04:00	9.6200	9.5943	6745
2026-09-25T15:41:00-04:00	9.6000	9.5944	12175
2026-09-25T15:42:00-04:00	9.6000	9.5944	4575
2026-09-25T15:43:00-04:00	9.6000	9.5945	8928
2026-09-25T15:44:00-04:00	9.5950	9.5945	2200
2026-09-25T15:45:00-04:00	9.6200	9.5948	28318
2026-09-25T15:46:00-04:00	9.6150	9.5950	10541
2026-09-25T15:47:00-04:00	9.6250	9.5953	12490
2026-09-25T15:48:00-04:00	9.6250	9.5956	15439
2026-09-25T15:49:00-04:00	9.6400	9.5959	9720
2026-09-25T15:50:00-04:00	9.6550	9.5967	20371
2026-09-25T15:51:00-04:00	9.6550	9.5975	19442
2026-09-25T15:52:00-04:00	9.6400	9.5981	16255
2026-09-25T15:53:00-04:00	9.6550	9.5984	9865
2026-09-25T15:54:00-04:00	9.6550	9.5989	12651
2026-09-25T15:55:00-04:00	9.6550	9.5997	20911
2026-09-25T15:56:00-04:00	9.6500	9.6007	34818
2026-09-25T15:57:00-04:00	9.6200	9.6012	31834
2026-09-25T15:58:00-04:00	9.5650	9.5999	115725
2026-09-25T15:59:00-04:00	9.5700	9.5984	85861
2026-09-28T09:30:00-04:00	9.3220	9.3204	25833
2026-09-28T09:31:00-04:00	9.3000	9.3206	6190
2026-09-28T09:32:00-04:00	9.3200	9.3195	2242
2026-09-28T09:33:00-04:00	9.3700	9.3212	1223
2026-09-28T09:34:00-04:00	9.3500	9.3221	1236
2026-09-28T09:35:00-04:00	9.3310	9.3231	1757
2026-09-28T09:36:00-04:00	9.4300	9.3340	6050
2026-09-28T09:37:00-04:00	9.4650	9.3434	3793
2026-09-28T09:39:00-04:00	9.5400	9.3664	7099
2026-09-28T09:40:00-04:00	9.4945	9.3731	2689
2026-09-28T09:41:00-04:00	9.5700	9.3773	1378
2026-09-28T09:42:00-04:00	9.5776	9.4022	8538
2026-09-28T09:43:00-04:00	9.6152	9.4100	2773
2026-09-28T09:44:00-04:00	9.4800	9.4181	6779
2026-09-28T09:45:00-04:00	9.4750	9.4284	13721
2026-09-28T09:46:00-04:00	9.4750	9.4291	1297
2026-09-28T09:47:00-04:00	9.4400	9.4294	1541
2026-09-28T09:49:00-04:00	9.4800	9.4297	568
2026-09-28T09:50:00-04:00	9.3900	9.4291	4250
2026-09-28T09:51:00-04:00	9.4100	9.4290	723
2026-09-28T09:52:00-04:00	9.4400	9.4291	1673
2026-09-28T09:53:00-04:00	9.3500	9.4066	65110
2026-09-28T09:54:00-04:00	9.3800	9.4064	1032
2026-09-28T09:55:00-04:00	9.3800	9.4064	413
2026-09-28T09:56:00-04:00	9.3800	9.4054	6406
2026-09-28T09:58:00-04:00	9.3600	9.4050	2045
2026-09-28T09:59:00-04:00	9.3750	9.4049	708
2026-09-28T10:00:00-04:00	9.3250	9.4035	3484
2026-09-28T10:01:00-04:00	9.3300	9.4026	2529
2026-09-28T10:02:00-04:00	9.3700	9.4024	728
2026-09-28T10:03:00-04:00	9.4000	9.4024	1292
2026-09-28T10:04:00-04:00	9.3500	9.4022	799
2026-09-28T10:05:00-04:00	9.3200	9.4019	557
2026-09-28T10:06:00-04:00	9.3400	9.4016	1060
2026-09-28T10:07:00-04:00	9.3500	9.4011	1833
2026-09-28T10:08:00-04:00	9.3550	9.4010	317
2026-09-28T10:09:00-04:00	9.3750	9.4008	1706
2026-09-28T10:10:00-04:00	9.3650	9.3980	15161
2026-09-28T10:11:00-04:00	9.4000	9.3980	2267
2026-09-28T10:12:00-04:00	9.3800	9.3979	243
2026-09-28T10:13:00-04:00	9.3900	9.3978	1984
2026-09-28T10:15:00-04:00	9.3950	9.3978	7466
2026-09-28T10:16:00-04:00	9.4500	9.3980	1065
2026-09-28T10:18:00-04:00	9.4600	9.3982	789
2026-09-28T10:20:00-04:00	9.4300	9.3983	852
2026-09-28T10:21:00-04:00	9.4300	9.3985	1074
2026-09-28T10:22:00-04:00	9.4100	9.3986	1958
2026-09-28T10:23:00-04:00	9.4050	9.3986	1284
2026-09-28T10:25:00-04:00	9.4000	9.3987	1454
2026-09-28T10:26:00-04:00	9.4100	9.3987	388
2026-09-28T10:27:00-04:00	9.4100	9.3988	2708
2026-09-28T10:29:00-04:00	9.4000	9.3988	1832
2026-09-28T10:30:00-04:00	9.3250	9.3981	3108
2026-09-28T10:31:00-04:00	9.3380	9.3978	976
2026-09-28T10:32:00-04:00	9.2950	9.3946	7650
2026-09-28T10:33:00-04:00	9.3000	9.3945	284
2026-09-28T10:34:00-04:00	9.3200	9.3941	1036
2026-09-28T10:35:00-04:00	9.3300	9.3939	748
2026-09-28T10:36:00-04:00	9.3600	9.3937	1675
2026-09-28T10:37:00-04:00	9.3500	9.3935	1101
2026-09-28T10:39:00-04:00	9.3400	9.3934	489
2026-09-28T10:40:00-04:00	9.3300	9.3930	1466
2026-09-28T10:41:00-04:00	9.3400	9.3929	297
2026-09-28T10:42:00-04:00	9.3201	9.3919	3661
2026-09-28T10:43:00-04:00	9.3200	9.3917	990
2026-09-28T10:44:00-04:00	9.3600	9.3899	9539
2026-09-28T10:45:00-04:00	9.3700	9.3889	14539
2026-09-28T10:46:00-04:00	9.3700	9.3886	3629
2026-09-28T10:47:00-04:00	9.3600	9.3883	3228
2026-09-28T10:48:00-04:00	9.3800	9.3882	1545
2026-09-28T10:49:00-04:00	9.3896	9.3882	2245
2026-09-28T10:50:00-04:00	9.4050	9.3884	3634
2026-09-28T10:51:00-04:00	9.3550	9.3881	3561
2026-09-28T10:52:00-04:00	9.3300	9.3879	1227
2026-09-28T10:53:00-04:00	9.3200	9.3878	503
2026-09-28T10:54:00-04:00	9.3100	9.3875	1049
2026-09-28T10:55:00-04:00	9.2850	9.3855	6235
2026-09-28T10:56:00-04:00	9.3007	9.3847	2887
2026-09-28T10:57:00-04:00	9.3028	9.3845	891
2026-09-28T10:58:00-04:00	9.3200	9.3844	666
2026-09-28T10:59:00-04:00	9.3100	9.3843	313
2026-09-28T11:00:00-04:00	9.3200	9.3838	2084
2026-09-28T11:03:00-04:00	9.3300	9.3836	1368
2026-09-28T11:05:00-04:00	9.3001	9.3834	775
2026-09-28T11:06:00-04:00	9.3000	9.3801	13181
2026-09-28T11:07:00-04:00	9.3300	9.3799	1018
2026-09-28T11:08:00-04:00	9.3460	9.3799	891
2026-09-28T11:09:00-04:00	9.3245	9.3794	2637
2026-09-28T11:10:00-04:00	9.3450	9.3792	1902
2026-09-28T11:11:00-04:00	9.3250	9.3790	1174
2026-09-28T11:12:00-04:00	9.3200	9.3789	1058
2026-09-28T11:13:00-04:00	9.3050	9.3787	675
2026-09-28T11:14:00-04:00	9.2850	9.3782	1994
2026-09-28T11:15:00-04:00	9.2800	9.3761	7676
2026-09-28T11:16:00-04:00	9.2900	9.3757	1323
2026-09-28T11:17:00-04:00	9.2500	9.3745	3632
2026-09-28T11:19:00-04:00	9.2401	9.3741	1205
2026-09-28T11:20:00-04:00	9.2300	9.3729	3017
2026-09-28T11:21:00-04:00	9.2200	9.3720	1908
2026-09-28T11:22:00-04:00	9.2150	9.3718	625
2026-09-28T11:23:00-04:00	9.2200	9.3714	897
2026-09-28T11:24:00-04:00	9.2350	9.3700	3737
2026-09-28T11:25:00-04:00	9.2700	9.3675	8428
2026-09-28T11:26:00-04:00	9.2572	9.3673	808
2026-09-28T11:27:00-04:00	9.2200	9.3637	10263
2026-09-28T11:28:00-04:00	9.2450	9.3624	3995
2026-09-28T11:29:00-04:00	9.2600	9.3616	3017
2026-09-28T11:30:00-04:00	9.2600	9.3610	2152
2026-09-28T11:33:00-04:00	9.2300	9.3606	1334
2026-09-28T11:36:00-04:00	9.2800	9.3585	8465
2026-09-28T11:37:00-04:00	9.2800	9.3583	1158
2026-09-28T11:39:00-04:00	9.3000	9.3580	2125
2026-09-28T11:40:00-04:00	9.2900	9.3575	2772
2026-09-28T11:41:00-04:00	9.2400	9.3570	1796
2026-09-28T11:42:00-04:00	9.2650	9.3566	1783
2026-09-28T11:43:00-04:00	9.2650	9.3565	592
2026-09-28T11:45:00-04:00	9.2500	9.3562	1127
2026-09-28T11:46:00-04:00	9.2900	9.3543	10102
2026-09-28T11:47:00-04:00	9.3050	9.3541	1343
2026-09-28T11:48:00-04:00	9.3200	9.3541	437
2026-09-28T11:49:00-04:00	9.3200	9.3541	240
2026-09-28T11:50:00-04:00	9.3200	9.3540	943
2026-09-28T11:51:00-04:00	9.3200	9.3539	912
2026-09-28T11:53:00-04:00	9.3150	9.3539	682
2026-09-28T11:54:00-04:00	9.3000	9.3538	845
2026-09-28T11:55:00-04:00	9.3100	9.3535	2550
2026-09-28T11:56:00-04:00	9.3100	9.3535	177
2026-09-28T11:57:00-04:00	9.3000	9.3533	1922
2026-09-28T11:59:00-04:00	9.2700	9.3524	5066
2026-09-28T12:00:00-04:00	9.2600	9.3493	17316
2026-09-28T12:01:00-04:00	9.2800	9.3490	1499
2026-09-28T12:02:00-04:00	9.2800	9.3490	611
2026-09-28T12:03:00-04:00	9.2800	9.3487	1478
2026-09-28T12:04:00-04:00	9.2700	9.3484	2032
2026-09-28T12:05:00-04:00	9.2700	9.3483	797
2026-09-28T12:06:00-04:00	9.2850	9.3481	1318
2026-09-28T12:07:00-04:00	9.3000	9.3478	2782
2026-09-28T12:08:00-04:00	9.3050	9.3477	424
2026-09-28T12:09:00-04:00	9.3064	9.3476	1022
2026-09-28T12:11:00-04:00	9.3000	9.3476	419
2026-09-28T12:12:00-04:00	9.2800	9.3474	1458
2026-09-28T12:15:00-04:00	9.2600	9.3457	9355
2026-09-28T12:16:00-04:00	9.3100	9.3448	7905
2026-09-28T12:17:00-04:00	9.2906	9.3443	6224
2026-09-28T12:18:00-04:00	9.3200	9.3442	1261
2026-09-28T12:19:00-04:00	9.3100	9.3442	775
2026-09-28T12:20:00-04:00	9.3200	9.3439	7196
2026-09-28T12:21:00-04:00	9.3050	9.3437	1844
2026-09-28T12:22:00-04:00	9.3100	9.3436	1819
2026-09-28T12:23:00-04:00	9.3100	9.3435	2297
2026-09-28T12:24:00-04:00	9.3250	9.3434	1440
2026-09-28T12:25:00-04:00	9.3223	9.3434	449
2026-09-28T12:26:00-04:00	9.3800	9.3435	3268
2026-09-28T12:27:00-04:00	9.3900	9.3438	2783
2026-09-28T12:28:00-04:00	9.3950	9.3438	512
2026-09-28T12:29:00-04:00	9.3900	9.3442	3943
2026-09-28T12:30:00-04:00	9.3800	9.3443	2147
2026-09-28T12:31:00-04:00	9.3850	9.3446	3367
2026-09-28T12:32:00-04:00	9.3400	9.3446	4304
2026-09-28T12:33:00-04:00	9.3700	9.3447	994
2026-09-28T12:34:00-04:00	9.3650	9.3447	622
2026-09-28T12:35:00-04:00	9.3650	9.3447	1170
2026-09-28T12:36:00-04:00	9.3700	9.3447	213
2026-09-28T12:37:00-04:00	9.3700	9.3448	1346
2026-09-28T12:38:00-04:00	9.3400	9.3448	1599
2026-09-28T12:40:00-04:00	9.3500	9.3448	1107
2026-09-28T12:42:00-04:00	9.3350	9.3448	1585
2026-09-28T12:43:00-04:00	9.3400	9.3448	961
2026-09-28T12:44:00-04:00	9.3300	9.3447	5123
2026-09-28T12:45:00-04:00	9.3400	9.3447	14535
2026-09-28T12:46:00-04:00	9.3300	9.3446	945
2026-09-28T12:47:00-04:00	9.3100	9.3446	402
2026-09-28T12:48:00-04:00	9.2900	9.3444	2068
2026-09-28T12:51:00-04:00	9.2800	9.3444	619
2026-09-28T12:52:00-04:00	9.2700	9.3442	817
2026-09-28T12:53:00-04:00	9.2500	9.3442	601
2026-09-28T12:54:00-04:00	9.2700	9.3440	1384
2026-09-28T12:55:00-04:00	9.2400	9.3438	892
2026-09-28T12:56:00-04:00	9.2400	9.3436	1299
2026-09-28T12:57:00-04:00	9.2300	9.3434	1094
2026-09-28T12:58:00-04:00	9.2500	9.3426	4288
2026-09-28T12:59:00-04:00	9.2400	9.3425	515
2026-09-28T13:00:00-04:00	9.2200	9.3423	963
2026-09-28T13:01:00-04:00	9.2250	9.3420	1436
2026-09-28T13:02:00-04:00	9.2400	9.3420	350
2026-09-28T13:03:00-04:00	9.2150	9.3397	10929
2026-09-28T13:04:00-04:00	9.2200	9.3377	9395
2026-09-28T13:05:00-04:00	9.2300	9.3376	665
2026-09-28T13:06:00-04:00	9.2300	9.3375	344
2026-09-28T13:07:00-04:00	9.2250	9.3373	903
2026-09-28T13:08:00-04:00	9.2250	9.3372	863
2026-09-28T13:09:00-04:00	9.2100	9.3359	6328
2026-09-28T13:10:00-04:00	9.2100	9.3356	1584
2026-09-28T13:11:00-04:00	9.3000	9.3348	8143
2026-09-28T13:12:00-04:00	9.3550	9.3348	3871
2026-09-28T13:13:00-04:00	9.3500	9.3349	935
2026-09-28T13:14:00-04:00	9.3550	9.3349	1891
2026-09-28T13:15:00-04:00	9.3400	9.3350	8889
2026-09-28T13:16:00-04:00	9.3500	9.3350	633
2026-09-28T13:17:00-04:00	9.3400	9.3350	3433
2026-09-28T13:18:00-04:00	9.3300	9.3350	1514
2026-09-28T13:19:00-04:00	9.3200	9.3350	980
2026-09-28T13:20:00-04:00	9.2900	9.3348	2616
2026-09-28T13:22:00-04:00	9.3000	9.3348	1210
2026-09-28T13:23:00-04:00	9.3100	9.3348	570
2026-09-28T13:25:00-04:00	9.2900	9.3346	1642
2026-09-28T13:26:00-04:00	9.2850	9.3345	1379
2026-09-28T13:27:00-04:00	9.2820	9.3345	1026
2026-09-28T13:30:00-04:00	9.3000	9.3344	1881
2026-09-28T13:31:00-04:00	9.2950	9.3343	1725
2026-09-28T13:32:00-04:00	9.3000	9.3342	806
2026-09-28T13:33:00-04:00	9.3000	9.3342	853
2026-09-28T13:34:00-04:00	9.3000	9.3341	857
2026-09-28T13:35:00-04:00	9.2950	9.3341	902
2026-09-28T13:36:00-04:00	9.3000	9.3340	901
2026-09-28T13:37:00-04:00	9.2800	9.3339	1416
2026-09-28T13:38:00-04:00	9.2900	9.3338	1732
2026-09-28T13:39:00-04:00	9.3000	9.3337	1658
2026-09-28T13:40:00-04:00	9.3700	9.3341	17461
2026-09-28T13:41:00-04:00	9.4600	9.3347	3775
2026-09-28T13:42:00-04:00	9.4900	9.3355	3633
2026-09-28T13:43:00-04:00	9.5200	9.3371	6676
2026-09-28T13:44:00-04:00	9.5400	9.3378	2148
2026-09-28T13:45:00-04:00	9.5200	9.3398	7675
2026-09-28T13:46:00-04:00	9.5000	9.3419	9344
2026-09-28T13:47:00-04:00	9.5100	9.3424	2282
2026-09-28T13:48:00-04:00	9.5300	9.3425	268
2026-09-28T13:49:00-04:00	9.5400	9.3428	1330
2026-09-28T13:50:00-04:00	9.5500	9.3436	2644
2026-09-28T13:51:00-04:00	9.5300	9.3438	894
2026-09-28T13:52:00-04:00	9.5300	9.3444	2302
2026-09-28T13:53:00-04:00	9.5200	9.3450	2600
2026-09-28T13:54:00-04:00	9.5200	9.3452	610
2026-09-28T13:55:00-04:00	9.5100	9.3455	1317
2026-09-28T13:56:00-04:00	9.4900	9.3457	1153
2026-09-28T13:57:00-04:00	9.4900	9.3461	2150
2026-09-28T13:58:00-04:00	9.4800	9.3463	963
2026-09-28T13:59:00-04:00	9.4700	9.3465	832
2026-09-28T14:00:00-04:00	9.5000	9.3470	2895
2026-09-28T14:01:00-04:00	9.4900	9.3471	534
2026-09-28T14:02:00-04:00	9.4950	9.3474	1342
2026-09-28T14:04:00-04:00	9.5000	9.3475	398
2026-09-28T14:05:00-04:00	9.4900	9.3476	595
2026-09-28T14:06:00-04:00	9.5100	9.3483	3073
2026-09-28T14:08:00-04:00	9.5100	9.3486	1313
2026-09-28T14:09:00-04:00	9.5100	9.3487	691
2026-09-28T14:10:00-04:00	9.5000	9.3496	4008
2026-09-28T14:11:00-04:00	9.5000	9.3502	3043
2026-09-28T14:13:00-04:00	9.5000	9.3505	1619
2026-09-28T14:14:00-04:00	9.5100	9.3507	949
2026-09-28T14:15:00-04:00	9.5100	9.3524	7857
2026-09-28T14:16:00-04:00	9.5000	9.3525	600
2026-09-28T14:17:00-04:00	9.4700	9.3528	2117
2026-09-28T14:18:00-04:00	9.4550	9.3531	1860
2026-09-28T14:19:00-04:00	9.4400	9.3532	794
2026-09-28T14:20:00-04:00	9.4400	9.3533	803
2026-09-28T14:21:00-04:00	9.4200	9.3534	1075
2026-09-28T14:22:00-04:00	9.4300	9.3536	2129
2026-09-28T14:23:00-04:00	9.4100	9.3540	5027
2026-09-28T14:24:00-04:00	9.4200	9.3541	1806
2026-09-28T14:25:00-04:00	9.4200	9.3542	670
2026-09-28T14:26:00-04:00	9.4400	9.3545	2629
2026-09-28T14:27:00-04:00	9.4500	9.3545	210
2026-09-28T14:28:00-04:00	9.4500	9.3546	685
2026-09-28T14:29:00-04:00	9.4200	9.3550	4603
2026-09-28T14:30:00-04:00	9.4000	9.3551	1827
2026-09-28T14:31:00-04:00	9.3900	9.3552	1025
2026-09-28T14:32:00-04:00	9.3900	9.3553	2044
2026-09-28T14:33:00-04:00	9.3850	9.3553	501
2026-09-28T14:34:00-04:00	9.4100	9.3555	2822
2026-09-28T14:35:00-04:00	9.4100	9.3555	841
2026-09-28T14:36:00-04:00	9.4200	9.3556	931
2026-09-28T14:37:00-04:00	9.4150	9.3556	721
2026-09-28T14:38:00-04:00	9.4150	9.3557	322
2026-09-28T14:39:00-04:00	9.4100	9.3558	1928
2026-09-28T14:40:00-04:00	9.4100	9.3559	1176
2026-09-28T14:41:00-04:00	9.4100	9.3561	3127
2026-09-28T14:42:00-04:00	9.4100	9.3564	4498
2026-09-28T14:43:00-04:00	9.4100	9.3564	429
2026-09-28T14:44:00-04:00	9.4200	9.3565	672
2026-09-28T14:45:00-04:00	9.4100	9.3571	9252
2026-09-28T14:46:00-04:00	9.4150	9.3571	596
2026-09-28T14:47:00-04:00	9.4100	9.3572	1226
2026-09-28T14:48:00-04:00	9.4100	9.3573	2329
2026-09-28T14:50:00-04:00	9.3800	9.3575	3402
2026-09-28T14:51:00-04:00	9.3800	9.3575	868
2026-09-28T14:52:00-04:00	9.3600	9.3575	2606
2026-09-28T14:53:00-04:00	9.3600	9.3576	5169
2026-09-28T14:54:00-04:00	9.3800	9.3576	1040
2026-09-28T14:55:00-04:00	9.3650	9.3576	335
2026-09-28T14:56:00-04:00	9.3900	9.3577	2147
2026-09-28T14:57:00-04:00	9.3900	9.3578	2274
2026-09-28T14:58:00-04:00	9.3900	9.3578	284
2026-09-28T14:59:00-04:00	9.3900	9.3578	1673
2026-09-28T15:00:00-04:00	9.3550	9.3579	4779
2026-09-28T15:02:00-04:00	9.3700	9.3579	2144
2026-09-28T15:03:00-04:00	9.3505	9.3579	2472
2026-09-28T15:04:00-04:00	9.3400	9.3577	8036
2026-09-28T15:05:00-04:00	9.3500	9.3577	1468
2026-09-28T15:06:00-04:00	9.3400	9.3577	564
2026-09-28T15:07:00-04:00	9.3400	9.3577	1856
2026-09-28T15:08:00-04:00	9.3300	9.3576	675
2026-09-28T15:09:00-04:00	9.3300	9.3576	1102
2026-09-28T15:10:00-04:00	9.3300	9.3576	553
2026-09-28T15:11:00-04:00	9.3500	9.3575	2661
2026-09-28T15:12:00-04:00	9.3500	9.3575	582
2026-09-28T15:13:00-04:00	9.3600	9.3575	1256
2026-09-28T15:14:00-04:00	9.3500	9.3575	1597
2026-09-28T15:15:00-04:00	9.3700	9.3576	15297
2026-09-28T15:16:00-04:00	9.3700	9.3576	1887
2026-09-28T15:17:00-04:00	9.3600	9.3576	2709
2026-09-28T15:18:00-04:00	9.3600	9.3576	1517
2026-09-28T15:19:00-04:00	9.3500	9.3576	3474
2026-09-28T15:20:00-04:00	9.3300	9.3575	1942
2026-09-28T15:21:00-04:00	9.3376	9.3575	2696
2026-09-28T15:22:00-04:00	9.3100	9.3573	3777
2026-09-28T15:23:00-04:00	9.3252	9.3572	3700
2026-09-28T15:24:00-04:00	9.3100	9.3570	4451
2026-09-28T15:25:00-04:00	9.3050	9.3569	2004
2026-09-28T15:26:00-04:00	9.3000	9.3567	2268
2026-09-28T15:27:00-04:00	9.3000	9.3567	950
2026-09-28T15:28:00-04:00	9.3000	9.3562	6686
2026-09-28T15:29:00-04:00	9.2950	9.3560	3292
2026-09-28T15:30:00-04:00	9.2800	9.3558	2911
2026-09-28T15:31:00-04:00	9.2900	9.3556	2174
2026-09-28T15:32:00-04:00	9.3050	9.3554	3535
2026-09-28T15:33:00-04:00	9.3000	9.3552	2671
2026-09-28T15:34:00-04:00	9.2801	9.3551	2234
2026-09-28T15:35:00-04:00	9.2700	9.3547	4425
2026-09-28T15:36:00-04:00	9.2800	9.3545	1998
2026-09-28T15:37:00-04:00	9.2650	9.3540	5496
2026-09-28T15:38:00-04:00	9.2500	9.3536	3666
2026-09-28T15:39:00-04:00	9.2400	9.3532	4208
2026-09-28T15:40:00-04:00	9.2175	9.3515	11918
2026-09-28T15:41:00-04:00	9.2300	9.3512	1742
2026-09-28T15:42:00-04:00	9.2400	9.3490	19129
2026-09-28T15:43:00-04:00	9.2400	9.3489	1387
2026-09-28T15:44:00-04:00	9.2350	9.3484	4371
2026-09-28T15:45:00-04:00	9.2150	9.3472	9601
2026-09-28T15:46:00-04:00	9.2150	9.3469	2312
2026-09-28T15:47:00-04:00	9.2050	9.3462	5284
2026-09-28T15:48:00-04:00	9.2100	9.3447	10925
2026-09-28T15:49:00-04:00	9.2100	9.3438	6373
2026-09-28T15:50:00-04:00	9.2300	9.3424	12178
2026-09-28T15:51:00-04:00	9.2250	9.3416	7414
2026-09-28T15:52:00-04:00	9.2250	9.3414	1278
2026-09-28T15:53:00-04:00	9.2300	9.3397	15632
2026-09-28T15:54:00-04:00	9.2050	9.3375	18679
2026-09-28T15:55:00-04:00	9.1901	9.3353	16984
2026-09-28T15:56:00-04:00	9.1700	9.3301	37205
2026-09-28T15:57:00-04:00	9.1700	9.3275	19148
2026-09-28T15:58:00-04:00	9.1550	9.3179	70733
2026-09-28T15:59:00-04:00	9.1350	9.3095	61620
2026-09-29T09:30:00-04:00	9.1299	9.1966	28876
2026-09-29T09:31:00-04:00	9.0200	9.1890	1909
2026-09-29T09:32:00-04:00	9.0600	9.1844	1302
2026-09-29T09:33:00-04:00	9.1200	9.1816	1104
2026-09-29T09:34:00-04:00	9.0750	9.1800	511
2026-09-29T09:35:00-04:00	9.1000	9.1771	1068
2026-09-29T09:36:00-04:00	8.9517	9.1307	12552
2026-09-29T09:37:00-04:00	8.9950	9.1258	1599
2026-09-29T09:38:00-04:00	9.0650	9.1173	6100
2026-09-29T09:40:00-04:00	9.0300	9.1105	8433
2026-09-29T09:41:00-04:00	9.1050	9.1088	3894
2026-09-29T09:42:00-04:00	9.1800	9.1120	3534
2026-09-29T09:43:00-04:00	9.0900	9.1112	47589
2026-09-29T09:44:00-04:00	9.0600	9.1083	12246
2026-09-29T09:45:00-04:00	9.0650	9.1058	7714
2026-09-29T09:46:00-04:00	9.0850	9.1057	1541
2026-09-29T09:47:00-04:00	9.1300	9.1059	1752
2026-09-29T09:48:00-04:00	9.1050	9.1059	636
2026-09-29T09:49:00-04:00	9.1000	9.1055	4856
2026-09-29T09:50:00-04:00	9.0875	9.1054	1390
2026-09-29T09:52:00-04:00	9.1150	9.1055	633
2026-09-29T09:53:00-04:00	9.1250	9.1055	216
2026-09-29T09:54:00-04:00	9.1200	9.1057	1957
2026-09-29T09:55:00-04:00	9.1400	9.1062	1785
2026-09-29T09:56:00-04:00	9.2200	9.1081	3065
2026-09-29T09:57:00-04:00	9.2100	9.1095	2187
2026-09-29T09:58:00-04:00	9.2050	9.1100	885
2026-09-29T09:59:00-04:00	9.0636	9.1090	15902
2026-09-29T10:00:00-04:00	9.0950	9.1090	942
2026-09-29T10:01:00-04:00	9.0500	9.1088	486
2026-09-29T10:02:00-04:00	9.0600	9.1074	4197
2026-09-29T10:03:00-04:00	9.0750	9.1072	709
2026-09-29T10:05:00-04:00	9.0400	9.1062	6065
2026-09-29T10:06:00-04:00	9.0400	9.1062	245
2026-09-29T10:07:00-04:00	9.0850	9.1060	661
2026-09-29T10:08:00-04:00	9.0650	9.1040	8645
2026-09-29T10:09:00-04:00	9.0200	9.1038	531
2026-09-29T10:11:00-04:00	9.0650	9.1037	283
2026-09-29T10:12:00-04:00	9.0300	9.1035	644
2026-09-29T10:13:00-04:00	9.0400	9.1033	512
2026-09-29T10:14:00-04:00	9.0100	9.1027	1406
2026-09-29T10:15:00-04:00	8.9850	9.0971	10373
2026-09-29T10:16:00-04:00	9.0450	9.0932	13402
2026-09-29T10:17:00-04:00	9.0700	9.0927	3384
2026-09-29T10:19:00-04:00	9.1250	9.0965	22118
2026-09-29T10:20:00-04:00	9.2300	9.1068	28294
2026-09-29T10:21:00-04:00	9.1950	9.1073	1429
2026-09-29T10:22:00-04:00	9.1950	9.1104	11287
2026-09-29T10:24:00-04:00	9.1950	9.1105	505
2026-09-29T10:25:00-04:00	9.2150	9.1112	1809
2026-09-29T10:26:00-04:00	9.2100	9.1114	707
2026-09-29T10:27:00-04:00	9.2100	9.1130	4513
2026-09-29T10:28:00-04:00	9.2200	9.1147	4841
2026-09-29T10:29:00-04:00	9.2000	9.1153	2449
2026-09-29T10:30:00-04:00	9.2100	9.1154	138
2026-09-29T10:31:00-04:00	9.1800	9.1157	1556
2026-09-29T10:32:00-04:00	9.1500	9.1159	1440
2026-09-29T10:33:00-04:00	9.1300	9.1164	6163
2026-09-29T10:34:00-04:00	9.1400	9.1165	812
2026-09-29T10:35:00-04:00	9.1400	9.1167	3653
2026-09-29T10:36:00-04:00	9.1150	9.1167	2568
2026-09-29T10:37:00-04:00	9.1150	9.1167	382
2026-09-29T10:38:00-04:00	9.1200	9.1167	1475
2026-09-29T10:39:00-04:00	9.1800	9.1180	8368
2026-09-29T10:40:00-04:00	9.1800	9.1183	1441
2026-09-29T10:41:00-04:00	9.1500	9.1189	6125
2026-09-29T10:42:00-04:00	9.1950	9.1206	10855
2026-09-29T10:43:00-04:00	9.2000	9.1229	10426
2026-09-29T10:44:00-04:00	9.2200	9.1234	1754
2026-09-29T10:45:00-04:00	9.1950	9.1250	7763
2026-09-29T10:46:00-04:00	9.1900	9.1252	1217
2026-09-29T10:47:00-04:00	9.2100	9.1266	6651
2026-09-29T10:48:00-04:00	9.2000	9.1268	1240
2026-09-29T10:49:00-04:00	9.1850	9.1272	2245
2026-09-29T10:50:00-04:00	9.2900	9.1355	26321
2026-09-29T10:51:00-04:00	9.3000	9.1363	2026
2026-09-29T10:52:00-04:00	9.3000	9.1365	462
2026-09-29T10:53:00-04:00	9.2600	9.1380	4570
2026-09-29T10:54:00-04:00	9.2700	9.1385	1500
2026-09-29T10:55:00-04:00	9.2800	9.1408	6919
2026-09-29T10:56:00-04:00	9.2664	9.1414	2285
2026-09-29T10:57:00-04:00	9.2500	9.1419	1852
2026-09-29T10:58:00-04:00	9.2100	9.1428	4765
2026-09-29T10:59:00-04:00	9.1800	9.1430	2205
2026-09-29T11:00:00-04:00	9.1700	9.1431	708
2026-09-29T11:01:00-04:00	9.1350	9.1431	943
2026-09-29T11:02:00-04:00	9.1266	9.1430	1169
2026-09-29T11:03:00-04:00	9.1400	9.1430	1679
2026-09-29T11:04:00-04:00	9.1300	9.1430	613
2026-09-29T11:05:00-04:00	9.1500	9.1430	3140
2026-09-29T11:06:00-04:00	9.1500	9.1430	670
2026-09-29T11:07:00-04:00	9.1400	9.1430	707
2026-09-29T11:08:00-04:00	9.1250	9.1430	403
2026-09-29T11:09:00-04:00	9.1300	9.1430	2864
2026-09-29T11:10:00-04:00	9.1650	9.1432	9251
2026-09-29T11:11:00-04:00	9.1750	9.1436	6179
2026-09-29T11:12:00-04:00	9.1600	9.1439	6026
2026-09-29T11:13:00-04:00	9.1650	9.1439	715
2026-09-29T11:14:00-04:00	9.1550	9.1440	1108
2026-09-29T11:15:00-04:00	9.1400	9.1442	11407
2026-09-29T11:16:00-04:00	9.1200	9.1441	3168
2026-09-29T11:17:00-04:00	9.1000	9.1438	2918
2026-09-29T11:18:00-04:00	9.1000	9.1438	407
2026-09-29T11:19:00-04:00	9.1000	9.1437	1471
2026-09-29T11:20:00-04:00	9.0700	9.1428	6500
2026-09-29T11:21:00-04:00	9.0800	9.1426	1644
2026-09-29T11:22:00-04:00	9.0700	9.1421	3479
2026-09-29T11:23:00-04:00	9.0600	9.1421	102
2026-09-29T11:24:00-04:00	9.0600	9.1418	1615
2026-09-29T11:25:00-04:00	9.0500	9.1399	10635
2026-09-29T11:26:00-04:00	9.0450	9.1397	1153
2026-09-29T11:27:00-04:00	9.0350	9.1394	1204
2026-09-29T11:28:00-04:00	9.0500	9.1393	576
2026-09-29T11:29:00-04:00	9.0400	9.1392	437
2026-09-29T11:30:00-04:00	9.0600	9.1387	3173
2026-09-29T11:31:00-04:00	9.0650	9.1386	932
2026-09-29T11:32:00-04:00	9.0700	9.1384	1671
2026-09-29T11:33:00-04:00	9.0900	9.1383	748
2026-09-29T11:34:00-04:00	9.1000	9.1381	2208
2026-09-29T11:36:00-04:00	9.1000	9.1381	459
2026-09-29T11:37:00-04:00	9.0950	9.1380	1180
2026-09-29T11:38:00-04:00	9.1000	9.1379	1167
2026-09-29T11:39:00-04:00	9.1000	9.1378	1431
2026-09-29T11:40:00-04:00	9.1050	9.1378	303
2026-09-29T11:41:00-04:00	9.0800	9.1377	1200
2026-09-29T11:43:00-04:00	9.0800	9.1376	633
2026-09-29T11:44:00-04:00	9.0900	9.1368	8694
2026-09-29T11:45:00-04:00	9.0850	9.1362	7298
2026-09-29T11:46:00-04:00	9.0850	9.1361	285
2026-09-29T11:47:00-04:00	9.1350	9.1360	6301
2026-09-29T11:48:00-04:00	9.1050	9.1360	505
2026-09-29T11:49:00-04:00	9.1200	9.1359	328
2026-09-29T11:50:00-04:00	9.0800	9.1358	1427
2026-09-29T11:51:00-04:00	9.0600	9.1353	4033
2026-09-29T11:52:00-04:00	9.0550	9.1352	1040
2026-09-29T11:53:00-04:00	9.0550	9.1350	1014
2026-09-29T11:54:00-04:00	9.0700	9.1350	292
2026-09-29T11:55:00-04:00	9.0550	9.1348	1217
2026-09-29T11:56:00-04:00	9.0550	9.1347	867
2026-09-29T11:57:00-04:00	9.0550	9.1347	443
2026-09-29T11:58:00-04:00	9.0800	9.1346	938
2026-09-29T11:59:00-04:00	9.0800	9.1345	824
2026-09-29T12:00:00-04:00	9.0700	9.1344	135
2026-09-29T12:01:00-04:00	9.0550	9.1344	313
2026-09-29T12:02:00-04:00	9.0550	9.1342	1187
2026-09-29T12:03:00-04:00	9.0500	9.1328	10809
2026-09-29T12:04:00-04:00	9.0600	9.1327	501
2026-09-29T12:05:00-04:00	9.0450	9.1325	1552
2026-09-29T12:06:00-04:00	9.0450	9.1323	1329
2026-09-29T12:07:00-04:00	9.0400	9.1322	593
2026-09-29T12:09:00-04:00	9.0250	9.1319	1567
2026-09-29T12:10:00-04:00	9.0200	9.1318	661
2026-09-29T12:11:00-04:00	9.0200	9.1318	260
2026-09-29T12:12:00-04:00	9.0200	9.1317	466
2026-09-29T12:13:00-04:00	9.0200	9.1313	1774
2026-09-29T12:14:00-04:00	9.0100	9.1312	644
2026-09-29T12:15:00-04:00	9.0100	9.1298	7060
2026-09-29T12:16:00-04:00	8.9700	9.1275	8927
2026-09-29T12:17:00-04:00	8.9700	9.1268	2601
2026-09-29T12:18:00-04:00	8.9600	9.1264	1751
2026-09-29T12:19:00-04:00	8.9400	9.1246	6151
2026-09-29T12:20:00-04:00	8.9450	9.1239	2170
2026-09-29T12:21:00-04:00	8.9700	9.1229	4287
2026-09-29T12:22:00-04:00	8.9700	9.1225	1393
2026-09-29T12:23:00-04:00	8.9700	9.1222	1557
2026-09-29T12:24:00-04:00	8.9800	9.1221	235
2026-09-29T12:25:00-04:00	8.9800	9.1220	547
2026-09-29T12:27:00-04:00	8.9800	9.1219	249
2026-09-29T12:28:00-04:00	8.9900	9.1217	1305
2026-09-29T12:29:00-04:00	8.9700	9.1209	3345
2026-09-29T12:30:00-04:00	8.9700	9.1208	520
2026-09-29T12:31:00-04:00	8.9500	9.1200	3054
2026-09-29T12:32:00-04:00	8.9500	9.1197	873
2026-09-29T12:33:00-04:00	8.9700	9.1192	2411
2026-09-29T12:34:00-04:00	8.9800	9.1179	5800
2026-09-29T12:35:00-04:00	8.9800	9.1177	823
2026-09-29T12:36:00-04:00	8.9800	9.1176	538
2026-09-29T12:37:00-04:00	8.9600	9.1175	315
2026-09-29T12:38:00-04:00	8.9700	9.1174	330
2026-09-29T12:39:00-04:00	8.9600	9.1170	1996
2026-09-29T12:40:00-04:00	8.9450	9.1167	1101
2026-09-29T12:41:00-04:00	8.9400	9.1145	8376
2026-09-29T12:42:00-04:00	8.9400	9.1143	419
2026-09-29T12:43:00-04:00	8.9350	9.1141	830
2026-09-29T12:44:00-04:00	8.9300	9.1135	2227
2026-09-29T12:45:00-04:00	8.9150	9.1112	8078
2026-09-29T12:46:00-04:00	8.9150	9.1110	382
2026-09-29T12:47:00-04:00	8.9200	9.1098	4318
2026-09-29T12:48:00-04:00	8.9250	9.1093	1595
2026-09-29T12:49:00-04:00	8.9300	9.1092	375
2026-09-29T12:50:00-04:00	8.9300	9.1092	228
2026-09-29T12:51:00-04:00	8.9400	9.1088	1536
2026-09-29T12:52:00-04:00	8.9300	9.1079	3515
2026-09-29T12:53:00-04:00	8.9300	9.1077	546
2026-09-29T12:54:00-04:00	8.9100	9.1072	1716
2026-09-29T12:55:00-04:00	8.9000	9.1061	3765
2026-09-29T12:56:00-04:00	8.9000	9.1058	994
2026-09-29T12:57:00-04:00	8.9250	9.1034	9252
2026-09-29T12:58:00-04:00	8.9300	9.1033	401
2026-09-29T12:59:00-04:00	8.9300	9.1032	402
2026-09-29T13:01:00-04:00	8.9200	9.1029	1270
2026-09-29T13:02:00-04:00	8.9200	9.1028	359
2026-09-29T13:03:00-04:00	8.9200	9.1028	140
2026-09-29T13:04:00-04:00	8.9200	9.1026	638
2026-09-29T13:05:00-04:00	8.9200	9.1020	2306
2026-09-29T13:06:00-04:00	8.9200	9.1018	800
2026-09-29T13:07:00-04:00	8.9200	9.1018	117
2026-09-29T13:08:00-04:00	8.9200	9.1015	881
2026-09-29T13:09:00-04:00	8.9100	9.1011	1784
2026-09-29T13:10:00-04:00	8.9200	9.1009	666
2026-09-29T13:11:00-04:00	8.9100	9.1003	2379
2026-09-29T13:12:00-04:00	8.9100	9.1001	492
2026-09-29T13:13:00-04:00	8.9100	9.0999	811
2026-09-29T13:14:00-04:00	8.9100	9.0998	281
2026-09-29T13:15:00-04:00	8.8850	9.0964	11762
2026-09-29T13:16:00-04:00	8.8800	9.0953	3529
2026-09-29T13:17:00-04:00	8.8669	9.0950	896
2026-09-29T13:18:00-04:00	8.8700	9.0950	267
2026-09-29T13:19:00-04:00	8.8700	9.0948	488
2026-09-29T13:20:00-04:00	8.8800	9.0942	2038
2026-09-29T13:21:00-04:00	8.8800	9.0939	1068
2026-09-29T13:22:00-04:00	8.8900	9.0924	5390
2026-09-29T13:23:00-04:00	8.9150	9.0916	3100
2026-09-29T13:24:00-04:00	8.9250	9.0912	1886
2026-09-29T13:25:00-04:00	8.9400	9.0909	1093
2026-09-29T13:26:00-04:00	8.9400	9.0907	1140
2026-09-29T13:27:00-04:00	8.9500	9.0905	1210
2026-09-29T13:28:00-04:00	8.9350	9.0898	3304
2026-09-29T13:30:00-04:00	8.9300	9.0896	869
2026-09-29T13:31:00-04:00	8.9300	9.0896	260
2026-09-29T13:32:00-04:00	8.9300	9.0894	623
2026-09-29T13:33:00-04:00	8.9300	9.0893	374
2026-09-29T13:34:00-04:00	8.9300	9.0893	319
2026-09-29T13:35:00-04:00	8.9300	9.0892	498
2026-09-29T13:36:00-04:00	8.9350	9.0891	325
2026-09-29T13:37:00-04:00	8.9400	9.0890	585
2026-09-29T13:38:00-04:00	8.9450	9.0884	3106
2026-09-29T13:39:00-04:00	8.9450	9.0882	958
2026-09-29T13:40:00-04:00	8.9450	9.0878	2042
2026-09-29T13:41:00-04:00	8.9450	9.0878	306
2026-09-29T13:42:00-04:00	8.9450	9.0877	208
2026-09-29T13:43:00-04:00	8.9500	9.0873	2079
2026-09-29T13:44:00-04:00	8.9400	9.0865	4450
2026-09-29T13:45:00-04:00	8.9500	9.0864	887
2026-09-29T13:46:00-04:00	8.9400	9.0846	9753
2026-09-29T13:48:00-04:00	8.9300	9.0844	692
2026-09-29T13:49:00-04:00	8.9400	9.0843	530
2026-09-29T13:50:00-04:00	8.9400	9.0842	891
2026-09-29T13:51:00-04:00	8.9300	9.0838	1693
2026-09-29T13:52:00-04:00	8.9400	9.0837	500
2026-09-29T13:54:00-04:00	8.9200	9.0836	875
2026-09-29T13:55:00-04:00	8.9250	9.0834	903
2026-09-29T13:56:00-04:00	8.9200	9.0833	279
2026-09-29T13:57:00-04:00	8.9200	9.0832	425
2026-09-29T13:58:00-04:00	8.9200	9.0831	431
2026-09-29T14:00:00-04:00	8.9700	9.0806	15911
2026-09-29T14:01:00-04:00	8.9500	9.0799	5225
2026-09-29T14:02:00-04:00	8.9700	9.0796	2130
2026-09-29T14:03:00-04:00	8.9650	9.0796	243
2026-09-29T14:04:00-04:00	8.9600	9.0791	2924
2026-09-29T14:05:00-04:00	8.9800	9.0790	1122
2026-09-29T14:06:00-04:00	9.0000	9.0788	1902
2026-09-29T14:07:00-04:00	8.9600	9.0787	620
2026-09-29T14:08:00-04:00	8.9700	9.0785	1362
2026-09-29T14:09:00-04:00	8.9600	9.0784	861
2026-09-29T14:10:00-04:00	8.9750	9.0783	970
2026-09-29T14:11:00-04:00	8.9500	9.0782	525
2026-09-29T14:12:00-04:00	8.9400	9.0779	1546
2026-09-29T14:13:00-04:00	8.9580	9.0774	3012
2026-09-29T14:14:00-04:00	8.9550	9.0774	427
2026-09-29T14:15:00-04:00	8.9500	9.0767	4360
2026-09-29T14:16:00-04:00	8.9500	9.0756	7118
2026-09-29T14:17:00-04:00	8.9500	9.0755	1116
2026-09-29T14:18:00-04:00	8.9500	9.0750	2790
2026-09-29T14:19:00-04:00	8.9400	9.0747	2087
2026-09-29T14:20:00-04:00	8.9400	9.0746	880
2026-09-29T14:21:00-04:00	8.9400	9.0743	1886
2026-09-29T14:22:00-04:00	8.9350	9.0740	1769
2026-09-29T14:23:00-04:00	8.9350	9.0738	1254
2026-09-29T14:24:00-04:00	8.9000	9.0726	5897
2026-09-29T14:25:00-04:00	8.9000	9.0725	548
2026-09-29T14:26:00-04:00	8.9101	9.0720	2767
2026-09-29T14:27:00-04:00	8.9150	9.0719	702
2026-09-29T14:28:00-04:00	8.9300	9.0715	2486
2026-09-29T14:29:00-04:00	8.9250	9.0714	506
2026-09-29T14:30:00-04:00	8.9150	9.0701	7887
2026-09-29T14:31:00-04:00	8.9200	9.0700	379
2026-09-29T14:32:00-04:00	8.9200	9.0699	845
2026-09-29T14:33:00-04:00	8.9200	9.0698	337
2026-09-29T14:34:00-04:00	8.9150	9.0696	1379
2026-09-29T14:35:00-04:00	8.9100	9.0694	1322
2026-09-29T14:36:00-04:00	8.9150	9.0684	5258
2026-09-29T14:37:00-04:00	8.9300	9.0681	1824
2026-09-29T14:38:00-04:00	8.9350	9.0677	2441
2026-09-29T14:39:00-04:00	8.9550	9.0667	8432
2026-09-29T14:40:00-04:00	8.9600	9.0665	1220
2026-09-29T14:41:00-04:00	8.9769	9.0664	757
2026-09-29T14:42:00-04:00	8.9700	9.0663	1521
2026-09-29T14:43:00-04:00	8.9600	9.0659	3136
2026-09-29T14:44:00-04:00	8.9450	9.0659	253
2026-09-29T14:45:00-04:00	8.9450	9.0655	2787
2026-09-29T14:46:00-04:00	8.9500	9.0646	7274
2026-09-29T14:47:00-04:00	8.9500	9.0644	1612
2026-09-29T14:48:00-04:00	8.9700	9.0642	1957
2026-09-29T14:49:00-04:00	8.9700	9.0641	470
2026-09-29T14:50:00-04:00	8.9550	9.0636	4345
2026-09-29T14:51:00-04:00	8.9500	9.0636	351
2026-09-29T14:52:00-04:00	8.9500	9.0632	2753
2026-09-29T14:53:00-04:00	8.9600	9.0631	1353
2026-09-29T14:54:00-04:00	8.9550	9.0630	288
2026-09-29T14:55:00-04:00	8.9600	9.0629	898
2026-09-29T14:56:00-04:00	8.9550	9.0628	990
2026-09-29T14:57:00-04:00	8.9500	9.0618	8691
2026-09-29T14:58:00-04:00	8.9650	9.0614	3946
2026-09-29T14:59:00-04:00	8.9650	9.0613	450
2026-09-29T15:00:00-04:00	8.9650	9.0612	1040
2026-09-29T15:01:00-04:00	8.9750	9.0609	2757
2026-09-29T15:02:00-04:00	8.9650	9.0595	15663
2026-09-29T15:03:00-04:00	8.9800	9.0594	1499
2026-09-29T15:04:00-04:00	8.9700	9.0593	682
2026-09-29T15:05:00-04:00	8.9600	9.0591	1722
2026-09-29T15:06:00-04:00	8.9600	9.0591	651
2026-09-29T15:07:00-04:00	8.9500	9.0589	1864
2026-09-29T15:08:00-04:00	8.9350	9.0587	860
2026-09-29T15:09:00-04:00	8.9350	9.0586	905
2026-09-29T15:10:00-04:00	8.9350	9.0585	732
2026-09-29T15:11:00-04:00	8.9400	9.0585	300
2026-09-29T15:12:00-04:00	8.9500	9.0578	5930
2026-09-29T15:13:00-04:00	8.9450	9.0577	917
2026-09-29T15:14:00-04:00	8.9450	9.0575	2051
2026-09-29T15:15:00-04:00	8.9350	9.0564	8990
2026-09-29T15:16:00-04:00	8.9400	9.0563	408
2026-09-29T15:17:00-04:00	8.9300	9.0556	5663
2026-09-29T15:18:00-04:00	8.9400	9.0555	1204
2026-09-29T15:19:00-04:00	8.9450	9.0550	4118
2026-09-29T15:20:00-04:00	8.9400	9.0547	2831
2026-09-29T15:21:00-04:00	8.9350	9.0545	1811
2026-09-29T15:22:00-04:00	8.9400	9.0540	3690
2026-09-29T15:23:00-04:00	8.9400	9.0536	3358
2026-09-29T15:24:00-04:00	8.9250	9.0533	2855
2026-09-29T15:25:00-04:00	8.9350	9.0531	1580
2026-09-29T15:26:00-04:00	8.9300	9.0528	2475
2026-09-29T15:27:00-04:00	8.9250	9.0527	571
2026-09-29T15:28:00-04:00	8.9250	9.0526	1354
2026-09-29T15:29:00-04:00	8.8800	9.0508	11249
2026-09-29T15:30:00-04:00	8.8800	9.0504	2608
2026-09-29T15:31:00-04:00	8.8800	9.0501	1635
2026-09-29T15:32:00-04:00	8.8950	9.0496	3117
2026-09-29T15:33:00-04:00	8.8900	9.0492	2830
2026-09-29T15:34:00-04:00	8.8850	9.0490	1452
2026-09-29T15:35:00-04:00	8.8750	9.0481	5475
2026-09-29T15:36:00-04:00	8.8800	9.0478	1669
2026-09-29T15:37:00-04:00	8.9000	9.0472	4274
2026-09-29T15:38:00-04:00	8.8950	9.0470	1384
2026-09-29T15:39:00-04:00	8.8950	9.0460	6489
2026-09-29T15:40:00-04:00	8.8800	9.0454	4321
2026-09-29T15:41:00-04:00	8.8750	9.0448	3763
2026-09-29T15:42:00-04:00	8.8900	9.0435	8728
2026-09-29T15:43:00-04:00	8.8800	9.0432	2065
2026-09-29T15:44:00-04:00	8.8800	9.0428	2544
2026-09-29T15:45:00-04:00	8.8800	9.0426	762
2026-09-29T15:46:00-04:00	8.8710	9.0423	2249
2026-09-29T15:47:00-04:00	8.8650	9.0411	7541
2026-09-29T15:48:00-04:00	8.8650	9.0406	2877
2026-09-29T15:49:00-04:00	8.8500	9.0389	9703
2026-09-29T15:50:00-04:00	8.8950	9.0375	10145
2026-09-29T15:51:00-04:00	8.8950	9.0361	11291
2026-09-29T15:52:00-04:00	8.9050	9.0354	5728
2026-09-29T15:53:00-04:00	8.9100	9.0347	5687
2026-09-29T15:54:00-04:00	8.8900	9.0332	13391
2026-09-29T15:55:00-04:00	8.9100	9.0318	12598
2026-09-29T15:56:00-04:00	8.8800	9.0285	26199
2026-09-29T15:57:00-04:00	8.8850	9.0256	24853
2026-09-29T15:58:00-04:00	8.8150	9.0167	60113
2026-09-29T15:59:00-04:00	8.8200	9.0037	91138
2026-09-30T09:30:00-04:00	8.8350	8.8383	24926
2026-09-30T09:31:00-04:00	8.9500	8.8420	1322
2026-09-30T09:32:00-04:00	8.9450	8.8450	682
2026-09-30T09:33:00-04:00	8.9100	8.8453	130
2026-09-30T09:34:00-04:00	8.9100	8.8464	451
2026-09-30T09:35:00-04:00	8.8810	8.8498	3430
2026-09-30T09:36:00-04:00	8.8700	8.8500	318
2026-09-30T09:37:00-04:00	8.8700	8.8501	145
2026-09-30T09:38:00-04:00	8.8000	8.8487	1000
2026-09-30T09:39:00-04:00	8.8150	8.8471	2424
2026-09-30T09:40:00-04:00	8.8500	8.8468	1028
2026-09-30T09:41:00-04:00	8.8200	8.8457	1512
2026-09-30T09:42:00-04:00	8.9000	8.8490	5071
2026-09-30T09:44:00-04:00	8.9100	8.8509	1808
2026-09-30T09:45:00-04:00	8.8600	8.8512	7837
2026-09-30T09:46:00-04:00	8.8900	8.8518	923
2026-09-30T09:47:00-04:00	8.9451	8.8552	2418
2026-09-30T09:48:00-04:00	8.9050	8.8555	371
2026-09-30T09:49:00-04:00	8.8950	8.8570	2000
2026-09-30T09:51:00-04:00	8.9300	8.8580	1020
2026-09-30T09:53:00-04:00	9.0000	8.8630	2548
2026-09-30T09:54:00-04:00	9.0499	8.8737	4733
2026-09-30T09:55:00-04:00	9.0600	8.8783	1815
2026-09-30T09:56:00-04:00	9.0101	8.8834	2285
2026-09-30T09:57:00-04:00	9.1499	8.9001	5188
2026-09-30T09:58:00-04:00	9.0900	8.9140	5242
2026-09-30T09:59:00-04:00	9.0650	8.9251	6571
2026-09-30T10:00:00-04:00	9.0200	8.9296	3456
2026-09-30T10:01:00-04:00	9.0000	8.9341	6045
2026-09-30T10:02:00-04:00	9.0300	8.9366	2733
2026-09-30T10:04:00-04:00	9.0000	8.9369	479
2026-09-30T10:05:00-04:00	9.0050	8.9400	4591
2026-09-30T10:06:00-04:00	9.0151	8.9557	24800
2026-09-30T10:07:00-04:00	9.0100	8.9563	1385
2026-09-30T10:08:00-04:00	8.9900	8.9609	23285
2026-09-30T10:10:00-04:00	8.9500	8.9611	2732
2026-09-30T10:11:00-04:00	8.9300	8.9609	540
2026-09-30T10:12:00-04:00	8.9500	8.9609	676
2026-09-30T10:13:00-04:00	8.9650	8.9609	1910
2026-09-30T10:14:00-04:00	8.9800	8.9611	1542
2026-09-30T10:15:00-04:00	9.0350	8.9704	30015
2026-09-30T10:16:00-04:00	9.0300	8.9709	1656
2026-09-30T10:17:00-04:00	9.0200	8.9714	2077
2026-09-30T10:18:00-04:00	9.0300	8.9725	3722
2026-09-30T10:19:00-04:00	9.0100	8.9727	879
2026-09-30T10:20:00-04:00	9.0200	8.9731	1562
2026-09-30T10:21:00-04:00	9.0100	8.9732	893
2026-09-30T10:22:00-04:00	8.9900	8.9733	917
2026-09-30T10:23:00-04:00	9.0000	8.9735	1151
2026-09-30T10:24:00-04:00	8.9900	8.9736	1022
2026-09-30T10:25:00-04:00	8.9800	8.9736	1194
2026-09-30T10:26:00-04:00	8.9700	8.9736	452
2026-09-30T10:27:00-04:00	8.9750	8.9736	1415
2026-09-30T10:28:00-04:00	8.9400	8.9734	1440
2026-09-30T10:30:00-04:00	8.9700	8.9733	2693
2026-09-30T10:31:00-04:00	8.9700	8.9733	258
2026-09-30T10:32:00-04:00	8.9900	8.9734	1201
2026-09-30T10:33:00-04:00	8.9500	8.9732	2759
2026-09-30T10:35:00-04:00	8.9400	8.9728	2470
2026-09-30T10:36:00-04:00	8.9500	8.9728	402
2026-09-30T10:37:00-04:00	8.9700	8.9728	320
2026-09-30T10:38:00-04:00	8.9650	8.9727	1371
2026-09-30T10:39:00-04:00	8.9700	8.9727	1048
2026-09-30T10:40:00-04:00	8.9500	8.9727	749
2026-09-30T10:41:00-04:00	8.9700	8.9726	1142
2026-09-30T10:42:00-04:00	9.0000	8.9729	2985
2026-09-30T10:43:00-04:00	8.9850	8.9729	741
2026-09-30T10:44:00-04:00	8.9700	8.9729	884
2026-09-30T10:45:00-04:00	8.9500	8.9721	8524
2026-09-30T10:47:00-04:00	8.9450	8.9720	317
2026-09-30T10:48:00-04:00	8.9600	8.9719	1226
2026-09-30T10:49:00-04:00	8.9450	8.9718	1639
2026-09-30T10:51:00-04:00	8.9450	8.9717	1056
2026-09-30T10:52:00-04:00	8.9500	8.9716	527
2026-09-30T10:53:00-04:00	8.9650	8.9716	1910
2026-09-30T10:54:00-04:00	8.9800	8.9716	1454
2026-09-30T10:55:00-04:00	8.9800	8.9717	633
2026-09-30T10:56:00-04:00	8.9900	8.9717	300
2026-09-30T10:57:00-04:00	8.9740	8.9717	454
2026-09-30T10:58:00-04:00	9.0000	8.9720	4534
2026-09-30T10:59:00-04:00	9.0000	8.9725	3381
2026-09-30T11:00:00-04:00	9.0300	8.9729	2362
2026-09-30T11:01:00-04:00	9.0300	8.9730	245
2026-09-30T11:02:00-04:00	9.0150	8.9746	10513
2026-09-30T11:03:00-04:00	9.0200	8.9752	3678
2026-09-30T11:04:00-04:00	9.0100	8.9754	1321
2026-09-30T11:05:00-04:00	9.0126	8.9759	3137
2026-09-30T11:06:00-04:00	9.0300	8.9763	1924
2026-09-30T11:07:00-04:00	9.0300	8.9763	442
2026-09-30T11:08:00-04:00	9.0450	8.9772	3793
2026-09-30T11:09:00-04:00	9.0650	8.9773	442
2026-09-30T11:10:00-04:00	9.0800	8.9782	2607
2026-09-30T11:11:00-04:00	9.0900	8.9800	4746
2026-09-30T11:12:00-04:00	9.0500	8.9804	1359
2026-09-30T11:13:00-04:00	9.0600	8.9807	981
2026-09-30T11:14:00-04:00	9.0528	8.9809	937
2026-09-30T11:15:00-04:00	9.0700	8.9835	8887
2026-09-30T11:16:00-04:00	9.0650	8.9838	1130
2026-09-30T11:17:00-04:00	9.0350	8.9841	1488
2026-09-30T11:18:00-04:00	9.0200	8.9846	4409
2026-09-30T11:19:00-04:00	8.9800	8.9847	7180
2026-09-30T11:20:00-04:00	8.9400	8.9845	1527
2026-09-30T11:21:00-04:00	8.9150	8.9844	456
2026-09-30T11:22:00-04:00	8.9000	8.9841	1104
2026-09-30T11:23:00-04:00	8.8701	8.9835	1852
2026-09-30T11:24:00-04:00	8.8400	8.9811	5650
2026-09-30T11:25:00-04:00	8.8495	8.9807	1158
2026-09-30T11:26:00-04:00	8.8300	8.9802	961
2026-09-30T11:27:00-04:00	8.8400	8.9798	1100
2026-09-30T11:28:00-04:00	8.8500	8.9779	4501
2026-09-30T11:29:00-04:00	8.8500	8.9774	1248
2026-09-30T11:30:00-04:00	8.8350	8.9763	2650
2026-09-30T11:31:00-04:00	8.8400	8.9759	1076
2026-09-30T11:32:00-04:00	8.8600	8.9754	1367
2026-09-30T11:33:00-04:00	8.8500	8.9750	1041
2026-09-30T11:35:00-04:00	8.8312	8.9746	1030
2026-09-30T11:36:00-04:00	8.8425	8.9744	635
2026-09-30T11:37:00-04:00	8.8600	8.9733	2943
2026-09-30T11:38:00-04:00	8.8700	8.9727	2017
2026-09-30T11:39:00-04:00	8.8700	8.9724	1264
2026-09-30T11:40:00-04:00	8.9000	8.9713	4926
2026-09-30T11:41:00-04:00	8.9000	8.9712	884
2026-09-30T11:42:00-04:00	8.8900	8.9702	4416
2026-09-30T11:43:00-04:00	8.8899	8.9696	2709
2026-09-30T11:44:00-04:00	8.8900	8.9691	2321
2026-09-30T11:45:00-04:00	8.9150	8.9677	9271
2026-09-30T11:46:00-04:00	8.9150	8.9677	220
2026-09-30T11:47:00-04:00	8.8950	8.9651	15086
2026-09-30T11:48:00-04:00	8.9200	8.9649	1596
2026-09-30T11:49:00-04:00	8.9250	8.9647	1965
2026-09-30T11:50:00-04:00	8.9200	8.9646	896
2026-09-30T11:51:00-04:00	8.9050	8.9644	1382
2026-09-30T11:52:00-04:00	8.8900	8.9643	854
2026-09-30T11:53:00-04:00	8.8505	8.9637	2363
2026-09-30T11:54:00-04:00	8.8600	8.9636	132
2026-09-30T11:55:00-04:00	8.8600	8.9635	594
2026-09-30T11:56:00-04:00	8.8650	8.9633	648
2026-09-30T11:57:00-04:00	8.8700	8.9625	3219
2026-09-30T11:58:00-04:00	8.8046	8.9591	10494
2026-09-30T11:59:00-04:00	8.8350	8.9569	6740
2026-09-30T12:00:00-04:00	8.8400	8.9563	2319
2026-09-30T12:01:00-04:00	8.8600	8.9558	2052
2026-09-30T12:02:00-04:00	8.8600	8.9554	1842
2026-09-30T12:03:00-04:00	8.8600	8.9550	2022
2026-09-30T12:04:00-04:00	8.8500	8.9547	1053
2026-09-30T12:05:00-04:00	8.8400	8.9545	621
2026-09-30T12:06:00-04:00	8.8500	8.9545	269
2026-09-30T12:07:00-04:00	8.8425	8.9543	478
2026-09-30T12:08:00-04:00	8.8300	8.9540	1396
2026-09-30T12:09:00-04:00	8.8400	8.9538	741
2026-09-30T12:11:00-04:00	8.8300	8.9533	1727
2026-09-30T12:12:00-04:00	8.8300	8.9532	174
2026-09-30T12:13:00-04:00	8.8300	8.9529	1200
2026-09-30T12:14:00-04:00	8.9000	8.9519	5682
2026-09-30T12:15:00-04:00	8.8850	8.9507	8587
2026-09-30T12:16:00-04:00	8.8600	8.9503	2215
2026-09-30T12:17:00-04:00	8.8700	8.9502	597
2026-09-30T12:18:00-04:00	8.8700	8.9500	1358
2026-09-30T12:19:00-04:00	8.8700	8.9500	109
2026-09-30T12:20:00-04:00	8.8700	8.9496	2118
2026-09-30T12:21:00-04:00	8.8900	8.9494	1449
2026-09-30T12:22:00-04:00	8.8900	8.9493	553
2026-09-30T12:23:00-04:00	8.8900	8.9491	1566
2026-09-30T12:24:00-04:00	8.9000	8.9489	1432
2026-09-30T12:25:00-04:00	8.9000	8.9487	2490
2026-09-30T12:26:00-04:00	8.9100	8.9486	324
2026-09-30T12:27:00-04:00	8.9100	8.9486	944
2026-09-30T12:28:00-04:00	8.9100	8.9485	802
2026-09-30T12:30:00-04:00	8.9100	8.9484	1064
2026-09-30T12:31:00-04:00	8.9100	8.9484	670
2026-09-30T12:32:00-04:00	8.9100	8.9483	705
2026-09-30T12:33:00-04:00	8.9200	8.9483	155
2026-09-30T12:34:00-04:00	8.9200	8.9482	1952
2026-09-30T12:35:00-04:00	8.9300	8.9482	576
2026-09-30T12:36:00-04:00	8.9200	8.9481	1341
2026-09-30T12:37:00-04:00	8.9300	8.9480	1909
2026-09-30T12:38:00-04:00	8.9550	8.9480	6989
2026-09-30T12:39:00-04:00	8.9699	8.9480	1125
2026-09-30T12:40:00-04:00	8.9400	8.9480	3402
2026-09-30T12:41:00-04:00	8.9550	8.9481	1147
2026-09-30T12:42:00-04:00	8.9600	8.9481	848
2026-09-30T12:43:00-04:00	8.9500	8.9481	880
2026-09-30T12:44:00-04:00	8.9500	8.9482	5162
2026-09-30T12:45:00-04:00	8.9700	8.9486	13801
2026-09-30T12:46:00-04:00	8.9500	8.9486	4550
2026-09-30T12:47:00-04:00	8.9500	8.9486	1059
2026-09-30T12:48:00-04:00	8.9600	8.9486	1073
2026-09-30T12:49:00-04:00	8.9500	8.9487	3489
2026-09-30T12:50:00-04:00	8.9600	8.9487	739
2026-09-30T12:51:00-04:00	8.9500	8.9487	3619
2026-09-30T12:52:00-04:00	8.9500	8.9487	705
2026-09-30T12:54:00-04:00	8.9500	8.9487	642
2026-09-30T12:55:00-04:00	8.9300	8.9486	6773
2026-09-30T12:56:00-04:00	8.9300	8.9486	420
2026-09-30T12:57:00-04:00	8.9300	8.9485	981
2026-09-30T12:58:00-04:00	8.9300	8.9485	2120
2026-09-30T13:01:00-04:00	8.9150	8.9484	1101
2026-09-30T13:02:00-04:00	8.9100	8.9482	2092
2026-09-30T13:03:00-04:00	8.9100	8.9481	1881
2026-09-30T13:05:00-04:00	8.9100	8.9481	424
2026-09-30T13:06:00-04:00	8.9100	8.9481	245
2026-09-30T13:07:00-04:00	8.9200	8.9477	6971
2026-09-30T13:08:00-04:00	8.9200	8.9476	1259
2026-09-30T13:09:00-04:00	8.9200	8.9476	270
2026-09-30T13:10:00-04:00	8.9100	8.9475	1491
2026-09-30T13:11:00-04:00	8.8800	8.9473	2080
2026-09-30T13:12:00-04:00	8.8800	8.9471	970
2026-09-30T13:13:00-04:00	8.8600	8.9470	1168
2026-09-30T13:15:00-04:00	8.8500	8.9445	15332
2026-09-30T13:16:00-04:00	8.8150	8.9440	2727
2026-09-30T13:17:00-04:00	8.8200	8.9438	885
2026-09-30T13:18:00-04:00	8.8200	8.9437	280
2026-09-30T13:19:00-04:00	8.8200	8.9431	2886
2026-09-30T13:20:00-04:00	8.8150	8.9427	1898
2026-09-30T13:21:00-04:00	8.8150	8.9425	923
2026-09-30T13:22:00-04:00	8.8150	8.9424	315
2026-09-30T13:23:00-04:00	8.8050	8.9404	8211
2026-09-30T13:24:00-04:00	8.8050	8.9402	987
2026-09-30T13:25:00-04:00	8.8100	8.9402	216
2026-09-30T13:26:00-04:00	8.8000	8.9385	6985
2026-09-30T13:27:00-04:00	8.8100	8.9384	402
2026-09-30T13:28:00-04:00	8.8100	8.9384	194
2026-09-30T13:29:00-04:00	8.8200	8.9380	1739
2026-09-30T13:30:00-04:00	8.8100	8.9378	1350
2026-09-30T13:31:00-04:00	8.7900	8.9372	2269
2026-09-30T13:32:00-04:00	8.8000	8.9369	1252
2026-09-30T13:33:00-04:00	8.8100	8.9363	2764
2026-09-30T13:35:00-04:00	8.8100	8.9362	732
2026-09-30T13:36:00-04:00	8.8100	8.9356	3174
2026-09-30T13:37:00-04:00	8.8200	8.9355	145
2026-09-30T13:38:00-04:00	8.8300	8.9351	2700
2026-09-30T13:39:00-04:00	8.8400	8.9342	5937
2026-09-30T13:40:00-04:00	8.8400	8.9339	1731
2026-09-30T13:41:00-04:00	8.8500	8.9339	409
2026-09-30T13:42:00-04:00	8.8600	8.9337	1164
2026-09-30T13:43:00-04:00	8.8600	8.9335	1534
2026-09-30T13:44:00-04:00	8.8700	8.9334	827
2026-09-30T13:45:00-04:00	8.8500	8.9333	1354
2026-09-30T13:46:00-04:00	8.8450	8.9319	9704
2026-09-30T13:47:00-04:00	8.8400	8.9303	12694
2026-09-30T13:49:00-04:00	8.8500	8.9302	205
2026-09-30T13:50:00-04:00	8.8500	8.9301	864
2026-09-30T13:51:00-04:00	8.8400	8.9300	694
2026-09-30T13:52:00-04:00	8.8200	8.9297	1955
2026-09-30T13:53:00-04:00	8.8200	8.9295	1117
2026-09-30T13:54:00-04:00	8.8050	8.9293	950
2026-09-30T13:55:00-04:00	8.8083	8.9292	542
2026-09-30T13:56:00-04:00	8.8050	8.9291	746
2026-09-30T13:57:00-04:00	8.8000	8.9288	1602
2026-09-30T14:00:00-04:00	8.7400	8.9240	19178
2026-09-30T14:01:00-04:00	8.6850	8.9214	8003
2026-09-30T14:02:00-04:00	8.6900	8.9205	2752
2026-09-30T14:03:00-04:00	8.7200	8.9192	3997
2026-09-30T14:04:00-04:00	8.7100	8.9190	971
2026-09-30T14:05:00-04:00	8.7200	8.9187	878
2026-09-30T14:06:00-04:00	8.6750	8.9177	2889
2026-09-30T14:07:00-04:00	8.6750	8.9173	1129
2026-09-30T14:08:00-04:00	8.6750	8.9165	2380
2026-09-30T14:09:00-04:00	8.6718	8.9163	617
2026-09-30T14:10:00-04:00	8.6491	8.9149	3881
2026-09-30T14:11:00-04:00	8.6500	8.9143	1585
2026-09-30T14:12:00-04:00	8.6450	8.9138	1302
2026-09-30T14:13:00-04:00	8.6300	8.9116	5481
2026-09-30T14:14:00-04:00	8.6550	8.9108	2236
2026-09-30T14:15:00-04:00	8.6450	8.9088	5408
2026-09-30T14:16:00-04:00	8.6500	8.9057	8543
2026-09-30T14:17:00-04:00	8.6400	8.9051	1805
2026-09-30T14:19:00-04:00	8.6400	8.9047	916
2026-09-30T14:20:00-04:00	8.6300	8.9037	2892
2026-09-30T14:21:00-04:00	8.6200	8.9010	6872
2026-09-30T14:22:00-04:00	8.6400	8.8971	10907
2026-09-30T14:23:00-04:00	8.6500	8.8969	645
2026-09-30T14:24:00-04:00	8.6450	8.8961	2242
2026-09-30T14:25:00-04:00	8.6400	8.8959	768
2026-09-30T14:26:00-04:00	8.6400	8.8956	728
2026-09-30T14:27:00-04:00	8.6600	8.8944	3813
2026-09-30T14:28:00-04:00	8.6600	8.8937	2197
2026-09-30T14:29:00-04:00	8.6800	8.8932	1694
2026-09-30T14:30:00-04:00	8.6700	8.8925	2587
2026-09-30T14:33:00-04:00	8.6550	8.8918	2471
2026-09-30T14:34:00-04:00	8.6350	8.8885	9940
2026-09-30T14:35:00-04:00	8.6300	8.8882	936
2026-09-30T14:36:00-04:00	8.6400	8.8872	3183
2026-09-30T14:37:00-04:00	8.6600	8.8862	3388
2026-09-30T14:38:00-04:00	8.6550	8.8856	1842
2026-09-30T14:39:00-04:00	8.6700	8.8843	4817
2026-09-30T14:40:00-04:00	8.6650	8.8838	1857
2026-09-30T14:41:00-04:00	8.6750	8.8834	1656
2026-09-30T14:42:00-04:00	8.6900	8.8828	2216
2026-09-30T14:43:00-04:00	8.6800	8.8824	1672
2026-09-30T14:44:00-04:00	8.6800	8.8818	2505
2026-09-30T14:45:00-04:00	8.6650	8.8795	8683
2026-09-30T14:46:00-04:00	8.6650	8.8790	2018
2026-09-30T14:47:00-04:00	8.6650	8.8785	1928
2026-09-30T14:48:00-04:00	8.6650	8.8783	750
2026-09-30T14:49:00-04:00	8.6700	8.8780	1093
2026-09-30T14:50:00-04:00	8.6700	8.8779	693
2026-09-30T14:51:00-04:00	8.6800	8.8772	2657
2026-09-30T14:52:00-04:00	8.6750	8.8762	3969
2026-09-30T14:53:00-04:00	8.6600	8.8738	9927
2026-09-30T14:54:00-04:00	8.6600	8.8736	583
2026-09-30T14:55:00-04:00	8.6650	8.8645	36878
2026-09-30T14:56:00-04:00	8.6900	8.8631	6867
2026-09-30T14:57:00-04:00	8.6900	8.8630	673
2026-09-30T14:58:00-04:00	8.7000	8.8624	2928
2026-09-30T14:59:00-04:00	8.6950	8.8622	1335
2026-09-30T15:00:00-04:00	8.6850	8.8611	5736
2026-09-30T15:01:00-04:00	8.6750	8.8604	3188
2026-09-30T15:02:00-04:00	8.6750	8.8602	1209
2026-09-30T15:03:00-04:00	8.6750	8.8595	3100
2026-09-30T15:04:00-04:00	8.6900	8.8591	2339
2026-09-30T15:05:00-04:00	8.6850	8.8586	2313
2026-09-30T15:06:00-04:00	8.6750	8.8582	2114
2026-09-30T15:07:00-04:00	8.6800	8.8575	3354
2026-09-30T15:08:00-04:00	8.6950	8.8570	3040
2026-09-30T15:09:00-04:00	8.6950	8.8568	1225
2026-09-30T15:10:00-04:00	8.6950	8.8566	836
2026-09-30T15:11:00-04:00	8.7000	8.8566	406
2026-09-30T15:12:00-04:00	8.6650	8.8539	13473
2026-09-30T15:13:00-04:00	8.6750	8.8533	2870
2026-09-30T15:14:00-04:00	8.6700	8.8528	2534
2026-09-30T15:15:00-04:00	8.6550	8.8525	1832
2026-09-30T15:16:00-04:00	8.6500	8.8508	7882
2026-09-30T15:17:00-04:00	8.6600	8.8505	1376
2026-09-30T15:18:00-04:00	8.6600	8.8502	1490
2026-09-30T15:19:00-04:00	8.6650	8.8489	6626
2026-09-30T15:20:00-04:00	8.6600	8.8483	2909
2026-09-30T15:21:00-04:00	8.6800	8.8474	4954
2026-09-30T15:22:00-04:00	8.6900	8.8468	3512
2026-09-30T15:23:00-04:00	8.6800	8.8467	758
2026-09-30T15:24:00-04:00	8.6750	8.8450	9851
2026-09-30T15:25:00-04:00	8.6750	8.8447	1212
2026-09-30T15:26:00-04:00	8.6800	8.8446	942
2026-09-30T15:27:00-04:00	8.6800	8.8439	4217
2026-09-30T15:28:00-04:00	8.6650	8.8427	6434
2026-09-30T15:29:00-04:00	8.6400	8.8408	9946
2026-09-30T15:30:00-04:00	8.6400	8.8391	8218
2026-09-30T15:31:00-04:00	8.6500	8.8374	8546
2026-09-30T15:32:00-04:00	8.6550	8.8366	4874
2026-09-30T15:33:00-04:00	8.6650	8.8359	3736
2026-09-30T15:34:00-04:00	8.6500	8.8354	3196
2026-09-30T15:35:00-04:00	8.6500	8.8346	3996
2026-09-30T15:36:00-04:00	8.6350	8.8338	4471
2026-09-30T15:37:00-04:00	8.6200	8.8330	3834
2026-09-30T15:38:00-04:00	8.6300	8.8327	1547
2026-09-30T15:39:00-04:00	8.6450	8.8318	4923
2026-09-30T15:40:00-04:00	8.6350	8.8302	8695
2026-09-30T15:41:00-04:00	8.6250	8.8293	4671
2026-09-30T15:42:00-04:00	8.6150	8.8276	8791
2026-09-30T15:43:00-04:00	8.6050	8.8264	5795
2026-09-30T15:44:00-04:00	8.6100	8.8253	5488
2026-09-30T15:45:00-04:00	8.6200	8.8252	454
2026-09-30T15:46:00-04:00	8.6300	8.8226	14326
2026-09-30T15:47:00-04:00	8.6250	8.8217	4870
2026-09-30T15:48:00-04:00	8.6216	8.8215	1358
2026-09-30T15:49:00-04:00	8.6150	8.8204	5873
2026-09-30T15:50:00-04:00	8.6400	8.8175	17010
2026-09-30T15:51:00-04:00	8.6250	8.8160	8604
2026-09-30T15:52:00-04:00	8.6250	8.8138	12993
2026-09-30T15:53:00-04:00	8.6350	8.8125	8880
2026-09-30T15:54:00-04:00	8.6200	8.8101	14458
2026-09-30T15:55:00-04:00	8.6400	8.8057	29652
2026-09-30T15:56:00-04:00	8.6600	8.8030	21048
2026-09-30T15:57:00-04:00	8.6450	8.8006	19776
2026-09-30T15:58:00-04:00	8.6200	8.7945	43951
2026-09-30T15:59:00-04:00	8.6500	8.7857	76783
2026-10-01T09:30:00-04:00	8.6050	8.6217	70369
2026-10-01T09:31:00-04:00	8.6500	8.6244	4326
2026-10-01T09:32:00-04:00	8.8200	8.6378	8180
2026-10-01T09:33:00-04:00	8.9300	8.6487	3771
2026-10-01T09:34:00-04:00	8.8150	8.6523	1869
2026-10-01T09:35:00-04:00	8.7500	8.6540	1348
2026-10-01T09:36:00-04:00	8.7400	8.6592	4879
2026-10-01T09:37:00-04:00	8.6806	8.6597	1056
2026-10-01T09:39:00-04:00	8.6868	8.6601	1360
2026-10-01T09:40:00-04:00	8.6600	8.6605	2784
2026-10-01T09:41:00-04:00	8.6350	8.6601	1338
2026-10-01T09:42:00-04:00	8.6400	8.6590	4856
2026-10-01T09:44:00-04:00	8.6500	8.6588	1133
2026-10-01T09:45:00-04:00	8.6000	8.6549	9381
2026-10-01T09:47:00-04:00	8.6300	8.6533	6291
2026-10-01T09:48:00-04:00	8.5900	8.6523	2100
2026-10-01T09:49:00-04:00	8.6200	8.6520	1047
2026-10-01T09:50:00-04:00	8.6250	8.6508	6833
2026-10-01T09:51:00-04:00	8.6500	8.6508	513
2026-10-01T09:52:00-04:00	8.7200	8.6514	1862
2026-10-01T09:53:00-04:00	8.7300	8.6536	4203
2026-10-01T09:54:00-04:00	8.6800	8.6542	2162
2026-10-01T09:55:00-04:00	8.7000	8.6546	1304
2026-10-01T09:57:00-04:00	8.7200	8.6585	6637
2026-10-01T10:00:00-04:00	8.7300	8.6593	1750
2026-10-01T10:01:00-04:00	8.6850	8.6601	2881
2026-10-01T10:02:00-04:00	8.6400	8.6597	4296
2026-10-01T10:03:00-04:00	8.6400	8.6594	6033
2026-10-01T10:04:00-04:00	8.6320	8.6591	5443
2026-10-01T10:05:00-04:00	8.6500	8.6589	2516
2026-10-01T10:06:00-04:00	8.6700	8.6589	1639
2026-10-01T10:07:00-04:00	8.6750	8.6589	592
2026-10-01T10:08:00-04:00	8.7000	8.6591	730
2026-10-01T10:09:00-04:00	8.7170	8.6593	520
2026-10-01T10:10:00-04:00	8.7200	8.6595	767
2026-10-01T10:11:00-04:00	8.7000	8.6599	1368
2026-10-01T10:12:00-04:00	8.7000	8.6601	1138
2026-10-01T10:13:00-04:00	8.7000	8.6611	5462
2026-10-01T10:14:00-04:00	8.6900	8.6613	1681
2026-10-01T10:15:00-04:00	8.6900	8.6628	7282
2026-10-01T10:16:00-04:00	8.6850	8.6628	108
2026-10-01T10:17:00-04:00	8.7300	8.6634	2119
2026-10-01T10:19:00-04:00	8.6950	8.6638	2132
2026-10-01T10:20:00-04:00	8.7331	8.6642	1421
2026-10-01T10:21:00-04:00	8.7300	8.6651	2438
2026-10-01T10:23:00-04:00	8.7100	8.6653	572
2026-10-01T10:24:00-04:00	8.7300	8.6656	1139
2026-10-01T10:25:00-04:00	8.7265	8.6660	1562
2026-10-01T10:26:00-04:00	8.7450	8.6664	1004
2026-10-01T10:28:00-04:00	8.7500	8.6675	2791
2026-10-01T10:29:00-04:00	8.7600	8.6677	504
2026-10-01T10:30:00-04:00	8.7500	8.6678	264
2026-10-01T10:32:00-04:00	8.7900	8.6699	3925
2026-10-01T10:33:00-04:00	8.8200	8.6704	722
2026-10-01T10:34:00-04:00	8.7900	8.6714	1749
2026-10-01T10:35:00-04:00	8.7740	8.6720	1108
2026-10-01T10:36:00-04:00	8.8000	8.6727	1356
2026-10-01T10:37:00-04:00	8.7900	8.6785	11029
2026-10-01T10:38:00-04:00	8.7600	8.6795	2541
2026-10-01T10:39:00-04:00	8.7600	8.6814	5310
2026-10-01T10:40:00-04:00	8.7200	8.6818	2101
2026-10-01T10:41:00-04:00	8.7500	8.6827	3898
2026-10-01T10:42:00-04:00	8.7600	8.6830	913
2026-10-01T10:43:00-04:00	8.7552	8.6842	4517
2026-10-01T10:44:00-04:00	8.7500	8.6844	1000
2026-10-01T10:45:00-04:00	8.7300	8.6862	8790
2026-10-01T10:46:00-04:00	8.6900	8.6864	3104
2026-10-01T10:47:00-04:00	8.7200	8.6866	2190
2026-10-01T10:48:00-04:00	8.6900	8.6866	455
2026-10-01T10:49:00-04:00	8.6800	8.6866	637
2026-10-01T10:50:00-04:00	8.6500	8.6865	1613
2026-10-01T10:51:00-04:00	8.6500	8.6864	441
2026-10-01T10:52:00-04:00	8.6300	8.6863	684
2026-10-01T10:53:00-04:00	8.6500	8.6643	281615
2026-10-01T10:54:00-04:00	8.6350	8.6641	2347
2026-10-01T10:55:00-04:00	8.6400	8.6640	2887
2026-10-01T10:56:00-04:00	8.6600	8.6640	1498
2026-10-01T10:57:00-04:00	8.6600	8.6640	3375
2026-10-01T10:58:00-04:00	8.6950	8.6640	1581
2026-10-01T10:59:00-04:00	8.6900	8.6641	704
2026-10-01T11:00:00-04:00	8.6600	8.6641	1360
2026-10-01T11:01:00-04:00	8.6250	8.6640	466
2026-10-01T11:02:00-04:00	8.6400	8.6639	2639
2026-10-01T11:04:00-04:00	8.6400	8.6638	3712
2026-10-01T11:05:00-04:00	8.6300	8.6637	461
2026-10-01T11:06:00-04:00	8.6200	8.6637	866
2026-10-01T11:07:00-04:00	8.5900	8.6633	2742
2026-10-01T11:08:00-04:00	8.5750	8.6632	611
2026-10-01T11:09:00-04:00	8.5800	8.6629	2285
2026-10-01T11:11:00-04:00	8.5800	8.6627	1688
2026-10-01T11:12:00-04:00	8.5600	8.6624	1452
2026-10-01T11:13:00-04:00	8.5550	8.6621	2007
2026-10-01T11:15:00-04:00	8.5300	8.6596	11833
2026-10-01T11:16:00-04:00	8.5800	8.6577	12417
2026-10-01T11:17:00-04:00	8.6000	8.6575	1813
2026-10-01T11:18:00-04:00	8.5800	8.6571	3088
2026-10-01T11:19:00-04:00	8.5800	8.6571	478
2026-10-01T11:20:00-04:00	8.5800	8.6570	730
2026-10-01T11:21:00-04:00	8.6000	8.6568	1741
2026-10-01T11:22:00-04:00	8.6100	8.6567	710
2026-10-01T11:23:00-04:00	8.6000	8.6566	1287
2026-10-01T11:24:00-04:00	8.5850	8.6564	2000
2026-10-01T11:25:00-04:00	8.5700	8.6561	1775
2026-10-01T11:26:00-04:00	8.5650	8.6556	3833
2026-10-01T11:27:00-04:00	8.5950	8.6554	2092
2026-10-01T11:28:00-04:00	8.5800	8.6545	6997
2026-10-01T11:29:00-04:00	8.5700	8.6543	1676
2026-10-01T11:30:00-04:00	8.5600	8.6542	929
2026-10-01T11:31:00-04:00	8.5600	8.6540	1178
2026-10-01T11:32:00-04:00	8.5500	8.6534	3755
2026-10-01T11:33:00-04:00	8.5420	8.6533	436
2026-10-01T11:34:00-04:00	8.5400	8.6529	2434
2026-10-01T11:36:00-04:00	8.5200	8.6518	5232
2026-10-01T11:37:00-04:00	8.5200	8.6516	817
2026-10-01T11:38:00-04:00	8.5600	8.6504	8097
2026-10-01T11:39:00-04:00	8.5600	8.6501	2179
2026-10-01T11:40:00-04:00	8.5700	8.6500	713
2026-10-01T11:41:00-04:00	8.5500	8.6497	1560
2026-10-01T11:42:00-04:00	8.5500	8.6496	1137
2026-10-01T11:43:00-04:00	8.5400	8.6494	987
2026-10-01T11:44:00-04:00	8.5300	8.6493	652
2026-10-01T11:45:00-04:00	8.5300	8.6479	7924
2026-10-01T11:46:00-04:00	8.5300	8.6476	1675
2026-10-01T11:47:00-04:00	8.5300	8.6474	979
2026-10-01T11:48:00-04:00	8.5600	8.6467	5702
2026-10-01T11:49:00-04:00	8.5800	8.6465	1589
2026-10-01T11:50:00-04:00	8.5600	8.6464	693
2026-10-01T11:51:00-04:00	8.5700	8.6464	335
2026-10-01T11:52:00-04:00	8.5900	8.6463	948
2026-10-01T11:53:00-04:00	8.5700	8.6462	1046
2026-10-01T11:54:00-04:00	8.5700	8.6459	2564
2026-10-01T11:55:00-04:00	8.5600	8.6458	1045
2026-10-01T11:56:00-04:00	8.6000	8.6456	2359
2026-10-01T11:57:00-04:00	8.5800	8.6454	1360
2026-10-01T11:58:00-04:00	8.5806	8.6453	1145
2026-10-01T11:59:00-04:00	8.5900	8.6453	162
2026-10-01T12:00:00-04:00	8.6000	8.6452	1401
2026-10-01T12:01:00-04:00	8.5800	8.6451	1328
2026-10-01T12:02:00-04:00	8.6100	8.6449	3490
2026-10-01T12:03:00-04:00	8.6100	8.6448	2288
2026-10-01T12:04:00-04:00	8.6200	8.6447	1110
2026-10-01T12:05:00-04:00	8.6150	8.6447	1116
2026-10-01T12:06:00-04:00	8.6800	8.6448	4049
2026-10-01T12:07:00-04:00	8.6550	8.6448	1831
2026-10-01T12:08:00-04:00	8.6550	8.6448	558
2026-10-01T12:09:00-04:00	8.6300	8.6448	2063
2026-10-01T12:11:00-04:00	8.6050	8.6427	51678
2026-10-01T12:12:00-04:00	8.5800	8.6425	3074
2026-10-01T12:13:00-04:00	8.5500	8.6424	394
2026-10-01T12:15:00-04:00	8.5500	8.6415	7410
2026-10-01T12:16:00-04:00	8.5600	8.6409	5956
2026-10-01T12:17:00-04:00	8.5900	8.6402	8591
2026-10-01T12:18:00-04:00	8.5900	8.6400	3692
2026-10-01T12:19:00-04:00	8.5900	8.6399	1394
2026-10-01T12:20:00-04:00	8.5800	8.6398	1380
2026-10-01T12:21:00-04:00	8.5700	8.6397	1194
2026-10-01T12:22:00-04:00	8.5800	8.6394	3287
2026-10-01T12:23:00-04:00	8.5600	8.6393	1352
2026-10-01T12:24:00-04:00	8.5750	8.6392	921
2026-10-01T12:26:00-04:00	8.5800	8.6392	120
2026-10-01T12:27:00-04:00	8.5634	8.6390	2611
2026-10-01T12:28:00-04:00	8.5700	8.6390	523
2026-10-01T12:29:00-04:00	8.5650	8.6389	391
2026-10-01T12:30:00-04:00	8.5700	8.6389	824
2026-10-01T12:31:00-04:00	8.5800	8.6387	1515
2026-10-01T12:32:00-04:00	8.5899	8.6387	970
2026-10-01T12:33:00-04:00	8.5832	8.6386	1111
2026-10-01T12:34:00-04:00	8.5900	8.6384	4208
2026-10-01T12:35:00-04:00	8.5900	8.6382	2856
2026-10-01T12:36:00-04:00	8.5900	8.6381	863
2026-10-01T12:37:00-04:00	8.5700	8.6381	478
2026-10-01T12:38:00-04:00	8.5500	8.6380	1007
2026-10-01T12:39:00-04:00	8.5400	8.6378	1243
2026-10-01T12:40:00-04:00	8.5500	8.6376	1878
2026-10-01T12:42:00-04:00	8.5400	8.6375	1386
2026-10-01T12:43:00-04:00	8.5400	8.6374	537
2026-10-01T12:44:00-04:00	8.5400	8.6372	1534
2026-10-01T12:45:00-04:00	8.5400	8.6364	7290
2026-10-01T12:46:00-04:00	8.5450	8.6362	1867
2026-10-01T12:47:00-04:00	8.5400	8.6361	568
2026-10-01T12:48:00-04:00	8.5800	8.6357	5301
2026-10-01T12:49:00-04:00	8.5850	8.6355	2299
2026-10-01T12:50:00-04:00	8.5900	8.6352	7807
2026-10-01T12:51:00-04:00	8.5700	8.6351	238
2026-10-01T12:52:00-04:00	8.5650	8.6351	457
2026-10-01T12:53:00-04:00	8.5700	8.6350	1742
2026-10-01T12:54:00-04:00	8.5600	8.6349	932
2026-10-01T12:55:00-04:00	8.5400	8.6343	5596
2026-10-01T12:56:00-04:00	8.5300	8.6340	1979
2026-10-01T12:58:00-04:00	8.5300	8.6340	684
2026-10-01T13:00:00-04:00	8.5300	8.6339	241
2026-10-01T13:01:00-04:00	8.5300	8.6332	5804
2026-10-01T13:02:00-04:00	8.5650	8.6327	5529
2026-10-01T13:03:00-04:00	8.5850	8.6324	4183
2026-10-01T13:04:00-04:00	8.6100	8.6324	773
2026-10-01T13:05:00-04:00	8.6100	8.6324	1392
2026-10-01T13:06:00-04:00	8.6000	8.6323	861
2026-10-01T13:07:00-04:00	8.5850	8.6323	656
2026-10-01T13:08:00-04:00	8.6200	8.6321	9874
2026-10-01T13:09:00-04:00	8.6050	8.6320	1332
2026-10-01T13:10:00-04:00	8.6000	8.6320	1382
2026-10-01T13:11:00-04:00	8.6200	8.6320	1672
2026-10-01T13:12:00-04:00	8.5850	8.6317	6336
2026-10-01T13:13:00-04:00	8.5600	8.6313	5518
2026-10-01T13:14:00-04:00	8.5400	8.6308	5692
2026-10-01T13:15:00-04:00	8.5350	8.6282	26593
2026-10-01T13:16:00-04:00	8.5700	8.6274	10230
2026-10-01T13:17:00-04:00	8.5800	8.6274	1578
2026-10-01T13:18:00-04:00	8.5800	8.6272	3232
2026-10-01T13:19:00-04:00	8.6150	8.6272	1684
2026-10-01T13:20:00-04:00	8.6100	8.6271	4897
2026-10-01T13:21:00-04:00	8.6100	8.6271	618
2026-10-01T13:22:00-04:00	8.6100	8.6270	1632
2026-10-01T13:23:00-04:00	8.6250	8.6270	1027
2026-10-01T13:24:00-04:00	8.6500	8.6271	1593
2026-10-01T13:25:00-04:00	8.6600	8.6272	2921
2026-10-01T13:27:00-04:00	8.6914	8.6272	901
2026-10-01T13:28:00-04:00	8.7100	8.6273	1183
2026-10-01T13:29:00-04:00	8.6900	8.6274	912
2026-10-01T13:30:00-04:00	8.7500	8.6283	9329
2026-10-01T13:31:00-04:00	8.7600	8.6285	1351
2026-10-01T13:32:00-04:00	8.7600	8.6286	597
2026-10-01T13:33:00-04:00	8.7000	8.6287	1317
2026-10-01T13:34:00-04:00	8.6900	8.6288	2137
2026-10-01T13:35:00-04:00	8.6800	8.6289	1599
2026-10-01T13:36:00-04:00	8.6700	8.6290	1921
2026-10-01T13:37:00-04:00	8.6350	8.6290	506
2026-10-01T13:38:00-04:00	8.6200	8.6290	1924
2026-10-01T13:39:00-04:00	8.6200	8.6290	495
2026-10-01T13:40:00-04:00	8.6200	8.6289	6104
2026-10-01T13:41:00-04:00	8.6500	8.6289	1789
2026-10-01T13:42:00-04:00	8.6500	8.6289	512
2026-10-01T13:43:00-04:00	8.6600	8.6289	827
2026-10-01T13:44:00-04:00	8.6750	8.6291	3024
2026-10-01T13:45:00-04:00	8.6800	8.6294	6971
2026-10-01T13:46:00-04:00	8.6800	8.6295	2575
2026-10-01T13:48:00-04:00	8.6800	8.6296	1117
2026-10-01T13:49:00-04:00	8.6602	8.6296	762
2026-10-01T13:50:00-04:00	8.6200	8.6296	11527
2026-10-01T13:52:00-04:00	8.6000	8.6295	1180
2026-10-01T13:53:00-04:00	8.5950	8.6295	633
2026-10-01T13:54:00-04:00	8.5550	8.6294	2240
2026-10-01T13:55:00-04:00	8.5700	8.6293	1566
2026-10-01T13:56:00-04:00	8.5600	8.6291	2506
2026-10-01T13:57:00-04:00	8.5550	8.6290	1302
2026-10-01T13:58:00-04:00	8.5500	8.6290	880
2026-10-01T13:59:00-04:00	8.5400	8.6289	665
2026-10-01T14:00:00-04:00	8.5400	8.6288	1183
2026-10-01T14:01:00-04:00	8.5300	8.6287	899
2026-10-01T14:02:00-04:00	8.5400	8.6286	1631
2026-10-01T14:03:00-04:00	8.5300	8.6285	1010
2026-10-01T14:04:00-04:00	8.5300	8.6285	463
2026-10-01T14:05:00-04:00	8.5248	8.6283	1371
2026-10-01T14:06:00-04:00	8.5200	8.6280	2809
2026-10-01T14:07:00-04:00	8.4900	8.6270	7900
2026-10-01T14:08:00-04:00	8.5000	8.6266	3666
2026-10-01T14:09:00-04:00	8.5200	8.6265	744
2026-10-01T14:10:00-04:00	8.5100	8.6263	1725
2026-10-01T14:12:00-04:00	8.5600	8.6257	7954
2026-10-01T14:13:00-04:00	8.5692	8.6253	7907
2026-10-01T14:14:00-04:00	8.5700	8.6252	1426
2026-10-01T14:15:00-04:00	8.5750	8.6248	9617
2026-10-01T14:16:00-04:00	8.5650	8.6247	2249
2026-10-01T14:17:00-04:00	8.5700	8.6246	1415
2026-10-01T14:18:00-04:00	8.5750	8.6245	2313
2026-10-01T14:19:00-04:00	8.5700	8.6245	1009
2026-10-01T14:20:00-04:00	8.5500	8.6243	2573
2026-10-01T14:21:00-04:00	8.5600	8.6237	11992
2026-10-01T14:22:00-04:00	8.5700	8.6234	4051
2026-10-01T14:23:00-04:00	8.5900	8.6234	2996
2026-10-01T14:24:00-04:00	8.5851	8.6233	627
2026-10-01T14:25:00-04:00	8.5750	8.6232	2265
2026-10-01T14:26:00-04:00	8.5400	8.6231	2232
2026-10-01T14:27:00-04:00	8.5400	8.6225	7779
2026-10-01T14:28:00-04:00	8.5350	8.6224	1464
2026-10-01T14:29:00-04:00	8.5200	8.6223	687
2026-10-01T14:30:00-04:00	8.5200	8.6222	1542
2026-10-01T14:31:00-04:00	8.5200	8.6220	1480
2026-10-01T14:32:00-04:00	8.5400	8.6218	2729
2026-10-01T14:33:00-04:00	8.5600	8.6216	3229
2026-10-01T14:34:00-04:00	8.6200	8.6216	4642
2026-10-01T14:35:00-04:00	8.5900	8.6215	2916
2026-10-01T14:36:00-04:00	8.5900	8.6214	3313
2026-10-01T14:37:00-04:00	8.5900	8.6214	1171
2026-10-01T14:38:00-04:00	8.5850	8.6214	900
2026-10-01T14:39:00-04:00	8.5700	8.6213	1823
2026-10-01T14:40:00-04:00	8.5700	8.6212	867
2026-10-01T14:41:00-04:00	8.5750	8.6212	783
2026-10-01T14:42:00-04:00	8.5900	8.6211	2848
2026-10-01T14:44:00-04:00	8.5800	8.6211	1863
2026-10-01T14:45:00-04:00	8.5900	8.6208	7645
2026-10-01T14:46:00-04:00	8.5750	8.6208	1999
2026-10-01T14:47:00-04:00	8.5900	8.6207	3111
2026-10-01T14:48:00-04:00	8.5900	8.6207	880
2026-10-01T14:49:00-04:00	8.5750	8.6206	1973
2026-10-01T14:50:00-04:00	8.5800	8.6205	1358
2026-10-01T14:51:00-04:00	8.5950	8.6204	7597
2026-10-01T14:52:00-04:00	8.5850	8.6202	10377
2026-10-01T14:53:00-04:00	8.5650	8.6200	4311
2026-10-01T14:54:00-04:00	8.5600	8.6198	3121
2026-10-01T14:55:00-04:00	8.5550	8.6197	2817
2026-10-01T14:56:00-04:00	8.5600	8.6196	1001
2026-10-01T14:57:00-04:00	8.5650	8.6196	1057
2026-10-01T14:58:00-04:00	8.5650	8.6195	1297
2026-10-01T14:59:00-04:00	8.5700	8.6194	3547
2026-10-01T15:00:00-04:00	8.5720	8.6193	1976
2026-10-01T15:01:00-04:00	8.5700	8.6192	1517
2026-10-01T15:02:00-04:00	8.5500	8.6191	2826
2026-10-01T15:03:00-04:00	8.5250	8.6189	2430
2026-10-01T15:04:00-04:00	8.5550	8.6172	33165
2026-10-01T15:05:00-04:00	8.5500	8.6172	870
2026-10-01T15:06:00-04:00	8.5550	8.6171	1790
2026-10-01T15:07:00-04:00	8.5550	8.6170	1257
2026-10-01T15:08:00-04:00	8.5350	8.6168	4327
2026-10-01T15:09:00-04:00	8.5350	8.6167	784
2026-10-01T15:10:00-04:00	8.5500	8.6165	3274
2026-10-01T15:12:00-04:00	8.5400	8.6165	1608
2026-10-01T15:13:00-04:00	8.5400	8.6164	1416
2026-10-01T15:14:00-04:00	8.5450	8.6163	680
2026-10-01T15:15:00-04:00	8.5550	8.6158	10778
2026-10-01T15:16:00-04:00	8.5400	8.6157	1046
2026-10-01T15:17:00-04:00	8.5500	8.6150	13808
2026-10-01T15:18:00-04:00	8.5500	8.6149	1566
2026-10-01T15:19:00-04:00	8.5550	8.6149	1242
2026-10-01T15:20:00-04:00	8.5450	8.6147	4238
2026-10-01T15:21:00-04:00	8.5450	8.6146	2101
2026-10-01T15:22:00-04:00	8.5300	8.6144	2229
2026-10-01T15:23:00-04:00	8.5350	8.6143	1583
2026-10-01T15:24:00-04:00	8.5650	8.6137	13441
2026-10-01T15:25:00-04:00	8.5650	8.6134	9845
2026-10-01T15:26:00-04:00	8.5800	8.6132	5945
2026-10-01T15:27:00-04:00	8.5700	8.6132	1187
2026-10-01T15:28:00-04:00	8.5650	8.6131	2170
2026-10-01T15:29:00-04:00	8.5550	8.6130	2107
2026-10-01T15:30:00-04:00	8.5800	8.6127	10377
2026-10-01T15:31:00-04:00	8.5850	8.6126	3608
2026-10-01T15:32:00-04:00	8.6100	8.6126	5112
2026-10-01T15:33:00-04:00	8.6000	8.6126	3312
2026-10-01T15:34:00-04:00	8.6000	8.6125	9669
2026-10-01T15:35:00-04:00	8.6100	8.6125	6939
2026-10-01T15:36:00-04:00	8.6250	8.6125	1973
2026-10-01T15:37:00-04:00	8.6350	8.6126	3916
2026-10-01T15:38:00-04:00	8.6300	8.6126	1876
2026-10-01T15:39:00-04:00	8.6250	8.6126	3547
2026-10-01T15:40:00-04:00	8.6250	8.6126	1487
2026-10-01T15:41:00-04:00	8.6450	8.6130	17018
2026-10-01T15:42:00-04:00	8.6500	8.6130	1081
2026-10-01T15:43:00-04:00	8.6200	8.6131	4529
2026-10-01T15:44:00-04:00	8.6100	8.6131	2682
2026-10-01T15:45:00-04:00	8.6150	8.6131	15544
2026-10-01T15:46:00-04:00	8.6200	8.6131	3347
2026-10-01T15:47:00-04:00	8.6200	8.6132	4359
2026-10-01T15:48:00-04:00	8.6200	8.6132	3011
2026-10-01T15:49:00-04:00	8.6300	8.6132	6102
2026-10-01T15:50:00-04:00	8.6450	8.6133	4967
2026-10-01T15:51:00-04:00	8.6750	8.6137	10351
2026-10-01T15:52:00-04:00	8.6600	8.6139	6123
2026-10-01T15:53:00-04:00	8.6400	8.6140	3448
2026-10-01T15:54:00-04:00	8.6200	8.6140	7192
2026-10-01T15:55:00-04:00	8.5900	8.6139	14622
2026-10-01T15:56:00-04:00	8.6000	8.6138	12054
2026-10-01T15:57:00-04:00	8.6000	8.6136	14179
2026-10-01T15:58:00-04:00	8.5650	8.6129	32276
2026-10-01T15:59:00-04:00	8.5900	8.6117	65491
2026-10-02T09:30:00-04:00	8.8500	8.8433	28593
2026-10-02T09:31:00-04:00	8.8000	8.8331	6097
2026-10-02T09:32:00-04:00	8.8300	8.8364	8462
2026-10-02T09:33:00-04:00	8.7050	8.8275	4210
2026-10-02T09:34:00-04:00	8.7500	8.8246	1759
2026-10-02T09:35:00-04:00	8.8250	8.8232	4578
2026-10-02T09:36:00-04:00	8.8600	8.8369	55843
2026-10-02T09:37:00-04:00	8.8200	8.8369	6311
2026-10-02T09:38:00-04:00	8.8100	8.8343	14357
2026-10-02T09:39:00-04:00	8.7300	8.8326	2745
2026-10-02T09:40:00-04:00	8.6684	8.8283	4023
2026-10-02T09:41:00-04:00	8.6700	8.8249	2752
2026-10-02T09:42:00-04:00	8.6800	8.8244	430
2026-10-02T09:43:00-04:00	8.6500	8.8226	1677
2026-10-02T09:44:00-04:00	8.7600	8.8219	1423
2026-10-02T09:45:00-04:00	8.8600	8.8229	13456
2026-10-02T09:46:00-04:00	8.8100	8.8209	75166
2026-10-02T09:47:00-04:00	8.8200	8.8208	4802
2026-10-02T09:48:00-04:00	8.9000	8.8235	15088
2026-10-02T09:49:00-04:00	8.9800	8.8299	13721
2026-10-02T09:50:00-04:00	8.9008	8.8400	36252
2026-10-02T09:51:00-04:00	8.8500	8.8405	3797
2026-10-02T09:52:00-04:00	8.9150	8.8410	1825
2026-10-02T09:53:00-04:00	8.8800	8.8411	1121
2026-10-02T09:54:00-04:00	8.8700	8.8413	3342
2026-10-02T09:55:00-04:00	8.8056	8.8405	11191
2026-10-02T09:56:00-04:00	8.8000	8.8376	19569
2026-10-02T09:57:00-04:00	8.8100	8.8371	4609
2026-10-02T09:58:00-04:00	8.8200	8.8368	4631
2026-10-02T10:00:00-04:00	8.7700	8.8362	2663
2026-10-02T10:01:00-04:00	8.7500	8.8360	760
2026-10-02T10:02:00-04:00	8.8300	8.8357	3961
2026-10-02T10:03:00-04:00	8.8600	8.8358	1380
2026-10-02T10:04:00-04:00	8.8600	8.8360	2389
2026-10-02T10:05:00-04:00	8.8500	8.8362	2905
2026-10-02T10:06:00-04:00	8.8700	8.8363	1472
2026-10-02T10:07:00-04:00	8.8950	8.8365	2068
2026-10-02T10:08:00-04:00	8.9250	8.8406	22429
2026-10-02T10:09:00-04:00	8.9650	8.8421	4918
2026-10-02T10:10:00-04:00	8.9600	8.8433	4109
2026-10-02T10:11:00-04:00	8.8910	8.8442	5341
2026-10-02T10:12:00-04:00	8.9100	8.8446	2522
2026-10-02T10:13:00-04:00	8.9400	8.8449	970
2026-10-02T10:14:00-04:00	8.9400	8.8450	745
2026-10-02T10:15:00-04:00	8.9300	8.8479	14463
2026-10-02T10:16:00-04:00	9.0100	8.8498	5692
2026-10-02T10:17:00-04:00	9.0450	8.8552	12609
2026-10-02T10:18:00-04:00	9.0100	8.8564	3221
2026-10-02T10:19:00-04:00	9.0000	8.8577	4161
2026-10-02T10:20:00-04:00	9.0350	8.8586	2348
2026-10-02T10:21:00-04:00	9.0325	8.8592	1793
2026-10-02T10:22:00-04:00	9.0500	8.8617	5899
2026-10-02T10:23:00-04:00	8.9300	8.8706	41314
2026-10-02T10:24:00-04:00	8.9350	8.8707	1041
2026-10-02T10:25:00-04:00	8.9250	8.8722	12318
2026-10-02T10:26:00-04:00	8.9500	8.8731	6804
2026-10-02T10:27:00-04:00	8.9750	8.8734	1810
2026-10-02T10:28:00-04:00	8.9800	8.8735	660
2026-10-02T10:29:00-04:00	8.9700	8.8736	104
2026-10-02T10:30:00-04:00	8.9500	8.8737	856
2026-10-02T10:31:00-04:00	8.9700	8.8740	1804
2026-10-02T10:32:00-04:00	8.9600	8.8741	200
2026-10-02T10:33:00-04:00	8.9350	8.8743	1462
2026-10-02T10:34:00-04:00	8.9600	8.8745	1493
2026-10-02T10:35:00-04:00	8.9800	8.8747	1047
2026-10-02T10:36:00-04:00	9.0050	8.8752	2178
2026-10-02T10:37:00-04:00	8.9900	8.8758	2889
2026-10-02T10:38:00-04:00	8.9900	8.8769	5643
2026-10-02T10:40:00-04:00	9.0200	8.8775	2160
2026-10-02T10:41:00-04:00	9.0150	8.8778	1222
2026-10-02T10:42:00-04:00	9.0200	8.8780	898
2026-10-02T10:43:00-04:00	9.0000	8.8785	2135
2026-10-02T10:44:00-04:00	9.0200	8.8795	4261
2026-10-02T10:45:00-04:00	9.0150	8.8814	7702
2026-10-02T10:46:00-04:00	8.9800	8.8822	4358
2026-10-02T10:47:00-04:00	9.0100	8.8829	3118
2026-10-02T10:48:00-04:00	9.0000	8.8836	3281
2026-10-02T10:49:00-04:00	9.0020	8.8841	2573
2026-10-02T10:50:00-04:00	9.0100	8.8845	1552
2026-10-02T10:51:00-04:00	9.0100	8.8846	427
2026-10-02T10:52:00-04:00	8.9701	8.8849	2095
2026-10-02T10:53:00-04:00	8.9400	8.8851	1957
2026-10-02T10:54:00-04:00	8.8950	8.8852	3180
2026-10-02T10:55:00-04:00	8.9350	8.8856	5910
2026-10-02T10:56:00-04:00	8.9401	8.8860	3565
2026-10-02T10:57:00-04:00	8.9590	8.8861	1411
2026-10-02T10:58:00-04:00	8.9200	8.8862	1054
2026-10-02T10:59:00-04:00	8.8650	8.8862	1695
2026-10-02T11:01:00-04:00	8.8700	8.8861	684
2026-10-02T11:02:00-04:00	8.8000	8.8854	6449
2026-10-02T11:03:00-04:00	8.7400	8.8835	9119
2026-10-02T11:04:00-04:00	8.7400	8.8833	1048
2026-10-02T11:05:00-04:00	8.7200	8.8822	4131
2026-10-02T11:06:00-04:00	8.7050	8.8817	1467
2026-10-02T11:07:00-04:00	8.7100	8.8809	2945
2026-10-02T11:08:00-04:00	8.7000	8.8801	2691
2026-10-02T11:09:00-04:00	8.7100	8.8795	2397
2026-10-02T11:10:00-04:00	8.6700	8.8779	4835
2026-10-02T11:11:00-04:00	8.6500	8.8769	3077
2026-10-02T11:12:00-04:00	8.6100	8.8763	1255
2026-10-02T11:13:00-04:00	8.6250	8.8757	1741
2026-10-02T11:14:00-04:00	8.6300	8.8749	2010
2026-10-02T11:15:00-04:00	8.6850	8.8689	19932
2026-10-02T11:16:00-04:00	8.7000	8.8680	3237
2026-10-02T11:17:00-04:00	8.7150	8.8672	3492
2026-10-02T11:18:00-04:00	8.6800	8.8645	10337
2026-10-02T11:19:00-04:00	8.6500	8.8639	1757
2026-10-02T11:20:00-04:00	8.6200	8.8637	704
2026-10-02T11:21:00-04:00	8.6350	8.8634	871
2026-10-02T11:22:00-04:00	8.6400	8.8629	1477
2026-10-02T11:23:00-04:00	8.6400	8.8626	911
2026-10-02T11:24:00-04:00	8.6200	8.8618	2182
2026-10-02T11:25:00-04:00	8.6200	8.8604	3966
2026-10-02T11:26:00-04:00	8.6300	8.8599	1558
2026-10-02T11:27:00-04:00	8.6600	8.8596	1080
2026-10-02T11:28:00-04:00	8.6700	8.8584	4087
2026-10-02T11:29:00-04:00	8.6700	8.8582	722
2026-10-02T11:30:00-04:00	8.6700	8.8572	4044
2026-10-02T11:31:00-04:00	8.7050	8.8559	5497
2026-10-02T11:32:00-04:00	8.7200	8.8558	634
2026-10-02T11:33:00-04:00	8.7500	8.8554	2155
2026-10-02T11:34:00-04:00	8.7700	8.8551	2772
2026-10-02T11:35:00-04:00	8.7600	8.8536	12124
2026-10-02T11:36:00-04:00	8.8050	8.8534	2094
2026-10-02T11:37:00-04:00	8.7800	8.8532	2309
2026-10-02T11:38:00-04:00	8.8000	8.8531	1776
2026-10-02T11:39:00-04:00	8.7900	8.8530	711
2026-10-02T11:40:00-04:00	8.8000	8.8530	895
2026-10-02T11:41:00-04:00	8.7750	8.8144	679468
2026-10-02T11:42:00-04:00	8.7400	8.8143	1581
2026-10-02T11:43:00-04:00	8.7350	8.8143	549
2026-10-02T11:44:00-04:00	8.7200	8.8142	1253
2026-10-02T11:45:00-04:00	8.7500	8.8138	8370
2026-10-02T11:46:00-04:00	8.7600	8.8138	882
2026-10-02T11:47:00-04:00	8.7500	8.8137	1351
2026-10-02T11:48:00-04:00	8.7200	8.8136	2026
2026-10-02T11:49:00-04:00	8.7150	8.8135	870
2026-10-02T11:50:00-04:00	8.7200	8.8135	382
2026-10-02T11:51:00-04:00	8.7200	8.8134	1722
2026-10-02T11:52:00-04:00	8.7200	8.8133	1205
2026-10-02T11:53:00-04:00	8.7300	8.8133	615
2026-10-02T11:54:00-04:00	8.7000	8.8132	1319
2026-10-02T11:55:00-04:00	8.7100	8.8130	1740
2026-10-02T11:56:00-04:00	8.7300	8.8129	1790
2026-10-02T11:58:00-04:00	8.7200	8.8126	5053
2026-10-02T11:59:00-04:00	8.7224	8.8125	1518
2026-10-02T12:00:00-04:00	8.7400	8.8124	2014
2026-10-02T12:01:00-04:00	8.7500	8.8123	2713
2026-10-02T12:02:00-04:00	8.7600	8.8123	1287
2026-10-02T12:03:00-04:00	8.7600	8.8123	288
2026-10-02T12:05:00-04:00	8.7500	8.8122	804
2026-10-02T12:06:00-04:00	8.7700	8.8122	1603
2026-10-02T12:08:00-04:00	8.7900	8.8121	2100
2026-10-02T12:09:00-04:00	8.7950	8.8121	2369
2026-10-02T12:10:00-04:00	8.7950	8.8121	533
2026-10-02T12:11:00-04:00	8.8050	8.8121	3040
2026-10-02T12:12:00-04:00	8.7800	8.8120	1916
2026-10-02T12:13:00-04:00	8.7750	8.8120	137
2026-10-02T12:14:00-04:00	8.7600	8.8120	903
2026-10-02T12:15:00-04:00	8.7800	8.8118	9429
2026-10-02T12:16:00-04:00	8.7800	8.8117	3114
2026-10-02T12:17:00-04:00	8.7800	8.8117	294
2026-10-02T12:18:00-04:00	8.8000	8.8117	1872
2026-10-02T12:19:00-04:00	8.8000	8.8116	7306
2026-10-02T12:20:00-04:00	8.7900	8.8116	2366
2026-10-02T12:21:00-04:00	8.7800	8.8115	1213
2026-10-02T12:22:00-04:00	8.7800	8.8115	181
2026-10-02T12:23:00-04:00	8.7800	8.8115	1054
2026-10-02T12:24:00-04:00	8.7700	8.8115	796
2026-10-02T12:25:00-04:00	8.7700	8.8114	1907
2026-10-02T12:26:00-04:00	8.7600	8.8114	358
2026-10-02T12:27:00-04:00	8.7600	8.8114	1173
2026-10-02T12:28:00-04:00	8.7700	8.8113	1466
2026-10-02T12:29:00-04:00	8.7550	8.8113	2725
2026-10-02T12:30:00-04:00	8.7600	8.8112	2397
2026-10-02T12:31:00-04:00	8.7600	8.8112	323
2026-10-02T12:32:00-04:00	8.7450	8.8111	1335
2026-10-02T12:33:00-04:00	8.7550	8.8110	1418
2026-10-02T12:36:00-04:00	8.7800	8.8109	4233
2026-10-02T12:37:00-04:00	8.7750	8.8109	2491
2026-10-02T12:38:00-04:00	8.8300	8.8109	6728
2026-10-02T12:39:00-04:00	8.8300	8.8109	729
2026-10-02T12:40:00-04:00	8.8100	8.8109	1463
2026-10-02T12:41:00-04:00	8.7900	8.8109	830
2026-10-02T12:42:00-04:00	8.7700	8.8108	2330
2026-10-02T12:43:00-04:00	8.7700	8.8108	316
2026-10-02T12:44:00-04:00	8.7800	8.8108	339
2026-10-02T12:45:00-04:00	8.8000	8.8108	7500
2026-10-02T12:46:00-04:00	8.8200	8.8108	1577
2026-10-02T12:47:00-04:00	8.8200	8.8108	788
2026-10-02T12:48:00-04:00	8.8350	8.8108	1598
2026-10-02T12:49:00-04:00	8.8100	8.8108	561
2026-10-02T12:52:00-04:00	8.8400	8.8108	692
2026-10-02T12:53:00-04:00	8.8400	8.8108	2261
2026-10-02T12:54:00-04:00	8.8550	8.8109	1122
2026-10-02T12:55:00-04:00	8.8400	8.8110	4290
2026-10-02T12:56:00-04:00	8.8600	8.8111	3695
2026-10-02T12:57:00-04:00	8.8600	8.8111	1705
2026-10-02T12:58:00-04:00	8.8500	8.8112	3867
2026-10-02T12:59:00-04:00	8.8450	8.8112	831
2026-10-02T13:00:00-04:00	8.8500	8.8113	794
2026-10-02T13:01:00-04:00	8.8700	8.8113	571
2026-10-02T13:02:00-04:00	8.8600	8.8113	974
2026-10-02T13:03:00-04:00	8.8600	8.8113	1163
2026-10-02T13:05:00-04:00	8.8500	8.8114	162
2026-10-02T13:06:00-04:00	8.8450	8.8114	1995
2026-10-02T13:07:00-04:00	8.8150	8.8114	3354
2026-10-02T13:08:00-04:00	8.8350	8.8115	3061
2026-10-02T13:09:00-04:00	8.8200	8.8144	834603
2026-10-02T13:10:00-04:00	8.9200	8.8153	27259
2026-10-02T13:11:00-04:00	8.9200	8.8155	4886
2026-10-02T13:12:00-04:00	8.9250	8.8158	5249
2026-10-02T13:13:00-04:00	8.9100	8.8158	1713
2026-10-02T13:14:00-04:00	8.9050	8.8159	1238
2026-10-02T13:15:00-04:00	8.8950	8.8162	8303
2026-10-02T13:16:00-04:00	8.9700	8.8167	10262
2026-10-02T13:17:00-04:00	9.0000	8.8171	5098
2026-10-02T13:18:00-04:00	8.9800	8.8175	6465
2026-10-02T13:19:00-04:00	8.9800	8.8176	1402
2026-10-02T13:20:00-04:00	8.9800	8.8178	2987
2026-10-02T13:21:00-04:00	8.9600	8.8179	2125
2026-10-02T13:22:00-04:00	8.9700	8.8180	1583
2026-10-02T13:23:00-04:00	8.9500	8.8181	1919
2026-10-02T13:24:00-04:00	8.9500	8.8182	835
2026-10-02T13:25:00-04:00	8.9700	8.8184	3334
2026-10-02T13:26:00-04:00	8.9700	8.8185	3065
2026-10-02T13:27:00-04:00	8.9900	8.8186	1589
2026-10-02T13:28:00-04:00	8.9950	8.8190	5427
2026-10-02T13:29:00-04:00	8.9950	8.8192	2783
2026-10-02T13:30:00-04:00	8.9850	8.8195	4113
2026-10-02T13:31:00-04:00	9.0400	8.8200	6153
2026-10-02T13:32:00-04:00	9.0350	8.8202	1986
2026-10-02T13:33:00-04:00	9.0500	8.8205	3743
2026-10-02T13:34:00-04:00	9.0333	8.8208	3034
2026-10-02T13:35:00-04:00	9.0250	8.8210	3391
2026-10-02T13:36:00-04:00	9.0200	8.8211	1336
2026-10-02T13:37:00-04:00	8.9600	8.8214	3279
2026-10-02T13:38:00-04:00	8.9500	8.8214	821
2026-10-02T13:39:00-04:00	8.9500	8.8215	1215
2026-10-02T13:40:00-04:00	8.9400	8.8216	1953
2026-10-02T13:41:00-04:00	8.9700	8.8218	4400
2026-10-02T13:42:00-04:00	8.9600	8.8220	3281
2026-10-02T13:43:00-04:00	8.9700	8.8221	2516
2026-10-02T13:44:00-04:00	8.9700	8.8221	279
2026-10-02T13:45:00-04:00	8.9800	8.8227	9700
2026-10-02T13:46:00-04:00	8.9800	8.8228	729
2026-10-02T13:47:00-04:00	8.9850	8.8228	989
2026-10-02T13:48:00-04:00	8.9750	8.8230	2626
2026-10-02T13:49:00-04:00	8.9750	8.8231	1638
2026-10-02T13:50:00-04:00	8.9750	8.8234	5007
2026-10-02T13:51:00-04:00	9.0000	8.8237	5111
2026-10-02T13:52:00-04:00	9.0400	8.8240	3647
2026-10-02T13:53:00-04:00	9.0300	8.8241	761
2026-10-02T13:54:00-04:00	9.0200	8.8243	2489
2026-10-02T13:55:00-04:00	9.0050	8.8244	1287
2026-10-02T13:56:00-04:00	9.0000	8.8244	1126
2026-10-02T13:57:00-04:00	9.0050	8.8246	1851
2026-10-02T13:58:00-04:00	9.0200	8.8247	1666
2026-10-02T13:59:00-04:00	9.0350	8.8248	1878
2026-10-02T14:00:00-04:00	9.0250	8.8250	2591
2026-10-02T14:01:00-04:00	9.0050	8.8253	2860
2026-10-02T14:02:00-04:00	9.0200	8.8254	2215
2026-10-02T14:03:00-04:00	9.0200	8.8255	1053
2026-10-02T14:04:00-04:00	9.0400	8.8257	2044
2026-10-02T14:05:00-04:00	9.0450	8.8258	1032
2026-10-02T14:06:00-04:00	9.0400	8.8261	4695
2026-10-02T14:07:00-04:00	9.0250	8.8263	2254
2026-10-02T14:08:00-04:00	9.0150	8.8266	3311
2026-10-02T14:09:00-04:00	9.0250	8.8267	1532
2026-10-02T14:10:00-04:00	9.0400	8.8269	3443
2026-10-02T14:11:00-04:00	9.0100	8.8271	1615
2026-10-02T14:12:00-04:00	9.0200	8.8271	958
2026-10-02T14:13:00-04:00	9.0100	8.8272	703
2026-10-02T14:14:00-04:00	9.0200	8.8273	989
2026-10-02T14:15:00-04:00	9.0300	8.8280	10284
2026-10-02T14:16:00-04:00	9.0250	8.8281	1745
2026-10-02T14:17:00-04:00	9.0000	8.8283	1986
2026-10-02T14:18:00-04:00	8.9950	8.8284	1677
2026-10-02T14:19:00-04:00	8.9750	8.8285	2264
2026-10-02T14:20:00-04:00	8.9700	8.8287	2696
2026-10-02T14:21:00-04:00	8.9600	8.8287	938
2026-10-02T14:22:00-04:00	8.9450	8.8288	2331
2026-10-02T14:23:00-04:00	8.9300	8.8289	3002
2026-10-02T14:24:00-04:00	8.9350	8.8290	621
2026-10-02T14:25:00-04:00	8.9350	8.8290	1087
2026-10-02T14:26:00-04:00	8.9300	8.8291	2406
2026-10-02T14:27:00-04:00	8.9200	8.8293	6348
2026-10-02T14:28:00-04:00	8.9300	8.8294	1982
2026-10-02T14:29:00-04:00	8.9300	8.8294	703
2026-10-02T14:30:00-04:00	8.9300	8.8294	754
2026-10-02T14:31:00-04:00	8.9300	8.8295	1391
2026-10-02T14:32:00-04:00	8.9400	8.8296	2271
2026-10-02T14:33:00-04:00	8.9400	8.8297	1812
2026-10-02T14:35:00-04:00	8.9700	8.8298	2972
2026-10-02T14:36:00-04:00	8.9808	8.8299	1999
2026-10-02T14:37:00-04:00	8.9900	8.8300	1934
2026-10-02T14:38:00-04:00	8.9800	8.8302	2626
2026-10-02T14:39:00-04:00	8.9850	8.8302	1198
2026-10-02T14:40:00-04:00	8.9900	8.8304	2421
2026-10-02T14:41:00-04:00	8.9800	8.8305	2053
2026-10-02T14:42:00-04:00	9.0100	8.8306	2132
2026-10-02T14:43:00-04:00	9.0050	8.8309	3700
2026-10-02T14:44:00-04:00	9.0100	8.8310	1227
2026-10-02T14:45:00-04:00	9.0200	8.8315	8461
2026-10-02T14:46:00-04:00	9.0000	8.8317	2147
2026-10-02T14:47:00-04:00	8.9900	8.8318	1501
2026-10-02T14:48:00-04:00	8.9950	8.8318	1130
2026-10-02T14:49:00-04:00	8.9950	8.8320	2748
2026-10-02T14:50:00-04:00	8.9900	8.8321	1993
2026-10-02T14:51:00-04:00	9.0000	8.8322	1282
2026-10-02T14:52:00-04:00	9.0200	8.8323	1501
2026-10-02T14:53:00-04:00	9.0150	8.8324	1347
2026-10-02T14:54:00-04:00	9.0200	8.8325	1071
2026-10-02T14:55:00-04:00	9.0150	8.8325	937
2026-10-02T14:56:00-04:00	9.0300	8.8328	3221
2026-10-02T14:57:00-04:00	9.0200	8.8329	1918
2026-10-02T14:58:00-04:00	9.0200	8.8330	1738
2026-10-02T14:59:00-04:00	9.0050	8.8332	2421
2026-10-02T15:00:00-04:00	9.0250	8.8334	2855
2026-10-02T15:01:00-04:00	9.0200	8.8336	2693
2026-10-02T15:02:00-04:00	9.0200	8.8337	2321
2026-10-02T15:03:00-04:00	9.0300	8.8341	5615
2026-10-02T15:04:00-04:00	9.0300	8.8342	1080
2026-10-02T15:05:00-04:00	9.0300	8.8343	1154
2026-10-02T15:06:00-04:00	9.0250	8.8344	1208
2026-10-02T15:07:00-04:00	9.0100	8.8346	3621
2026-10-02T15:09:00-04:00	8.9900	8.8349	4630
2026-10-02T15:10:00-04:00	9.0050	8.8350	1098
2026-10-02T15:11:00-04:00	9.0150	8.8352	3817
2026-10-02T15:12:00-04:00	9.0108	8.8352	769
2026-10-02T15:13:00-04:00	9.0150	8.8353	1014
2026-10-02T15:14:00-04:00	9.0250	8.8354	1723
2026-10-02T15:15:00-04:00	9.0250	8.8361	9807
2026-10-02T15:16:00-04:00	9.0350	8.8364	4736
2026-10-02T15:17:00-04:00	9.0400	8.8366	1841
2026-10-02T15:18:00-04:00	9.0300	8.8376	14625
2026-10-02T15:19:00-04:00	9.0350	8.8377	1152
2026-10-02T15:20:00-04:00	9.0350	8.8378	1509
2026-10-02T15:21:00-04:00	9.0250	8.8380	3148
2026-10-02T15:22:00-04:00	9.0250	8.8381	1173
2026-10-02T15:23:00-04:00	9.0250	8.8384	4452
2026-10-02T15:24:00-04:00	9.0350	8.8387	4196
2026-10-02T15:25:00-04:00	9.0350	8.8390	4274
2026-10-02T15:26:00-04:00	9.0250	8.8393	4505
2026-10-02T15:27:00-04:00	9.0150	8.8399	8902
2026-10-02T15:28:00-04:00	9.0150	8.8401	3301
2026-10-02T15:29:00-04:00	9.0100	8.8405	7843
2026-10-02T15:30:00-04:00	9.0200	8.8409	6452
2026-10-02T15:31:00-04:00	9.0350	8.8412	3711
2026-10-02T15:32:00-04:00	9.0250	8.8416	6447
2026-10-02T15:33:00-04:00	9.0150	8.8417	2212
2026-10-02T15:34:00-04:00	9.0150	8.8419	2532
2026-10-02T15:35:00-04:00	9.0150	8.8421	3356
2026-10-02T15:36:00-04:00	8.9950	8.8425	6879
2026-10-02T15:37:00-04:00	9.0050	8.8429	7472
2026-10-02T15:38:00-04:00	9.0050	8.8432	5793
2026-10-02T15:39:00-04:00	9.0050	8.8434	2833
2026-10-02T15:40:00-04:00	8.9850	8.8437	6895
2026-10-02T15:41:00-04:00	8.9850	8.8441	6683
2026-10-02T15:42:00-04:00	8.9550	8.8444	8825
2026-10-02T15:43:00-04:00	8.9650	8.8446	5260
2026-10-02T15:44:00-04:00	8.9650	8.8450	9864
2026-10-02T15:45:00-04:00	8.9850	8.8454	8796
2026-10-02T15:46:00-04:00	8.9850	8.8456	3363
2026-10-02T15:47:00-04:00	8.9800	8.8458	5053
2026-10-02T15:48:00-04:00	8.9850	8.8462	7376
2026-10-02T15:49:00-04:00	8.9900	8.8467	10692
2026-10-02T15:50:00-04:00	8.9500	8.8472	11784
2026-10-02T15:51:00-04:00	8.9600	8.8474	6104
2026-10-02T15:52:00-04:00	8.9550	8.8475	4139
2026-10-02T15:53:00-04:00	8.9300	8.8478	7576
2026-10-02T15:54:00-04:00	8.9400	8.8482	13915
2026-10-02T15:55:00-04:00	8.9400	8.8485	9787
2026-10-02T15:56:00-04:00	8.9400	8.8488	11030
2026-10-02T15:57:00-04:00	8.9450	8.8494	18349
2026-10-02T15:58:00-04:00	8.9250	8.8504	36643
2026-10-02T15:59:00-04:00	8.9750	8.8528	69021
2026-10-05T09:30:00-04:00	8.5850	8.6467	38011
2026-10-05T09:31:00-04:00	8.5600	8.6234	16541
2026-10-05T09:32:00-04:00	8.5850	8.6144	20629
2026-10-05T09:33:00-04:00	8.5750	8.6110	12248
2026-10-05T09:34:00-04:00	8.5250	8.6039	8923
2026-10-05T09:35:00-04:00	8.5350	8.5955	12066
2026-10-05T09:36:00-04:00	8.5400	8.5916	12245
2026-10-05T09:37:00-04:00	8.5350	8.5908	1974
2026-10-05T09:38:00-04:00	8.5900	8.5900	6940
2026-10-05T09:39:00-04:00	8.5800	8.5899	1926
2026-10-05T09:40:00-04:00	8.5500	8.5894	1918
2026-10-05T09:41:00-04:00	8.5100	8.5866	4990
2026-10-05T09:42:00-04:00	8.5100	8.5838	5492
2026-10-05T09:43:00-04:00	8.5350	8.5820	6077
2026-10-05T09:44:00-04:00	8.5400	8.5789	8711
2026-10-05T09:45:00-04:00	8.5700	8.5787	2320
2026-10-05T09:46:00-04:00	8.5600	8.5782	3195
2026-10-05T09:47:00-04:00	8.5350	8.5750	19013
2026-10-05T09:48:00-04:00	8.4900	8.5711	10706
2026-10-05T09:49:00-04:00	8.4500	8.5668	7730
2026-10-05T09:50:00-04:00	8.4700	8.5630	8348
2026-10-05T09:51:00-04:00	8.4397	8.5501	32270
2026-10-05T09:52:00-04:00	8.4500	8.5485	3935
2026-10-05T09:53:00-04:00	8.4400	8.5461	6322
2026-10-05T09:54:00-04:00	8.4400	8.5438	5129
2026-10-05T09:55:00-04:00	8.4600	8.5370	19544
2026-10-05T09:56:00-04:00	8.4800	8.5366	1724
2026-10-05T09:58:00-04:00	8.4668	8.5361	2201
2026-10-05T09:59:00-04:00	8.4791	8.5355	3524
2026-10-05T10:00:00-04:00	8.4800	8.5343	5682
2026-10-05T10:01:00-04:00	8.4850	8.5337	3041
2026-10-05T10:02:00-04:00	8.5250	8.5336	1633
2026-10-05T10:03:00-04:00	8.5400	8.5336	804
2026-10-05T10:04:00-04:00	8.4900	8.5334	3129
2026-10-05T10:05:00-04:00	8.4900	8.5326	5828
2026-10-05T10:06:00-04:00	8.5100	8.5325	1409
2026-10-05T10:07:00-04:00	8.4700	8.5318	3901
2026-10-05T10:08:00-04:00	8.3900	8.5259	15306
2026-10-05T10:09:00-04:00	8.3450	8.5198	12081
2026-10-05T10:10:00-04:00	8.3600	8.5179	4305
2026-10-05T10:11:00-04:00	8.3500	8.5163	3416
2026-10-05T10:12:00-04:00	8.3300	8.5134	5694
2026-10-05T10:13:00-04:00	8.3500	8.5120	2912
2026-10-05T10:14:00-04:00	8.3450	8.5070	12299
2026-10-05T10:15:00-04:00	8.3350	8.5058	2716
2026-10-05T10:16:00-04:00	8.3500	8.5010	11257
2026-10-05T10:17:00-04:00	8.3600	8.4996	3704
2026-10-05T10:18:00-04:00	8.3700	8.4993	818
2026-10-05T10:19:00-04:00	8.3750	8.4990	1005
2026-10-05T10:20:00-04:00	8.3600	8.4983	1863
2026-10-05T10:21:00-04:00	8.3600	8.4978	1542
2026-10-05T10:22:00-04:00	8.3531	8.4963	3981
2026-10-05T10:23:00-04:00	8.3300	8.4940	5643
2026-10-05T10:24:00-04:00	8.3300	8.4928	2809
2026-10-05T10:25:00-04:00	8.3000	8.4876	11576
2026-10-05T10:26:00-04:00	8.2900	8.4849	6021
2026-10-05T10:27:00-04:00	8.3100	8.4725	29678
2026-10-05T10:28:00-04:00	8.3100	8.4675	14730
2026-10-05T10:29:00-04:00	8.2800	8.4645	7762
2026-10-05T10:30:00-04:00	8.2600	8.4568	17954
2026-10-05T10:31:00-04:00	8.1900	8.4468	20741
2026-10-05T10:32:00-04:00	8.2100	8.4432	7797
2026-10-05T10:33:00-04:00	8.1900	8.4389	9340
2026-10-05T10:34:00-04:00	8.1665	8.4354	6903
2026-10-05T10:35:00-04:00	8.1800	8.4306	10067
2026-10-05T10:36:00-04:00	8.1700	8.4293	2748
2026-10-05T10:37:00-04:00	8.1900	8.4225	15420
2026-10-05T10:38:00-04:00	8.2200	8.4200	6938
2026-10-05T10:39:00-04:00	8.2250	8.4196	1235
2026-10-05T10:40:00-04:00	8.2200	8.4171	7298
2026-10-05T10:41:00-04:00	8.2121	8.4132	11417
2026-10-05T10:42:00-04:00	8.2100	8.4122	2781
2026-10-05T10:43:00-04:00	8.2100	8.4111	3339
2026-10-05T10:44:00-04:00	8.2100	8.4105	1613
2026-10-05T10:45:00-04:00	8.1900	8.4039	19161
2026-10-05T10:46:00-04:00	8.2100	8.4014	7759
2026-10-05T10:47:00-04:00	8.2300	8.4000	4727
2026-10-05T10:48:00-04:00	8.2219	8.3989	4312
2026-10-05T10:49:00-04:00	8.1800	8.3974	4679
2026-10-05T10:50:00-04:00	8.1800	8.3962	3540
2026-10-05T10:51:00-04:00	8.1700	8.3949	3793
2026-10-05T10:52:00-04:00	8.1550	8.3938	3004
2026-10-05T10:53:00-04:00	8.1700	8.3907	9007
2026-10-05T10:54:00-04:00	8.1550	8.3903	1073
2026-10-05T10:55:00-04:00	8.1414	8.3865	10458
2026-10-05T10:56:00-04:00	8.1650	8.3842	6827
2026-10-05T10:57:00-04:00	8.1650	8.3815	8734
2026-10-05T10:58:00-04:00	8.1600	8.3800	4662
2026-10-05T10:59:00-04:00	8.1600	8.3796	1233
2026-10-05T11:00:00-04:00	8.1850	8.3782	4804
2026-10-05T11:01:00-04:00	8.1600	8.3772	3445
2026-10-05T11:02:00-04:00	8.1450	8.3751	6341
2026-10-05T11:03:00-04:00	8.1365	8.3739	3726
2026-10-05T11:04:00-04:00	8.1100	8.3699	11298
2026-10-05T11:05:00-04:00	8.1100	8.3678	5823
2026-10-05T11:06:00-04:00	8.0950	8.3662	4031
2026-10-05T11:07:00-04:00	8.1250	8.3603	17478
2026-10-05T11:08:00-04:00	8.1000	8.3563	12182
2026-10-05T11:09:00-04:00	8.1100	8.3554	2549
2026-10-05T11:10:00-04:00	8.0950	8.3532	6629
2026-10-05T11:11:00-04:00	8.0850	8.3522	2830
2026-10-05T11:12:00-04:00	8.0950	8.3509	4097
2026-10-05T11:13:00-04:00	8.0900	8.3498	3089
2026-10-05T11:14:00-04:00	8.0850	8.3496	600
2026-10-05T11:15:00-04:00	8.0850	8.3469	8059
2026-10-05T11:16:00-04:00	8.0810	8.3468	302
2026-10-05T11:17:00-04:00	8.0900	8.3454	4235
2026-10-05T11:18:00-04:00	8.0850	8.3451	951
2026-10-05T11:19:00-04:00	8.0850	8.3415	10936
2026-10-05T11:20:00-04:00	8.0850	8.3414	404
2026-10-05T11:21:00-04:00	8.0800	8.2122	804453
2026-10-05T11:22:00-04:00	8.0850	8.2112	12107
2026-10-05T11:23:00-04:00	8.0650	8.2105	7282
2026-10-05T11:24:00-04:00	8.1200	8.2098	11189
2026-10-05T11:25:00-04:00	8.1150	8.2097	1333
2026-10-05T11:26:00-04:00	8.1050	8.2093	6667
2026-10-05T11:27:00-04:00	8.1100	8.2089	7134
2026-10-05T11:28:00-04:00	8.1150	8.2088	215
2026-10-05T11:29:00-04:00	8.0900	8.2073	22635
2026-10-05T11:30:00-04:00	8.0950	8.2073	357
2026-10-05T11:31:00-04:00	8.1400	8.2067	12527
2026-10-05T11:32:00-04:00	8.1450	8.2066	2317
2026-10-05T11:33:00-04:00	8.1450	8.2066	763
2026-10-05T11:34:00-04:00	8.1350	8.2062	8200
2026-10-05T11:35:00-04:00	8.1400	8.2062	916
2026-10-05T11:36:00-04:00	8.1550	8.2062	708
2026-10-05T11:37:00-04:00	8.1400	8.2061	2126
2026-10-05T11:39:00-04:00	8.1400	8.2060	1549
2026-10-05T11:40:00-04:00	8.1350	8.2060	801
2026-10-05T11:41:00-04:00	8.1450	8.2058	5074
2026-10-05T11:42:00-04:00	8.1600	8.2057	4735
2026-10-05T11:43:00-04:00	8.1600	8.2056	585
2026-10-05T11:44:00-04:00	8.1450	8.2056	779
2026-10-05T11:45:00-04:00	8.1250	8.2055	1818
2026-10-05T11:46:00-04:00	8.1350	8.2053	5743
2026-10-05T11:47:00-04:00	8.1350	8.2053	743
2026-10-05T11:48:00-04:00	8.1350	8.2051	3999
2026-10-05T11:49:00-04:00	8.1350	8.2051	1037
2026-10-05T11:50:00-04:00	8.1350	8.2050	509
2026-10-05T11:51:00-04:00	8.1700	8.2048	10247
2026-10-05T11:52:00-04:00	8.1850	8.2047	3638
2026-10-05T11:53:00-04:00	8.1850	8.2047	1178
2026-10-05T11:54:00-04:00	8.1950	8.2047	3521
2026-10-05T11:55:00-04:00	8.1910	8.2047	498
2026-10-05T11:56:00-04:00	8.1850	8.2047	2317
2026-10-05T11:57:00-04:00	8.1850	8.2047	174
2026-10-05T11:58:00-04:00	8.1700	8.2046	5463
2026-10-05T11:59:00-04:00	8.1700	8.2045	2873
2026-10-05T12:00:00-04:00	8.1550	8.2044	2627
2026-10-05T12:01:00-04:00	8.1550	8.2044	230
2026-10-05T12:02:00-04:00	8.1550	8.2044	420
2026-10-05T12:03:00-04:00	8.1550	8.2044	625
2026-10-05T12:04:00-04:00	8.1550	8.2044	573
2026-10-05T12:05:00-04:00	8.1550	8.2044	467
2026-10-05T12:06:00-04:00	8.1550	8.2044	220
2026-10-05T12:07:00-04:00	8.1450	8.2043	1753
2026-10-05T12:08:00-04:00	8.1468	8.2043	1199
2026-10-05T12:09:00-04:00	8.1491	8.2043	409
2026-10-05T12:10:00-04:00	8.1410	8.2042	658
2026-10-05T12:11:00-04:00	8.1400	8.2041	2918
2026-10-05T12:12:00-04:00	8.1101	8.2039	5562
2026-10-05T12:13:00-04:00	8.1101	8.2037	3384
2026-10-05T12:14:00-04:00	8.1103	8.2037	285
2026-10-05T12:15:00-04:00	8.1150	8.2037	117
2026-10-05T12:16:00-04:00	8.1106	8.2036	1479
2026-10-05T12:17:00-04:00	8.1150	8.2036	132
2026-10-05T12:18:00-04:00	8.1350	8.2015	53340
2026-10-05T12:19:00-04:00	8.1400	8.2015	640
2026-10-05T12:21:00-04:00	8.1501	8.2013	4778
2026-10-05T12:22:00-04:00	8.1500	8.2012	3414
2026-10-05T12:23:00-04:00	8.1600	8.2012	683
2026-10-05T12:24:00-04:00	8.1700	8.2012	2328
2026-10-05T12:25:00-04:00	8.2000	8.2011	9320
2026-10-05T12:26:00-04:00	8.1950	8.2011	853
2026-10-05T12:27:00-04:00	8.1850	8.2011	3249
2026-10-05T12:29:00-04:00	8.1850	8.2011	1103
2026-10-05T12:30:00-04:00	8.1950	8.2011	3224
2026-10-05T12:31:00-04:00	8.1950	8.2011	258
2026-10-05T12:32:00-04:00	8.1900	8.2010	4129
2026-10-05T12:33:00-04:00	8.1850	8.2010	1377
2026-10-05T12:34:00-04:00	8.1793	8.2010	1722
2026-10-05T12:35:00-04:00	8.1550	8.2010	2324
2026-10-05T12:36:00-04:00	8.1501	8.2008	6809
2026-10-05T12:37:00-04:00	8.1450	8.2008	826
2026-10-05T12:38:00-04:00	8.1400	8.2006	4811
2026-10-05T12:39:00-04:00	8.1401	8.2006	307
2026-10-05T12:40:00-04:00	8.1350	8.2005	2120
2026-10-05T12:42:00-04:00	8.1250	8.2004	2203
2026-10-05T12:43:00-04:00	8.1200	8.2004	275
2026-10-05T12:44:00-04:00	8.1250	8.2004	1242
2026-10-05T12:45:00-04:00	8.1750	8.2001	11290
2026-10-05T12:46:00-04:00	8.1916	8.2001	3080
2026-10-05T12:47:00-04:00	8.1900	8.2001	2029
2026-10-05T12:48:00-04:00	8.1600	8.1999	10356
2026-10-05T12:49:00-04:00	8.1501	8.1999	757
2026-10-05T12:50:00-04:00	8.1600	8.1998	3786
2026-10-05T12:51:00-04:00	8.1692	8.1998	1290
2026-10-05T12:52:00-04:00	8.2100	8.1998	14184
2026-10-05T12:53:00-04:00	8.2100	8.1998	990
2026-10-05T12:54:00-04:00	8.2050	8.1998	11430
2026-10-05T12:55:00-04:00	8.2399	8.2001	23565
2026-10-05T12:56:00-04:00	8.2201	8.2002	10121
2026-10-05T12:57:00-04:00	8.2250	8.2003	9792
2026-10-05T12:58:00-04:00	8.2250	8.2003	1294
2026-10-05T12:59:00-04:00	8.2200	8.2004	7811
2026-10-05T13:00:00-04:00	8.2050	8.2004	3572
2026-10-05T13:01:00-04:00	8.2250	8.2005	7671
2026-10-05T13:02:00-04:00	8.2100	8.2005	2943
2026-10-05T13:03:00-04:00	8.1900	8.2005	10126
2026-10-05T13:04:00-04:00	8.1650	8.2003	12022
2026-10-05T13:05:00-04:00	8.1350	8.2001	6320
2026-10-05T13:06:00-04:00	8.1350	8.1999	6939
2026-10-05T13:07:00-04:00	8.1390	8.1999	1362
2026-10-05T13:08:00-04:00	8.1350	8.1999	110
2026-10-05T13:09:00-04:00	8.1300	8.1998	3710
2026-10-05T13:10:00-04:00	8.1400	8.1995	7578
2026-10-05T13:11:00-04:00	8.1599	8.1994	6313
2026-10-05T13:12:00-04:00	8.1650	8.1994	1573
2026-10-05T13:13:00-04:00	8.1450	8.1993	3298
2026-10-05T13:14:00-04:00	8.1485	8.1993	299
2026-10-05T13:15:00-04:00	8.1300	8.1990	8091
2026-10-05T13:16:00-04:00	8.1300	8.1987	8657
2026-10-05T13:17:00-04:00	8.1300	8.1987	1753
2026-10-05T13:18:00-04:00	8.1201	8.1986	1549
2026-10-05T13:19:00-04:00	8.1400	8.1985	3497
2026-10-05T13:20:00-04:00	8.1400	8.1985	769
2026-10-05T13:21:00-04:00	8.1300	8.1985	1167
2026-10-05T13:22:00-04:00	8.1300	8.1984	1004
2026-10-05T13:23:00-04:00	8.1300	8.1984	1369
2026-10-05T13:24:00-04:00	8.1300	8.1983	2492
2026-10-05T13:25:00-04:00	8.1350	8.1982	3209
2026-10-05T13:26:00-04:00	8.1350	8.1982	430
2026-10-05T13:27:00-04:00	8.1350	8.1981	3455
2026-10-05T13:28:00-04:00	8.1301	8.1980	2168
2026-10-05T13:29:00-04:00	8.1400	8.1978	5876
2026-10-05T13:30:00-04:00	8.1500	8.1978	586
2026-10-05T13:31:00-04:00	8.1550	8.1978	1045
2026-10-05T13:32:00-04:00	8.1550	8.1978	354
2026-10-05T13:33:00-04:00	8.1600	8.1978	1678
2026-10-05T13:34:00-04:00	8.1386	8.1975	9911
2026-10-05T13:35:00-04:00	8.1250	8.1975	960
2026-10-05T13:36:00-04:00	8.1650	8.1970	22955
2026-10-05T13:37:00-04:00	8.1700	8.1970	2675
2026-10-05T13:38:00-04:00	8.1450	8.1968	9838
2026-10-05T13:39:00-04:00	8.1300	8.1963	16955
2026-10-05T13:40:00-04:00	8.1350	8.1963	1193
2026-10-05T13:41:00-04:00	8.1600	8.1960	14017
2026-10-05T13:42:00-04:00	8.1501	8.1958	8777
2026-10-05T13:43:00-04:00	8.1800	8.1958	2723
2026-10-05T13:44:00-04:00	8.1800	8.1958	1070
2026-10-05T13:45:00-04:00	8.1800	8.1958	729
2026-10-05T13:46:00-04:00	8.1950	8.1957	7795
2026-10-05T13:47:00-04:00	8.1950	8.1957	987
2026-10-05T13:48:00-04:00	8.1950	8.1957	1143
2026-10-05T13:49:00-04:00	8.1850	8.1957	4664
2026-10-05T13:50:00-04:00	8.1950	8.1957	2885
2026-10-05T13:51:00-04:00	8.1950	8.1957	336
2026-10-05T13:52:00-04:00	8.1950	8.1957	1224
2026-10-05T13:53:00-04:00	8.1900	8.1957	2218
2026-10-05T13:54:00-04:00	8.1850	8.1957	440
2026-10-05T13:55:00-04:00	8.1650	8.1957	2905
2026-10-05T13:56:00-04:00	8.1601	8.1957	1436
2026-10-05T13:58:00-04:00	8.1610	8.1957	306
2026-10-05T14:00:00-04:00	8.1650	8.1956	1447
2026-10-05T14:01:00-04:00	8.1550	8.1956	1449
2026-10-05T14:02:00-04:00	8.1800	8.1954	14774
2026-10-05T14:03:00-04:00	8.2050	8.1954	4698
2026-10-05T14:04:00-04:00	8.2000	8.1954	2196
2026-10-05T14:05:00-04:00	8.1800	8.1954	2690
2026-10-05T14:07:00-04:00	8.1700	8.1954	1617
2026-10-05T14:08:00-04:00	8.1550	8.1954	2430
2026-10-05T14:09:00-04:00	8.1900	8.1953	9036
2026-10-05T14:10:00-04:00	8.1850	8.1953	1690
2026-10-05T14:11:00-04:00	8.1791	8.1953	1401
2026-10-05T14:12:00-04:00	8.1650	8.1952	3593
2026-10-05T14:13:00-04:00	8.1650	8.1833	1492747
2026-10-05T14:14:00-04:00	8.1650	8.1833	639
2026-10-05T14:15:00-04:00	8.1650	8.1833	435
2026-10-05T14:16:00-04:00	8.1650	8.1833	343
2026-10-05T14:17:00-04:00	8.1600	8.1833	2831
2026-10-05T14:18:00-04:00	8.1550	8.1833	888
2026-10-05T14:19:00-04:00	8.1350	8.1832	4575
2026-10-05T14:22:00-04:00	8.1450	8.1832	6643
2026-10-05T14:23:00-04:00	8.1450	8.1832	1869
2026-10-05T14:24:00-04:00	8.1550	8.1831	5358
2026-10-05T14:26:00-04:00	8.1600	8.1831	767
2026-10-05T14:27:00-04:00	8.1500	8.1830	7960
2026-10-05T14:28:00-04:00	8.1550	8.1830	4124
2026-10-05T14:29:00-04:00	8.1550	8.1830	520
2026-10-05T14:31:00-04:00	8.1450	8.1830	1516
2026-10-05T14:32:00-04:00	8.1450	8.1721	1532125
2026-10-05T14:33:00-04:00	8.1350	8.1721	2354
2026-10-05T14:34:00-04:00	8.1350	8.1721	1082
2026-10-05T14:35:00-04:00	8.1300	8.1721	2753
2026-10-05T14:36:00-04:00	8.1250	8.1721	770
2026-10-05T14:37:00-04:00	8.1150	8.1720	7368
2026-10-05T14:38:00-04:00	8.1350	8.1719	18193
2026-10-05T14:39:00-04:00	8.1400	8.1719	863
2026-10-05T14:41:00-04:00	8.1317	8.1719	964
2026-10-05T14:42:00-04:00	8.1450	8.1718	4027
2026-10-05T14:43:00-04:00	8.1450	8.1718	1278
2026-10-05T14:44:00-04:00	8.1350	8.1718	1792
2026-10-05T14:45:00-04:00	8.1391	8.1718	654
2026-10-05T14:46:00-04:00	8.1250	8.1718	2335
2026-10-05T14:47:00-04:00	8.1300	8.1718	4659
2026-10-05T14:48:00-04:00	8.1316	8.1717	244
2026-10-05T14:49:00-04:00	8.1400	8.1717	4900
2026-10-05T14:51:00-04:00	8.1403	8.1717	834
2026-10-05T14:52:00-04:00	8.1424	8.1717	946
2026-10-05T14:53:00-04:00	8.1550	8.1717	6667
2026-10-05T14:54:00-04:00	8.1550	8.1717	529
2026-10-05T14:55:00-04:00	8.1650	8.1717	5075
2026-10-05T14:56:00-04:00	8.1550	8.1717	4320
2026-10-05T14:57:00-04:00	8.1550	8.1717	503
2026-10-05T14:58:00-04:00	8.1900	8.1717	5813
2026-10-05T14:59:00-04:00	8.1950	8.1717	1894
2026-10-05T15:00:00-04:00	8.1900	8.1717	3329
2026-10-05T15:01:00-04:00	8.1708	8.1717	1667
2026-10-05T15:02:00-04:00	8.1850	8.1717	1922
2026-10-05T15:03:00-04:00	8.1900	8.1717	3339
2026-10-05T15:04:00-04:00	8.1900	8.1717	1671
2026-10-05T15:05:00-04:00	8.1806	8.1717	1103
2026-10-05T15:06:00-04:00	8.1850	8.1717	1955
2026-10-05T15:07:00-04:00	8.1700	8.1717	6686
2026-10-05T15:09:00-04:00	8.1686	8.1717	578
2026-10-05T15:10:00-04:00	8.1615	8.1717	457
2026-10-05T15:11:00-04:00	8.1650	8.1717	5034
2026-10-05T15:12:00-04:00	8.1750	8.1717	8224
2026-10-05T15:13:00-04:00	8.2050	8.1718	20126
2026-10-05T15:14:00-04:00	8.2100	8.1718	1331
2026-10-05T15:16:00-04:00	8.2000	8.1719	6148
2026-10-05T15:17:00-04:00	8.1900	8.1719	2728
2026-10-05T15:19:00-04:00	8.1850	8.1719	4507
2026-10-05T15:20:00-04:00	8.1950	8.1719	6147
2026-10-05T15:21:00-04:00	8.1900	8.1719	2920
2026-10-05T15:22:00-04:00	8.1800	8.1719	4353
2026-10-05T15:23:00-04:00	8.1750	8.1719	1199
2026-10-05T15:24:00-04:00	8.1750	8.1719	602
2026-10-05T15:25:00-04:00	8.1900	8.1720	10037
2026-10-05T15:26:00-04:00	8.1950	8.1720	1036
2026-10-05T15:27:00-04:00	8.1850	8.1720	4445
2026-10-05T15:28:00-04:00	8.1700	8.1720	7660
2026-10-05T15:29:00-04:00	8.1750	8.1720	368
2026-10-05T15:30:00-04:00	8.1750	8.1720	738
2026-10-05T15:31:00-04:00	8.1650	8.1720	2377
2026-10-05T15:32:00-04:00	8.1903	8.1720	19464
2026-10-05T15:33:00-04:00	8.1950	8.1720	2638
2026-10-05T15:34:00-04:00	8.2250	8.1721	10675
2026-10-05T15:35:00-04:00	8.2400	8.1722	4713
2026-10-05T15:36:00-04:00	8.2450	8.1722	4247
2026-10-05T15:37:00-04:00	8.2400	8.1723	3450
2026-10-05T15:38:00-04:00	8.2450	8.1723	4580
2026-10-05T15:39:00-04:00	8.2450	8.1723	871
2026-10-05T15:40:00-04:00	8.2500	8.1724	2990
2026-10-05T15:41:00-04:00	8.2600	8.1726	16362
2026-10-05T15:42:00-04:00	8.2600	8.1728	10858
2026-10-05T15:43:00-04:00	8.2796	8.1729	6303
2026-10-05T15:44:00-04:00	8.2750	8.1729	2875
2026-10-05T15:45:00-04:00	8.2750	8.1730	4463
2026-10-05T15:46:00-04:00	8.2750	8.1731	5243
2026-10-05T15:47:00-04:00	8.2600	8.1733	9356
2026-10-05T15:48:00-04:00	8.2750	8.1736	21476
2026-10-05T15:49:00-04:00	8.2750	8.1738	6474
2026-10-05T15:50:00-04:00	8.2950	8.1740	11216
2026-10-05T15:51:00-04:00	8.2750	8.1742	10759
2026-10-05T15:52:00-04:00	8.2850	8.1745	16354
2026-10-05T15:53:00-04:00	8.3300	8.1751	23812
2026-10-05T15:54:00-04:00	8.3300	8.1756	19820
2026-10-05T15:55:00-04:00	8.3150	8.1762	23962
2026-10-05T15:56:00-04:00	8.3250	8.1776	55302
2026-10-05T15:57:00-04:00	8.3250	8.1781	18256
2026-10-05T15:58:00-04:00	8.3150	8.1790	39948
2026-10-05T15:59:00-04:00	8.3100	8.1803	59647
2026-10-06T09:30:00-04:00	8.3100	8.3217	37490
2026-10-06T09:31:00-04:00	8.4400	8.3446	16561
2026-10-06T09:32:00-04:00	8.4790	8.3465	881
2026-10-06T09:33:00-04:00	8.3503	8.3473	6817
2026-10-06T09:34:00-04:00	8.3900	8.3522	6629
2026-10-06T09:35:00-04:00	8.5000	8.3650	9218
2026-10-06T09:36:00-04:00	8.4650	8.3817	12770
2026-10-06T09:37:00-04:00	8.3850	8.3835	5566
2026-10-06T09:38:00-04:00	8.3500	8.3833	836
2026-10-06T09:39:00-04:00	8.3250	8.3803	5495
2026-10-06T09:40:00-04:00	8.2900	8.3783	2685
2026-10-06T09:41:00-04:00	8.3100	8.3770	1794
2026-10-06T09:42:00-04:00	8.2700	8.3749	2532
2026-10-06T09:43:00-04:00	8.2800	8.3699	6149
2026-10-06T09:44:00-04:00	8.2700	8.3656	5757
2026-10-06T09:45:00-04:00	8.3000	8.3637	3399
2026-10-06T09:46:00-04:00	8.3500	8.3635	1186
2026-10-06T09:47:00-04:00	8.3600	8.3635	1294
2026-10-06T09:48:00-04:00	8.3200	8.3630	2854
2026-10-06T09:49:00-04:00	8.3300	8.3624	2262
2026-10-06T09:50:00-04:00	8.3400	8.3619	3452
2026-10-06T09:51:00-04:00	8.3400	8.3614	2553
2026-10-06T09:52:00-04:00	8.3200	8.3607	2225
2026-10-06T09:53:00-04:00	8.3300	8.3603	1419
2026-10-06T09:54:00-04:00	8.3600	8.3602	2333
2026-10-06T09:55:00-04:00	8.3600	8.3602	723
2026-10-06T09:56:00-04:00	8.4100	8.3613	4154
2026-10-06T09:57:00-04:00	8.4150	8.3633	4981
2026-10-06T09:58:00-04:00	8.4050	8.3643	4246
2026-10-06T09:59:00-04:00	8.4200	8.3749	40105
2026-10-06T10:00:00-04:00	8.4100	8.3764	8318
2026-10-06T10:01:00-04:00	8.4700	8.3791	7370
2026-10-06T10:02:00-04:00	8.4500	8.3795	1131
2026-10-06T10:03:00-04:00	8.4400	8.3802	2690
2026-10-06T10:04:00-04:00	8.4100	8.3810	5175
2026-10-06T10:05:00-04:00	8.4200	8.3817	3833
2026-10-06T10:06:00-04:00	8.4000	8.3821	3575
2026-10-06T10:07:00-04:00	8.3950	8.3822	2475
2026-10-06T10:08:00-04:00	8.3892	8.3822	638
2026-10-06T10:09:00-04:00	8.3600	8.3821	1908
2026-10-06T10:10:00-04:00	8.3550	8.3820	216
2026-10-06T10:11:00-04:00	8.3401	8.3819	1019
2026-10-06T10:12:00-04:00	8.3600	8.3808	8722
2026-10-06T10:13:00-04:00	8.3613	8.3807	868
2026-10-06T10:14:00-04:00	8.3300	8.3805	1244
2026-10-06T10:15:00-04:00	8.3350	8.3799	3310
2026-10-06T10:16:00-04:00	8.3300	8.3794	3014
2026-10-06T10:17:00-04:00	8.3200	8.3788	3331
2026-10-06T10:18:00-04:00	8.3100	8.3784	1191
2026-10-06T10:19:00-04:00	8.3150	8.3773	4653
2026-10-06T10:20:00-04:00	8.3150	8.3770	1011
2026-10-06T10:21:00-04:00	8.3150	8.3764	2896
2026-10-06T10:22:00-04:00	8.2986	8.3742	8151
2026-10-06T10:23:00-04:00	8.2950	8.3739	1369
2026-10-06T10:24:00-04:00	8.3000	8.3725	4988
2026-10-06T10:25:00-04:00	8.3100	8.3720	2259
2026-10-06T10:26:00-04:00	8.3200	8.3719	555
2026-10-06T10:27:00-04:00	8.3199	8.3715	2039
2026-10-06T10:28:00-04:00	8.3100	8.3713	980
2026-10-06T10:29:00-04:00	8.3000	8.3705	3317
2026-10-06T10:30:00-04:00	8.2900	8.3693	4823
2026-10-06T10:31:00-04:00	8.2600	8.3677	4792
2026-10-06T10:32:00-04:00	8.2550	8.3669	2046
2026-10-06T10:33:00-04:00	8.2350	8.3662	1601
2026-10-06T10:34:00-04:00	8.2250	8.3646	3719
2026-10-06T10:35:00-04:00	8.2150	8.3639	1299
2026-10-06T10:36:00-04:00	8.2150	8.3634	1002
2026-10-06T10:37:00-04:00	8.2192	8.3631	746
2026-10-06T10:38:00-04:00	8.2114	8.3625	1322
2026-10-06T10:40:00-04:00	8.2116	8.3622	649
2026-10-06T10:41:00-04:00	8.2152	8.3618	807
2026-10-06T10:42:00-04:00	8.2150	8.3599	4048
2026-10-06T10:43:00-04:00	8.2050	8.3558	8830
2026-10-06T10:44:00-04:00	8.1950	8.3497	12357
2026-10-06T10:45:00-04:00	8.1800	8.3491	1171
2026-10-06T10:46:00-04:00	8.2000	8.3444	10690
2026-10-06T10:47:00-04:00	8.1800	8.3436	1936
2026-10-06T10:48:00-04:00	8.1750	8.3435	100
2026-10-06T10:49:00-04:00	8.1600	8.3426	1735
2026-10-06T10:50:00-04:00	8.1550	8.3420	1115
2026-10-06T10:51:00-04:00	8.1600	8.3394	5176
2026-10-06T10:52:00-04:00	8.1800	8.3369	5495
2026-10-06T10:53:00-04:00	8.1800	8.3365	823
2026-10-06T10:54:00-04:00	8.1700	8.3350	3439
2026-10-06T10:55:00-04:00	8.1750	8.3340	2377
2026-10-06T10:56:00-04:00	8.1750	8.3304	8687
2026-10-06T10:57:00-04:00	8.1750	8.3301	631
2026-10-06T10:58:00-04:00	8.1750	8.3300	326
2026-10-06T10:59:00-04:00	8.1550	8.3276	5346
2026-10-06T11:00:00-04:00	8.1550	8.3271	1214
2026-10-06T11:01:00-04:00	8.1450	8.3119	36167
2026-10-06T11:02:00-04:00	8.1450	8.3116	808
2026-10-06T11:03:00-04:00	8.1300	8.2988	33317
2026-10-06T11:04:00-04:00	8.1050	8.2939	12506
2026-10-06T11:05:00-04:00	8.1000	8.2920	4788
2026-10-06T11:06:00-04:00	8.1200	8.2851	18497
2026-10-06T11:07:00-04:00	8.1250	8.2851	250
2026-10-06T11:08:00-04:00	8.1300	8.2849	612
2026-10-06T11:09:00-04:00	8.1150	8.2829	5960
2026-10-06T11:10:00-04:00	8.1300	8.2810	5871
2026-10-06T11:11:00-04:00	8.1300	8.2804	2031
2026-10-06T11:12:00-04:00	8.1250	8.2803	598
2026-10-06T11:13:00-04:00	8.1209	8.2795	2529
2026-10-06T11:14:00-04:00	8.1300	8.2782	4349
2026-10-06T11:15:00-04:00	8.1378	8.2780	677
2026-10-06T11:16:00-04:00	8.1450	8.2759	8406
2026-10-06T11:17:00-04:00	8.1250	8.2749	3697
2026-10-06T11:18:00-04:00	8.1200	8.2745	1258
2026-10-06T11:19:00-04:00	8.1050	8.2741	1213
2026-10-06T11:20:00-04:00	8.1250	8.2717	8475
2026-10-06T11:21:00-04:00	8.1300	8.2714	1104
2026-10-06T11:22:00-04:00	8.1450	8.2700	5870
2026-10-06T11:23:00-04:00	8.1300	8.2694	2456
2026-10-06T11:24:00-04:00	8.1300	8.2688	2324
2026-10-06T11:25:00-04:00	8.1350	8.2687	324
2026-10-06T11:26:00-04:00	8.1400	8.2683	1622
2026-10-06T11:28:00-04:00	8.1400	8.2683	101
2026-10-06T11:29:00-04:00	8.1350	8.2680	1298
2026-10-06T11:30:00-04:00	8.1300	8.2671	3499
2026-10-06T11:31:00-04:00	8.1150	8.2662	3530
2026-10-06T11:32:00-04:00	8.1150	8.2648	5283
2026-10-06T11:33:00-04:00	8.1102	8.2642	2174
2026-10-06T11:34:00-04:00	8.1150	8.2639	1078
2026-10-06T11:35:00-04:00	8.1050	8.2633	2430
2026-10-06T11:36:00-04:00	8.1000	8.2626	2386
2026-10-06T11:37:00-04:00	8.0900	8.2606	6891
2026-10-06T11:38:00-04:00	8.0850	8.2585	6960
2026-10-06T11:39:00-04:00	8.0899	8.2583	730
2026-10-06T11:40:00-04:00	8.0950	8.1753	599104
2026-10-06T11:41:00-04:00	8.1000	8.1751	2856
2026-10-06T11:42:00-04:00	8.1050	8.1751	132
2026-10-06T11:43:00-04:00	8.1050	8.1748	4419
2026-10-06T11:44:00-04:00	8.1100	8.1746	4494
2026-10-06T11:45:00-04:00	8.1150	8.1745	541
2026-10-06T11:46:00-04:00	8.1200	8.1744	2825
2026-10-06T11:47:00-04:00	8.1250	8.1743	2261
2026-10-06T11:48:00-04:00	8.1300	8.1743	641
2026-10-06T11:49:00-04:00	8.1300	8.1742	1427
2026-10-06T11:50:00-04:00	8.1250	8.1742	797
2026-10-06T11:51:00-04:00	8.1285	8.1742	992
2026-10-06T11:52:00-04:00	8.1150	8.1740	4548
2026-10-06T11:53:00-04:00	8.1050	8.1738	2357
2026-10-06T11:54:00-04:00	8.1150	8.1734	9139
2026-10-06T11:55:00-04:00	8.1100	8.1733	1151
2026-10-06T11:56:00-04:00	8.1100	8.1732	1388
2026-10-06T11:57:00-04:00	8.1050	8.1732	166
2026-10-06T11:58:00-04:00	8.1050	8.1732	296
2026-10-06T11:59:00-04:00	8.1050	8.1731	1252
2026-10-06T12:00:00-04:00	8.1050	8.1729	3822
2026-10-06T12:01:00-04:00	8.1050	8.1729	1033
2026-10-06T12:02:00-04:00	8.1050	8.1728	798
2026-10-06T12:03:00-04:00	8.1050	8.1728	1227
2026-10-06T12:04:00-04:00	8.1050	8.1727	773
2026-10-06T12:05:00-04:00	8.1050	8.1727	345
2026-10-06T12:06:00-04:00	8.0992	8.1716	19623
2026-10-06T12:07:00-04:00	8.0801	8.1710	9031
2026-10-06T12:08:00-04:00	8.0750	8.1706	4418
2026-10-06T12:09:00-04:00	8.0550	8.1702	4632
2026-10-06T12:10:00-04:00	8.0950	8.1688	21202
2026-10-06T12:11:00-04:00	8.1050	8.1688	1267
2026-10-06T12:12:00-04:00	8.1200	8.1687	1704
2026-10-06T12:13:00-04:00	8.1401	8.1686	2585
2026-10-06T12:14:00-04:00	8.1450	8.1686	441
2026-10-06T12:15:00-04:00	8.1200	8.1685	3572
2026-10-06T12:16:00-04:00	8.1150	8.1685	287
2026-10-06T12:17:00-04:00	8.1150	8.1685	752
2026-10-06T12:18:00-04:00	8.0700	8.1673	18238
2026-10-06T12:19:00-04:00	8.0792	8.1670	5062
2026-10-06T12:20:00-04:00	8.0798	8.1670	307
2026-10-06T12:21:00-04:00	8.0650	8.1668	2355
2026-10-06T12:23:00-04:00	8.0550	8.1667	972
2026-10-06T12:24:00-04:00	8.0504	8.1665	2521
2026-10-06T12:25:00-04:00	8.0550	8.1653	15364
2026-10-06T12:26:00-04:00	8.0550	8.1651	1722
2026-10-06T12:27:00-04:00	8.0550	8.1649	3253
2026-10-06T12:28:00-04:00	8.0550	8.1648	378
2026-10-06T12:29:00-04:00	8.0550	8.1646	2537
2026-10-06T12:30:00-04:00	8.0591	8.1641	7223
2026-10-06T12:31:00-04:00	8.0650	8.1632	11100
2026-10-06T12:32:00-04:00	8.0671	8.1632	860
2026-10-06T12:33:00-04:00	8.0750	8.1628	5977
2026-10-06T12:34:00-04:00	8.0750	8.1628	573
2026-10-06T12:35:00-04:00	8.0750	8.1626	2103
2026-10-06T12:36:00-04:00	8.0850	8.1621	10300
2026-10-06T12:37:00-04:00	8.0750	8.1619	2091
2026-10-06T12:38:00-04:00	8.0750	8.1618	2274
2026-10-06T12:39:00-04:00	8.0750	8.1617	875
2026-10-06T12:40:00-04:00	8.0750	8.1617	200
2026-10-06T12:41:00-04:00	8.0701	8.1617	578
2026-10-06T12:42:00-04:00	8.0701	8.1617	252
2026-10-06T12:43:00-04:00	8.0750	8.1616	509
2026-10-06T12:44:00-04:00	8.1050	8.1610	13270
2026-10-06T12:45:00-04:00	8.1050	8.1607	7857
2026-10-06T12:46:00-04:00	8.1150	8.1605	5322
2026-10-06T12:47:00-04:00	8.1400	8.1602	27857
2026-10-06T12:48:00-04:00	8.1200	8.1601	3822
2026-10-06T12:50:00-04:00	8.1100	8.1600	716
2026-10-06T12:52:00-04:00	8.1005	8.1599	2412
2026-10-06T12:53:00-04:00	8.1050	8.1599	137
2026-10-06T12:54:00-04:00	8.0950	8.1599	1078
2026-10-06T12:55:00-04:00	8.0950	8.1599	213
2026-10-06T12:56:00-04:00	8.0950	8.1598	2247
2026-10-06T12:57:00-04:00	8.0950	8.1598	808
2026-10-06T12:58:00-04:00	8.0950	8.1597	1267
2026-10-06T13:00:00-04:00	8.0950	8.1597	512
2026-10-06T13:01:00-04:00	8.0950	8.1593	8458
2026-10-06T13:02:00-04:00	8.0950	8.1593	696
2026-10-06T13:03:00-04:00	8.0950	8.1592	2525
2026-10-06T13:04:00-04:00	8.0950	8.1591	2309
2026-10-06T13:05:00-04:00	8.1000	8.1588	7469
2026-10-06T13:06:00-04:00	8.1050	8.1385	905584
2026-10-06T13:07:00-04:00	8.1050	8.1384	6539
2026-10-06T13:08:00-04:00	8.1150	8.1383	5724
2026-10-06T13:09:00-04:00	8.1150	8.1383	766
2026-10-06T13:10:00-04:00	8.1197	8.1383	1401
2026-10-06T13:11:00-04:00	8.1000	8.1382	4747
2026-10-06T13:12:00-04:00	8.0950	8.1381	7347
2026-10-06T13:13:00-04:00	8.0950	8.1381	1107
2026-10-06T13:15:00-04:00	8.0900	8.1380	3371
2026-10-06T13:16:00-04:00	8.0910	8.1380	918
2026-10-06T13:19:00-04:00	8.0850	8.1380	3037
2026-10-06T13:20:00-04:00	8.0750	8.1379	2510
2026-10-06T13:21:00-04:00	8.0900	8.1377	9466
2026-10-06T13:22:00-04:00	8.0850	8.1371	26195
2026-10-06T13:23:00-04:00	8.0850	8.1370	1384
2026-10-06T13:24:00-04:00	8.1050	8.1370	5487
2026-10-06T13:25:00-04:00	8.1050	8.1369	211
2026-10-06T13:26:00-04:00	8.1150	8.1369	4321
2026-10-06T13:27:00-04:00	8.1150	8.1369	291
2026-10-06T13:28:00-04:00	8.1250	8.1369	2028
2026-10-06T13:29:00-04:00	8.1214	8.1369	6724
2026-10-06T13:30:00-04:00	8.1150	8.1368	7128
2026-10-06T13:31:00-04:00	8.1250	8.1368	2720
2026-10-06T13:32:00-04:00	8.1215	8.1368	104
2026-10-06T13:33:00-04:00	8.1250	8.1368	1443
2026-10-06T13:34:00-04:00	8.1350	8.1368	4976
2026-10-06T13:36:00-04:00	8.1400	8.1368	873
2026-10-06T13:37:00-04:00	8.1500	8.1368	6218
2026-10-06T13:38:00-04:00	8.1385	8.1368	1811
2026-10-06T13:39:00-04:00	8.1400	8.1368	3971
2026-10-06T13:40:00-04:00	8.1300	8.1368	6188
2026-10-06T13:41:00-04:00	8.1350	8.1368	3681
2026-10-06T13:42:00-04:00	8.1350	8.1368	866
2026-10-06T13:44:00-04:00	8.1250	8.1368	3226
2026-10-06T13:45:00-04:00	8.1400	8.1368	10449
2026-10-06T13:46:00-04:00	8.1450	8.1368	508
2026-10-06T13:47:00-04:00	8.1494	8.1368	1918
2026-10-06T13:48:00-04:00	8.1450	8.1368	121
2026-10-06T13:49:00-04:00	8.1350	8.1368	4241
2026-10-06T13:50:00-04:00	8.1350	8.1368	432
2026-10-06T13:51:00-04:00	8.1350	8.1368	405
2026-10-06T13:52:00-04:00	8.1350	8.1368	942
2026-10-06T13:53:00-04:00	8.1350	8.1368	305
2026-10-06T13:54:00-04:00	8.1350	8.1368	1189
2026-10-06T13:55:00-04:00	8.1450	8.1368	12467
2026-10-06T13:56:00-04:00	8.1500	8.1368	3437
2026-10-06T13:58:00-04:00	8.1550	8.1368	825
2026-10-06T13:59:00-04:00	8.1550	8.1369	1138
2026-10-06T14:00:00-04:00	8.1585	8.1369	167
2026-10-06T14:01:00-04:00	8.1500	8.1369	3165
2026-10-06T14:02:00-04:00	8.1600	8.1370	13860
2026-10-06T14:03:00-04:00	8.1650	8.1370	3149
2026-10-06T14:05:00-04:00	8.1650	8.1370	2500
2026-10-06T14:06:00-04:00	8.1550	8.1371	3852
2026-10-06T14:07:00-04:00	8.1550	8.1371	522
2026-10-06T14:08:00-04:00	8.1450	8.1371	4233
2026-10-06T14:09:00-04:00	8.1550	8.1371	5492
2026-10-06T14:10:00-04:00	8.1500	8.1371	297
2026-10-06T14:11:00-04:00	8.1550	8.1371	391
2026-10-06T14:12:00-04:00	8.1550	8.1371	204
2026-10-06T14:13:00-04:00	8.1550	8.1372	7493
2026-10-06T14:15:00-04:00	8.1550	8.1372	655
2026-10-06T14:16:00-04:00	8.1594	8.1372	2218
2026-10-06T14:17:00-04:00	8.1400	8.1372	5700
2026-10-06T14:18:00-04:00	8.1350	8.1372	181
2026-10-06T14:19:00-04:00	8.1250	8.1372	1949
2026-10-06T14:21:00-04:00	8.1250	8.1372	830
2026-10-06T14:22:00-04:00	8.1191	8.1372	1434
2026-10-06T14:23:00-04:00	8.1150	8.1372	193
2026-10-06T14:24:00-04:00	8.1150	8.1372	806
2026-10-06T14:26:00-04:00	8.1350	8.1371	20415
2026-10-06T14:27:00-04:00	8.1350	8.1371	3417
2026-10-06T14:28:00-04:00	8.1350	8.1371	430
2026-10-06T14:29:00-04:00	8.1400	8.1371	311
2026-10-06T14:30:00-04:00	8.1350	8.1371	1274
2026-10-06T14:31:00-04:00	8.1391	8.1371	413
2026-10-06T14:32:00-04:00	8.1350	8.1371	1684
2026-10-06T14:33:00-04:00	8.1350	8.1371	1509
2026-10-06T14:34:00-04:00	8.1150	8.1371	3923
2026-10-06T14:36:00-04:00	8.1100	8.1371	2719
2026-10-06T14:39:00-04:00	8.1050	8.1371	238
2026-10-06T14:40:00-04:00	8.1150	8.1369	11585
2026-10-06T14:41:00-04:00	8.1100	8.1369	3297
2026-10-06T14:42:00-04:00	8.1050	8.1369	346
2026-10-06T14:43:00-04:00	8.1050	8.1369	3153
2026-10-06T14:44:00-04:00	8.1100	8.1369	1044
2026-10-06T14:45:00-04:00	8.1050	8.1369	333
2026-10-06T14:46:00-04:00	8.1050	8.1368	518
2026-10-06T14:47:00-04:00	8.1050	8.1368	106
2026-10-06T14:48:00-04:00	8.1050	8.1368	743
2026-10-06T14:49:00-04:00	8.1050	8.1368	261
2026-10-06T14:50:00-04:00	8.1050	8.1368	5677
2026-10-06T14:51:00-04:00	8.1150	8.1367	6316
2026-10-06T14:52:00-04:00	8.1150	8.1367	883
2026-10-06T14:53:00-04:00	8.1104	8.1367	4282
2026-10-06T14:54:00-04:00	8.1300	8.1366	7614
2026-10-06T14:56:00-04:00	8.1300	8.1341	1226970
2026-10-06T14:57:00-04:00	8.1400	8.1341	4462
2026-10-06T14:58:00-04:00	8.1350	8.1341	1145
2026-10-06T14:59:00-04:00	8.1450	8.1341	3595
2026-10-06T15:00:00-04:00	8.1350	8.1341	7863
2026-10-06T15:02:00-04:00	8.1107	8.1340	10980
2026-10-06T15:03:00-04:00	8.1200	8.1340	2456
2026-10-06T15:04:00-04:00	8.1100	8.1340	433
2026-10-06T15:05:00-04:00	8.1100	8.1340	2533
2026-10-06T15:06:00-04:00	8.1100	8.1340	1792
2026-10-06T15:07:00-04:00	8.1000	8.1340	452
2026-10-06T15:08:00-04:00	8.1000	8.1340	413
2026-10-06T15:09:00-04:00	8.1001	8.1340	2099
2026-10-06T15:10:00-04:00	8.0992	8.1339	2981
2026-10-06T15:11:00-04:00	8.0850	8.1339	1817
2026-10-06T15:12:00-04:00	8.0800	8.1339	872
2026-10-06T15:13:00-04:00	8.0800	8.1339	717
2026-10-06T15:14:00-04:00	8.0800	8.1339	536
2026-10-06T15:15:00-04:00	8.0800	8.1339	2693
2026-10-06T15:16:00-04:00	8.0800	8.1338	1161
2026-10-06T15:17:00-04:00	8.0850	8.1337	8001
2026-10-06T15:18:00-04:00	8.0850	8.1337	1119
2026-10-06T15:19:00-04:00	8.0850	8.1337	1371
2026-10-06T15:20:00-04:00	8.0859	8.1337	2527
2026-10-06T15:21:00-04:00	8.0850	8.1336	3920
2026-10-06T15:22:00-04:00	8.0900	8.1336	187
2026-10-06T15:23:00-04:00	8.0850	8.1336	1236
2026-10-06T15:24:00-04:00	8.0800	8.1336	1654
2026-10-06T15:25:00-04:00	8.0650	8.1335	5400
2026-10-06T15:26:00-04:00	8.0650	8.1335	1250
2026-10-06T15:27:00-04:00	8.0600	8.1334	1931
2026-10-06T15:28:00-04:00	8.0650	8.1334	1386
2026-10-06T15:29:00-04:00	8.0650	8.1334	1851
2026-10-06T15:30:00-04:00	8.0601	8.1334	1855
2026-10-06T15:31:00-04:00	8.0385	8.1330	16690
2026-10-06T15:32:00-04:00	8.0310	8.1330	1424
2026-10-06T15:33:00-04:00	8.0301	8.1329	1990
2026-10-06T15:34:00-04:00	7.9886	8.1298	90877
2026-10-06T15:35:00-04:00	8.0000	8.1293	14918
2026-10-06T15:36:00-04:00	7.9925	8.1291	6886
2026-10-06T15:37:00-04:00	8.0050	8.1287	12347
2026-10-06T15:38:00-04:00	8.0050	8.1287	1282
2026-10-06T15:39:00-04:00	8.0400	8.1284	14526
2026-10-06T15:40:00-04:00	8.0450	8.1283	2411
2026-10-06T15:41:00-04:00	8.0350	8.1282	5879
2026-10-06T15:42:00-04:00	8.0399	8.1282	1604
2026-10-06T15:43:00-04:00	8.0300	8.1277	20016
2026-10-06T15:44:00-04:00	8.0350	8.1275	7928
2026-10-06T15:45:00-04:00	8.0100	8.1265	38260
2026-10-06T15:46:00-04:00	8.0150	8.1265	2512
2026-10-06T15:47:00-04:00	8.0150	8.1264	2433
2026-10-06T15:48:00-04:00	8.0150	8.1260	15377
2026-10-06T15:49:00-04:00	8.0100	8.1259	2790
2026-10-06T15:50:00-04:00	8.0150	8.1258	6434
2026-10-06T15:51:00-04:00	8.0100	8.1256	5113
2026-10-06T15:52:00-04:00	8.0150	8.1255	4283
2026-10-06T15:53:00-04:00	8.0199	8.1254	5830
2026-10-06T15:54:00-04:00	8.0150	8.1251	12092
2026-10-06T15:55:00-04:00	8.0100	8.1247	14811
2026-10-06T15:56:00-04:00	8.0250	8.1226	95496
2026-10-06T15:57:00-04:00	8.0250	8.1224	8853
2026-10-06T15:58:00-04:00	8.0250	8.1221	13892
2026-10-06T15:59:00-04:00	8.0250	8.1209	55194
2026-10-07T09:30:00-04:00	7.8100	7.8200	117968
2026-10-07T09:31:00-04:00	7.7800	7.8176	11253
2026-10-07T09:32:00-04:00	7.7450	7.8121	11100
2026-10-07T09:33:00-04:00	7.7150	7.7998	17572
2026-10-07T09:34:00-04:00	7.6850	7.7933	10862
2026-10-07T09:35:00-04:00	7.7000	7.7478	172586
2026-10-07T09:36:00-04:00	7.7171	7.7440	23294
2026-10-07T09:37:00-04:00	7.7631	7.7440	10894
2026-10-07T09:38:00-04:00	7.7100	7.7435	7496
2026-10-07T09:39:00-04:00	7.6900	7.7432	2806
2026-10-07T09:40:00-04:00	7.6600	7.7422	4900
2026-10-07T09:41:00-04:00	7.6900	7.7417	3372
2026-10-07T09:42:00-04:00	7.7150	7.7414	3484
2026-10-07T09:43:00-04:00	7.7400	7.7413	3260
2026-10-07T09:44:00-04:00	7.7700	7.7414	1380
2026-10-07T09:45:00-04:00	7.7604	7.7415	3114
2026-10-07T09:46:00-04:00	7.7800	7.7419	3199
2026-10-07T09:47:00-04:00	7.7300	7.7418	2598
2026-10-07T09:48:00-04:00	7.7500	7.7419	524
2026-10-07T09:49:00-04:00	7.7600	7.7420	2659
2026-10-07T09:50:00-04:00	7.7600	7.7421	2228
2026-10-07T09:51:00-04:00	7.7201	7.7419	8190
2026-10-07T09:52:00-04:00	7.7300	7.7419	223
2026-10-07T09:53:00-04:00	7.7300	7.7413	9432
2026-10-07T09:54:00-04:00	7.6700	7.7347	56314
2026-10-07T09:55:00-04:00	7.6572	7.7342	2699
2026-10-07T09:56:00-04:00	7.6600	7.7309	19612
2026-10-07T09:57:00-04:00	7.6250	7.7303	3244
2026-10-07T09:58:00-04:00	7.6500	7.7299	2106
2026-10-07T09:59:00-04:00	7.6700	7.7299	798
2026-10-07T10:00:00-04:00	7.6800	7.7294	6149
2026-10-07T10:01:00-04:00	7.6650	7.7291	2634
2026-10-07T10:02:00-04:00	7.6600	7.7286	3508
2026-10-07T10:03:00-04:00	7.6910	7.7286	574
2026-10-07T10:04:00-04:00	7.6850	7.7285	639
2026-10-07T10:05:00-04:00	7.6550	7.7283	1538
2026-10-07T10:06:00-04:00	7.6750	7.7280	2966
2026-10-07T10:07:00-04:00	7.6783	7.7276	3194
2026-10-07T10:08:00-04:00	7.6700	7.7273	3114
2026-10-07T10:09:00-04:00	7.6500	7.7266	5459
2026-10-07T10:10:00-04:00	7.6500	7.7261	3546
2026-10-07T10:11:00-04:00	7.6450	7.7258	2371
2026-10-07T10:12:00-04:00	7.6400	7.7257	648
2026-10-07T10:13:00-04:00	7.6450	7.7253	2766
2026-10-07T10:14:00-04:00	7.6628	7.7246	5250
2026-10-07T10:15:00-04:00	7.6400	7.7244	1636
2026-10-07T10:16:00-04:00	7.6450	7.7237	5105
2026-10-07T10:17:00-04:00	7.6400	7.7236	1007
2026-10-07T10:18:00-04:00	7.6550	7.7233	2273
2026-10-07T10:19:00-04:00	7.6400	7.7230	2215
2026-10-07T10:20:00-04:00	7.6500	7.7229	732
2026-10-07T10:21:00-04:00	7.6600	7.7225	2985
2026-10-07T10:22:00-04:00	7.6803	7.7223	3239
2026-10-07T10:24:00-04:00	7.6900	7.7220	5871
2026-10-07T10:25:00-04:00	7.6900	7.7219	1626
2026-10-07T10:26:00-04:00	7.6900	7.7219	800
2026-10-07T10:27:00-04:00	7.6800	7.7217	3086
2026-10-07T10:28:00-04:00	7.6700	7.7215	1563
2026-10-07T10:29:00-04:00	7.6600	7.7199	17116
2026-10-07T10:30:00-04:00	7.6600	7.7195	3175
2026-10-07T10:31:00-04:00	7.6600	7.7194	985
2026-10-07T10:32:00-04:00	7.6950	7.7191	6337
2026-10-07T10:33:00-04:00	7.7011	7.7191	1197
2026-10-07T10:34:00-04:00	7.6850	7.7186	11293
2026-10-07T10:35:00-04:00	7.6950	7.7183	4913
2026-10-07T10:36:00-04:00	7.6800	7.7181	3812
2026-10-07T10:37:00-04:00	7.6750	7.7180	1499
2026-10-07T10:38:00-04:00	7.6850	7.7179	2067
2026-10-07T10:39:00-04:00	7.6800	7.7178	2059
2026-10-07T10:40:00-04:00	7.6500	7.7164	14948
2026-10-07T10:41:00-04:00	7.6550	7.7161	3460
2026-10-07T10:42:00-04:00	7.6500	7.7159	2345
2026-10-07T10:43:00-04:00	7.6500	7.7158	1401
2026-10-07T10:44:00-04:00	7.6200	7.7150	5901
2026-10-07T10:45:00-04:00	7.6150	7.7141	6045
2026-10-07T10:46:00-04:00	7.6300	7.6765	521828
2026-10-07T10:47:00-04:00	7.6492	7.6764	4578
2026-10-07T10:48:00-04:00	7.6400	7.6763	3688
2026-10-07T10:49:00-04:00	7.6400	7.6763	620
2026-10-07T10:50:00-04:00	7.6300	7.6763	217
2026-10-07T10:51:00-04:00	7.6050	7.6762	1927
2026-10-07T10:52:00-04:00	7.6000	7.6758	5868
2026-10-07T10:53:00-04:00	7.5900	7.6757	2283
2026-10-07T10:54:00-04:00	7.6050	7.6755	3316
2026-10-07T10:55:00-04:00	7.6150	7.6753	3606
2026-10-07T10:56:00-04:00	7.6050	7.6751	3148
2026-10-07T10:57:00-04:00	7.6086	7.6751	555
2026-10-07T10:58:00-04:00	7.6000	7.6734	28936
2026-10-07T10:59:00-04:00	7.6150	7.6732	3975
2026-10-07T11:00:00-04:00	7.6150	7.6730	4721
2026-10-07T11:01:00-04:00	7.6000	7.6725	10628
2026-10-07T11:02:00-04:00	7.5701	7.6721	4322
2026-10-07T11:03:00-04:00	7.5900	7.6717	7227
2026-10-07T11:04:00-04:00	7.5800	7.6716	1659
2026-10-07T11:05:00-04:00	7.5950	7.6714	2399
2026-10-07T11:06:00-04:00	7.5850	7.6710	5908
2026-10-07T11:07:00-04:00	7.5700	7.6708	2974
2026-10-07T11:08:00-04:00	7.5800	7.6705	3626
2026-10-07T11:10:00-04:00	7.5700	7.6700	7402
2026-10-07T11:11:00-04:00	7.5640	7.6699	1084
2026-10-07T11:12:00-04:00	7.5550	7.6698	1580
2026-10-07T11:13:00-04:00	7.5700	7.6694	4805
2026-10-07T11:14:00-04:00	7.5600	7.6692	1644
2026-10-07T11:15:00-04:00	7.5500	7.6692	688
2026-10-07T11:16:00-04:00	7.5550	7.6691	552
2026-10-07T11:17:00-04:00	7.5527	7.6691	1008
2026-10-07T11:18:00-04:00	7.5550	7.6687	3762
2026-10-07T11:19:00-04:00	7.5550	7.6686	1729
2026-10-07T11:20:00-04:00	7.5400	7.6680	5739
2026-10-07T11:21:00-04:00	7.5500	7.6679	1409
2026-10-07T11:22:00-04:00	7.5350	7.6674	5436
2026-10-07T11:23:00-04:00	7.5250	7.6660	13064
2026-10-07T11:24:00-04:00	7.5250	7.6657	3360
2026-10-07T11:25:00-04:00	7.5250	7.6651	5667
2026-10-07T11:26:00-04:00	7.5189	7.6639	11091
2026-10-07T11:27:00-04:00	7.4950	7.6607	27188
2026-10-07T11:28:00-04:00	7.4650	7.6579	22044
2026-10-07T11:29:00-04:00	7.4350	7.6554	16964
2026-10-07T11:30:00-04:00	7.4000	7.6533	12374
2026-10-07T11:31:00-04:00	7.4150	7.6527	3770
2026-10-07T11:32:00-04:00	7.3900	7.6432	56521
2026-10-07T11:33:00-04:00	7.3800	7.6419	7694
2026-10-07T11:34:00-04:00	7.3650	7.6412	3906
2026-10-07T11:35:00-04:00	7.3829	7.6400	7128
2026-10-07T11:36:00-04:00	7.3850	7.6392	4655
2026-10-07T11:37:00-04:00	7.3950	7.6384	4796
2026-10-07T11:38:00-04:00	7.3900	7.6367	10728
2026-10-07T11:39:00-04:00	7.3900	7.6364	2144
2026-10-07T11:40:00-04:00	7.3488	7.6338	14080
2026-10-07T11:41:00-04:00	7.3550	7.6316	12491
2026-10-07T11:42:00-04:00	7.3600	7.6308	4495
2026-10-07T11:43:00-04:00	7.3550	7.6305	2110
2026-10-07T11:44:00-04:00	7.3550	7.6289	8870
2026-10-07T11:45:00-04:00	7.3750	7.6267	13774
2026-10-07T11:46:00-04:00	7.3999	7.6253	9691
2026-10-07T11:47:00-04:00	7.3950	7.6252	670
2026-10-07T11:48:00-04:00	7.3998	7.6252	204
2026-10-07T11:49:00-04:00	7.3977	7.6247	3482
2026-10-07T11:50:00-04:00	7.3950	7.6246	848
2026-10-07T11:51:00-04:00	7.3900	7.6215	22462
2026-10-07T11:52:00-04:00	7.3900	7.6207	5659
2026-10-07T11:53:00-04:00	7.4000	7.6199	6434
2026-10-07T11:54:00-04:00	7.3650	7.6184	9811
2026-10-07T11:55:00-04:00	7.3550	7.6163	13833
2026-10-07T11:56:00-04:00	7.3400	7.6142	13102
2026-10-07T11:57:00-04:00	7.3350	7.6137	3219
2026-10-07T11:58:00-04:00	7.3300	7.6136	647
2026-10-07T11:59:00-04:00	7.3300	7.6125	6395
2026-10-07T12:00:00-04:00	7.3350	7.6112	8036
2026-10-07T12:01:00-04:00	7.3150	7.6101	6617
2026-10-07T12:02:00-04:00	7.3250	7.6089	7120
2026-10-07T12:03:00-04:00	7.3250	7.6080	5480
2026-10-07T12:04:00-04:00	7.3350	7.6075	3104
2026-10-07T12:05:00-04:00	7.3450	7.6069	3945
2026-10-07T12:07:00-04:00	7.3350	7.6061	5641
2026-10-07T12:08:00-04:00	7.3350	7.6054	4436
2026-10-07T12:09:00-04:00	7.3300	7.6051	1897
2026-10-07T12:10:00-04:00	7.3250	7.6039	7348
2026-10-07T12:11:00-04:00	7.3250	7.6037	1456
2026-10-07T12:12:00-04:00	7.3200	7.6033	2498
2026-10-07T12:13:00-04:00	7.3150	7.6025	5204
2026-10-07T12:14:00-04:00	7.3299	7.6009	9940
2026-10-07T12:15:00-04:00	7.3250	7.6008	971
2026-10-07T12:16:00-04:00	7.3200	7.6006	1041
2026-10-07T12:17:00-04:00	7.3200	7.6005	879
2026-10-07T12:18:00-04:00	7.3150	7.5991	8246
2026-10-07T12:19:00-04:00	7.3100	7.5990	818
2026-10-07T12:20:00-04:00	7.3000	7.5938	31681
2026-10-07T12:21:00-04:00	7.2950	7.5932	3625
2026-10-07T12:23:00-04:00	7.2950	7.5928	2314
2026-10-07T12:24:00-04:00	7.2850	7.5922	3858
2026-10-07T12:25:00-04:00	7.2900	7.5913	5444
2026-10-07T12:26:00-04:00	7.2950	7.5911	892
2026-10-07T12:27:00-04:00	7.2950	7.5905	4124
2026-10-07T12:28:00-04:00	7.3088	7.5899	3782
2026-10-07T12:29:00-04:00	7.2850	7.5890	5602
2026-10-07T12:30:00-04:00	7.2750	7.5881	5391
2026-10-07T12:31:00-04:00	7.2800	7.5847	20366
2026-10-07T12:32:00-04:00	7.2850	7.5845	952
2026-10-07T12:33:00-04:00	7.2850	7.5841	3112
2026-10-07T12:34:00-04:00	7.3050	7.5826	9717
2026-10-07T12:35:00-04:00	7.3100	7.5773	37625
2026-10-07T12:36:00-04:00	7.3100	7.5765	5489
2026-10-07T12:37:00-04:00	7.3000	7.5764	741
2026-10-07T12:38:00-04:00	7.3150	7.5751	9895
2026-10-07T12:39:00-04:00	7.3000	7.5731	14037
2026-10-07T12:40:00-04:00	7.3050	7.5730	592
2026-10-07T12:41:00-04:00	7.2950	7.5725	3661
2026-10-07T12:42:00-04:00	7.2650	7.5677	32484
2026-10-07T12:43:00-04:00	7.2800	7.5667	7090
2026-10-07T12:44:00-04:00	7.2750	7.5664	1881
2026-10-07T12:45:00-04:00	7.2831	7.5661	2460
2026-10-07T12:46:00-04:00	7.2900	7.5656	3858
2026-10-07T12:47:00-04:00	7.2850	7.5654	923
2026-10-07T12:48:00-04:00	7.2800	7.5653	822
2026-10-07T12:49:00-04:00	7.2700	7.5638	10671
2026-10-07T12:50:00-04:00	7.2717	7.5636	1147
2026-10-07T12:51:00-04:00	7.2700	7.5635	1270
2026-10-07T12:52:00-04:00	7.2800	7.5634	603
2026-10-07T12:53:00-04:00	7.2600	7.5623	7443
2026-10-07T12:54:00-04:00	7.2650	7.5621	1463
2026-10-07T12:55:00-04:00	7.2650	7.5619	1020
2026-10-07T12:57:00-04:00	7.2850	7.5444	126844
2026-10-07T12:58:00-04:00	7.2850	7.5442	1701
2026-10-07T12:59:00-04:00	7.2600	7.5417	19260
2026-10-07T13:00:00-04:00	7.2700	7.5405	9856
2026-10-07T13:01:00-04:00	7.2750	7.5391	11504
2026-10-07T13:02:00-04:00	7.3150	7.5370	19879
2026-10-07T13:03:00-04:00	7.3150	7.5369	1728
2026-10-07T13:04:00-04:00	7.3195	7.5365	3394
2026-10-07T13:05:00-04:00	7.3200	7.5358	7250
2026-10-07T13:06:00-04:00	7.3350	7.5354	5311
2026-10-07T13:07:00-04:00	7.3350	7.5353	908
2026-10-07T13:08:00-04:00	7.3600	7.5347	7754
2026-10-07T13:09:00-04:00	7.3650	7.5342	5780
2026-10-07T13:10:00-04:00	7.3685	7.5341	1404
2026-10-07T13:11:00-04:00	7.3750	7.5337	6045
2026-10-07T13:12:00-04:00	7.3750	7.5333	5725
2026-10-07T13:13:00-04:00	7.3750	7.5330	3466
2026-10-07T13:14:00-04:00	7.3750	7.5330	284
2026-10-07T13:15:00-04:00	7.3750	7.5330	700
2026-10-07T13:16:00-04:00	7.3700	7.5329	993
2026-10-07T13:18:00-04:00	7.3750	7.5324	7195
2026-10-07T13:20:00-04:00	7.3700	7.5324	457
2026-10-07T13:21:00-04:00	7.3700	7.5321	3329
2026-10-07T13:22:00-04:00	7.3700	7.5321	1268
2026-10-07T13:23:00-04:00	7.3689	7.4643	1617158
2026-10-07T13:24:00-04:00	7.3300	7.4635	23648
2026-10-07T13:25:00-04:00	7.3250	7.4633	5370
2026-10-07T13:26:00-04:00	7.3250	7.4633	997
2026-10-07T13:27:00-04:00	7.3291	7.4632	2547
2026-10-07T13:28:00-04:00	7.3250	7.4632	815
2026-10-07T13:30:00-04:00	7.3250	7.4631	1988
2026-10-07T13:31:00-04:00	7.3201	7.4631	515
2026-10-07T13:32:00-04:00	7.3211	7.4630	3529
2026-10-07T13:33:00-04:00	7.3210	7.4630	539
2026-10-07T13:34:00-04:00	7.3201	7.4629	1523
2026-10-07T13:35:00-04:00	7.3250	7.4629	1073
2026-10-07T13:38:00-04:00	7.3201	7.4628	796
2026-10-07T13:39:00-04:00	7.3201	7.4628	608
2026-10-07T13:40:00-04:00	7.3250	7.4627	3078
2026-10-07T13:41:00-04:00	7.3201	7.4627	470
2026-10-07T13:42:00-04:00	7.3250	7.4627	915
2026-10-07T13:43:00-04:00	7.3250	7.4626	2909
2026-10-07T13:44:00-04:00	7.3299	7.4623	6653
2026-10-07T13:45:00-04:00	7.3250	7.4623	335
2026-10-07T13:46:00-04:00	7.3150	7.4622	4471
2026-10-07T13:47:00-04:00	7.2900	7.4620	2866
2026-10-07T13:48:00-04:00	7.2900	7.4619	2635
2026-10-07T13:49:00-04:00	7.2550	7.4602	33946
2026-10-07T13:50:00-04:00	7.2150	7.4596	10016
2026-10-07T13:51:00-04:00	7.2250	7.4578	30763
2026-10-07T13:52:00-04:00	7.2200	7.4577	2125
2026-10-07T13:53:00-04:00	7.2550	7.4557	37425
2026-10-07T13:54:00-04:00	7.2488	7.4557	694
2026-10-07T13:55:00-04:00	7.2450	7.4556	571
2026-10-07T13:56:00-04:00	7.2491	7.4556	1092
2026-10-07T13:57:00-04:00	7.2509	7.4551	9915
2026-10-07T13:58:00-04:00	7.2550	7.4550	1232
2026-10-07T13:59:00-04:00	7.2500	7.4544	12274
2026-10-07T14:00:00-04:00	7.2550	7.4542	3700
2026-10-07T14:01:00-04:00	7.2550	7.4542	1050
2026-10-07T14:02:00-04:00	7.2550	7.4541	1647
2026-10-07T14:03:00-04:00	7.2650	7.4539	4165
2026-10-07T14:04:00-04:00	7.2907	7.4535	9424
2026-10-07T14:05:00-04:00	7.3050	7.4534	2451
2026-10-07T14:06:00-04:00	7.3050	7.4534	341
2026-10-07T14:07:00-04:00	7.2950	7.4534	1499
2026-10-07T14:08:00-04:00	7.2950	7.4533	956
2026-10-07T14:09:00-04:00	7.2886	7.4532	2574
2026-10-07T14:10:00-04:00	7.2850	7.4529	7998
2026-10-07T14:12:00-04:00	7.3050	7.4053	1875492
2026-10-07T14:13:00-04:00	7.3250	7.4052	2452
2026-10-07T14:14:00-04:00	7.3287	7.4052	3648
2026-10-07T14:15:00-04:00	7.3350	7.4051	7864
2026-10-07T14:16:00-04:00	7.3350	7.4050	7461
2026-10-07T14:17:00-04:00	7.3350	7.4050	2628
2026-10-07T14:18:00-04:00	7.3250	7.4050	2517
2026-10-07T14:19:00-04:00	7.3300	7.4049	2984
2026-10-07T14:20:00-04:00	7.3350	7.4049	653
2026-10-07T14:21:00-04:00	7.3350	7.4049	143
2026-10-07T14:22:00-04:00	7.3350	7.4049	4521
2026-10-07T14:23:00-04:00	7.3350	7.4048	2307
2026-10-07T14:24:00-04:00	7.3300	7.4048	3653
2026-10-07T14:25:00-04:00	7.3350	7.4048	1151
2026-10-07T14:26:00-04:00	7.3583	7.4047	9094
2026-10-07T14:27:00-04:00	7.3850	7.4046	12233
2026-10-07T14:28:00-04:00	7.3850	7.4046	439
2026-10-07T14:29:00-04:00	7.3800	7.4046	3349
2026-10-07T14:30:00-04:00	7.3750	7.4046	1675
2026-10-07T14:31:00-04:00	7.3750	7.4046	2020
2026-10-07T14:32:00-04:00	7.3900	7.4046	2795
2026-10-07T14:33:00-04:00	7.4000	7.4046	4787
2026-10-07T14:34:00-04:00	7.3900	7.4046	4164
2026-10-07T14:35:00-04:00	7.3800	7.4046	5860
2026-10-07T14:36:00-04:00	7.3850	7.4045	3680
2026-10-07T14:37:00-04:00	7.3856	7.4045	427
2026-10-07T14:38:00-04:00	7.3750	7.4045	3574
2026-10-07T14:39:00-04:00	7.3850	7.4045	5704
2026-10-07T14:40:00-04:00	7.3750	7.4045	3504
2026-10-07T14:41:00-04:00	7.3750	7.4045	1373
2026-10-07T14:42:00-04:00	7.3700	7.4044	6350
2026-10-07T14:43:00-04:00	7.3850	7.4044	4142
2026-10-07T14:44:00-04:00	7.3800	7.4044	8975
2026-10-07T14:45:00-04:00	7.4086	7.4044	16970
2026-10-07T14:46:00-04:00	7.3950	7.4044	3653
2026-10-07T14:47:00-04:00	7.3850	7.4044	1505
2026-10-07T14:48:00-04:00	7.3850	7.4044	738
2026-10-07T14:49:00-04:00	7.3750	7.4044	3910
2026-10-07T14:50:00-04:00	7.3750	7.4043	6243
2026-10-07T14:51:00-04:00	7.3737	7.4043	3484
2026-10-07T14:52:00-04:00	7.3750	7.4043	3205
2026-10-07T14:53:00-04:00	7.3750	7.4043	1302
2026-10-07T14:54:00-04:00	7.3850	7.4043	7613
2026-10-07T14:55:00-04:00	7.3850	7.4043	1160
2026-10-07T14:56:00-04:00	7.3850	7.4043	1033
2026-10-07T14:57:00-04:00	7.3789	7.4042	3066
2026-10-07T14:58:00-04:00	7.3650	7.4042	2435
2026-10-07T14:59:00-04:00	7.3650	7.4042	2372
2026-10-07T15:00:00-04:00	7.3650	7.4042	989
2026-10-07T15:01:00-04:00	7.4000	7.4042	18310
2026-10-07T15:02:00-04:00	7.3982	7.4042	4698
2026-10-07T15:03:00-04:00	7.3950	7.4042	2288
2026-10-07T15:04:00-04:00	7.3850	7.4041	2505
2026-10-07T15:05:00-04:00	7.3850	7.4041	1290
2026-10-07T15:06:00-04:00	7.3850	7.4041	922
2026-10-07T15:08:00-04:00	7.3850	7.4041	825
2026-10-07T15:10:00-04:00	7.3850	7.4041	191
2026-10-07T15:11:00-04:00	7.3900	7.4041	11412
2026-10-07T15:12:00-04:00	7.3800	7.4041	4524
2026-10-07T15:13:00-04:00	7.3700	7.4041	3187
2026-10-07T15:14:00-04:00	7.3750	7.4041	3365
2026-10-07T15:15:00-04:00	7.3850	7.4041	5172
2026-10-07T15:16:00-04:00	7.3850	7.4040	639
2026-10-07T15:18:00-04:00	7.3850	7.4040	2149
2026-10-07T15:19:00-04:00	7.3850	7.3992	2125308
2026-10-07T15:20:00-04:00	7.3700	7.3992	6367
2026-10-07T15:21:00-04:00	7.3750	7.3992	942
2026-10-07T15:22:00-04:00	7.3750	7.3992	581
2026-10-07T15:23:00-04:00	7.3850	7.3992	17404
2026-10-07T15:24:00-04:00	7.3950	7.3992	8741
2026-10-07T15:25:00-04:00	7.3950	7.3992	1509
2026-10-07T15:26:00-04:00	7.3850	7.3992	7543
2026-10-07T15:27:00-04:00	7.3850	7.3992	766
2026-10-07T15:28:00-04:00	7.3900	7.3991	9166
2026-10-07T15:29:00-04:00	7.3850	7.3991	2132
2026-10-07T15:30:00-04:00	7.3801	7.3991	4997
2026-10-07T15:31:00-04:00	7.3800	7.3991	1563
2026-10-07T15:32:00-04:00	7.3850	7.3991	386
2026-10-07T15:33:00-04:00	7.3800	7.3991	624
2026-10-07T15:34:00-04:00	7.3701	7.3991	20085
2026-10-07T15:35:00-04:00	7.3750	7.3990	8616
2026-10-07T15:36:00-04:00	7.3750	7.3990	891
2026-10-07T15:37:00-04:00	7.3750	7.3990	478
2026-10-07T15:38:00-04:00	7.3750	7.3990	788
2026-10-07T15:39:00-04:00	7.3750	7.3990	2118
2026-10-07T15:40:00-04:00	7.3750	7.3990	3387
2026-10-07T15:41:00-04:00	7.3701	7.3990	3708
2026-10-07T15:42:00-04:00	7.3250	7.3987	44031
2026-10-07T15:43:00-04:00	7.3200	7.3985	24989
2026-10-07T15:44:00-04:00	7.3350	7.3982	29441
2026-10-07T15:45:00-04:00	7.3450	7.3981	19783
2026-10-07T15:46:00-04:00	7.3585	7.3981	4809
2026-10-07T15:47:00-04:00	7.3550	7.3981	2881
2026-10-07T15:48:00-04:00	7.3450	7.3980	9895
2026-10-07T15:49:00-04:00	7.3450	7.3979	9859
2026-10-07T15:50:00-04:00	7.3650	7.3978	22432
2026-10-07T15:51:00-04:00	7.3650	7.3978	8347
2026-10-07T15:52:00-04:00	7.3650	7.3978	7979
2026-10-07T15:53:00-04:00	7.3650	7.3977	10906
2026-10-07T15:54:00-04:00	7.3550	7.3976	17916
2026-10-07T15:55:00-04:00	7.3450	7.3975	18138
2026-10-07T15:56:00-04:00	7.3400	7.3975	13674
2026-10-07T15:57:00-04:00	7.3650	7.3972	56138
2026-10-07T15:58:00-04:00	7.3750	7.3971	27376
2026-10-07T15:59:00-04:00	7.3750	7.3970	48249
2026-10-08T09:30:00-04:00	7.2350	7.2567	35440
2026-10-08T09:31:00-04:00	7.2100	7.2527	4268
2026-10-08T09:32:00-04:00	7.1800	7.2408	8787
2026-10-08T09:33:00-04:00	7.1650	7.2240	12335
2026-10-08T09:34:00-04:00	7.1700	7.2154	11135
2026-10-08T09:35:00-04:00	7.1700	7.2138	3474
2026-10-08T09:36:00-04:00	7.1612	7.2084	8484
2026-10-08T09:37:00-04:00	7.1650	7.2063	4799
2026-10-08T09:38:00-04:00	7.1110	7.1939	16569
2026-10-08T09:39:00-04:00	7.0850	7.1771	22372
2026-10-08T09:40:00-04:00	7.0350	7.1644	14427
2026-10-08T09:41:00-04:00	7.0800	7.1535	17173
2026-10-08T09:42:00-04:00	7.0750	7.1481	11464
2026-10-08T09:43:00-04:00	7.1000	7.1173	181894
2026-10-08T09:44:00-04:00	7.0950	7.1167	9481
2026-10-08T09:45:00-04:00	7.1250	7.1168	10573
2026-10-08T09:46:00-04:00	7.1250	7.1170	6091
2026-10-08T09:47:00-04:00	7.1050	7.1170	2527
2026-10-08T09:48:00-04:00	7.1500	7.1174	8634
2026-10-08T09:49:00-04:00	7.1950	7.1194	13300
2026-10-08T09:50:00-04:00	7.2300	7.1219	9968
2026-10-08T09:51:00-04:00	7.2300	7.1256	13499
2026-10-08T09:52:00-04:00	7.2200	7.1277	9808
2026-10-08T09:53:00-04:00	7.2300	7.1282	1949
2026-10-08T09:54:00-04:00	7.2200	7.1297	6987
2026-10-08T09:55:00-04:00	7.2350	7.1307	4708
2026-10-08T09:56:00-04:00	7.2650	7.1322	5288
2026-10-08T09:57:00-04:00	7.2601	7.1323	452
2026-10-08T09:58:00-04:00	7.2500	7.1345	8610
2026-10-08T09:59:00-04:00	7.2411	7.1347	843
2026-10-08T10:00:00-04:00	7.2503	7.1357	3981
2026-10-08T10:01:00-04:00	7.2900	7.1399	14183
2026-10-08T10:02:00-04:00	7.2850	7.1408	2887
2026-10-08T10:03:00-04:00	7.2600	7.1555	60805
2026-10-08T10:04:00-04:00	7.2450	7.1561	3499
2026-10-08T10:05:00-04:00	7.2400	7.1571	7231
2026-10-08T10:06:00-04:00	7.2700	7.1595	13558
2026-10-08T10:07:00-04:00	7.2800	7.1605	4679
2026-10-08T10:08:00-04:00	7.2600	7.1611	3403
2026-10-08T10:09:00-04:00	7.2450	7.1613	1400
2026-10-08T10:10:00-04:00	7.2250	7.1619	5432
2026-10-08T10:11:00-04:00	7.2350	7.1636	14822
2026-10-08T10:12:00-04:00	7.2250	7.1637	732
2026-10-08T10:13:00-04:00	7.2100	7.1645	9927
2026-10-08T10:14:00-04:00	7.2150	7.1653	11179
2026-10-08T10:15:00-04:00	7.2150	7.1657	4554
2026-10-08T10:16:00-04:00	7.2150	7.1659	2523
2026-10-08T10:17:00-04:00	7.2450	7.1695	34703
2026-10-08T10:18:00-04:00	7.2350	7.1698	3148
2026-10-08T10:19:00-04:00	7.2450	7.2013	499235
2026-10-08T10:20:00-04:00	7.2600	7.2014	3301
2026-10-08T10:21:00-04:00	7.2900	7.2016	3014
2026-10-08T10:22:00-04:00	7.2800	7.2021	6904
2026-10-08T10:23:00-04:00	7.2850	7.2021	1153
2026-10-08T10:24:00-04:00	7.2900	7.2022	1193
2026-10-08T10:25:00-04:00	7.2950	7.2024	2766
2026-10-08T10:26:00-04:00	7.2850	7.2026	2362
2026-10-08T10:27:00-04:00	7.2850	7.2036	14242
2026-10-08T10:28:00-04:00	7.2850	7.2037	2128
2026-10-08T10:29:00-04:00	7.2901	7.2042	6693
2026-10-08T10:30:00-04:00	7.2850	7.2044	2805
2026-10-08T10:31:00-04:00	7.3200	7.2054	12791
2026-10-08T10:32:00-04:00	7.3300	7.2064	10259
2026-10-08T10:33:00-04:00	7.3250	7.2070	5348
2026-10-08T10:34:00-04:00	7.3150	7.2073	3297
2026-10-08T10:35:00-04:00	7.3050	7.2074	1754
2026-10-08T10:36:00-04:00	7.3050	7.2078	5164
2026-10-08T10:37:00-04:00	7.3000	7.2080	2270
2026-10-08T10:38:00-04:00	7.3010	7.2081	1800
2026-10-08T10:40:00-04:00	7.3050	7.2083	2417
2026-10-08T10:41:00-04:00	7.3050	7.2085	2755
2026-10-08T10:42:00-04:00	7.3050	7.2086	945
2026-10-08T10:43:00-04:00	7.3050	7.2086	484
2026-10-08T10:44:00-04:00	7.2950	7.2088	2878
2026-10-08T10:45:00-04:00	7.2988	7.2088	418
2026-10-08T10:46:00-04:00	7.2993	7.2093	6342
2026-10-08T10:48:00-04:00	7.2900	7.2093	680
2026-10-08T10:49:00-04:00	7.2950	7.2094	693
2026-10-08T10:50:00-04:00	7.2750	7.2098	7008
2026-10-08T10:51:00-04:00	7.2750	7.2098	140
2026-10-08T10:53:00-04:00	7.2750	7.2098	1196
2026-10-08T10:55:00-04:00	7.2700	7.2295	617569
2026-10-08T10:56:00-04:00	7.2550	7.2296	5083
2026-10-08T10:57:00-04:00	7.2550	7.2296	262
2026-10-08T10:59:00-04:00	7.2550	7.2296	198
2026-10-08T11:00:00-04:00	7.2500	7.2296	354
2026-10-08T11:01:00-04:00	7.2588	7.2296	695
2026-10-08T11:02:00-04:00	7.2588	7.2296	321
2026-10-08T11:03:00-04:00	7.2400	7.2297	5476
2026-10-08T11:04:00-04:00	7.2400	7.2297	155
2026-10-08T11:05:00-04:00	7.2300	7.2297	3065
2026-10-08T11:06:00-04:00	7.2201	7.2297	2987
2026-10-08T11:07:00-04:00	7.2050	7.2297	1282
2026-10-08T11:08:00-04:00	7.1900	7.2296	680
2026-10-08T11:09:00-04:00	7.1850	7.2296	3290
2026-10-08T11:10:00-04:00	7.1801	7.2295	3899
2026-10-08T11:11:00-04:00	7.1800	7.2294	2108
2026-10-08T11:12:00-04:00	7.1701	7.2293	4109
2026-10-08T11:13:00-04:00	7.1700	7.2293	898
2026-10-08T11:14:00-04:00	7.1500	7.2291	4930
2026-10-08T11:15:00-04:00	7.1450	7.2278	29552
2026-10-08T11:16:00-04:00	7.1485	7.2278	351
2026-10-08T11:17:00-04:00	7.1400	7.2277	1128
2026-10-08T11:18:00-04:00	7.1400	7.2277	1254
2026-10-08T11:19:00-04:00	7.1500	7.2276	1315
2026-10-08T11:20:00-04:00	7.1450	7.2270	16606
2026-10-08T11:21:00-04:00	7.1492	7.2269	1718
2026-10-08T11:22:00-04:00	7.1400	7.2267	3588
2026-10-08T11:23:00-04:00	7.1276	7.2266	3376
2026-10-08T11:24:00-04:00	7.1300	7.2261	9214
2026-10-08T11:25:00-04:00	7.1300	7.2261	886
2026-10-08T11:26:00-04:00	7.1100	7.2258	4193
2026-10-08T11:27:00-04:00	7.1188	7.2258	436
2026-10-08T11:28:00-04:00	7.1100	7.2251	11293
2026-10-08T11:29:00-04:00	7.1100	7.2249	3696
2026-10-08T11:30:00-04:00	7.1150	7.2246	5580
2026-10-08T11:31:00-04:00	7.1100	7.2246	1273
2026-10-08T11:32:00-04:00	7.1050	7.2245	1160
2026-10-08T11:34:00-04:00	7.1000	7.2244	1987
2026-10-08T11:35:00-04:00	7.0950	7.2242	2548
2026-10-08T11:36:00-04:00	7.0688	7.2229	18288
2026-10-08T11:37:00-04:00	7.0600	7.2229	622
2026-10-08T11:39:00-04:00	7.0650	7.2228	1478
2026-10-08T11:40:00-04:00	7.0690	7.2227	1178
2026-10-08T11:41:00-04:00	7.0601	7.2222	6345
2026-10-08T11:42:00-04:00	7.0650	7.2222	287
2026-10-08T11:43:00-04:00	7.0615	7.2221	396
2026-10-08T11:44:00-04:00	7.0600	7.2221	255
2026-10-08T11:45:00-04:00	7.0650	7.2220	1405
2026-10-08T11:46:00-04:00	7.0650	7.2219	1430
2026-10-08T11:47:00-04:00	7.0650	7.2217	2346
2026-10-08T11:48:00-04:00	7.0650	7.2217	789
2026-10-08T11:49:00-04:00	7.0650	7.2214	2854
2026-10-08T11:50:00-04:00	7.0850	7.2170	66446
2026-10-08T11:51:00-04:00	7.1200	7.2162	15518
2026-10-08T11:52:00-04:00	7.1100	7.2162	1016
2026-10-08T11:53:00-04:00	7.1050	7.2161	1646
2026-10-08T11:54:00-04:00	7.1050	7.2160	2673
2026-10-08T11:55:00-04:00	7.1050	7.2159	677
2026-10-08T11:56:00-04:00	7.0950	7.2155	7495
2026-10-08T11:57:00-04:00	7.0950	7.2154	1455
2026-10-08T11:59:00-04:00	7.0950	7.2154	737
2026-10-08T12:00:00-04:00	7.0950	7.2153	1629
2026-10-08T12:01:00-04:00	7.0950	7.2152	2406
2026-10-08T12:02:00-04:00	7.0950	7.2152	481
2026-10-08T12:03:00-04:00	7.0901	7.2151	821
2026-10-08T12:04:00-04:00	7.0950	7.2151	773
2026-10-08T12:05:00-04:00	7.0901	7.2150	1379
2026-10-08T12:06:00-04:00	7.0950	7.2149	1051
2026-10-08T12:07:00-04:00	7.1000	7.2149	308
2026-10-08T12:08:00-04:00	7.0950	7.2148	2512
2026-10-08T12:09:00-04:00	7.1150	7.2141	13726
2026-10-08T12:10:00-04:00	7.1150	7.2140	1788
2026-10-08T12:11:00-04:00	7.1150	7.2140	485
2026-10-08T12:12:00-04:00	7.1150	7.2139	1385
2026-10-08T12:13:00-04:00	7.1191	7.2139	601
2026-10-08T12:14:00-04:00	7.1150	7.2139	504
2026-10-08T12:15:00-04:00	7.1050	7.2135	8564
2026-10-08T12:16:00-04:00	7.1100	7.2132	5879
2026-10-08T12:17:00-04:00	7.2150	7.2128	35600
2026-10-08T12:18:00-04:00	7.1750	7.2127	16178
2026-10-08T12:19:00-04:00	7.1850	7.2126	3857
2026-10-08T12:20:00-04:00	7.1800	7.2124	13045
2026-10-08T12:21:00-04:00	7.1850	7.2123	6937
2026-10-08T12:22:00-04:00	7.1650	7.2123	2705
2026-10-08T12:24:00-04:00	7.1750	7.1998	1017825
2026-10-08T12:25:00-04:00	7.1800	7.1998	1463
2026-10-08T12:26:00-04:00	7.1800	7.1998	2860
2026-10-08T12:27:00-04:00	7.1850	7.1998	463
2026-10-08T12:28:00-04:00	7.1800	7.1998	364
2026-10-08T12:29:00-04:00	7.1800	7.1998	642
2026-10-08T12:30:00-04:00	7.1750	7.1998	1112
2026-10-08T12:31:00-04:00	7.1700	7.1998	1321
2026-10-08T12:32:00-04:00	7.1650	7.1997	1620
2026-10-08T12:33:00-04:00	7.1650	7.1997	279
2026-10-08T12:34:00-04:00	7.1650	7.1997	693
2026-10-08T12:35:00-04:00	7.1650	7.1997	110
2026-10-08T12:36:00-04:00	7.1600	7.1997	2328
2026-10-08T12:37:00-04:00	7.1500	7.1997	2847
2026-10-08T12:39:00-04:00	7.1550	7.1996	4901
2026-10-08T12:40:00-04:00	7.1850	7.1995	7769
2026-10-08T12:41:00-04:00	7.1800	7.1995	5093
2026-10-08T12:42:00-04:00	7.1850	7.1995	3738
2026-10-08T12:43:00-04:00	7.1750	7.1995	1468
2026-10-08T12:44:00-04:00	7.1650	7.1995	2174
2026-10-08T12:45:00-04:00	7.1550	7.1994	5261
2026-10-08T12:46:00-04:00	7.1550	7.1994	359
2026-10-08T12:47:00-04:00	7.1550	7.1994	602
2026-10-08T12:48:00-04:00	7.1450	7.1993	2396
2026-10-08T12:49:00-04:00	7.1450	7.1993	570
2026-10-08T12:50:00-04:00	7.1450	7.1993	171
2026-10-08T12:51:00-04:00	7.1550	7.1992	7252
2026-10-08T12:52:00-04:00	7.1550	7.1992	885
2026-10-08T12:53:00-04:00	7.1550	7.1992	650
2026-10-08T12:54:00-04:00	7.1650	7.1991	5969
2026-10-08T12:55:00-04:00	7.1650	7.1991	1708
2026-10-08T12:56:00-04:00	7.1650	7.1991	2574
2026-10-08T12:57:00-04:00	7.1800	7.1991	5809
2026-10-08T12:58:00-04:00	7.1750	7.1990	4382
2026-10-08T12:59:00-04:00	7.1750	7.1990	3299
2026-10-08T13:00:00-04:00	7.1650	7.1990	5751
2026-10-08T13:01:00-04:00	7.1750	7.1989	5191
2026-10-08T13:02:00-04:00	7.1750	7.1989	814
2026-10-08T13:03:00-04:00	7.1750	7.1989	978
2026-10-08T13:04:00-04:00	7.1750	7.1989	1627
2026-10-08T13:05:00-04:00	7.1750	7.1989	1293
2026-10-08T13:06:00-04:00	7.1750	7.1989	2240
2026-10-08T13:07:00-04:00	7.1850	7.1988	13171
2026-10-08T13:08:00-04:00	7.1950	7.1988	11950
2026-10-08T13:09:00-04:00	7.2050	7.1988	4005
2026-10-08T13:10:00-04:00	7.2150	7.1988	4455
2026-10-08T13:11:00-04:00	7.2050	7.1988	7716
2026-10-08T13:12:00-04:00	7.2450	7.1989	5796
2026-10-08T13:13:00-04:00	7.2750	7.1989	3820
2026-10-08T13:14:00-04:00	7.2750	7.1990	1335
2026-10-08T13:15:00-04:00	7.2750	7.1990	2145
2026-10-08T13:16:00-04:00	7.2650	7.1991	3618
2026-10-08T13:17:00-04:00	7.2650	7.1991	2134
2026-10-08T13:18:00-04:00	7.2800	7.1992	4628
2026-10-08T13:19:00-04:00	7.2700	7.1994	5911
2026-10-08T13:20:00-04:00	7.2550	7.1995	7930
2026-10-08T13:21:00-04:00	7.2750	7.1997	12100
2026-10-08T13:22:00-04:00	7.2750	7.1998	3782
2026-10-08T13:23:00-04:00	7.2750	7.1999	2447
2026-10-08T13:24:00-04:00	7.2850	7.2000	4605
2026-10-08T13:25:00-04:00	7.2850	7.2000	2182
2026-10-08T13:26:00-04:00	7.2650	7.2001	4931
2026-10-08T13:27:00-04:00	7.2150	7.2007	64884
2026-10-08T13:28:00-04:00	7.2100	7.2007	1528
2026-10-08T13:29:00-04:00	7.2150	7.2007	1939
2026-10-08T13:30:00-04:00	7.2050	7.2007	2750
2026-10-08T13:31:00-04:00	7.2050	7.2007	8947
2026-10-08T13:32:00-04:00	7.2450	7.2008	8152
2026-10-08T13:33:00-04:00	7.2600	7.2008	4463
2026-10-08T13:34:00-04:00	7.2550	7.2009	4029
2026-10-08T13:35:00-04:00	7.2450	7.2010	4671
2026-10-08T13:36:00-04:00	7.2450	7.2010	680
2026-10-08T13:37:00-04:00	7.2450	7.2010	895
2026-10-08T13:38:00-04:00	7.2450	7.2010	1204
2026-10-08T13:39:00-04:00	7.2500	7.2011	5218
2026-10-08T13:40:00-04:00	7.2550	7.2011	535
2026-10-08T13:41:00-04:00	7.2650	7.2011	3372
2026-10-08T13:42:00-04:00	7.2650	7.2011	1524
2026-10-08T13:43:00-04:00	7.2750	7.2012	5477
2026-10-08T13:44:00-04:00	7.2750	7.2013	1468
2026-10-08T13:45:00-04:00	7.2650	7.2013	2850
2026-10-08T13:46:00-04:00	7.2650	7.2013	731
2026-10-08T13:47:00-04:00	7.2550	7.2014	3294
2026-10-08T13:48:00-04:00	7.2550	7.2014	1110
2026-10-08T13:49:00-04:00	7.2400	7.2015	6600
2026-10-08T13:50:00-04:00	7.2250	7.2015	2868
2026-10-08T13:51:00-04:00	7.2350	7.2016	11687
2026-10-08T13:52:00-04:00	7.2350	7.2016	432
2026-10-08T13:53:00-04:00	7.2350	7.2016	1272
2026-10-08T13:54:00-04:00	7.2450	7.2017	4744
2026-10-08T13:55:00-04:00	7.2450	7.2017	1550
2026-10-08T13:56:00-04:00	7.2550	7.2017	3871
2026-10-08T13:57:00-04:00	7.2588	7.2018	1693
2026-10-08T13:58:00-04:00	7.2550	7.2018	1551
2026-10-08T13:59:00-04:00	7.2500	7.2019	9440
2026-10-08T14:00:00-04:00	7.2350	7.2020	6470
2026-10-08T14:01:00-04:00	7.2450	7.2021	6929
2026-10-08T14:02:00-04:00	7.2550	7.2021	3572
2026-10-08T14:03:00-04:00	7.2550	7.2021	1500
2026-10-08T14:04:00-04:00	7.2550	7.2022	1706
2026-10-08T14:05:00-04:00	7.2550	7.2022	1238
2026-10-08T14:06:00-04:00	7.2550	7.2022	1024
2026-10-08T14:07:00-04:00	7.2550	7.2022	1771
2026-10-08T14:08:00-04:00	7.2550	7.2022	1395
2026-10-08T14:09:00-04:00	7.2550	7.2023	1983
2026-10-08T14:10:00-04:00	7.2550	7.2023	1845
2026-10-08T14:11:00-04:00	7.2850	7.2025	11100
2026-10-08T14:12:00-04:00	7.2850	7.2025	1518
2026-10-08T14:13:00-04:00	7.2850	7.2026	1201
2026-10-08T14:14:00-04:00	7.3100	7.2029	10724
2026-10-08T14:15:00-04:00	7.3050	7.2029	452
2026-10-08T14:16:00-04:00	7.3000	7.2030	5023
2026-10-08T14:17:00-04:00	7.3050	7.2031	3040
2026-10-08T14:18:00-04:00	7.2950	7.2032	3938
2026-10-08T14:19:00-04:00	7.2950	7.2032	925
2026-10-08T14:20:00-04:00	7.2950	7.2033	2877
2026-10-08T14:21:00-04:00	7.2950	7.2033	3250
2026-10-08T14:22:00-04:00	7.2950	7.2035	7847
2026-10-08T14:23:00-04:00	7.2950	7.2036	1025
2026-10-08T14:24:00-04:00	7.3050	7.2037	4427
2026-10-08T14:25:00-04:00	7.3050	7.2037	1232
2026-10-08T14:26:00-04:00	7.3050	7.2038	4806
2026-10-08T14:27:00-04:00	7.3050	7.2039	1433
2026-10-08T14:28:00-04:00	7.3050	7.2039	2391
2026-10-08T14:29:00-04:00	7.3050	7.2040	1176
2026-10-08T14:30:00-04:00	7.3050	7.2041	5280
2026-10-08T14:31:00-04:00	7.3000	7.2042	2693
2026-10-08T14:32:00-04:00	7.2950	7.2042	2049
2026-10-08T14:33:00-04:00	7.2950	7.2043	3002
2026-10-08T14:34:00-04:00	7.2950	7.2044	1939
2026-10-08T14:35:00-04:00	7.2950	7.2044	1587
2026-10-08T14:36:00-04:00	7.2950	7.2044	1635
2026-10-08T14:37:00-04:00	7.2950	7.2045	1041
2026-10-08T14:38:00-04:00	7.2950	7.2045	1790
2026-10-08T14:39:00-04:00	7.2950	7.2045	1770
2026-10-08T14:40:00-04:00	7.2950	7.2046	4563
2026-10-08T14:41:00-04:00	7.2950	7.2047	1991
2026-10-08T14:42:00-04:00	7.2950	7.2047	2019
2026-10-08T14:43:00-04:00	7.2950	7.2048	2616
2026-10-08T14:44:00-04:00	7.2950	7.2049	4211
2026-10-08T14:45:00-04:00	7.2950	7.2050	2625
2026-10-08T14:46:00-04:00	7.2950	7.2050	1799
2026-10-08T14:47:00-04:00	7.2950	7.2051	1855
2026-10-08T14:48:00-04:00	7.2950	7.2051	3331
2026-10-08T14:49:00-04:00	7.2950	7.2052	1684
2026-10-08T14:50:00-04:00	7.2950	7.2052	1612
2026-10-08T14:51:00-04:00	7.2900	7.2055	13011
2026-10-08T14:52:00-04:00	7.2850	7.2056	3810
2026-10-08T14:53:00-04:00	7.2850	7.2056	1479
2026-10-08T14:54:00-04:00	7.2850	7.2057	4103
2026-10-08T14:55:00-04:00	7.2850	7.2057	2365
2026-10-08T14:56:00-04:00	7.2850	7.2058	1277
2026-10-08T14:57:00-04:00	7.2850	7.2059	6052
2026-10-08T14:58:00-04:00	7.2850	7.2059	1714
2026-10-08T14:59:00-04:00	7.2850	7.2060	1504
2026-10-08T15:00:00-04:00	7.2850	7.2060	1622
2026-10-08T15:01:00-04:00	7.2850	7.2061	3589
2026-10-08T15:02:00-04:00	7.2850	7.2061	3421
2026-10-08T15:03:00-04:00	7.2850	7.2062	2161
2026-10-08T15:04:00-04:00	7.2850	7.2062	2271
2026-10-08T15:05:00-04:00	7.2500	7.2065	20350
2026-10-08T15:06:00-04:00	7.2450	7.2065	1739
2026-10-08T15:07:00-04:00	7.2150	7.2065	4147
2026-10-08T15:08:00-04:00	7.2150	7.2065	1967
2026-10-08T15:09:00-04:00	7.2150	7.2065	1825
2026-10-08T15:10:00-04:00	7.2150	7.2066	1580
2026-10-08T15:11:00-04:00	7.2150	7.2066	6478
2026-10-08T15:12:00-04:00	7.2150	7.2066	1690
2026-10-08T15:13:00-04:00	7.1950	7.2066	8547
2026-10-08T15:14:00-04:00	7.1950	7.2065	1820
2026-10-08T15:15:00-04:00	7.1950	7.2065	1411
2026-10-08T15:16:00-04:00	7.1950	7.2065	2131
2026-10-08T15:17:00-04:00	7.1950	7.2065	3524
2026-10-08T15:18:00-04:00	7.1950	7.2065	4161
2026-10-08T15:19:00-04:00	7.1950	7.2065	1580
2026-10-08T15:20:00-04:00	7.1950	7.2065	3400
2026-10-08T15:21:00-04:00	7.1950	7.2065	1578
2026-10-08T15:22:00-04:00	7.1950	7.2065	8112
2026-10-08T15:23:00-04:00	7.1950	7.2065	2697
2026-10-08T15:24:00-04:00	7.1950	7.2064	4807
2026-10-08T15:25:00-04:00	7.1950	7.2064	2538
2026-10-08T15:26:00-04:00	7.1950	7.2064	4262
2026-10-08T15:27:00-04:00	7.2050	7.2063	70505
2026-10-08T15:28:00-04:00	7.1950	7.2063	11874
2026-10-08T15:29:00-04:00	7.1950	7.2063	4335
2026-10-08T15:30:00-04:00	7.1950	7.2063	3253
2026-10-08T15:31:00-04:00	7.1950	7.2063	3421
2026-10-08T15:32:00-04:00	7.1950	7.2063	2224
2026-10-08T15:33:00-04:00	7.1950	7.2063	3548
2026-10-08T15:34:00-04:00	7.1985	7.2063	3346
2026-10-08T15:35:00-04:00	7.2150	7.2063	35724
2026-10-08T15:36:00-04:00	7.2150	7.2063	4281
2026-10-08T15:37:00-04:00	7.2050	7.2063	16444
2026-10-08T15:38:00-04:00	7.2050	7.2063	15928
2026-10-08T15:39:00-04:00	7.1750	7.2062	23721
2026-10-08T15:40:00-04:00	7.1750	7.2061	3490
2026-10-08T15:41:00-04:00	7.1850	7.2060	23331
2026-10-08T15:42:00-04:00	7.1850	7.2060	3984
2026-10-08T15:43:00-04:00	7.1850	7.2060	4825
2026-10-08T15:44:00-04:00	7.1850	7.2059	7961
2026-10-08T15:45:00-04:00	7.1950	7.2059	22573
2026-10-08T15:46:00-04:00	7.1950	7.2058	5529
2026-10-08T15:47:00-04:00	7.1850	7.2058	14713
2026-10-08T15:48:00-04:00	7.2150	7.2058	21296
2026-10-08T15:49:00-04:00	7.2300	7.2058	15997
2026-10-08T15:50:00-04:00	7.2350	7.2059	10328
2026-10-08T15:51:00-04:00	7.2250	7.2060	19397
2026-10-08T15:52:00-04:00	7.2250	7.2061	11621
2026-10-08T15:53:00-04:00	7.2250	7.2061	9689
2026-10-08T15:54:00-04:00	7.2250	7.2062	12805
2026-10-08T15:55:00-04:00	7.2250	7.2062	18081
2026-10-08T15:56:00-04:00	7.2250	7.2063	20808
2026-10-08T15:57:00-04:00	7.2250	7.2064	24162
2026-10-08T15:58:00-04:00	7.2250	7.2066	33593
2026-10-08T15:59:00-04:00	7.2250	7.2069	81208
