timestamp_et	close	running_vwap	volume
2026-09-22T09:30:00-04:00	9.5800	9.6650	45400
2026-09-22T09:31:00-04:00	9.5350	9.6419	11218
2026-09-22T09:32:00-04:00	9.4200	9.6054	14197
2026-09-22T09:33:00-04:00	9.4050	9.5885	6185
2026-09-22T09:34:00-04:00	9.3200	9.5534	12867
2026-09-22T09:35:00-04:00	9.3900	9.5308	12358
2026-09-22T09:36:00-04:00	9.4600	9.5255	6144
2026-09-22T09:37:00-04:00	9.4840	9.5205	13691
2026-09-22T09:38:00-04:00	9.4800	9.5168	7246
2026-09-22T09:39:00-04:00	9.5000	9.5160	6528
2026-09-22T09:40:00-04:00	9.5200	9.5155	5138
2026-09-22T09:41:00-04:00	9.4300	9.5127	5774
2026-09-22T09:42:00-04:00	9.4400	9.5108	3870
2026-09-22T09:43:00-04:00	9.4200	9.5090	3351
2026-09-22T09:44:00-04:00	9.4250	9.5071	3147
2026-09-22T09:45:00-04:00	9.5000	9.5056	8368
2026-09-22T09:46:00-04:00	9.5400	9.5062	6640
2026-09-22T09:47:00-04:00	9.5300	9.5073	5927
2026-09-22T09:48:00-04:00	9.5390	9.5075	913
2026-09-22T09:49:00-04:00	9.5440	9.5081	2641
2026-09-22T09:50:00-04:00	9.5540	9.5090	3067
2026-09-22T09:51:00-04:00	9.6900	9.5159	8994
2026-09-22T09:52:00-04:00	9.7550	9.5212	4624
2026-09-22T09:53:00-04:00	9.7700	9.5344	11149
2026-09-22T09:54:00-04:00	9.8040	9.5421	5994
2026-09-22T09:55:00-04:00	9.7700	9.5464	3797
2026-09-22T09:56:00-04:00	9.7024	9.5485	2844
2026-09-22T09:57:00-04:00	9.7090	9.5512	3926
2026-09-22T09:58:00-04:00	9.7340	9.5590	9801
2026-09-22T09:59:00-04:00	9.7500	9.5631	5436
2026-09-22T10:00:00-04:00	9.7650	9.5636	636
2026-09-22T10:01:00-04:00	9.8200	9.5705	7123
2026-09-22T10:02:00-04:00	9.7996	9.5732	2934
2026-09-22T10:03:00-04:00	9.8500	9.5792	5572
2026-09-22T10:04:00-04:00	9.7850	9.5811	2240
2026-09-22T10:05:00-04:00	9.7600	9.5848	5145
2026-09-22T10:06:00-04:00	9.7902	9.5895	6677
2026-09-22T10:07:00-04:00	9.7850	9.5914	2645
2026-09-22T10:08:00-04:00	9.7750	9.5963	7828
2026-09-22T10:09:00-04:00	9.7428	9.5982	3588
2026-09-22T10:10:00-04:00	9.7050	9.6000	4095
2026-09-22T10:11:00-04:00	9.7000	9.6023	6994
2026-09-22T10:12:00-04:00	9.8000	9.6061	7019
2026-09-22T10:13:00-04:00	9.8500	9.6128	9210
2026-09-22T10:14:00-04:00	9.8800	9.6159	3985
2026-09-22T10:15:00-04:00	9.8600	9.6217	8092
2026-09-22T10:16:00-04:00	9.8350	9.6228	1623
2026-09-22T10:17:00-04:00	9.8200	9.6241	2177
2026-09-22T10:18:00-04:00	9.8500	9.6265	3513
2026-09-22T10:19:00-04:00	9.8700	9.6286	2914
2026-09-22T10:20:00-04:00	9.8469	9.6312	4002
2026-09-22T10:21:00-04:00	9.7800	9.6358	9310
2026-09-22T10:22:00-04:00	9.8600	9.6422	11528
2026-09-22T10:23:00-04:00	9.8550	9.6452	4915
2026-09-22T10:24:00-04:00	9.8900	9.6479	4352
2026-09-22T10:25:00-04:00	9.8600	9.6541	11146
2026-09-22T10:26:00-04:00	9.8900	9.6572	5435
2026-09-22T10:27:00-04:00	9.7200	9.6622	17287
2026-09-22T10:28:00-04:00	9.6600	9.6624	3515
2026-09-22T10:29:00-04:00	9.7100	9.6629	6345
2026-09-22T10:30:00-04:00	9.7050	9.6643	11477
2026-09-22T10:31:00-04:00	9.7100	9.6644	589
2026-09-22T10:32:00-04:00	9.6800	9.6653	13769
2026-09-22T10:33:00-04:00	9.7000	9.6659	9093
2026-09-22T10:34:00-04:00	9.7100	9.6662	3596
2026-09-22T10:35:00-04:00	9.6800	9.6667	12930
2026-09-22T10:36:00-04:00	9.6800	9.6667	3917
2026-09-22T10:37:00-04:00	9.7450	9.6676	7097
2026-09-22T10:38:00-04:00	9.7300	9.6678	1514
2026-09-22T10:39:00-04:00	9.7200	9.6680	1775
2026-09-22T10:40:00-04:00	9.7300	9.6683	2523
2026-09-22T10:41:00-04:00	9.7200	9.6691	7383
2026-09-22T10:42:00-04:00	9.7150	9.6693	1390
2026-09-22T10:43:00-04:00	9.6800	9.6698	10199
2026-09-22T10:44:00-04:00	9.7000	9.6700	3735
2026-09-22T10:45:00-04:00	9.6700	9.6702	7424
2026-09-22T10:46:00-04:00	9.6600	9.6701	1688
2026-09-22T10:47:00-04:00	9.6900	9.6703	14214
2026-09-22T10:48:00-04:00	9.6850	9.6705	5189
2026-09-22T10:49:00-04:00	9.6900	9.6705	915
2026-09-22T10:50:00-04:00	9.6900	9.6707	2726
2026-09-22T10:51:00-04:00	9.7300	9.6715	9601
2026-09-22T10:52:00-04:00	9.7250	9.6718	3148
2026-09-22T10:53:00-04:00	9.7300	9.6721	3638
2026-09-22T10:54:00-04:00	9.7550	9.6727	4104
2026-09-22T10:55:00-04:00	9.8000	9.6732	2421
2026-09-22T10:56:00-04:00	9.8300	9.6739	2653
2026-09-22T10:57:00-04:00	9.8000	9.6758	9452
2026-09-22T10:58:00-04:00	9.7800	9.6762	2042
2026-09-22T10:59:00-04:00	9.7850	9.6766	2037
2026-09-22T11:00:00-04:00	9.8300	9.6782	7115
2026-09-22T11:01:00-04:00	9.8100	9.6785	997
2026-09-22T11:02:00-04:00	9.8200	9.6792	2844
2026-09-22T11:03:00-04:00	9.8400	9.6803	4572
2026-09-22T11:04:00-04:00	9.8400	9.6826	9058
2026-09-22T11:05:00-04:00	9.9000	9.6923	28433
2026-09-22T11:06:00-04:00	9.8800	9.6970	15390
2026-09-22T11:07:00-04:00	9.8800	9.6982	4324
2026-09-22T11:08:00-04:00	9.8650	9.6988	2105
2026-09-22T11:09:00-04:00	9.8650	9.7000	4833
2026-09-22T11:10:00-04:00	9.8700	9.7007	2886
2026-09-22T11:11:00-04:00	9.8800	9.7019	4421
2026-09-22T11:12:00-04:00	9.9300	9.7048	9369
2026-09-22T11:13:00-04:00	9.9494	9.7083	9909
2026-09-22T11:14:00-04:00	9.9500	9.7093	3104
2026-09-22T11:15:00-04:00	9.9900	9.7149	14457
2026-09-22T11:16:00-04:00	10.0101	9.7261	27909
2026-09-22T11:17:00-04:00	9.9700	9.7296	10104
2026-09-22T11:18:00-04:00	9.9709	9.7297	375
2026-09-22T11:19:00-04:00	9.9850	9.7310	3831
2026-09-22T11:20:00-04:00	9.9600	9.7328	6006
2026-09-22T11:21:00-04:00	9.9541	9.7355	9151
2026-09-22T11:22:00-04:00	9.9550	9.7359	1431
2026-09-22T11:23:00-04:00	9.9600	9.7368	2865
2026-09-22T11:24:00-04:00	9.9700	9.7372	1481
2026-09-22T11:25:00-04:00	9.9700	9.7374	726
2026-09-22T11:26:00-04:00	9.9401	9.7388	4850
2026-09-22T11:27:00-04:00	9.9100	9.7405	7431
2026-09-22T11:28:00-04:00	9.9100	9.7410	2192
2026-09-22T11:29:00-04:00	9.8800	9.7434	13267
2026-09-22T11:30:00-04:00	9.9100	9.7448	6959
2026-09-22T11:31:00-04:00	9.9001	9.7452	2301
2026-09-22T11:32:00-04:00	9.8600	9.7462	5867
2026-09-22T11:33:00-04:00	9.8250	9.7468	6227
2026-09-22T11:34:00-04:00	9.8100	9.7468	729
2026-09-22T11:35:00-04:00	9.8300	9.7472	3911
2026-09-22T11:36:00-04:00	9.8600	9.7478	4725
2026-09-22T11:37:00-04:00	9.8600	9.7482	2445
2026-09-22T11:38:00-04:00	9.8651	9.7485	2185
2026-09-22T11:39:00-04:00	9.8600	9.7493	5585
2026-09-22T11:40:00-04:00	9.8800	9.7497	3224
2026-09-22T11:41:00-04:00	9.8900	9.7499	881
2026-09-22T11:42:00-04:00	9.8900	9.7501	1503
2026-09-22T11:43:00-04:00	9.9000	9.7508	4088
2026-09-22T11:45:00-04:00	9.8850	9.7515	3901
2026-09-22T11:46:00-04:00	9.8600	9.7518	2802
2026-09-22T11:47:00-04:00	9.8600	9.7520	1022
2026-09-22T11:48:00-04:00	9.8600	9.7522	1578
2026-09-22T11:49:00-04:00	9.9200	9.7553	19154
2026-09-22T11:50:00-04:00	9.8900	9.7561	4763
2026-09-22T11:51:00-04:00	9.8900	9.7564	2152
2026-09-22T11:52:00-04:00	9.8920	9.7564	209
2026-09-22T11:53:00-04:00	9.8800	9.7574	6785
2026-09-22T11:54:00-04:00	9.8850	9.7575	500
2026-09-22T11:55:00-04:00	9.8600	9.7580	4271
2026-09-22T11:56:00-04:00	9.8100	9.7610	38052
2026-09-22T11:57:00-04:00	9.8000	9.7611	2657
2026-09-22T11:58:00-04:00	9.8100	9.7612	2768
2026-09-22T11:59:00-04:00	9.8100	9.7614	4998
2026-09-22T12:00:00-04:00	9.8400	9.7618	4292
2026-09-22T12:01:00-04:00	9.8200	9.7618	588
2026-09-22T12:02:00-04:00	9.8200	9.7620	3705
2026-09-22T12:03:00-04:00	9.8100	9.7622	3628
2026-09-22T12:04:00-04:00	9.8100	9.7623	1019
2026-09-22T12:05:00-04:00	9.8100	9.7623	602
2026-09-22T12:06:00-04:00	9.8000	9.7624	1565
2026-09-22T12:07:00-04:00	9.8000	9.7624	773
2026-09-22T12:08:00-04:00	9.8100	9.7625	2481
2026-09-22T12:09:00-04:00	9.8300	9.7628	4445
2026-09-22T12:10:00-04:00	9.8300	9.7630	2330
2026-09-22T12:11:00-04:00	9.8300	9.7631	1547
2026-09-22T12:12:00-04:00	9.8200	9.7631	889
2026-09-22T12:13:00-04:00	9.8200	9.7632	1076
2026-09-22T12:14:00-04:00	9.8100	9.7633	1423
2026-09-22T12:15:00-04:00	9.8200	9.7634	3266
2026-09-22T12:16:00-04:00	9.8200	9.7638	5140
2026-09-22T12:17:00-04:00	9.8100	9.7641	5546
2026-09-22T12:18:00-04:00	9.8300	9.7644	4913
2026-09-22T12:19:00-04:00	9.8250	9.7644	749
2026-09-22T12:20:00-04:00	9.8300	9.7647	4596
2026-09-22T12:21:00-04:00	9.8100	9.7648	1499
2026-09-22T12:22:00-04:00	9.8150	9.7649	944
2026-09-22T12:23:00-04:00	9.8000	9.7649	1184
2026-09-22T12:24:00-04:00	9.7800	9.7650	4535
2026-09-22T12:25:00-04:00	9.7600	9.7650	5111
2026-09-22T12:26:00-04:00	9.7778	9.7650	4661
2026-09-22T12:27:00-04:00	9.7650	9.7650	310
2026-09-22T12:28:00-04:00	9.7700	9.7650	1143
2026-09-22T12:29:00-04:00	9.7700	9.7651	5379
2026-09-22T12:30:00-04:00	9.7650	9.7651	2911
2026-09-22T12:31:00-04:00	9.7650	9.7651	1591
2026-09-22T12:32:00-04:00	9.7800	9.7651	5061
2026-09-22T12:33:00-04:00	9.7800	9.7651	1515
2026-09-22T12:34:00-04:00	9.8050	9.7652	3113
2026-09-22T12:35:00-04:00	9.8050	9.7653	1659
2026-09-22T12:36:00-04:00	9.8050	9.7656	6853
2026-09-22T12:37:00-04:00	9.8050	9.7656	1003
2026-09-22T12:38:00-04:00	9.7850	9.7656	1448
2026-09-22T12:39:00-04:00	9.7900	9.7656	370
2026-09-22T12:40:00-04:00	9.7850	9.7657	1125
2026-09-22T12:41:00-04:00	9.7800	9.7657	2963
2026-09-22T12:42:00-04:00	9.7800	9.7658	3772
2026-09-22T12:43:00-04:00	9.7850	9.7658	2626
2026-09-22T12:45:00-04:00	9.7900	9.7658	1238
2026-09-22T12:46:00-04:00	9.7950	9.7659	3615
2026-09-22T12:47:00-04:00	9.8100	9.7660	423
2026-09-22T12:48:00-04:00	9.8550	9.7663	5667
2026-09-22T12:49:00-04:00	9.8500	9.7665	1807
2026-09-22T12:50:00-04:00	9.8500	9.7666	2192
2026-09-22T12:51:00-04:00	9.8500	9.7669	3503
2026-09-22T12:52:00-04:00	9.8500	9.7670	981
2026-09-22T12:53:00-04:00	9.8650	9.7673	3595
2026-09-22T12:54:00-04:00	9.8700	9.7674	1115
2026-09-22T12:55:00-04:00	9.8700	9.7676	1884
2026-09-22T12:56:00-04:00	9.8300	9.7682	8104
2026-09-22T12:57:00-04:00	9.8400	9.7683	1985
2026-09-22T12:58:00-04:00	9.8201	9.7684	2329
2026-09-22T12:59:00-04:00	9.8350	9.7685	1732
2026-09-22T13:00:00-04:00	9.8350	9.7686	925
2026-09-22T13:01:00-04:00	9.8200	9.7686	720
2026-09-22T13:02:00-04:00	9.8050	9.7687	1847
2026-09-22T13:04:00-04:00	9.7900	9.7687	1198
2026-09-22T13:05:00-04:00	9.8000	9.7691	12658
2026-09-22T13:06:00-04:00	9.8100	9.7691	1724
2026-09-22T13:07:00-04:00	9.8050	9.7692	1262
2026-09-22T13:08:00-04:00	9.8050	9.7692	900
2026-09-22T13:09:00-04:00	9.8200	9.7693	1130
2026-09-22T13:10:00-04:00	9.8200	9.7694	3477
2026-09-22T13:11:00-04:00	9.8200	9.7694	666
2026-09-22T13:12:00-04:00	9.8200	9.7694	929
2026-09-22T13:13:00-04:00	9.8200	9.7695	967
2026-09-22T13:14:00-04:00	9.8100	9.7696	2848
2026-09-22T13:15:00-04:00	9.7950	9.7697	4084
2026-09-22T13:16:00-04:00	9.8050	9.7698	3091
2026-09-22T13:17:00-04:00	9.8050	9.7698	759
2026-09-22T13:18:00-04:00	9.7900	9.7700	5776
2026-09-22T13:19:00-04:00	9.7600	9.7700	12941
2026-09-22T13:20:00-04:00	9.7350	9.7698	6709
2026-09-22T13:21:00-04:00	9.7000	9.7697	2317
2026-09-22T13:22:00-04:00	9.6900	9.7696	1278
2026-09-22T13:23:00-04:00	9.6900	9.7694	2482
2026-09-22T13:24:00-04:00	9.7000	9.7685	13699
2026-09-22T13:25:00-04:00	9.6800	9.7681	5155
2026-09-22T13:26:00-04:00	9.6800	9.7681	857
2026-09-22T13:27:00-04:00	9.6800	9.7679	1565
2026-09-22T13:28:00-04:00	9.6800	9.7677	3916
2026-09-22T13:29:00-04:00	9.6900	9.7674	3313
2026-09-22T13:30:00-04:00	9.7000	9.7671	5805
2026-09-22T13:31:00-04:00	9.7094	9.7670	2250
2026-09-22T13:32:00-04:00	9.6900	9.7667	3495
2026-09-22T13:33:00-04:00	9.6950	9.7667	1495
2026-09-22T13:34:00-04:00	9.6900	9.7665	2083
2026-09-22T13:35:00-04:00	9.6800	9.7664	1008
2026-09-22T13:36:00-04:00	9.6700	9.7663	1364
2026-09-22T13:37:00-04:00	9.6900	9.7662	1587
2026-09-22T13:38:00-04:00	9.6600	9.7659	3483
2026-09-22T13:39:00-04:00	9.6600	9.7658	1233
2026-09-22T13:40:00-04:00	9.6700	9.7655	3862
2026-09-22T13:41:00-04:00	9.6501	9.7653	2474
2026-09-22T13:42:00-04:00	9.6650	9.7651	1938
2026-09-22T13:43:00-04:00	9.6600	9.7650	1332
2026-09-22T13:44:00-04:00	9.6600	9.7649	2023
2026-09-22T13:45:00-04:00	9.6700	9.7646	3483
2026-09-22T13:46:00-04:00	9.6800	9.7645	833
2026-09-22T13:47:00-04:00	9.6700	9.7644	1133
2026-09-22T13:48:00-04:00	9.6800	9.7636	12074
2026-09-22T13:49:00-04:00	9.6900	9.7635	1327
2026-09-22T13:50:00-04:00	9.6800	9.7633	2887
2026-09-22T13:51:00-04:00	9.6800	9.7632	995
2026-09-22T13:52:00-04:00	9.6900	9.7627	9023
2026-09-22T13:53:00-04:00	9.6800	9.7626	1488
2026-09-22T13:54:00-04:00	9.7100	9.7623	6196
2026-09-22T13:55:00-04:00	9.6900	9.7621	4613
2026-09-22T13:56:00-04:00	9.7000	9.7620	3267
2026-09-22T13:57:00-04:00	9.7200	9.7619	1599
2026-09-22T13:58:00-04:00	9.7200	9.7615	9068
2026-09-22T13:59:00-04:00	9.7400	9.7615	2630
2026-09-22T14:00:00-04:00	9.7100	9.7614	1081
2026-09-22T14:01:00-04:00	9.7100	9.7613	3609
2026-09-22T14:02:00-04:00	9.7000	9.7612	970
2026-09-22T14:03:00-04:00	9.7000	9.7611	3034
2026-09-22T14:04:00-04:00	9.7100	9.7610	3334
2026-09-22T14:05:00-04:00	9.7200	9.7610	1642
2026-09-22T14:06:00-04:00	9.7400	9.7609	3264
2026-09-22T14:07:00-04:00	9.7200	9.7608	2310
2026-09-22T14:08:00-04:00	9.7000	9.7607	1893
2026-09-22T14:09:00-04:00	9.7200	9.7606	3772
2026-09-22T14:10:00-04:00	9.7300	9.7605	2497
2026-09-22T14:11:00-04:00	9.7350	9.7605	2849
2026-09-22T14:12:00-04:00	9.7200	9.7603	5136
2026-09-22T14:13:00-04:00	9.7299	9.7602	3512
2026-09-22T14:14:00-04:00	9.7050	9.7601	2270
2026-09-22T14:15:00-04:00	9.7000	9.7601	1166
2026-09-22T14:16:00-04:00	9.6900	9.7601	456
2026-09-22T14:17:00-04:00	9.7000	9.7595	10671
2026-09-22T14:18:00-04:00	9.7200	9.7594	4017
2026-09-22T14:19:00-04:00	9.7360	9.7593	4498
2026-09-22T14:20:00-04:00	9.7400	9.7593	1567
2026-09-22T14:21:00-04:00	9.7500	9.7592	3170
2026-09-22T14:22:00-04:00	9.7700	9.7593	11905
2026-09-22T14:23:00-04:00	9.7650	9.7593	1000
2026-09-22T14:24:00-04:00	9.7700	9.7593	2620
2026-09-22T14:25:00-04:00	9.7650	9.7593	1754
2026-09-22T14:26:00-04:00	9.8176	9.7595	6783
2026-09-22T14:27:00-04:00	9.8200	9.7596	565
2026-09-22T14:28:00-04:00	9.8100	9.7597	2549
2026-09-22T14:29:00-04:00	9.8000	9.7597	3171
2026-09-22T14:30:00-04:00	9.7900	9.7599	5521
2026-09-22T14:31:00-04:00	9.8000	9.7601	5902
2026-09-22T14:32:00-04:00	9.8400	9.7603	5167
2026-09-22T14:33:00-04:00	9.8500	9.7605	2765
2026-09-22T14:34:00-04:00	9.8500	9.7607	2641
2026-09-22T14:35:00-04:00	9.8350	9.7610	6030
2026-09-22T14:36:00-04:00	9.8300	9.7611	1520
2026-09-22T14:37:00-04:00	9.8200	9.7612	2925
2026-09-22T14:38:00-04:00	9.8390	9.7613	1900
2026-09-22T14:39:00-04:00	9.8500	9.7618	7815
2026-09-22T14:40:00-04:00	9.8500	9.7619	1698
2026-09-22T14:41:00-04:00	9.8500	9.7622	4200
2026-09-22T14:42:00-04:00	9.8600	9.7623	2740
2026-09-22T14:43:00-04:00	9.8200	9.7625	4046
2026-09-22T14:44:00-04:00	9.8100	9.7626	3043
2026-09-22T14:45:00-04:00	9.8000	9.7627	1342
2026-09-22T14:46:00-04:00	9.7900	9.7627	2290
2026-09-22T14:47:00-04:00	9.8050	9.7628	3863
2026-09-22T14:48:00-04:00	9.8050	9.7629	1044
2026-09-22T14:49:00-04:00	9.8100	9.7629	2374
2026-09-22T14:50:00-04:00	9.7850	9.7630	3822
2026-09-22T14:51:00-04:00	9.7950	9.7630	1533
2026-09-22T14:52:00-04:00	9.8100	9.7631	3313
2026-09-22T14:53:00-04:00	9.8000	9.7632	2416
2026-09-22T14:54:00-04:00	9.7900	9.7632	1811
2026-09-22T14:55:00-04:00	9.8100	9.7633	3027
2026-09-22T14:56:00-04:00	9.8200	9.7634	3297
2026-09-22T14:57:00-04:00	9.8400	9.7637	6355
2026-09-22T14:58:00-04:00	9.8495	9.7640	4225
2026-09-22T14:59:00-04:00	9.8401	9.7640	1014
2026-09-22T15:00:00-04:00	9.8450	9.7644	7056
2026-09-22T15:01:00-04:00	9.8400	9.7647	4323
2026-09-22T15:02:00-04:00	9.8500	9.7648	2064
2026-09-22T15:03:00-04:00	9.8500	9.7648	1082
2026-09-22T15:04:00-04:00	9.8400	9.7649	2302
2026-09-22T15:05:00-04:00	9.8450	9.7651	3328
2026-09-22T15:06:00-04:00	9.8600	9.7655	6148
2026-09-22T15:07:00-04:00	9.8450	9.7656	2895
2026-09-22T15:08:00-04:00	9.8500	9.7658	2921
2026-09-22T15:09:00-04:00	9.8500	9.7659	943
2026-09-22T15:10:00-04:00	9.8800	9.7698	54409
2026-09-22T15:11:00-04:00	9.8550	9.7709	18927
2026-09-22T15:12:00-04:00	9.8500	9.7710	3384
2026-09-22T15:13:00-04:00	9.8350	9.7714	7470
2026-09-22T15:14:00-04:00	9.8486	9.7717	7647
2026-09-22T15:15:00-04:00	9.8150	9.7719	4463
2026-09-22T15:16:00-04:00	9.8250	9.7719	2649
2026-09-22T15:17:00-04:00	9.8250	9.7720	1615
2026-09-22T15:18:00-04:00	9.8250	9.7721	2184
2026-09-22T15:19:00-04:00	9.8400	9.7722	2198
2026-09-22T15:20:00-04:00	9.8300	9.7724	7046
2026-09-22T15:21:00-04:00	9.8339	9.7725	3719
2026-09-22T15:22:00-04:00	9.8350	9.7727	3565
2026-09-22T15:23:00-04:00	9.8400	9.7730	7983
2026-09-22T15:24:00-04:00	9.8250	9.7733	9820
2026-09-22T15:25:00-04:00	9.8200	9.7734	3052
2026-09-22T15:26:00-04:00	9.8300	9.7736	5078
2026-09-22T15:27:00-04:00	9.8294	9.7737	4713
2026-09-22T15:28:00-04:00	9.8250	9.7739	6258
2026-09-22T15:29:00-04:00	9.8200	9.7744	17356
2026-09-22T15:30:00-04:00	9.8100	9.7745	4934
2026-09-22T15:31:00-04:00	9.8113	9.7747	5763
2026-09-22T15:32:00-04:00	9.8294	9.7750	9718
2026-09-22T15:33:00-04:00	9.8400	9.7753	8301
2026-09-22T15:34:00-04:00	9.8400	9.7753	1611
2026-09-22T15:35:00-04:00	9.8500	9.7757	9560
2026-09-22T15:36:00-04:00	9.8550	9.7759	3812
2026-09-22T15:37:00-04:00	9.8700	9.7764	9630
2026-09-22T15:38:00-04:00	9.8600	9.7767	5864
2026-09-22T15:39:00-04:00	9.8500	9.7771	9332
2026-09-22T15:40:00-04:00	9.8500	9.7772	3885
2026-09-22T15:41:00-04:00	9.8600	9.7774	4493
2026-09-22T15:42:00-04:00	9.8700	9.7778	6327
2026-09-22T15:43:00-04:00	9.8700	9.7781	8232
2026-09-22T15:44:00-04:00	9.8600	9.7784	6131
2026-09-22T15:45:00-04:00	9.8800	9.7791	11087
2026-09-22T15:46:00-04:00	9.8750	9.7797	12639
2026-09-22T15:47:00-04:00	9.8500	9.7802	11294
2026-09-22T15:48:00-04:00	9.8400	9.7805	7371
2026-09-22T15:49:00-04:00	9.9300	9.7847	62560
2026-09-22T15:50:00-04:00	9.8950	9.7855	12081
2026-09-22T15:51:00-04:00	9.9000	9.7868	24791
2026-09-22T15:52:00-04:00	9.8800	9.7881	25321
2026-09-22T15:53:00-04:00	9.8850	9.7888	16784
2026-09-22T15:54:00-04:00	9.8800	9.7894	13237
2026-09-22T15:55:00-04:00	9.8900	9.7906	23066
2026-09-22T15:56:00-04:00	9.9250	9.7924	30316
2026-09-22T15:57:00-04:00	9.9450	9.7961	52082
2026-09-22T15:58:00-04:00	9.9200	9.8013	83445
2026-09-22T15:59:00-04:00	9.8950	9.8058	103721
2026-09-23T09:30:00-04:00	9.6900	9.7233	46512
2026-09-23T09:31:00-04:00	9.7200	9.7226	1866
2026-09-23T09:32:00-04:00	9.7990	9.7304	4942
2026-09-23T09:33:00-04:00	9.8090	9.7335	2533
2026-09-23T09:34:00-04:00	9.7000	9.7332	5823
2026-09-23T09:35:00-04:00	9.6900	9.7318	3961
2026-09-23T09:36:00-04:00	9.6900	9.7256	12612
2026-09-23T09:37:00-04:00	9.7090	9.7255	994
2026-09-23T09:38:00-04:00	9.7200	9.7251	2095
2026-09-23T09:39:00-04:00	9.6800	9.7221	8118
2026-09-23T09:40:00-04:00	9.6800	9.7199	6006
2026-09-23T09:41:00-04:00	9.6700	9.7132	24194
2026-09-23T09:42:00-04:00	9.7250	9.7134	5397
2026-09-23T09:43:00-04:00	9.7100	9.7134	3529
2026-09-23T09:44:00-04:00	9.7200	9.7136	1226
2026-09-23T09:45:00-04:00	9.7000	9.7144	8039
2026-09-23T09:46:00-04:00	9.7400	9.7148	1708
2026-09-23T09:47:00-04:00	9.8150	9.7162	2610
2026-09-23T09:48:00-04:00	9.7350	9.7193	12225
2026-09-23T09:49:00-04:00	9.7450	9.7196	3016
2026-09-23T09:50:00-04:00	9.8100	9.7231	7681
2026-09-23T09:51:00-04:00	9.8200	9.7310	20430
2026-09-23T09:52:00-04:00	9.7850	9.7365	17661
2026-09-23T09:53:00-04:00	9.8550	9.7404	7746
2026-09-23T09:54:00-04:00	9.8100	9.7434	7298
2026-09-23T09:55:00-04:00	9.8050	9.7453	5966
2026-09-23T09:56:00-04:00	9.8300	9.7478	8171
2026-09-23T09:57:00-04:00	9.8250	9.7483	1385
2026-09-23T09:58:00-04:00	9.8600	9.7497	3101
2026-09-23T09:59:00-04:00	9.8000	9.7503	2010
2026-09-23T10:00:00-04:00	9.8615	9.7521	4139
2026-09-23T10:01:00-04:00	9.9450	9.7588	9310
2026-09-23T10:02:00-04:00	9.9372	9.7708	19269
2026-09-23T10:03:00-04:00	9.9400	9.7731	3784
2026-09-23T10:04:00-04:00	9.9100	9.7803	14046
2026-09-23T10:05:00-04:00	9.8850	9.7818	3717
2026-09-23T10:06:00-04:00	9.8950	9.7828	2655
2026-09-23T10:07:00-04:00	9.9100	9.7853	6364
2026-09-23T10:08:00-04:00	9.8950	9.7860	2161
2026-09-23T10:09:00-04:00	9.8900	9.7863	845
2026-09-23T10:10:00-04:00	9.8350	9.7886	10804
2026-09-23T10:11:00-04:00	9.8350	9.7887	1238
2026-09-23T10:12:00-04:00	9.8300	9.7893	3766
2026-09-23T10:13:00-04:00	9.7650	9.7889	12013
2026-09-23T10:14:00-04:00	9.7600	9.7888	1052
2026-09-23T10:15:00-04:00	9.7197	9.7884	2349
2026-09-23T10:16:00-04:00	9.7550	9.7873	7451
2026-09-23T10:17:00-04:00	9.7600	9.7870	3360
2026-09-23T10:18:00-04:00	9.7100	9.7866	2521
2026-09-23T10:19:00-04:00	9.7000	9.7861	1770
2026-09-23T10:20:00-04:00	9.6750	9.7854	2407
2026-09-23T10:21:00-04:00	9.6850	9.7845	3107
2026-09-23T10:22:00-04:00	9.6200	9.7820	6342
2026-09-23T10:23:00-04:00	9.6300	9.7803	3817
2026-09-23T10:24:00-04:00	9.6550	9.7782	5911
2026-09-23T10:25:00-04:00	9.6500	9.7767	4512
2026-09-23T10:26:00-04:00	9.6636	9.7762	1533
2026-09-23T10:27:00-04:00	9.6200	9.7751	2959
2026-09-23T10:28:00-04:00	9.6200	9.7720	7893
2026-09-23T10:29:00-04:00	9.6400	9.7713	1972
2026-09-23T10:30:00-04:00	9.5900	9.7664	11542
2026-09-23T10:31:00-04:00	9.6100	9.7610	12834
2026-09-23T10:32:00-04:00	9.6100	9.7590	5472
2026-09-23T10:33:00-04:00	9.6100	9.7579	3036
2026-09-23T10:34:00-04:00	9.6400	9.7567	3778
2026-09-23T10:35:00-04:00	9.6400	9.7559	2794
2026-09-23T10:36:00-04:00	9.6750	9.7550	4551
2026-09-23T10:37:00-04:00	9.6800	9.7526	17957
2026-09-23T10:38:00-04:00	9.6900	9.7515	7360
2026-09-23T10:39:00-04:00	9.7600	9.7513	10558
2026-09-23T10:40:00-04:00	9.7600	9.7517	10824
2026-09-23T10:41:00-04:00	9.7700	9.7519	3024
2026-09-23T10:42:00-04:00	9.7780	9.7520	1773
2026-09-23T10:43:00-04:00	9.7700	9.7524	10538
2026-09-23T10:44:00-04:00	9.8100	9.7527	2411
2026-09-23T10:45:00-04:00	9.7700	9.7528	2385
2026-09-23T10:46:00-04:00	9.7800	9.7529	1715
2026-09-23T10:47:00-04:00	9.7950	9.7544	19589
2026-09-23T10:48:00-04:00	9.7900	9.7545	2157
2026-09-23T10:49:00-04:00	9.7850	9.7546	2762
2026-09-23T10:50:00-04:00	9.8000	9.7549	2796
2026-09-23T10:51:00-04:00	9.8600	9.7565	9915
2026-09-23T10:52:00-04:00	9.8250	9.7576	8238
2026-09-23T10:53:00-04:00	9.8700	9.7598	12894
2026-09-23T10:54:00-04:00	9.9000	9.7614	7211
2026-09-23T10:55:00-04:00	9.8850	9.7621	3058
2026-09-23T10:56:00-04:00	9.8900	9.7637	7894
2026-09-23T10:57:00-04:00	9.8900	9.7642	1886
2026-09-23T10:58:00-04:00	9.8800	9.7646	2277
2026-09-23T10:59:00-04:00	9.9000	9.7654	3578
2026-09-23T11:00:00-04:00	9.8950	9.7658	1730
2026-09-23T11:01:00-04:00	9.9000	9.7672	6120
2026-09-23T11:02:00-04:00	9.8800	9.7679	3553
2026-09-23T11:03:00-04:00	9.9000	9.7685	3205
2026-09-23T11:04:00-04:00	9.8800	9.7688	1473
2026-09-23T11:05:00-04:00	9.8750	9.7700	6595
2026-09-23T11:06:00-04:00	9.8700	9.7705	2910
2026-09-23T11:07:00-04:00	9.8800	9.7717	7183
2026-09-23T11:08:00-04:00	9.9550	9.7729	4764
2026-09-23T11:09:00-04:00	9.9600	9.7734	1515
2026-09-23T11:10:00-04:00	9.9600	9.7755	7016
2026-09-23T11:11:00-04:00	9.9850	9.7781	8689
2026-09-23T11:12:00-04:00	10.0200	9.7863	24377
2026-09-23T11:13:00-04:00	10.0300	9.7918	16546
2026-09-23T11:14:00-04:00	9.9900	9.7951	10670
2026-09-23T11:15:00-04:00	9.9800	9.7979	11078
2026-09-23T11:16:00-04:00	9.9900	9.7997	7042
2026-09-23T11:17:00-04:00	9.8900	9.8072	45942
2026-09-23T11:18:00-04:00	9.8800	9.8075	2554
2026-09-23T11:19:00-04:00	9.9000	9.8076	1550
2026-09-23T11:20:00-04:00	9.8900	9.8079	1954
2026-09-23T11:21:00-04:00	9.8650	9.8085	8959
2026-09-23T11:22:00-04:00	9.8650	9.8088	3599
2026-09-23T11:23:00-04:00	9.9200	9.8093	3849
2026-09-23T11:24:00-04:00	9.9400	9.8096	1649
2026-09-23T11:25:00-04:00	9.9200	9.8097	993
2026-09-23T11:26:00-04:00	9.9150	9.8110	9793
2026-09-23T11:27:00-04:00	9.9150	9.8115	3941
2026-09-23T11:28:00-04:00	9.8900	9.8126	10372
2026-09-23T11:29:00-04:00	9.8700	9.8128	2516
2026-09-23T11:30:00-04:00	9.8500	9.8132	7675
2026-09-23T11:31:00-04:00	9.8600	9.8134	2752
2026-09-23T11:32:00-04:00	9.8500	9.8136	4235
2026-09-23T11:33:00-04:00	9.8600	9.8137	3013
2026-09-23T11:34:00-04:00	9.9000	9.8145	9047
2026-09-23T11:35:00-04:00	9.9100	9.8148	3325
2026-09-23T11:36:00-04:00	9.8940	9.8158	9725
2026-09-23T11:37:00-04:00	9.9100	9.8161	2937
2026-09-23T11:38:00-04:00	9.9000	9.8164	2811
2026-09-23T11:39:00-04:00	9.8950	9.8167	2961
2026-09-23T11:40:00-04:00	9.8800	9.8168	1368
2026-09-23T11:41:00-04:00	9.8700	9.8169	2622
2026-09-23T11:42:00-04:00	9.8700	9.8170	1504
2026-09-23T11:43:00-04:00	9.8600	9.8176	11637
2026-09-23T11:44:00-04:00	9.9000	9.8178	2717
2026-09-23T11:45:00-04:00	9.8800	9.8192	18866
2026-09-23T11:46:00-04:00	9.9050	9.8194	1776
2026-09-23T11:47:00-04:00	9.8700	9.8203	14885
2026-09-23T11:48:00-04:00	9.8700	9.8204	2147
2026-09-23T11:49:00-04:00	9.8650	9.8205	1666
2026-09-23T11:50:00-04:00	9.8300	9.8207	9163
2026-09-23T11:51:00-04:00	9.8100	9.8207	1975
2026-09-23T11:52:00-04:00	9.8100	9.8207	1783
2026-09-23T11:53:00-04:00	9.8000	9.8205	4995
2026-09-23T11:54:00-04:00	9.8100	9.8205	4826
2026-09-23T11:55:00-04:00	9.8000	9.8204	2981
2026-09-23T11:56:00-04:00	9.8000	9.8204	2543
2026-09-23T11:57:00-04:00	9.8150	9.8203	4579
2026-09-23T11:58:00-04:00	9.8200	9.8203	1902
2026-09-23T11:59:00-04:00	9.8150	9.8203	2439
2026-09-23T12:00:00-04:00	9.7925	9.8202	1832
2026-09-23T12:01:00-04:00	9.7500	9.8200	4102
2026-09-23T12:02:00-04:00	9.7600	9.8192	11716
2026-09-23T12:03:00-04:00	9.7900	9.8191	2243
2026-09-23T12:04:00-04:00	9.8100	9.8190	2245
2026-09-23T12:05:00-04:00	9.7850	9.8189	2831
2026-09-23T12:06:00-04:00	9.8000	9.8188	3647
2026-09-23T12:07:00-04:00	9.7900	9.8187	5463
2026-09-23T12:08:00-04:00	9.7900	9.8186	1795
2026-09-23T12:09:00-04:00	9.7650	9.8185	2585
2026-09-23T12:10:00-04:00	9.7750	9.8185	1094
2026-09-23T12:11:00-04:00	9.8000	9.8184	3958
2026-09-23T12:12:00-04:00	9.7900	9.8183	3031
2026-09-23T12:13:00-04:00	9.7800	9.8182	1473
2026-09-23T12:14:00-04:00	9.8100	9.8182	2840
2026-09-23T12:15:00-04:00	9.7950	9.8182	915
2026-09-23T12:16:00-04:00	9.7900	9.8181	1500
2026-09-23T12:17:00-04:00	9.7900	9.8181	2378
2026-09-23T12:18:00-04:00	9.8000	9.8181	649
2026-09-23T12:19:00-04:00	9.7850	9.8179	3356
2026-09-23T12:20:00-04:00	9.7250	9.8167	17459
2026-09-23T12:21:00-04:00	9.7250	9.8165	2035
2026-09-23T12:22:00-04:00	9.7300	9.8163	1680
2026-09-23T12:23:00-04:00	9.7400	9.8163	767
2026-09-23T12:24:00-04:00	9.7500	9.8158	7392
2026-09-23T12:25:00-04:00	9.7200	9.8144	16066
2026-09-23T12:26:00-04:00	9.7550	9.8142	3544
2026-09-23T12:27:00-04:00	9.7700	9.8141	2000
2026-09-23T12:28:00-04:00	9.7700	9.8140	2397
2026-09-23T12:29:00-04:00	9.7400	9.8139	614
2026-09-23T12:30:00-04:00	9.7600	9.8138	2686
2026-09-23T12:31:00-04:00	9.7500	9.8137	2127
2026-09-23T12:32:00-04:00	9.7250	9.8134	3161
2026-09-23T12:33:00-04:00	9.7400	9.8133	2214
2026-09-23T12:34:00-04:00	9.7700	9.8131	3854
2026-09-23T12:36:00-04:00	9.7650	9.8130	3076
2026-09-23T12:37:00-04:00	9.7550	9.8129	1812
2026-09-23T12:38:00-04:00	9.7500	9.8128	1970
2026-09-23T12:39:00-04:00	9.7550	9.8127	1157
2026-09-23T12:40:00-04:00	9.7500	9.8126	1113
2026-09-23T12:41:00-04:00	9.7300	9.8124	2475
2026-09-23T12:42:00-04:00	9.7200	9.8122	2426
2026-09-23T12:43:00-04:00	9.7200	9.8122	774
2026-09-23T12:44:00-04:00	9.7200	9.8120	1551
2026-09-23T12:45:00-04:00	9.7300	9.8119	2273
2026-09-23T12:46:00-04:00	9.7400	9.8117	1983
2026-09-23T12:47:00-04:00	9.7400	9.8116	1263
2026-09-23T12:48:00-04:00	9.7100	9.8115	2123
2026-09-23T12:49:00-04:00	9.7250	9.8114	906
2026-09-23T12:50:00-04:00	9.7300	9.8109	5631
2026-09-23T12:51:00-04:00	9.7300	9.8108	1827
2026-09-23T12:52:00-04:00	9.7150	9.8106	1870
2026-09-23T12:53:00-04:00	9.7200	9.8100	6783
2026-09-23T12:54:00-04:00	9.7260	9.8096	6205
2026-09-23T12:55:00-04:00	9.7350	9.8095	1233
2026-09-23T12:56:00-04:00	9.7600	9.8091	7391
2026-09-23T12:57:00-04:00	9.7600	9.8090	2891
2026-09-23T12:58:00-04:00	9.7350	9.8088	3492
2026-09-23T12:59:00-04:00	9.7200	9.8087	1540
2026-09-23T13:00:00-04:00	9.7100	9.8078	10419
2026-09-23T13:01:00-04:00	9.7100	9.8077	980
2026-09-23T13:02:00-04:00	9.6400	9.8067	7810
2026-09-23T13:03:00-04:00	9.6600	9.8065	1885
2026-09-23T13:04:00-04:00	9.6500	9.8015	36536
2026-09-23T13:05:00-04:00	9.6200	9.8007	4962
2026-09-23T13:06:00-04:00	9.6400	9.8006	1242
2026-09-23T13:07:00-04:00	9.6250	9.8005	413
2026-09-23T13:08:00-04:00	9.6400	9.7991	10096
2026-09-23T13:09:00-04:00	9.6400	9.7986	3859
2026-09-23T13:10:00-04:00	9.6400	9.7983	2760
2026-09-23T13:11:00-04:00	9.6400	9.7975	5675
2026-09-23T13:12:00-04:00	9.6500	9.7973	2223
2026-09-23T13:13:00-04:00	9.6350	9.7972	517
2026-09-23T13:14:00-04:00	9.6400	9.7959	10828
2026-09-23T13:15:00-04:00	9.6600	9.7947	10292
2026-09-23T13:16:00-04:00	9.6600	9.7944	3529
2026-09-23T13:17:00-04:00	9.6650	9.7940	3231
2026-09-23T13:18:00-04:00	9.6764	9.7939	1214
2026-09-23T13:19:00-04:00	9.6400	9.7929	9049
2026-09-23T13:20:00-04:00	9.6200	9.7924	3214
2026-09-23T13:21:00-04:00	9.6300	9.7921	2302
2026-09-23T13:22:00-04:00	9.6300	9.7919	1940
2026-09-23T13:23:00-04:00	9.6300	9.7917	1714
2026-09-23T13:24:00-04:00	9.6300	9.7914	2118
2026-09-23T13:25:00-04:00	9.6150	9.7909	3726
2026-09-23T13:26:00-04:00	9.6000	9.7905	2475
2026-09-23T13:27:00-04:00	9.6100	9.7902	2266
2026-09-23T13:28:00-04:00	9.5950	9.7900	1310
2026-09-23T13:29:00-04:00	9.6200	9.7893	4830
2026-09-23T13:30:00-04:00	9.6200	9.7893	547
2026-09-23T13:31:00-04:00	9.6200	9.7883	7179
2026-09-23T13:32:00-04:00	9.6073	9.7882	689
2026-09-23T13:33:00-04:00	9.6100	9.7876	4423
2026-09-23T13:34:00-04:00	9.6100	9.7872	3108
2026-09-23T13:36:00-04:00	9.5900	9.7866	4149
2026-09-23T13:37:00-04:00	9.5932	9.7865	229
2026-09-23T13:38:00-04:00	9.5900	9.7856	6735
2026-09-23T13:39:00-04:00	9.6100	9.7850	3944
2026-09-23T13:40:00-04:00	9.6000	9.7847	2383
2026-09-23T13:41:00-04:00	9.6200	9.7844	2310
2026-09-23T13:42:00-04:00	9.6400	9.7840	3496
2026-09-23T13:43:00-04:00	9.6800	9.7838	2818
2026-09-23T13:44:00-04:00	9.6850	9.7832	8525
2026-09-23T13:45:00-04:00	9.6600	9.7822	11278
2026-09-23T13:46:00-04:00	9.6800	9.7821	1022
2026-09-23T13:47:00-04:00	9.6800	9.7818	3583
2026-09-23T13:48:00-04:00	9.7000	9.7816	3677
2026-09-23T13:49:00-04:00	9.7150	9.7815	2090
2026-09-23T13:50:00-04:00	9.7000	9.7813	3930
2026-09-23T13:51:00-04:00	9.7099	9.7812	1523
2026-09-23T13:52:00-04:00	9.7000	9.7811	1208
2026-09-23T13:53:00-04:00	9.6800	9.7806	8043
2026-09-23T13:54:00-04:00	9.7000	9.7804	2016
2026-09-23T13:55:00-04:00	9.6900	9.7804	1142
2026-09-23T13:56:00-04:00	9.6900	9.7803	1553
2026-09-23T13:57:00-04:00	9.6800	9.7802	1530
2026-09-23T13:58:00-04:00	9.6900	9.7799	3183
2026-09-23T13:59:00-04:00	9.6500	9.7792	8647
2026-09-23T14:00:00-04:00	9.6500	9.7787	5005
2026-09-23T14:01:00-04:00	9.6600	9.7786	1438
2026-09-23T14:02:00-04:00	9.6200	9.7781	4117
2026-09-23T14:03:00-04:00	9.6500	9.7780	1634
2026-09-23T14:04:00-04:00	9.6400	9.7777	3065
2026-09-23T14:05:00-04:00	9.6100	9.7775	1699
2026-09-23T14:06:00-04:00	9.6200	9.7772	2604
2026-09-23T14:07:00-04:00	9.6050	9.7771	750
2026-09-23T14:08:00-04:00	9.6200	9.7770	695
2026-09-23T14:09:00-04:00	9.6200	9.7761	7784
2026-09-23T14:10:00-04:00	9.6250	9.7746	14817
2026-09-23T14:11:00-04:00	9.6150	9.7744	1697
2026-09-23T14:12:00-04:00	9.6300	9.7740	3820
2026-09-23T14:13:00-04:00	9.6400	9.7738	2517
2026-09-23T14:14:00-04:00	9.6400	9.7735	2248
2026-09-23T14:15:00-04:00	9.6400	9.7735	364
2026-09-23T14:16:00-04:00	9.6450	9.7734	1108
2026-09-23T14:17:00-04:00	9.6550	9.7732	2304
2026-09-23T14:18:00-04:00	9.6550	9.7732	430
2026-09-23T14:19:00-04:00	9.6550	9.7731	1102
2026-09-23T14:20:00-04:00	9.6550	9.7724	8993
2026-09-23T14:21:00-04:00	9.6500	9.7720	5315
2026-09-23T14:22:00-04:00	9.6600	9.7719	1198
2026-09-23T14:23:00-04:00	9.6550	9.7718	988
2026-09-23T14:24:00-04:00	9.6500	9.7717	1196
2026-09-23T14:25:00-04:00	9.6500	9.7716	1018
2026-09-23T14:26:00-04:00	9.6450	9.7704	13653
2026-09-23T14:27:00-04:00	9.6400	9.7700	4520
2026-09-23T14:28:00-04:00	9.6300	9.7698	2165
2026-09-23T14:29:00-04:00	9.6300	9.7697	1592
2026-09-23T14:30:00-04:00	9.6400	9.7695	2448
2026-09-23T14:31:00-04:00	9.6100	9.7687	7070
2026-09-23T14:32:00-04:00	9.6200	9.7685	2612
2026-09-23T14:33:00-04:00	9.6300	9.7682	2583
2026-09-23T14:34:00-04:00	9.6500	9.7676	7536
2026-09-23T14:35:00-04:00	9.6600	9.7673	4968
2026-09-23T14:36:00-04:00	9.6700	9.7671	2242
2026-09-23T14:37:00-04:00	9.6900	9.7670	1570
2026-09-23T14:38:00-04:00	9.6850	9.7670	1020
2026-09-23T14:39:00-04:00	9.6900	9.7669	2412
2026-09-23T14:40:00-04:00	9.6800	9.7667	2381
2026-09-23T14:41:00-04:00	9.6800	9.7666	2407
2026-09-23T14:42:00-04:00	9.6800	9.7664	2494
2026-09-23T14:43:00-04:00	9.6900	9.7663	2481
2026-09-23T14:44:00-04:00	9.6900	9.7661	5063
2026-09-23T14:45:00-04:00	9.6800	9.7659	2200
2026-09-23T14:46:00-04:00	9.6800	9.7659	1551
2026-09-23T14:47:00-04:00	9.6850	9.7657	3690
2026-09-23T14:48:00-04:00	9.6900	9.7655	4103
2026-09-23T14:49:00-04:00	9.6950	9.7654	1780
2026-09-23T14:50:00-04:00	9.6900	9.7653	1508
2026-09-23T14:51:00-04:00	9.6900	9.7652	3155
2026-09-23T14:52:00-04:00	9.6850	9.7650	2132
2026-09-23T14:53:00-04:00	9.6850	9.7650	704
2026-09-23T14:54:00-04:00	9.6800	9.7647	6433
2026-09-23T14:55:00-04:00	9.6950	9.7645	4498
2026-09-23T14:56:00-04:00	9.6900	9.7643	4697
2026-09-23T14:57:00-04:00	9.6900	9.7641	2713
2026-09-23T14:58:00-04:00	9.6850	9.7639	5487
2026-09-23T14:59:00-04:00	9.6800	9.7636	4046
2026-09-23T15:00:00-04:00	9.6700	9.7633	5633
2026-09-23T15:01:00-04:00	9.6600	9.7631	4465
2026-09-23T15:02:00-04:00	9.6500	9.7630	499
2026-09-23T15:03:00-04:00	9.6600	9.7627	5652
2026-09-23T15:04:00-04:00	9.6500	9.7624	4364
2026-09-23T15:05:00-04:00	9.6200	9.7621	3783
2026-09-23T15:06:00-04:00	9.6200	9.7617	3990
2026-09-23T15:07:00-04:00	9.6300	9.7616	1825
2026-09-23T15:08:00-04:00	9.6500	9.7611	6208
2026-09-23T15:09:00-04:00	9.6250	9.7610	1595
2026-09-23T15:10:00-04:00	9.6200	9.7606	4600
2026-09-23T15:11:00-04:00	9.6250	9.7604	2039
2026-09-23T15:12:00-04:00	9.6200	9.7603	2231
2026-09-23T15:13:00-04:00	9.6300	9.7591	13666
2026-09-23T15:14:00-04:00	9.6400	9.7590	2046
2026-09-23T15:15:00-04:00	9.6050	9.7586	4296
2026-09-23T15:16:00-04:00	9.6200	9.7582	4898
2026-09-23T15:17:00-04:00	9.6200	9.7581	1372
2026-09-23T15:18:00-04:00	9.6000	9.7578	3110
2026-09-23T15:19:00-04:00	9.6100	9.7576	2495
2026-09-23T15:20:00-04:00	9.6200	9.7567	9988
2026-09-23T15:21:00-04:00	9.6350	9.7565	3270
2026-09-23T15:22:00-04:00	9.6400	9.7563	3085
2026-09-23T15:23:00-04:00	9.6500	9.7562	632
2026-09-23T15:24:00-04:00	9.6500	9.7559	4886
2026-09-23T15:25:00-04:00	9.6450	9.7558	1393
2026-09-23T15:26:00-04:00	9.6000	9.7549	11832
2026-09-23T15:27:00-04:00	9.5800	9.7544	4512
2026-09-23T15:28:00-04:00	9.5700	9.7542	2384
2026-09-23T15:29:00-04:00	9.5463	9.7535	5702
2026-09-23T15:30:00-04:00	9.5500	9.7519	14027
2026-09-23T15:31:00-04:00	9.5600	9.7504	13803
2026-09-23T15:32:00-04:00	9.5700	9.7501	3481
2026-09-23T15:33:00-04:00	9.5700	9.7491	9562
2026-09-23T15:34:00-04:00	9.5680	9.7484	6848
2026-09-23T15:35:00-04:00	9.5700	9.7478	6158
2026-09-23T15:36:00-04:00	9.5700	9.7469	9187
2026-09-23T15:37:00-04:00	9.5700	9.7464	4716
2026-09-23T15:38:00-04:00	9.5700	9.7459	4676
2026-09-23T15:39:00-04:00	9.5700	9.7441	18670
2026-09-23T15:40:00-04:00	9.5500	9.7431	10316
2026-09-23T15:41:00-04:00	9.5600	9.7417	13548
2026-09-23T15:42:00-04:00	9.5500	9.7411	5987
2026-09-23T15:43:00-04:00	9.6000	9.7391	23302
2026-09-23T15:44:00-04:00	9.6200	9.7388	4441
2026-09-23T15:45:00-04:00	9.6200	9.7380	13714
2026-09-23T15:46:00-04:00	9.6300	9.7364	27688
2026-09-23T15:47:00-04:00	9.6600	9.7359	9350
2026-09-23T15:48:00-04:00	9.6400	9.7355	8635
2026-09-23T15:49:00-04:00	9.6400	9.7349	13945
2026-09-23T15:50:00-04:00	9.6300	9.7337	21497
2026-09-23T15:51:00-04:00	9.6350	9.7328	18143
2026-09-23T15:52:00-04:00	9.6150	9.7319	15986
2026-09-23T15:53:00-04:00	9.6450	9.7309	21505
2026-09-23T15:54:00-04:00	9.6300	9.7297	28337
2026-09-23T15:55:00-04:00	9.6250	9.7282	26932
2026-09-23T15:56:00-04:00	9.6200	9.7268	26787
2026-09-23T15:57:00-04:00	9.6200	9.7240	50709
2026-09-23T15:58:00-04:00	9.5950	9.7202	69870
2026-09-23T15:59:00-04:00	9.6250	9.7134	135239
2026-09-24T09:30:00-04:00	9.5450	9.5250	26520
2026-09-24T09:31:00-04:00	9.5800	9.5278	1851
2026-09-24T09:32:00-04:00	9.6940	9.5503	6036
2026-09-24T09:33:00-04:00	9.6990	9.5862	8444
2026-09-24T09:34:00-04:00	9.6000	9.5907	7988
2026-09-24T09:35:00-04:00	9.7400	9.6014	5511
2026-09-24T09:36:00-04:00	9.7000	9.6097	4578
2026-09-24T09:37:00-04:00	9.6890	9.6113	994
2026-09-24T09:38:00-04:00	9.7524	9.6321	10005
2026-09-24T09:39:00-04:00	9.8000	9.6449	6432
2026-09-24T09:40:00-04:00	9.7600	9.6492	2714
2026-09-24T09:41:00-04:00	9.7250	9.6531	4245
2026-09-24T09:42:00-04:00	9.7300	9.6534	305
2026-09-24T09:43:00-04:00	9.6950	9.6553	3200
2026-09-24T09:44:00-04:00	9.6400	9.6554	2999
2026-09-24T09:45:00-04:00	9.6600	9.6550	6149
2026-09-24T09:46:00-04:00	9.6600	9.6551	3458
2026-09-24T09:47:00-04:00	9.6600	9.6554	3575
2026-09-24T09:48:00-04:00	9.5850	9.6542	2705
2026-09-24T09:49:00-04:00	9.6300	9.6537	1601
2026-09-24T09:50:00-04:00	9.6000	9.6532	1461
2026-09-24T09:51:00-04:00	9.5500	9.6514	2428
2026-09-24T09:52:00-04:00	9.5550	9.6486	3030
2026-09-24T09:53:00-04:00	9.5150	9.6480	525
2026-09-24T09:54:00-04:00	9.4600	9.6321	11582
2026-09-24T09:56:00-04:00	9.5550	9.6281	4886
2026-09-24T09:57:00-04:00	9.5750	9.6277	1012
2026-09-24T09:58:00-04:00	9.5750	9.6274	1049
2026-09-24T09:59:00-04:00	9.6000	9.6195	23159
2026-09-24T10:00:00-04:00	9.5900	9.6191	1813
2026-09-24T10:01:00-04:00	9.5800	9.6155	17992
2026-09-24T10:02:00-04:00	9.6600	9.6194	19320
2026-09-24T10:03:00-04:00	9.7100	9.6212	5635
2026-09-24T10:04:00-04:00	9.7050	9.6235	6594
2026-09-24T10:05:00-04:00	9.7185	9.6259	5561
2026-09-24T10:06:00-04:00	9.8400	9.6329	8961
2026-09-24T10:07:00-04:00	9.7600	9.6362	5131
2026-09-24T10:08:00-04:00	9.7510	9.6375	2411
2026-09-24T10:09:00-04:00	9.7000	9.6403	8127
2026-09-24T10:10:00-04:00	9.6700	9.6409	4028
2026-09-24T10:11:00-04:00	9.6700	9.6413	2508
2026-09-24T10:12:00-04:00	9.6700	9.6416	2013
2026-09-24T10:13:00-04:00	9.7200	9.6433	5561
2026-09-24T10:14:00-04:00	9.6900	9.6436	1338
2026-09-24T10:15:00-04:00	9.7100	9.6438	1125
2026-09-24T10:16:00-04:00	9.6900	9.6439	507
2026-09-24T10:17:00-04:00	9.6700	9.6445	3783
2026-09-24T10:18:00-04:00	9.6600	9.6446	2970
2026-09-24T10:19:00-04:00	9.6350	9.6445	7221
2026-09-24T10:20:00-04:00	9.6100	9.6445	780
2026-09-24T10:21:00-04:00	9.5950	9.6434	6824
2026-09-24T10:22:00-04:00	9.5678	9.6431	1096
2026-09-24T10:23:00-04:00	9.6100	9.6427	2051
2026-09-24T10:24:00-04:00	9.6100	9.6426	1403
2026-09-24T10:25:00-04:00	9.5900	9.6420	2534
2026-09-24T10:26:00-04:00	9.5650	9.6417	1131
2026-09-24T10:27:00-04:00	9.6000	9.6409	4005
2026-09-24T10:28:00-04:00	9.6100	9.6408	1232
2026-09-24T10:29:00-04:00	9.6500	9.6408	2133
2026-09-24T10:30:00-04:00	9.6100	9.6405	2475
2026-09-24T10:31:00-04:00	9.6000	9.6402	2271
2026-09-24T10:32:00-04:00	9.6100	9.6399	2140
2026-09-24T10:33:00-04:00	9.6400	9.6399	1386
2026-09-24T10:34:00-04:00	9.6400	9.6399	935
2026-09-24T10:35:00-04:00	9.5799	9.6392	4103
2026-09-24T10:36:00-04:00	9.5600	9.6384	3150
2026-09-24T10:37:00-04:00	9.5700	9.6379	2279
2026-09-24T10:38:00-04:00	9.5600	9.6376	1462
2026-09-24T10:39:00-04:00	9.5200	9.6371	1427
2026-09-24T10:40:00-04:00	9.5150	9.6365	1399
2026-09-24T10:41:00-04:00	9.4900	9.6359	1390
2026-09-24T10:42:00-04:00	9.5100	9.6340	4597
2026-09-24T10:43:00-04:00	9.5300	9.6336	1077
2026-09-24T10:44:00-04:00	9.5300	9.6332	1324
2026-09-24T10:45:00-04:00	9.5250	9.6322	2886
2026-09-24T10:46:00-04:00	9.5800	9.6319	1819
2026-09-24T10:47:00-04:00	9.5900	9.6315	2232
2026-09-24T10:48:00-04:00	9.6000	9.6310	4349
2026-09-24T10:49:00-04:00	9.6000	9.6309	925
2026-09-24T10:50:00-04:00	9.6100	9.6308	2198
2026-09-24T10:51:00-04:00	9.5900	9.6307	502
2026-09-24T10:52:00-04:00	9.5900	9.6306	1187
2026-09-24T10:53:00-04:00	9.6000	9.6300	5225
2026-09-24T10:55:00-04:00	9.5800	9.6298	1318
2026-09-24T10:56:00-04:00	9.5650	9.6295	1646
2026-09-24T10:57:00-04:00	9.5650	9.6294	575
2026-09-24T10:58:00-04:00	9.5400	9.6291	1587
2026-09-24T10:59:00-04:00	9.5400	9.6284	2357
2026-09-24T11:00:00-04:00	9.5500	9.6274	4283
2026-09-24T11:01:00-04:00	9.5501	9.6269	2360
2026-09-24T11:02:00-04:00	9.5700	9.6268	691
2026-09-24T11:03:00-04:00	9.5500	9.6263	2329
2026-09-24T11:04:00-04:00	9.5600	9.6262	772
2026-09-24T11:05:00-04:00	9.6000	9.6253	6795
2026-09-24T11:06:00-04:00	9.6100	9.6253	952
2026-09-24T11:07:00-04:00	9.6200	9.6253	1466
2026-09-24T11:08:00-04:00	9.6150	9.6252	4051
2026-09-24T11:09:00-04:00	9.5900	9.6250	2089
2026-09-24T11:10:00-04:00	9.5800	9.6243	6845
2026-09-24T11:11:00-04:00	9.5800	9.6241	1985
2026-09-24T11:12:00-04:00	9.5500	9.6235	3777
2026-09-24T11:13:00-04:00	9.5600	9.6230	2942
2026-09-24T11:14:00-04:00	9.5600	9.6229	764
2026-09-24T11:15:00-04:00	9.5600	9.6228	907
2026-09-24T11:16:00-04:00	9.5850	9.6225	3457
2026-09-24T11:17:00-04:00	9.5800	9.6220	5709
2026-09-24T11:18:00-04:00	9.5500	9.6215	3614
2026-09-24T11:19:00-04:00	9.5500	9.6214	474
2026-09-24T11:20:00-04:00	9.5150	9.6205	3649
2026-09-24T11:21:00-04:00	9.5300	9.6194	4748
2026-09-24T11:22:00-04:00	9.5000	9.6193	483
2026-09-24T11:23:00-04:00	9.5200	9.6189	1671
2026-09-24T11:24:00-04:00	9.5400	9.6185	1981
2026-09-24T11:25:00-04:00	9.5000	9.6178	2888
2026-09-24T11:26:00-04:00	9.5300	9.6171	3309
2026-09-24T11:27:00-04:00	9.4800	9.6166	1907
2026-09-24T11:28:00-04:00	9.4810	9.6163	989
2026-09-24T11:29:00-04:00	9.4900	9.6161	866
2026-09-24T11:30:00-04:00	9.5000	9.6150	3541
2026-09-24T11:31:00-04:00	9.5050	9.6144	2083
2026-09-24T11:32:00-04:00	9.5000	9.6143	547
2026-09-24T11:33:00-04:00	9.5150	9.6139	1674
2026-09-24T11:34:00-04:00	9.5500	9.6136	1898
2026-09-24T11:35:00-04:00	9.5200	9.6135	839
2026-09-24T11:36:00-04:00	9.5500	9.6124	6499
2026-09-24T11:37:00-04:00	9.5600	9.6121	2105
2026-09-24T11:38:00-04:00	9.5600	9.6118	2095
2026-09-24T11:39:00-04:00	9.5500	9.6115	2508
2026-09-24T11:40:00-04:00	9.5700	9.6113	2301
2026-09-24T11:41:00-04:00	9.5900	9.6112	2028
2026-09-24T11:42:00-04:00	9.5750	9.6111	1345
2026-09-24T11:43:00-04:00	9.6000	9.6111	2710
2026-09-24T11:44:00-04:00	9.6200	9.6111	1120
2026-09-24T11:45:00-04:00	9.6281	9.6112	2177
2026-09-24T11:46:00-04:00	9.6100	9.6112	1104
2026-09-24T11:47:00-04:00	9.6100	9.6112	2527
2026-09-24T11:48:00-04:00	9.6100	9.6112	4619
2026-09-24T11:49:00-04:00	9.6100	9.6112	1185
2026-09-24T11:50:00-04:00	9.6100	9.6112	1328
2026-09-24T11:51:00-04:00	9.6100	9.6112	1007
2026-09-24T11:52:00-04:00	9.6200	9.6112	3397
2026-09-24T11:53:00-04:00	9.6050	9.6112	1987
2026-09-24T11:54:00-04:00	9.6050	9.6112	1353
2026-09-24T11:55:00-04:00	9.5800	9.6110	4643
2026-09-24T11:56:00-04:00	9.5950	9.6104	9699
2026-09-24T11:57:00-04:00	9.5900	9.6104	1959
2026-09-24T11:58:00-04:00	9.5650	9.6102	1898
2026-09-24T11:59:00-04:00	9.5500	9.6099	2868
2026-09-24T12:00:00-04:00	9.5100	9.6095	2571
2026-09-24T12:01:00-04:00	9.5300	9.6092	1819
2026-09-24T12:02:00-04:00	9.5000	9.6087	2454
2026-09-24T12:03:00-04:00	9.4700	9.6084	1127
2026-09-24T12:04:00-04:00	9.4850	9.6078	2257
2026-09-24T12:05:00-04:00	9.4800	9.6056	8808
2026-09-24T12:06:00-04:00	9.4100	9.6005	15209
2026-09-24T12:07:00-04:00	9.3700	9.5981	5906
2026-09-24T12:08:00-04:00	9.3800	9.5980	263
2026-09-24T12:09:00-04:00	9.4100	9.5970	2907
2026-09-24T12:10:00-04:00	9.4300	9.5962	2321
2026-09-24T12:11:00-04:00	9.4400	9.5960	1052
2026-09-24T12:12:00-04:00	9.4300	9.5957	814
2026-09-24T12:13:00-04:00	9.4900	9.5940	7700
2026-09-24T12:14:00-04:00	9.5000	9.5934	3410
2026-09-24T12:15:00-04:00	9.5900	9.5925	15435
2026-09-24T12:16:00-04:00	9.6850	9.5938	13057
2026-09-24T12:17:00-04:00	9.7000	9.5940	971
2026-09-24T12:18:00-04:00	9.7100	9.5946	3082
2026-09-24T12:19:00-04:00	9.6550	9.5952	4196
2026-09-24T12:20:00-04:00	9.6750	9.5957	3290
2026-09-24T12:21:00-04:00	9.6550	9.5959	2205
2026-09-24T12:22:00-04:00	9.7050	9.5967	5240
2026-09-24T12:23:00-04:00	9.6900	9.5968	568
2026-09-24T12:24:00-04:00	9.7400	9.5990	11099
2026-09-24T12:25:00-04:00	9.6700	9.5994	2976
2026-09-24T12:26:00-04:00	9.7050	9.6001	4853
2026-09-24T12:27:00-04:00	9.7100	9.6005	2623
2026-09-24T12:28:00-04:00	9.7300	9.6013	3828
2026-09-24T12:29:00-04:00	9.7700	9.6022	3835
2026-09-24T12:30:00-04:00	9.7500	9.6029	2774
2026-09-24T12:31:00-04:00	9.7100	9.6033	2476
2026-09-24T12:32:00-04:00	9.7300	9.6039	3202
2026-09-24T12:33:00-04:00	9.7200	9.6041	1255
2026-09-24T12:34:00-04:00	9.7100	9.6045	2305
2026-09-24T12:35:00-04:00	9.7200	9.6048	1651
2026-09-24T12:36:00-04:00	9.7400	9.6057	4828
2026-09-24T12:37:00-04:00	9.7199	9.6062	2735
2026-09-24T12:38:00-04:00	9.6850	9.6064	1713
2026-09-24T12:39:00-04:00	9.6900	9.6067	1980
2026-09-24T12:40:00-04:00	9.7300	9.6074	4657
2026-09-24T12:41:00-04:00	9.7600	9.6078	1847
2026-09-24T12:42:00-04:00	9.7700	9.6082	1567
2026-09-24T12:43:00-04:00	9.7400	9.6086	2320
2026-09-24T12:44:00-04:00	9.7250	9.6091	2859
2026-09-24T12:45:00-04:00	9.6800	9.6096	3630
2026-09-24T12:46:00-04:00	9.6750	9.6100	3701
2026-09-24T12:47:00-04:00	9.6900	9.6103	3248
2026-09-24T12:48:00-04:00	9.6850	9.6119	14376
2026-09-24T12:49:00-04:00	9.7000	9.6120	1181
2026-09-24T12:50:00-04:00	9.7300	9.6124	2886
2026-09-24T12:51:00-04:00	9.7100	9.6125	1105
2026-09-24T12:52:00-04:00	9.7100	9.6128	1560
2026-09-24T12:53:00-04:00	9.7200	9.6133	4459
2026-09-24T12:54:00-04:00	9.7450	9.6141	4041
2026-09-24T12:55:00-04:00	9.7400	9.6159	10712
2026-09-24T12:56:00-04:00	9.7800	9.6168	4308
2026-09-24T12:57:00-04:00	9.7650	9.6171	1440
2026-09-24T12:58:00-04:00	9.7800	9.6173	806
2026-09-24T12:59:00-04:00	9.7600	9.6178	2818
2026-09-24T13:00:00-04:00	9.7600	9.6185	3664
2026-09-24T13:01:00-04:00	9.7650	9.6212	15028
2026-09-24T13:02:00-04:00	9.7850	9.6218	3069
2026-09-24T13:03:00-04:00	9.8100	9.6224	2155
2026-09-24T13:04:00-04:00	9.7950	9.6240	6964
2026-09-24T13:05:00-04:00	9.7800	9.6245	2516
2026-09-24T13:06:00-04:00	9.7800	9.6254	4129
2026-09-24T13:07:00-04:00	9.7700	9.6260	3216
2026-09-24T13:08:00-04:00	9.7900	9.6265	2618
2026-09-24T13:09:00-04:00	9.7900	9.6267	987
2026-09-24T13:10:00-04:00	9.7850	9.6270	1629
2026-09-24T13:11:00-04:00	9.7900	9.6273	1243
2026-09-24T13:12:00-04:00	9.7965	9.6278	2572
2026-09-24T13:13:00-04:00	9.8000	9.6284	2794
2026-09-24T13:14:00-04:00	9.8400	9.6290	2327
2026-09-24T13:15:00-04:00	9.8083	9.6297	3194
2026-09-24T13:16:00-04:00	9.8300	9.6301	1667
2026-09-24T13:17:00-04:00	9.8400	9.6309	2730
2026-09-24T13:18:00-04:00	9.8600	9.6318	3105
2026-09-24T13:19:00-04:00	9.8700	9.6324	1980
2026-09-24T13:20:00-04:00	9.8412	9.6368	16985
2026-09-24T13:21:00-04:00	9.8700	9.6375	2498
2026-09-24T13:22:00-04:00	9.9000	9.6410	11580
2026-09-24T13:23:00-04:00	9.9100	9.6418	2484
2026-09-24T13:24:00-04:00	9.9000	9.6425	2389
2026-09-24T13:25:00-04:00	9.8950	9.6480	18667
2026-09-24T13:26:00-04:00	9.9100	9.6513	11238
2026-09-24T13:27:00-04:00	9.9200	9.6526	4504
2026-09-24T13:28:00-04:00	9.9377	9.6538	3751
2026-09-24T13:29:00-04:00	9.9400	9.6552	4415
2026-09-24T13:30:00-04:00	9.8950	9.6577	9311
2026-09-24T13:31:00-04:00	9.9200	9.6593	5500
2026-09-24T13:32:00-04:00	9.9050	9.6595	823
2026-09-24T13:33:00-04:00	9.8740	9.6604	3633
2026-09-24T13:34:00-04:00	9.8300	9.6665	32261
2026-09-24T13:35:00-04:00	9.8000	9.6665	429
2026-09-24T13:36:00-04:00	9.7750	9.6672	5629
2026-09-24T13:37:00-04:00	9.7800	9.6683	9468
2026-09-24T13:38:00-04:00	9.7600	9.6687	2989
2026-09-24T13:39:00-04:00	9.7850	9.6691	3815
2026-09-24T13:40:00-04:00	9.7550	9.6701	10390
2026-09-24T13:41:00-04:00	9.7700	9.6713	11579
2026-09-24T13:42:00-04:00	9.7813	9.6719	5647
2026-09-24T13:43:00-04:00	9.7800	9.6723	3107
2026-09-24T13:44:00-04:00	9.7900	9.6726	2562
2026-09-24T13:45:00-04:00	9.7800	9.6727	1192
2026-09-24T13:46:00-04:00	9.7900	9.6729	1286
2026-09-24T13:47:00-04:00	9.8050	9.6732	2329
2026-09-24T13:48:00-04:00	9.8050	9.6735	2591
2026-09-24T13:49:00-04:00	9.8250	9.6738	1472
2026-09-24T13:50:00-04:00	9.8250	9.6740	1911
2026-09-24T13:51:00-04:00	9.8250	9.6742	964
2026-09-24T13:52:00-04:00	9.8250	9.6743	580
2026-09-24T13:53:00-04:00	9.8150	9.6748	4043
2026-09-24T13:54:00-04:00	9.8100	9.6749	531
2026-09-24T13:55:00-04:00	9.7900	9.6753	2863
2026-09-24T13:56:00-04:00	9.8100	9.6755	2123
2026-09-24T13:57:00-04:00	9.7800	9.6757	1590
2026-09-24T13:58:00-04:00	9.8000	9.6768	9006
2026-09-24T13:59:00-04:00	9.8000	9.6770	1547
2026-09-24T14:00:00-04:00	9.7900	9.6781	9019
2026-09-24T14:01:00-04:00	9.7500	9.6783	2844
2026-09-24T14:02:00-04:00	9.7600	9.6784	1178
2026-09-24T14:03:00-04:00	9.7550	9.6787	3658
2026-09-24T14:04:00-04:00	9.7300	9.6789	3973
2026-09-24T14:05:00-04:00	9.7200	9.6790	2353
2026-09-24T14:06:00-04:00	9.7300	9.6792	5639
2026-09-24T14:07:00-04:00	9.7250	9.6794	4687
2026-09-24T14:08:00-04:00	9.7350	9.6796	3582
2026-09-24T14:09:00-04:00	9.7500	9.6798	2785
2026-09-24T14:10:00-04:00	9.7400	9.6799	1640
2026-09-24T14:11:00-04:00	9.7600	9.6801	2453
2026-09-24T14:12:00-04:00	9.7500	9.6802	1772
2026-09-24T14:13:00-04:00	9.7300	9.6803	2180
2026-09-24T14:14:00-04:00	9.7300	9.6804	1691
2026-09-24T14:15:00-04:00	9.7400	9.6805	1682
2026-09-24T14:16:00-04:00	9.7665	9.6806	2333
2026-09-24T14:17:00-04:00	9.7700	9.6807	1089
2026-09-24T14:18:00-04:00	9.7700	9.6810	2787
2026-09-24T14:20:00-04:00	9.7450	9.6811	2288
2026-09-24T14:21:00-04:00	9.7500	9.6813	3164
2026-09-24T14:22:00-04:00	9.7489	9.6815	2355
2026-09-24T14:23:00-04:00	9.7400	9.6816	2354
2026-09-24T14:24:00-04:00	9.7500	9.6817	1624
2026-09-24T14:25:00-04:00	9.7800	9.6820	3856
2026-09-24T14:26:00-04:00	9.7850	9.6821	1252
2026-09-24T14:27:00-04:00	9.7700	9.6822	589
2026-09-24T14:28:00-04:00	9.7600	9.6825	4545
2026-09-24T14:29:00-04:00	9.7800	9.6828	2964
2026-09-24T14:30:00-04:00	9.7602	9.6829	1542
2026-09-24T14:31:00-04:00	9.7650	9.6831	2600
2026-09-24T14:32:00-04:00	9.7900	9.6854	32174
2026-09-24T14:33:00-04:00	9.7500	9.6913	85101
2026-09-24T14:34:00-04:00	9.7452	9.6923	25061
2026-09-24T14:35:00-04:00	9.7000	9.6923	2024
2026-09-24T14:36:00-04:00	9.6950	9.6923	15555
2026-09-24T14:37:00-04:00	9.6950	9.6924	4744
2026-09-24T14:38:00-04:00	9.7200	9.6924	4016
2026-09-24T14:39:00-04:00	9.7300	9.6927	5956
2026-09-24T14:40:00-04:00	9.7050	9.6927	692
2026-09-24T14:41:00-04:00	9.6950	9.6927	1454
2026-09-24T14:42:00-04:00	9.6950	9.6927	2545
2026-09-24T14:43:00-04:00	9.6600	9.6926	5473
2026-09-24T14:44:00-04:00	9.6700	9.6926	2080
2026-09-24T14:45:00-04:00	9.6700	9.6925	3642
2026-09-24T14:46:00-04:00	9.6800	9.6925	1277
2026-09-24T14:47:00-04:00	9.6700	9.6925	1436
2026-09-24T14:48:00-04:00	9.6800	9.6924	2478
2026-09-24T14:49:00-04:00	9.7100	9.6924	4895
2026-09-24T14:50:00-04:00	9.7300	9.6926	4625
2026-09-24T14:51:00-04:00	9.7100	9.6926	2460
2026-09-24T14:52:00-04:00	9.7300	9.6927	2638
2026-09-24T14:53:00-04:00	9.7300	9.6927	1067
2026-09-24T14:54:00-04:00	9.7100	9.6928	3354
2026-09-24T14:55:00-04:00	9.7050	9.6928	2117
2026-09-24T14:56:00-04:00	9.7200	9.6928	3288
2026-09-24T14:57:00-04:00	9.7200	9.6929	4767
2026-09-24T14:58:00-04:00	9.7200	9.6930	1448
2026-09-24T14:59:00-04:00	9.7100	9.6931	6339
2026-09-24T15:00:00-04:00	9.7400	9.6932	4764
2026-09-24T15:01:00-04:00	9.7300	9.6933	2973
2026-09-24T15:02:00-04:00	9.7100	9.6934	3518
2026-09-24T15:03:00-04:00	9.7200	9.6934	3313
2026-09-24T15:04:00-04:00	9.7150	9.6935	3853
2026-09-24T15:05:00-04:00	9.7300	9.6936	1998
2026-09-24T15:06:00-04:00	9.7250	9.6936	2167
2026-09-24T15:07:00-04:00	9.7400	9.6937	2909
2026-09-24T15:08:00-04:00	9.7300	9.6939	5608
2026-09-24T15:09:00-04:00	9.7300	9.6939	1305
2026-09-24T15:10:00-04:00	9.7400	9.6940	3148
2026-09-24T15:11:00-04:00	9.7300	9.6941	2087
2026-09-24T15:12:00-04:00	9.7400	9.6941	1335
2026-09-24T15:13:00-04:00	9.7450	9.6942	2186
2026-09-24T15:14:00-04:00	9.7400	9.6942	1829
2026-09-24T15:15:00-04:00	9.7200	9.6943	1909
2026-09-24T15:16:00-04:00	9.7200	9.6944	3933
2026-09-24T15:17:00-04:00	9.7250	9.6944	3363
2026-09-24T15:18:00-04:00	9.7400	9.6945	3375
2026-09-24T15:19:00-04:00	9.7550	9.6948	6381
2026-09-24T15:20:00-04:00	9.7500	9.6950	5701
2026-09-24T15:21:00-04:00	9.7600	9.6951	3417
2026-09-24T15:22:00-04:00	9.7700	9.6954	5732
2026-09-24T15:23:00-04:00	9.7600	9.6955	1879
2026-09-24T15:24:00-04:00	9.7375	9.6960	11938
2026-09-24T15:25:00-04:00	9.7400	9.6961	6395
2026-09-24T15:26:00-04:00	9.7400	9.6962	3593
2026-09-24T15:27:00-04:00	9.7500	9.6965	7352
2026-09-24T15:28:00-04:00	9.7300	9.6966	2976
2026-09-24T15:29:00-04:00	9.7200	9.6968	7952
2026-09-24T15:30:00-04:00	9.7740	9.6971	9249
2026-09-24T15:31:00-04:00	9.7700	9.6974	5879
2026-09-24T15:32:00-04:00	9.7700	9.6975	2564
2026-09-24T15:33:00-04:00	9.7700	9.6977	4427
2026-09-24T15:34:00-04:00	9.8000	9.6983	10357
2026-09-24T15:35:00-04:00	9.7700	9.6989	10577
2026-09-24T15:36:00-04:00	9.7800	9.6992	5670
2026-09-24T15:37:00-04:00	9.7700	9.6994	4061
2026-09-24T15:38:00-04:00	9.7800	9.6999	10404
2026-09-24T15:39:00-04:00	9.8000	9.7003	6148
2026-09-24T15:40:00-04:00	9.8250	9.7010	8530
2026-09-24T15:41:00-04:00	9.8200	9.7029	27278
2026-09-24T15:42:00-04:00	9.8300	9.7032	3960
2026-09-24T15:43:00-04:00	9.8200	9.7035	2968
2026-09-24T15:44:00-04:00	9.8200	9.7040	8038
2026-09-24T15:45:00-04:00	9.8050	9.7045	7555
2026-09-24T15:46:00-04:00	9.7950	9.7050	8826
2026-09-24T15:47:00-04:00	9.7900	9.7052	2903
2026-09-24T15:48:00-04:00	9.7850	9.7062	17107
2026-09-24T15:49:00-04:00	9.8300	9.7069	10704
2026-09-24T15:50:00-04:00	9.8200	9.7080	16764
2026-09-24T15:51:00-04:00	9.8450	9.7090	13146
2026-09-24T15:52:00-04:00	9.8700	9.7121	34692
2026-09-24T15:53:00-04:00	9.8700	9.7132	11617
2026-09-24T15:54:00-04:00	9.8800	9.7152	20113
2026-09-24T15:55:00-04:00	9.8700	9.7180	29640
2026-09-24T15:56:00-04:00	9.8700	9.7206	31562
2026-09-24T15:57:00-04:00	9.8450	9.7242	49044
2026-09-24T15:58:00-04:00	9.8350	9.7282	65418
2026-09-24T15:59:00-04:00	9.8200	9.7318	80766
2026-09-25T09:30:00-04:00	10.0140	9.9647	59815
2026-09-25T09:31:00-04:00	9.9750	9.9714	15822
2026-09-25T09:32:00-04:00	9.9300	9.9701	2636
2026-09-25T09:33:00-04:00	9.9500	9.9694	2919
2026-09-25T09:34:00-04:00	9.9300	9.9671	4170
2026-09-25T09:35:00-04:00	9.9600	9.9667	1989
2026-09-25T09:36:00-04:00	9.9150	9.9656	2045
2026-09-25T09:37:00-04:00	9.9150	9.9650	1407
2026-09-25T09:38:00-04:00	9.9700	9.9644	5200
2026-09-25T09:39:00-04:00	9.9400	9.9642	879
2026-09-25T09:40:00-04:00	9.9600	9.9641	3566
2026-09-25T09:41:00-04:00	9.9800	9.9647	5260
2026-09-25T09:42:00-04:00	10.0300	9.9687	9527
2026-09-25T09:43:00-04:00	9.9100	9.9669	8407
2026-09-25T09:44:00-04:00	9.8600	9.9604	9862
2026-09-25T09:45:00-04:00	9.8350	9.9589	1571
2026-09-25T09:46:00-04:00	9.8648	9.9567	2900
2026-09-25T09:47:00-04:00	9.8750	9.9537	4973
2026-09-25T09:48:00-04:00	9.8800	9.9522	3124
2026-09-25T09:49:00-04:00	9.9459	9.9516	4241
2026-09-25T09:50:00-04:00	9.9000	9.9500	3877
2026-09-25T09:51:00-04:00	9.9200	9.9499	866
2026-09-25T09:52:00-04:00	9.9056	9.9495	1252
2026-09-25T09:53:00-04:00	9.9200	9.9491	1711
2026-09-25T09:54:00-04:00	9.9600	9.9494	6106
2026-09-25T09:55:00-04:00	9.8612	9.9485	2422
2026-09-25T09:56:00-04:00	9.8600	9.9478	1205
2026-09-25T09:57:00-04:00	9.8650	9.9471	1362
2026-09-25T09:58:00-04:00	9.7950	9.9285	27357
2026-09-25T09:59:00-04:00	9.7950	9.9246	5433
2026-09-25T10:00:00-04:00	9.7800	9.9194	7271
2026-09-25T10:01:00-04:00	9.7500	9.9135	7811
2026-09-25T10:02:00-04:00	9.7800	9.9080	8183
2026-09-25T10:03:00-04:00	9.7001	9.9061	2332
2026-09-25T10:04:00-04:00	9.7084	9.9038	2520
2026-09-25T10:05:00-04:00	9.6600	9.9027	1102
2026-09-25T10:06:00-04:00	9.6800	9.8996	3156
2026-09-25T10:07:00-04:00	9.6800	9.8964	3736
2026-09-25T10:08:00-04:00	9.7200	9.8951	1689
2026-09-25T10:09:00-04:00	9.7400	9.8947	561
2026-09-25T10:10:00-04:00	9.7350	9.8931	2542
2026-09-25T10:11:00-04:00	9.7100	9.8910	2830
2026-09-25T10:12:00-04:00	9.6850	9.8882	3493
2026-09-25T10:13:00-04:00	9.6700	9.8862	2391
2026-09-25T10:14:00-04:00	9.5900	9.8730	12332
2026-09-25T10:15:00-04:00	9.5900	9.8713	1563
2026-09-25T10:16:00-04:00	9.5500	9.8645	6064
2026-09-25T10:17:00-04:00	9.5700	9.8627	1663
2026-09-25T10:18:00-04:00	9.6150	9.8604	2432
2026-09-25T10:19:00-04:00	9.6000	9.8597	744
2026-09-25T10:20:00-04:00	9.6200	9.8529	7936
2026-09-25T10:21:00-04:00	9.5650	9.8522	755
2026-09-25T10:22:00-04:00	9.5700	9.8393	13160
2026-09-25T10:23:00-04:00	9.5800	9.8379	1530
2026-09-25T10:24:00-04:00	9.5992	9.8366	1718
2026-09-25T10:25:00-04:00	9.6000	9.8343	2807
2026-09-25T10:26:00-04:00	9.5800	9.8325	2215
2026-09-25T10:27:00-04:00	9.5600	9.8321	390
2026-09-25T10:28:00-04:00	9.5623	9.8301	2231
2026-09-25T10:29:00-04:00	9.5600	9.8287	1654
2026-09-25T10:30:00-04:00	9.5300	9.8179	11880
2026-09-25T10:31:00-04:00	9.5350	9.8162	1953
2026-09-25T10:32:00-04:00	9.4600	9.7908	26593
2026-09-25T10:33:00-04:00	9.5200	9.7884	2968
2026-09-25T10:34:00-04:00	9.5250	9.7875	1237
2026-09-25T10:35:00-04:00	9.5300	9.7872	348
2026-09-25T10:36:00-04:00	9.5250	9.7836	5127
2026-09-25T10:37:00-04:00	9.5400	9.7828	1127
2026-09-25T10:38:00-04:00	9.5400	9.7819	1319
2026-09-25T10:39:00-04:00	9.5500	9.7814	840
2026-09-25T10:40:00-04:00	9.5400	9.7808	877
2026-09-25T10:41:00-04:00	9.5400	9.7802	869
2026-09-25T10:42:00-04:00	9.5200	9.7791	1587
2026-09-25T10:43:00-04:00	9.5100	9.7770	2838
2026-09-25T10:44:00-04:00	9.5100	9.7738	4541
2026-09-25T10:45:00-04:00	9.5200	9.7716	3146
2026-09-25T10:46:00-04:00	9.5290	9.7671	6928
2026-09-25T10:47:00-04:00	9.5400	9.7664	1081
2026-09-25T10:48:00-04:00	9.5200	9.7651	2217
2026-09-25T10:49:00-04:00	9.5100	9.7644	1058
2026-09-25T10:50:00-04:00	9.4900	9.7629	2233
2026-09-25T10:51:00-04:00	9.4800	9.7586	5949
2026-09-25T10:52:00-04:00	9.4400	9.7529	7374
2026-09-25T10:53:00-04:00	9.4300	9.7515	1818
2026-09-25T10:54:00-04:00	9.4298	9.7489	3264
2026-09-25T10:55:00-04:00	9.4700	9.7472	2311
2026-09-25T10:56:00-04:00	9.4800	9.7462	1555
2026-09-25T10:57:00-04:00	9.5000	9.7456	1060
2026-09-25T10:58:00-04:00	9.5000	9.7450	997
2026-09-25T10:59:00-04:00	9.5000	9.7441	1444
2026-09-25T11:00:00-04:00	9.5000	9.7432	1558
2026-09-25T11:01:00-04:00	9.5000	9.7418	2369
2026-09-25T11:02:00-04:00	9.4900	9.7409	1470
2026-09-25T11:03:00-04:00	9.5000	9.7400	1595
2026-09-25T11:04:00-04:00	9.4500	9.7378	3467
2026-09-25T11:05:00-04:00	9.4500	9.7357	3201
2026-09-25T11:06:00-04:00	9.4500	9.7318	5921
2026-09-25T11:07:00-04:00	9.4700	9.7306	1960
2026-09-25T11:08:00-04:00	9.4450	9.7291	2365
2026-09-25T11:09:00-04:00	9.4300	9.7242	7419
2026-09-25T11:10:00-04:00	9.4200	9.7215	4173
2026-09-25T11:11:00-04:00	9.4387	9.7193	3459
2026-09-25T11:12:00-04:00	9.4400	9.7170	3698
2026-09-25T11:13:00-04:00	9.4900	9.7153	3325
2026-09-25T11:14:00-04:00	9.4791	9.7126	5224
2026-09-25T11:15:00-04:00	9.4500	9.7113	2530
2026-09-25T11:16:00-04:00	9.4600	9.7095	3399
2026-09-25T11:17:00-04:00	9.4500	9.7087	1719
2026-09-25T11:18:00-04:00	9.4200	9.7056	5343
2026-09-25T11:19:00-04:00	9.4150	9.7048	1293
2026-09-25T11:20:00-04:00	9.4100	9.7033	2492
2026-09-25T11:21:00-04:00	9.4290	9.6971	11125
2026-09-25T11:22:00-04:00	9.4500	9.6961	2025
2026-09-25T11:23:00-04:00	9.4700	9.6950	2241
2026-09-25T11:25:00-04:00	9.4600	9.6924	5685
2026-09-25T11:26:00-04:00	9.4550	9.6875	10556
2026-09-25T11:27:00-04:00	9.4600	9.6872	809
2026-09-25T11:28:00-04:00	9.4600	9.6863	2025
2026-09-25T11:29:00-04:00	9.4500	9.6857	1182
2026-09-25T11:30:00-04:00	9.4600	9.6826	7643
2026-09-25T11:31:00-04:00	9.4450	9.6816	2335
2026-09-25T11:32:00-04:00	9.4700	9.6805	2710
2026-09-25T11:33:00-04:00	9.4900	9.6801	1246
2026-09-25T11:34:00-04:00	9.4850	9.6797	1203
2026-09-25T11:35:00-04:00	9.4900	9.6779	5149
2026-09-25T11:36:00-04:00	9.4900	9.6771	2426
2026-09-25T11:37:00-04:00	9.4743	9.6767	998
2026-09-25T11:38:00-04:00	9.4800	9.6762	1543
2026-09-25T11:39:00-04:00	9.4500	9.6745	4119
2026-09-25T11:40:00-04:00	9.4500	9.6736	2181
2026-09-25T11:41:00-04:00	9.4220	9.6710	6053
2026-09-25T11:42:00-04:00	9.4200	9.6694	3534
2026-09-25T11:43:00-04:00	9.4300	9.6685	2073
2026-09-25T11:44:00-04:00	9.4100	9.6680	964
2026-09-25T11:45:00-04:00	9.4100	9.6645	7782
2026-09-25T11:46:00-04:00	9.4200	9.6639	1484
2026-09-25T11:47:00-04:00	9.4500	9.6629	2538
2026-09-25T11:48:00-04:00	9.4300	9.6622	1833
2026-09-25T11:49:00-04:00	9.4300	9.6614	1803
2026-09-25T11:50:00-04:00	9.4400	9.6607	1857
2026-09-25T11:51:00-04:00	9.3900	9.6592	3456
2026-09-25T11:52:00-04:00	9.3850	9.6569	4937
2026-09-25T11:53:00-04:00	9.3850	9.6561	1793
2026-09-25T11:54:00-04:00	9.4200	9.6546	3624
2026-09-25T11:55:00-04:00	9.4400	9.6542	1302
2026-09-25T11:56:00-04:00	9.4600	9.6536	1720
2026-09-25T11:57:00-04:00	9.4700	9.6532	1168
2026-09-25T11:58:00-04:00	9.5050	9.6528	1413
2026-09-25T11:59:00-04:00	9.5268	9.6524	2032
2026-09-25T12:00:00-04:00	9.5450	9.6521	1623
2026-09-25T12:01:00-04:00	9.5200	9.6510	5078
2026-09-25T12:02:00-04:00	9.5600	9.6508	1764
2026-09-25T12:03:00-04:00	9.5100	9.6494	6788
2026-09-25T12:04:00-04:00	9.4950	9.6451	18653
2026-09-25T12:05:00-04:00	9.5100	9.6443	3903
2026-09-25T12:06:00-04:00	9.5100	9.6435	3395
2026-09-25T12:07:00-04:00	9.5150	9.6411	12611
2026-09-25T12:08:00-04:00	9.5100	9.6409	949
2026-09-25T12:09:00-04:00	9.5400	9.6405	2640
2026-09-25T12:10:00-04:00	9.5350	9.6384	15309
2026-09-25T12:11:00-04:00	9.5400	9.6382	1327
2026-09-25T12:12:00-04:00	9.5100	9.6379	1804
2026-09-25T12:13:00-04:00	9.5200	9.6352	15036
2026-09-25T12:14:00-04:00	9.5200	9.6345	4314
2026-09-25T12:15:00-04:00	9.6050	9.6338	7816
2026-09-25T12:16:00-04:00	9.6200	9.6337	4312
2026-09-25T12:17:00-04:00	9.6200	9.6337	1284
2026-09-25T12:18:00-04:00	9.6000	9.6337	1543
2026-09-25T12:19:00-04:00	9.6050	9.6335	3666
2026-09-25T12:20:00-04:00	9.5900	9.6334	1685
2026-09-25T12:21:00-04:00	9.5650	9.6330	4642
2026-09-25T12:22:00-04:00	9.5350	9.6327	1944
2026-09-25T12:23:00-04:00	9.5350	9.6322	3893
2026-09-25T12:24:00-04:00	9.5500	9.6319	3045
2026-09-25T12:25:00-04:00	9.5900	9.6318	2079
2026-09-25T12:26:00-04:00	9.5800	9.6316	3337
2026-09-25T12:27:00-04:00	9.5700	9.6315	1277
2026-09-25T12:28:00-04:00	9.5300	9.6312	2297
2026-09-25T12:29:00-04:00	9.5350	9.6311	767
2026-09-25T12:30:00-04:00	9.5350	9.6310	770
2026-09-25T12:31:00-04:00	9.5200	9.6309	860
2026-09-25T12:32:00-04:00	9.5500	9.6307	1648
2026-09-25T12:33:00-04:00	9.5300	9.6304	1890
2026-09-25T12:34:00-04:00	9.4500	9.6288	7803
2026-09-25T12:35:00-04:00	9.4850	9.6284	1734
2026-09-25T12:36:00-04:00	9.4750	9.6282	1422
2026-09-25T12:37:00-04:00	9.5050	9.6276	3245
2026-09-25T12:38:00-04:00	9.4900	9.6274	1254
2026-09-25T12:39:00-04:00	9.5100	9.6273	916
2026-09-25T12:40:00-04:00	9.5000	9.6272	727
2026-09-25T12:41:00-04:00	9.5000	9.6268	1758
2026-09-25T12:42:00-04:00	9.5050	9.6266	1352
2026-09-25T12:43:00-04:00	9.5046	9.6264	1247
2026-09-25T12:44:00-04:00	9.4900	9.6262	1610
2026-09-25T12:45:00-04:00	9.4900	9.6256	3510
2026-09-25T12:46:00-04:00	9.5200	9.6249	4422
2026-09-25T12:47:00-04:00	9.5400	9.6248	847
2026-09-25T12:48:00-04:00	9.5100	9.6245	1912
2026-09-25T12:49:00-04:00	9.4900	9.6239	3611
2026-09-25T12:50:00-04:00	9.5100	9.6239	307
2026-09-25T12:51:00-04:00	9.5000	9.6236	1742
2026-09-25T12:52:00-04:00	9.5200	9.6231	3469
2026-09-25T12:53:00-04:00	9.5450	9.6228	3001
2026-09-25T12:54:00-04:00	9.5600	9.6227	1411
2026-09-25T12:55:00-04:00	9.5500	9.6226	1272
2026-09-25T12:56:00-04:00	9.5500	9.6225	1317
2026-09-25T12:57:00-04:00	9.5400	9.6222	3028
2026-09-25T12:58:00-04:00	9.5500	9.6221	493
2026-09-25T12:59:00-04:00	9.5300	9.6218	2558
2026-09-25T13:00:00-04:00	9.5000	9.6215	2233
2026-09-25T13:01:00-04:00	9.5400	9.6209	5063
2026-09-25T13:02:00-04:00	9.5550	9.6208	1894
2026-09-25T13:03:00-04:00	9.5500	9.6207	1236
2026-09-25T13:04:00-04:00	9.5400	9.6196	11023
2026-09-25T13:05:00-04:00	9.5400	9.6194	1949
2026-09-25T13:06:00-04:00	9.5300	9.6193	1744
2026-09-25T13:07:00-04:00	9.5300	9.6188	3786
2026-09-25T13:08:00-04:00	9.5200	9.6187	1028
2026-09-25T13:09:00-04:00	9.5300	9.6183	3824
2026-09-25T13:10:00-04:00	9.5300	9.6181	2060
2026-09-25T13:11:00-04:00	9.5300	9.6180	921
2026-09-25T13:12:00-04:00	9.5300	9.6179	1003
2026-09-25T13:13:00-04:00	9.5450	9.6175	4298
2026-09-25T13:14:00-04:00	9.5450	9.6175	582
2026-09-25T13:15:00-04:00	9.5500	9.6173	2340
2026-09-25T13:16:00-04:00	9.5550	9.6173	407
2026-09-25T13:17:00-04:00	9.5550	9.6170	3056
2026-09-25T13:18:00-04:00	9.5100	9.6159	10065
2026-09-25T13:19:00-04:00	9.5100	9.6155	3319
2026-09-25T13:20:00-04:00	9.5100	9.6155	261
2026-09-25T13:21:00-04:00	9.5200	9.6152	2066
2026-09-25T13:22:00-04:00	9.5250	9.6151	1258
2026-09-25T13:23:00-04:00	9.5300	9.6150	1412
2026-09-25T13:24:00-04:00	9.5400	9.6147	2435
2026-09-25T13:25:00-04:00	9.5400	9.6144	4449
2026-09-25T13:26:00-04:00	9.5600	9.6142	3257
2026-09-25T13:27:00-04:00	9.5500	9.6141	1665
2026-09-25T13:28:00-04:00	9.5500	9.6140	747
2026-09-25T13:29:00-04:00	9.5400	9.6139	1451
2026-09-25T13:30:00-04:00	9.5300	9.6138	1292
2026-09-25T13:31:00-04:00	9.5100	9.6136	1818
2026-09-25T13:32:00-04:00	9.5300	9.6127	9606
2026-09-25T13:33:00-04:00	9.5400	9.6123	4696
2026-09-25T13:34:00-04:00	9.5350	9.6121	1820
2026-09-25T13:36:00-04:00	9.5200	9.6120	1438
2026-09-25T13:37:00-04:00	9.5500	9.6115	5854
2026-09-25T13:38:00-04:00	9.5400	9.6114	1085
2026-09-25T13:39:00-04:00	9.5600	9.6109	7630
2026-09-25T13:40:00-04:00	9.5600	9.6107	3984
2026-09-25T13:41:00-04:00	9.5500	9.6106	1164
2026-09-25T13:42:00-04:00	9.5600	9.6105	1491
2026-09-25T13:43:00-04:00	9.5800	9.6104	2944
2026-09-25T13:44:00-04:00	9.5550	9.6103	2176
2026-09-25T13:45:00-04:00	9.5600	9.6102	1540
2026-09-25T13:46:00-04:00	9.5700	9.6102	690
2026-09-25T13:47:00-04:00	9.5600	9.6101	725
2026-09-25T13:48:00-04:00	9.5650	9.6099	4192
2026-09-25T13:49:00-04:00	9.5700	9.6086	35096
2026-09-25T13:50:00-04:00	9.5500	9.6085	2227
2026-09-25T13:51:00-04:00	9.5500	9.6084	969
2026-09-25T13:52:00-04:00	9.5400	9.6084	1005
2026-09-25T13:53:00-04:00	9.5300	9.6080	5340
2026-09-25T13:54:00-04:00	9.5100	9.6078	1570
2026-09-25T13:55:00-04:00	9.5150	9.6077	1440
2026-09-25T13:56:00-04:00	9.5300	9.6073	5420
2026-09-25T13:57:00-04:00	9.5300	9.6070	3260
2026-09-25T13:58:00-04:00	9.5300	9.6070	147
2026-09-25T13:59:00-04:00	9.5300	9.6069	1410
2026-09-25T14:00:00-04:00	9.5400	9.6068	1183
2026-09-25T14:01:00-04:00	9.5400	9.6068	603
2026-09-25T14:02:00-04:00	9.5100	9.6063	4761
2026-09-25T14:03:00-04:00	9.5300	9.6063	1141
2026-09-25T14:04:00-04:00	9.5120	9.6062	1121
2026-09-25T14:05:00-04:00	9.5100	9.6061	115
2026-09-25T14:06:00-04:00	9.5200	9.6059	3062
2026-09-25T14:07:00-04:00	9.5300	9.6058	945
2026-09-25T14:08:00-04:00	9.5100	9.6058	574
2026-09-25T14:09:00-04:00	9.5300	9.6056	1996
2026-09-25T14:10:00-04:00	9.5000	9.6045	11099
2026-09-25T14:11:00-04:00	9.5200	9.6043	3040
2026-09-25T14:12:00-04:00	9.5200	9.6042	374
2026-09-25T14:13:00-04:00	9.5150	9.6039	4076
2026-09-25T14:14:00-04:00	9.5100	9.6038	1041
2026-09-25T14:15:00-04:00	9.5200	9.6038	476
2026-09-25T14:16:00-04:00	9.5100	9.6037	634
2026-09-25T14:17:00-04:00	9.5350	9.6028	15407
2026-09-25T14:18:00-04:00	9.5400	9.6027	1769
2026-09-25T14:19:00-04:00	9.5400	9.6026	939
2026-09-25T14:20:00-04:00	9.5400	9.6026	649
2026-09-25T14:21:00-04:00	9.5450	9.6022	7201
2026-09-25T14:22:00-04:00	9.5300	9.6020	2754
2026-09-25T14:23:00-04:00	9.5200	9.6016	4753
2026-09-25T14:24:00-04:00	9.5000	9.6016	367
2026-09-25T14:25:00-04:00	9.5099	9.6014	1794
2026-09-25T14:26:00-04:00	9.5000	9.6012	1924
2026-09-25T14:27:00-04:00	9.4850	9.6009	2850
2026-09-25T14:28:00-04:00	9.5000	9.6007	2699
2026-09-25T14:29:00-04:00	9.5000	9.6006	553
2026-09-25T14:30:00-04:00	9.5000	9.6005	1155
2026-09-25T14:31:00-04:00	9.4900	9.6004	775
2026-09-25T14:32:00-04:00	9.5000	9.6003	1367
2026-09-25T14:33:00-04:00	9.4950	9.5997	6467
2026-09-25T14:34:00-04:00	9.4825	9.5995	1096
2026-09-25T14:35:00-04:00	9.4850	9.5993	2505
2026-09-25T14:36:00-04:00	9.4700	9.5990	2226
2026-09-25T14:37:00-04:00	9.4450	9.5987	2684
2026-09-25T14:38:00-04:00	9.4600	9.5984	2139
2026-09-25T14:39:00-04:00	9.4350	9.5983	826
2026-09-25T14:40:00-04:00	9.4350	9.5979	2496
2026-09-25T14:41:00-04:00	9.4500	9.5976	1798
2026-09-25T14:42:00-04:00	9.4600	9.5966	8741
2026-09-25T14:43:00-04:00	9.4900	9.5962	3039
2026-09-25T14:45:00-04:00	9.4900	9.5957	5864
2026-09-25T14:46:00-04:00	9.4900	9.5956	1394
2026-09-25T14:47:00-04:00	9.4900	9.5955	771
2026-09-25T14:48:00-04:00	9.4900	9.5953	1795
2026-09-25T14:49:00-04:00	9.4900	9.5950	3502
2026-09-25T14:50:00-04:00	9.5000	9.5950	488
2026-09-25T14:51:00-04:00	9.4900	9.5948	2237
2026-09-25T14:52:00-04:00	9.4950	9.5947	898
2026-09-25T14:53:00-04:00	9.5000	9.5945	2681
2026-09-25T14:54:00-04:00	9.5000	9.5943	1438
2026-09-25T14:55:00-04:00	9.4850	9.5941	2672
2026-09-25T14:56:00-04:00	9.4950	9.5940	1143
2026-09-25T14:57:00-04:00	9.5000	9.5939	976
2026-09-25T14:58:00-04:00	9.4900	9.5939	603
2026-09-25T14:59:00-04:00	9.5150	9.5933	7465
2026-09-25T15:00:00-04:00	9.5550	9.5927	13197
2026-09-25T15:01:00-04:00	9.5900	9.5927	6640
2026-09-25T15:02:00-04:00	9.5800	9.5927	4667
2026-09-25T15:03:00-04:00	9.5800	9.5926	3459
2026-09-25T15:04:00-04:00	9.5900	9.5926	3678
2026-09-25T15:05:00-04:00	9.6100	9.5927	6360
2026-09-25T15:06:00-04:00	9.6150	9.5927	1152
2026-09-25T15:07:00-04:00	9.6050	9.5928	5760
2026-09-25T15:08:00-04:00	9.6100	9.5928	3069
2026-09-25T15:09:00-04:00	9.5900	9.5928	12968
2026-09-25T15:10:00-04:00	9.6100	9.5928	5996
2026-09-25T15:11:00-04:00	9.6300	9.5929	2029
2026-09-25T15:12:00-04:00	9.6300	9.5929	1004
2026-09-25T15:13:00-04:00	9.6200	9.5930	1760
2026-09-25T15:14:00-04:00	9.6100	9.5930	987
2026-09-25T15:15:00-04:00	9.6100	9.5930	1189
2026-09-25T15:16:00-04:00	9.6000	9.5930	10251
2026-09-25T15:17:00-04:00	9.6000	9.5931	1907
2026-09-25T15:18:00-04:00	9.6100	9.5931	1151
2026-09-25T15:19:00-04:00	9.6000	9.5931	5972
2026-09-25T15:20:00-04:00	9.6000	9.5931	399
2026-09-25T15:21:00-04:00	9.5750	9.5931	4699
2026-09-25T15:22:00-04:00	9.5900	9.5931	4884
2026-09-25T15:23:00-04:00	9.5900	9.5931	1174
2026-09-25T15:24:00-04:00	9.5767	9.5930	2156
2026-09-25T15:25:00-04:00	9.5800	9.5930	1085
2026-09-25T15:26:00-04:00	9.5800	9.5929	15331
2026-09-25T15:27:00-04:00	9.5800	9.5928	2041
2026-09-25T15:28:00-04:00	9.6100	9.5929	7041
2026-09-25T15:29:00-04:00	9.6100	9.5929	2486
2026-09-25T15:30:00-04:00	9.6000	9.5930	5406
2026-09-25T15:31:00-04:00	9.6300	9.5932	9636
2026-09-25T15:32:00-04:00	9.6300	9.5933	3633
2026-09-25T15:33:00-04:00	9.6400	9.5934	4376
2026-09-25T15:34:00-04:00	9.6400	9.5935	774
2026-09-25T15:35:00-04:00	9.6200	9.5937	9116
2026-09-25T15:36:00-04:00	9.6200	9.5937	2106
2026-09-25T15:37:00-04:00	9.6200	9.5940	10813
2026-09-25T15:38:00-04:00	9.6200	9.5941	6243
2026-09-25T15:39:00-04:00	9.6300	9.5942	2460
2026-09-25T15:40:00-04:00	9.6200	9.5943	6745
2026-09-25T15:41:00-04:00	9.6000	9.5944	12175
2026-09-25T15:42:00-04:00	9.6000	9.5944	4575
2026-09-25T15:43:00-04:00	9.6000	9.5945	8928
2026-09-25T15:44:00-04:00	9.5950	9.5945	2200
2026-09-25T15:45:00-04:00	9.6200	9.5948	28318
2026-09-25T15:46:00-04:00	9.6150	9.5950	10541
2026-09-25T15:47:00-04:00	9.6250	9.5953	12490
2026-09-25T15:48:00-04:00	9.6250	9.5956	15439
2026-09-25T15:49:00-04:00	9.6400	9.5959	9720
2026-09-25T15:50:00-04:00	9.6550	9.5967	20371
2026-09-25T15:51:00-04:00	9.6550	9.5975	19442
2026-09-25T15:52:00-04:00	9.6400	9.5981	16255
2026-09-25T15:53:00-04:00	9.6550	9.5984	9865
2026-09-25T15:54:00-04:00	9.6550	9.5989	12651
2026-09-25T15:55:00-04:00	9.6550	9.5997	20911
2026-09-25T15:56:00-04:00	9.6500	9.6007	34818
2026-09-25T15:57:00-04:00	9.6200	9.6012	31834
2026-09-25T15:58:00-04:00	9.5650	9.5999	115725
2026-09-25T15:59:00-04:00	9.5700	9.5984	85861
2026-09-28T09:30:00-04:00	9.3220	9.3204	25833
2026-09-28T09:31:00-04:00	9.3000	9.3206	6190
2026-09-28T09:32:00-04:00	9.3200	9.3195	2242
2026-09-28T09:33:00-04:00	9.3700	9.3212	1223
2026-09-28T09:34:00-04:00	9.3500	9.3221	1236
2026-09-28T09:35:00-04:00	9.3310	9.3231	1757
2026-09-28T09:36:00-04:00	9.4300	9.3341	6114
2026-09-28T09:37:00-04:00	9.4650	9.3433	3729
2026-09-28T09:39:00-04:00	9.5400	9.3664	7099
2026-09-28T09:40:00-04:00	9.4945	9.3730	2689
2026-09-28T09:41:00-04:00	9.5700	9.3772	1378
2026-09-28T09:42:00-04:00	9.5776	9.4022	8538
2026-09-28T09:43:00-04:00	9.6152	9.4099	2773
2026-09-28T09:44:00-04:00	9.4800	9.4181	6779
2026-09-28T09:45:00-04:00	9.4750	9.4284	13721
2026-09-28T09:46:00-04:00	9.4750	9.4290	1297
2026-09-28T09:47:00-04:00	9.4400	9.4294	1541
2026-09-28T09:49:00-04:00	9.4800	9.4297	569
2026-09-28T09:50:00-04:00	9.3900	9.4291	4249
2026-09-28T09:51:00-04:00	9.4100	9.4289	723
2026-09-28T09:52:00-04:00	9.4400	9.4291	1673
2026-09-28T09:53:00-04:00	9.3500	9.4066	65110
2026-09-28T09:54:00-04:00	9.3800	9.4064	1032
2026-09-28T09:55:00-04:00	9.3800	9.4064	413
2026-09-28T09:56:00-04:00	9.3800	9.4054	6406
2026-09-28T09:58:00-04:00	9.3600	9.4050	2052
2026-09-28T09:59:00-04:00	9.3750	9.4049	701
2026-09-28T10:00:00-04:00	9.3250	9.4035	3484
2026-09-28T10:01:00-04:00	9.3300	9.4026	2529
2026-09-28T10:02:00-04:00	9.3700	9.4024	728
2026-09-28T10:03:00-04:00	9.4000	9.4023	1292
2026-09-28T10:04:00-04:00	9.3500	9.4021	799
2026-09-28T10:05:00-04:00	9.3200	9.4019	557
2026-09-28T10:06:00-04:00	9.3400	9.4016	1060
2026-09-28T10:07:00-04:00	9.3500	9.4011	1833
2026-09-28T10:08:00-04:00	9.3550	9.4010	317
2026-09-28T10:09:00-04:00	9.3750	9.4007	1706
2026-09-28T10:10:00-04:00	9.3650	9.3980	15161
2026-09-28T10:11:00-04:00	9.4000	9.3979	2267
2026-09-28T10:12:00-04:00	9.3800	9.3979	243
2026-09-28T10:13:00-04:00	9.3900	9.3978	1984
2026-09-28T10:15:00-04:00	9.3950	9.3978	7466
2026-09-28T10:16:00-04:00	9.4500	9.3980	1065
2026-09-28T10:18:00-04:00	9.4600	9.3982	789
2026-09-28T10:20:00-04:00	9.4300	9.3983	852
2026-09-28T10:21:00-04:00	9.4300	9.3985	1074
2026-09-28T10:22:00-04:00	9.4100	9.3986	1958
2026-09-28T10:23:00-04:00	9.4050	9.3986	1284
2026-09-28T10:25:00-04:00	9.4000	9.3987	1454
2026-09-28T10:26:00-04:00	9.4100	9.3987	388
2026-09-28T10:27:00-04:00	9.4100	9.3988	2708
2026-09-28T10:29:00-04:00	9.4000	9.3988	1832
2026-09-28T10:30:00-04:00	9.3250	9.3981	3108
2026-09-28T10:31:00-04:00	9.3380	9.3978	976
2026-09-28T10:32:00-04:00	9.2950	9.3946	7650
2026-09-28T10:33:00-04:00	9.3000	9.3945	285
2026-09-28T10:34:00-04:00	9.3200	9.3941	1035
2026-09-28T10:35:00-04:00	9.3300	9.3939	748
2026-09-28T10:36:00-04:00	9.3600	9.3936	1675
2026-09-28T10:37:00-04:00	9.3500	9.3935	1101
2026-09-28T10:39:00-04:00	9.3400	9.3933	489
2026-09-28T10:40:00-04:00	9.3300	9.3930	1466
2026-09-28T10:41:00-04:00	9.3400	9.3929	297
2026-09-28T10:42:00-04:00	9.3201	9.3919	3661
2026-09-28T10:43:00-04:00	9.3200	9.3917	990
2026-09-28T10:44:00-04:00	9.3600	9.3899	9539
2026-09-28T10:45:00-04:00	9.3700	9.3889	14539
2026-09-28T10:46:00-04:00	9.3700	9.3886	3629
2026-09-28T10:47:00-04:00	9.3600	9.3883	3228
2026-09-28T10:48:00-04:00	9.3800	9.3882	1545
2026-09-28T10:49:00-04:00	9.3896	9.3882	2331
2026-09-28T10:50:00-04:00	9.4050	9.3883	3548
2026-09-28T10:51:00-04:00	9.3550	9.3881	3561
2026-09-28T10:52:00-04:00	9.3300	9.3879	1227
2026-09-28T10:53:00-04:00	9.3200	9.3878	503
2026-09-28T10:54:00-04:00	9.3100	9.3875	1049
2026-09-28T10:55:00-04:00	9.2850	9.3855	6235
2026-09-28T10:56:00-04:00	9.3007	9.3847	2887
2026-09-28T10:57:00-04:00	9.3028	9.3845	891
2026-09-28T10:58:00-04:00	9.3200	9.3844	666
2026-09-28T10:59:00-04:00	9.3100	9.3843	313
2026-09-28T11:00:00-04:00	9.3200	9.3838	2084
2026-09-28T11:03:00-04:00	9.3300	9.3836	1368
2026-09-28T11:05:00-04:00	9.3001	9.3833	875
2026-09-28T11:06:00-04:00	9.3000	9.3801	13081
2026-09-28T11:07:00-04:00	9.3300	9.3799	1018
2026-09-28T11:08:00-04:00	9.3460	9.3798	891
2026-09-28T11:09:00-04:00	9.3245	9.3794	2637
2026-09-28T11:10:00-04:00	9.3450	9.3792	1902
2026-09-28T11:11:00-04:00	9.3250	9.3790	1174
2026-09-28T11:12:00-04:00	9.3200	9.3788	1058
2026-09-28T11:13:00-04:00	9.3050	9.3787	675
2026-09-28T11:14:00-04:00	9.2850	9.3782	1994
2026-09-28T11:15:00-04:00	9.2800	9.3761	7676
2026-09-28T11:16:00-04:00	9.2900	9.3757	1323
2026-09-28T11:17:00-04:00	9.2500	9.3745	3632
2026-09-28T11:19:00-04:00	9.2401	9.3741	1205
2026-09-28T11:20:00-04:00	9.2300	9.3728	3017
2026-09-28T11:21:00-04:00	9.2200	9.3720	1908
2026-09-28T11:22:00-04:00	9.2150	9.3718	625
2026-09-28T11:23:00-04:00	9.2200	9.3714	897
2026-09-28T11:24:00-04:00	9.2350	9.3700	3737
2026-09-28T11:25:00-04:00	9.2700	9.3675	8428
2026-09-28T11:26:00-04:00	9.2572	9.3673	808
2026-09-28T11:27:00-04:00	9.2200	9.3637	10263
2026-09-28T11:28:00-04:00	9.2450	9.3624	3995
2026-09-28T11:29:00-04:00	9.2600	9.3616	3017
2026-09-28T11:30:00-04:00	9.2600	9.3610	2152
2026-09-28T11:33:00-04:00	9.2300	9.3606	1334
2026-09-28T11:36:00-04:00	9.2800	9.3586	8374
2026-09-28T11:37:00-04:00	9.2800	9.3583	1158
2026-09-28T11:39:00-04:00	9.3000	9.3580	2125
2026-09-28T11:40:00-04:00	9.2900	9.3575	2772
2026-09-28T11:41:00-04:00	9.2400	9.3571	1796
2026-09-28T11:42:00-04:00	9.2650	9.3566	1783
2026-09-28T11:43:00-04:00	9.2650	9.3565	592
2026-09-28T11:45:00-04:00	9.2500	9.3562	1127
2026-09-28T11:46:00-04:00	9.2900	9.3543	10102
2026-09-28T11:47:00-04:00	9.3050	9.3542	1343
2026-09-28T11:48:00-04:00	9.3200	9.3541	437
2026-09-28T11:49:00-04:00	9.3200	9.3541	240
2026-09-28T11:50:00-04:00	9.3200	9.3540	943
2026-09-28T11:51:00-04:00	9.3200	9.3540	912
2026-09-28T11:53:00-04:00	9.3150	9.3539	682
2026-09-28T11:54:00-04:00	9.3000	9.3538	845
2026-09-28T11:55:00-04:00	9.3100	9.3535	2550
2026-09-28T11:56:00-04:00	9.3100	9.3535	177
2026-09-28T11:57:00-04:00	9.3000	9.3533	1922
2026-09-28T11:59:00-04:00	9.2700	9.3524	5066
2026-09-28T12:00:00-04:00	9.2600	9.3493	17316
2026-09-28T12:01:00-04:00	9.2800	9.3491	1499
2026-09-28T12:02:00-04:00	9.2800	9.3490	611
2026-09-28T12:03:00-04:00	9.2800	9.3487	1478
2026-09-28T12:04:00-04:00	9.2700	9.3484	2032
2026-09-28T12:05:00-04:00	9.2700	9.3483	797
2026-09-28T12:06:00-04:00	9.2850	9.3481	1318
2026-09-28T12:07:00-04:00	9.3000	9.3478	2754
2026-09-28T12:08:00-04:00	9.3050	9.3477	424
2026-09-28T12:09:00-04:00	9.3064	9.3476	1022
2026-09-28T12:11:00-04:00	9.3000	9.3476	419
2026-09-28T12:12:00-04:00	9.2800	9.3474	1458
2026-09-28T12:15:00-04:00	9.2600	9.3457	9455
2026-09-28T12:16:00-04:00	9.3100	9.3449	7805
2026-09-28T12:17:00-04:00	9.2906	9.3443	6224
2026-09-28T12:18:00-04:00	9.3200	9.3442	1261
2026-09-28T12:19:00-04:00	9.3100	9.3442	775
2026-09-28T12:20:00-04:00	9.3200	9.3439	7196
2026-09-28T12:21:00-04:00	9.3050	9.3437	1844
2026-09-28T12:22:00-04:00	9.3100	9.3436	1819
2026-09-28T12:23:00-04:00	9.3100	9.3435	2297
2026-09-28T12:24:00-04:00	9.3250	9.3434	1440
2026-09-28T12:25:00-04:00	9.3223	9.3434	449
2026-09-28T12:26:00-04:00	9.3800	9.3435	3268
2026-09-28T12:27:00-04:00	9.3900	9.3438	2783
2026-09-28T12:28:00-04:00	9.3950	9.3438	512
2026-09-28T12:29:00-04:00	9.3900	9.3442	3943
2026-09-28T12:30:00-04:00	9.3800	9.3443	2147
2026-09-28T12:31:00-04:00	9.3850	9.3446	3367
2026-09-28T12:32:00-04:00	9.3400	9.3446	4304
2026-09-28T12:33:00-04:00	9.3700	9.3447	994
2026-09-28T12:34:00-04:00	9.3650	9.3447	622
2026-09-28T12:35:00-04:00	9.3650	9.3447	1170
2026-09-28T12:36:00-04:00	9.3700	9.3447	213
2026-09-28T12:37:00-04:00	9.3700	9.3448	1346
2026-09-28T12:38:00-04:00	9.3400	9.3448	1599
2026-09-28T12:40:00-04:00	9.3500	9.3448	1107
2026-09-28T12:42:00-04:00	9.3350	9.3448	1585
2026-09-28T12:43:00-04:00	9.3400	9.3448	961
2026-09-28T12:44:00-04:00	9.3300	9.3447	5123
2026-09-28T12:45:00-04:00	9.3400	9.3447	14535
2026-09-28T12:46:00-04:00	9.3300	9.3446	945
2026-09-28T12:47:00-04:00	9.3100	9.3446	402
2026-09-28T12:48:00-04:00	9.2900	9.3444	2058
2026-09-28T12:51:00-04:00	9.2800	9.3444	619
2026-09-28T12:52:00-04:00	9.2700	9.3443	817
2026-09-28T12:53:00-04:00	9.2500	9.3442	601
2026-09-28T12:54:00-04:00	9.2700	9.3440	1384
2026-09-28T12:55:00-04:00	9.2400	9.3438	892
2026-09-28T12:56:00-04:00	9.2400	9.3436	1299
2026-09-28T12:57:00-04:00	9.2300	9.3434	1094
2026-09-28T12:58:00-04:00	9.2500	9.3426	4288
2026-09-28T12:59:00-04:00	9.2400	9.3425	515
2026-09-28T13:00:00-04:00	9.2200	9.3423	963
2026-09-28T13:01:00-04:00	9.2250	9.3420	1436
2026-09-28T13:02:00-04:00	9.2400	9.3420	350
2026-09-28T13:03:00-04:00	9.2150	9.3397	10929
2026-09-28T13:04:00-04:00	9.2200	9.3377	9395
2026-09-28T13:05:00-04:00	9.2300	9.3376	665
2026-09-28T13:06:00-04:00	9.2300	9.3375	344
2026-09-28T13:07:00-04:00	9.2250	9.3373	903
2026-09-28T13:08:00-04:00	9.2250	9.3372	863
2026-09-28T13:09:00-04:00	9.2100	9.3359	6328
2026-09-28T13:10:00-04:00	9.2100	9.3356	1584
2026-09-28T13:11:00-04:00	9.3000	9.3348	8143
2026-09-28T13:12:00-04:00	9.3550	9.3348	3871
2026-09-28T13:13:00-04:00	9.3500	9.3349	935
2026-09-28T13:14:00-04:00	9.3550	9.3349	1891
2026-09-28T13:15:00-04:00	9.3400	9.3350	8889
2026-09-28T13:16:00-04:00	9.3500	9.3350	633
2026-09-28T13:17:00-04:00	9.3400	9.3350	3546
2026-09-28T13:18:00-04:00	9.3300	9.3350	1401
2026-09-28T13:19:00-04:00	9.3200	9.3350	980
2026-09-28T13:20:00-04:00	9.2900	9.3349	2616
2026-09-28T13:22:00-04:00	9.3000	9.3348	1210
2026-09-28T13:23:00-04:00	9.3100	9.3348	570
2026-09-28T13:25:00-04:00	9.2900	9.3347	1642
2026-09-28T13:26:00-04:00	9.2850	9.3345	1379
2026-09-28T13:27:00-04:00	9.2820	9.3345	1026
2026-09-28T13:30:00-04:00	9.3000	9.3344	1881
2026-09-28T13:31:00-04:00	9.2950	9.3343	1642
2026-09-28T13:32:00-04:00	9.3000	9.3342	806
2026-09-28T13:33:00-04:00	9.3000	9.3342	853
2026-09-28T13:34:00-04:00	9.3000	9.3341	857
2026-09-28T13:35:00-04:00	9.2950	9.3341	902
2026-09-28T13:36:00-04:00	9.3000	9.3340	901
2026-09-28T13:37:00-04:00	9.2800	9.3339	1416
2026-09-28T13:38:00-04:00	9.2900	9.3338	1732
2026-09-28T13:39:00-04:00	9.3000	9.3337	1658
2026-09-28T13:40:00-04:00	9.3700	9.3341	17461
2026-09-28T13:41:00-04:00	9.4600	9.3347	3775
2026-09-28T13:42:00-04:00	9.4900	9.3355	3633
2026-09-28T13:43:00-04:00	9.5200	9.3372	6676
2026-09-28T13:44:00-04:00	9.5400	9.3378	2148
2026-09-28T13:45:00-04:00	9.5200	9.3398	7675
2026-09-28T13:46:00-04:00	9.5000	9.3419	9344
2026-09-28T13:47:00-04:00	9.5100	9.3424	2282
2026-09-28T13:48:00-04:00	9.5300	9.3425	268
2026-09-28T13:49:00-04:00	9.5400	9.3428	1330
2026-09-28T13:50:00-04:00	9.5500	9.3436	2644
2026-09-28T13:51:00-04:00	9.5300	9.3438	894
2026-09-28T13:52:00-04:00	9.5300	9.3444	2302
2026-09-28T13:53:00-04:00	9.5200	9.3450	2600
2026-09-28T13:54:00-04:00	9.5200	9.3452	610
2026-09-28T13:55:00-04:00	9.5100	9.3455	1317
2026-09-28T13:56:00-04:00	9.4900	9.3457	1153
2026-09-28T13:57:00-04:00	9.4900	9.3461	2150
2026-09-28T13:58:00-04:00	9.4800	9.3463	963
2026-09-28T13:59:00-04:00	9.4700	9.3465	832
2026-09-28T14:00:00-04:00	9.5000	9.3471	2895
2026-09-28T14:01:00-04:00	9.4900	9.3472	534
2026-09-28T14:02:00-04:00	9.4950	9.3474	1342
2026-09-28T14:04:00-04:00	9.5000	9.3475	398
2026-09-28T14:05:00-04:00	9.4900	9.3476	595
2026-09-28T14:06:00-04:00	9.5100	9.3483	3073
2026-09-28T14:08:00-04:00	9.5100	9.3486	1313
2026-09-28T14:09:00-04:00	9.5100	9.3487	691
2026-09-28T14:10:00-04:00	9.5000	9.3496	4123
2026-09-28T14:11:00-04:00	9.5000	9.3502	2928
2026-09-28T14:13:00-04:00	9.5000	9.3505	1619
2026-09-28T14:14:00-04:00	9.5100	9.3507	949
2026-09-28T14:15:00-04:00	9.5100	9.3524	7857
2026-09-28T14:16:00-04:00	9.5000	9.3525	600
2026-09-28T14:17:00-04:00	9.4700	9.3528	2117
2026-09-28T14:18:00-04:00	9.4550	9.3531	1860
2026-09-28T14:19:00-04:00	9.4400	9.3532	794
2026-09-28T14:20:00-04:00	9.4400	9.3533	803
2026-09-28T14:21:00-04:00	9.4200	9.3534	1075
2026-09-28T14:22:00-04:00	9.4300	9.3536	2129
2026-09-28T14:23:00-04:00	9.4100	9.3540	5027
2026-09-28T14:24:00-04:00	9.4200	9.3542	1806
2026-09-28T14:25:00-04:00	9.4200	9.3542	670
2026-09-28T14:26:00-04:00	9.4400	9.3545	2629
2026-09-28T14:27:00-04:00	9.4500	9.3545	210
2026-09-28T14:28:00-04:00	9.4500	9.3546	685
2026-09-28T14:29:00-04:00	9.4200	9.3550	4603
2026-09-28T14:30:00-04:00	9.4000	9.3552	1827
2026-09-28T14:31:00-04:00	9.3900	9.3552	1025
2026-09-28T14:32:00-04:00	9.3900	9.3553	2044
2026-09-28T14:33:00-04:00	9.3850	9.3553	501
2026-09-28T14:34:00-04:00	9.4100	9.3555	2822
2026-09-28T14:35:00-04:00	9.4100	9.3555	841
2026-09-28T14:36:00-04:00	9.4200	9.3556	931
2026-09-28T14:37:00-04:00	9.4150	9.3556	721
2026-09-28T14:38:00-04:00	9.4150	9.3557	322
2026-09-28T14:39:00-04:00	9.4100	9.3558	1997
2026-09-28T14:40:00-04:00	9.4100	9.3559	1107
2026-09-28T14:41:00-04:00	9.4100	9.3561	3127
2026-09-28T14:42:00-04:00	9.4100	9.3564	4498
2026-09-28T14:43:00-04:00	9.4100	9.3564	429
2026-09-28T14:44:00-04:00	9.4200	9.3565	672
2026-09-28T14:45:00-04:00	9.4100	9.3571	9252
2026-09-28T14:46:00-04:00	9.4150	9.3571	596
2026-09-28T14:47:00-04:00	9.4100	9.3572	1226
2026-09-28T14:48:00-04:00	9.4100	9.3574	2329
2026-09-28T14:50:00-04:00	9.3800	9.3575	3402
2026-09-28T14:51:00-04:00	9.3800	9.3575	868
2026-09-28T14:52:00-04:00	9.3600	9.3575	2606
2026-09-28T14:53:00-04:00	9.3600	9.3576	5169
2026-09-28T14:54:00-04:00	9.3800	9.3576	1040
2026-09-28T14:55:00-04:00	9.3650	9.3576	335
2026-09-28T14:56:00-04:00	9.3900	9.3577	2147
2026-09-28T14:57:00-04:00	9.3900	9.3578	2274
2026-09-28T14:58:00-04:00	9.3900	9.3578	284
2026-09-28T14:59:00-04:00	9.3900	9.3579	1673
2026-09-28T15:00:00-04:00	9.3550	9.3579	4779
2026-09-28T15:02:00-04:00	9.3700	9.3579	2144
2026-09-28T15:03:00-04:00	9.3505	9.3579	2472
2026-09-28T15:04:00-04:00	9.3400	9.3578	8036
2026-09-28T15:05:00-04:00	9.3500	9.3577	1468
2026-09-28T15:06:00-04:00	9.3400	9.3577	564
2026-09-28T15:07:00-04:00	9.3400	9.3577	1856
2026-09-28T15:08:00-04:00	9.3300	9.3576	675
2026-09-28T15:09:00-04:00	9.3300	9.3576	1102
2026-09-28T15:10:00-04:00	9.3300	9.3576	553
2026-09-28T15:11:00-04:00	9.3500	9.3575	2661
2026-09-28T15:12:00-04:00	9.3500	9.3575	582
2026-09-28T15:13:00-04:00	9.3600	9.3575	1256
2026-09-28T15:14:00-04:00	9.3500	9.3575	1597
2026-09-28T15:15:00-04:00	9.3700	9.3576	15297
2026-09-28T15:16:00-04:00	9.3700	9.3576	1887
2026-09-28T15:17:00-04:00	9.3600	9.3576	2709
2026-09-28T15:18:00-04:00	9.3600	9.3576	1517
2026-09-28T15:19:00-04:00	9.3500	9.3576	3474
2026-09-28T15:20:00-04:00	9.3300	9.3576	1942
2026-09-28T15:21:00-04:00	9.3376	9.3575	2696
2026-09-28T15:22:00-04:00	9.3100	9.3573	3777
2026-09-28T15:23:00-04:00	9.3252	9.3572	3700
2026-09-28T15:24:00-04:00	9.3100	9.3570	4451
2026-09-28T15:25:00-04:00	9.3050	9.3569	2004
2026-09-28T15:26:00-04:00	9.3000	9.3567	2268
2026-09-28T15:27:00-04:00	9.3000	9.3567	950
2026-09-28T15:28:00-04:00	9.3000	9.3562	6686
2026-09-28T15:29:00-04:00	9.2950	9.3560	3292
2026-09-28T15:30:00-04:00	9.2800	9.3558	2911
2026-09-28T15:31:00-04:00	9.2900	9.3556	2174
2026-09-28T15:32:00-04:00	9.3050	9.3554	3535
2026-09-28T15:33:00-04:00	9.3000	9.3552	2671
2026-09-28T15:34:00-04:00	9.2801	9.3551	2234
2026-09-28T15:35:00-04:00	9.2700	9.3547	4425
2026-09-28T15:36:00-04:00	9.2800	9.3546	1998
2026-09-28T15:37:00-04:00	9.2650	9.3540	5496
2026-09-28T15:38:00-04:00	9.2500	9.3537	3666
2026-09-28T15:39:00-04:00	9.2400	9.3532	4208
2026-09-28T15:40:00-04:00	9.2175	9.3515	11918
2026-09-28T15:41:00-04:00	9.2300	9.3513	1742
2026-09-28T15:42:00-04:00	9.2400	9.3490	19129
2026-09-28T15:43:00-04:00	9.2400	9.3489	1387
2026-09-28T15:44:00-04:00	9.2350	9.3484	4371
2026-09-28T15:45:00-04:00	9.2150	9.3472	9601
2026-09-28T15:46:00-04:00	9.2150	9.3469	2312
2026-09-28T15:47:00-04:00	9.2050	9.3462	5284
2026-09-28T15:48:00-04:00	9.2100	9.3447	11025
2026-09-28T15:49:00-04:00	9.2100	9.3438	6273
2026-09-28T15:50:00-04:00	9.2300	9.3424	12178
2026-09-28T15:51:00-04:00	9.2250	9.3416	7414
2026-09-28T15:52:00-04:00	9.2250	9.3414	1278
2026-09-28T15:53:00-04:00	9.2300	9.3397	15632
2026-09-28T15:54:00-04:00	9.2050	9.3375	18679
2026-09-28T15:55:00-04:00	9.1901	9.3353	16984
2026-09-28T15:56:00-04:00	9.1700	9.3301	37205
2026-09-28T15:57:00-04:00	9.1700	9.3275	19148
2026-09-28T15:58:00-04:00	9.1550	9.3179	70733
2026-09-28T15:59:00-04:00	9.1350	9.3095	61620
2026-09-29T09:30:00-04:00	9.1299	9.1966	28876
2026-09-29T09:31:00-04:00	9.0200	9.1890	1909
2026-09-29T09:32:00-04:00	9.0600	9.1844	1302
2026-09-29T09:33:00-04:00	9.1200	9.1816	1104
2026-09-29T09:34:00-04:00	9.0750	9.1800	511
2026-09-29T09:35:00-04:00	9.1000	9.1771	1068
2026-09-29T09:36:00-04:00	8.9517	9.1307	12552
2026-09-29T09:37:00-04:00	8.9950	9.1258	1599
2026-09-29T09:38:00-04:00	9.0650	9.1173	6100
2026-09-29T09:40:00-04:00	9.0300	9.1105	8433
2026-09-29T09:41:00-04:00	9.1050	9.1088	3894
2026-09-29T09:42:00-04:00	9.1800	9.1120	3534
2026-09-29T09:43:00-04:00	9.0900	9.1112	47589
2026-09-29T09:44:00-04:00	9.0600	9.1083	12246
2026-09-29T09:45:00-04:00	9.0650	9.1058	7714
2026-09-29T09:46:00-04:00	9.0850	9.1057	1541
2026-09-29T09:47:00-04:00	9.1300	9.1059	1752
2026-09-29T09:48:00-04:00	9.1050	9.1059	636
2026-09-29T09:49:00-04:00	9.1000	9.1055	4856
2026-09-29T09:50:00-04:00	9.0875	9.1054	1390
2026-09-29T09:52:00-04:00	9.1150	9.1055	633
2026-09-29T09:53:00-04:00	9.1250	9.1055	216
2026-09-29T09:54:00-04:00	9.1200	9.1057	1957
2026-09-29T09:55:00-04:00	9.1400	9.1062	1785
2026-09-29T09:56:00-04:00	9.2200	9.1081	3065
2026-09-29T09:57:00-04:00	9.2100	9.1095	2187
2026-09-29T09:58:00-04:00	9.2050	9.1100	885
2026-09-29T09:59:00-04:00	9.0636	9.1090	15902
2026-09-29T10:00:00-04:00	9.0950	9.1090	942
2026-09-29T10:01:00-04:00	9.0500	9.1088	398
2026-09-29T10:02:00-04:00	9.0600	9.1074	4197
2026-09-29T10:03:00-04:00	9.0750	9.1073	709
2026-09-29T10:05:00-04:00	9.0400	9.1063	6065
2026-09-29T10:06:00-04:00	9.0400	9.1062	245
2026-09-29T10:07:00-04:00	9.0850	9.1061	661
2026-09-29T10:08:00-04:00	9.0650	9.1041	8524
2026-09-29T10:09:00-04:00	9.0200	9.1039	531
2026-09-29T10:11:00-04:00	9.0650	9.1038	283
2026-09-29T10:12:00-04:00	9.0300	9.1036	644
2026-09-29T10:13:00-04:00	9.0400	9.1034	512
2026-09-29T10:14:00-04:00	9.0100	9.1028	1406
2026-09-29T10:15:00-04:00	8.9850	9.0972	10373
2026-09-29T10:16:00-04:00	9.0450	9.0932	13402
2026-09-29T10:17:00-04:00	9.0700	9.0928	3384
2026-09-29T10:19:00-04:00	9.1250	9.0965	22118
2026-09-29T10:20:00-04:00	9.2300	9.1069	28294
2026-09-29T10:21:00-04:00	9.1950	9.1073	1429
2026-09-29T10:22:00-04:00	9.1950	9.1104	11287
2026-09-29T10:24:00-04:00	9.1950	9.1106	505
2026-09-29T10:25:00-04:00	9.2150	9.1112	1809
2026-09-29T10:26:00-04:00	9.2100	9.1114	707
2026-09-29T10:27:00-04:00	9.2100	9.1130	4513
2026-09-29T10:28:00-04:00	9.2200	9.1147	4841
2026-09-29T10:29:00-04:00	9.2000	9.1154	2449
2026-09-29T10:30:00-04:00	9.2100	9.1154	138
2026-09-29T10:31:00-04:00	9.1800	9.1158	1556
2026-09-29T10:32:00-04:00	9.1500	9.1160	1440
2026-09-29T10:33:00-04:00	9.1300	9.1164	6163
2026-09-29T10:34:00-04:00	9.1400	9.1165	812
2026-09-29T10:35:00-04:00	9.1400	9.1167	3653
2026-09-29T10:36:00-04:00	9.1150	9.1167	2568
2026-09-29T10:37:00-04:00	9.1150	9.1167	382
2026-09-29T10:38:00-04:00	9.1200	9.1167	1451
2026-09-29T10:39:00-04:00	9.1800	9.1181	8368
2026-09-29T10:40:00-04:00	9.1800	9.1184	1441
2026-09-29T10:41:00-04:00	9.1500	9.1189	6125
2026-09-29T10:42:00-04:00	9.1950	9.1206	10938
2026-09-29T10:43:00-04:00	9.2000	9.1230	10343
2026-09-29T10:44:00-04:00	9.2200	9.1234	1754
2026-09-29T10:45:00-04:00	9.1950	9.1250	7763
2026-09-29T10:46:00-04:00	9.1900	9.1252	1217
2026-09-29T10:47:00-04:00	9.2100	9.1266	6651
2026-09-29T10:48:00-04:00	9.2000	9.1269	1240
2026-09-29T10:49:00-04:00	9.1850	9.1272	2245
2026-09-29T10:50:00-04:00	9.2900	9.1356	26321
2026-09-29T10:51:00-04:00	9.3000	9.1364	2026
2026-09-29T10:52:00-04:00	9.3000	9.1366	462
2026-09-29T10:53:00-04:00	9.2600	9.1380	4570
2026-09-29T10:54:00-04:00	9.2700	9.1385	1500
2026-09-29T10:55:00-04:00	9.2800	9.1408	6919
2026-09-29T10:56:00-04:00	9.2664	9.1415	2285
2026-09-29T10:57:00-04:00	9.2500	9.1420	1852
2026-09-29T10:58:00-04:00	9.2100	9.1429	4781
2026-09-29T10:59:00-04:00	9.1800	9.1431	2189
2026-09-29T11:00:00-04:00	9.1700	9.1431	708
2026-09-29T11:01:00-04:00	9.1350	9.1431	943
2026-09-29T11:02:00-04:00	9.1266	9.1431	1169
2026-09-29T11:03:00-04:00	9.1400	9.1431	1679
2026-09-29T11:04:00-04:00	9.1300	9.1430	613
2026-09-29T11:05:00-04:00	9.1500	9.1431	3140
2026-09-29T11:06:00-04:00	9.1500	9.1431	670
2026-09-29T11:07:00-04:00	9.1400	9.1431	707
2026-09-29T11:08:00-04:00	9.1250	9.1431	403
2026-09-29T11:09:00-04:00	9.1300	9.1430	2864
2026-09-29T11:10:00-04:00	9.1650	9.1433	9251
2026-09-29T11:11:00-04:00	9.1750	9.1437	6179
2026-09-29T11:12:00-04:00	9.1600	9.1439	6026
2026-09-29T11:13:00-04:00	9.1650	9.1440	715
2026-09-29T11:14:00-04:00	9.1550	9.1440	1108
2026-09-29T11:15:00-04:00	9.1400	9.1442	11407
2026-09-29T11:16:00-04:00	9.1200	9.1441	3168
2026-09-29T11:17:00-04:00	9.1000	9.1439	2918
2026-09-29T11:18:00-04:00	9.1000	9.1438	407
2026-09-29T11:19:00-04:00	9.1000	9.1437	1471
2026-09-29T11:20:00-04:00	9.0700	9.1429	6500
2026-09-29T11:21:00-04:00	9.0800	9.1427	1644
2026-09-29T11:22:00-04:00	9.0700	9.1421	3479
2026-09-29T11:23:00-04:00	9.0600	9.1421	102
2026-09-29T11:24:00-04:00	9.0600	9.1419	1615
2026-09-29T11:25:00-04:00	9.0500	9.1399	10635
2026-09-29T11:26:00-04:00	9.0450	9.1397	1153
2026-09-29T11:27:00-04:00	9.0350	9.1395	1204
2026-09-29T11:28:00-04:00	9.0500	9.1394	576
2026-09-29T11:29:00-04:00	9.0400	9.1393	437
2026-09-29T11:30:00-04:00	9.0600	9.1388	3173
2026-09-29T11:31:00-04:00	9.0650	9.1386	932
2026-09-29T11:32:00-04:00	9.0700	9.1384	1671
2026-09-29T11:33:00-04:00	9.0900	9.1383	748
2026-09-29T11:34:00-04:00	9.1000	9.1381	2208
2026-09-29T11:36:00-04:00	9.1000	9.1381	459
2026-09-29T11:37:00-04:00	9.0950	9.1380	1180
2026-09-29T11:38:00-04:00	9.1000	9.1379	1167
2026-09-29T11:39:00-04:00	9.1000	9.1378	1431
2026-09-29T11:40:00-04:00	9.1050	9.1378	460
2026-09-29T11:41:00-04:00	9.0800	9.1377	1043
2026-09-29T11:43:00-04:00	9.0800	9.1376	633
2026-09-29T11:44:00-04:00	9.0900	9.1369	8694
2026-09-29T11:45:00-04:00	9.0850	9.1362	7298
2026-09-29T11:46:00-04:00	9.0850	9.1362	285
2026-09-29T11:47:00-04:00	9.1350	9.1360	6301
2026-09-29T11:48:00-04:00	9.1050	9.1360	505
2026-09-29T11:49:00-04:00	9.1200	9.1360	328
2026-09-29T11:50:00-04:00	9.0800	9.1359	1427
2026-09-29T11:51:00-04:00	9.0600	9.1354	4033
2026-09-29T11:52:00-04:00	9.0550	9.1352	1040
2026-09-29T11:53:00-04:00	9.0550	9.1351	1014
2026-09-29T11:54:00-04:00	9.0700	9.1350	292
2026-09-29T11:55:00-04:00	9.0550	9.1349	1217
2026-09-29T11:56:00-04:00	9.0550	9.1348	867
2026-09-29T11:57:00-04:00	9.0550	9.1347	443
2026-09-29T11:58:00-04:00	9.0800	9.1346	938
2026-09-29T11:59:00-04:00	9.0800	9.1345	824
2026-09-29T12:00:00-04:00	9.0700	9.1345	135
2026-09-29T12:01:00-04:00	9.0550	9.1344	313
2026-09-29T12:02:00-04:00	9.0550	9.1343	1187
2026-09-29T12:03:00-04:00	9.0500	9.1328	10809
2026-09-29T12:04:00-04:00	9.0600	9.1328	501
2026-09-29T12:05:00-04:00	9.0450	9.1326	1552
2026-09-29T12:06:00-04:00	9.0450	9.1324	1329
2026-09-29T12:07:00-04:00	9.0400	9.1323	593
2026-09-29T12:09:00-04:00	9.0250	9.1320	1567
2026-09-29T12:10:00-04:00	9.0200	9.1318	661
2026-09-29T12:11:00-04:00	9.0200	9.1318	260
2026-09-29T12:12:00-04:00	9.0200	9.1317	466
2026-09-29T12:13:00-04:00	9.0200	9.1314	1774
2026-09-29T12:14:00-04:00	9.0100	9.1312	644
2026-09-29T12:15:00-04:00	9.0100	9.1298	7060
2026-09-29T12:16:00-04:00	8.9700	9.1275	8927
2026-09-29T12:17:00-04:00	8.9700	9.1269	2601
2026-09-29T12:18:00-04:00	8.9600	9.1264	1751
2026-09-29T12:19:00-04:00	8.9400	9.1246	6151
2026-09-29T12:20:00-04:00	8.9450	9.1240	2170
2026-09-29T12:21:00-04:00	8.9700	9.1229	4287
2026-09-29T12:22:00-04:00	8.9700	9.1226	1393
2026-09-29T12:23:00-04:00	8.9700	9.1222	1557
2026-09-29T12:24:00-04:00	8.9800	9.1221	235
2026-09-29T12:25:00-04:00	8.9800	9.1220	547
2026-09-29T12:27:00-04:00	8.9800	9.1220	249
2026-09-29T12:28:00-04:00	8.9900	9.1217	1305
2026-09-29T12:29:00-04:00	8.9700	9.1209	3345
2026-09-29T12:30:00-04:00	8.9700	9.1208	520
2026-09-29T12:31:00-04:00	8.9500	9.1200	3054
2026-09-29T12:32:00-04:00	8.9500	9.1198	873
2026-09-29T12:33:00-04:00	8.9700	9.1192	2411
2026-09-29T12:34:00-04:00	8.9800	9.1179	5800
2026-09-29T12:35:00-04:00	8.9800	9.1177	823
2026-09-29T12:36:00-04:00	8.9800	9.1176	538
2026-09-29T12:37:00-04:00	8.9600	9.1175	315
2026-09-29T12:38:00-04:00	8.9700	9.1175	330
2026-09-29T12:39:00-04:00	8.9600	9.1170	1996
2026-09-29T12:40:00-04:00	8.9450	9.1167	1101
2026-09-29T12:41:00-04:00	8.9400	9.1145	8376
2026-09-29T12:42:00-04:00	8.9400	9.1144	419
2026-09-29T12:43:00-04:00	8.9350	9.1141	830
2026-09-29T12:44:00-04:00	8.9300	9.1135	2227
2026-09-29T12:45:00-04:00	8.9150	9.1112	8078
2026-09-29T12:46:00-04:00	8.9150	9.1111	382
2026-09-29T12:47:00-04:00	8.9200	9.1098	4318
2026-09-29T12:48:00-04:00	8.9250	9.1094	1595
2026-09-29T12:49:00-04:00	8.9300	9.1093	375
2026-09-29T12:50:00-04:00	8.9300	9.1092	228
2026-09-29T12:51:00-04:00	8.9400	9.1088	1536
2026-09-29T12:52:00-04:00	8.9300	9.1079	3515
2026-09-29T12:53:00-04:00	8.9300	9.1077	546
2026-09-29T12:54:00-04:00	8.9100	9.1073	1716
2026-09-29T12:55:00-04:00	8.9000	9.1061	3765
2026-09-29T12:56:00-04:00	8.9000	9.1058	994
2026-09-29T12:57:00-04:00	8.9250	9.1034	9252
2026-09-29T12:58:00-04:00	8.9300	9.1033	401
2026-09-29T12:59:00-04:00	8.9300	9.1032	402
2026-09-29T13:01:00-04:00	8.9200	9.1029	1270
2026-09-29T13:02:00-04:00	8.9200	9.1028	359
2026-09-29T13:03:00-04:00	8.9200	9.1028	140
2026-09-29T13:04:00-04:00	8.9200	9.1026	638
2026-09-29T13:05:00-04:00	8.9200	9.1020	2306
2026-09-29T13:06:00-04:00	8.9200	9.1018	800
2026-09-29T13:07:00-04:00	8.9200	9.1018	117
2026-09-29T13:08:00-04:00	8.9200	9.1015	881
2026-09-29T13:09:00-04:00	8.9100	9.1011	1784
2026-09-29T13:10:00-04:00	8.9200	9.1009	666
2026-09-29T13:11:00-04:00	8.9100	9.1003	2379
2026-09-29T13:12:00-04:00	8.9100	9.1001	492
2026-09-29T13:13:00-04:00	8.9100	9.0999	811
2026-09-29T13:14:00-04:00	8.9100	9.0999	218
2026-09-29T13:15:00-04:00	8.8850	9.0964	11725
2026-09-29T13:16:00-04:00	8.8800	9.0954	3529
2026-09-29T13:17:00-04:00	8.8669	9.0951	896
2026-09-29T13:18:00-04:00	8.8700	9.0950	267
2026-09-29T13:19:00-04:00	8.8700	9.0948	488
2026-09-29T13:20:00-04:00	8.8800	9.0942	2038
2026-09-29T13:21:00-04:00	8.8800	9.0939	1068
2026-09-29T13:22:00-04:00	8.8900	9.0924	5456
2026-09-29T13:23:00-04:00	8.9150	9.0916	3034
2026-09-29T13:24:00-04:00	8.9250	9.0912	1886
2026-09-29T13:25:00-04:00	8.9400	9.0910	1093
2026-09-29T13:26:00-04:00	8.9400	9.0907	1140
2026-09-29T13:27:00-04:00	8.9500	9.0905	1210
2026-09-29T13:28:00-04:00	8.9350	9.0898	3304
2026-09-29T13:30:00-04:00	8.9300	9.0896	869
2026-09-29T13:31:00-04:00	8.9300	9.0896	260
2026-09-29T13:32:00-04:00	8.9300	9.0895	623
2026-09-29T13:33:00-04:00	8.9300	9.0894	374
2026-09-29T13:34:00-04:00	8.9300	9.0893	319
2026-09-29T13:35:00-04:00	8.9300	9.0892	498
2026-09-29T13:36:00-04:00	8.9350	9.0891	325
2026-09-29T13:37:00-04:00	8.9400	9.0890	585
2026-09-29T13:38:00-04:00	8.9450	9.0884	3106
2026-09-29T13:39:00-04:00	8.9450	9.0882	958
2026-09-29T13:40:00-04:00	8.9450	9.0879	2042
2026-09-29T13:41:00-04:00	8.9450	9.0878	306
2026-09-29T13:42:00-04:00	8.9450	9.0878	208
2026-09-29T13:43:00-04:00	8.9500	9.0874	2079
2026-09-29T13:44:00-04:00	8.9400	9.0866	4450
2026-09-29T13:45:00-04:00	8.9500	9.0864	887
2026-09-29T13:46:00-04:00	8.9400	9.0846	9753
2026-09-29T13:48:00-04:00	8.9300	9.0845	692
2026-09-29T13:49:00-04:00	8.9400	9.0844	530
2026-09-29T13:50:00-04:00	8.9400	9.0842	891
2026-09-29T13:51:00-04:00	8.9300	9.0839	1693
2026-09-29T13:52:00-04:00	8.9400	9.0838	500
2026-09-29T13:54:00-04:00	8.9200	9.0836	875
2026-09-29T13:55:00-04:00	8.9250	9.0834	903
2026-09-29T13:56:00-04:00	8.9200	9.0833	279
2026-09-29T13:57:00-04:00	8.9200	9.0833	425
2026-09-29T13:58:00-04:00	8.9200	9.0832	431
2026-09-29T14:00:00-04:00	8.9700	9.0806	15911
2026-09-29T14:01:00-04:00	8.9500	9.0799	5225
2026-09-29T14:02:00-04:00	8.9700	9.0796	2130
2026-09-29T14:03:00-04:00	8.9650	9.0796	243
2026-09-29T14:04:00-04:00	8.9600	9.0791	2924
2026-09-29T14:05:00-04:00	8.9800	9.0790	1122
2026-09-29T14:06:00-04:00	9.0000	9.0788	1902
2026-09-29T14:07:00-04:00	8.9600	9.0787	620
2026-09-29T14:08:00-04:00	8.9700	9.0785	1362
2026-09-29T14:09:00-04:00	8.9600	9.0784	861
2026-09-29T14:10:00-04:00	8.9750	9.0783	970
2026-09-29T14:11:00-04:00	8.9500	9.0782	525
2026-09-29T14:12:00-04:00	8.9400	9.0779	1546
2026-09-29T14:13:00-04:00	8.9580	9.0775	3012
2026-09-29T14:14:00-04:00	8.9550	9.0774	427
2026-09-29T14:15:00-04:00	8.9500	9.0767	4360
2026-09-29T14:16:00-04:00	8.9500	9.0756	7118
2026-09-29T14:17:00-04:00	8.9500	9.0755	1116
2026-09-29T14:18:00-04:00	8.9500	9.0751	2790
2026-09-29T14:19:00-04:00	8.9400	9.0747	2087
2026-09-29T14:20:00-04:00	8.9400	9.0746	880
2026-09-29T14:21:00-04:00	8.9400	9.0743	1886
2026-09-29T14:22:00-04:00	8.9350	9.0740	1769
2026-09-29T14:23:00-04:00	8.9350	9.0738	1254
2026-09-29T14:24:00-04:00	8.9000	9.0727	5897
2026-09-29T14:25:00-04:00	8.9000	9.0726	548
2026-09-29T14:26:00-04:00	8.9101	9.0720	2767
2026-09-29T14:27:00-04:00	8.9150	9.0719	702
2026-09-29T14:28:00-04:00	8.9300	9.0715	2486
2026-09-29T14:29:00-04:00	8.9250	9.0714	506
2026-09-29T14:30:00-04:00	8.9150	9.0701	7887
2026-09-29T14:31:00-04:00	8.9200	9.0701	379
2026-09-29T14:32:00-04:00	8.9200	9.0699	845
2026-09-29T14:33:00-04:00	8.9200	9.0699	337
2026-09-29T14:34:00-04:00	8.9150	9.0696	1379
2026-09-29T14:35:00-04:00	8.9100	9.0694	1322
2026-09-29T14:36:00-04:00	8.9150	9.0684	5258
2026-09-29T14:37:00-04:00	8.9300	9.0681	1824
2026-09-29T14:38:00-04:00	8.9350	9.0678	2441
2026-09-29T14:39:00-04:00	8.9550	9.0667	8432
2026-09-29T14:40:00-04:00	8.9600	9.0665	1220
2026-09-29T14:41:00-04:00	8.9769	9.0665	758
2026-09-29T14:42:00-04:00	8.9700	9.0663	1520
2026-09-29T14:43:00-04:00	8.9600	9.0660	3136
2026-09-29T14:44:00-04:00	8.9450	9.0659	253
2026-09-29T14:45:00-04:00	8.9450	9.0656	2787
2026-09-29T14:46:00-04:00	8.9500	9.0646	7274
2026-09-29T14:47:00-04:00	8.9500	9.0644	1612
2026-09-29T14:48:00-04:00	8.9700	9.0642	1957
2026-09-29T14:49:00-04:00	8.9700	9.0641	470
2026-09-29T14:50:00-04:00	8.9550	9.0636	4345
2026-09-29T14:51:00-04:00	8.9500	9.0636	351
2026-09-29T14:52:00-04:00	8.9500	9.0633	2753
2026-09-29T14:53:00-04:00	8.9600	9.0631	1353
2026-09-29T14:54:00-04:00	8.9550	9.0631	288
2026-09-29T14:55:00-04:00	8.9600	9.0630	898
2026-09-29T14:56:00-04:00	8.9550	9.0628	990
2026-09-29T14:57:00-04:00	8.9500	9.0618	8691
2026-09-29T14:58:00-04:00	8.9650	9.0614	3946
2026-09-29T14:59:00-04:00	8.9650	9.0613	450
2026-09-29T15:00:00-04:00	8.9650	9.0612	1040
2026-09-29T15:01:00-04:00	8.9750	9.0610	2757
2026-09-29T15:02:00-04:00	8.9650	9.0595	15663
2026-09-29T15:03:00-04:00	8.9800	9.0594	1499
2026-09-29T15:04:00-04:00	8.9700	9.0593	682
2026-09-29T15:05:00-04:00	8.9600	9.0591	1722
2026-09-29T15:06:00-04:00	8.9600	9.0591	651
2026-09-29T15:07:00-04:00	8.9500	9.0589	1864
2026-09-29T15:08:00-04:00	8.9350	9.0588	860
2026-09-29T15:09:00-04:00	8.9350	9.0586	905
2026-09-29T15:10:00-04:00	8.9350	9.0585	732
2026-09-29T15:11:00-04:00	8.9400	9.0585	300
2026-09-29T15:12:00-04:00	8.9500	9.0578	5930
2026-09-29T15:13:00-04:00	8.9450	9.0577	917
2026-09-29T15:14:00-04:00	8.9450	9.0575	2051
2026-09-29T15:15:00-04:00	8.9350	9.0564	8990
2026-09-29T15:16:00-04:00	8.9400	9.0564	408
2026-09-29T15:17:00-04:00	8.9300	9.0556	5663
2026-09-29T15:18:00-04:00	8.9400	9.0555	1204
2026-09-29T15:19:00-04:00	8.9450	9.0550	4118
2026-09-29T15:20:00-04:00	8.9400	9.0547	2831
2026-09-29T15:21:00-04:00	8.9350	9.0545	1811
2026-09-29T15:22:00-04:00	8.9400	9.0540	3690
2026-09-29T15:23:00-04:00	8.9400	9.0537	3358
2026-09-29T15:24:00-04:00	8.9250	9.0533	2855
2026-09-29T15:25:00-04:00	8.9350	9.0531	1580
2026-09-29T15:26:00-04:00	8.9300	9.0528	2475
2026-09-29T15:27:00-04:00	8.9250	9.0527	571
2026-09-29T15:28:00-04:00	8.9250	9.0526	1354
2026-09-29T15:29:00-04:00	8.8800	9.0508	11313
2026-09-29T15:30:00-04:00	8.8800	9.0504	2544
2026-09-29T15:31:00-04:00	8.8800	9.0501	1635
2026-09-29T15:32:00-04:00	8.8950	9.0497	3117
2026-09-29T15:33:00-04:00	8.8900	9.0492	2830
2026-09-29T15:34:00-04:00	8.8850	9.0490	1452
2026-09-29T15:35:00-04:00	8.8750	9.0481	5475
2026-09-29T15:36:00-04:00	8.8800	9.0478	1669
2026-09-29T15:37:00-04:00	8.9000	9.0472	4274
2026-09-29T15:38:00-04:00	8.8950	9.0470	1384
2026-09-29T15:39:00-04:00	8.8950	9.0460	6489
2026-09-29T15:40:00-04:00	8.8800	9.0454	4321
2026-09-29T15:41:00-04:00	8.8750	9.0448	3763
2026-09-29T15:42:00-04:00	8.8900	9.0435	8728
2026-09-29T15:43:00-04:00	8.8800	9.0432	2065
2026-09-29T15:44:00-04:00	8.8800	9.0428	2544
2026-09-29T15:45:00-04:00	8.8800	9.0427	762
2026-09-29T15:46:00-04:00	8.8700	9.0423	2349
2026-09-29T15:47:00-04:00	8.8650	9.0411	7441
2026-09-29T15:48:00-04:00	8.8650	9.0406	2877
2026-09-29T15:49:00-04:00	8.8500	9.0390	9703
2026-09-29T15:50:00-04:00	8.8950	9.0375	10145
2026-09-29T15:51:00-04:00	8.8950	9.0361	11291
2026-09-29T15:52:00-04:00	8.9050	9.0354	5728
2026-09-29T15:53:00-04:00	8.9100	9.0347	5687
2026-09-29T15:54:00-04:00	8.8900	9.0332	13391
2026-09-29T15:55:00-04:00	8.9100	9.0318	12598
2026-09-29T15:56:00-04:00	8.8800	9.0285	26199
2026-09-29T15:57:00-04:00	8.8850	9.0256	24853
2026-09-29T15:58:00-04:00	8.8150	9.0167	60113
2026-09-29T15:59:00-04:00	8.8200	9.0037	91138
2026-09-30T09:30:00-04:00	8.8350	8.8383	24926
2026-09-30T09:31:00-04:00	8.9500	8.8420	1322
2026-09-30T09:32:00-04:00	8.9450	8.8450	682
2026-09-30T09:33:00-04:00	8.9100	8.8453	130
2026-09-30T09:34:00-04:00	8.9100	8.8464	451
2026-09-30T09:35:00-04:00	8.8810	8.8498	3430
2026-09-30T09:36:00-04:00	8.8700	8.8500	318
2026-09-30T09:37:00-04:00	8.8700	8.8501	145
2026-09-30T09:38:00-04:00	8.8000	8.8487	1000
2026-09-30T09:39:00-04:00	8.8150	8.8471	2424
2026-09-30T09:40:00-04:00	8.8500	8.8468	1028
2026-09-30T09:41:00-04:00	8.8200	8.8457	1512
2026-09-30T09:42:00-04:00	8.9000	8.8490	5071
2026-09-30T09:44:00-04:00	8.9100	8.8509	1808
2026-09-30T09:45:00-04:00	8.8600	8.8512	7837
2026-09-30T09:46:00-04:00	8.8900	8.8518	923
2026-09-30T09:47:00-04:00	8.9451	8.8552	2418
2026-09-30T09:48:00-04:00	8.9050	8.8555	371
2026-09-30T09:49:00-04:00	8.8950	8.8570	2000
2026-09-30T09:51:00-04:00	8.9300	8.8580	1020
2026-09-30T09:53:00-04:00	9.0000	8.8630	2548
2026-09-30T09:54:00-04:00	9.0499	8.8737	4733
2026-09-30T09:55:00-04:00	9.0600	8.8783	1815
2026-09-30T09:56:00-04:00	9.0101	8.8834	2285
2026-09-30T09:57:00-04:00	9.1499	8.9001	5188
2026-09-30T09:58:00-04:00	9.0900	8.9140	5242
2026-09-30T09:59:00-04:00	9.0650	8.9251	6571
2026-09-30T10:00:00-04:00	9.0200	8.9296	3456
2026-09-30T10:01:00-04:00	9.0000	8.9341	6045
2026-09-30T10:02:00-04:00	9.0300	8.9366	2733
2026-09-30T10:04:00-04:00	9.0000	8.9369	479
2026-09-30T10:05:00-04:00	9.0050	8.9400	4591
2026-09-30T10:06:00-04:00	9.0151	8.9557	24800
2026-09-30T10:07:00-04:00	9.0100	8.9563	1385
2026-09-30T10:08:00-04:00	8.9900	8.9609	23285
2026-09-30T10:10:00-04:00	8.9500	8.9611	2732
2026-09-30T10:11:00-04:00	8.9300	8.9609	540
2026-09-30T10:12:00-04:00	8.9500	8.9609	676
2026-09-30T10:13:00-04:00	8.9650	8.9609	1910
2026-09-30T10:14:00-04:00	8.9800	8.9611	1542
2026-09-30T10:15:00-04:00	9.0350	8.9704	30015
2026-09-30T10:16:00-04:00	9.0300	8.9709	1656
2026-09-30T10:17:00-04:00	9.0200	8.9714	2077
2026-09-30T10:18:00-04:00	9.0300	8.9725	3722
2026-09-30T10:19:00-04:00	9.0100	8.9727	879
2026-09-30T10:20:00-04:00	9.0200	8.9731	1562
2026-09-30T10:21:00-04:00	9.0100	8.9732	893
2026-09-30T10:22:00-04:00	8.9900	8.9733	917
2026-09-30T10:23:00-04:00	9.0000	8.9735	1151
2026-09-30T10:24:00-04:00	8.9900	8.9736	1022
2026-09-30T10:25:00-04:00	8.9800	8.9736	1194
2026-09-30T10:26:00-04:00	8.9700	8.9736	452
2026-09-30T10:27:00-04:00	8.9750	8.9736	1415
2026-09-30T10:28:00-04:00	8.9400	8.9734	1440
2026-09-30T10:30:00-04:00	8.9700	8.9733	2693
2026-09-30T10:31:00-04:00	8.9700	8.9733	258
2026-09-30T10:32:00-04:00	8.9900	8.9734	1201
2026-09-30T10:33:00-04:00	8.9500	8.9732	2759
2026-09-30T10:35:00-04:00	8.9400	8.9728	2470
2026-09-30T10:36:00-04:00	8.9500	8.9728	402
2026-09-30T10:37:00-04:00	8.9700	8.9728	320
2026-09-30T10:38:00-04:00	8.9650	8.9727	1371
2026-09-30T10:39:00-04:00	8.9700	8.9727	1048
2026-09-30T10:40:00-04:00	8.9500	8.9727	749
2026-09-30T10:41:00-04:00	8.9700	8.9726	1142
2026-09-30T10:42:00-04:00	9.0000	8.9729	2985
2026-09-30T10:43:00-04:00	8.9850	8.9729	741
2026-09-30T10:44:00-04:00	8.9700	8.9729	884
2026-09-30T10:45:00-04:00	8.9500	8.9721	8524
2026-09-30T10:47:00-04:00	8.9450	8.9720	317
2026-09-30T10:48:00-04:00	8.9600	8.9719	1226
2026-09-30T10:49:00-04:00	8.9450	8.9718	1639
2026-09-30T10:51:00-04:00	8.9450	8.9717	1056
2026-09-30T10:52:00-04:00	8.9500	8.9716	527
2026-09-30T10:53:00-04:00	8.9650	8.9716	1910
2026-09-30T10:54:00-04:00	8.9800	8.9716	1454
2026-09-30T10:55:00-04:00	8.9800	8.9717	633
2026-09-30T10:56:00-04:00	8.9900	8.9717	300
2026-09-30T10:57:00-04:00	8.9740	8.9717	454
2026-09-30T10:58:00-04:00	9.0000	8.9720	4534
2026-09-30T10:59:00-04:00	9.0000	8.9725	3381
2026-09-30T11:00:00-04:00	9.0300	8.9729	2362
2026-09-30T11:01:00-04:00	9.0300	8.9730	245
2026-09-30T11:02:00-04:00	9.0150	8.9746	10513
2026-09-30T11:03:00-04:00	9.0200	8.9752	3678
2026-09-30T11:04:00-04:00	9.0100	8.9754	1321
2026-09-30T11:05:00-04:00	9.0126	8.9759	3137
2026-09-30T11:06:00-04:00	9.0300	8.9763	1924
2026-09-30T11:07:00-04:00	9.0300	8.9763	442
2026-09-30T11:08:00-04:00	9.0450	8.9772	3793
2026-09-30T11:09:00-04:00	9.0650	8.9773	442
2026-09-30T11:10:00-04:00	9.0800	8.9782	2607
2026-09-30T11:11:00-04:00	9.0900	8.9800	4746
2026-09-30T11:12:00-04:00	9.0500	8.9804	1359
2026-09-30T11:13:00-04:00	9.0600	8.9807	981
2026-09-30T11:14:00-04:00	9.0528	8.9809	937
2026-09-30T11:15:00-04:00	9.0700	8.9835	8887
2026-09-30T11:16:00-04:00	9.0650	8.9838	1130
2026-09-30T11:17:00-04:00	9.0350	8.9841	1488
2026-09-30T11:18:00-04:00	9.0200	8.9846	4409
2026-09-30T11:19:00-04:00	8.9800	8.9847	7175
2026-09-30T11:20:00-04:00	8.9400	8.9845	1527
2026-09-30T11:21:00-04:00	8.9150	8.9844	456
2026-09-30T11:22:00-04:00	8.9000	8.9841	1104
2026-09-30T11:23:00-04:00	8.8701	8.9835	1852
2026-09-30T11:24:00-04:00	8.8400	8.9811	5650
2026-09-30T11:25:00-04:00	8.8495	8.9807	1158
2026-09-30T11:26:00-04:00	8.8300	8.9802	961
2026-09-30T11:27:00-04:00	8.8400	8.9798	1100
2026-09-30T11:28:00-04:00	8.8500	8.9779	4501
2026-09-30T11:29:00-04:00	8.8500	8.9774	1248
2026-09-30T11:30:00-04:00	8.8350	8.9763	2650
2026-09-30T11:31:00-04:00	8.8400	8.9759	1076
2026-09-30T11:32:00-04:00	8.8600	8.9754	1367
2026-09-30T11:33:00-04:00	8.8500	8.9750	1041
2026-09-30T11:35:00-04:00	8.8312	8.9746	1030
2026-09-30T11:36:00-04:00	8.8425	8.9744	635
2026-09-30T11:37:00-04:00	8.8600	8.9733	2943
2026-09-30T11:38:00-04:00	8.8700	8.9727	2017
2026-09-30T11:39:00-04:00	8.8700	8.9724	1264
2026-09-30T11:40:00-04:00	8.9000	8.9713	4926
2026-09-30T11:41:00-04:00	8.9000	8.9712	884
2026-09-30T11:42:00-04:00	8.8900	8.9702	4416
2026-09-30T11:43:00-04:00	8.8899	8.9696	2709
2026-09-30T11:44:00-04:00	8.8900	8.9691	2321
2026-09-30T11:45:00-04:00	8.9150	8.9677	9271
2026-09-30T11:46:00-04:00	8.9150	8.9677	220
2026-09-30T11:47:00-04:00	8.8950	8.9651	15086
2026-09-30T11:48:00-04:00	8.9200	8.9649	1596
2026-09-30T11:49:00-04:00	8.9250	8.9647	1965
2026-09-30T11:50:00-04:00	8.9200	8.9646	896
2026-09-30T11:51:00-04:00	8.9050	8.9644	1382
2026-09-30T11:52:00-04:00	8.8900	8.9643	854
2026-09-30T11:53:00-04:00	8.8505	8.9637	2363
2026-09-30T11:54:00-04:00	8.8600	8.9636	132
2026-09-30T11:55:00-04:00	8.8600	8.9635	594
2026-09-30T11:56:00-04:00	8.8650	8.9633	648
2026-09-30T11:57:00-04:00	8.8700	8.9625	3219
2026-09-30T11:58:00-04:00	8.8046	8.9591	10494
2026-09-30T11:59:00-04:00	8.8350	8.9569	6740
2026-09-30T12:00:00-04:00	8.8400	8.9563	2319
2026-09-30T12:01:00-04:00	8.8600	8.9558	2052
2026-09-30T12:02:00-04:00	8.8600	8.9554	1842
2026-09-30T12:03:00-04:00	8.8600	8.9549	2022
2026-09-30T12:04:00-04:00	8.8500	8.9547	1053
2026-09-30T12:05:00-04:00	8.8400	8.9545	621
2026-09-30T12:06:00-04:00	8.8500	8.9545	269
2026-09-30T12:07:00-04:00	8.8425	8.9543	478
2026-09-30T12:08:00-04:00	8.8300	8.9540	1396
2026-09-30T12:09:00-04:00	8.8400	8.9538	741
2026-09-30T12:11:00-04:00	8.8300	8.9533	1727
2026-09-30T12:12:00-04:00	8.8300	8.9532	174
2026-09-30T12:13:00-04:00	8.8300	8.9529	1200
2026-09-30T12:14:00-04:00	8.9000	8.9519	5682
2026-09-30T12:15:00-04:00	8.8850	8.9507	8587
2026-09-30T12:16:00-04:00	8.8600	8.9503	2215
2026-09-30T12:17:00-04:00	8.8700	8.9502	597
2026-09-30T12:18:00-04:00	8.8700	8.9500	1358
2026-09-30T12:19:00-04:00	8.8700	8.9500	109
2026-09-30T12:20:00-04:00	8.8700	8.9496	2118
2026-09-30T12:21:00-04:00	8.8900	8.9494	1449
2026-09-30T12:22:00-04:00	8.8900	8.9493	553
2026-09-30T12:23:00-04:00	8.8900	8.9491	1566
2026-09-30T12:24:00-04:00	8.9000	8.9489	1432
2026-09-30T12:25:00-04:00	8.9000	8.9487	2490
2026-09-30T12:26:00-04:00	8.9100	8.9486	324
2026-09-30T12:27:00-04:00	8.9100	8.9486	944
2026-09-30T12:28:00-04:00	8.9100	8.9485	802
2026-09-30T12:30:00-04:00	8.9100	8.9484	1064
2026-09-30T12:31:00-04:00	8.9100	8.9484	670
2026-09-30T12:32:00-04:00	8.9100	8.9483	705
2026-09-30T12:33:00-04:00	8.9200	8.9483	155
2026-09-30T12:34:00-04:00	8.9200	8.9482	1952
2026-09-30T12:35:00-04:00	8.9300	8.9482	576
2026-09-30T12:36:00-04:00	8.9200	8.9481	1341
2026-09-30T12:37:00-04:00	8.9300	8.9480	1909
2026-09-30T12:38:00-04:00	8.9550	8.9480	6989
2026-09-30T12:39:00-04:00	8.9699	8.9480	1125
2026-09-30T12:40:00-04:00	8.9400	8.9480	3402
2026-09-30T12:41:00-04:00	8.9550	8.9481	1147
2026-09-30T12:42:00-04:00	8.9600	8.9481	848
2026-09-30T12:43:00-04:00	8.9500	8.9481	880
2026-09-30T12:44:00-04:00	8.9500	8.9482	5162
2026-09-30T12:45:00-04:00	8.9700	8.9486	13801
2026-09-30T12:46:00-04:00	8.9500	8.9486	4550
2026-09-30T12:47:00-04:00	8.9500	8.9486	1059
2026-09-30T12:48:00-04:00	8.9600	8.9486	1073
2026-09-30T12:49:00-04:00	8.9500	8.9487	3489
2026-09-30T12:50:00-04:00	8.9600	8.9487	739
2026-09-30T12:51:00-04:00	8.9500	8.9487	3619
2026-09-30T12:52:00-04:00	8.9500	8.9487	705
2026-09-30T12:54:00-04:00	8.9500	8.9487	642
2026-09-30T12:55:00-04:00	8.9300	8.9486	6773
2026-09-30T12:56:00-04:00	8.9300	8.9486	420
2026-09-30T12:57:00-04:00	8.9300	8.9485	981
2026-09-30T12:58:00-04:00	8.9300	8.9485	2120
2026-09-30T13:01:00-04:00	8.9150	8.9484	1059
2026-09-30T13:02:00-04:00	8.9100	8.9482	2092
2026-09-30T13:03:00-04:00	8.9100	8.9481	1881
2026-09-30T13:05:00-04:00	8.9100	8.9481	424
2026-09-30T13:06:00-04:00	8.9100	8.9481	245
2026-09-30T13:07:00-04:00	8.9200	8.9477	6971
2026-09-30T13:08:00-04:00	8.9200	8.9476	1259
2026-09-30T13:09:00-04:00	8.9200	8.9476	270
2026-09-30T13:10:00-04:00	8.9100	8.9475	1491
2026-09-30T13:11:00-04:00	8.8800	8.9473	2080
2026-09-30T13:12:00-04:00	8.8800	8.9471	970
2026-09-30T13:13:00-04:00	8.8600	8.9470	1168
2026-09-30T13:15:00-04:00	8.8500	8.9445	15332
2026-09-30T13:16:00-04:00	8.8150	8.9440	2727
2026-09-30T13:17:00-04:00	8.8200	8.9438	885
2026-09-30T13:18:00-04:00	8.8200	8.9437	280
2026-09-30T13:19:00-04:00	8.8200	8.9431	2886
2026-09-30T13:20:00-04:00	8.8150	8.9427	1898
2026-09-30T13:21:00-04:00	8.8150	8.9425	923
2026-09-30T13:22:00-04:00	8.8150	8.9424	315
2026-09-30T13:23:00-04:00	8.8050	8.9404	8211
2026-09-30T13:24:00-04:00	8.8050	8.9402	987
2026-09-30T13:25:00-04:00	8.8100	8.9402	216
2026-09-30T13:26:00-04:00	8.8000	8.9385	6985
2026-09-30T13:27:00-04:00	8.8100	8.9384	402
2026-09-30T13:28:00-04:00	8.8100	8.9384	194
2026-09-30T13:29:00-04:00	8.8200	8.9380	1739
2026-09-30T13:30:00-04:00	8.8100	8.9378	1350
2026-09-30T13:31:00-04:00	8.7900	8.9372	2269
2026-09-30T13:32:00-04:00	8.8000	8.9369	1252
2026-09-30T13:33:00-04:00	8.8100	8.9363	2764
2026-09-30T13:35:00-04:00	8.8100	8.9362	732
2026-09-30T13:36:00-04:00	8.8100	8.9356	3174
2026-09-30T13:37:00-04:00	8.8200	8.9355	145
2026-09-30T13:38:00-04:00	8.8300	8.9351	2700
2026-09-30T13:39:00-04:00	8.8400	8.9342	5937
2026-09-30T13:40:00-04:00	8.8400	8.9339	1731
2026-09-30T13:41:00-04:00	8.8500	8.9339	409
2026-09-30T13:42:00-04:00	8.8600	8.9337	1164
2026-09-30T13:43:00-04:00	8.8600	8.9335	1534
2026-09-30T13:44:00-04:00	8.8700	8.9334	827
2026-09-30T13:45:00-04:00	8.8500	8.9333	1354
2026-09-30T13:46:00-04:00	8.8450	8.9319	9704
2026-09-30T13:47:00-04:00	8.8400	8.9303	12694
2026-09-30T13:49:00-04:00	8.8500	8.9302	205
2026-09-30T13:50:00-04:00	8.8500	8.9301	864
2026-09-30T13:51:00-04:00	8.8400	8.9300	694
2026-09-30T13:52:00-04:00	8.8200	8.9297	1949
2026-09-30T13:53:00-04:00	8.8200	8.9295	1034
2026-09-30T13:54:00-04:00	8.8050	8.9294	950
2026-09-30T13:55:00-04:00	8.8083	8.9292	542
2026-09-30T13:56:00-04:00	8.8050	8.9291	746
2026-09-30T13:57:00-04:00	8.8000	8.9288	1602
2026-09-30T14:00:00-04:00	8.7400	8.9240	19178
2026-09-30T14:01:00-04:00	8.6850	8.9214	8003
2026-09-30T14:02:00-04:00	8.6900	8.9205	2752
2026-09-30T14:03:00-04:00	8.7200	8.9193	3997
2026-09-30T14:04:00-04:00	8.7100	8.9190	971
2026-09-30T14:05:00-04:00	8.7200	8.9187	878
2026-09-30T14:06:00-04:00	8.6750	8.9177	2889
2026-09-30T14:07:00-04:00	8.6750	8.9174	1129
2026-09-30T14:08:00-04:00	8.6750	8.9165	2380
2026-09-30T14:09:00-04:00	8.6718	8.9163	617
2026-09-30T14:10:00-04:00	8.6491	8.9149	3881
2026-09-30T14:11:00-04:00	8.6500	8.9143	1585
2026-09-30T14:12:00-04:00	8.6450	8.9138	1323
2026-09-30T14:13:00-04:00	8.6300	8.9116	5460
2026-09-30T14:14:00-04:00	8.6550	8.9108	2236
2026-09-30T14:15:00-04:00	8.6450	8.9088	5408
2026-09-30T14:16:00-04:00	8.6500	8.9057	8543
2026-09-30T14:17:00-04:00	8.6400	8.9051	1805
2026-09-30T14:19:00-04:00	8.6400	8.9048	916
2026-09-30T14:20:00-04:00	8.6300	8.9037	2892
2026-09-30T14:21:00-04:00	8.6200	8.9010	6872
2026-09-30T14:22:00-04:00	8.6400	8.8971	10907
2026-09-30T14:23:00-04:00	8.6500	8.8969	645
2026-09-30T14:24:00-04:00	8.6450	8.8961	2242
2026-09-30T14:25:00-04:00	8.6400	8.8959	768
2026-09-30T14:26:00-04:00	8.6400	8.8956	728
2026-09-30T14:27:00-04:00	8.6600	8.8944	3813
2026-09-30T14:28:00-04:00	8.6600	8.8937	2197
2026-09-30T14:29:00-04:00	8.6800	8.8933	1694
2026-09-30T14:30:00-04:00	8.6700	8.8925	2587
2026-09-30T14:33:00-04:00	8.6550	8.8918	2471
2026-09-30T14:34:00-04:00	8.6350	8.8885	9940
2026-09-30T14:35:00-04:00	8.6300	8.8882	936
2026-09-30T14:36:00-04:00	8.6400	8.8872	3183
2026-09-30T14:37:00-04:00	8.6600	8.8862	3388
2026-09-30T14:38:00-04:00	8.6550	8.8856	1842
2026-09-30T14:39:00-04:00	8.6700	8.8843	4817
2026-09-30T14:40:00-04:00	8.6650	8.8838	1857
2026-09-30T14:41:00-04:00	8.6750	8.8834	1656
2026-09-30T14:42:00-04:00	8.6900	8.8828	2217
2026-09-30T14:43:00-04:00	8.6800	8.8824	1671
2026-09-30T14:44:00-04:00	8.6800	8.8818	2505
2026-09-30T14:45:00-04:00	8.6650	8.8795	8683
2026-09-30T14:46:00-04:00	8.6650	8.8790	2018
2026-09-30T14:47:00-04:00	8.6650	8.8785	1928
2026-09-30T14:48:00-04:00	8.6650	8.8783	750
2026-09-30T14:49:00-04:00	8.6700	8.8780	1093
2026-09-30T14:50:00-04:00	8.6700	8.8779	693
2026-09-30T14:51:00-04:00	8.6800	8.8772	2657
2026-09-30T14:52:00-04:00	8.6750	8.8762	3969
2026-09-30T14:53:00-04:00	8.6600	8.8738	9927
2026-09-30T14:54:00-04:00	8.6600	8.8736	583
2026-09-30T14:55:00-04:00	8.6650	8.8645	36878
2026-09-30T14:56:00-04:00	8.6900	8.8631	6867
2026-09-30T14:57:00-04:00	8.6900	8.8630	673
2026-09-30T14:58:00-04:00	8.7000	8.8624	2928
2026-09-30T14:59:00-04:00	8.6950	8.8622	1335
2026-09-30T15:00:00-04:00	8.6850	8.8611	5736
2026-09-30T15:01:00-04:00	8.6750	8.8604	3188
2026-09-30T15:02:00-04:00	8.6750	8.8602	1209
2026-09-30T15:03:00-04:00	8.6750	8.8595	3100
2026-09-30T15:04:00-04:00	8.6900	8.8591	2339
2026-09-30T15:05:00-04:00	8.6850	8.8586	2313
2026-09-30T15:06:00-04:00	8.6750	8.8582	2114
2026-09-30T15:07:00-04:00	8.6800	8.8575	3354
2026-09-30T15:08:00-04:00	8.6950	8.8570	3040
2026-09-30T15:09:00-04:00	8.6950	8.8568	1225
2026-09-30T15:10:00-04:00	8.6950	8.8566	836
2026-09-30T15:11:00-04:00	8.7000	8.8566	406
2026-09-30T15:12:00-04:00	8.6650	8.8539	13473
2026-09-30T15:13:00-04:00	8.6750	8.8533	2870
2026-09-30T15:14:00-04:00	8.6700	8.8528	2534
2026-09-30T15:15:00-04:00	8.6550	8.8524	1832
2026-09-30T15:16:00-04:00	8.6500	8.8508	7882
2026-09-30T15:17:00-04:00	8.6600	8.8505	1376
2026-09-30T15:18:00-04:00	8.6600	8.8502	1490
2026-09-30T15:19:00-04:00	8.6650	8.8489	6626
2026-09-30T15:20:00-04:00	8.6600	8.8483	2909
2026-09-30T15:21:00-04:00	8.6800	8.8474	4954
2026-09-30T15:22:00-04:00	8.6900	8.8468	3512
2026-09-30T15:23:00-04:00	8.6800	8.8467	758
2026-09-30T15:24:00-04:00	8.6750	8.8450	9851
2026-09-30T15:25:00-04:00	8.6750	8.8447	1212
2026-09-30T15:26:00-04:00	8.6800	8.8446	942
2026-09-30T15:27:00-04:00	8.6800	8.8439	4217
2026-09-30T15:28:00-04:00	8.6650	8.8427	6434
2026-09-30T15:29:00-04:00	8.6400	8.8408	9946
2026-09-30T15:30:00-04:00	8.6400	8.8391	8218
2026-09-30T15:31:00-04:00	8.6500	8.8374	8546
2026-09-30T15:32:00-04:00	8.6550	8.8366	4874
2026-09-30T15:33:00-04:00	8.6650	8.8359	3736
2026-09-30T15:34:00-04:00	8.6500	8.8354	3196
2026-09-30T15:35:00-04:00	8.6500	8.8346	3996
2026-09-30T15:36:00-04:00	8.6350	8.8338	4471
2026-09-30T15:37:00-04:00	8.6200	8.8330	3834
2026-09-30T15:38:00-04:00	8.6300	8.8327	1547
2026-09-30T15:39:00-04:00	8.6450	8.8318	4923
2026-09-30T15:40:00-04:00	8.6350	8.8302	8695
2026-09-30T15:41:00-04:00	8.6250	8.8293	4671
2026-09-30T15:42:00-04:00	8.6150	8.8276	8791
2026-09-30T15:43:00-04:00	8.6050	8.8264	5795
2026-09-30T15:44:00-04:00	8.6100	8.8253	5488
2026-09-30T15:45:00-04:00	8.6200	8.8252	454
2026-09-30T15:46:00-04:00	8.6300	8.8226	14326
2026-09-30T15:47:00-04:00	8.6250	8.8217	4870
2026-09-30T15:48:00-04:00	8.6216	8.8215	1358
2026-09-30T15:49:00-04:00	8.6150	8.8204	5873
2026-09-30T15:50:00-04:00	8.6400	8.8175	17010
2026-09-30T15:51:00-04:00	8.6250	8.8160	8604
2026-09-30T15:52:00-04:00	8.6250	8.8138	12993
2026-09-30T15:53:00-04:00	8.6350	8.8124	8880
2026-09-30T15:54:00-04:00	8.6200	8.8101	14458
2026-09-30T15:55:00-04:00	8.6500	8.8055	31524
2026-09-30T15:56:00-04:00	8.6600	8.8031	19176
2026-09-30T15:57:00-04:00	8.6450	8.8006	19776
2026-09-30T15:58:00-04:00	8.6200	8.7946	43951
2026-09-30T15:59:00-04:00	8.6500	8.7857	76783
2026-10-01T09:30:00-04:00	8.6050	8.6217	70369
2026-10-01T09:31:00-04:00	8.6500	8.6244	4326
2026-10-01T09:32:00-04:00	8.8200	8.6378	8180
2026-10-01T09:33:00-04:00	8.9300	8.6487	3771
2026-10-01T09:34:00-04:00	8.8150	8.6523	1869
2026-10-01T09:35:00-04:00	8.7500	8.6540	1348
2026-10-01T09:36:00-04:00	8.7400	8.6592	4879
2026-10-01T09:37:00-04:00	8.6806	8.6597	1056
2026-10-01T09:39:00-04:00	8.6868	8.6602	1644
2026-10-01T09:40:00-04:00	8.6600	8.6605	2500
2026-10-01T09:41:00-04:00	8.6350	8.6602	1338
2026-10-01T09:42:00-04:00	8.6400	8.6590	4856
2026-10-01T09:44:00-04:00	8.6500	8.6589	1133
2026-10-01T09:45:00-04:00	8.6000	8.6550	9381
2026-10-01T09:47:00-04:00	8.6300	8.6533	6291
2026-10-01T09:48:00-04:00	8.5900	8.6524	2100
2026-10-01T09:49:00-04:00	8.6200	8.6521	1047
2026-10-01T09:50:00-04:00	8.6250	8.6509	6833
2026-10-01T09:51:00-04:00	8.6500	8.6508	513
2026-10-01T09:52:00-04:00	8.7200	8.6515	1906
2026-10-01T09:53:00-04:00	8.7300	8.6536	4159
2026-10-01T09:54:00-04:00	8.6800	8.6542	2162
2026-10-01T09:55:00-04:00	8.7000	8.6546	1304
2026-10-01T09:57:00-04:00	8.7200	8.6586	6637
2026-10-01T10:00:00-04:00	8.7300	8.6593	1750
2026-10-01T10:01:00-04:00	8.6850	8.6601	2881
2026-10-01T10:02:00-04:00	8.6400	8.6597	4296
2026-10-01T10:03:00-04:00	8.6400	8.6594	6033
2026-10-01T10:04:00-04:00	8.6320	8.6591	5443
2026-10-01T10:05:00-04:00	8.6500	8.6589	2516
2026-10-01T10:06:00-04:00	8.6700	8.6589	1639
2026-10-01T10:07:00-04:00	8.6750	8.6589	592
2026-10-01T10:08:00-04:00	8.7000	8.6592	730
2026-10-01T10:09:00-04:00	8.7170	8.6593	520
2026-10-01T10:10:00-04:00	8.7200	8.6596	767
2026-10-01T10:11:00-04:00	8.7000	8.6599	1368
2026-10-01T10:12:00-04:00	8.7000	8.6601	1138
2026-10-01T10:13:00-04:00	8.7000	8.6611	5462
2026-10-01T10:14:00-04:00	8.6900	8.6613	1681
2026-10-01T10:15:00-04:00	8.6900	8.6628	7282
2026-10-01T10:16:00-04:00	8.6850	8.6628	108
2026-10-01T10:17:00-04:00	8.7300	8.6634	2119
2026-10-01T10:19:00-04:00	8.6950	8.6638	2132
2026-10-01T10:20:00-04:00	8.7331	8.6642	1421
2026-10-01T10:21:00-04:00	8.7300	8.6651	2438
2026-10-01T10:23:00-04:00	8.7100	8.6653	572
2026-10-01T10:24:00-04:00	8.7300	8.6656	1139
2026-10-01T10:25:00-04:00	8.7265	8.6660	1562
2026-10-01T10:26:00-04:00	8.7450	8.6664	1004
2026-10-01T10:28:00-04:00	8.7500	8.6675	2791
2026-10-01T10:29:00-04:00	8.7600	8.6677	504
2026-10-01T10:30:00-04:00	8.7500	8.6678	264
2026-10-01T10:32:00-04:00	8.7900	8.6700	3943
2026-10-01T10:33:00-04:00	8.8200	8.6704	711
2026-10-01T10:34:00-04:00	8.7900	8.6714	1742
2026-10-01T10:35:00-04:00	8.7740	8.6720	1108
2026-10-01T10:36:00-04:00	8.8000	8.6727	1356
2026-10-01T10:37:00-04:00	8.7900	8.6785	11029
2026-10-01T10:38:00-04:00	8.7600	8.6795	2541
2026-10-01T10:39:00-04:00	8.7600	8.6814	5310
2026-10-01T10:40:00-04:00	8.7200	8.6818	2101
2026-10-01T10:41:00-04:00	8.7500	8.6827	3898
2026-10-01T10:42:00-04:00	8.7600	8.6830	913
2026-10-01T10:43:00-04:00	8.7552	8.6842	4517
2026-10-01T10:44:00-04:00	8.7500	8.6845	1000
2026-10-01T10:45:00-04:00	8.7300	8.6862	8790
2026-10-01T10:46:00-04:00	8.6900	8.6864	3104
2026-10-01T10:47:00-04:00	8.7200	8.6867	2190
2026-10-01T10:48:00-04:00	8.6900	8.6867	455
2026-10-01T10:49:00-04:00	8.6800	8.6866	637
2026-10-01T10:50:00-04:00	8.6500	8.6865	1613
2026-10-01T10:51:00-04:00	8.6500	8.6864	441
2026-10-01T10:52:00-04:00	8.6300	8.6863	684
2026-10-01T10:53:00-04:00	8.6500	8.6842	13778
2026-10-01T10:54:00-04:00	8.6350	8.6838	2347
2026-10-01T10:55:00-04:00	8.6400	8.6833	2887
2026-10-01T10:56:00-04:00	8.6600	8.6832	1498
2026-10-01T10:57:00-04:00	8.6600	8.6829	3375
2026-10-01T10:58:00-04:00	8.6950	8.6830	1581
2026-10-01T10:59:00-04:00	8.6900	8.6830	704
2026-10-01T11:00:00-04:00	8.6600	8.6829	1360
2026-10-01T11:01:00-04:00	8.6250	8.6828	466
2026-10-01T11:02:00-04:00	8.6400	8.6824	2639
2026-10-01T11:04:00-04:00	8.6400	8.6819	3712
2026-10-01T11:05:00-04:00	8.6300	8.6818	461
2026-10-01T11:06:00-04:00	8.6200	8.6816	866
2026-10-01T11:07:00-04:00	8.5900	8.6809	2742
2026-10-01T11:08:00-04:00	8.5750	8.6806	611
2026-10-01T11:09:00-04:00	8.5800	8.6799	2285
2026-10-01T11:11:00-04:00	8.5800	8.6793	1688
2026-10-01T11:12:00-04:00	8.5600	8.6788	1452
2026-10-01T11:13:00-04:00	8.5550	8.6781	2007
2026-10-01T11:15:00-04:00	8.5300	8.6730	11833
2026-10-01T11:16:00-04:00	8.5800	8.6690	12417
2026-10-01T11:17:00-04:00	8.6000	8.6686	1813
2026-10-01T11:18:00-04:00	8.5800	8.6679	3088
2026-10-01T11:19:00-04:00	8.5800	8.6677	478
2026-10-01T11:20:00-04:00	8.5800	8.6676	730
2026-10-01T11:21:00-04:00	8.6000	8.6672	1741
2026-10-01T11:22:00-04:00	8.6100	8.6671	757
2026-10-01T11:23:00-04:00	8.6000	8.6668	1240
2026-10-01T11:24:00-04:00	8.5850	8.6664	2000
2026-10-01T11:25:00-04:00	8.5700	8.6659	1775
2026-10-01T11:26:00-04:00	8.5650	8.6648	3833
2026-10-01T11:27:00-04:00	8.5950	8.6644	2092
2026-10-01T11:28:00-04:00	8.5800	8.6627	6997
2026-10-01T11:29:00-04:00	8.5700	8.6623	1658
2026-10-01T11:30:00-04:00	8.5600	8.6621	847
2026-10-01T11:31:00-04:00	8.5600	8.6618	1178
2026-10-01T11:32:00-04:00	8.5500	8.6606	3755
2026-10-01T11:33:00-04:00	8.5420	8.6605	436
2026-10-01T11:34:00-04:00	8.5400	8.6597	2434
2026-10-01T11:36:00-04:00	8.5200	8.6578	5232
2026-10-01T11:37:00-04:00	8.5200	8.6575	817
2026-10-01T11:38:00-04:00	8.5600	8.6552	8097
2026-10-01T11:39:00-04:00	8.5600	8.6547	2179
2026-10-01T11:40:00-04:00	8.5700	8.6546	713
2026-10-01T11:41:00-04:00	8.5500	8.6541	1560
2026-10-01T11:42:00-04:00	8.5500	8.6538	1137
2026-10-01T11:43:00-04:00	8.5400	8.6536	987
2026-10-01T11:44:00-04:00	8.5300	8.6534	652
2026-10-01T11:45:00-04:00	8.5300	8.6509	7924
2026-10-01T11:46:00-04:00	8.5300	8.6504	1675
2026-10-01T11:47:00-04:00	8.5300	8.6501	979
2026-10-01T11:48:00-04:00	8.5600	8.6489	5702
2026-10-01T11:49:00-04:00	8.5800	8.6486	1589
2026-10-01T11:50:00-04:00	8.5600	8.6484	693
2026-10-01T11:51:00-04:00	8.5700	8.6484	335
2026-10-01T11:52:00-04:00	8.5900	8.6482	948
2026-10-01T11:53:00-04:00	8.5700	8.6480	1046
2026-10-01T11:54:00-04:00	8.5700	8.6476	2564
2026-10-01T11:55:00-04:00	8.5600	8.6474	1045
2026-10-01T11:56:00-04:00	8.6000	8.6470	2359
2026-10-01T11:57:00-04:00	8.5800	8.6468	1360
2026-10-01T11:58:00-04:00	8.5806	8.6466	1145
2026-10-01T11:59:00-04:00	8.5900	8.6466	162
2026-10-01T12:00:00-04:00	8.6000	8.6464	1401
2026-10-01T12:01:00-04:00	8.5800	8.6463	1328
2026-10-01T12:02:00-04:00	8.6100	8.6459	3490
2026-10-01T12:03:00-04:00	8.6100	8.6457	2288
2026-10-01T12:04:00-04:00	8.6200	8.6456	1110
2026-10-01T12:05:00-04:00	8.6150	8.6456	1116
2026-10-01T12:06:00-04:00	8.6800	8.6457	4049
2026-10-01T12:07:00-04:00	8.6550	8.6458	1831
2026-10-01T12:08:00-04:00	8.6550	8.6458	558
2026-10-01T12:09:00-04:00	8.6300	8.6457	2063
2026-10-01T12:11:00-04:00	8.6050	8.6424	51678
2026-10-01T12:12:00-04:00	8.5800	8.6420	3074
2026-10-01T12:13:00-04:00	8.5500	8.6419	394
2026-10-01T12:15:00-04:00	8.5500	8.6406	7410
2026-10-01T12:16:00-04:00	8.5600	8.6396	5956
2026-10-01T12:17:00-04:00	8.5900	8.6387	8591
2026-10-01T12:18:00-04:00	8.5900	8.6383	3692
2026-10-01T12:19:00-04:00	8.5900	8.6382	1394
2026-10-01T12:20:00-04:00	8.5800	8.6380	1380
2026-10-01T12:21:00-04:00	8.5700	8.6379	1194
2026-10-01T12:22:00-04:00	8.5800	8.6375	3287
2026-10-01T12:23:00-04:00	8.5600	8.6373	1352
2026-10-01T12:24:00-04:00	8.5750	8.6372	921
2026-10-01T12:26:00-04:00	8.5800	8.6372	120
2026-10-01T12:27:00-04:00	8.5634	8.6369	2611
2026-10-01T12:28:00-04:00	8.5700	8.6368	523
2026-10-01T12:29:00-04:00	8.5650	8.6368	391
2026-10-01T12:30:00-04:00	8.5700	8.6367	824
2026-10-01T12:31:00-04:00	8.5800	8.6365	1515
2026-10-01T12:32:00-04:00	8.5899	8.6364	970
2026-10-01T12:33:00-04:00	8.5832	8.6363	1111
2026-10-01T12:34:00-04:00	8.5900	8.6359	4208
2026-10-01T12:35:00-04:00	8.5900	8.6357	2856
2026-10-01T12:36:00-04:00	8.5900	8.6356	954
2026-10-01T12:37:00-04:00	8.5700	8.6356	338
2026-10-01T12:38:00-04:00	8.5500	8.6354	1007
2026-10-01T12:39:00-04:00	8.5400	8.6352	1243
2026-10-01T12:40:00-04:00	8.5500	8.6349	1878
2026-10-01T12:42:00-04:00	8.5400	8.6347	1386
2026-10-01T12:43:00-04:00	8.5400	8.6346	537
2026-10-01T12:44:00-04:00	8.5400	8.6343	1534
2026-10-01T12:45:00-04:00	8.5400	8.6331	7290
2026-10-01T12:46:00-04:00	8.5450	8.6328	1867
2026-10-01T12:47:00-04:00	8.5400	8.6327	568
2026-10-01T12:48:00-04:00	8.5800	8.6321	5301
2026-10-01T12:49:00-04:00	8.5850	8.6320	2299
2026-10-01T12:50:00-04:00	8.5900	8.6314	7807
2026-10-01T12:51:00-04:00	8.5700	8.6314	238
2026-10-01T12:52:00-04:00	8.5650	8.6314	457
2026-10-01T12:53:00-04:00	8.5700	8.6312	1742
2026-10-01T12:54:00-04:00	8.5600	8.6311	932
2026-10-01T12:55:00-04:00	8.5400	8.6302	5596
2026-10-01T12:56:00-04:00	8.5300	8.6299	1979
2026-10-01T12:58:00-04:00	8.5300	8.6298	684
2026-10-01T13:00:00-04:00	8.5300	8.6297	241
2026-10-01T13:01:00-04:00	8.5300	8.6287	5804
2026-10-01T13:02:00-04:00	8.5650	8.6281	5529
2026-10-01T13:03:00-04:00	8.5850	8.6277	4183
2026-10-01T13:04:00-04:00	8.6100	8.6277	773
2026-10-01T13:05:00-04:00	8.6100	8.6276	1392
2026-10-01T13:06:00-04:00	8.6000	8.6276	861
2026-10-01T13:07:00-04:00	8.5850	8.6276	656
2026-10-01T13:08:00-04:00	8.6200	8.6273	10075
2026-10-01T13:09:00-04:00	8.6050	8.6272	1109
2026-10-01T13:10:00-04:00	8.6000	8.6272	1382
2026-10-01T13:11:00-04:00	8.6200	8.6272	1672
2026-10-01T13:12:00-04:00	8.5850	8.6268	6336
2026-10-01T13:13:00-04:00	8.5600	8.6263	5518
2026-10-01T13:14:00-04:00	8.5400	8.6256	5692
2026-10-01T13:15:00-04:00	8.5350	8.6222	26593
2026-10-01T13:16:00-04:00	8.5700	8.6213	10230
2026-10-01T13:17:00-04:00	8.5800	8.6212	1479
2026-10-01T13:18:00-04:00	8.5800	8.6209	3232
2026-10-01T13:19:00-04:00	8.6150	8.6209	1684
2026-10-01T13:20:00-04:00	8.6100	8.6208	4897
2026-10-01T13:21:00-04:00	8.6100	8.6208	751
2026-10-01T13:22:00-04:00	8.6100	8.6208	1499
2026-10-01T13:23:00-04:00	8.6250	8.6208	1027
2026-10-01T13:24:00-04:00	8.6500	8.6209	1593
2026-10-01T13:25:00-04:00	8.6600	8.6210	2921
2026-10-01T13:27:00-04:00	8.6914	8.6211	901
2026-10-01T13:28:00-04:00	8.7100	8.6213	1183
2026-10-01T13:29:00-04:00	8.6900	8.6214	890
2026-10-01T13:30:00-04:00	8.7500	8.6227	9329
2026-10-01T13:31:00-04:00	8.7600	8.6230	1351
2026-10-01T13:32:00-04:00	8.7600	8.6231	597
2026-10-01T13:33:00-04:00	8.7000	8.6232	1317
2026-10-01T13:34:00-04:00	8.6900	8.6235	2137
2026-10-01T13:35:00-04:00	8.6800	8.6236	1599
2026-10-01T13:36:00-04:00	8.6700	8.6237	1921
2026-10-01T13:37:00-04:00	8.6350	8.6237	506
2026-10-01T13:38:00-04:00	8.6200	8.6237	1924
2026-10-01T13:39:00-04:00	8.6200	8.6237	495
2026-10-01T13:40:00-04:00	8.6200	8.6236	6104
2026-10-01T13:41:00-04:00	8.6500	8.6237	1789
2026-10-01T13:42:00-04:00	8.6500	8.6237	512
2026-10-01T13:43:00-04:00	8.6600	8.6237	827
2026-10-01T13:44:00-04:00	8.6750	8.6239	3024
2026-10-01T13:45:00-04:00	8.6800	8.6244	6971
2026-10-01T13:46:00-04:00	8.6800	8.6246	2575
2026-10-01T13:48:00-04:00	8.6800	8.6247	1117
2026-10-01T13:49:00-04:00	8.6602	8.6247	762
2026-10-01T13:50:00-04:00	8.6200	8.6248	11527
2026-10-01T13:52:00-04:00	8.6000	8.6247	1180
2026-10-01T13:53:00-04:00	8.5950	8.6247	633
2026-10-01T13:54:00-04:00	8.5550	8.6245	2240
2026-10-01T13:55:00-04:00	8.5700	8.6244	1577
2026-10-01T13:56:00-04:00	8.5600	8.6242	2495
2026-10-01T13:57:00-04:00	8.5550	8.6241	1302
2026-10-01T13:58:00-04:00	8.5500	8.6240	880
2026-10-01T13:59:00-04:00	8.5400	8.6240	665
2026-10-01T14:00:00-04:00	8.5400	8.6238	1183
2026-10-01T14:01:00-04:00	8.5300	8.6237	899
2026-10-01T14:02:00-04:00	8.5400	8.6236	1631
2026-10-01T14:03:00-04:00	8.5300	8.6234	1010
2026-10-01T14:04:00-04:00	8.5300	8.6234	463
2026-10-01T14:05:00-04:00	8.5248	8.6232	1371
2026-10-01T14:06:00-04:00	8.5200	8.6228	2809
2026-10-01T14:07:00-04:00	8.4900	8.6215	7900
2026-10-01T14:08:00-04:00	8.5000	8.6210	3666
2026-10-01T14:09:00-04:00	8.5200	8.6209	744
2026-10-01T14:10:00-04:00	8.5100	8.6206	1725
2026-10-01T14:12:00-04:00	8.5600	8.6199	7954
2026-10-01T14:13:00-04:00	8.5692	8.6194	7907
2026-10-01T14:14:00-04:00	8.5700	8.6193	1426
2026-10-01T14:15:00-04:00	8.5750	8.6188	9617
2026-10-01T14:16:00-04:00	8.5650	8.6187	2249
2026-10-01T14:17:00-04:00	8.5700	8.6186	1415
2026-10-01T14:18:00-04:00	8.5750	8.6185	2313
2026-10-01T14:19:00-04:00	8.5700	8.6184	1009
2026-10-01T14:20:00-04:00	8.5500	8.6182	2573
2026-10-01T14:21:00-04:00	8.5600	8.6174	11992
2026-10-01T14:22:00-04:00	8.5700	8.6172	4051
2026-10-01T14:23:00-04:00	8.5900	8.6171	2951
2026-10-01T14:24:00-04:00	8.5851	8.6171	627
2026-10-01T14:25:00-04:00	8.5750	8.6170	2265
2026-10-01T14:26:00-04:00	8.5400	8.6168	2232
2026-10-01T14:27:00-04:00	8.5400	8.6161	7779
2026-10-01T14:28:00-04:00	8.5350	8.6159	1464
2026-10-01T14:29:00-04:00	8.5200	8.6158	687
2026-10-01T14:30:00-04:00	8.5200	8.6157	1542
2026-10-01T14:31:00-04:00	8.5200	8.6155	1480
2026-10-01T14:32:00-04:00	8.5400	8.6153	2754
2026-10-01T14:33:00-04:00	8.5600	8.6150	3204
2026-10-01T14:34:00-04:00	8.6200	8.6150	4642
2026-10-01T14:35:00-04:00	8.5900	8.6149	2916
2026-10-01T14:36:00-04:00	8.5900	8.6148	3313
2026-10-01T14:37:00-04:00	8.5900	8.6148	1171
2026-10-01T14:38:00-04:00	8.5850	8.6148	900
2026-10-01T14:39:00-04:00	8.5700	8.6147	1823
2026-10-01T14:40:00-04:00	8.5700	8.6146	867
2026-10-01T14:41:00-04:00	8.5750	8.6146	783
2026-10-01T14:42:00-04:00	8.5900	8.6145	2848
2026-10-01T14:44:00-04:00	8.5800	8.6144	1863
2026-10-01T14:45:00-04:00	8.5900	8.6142	7645
2026-10-01T14:46:00-04:00	8.5750	8.6141	1999
2026-10-01T14:47:00-04:00	8.5900	8.6140	3041
2026-10-01T14:48:00-04:00	8.5900	8.6140	880
2026-10-01T14:49:00-04:00	8.5750	8.6140	1973
2026-10-01T14:50:00-04:00	8.5800	8.6139	1358
2026-10-01T14:51:00-04:00	8.5950	8.6138	7597
2026-10-01T14:52:00-04:00	8.5850	8.6135	10377
2026-10-01T14:53:00-04:00	8.5650	8.6133	4311
2026-10-01T14:54:00-04:00	8.5600	8.6132	3121
2026-10-01T14:55:00-04:00	8.5550	8.6130	2817
2026-10-01T14:56:00-04:00	8.5600	8.6129	1001
2026-10-01T14:57:00-04:00	8.5650	8.6129	1057
2026-10-01T14:58:00-04:00	8.5650	8.6128	1297
2026-10-01T14:59:00-04:00	8.5700	8.6127	3547
2026-10-01T15:00:00-04:00	8.5720	8.6126	1976
2026-10-01T15:01:00-04:00	8.5700	8.6125	1517
2026-10-01T15:02:00-04:00	8.5500	8.6123	2826
2026-10-01T15:03:00-04:00	8.5250	8.6121	2430
2026-10-01T15:04:00-04:00	8.5550	8.6099	33165
2026-10-01T15:05:00-04:00	8.5500	8.6099	870
2026-10-01T15:06:00-04:00	8.5550	8.6098	1790
2026-10-01T15:07:00-04:00	8.5550	8.6097	1257
2026-10-01T15:08:00-04:00	8.5350	8.6094	4327
2026-10-01T15:09:00-04:00	8.5350	8.6094	784
2026-10-01T15:10:00-04:00	8.5500	8.6092	3274
2026-10-01T15:12:00-04:00	8.5400	8.6090	1608
2026-10-01T15:13:00-04:00	8.5400	8.6089	1416
2026-10-01T15:14:00-04:00	8.5450	8.6089	680
2026-10-01T15:15:00-04:00	8.5550	8.6083	10778
2026-10-01T15:16:00-04:00	8.5400	8.6082	1046
2026-10-01T15:17:00-04:00	8.5500	8.6074	13808
2026-10-01T15:18:00-04:00	8.5500	8.6074	1566
2026-10-01T15:19:00-04:00	8.5550	8.6073	1242
2026-10-01T15:20:00-04:00	8.5450	8.6071	4200
2026-10-01T15:21:00-04:00	8.5450	8.6069	2101
2026-10-01T15:22:00-04:00	8.5300	8.6068	2229
2026-10-01T15:23:00-04:00	8.5350	8.6067	1583
2026-10-01T15:24:00-04:00	8.5650	8.6060	13441
2026-10-01T15:25:00-04:00	8.5650	8.6057	9845
2026-10-01T15:26:00-04:00	8.5800	8.6055	5945
2026-10-01T15:27:00-04:00	8.5700	8.6055	1187
2026-10-01T15:28:00-04:00	8.5650	8.6054	2170
2026-10-01T15:29:00-04:00	8.5550	8.6053	2107
2026-10-01T15:30:00-04:00	8.5800	8.6050	10377
2026-10-01T15:31:00-04:00	8.5850	8.6049	3608
2026-10-01T15:32:00-04:00	8.6100	8.6049	5117
2026-10-01T15:33:00-04:00	8.6000	8.6049	3307
2026-10-01T15:34:00-04:00	8.6000	8.6049	9669
2026-10-01T15:35:00-04:00	8.6100	8.6049	6939
2026-10-01T15:36:00-04:00	8.6250	8.6049	1973
2026-10-01T15:37:00-04:00	8.6350	8.6050	3916
2026-10-01T15:38:00-04:00	8.6300	8.6051	1876
2026-10-01T15:39:00-04:00	8.6250	8.6051	3547
2026-10-01T15:40:00-04:00	8.6250	8.6052	1487
2026-10-01T15:41:00-04:00	8.6450	8.6057	17018
2026-10-01T15:42:00-04:00	8.6500	8.6058	1081
2026-10-01T15:43:00-04:00	8.6200	8.6058	4529
2026-10-01T15:44:00-04:00	8.6100	8.6059	2682
2026-10-01T15:45:00-04:00	8.6150	8.6060	15544
2026-10-01T15:46:00-04:00	8.6200	8.6061	4442
2026-10-01T15:47:00-04:00	8.6200	8.6061	3264
2026-10-01T15:48:00-04:00	8.6200	8.6061	3011
2026-10-01T15:49:00-04:00	8.6300	8.6062	6102
2026-10-01T15:50:00-04:00	8.6450	8.6064	4967
2026-10-01T15:51:00-04:00	8.6750	8.6069	10351
2026-10-01T15:52:00-04:00	8.6600	8.6072	6123
2026-10-01T15:53:00-04:00	8.6400	8.6073	3448
2026-10-01T15:54:00-04:00	8.6200	8.6074	7192
2026-10-01T15:55:00-04:00	8.5900	8.6073	14622
2026-10-01T15:56:00-04:00	8.6000	8.6072	12054
2026-10-01T15:57:00-04:00	8.6000	8.6071	14179
2026-10-01T15:58:00-04:00	8.5650	8.6064	32276
2026-10-01T15:59:00-04:00	8.5900	8.6052	65491
2026-10-02T09:30:00-04:00	8.8500	8.8433	28593
2026-10-02T09:31:00-04:00	8.8000	8.8331	6097
2026-10-02T09:32:00-04:00	8.8300	8.8364	8462
2026-10-02T09:33:00-04:00	8.7050	8.8275	4210
2026-10-02T09:34:00-04:00	8.7500	8.8246	1759
2026-10-02T09:35:00-04:00	8.8250	8.8232	4578
2026-10-02T09:36:00-04:00	8.8600	8.8242	2144
2026-10-02T09:37:00-04:00	8.8200	8.8257	6311
2026-10-02T09:38:00-04:00	8.8100	8.8233	14357
2026-10-02T09:39:00-04:00	8.7300	8.8207	2745
2026-10-02T09:40:00-04:00	8.6684	8.8142	4023
2026-10-02T09:41:00-04:00	8.6700	8.8092	2752
2026-10-02T09:42:00-04:00	8.6800	8.8086	430
2026-10-02T09:43:00-04:00	8.6500	8.8060	1677
2026-10-02T09:44:00-04:00	8.7600	8.8050	1423
2026-10-02T09:45:00-04:00	8.8600	8.8087	13456
2026-10-02T09:46:00-04:00	8.8100	8.8121	75166
2026-10-02T09:47:00-04:00	8.8200	8.8122	4802
2026-10-02T09:48:00-04:00	8.9000	8.8164	15088
2026-10-02T09:49:00-04:00	8.9800	8.8248	13721
2026-10-02T09:50:00-04:00	8.9008	8.8378	36252
2026-10-02T09:51:00-04:00	8.8500	8.8385	3797
2026-10-02T09:52:00-04:00	8.9150	8.8391	1825
2026-10-02T09:53:00-04:00	8.8800	8.8392	1121
2026-10-02T09:54:00-04:00	8.8700	8.8395	3342
2026-10-02T09:55:00-04:00	8.8056	8.8386	11191
2026-10-02T09:56:00-04:00	8.8000	8.8354	19569
2026-10-02T09:57:00-04:00	8.8100	8.8347	4609
2026-10-02T09:58:00-04:00	8.8200	8.8344	4631
2026-10-02T10:00:00-04:00	8.7700	8.8338	2663
2026-10-02T10:01:00-04:00	8.7500	8.8335	760
2026-10-02T10:02:00-04:00	8.8300	8.8332	3976
2026-10-02T10:03:00-04:00	8.8600	8.8333	1365
2026-10-02T10:04:00-04:00	8.8600	8.8335	2389
2026-10-02T10:05:00-04:00	8.8500	8.8338	2905
2026-10-02T10:06:00-04:00	8.8700	8.8339	1472
2026-10-02T10:07:00-04:00	8.8950	8.8342	2068
2026-10-02T10:08:00-04:00	8.9250	8.8392	22429
2026-10-02T10:09:00-04:00	8.9650	8.8408	4918
2026-10-02T10:10:00-04:00	8.9600	8.8423	4109
2026-10-02T10:11:00-04:00	8.8910	8.8434	5341
2026-10-02T10:12:00-04:00	8.9100	8.8438	2522
2026-10-02T10:13:00-04:00	8.9400	8.8441	970
2026-10-02T10:14:00-04:00	8.9400	8.8443	745
2026-10-02T10:15:00-04:00	8.9300	8.8476	14463
2026-10-02T10:16:00-04:00	9.0100	8.8498	5692
2026-10-02T10:17:00-04:00	9.0450	8.8559	12609
2026-10-02T10:18:00-04:00	9.0100	8.8573	3221
2026-10-02T10:19:00-04:00	9.0000	8.8588	4161
2026-10-02T10:20:00-04:00	9.0350	8.8597	2348
2026-10-02T10:21:00-04:00	9.0325	8.8605	1793
2026-10-02T10:22:00-04:00	9.0500	8.8632	5899
2026-10-02T10:23:00-04:00	8.9300	8.8731	41314
2026-10-02T10:24:00-04:00	8.9350	8.8732	1041
2026-10-02T10:25:00-04:00	8.9250	8.8748	12318
2026-10-02T10:26:00-04:00	8.9500	8.8757	6804
2026-10-02T10:27:00-04:00	8.9750	8.8761	1810
2026-10-02T10:28:00-04:00	8.9800	8.8762	660
2026-10-02T10:29:00-04:00	8.9700	8.8762	104
2026-10-02T10:30:00-04:00	8.9500	8.8764	856
2026-10-02T10:31:00-04:00	8.9700	8.8768	1804
2026-10-02T10:32:00-04:00	8.9600	8.8768	200
2026-10-02T10:33:00-04:00	8.9350	8.8770	1462
2026-10-02T10:34:00-04:00	8.9600	8.8772	1493
2026-10-02T10:35:00-04:00	8.9800	8.8775	1047
2026-10-02T10:36:00-04:00	9.0050	8.8780	2178
2026-10-02T10:37:00-04:00	8.9900	8.8787	2889
2026-10-02T10:38:00-04:00	8.9900	8.8799	5643
2026-10-02T10:40:00-04:00	9.0200	8.8805	2160
2026-10-02T10:41:00-04:00	9.0150	8.8808	1222
2026-10-02T10:42:00-04:00	9.0200	8.8811	898
2026-10-02T10:43:00-04:00	9.0000	8.8816	2135
2026-10-02T10:44:00-04:00	9.0200	8.8827	4261
2026-10-02T10:45:00-04:00	9.0150	8.8847	7702
2026-10-02T10:46:00-04:00	8.9800	8.8856	4358
2026-10-02T10:47:00-04:00	9.0100	8.8863	3118
2026-10-02T10:48:00-04:00	9.0000	8.8871	3281
2026-10-02T10:49:00-04:00	9.0020	8.8877	2573
2026-10-02T10:50:00-04:00	9.0100	8.8880	1552
2026-10-02T10:51:00-04:00	9.0100	8.8881	427
2026-10-02T10:52:00-04:00	8.9701	8.8885	2095
2026-10-02T10:53:00-04:00	8.9400	8.8887	1957
2026-10-02T10:54:00-04:00	8.8950	8.8888	3180
2026-10-02T10:55:00-04:00	8.9350	8.8892	5910
2026-10-02T10:56:00-04:00	8.9401	8.8895	3565
2026-10-02T10:57:00-04:00	8.9590	8.8897	1345
2026-10-02T10:58:00-04:00	8.9200	8.8898	1054
2026-10-02T10:59:00-04:00	8.8650	8.8897	1695
2026-10-02T11:01:00-04:00	8.8700	8.8897	684
2026-10-02T11:02:00-04:00	8.8000	8.8889	6449
2026-10-02T11:03:00-04:00	8.7400	8.8867	9119
2026-10-02T11:04:00-04:00	8.7400	8.8865	933
2026-10-02T11:05:00-04:00	8.7200	8.8852	4131
2026-10-02T11:06:00-04:00	8.7050	8.8848	1467
2026-10-02T11:07:00-04:00	8.7100	8.8839	2945
2026-10-02T11:08:00-04:00	8.7000	8.8830	2691
2026-10-02T11:09:00-04:00	8.7100	8.8823	2397
2026-10-02T11:10:00-04:00	8.6700	8.8805	4835
2026-10-02T11:11:00-04:00	8.6500	8.8794	3077
2026-10-02T11:12:00-04:00	8.6100	8.8788	1255
2026-10-02T11:13:00-04:00	8.6250	8.8780	1741
2026-10-02T11:14:00-04:00	8.6300	8.8771	2010
2026-10-02T11:15:00-04:00	8.6850	8.8706	19932
2026-10-02T11:16:00-04:00	8.7000	8.8696	3238
2026-10-02T11:17:00-04:00	8.7150	8.8687	3491
2026-10-02T11:18:00-04:00	8.6800	8.8657	10337
2026-10-02T11:19:00-04:00	8.6500	8.8651	1757
2026-10-02T11:20:00-04:00	8.6200	8.8648	704
2026-10-02T11:21:00-04:00	8.6350	8.8645	871
2026-10-02T11:22:00-04:00	8.6400	8.8640	1477
2026-10-02T11:23:00-04:00	8.6400	8.8637	911
2026-10-02T11:24:00-04:00	8.6200	8.8628	2182
2026-10-02T11:25:00-04:00	8.6200	8.8613	3966
2026-10-02T11:26:00-04:00	8.6300	8.8607	1558
2026-10-02T11:27:00-04:00	8.6600	8.8604	1080
2026-10-02T11:28:00-04:00	8.6700	8.8592	4087
2026-10-02T11:29:00-04:00	8.6700	8.8589	722
2026-10-02T11:30:00-04:00	8.6700	8.8578	4044
2026-10-02T11:31:00-04:00	8.7050	8.8564	5497
2026-10-02T11:32:00-04:00	8.7200	8.8563	634
2026-10-02T11:33:00-04:00	8.7500	8.8559	2155
2026-10-02T11:34:00-04:00	8.7700	8.8555	2772
2026-10-02T11:35:00-04:00	8.7600	8.8539	12124
2026-10-02T11:36:00-04:00	8.8050	8.8537	2094
2026-10-02T11:37:00-04:00	8.7800	8.8535	2309
2026-10-02T11:38:00-04:00	8.8000	8.8533	1776
2026-10-02T11:39:00-04:00	8.7900	8.8533	711
2026-10-02T11:40:00-04:00	8.8000	8.8532	895
2026-10-02T11:41:00-04:00	8.7750	8.8530	1350
2026-10-02T11:42:00-04:00	8.7400	8.8528	1581
2026-10-02T11:43:00-04:00	8.7350	8.8527	549
2026-10-02T11:44:00-04:00	8.7200	8.8524	1253
2026-10-02T11:45:00-04:00	8.7500	8.8512	8370
2026-10-02T11:46:00-04:00	8.7600	8.8510	882
2026-10-02T11:47:00-04:00	8.7500	8.8508	1351
2026-10-02T11:48:00-04:00	8.7200	8.8505	2026
2026-10-02T11:49:00-04:00	8.7150	8.8503	870
2026-10-02T11:50:00-04:00	8.7200	8.8502	382
2026-10-02T11:51:00-04:00	8.7200	8.8500	1659
2026-10-02T11:52:00-04:00	8.7200	8.8497	1305
2026-10-02T11:53:00-04:00	8.7300	8.8496	515
2026-10-02T11:54:00-04:00	8.7000	8.8494	1319
2026-10-02T11:55:00-04:00	8.7100	8.8490	1740
2026-10-02T11:56:00-04:00	8.7300	8.8487	1790
2026-10-02T11:58:00-04:00	8.7200	8.8478	5053
2026-10-02T11:59:00-04:00	8.7224	8.8475	1518
2026-10-02T12:00:00-04:00	8.7400	8.8472	2014
2026-10-02T12:01:00-04:00	8.7500	8.8468	2713
2026-10-02T12:02:00-04:00	8.7600	8.8467	1287
2026-10-02T12:03:00-04:00	8.7600	8.8467	288
2026-10-02T12:05:00-04:00	8.7500	8.8466	804
2026-10-02T12:06:00-04:00	8.7700	8.8464	1603
2026-10-02T12:08:00-04:00	8.7900	8.8462	2100
2026-10-02T12:09:00-04:00	8.7950	8.8460	2369
2026-10-02T12:10:00-04:00	8.7950	8.8460	533
2026-10-02T12:11:00-04:00	8.8050	8.8458	3040
2026-10-02T12:12:00-04:00	8.7800	8.8457	1916
2026-10-02T12:13:00-04:00	8.7750	8.8456	137
2026-10-02T12:14:00-04:00	8.7600	8.8455	903
2026-10-02T12:15:00-04:00	8.7800	8.8446	9429
2026-10-02T12:16:00-04:00	8.7800	8.8443	3114
2026-10-02T12:17:00-04:00	8.7800	8.8443	294
2026-10-02T12:18:00-04:00	8.8000	8.8442	1872
2026-10-02T12:19:00-04:00	8.8000	8.8438	7306
2026-10-02T12:20:00-04:00	8.7900	8.8436	2366
2026-10-02T12:21:00-04:00	8.7800	8.8435	1213
2026-10-02T12:22:00-04:00	8.7800	8.8435	181
2026-10-02T12:23:00-04:00	8.7800	8.8434	1054
2026-10-02T12:24:00-04:00	8.7700	8.8433	796
2026-10-02T12:25:00-04:00	8.7700	8.8431	1907
2026-10-02T12:26:00-04:00	8.7600	8.8431	358
2026-10-02T12:27:00-04:00	8.7600	8.8430	1173
2026-10-02T12:28:00-04:00	8.7700	8.8428	1466
2026-10-02T12:29:00-04:00	8.7550	8.8425	2725
2026-10-02T12:30:00-04:00	8.7600	8.8423	2406
2026-10-02T12:31:00-04:00	8.7600	8.8422	314
2026-10-02T12:32:00-04:00	8.7450	8.8421	1335
2026-10-02T12:33:00-04:00	8.7550	8.8419	1418
2026-10-02T12:36:00-04:00	8.7800	8.8415	4233
2026-10-02T12:37:00-04:00	8.7750	8.8413	2491
2026-10-02T12:38:00-04:00	8.8300	8.8411	6728
2026-10-02T12:39:00-04:00	8.8300	8.8411	729
2026-10-02T12:40:00-04:00	8.8100	8.8410	1488
2026-10-02T12:41:00-04:00	8.7900	8.8410	805
2026-10-02T12:42:00-04:00	8.7700	8.8408	2330
2026-10-02T12:43:00-04:00	8.7700	8.8407	316
2026-10-02T12:44:00-04:00	8.7800	8.8407	339
2026-10-02T12:45:00-04:00	8.8000	8.8403	7500
2026-10-02T12:46:00-04:00	8.8200	8.8403	1574
2026-10-02T12:47:00-04:00	8.8200	8.8402	788
2026-10-02T12:48:00-04:00	8.8350	8.8402	1598
2026-10-02T12:49:00-04:00	8.8100	8.8402	561
2026-10-02T12:52:00-04:00	8.8400	8.8402	692
2026-10-02T12:53:00-04:00	8.8400	8.8402	2261
2026-10-02T12:54:00-04:00	8.8550	8.8402	1122
2026-10-02T12:55:00-04:00	8.8400	8.8402	4290
2026-10-02T12:56:00-04:00	8.8600	8.8403	3695
2026-10-02T12:57:00-04:00	8.8600	8.8403	1705
2026-10-02T12:58:00-04:00	8.8500	8.8404	3867
2026-10-02T12:59:00-04:00	8.8450	8.8404	832
2026-10-02T13:00:00-04:00	8.8500	8.8404	802
2026-10-02T13:01:00-04:00	8.8700	8.8404	562
2026-10-02T13:02:00-04:00	8.8600	8.8404	974
2026-10-02T13:03:00-04:00	8.8600	8.8405	1163
2026-10-02T13:05:00-04:00	8.8500	8.8405	162
2026-10-02T13:06:00-04:00	8.8450	8.8405	1995
2026-10-02T13:07:00-04:00	8.8150	8.8404	3354
2026-10-02T13:08:00-04:00	8.8350	8.8404	3061
2026-10-02T13:09:00-04:00	8.8200	8.8404	521
2026-10-02T13:10:00-04:00	8.9200	8.8420	27259
2026-10-02T13:11:00-04:00	8.9200	8.8425	4886
2026-10-02T13:12:00-04:00	8.9250	8.8429	5249
2026-10-02T13:13:00-04:00	8.9100	8.8431	1713
2026-10-02T13:14:00-04:00	8.9050	8.8432	1238
2026-10-02T13:15:00-04:00	8.8950	8.8437	8303
2026-10-02T13:16:00-04:00	8.9700	8.8449	10262
2026-10-02T13:17:00-04:00	9.0000	8.8458	5098
2026-10-02T13:18:00-04:00	8.9800	8.8468	6465
2026-10-02T13:19:00-04:00	8.9800	8.8470	1402
2026-10-02T13:20:00-04:00	8.9800	8.8474	2987
2026-10-02T13:21:00-04:00	8.9600	8.8477	2125
2026-10-02T13:22:00-04:00	8.9700	8.8479	1583
2026-10-02T13:23:00-04:00	8.9500	8.8481	1919
2026-10-02T13:24:00-04:00	8.9500	8.8482	835
2026-10-02T13:25:00-04:00	8.9700	8.8486	3334
2026-10-02T13:26:00-04:00	8.9700	8.8490	3077
2026-10-02T13:27:00-04:00	8.9900	8.8492	1577
2026-10-02T13:28:00-04:00	8.9950	8.8501	5427
2026-10-02T13:29:00-04:00	8.9950	8.8505	2783
2026-10-02T13:30:00-04:00	8.9850	8.8511	4113
2026-10-02T13:31:00-04:00	9.0400	8.8522	6153
2026-10-02T13:32:00-04:00	9.0350	8.8526	1986
2026-10-02T13:33:00-04:00	9.0500	8.8534	3743
2026-10-02T13:34:00-04:00	9.0333	8.8540	3034
2026-10-02T13:35:00-04:00	9.0250	8.8546	3391
2026-10-02T13:36:00-04:00	9.0200	8.8548	1336
2026-10-02T13:37:00-04:00	8.9600	8.8552	3279
2026-10-02T13:38:00-04:00	8.9500	8.8553	821
2026-10-02T13:39:00-04:00	8.9500	8.8554	1215
2026-10-02T13:40:00-04:00	8.9400	8.8556	1953
2026-10-02T13:41:00-04:00	8.9700	8.8561	4400
2026-10-02T13:42:00-04:00	8.9600	8.8564	3293
2026-10-02T13:43:00-04:00	8.9700	8.8567	2504
2026-10-02T13:44:00-04:00	8.9700	8.8568	279
2026-10-02T13:45:00-04:00	8.9800	8.8580	9700
2026-10-02T13:46:00-04:00	8.9800	8.8581	729
2026-10-02T13:47:00-04:00	8.9850	8.8582	989
2026-10-02T13:48:00-04:00	8.9750	8.8585	2626
2026-10-02T13:49:00-04:00	8.9750	8.8587	1638
2026-10-02T13:50:00-04:00	8.9750	8.8593	5007
2026-10-02T13:51:00-04:00	9.0000	8.8600	5111
2026-10-02T13:52:00-04:00	9.0400	8.8606	3647
2026-10-02T13:53:00-04:00	9.0300	8.8607	761
2026-10-02T13:54:00-04:00	9.0200	8.8611	2489
2026-10-02T13:55:00-04:00	9.0050	8.8613	1287
2026-10-02T13:56:00-04:00	9.0000	8.8615	1126
2026-10-02T13:57:00-04:00	9.0050	8.8617	1851
2026-10-02T13:58:00-04:00	9.0200	8.8620	1666
2026-10-02T13:59:00-04:00	9.0350	8.8623	1878
2026-10-02T14:00:00-04:00	9.0250	8.8627	2586
2026-10-02T14:01:00-04:00	9.0050	8.8631	2860
2026-10-02T14:02:00-04:00	9.0200	8.8635	2215
2026-10-02T14:03:00-04:00	9.0200	8.8636	1053
2026-10-02T14:04:00-04:00	9.0400	8.8640	2044
2026-10-02T14:05:00-04:00	9.0450	8.8641	1032
2026-10-02T14:06:00-04:00	9.0400	8.8649	4695
2026-10-02T14:07:00-04:00	9.0250	8.8653	2254
2026-10-02T14:08:00-04:00	9.0150	8.8658	3311
2026-10-02T14:09:00-04:00	9.0250	8.8660	1532
2026-10-02T14:10:00-04:00	9.0400	8.8666	3443
2026-10-02T14:11:00-04:00	9.0100	8.8668	1615
2026-10-02T14:12:00-04:00	9.0200	8.8669	958
2026-10-02T14:13:00-04:00	9.0100	8.8670	703
2026-10-02T14:14:00-04:00	9.0200	8.8672	1009
2026-10-02T14:15:00-04:00	9.0300	8.8687	10184
2026-10-02T14:16:00-04:00	9.0250	8.8689	1745
2026-10-02T14:17:00-04:00	9.0000	8.8692	1986
2026-10-02T14:18:00-04:00	8.9950	8.8694	1677
2026-10-02T14:19:00-04:00	8.9750	8.8696	2264
2026-10-02T14:20:00-04:00	8.9700	8.8699	2696
2026-10-02T14:21:00-04:00	8.9600	8.8699	938
2026-10-02T14:22:00-04:00	8.9450	8.8701	2331
2026-10-02T14:23:00-04:00	8.9300	8.8703	3002
2026-10-02T14:24:00-04:00	8.9350	8.8703	621
2026-10-02T14:25:00-04:00	8.9350	8.8704	1087
2026-10-02T14:26:00-04:00	8.9300	8.8705	2406
2026-10-02T14:27:00-04:00	8.9200	8.8708	6348
2026-10-02T14:28:00-04:00	8.9300	8.8709	1982
2026-10-02T14:29:00-04:00	8.9300	8.8710	703
2026-10-02T14:30:00-04:00	8.9300	8.8710	754
2026-10-02T14:31:00-04:00	8.9300	8.8711	1391
2026-10-02T14:32:00-04:00	8.9400	8.8712	2271
2026-10-02T14:33:00-04:00	8.9400	8.8713	1812
2026-10-02T14:35:00-04:00	8.9700	8.8716	2972
2026-10-02T14:36:00-04:00	8.9808	8.8718	1999
2026-10-02T14:37:00-04:00	8.9900	8.8720	1934
2026-10-02T14:38:00-04:00	8.9800	8.8722	2626
2026-10-02T14:39:00-04:00	8.9850	8.8723	1198
2026-10-02T14:40:00-04:00	8.9900	8.8726	2421
2026-10-02T14:41:00-04:00	8.9800	8.8728	2053
2026-10-02T14:42:00-04:00	9.0100	8.8731	2132
2026-10-02T14:43:00-04:00	9.0050	8.8735	3700
2026-10-02T14:44:00-04:00	9.0100	8.8737	1227
2026-10-02T14:45:00-04:00	9.0200	8.8747	8461
2026-10-02T14:46:00-04:00	9.0000	8.8750	2147
2026-10-02T14:47:00-04:00	8.9900	8.8751	1501
2026-10-02T14:48:00-04:00	8.9950	8.8752	1130
2026-10-02T14:49:00-04:00	8.9950	8.8755	2748
2026-10-02T14:50:00-04:00	8.9900	8.8757	1993
2026-10-02T14:51:00-04:00	9.0000	8.8759	1282
2026-10-02T14:52:00-04:00	9.0200	8.8761	1501
2026-10-02T14:53:00-04:00	9.0150	8.8762	1347
2026-10-02T14:54:00-04:00	9.0200	8.8764	1071
2026-10-02T14:55:00-04:00	9.0150	8.8765	937
2026-10-02T14:56:00-04:00	9.0300	8.8769	3221
2026-10-02T14:57:00-04:00	9.0200	8.8771	1918
2026-10-02T14:58:00-04:00	9.0200	8.8773	1738
2026-10-02T14:59:00-04:00	9.0050	8.8776	2421
2026-10-02T15:00:00-04:00	9.0250	8.8780	2855
2026-10-02T15:01:00-04:00	9.0200	8.8783	2693
2026-10-02T15:02:00-04:00	9.0200	8.8786	2321
2026-10-02T15:03:00-04:00	9.0300	8.8793	5615
2026-10-02T15:04:00-04:00	9.0300	8.8795	1080
2026-10-02T15:05:00-04:00	9.0300	8.8796	1154
2026-10-02T15:06:00-04:00	9.0250	8.8798	1208
2026-10-02T15:07:00-04:00	9.0100	8.8802	3621
2026-10-02T15:09:00-04:00	8.9900	8.8807	4630
2026-10-02T15:10:00-04:00	9.0050	8.8808	1098
2026-10-02T15:11:00-04:00	9.0150	8.8812	3817
2026-10-02T15:12:00-04:00	9.0108	8.8813	769
2026-10-02T15:13:00-04:00	9.0150	8.8814	1014
2026-10-02T15:14:00-04:00	9.0250	8.8816	1723
2026-10-02T15:15:00-04:00	9.0250	8.8828	9807
2026-10-02T15:16:00-04:00	9.0350	8.8834	4736
2026-10-02T15:17:00-04:00	9.0400	8.8836	1841
2026-10-02T15:18:00-04:00	9.0300	8.8854	14625
2026-10-02T15:19:00-04:00	9.0350	8.8856	1152
2026-10-02T15:20:00-04:00	9.0350	8.8858	1509
2026-10-02T15:21:00-04:00	9.0250	8.8861	3148
2026-10-02T15:22:00-04:00	9.0250	8.8863	1173
2026-10-02T15:23:00-04:00	9.0250	8.8868	4452
2026-10-02T15:24:00-04:00	9.0350	8.8873	4196
2026-10-02T15:25:00-04:00	9.0350	8.8878	4274
2026-10-02T15:26:00-04:00	9.0250	8.8883	4505
2026-10-02T15:27:00-04:00	9.0150	8.8892	8902
2026-10-02T15:28:00-04:00	9.0150	8.8896	3301
2026-10-02T15:29:00-04:00	9.0100	8.8903	8024
2026-10-02T15:30:00-04:00	9.0200	8.8909	6271
2026-10-02T15:31:00-04:00	9.0350	8.8913	3711
2026-10-02T15:32:00-04:00	9.0250	8.8920	6447
2026-10-02T15:33:00-04:00	9.0150	8.8922	2212
2026-10-02T15:34:00-04:00	9.0150	8.8925	2532
2026-10-02T15:35:00-04:00	9.0150	8.8928	3356
2026-10-02T15:36:00-04:00	8.9950	8.8934	6879
2026-10-02T15:37:00-04:00	9.0050	8.8940	7472
2026-10-02T15:38:00-04:00	9.0050	8.8945	5793
2026-10-02T15:39:00-04:00	9.0050	8.8947	2833
2026-10-02T15:40:00-04:00	8.9850	8.8952	6888
2026-10-02T15:41:00-04:00	8.9850	8.8957	6679
2026-10-02T15:42:00-04:00	8.9550	8.8961	8825
2026-10-02T15:43:00-04:00	8.9650	8.8964	5260
2026-10-02T15:44:00-04:00	8.9650	8.8969	9864
2026-10-02T15:45:00-04:00	8.9850	8.8974	8796
2026-10-02T15:46:00-04:00	8.9850	8.8976	3363
2026-10-02T15:47:00-04:00	8.9800	8.8980	5053
2026-10-02T15:48:00-04:00	8.9850	8.8984	7376
2026-10-02T15:49:00-04:00	8.9900	8.8991	10692
2026-10-02T15:50:00-04:00	8.9500	8.8997	11784
2026-10-02T15:51:00-04:00	8.9600	8.8999	6104
2026-10-02T15:52:00-04:00	8.9550	8.9001	4139
2026-10-02T15:53:00-04:00	8.9300	8.9003	7576
2026-10-02T15:54:00-04:00	8.9400	8.9006	13915
2026-10-02T15:55:00-04:00	8.9400	8.9009	9787
2026-10-02T15:56:00-04:00	8.9400	8.9012	11030
2026-10-02T15:57:00-04:00	8.9450	8.9017	18349
2026-10-02T15:58:00-04:00	8.9250	8.9024	36643
2026-10-02T15:59:00-04:00	8.9750	8.9050	69021
2026-10-05T09:30:00-04:00	8.5850	8.6467	38011
2026-10-05T09:31:00-04:00	8.5600	8.6235	16469
2026-10-05T09:32:00-04:00	8.5850	8.6144	20629
2026-10-05T09:33:00-04:00	8.5750	8.6110	12248
2026-10-05T09:34:00-04:00	8.5250	8.6040	8923
2026-10-05T09:35:00-04:00	8.5350	8.5955	12066
2026-10-05T09:36:00-04:00	8.5400	8.5916	12245
2026-10-05T09:37:00-04:00	8.5350	8.5908	1974
2026-10-05T09:38:00-04:00	8.5900	8.5900	6940
2026-10-05T09:39:00-04:00	8.5800	8.5899	1926
2026-10-05T09:40:00-04:00	8.5500	8.5894	1918
2026-10-05T09:41:00-04:00	8.5100	8.5866	4990
2026-10-05T09:42:00-04:00	8.5100	8.5838	5492
2026-10-05T09:43:00-04:00	8.5350	8.5820	6077
2026-10-05T09:44:00-04:00	8.5400	8.5789	8711
2026-10-05T09:45:00-04:00	8.5700	8.5787	2320
2026-10-05T09:46:00-04:00	8.5600	8.5782	3195
2026-10-05T09:47:00-04:00	8.5350	8.5750	19013
2026-10-05T09:48:00-04:00	8.4900	8.5711	10708
2026-10-05T09:49:00-04:00	8.4500	8.5668	7728
2026-10-05T09:50:00-04:00	8.4700	8.5630	8348
2026-10-05T09:51:00-04:00	8.4397	8.5501	32270
2026-10-05T09:52:00-04:00	8.4500	8.5485	3935
2026-10-05T09:53:00-04:00	8.4400	8.5461	6322
2026-10-05T09:54:00-04:00	8.4400	8.5438	5129
2026-10-05T09:55:00-04:00	8.4600	8.5370	19544
2026-10-05T09:56:00-04:00	8.4800	8.5366	1724
2026-10-05T09:58:00-04:00	8.4668	8.5361	2201
2026-10-05T09:59:00-04:00	8.4791	8.5354	3524
2026-10-05T10:00:00-04:00	8.4800	8.5342	5682
2026-10-05T10:01:00-04:00	8.4850	8.5337	3041
2026-10-05T10:02:00-04:00	8.5250	8.5336	1633
2026-10-05T10:03:00-04:00	8.5400	8.5336	804
2026-10-05T10:04:00-04:00	8.4900	8.5334	3131
2026-10-05T10:05:00-04:00	8.4900	8.5326	5826
2026-10-05T10:06:00-04:00	8.5100	8.5325	1409
2026-10-05T10:07:00-04:00	8.4700	8.5318	3901
2026-10-05T10:08:00-04:00	8.3900	8.5259	15306
2026-10-05T10:09:00-04:00	8.3450	8.5198	12081
2026-10-05T10:10:00-04:00	8.3600	8.5179	4305
2026-10-05T10:11:00-04:00	8.3500	8.5163	3416
2026-10-05T10:12:00-04:00	8.3300	8.5134	5694
2026-10-05T10:13:00-04:00	8.3500	8.5120	2912
2026-10-05T10:14:00-04:00	8.3450	8.5070	12299
2026-10-05T10:15:00-04:00	8.3350	8.5058	2716
2026-10-05T10:16:00-04:00	8.3500	8.5009	11257
2026-10-05T10:17:00-04:00	8.3600	8.4995	3704
2026-10-05T10:18:00-04:00	8.3700	8.4993	818
2026-10-05T10:19:00-04:00	8.3750	8.4989	1005
2026-10-05T10:20:00-04:00	8.3600	8.4983	1863
2026-10-05T10:21:00-04:00	8.3600	8.4978	1542
2026-10-05T10:22:00-04:00	8.3531	8.4963	3981
2026-10-05T10:23:00-04:00	8.3300	8.4940	5643
2026-10-05T10:24:00-04:00	8.3300	8.4928	2809
2026-10-05T10:25:00-04:00	8.3000	8.4876	11576
2026-10-05T10:26:00-04:00	8.2900	8.4849	6021
2026-10-05T10:27:00-04:00	8.3100	8.4725	29678
2026-10-05T10:28:00-04:00	8.3100	8.4675	14730
2026-10-05T10:29:00-04:00	8.2800	8.4645	7762
2026-10-05T10:30:00-04:00	8.2600	8.4567	17954
2026-10-05T10:31:00-04:00	8.1900	8.4468	20741
2026-10-05T10:32:00-04:00	8.2100	8.4432	7797
2026-10-05T10:33:00-04:00	8.1900	8.4388	9340
2026-10-05T10:34:00-04:00	8.1665	8.4354	6903
2026-10-05T10:35:00-04:00	8.1800	8.4306	10067
2026-10-05T10:36:00-04:00	8.1700	8.4293	2748
2026-10-05T10:37:00-04:00	8.1900	8.4225	15420
2026-10-05T10:38:00-04:00	8.2200	8.4200	6938
2026-10-05T10:39:00-04:00	8.2250	8.4196	1235
2026-10-05T10:40:00-04:00	8.2200	8.4170	7298
2026-10-05T10:41:00-04:00	8.2121	8.4132	11417
2026-10-05T10:42:00-04:00	8.2100	8.4122	2781
2026-10-05T10:43:00-04:00	8.2100	8.4111	3339
2026-10-05T10:44:00-04:00	8.2100	8.4105	1613
2026-10-05T10:45:00-04:00	8.1900	8.4039	19161
2026-10-05T10:46:00-04:00	8.2100	8.4014	7759
2026-10-05T10:47:00-04:00	8.2300	8.4000	4727
2026-10-05T10:48:00-04:00	8.2219	8.3989	4232
2026-10-05T10:49:00-04:00	8.1800	8.3974	4679
2026-10-05T10:50:00-04:00	8.1800	8.3962	3540
2026-10-05T10:51:00-04:00	8.1700	8.3949	3793
2026-10-05T10:52:00-04:00	8.1550	8.3938	3004
2026-10-05T10:53:00-04:00	8.1700	8.3907	9007
2026-10-05T10:54:00-04:00	8.1550	8.3903	1073
2026-10-05T10:55:00-04:00	8.1414	8.3865	10458
2026-10-05T10:56:00-04:00	8.1650	8.3842	6827
2026-10-05T10:57:00-04:00	8.1650	8.3815	8734
2026-10-05T10:58:00-04:00	8.1600	8.3800	4662
2026-10-05T10:59:00-04:00	8.1600	8.3796	1233
2026-10-05T11:00:00-04:00	8.1850	8.3782	4804
2026-10-05T11:01:00-04:00	8.1600	8.3772	3445
2026-10-05T11:02:00-04:00	8.1450	8.3751	6341
2026-10-05T11:03:00-04:00	8.1365	8.3739	3726
2026-10-05T11:04:00-04:00	8.1100	8.3698	11298
2026-10-05T11:05:00-04:00	8.1100	8.3677	5823
2026-10-05T11:06:00-04:00	8.0950	8.3662	4031
2026-10-05T11:07:00-04:00	8.1250	8.3603	17478
2026-10-05T11:08:00-04:00	8.1000	8.3563	12182
2026-10-05T11:09:00-04:00	8.1100	8.3554	2549
2026-10-05T11:10:00-04:00	8.0950	8.3532	6575
2026-10-05T11:11:00-04:00	8.0850	8.3523	2830
2026-10-05T11:12:00-04:00	8.0950	8.3509	4097
2026-10-05T11:13:00-04:00	8.0900	8.3499	3089
2026-10-05T11:14:00-04:00	8.0850	8.3497	600
2026-10-05T11:15:00-04:00	8.0850	8.3469	8059
2026-10-05T11:16:00-04:00	8.0810	8.3468	302
2026-10-05T11:17:00-04:00	8.0900	8.3454	4235
2026-10-05T11:18:00-04:00	8.0850	8.3451	951
2026-10-05T11:19:00-04:00	8.0850	8.3416	10936
2026-10-05T11:20:00-04:00	8.0850	8.3414	404
2026-10-05T11:21:00-04:00	8.0800	8.3411	1093
2026-10-05T11:22:00-04:00	8.0850	8.3372	12107
2026-10-05T11:23:00-04:00	8.0650	8.3348	7280
2026-10-05T11:24:00-04:00	8.1200	8.3317	11189
2026-10-05T11:25:00-04:00	8.1150	8.3314	1333
2026-10-05T11:26:00-04:00	8.1050	8.3296	6667
2026-10-05T11:27:00-04:00	8.1100	8.3277	7134
2026-10-05T11:28:00-04:00	8.1150	8.3277	215
2026-10-05T11:29:00-04:00	8.0900	8.3217	22635
2026-10-05T11:30:00-04:00	8.0950	8.3216	357
2026-10-05T11:31:00-04:00	8.1400	8.3188	12527
2026-10-05T11:32:00-04:00	8.1450	8.3184	2317
2026-10-05T11:33:00-04:00	8.1450	8.3182	763
2026-10-05T11:34:00-04:00	8.1350	8.3165	8200
2026-10-05T11:35:00-04:00	8.1400	8.3163	1019
2026-10-05T11:36:00-04:00	8.1550	8.3162	605
2026-10-05T11:37:00-04:00	8.1400	8.3158	2126
2026-10-05T11:39:00-04:00	8.1400	8.3155	1549
2026-10-05T11:40:00-04:00	8.1350	8.3153	801
2026-10-05T11:41:00-04:00	8.1450	8.3144	5074
2026-10-05T11:42:00-04:00	8.1600	8.3135	4735
2026-10-05T11:43:00-04:00	8.1600	8.3134	585
2026-10-05T11:44:00-04:00	8.1450	8.3133	779
2026-10-05T11:45:00-04:00	8.1250	8.3129	1818
2026-10-05T11:46:00-04:00	8.1350	8.3118	5743
2026-10-05T11:47:00-04:00	8.1350	8.3117	743
2026-10-05T11:48:00-04:00	8.1350	8.3109	3999
2026-10-05T11:49:00-04:00	8.1350	8.3107	1037
2026-10-05T11:50:00-04:00	8.1350	8.3106	509
2026-10-05T11:51:00-04:00	8.1700	8.3089	10247
2026-10-05T11:52:00-04:00	8.1850	8.3085	3638
2026-10-05T11:53:00-04:00	8.1850	8.3083	1178
2026-10-05T11:54:00-04:00	8.1950	8.3079	3521
2026-10-05T11:55:00-04:00	8.1910	8.3078	498
2026-10-05T11:56:00-04:00	8.1850	8.3075	2317
2026-10-05T11:57:00-04:00	8.1850	8.3075	174
2026-10-05T11:58:00-04:00	8.1700	8.3067	5463
2026-10-05T11:59:00-04:00	8.1700	8.3063	2873
2026-10-05T12:00:00-04:00	8.1550	8.3059	2627
2026-10-05T12:01:00-04:00	8.1550	8.3059	230
2026-10-05T12:02:00-04:00	8.1550	8.3058	420
2026-10-05T12:03:00-04:00	8.1550	8.3057	625
2026-10-05T12:04:00-04:00	8.1550	8.3056	573
2026-10-05T12:05:00-04:00	8.1550	8.3055	467
2026-10-05T12:06:00-04:00	8.1550	8.3055	220
2026-10-05T12:07:00-04:00	8.1450	8.3052	1753
2026-10-05T12:08:00-04:00	8.1468	8.3050	1200
2026-10-05T12:09:00-04:00	8.1491	8.3050	408
2026-10-05T12:10:00-04:00	8.1410	8.3048	658
2026-10-05T12:11:00-04:00	8.1400	8.3044	2918
2026-10-05T12:12:00-04:00	8.1101	8.3033	5562
2026-10-05T12:13:00-04:00	8.1101	8.3026	3384
2026-10-05T12:14:00-04:00	8.1103	8.3026	285
2026-10-05T12:15:00-04:00	8.1150	8.3026	117
2026-10-05T12:16:00-04:00	8.1106	8.3023	1479
2026-10-05T12:17:00-04:00	8.1150	8.3022	132
2026-10-05T12:18:00-04:00	8.1350	8.2935	53340
2026-10-05T12:19:00-04:00	8.1400	8.2934	640
2026-10-05T12:21:00-04:00	8.1501	8.2927	4778
2026-10-05T12:22:00-04:00	8.1500	8.2922	3510
2026-10-05T12:23:00-04:00	8.1600	8.2921	587
2026-10-05T12:24:00-04:00	8.1700	8.2918	2328
2026-10-05T12:25:00-04:00	8.2000	8.2909	9320
2026-10-05T12:26:00-04:00	8.1950	8.2909	853
2026-10-05T12:27:00-04:00	8.1850	8.2906	3249
2026-10-05T12:29:00-04:00	8.1850	8.2904	1103
2026-10-05T12:30:00-04:00	8.1950	8.2901	3224
2026-10-05T12:31:00-04:00	8.1950	8.2901	258
2026-10-05T12:32:00-04:00	8.1900	8.2897	4129
2026-10-05T12:33:00-04:00	8.1850	8.2896	1377
2026-10-05T12:34:00-04:00	8.1793	8.2894	1722
2026-10-05T12:35:00-04:00	8.1550	8.2891	2324
2026-10-05T12:36:00-04:00	8.1501	8.2883	6809
2026-10-05T12:37:00-04:00	8.1450	8.2882	826
2026-10-05T12:38:00-04:00	8.1400	8.2875	4811
2026-10-05T12:39:00-04:00	8.1401	8.2875	307
2026-10-05T12:40:00-04:00	8.1350	8.2872	2120
2026-10-05T12:42:00-04:00	8.1250	8.2868	2203
2026-10-05T12:43:00-04:00	8.1200	8.2868	275
2026-10-05T12:44:00-04:00	8.1250	8.2866	1242
2026-10-05T12:45:00-04:00	8.1750	8.2853	11290
2026-10-05T12:46:00-04:00	8.1916	8.2850	3080
2026-10-05T12:47:00-04:00	8.1900	8.2849	2029
2026-10-05T12:48:00-04:00	8.1600	8.2838	10355
2026-10-05T12:49:00-04:00	8.1501	8.2837	757
2026-10-05T12:50:00-04:00	8.1600	8.2832	3940
2026-10-05T12:51:00-04:00	8.1692	8.2831	1136
2026-10-05T12:52:00-04:00	8.2100	8.2821	14184
2026-10-05T12:53:00-04:00	8.2100	8.2820	990
2026-10-05T12:54:00-04:00	8.2050	8.2812	11430
2026-10-05T12:55:00-04:00	8.2399	8.2801	23565
2026-10-05T12:56:00-04:00	8.2201	8.2796	10121
2026-10-05T12:57:00-04:00	8.2250	8.2791	9792
2026-10-05T12:58:00-04:00	8.2250	8.2791	1294
2026-10-05T12:59:00-04:00	8.2200	8.2787	7811
2026-10-05T13:00:00-04:00	8.2050	8.2784	3572
2026-10-05T13:01:00-04:00	8.2250	8.2781	7671
2026-10-05T13:02:00-04:00	8.2100	8.2779	2943
2026-10-05T13:03:00-04:00	8.1900	8.2772	10125
2026-10-05T13:04:00-04:00	8.1650	8.2762	12022
2026-10-05T13:05:00-04:00	8.1350	8.2756	6320
2026-10-05T13:06:00-04:00	8.1350	8.2748	6939
2026-10-05T13:07:00-04:00	8.1390	8.2747	1367
2026-10-05T13:08:00-04:00	8.1350	8.2746	105
2026-10-05T13:09:00-04:00	8.1300	8.2742	3710
2026-10-05T13:10:00-04:00	8.1400	8.2734	7578
2026-10-05T13:11:00-04:00	8.1599	8.2728	6313
2026-10-05T13:12:00-04:00	8.1650	8.2727	1488
2026-10-05T13:13:00-04:00	8.1450	8.2724	3298
2026-10-05T13:14:00-04:00	8.1485	8.2723	299
2026-10-05T13:15:00-04:00	8.1300	8.2715	8091
2026-10-05T13:16:00-04:00	8.1300	8.2705	8657
2026-10-05T13:17:00-04:00	8.1300	8.2703	1753
2026-10-05T13:18:00-04:00	8.1201	8.2701	1549
2026-10-05T13:19:00-04:00	8.1400	8.2698	3497
2026-10-05T13:20:00-04:00	8.1400	8.2697	769
2026-10-05T13:21:00-04:00	8.1300	8.2696	1167
2026-10-05T13:22:00-04:00	8.1300	8.2695	1004
2026-10-05T13:23:00-04:00	8.1300	8.2693	1369
2026-10-05T13:24:00-04:00	8.1300	8.2690	2492
2026-10-05T13:25:00-04:00	8.1350	8.2687	3209
2026-10-05T13:26:00-04:00	8.1350	8.2687	430
2026-10-05T13:27:00-04:00	8.1350	8.2683	3455
2026-10-05T13:28:00-04:00	8.1301	8.2681	2168
2026-10-05T13:29:00-04:00	8.1400	8.2675	5876
2026-10-05T13:30:00-04:00	8.1500	8.2675	586
2026-10-05T13:31:00-04:00	8.1550	8.2674	1045
2026-10-05T13:32:00-04:00	8.1550	8.2673	354
2026-10-05T13:33:00-04:00	8.1600	8.2672	1678
2026-10-05T13:34:00-04:00	8.1386	8.2663	9911
2026-10-05T13:35:00-04:00	8.1250	8.2662	960
2026-10-05T13:36:00-04:00	8.1650	8.2643	22955
2026-10-05T13:37:00-04:00	8.1700	8.2641	2675
2026-10-05T13:38:00-04:00	8.1450	8.2633	9838
2026-10-05T13:39:00-04:00	8.1300	8.2617	16955
2026-10-05T13:40:00-04:00	8.1350	8.2616	1193
2026-10-05T13:41:00-04:00	8.1600	8.2605	14017
2026-10-05T13:42:00-04:00	8.1501	8.2598	8777
2026-10-05T13:43:00-04:00	8.1800	8.2597	2723
2026-10-05T13:44:00-04:00	8.1800	8.2596	1070
2026-10-05T13:45:00-04:00	8.1800	8.2596	729
2026-10-05T13:46:00-04:00	8.1950	8.2592	7795
2026-10-05T13:47:00-04:00	8.1950	8.2591	987
2026-10-05T13:48:00-04:00	8.1950	8.2591	1143
2026-10-05T13:49:00-04:00	8.1850	8.2589	4664
2026-10-05T13:50:00-04:00	8.1950	8.2587	2885
2026-10-05T13:51:00-04:00	8.1950	8.2587	336
2026-10-05T13:52:00-04:00	8.1950	8.2587	1224
2026-10-05T13:53:00-04:00	8.1900	8.2586	2218
2026-10-05T13:54:00-04:00	8.1850	8.2585	440
2026-10-05T13:55:00-04:00	8.1650	8.2584	2905
2026-10-05T13:56:00-04:00	8.1601	8.2583	1436
2026-10-05T13:58:00-04:00	8.1610	8.2582	306
2026-10-05T14:00:00-04:00	8.1650	8.2581	1447
2026-10-05T14:01:00-04:00	8.1550	8.2580	1449
2026-10-05T14:02:00-04:00	8.1800	8.2571	14774
2026-10-05T14:03:00-04:00	8.2050	8.2569	4698
2026-10-05T14:04:00-04:00	8.2000	8.2569	2196
2026-10-05T14:05:00-04:00	8.1800	8.2567	2690
2026-10-05T14:07:00-04:00	8.1700	8.2566	1617
2026-10-05T14:08:00-04:00	8.1550	8.2565	2430
2026-10-05T14:09:00-04:00	8.1900	8.2560	9036
2026-10-05T14:10:00-04:00	8.1850	8.2559	1690
2026-10-05T14:11:00-04:00	8.1791	8.2558	1401
2026-10-05T14:12:00-04:00	8.1650	8.2556	3593
2026-10-05T14:13:00-04:00	8.1650	8.2556	310
2026-10-05T14:14:00-04:00	8.1650	8.2556	639
2026-10-05T14:15:00-04:00	8.1650	8.2555	435
2026-10-05T14:16:00-04:00	8.1650	8.2555	343
2026-10-05T14:17:00-04:00	8.1600	8.2553	2831
2026-10-05T14:18:00-04:00	8.1550	8.2553	888
2026-10-05T14:19:00-04:00	8.1350	8.2549	4575
2026-10-05T14:22:00-04:00	8.1450	8.2544	6643
2026-10-05T14:23:00-04:00	8.1450	8.2543	1869
2026-10-05T14:24:00-04:00	8.1550	8.2539	5358
2026-10-05T14:26:00-04:00	8.1600	8.2539	767
2026-10-05T14:27:00-04:00	8.1500	8.2533	7960
2026-10-05T14:28:00-04:00	8.1550	8.2531	4124
2026-10-05T14:29:00-04:00	8.1550	8.2531	520
2026-10-05T14:31:00-04:00	8.1450	8.2530	1516
2026-10-05T14:32:00-04:00	8.1450	8.2529	910
2026-10-05T14:33:00-04:00	8.1350	8.2527	2354
2026-10-05T14:34:00-04:00	8.1350	8.2526	1082
2026-10-05T14:35:00-04:00	8.1300	8.2524	2753
2026-10-05T14:36:00-04:00	8.1250	8.2523	770
2026-10-05T14:37:00-04:00	8.1150	8.2517	7368
2026-10-05T14:38:00-04:00	8.1350	8.2503	18193
2026-10-05T14:39:00-04:00	8.1400	8.2502	863
2026-10-05T14:41:00-04:00	8.1317	8.2502	964
2026-10-05T14:42:00-04:00	8.1450	8.2499	4027
2026-10-05T14:43:00-04:00	8.1450	8.2498	1278
2026-10-05T14:44:00-04:00	8.1350	8.2497	1792
2026-10-05T14:45:00-04:00	8.1391	8.2496	654
2026-10-05T14:46:00-04:00	8.1250	8.2494	2335
2026-10-05T14:47:00-04:00	8.1300	8.2491	4659
2026-10-05T14:48:00-04:00	8.1316	8.2491	244
2026-10-05T14:49:00-04:00	8.1400	8.2487	4900
2026-10-05T14:51:00-04:00	8.1403	8.2487	834
2026-10-05T14:52:00-04:00	8.1424	8.2486	946
2026-10-05T14:53:00-04:00	8.1550	8.2482	6667
2026-10-05T14:54:00-04:00	8.1550	8.2482	529
2026-10-05T14:55:00-04:00	8.1650	8.2479	5075
2026-10-05T14:56:00-04:00	8.1550	8.2477	4320
2026-10-05T14:57:00-04:00	8.1550	8.2476	503
2026-10-05T14:58:00-04:00	8.1900	8.2474	5813
2026-10-05T14:59:00-04:00	8.1950	8.2473	1894
2026-10-05T15:00:00-04:00	8.1900	8.2472	3329
2026-10-05T15:01:00-04:00	8.1708	8.2471	1667
2026-10-05T15:02:00-04:00	8.1850	8.2471	1922
2026-10-05T15:03:00-04:00	8.1900	8.2469	3339
2026-10-05T15:04:00-04:00	8.1900	8.2469	1671
2026-10-05T15:05:00-04:00	8.1806	8.2468	1103
2026-10-05T15:06:00-04:00	8.1850	8.2468	1955
2026-10-05T15:07:00-04:00	8.1700	8.2465	6686
2026-10-05T15:09:00-04:00	8.1686	8.2464	578
2026-10-05T15:10:00-04:00	8.1615	8.2464	457
2026-10-05T15:11:00-04:00	8.1650	8.2462	5034
2026-10-05T15:12:00-04:00	8.1750	8.2458	8224
2026-10-05T15:13:00-04:00	8.2050	8.2453	20246
2026-10-05T15:14:00-04:00	8.2100	8.2453	1211
2026-10-05T15:16:00-04:00	8.2000	8.2451	6148
2026-10-05T15:17:00-04:00	8.1900	8.2450	2728
2026-10-05T15:19:00-04:00	8.1850	8.2448	4507
2026-10-05T15:20:00-04:00	8.1950	8.2446	6147
2026-10-05T15:21:00-04:00	8.1900	8.2446	2920
2026-10-05T15:22:00-04:00	8.1800	8.2444	4353
2026-10-05T15:23:00-04:00	8.1750	8.2443	1199
2026-10-05T15:24:00-04:00	8.1750	8.2443	602
2026-10-05T15:25:00-04:00	8.1900	8.2440	10037
2026-10-05T15:26:00-04:00	8.1950	8.2439	1036
2026-10-05T15:27:00-04:00	8.1850	8.2438	4445
2026-10-05T15:28:00-04:00	8.1700	8.2435	7660
2026-10-05T15:29:00-04:00	8.1750	8.2435	368
2026-10-05T15:30:00-04:00	8.1750	8.2434	738
2026-10-05T15:31:00-04:00	8.1650	8.2433	2377
2026-10-05T15:32:00-04:00	8.1903	8.2427	19464
2026-10-05T15:33:00-04:00	8.1950	8.2426	2638
2026-10-05T15:34:00-04:00	8.2250	8.2424	10675
2026-10-05T15:35:00-04:00	8.2400	8.2424	4713
2026-10-05T15:36:00-04:00	8.2450	8.2424	4247
2026-10-05T15:37:00-04:00	8.2400	8.2424	3450
2026-10-05T15:38:00-04:00	8.2450	8.2424	4580
2026-10-05T15:39:00-04:00	8.2450	8.2424	871
2026-10-05T15:40:00-04:00	8.2500	8.2424	2990
2026-10-05T15:41:00-04:00	8.2600	8.2425	16362
2026-10-05T15:42:00-04:00	8.2600	8.2426	10858
2026-10-05T15:43:00-04:00	8.2796	8.2427	6303
2026-10-05T15:44:00-04:00	8.2750	8.2428	2875
2026-10-05T15:45:00-04:00	8.2750	8.2429	4463
2026-10-05T15:46:00-04:00	8.2750	8.2430	5243
2026-10-05T15:47:00-04:00	8.2600	8.2431	9356
2026-10-05T15:48:00-04:00	8.2750	8.2434	21476
2026-10-05T15:49:00-04:00	8.2750	8.2435	6474
2026-10-05T15:50:00-04:00	8.2950	8.2438	11216
2026-10-05T15:51:00-04:00	8.2750	8.2440	10759
2026-10-05T15:52:00-04:00	8.2850	8.2444	16354
2026-10-05T15:53:00-04:00	8.3300	8.2453	23812
2026-10-05T15:54:00-04:00	8.3300	8.2461	19820
2026-10-05T15:55:00-04:00	8.3150	8.2469	23962
2026-10-05T15:56:00-04:00	8.3250	8.2491	55302
2026-10-05T15:57:00-04:00	8.3250	8.2498	18256
2026-10-05T15:58:00-04:00	8.3150	8.2511	39948
2026-10-05T15:59:00-04:00	8.3100	8.2528	59647
