timestamp_et	open	high	low	close	volume	source
2026-09-17T09:30:00-04:00	8.45	8.45	8.36	8.405	34860	yfinance_1m
2026-09-17T09:31:00-04:00	8.405	8.57	8.2405	8.55	18659	yfinance_1m
2026-09-17T09:32:00-04:00	8.57	8.774	8.5227	8.73	20947	yfinance_1m
2026-09-17T09:33:00-04:00	8.68	8.78	8.68	8.775	10024	yfinance_1m
2026-09-17T09:34:00-04:00	8.79	8.8	8.62	8.63	9449	yfinance_1m
2026-09-17T09:35:00-04:00	8.61	8.65	8.5556	8.65	13042	yfinance_1m
2026-09-17T09:36:00-04:00	8.67	8.69	8.635	8.68	12787	yfinance_1m
2026-09-17T09:37:00-04:00	8.66	8.6843	8.5903	8.639	4757	yfinance_1m
2026-09-17T09:38:00-04:00	8.64	8.71	8.63	8.63	11818	yfinance_1m
2026-09-17T09:39:00-04:00	8.62	8.65	8.52	8.535	8384	yfinance_1m
2026-09-17T09:40:00-04:00	8.52	8.58	8.49	8.54	97927	yfinance_1m
2026-09-17T09:41:00-04:00	8.52	8.6	8.519	8.55	34429	yfinance_1m
2026-09-17T09:42:00-04:00	8.55	8.68	8.55	8.645	34545	yfinance_1m
2026-09-17T09:43:00-04:00	8.635	8.635	8.59	8.6	9923	yfinance_1m
2026-09-17T09:44:00-04:00	8.61	8.68	8.58	8.665	27605	yfinance_1m
2026-09-17T09:45:00-04:00	8.66	8.6981	8.62	8.6981	9352	yfinance_1m
2026-09-17T09:46:00-04:00	8.675	8.675	8.62	8.66	6912	yfinance_1m
2026-09-17T09:47:00-04:00	8.66	8.75	8.66	8.72	15988	yfinance_1m
2026-09-17T09:48:00-04:00	8.72	8.725	8.66	8.67	5890	yfinance_1m
2026-09-17T09:49:00-04:00	8.675	8.72	8.675	8.72	4441	yfinance_1m
2026-09-17T09:50:00-04:00	8.72	8.74	8.712	8.725	7535	yfinance_1m
2026-09-17T09:51:00-04:00	8.73	8.8199	8.7	8.8199	63282	yfinance_1m
2026-09-17T09:52:00-04:00	8.805	8.805	8.7601	8.7652	12102	yfinance_1m
2026-09-17T09:53:00-04:00	8.761	8.8	8.76	8.76	21680	yfinance_1m
2026-09-17T09:54:00-04:00	8.765	8.78	8.7	8.78	57310	yfinance_1m
2026-09-17T09:55:00-04:00	8.79	8.8	8.79	8.8	12390	yfinance_1m
2026-09-17T09:56:00-04:00	8.79	8.79	8.76	8.767	6483	yfinance_1m
2026-09-17T09:57:00-04:00	8.76	8.7694	8.759	8.76	9600	yfinance_1m
2026-09-17T09:58:00-04:00	8.75	8.76	8.735	8.735	5276	yfinance_1m
2026-09-17T09:59:00-04:00	8.725	8.79	8.72	8.765	6230	yfinance_1m
2026-09-17T10:00:00-04:00	8.78	8.79	8.76	8.77	6530	yfinance_1m
2026-09-17T10:01:00-04:00	8.75	8.77	8.7177	8.77	5268	yfinance_1m
2026-09-17T10:02:00-04:00	8.76	8.82	8.76	8.815	17725	yfinance_1m
2026-09-17T10:03:00-04:00	8.815	8.828	8.8	8.8	12711	yfinance_1m
2026-09-17T10:04:00-04:00	8.79	8.84	8.77	8.82	12134	yfinance_1m
2026-09-17T10:05:00-04:00	8.82	8.87	8.815	8.83	34577	yfinance_1m
2026-09-17T10:06:00-04:00	8.84	8.8564	8.82	8.82	7473	yfinance_1m
2026-09-17T10:07:00-04:00	8.82	8.82	8.79	8.82	4862	yfinance_1m
2026-09-17T10:08:00-04:00	8.805	8.83	8.805	8.83	4697	yfinance_1m
2026-09-17T10:09:00-04:00	8.84	8.89	8.84	8.8737	7214	yfinance_1m
2026-09-17T10:10:00-04:00	8.88	8.885	8.87	8.87	5935	yfinance_1m
2026-09-17T10:11:00-04:00	8.87	8.87	8.8	8.8078	5493	yfinance_1m
2026-09-17T10:12:00-04:00	8.8	8.85	8.8	8.85	5585	yfinance_1m
2026-09-17T10:13:00-04:00	8.85	8.88	8.84	8.88	8761	yfinance_1m
2026-09-17T10:14:00-04:00	8.9	8.905	8.87	8.88	13599	yfinance_1m
2026-09-17T10:15:00-04:00	8.88	8.93	8.88	8.92	8910	yfinance_1m
2026-09-17T10:16:00-04:00	8.92	8.94	8.91	8.925	6448	yfinance_1m
2026-09-17T10:17:00-04:00	8.93	8.96	8.93	8.95	16204	yfinance_1m
2026-09-17T10:18:00-04:00	8.945	8.945	8.9	8.9	6826	yfinance_1m
2026-09-17T10:19:00-04:00	8.89	8.92	8.88	8.92	12652	yfinance_1m
2026-09-17T10:20:00-04:00	8.91	8.93	8.91	8.91	4363	yfinance_1m
2026-09-17T10:21:00-04:00	8.9	8.91	8.88	8.88	10633	yfinance_1m
2026-09-17T10:22:00-04:00	8.875	8.875	8.86	8.86	4008	yfinance_1m
2026-09-17T10:23:00-04:00	8.87	8.88	8.865	8.865	4281	yfinance_1m
2026-09-17T10:24:00-04:00	8.87	8.87	8.84	8.85	6632	yfinance_1m
2026-09-17T10:25:00-04:00	8.85	8.85	8.84	8.84	6033	yfinance_1m
2026-09-17T10:26:00-04:00	8.85	8.88	8.85	8.88	9922	yfinance_1m
2026-09-17T10:27:00-04:00	8.88	8.89	8.86	8.86	8501	yfinance_1m
2026-09-17T10:28:00-04:00	8.86	8.87	8.84	8.84	7993	yfinance_1m
2026-09-17T10:29:00-04:00	8.84	8.84	8.815	8.84	6376	yfinance_1m
2026-09-17T10:30:00-04:00	8.83	8.84	8.82	8.84	5869	yfinance_1m
2026-09-17T10:31:00-04:00	8.83	8.83	8.76	8.78	12013	yfinance_1m
2026-09-17T10:32:00-04:00	8.79	8.79	8.7352	8.7352	6627	yfinance_1m
2026-09-17T10:33:00-04:00	8.74	8.765	8.72	8.765	6281	yfinance_1m
2026-09-17T10:34:00-04:00	8.75	8.7528	8.75	8.75	2231	yfinance_1m
2026-09-17T10:35:00-04:00	8.75	8.77	8.75	8.755	5723	yfinance_1m
2026-09-17T10:36:00-04:00	8.74	8.75	8.72	8.72	4381	yfinance_1m
2026-09-17T10:37:00-04:00	8.72	8.72	8.69	8.6998	7348	yfinance_1m
2026-09-17T10:38:00-04:00	8.69	8.69	8.68	8.68	1688	yfinance_1m
2026-09-17T10:39:00-04:00	8.68	8.755	8.68	8.74	16321	yfinance_1m
2026-09-17T10:40:00-04:00	8.745	8.745	8.725	8.74	2978	yfinance_1m
2026-09-17T10:41:00-04:00	8.73	8.76	8.73	8.76	14830	yfinance_1m
2026-09-17T10:42:00-04:00	8.76	8.76	8.72	8.73	8953	yfinance_1m
2026-09-17T10:43:00-04:00	8.72	8.73	8.72	8.72	3604	yfinance_1m
2026-09-17T10:44:00-04:00	8.72	8.74	8.69	8.74	5629	yfinance_1m
2026-09-17T10:45:00-04:00	8.74	8.75	8.74	8.75	3004	yfinance_1m
2026-09-17T10:46:00-04:00	8.75	8.76	8.75	8.76	3414	yfinance_1m
2026-09-17T10:47:00-04:00	8.76	8.7726	8.75	8.76	22424	yfinance_1m
2026-09-17T10:48:00-04:00	8.7513	8.78	8.75	8.76	9218	yfinance_1m
2026-09-17T10:49:00-04:00	8.77	8.79	8.76	8.79	3262	yfinance_1m
2026-09-17T10:50:00-04:00	8.78	8.78	8.75	8.76	7844	yfinance_1m
2026-09-17T10:51:00-04:00	8.76	8.79	8.76	8.785	5595	yfinance_1m
2026-09-17T10:52:00-04:00	8.785	8.79	8.77	8.775	4646	yfinance_1m
2026-09-17T10:53:00-04:00	8.775	8.775	8.76	8.765	6204	yfinance_1m
2026-09-17T10:54:00-04:00	8.76	8.78	8.75	8.78	6588	yfinance_1m
2026-09-17T10:55:00-04:00	8.77	8.77	8.765	8.765	2897	yfinance_1m
2026-09-17T10:56:00-04:00	8.765	8.785	8.74	8.76	28392	yfinance_1m
2026-09-17T10:57:00-04:00	8.75	8.765	8.75	8.75	13385	yfinance_1m
2026-09-17T10:58:00-04:00	8.74	8.76	8.74	8.74	17278	yfinance_1m
2026-09-17T10:59:00-04:00	8.73	8.74	8.71	8.725	6187	yfinance_1m
2026-09-17T11:00:00-04:00	8.73	8.73	8.68	8.69	4040	yfinance_1m
2026-09-17T11:01:00-04:00	8.7	8.7	8.66	8.665	5504	yfinance_1m
2026-09-17T11:02:00-04:00	8.665	8.72	8.665	8.71	6089	yfinance_1m
2026-09-17T11:03:00-04:00	8.71	8.71	8.68	8.68	3065	yfinance_1m
2026-09-17T11:04:00-04:00	8.6629	8.68	8.6629	8.68	3296	yfinance_1m
2026-09-17T11:05:00-04:00	8.665	8.69	8.66	8.68	6102	yfinance_1m
2026-09-17T11:06:00-04:00	8.68	8.69	8.665	8.69	3602	yfinance_1m
2026-09-17T11:07:00-04:00	8.685	8.69	8.67	8.69	4125	yfinance_1m
2026-09-17T11:08:00-04:00	8.69	8.7	8.68	8.69	4243	yfinance_1m
2026-09-17T11:09:00-04:00	8.69	8.71	8.68	8.71	3941	yfinance_1m
2026-09-17T11:10:00-04:00	8.71	8.71	8.7	8.71	2668	yfinance_1m
2026-09-17T11:11:00-04:00	8.705	8.715	8.69	8.715	5377	yfinance_1m
2026-09-17T11:12:00-04:00	8.71	8.73	8.71	8.715	5344	yfinance_1m
2026-09-17T11:13:00-04:00	8.71	8.71	8.69	8.695	3381	yfinance_1m
2026-09-17T11:14:00-04:00	8.695	8.7	8.63	8.64	11468	yfinance_1m
2026-09-17T11:15:00-04:00	8.65	8.65	8.5919	8.5919	11024	yfinance_1m
2026-09-17T11:16:00-04:00	8.59	8.61	8.59	8.61	4166	yfinance_1m
2026-09-17T11:17:00-04:00	8.62	8.64	8.62	8.635	4058	yfinance_1m
2026-09-17T11:18:00-04:00	8.65	8.66	8.64	8.66	4215	yfinance_1m
2026-09-17T11:19:00-04:00	8.65	8.66	8.645	8.655	5199	yfinance_1m
2026-09-17T11:20:00-04:00	8.64	8.65	8.63	8.63	2795	yfinance_1m
2026-09-17T11:21:00-04:00	8.63	8.65	8.63	8.65	3718	yfinance_1m
2026-09-17T11:22:00-04:00	8.658	8.658	8.64	8.65	4046	yfinance_1m
2026-09-17T11:23:00-04:00	8.645	8.6579	8.64	8.645	3263	yfinance_1m
2026-09-17T11:24:00-04:00	8.64	8.6486	8.62	8.62	3787	yfinance_1m
2026-09-17T11:25:00-04:00	8.615	8.63	8.6	8.62	4576	yfinance_1m
2026-09-17T11:26:00-04:00	8.62	8.62	8.61	8.618	3256	yfinance_1m
2026-09-17T11:27:00-04:00	8.61	8.62	8.6	8.6	5884	yfinance_1m
2026-09-17T11:28:00-04:00	8.605	8.605	8.59	8.59	3740	yfinance_1m
2026-09-17T11:29:00-04:00	8.6	8.61	8.6	8.61	2013	yfinance_1m
2026-09-17T11:30:00-04:00	8.62	8.62	8.61	8.62	2907	yfinance_1m
2026-09-17T11:31:00-04:00	8.61	8.63	8.61	8.63	6410	yfinance_1m
2026-09-17T11:32:00-04:00	8.63	8.63	8.62	8.62	2464	yfinance_1m
2026-09-17T11:33:00-04:00	8.6293	8.64	8.6293	8.64	3584	yfinance_1m
2026-09-17T11:34:00-04:00	8.64	8.64	8.63	8.63	1810	yfinance_1m
2026-09-17T11:35:00-04:00	8.63	8.64	8.6268	8.64	1769	yfinance_1m
2026-09-17T11:36:00-04:00	8.6404	8.6578	8.64	8.65	2983	yfinance_1m
2026-09-17T11:37:00-04:00	8.66	8.66	8.64	8.64	2471	yfinance_1m
2026-09-17T11:38:00-04:00	8.63	8.64	8.63	8.63	1608	yfinance_1m
2026-09-17T11:39:00-04:00	8.63	8.64	8.63	8.635	1157	yfinance_1m
2026-09-17T11:40:00-04:00	8.65	8.67	8.65	8.665	3645	yfinance_1m
2026-09-17T11:41:00-04:00	8.67	8.67	8.66	8.67	3131	yfinance_1m
2026-09-17T11:42:00-04:00	8.67	8.68	8.66	8.67	1342	yfinance_1m
2026-09-17T11:43:00-04:00	8.67	8.675	8.67	8.67	3220	yfinance_1m
2026-09-17T11:44:00-04:00	8.67	8.67	8.65	8.655	4686	yfinance_1m
2026-09-17T11:45:00-04:00	8.655	8.66	8.65	8.65	2590	yfinance_1m
2026-09-17T11:46:00-04:00	8.64	8.65	8.64	8.65	3887	yfinance_1m
2026-09-17T11:47:00-04:00	8.65	8.66	8.65	8.66	1924	yfinance_1m
2026-09-17T11:48:00-04:00	8.67	8.67	8.66	8.67	2000	yfinance_1m
2026-09-17T11:49:00-04:00	8.665	8.665	8.65	8.655	2279	yfinance_1m
2026-09-17T11:50:00-04:00	8.66	8.66	8.6505	8.66	5585	yfinance_1m
2026-09-17T11:51:00-04:00	8.665	8.665	8.65	8.66	1768	yfinance_1m
2026-09-17T11:52:00-04:00	8.66	8.67	8.66	8.66	2205	yfinance_1m
2026-09-17T11:53:00-04:00	8.67	8.69	8.67	8.69	4242	yfinance_1m
2026-09-17T11:54:00-04:00	8.685	8.695	8.685	8.69	17399	yfinance_1m
2026-09-17T11:55:00-04:00	8.695	8.725	8.695	8.725	5403	yfinance_1m
2026-09-17T11:56:00-04:00	8.73	8.73	8.73	8.73	1133	yfinance_1m
2026-09-17T11:57:00-04:00	8.73	8.73	8.71	8.71	3547	yfinance_1m
2026-09-17T11:58:00-04:00	8.7199	8.7199	8.7	8.705	2062	yfinance_1m
2026-09-17T11:59:00-04:00	8.705	8.73	8.705	8.73	6467	yfinance_1m
2026-09-17T12:00:00-04:00	8.73	8.75	8.73	8.73	5775	yfinance_1m
2026-09-17T12:01:00-04:00	8.72	8.72	8.7	8.705	2697	yfinance_1m
2026-09-17T12:02:00-04:00	8.7	8.7	8.6761	8.68	5245	yfinance_1m
2026-09-17T12:03:00-04:00	8.68	8.69	8.68	8.68	2211	yfinance_1m
2026-09-17T12:04:00-04:00	8.68	8.75	8.67	8.74	35394	yfinance_1m
2026-09-17T12:05:00-04:00	8.74	8.74	8.72	8.72	2753	yfinance_1m
2026-09-17T12:06:00-04:00	8.71	8.71	8.7	8.7	1308	yfinance_1m
2026-09-17T12:07:00-04:00	8.69	8.695	8.685	8.685	2059	yfinance_1m
2026-09-17T12:08:00-04:00	8.69	8.69	8.68	8.68	2274	yfinance_1m
2026-09-17T12:09:00-04:00	8.6899	8.6899	8.67	8.68	3513	yfinance_1m
2026-09-17T12:10:00-04:00	8.675	8.68	8.67	8.68	4042	yfinance_1m
2026-09-17T12:11:00-04:00	8.685	8.69	8.68	8.69	1921	yfinance_1m
2026-09-17T12:12:00-04:00	8.69	8.7	8.685	8.685	3535	yfinance_1m
2026-09-17T12:13:00-04:00	8.69	8.705	8.69	8.7	3480	yfinance_1m
2026-09-17T12:14:00-04:00	8.7	8.71	8.7	8.705	3723	yfinance_1m
2026-09-17T12:15:00-04:00	8.705	8.72	8.705	8.71	3491	yfinance_1m
2026-09-17T12:16:00-04:00	8.705	8.705	8.7	8.7	4191	yfinance_1m
2026-09-17T12:17:00-04:00	8.71	8.73	8.71	8.72	4578	yfinance_1m
2026-09-17T12:18:00-04:00	8.71	8.71	8.71	8.71	957	yfinance_1m
2026-09-17T12:19:00-04:00	8.7	8.7099	8.7	8.7099	4080	yfinance_1m
2026-09-17T12:20:00-04:00	8.7	8.7	8.7	8.7	742	yfinance_1m
2026-09-17T12:21:00-04:00	8.7	8.72	8.7	8.72	2182	yfinance_1m
2026-09-17T12:22:00-04:00	8.73	8.73	8.72	8.73	1198	yfinance_1m
2026-09-17T12:23:00-04:00	8.73	8.75	8.73	8.75	2234	yfinance_1m
2026-09-17T12:24:00-04:00	8.7458	8.76	8.74	8.76	13965	yfinance_1m
2026-09-17T12:25:00-04:00	8.75	8.75	8.74	8.74	2644	yfinance_1m
2026-09-17T12:26:00-04:00	8.74	8.77	8.74	8.77	13052	yfinance_1m
2026-09-17T12:27:00-04:00	8.77	8.77	8.75	8.75	2487	yfinance_1m
2026-09-17T12:28:00-04:00	8.75	8.77	8.75	8.75	3330	yfinance_1m
2026-09-17T12:29:00-04:00	8.75	8.77	8.75	8.77	1355	yfinance_1m
2026-09-17T12:30:00-04:00	8.76	8.77	8.745	8.745	2150	yfinance_1m
2026-09-17T12:31:00-04:00	8.75	8.76	8.74	8.76	1889	yfinance_1m
2026-09-17T12:32:00-04:00	8.76	8.77	8.755	8.76	2483	yfinance_1m
2026-09-17T12:33:00-04:00	8.755	8.77	8.74	8.74	3489	yfinance_1m
2026-09-17T12:34:00-04:00	8.75	8.75	8.73	8.73	2953	yfinance_1m
2026-09-17T12:35:00-04:00	8.73	8.74	8.73	8.74	613	yfinance_1m
2026-09-17T12:36:00-04:00	8.735	8.74	8.735	8.74	1063	yfinance_1m
2026-09-17T12:37:00-04:00	8.73	8.73	8.72	8.73	1878	yfinance_1m
2026-09-17T12:38:00-04:00	8.72	8.72	8.71	8.71	2599	yfinance_1m
2026-09-17T12:39:00-04:00	8.72	8.72	8.71	8.715	2556	yfinance_1m
2026-09-17T12:40:00-04:00	8.71	8.72	8.7036	8.7036	1728	yfinance_1m
2026-09-17T12:41:00-04:00	8.73	8.73	8.72	8.72	1737	yfinance_1m
2026-09-17T12:42:00-04:00	8.72	8.72	8.71	8.71	2380	yfinance_1m
2026-09-17T12:43:00-04:00	8.73	8.73	8.72	8.73	2619	yfinance_1m
2026-09-17T12:44:00-04:00	8.73	8.73	8.72	8.73	1576	yfinance_1m
2026-09-17T12:45:00-04:00	8.73	8.73	8.71	8.72	2025	yfinance_1m
2026-09-17T12:46:00-04:00	8.72	8.72	8.71	8.72	1461	yfinance_1m
2026-09-17T12:47:00-04:00	8.72	8.72	8.7	8.71	8244	yfinance_1m
2026-09-17T12:48:00-04:00	8.7	8.7	8.7	8.7	1431	yfinance_1m
2026-09-17T12:49:00-04:00	8.705	8.715	8.705	8.71	2406	yfinance_1m
2026-09-17T12:50:00-04:00	8.71	8.72	8.71	8.71	1393	yfinance_1m
2026-09-17T12:51:00-04:00	8.72	8.72	8.72	8.72	4228	yfinance_1m
2026-09-17T12:53:00-04:00	8.72	8.7238	8.72	8.72	1407	yfinance_1m
2026-09-17T12:54:00-04:00	8.72	8.73	8.72	8.72	874	yfinance_1m
2026-09-17T12:55:00-04:00	8.73	8.73	8.72	8.725	4891	yfinance_1m
2026-09-17T12:56:00-04:00	8.73	8.74	8.725	8.74	1713	yfinance_1m
2026-09-17T12:57:00-04:00	8.75	8.76	8.75	8.76	2183	yfinance_1m
2026-09-17T12:58:00-04:00	8.76	8.77	8.76	8.77	2221	yfinance_1m
2026-09-17T12:59:00-04:00	8.78	8.78	8.78	8.78	1796	yfinance_1m
2026-09-17T13:00:00-04:00	8.78	8.79	8.78	8.785	2672	yfinance_1m
2026-09-17T13:01:00-04:00	8.78	8.78	8.78	8.78	2180	yfinance_1m
2026-09-17T13:02:00-04:00	8.78	8.79	8.77	8.785	4026	yfinance_1m
2026-09-17T13:03:00-04:00	8.78	8.78	8.78	8.78	1564	yfinance_1m
2026-09-17T13:04:00-04:00	8.79	8.79	8.78	8.79	1658	yfinance_1m
2026-09-17T13:05:00-04:00	8.785	8.785	8.785	8.785	639	yfinance_1m
2026-09-17T13:06:00-04:00	8.785	8.82	8.785	8.815	9230	yfinance_1m
2026-09-17T13:07:00-04:00	8.815	8.815	8.78	8.78	4639	yfinance_1m
2026-09-17T13:08:00-04:00	8.78	8.78	8.77	8.77	1004	yfinance_1m
2026-09-17T13:09:00-04:00	8.76	8.77	8.76	8.77	2740	yfinance_1m
2026-09-17T13:10:00-04:00	8.76	8.76	8.73	8.73	1875	yfinance_1m
2026-09-17T13:11:00-04:00	8.73	8.74	8.725	8.73	2346	yfinance_1m
2026-09-17T13:12:00-04:00	8.73	8.73	8.725	8.725	1768	yfinance_1m
2026-09-17T13:13:00-04:00	8.71	8.725	8.71	8.725	1601	yfinance_1m
2026-09-17T13:14:00-04:00	8.72	8.73	8.72	8.73	1210	yfinance_1m
2026-09-17T13:15:00-04:00	8.73	8.75	8.72	8.745	2844	yfinance_1m
2026-09-17T13:16:00-04:00	8.75	8.75	8.745	8.745	1918	yfinance_1m
2026-09-17T13:17:00-04:00	8.75	8.76	8.75	8.76	1571	yfinance_1m
2026-09-17T13:18:00-04:00	8.76	8.76	8.76	8.76	2000	yfinance_1m
2026-09-17T13:19:00-04:00	8.75	8.76	8.75	8.76	1305	yfinance_1m
2026-09-17T13:20:00-04:00	8.76	8.77	8.73	8.73	35558	yfinance_1m
2026-09-17T13:21:00-04:00	8.73	8.75	8.73	8.75	2708	yfinance_1m
2026-09-17T13:22:00-04:00	8.75	8.76	8.75	8.76	1746	yfinance_1m
2026-09-17T13:23:00-04:00	8.76	8.76	8.75	8.76	2210	yfinance_1m
2026-09-17T13:24:00-04:00	8.76	8.765	8.74	8.74	3915	yfinance_1m
2026-09-17T13:25:00-04:00	8.74	8.74	8.74	8.74	803	yfinance_1m
2026-09-17T13:26:00-04:00	8.7419	8.79	8.74	8.79	7583	yfinance_1m
2026-09-17T13:27:00-04:00	8.79	8.8	8.78	8.78	1739	yfinance_1m
2026-09-17T13:28:00-04:00	8.775	8.78	8.775	8.78	1784	yfinance_1m
2026-09-17T13:29:00-04:00	8.78	8.785	8.78	8.785	1413	yfinance_1m
2026-09-17T13:30:00-04:00	8.78	8.79	8.78	8.78	2520	yfinance_1m
2026-09-17T13:31:00-04:00	8.78	8.78	8.77	8.78	2238	yfinance_1m
2026-09-17T13:32:00-04:00	8.78	8.78	8.74	8.76	12405	yfinance_1m
2026-09-17T13:33:00-04:00	8.76	8.77	8.76	8.77	2288	yfinance_1m
2026-09-17T13:34:00-04:00	8.77	8.77	8.75	8.75	3708	yfinance_1m
2026-09-17T13:35:00-04:00	8.75	8.75	8.75	8.75	1700	yfinance_1m
2026-09-17T13:36:00-04:00	8.74	8.74	8.73	8.73	981	yfinance_1m
2026-09-17T13:37:00-04:00	8.73	8.7352	8.72	8.72	1490	yfinance_1m
2026-09-17T13:38:00-04:00	8.72	8.72	8.7	8.7	2742	yfinance_1m
2026-09-17T13:39:00-04:00	8.692	8.71	8.692	8.695	835	yfinance_1m
2026-09-17T13:40:00-04:00	8.695	8.71	8.695	8.71	2770	yfinance_1m
2026-09-17T13:41:00-04:00	8.6977	8.72	8.6901	8.6901	1516	yfinance_1m
2026-09-17T13:42:00-04:00	8.7	8.72	8.7	8.72	3211	yfinance_1m
2026-09-17T13:43:00-04:00	8.715	8.73	8.715	8.73	992	yfinance_1m
2026-09-17T13:44:00-04:00	8.715	8.715	8.675	8.675	5592	yfinance_1m
2026-09-17T13:45:00-04:00	8.675	8.675	8.675	8.675	829	yfinance_1m
2026-09-17T13:46:00-04:00	8.6684	8.69	8.6684	8.69	2557	yfinance_1m
2026-09-17T13:47:00-04:00	8.7	8.71	8.699	8.71	2108	yfinance_1m
2026-09-17T13:48:00-04:00	8.71	8.71	8.7	8.71	2324	yfinance_1m
2026-09-17T13:49:00-04:00	8.7	8.7	8.699	8.699	3311	yfinance_1m
2026-09-17T13:50:00-04:00	8.699	8.72	8.699	8.7199	1447	yfinance_1m
2026-09-17T13:51:00-04:00	8.72	8.73	8.71	8.72	2487	yfinance_1m
2026-09-17T13:52:00-04:00	8.72	8.73	8.72	8.73	3466	yfinance_1m
2026-09-17T13:53:00-04:00	8.74	8.74	8.72	8.73	2609	yfinance_1m
2026-09-17T13:54:00-04:00	8.73	8.73	8.72	8.72	3578	yfinance_1m
2026-09-17T13:55:00-04:00	8.73	8.7362	8.72	8.725	1727	yfinance_1m
2026-09-17T13:56:00-04:00	8.73	8.73	8.72	8.72	4530	yfinance_1m
2026-09-17T13:57:00-04:00	8.73	8.73	8.72	8.73	2132	yfinance_1m
2026-09-17T13:58:00-04:00	8.73	8.73	8.725	8.73	1697	yfinance_1m
2026-09-17T13:59:00-04:00	8.73	8.74	8.705	8.74	7569	yfinance_1m
2026-09-17T14:00:00-04:00	8.74	8.7699	8.74	8.7699	2964	yfinance_1m
2026-09-17T14:01:00-04:00	8.77	8.79	8.77	8.79	1992	yfinance_1m
2026-09-17T14:02:00-04:00	8.775	8.78	8.755	8.768413	2817	yfinance_1m
2026-09-17T14:03:00-04:00	8.77	8.78	8.77	8.777	1694	yfinance_1m
2026-09-17T14:04:00-04:00	8.79	8.79	8.76	8.77	3117	yfinance_1m
2026-09-17T14:05:00-04:00	8.77	8.78	8.77	8.78	1531	yfinance_1m
2026-09-17T14:06:00-04:00	8.79	8.79	8.76	8.77	2916	yfinance_1m
2026-09-17T14:07:00-04:00	8.77	8.77	8.765	8.77	3234	yfinance_1m
2026-09-17T14:08:00-04:00	8.77	8.78	8.76	8.77	5251	yfinance_1m
2026-09-17T14:09:00-04:00	8.78	8.78	8.78	8.78	1032	yfinance_1m
2026-09-17T14:10:00-04:00	8.78	8.79	8.78	8.789	3829	yfinance_1m
2026-09-17T14:11:00-04:00	8.79	8.8	8.79	8.7992	6610	yfinance_1m
2026-09-17T14:12:00-04:00	8.8	8.8	8.795	8.795	1749	yfinance_1m
2026-09-17T14:13:00-04:00	8.8	8.8	8.79	8.8	4133	yfinance_1m
2026-09-17T14:14:00-04:00	8.8	8.82	8.8	8.82	5182	yfinance_1m
2026-09-17T14:15:00-04:00	8.81	8.82	8.81	8.81	4078	yfinance_1m
2026-09-17T14:16:00-04:00	8.8015	8.81	8.8015	8.805	1389	yfinance_1m
2026-09-17T14:17:00-04:00	8.81	8.82	8.81	8.82	1121	yfinance_1m
2026-09-17T14:18:00-04:00	8.81	8.84	8.8	8.83	4728	yfinance_1m
2026-09-17T14:19:00-04:00	8.83	8.83	8.83	8.83	2033	yfinance_1m
2026-09-17T14:20:00-04:00	8.83	8.83	8.811	8.811	2561	yfinance_1m
2026-09-17T14:21:00-04:00	8.82	8.8298	8.82	8.82	3418	yfinance_1m
2026-09-17T14:22:00-04:00	8.83	8.83	8.81	8.83	5305	yfinance_1m
2026-09-17T14:23:00-04:00	8.82	8.84	8.82	8.82	8771	yfinance_1m
2026-09-17T14:24:00-04:00	8.81	8.81	8.76	8.76	4403	yfinance_1m
2026-09-17T14:25:00-04:00	8.77	8.79	8.77	8.79	3079	yfinance_1m
2026-09-17T14:26:00-04:00	8.79	8.8	8.79	8.8	2063	yfinance_1m
2026-09-17T14:27:00-04:00	8.8	8.8	8.79	8.8	3159	yfinance_1m
2026-09-17T14:28:00-04:00	8.81	8.835	8.8	8.83	6557	yfinance_1m
2026-09-17T14:29:00-04:00	8.83	8.83	8.8167	8.82	8492	yfinance_1m
2026-09-17T14:30:00-04:00	8.82	8.83	8.815	8.815	1582	yfinance_1m
2026-09-17T14:31:00-04:00	8.815	8.82	8.815	8.82	4053	yfinance_1m
2026-09-17T14:32:00-04:00	8.82	8.82	8.81	8.815	4592	yfinance_1m
2026-09-17T14:33:00-04:00	8.815	8.85	8.815	8.85	7601	yfinance_1m
2026-09-17T14:34:00-04:00	8.85	8.86	8.85	8.855	2541	yfinance_1m
2026-09-17T14:35:00-04:00	8.86	8.87	8.86	8.865	2286	yfinance_1m
2026-09-17T14:36:00-04:00	8.87	8.88	8.86	8.87	15824	yfinance_1m
2026-09-17T14:37:00-04:00	8.865	8.865	8.865	8.865	933	yfinance_1m
2026-09-17T14:38:00-04:00	8.865	8.88	8.86	8.87	5467	yfinance_1m
2026-09-17T14:39:00-04:00	8.875	8.88	8.875	8.875	1229	yfinance_1m
2026-09-17T14:40:00-04:00	8.87	8.89	8.87	8.89	5072	yfinance_1m
2026-09-17T14:41:00-04:00	8.9	8.91	8.89	8.91	5560	yfinance_1m
2026-09-17T14:42:00-04:00	8.91	8.925	8.86	8.91	64582	yfinance_1m
2026-09-17T14:43:00-04:00	8.91	8.92	8.91	8.91	4415	yfinance_1m
2026-09-17T14:44:00-04:00	8.91	8.92	8.88	8.8978	4047	yfinance_1m
2026-09-17T14:45:00-04:00	8.89	8.92	8.89	8.91	8543	yfinance_1m
2026-09-17T14:46:00-04:00	8.91	8.91	8.88	8.9	30272	yfinance_1m
2026-09-17T14:47:00-04:00	8.9	8.925	8.87	8.925	34048	yfinance_1m
2026-09-17T14:48:00-04:00	8.925	8.935	8.92	8.92	4756	yfinance_1m
2026-09-17T14:49:00-04:00	8.92	8.94	8.92	8.94	2622	yfinance_1m
2026-09-17T14:50:00-04:00	8.94	8.955	8.94	8.955	3775	yfinance_1m
2026-09-17T14:51:00-04:00	8.96	8.96	8.96	8.96	3365	yfinance_1m
2026-09-17T14:52:00-04:00	8.97	8.9899	8.97	8.97	11939	yfinance_1m
2026-09-17T14:53:00-04:00	8.97	8.98	8.97	8.98	4342	yfinance_1m
2026-09-17T14:54:00-04:00	8.98	8.98	8.9436	8.9436	8719	yfinance_1m
2026-09-17T14:55:00-04:00	8.9401	8.955	8.93	8.95	16490	yfinance_1m
2026-09-17T14:56:00-04:00	8.955	8.96	8.94	8.955	9619	yfinance_1m
2026-09-17T14:57:00-04:00	8.96	8.97	8.95	8.95	8965	yfinance_1m
2026-09-17T14:58:00-04:00	8.95	8.975	8.945	8.9703	6047	yfinance_1m
2026-09-17T14:59:00-04:00	8.97	8.99	8.965	8.985	6160	yfinance_1m
2026-09-17T15:00:00-04:00	8.985	9.01	8.98	9.0	29056	yfinance_1m
2026-09-17T15:01:00-04:00	9.0	9.01	9.0	9.01	2399	yfinance_1m
2026-09-17T15:02:00-04:00	9.0	9.02	9.0	9.01	13734	yfinance_1m
2026-09-17T15:03:00-04:00	9.01	9.02	9.01	9.02	4077	yfinance_1m
2026-09-17T15:04:00-04:00	9.03	9.04	9.02	9.025	9094	yfinance_1m
2026-09-17T15:05:00-04:00	9.03	9.04	9.01	9.01	13077	yfinance_1m
2026-09-17T15:06:00-04:00	9.01	9.01	8.985	8.985	6631	yfinance_1m
2026-09-17T15:07:00-04:00	8.98	8.995	8.98	8.99	26634	yfinance_1m
2026-09-17T15:08:00-04:00	9.0	9.02	8.995	9.02	3677	yfinance_1m
2026-09-17T15:09:00-04:00	9.02	9.03	9.0114	9.03	3639	yfinance_1m
2026-09-17T15:10:00-04:00	9.04	9.07	9.035	9.05	24399	yfinance_1m
2026-09-17T15:11:00-04:00	9.04	9.06	9.04	9.06	5644	yfinance_1m
2026-09-17T15:12:00-04:00	9.07	9.1	9.06	9.095	6127	yfinance_1m
2026-09-17T15:13:00-04:00	9.095	9.1	9.07	9.07	25807	yfinance_1m
2026-09-17T15:14:00-04:00	9.07	9.08	9.0601	9.07	16405	yfinance_1m
2026-09-17T15:15:00-04:00	9.07	9.085	9.03	9.04	22250	yfinance_1m
2026-09-17T15:16:00-04:00	9.04	9.05	9.03	9.0499	3591	yfinance_1m
2026-09-17T15:17:00-04:00	9.05	9.055	9.03	9.045	15580	yfinance_1m
2026-09-17T15:18:00-04:00	9.045	9.055	9.045	9.045	6778	yfinance_1m
2026-09-17T15:19:00-04:00	9.0414	9.05	9.0414	9.05	2646	yfinance_1m
2026-09-17T15:20:00-04:00	9.055	9.055	9.03	9.04	7366	yfinance_1m
2026-09-17T15:21:00-04:00	9.04	9.0414	9.035	9.035	4237	yfinance_1m
2026-09-17T15:22:00-04:00	9.035	9.045	9.032	9.045	8341	yfinance_1m
2026-09-17T15:23:00-04:00	9.045	9.045	8.985	8.985	15623	yfinance_1m
2026-09-17T15:24:00-04:00	8.99	8.995	8.99	8.99	6459	yfinance_1m
2026-09-17T15:25:00-04:00	8.985	9.0	8.97	8.99	12496	yfinance_1m
2026-09-17T15:26:00-04:00	8.99	9.0	8.99	9.0	6574	yfinance_1m
2026-09-17T15:27:00-04:00	9.0	9.0	8.9922	9.0	3474	yfinance_1m
2026-09-17T15:28:00-04:00	9.0	9.0	8.98	8.99	8927	yfinance_1m
2026-09-17T15:29:00-04:00	8.985	8.99	8.95	8.955	10614	yfinance_1m
2026-09-17T15:30:00-04:00	8.9502	8.9502	8.92	8.94	9973	yfinance_1m
2026-09-17T15:31:00-04:00	8.94	8.945	8.91	8.925	15029	yfinance_1m
2026-09-17T15:32:00-04:00	8.9208	8.97	8.9208	8.93	19164	yfinance_1m
2026-09-17T15:33:00-04:00	8.93	8.95	8.93	8.935	8531	yfinance_1m
2026-09-17T15:34:00-04:00	8.935	8.935	8.9	8.92	10763	yfinance_1m
2026-09-17T15:35:00-04:00	8.9102	8.9102	8.89	8.905	8362	yfinance_1m
2026-09-17T15:36:00-04:00	8.905	8.91	8.9	8.91	3466	yfinance_1m
2026-09-17T15:37:00-04:00	8.91	8.92	8.885	8.895	11129	yfinance_1m
2026-09-17T15:38:00-04:00	8.9	8.9164	8.9	8.91	12066	yfinance_1m
2026-09-17T15:39:00-04:00	8.91	8.91	8.89	8.89	6546	yfinance_1m
2026-09-17T15:40:00-04:00	8.9	8.91	8.895	8.91	9326	yfinance_1m
2026-09-17T15:41:00-04:00	8.9	8.905	8.9	8.905	6067	yfinance_1m
2026-09-17T15:42:00-04:00	8.905	8.945	8.905	8.945	11373	yfinance_1m
2026-09-17T15:43:00-04:00	8.945	8.95	8.91	8.925	19831	yfinance_1m
2026-09-17T15:44:00-04:00	8.93	8.94	8.92	8.93	14793	yfinance_1m
2026-09-17T15:45:00-04:00	8.93	8.93	8.91	8.91	7175	yfinance_1m
2026-09-17T15:46:00-04:00	8.9	8.9	8.87	8.87	10732	yfinance_1m
2026-09-17T15:47:00-04:00	8.87	8.87	8.85	8.86	10716	yfinance_1m
2026-09-17T15:48:00-04:00	8.855	8.88	8.85	8.88	9934	yfinance_1m
2026-09-17T15:49:00-04:00	8.88	8.88	8.86	8.86	8586	yfinance_1m
2026-09-17T15:50:00-04:00	8.87	8.89	8.865	8.87	20978	yfinance_1m
2026-09-17T15:51:00-04:00	8.87	8.87	8.8362	8.84	9163	yfinance_1m
2026-09-17T15:52:00-04:00	8.84	8.84	8.82	8.825	13816	yfinance_1m
2026-09-17T15:53:00-04:00	8.82	8.83	8.82	8.825	19054	yfinance_1m
2026-09-17T15:54:00-04:00	8.825	8.84	8.81	8.8171	17209	yfinance_1m
2026-09-17T15:55:00-04:00	8.81	8.815	8.785	8.805	30825	yfinance_1m
2026-09-17T15:56:00-04:00	8.805	8.805	8.76	8.785	28628	yfinance_1m
2026-09-17T15:57:00-04:00	8.785	8.815	8.785	8.8	31695	yfinance_1m
2026-09-17T15:58:00-04:00	8.8	8.805	8.77	8.77	58449	yfinance_1m
2026-09-17T15:59:00-04:00	8.78	8.8	8.76	8.76	56835	yfinance_1m
2026-09-18T09:30:00-04:00	8.76	8.82	8.72	8.82	63322	yfinance_1m
2026-09-18T09:31:00-04:00	8.85	8.965	8.85	8.91	17297	yfinance_1m
2026-09-18T09:32:00-04:00	8.88	8.9	8.829	8.835	4716	yfinance_1m
2026-09-18T09:33:00-04:00	8.835	8.835	8.7	8.735	5220	yfinance_1m
2026-09-18T09:34:00-04:00	8.735	8.735	8.56	8.56	7475	yfinance_1m
2026-09-18T09:35:00-04:00	8.55	8.55	8.4823	8.505	7796	yfinance_1m
2026-09-18T09:36:00-04:00	8.495	8.51	8.469	8.47	29752	yfinance_1m
2026-09-18T09:37:00-04:00	8.48	8.5	8.445	8.494	6879	yfinance_1m
2026-09-18T09:38:00-04:00	8.48	8.49	8.47	8.47	6844	yfinance_1m
2026-09-18T09:39:00-04:00	8.49	8.525	8.465	8.465	14198	yfinance_1m
2026-09-18T09:40:00-04:00	8.4719	8.4719	8.424	8.43	5692	yfinance_1m
2026-09-18T09:41:00-04:00	8.46	8.485	8.46	8.46	7499	yfinance_1m
2026-09-18T09:42:00-04:00	8.467044	8.495	8.467044	8.4807	13652	yfinance_1m
2026-09-18T09:43:00-04:00	8.48	8.53	8.479	8.53	12459	yfinance_1m
2026-09-18T09:44:00-04:00	8.545	8.56	8.53	8.53	7372	yfinance_1m
2026-09-18T09:45:00-04:00	8.55	8.5799	8.549	8.55	29828	yfinance_1m
2026-09-18T09:46:00-04:00	8.555	8.59	8.54	8.585	3394	yfinance_1m
2026-09-18T09:47:00-04:00	8.584	8.65	8.57	8.58	15449	yfinance_1m
2026-09-18T09:48:00-04:00	8.56	8.605	8.56	8.605	4868	yfinance_1m
2026-09-18T09:49:00-04:00	8.63	8.695	8.6299	8.655	21163	yfinance_1m
2026-09-18T09:51:00-04:00	8.644	8.665	8.6432	8.6432	5277	yfinance_1m
2026-09-18T09:52:00-04:00	8.66	8.684	8.66	8.684	2026	yfinance_1m
2026-09-18T09:53:00-04:00	8.7	8.71	8.644	8.644	11679	yfinance_1m
2026-09-18T09:54:00-04:00	8.6605	8.6605	8.63	8.634	5187	yfinance_1m
2026-09-18T09:55:00-04:00	8.634	8.634	8.61	8.61	3892	yfinance_1m
2026-09-18T09:56:00-04:00	8.62	8.62	8.609	8.62	2025	yfinance_1m
2026-09-18T09:57:00-04:00	8.625	8.64	8.56	8.6	15644	yfinance_1m
2026-09-18T09:58:00-04:00	8.61	8.61	8.609	8.609	1736	yfinance_1m
2026-09-18T09:59:00-04:00	8.61	8.61	8.57	8.575	6418	yfinance_1m
2026-09-18T10:00:00-04:00	8.56	8.594	8.56	8.594	4297	yfinance_1m
2026-09-18T10:01:00-04:00	8.5848	8.595	8.5848	8.59	4618	yfinance_1m
2026-09-18T10:02:00-04:00	8.595	8.6067	8.58	8.58	6803	yfinance_1m
2026-09-18T10:03:00-04:00	8.57	8.57	8.5482	8.5482	3986	yfinance_1m
2026-09-18T10:04:00-04:00	8.54	8.56	8.53	8.56	3182	yfinance_1m
2026-09-18T10:05:00-04:00	8.55	8.55	8.52	8.52	6005	yfinance_1m
2026-09-18T10:06:00-04:00	8.515	8.515	8.5	8.5	3629	yfinance_1m
2026-09-18T10:07:00-04:00	8.5	8.54	8.5	8.54	5516	yfinance_1m
2026-09-18T10:08:00-04:00	8.53	8.54	8.52	8.53	8452	yfinance_1m
2026-09-18T10:09:00-04:00	8.53	8.54	8.53	8.54	3576	yfinance_1m
2026-09-18T10:10:00-04:00	8.55	8.555	8.537588	8.54	4379	yfinance_1m
2026-09-18T10:11:00-04:00	8.54	8.56	8.54	8.54	7099	yfinance_1m
2026-09-18T10:12:00-04:00	8.54	8.54	8.49	8.49	8120	yfinance_1m
2026-09-18T10:13:00-04:00	8.48	8.485	8.46	8.485	5572	yfinance_1m
2026-09-18T10:14:00-04:00	8.49	8.505	8.48	8.505	4432	yfinance_1m
2026-09-18T10:15:00-04:00	8.505	8.505	8.48	8.49	12490	yfinance_1m
2026-09-18T10:16:00-04:00	8.48	8.4976	8.48	8.49	4218	yfinance_1m
2026-09-18T10:17:00-04:00	8.49	8.49	8.42	8.43	14330	yfinance_1m
2026-09-18T10:18:00-04:00	8.43	8.45	8.43	8.441	5441	yfinance_1m
2026-09-18T10:19:00-04:00	8.45	8.45	8.44	8.44	3765	yfinance_1m
2026-09-18T10:20:00-04:00	8.44	8.44	8.34	8.34	23600	yfinance_1m
2026-09-18T10:21:00-04:00	8.335	8.35	8.31	8.335	13404	yfinance_1m
2026-09-18T10:22:00-04:00	8.335	8.34	8.335	8.34	8613	yfinance_1m
2026-09-18T10:23:00-04:00	8.34	8.355	8.34	8.34	3405	yfinance_1m
2026-09-18T10:24:00-04:00	8.33	8.33	8.31	8.32	8777	yfinance_1m
2026-09-18T10:25:00-04:00	8.32	8.34	8.31	8.34	9031	yfinance_1m
2026-09-18T10:26:00-04:00	8.34	8.348	8.33	8.33	4014	yfinance_1m
2026-09-18T10:27:00-04:00	8.34	8.35	8.34	8.35	3272	yfinance_1m
2026-09-18T10:28:00-04:00	8.345	8.355	8.34	8.34	7935	yfinance_1m
2026-09-18T10:29:00-04:00	8.34	8.39	8.34	8.39	5926	yfinance_1m
2026-09-18T10:30:00-04:00	8.39	8.39	8.37	8.37	6383	yfinance_1m
2026-09-18T10:31:00-04:00	8.38	8.395	8.37	8.39	9904	yfinance_1m
2026-09-18T10:32:00-04:00	8.38	8.385	8.38	8.385	12745	yfinance_1m
2026-09-18T10:33:00-04:00	8.38	8.38	8.38	8.38	1627	yfinance_1m
2026-09-18T10:34:00-04:00	8.38	8.39	8.38	8.39	4517	yfinance_1m
2026-09-18T10:35:00-04:00	8.395	8.4	8.395	8.4	2970	yfinance_1m
2026-09-18T10:36:00-04:00	8.41	8.415	8.4	8.415	1943	yfinance_1m
2026-09-18T10:37:00-04:00	8.41	8.415	8.4	8.4	7285	yfinance_1m
2026-09-18T10:38:00-04:00	8.4	8.4	8.4	8.4	587	yfinance_1m
2026-09-18T10:39:00-04:00	8.4	8.42	8.4	8.405	8317	yfinance_1m
2026-09-18T10:40:00-04:00	8.41	8.41	8.41	8.41	1144	yfinance_1m
2026-09-18T10:41:00-04:00	8.41	8.42	8.41	8.42	3219	yfinance_1m
2026-09-18T10:42:00-04:00	8.43	8.43	8.39	8.4	17692	yfinance_1m
2026-09-18T10:43:00-04:00	8.4	8.4	8.4	8.4	1774	yfinance_1m
2026-09-18T10:44:00-04:00	8.4	8.41	8.4	8.405	2297	yfinance_1m
2026-09-18T10:45:00-04:00	8.4008	8.405	8.39	8.4	6806	yfinance_1m
2026-09-18T10:46:00-04:00	8.3901	8.4	8.3901	8.4	1996	yfinance_1m
2026-09-18T10:47:00-04:00	8.4099	8.42	8.4099	8.42	2070	yfinance_1m
2026-09-18T10:48:00-04:00	8.42	8.43	8.39	8.4	8948	yfinance_1m
2026-09-18T10:49:00-04:00	8.41	8.42	8.4037	8.4037	2238	yfinance_1m
2026-09-18T10:50:00-04:00	8.41	8.41	8.39	8.4	17172	yfinance_1m
2026-09-18T10:51:00-04:00	8.4	8.4	8.39	8.39	8185	yfinance_1m
2026-09-18T10:52:00-04:00	8.38	8.38	8.32	8.34	6982	yfinance_1m
2026-09-18T10:53:00-04:00	8.34	8.34	8.335	8.335	872	yfinance_1m
2026-09-18T10:54:00-04:00	8.335	8.335	8.31	8.31	13686	yfinance_1m
2026-09-18T10:55:00-04:00	8.3	8.3	8.28	8.28	2803	yfinance_1m
2026-09-18T10:56:00-04:00	8.285	8.285	8.26	8.26	3440	yfinance_1m
2026-09-18T10:57:00-04:00	8.25	8.25	8.23	8.23	5248	yfinance_1m
2026-09-18T10:58:00-04:00	8.23	8.265	8.23	8.26	3514	yfinance_1m
2026-09-18T10:59:00-04:00	8.26	8.265	8.26	8.265	2441	yfinance_1m
2026-09-18T11:00:00-04:00	8.26	8.26	8.25	8.255	4177	yfinance_1m
2026-09-18T11:01:00-04:00	8.26	8.26	8.24	8.245	6547	yfinance_1m
2026-09-18T11:02:00-04:00	8.245	8.2601	8.24	8.255	6532	yfinance_1m
2026-09-18T11:03:00-04:00	8.255	8.265	8.255	8.265	1844	yfinance_1m
2026-09-18T11:04:00-04:00	8.26	8.265	8.26	8.265	776	yfinance_1m
2026-09-18T11:05:00-04:00	8.27	8.29	8.27	8.28	9200	yfinance_1m
2026-09-18T11:06:00-04:00	8.27	8.28	8.27	8.28	3744	yfinance_1m
2026-09-18T11:07:00-04:00	8.28	8.28	8.26	8.27	6064	yfinance_1m
2026-09-18T11:08:00-04:00	8.27	8.27	8.27	8.27	3278	yfinance_1m
2026-09-18T11:09:00-04:00	8.27	8.27	8.27	8.27	1583	yfinance_1m
2026-09-18T11:10:00-04:00	8.26	8.26	8.26	8.26	5879	yfinance_1m
2026-09-18T11:11:00-04:00	8.27	8.27	8.24	8.25	18256	yfinance_1m
2026-09-18T11:12:00-04:00	8.25	8.27	8.25	8.26	4983	yfinance_1m
2026-09-18T11:13:00-04:00	8.26	8.26	8.26	8.26	349	yfinance_1m
2026-09-18T11:14:00-04:00	8.26	8.2699	8.26	8.2699	556	yfinance_1m
2026-09-18T11:15:00-04:00	8.26	8.29	8.26	8.29	7595	yfinance_1m
2026-09-18T11:16:00-04:00	8.29	8.3	8.29	8.29	2321	yfinance_1m
2026-09-18T11:17:00-04:00	8.29	8.3	8.29	8.3	5942	yfinance_1m
2026-09-18T11:18:00-04:00	8.3	8.32	8.3	8.31	7678	yfinance_1m
2026-09-18T11:19:00-04:00	8.31	8.32	8.29	8.31	9157	yfinance_1m
2026-09-18T11:20:00-04:00	8.31	8.325	8.31	8.325	8068	yfinance_1m
2026-09-18T11:21:00-04:00	8.33	8.33	8.31	8.31	6227	yfinance_1m
2026-09-18T11:22:00-04:00	8.31	8.31	8.31	8.31	3819	yfinance_1m
2026-09-18T11:24:00-04:00	8.31	8.31	8.31	8.31	2452	yfinance_1m
2026-09-18T11:25:00-04:00	8.31	8.31	8.31	8.31	1394	yfinance_1m
2026-09-18T11:26:00-04:00	8.31	8.31	8.3087	8.31	2782	yfinance_1m
2026-09-18T11:27:00-04:00	8.31	8.3178	8.3	8.3018	4914	yfinance_1m
2026-09-18T11:28:00-04:00	8.305	8.31	8.305	8.31	10193	yfinance_1m
2026-09-18T11:29:00-04:00	8.31	8.31	8.31	8.31	645	yfinance_1m
2026-09-18T11:30:00-04:00	8.31	8.31	8.28	8.29	10471	yfinance_1m
2026-09-18T11:31:00-04:00	8.3	8.31	8.3	8.31	3583	yfinance_1m
2026-09-18T11:32:00-04:00	8.3176	8.3176	8.3176	8.3176	450	yfinance_1m
2026-09-18T11:33:00-04:00	8.31	8.31	8.31	8.31	3237	yfinance_1m
2026-09-18T11:34:00-04:00	8.3072	8.325	8.3072	8.325	2687	yfinance_1m
2026-09-18T11:35:00-04:00	8.32	8.33	8.32	8.33	1158	yfinance_1m
2026-09-18T11:36:00-04:00	8.34	8.34	8.335	8.34	5699	yfinance_1m
2026-09-18T11:37:00-04:00	8.34	8.35	8.33	8.335	4472	yfinance_1m
2026-09-18T11:38:00-04:00	8.335	8.335	8.33	8.335	2876	yfinance_1m
2026-09-18T11:39:00-04:00	8.335	8.34	8.335	8.34	2103	yfinance_1m
2026-09-18T11:40:00-04:00	8.34	8.34	8.34	8.34	726	yfinance_1m
2026-09-18T11:41:00-04:00	8.35	8.385	8.35	8.37	13198	yfinance_1m
2026-09-18T11:42:00-04:00	8.37	8.38	8.37	8.38	1810	yfinance_1m
2026-09-18T11:43:00-04:00	8.39	8.39	8.38	8.39	3097	yfinance_1m
2026-09-18T11:44:00-04:00	8.38	8.39	8.38	8.39	5413	yfinance_1m
2026-09-18T11:46:00-04:00	8.4	8.405	8.39	8.39	3505	yfinance_1m
2026-09-18T11:47:00-04:00	8.39	8.4	8.39	8.39	5512	yfinance_1m
2026-09-18T11:48:00-04:00	8.38	8.38	8.38	8.38	1199	yfinance_1m
2026-09-18T11:49:00-04:00	8.38	8.38	8.35	8.35	8817	yfinance_1m
2026-09-18T11:50:00-04:00	8.35	8.35	8.34	8.34	3888	yfinance_1m
2026-09-18T11:51:00-04:00	8.35	8.35	8.325	8.33	4054	yfinance_1m
2026-09-18T11:52:00-04:00	8.33	8.335	8.33	8.33	1270	yfinance_1m
2026-09-18T11:53:00-04:00	8.335	8.345	8.335	8.34	5153	yfinance_1m
2026-09-18T11:54:00-04:00	8.335	8.34	8.335	8.34	2663	yfinance_1m
2026-09-18T11:55:00-04:00	8.34	8.34	8.34	8.34	1677	yfinance_1m
2026-09-18T11:56:00-04:00	8.34	8.34	8.29	8.31	7846	yfinance_1m
2026-09-18T11:57:00-04:00	8.31	8.31	8.305	8.305	1284	yfinance_1m
2026-09-18T11:58:00-04:00	8.305	8.305	8.305	8.305	1255	yfinance_1m
2026-09-18T11:59:00-04:00	8.305	8.31	8.295	8.3	13062	yfinance_1m
2026-09-18T12:00:00-04:00	8.3	8.3	8.28	8.3	3317	yfinance_1m
2026-09-18T12:01:00-04:00	8.31	8.32	8.3022	8.32	3319	yfinance_1m
2026-09-18T12:02:00-04:00	8.32	8.3299	8.32	8.3299	1580	yfinance_1m
2026-09-18T12:03:00-04:00	8.33	8.33	8.31	8.31	4433	yfinance_1m
2026-09-18T12:05:00-04:00	8.32	8.32	8.31	8.32	2777	yfinance_1m
2026-09-18T12:06:00-04:00	8.32	8.34	8.32	8.34	4866	yfinance_1m
2026-09-18T12:07:00-04:00	8.34	8.34	8.34	8.34	1365	yfinance_1m
2026-09-18T12:08:00-04:00	8.34	8.345	8.32	8.33	9383	yfinance_1m
2026-09-18T12:10:00-04:00	8.335	8.335	8.33	8.33	1940	yfinance_1m
2026-09-18T12:11:00-04:00	8.335	8.34	8.31	8.31	11044	yfinance_1m
2026-09-18T12:12:00-04:00	8.32	8.3219	8.31	8.3219	1612	yfinance_1m
2026-09-18T12:13:00-04:00	8.32	8.33	8.3	8.3	7691	yfinance_1m
2026-09-18T12:14:00-04:00	8.29	8.29	8.28	8.29	895	yfinance_1m
2026-09-18T12:15:00-04:00	8.28	8.31	8.28	8.3	5365	yfinance_1m
2026-09-18T12:16:00-04:00	8.305	8.305	8.29	8.3	2850	yfinance_1m
2026-09-18T12:17:00-04:00	8.3	8.31	8.2924	8.31	5333	yfinance_1m
2026-09-18T12:19:00-04:00	8.3	8.31	8.3	8.3	2162	yfinance_1m
2026-09-18T12:20:00-04:00	8.31	8.32	8.31	8.31	4080	yfinance_1m
2026-09-18T12:21:00-04:00	8.3116	8.315	8.31	8.315	1548	yfinance_1m
2026-09-18T12:22:00-04:00	8.315	8.32	8.31	8.32	3637	yfinance_1m
2026-09-18T12:23:00-04:00	8.32	8.32	8.32	8.32	3449	yfinance_1m
2026-09-18T12:24:00-04:00	8.32	8.32	8.32	8.32	238	yfinance_1m
2026-09-18T12:25:00-04:00	8.32	8.32	8.31	8.32	6465	yfinance_1m
2026-09-18T12:26:00-04:00	8.32	8.32	8.32	8.32	2009	yfinance_1m
2026-09-18T12:27:00-04:00	8.32	8.33	8.32	8.33	4337	yfinance_1m
2026-09-18T12:28:00-04:00	8.33	8.34	8.33	8.34	3830	yfinance_1m
2026-09-18T12:29:00-04:00	8.34	8.34	8.31	8.31	9737	yfinance_1m
2026-09-18T12:30:00-04:00	8.32	8.33	8.32	8.33	2671	yfinance_1m
2026-09-18T12:31:00-04:00	8.32	8.32	8.32	8.32	2108	yfinance_1m
2026-09-18T12:32:00-04:00	8.32	8.32	8.3	8.3	9026	yfinance_1m
2026-09-18T12:33:00-04:00	8.29	8.32	8.29	8.315	3411	yfinance_1m
2026-09-18T12:34:00-04:00	8.32	8.335	8.32	8.33	2403	yfinance_1m
2026-09-18T12:36:00-04:00	8.34	8.365	8.34	8.36	6230	yfinance_1m
2026-09-18T12:37:00-04:00	8.36	8.38	8.36	8.38	4126	yfinance_1m
2026-09-18T12:38:00-04:00	8.38	8.38	8.38	8.38	3557	yfinance_1m
2026-09-18T12:39:00-04:00	8.38	8.38	8.38	8.38	1854	yfinance_1m
2026-09-18T12:40:00-04:00	8.38	8.39	8.38	8.38	2076	yfinance_1m
2026-09-18T12:41:00-04:00	8.38	8.38	8.37	8.38	1016	yfinance_1m
2026-09-18T12:42:00-04:00	8.3878	8.39	8.37	8.3702	6821	yfinance_1m
2026-09-18T12:43:00-04:00	8.38	8.38	8.37	8.38	2989	yfinance_1m
2026-09-18T12:44:00-04:00	8.38	8.39	8.37	8.39	2022	yfinance_1m
2026-09-18T12:45:00-04:00	8.38	8.385	8.375	8.38	7538	yfinance_1m
2026-09-18T12:46:00-04:00	8.38	8.38	8.38	8.38	432	yfinance_1m
2026-09-18T12:47:00-04:00	8.38	8.41	8.38	8.41	4490	yfinance_1m
2026-09-18T12:48:00-04:00	8.41	8.42	8.4	8.41	4880	yfinance_1m
2026-09-18T12:49:00-04:00	8.41	8.42	8.4	8.42	5480	yfinance_1m
2026-09-18T12:50:00-04:00	8.42	8.42	8.41	8.42	2353	yfinance_1m
2026-09-18T12:51:00-04:00	8.42	8.42	8.41	8.42	1469	yfinance_1m
2026-09-18T12:52:00-04:00	8.41	8.425	8.41	8.42	2605	yfinance_1m
2026-09-18T12:53:00-04:00	8.42	8.42	8.42	8.42	2520	yfinance_1m
2026-09-18T12:54:00-04:00	8.42	8.42	8.405	8.41	5499	yfinance_1m
2026-09-18T12:55:00-04:00	8.41	8.41	8.395	8.395	4130	yfinance_1m
2026-09-18T12:56:00-04:00	8.4	8.41	8.4	8.41	1584	yfinance_1m
2026-09-18T12:57:00-04:00	8.4	8.41	8.4	8.4	1510	yfinance_1m
2026-09-18T12:58:00-04:00	8.41	8.41	8.39	8.39	4297	yfinance_1m
2026-09-18T12:59:00-04:00	8.39	8.398	8.385	8.39	9950	yfinance_1m
2026-09-18T13:00:00-04:00	8.39	8.39	8.38	8.38	1388	yfinance_1m
2026-09-18T13:01:00-04:00	8.385	8.385	8.38	8.38	1858	yfinance_1m
2026-09-18T13:02:00-04:00	8.385	8.385	8.385	8.385	1307	yfinance_1m
2026-09-18T13:03:00-04:00	8.385	8.4	8.385	8.4	5748	yfinance_1m
2026-09-18T13:04:00-04:00	8.4	8.4	8.3951	8.3951	729	yfinance_1m
2026-09-18T13:05:00-04:00	8.4	8.41	8.4	8.41	2026	yfinance_1m
2026-09-18T13:06:00-04:00	8.405	8.42	8.405	8.42	2758	yfinance_1m
2026-09-18T13:07:00-04:00	8.415	8.42	8.41	8.41	2396	yfinance_1m
2026-09-18T13:08:00-04:00	8.41	8.41	8.41	8.41	747	yfinance_1m
2026-09-18T13:09:00-04:00	8.41	8.41	8.39	8.41	12047	yfinance_1m
2026-09-18T13:10:00-04:00	8.41	8.41	8.4	8.41	2659	yfinance_1m
2026-09-18T13:11:00-04:00	8.41	8.41	8.41	8.41	2993	yfinance_1m
2026-09-18T13:12:00-04:00	8.4	8.41	8.4	8.4	3374	yfinance_1m
2026-09-18T13:13:00-04:00	8.4	8.41	8.4	8.41	1818	yfinance_1m
2026-09-18T13:14:00-04:00	8.41	8.41	8.405	8.41	1073	yfinance_1m
2026-09-18T13:15:00-04:00	8.405	8.405	8.4	8.405	2776	yfinance_1m
2026-09-18T13:16:00-04:00	8.41	8.41	8.38	8.38	11520	yfinance_1m
2026-09-18T13:17:00-04:00	8.375	8.385	8.375	8.385	2816	yfinance_1m
2026-09-18T13:18:00-04:00	8.385	8.385	8.38	8.38	638	yfinance_1m
2026-09-18T13:19:00-04:00	8.385	8.385	8.365	8.365	4379	yfinance_1m
2026-09-18T13:20:00-04:00	8.365	8.37	8.365	8.365	2081	yfinance_1m
2026-09-18T13:21:00-04:00	8.36	8.365	8.355	8.365	4460	yfinance_1m
2026-09-18T13:22:00-04:00	8.3691	8.3691	8.3691	8.3691	265	yfinance_1m
2026-09-18T13:23:00-04:00	8.37	8.37	8.365	8.365	2447	yfinance_1m
2026-09-18T13:24:00-04:00	8.3636	8.37	8.35	8.36	6201	yfinance_1m
2026-09-18T13:25:00-04:00	8.365	8.38	8.365	8.38	3274	yfinance_1m
2026-09-18T13:26:00-04:00	8.39	8.4	8.39	8.39	6143	yfinance_1m
2026-09-18T13:28:00-04:00	8.39	8.4	8.39	8.4	1253	yfinance_1m
2026-09-18T13:29:00-04:00	8.4	8.4	8.385	8.385	5736	yfinance_1m
2026-09-18T13:30:00-04:00	8.38	8.38	8.372	8.372	5120	yfinance_1m
2026-09-18T13:31:00-04:00	8.37	8.37	8.34	8.34	4621	yfinance_1m
2026-09-18T13:32:00-04:00	8.34	8.34	8.33	8.33	893	yfinance_1m
2026-09-18T13:33:00-04:00	8.34	8.345	8.34	8.345	2967	yfinance_1m
2026-09-18T13:34:00-04:00	8.345	8.345	8.34	8.345	4404	yfinance_1m
2026-09-18T13:35:00-04:00	8.35	8.36	8.35	8.36	3500	yfinance_1m
2026-09-18T13:36:00-04:00	8.36	8.36	8.351	8.351	923	yfinance_1m
2026-09-18T13:37:00-04:00	8.355	8.38	8.355	8.375	5361	yfinance_1m
2026-09-18T13:38:00-04:00	8.38	8.38	8.37	8.37	7919	yfinance_1m
2026-09-18T13:39:00-04:00	8.375	8.375	8.37	8.375	2631	yfinance_1m
2026-09-18T13:40:00-04:00	8.38	8.385	8.38	8.385	2037	yfinance_1m
2026-09-18T13:41:00-04:00	8.38	8.385	8.375	8.38	6084	yfinance_1m
2026-09-18T13:42:00-04:00	8.385	8.39	8.38	8.38	3650	yfinance_1m
2026-09-18T13:43:00-04:00	8.39	8.39	8.39	8.39	393	yfinance_1m
2026-09-18T13:44:00-04:00	8.39	8.395	8.385	8.385	10641	yfinance_1m
2026-09-18T13:45:00-04:00	8.385	8.39	8.385	8.39	1976	yfinance_1m
2026-09-18T13:46:00-04:00	8.395	8.41	8.395	8.41	3197	yfinance_1m
2026-09-18T13:47:00-04:00	8.41	8.41	8.4	8.41	6802	yfinance_1m
2026-09-18T13:48:00-04:00	8.415	8.42	8.41	8.42	1616	yfinance_1m
2026-09-18T13:49:00-04:00	8.42	8.43	8.41	8.42	3589	yfinance_1m
2026-09-18T13:50:00-04:00	8.42	8.42	8.42	8.42	1172	yfinance_1m
2026-09-18T13:51:00-04:00	8.41	8.41	8.39	8.395	10507	yfinance_1m
2026-09-18T13:52:00-04:00	8.395	8.395	8.395	8.395	886	yfinance_1m
2026-09-18T13:53:00-04:00	8.39	8.4	8.39	8.395	1434	yfinance_1m
2026-09-18T13:54:00-04:00	8.395	8.4	8.385	8.39	6660	yfinance_1m
2026-09-18T13:55:00-04:00	8.385	8.385	8.38	8.38	4237	yfinance_1m
2026-09-18T13:56:00-04:00	8.375	8.375	8.375	8.375	445	yfinance_1m
2026-09-18T13:57:00-04:00	8.38	8.38	8.375	8.375	2095	yfinance_1m
2026-09-18T13:58:00-04:00	8.38	8.38	8.375	8.375	2347	yfinance_1m
2026-09-18T13:59:00-04:00	8.375	8.38	8.375	8.38	1593	yfinance_1m
2026-09-18T14:00:00-04:00	8.38	8.39	8.38	8.39	2713	yfinance_1m
2026-09-18T14:01:00-04:00	8.39	8.405	8.39	8.4	6862	yfinance_1m
2026-09-18T14:02:00-04:00	8.4	8.4	8.38	8.38	15231	yfinance_1m
2026-09-18T14:03:00-04:00	8.39	8.39	8.39	8.39	992	yfinance_1m
2026-09-18T14:04:00-04:00	8.39	8.4	8.39	8.4	1912	yfinance_1m
2026-09-18T14:05:00-04:00	8.395	8.4	8.39	8.39	2539	yfinance_1m
2026-09-18T14:06:00-04:00	8.4	8.405	8.395	8.405	3964	yfinance_1m
2026-09-18T14:07:00-04:00	8.41	8.43	8.41	8.43	1532	yfinance_1m
2026-09-18T14:08:00-04:00	8.43	8.43	8.42	8.42	11520	yfinance_1m
2026-09-18T14:09:00-04:00	8.42	8.43	8.42	8.43	2189	yfinance_1m
2026-09-18T14:10:00-04:00	8.44	8.44	8.43	8.44	3131	yfinance_1m
2026-09-18T14:11:00-04:00	8.44	8.44	8.43	8.44	3481	yfinance_1m
2026-09-18T14:12:00-04:00	8.45	8.45	8.445	8.445	1915	yfinance_1m
2026-09-18T14:13:00-04:00	8.445	8.445	8.435	8.44	3532	yfinance_1m
2026-09-18T14:14:00-04:00	8.44	8.47	8.44	8.47	4052	yfinance_1m
2026-09-18T14:15:00-04:00	8.465	8.465	8.45	8.45	10989	yfinance_1m
2026-09-18T14:16:00-04:00	8.455	8.455	8.44	8.445	4687	yfinance_1m
2026-09-18T14:17:00-04:00	8.45	8.455	8.45	8.455	2413	yfinance_1m
2026-09-18T14:18:00-04:00	8.46	8.46	8.46	8.46	2515	yfinance_1m
2026-09-18T14:19:00-04:00	8.465	8.465	8.46	8.46	4858	yfinance_1m
2026-09-18T14:20:00-04:00	8.465	8.465	8.45	8.45	10952	yfinance_1m
2026-09-18T14:21:00-04:00	8.45	8.45	8.45	8.45	1905	yfinance_1m
2026-09-18T14:22:00-04:00	8.45	8.45	8.44	8.445	10526	yfinance_1m
2026-09-18T14:23:00-04:00	8.445	8.445	8.445	8.445	507	yfinance_1m
2026-09-18T14:24:00-04:00	8.445	8.45	8.435	8.435	6824	yfinance_1m
2026-09-18T14:25:00-04:00	8.43	8.435	8.43	8.435	1072	yfinance_1m
2026-09-18T14:26:00-04:00	8.435	8.44	8.435	8.435	1880	yfinance_1m
2026-09-18T14:27:00-04:00	8.44	8.47	8.44	8.455	14606	yfinance_1m
2026-09-18T14:28:00-04:00	8.455	8.49	8.455	8.49	3828	yfinance_1m
2026-09-18T14:29:00-04:00	8.49	8.5	8.49	8.49	7159	yfinance_1m
2026-09-18T14:30:00-04:00	8.49	8.495	8.49	8.495	4225	yfinance_1m
2026-09-18T14:31:00-04:00	8.5	8.505	8.49	8.49	13025	yfinance_1m
2026-09-18T14:32:00-04:00	8.48	8.48	8.46	8.46	3524	yfinance_1m
2026-09-18T14:33:00-04:00	8.46	8.465	8.46	8.465	482	yfinance_1m
2026-09-18T14:34:00-04:00	8.465	8.49	8.46	8.49	4730	yfinance_1m
2026-09-18T14:35:00-04:00	8.49	8.49	8.48	8.485	1694	yfinance_1m
2026-09-18T14:36:00-04:00	8.485	8.49	8.485	8.485	1770	yfinance_1m
2026-09-18T14:37:00-04:00	8.485	8.49	8.48	8.485	2820	yfinance_1m
2026-09-18T14:38:00-04:00	8.485	8.49	8.48	8.485	6932	yfinance_1m
2026-09-18T14:39:00-04:00	8.485	8.495	8.485	8.495	3318	yfinance_1m
2026-09-18T14:40:00-04:00	8.49	8.505	8.48	8.48	11223	yfinance_1m
2026-09-18T14:42:00-04:00	8.485	8.49	8.48	8.49	1746	yfinance_1m
2026-09-18T14:43:00-04:00	8.49	8.505	8.49	8.5	12883	yfinance_1m
2026-09-18T14:44:00-04:00	8.5	8.5	8.475	8.475	8326	yfinance_1m
2026-09-18T14:45:00-04:00	8.475	8.475	8.475	8.475	883	yfinance_1m
2026-09-18T14:46:00-04:00	8.48	8.495	8.48	8.49	13842	yfinance_1m
2026-09-18T14:47:00-04:00	8.5	8.51	8.5	8.51	3575	yfinance_1m
2026-09-18T14:48:00-04:00	8.51	8.51	8.51	8.51	1216	yfinance_1m
2026-09-18T14:49:00-04:00	8.51	8.51	8.48	8.49	11123	yfinance_1m
2026-09-18T14:50:00-04:00	8.48	8.48	8.46	8.46	5949	yfinance_1m
2026-09-18T14:51:00-04:00	8.45	8.4592	8.45	8.45	1316	yfinance_1m
2026-09-18T14:52:00-04:00	8.455	8.455	8.455	8.455	1447	yfinance_1m
2026-09-18T14:53:00-04:00	8.455	8.465	8.45	8.465	4478	yfinance_1m
2026-09-18T14:54:00-04:00	8.465	8.47	8.46	8.465	2490	yfinance_1m
2026-09-18T14:55:00-04:00	8.465	8.47	8.465	8.47	2362	yfinance_1m
2026-09-18T14:56:00-04:00	8.47	8.47	8.44	8.45	23183	yfinance_1m
2026-09-18T14:57:00-04:00	8.45	8.45	8.45	8.45	8085	yfinance_1m
2026-09-18T14:58:00-04:00	8.46	8.47	8.45	8.45	8341	yfinance_1m
2026-09-18T14:59:00-04:00	8.45	8.45	8.42	8.45	7703	yfinance_1m
2026-09-18T15:00:00-04:00	8.43	8.445	8.43	8.445	4213	yfinance_1m
2026-09-18T15:01:00-04:00	8.43	8.43	8.425	8.425	2751	yfinance_1m
2026-09-18T15:02:00-04:00	8.425	8.425	8.41	8.42	6653	yfinance_1m
2026-09-18T15:03:00-04:00	8.415	8.465	8.415	8.46	13467	yfinance_1m
2026-09-18T15:04:00-04:00	8.46	8.47	8.46	8.465	1763	yfinance_1m
2026-09-18T15:05:00-04:00	8.47	8.47	8.45	8.465	10165	yfinance_1m
2026-09-18T15:06:00-04:00	8.47	8.48	8.46	8.48	11495	yfinance_1m
2026-09-18T15:07:00-04:00	8.47	8.54	8.47	8.54	9767	yfinance_1m
2026-09-18T15:08:00-04:00	8.54	8.54	8.52	8.53	6756	yfinance_1m
2026-09-18T15:09:00-04:00	8.53	8.54	8.52	8.539	4167	yfinance_1m
2026-09-18T15:10:00-04:00	8.535	8.56	8.525	8.525	10683	yfinance_1m
2026-09-18T15:11:00-04:00	8.52	8.535	8.51	8.535	14716	yfinance_1m
2026-09-18T15:12:00-04:00	8.535	8.58	8.53	8.58	7398	yfinance_1m
2026-09-18T15:13:00-04:00	8.58	8.59	8.565	8.565	8293	yfinance_1m
2026-09-18T15:14:00-04:00	8.57	8.59	8.54	8.54	25375	yfinance_1m
2026-09-18T15:15:00-04:00	8.54	8.55	8.54	8.55	6001	yfinance_1m
2026-09-18T15:16:00-04:00	8.55	8.57	8.55	8.57	7064	yfinance_1m
2026-09-18T15:17:00-04:00	8.57	8.57	8.52	8.53	12720	yfinance_1m
2026-09-18T15:18:00-04:00	8.53	8.53	8.53	8.53	1978	yfinance_1m
2026-09-18T15:19:00-04:00	8.53	8.55	8.53	8.54	9616	yfinance_1m
2026-09-18T15:20:00-04:00	8.54	8.54	8.4775	8.4775	23381	yfinance_1m
2026-09-18T15:21:00-04:00	8.475	8.52	8.475	8.52	8840	yfinance_1m
2026-09-18T15:22:00-04:00	8.52	8.535	8.51	8.535	8026	yfinance_1m
2026-09-18T15:23:00-04:00	8.535	8.535	8.52	8.52	10722	yfinance_1m
2026-09-18T15:24:00-04:00	8.52	8.53	8.51	8.52	5697	yfinance_1m
2026-09-18T15:25:00-04:00	8.52	8.53	8.52	8.53	3989	yfinance_1m
2026-09-18T15:26:00-04:00	8.53	8.55	8.525	8.55	5385	yfinance_1m
2026-09-18T15:27:00-04:00	8.54	8.545	8.52	8.53	34171	yfinance_1m
2026-09-18T15:28:00-04:00	8.53	8.53	8.53	8.53	2174	yfinance_1m
2026-09-18T15:29:00-04:00	8.54	8.545	8.53	8.53	13885	yfinance_1m
2026-09-18T15:30:00-04:00	8.53	8.53	8.48	8.49	17609	yfinance_1m
2026-09-18T15:31:00-04:00	8.49	8.49	8.475	8.475	10576	yfinance_1m
2026-09-18T15:32:00-04:00	8.47	8.475	8.46	8.465	6519	yfinance_1m
2026-09-18T15:33:00-04:00	8.46	8.485	8.455	8.475	26309	yfinance_1m
2026-09-18T15:34:00-04:00	8.47	8.49	8.47	8.49	12185	yfinance_1m
2026-09-18T15:35:00-04:00	8.485	8.525	8.48	8.52	22329	yfinance_1m
2026-09-18T15:36:00-04:00	8.51	8.52	8.505	8.52	20558	yfinance_1m
2026-09-18T15:37:00-04:00	8.52	8.52	8.5	8.515	9578	yfinance_1m
2026-09-18T15:38:00-04:00	8.51	8.51	8.485	8.49	15387	yfinance_1m
2026-09-18T15:39:00-04:00	8.485	8.505	8.46	8.46	32119	yfinance_1m
2026-09-18T15:40:00-04:00	8.455	8.46	8.41	8.45	21519	yfinance_1m
2026-09-18T15:41:00-04:00	8.45	8.51	8.45	8.49	33114	yfinance_1m
2026-09-18T15:42:00-04:00	8.48	8.485	8.47	8.485	10267	yfinance_1m
2026-09-18T15:43:00-04:00	8.485	8.52	8.48	8.51	13028	yfinance_1m
2026-09-18T15:44:00-04:00	8.51	8.54	8.5	8.54	19804	yfinance_1m
2026-09-18T15:45:00-04:00	8.54	8.54	8.46	8.49	48565	yfinance_1m
2026-09-18T15:46:00-04:00	8.49	8.5	8.48	8.48	20506	yfinance_1m
2026-09-18T15:47:00-04:00	8.485	8.52	8.48	8.5	24788	yfinance_1m
2026-09-18T15:48:00-04:00	8.504	8.525	8.5	8.5	19434	yfinance_1m
2026-09-18T15:49:00-04:00	8.51	8.54	8.48	8.53	23112	yfinance_1m
2026-09-18T15:50:00-04:00	8.54	8.58	8.49	8.495	29571	yfinance_1m
2026-09-18T15:51:00-04:00	8.49	8.5	8.48	8.49	28165	yfinance_1m
2026-09-18T15:52:00-04:00	8.5	8.515	8.48	8.49	72816	yfinance_1m
2026-09-18T15:53:00-04:00	8.49	8.49	8.45	8.45	35341	yfinance_1m
2026-09-18T15:54:00-04:00	8.455	8.455	8.42	8.42	49283	yfinance_1m
2026-09-18T15:55:00-04:00	8.42	8.445	8.42	8.435	50670	yfinance_1m
2026-09-18T15:56:00-04:00	8.435	8.505	8.435	8.495	53425	yfinance_1m
2026-09-18T15:57:00-04:00	8.495	8.54	8.495	8.52	50854	yfinance_1m
2026-09-18T15:58:00-04:00	8.525	8.57	8.52	8.56	123715	yfinance_1m
2026-09-18T15:59:00-04:00	8.565	8.57	8.53	8.535	71738	yfinance_1m
2026-09-21T09:30:00-04:00	8.69	8.8	8.69	8.8	34242	yfinance_1m
2026-09-21T09:31:00-04:00	8.79	8.99	8.77	8.9767	3123	yfinance_1m
2026-09-21T09:32:00-04:00	8.98	9.0	8.92	8.95	16094	yfinance_1m
2026-09-21T09:33:00-04:00	8.94	8.94	8.9	8.93	3028	yfinance_1m
2026-09-21T09:34:00-04:00	8.95	8.95	8.88	8.9	3364	yfinance_1m
2026-09-21T09:35:00-04:00	8.91	9.06	8.89	9.03	8983	yfinance_1m
2026-09-21T09:36:00-04:00	9.025	9.025	8.91	8.91	6333	yfinance_1m
2026-09-21T09:37:00-04:00	8.94	9.03	8.94	9.01	4622	yfinance_1m
2026-09-21T09:38:00-04:00	9.0	9.05	8.97	8.97	2597	yfinance_1m
2026-09-21T09:39:00-04:00	8.9987	9.03	8.97	8.97	19244	yfinance_1m
2026-09-21T09:40:00-04:00	8.955	8.99	8.94	8.99	10329	yfinance_1m
2026-09-21T09:41:00-04:00	9.01	9.04	9.01	9.035	3607	yfinance_1m
2026-09-21T09:42:00-04:00	9.035	9.035	8.9234	8.925	7941	yfinance_1m
2026-09-21T09:43:00-04:00	8.95	8.95	8.8804	8.9186	4927	yfinance_1m
2026-09-21T09:44:00-04:00	8.9	8.93	8.9	8.925	1904	yfinance_1m
2026-09-21T09:45:00-04:00	8.95	9.0	8.95	9.0	1647	yfinance_1m
2026-09-21T09:46:00-04:00	9.03	9.03	9.0	9.0	817	yfinance_1m
2026-09-21T09:47:00-04:00	8.99	9.04	8.99	9.015	6459	yfinance_1m
2026-09-21T09:48:00-04:00	9.03	9.05	9.01	9.04	6364	yfinance_1m
2026-09-21T09:49:00-04:00	9.05	9.06	9.035	9.035	8494	yfinance_1m
2026-09-21T09:50:00-04:00	9.03	9.03	9.01	9.03	2517	yfinance_1m
2026-09-21T09:51:00-04:00	9.04	9.175	9.04	9.175	17471	yfinance_1m
2026-09-21T09:52:00-04:00	9.18	9.1977	9.12	9.13	41837	yfinance_1m
2026-09-21T09:53:00-04:00	9.12	9.12	9.08	9.08	8450	yfinance_1m
2026-09-21T09:54:00-04:00	9.07	9.075	9.06	9.06	698	yfinance_1m
2026-09-21T09:55:00-04:00	9.06	9.06	8.98	9.01	8607	yfinance_1m
2026-09-21T09:56:00-04:00	9.01	9.07	9.005	9.065	3984	yfinance_1m
2026-09-21T09:57:00-04:00	9.08	9.11	9.075	9.1	4053	yfinance_1m
2026-09-21T09:58:00-04:00	9.11	9.11	9.09	9.11	5870	yfinance_1m
2026-09-21T09:59:00-04:00	9.12	9.2	9.12	9.175	18484	yfinance_1m
2026-09-21T10:00:00-04:00	9.175	9.175	9.08	9.08	11015	yfinance_1m
2026-09-21T10:01:00-04:00	9.12	9.1532	9.12	9.1532	3225	yfinance_1m
2026-09-21T10:02:00-04:00	9.145	9.19	9.1255	9.15	10568	yfinance_1m
2026-09-21T10:03:00-04:00	9.15	9.15	9.135	9.145	4137	yfinance_1m
2026-09-21T10:04:00-04:00	9.15	9.16	9.13	9.13	11068	yfinance_1m
2026-09-21T10:05:00-04:00	9.13	9.13	9.075	9.075	5490	yfinance_1m
2026-09-21T10:06:00-04:00	9.075	9.15	9.0645	9.13	7081	yfinance_1m
2026-09-21T10:07:00-04:00	9.122	9.122	9.07	9.1	3804	yfinance_1m
2026-09-21T10:08:00-04:00	9.1094	9.15	9.1094	9.145	2975	yfinance_1m
2026-09-21T10:09:00-04:00	9.14	9.15	9.12	9.12	2617	yfinance_1m
2026-09-21T10:10:00-04:00	9.13	9.16	9.13	9.1423	4965	yfinance_1m
2026-09-21T10:11:00-04:00	9.155	9.16	9.13	9.13	8508	yfinance_1m
2026-09-21T10:12:00-04:00	9.13	9.15	9.12	9.15	7406	yfinance_1m
2026-09-21T10:13:00-04:00	9.15	9.16	9.15	9.16	5474	yfinance_1m
2026-09-21T10:14:00-04:00	9.16	9.17	9.14	9.15	17465	yfinance_1m
2026-09-21T10:15:00-04:00	9.15	9.15	9.15	9.15	973	yfinance_1m
2026-09-21T10:16:00-04:00	9.15	9.17	9.15	9.15	7127	yfinance_1m
2026-09-21T10:17:00-04:00	9.16	9.165	9.155	9.165	801	yfinance_1m
2026-09-21T10:18:00-04:00	9.16	9.17	9.16	9.17	1774	yfinance_1m
2026-09-21T10:19:00-04:00	9.175	9.22	9.1701	9.19	18655	yfinance_1m
2026-09-21T10:20:00-04:00	9.195	9.21	9.1714	9.1714	11482	yfinance_1m
2026-09-21T10:21:00-04:00	9.18	9.18	9.17	9.17	4055	yfinance_1m
2026-09-21T10:22:00-04:00	9.17	9.225	9.17	9.225	8813	yfinance_1m
2026-09-21T10:23:00-04:00	9.225	9.225	9.2	9.2	1734	yfinance_1m
2026-09-21T10:24:00-04:00	9.2	9.2	9.17	9.18	3545	yfinance_1m
2026-09-21T10:25:00-04:00	9.19	9.2	9.19	9.19	1710	yfinance_1m
2026-09-21T10:26:00-04:00	9.19	9.2247	9.19	9.2247	3575	yfinance_1m
2026-09-21T10:27:00-04:00	9.22	9.23	9.21	9.21	2210	yfinance_1m
2026-09-21T10:28:00-04:00	9.23	9.23	9.21	9.22	3790	yfinance_1m
2026-09-21T10:29:00-04:00	9.215	9.23	9.215	9.22	6646	yfinance_1m
2026-09-21T10:30:00-04:00	9.21	9.2259	9.21	9.22	4156	yfinance_1m
2026-09-21T10:31:00-04:00	9.21	9.21	9.1701	9.1701	3764	yfinance_1m
2026-09-21T10:32:00-04:00	9.19	9.19	9.155	9.18	6525	yfinance_1m
2026-09-21T10:33:00-04:00	9.18	9.19	9.175	9.18	2949	yfinance_1m
2026-09-21T10:34:00-04:00	9.18	9.19	9.162	9.19	5133	yfinance_1m
2026-09-21T10:35:00-04:00	9.19	9.19	9.18	9.18	2591	yfinance_1m
2026-09-21T10:36:00-04:00	9.18	9.2	9.18	9.19	2622	yfinance_1m
2026-09-21T10:37:00-04:00	9.2	9.23	9.2	9.23	9076	yfinance_1m
2026-09-21T10:38:00-04:00	9.22	9.24	9.22	9.235	10274	yfinance_1m
2026-09-21T10:39:00-04:00	9.235	9.25	9.235	9.24	10002	yfinance_1m
2026-09-21T10:40:00-04:00	9.23	9.26	9.23	9.26	13236	yfinance_1m
2026-09-21T10:41:00-04:00	9.25	9.27	9.25	9.2599	5866	yfinance_1m
2026-09-21T10:42:00-04:00	9.26	9.27	9.25	9.262	3256	yfinance_1m
2026-09-21T10:43:00-04:00	9.27	9.275	9.25	9.25	5232	yfinance_1m
2026-09-21T10:44:00-04:00	9.255	9.26	9.244	9.245	6491	yfinance_1m
2026-09-21T10:45:00-04:00	9.25	9.25	9.249	9.25	4304	yfinance_1m
2026-09-21T10:46:00-04:00	9.249	9.26	9.249	9.26	5729	yfinance_1m
2026-09-21T10:47:00-04:00	9.2563	9.26	9.24	9.24	7088	yfinance_1m
2026-09-21T10:48:00-04:00	9.23	9.25	9.2201	9.24	1267	yfinance_1m
2026-09-21T10:49:00-04:00	9.235	9.25	9.235	9.24	8708	yfinance_1m
2026-09-21T10:50:00-04:00	9.24	9.24	9.23	9.24	2395	yfinance_1m
2026-09-21T10:51:00-04:00	9.26	9.27	9.255	9.27	1551	yfinance_1m
2026-09-21T10:52:00-04:00	9.27	9.27	9.26	9.26	3090	yfinance_1m
2026-09-21T10:53:00-04:00	9.26	9.26	9.24	9.25	3115	yfinance_1m
2026-09-21T10:54:00-04:00	9.25	9.25	9.25	9.25	1553	yfinance_1m
2026-09-21T10:55:00-04:00	9.25	9.25	9.25	9.25	1397	yfinance_1m
2026-09-21T10:56:00-04:00	9.245	9.28	9.245	9.26	4055	yfinance_1m
2026-09-21T10:57:00-04:00	9.27	9.285	9.26	9.285	5466	yfinance_1m
2026-09-21T10:58:00-04:00	9.28	9.28	9.27	9.275	2622	yfinance_1m
2026-09-21T10:59:00-04:00	9.275	9.285	9.27	9.285	7691	yfinance_1m
2026-09-21T11:00:00-04:00	9.29	9.295	9.27	9.28	10213	yfinance_1m
2026-09-21T11:01:00-04:00	9.28	9.295	9.28	9.295	2073	yfinance_1m
2026-09-21T11:02:00-04:00	9.295	9.31	9.2801	9.305	9580	yfinance_1m
2026-09-21T11:03:00-04:00	9.305	9.33	9.3	9.327943	7042	yfinance_1m
2026-09-21T11:04:00-04:00	9.32	9.33	9.314	9.33	6653	yfinance_1m
2026-09-21T11:05:00-04:00	9.34	9.47	9.34	9.434	74592	yfinance_1m
2026-09-21T11:06:00-04:00	9.43	9.43	9.3684	9.41	25537	yfinance_1m
2026-09-21T11:07:00-04:00	9.41	9.45	9.4	9.44	7514	yfinance_1m
2026-09-21T11:08:00-04:00	9.455	9.5	9.455	9.495	12347	yfinance_1m
2026-09-21T11:09:00-04:00	9.485	9.49	9.4624	9.48	6945	yfinance_1m
2026-09-21T11:10:00-04:00	9.472	9.475	9.455	9.46	7666	yfinance_1m
2026-09-21T11:11:00-04:00	9.46	9.4799	9.45	9.47	5894	yfinance_1m
2026-09-21T11:12:00-04:00	9.47	9.49	9.47	9.49	2770	yfinance_1m
2026-09-21T11:13:00-04:00	9.484	9.495	9.48	9.49	3418	yfinance_1m
2026-09-21T11:14:00-04:00	9.49	9.53	9.4803	9.53	11628	yfinance_1m
2026-09-21T11:15:00-04:00	9.53	9.54	9.51	9.5151	6963	yfinance_1m
2026-09-21T11:16:00-04:00	9.515	9.52	9.5109	9.515	4105	yfinance_1m
2026-09-21T11:17:00-04:00	9.525	9.56	9.525	9.555	9497	yfinance_1m
2026-09-21T11:18:00-04:00	9.555	9.555	9.52	9.5473	8534	yfinance_1m
2026-09-21T11:19:00-04:00	9.54	9.55	9.54	9.55	4867	yfinance_1m
2026-09-21T11:20:00-04:00	9.56	9.59	9.55	9.59	5663	yfinance_1m
2026-09-21T11:21:00-04:00	9.59	9.63	9.5801	9.6278	64477	yfinance_1m
2026-09-21T11:22:00-04:00	9.6292	9.65	9.62	9.64	10383	yfinance_1m
2026-09-21T11:23:00-04:00	9.65	9.71	9.65	9.7052	18071	yfinance_1m
2026-09-21T11:24:00-04:00	9.7086	9.72	9.7	9.72	4156	yfinance_1m
2026-09-21T11:25:00-04:00	9.71	9.72	9.68	9.69	8011	yfinance_1m
2026-09-21T11:26:00-04:00	9.6897	9.6897	9.66	9.66	7543	yfinance_1m
2026-09-21T11:27:00-04:00	9.65	9.68	9.645	9.68	10369	yfinance_1m
2026-09-21T11:28:00-04:00	9.67	9.67	9.6307	9.665	12049	yfinance_1m
2026-09-21T11:29:00-04:00	9.65	9.67	9.65	9.655	3176	yfinance_1m
2026-09-21T11:30:00-04:00	9.655	9.67	9.65	9.67	10307	yfinance_1m
2026-09-21T11:31:00-04:00	9.67	9.67	9.66	9.66	3152	yfinance_1m
2026-09-21T11:32:00-04:00	9.67	9.67	9.6606	9.665	3425	yfinance_1m
2026-09-21T11:33:00-04:00	9.6663	9.67	9.66	9.67	5012	yfinance_1m
2026-09-21T11:34:00-04:00	9.68	9.69	9.6503	9.6503	16257	yfinance_1m
2026-09-21T11:35:00-04:00	9.66	9.67	9.6596	9.6596	4581	yfinance_1m
2026-09-21T11:36:00-04:00	9.66	9.66	9.65	9.655	5089	yfinance_1m
2026-09-21T11:37:00-04:00	9.66	9.665	9.655	9.66	4473	yfinance_1m
2026-09-21T11:38:00-04:00	9.67	9.67	9.66	9.67	2425	yfinance_1m
2026-09-21T11:39:00-04:00	9.67	9.675	9.6598	9.675	5442	yfinance_1m
2026-09-21T11:40:00-04:00	9.675	9.68	9.67	9.68	4678	yfinance_1m
2026-09-21T11:41:00-04:00	9.68	9.705	9.68	9.7	5689	yfinance_1m
2026-09-21T11:42:00-04:00	9.695	9.695	9.692	9.695	3864	yfinance_1m
2026-09-21T11:43:00-04:00	9.695	9.7	9.69	9.7	7897	yfinance_1m
2026-09-21T11:44:00-04:00	9.7091	9.7091	9.68	9.69	9880	yfinance_1m
2026-09-21T11:45:00-04:00	9.69	9.69	9.68	9.69	1195	yfinance_1m
2026-09-21T11:46:00-04:00	9.685	9.69	9.67	9.68	9902	yfinance_1m
2026-09-21T11:47:00-04:00	9.685	9.69	9.685	9.685	1539	yfinance_1m
2026-09-21T11:48:00-04:00	9.685	9.69	9.68	9.69	8645	yfinance_1m
2026-09-21T11:49:00-04:00	9.69	9.7	9.69	9.7	2347	yfinance_1m
2026-09-21T11:50:00-04:00	9.71	9.76	9.6925	9.76	15082	yfinance_1m
2026-09-21T11:51:00-04:00	9.755	9.7593	9.7301	9.7301	3628	yfinance_1m
2026-09-21T11:52:00-04:00	9.735	9.74	9.7314	9.74	2945	yfinance_1m
2026-09-21T11:53:00-04:00	9.735	9.735	9.7101	9.735	7510	yfinance_1m
2026-09-21T11:54:00-04:00	9.735	9.74	9.7115	9.72	4517	yfinance_1m
2026-09-21T11:55:00-04:00	9.72	9.735	9.72	9.735	4278	yfinance_1m
2026-09-21T11:56:00-04:00	9.74	9.74	9.735	9.735	1739	yfinance_1m
2026-09-21T11:57:00-04:00	9.735	9.735	9.68	9.685	9655	yfinance_1m
2026-09-21T11:58:00-04:00	9.685	9.73	9.685	9.72	8097	yfinance_1m
2026-09-21T11:59:00-04:00	9.725	9.735	9.7214	9.73	4184	yfinance_1m
2026-09-21T12:00:00-04:00	9.73	9.73	9.72	9.73	4175	yfinance_1m
2026-09-21T12:01:00-04:00	9.735	9.755	9.73	9.75	7878	yfinance_1m
2026-09-21T12:02:00-04:00	9.745	9.75	9.74	9.74	3973	yfinance_1m
2026-09-21T12:03:00-04:00	9.75	9.7522	9.75	9.75	1446	yfinance_1m
2026-09-21T12:04:00-04:00	9.75	9.75	9.71	9.725	4162	yfinance_1m
2026-09-21T12:05:00-04:00	9.72	9.7368	9.7101	9.725	4663	yfinance_1m
2026-09-21T12:06:00-04:00	9.72	9.72	9.65	9.6509	19894	yfinance_1m
2026-09-21T12:07:00-04:00	9.66	9.7	9.6509	9.7	9399	yfinance_1m
2026-09-21T12:08:00-04:00	9.71	9.71	9.7	9.705	2161	yfinance_1m
2026-09-21T12:09:00-04:00	9.7	9.71	9.69	9.7	5015	yfinance_1m
2026-09-21T12:10:00-04:00	9.7	9.7123	9.69	9.7123	4292	yfinance_1m
2026-09-21T12:11:00-04:00	9.72	9.74	9.72	9.725	3518	yfinance_1m
2026-09-21T12:12:00-04:00	9.725	9.725	9.715	9.7192	5200	yfinance_1m
2026-09-21T12:13:00-04:00	9.72	9.73	9.7001	9.7004	11329	yfinance_1m
2026-09-21T12:14:00-04:00	9.7	9.71	9.7	9.7003	3349	yfinance_1m
2026-09-21T12:15:00-04:00	9.715	9.72	9.7	9.71	7061	yfinance_1m
2026-09-21T12:16:00-04:00	9.71	9.73	9.7001	9.73	3465	yfinance_1m
2026-09-21T12:17:00-04:00	9.72	9.72	9.71	9.715	2553	yfinance_1m
2026-09-21T12:18:00-04:00	9.712	9.725	9.712	9.72	3511	yfinance_1m
2026-09-21T12:19:00-04:00	9.71	9.73	9.71	9.72	2608	yfinance_1m
2026-09-21T12:20:00-04:00	9.72	9.73	9.72	9.73	2448	yfinance_1m
2026-09-21T12:21:00-04:00	9.725	9.725	9.71	9.72	4024	yfinance_1m
2026-09-21T12:22:00-04:00	9.72	9.73	9.7101	9.73	1504	yfinance_1m
2026-09-21T12:23:00-04:00	9.725	9.735	9.7	9.71	18138	yfinance_1m
2026-09-21T12:24:00-04:00	9.71	9.71	9.69	9.7	7364	yfinance_1m
2026-09-21T12:25:00-04:00	9.7	9.71	9.7	9.71	2626	yfinance_1m
2026-09-21T12:26:00-04:00	9.72	9.73	9.71	9.72	4429	yfinance_1m
2026-09-21T12:27:00-04:00	9.72	9.72	9.7	9.7	3713	yfinance_1m
2026-09-21T12:28:00-04:00	9.7	9.745	9.7	9.705	75923	yfinance_1m
2026-09-21T12:29:00-04:00	9.72	9.72	9.72	9.72	1346	yfinance_1m
2026-09-21T12:30:00-04:00	9.72	9.7277	9.71	9.72	2014	yfinance_1m
2026-09-21T12:31:00-04:00	9.72	9.72	9.68	9.68	11243	yfinance_1m
2026-09-21T12:32:00-04:00	9.68	9.68	9.67	9.67	5328	yfinance_1m
2026-09-21T12:33:00-04:00	9.67	9.675	9.64	9.675	4841	yfinance_1m
2026-09-21T12:34:00-04:00	9.67	9.7	9.67	9.69	14209	yfinance_1m
2026-09-21T12:35:00-04:00	9.685	9.685	9.67	9.68	1220	yfinance_1m
2026-09-21T12:36:00-04:00	9.67	9.67	9.66	9.67	3614	yfinance_1m
2026-09-21T12:37:00-04:00	9.67	9.67	9.67	9.67	719	yfinance_1m
2026-09-21T12:38:00-04:00	9.67	9.68	9.66	9.675	17046	yfinance_1m
2026-09-21T12:39:00-04:00	9.68	9.68	9.675	9.68	3590	yfinance_1m
2026-09-21T12:40:00-04:00	9.675	9.68	9.675	9.68	2208	yfinance_1m
2026-09-21T12:41:00-04:00	9.675	9.675	9.6203	9.625	17941	yfinance_1m
2026-09-21T12:42:00-04:00	9.63	9.675	9.6	9.665	55493	yfinance_1m
2026-09-21T12:43:00-04:00	9.665	9.67	9.665	9.67	1499	yfinance_1m
2026-09-21T12:44:00-04:00	9.68	9.69	9.6601	9.69	3362	yfinance_1m
2026-09-21T12:45:00-04:00	9.69	9.69	9.67	9.67	5258	yfinance_1m
2026-09-21T12:46:00-04:00	9.665	9.665	9.66	9.66	3107	yfinance_1m
2026-09-21T12:47:00-04:00	9.655	9.66	9.625	9.64	9642	yfinance_1m
2026-09-21T12:48:00-04:00	9.65	9.66	9.65	9.66	1338	yfinance_1m
2026-09-21T12:49:00-04:00	9.6599	9.69	9.65	9.68	2938	yfinance_1m
2026-09-21T12:50:00-04:00	9.685	9.685	9.685	9.685	1310	yfinance_1m
2026-09-21T12:51:00-04:00	9.69	9.69	9.69	9.69	2418	yfinance_1m
2026-09-21T12:52:00-04:00	9.69	9.74	9.68	9.74	10826	yfinance_1m
2026-09-21T12:53:00-04:00	9.7476	9.76	9.7476	9.75	3747	yfinance_1m
2026-09-21T12:54:00-04:00	9.7631	9.7631	9.755	9.755	1365	yfinance_1m
2026-09-21T12:55:00-04:00	9.76	9.77	9.75	9.75	6322	yfinance_1m
2026-09-21T12:56:00-04:00	9.75	9.75	9.73	9.73	5614	yfinance_1m
2026-09-21T12:57:00-04:00	9.72	9.74	9.715	9.73	4550	yfinance_1m
2026-09-21T12:58:00-04:00	9.73	9.75	9.73	9.75	1973	yfinance_1m
2026-09-21T12:59:00-04:00	9.75	9.77	9.7401	9.77	18388	yfinance_1m
2026-09-21T13:00:00-04:00	9.76	9.76	9.745	9.745	4532	yfinance_1m
2026-09-21T13:01:00-04:00	9.745	9.75	9.745	9.75	1187	yfinance_1m
2026-09-21T13:02:00-04:00	9.75	9.755	9.75	9.75	6770	yfinance_1m
2026-09-21T13:03:00-04:00	9.75	9.75	9.7401	9.75	4101	yfinance_1m
2026-09-21T13:04:00-04:00	9.75	9.76	9.745	9.76	2281	yfinance_1m
2026-09-21T13:05:00-04:00	9.75	9.76	9.75	9.76	1722	yfinance_1m
2026-09-21T13:06:00-04:00	9.75	9.755	9.75	9.7518	524	yfinance_1m
2026-09-21T13:07:00-04:00	9.755	9.76	9.745	9.755	6753	yfinance_1m
2026-09-21T13:08:00-04:00	9.755	9.76	9.74	9.745	4605	yfinance_1m
2026-09-21T13:09:00-04:00	9.745	9.75	9.74	9.745	2845	yfinance_1m
2026-09-21T13:10:00-04:00	9.745	9.745	9.72	9.73	3573	yfinance_1m
2026-09-21T13:11:00-04:00	9.73	9.74	9.72	9.73	3918	yfinance_1m
2026-09-21T13:12:00-04:00	9.72	9.73	9.705	9.71	9291	yfinance_1m
2026-09-21T13:13:00-04:00	9.71	9.71	9.705	9.71	5633	yfinance_1m
2026-09-21T13:14:00-04:00	9.71	9.72	9.702	9.71	2569	yfinance_1m
2026-09-21T13:15:00-04:00	9.71	9.71	9.7	9.7	2220	yfinance_1m
2026-09-21T13:16:00-04:00	9.71	9.725	9.71	9.725	2344	yfinance_1m
2026-09-21T13:17:00-04:00	9.73	9.735	9.7201	9.7243	3620	yfinance_1m
2026-09-21T13:18:00-04:00	9.73	9.73	9.7208	9.73	1271	yfinance_1m
2026-09-21T13:19:00-04:00	9.73	9.73	9.695	9.695	5847	yfinance_1m
2026-09-21T13:20:00-04:00	9.695	9.695	9.685	9.685	2129	yfinance_1m
2026-09-21T13:21:00-04:00	9.6899	9.695	9.6899	9.695	1601	yfinance_1m
2026-09-21T13:22:00-04:00	9.7	9.7	9.665	9.675	3700	yfinance_1m
2026-09-21T13:23:00-04:00	9.68	9.68	9.675	9.68	1915	yfinance_1m
2026-09-21T13:24:00-04:00	9.675	9.69	9.675	9.685	2352	yfinance_1m
2026-09-21T13:25:00-04:00	9.7	9.7	9.6956	9.6956	1933	yfinance_1m
2026-09-21T13:26:00-04:00	9.68	9.68	9.68	9.68	512	yfinance_1m
2026-09-21T13:27:00-04:00	9.68	9.68	9.67	9.67	4163	yfinance_1m
2026-09-21T13:28:00-04:00	9.67	9.6752	9.66	9.6752	3629	yfinance_1m
2026-09-21T13:29:00-04:00	9.67	9.67	9.66	9.67	3141	yfinance_1m
2026-09-21T13:30:00-04:00	9.67	9.68	9.67	9.68	3325	yfinance_1m
2026-09-21T13:31:00-04:00	9.675	9.68	9.67	9.67	3861	yfinance_1m
2026-09-21T13:32:00-04:00	9.68	9.68	9.67	9.67	1202	yfinance_1m
2026-09-21T13:33:00-04:00	9.67	9.69	9.67	9.68	4665	yfinance_1m
2026-09-21T13:34:00-04:00	9.67	9.69	9.67	9.69	1905	yfinance_1m
2026-09-21T13:35:00-04:00	9.68	9.69	9.68	9.68	1127	yfinance_1m
2026-09-21T13:36:00-04:00	9.685	9.7	9.685	9.69	1374	yfinance_1m
2026-09-21T13:37:00-04:00	9.69	9.7	9.69	9.7	3142	yfinance_1m
2026-09-21T13:38:00-04:00	9.69	9.69	9.685	9.69	2700	yfinance_1m
2026-09-21T13:39:00-04:00	9.69	9.69	9.67	9.67	4027	yfinance_1m
2026-09-21T13:40:00-04:00	9.67	9.68	9.67	9.67	2767	yfinance_1m
2026-09-21T13:41:00-04:00	9.67	9.67	9.645	9.66	1978	yfinance_1m
2026-09-21T13:42:00-04:00	9.657	9.66	9.6404	9.66	5880	yfinance_1m
2026-09-21T13:43:00-04:00	9.645	9.66	9.6414	9.655	4056	yfinance_1m
2026-09-21T13:44:00-04:00	9.66	9.67	9.66	9.66	3204	yfinance_1m
2026-09-21T13:45:00-04:00	9.665	9.665	9.655	9.655	2072	yfinance_1m
2026-09-21T13:46:00-04:00	9.655	9.67	9.655	9.66	2225	yfinance_1m
2026-09-21T13:47:00-04:00	9.67	9.67	9.665	9.665	2060	yfinance_1m
2026-09-21T13:48:00-04:00	9.67	9.685	9.67	9.68	3985	yfinance_1m
2026-09-21T13:49:00-04:00	9.67	9.67	9.66	9.665	5421	yfinance_1m
2026-09-21T13:50:00-04:00	9.67	9.67	9.67	9.67	2048	yfinance_1m
2026-09-21T13:51:00-04:00	9.67	9.68	9.67	9.675	1138	yfinance_1m
2026-09-21T13:52:00-04:00	9.675	9.69	9.665	9.67	4317	yfinance_1m
2026-09-21T13:53:00-04:00	9.67	9.68	9.67	9.68	494	yfinance_1m
2026-09-21T13:54:00-04:00	9.69	9.69	9.67	9.68	4036	yfinance_1m
2026-09-21T13:55:00-04:00	9.68	9.68	9.67	9.67	2782	yfinance_1m
2026-09-21T13:56:00-04:00	9.6601	9.67	9.66	9.67	4161	yfinance_1m
2026-09-21T13:57:00-04:00	9.675	9.68	9.67	9.67	1125	yfinance_1m
2026-09-21T13:58:00-04:00	9.675	9.68	9.675	9.675	3383	yfinance_1m
2026-09-21T13:59:00-04:00	9.68	9.69	9.68	9.68	2011	yfinance_1m
2026-09-21T14:00:00-04:00	9.68	9.69	9.68	9.69	2014	yfinance_1m
2026-09-21T14:01:00-04:00	9.685	9.69	9.665	9.665	3489	yfinance_1m
2026-09-21T14:02:00-04:00	9.67	9.695	9.67	9.69	5449	yfinance_1m
2026-09-21T14:03:00-04:00	9.69	9.69	9.685	9.685	1005	yfinance_1m
2026-09-21T14:04:00-04:00	9.69	9.7	9.69	9.695	3044	yfinance_1m
2026-09-21T14:05:00-04:00	9.69	9.705	9.69	9.7	11330	yfinance_1m
2026-09-21T14:06:00-04:00	9.7	9.7	9.68	9.69	3463	yfinance_1m
2026-09-21T14:07:00-04:00	9.685	9.69	9.6832	9.6832	1337	yfinance_1m
2026-09-21T14:08:00-04:00	9.69	9.695	9.685	9.695	1432	yfinance_1m
2026-09-21T14:09:00-04:00	9.7	9.72	9.692	9.72	3592	yfinance_1m
2026-09-21T14:10:00-04:00	9.715	9.72	9.715	9.72	1784	yfinance_1m
2026-09-21T14:11:00-04:00	9.715	9.7404	9.71	9.74	8354	yfinance_1m
2026-09-21T14:12:00-04:00	9.74	9.77	9.74	9.755	4419	yfinance_1m
2026-09-21T14:13:00-04:00	9.755	9.77	9.755	9.77	6069	yfinance_1m
2026-09-21T14:14:00-04:00	9.78	9.78	9.74	9.745	15841	yfinance_1m
2026-09-21T14:15:00-04:00	9.745	9.745	9.745	9.745	813	yfinance_1m
2026-09-21T14:16:00-04:00	9.745	9.745	9.71	9.72	4809	yfinance_1m
2026-09-21T14:17:00-04:00	9.715	9.72	9.71	9.71	1919	yfinance_1m
2026-09-21T14:18:00-04:00	9.71	9.72	9.7061	9.72	2792	yfinance_1m
2026-09-21T14:19:00-04:00	9.7001	9.72	9.7001	9.7116	2411	yfinance_1m
2026-09-21T14:20:00-04:00	9.71	9.71	9.71	9.71	3204	yfinance_1m
2026-09-21T14:21:00-04:00	9.72	9.72	9.715	9.715	2034	yfinance_1m
2026-09-21T14:22:00-04:00	9.715	9.72	9.695	9.71	5919	yfinance_1m
2026-09-21T14:23:00-04:00	9.705	9.72	9.7	9.7128	3511	yfinance_1m
2026-09-21T14:24:00-04:00	9.72	9.73	9.72	9.72	2077	yfinance_1m
2026-09-21T14:25:00-04:00	9.72	9.72	9.71	9.72	2157	yfinance_1m
2026-09-21T14:26:00-04:00	9.72	9.725	9.71	9.72	7450	yfinance_1m
2026-09-21T14:27:00-04:00	9.7122	9.73	9.7122	9.725	1330	yfinance_1m
2026-09-21T14:28:00-04:00	9.73	9.73	9.715	9.725	3326	yfinance_1m
2026-09-21T14:29:00-04:00	9.73	9.73	9.7	9.73	20004	yfinance_1m
2026-09-21T14:30:00-04:00	9.72	9.75	9.72	9.75	4323	yfinance_1m
2026-09-21T14:31:00-04:00	9.74	9.75	9.74	9.745	4066	yfinance_1m
2026-09-21T14:32:00-04:00	9.74	9.75	9.74	9.75	3612	yfinance_1m
2026-09-21T14:33:00-04:00	9.75	9.75	9.735	9.735	4728	yfinance_1m
2026-09-21T14:34:00-04:00	9.735	9.735	9.735	9.735	1204	yfinance_1m
2026-09-21T14:35:00-04:00	9.735	9.735	9.72	9.72	6244	yfinance_1m
2026-09-21T14:36:00-04:00	9.725	9.73	9.7214	9.73	2319	yfinance_1m
2026-09-21T14:37:00-04:00	9.725	9.725	9.705	9.71	7720	yfinance_1m
2026-09-21T14:38:00-04:00	9.7001	9.72	9.7001	9.72	3848	yfinance_1m
2026-09-21T14:39:00-04:00	9.73	9.73	9.725	9.73	1743	yfinance_1m
2026-09-21T14:40:00-04:00	9.73	9.74	9.73	9.74	2062	yfinance_1m
2026-09-21T14:41:00-04:00	9.7392	9.77	9.735	9.765	6715	yfinance_1m
2026-09-21T14:42:00-04:00	9.765	9.77	9.75	9.755	5685	yfinance_1m
2026-09-21T14:43:00-04:00	9.755	9.78	9.755	9.78	4811	yfinance_1m
2026-09-21T14:44:00-04:00	9.775	9.78	9.77	9.78	6562	yfinance_1m
2026-09-21T14:45:00-04:00	9.78	9.79	9.77	9.775	8483	yfinance_1m
2026-09-21T14:46:00-04:00	9.7757	9.78	9.77	9.775	1676	yfinance_1m
2026-09-21T14:47:00-04:00	9.775	9.78	9.76	9.77	8464	yfinance_1m
2026-09-21T14:48:00-04:00	9.775	9.805	9.775	9.805	13093	yfinance_1m
2026-09-21T14:49:00-04:00	9.81	9.81	9.805	9.81	4106	yfinance_1m
2026-09-21T14:50:00-04:00	9.8184	9.82	9.81	9.81	5427	yfinance_1m
2026-09-21T14:51:00-04:00	9.82	9.82	9.81	9.8187	7098	yfinance_1m
2026-09-21T14:52:00-04:00	9.81	9.82	9.81	9.81	3041	yfinance_1m
2026-09-21T14:53:00-04:00	9.82	9.82	9.78	9.78	10713	yfinance_1m
2026-09-21T14:54:00-04:00	9.785	9.795	9.78	9.79	3315	yfinance_1m
2026-09-21T14:55:00-04:00	9.8	9.8	9.795	9.795	1994	yfinance_1m
2026-09-21T14:56:00-04:00	9.795	9.8	9.76	9.76	11505	yfinance_1m
2026-09-21T14:57:00-04:00	9.76	9.76	9.745	9.76	3989	yfinance_1m
2026-09-21T14:58:00-04:00	9.76	9.76	9.75	9.75	5616	yfinance_1m
2026-09-21T14:59:00-04:00	9.745	9.76	9.745	9.75	4881	yfinance_1m
2026-09-21T15:00:00-04:00	9.7401	9.77	9.7401	9.77	2779	yfinance_1m
2026-09-21T15:01:00-04:00	9.78	9.81	9.77	9.8	91997	yfinance_1m
2026-09-21T15:02:00-04:00	9.805	9.81	9.805	9.81	3380	yfinance_1m
2026-09-21T15:03:00-04:00	9.8001	9.815	9.8	9.815	7175	yfinance_1m
2026-09-21T15:04:00-04:00	9.82	9.82	9.815	9.815	1680	yfinance_1m
2026-09-21T15:05:00-04:00	9.82	9.82	9.81	9.815	5710	yfinance_1m
2026-09-21T15:06:00-04:00	9.81	9.825	9.8007	9.825	7018	yfinance_1m
2026-09-21T15:07:00-04:00	9.83	9.83	9.825	9.825	1510	yfinance_1m
2026-09-21T15:08:00-04:00	9.83	9.84	9.825	9.84	7497	yfinance_1m
2026-09-21T15:09:00-04:00	9.84	9.84	9.825	9.835	7595	yfinance_1m
2026-09-21T15:10:00-04:00	9.835	9.835	9.82	9.82	3910	yfinance_1m
2026-09-21T15:11:00-04:00	9.8258	9.83	9.825	9.825	1855	yfinance_1m
2026-09-21T15:12:00-04:00	9.825	9.83	9.815	9.815	6436	yfinance_1m
2026-09-21T15:13:00-04:00	9.82	9.825	9.815	9.825	7953	yfinance_1m
2026-09-21T15:14:00-04:00	9.825	9.83	9.825	9.825	2285	yfinance_1m
2026-09-21T15:15:00-04:00	9.83	9.84	9.83	9.84	5021	yfinance_1m
2026-09-21T15:16:00-04:00	9.839	9.86	9.835	9.855	5146	yfinance_1m
2026-09-21T15:17:00-04:00	9.86	9.875	9.859	9.87	5757	yfinance_1m
2026-09-21T15:18:00-04:00	9.87	9.885	9.87	9.87	9606	yfinance_1m
2026-09-21T15:19:00-04:00	9.88	9.89	9.8799	9.89	6554	yfinance_1m
2026-09-21T15:20:00-04:00	9.89	9.89	9.875	9.88	7183	yfinance_1m
2026-09-21T15:21:00-04:00	9.875	9.88	9.87	9.88	3502	yfinance_1m
2026-09-21T15:22:00-04:00	9.87	9.88	9.87	9.875	4759	yfinance_1m
2026-09-21T15:23:00-04:00	9.88	9.88	9.875	9.875	1425	yfinance_1m
2026-09-21T15:24:00-04:00	9.88	9.89	9.875	9.885	6632	yfinance_1m
2026-09-21T15:25:00-04:00	9.89	9.895	9.88	9.885	11062	yfinance_1m
2026-09-21T15:26:00-04:00	9.885	9.9	9.8801	9.89	6271	yfinance_1m
2026-09-21T15:27:00-04:00	9.89	9.9	9.885	9.885	2300	yfinance_1m
2026-09-21T15:28:00-04:00	9.8881	9.8881	9.875	9.88	18511	yfinance_1m
2026-09-21T15:29:00-04:00	9.88	9.89	9.87	9.875	17782	yfinance_1m
2026-09-21T15:30:00-04:00	9.875	9.88	9.86	9.865	16836	yfinance_1m
2026-09-21T15:31:00-04:00	9.87	9.89	9.86	9.865	12473	yfinance_1m
2026-09-21T15:32:00-04:00	9.86	9.88	9.86	9.875	6289	yfinance_1m
2026-09-21T15:33:00-04:00	9.875	9.88	9.875	9.88	4142	yfinance_1m
2026-09-21T15:34:00-04:00	9.88	9.92	9.879	9.92	15993	yfinance_1m
2026-09-21T15:35:00-04:00	9.92	9.92	9.905	9.905	28864	yfinance_1m
2026-09-21T15:36:00-04:00	9.905	9.945	9.905	9.945	10581	yfinance_1m
2026-09-21T15:37:00-04:00	9.945	9.95	9.94	9.945	11637	yfinance_1m
2026-09-21T15:38:00-04:00	9.95	9.96	9.945	9.955	6396	yfinance_1m
2026-09-21T15:39:00-04:00	9.9545	9.98	9.9545	9.98	9493	yfinance_1m
2026-09-21T15:40:00-04:00	9.975	9.98	9.935	9.935	30180	yfinance_1m
2026-09-21T15:41:00-04:00	9.935	9.95	9.925	9.93	22405	yfinance_1m
2026-09-21T15:42:00-04:00	9.928	9.935	9.92	9.93	10318	yfinance_1m
2026-09-21T15:43:00-04:00	9.93	9.93	9.902937	9.905	13960	yfinance_1m
2026-09-21T15:44:00-04:00	9.9	9.9	9.865	9.87	14586	yfinance_1m
2026-09-21T15:45:00-04:00	9.865	9.88	9.865	9.875	14826	yfinance_1m
2026-09-21T15:46:00-04:00	9.875	9.9	9.81	9.81	61620	yfinance_1m
2026-09-21T15:47:00-04:00	9.81	9.81	9.8	9.81	14277	yfinance_1m
2026-09-21T15:48:00-04:00	9.81	9.81	9.7701	9.785	18218	yfinance_1m
2026-09-21T15:49:00-04:00	9.79	9.795	9.74	9.74	24421	yfinance_1m
2026-09-21T15:50:00-04:00	9.74	9.79	9.74	9.7504	43318	yfinance_1m
2026-09-21T15:51:00-04:00	9.755	9.77	9.745	9.76	12673	yfinance_1m
2026-09-21T15:52:00-04:00	9.755	9.76	9.715	9.715	28965	yfinance_1m
2026-09-21T15:53:00-04:00	9.715	9.725	9.7001	9.725	14014	yfinance_1m
2026-09-21T15:54:00-04:00	9.725	9.755	9.725	9.73	26316	yfinance_1m
2026-09-21T15:55:00-04:00	9.725	9.76	9.69	9.755	39001	yfinance_1m
2026-09-21T15:56:00-04:00	9.75	9.76	9.735	9.755	44856	yfinance_1m
2026-09-21T15:57:00-04:00	9.76	9.77	9.735	9.76	42741	yfinance_1m
2026-09-21T15:58:00-04:00	9.755	9.77	9.725	9.74	74668	yfinance_1m
2026-09-21T15:59:00-04:00	9.735	9.77	9.735	9.755	171796	yfinance_1m
2026-09-22T09:30:00-04:00	9.79	9.835	9.58	9.58	45400	yfinance_1m
2026-09-22T09:31:00-04:00	9.58	9.58	9.53	9.535	11218	yfinance_1m
2026-09-22T09:32:00-04:00	9.5339	9.57	9.39	9.42	14197	yfinance_1m
2026-09-22T09:33:00-04:00	9.41	9.41	9.3701	9.405	6185	yfinance_1m
2026-09-22T09:34:00-04:00	9.39	9.39	9.32	9.32	12867	yfinance_1m
2026-09-22T09:35:00-04:00	9.3	9.41	9.3	9.39	12358	yfinance_1m
2026-09-22T09:36:00-04:00	9.3918	9.46	9.39	9.46	6144	yfinance_1m
2026-09-22T09:37:00-04:00	9.46	9.5	9.46	9.484	13691	yfinance_1m
2026-09-22T09:38:00-04:00	9.485	9.5	9.38	9.48	7246	yfinance_1m
2026-09-22T09:39:00-04:00	9.459	9.54	9.459	9.5	6528	yfinance_1m
2026-09-22T09:40:00-04:00	9.5111	9.52	9.47	9.52	5138	yfinance_1m
2026-09-22T09:41:00-04:00	9.505	9.505	9.4	9.43	5774	yfinance_1m
2026-09-22T09:42:00-04:00	9.41	9.46	9.41	9.44	3870	yfinance_1m
2026-09-22T09:43:00-04:00	9.444	9.444	9.42	9.42	3351	yfinance_1m
2026-09-22T09:44:00-04:00	9.425	9.425	9.39	9.425	3147	yfinance_1m
2026-09-22T09:45:00-04:00	9.44	9.5	9.435	9.5	8368	yfinance_1m
2026-09-22T09:46:00-04:00	9.49	9.54	9.485	9.54	6640	yfinance_1m
2026-09-22T09:47:00-04:00	9.519	9.57	9.519	9.53	5927	yfinance_1m
2026-09-22T09:48:00-04:00	9.535	9.539	9.535	9.539	913	yfinance_1m
2026-09-22T09:49:00-04:00	9.56	9.56	9.544	9.544	2641	yfinance_1m
2026-09-22T09:50:00-04:00	9.555	9.586	9.55	9.554	3067	yfinance_1m
2026-09-22T09:51:00-04:00	9.56	9.72	9.56	9.69	8994	yfinance_1m
2026-09-22T09:52:00-04:00	9.69	9.7851	9.69	9.755	4624	yfinance_1m
2026-09-22T09:53:00-04:00	9.75	9.82	9.72	9.77	11149	yfinance_1m
2026-09-22T09:54:00-04:00	9.8	9.8297	9.8	9.804	5994	yfinance_1m
2026-09-22T09:55:00-04:00	9.82	9.82	9.77	9.77	3797	yfinance_1m
2026-09-22T09:56:00-04:00	9.74	9.74	9.7	9.7024	2844	yfinance_1m
2026-09-22T09:57:00-04:00	9.725	9.725	9.675	9.709	3926	yfinance_1m
2026-09-22T09:58:00-04:00	9.75	9.75	9.73	9.734	9801	yfinance_1m
2026-09-22T09:59:00-04:00	9.725	9.755	9.72	9.75	5436	yfinance_1m
2026-09-22T10:00:00-04:00	9.78	9.78	9.765	9.765	636	yfinance_1m
2026-09-22T10:01:00-04:00	9.78	9.82	9.77	9.82	7123	yfinance_1m
2026-09-22T10:02:00-04:00	9.82	9.82	9.799602	9.799602	2934	yfinance_1m
2026-09-22T10:03:00-04:00	9.82	9.88	9.82	9.85	5572	yfinance_1m
2026-09-22T10:04:00-04:00	9.84	9.84	9.785	9.785	2240	yfinance_1m
2026-09-22T10:05:00-04:00	9.78	9.79	9.76	9.76	5145	yfinance_1m
2026-09-22T10:06:00-04:00	9.76	9.7902	9.75	9.7902	6677	yfinance_1m
2026-09-22T10:07:00-04:00	9.785	9.79	9.78	9.785	2645	yfinance_1m
2026-09-22T10:08:00-04:00	9.785	9.785	9.74	9.775	7828	yfinance_1m
2026-09-22T10:09:00-04:00	9.76	9.77	9.7428	9.7428	3588	yfinance_1m
2026-09-22T10:10:00-04:00	9.743	9.755	9.705	9.705	4095	yfinance_1m
2026-09-22T10:11:00-04:00	9.7014	9.71	9.69	9.7	6994	yfinance_1m
2026-09-22T10:12:00-04:00	9.7	9.8	9.7	9.8	7019	yfinance_1m
2026-09-22T10:13:00-04:00	9.81	9.85	9.8	9.85	9210	yfinance_1m
2026-09-22T10:14:00-04:00	9.82	9.88	9.81	9.88	3985	yfinance_1m
2026-09-22T10:15:00-04:00	9.8821	9.8821	9.81	9.86	8092	yfinance_1m
2026-09-22T10:16:00-04:00	9.8499	9.85	9.835	9.835	1623	yfinance_1m
2026-09-22T10:17:00-04:00	9.82	9.82	9.805	9.82	2177	yfinance_1m
2026-09-22T10:18:00-04:00	9.84	9.86	9.84	9.85	3513	yfinance_1m
2026-09-22T10:19:00-04:00	9.86	9.88	9.86	9.87	2914	yfinance_1m
2026-09-22T10:20:00-04:00	9.86	9.87	9.83	9.8469	4002	yfinance_1m
2026-09-22T10:21:00-04:00	9.85	9.85	9.78	9.78	9310	yfinance_1m
2026-09-22T10:22:00-04:00	9.78	9.87	9.78	9.86	11528	yfinance_1m
2026-09-22T10:23:00-04:00	9.87	9.87	9.855	9.855	4915	yfinance_1m
2026-09-22T10:24:00-04:00	9.87	9.89	9.85	9.89	4352	yfinance_1m
2026-09-22T10:25:00-04:00	9.88	9.88	9.84	9.86	11146	yfinance_1m
2026-09-22T10:26:00-04:00	9.86	9.89	9.85	9.89	5435	yfinance_1m
2026-09-22T10:27:00-04:00	9.88	9.88	9.72	9.72	17287	yfinance_1m
2026-09-22T10:28:00-04:00	9.72	9.72	9.66	9.66	3515	yfinance_1m
2026-09-22T10:29:00-04:00	9.67	9.715	9.67	9.71	6345	yfinance_1m
2026-09-22T10:30:00-04:00	9.73	9.74	9.7	9.705	11477	yfinance_1m
2026-09-22T10:31:00-04:00	9.71	9.71	9.71	9.71	589	yfinance_1m
2026-09-22T10:32:00-04:00	9.72	9.72	9.68	9.68	13769	yfinance_1m
2026-09-22T10:33:00-04:00	9.69	9.7	9.685	9.7	9093	yfinance_1m
2026-09-22T10:34:00-04:00	9.7	9.71	9.69	9.71	3596	yfinance_1m
2026-09-22T10:35:00-04:00	9.7	9.7	9.67	9.68	12930	yfinance_1m
2026-09-22T10:36:00-04:00	9.67	9.7	9.64	9.68	3917	yfinance_1m
2026-09-22T10:37:00-04:00	9.7	9.745	9.69	9.745	7097	yfinance_1m
2026-09-22T10:38:00-04:00	9.73	9.73	9.72	9.73	1514	yfinance_1m
2026-09-22T10:39:00-04:00	9.75	9.75	9.7101	9.72	1775	yfinance_1m
2026-09-22T10:40:00-04:00	9.72	9.73	9.72	9.73	2523	yfinance_1m
2026-09-22T10:41:00-04:00	9.73	9.73	9.71	9.72	7383	yfinance_1m
2026-09-22T10:42:00-04:00	9.73	9.73	9.715	9.715	1390	yfinance_1m
2026-09-22T10:43:00-04:00	9.712	9.73	9.68	9.68	10199	yfinance_1m
2026-09-22T10:44:00-04:00	9.69	9.71	9.68	9.7	3735	yfinance_1m
2026-09-22T10:45:00-04:00	9.7	9.7	9.67	9.67	7424	yfinance_1m
2026-09-22T10:46:00-04:00	9.66	9.66	9.66	9.66	1688	yfinance_1m
2026-09-22T10:47:00-04:00	9.65	9.69	9.65	9.69	14214	yfinance_1m
2026-09-22T10:48:00-04:00	9.68	9.7	9.68	9.685	5189	yfinance_1m
2026-09-22T10:49:00-04:00	9.69	9.7	9.69	9.69	915	yfinance_1m
2026-09-22T10:50:00-04:00	9.69	9.71	9.69	9.69	2726	yfinance_1m
2026-09-22T10:51:00-04:00	9.69	9.73	9.69	9.73	9601	yfinance_1m
2026-09-22T10:52:00-04:00	9.7225	9.74	9.7225	9.725	3148	yfinance_1m
2026-09-22T10:53:00-04:00	9.72	9.73	9.715	9.73	3638	yfinance_1m
2026-09-22T10:54:00-04:00	9.73	9.76	9.73	9.755	4104	yfinance_1m
2026-09-22T10:55:00-04:00	9.77	9.8	9.77	9.8	2421	yfinance_1m
2026-09-22T10:56:00-04:00	9.81	9.83	9.81	9.83	2653	yfinance_1m
2026-09-22T10:57:00-04:00	9.81	9.81	9.75	9.8	9452	yfinance_1m
2026-09-22T10:58:00-04:00	9.81	9.81	9.78	9.78	2042	yfinance_1m
2026-09-22T10:59:00-04:00	9.78	9.785	9.78	9.785	2037	yfinance_1m
2026-09-22T11:00:00-04:00	9.781	9.83	9.78	9.83	7115	yfinance_1m
2026-09-22T11:01:00-04:00	9.81	9.81	9.81	9.81	997	yfinance_1m
2026-09-22T11:02:00-04:00	9.82	9.83	9.81	9.82	2844	yfinance_1m
2026-09-22T11:03:00-04:00	9.81	9.84	9.81	9.84	4572	yfinance_1m
2026-09-22T11:04:00-04:00	9.84	9.84	9.82	9.84	9058	yfinance_1m
2026-09-22T11:05:00-04:00	9.85	9.94	9.85	9.9	28433	yfinance_1m
2026-09-22T11:06:00-04:00	9.91	9.91	9.8769	9.88	15390	yfinance_1m
2026-09-22T11:07:00-04:00	9.875	9.88	9.87	9.88	4324	yfinance_1m
2026-09-22T11:08:00-04:00	9.88	9.88	9.865	9.865	2105	yfinance_1m
2026-09-22T11:09:00-04:00	9.865	9.87	9.855	9.865	4833	yfinance_1m
2026-09-22T11:10:00-04:00	9.865	9.88	9.865	9.87	2886	yfinance_1m
2026-09-22T11:11:00-04:00	9.88	9.88	9.87	9.88	4421	yfinance_1m
2026-09-22T11:12:00-04:00	9.87	9.93	9.87	9.93	9369	yfinance_1m
2026-09-22T11:13:00-04:00	9.925	9.95	9.925	9.9494	9909	yfinance_1m
2026-09-22T11:14:00-04:00	9.94	9.95	9.94	9.95	3104	yfinance_1m
2026-09-22T11:15:00-04:00	9.95	9.99	9.95	9.99	14457	yfinance_1m
2026-09-22T11:16:00-04:00	9.99	10.0284	9.98	10.0101	27909	yfinance_1m
2026-09-22T11:17:00-04:00	10.01	10.01	9.97	9.97	10104	yfinance_1m
2026-09-22T11:18:00-04:00	9.9709	9.9709	9.9709	9.9709	375	yfinance_1m
2026-09-22T11:19:00-04:00	9.96	9.99	9.96	9.985	3831	yfinance_1m
2026-09-22T11:20:00-04:00	9.98	9.98	9.945	9.96	6006	yfinance_1m
2026-09-22T11:21:00-04:00	9.95	9.97	9.94	9.9541	9151	yfinance_1m
2026-09-22T11:22:00-04:00	9.965	9.965	9.955	9.955	1431	yfinance_1m
2026-09-22T11:23:00-04:00	9.95	9.96	9.95	9.96	2865	yfinance_1m
2026-09-22T11:24:00-04:00	9.97	9.97	9.97	9.97	1481	yfinance_1m
2026-09-22T11:25:00-04:00	9.96	9.97	9.96	9.97	726	yfinance_1m
2026-09-22T11:26:00-04:00	9.96	9.96	9.94	9.9401	4850	yfinance_1m
2026-09-22T11:27:00-04:00	9.94	9.94	9.9	9.91	7431	yfinance_1m
2026-09-22T11:28:00-04:00	9.91	9.92	9.9	9.91	2192	yfinance_1m
2026-09-22T11:29:00-04:00	9.91	9.91	9.875	9.88	13267	yfinance_1m
2026-09-22T11:30:00-04:00	9.87	9.91	9.87	9.91	6959	yfinance_1m
2026-09-22T11:31:00-04:00	9.91	9.91	9.9	9.9001	2301	yfinance_1m
2026-09-22T11:32:00-04:00	9.9	9.9	9.86	9.86	5867	yfinance_1m
2026-09-22T11:33:00-04:00	9.83	9.831	9.825	9.825	6227	yfinance_1m
2026-09-22T11:34:00-04:00	9.8292	9.8292	9.81	9.81	729	yfinance_1m
2026-09-22T11:35:00-04:00	9.82	9.83	9.82	9.83	3911	yfinance_1m
2026-09-22T11:36:00-04:00	9.84	9.86	9.84	9.86	4725	yfinance_1m
2026-09-22T11:37:00-04:00	9.86	9.865	9.855	9.86	2445	yfinance_1m
2026-09-22T11:38:00-04:00	9.86	9.8651	9.86	9.8651	2185	yfinance_1m
2026-09-22T11:39:00-04:00	9.87	9.88	9.86	9.86	5585	yfinance_1m
2026-09-22T11:40:00-04:00	9.8693	9.885	9.86	9.88	3224	yfinance_1m
2026-09-22T11:41:00-04:00	9.88	9.89	9.88	9.89	881	yfinance_1m
2026-09-22T11:42:00-04:00	9.89	9.89	9.872	9.89	1503	yfinance_1m
2026-09-22T11:43:00-04:00	9.885	9.9	9.885	9.9	4088	yfinance_1m
2026-09-22T11:45:00-04:00	9.895	9.895	9.88	9.885	3901	yfinance_1m
2026-09-22T11:46:00-04:00	9.89	9.89	9.86	9.86	2802	yfinance_1m
2026-09-22T11:47:00-04:00	9.86	9.86	9.855	9.86	1022	yfinance_1m
2026-09-22T11:48:00-04:00	9.8517	9.86	9.8517	9.86	1578	yfinance_1m
2026-09-22T11:49:00-04:00	9.85	9.92	9.845	9.92	19154	yfinance_1m
2026-09-22T11:50:00-04:00	9.91	9.91	9.87	9.89	4763	yfinance_1m
2026-09-22T11:51:00-04:00	9.89	9.89	9.88	9.89	2152	yfinance_1m
2026-09-22T11:52:00-04:00	9.892	9.892	9.892	9.892	209	yfinance_1m
2026-09-22T11:53:00-04:00	9.895	9.905	9.88	9.88	6785	yfinance_1m
2026-09-22T11:54:00-04:00	9.89	9.89	9.885	9.885	500	yfinance_1m
2026-09-22T11:55:00-04:00	9.88	9.885	9.86	9.86	4271	yfinance_1m
2026-09-22T11:56:00-04:00	9.865	9.87	9.81	9.81	38052	yfinance_1m
2026-09-22T11:57:00-04:00	9.82	9.82	9.8	9.8	2657	yfinance_1m
2026-09-22T11:58:00-04:00	9.79	9.81	9.78	9.81	2768	yfinance_1m
2026-09-22T11:59:00-04:00	9.8	9.81	9.79	9.81	4998	yfinance_1m
2026-09-22T12:00:00-04:00	9.81	9.84	9.81	9.84	4292	yfinance_1m
2026-09-22T12:01:00-04:00	9.83	9.83	9.82	9.82	588	yfinance_1m
2026-09-22T12:02:00-04:00	9.82	9.82	9.81	9.82	3705	yfinance_1m
2026-09-22T12:03:00-04:00	9.82	9.82	9.81	9.81	3628	yfinance_1m
2026-09-22T12:04:00-04:00	9.8	9.81	9.8	9.81	1019	yfinance_1m
2026-09-22T12:05:00-04:00	9.81	9.81	9.81	9.81	602	yfinance_1m
2026-09-22T12:06:00-04:00	9.81	9.81	9.8	9.8	1565	yfinance_1m
2026-09-22T12:07:00-04:00	9.81	9.81	9.8	9.8	773	yfinance_1m
2026-09-22T12:08:00-04:00	9.8	9.81	9.8	9.81	2481	yfinance_1m
2026-09-22T12:09:00-04:00	9.82	9.83	9.82	9.83	4445	yfinance_1m
2026-09-22T12:10:00-04:00	9.825	9.83	9.825	9.83	2330	yfinance_1m
2026-09-22T12:11:00-04:00	9.83	9.83	9.83	9.83	1547	yfinance_1m
2026-09-22T12:12:00-04:00	9.83	9.83	9.82	9.82	889	yfinance_1m
2026-09-22T12:13:00-04:00	9.83	9.83	9.82	9.82	1076	yfinance_1m
2026-09-22T12:14:00-04:00	9.8123	9.82	9.81	9.81	1423	yfinance_1m
2026-09-22T12:15:00-04:00	9.82	9.82	9.81	9.82	3266	yfinance_1m
2026-09-22T12:16:00-04:00	9.8254	9.8254	9.82	9.82	5140	yfinance_1m
2026-09-22T12:17:00-04:00	9.83	9.83	9.81	9.81	5546	yfinance_1m
2026-09-22T12:18:00-04:00	9.82	9.83	9.82	9.83	4913	yfinance_1m
2026-09-22T12:19:00-04:00	9.825	9.825	9.825	9.825	749	yfinance_1m
2026-09-22T12:20:00-04:00	9.8399	9.84	9.83	9.83	4596	yfinance_1m
2026-09-22T12:21:00-04:00	9.82	9.8201	9.81	9.81	1499	yfinance_1m
2026-09-22T12:22:00-04:00	9.8197	9.8197	9.815	9.815	944	yfinance_1m
2026-09-22T12:23:00-04:00	9.81	9.81	9.795	9.8	1184	yfinance_1m
2026-09-22T12:24:00-04:00	9.8	9.8	9.78	9.78	4535	yfinance_1m
2026-09-22T12:25:00-04:00	9.775	9.775	9.76	9.76	5111	yfinance_1m
2026-09-22T12:26:00-04:00	9.77	9.7778	9.76	9.7778	4661	yfinance_1m
2026-09-22T12:27:00-04:00	9.765	9.765	9.765	9.765	310	yfinance_1m
2026-09-22T12:28:00-04:00	9.77	9.78	9.77	9.77	1143	yfinance_1m
2026-09-22T12:29:00-04:00	9.77	9.78	9.77	9.77	5379	yfinance_1m
2026-09-22T12:30:00-04:00	9.76	9.765	9.75	9.765	2911	yfinance_1m
2026-09-22T12:31:00-04:00	9.765	9.765	9.765	9.765	1591	yfinance_1m
2026-09-22T12:32:00-04:00	9.78	9.785	9.77	9.78	5061	yfinance_1m
2026-09-22T12:33:00-04:00	9.78	9.78	9.77	9.78	1515	yfinance_1m
2026-09-22T12:34:00-04:00	9.78	9.805	9.77	9.805	3113	yfinance_1m
2026-09-22T12:35:00-04:00	9.795	9.805	9.795	9.805	1659	yfinance_1m
2026-09-22T12:36:00-04:00	9.82	9.82	9.79	9.805	6853	yfinance_1m
2026-09-22T12:37:00-04:00	9.805	9.805	9.805	9.805	1003	yfinance_1m
2026-09-22T12:38:00-04:00	9.805	9.805	9.785	9.785	1448	yfinance_1m
2026-09-22T12:39:00-04:00	9.79	9.79	9.79	9.79	370	yfinance_1m
2026-09-22T12:40:00-04:00	9.79	9.79	9.77	9.785	1125	yfinance_1m
2026-09-22T12:41:00-04:00	9.78	9.78	9.78	9.78	2963	yfinance_1m
2026-09-22T12:42:00-04:00	9.79	9.79	9.78	9.78	3772	yfinance_1m
2026-09-22T12:43:00-04:00	9.79	9.79	9.785	9.785	2626	yfinance_1m
2026-09-22T12:45:00-04:00	9.78	9.79	9.78	9.79	1238	yfinance_1m
2026-09-22T12:46:00-04:00	9.79	9.8	9.79	9.795	3615	yfinance_1m
2026-09-22T12:47:00-04:00	9.805	9.81	9.805	9.81	423	yfinance_1m
2026-09-22T12:48:00-04:00	9.805	9.86	9.8	9.855	5667	yfinance_1m
2026-09-22T12:49:00-04:00	9.845	9.85	9.845	9.85	1807	yfinance_1m
2026-09-22T12:50:00-04:00	9.85	9.85	9.85	9.85	2192	yfinance_1m
2026-09-22T12:51:00-04:00	9.84	9.85	9.84	9.85	3503	yfinance_1m
2026-09-22T12:52:00-04:00	9.85	9.85	9.8415	9.85	981	yfinance_1m
2026-09-22T12:53:00-04:00	9.85	9.865	9.85	9.865	3595	yfinance_1m
2026-09-22T12:54:00-04:00	9.865	9.87	9.865	9.87	1115	yfinance_1m
2026-09-22T12:55:00-04:00	9.87	9.87	9.87	9.87	1884	yfinance_1m
2026-09-22T12:56:00-04:00	9.88	9.88	9.83	9.83	8104	yfinance_1m
2026-09-22T12:57:00-04:00	9.84	9.84	9.83	9.84	1985	yfinance_1m
2026-09-22T12:58:00-04:00	9.84	9.84	9.8201	9.8201	2329	yfinance_1m
2026-09-22T12:59:00-04:00	9.83	9.84	9.83	9.835	1732	yfinance_1m
2026-09-22T13:00:00-04:00	9.835	9.835	9.835	9.835	925	yfinance_1m
2026-09-22T13:01:00-04:00	9.835	9.835	9.82	9.82	720	yfinance_1m
2026-09-22T13:02:00-04:00	9.82	9.82	9.805	9.805	1847	yfinance_1m
2026-09-22T13:04:00-04:00	9.8	9.8	9.79	9.79	1198	yfinance_1m
2026-09-22T13:05:00-04:00	9.8	9.81	9.79	9.8	12658	yfinance_1m
2026-09-22T13:06:00-04:00	9.81	9.81	9.81	9.81	1724	yfinance_1m
2026-09-22T13:07:00-04:00	9.82	9.82	9.805	9.805	1262	yfinance_1m
2026-09-22T13:08:00-04:00	9.805	9.805	9.805	9.805	900	yfinance_1m
2026-09-22T13:09:00-04:00	9.82	9.82	9.82	9.82	1130	yfinance_1m
2026-09-22T13:10:00-04:00	9.82	9.82	9.79	9.82	3477	yfinance_1m
2026-09-22T13:11:00-04:00	9.81	9.82	9.81	9.82	666	yfinance_1m
2026-09-22T13:12:00-04:00	9.79	9.82	9.79	9.82	929	yfinance_1m
2026-09-22T13:13:00-04:00	9.82	9.82	9.82	9.82	967	yfinance_1m
2026-09-22T13:14:00-04:00	9.81	9.81	9.81	9.81	2848	yfinance_1m
2026-09-22T13:15:00-04:00	9.81	9.81	9.795	9.795	4084	yfinance_1m
2026-09-22T13:16:00-04:00	9.795	9.81	9.795	9.805	3091	yfinance_1m
2026-09-22T13:17:00-04:00	9.805	9.805	9.805	9.805	759	yfinance_1m
2026-09-22T13:18:00-04:00	9.79	9.8172	9.79	9.79	5776	yfinance_1m
2026-09-22T13:19:00-04:00	9.785	9.8	9.75	9.76	12941	yfinance_1m
2026-09-22T13:20:00-04:00	9.76	9.76	9.7201	9.735	6709	yfinance_1m
2026-09-22T13:21:00-04:00	9.725	9.725	9.695	9.7	2317	yfinance_1m
2026-09-22T13:22:00-04:00	9.675	9.69	9.664094	9.69	1278	yfinance_1m
2026-09-22T13:23:00-04:00	9.69	9.69	9.67	9.69	2482	yfinance_1m
2026-09-22T13:24:00-04:00	9.69	9.7	9.681	9.7	13699	yfinance_1m
2026-09-22T13:25:00-04:00	9.69	9.69	9.68	9.68	5155	yfinance_1m
2026-09-22T13:26:00-04:00	9.68	9.68	9.68	9.68	857	yfinance_1m
2026-09-22T13:27:00-04:00	9.68	9.68	9.68	9.68	1565	yfinance_1m
2026-09-22T13:28:00-04:00	9.67	9.69	9.67	9.68	3916	yfinance_1m
2026-09-22T13:29:00-04:00	9.68	9.69	9.68	9.69	3313	yfinance_1m
2026-09-22T13:30:00-04:00	9.69	9.7	9.68	9.7	5805	yfinance_1m
2026-09-22T13:31:00-04:00	9.71	9.71	9.7	9.7094	2250	yfinance_1m
2026-09-22T13:32:00-04:00	9.7	9.7	9.69	9.69	3495	yfinance_1m
2026-09-22T13:33:00-04:00	9.695	9.695	9.695	9.695	1495	yfinance_1m
2026-09-22T13:34:00-04:00	9.68	9.69	9.6614	9.69	2083	yfinance_1m
2026-09-22T13:35:00-04:00	9.69	9.69	9.68	9.68	1008	yfinance_1m
2026-09-22T13:36:00-04:00	9.68	9.68	9.67	9.67	1364	yfinance_1m
2026-09-22T13:37:00-04:00	9.68	9.69	9.68	9.69	1587	yfinance_1m
2026-09-22T13:38:00-04:00	9.69	9.69	9.65	9.66	3483	yfinance_1m
2026-09-22T13:39:00-04:00	9.65	9.66	9.65	9.66	1233	yfinance_1m
2026-09-22T13:40:00-04:00	9.66	9.67	9.65	9.67	3862	yfinance_1m
2026-09-22T13:41:00-04:00	9.67	9.67	9.6501	9.6501	2474	yfinance_1m
2026-09-22T13:42:00-04:00	9.665	9.68	9.66	9.665	1938	yfinance_1m
2026-09-22T13:43:00-04:00	9.665	9.665	9.66	9.66	1332	yfinance_1m
2026-09-22T13:44:00-04:00	9.67	9.67	9.66	9.66	2023	yfinance_1m
2026-09-22T13:45:00-04:00	9.67	9.67	9.66	9.67	3483	yfinance_1m
2026-09-22T13:46:00-04:00	9.68	9.68	9.68	9.68	833	yfinance_1m
2026-09-22T13:47:00-04:00	9.68	9.68	9.67	9.67	1133	yfinance_1m
2026-09-22T13:48:00-04:00	9.68	9.685	9.66	9.68	12074	yfinance_1m
2026-09-22T13:49:00-04:00	9.68	9.69	9.68	9.69	1327	yfinance_1m
2026-09-22T13:50:00-04:00	9.69	9.69	9.67	9.68	2887	yfinance_1m
2026-09-22T13:51:00-04:00	9.68	9.68	9.68	9.68	995	yfinance_1m
2026-09-22T13:52:00-04:00	9.68	9.72	9.68	9.69	9023	yfinance_1m
2026-09-22T13:53:00-04:00	9.685	9.685	9.675	9.68	1488	yfinance_1m
2026-09-22T13:54:00-04:00	9.68	9.71	9.68	9.71	6196	yfinance_1m
2026-09-22T13:55:00-04:00	9.71	9.72	9.6856	9.69	4613	yfinance_1m
2026-09-22T13:56:00-04:00	9.7	9.72	9.7	9.7	3267	yfinance_1m
2026-09-22T13:57:00-04:00	9.7	9.72	9.7	9.72	1599	yfinance_1m
2026-09-22T13:58:00-04:00	9.71	9.72	9.69	9.72	9068	yfinance_1m
2026-09-22T13:59:00-04:00	9.715	9.74	9.715	9.74	2630	yfinance_1m
2026-09-22T14:00:00-04:00	9.725	9.725	9.71	9.71	1081	yfinance_1m
2026-09-22T14:01:00-04:00	9.72	9.7276	9.69	9.71	3609	yfinance_1m
2026-09-22T14:02:00-04:00	9.69	9.71	9.69	9.7	970	yfinance_1m
2026-09-22T14:03:00-04:00	9.71	9.72	9.7	9.7	3034	yfinance_1m
2026-09-22T14:04:00-04:00	9.71	9.73	9.71	9.71	3334	yfinance_1m
2026-09-22T14:05:00-04:00	9.72	9.72	9.71	9.72	1642	yfinance_1m
2026-09-22T14:06:00-04:00	9.7001	9.74	9.7001	9.74	3264	yfinance_1m
2026-09-22T14:07:00-04:00	9.73	9.73	9.71	9.72	2310	yfinance_1m
2026-09-22T14:08:00-04:00	9.705	9.71	9.7	9.7	1893	yfinance_1m
2026-09-22T14:09:00-04:00	9.71	9.72	9.705	9.72	3772	yfinance_1m
2026-09-22T14:10:00-04:00	9.73	9.735	9.73	9.73	2497	yfinance_1m
2026-09-22T14:11:00-04:00	9.74	9.745	9.735	9.735	2849	yfinance_1m
2026-09-22T14:12:00-04:00	9.73	9.73	9.72	9.72	5136	yfinance_1m
2026-09-22T14:13:00-04:00	9.71	9.73	9.71	9.7299	3512	yfinance_1m
2026-09-22T14:14:00-04:00	9.72	9.72	9.705	9.705	2270	yfinance_1m
2026-09-22T14:15:00-04:00	9.71	9.71	9.7	9.7	1166	yfinance_1m
2026-09-22T14:16:00-04:00	9.69	9.69	9.69	9.69	456	yfinance_1m
2026-09-22T14:17:00-04:00	9.68	9.7	9.68	9.7	10671	yfinance_1m
2026-09-22T14:18:00-04:00	9.7	9.72	9.7	9.72	4017	yfinance_1m
2026-09-22T14:19:00-04:00	9.72	9.736	9.72	9.736	4498	yfinance_1m
2026-09-22T14:20:00-04:00	9.73	9.74	9.73	9.74	1567	yfinance_1m
2026-09-22T14:21:00-04:00	9.74	9.75	9.73	9.75	3170	yfinance_1m
2026-09-22T14:22:00-04:00	9.75	9.775	9.75	9.77	11905	yfinance_1m
2026-09-22T14:23:00-04:00	9.77	9.77	9.765	9.765	1000	yfinance_1m
2026-09-22T14:24:00-04:00	9.76	9.775	9.76	9.77	2620	yfinance_1m
2026-09-22T14:25:00-04:00	9.77	9.77	9.76	9.765	1754	yfinance_1m
2026-09-22T14:26:00-04:00	9.765	9.8176	9.765	9.8176	6783	yfinance_1m
2026-09-22T14:27:00-04:00	9.82	9.82	9.82	9.82	565	yfinance_1m
2026-09-22T14:28:00-04:00	9.82	9.82	9.81	9.81	2549	yfinance_1m
2026-09-22T14:29:00-04:00	9.81	9.81	9.795	9.8	3171	yfinance_1m
2026-09-22T14:30:00-04:00	9.81	9.81	9.79	9.79	5521	yfinance_1m
2026-09-22T14:31:00-04:00	9.8	9.8	9.8	9.8	5902	yfinance_1m
2026-09-22T14:32:00-04:00	9.81	9.84	9.81	9.84	5167	yfinance_1m
2026-09-22T14:33:00-04:00	9.83	9.85	9.83	9.85	2765	yfinance_1m
2026-09-22T14:34:00-04:00	9.85	9.86	9.84	9.85	2641	yfinance_1m
2026-09-22T14:35:00-04:00	9.84	9.849	9.835	9.835	6030	yfinance_1m
2026-09-22T14:36:00-04:00	9.8307	9.84	9.83	9.83	1520	yfinance_1m
2026-09-22T14:37:00-04:00	9.83	9.83	9.8175	9.82	2925	yfinance_1m
2026-09-22T14:38:00-04:00	9.83	9.84	9.825	9.839	1900	yfinance_1m
2026-09-22T14:39:00-04:00	9.84	9.865	9.83	9.85	7815	yfinance_1m
2026-09-22T14:40:00-04:00	9.86	9.86	9.85	9.85	1698	yfinance_1m
2026-09-22T14:41:00-04:00	9.858	9.87	9.85	9.85	4200	yfinance_1m
2026-09-22T14:42:00-04:00	9.85	9.87	9.85	9.86	2740	yfinance_1m
2026-09-22T14:43:00-04:00	9.85	9.85	9.81	9.82	4046	yfinance_1m
2026-09-22T14:44:00-04:00	9.82	9.82	9.8	9.81	3043	yfinance_1m
2026-09-22T14:45:00-04:00	9.81	9.81	9.8	9.8	1342	yfinance_1m
2026-09-22T14:46:00-04:00	9.81	9.81	9.79	9.79	2290	yfinance_1m
2026-09-22T14:47:00-04:00	9.8	9.81	9.8	9.805	3863	yfinance_1m
2026-09-22T14:48:00-04:00	9.81	9.81	9.805	9.805	1044	yfinance_1m
2026-09-22T14:49:00-04:00	9.81	9.815	9.8	9.81	2374	yfinance_1m
2026-09-22T14:50:00-04:00	9.81	9.81	9.785	9.785	3822	yfinance_1m
2026-09-22T14:51:00-04:00	9.79	9.8	9.79	9.795	1533	yfinance_1m
2026-09-22T14:52:00-04:00	9.8	9.81	9.8	9.81	3313	yfinance_1m
2026-09-22T14:53:00-04:00	9.8	9.8	9.79	9.8	2416	yfinance_1m
2026-09-22T14:54:00-04:00	9.79	9.8	9.79	9.79	1811	yfinance_1m
2026-09-22T14:55:00-04:00	9.8	9.81	9.79	9.81	3027	yfinance_1m
2026-09-22T14:56:00-04:00	9.81	9.82	9.8	9.82	3297	yfinance_1m
2026-09-22T14:57:00-04:00	9.82	9.845	9.82	9.84	6355	yfinance_1m
2026-09-22T14:58:00-04:00	9.85	9.8565	9.8407	9.8495	4225	yfinance_1m
2026-09-22T14:59:00-04:00	9.85	9.85	9.8401	9.8401	1014	yfinance_1m
2026-09-22T15:00:00-04:00	9.845	9.855	9.845	9.845	7056	yfinance_1m
2026-09-22T15:01:00-04:00	9.84	9.85	9.8319	9.84	4323	yfinance_1m
2026-09-22T15:02:00-04:00	9.85	9.85	9.84	9.85	2064	yfinance_1m
2026-09-22T15:03:00-04:00	9.85	9.85	9.85	9.85	1082	yfinance_1m
2026-09-22T15:04:00-04:00	9.83	9.845	9.83	9.84	2302	yfinance_1m
2026-09-22T15:05:00-04:00	9.85	9.85	9.845	9.845	3328	yfinance_1m
2026-09-22T15:06:00-04:00	9.845	9.86	9.845	9.86	6148	yfinance_1m
2026-09-22T15:07:00-04:00	9.85	9.85	9.845	9.845	2895	yfinance_1m
2026-09-22T15:08:00-04:00	9.85	9.85	9.845	9.85	2921	yfinance_1m
2026-09-22T15:09:00-04:00	9.8401	9.85	9.8401	9.85	943	yfinance_1m
2026-09-22T15:10:00-04:00	9.845	9.915	9.845	9.88	54409	yfinance_1m
2026-09-22T15:11:00-04:00	9.88	9.88	9.84	9.855	18927	yfinance_1m
2026-09-22T15:12:00-04:00	9.86	9.86	9.84	9.85	3384	yfinance_1m
2026-09-22T15:13:00-04:00	9.86	9.86	9.83	9.835	7470	yfinance_1m
2026-09-22T15:14:00-04:00	9.835	9.86	9.835	9.8486	7647	yfinance_1m
2026-09-22T15:15:00-04:00	9.84	9.84	9.81	9.815	4463	yfinance_1m
2026-09-22T15:16:00-04:00	9.82	9.83	9.815	9.825	2649	yfinance_1m
2026-09-22T15:17:00-04:00	9.83	9.83	9.825	9.825	1615	yfinance_1m
2026-09-22T15:18:00-04:00	9.83	9.83	9.82	9.825	2184	yfinance_1m
2026-09-22T15:19:00-04:00	9.825	9.84	9.825	9.84	2198	yfinance_1m
2026-09-22T15:20:00-04:00	9.8367	9.84	9.82	9.83	7046	yfinance_1m
2026-09-22T15:21:00-04:00	9.83	9.84	9.83	9.833879	3719	yfinance_1m
2026-09-22T15:22:00-04:00	9.835	9.84	9.835	9.835	3565	yfinance_1m
2026-09-22T15:23:00-04:00	9.83	9.84	9.83	9.84	7983	yfinance_1m
2026-09-22T15:24:00-04:00	9.835	9.85	9.82	9.825	9820	yfinance_1m
2026-09-22T15:25:00-04:00	9.825	9.83	9.82	9.82	3052	yfinance_1m
2026-09-22T15:26:00-04:00	9.825	9.83	9.82	9.83	5078	yfinance_1m
2026-09-22T15:27:00-04:00	9.83	9.83	9.82	9.8294	4713	yfinance_1m
2026-09-22T15:28:00-04:00	9.82	9.825	9.82	9.825	6258	yfinance_1m
2026-09-22T15:29:00-04:00	9.825	9.835	9.81	9.82	17356	yfinance_1m
2026-09-22T15:30:00-04:00	9.81	9.82	9.81	9.81	4934	yfinance_1m
2026-09-22T15:31:00-04:00	9.81	9.83	9.81	9.8113	5763	yfinance_1m
2026-09-22T15:32:00-04:00	9.82	9.8294	9.81	9.8294	9718	yfinance_1m
2026-09-22T15:33:00-04:00	9.825	9.85	9.825	9.84	8301	yfinance_1m
2026-09-22T15:34:00-04:00	9.85	9.85	9.84	9.84	1611	yfinance_1m
2026-09-22T15:35:00-04:00	9.84	9.86	9.84	9.85	9560	yfinance_1m
2026-09-22T15:36:00-04:00	9.855	9.86	9.855	9.855	3812	yfinance_1m
2026-09-22T15:37:00-04:00	9.86	9.875	9.86	9.87	9630	yfinance_1m
2026-09-22T15:38:00-04:00	9.87	9.88	9.85	9.86	5864	yfinance_1m
2026-09-22T15:39:00-04:00	9.84	9.85	9.82	9.85	9332	yfinance_1m
2026-09-22T15:40:00-04:00	9.85	9.85	9.85	9.85	3885	yfinance_1m
2026-09-22T15:41:00-04:00	9.85	9.86	9.85	9.86	4493	yfinance_1m
2026-09-22T15:42:00-04:00	9.865	9.88	9.865	9.87	6327	yfinance_1m
2026-09-22T15:43:00-04:00	9.87	9.87	9.85	9.87	8232	yfinance_1m
2026-09-22T15:44:00-04:00	9.87	9.87	9.86	9.86	6131	yfinance_1m
2026-09-22T15:45:00-04:00	9.87	9.885	9.87	9.88	11087	yfinance_1m
2026-09-22T15:46:00-04:00	9.89	9.89	9.865	9.875	12639	yfinance_1m
2026-09-22T15:47:00-04:00	9.8709	9.88	9.85	9.85	11294	yfinance_1m
2026-09-22T15:48:00-04:00	9.85	9.85	9.84	9.84	7371	yfinance_1m
2026-09-22T15:49:00-04:00	9.8363	9.96	9.8363	9.93	62560	yfinance_1m
2026-09-22T15:50:00-04:00	9.93	9.93	9.89	9.895	12081	yfinance_1m
2026-09-22T15:51:00-04:00	9.89	9.905	9.86	9.9	24791	yfinance_1m
2026-09-22T15:52:00-04:00	9.9	9.9	9.875	9.88	25321	yfinance_1m
2026-09-22T15:53:00-04:00	9.88	9.89	9.86	9.885	16784	yfinance_1m
2026-09-22T15:54:00-04:00	9.885	9.885	9.87	9.88	13237	yfinance_1m
2026-09-22T15:55:00-04:00	9.87	9.9	9.87	9.89	23066	yfinance_1m
2026-09-22T15:56:00-04:00	9.895	9.925	9.89	9.925	30316	yfinance_1m
2026-09-22T15:57:00-04:00	9.925	9.97	9.915	9.945	52082	yfinance_1m
2026-09-22T15:58:00-04:00	9.94	9.95	9.92	9.92	83445	yfinance_1m
2026-09-22T15:59:00-04:00	9.925	9.93	9.88	9.895	103721	yfinance_1m
2026-09-23T09:30:00-04:00	9.79	9.79	9.69	9.69	46512	yfinance_1m
2026-09-23T09:31:00-04:00	9.675	9.72	9.675	9.72	1866	yfinance_1m
2026-09-23T09:32:00-04:00	9.79	9.83	9.79	9.799	4942	yfinance_1m
2026-09-23T09:33:00-04:00	9.8174	9.82	9.77	9.809	2533	yfinance_1m
2026-09-23T09:34:00-04:00	9.79	9.79	9.7	9.7	5823	yfinance_1m
2026-09-23T09:35:00-04:00	9.74	9.76	9.68	9.69	3961	yfinance_1m
2026-09-23T09:36:00-04:00	9.68	9.74	9.65	9.69	12612	yfinance_1m
2026-09-23T09:37:00-04:00	9.715	9.725	9.709	9.709	994	yfinance_1m
2026-09-23T09:38:00-04:00	9.71	9.72	9.69	9.72	2095	yfinance_1m
2026-09-23T09:39:00-04:00	9.719	9.719	9.68	9.68	8118	yfinance_1m
2026-09-23T09:40:00-04:00	9.6819	9.71	9.67	9.68	6006	yfinance_1m
2026-09-23T09:41:00-04:00	9.7	9.72	9.67	9.67	24194	yfinance_1m
2026-09-23T09:42:00-04:00	9.7	9.74	9.69	9.725	5397	yfinance_1m
2026-09-23T09:43:00-04:00	9.729	9.74	9.69	9.71	3529	yfinance_1m
2026-09-23T09:44:00-04:00	9.745	9.7758	9.72	9.72	1226	yfinance_1m
2026-09-23T09:45:00-04:00	9.745	9.79	9.69	9.7	8039	yfinance_1m
2026-09-23T09:46:00-04:00	9.74	9.76	9.74	9.74	1708	yfinance_1m
2026-09-23T09:47:00-04:00	9.755	9.815	9.74	9.815	2610	yfinance_1m
2026-09-23T09:48:00-04:00	9.8	9.8	9.73	9.735	12225	yfinance_1m
2026-09-23T09:49:00-04:00	9.71	9.76	9.71	9.745	3016	yfinance_1m
2026-09-23T09:50:00-04:00	9.745	9.83	9.74	9.81	7681	yfinance_1m
2026-09-23T09:51:00-04:00	9.795	9.8351	9.73	9.82	20430	yfinance_1m
2026-09-23T09:52:00-04:00	9.82	9.82	9.78	9.785	17661	yfinance_1m
2026-09-23T09:53:00-04:00	9.81	9.87	9.8	9.855	7746	yfinance_1m
2026-09-23T09:54:00-04:00	9.87	9.87	9.81	9.81	7298	yfinance_1m
2026-09-23T09:55:00-04:00	9.83	9.83	9.805	9.805	5966	yfinance_1m
2026-09-23T09:56:00-04:00	9.79	9.83	9.79	9.83	8171	yfinance_1m
2026-09-23T09:57:00-04:00	9.85	9.85	9.825	9.825	1385	yfinance_1m
2026-09-23T09:58:00-04:00	9.81	9.9	9.81	9.86	3101	yfinance_1m
2026-09-23T09:59:00-04:00	9.86	9.86	9.8	9.8	2010	yfinance_1m
2026-09-23T10:00:00-04:00	9.8131	9.89	9.8131	9.8615	4139	yfinance_1m
2026-09-23T10:01:00-04:00	9.9	9.96	9.9	9.945	9310	yfinance_1m
2026-09-23T10:02:00-04:00	9.945	9.945	9.9	9.9372	19269	yfinance_1m
2026-09-23T10:03:00-04:00	9.92	9.9599	9.92	9.94	3784	yfinance_1m
2026-09-23T10:04:00-04:00	9.9534	9.9534	9.9	9.91	14046	yfinance_1m
2026-09-23T10:05:00-04:00	9.93	9.93	9.885	9.885	3717	yfinance_1m
2026-09-23T10:06:00-04:00	9.885	9.91	9.87	9.895	2655	yfinance_1m
2026-09-23T10:07:00-04:00	9.89	9.91	9.88	9.91	6364	yfinance_1m
2026-09-23T10:08:00-04:00	9.9	9.9	9.88	9.895	2161	yfinance_1m
2026-09-23T10:09:00-04:00	9.89	9.9	9.89	9.89	845	yfinance_1m
2026-09-23T10:10:00-04:00	9.89	9.89	9.83	9.835	10804	yfinance_1m
2026-09-23T10:11:00-04:00	9.82	9.835	9.82	9.835	1238	yfinance_1m
2026-09-23T10:12:00-04:00	9.85	9.86	9.83	9.83	3766	yfinance_1m
2026-09-23T10:13:00-04:00	9.825	9.825	9.74	9.765	12013	yfinance_1m
2026-09-23T10:14:00-04:00	9.7899	9.7899	9.74	9.76	1052	yfinance_1m
2026-09-23T10:15:00-04:00	9.74	9.755	9.71	9.7197	2349	yfinance_1m
2026-09-23T10:16:00-04:00	9.73	9.76	9.7	9.755	7451	yfinance_1m
2026-09-23T10:17:00-04:00	9.765	9.765	9.75	9.76	3360	yfinance_1m
2026-09-23T10:18:00-04:00	9.76	9.76	9.71	9.71	2521	yfinance_1m
2026-09-23T10:19:00-04:00	9.7	9.715	9.7	9.7	1770	yfinance_1m
2026-09-23T10:20:00-04:00	9.68	9.685	9.67	9.675	2407	yfinance_1m
2026-09-23T10:21:00-04:00	9.675	9.69	9.675	9.685	3107	yfinance_1m
2026-09-23T10:22:00-04:00	9.685	9.685	9.62	9.62	6342	yfinance_1m
2026-09-23T10:23:00-04:00	9.6001	9.63	9.6001	9.63	3817	yfinance_1m
2026-09-23T10:24:00-04:00	9.62	9.67	9.62	9.655	5911	yfinance_1m
2026-09-23T10:25:00-04:00	9.65	9.66	9.635	9.65	4512	yfinance_1m
2026-09-23T10:26:00-04:00	9.655	9.6636	9.6525	9.6636	1533	yfinance_1m
2026-09-23T10:27:00-04:00	9.66	9.665	9.62	9.62	2959	yfinance_1m
2026-09-23T10:28:00-04:00	9.63	9.63	9.61	9.62	7893	yfinance_1m
2026-09-23T10:29:00-04:00	9.61	9.64	9.61	9.64	1972	yfinance_1m
2026-09-23T10:30:00-04:00	9.62	9.62	9.59	9.59	11542	yfinance_1m
2026-09-23T10:31:00-04:00	9.59	9.61	9.5542	9.61	12834	yfinance_1m
2026-09-23T10:32:00-04:00	9.61	9.62	9.6	9.61	5472	yfinance_1m
2026-09-23T10:33:00-04:00	9.61	9.61	9.6	9.61	3036	yfinance_1m
2026-09-23T10:34:00-04:00	9.62	9.64	9.585	9.64	3778	yfinance_1m
2026-09-23T10:35:00-04:00	9.63	9.64	9.62	9.64	2794	yfinance_1m
2026-09-23T10:36:00-04:00	9.645	9.69	9.645	9.675	4551	yfinance_1m
2026-09-23T10:37:00-04:00	9.71	9.72	9.68	9.68	17957	yfinance_1m
2026-09-23T10:38:00-04:00	9.68	9.7	9.6639	9.69	7360	yfinance_1m
2026-09-23T10:39:00-04:00	9.7	9.77	9.7	9.76	10558	yfinance_1m
2026-09-23T10:40:00-04:00	9.75	9.8	9.75	9.76	10824	yfinance_1m
2026-09-23T10:41:00-04:00	9.775	9.78	9.77	9.77	3024	yfinance_1m
2026-09-23T10:42:00-04:00	9.77	9.778	9.77	9.778	1773	yfinance_1m
2026-09-23T10:43:00-04:00	9.76	9.804	9.75	9.77	10538	yfinance_1m
2026-09-23T10:44:00-04:00	9.78	9.81	9.78	9.81	2411	yfinance_1m
2026-09-23T10:45:00-04:00	9.795	9.795	9.77	9.77	2385	yfinance_1m
2026-09-23T10:46:00-04:00	9.77	9.78	9.76	9.78	1715	yfinance_1m
2026-09-23T10:47:00-04:00	9.775	9.815	9.77	9.795	19589	yfinance_1m
2026-09-23T10:48:00-04:00	9.78	9.79	9.77	9.79	2157	yfinance_1m
2026-09-23T10:49:00-04:00	9.79	9.79	9.77	9.785	2762	yfinance_1m
2026-09-23T10:50:00-04:00	9.8	9.83	9.8	9.8	2796	yfinance_1m
2026-09-23T10:51:00-04:00	9.79	9.865	9.79	9.86	9915	yfinance_1m
2026-09-23T10:52:00-04:00	9.85	9.85	9.82	9.825	8238	yfinance_1m
2026-09-23T10:53:00-04:00	9.83	9.87	9.825	9.87	12894	yfinance_1m
2026-09-23T10:54:00-04:00	9.8541	9.9	9.8541	9.9	7211	yfinance_1m
2026-09-23T10:55:00-04:00	9.899	9.91	9.88	9.885	3058	yfinance_1m
2026-09-23T10:56:00-04:00	9.88	9.89	9.87	9.89	7894	yfinance_1m
2026-09-23T10:57:00-04:00	9.9	9.9	9.89	9.89	1886	yfinance_1m
2026-09-23T10:58:00-04:00	9.89	9.9	9.88	9.88	2277	yfinance_1m
2026-09-23T10:59:00-04:00	9.88	9.905	9.88	9.9	3578	yfinance_1m
2026-09-23T11:00:00-04:00	9.89	9.9	9.89	9.895	1730	yfinance_1m
2026-09-23T11:01:00-04:00	9.895	9.91	9.895	9.9	6120	yfinance_1m
2026-09-23T11:02:00-04:00	9.9	9.905	9.871	9.88	3553	yfinance_1m
2026-09-23T11:03:00-04:00	9.88	9.9	9.87	9.9	3205	yfinance_1m
2026-09-23T11:04:00-04:00	9.9	9.9	9.88	9.88	1473	yfinance_1m
2026-09-23T11:05:00-04:00	9.885	9.885	9.87	9.875	6595	yfinance_1m
2026-09-23T11:06:00-04:00	9.89	9.89	9.87	9.87	2910	yfinance_1m
2026-09-23T11:07:00-04:00	9.87	9.88	9.86	9.88	7183	yfinance_1m
2026-09-23T11:08:00-04:00	9.889	9.955	9.889	9.955	4764	yfinance_1m
2026-09-23T11:09:00-04:00	9.955	9.97	9.955	9.96	1515	yfinance_1m
2026-09-23T11:10:00-04:00	9.97	9.985	9.96	9.96	7016	yfinance_1m
2026-09-23T11:11:00-04:00	9.964	9.985	9.93	9.985	8689	yfinance_1m
2026-09-23T11:12:00-04:00	9.985	10.02	9.965	10.02	24377	yfinance_1m
2026-09-23T11:13:00-04:00	10.02	10.03	9.985	10.03	16546	yfinance_1m
2026-09-23T11:14:00-04:00	10.01	10.04	9.99	9.99	10670	yfinance_1m
2026-09-23T11:15:00-04:00	9.985	9.99	9.96	9.98	11078	yfinance_1m
2026-09-23T11:16:00-04:00	9.96	10.0	9.9401	9.99	7042	yfinance_1m
2026-09-23T11:17:00-04:00	10.0	10.0	9.88	9.89	45942	yfinance_1m
2026-09-23T11:18:00-04:00	9.9	9.9	9.88	9.88	2554	yfinance_1m
2026-09-23T11:19:00-04:00	9.89	9.91	9.89	9.9	1550	yfinance_1m
2026-09-23T11:20:00-04:00	9.89	9.9	9.89	9.89	1954	yfinance_1m
2026-09-23T11:21:00-04:00	9.88	9.88	9.855	9.865	8959	yfinance_1m
2026-09-23T11:22:00-04:00	9.865	9.88	9.854	9.865	3599	yfinance_1m
2026-09-23T11:23:00-04:00	9.88	9.92	9.88	9.92	3849	yfinance_1m
2026-09-23T11:24:00-04:00	9.92	9.94	9.92	9.94	1649	yfinance_1m
2026-09-23T11:25:00-04:00	9.92	9.92	9.92	9.92	993	yfinance_1m
2026-09-23T11:26:00-04:00	9.92	9.92	9.9	9.915	9793	yfinance_1m
2026-09-23T11:27:00-04:00	9.915	9.93	9.915	9.915	3941	yfinance_1m
2026-09-23T11:28:00-04:00	9.9299	9.9299	9.88	9.89	10372	yfinance_1m
2026-09-23T11:29:00-04:00	9.89	9.89	9.87	9.87	2516	yfinance_1m
2026-09-23T11:30:00-04:00	9.865	9.865	9.85	9.85	7675	yfinance_1m
2026-09-23T11:31:00-04:00	9.86	9.87	9.86	9.86	2752	yfinance_1m
2026-09-23T11:32:00-04:00	9.86	9.86	9.85	9.85	4235	yfinance_1m
2026-09-23T11:33:00-04:00	9.845	9.86	9.845	9.86	3013	yfinance_1m
2026-09-23T11:34:00-04:00	9.852	9.9	9.852	9.9	9047	yfinance_1m
2026-09-23T11:35:00-04:00	9.9	9.91	9.88	9.91	3325	yfinance_1m
2026-09-23T11:36:00-04:00	9.91	9.91	9.89	9.894	9725	yfinance_1m
2026-09-23T11:37:00-04:00	9.9	9.91	9.9	9.91	2937	yfinance_1m
2026-09-23T11:38:00-04:00	9.91	9.91	9.9	9.9	2811	yfinance_1m
2026-09-23T11:39:00-04:00	9.89	9.9	9.89	9.895	2961	yfinance_1m
2026-09-23T11:40:00-04:00	9.88	9.88	9.88	9.88	1368	yfinance_1m
2026-09-23T11:41:00-04:00	9.88	9.88	9.87	9.87	2622	yfinance_1m
2026-09-23T11:42:00-04:00	9.86	9.87	9.86	9.87	1504	yfinance_1m
2026-09-23T11:43:00-04:00	9.85	9.88	9.84	9.86	11637	yfinance_1m
2026-09-23T11:44:00-04:00	9.88	9.9	9.88	9.9	2717	yfinance_1m
2026-09-23T11:45:00-04:00	9.9	9.9	9.87	9.88	18866	yfinance_1m
2026-09-23T11:46:00-04:00	9.88	9.905	9.88	9.905	1776	yfinance_1m
2026-09-23T11:47:00-04:00	9.9	9.9	9.86	9.87	14885	yfinance_1m
2026-09-23T11:48:00-04:00	9.87	9.88	9.87	9.87	2147	yfinance_1m
2026-09-23T11:49:00-04:00	9.865	9.87	9.865	9.865	1666	yfinance_1m
2026-09-23T11:50:00-04:00	9.865	9.865	9.83	9.83	9163	yfinance_1m
2026-09-23T11:51:00-04:00	9.82	9.82	9.81	9.81	1975	yfinance_1m
2026-09-23T11:52:00-04:00	9.805	9.81	9.805	9.81	1783	yfinance_1m
2026-09-23T11:53:00-04:00	9.8062	9.8062	9.79	9.8	4995	yfinance_1m
2026-09-23T11:54:00-04:00	9.81	9.81	9.79	9.81	4826	yfinance_1m
2026-09-23T11:55:00-04:00	9.81	9.81	9.8	9.8	2981	yfinance_1m
2026-09-23T11:56:00-04:00	9.8	9.8	9.8	9.8	2543	yfinance_1m
2026-09-23T11:57:00-04:00	9.8	9.815	9.8	9.815	4579	yfinance_1m
2026-09-23T11:58:00-04:00	9.82	9.82	9.81	9.82	1902	yfinance_1m
2026-09-23T11:59:00-04:00	9.83	9.83	9.815	9.815	2439	yfinance_1m
2026-09-23T12:00:00-04:00	9.8	9.8	9.79	9.7925	1832	yfinance_1m
2026-09-23T12:01:00-04:00	9.78	9.785	9.75	9.75	4102	yfinance_1m
2026-09-23T12:02:00-04:00	9.74	9.76	9.73	9.76	11716	yfinance_1m
2026-09-23T12:03:00-04:00	9.76	9.79	9.76	9.79	2243	yfinance_1m
2026-09-23T12:04:00-04:00	9.785	9.81	9.785	9.81	2245	yfinance_1m
2026-09-23T12:05:00-04:00	9.785	9.785	9.78	9.785	2831	yfinance_1m
2026-09-23T12:06:00-04:00	9.7752	9.8	9.7752	9.8	3647	yfinance_1m
2026-09-23T12:07:00-04:00	9.78	9.81	9.78	9.79	5463	yfinance_1m
2026-09-23T12:08:00-04:00	9.79	9.8	9.79	9.79	1795	yfinance_1m
2026-09-23T12:09:00-04:00	9.79	9.79	9.765	9.765	2585	yfinance_1m
2026-09-23T12:10:00-04:00	9.78	9.78	9.775	9.775	1094	yfinance_1m
2026-09-23T12:11:00-04:00	9.79	9.8	9.78	9.8	3958	yfinance_1m
2026-09-23T12:12:00-04:00	9.785	9.8	9.785	9.79	3031	yfinance_1m
2026-09-23T12:13:00-04:00	9.79	9.79	9.77	9.78	1473	yfinance_1m
2026-09-23T12:14:00-04:00	9.79	9.81	9.79	9.81	2840	yfinance_1m
2026-09-23T12:15:00-04:00	9.81	9.81	9.795	9.795	915	yfinance_1m
2026-09-23T12:16:00-04:00	9.795	9.795	9.79	9.79	1500	yfinance_1m
2026-09-23T12:17:00-04:00	9.79	9.79	9.79	9.79	2378	yfinance_1m
2026-09-23T12:18:00-04:00	9.8	9.8	9.8	9.8	649	yfinance_1m
2026-09-23T12:19:00-04:00	9.79	9.79	9.78	9.785	3356	yfinance_1m
2026-09-23T12:20:00-04:00	9.78	9.79	9.71	9.725	17459	yfinance_1m
2026-09-23T12:21:00-04:00	9.72	9.725	9.72	9.725	2035	yfinance_1m
2026-09-23T12:22:00-04:00	9.7235	9.735	9.7235	9.73	1680	yfinance_1m
2026-09-23T12:23:00-04:00	9.74	9.74	9.7322	9.74	767	yfinance_1m
2026-09-23T12:24:00-04:00	9.73	9.77	9.73	9.75	7392	yfinance_1m
2026-09-23T12:25:00-04:00	9.74	9.74	9.71	9.72	16066	yfinance_1m
2026-09-23T12:26:00-04:00	9.727	9.755	9.727	9.755	3544	yfinance_1m
2026-09-23T12:27:00-04:00	9.76	9.77	9.76	9.77	2000	yfinance_1m
2026-09-23T12:28:00-04:00	9.77	9.77	9.76	9.77	2397	yfinance_1m
2026-09-23T12:29:00-04:00	9.75	9.76	9.74	9.74	614	yfinance_1m
2026-09-23T12:30:00-04:00	9.76	9.76	9.75	9.76	2686	yfinance_1m
2026-09-23T12:31:00-04:00	9.755	9.76	9.74	9.75	2127	yfinance_1m
2026-09-23T12:32:00-04:00	9.7475	9.7475	9.72	9.725	3161	yfinance_1m
2026-09-23T12:33:00-04:00	9.735	9.75	9.735	9.74	2214	yfinance_1m
2026-09-23T12:34:00-04:00	9.745	9.77	9.745	9.77	3854	yfinance_1m
2026-09-23T12:36:00-04:00	9.76	9.77	9.755	9.765	3076	yfinance_1m
2026-09-23T12:37:00-04:00	9.765	9.765	9.75	9.755	1812	yfinance_1m
2026-09-23T12:38:00-04:00	9.755	9.76	9.75	9.75	1970	yfinance_1m
2026-09-23T12:39:00-04:00	9.75	9.755	9.73	9.755	1157	yfinance_1m
2026-09-23T12:40:00-04:00	9.75	9.75	9.74	9.75	1113	yfinance_1m
2026-09-23T12:41:00-04:00	9.73	9.75	9.73	9.73	2475	yfinance_1m
2026-09-23T12:42:00-04:00	9.725	9.725	9.701	9.72	2426	yfinance_1m
2026-09-23T12:43:00-04:00	9.72	9.72	9.72	9.72	774	yfinance_1m
2026-09-23T12:44:00-04:00	9.72	9.74	9.72	9.72	1551	yfinance_1m
2026-09-23T12:45:00-04:00	9.715	9.73	9.7	9.73	2273	yfinance_1m
2026-09-23T12:46:00-04:00	9.72	9.74	9.72	9.74	1983	yfinance_1m
2026-09-23T12:47:00-04:00	9.725	9.74	9.725	9.74	1263	yfinance_1m
2026-09-23T12:48:00-04:00	9.725	9.74	9.71	9.71	2123	yfinance_1m
2026-09-23T12:49:00-04:00	9.725	9.74	9.725	9.725	906	yfinance_1m
2026-09-23T12:50:00-04:00	9.715	9.73	9.71	9.73	5631	yfinance_1m
2026-09-23T12:51:00-04:00	9.72	9.73	9.7125	9.73	1827	yfinance_1m
2026-09-23T12:52:00-04:00	9.72	9.72	9.715	9.715	1870	yfinance_1m
2026-09-23T12:53:00-04:00	9.71	9.72	9.69	9.72	6783	yfinance_1m
2026-09-23T12:54:00-04:00	9.71	9.73	9.71	9.726	6205	yfinance_1m
2026-09-23T12:55:00-04:00	9.73	9.735	9.73	9.735	1233	yfinance_1m
2026-09-23T12:56:00-04:00	9.735	9.77	9.73	9.76	7391	yfinance_1m
2026-09-23T12:57:00-04:00	9.76	9.76	9.76	9.76	2891	yfinance_1m
2026-09-23T12:58:00-04:00	9.76	9.76	9.73	9.735	3492	yfinance_1m
2026-09-23T12:59:00-04:00	9.74	9.74	9.72	9.72	1540	yfinance_1m
2026-09-23T13:00:00-04:00	9.72	9.72	9.7	9.71	10419	yfinance_1m
2026-09-23T13:01:00-04:00	9.71	9.71	9.71	9.71	980	yfinance_1m
2026-09-23T13:02:00-04:00	9.7	9.71	9.64	9.64	7810	yfinance_1m
2026-09-23T13:03:00-04:00	9.65	9.66	9.65	9.66	1885	yfinance_1m
2026-09-23T13:04:00-04:00	9.655	9.655	9.62	9.65	36536	yfinance_1m
2026-09-23T13:05:00-04:00	9.6344	9.635	9.61	9.62	4962	yfinance_1m
2026-09-23T13:06:00-04:00	9.625	9.64	9.625	9.64	1242	yfinance_1m
2026-09-23T13:07:00-04:00	9.625	9.625	9.625	9.625	413	yfinance_1m
2026-09-23T13:08:00-04:00	9.625	9.64	9.61	9.64	10096	yfinance_1m
2026-09-23T13:09:00-04:00	9.65	9.65	9.63	9.64	3859	yfinance_1m
2026-09-23T13:10:00-04:00	9.6593	9.6593	9.635	9.64	2760	yfinance_1m
2026-09-23T13:11:00-04:00	9.65	9.66	9.63	9.64	5675	yfinance_1m
2026-09-23T13:12:00-04:00	9.64	9.65	9.64	9.65	2223	yfinance_1m
2026-09-23T13:13:00-04:00	9.635	9.635	9.635	9.635	517	yfinance_1m
2026-09-23T13:14:00-04:00	9.65	9.6625	9.64	9.64	10828	yfinance_1m
2026-09-23T13:15:00-04:00	9.64	9.66	9.64	9.66	10292	yfinance_1m
2026-09-23T13:16:00-04:00	9.6599	9.66	9.65	9.66	3529	yfinance_1m
2026-09-23T13:17:00-04:00	9.6599	9.67	9.65	9.665	3231	yfinance_1m
2026-09-23T13:18:00-04:00	9.67	9.6764	9.67	9.6764	1214	yfinance_1m
2026-09-23T13:19:00-04:00	9.67	9.67	9.64	9.64	9049	yfinance_1m
2026-09-23T13:20:00-04:00	9.64	9.64	9.6	9.62	3214	yfinance_1m
2026-09-23T13:21:00-04:00	9.62	9.63	9.61	9.63	2302	yfinance_1m
2026-09-23T13:22:00-04:00	9.61	9.63	9.61	9.63	1940	yfinance_1m
2026-09-23T13:23:00-04:00	9.63	9.63	9.63	9.63	1714	yfinance_1m
2026-09-23T13:24:00-04:00	9.63	9.632	9.62	9.63	2118	yfinance_1m
2026-09-23T13:25:00-04:00	9.63	9.63	9.61	9.615	3726	yfinance_1m
2026-09-23T13:26:00-04:00	9.6	9.6	9.6	9.6	2475	yfinance_1m
2026-09-23T13:27:00-04:00	9.6	9.61	9.59	9.61	2266	yfinance_1m
2026-09-23T13:28:00-04:00	9.61	9.61	9.595	9.595	1310	yfinance_1m
2026-09-23T13:29:00-04:00	9.6	9.62	9.5849	9.62	4830	yfinance_1m
2026-09-23T13:30:00-04:00	9.62	9.62	9.62	9.62	547	yfinance_1m
2026-09-23T13:31:00-04:00	9.605	9.62	9.6	9.62	7179	yfinance_1m
2026-09-23T13:32:00-04:00	9.61	9.61	9.6073	9.6073	689	yfinance_1m
2026-09-23T13:33:00-04:00	9.605	9.61	9.6	9.61	4423	yfinance_1m
2026-09-23T13:34:00-04:00	9.61	9.61	9.609	9.61	3108	yfinance_1m
2026-09-23T13:36:00-04:00	9.59	9.6	9.59	9.59	4149	yfinance_1m
2026-09-23T13:37:00-04:00	9.5932	9.5932	9.5932	9.5932	229	yfinance_1m
2026-09-23T13:38:00-04:00	9.6	9.61	9.59	9.59	6735	yfinance_1m
2026-09-23T13:39:00-04:00	9.6	9.61	9.6	9.61	3944	yfinance_1m
2026-09-23T13:40:00-04:00	9.605	9.61	9.6	9.6	2383	yfinance_1m
2026-09-23T13:41:00-04:00	9.6	9.62	9.6	9.62	2310	yfinance_1m
2026-09-23T13:42:00-04:00	9.63	9.64	9.63	9.64	3496	yfinance_1m
2026-09-23T13:43:00-04:00	9.65	9.68	9.65	9.68	2818	yfinance_1m
2026-09-23T13:44:00-04:00	9.68	9.7	9.66	9.685	8525	yfinance_1m
2026-09-23T13:45:00-04:00	9.67	9.675	9.66	9.66	11278	yfinance_1m
2026-09-23T13:46:00-04:00	9.68	9.68	9.68	9.68	1022	yfinance_1m
2026-09-23T13:47:00-04:00	9.675	9.69	9.675	9.68	3583	yfinance_1m
2026-09-23T13:48:00-04:00	9.69	9.7	9.69	9.7	3677	yfinance_1m
2026-09-23T13:49:00-04:00	9.7	9.72	9.7	9.715	2090	yfinance_1m
2026-09-23T13:50:00-04:00	9.71	9.72	9.7	9.7	3930	yfinance_1m
2026-09-23T13:51:00-04:00	9.7	9.71	9.7	9.7099	1523	yfinance_1m
2026-09-23T13:52:00-04:00	9.7	9.7	9.7	9.7	1208	yfinance_1m
2026-09-23T13:53:00-04:00	9.695	9.695	9.68	9.68	8043	yfinance_1m
2026-09-23T13:54:00-04:00	9.68	9.7	9.68	9.7	2016	yfinance_1m
2026-09-23T13:55:00-04:00	9.68	9.69	9.68	9.69	1142	yfinance_1m
2026-09-23T13:56:00-04:00	9.69	9.69	9.68	9.69	1553	yfinance_1m
2026-09-23T13:57:00-04:00	9.68	9.68	9.68	9.68	1530	yfinance_1m
2026-09-23T13:58:00-04:00	9.68	9.69	9.68	9.69	3183	yfinance_1m
2026-09-23T13:59:00-04:00	9.68	9.68	9.64	9.65	8647	yfinance_1m
2026-09-23T14:00:00-04:00	9.64	9.65	9.64	9.65	5005	yfinance_1m
2026-09-23T14:01:00-04:00	9.659	9.66	9.65	9.66	1438	yfinance_1m
2026-09-23T14:02:00-04:00	9.645	9.645	9.61	9.62	4117	yfinance_1m
2026-09-23T14:03:00-04:00	9.63	9.65	9.63	9.65	1634	yfinance_1m
2026-09-23T14:04:00-04:00	9.6139	9.64	9.6139	9.64	3065	yfinance_1m
2026-09-23T14:05:00-04:00	9.625	9.625	9.61	9.61	1699	yfinance_1m
2026-09-23T14:06:00-04:00	9.62	9.63	9.6	9.62	2604	yfinance_1m
2026-09-23T14:07:00-04:00	9.62	9.62	9.605	9.605	750	yfinance_1m
2026-09-23T14:08:00-04:00	9.605	9.62	9.605	9.62	695	yfinance_1m
2026-09-23T14:09:00-04:00	9.605	9.62	9.59	9.62	7784	yfinance_1m
2026-09-23T14:10:00-04:00	9.62	9.64	9.61	9.625	14817	yfinance_1m
2026-09-23T14:11:00-04:00	9.62	9.63	9.61	9.615	1697	yfinance_1m
2026-09-23T14:12:00-04:00	9.62	9.63	9.62	9.63	3820	yfinance_1m
2026-09-23T14:13:00-04:00	9.625	9.64	9.625	9.64	2517	yfinance_1m
2026-09-23T14:14:00-04:00	9.63	9.64	9.63	9.64	2248	yfinance_1m
2026-09-23T14:15:00-04:00	9.64	9.64	9.64	9.64	364	yfinance_1m
2026-09-23T14:16:00-04:00	9.65	9.65	9.645	9.645	1108	yfinance_1m
2026-09-23T14:17:00-04:00	9.645	9.655	9.645	9.655	2304	yfinance_1m
2026-09-23T14:18:00-04:00	9.655	9.655	9.655	9.655	430	yfinance_1m
2026-09-23T14:19:00-04:00	9.655	9.655	9.655	9.655	1102	yfinance_1m
2026-09-23T14:20:00-04:00	9.655	9.66	9.65	9.655	8993	yfinance_1m
2026-09-23T14:21:00-04:00	9.655	9.67	9.65	9.65	5315	yfinance_1m
2026-09-23T14:22:00-04:00	9.66	9.66	9.66	9.66	1198	yfinance_1m
2026-09-23T14:23:00-04:00	9.65	9.655	9.65	9.655	988	yfinance_1m
2026-09-23T14:24:00-04:00	9.655	9.66	9.65	9.65	1196	yfinance_1m
2026-09-23T14:25:00-04:00	9.66	9.66	9.65	9.65	1018	yfinance_1m
2026-09-23T14:26:00-04:00	9.65	9.655	9.625	9.645	13653	yfinance_1m
2026-09-23T14:27:00-04:00	9.64	9.645	9.635	9.64	4520	yfinance_1m
2026-09-23T14:28:00-04:00	9.635	9.64	9.63	9.63	2165	yfinance_1m
2026-09-23T14:29:00-04:00	9.64	9.64	9.62	9.63	1592	yfinance_1m
2026-09-23T14:30:00-04:00	9.63	9.64	9.63	9.64	2448	yfinance_1m
2026-09-23T14:31:00-04:00	9.62	9.625	9.6	9.61	7070	yfinance_1m
2026-09-23T14:32:00-04:00	9.61	9.62	9.61	9.62	2612	yfinance_1m
2026-09-23T14:33:00-04:00	9.62	9.63	9.62	9.63	2583	yfinance_1m
2026-09-23T14:34:00-04:00	9.63	9.66	9.63	9.65	7536	yfinance_1m
2026-09-23T14:35:00-04:00	9.655	9.665	9.65	9.66	4968	yfinance_1m
2026-09-23T14:36:00-04:00	9.67	9.67	9.66	9.67	2242	yfinance_1m
2026-09-23T14:37:00-04:00	9.665	9.69	9.665	9.69	1570	yfinance_1m
2026-09-23T14:38:00-04:00	9.685	9.685	9.685	9.685	1020	yfinance_1m
2026-09-23T14:39:00-04:00	9.67	9.69	9.67	9.69	2412	yfinance_1m
2026-09-23T14:40:00-04:00	9.67	9.68	9.66	9.68	2381	yfinance_1m
2026-09-23T14:41:00-04:00	9.66	9.68	9.66	9.68	2407	yfinance_1m
2026-09-23T14:42:00-04:00	9.67	9.69	9.67	9.68	2494	yfinance_1m
2026-09-23T14:43:00-04:00	9.68	9.695	9.68	9.69	2481	yfinance_1m
2026-09-23T14:44:00-04:00	9.695	9.695	9.685	9.69	5063	yfinance_1m
2026-09-23T14:45:00-04:00	9.685	9.685	9.68	9.68	2200	yfinance_1m
2026-09-23T14:46:00-04:00	9.68	9.68	9.675	9.68	1551	yfinance_1m
2026-09-23T14:47:00-04:00	9.675	9.69	9.675	9.685	3690	yfinance_1m
2026-09-23T14:48:00-04:00	9.69	9.69	9.68	9.69	4103	yfinance_1m
2026-09-23T14:49:00-04:00	9.7	9.705	9.695	9.695	1780	yfinance_1m
2026-09-23T14:50:00-04:00	9.69	9.69	9.685	9.69	1508	yfinance_1m
2026-09-23T14:51:00-04:00	9.69	9.7	9.685	9.69	3155	yfinance_1m
2026-09-23T14:52:00-04:00	9.685	9.69	9.685	9.685	2132	yfinance_1m
2026-09-23T14:53:00-04:00	9.68	9.685	9.68	9.685	704	yfinance_1m
2026-09-23T14:54:00-04:00	9.685	9.69	9.68	9.68	6433	yfinance_1m
2026-09-23T14:55:00-04:00	9.68	9.695	9.68	9.695	4498	yfinance_1m
2026-09-23T14:56:00-04:00	9.695	9.695	9.69	9.69	4697	yfinance_1m
2026-09-23T14:57:00-04:00	9.69	9.7	9.68	9.69	2713	yfinance_1m
2026-09-23T14:58:00-04:00	9.69	9.695	9.68	9.685	5487	yfinance_1m
2026-09-23T14:59:00-04:00	9.685	9.685	9.675	9.68	4046	yfinance_1m
2026-09-23T15:00:00-04:00	9.685	9.685	9.67	9.67	5633	yfinance_1m
2026-09-23T15:01:00-04:00	9.67	9.68	9.66	9.66	4465	yfinance_1m
2026-09-23T15:02:00-04:00	9.66	9.66	9.65	9.65	499	yfinance_1m
2026-09-23T15:03:00-04:00	9.66	9.67	9.66	9.66	5652	yfinance_1m
2026-09-23T15:04:00-04:00	9.66	9.66	9.645	9.65	4364	yfinance_1m
2026-09-23T15:05:00-04:00	9.65	9.65	9.62	9.62	3783	yfinance_1m
2026-09-23T15:06:00-04:00	9.62	9.62	9.615	9.62	3990	yfinance_1m
2026-09-23T15:07:00-04:00	9.63	9.63	9.63	9.63	1825	yfinance_1m
2026-09-23T15:08:00-04:00	9.6302	9.65	9.6302	9.65	6208	yfinance_1m
2026-09-23T15:09:00-04:00	9.65	9.65	9.62	9.625	1595	yfinance_1m
2026-09-23T15:10:00-04:00	9.62	9.625	9.615	9.62	4600	yfinance_1m
2026-09-23T15:11:00-04:00	9.62	9.63	9.62	9.625	2039	yfinance_1m
2026-09-23T15:12:00-04:00	9.62	9.625	9.62	9.62	2231	yfinance_1m
2026-09-23T15:13:00-04:00	9.62	9.635	9.605	9.63	13666	yfinance_1m
2026-09-23T15:14:00-04:00	9.63	9.64	9.63	9.64	2046	yfinance_1m
2026-09-23T15:15:00-04:00	9.6309	9.6309	9.605	9.605	4296	yfinance_1m
2026-09-23T15:16:00-04:00	9.6	9.62	9.6	9.62	4898	yfinance_1m
2026-09-23T15:17:00-04:00	9.615	9.62	9.615	9.62	1372	yfinance_1m
2026-09-23T15:18:00-04:00	9.61	9.61	9.6	9.6	3110	yfinance_1m
2026-09-23T15:19:00-04:00	9.6	9.61	9.6	9.61	2495	yfinance_1m
2026-09-23T15:20:00-04:00	9.61	9.62	9.6	9.62	9988	yfinance_1m
2026-09-23T15:21:00-04:00	9.63	9.64	9.62	9.635	3270	yfinance_1m
2026-09-23T15:22:00-04:00	9.64	9.645	9.64	9.64	3085	yfinance_1m
2026-09-23T15:23:00-04:00	9.65	9.65	9.65	9.65	632	yfinance_1m
2026-09-23T15:24:00-04:00	9.64	9.655	9.64	9.65	4886	yfinance_1m
2026-09-23T15:25:00-04:00	9.645	9.645	9.645	9.645	1393	yfinance_1m
2026-09-23T15:26:00-04:00	9.645	9.66	9.6	9.6	11832	yfinance_1m
2026-09-23T15:27:00-04:00	9.59	9.59	9.575	9.58	4512	yfinance_1m
2026-09-23T15:28:00-04:00	9.579	9.58	9.57	9.57	2384	yfinance_1m
2026-09-23T15:29:00-04:00	9.575	9.575	9.54	9.5463	5702	yfinance_1m
2026-09-23T15:30:00-04:00	9.56	9.57	9.55	9.55	14027	yfinance_1m
2026-09-23T15:31:00-04:00	9.55	9.57	9.55	9.56	13803	yfinance_1m
2026-09-23T15:32:00-04:00	9.56	9.57	9.56	9.57	3481	yfinance_1m
2026-09-23T15:33:00-04:00	9.57	9.58	9.565	9.57	9562	yfinance_1m
2026-09-23T15:34:00-04:00	9.57	9.57	9.56	9.568	6848	yfinance_1m
2026-09-23T15:35:00-04:00	9.57	9.57	9.5617	9.57	6158	yfinance_1m
2026-09-23T15:36:00-04:00	9.57	9.58	9.56	9.57	9187	yfinance_1m
2026-09-23T15:37:00-04:00	9.57	9.57	9.56	9.57	4716	yfinance_1m
2026-09-23T15:38:00-04:00	9.55	9.57	9.55	9.57	4676	yfinance_1m
2026-09-23T15:39:00-04:00	9.57	9.59	9.56	9.57	18670	yfinance_1m
2026-09-23T15:40:00-04:00	9.57	9.57	9.55	9.55	10316	yfinance_1m
2026-09-23T15:41:00-04:00	9.55	9.56	9.54	9.56	13548	yfinance_1m
2026-09-23T15:42:00-04:00	9.56	9.56	9.549	9.55	5987	yfinance_1m
2026-09-23T15:43:00-04:00	9.55	9.62	9.53	9.6	23302	yfinance_1m
2026-09-23T15:44:00-04:00	9.6056	9.62	9.605	9.62	4441	yfinance_1m
2026-09-23T15:45:00-04:00	9.63	9.65	9.612	9.62	13714	yfinance_1m
2026-09-23T15:46:00-04:00	9.62	9.64	9.6	9.63	27688	yfinance_1m
2026-09-23T15:47:00-04:00	9.64	9.66	9.629	9.66	9350	yfinance_1m
2026-09-23T15:48:00-04:00	9.66	9.66	9.635	9.64	8635	yfinance_1m
2026-09-23T15:49:00-04:00	9.63	9.65	9.63	9.64	13945	yfinance_1m
2026-09-23T15:50:00-04:00	9.64	9.64	9.625	9.63	21497	yfinance_1m
2026-09-23T15:51:00-04:00	9.63	9.64	9.62	9.635	18143	yfinance_1m
2026-09-23T15:52:00-04:00	9.63	9.64	9.61	9.615	15986	yfinance_1m
2026-09-23T15:53:00-04:00	9.62	9.65	9.62	9.645	21505	yfinance_1m
2026-09-23T15:54:00-04:00	9.65	9.66	9.63	9.63	28337	yfinance_1m
2026-09-23T15:55:00-04:00	9.63	9.63	9.595	9.625	26932	yfinance_1m
2026-09-23T15:56:00-04:00	9.625	9.63	9.595	9.62	26787	yfinance_1m
2026-09-23T15:57:00-04:00	9.615	9.62	9.59	9.62	50709	yfinance_1m
2026-09-23T15:58:00-04:00	9.615	9.615	9.59	9.595	69870	yfinance_1m
2026-09-23T15:59:00-04:00	9.595	9.63	9.55	9.625	135239	yfinance_1m
2026-09-24T09:30:00-04:00	9.47	9.56	9.47	9.545	26520	yfinance_1m
2026-09-24T09:31:00-04:00	9.545	9.58	9.545	9.58	1851	yfinance_1m
2026-09-24T09:32:00-04:00	9.58	9.694	9.58	9.694	6036	yfinance_1m
2026-09-24T09:33:00-04:00	9.73	9.799	9.699	9.699	8444	yfinance_1m
2026-09-24T09:34:00-04:00	9.65	9.66	9.585	9.6	7988	yfinance_1m
2026-09-24T09:35:00-04:00	9.625	9.74	9.62	9.74	5511	yfinance_1m
2026-09-24T09:36:00-04:00	9.755	9.755	9.68	9.7	4578	yfinance_1m
2026-09-24T09:37:00-04:00	9.754	9.754	9.689	9.689	994	yfinance_1m
2026-09-24T09:38:00-04:00	9.73	9.8	9.73	9.7524	10005	yfinance_1m
2026-09-24T09:39:00-04:00	9.764	9.8	9.764	9.8	6432	yfinance_1m
2026-09-24T09:40:00-04:00	9.8	9.8	9.76	9.76	2714	yfinance_1m
2026-09-24T09:41:00-04:00	9.77	9.77	9.69	9.725	4245	yfinance_1m
2026-09-24T09:42:00-04:00	9.73	9.73	9.73	9.73	305	yfinance_1m
2026-09-24T09:43:00-04:00	9.725	9.725	9.695	9.695	3200	yfinance_1m
2026-09-24T09:44:00-04:00	9.7	9.7	9.64	9.64	2999	yfinance_1m
2026-09-24T09:45:00-04:00	9.63	9.67	9.615	9.66	6149	yfinance_1m
2026-09-24T09:46:00-04:00	9.66	9.66	9.66	9.66	3458	yfinance_1m
2026-09-24T09:47:00-04:00	9.665	9.665	9.66	9.66	3575	yfinance_1m
2026-09-24T09:48:00-04:00	9.66	9.66	9.58	9.585	2705	yfinance_1m
2026-09-24T09:49:00-04:00	9.6	9.63	9.6	9.63	1601	yfinance_1m
2026-09-24T09:50:00-04:00	9.64	9.655	9.6	9.6	1461	yfinance_1m
2026-09-24T09:51:00-04:00	9.6	9.6	9.55	9.55	2428	yfinance_1m
2026-09-24T09:52:00-04:00	9.5317	9.555	9.53	9.555	3030	yfinance_1m
2026-09-24T09:53:00-04:00	9.515	9.515	9.515	9.515	525	yfinance_1m
2026-09-24T09:54:00-04:00	9.52	9.52	9.435	9.46	11582	yfinance_1m
2026-09-24T09:56:00-04:00	9.46	9.555	9.46	9.555	4886	yfinance_1m
2026-09-24T09:57:00-04:00	9.575	9.575	9.575	9.575	1012	yfinance_1m
2026-09-24T09:58:00-04:00	9.6	9.6	9.575	9.575	1049	yfinance_1m
2026-09-24T09:59:00-04:00	9.575	9.6	9.52	9.6	23159	yfinance_1m
2026-09-24T10:00:00-04:00	9.59	9.59	9.59	9.59	1813	yfinance_1m
2026-09-24T10:01:00-04:00	9.62	9.62	9.55	9.58	17992	yfinance_1m
2026-09-24T10:02:00-04:00	9.58	9.725	9.58	9.66	19320	yfinance_1m
2026-09-24T10:03:00-04:00	9.655	9.71	9.6289	9.71	5635	yfinance_1m
2026-09-24T10:04:00-04:00	9.72	9.725	9.66	9.705	6594	yfinance_1m
2026-09-24T10:05:00-04:00	9.6807	9.75	9.6807	9.7185	5561	yfinance_1m
2026-09-24T10:06:00-04:00	9.75	9.84	9.725	9.84	8961	yfinance_1m
2026-09-24T10:07:00-04:00	9.82	9.82	9.76	9.76	5131	yfinance_1m
2026-09-24T10:08:00-04:00	9.76	9.77	9.751	9.751	2411	yfinance_1m
2026-09-24T10:09:00-04:00	9.765	9.765	9.7	9.7	8127	yfinance_1m
2026-09-24T10:10:00-04:00	9.665	9.6899	9.66	9.67	4028	yfinance_1m
2026-09-24T10:11:00-04:00	9.68	9.7	9.67	9.67	2508	yfinance_1m
2026-09-24T10:12:00-04:00	9.69	9.69	9.67	9.67	2013	yfinance_1m
2026-09-24T10:13:00-04:00	9.69	9.75	9.69	9.72	5561	yfinance_1m
2026-09-24T10:14:00-04:00	9.69	9.72	9.69	9.69	1338	yfinance_1m
2026-09-24T10:15:00-04:00	9.7	9.71	9.69	9.71	1125	yfinance_1m
2026-09-24T10:16:00-04:00	9.69	9.69	9.69	9.69	507	yfinance_1m
2026-09-24T10:17:00-04:00	9.685	9.71	9.67	9.67	3783	yfinance_1m
2026-09-24T10:18:00-04:00	9.6619	9.6619	9.64	9.66	2970	yfinance_1m
2026-09-24T10:19:00-04:00	9.66	9.66	9.63	9.635	7221	yfinance_1m
2026-09-24T10:20:00-04:00	9.62	9.62	9.61	9.61	780	yfinance_1m
2026-09-24T10:21:00-04:00	9.61	9.61	9.595	9.595	6824	yfinance_1m
2026-09-24T10:22:00-04:00	9.58	9.58	9.5678	9.5678	1096	yfinance_1m
2026-09-24T10:23:00-04:00	9.57	9.61	9.57	9.61	2051	yfinance_1m
2026-09-24T10:24:00-04:00	9.61	9.61	9.61	9.61	1403	yfinance_1m
2026-09-24T10:25:00-04:00	9.57	9.59	9.5443	9.59	2534	yfinance_1m
2026-09-24T10:26:00-04:00	9.59	9.59	9.565	9.565	1131	yfinance_1m
2026-09-24T10:27:00-04:00	9.555	9.6	9.555	9.6	4005	yfinance_1m
2026-09-24T10:28:00-04:00	9.61	9.63	9.61	9.61	1232	yfinance_1m
2026-09-24T10:29:00-04:00	9.61	9.65	9.61	9.65	2133	yfinance_1m
2026-09-24T10:30:00-04:00	9.61	9.61	9.59	9.61	2475	yfinance_1m
2026-09-24T10:31:00-04:00	9.59	9.6	9.59	9.6	2271	yfinance_1m
2026-09-24T10:32:00-04:00	9.62	9.62	9.5949	9.61	2140	yfinance_1m
2026-09-24T10:33:00-04:00	9.62	9.64	9.62	9.64	1386	yfinance_1m
2026-09-24T10:34:00-04:00	9.64	9.64	9.64	9.64	935	yfinance_1m
2026-09-24T10:35:00-04:00	9.625	9.625	9.56	9.5799	4103	yfinance_1m
2026-09-24T10:36:00-04:00	9.55	9.56	9.55	9.56	3150	yfinance_1m
2026-09-24T10:37:00-04:00	9.58	9.6	9.57	9.57	2279	yfinance_1m
2026-09-24T10:38:00-04:00	9.56	9.57	9.56	9.56	1462	yfinance_1m
2026-09-24T10:39:00-04:00	9.52	9.52	9.52	9.52	1427	yfinance_1m
2026-09-24T10:40:00-04:00	9.51	9.515	9.51	9.515	1399	yfinance_1m
2026-09-24T10:41:00-04:00	9.51	9.51	9.49	9.49	1390	yfinance_1m
2026-09-24T10:42:00-04:00	9.48	9.51	9.48	9.51	4597	yfinance_1m
2026-09-24T10:43:00-04:00	9.52	9.53	9.49	9.53	1077	yfinance_1m
2026-09-24T10:44:00-04:00	9.53	9.53	9.53	9.53	1324	yfinance_1m
2026-09-24T10:45:00-04:00	9.535	9.535	9.51	9.525	2886	yfinance_1m
2026-09-24T10:46:00-04:00	9.55	9.59	9.55	9.58	1819	yfinance_1m
2026-09-24T10:47:00-04:00	9.585	9.59	9.565	9.59	2232	yfinance_1m
2026-09-24T10:48:00-04:00	9.59	9.6	9.571	9.6	4349	yfinance_1m
2026-09-24T10:49:00-04:00	9.6	9.6	9.585	9.6	925	yfinance_1m
2026-09-24T10:50:00-04:00	9.61	9.62	9.595	9.61	2198	yfinance_1m
2026-09-24T10:51:00-04:00	9.62	9.62	9.585	9.59	502	yfinance_1m
2026-09-24T10:52:00-04:00	9.6	9.6	9.59	9.59	1187	yfinance_1m
2026-09-24T10:53:00-04:00	9.57	9.62	9.56	9.6	5225	yfinance_1m
2026-09-24T10:55:00-04:00	9.56	9.58	9.55	9.58	1318	yfinance_1m
2026-09-24T10:56:00-04:00	9.551	9.58	9.55	9.565	1646	yfinance_1m
2026-09-24T10:57:00-04:00	9.58	9.58	9.565	9.565	575	yfinance_1m
2026-09-24T10:58:00-04:00	9.58	9.58	9.54	9.54	1587	yfinance_1m
2026-09-24T10:59:00-04:00	9.53	9.54	9.52	9.54	2357	yfinance_1m
2026-09-24T11:00:00-04:00	9.5316	9.55	9.5316	9.55	4283	yfinance_1m
2026-09-24T11:01:00-04:00	9.535	9.56	9.535	9.5501	2360	yfinance_1m
2026-09-24T11:02:00-04:00	9.56	9.57	9.56	9.57	691	yfinance_1m
2026-09-24T11:03:00-04:00	9.57	9.57	9.55	9.55	2329	yfinance_1m
2026-09-24T11:04:00-04:00	9.56	9.56	9.56	9.56	772	yfinance_1m
2026-09-24T11:05:00-04:00	9.54	9.6	9.54	9.6	6795	yfinance_1m
2026-09-24T11:06:00-04:00	9.62	9.62	9.61	9.61	952	yfinance_1m
2026-09-24T11:07:00-04:00	9.6	9.62	9.6	9.62	1466	yfinance_1m
2026-09-24T11:08:00-04:00	9.62	9.62	9.61	9.615	4051	yfinance_1m
2026-09-24T11:09:00-04:00	9.6096	9.6096	9.59	9.59	2089	yfinance_1m
2026-09-24T11:10:00-04:00	9.6	9.6	9.58	9.58	6845	yfinance_1m
2026-09-24T11:11:00-04:00	9.58	9.59	9.58	9.58	1985	yfinance_1m
2026-09-24T11:12:00-04:00	9.58	9.59	9.55	9.55	3777	yfinance_1m
2026-09-24T11:13:00-04:00	9.55	9.56	9.55	9.56	2942	yfinance_1m
2026-09-24T11:14:00-04:00	9.57	9.57	9.56	9.56	764	yfinance_1m
2026-09-24T11:15:00-04:00	9.56	9.57	9.56	9.56	907	yfinance_1m
2026-09-24T11:16:00-04:00	9.57	9.605	9.57	9.585	3457	yfinance_1m
2026-09-24T11:17:00-04:00	9.58	9.6	9.58	9.58	5709	yfinance_1m
2026-09-24T11:18:00-04:00	9.595	9.595	9.55	9.55	3614	yfinance_1m
2026-09-24T11:19:00-04:00	9.55	9.55	9.55	9.55	474	yfinance_1m
2026-09-24T11:20:00-04:00	9.54	9.54	9.515	9.515	3649	yfinance_1m
2026-09-24T11:21:00-04:00	9.52	9.53	9.515	9.53	4748	yfinance_1m
2026-09-24T11:22:00-04:00	9.515	9.53	9.5	9.5	483	yfinance_1m
2026-09-24T11:23:00-04:00	9.53	9.53	9.5	9.52	1671	yfinance_1m
2026-09-24T11:24:00-04:00	9.53	9.54	9.53	9.54	1981	yfinance_1m
2026-09-24T11:25:00-04:00	9.54	9.54	9.49	9.5	2888	yfinance_1m
2026-09-24T11:26:00-04:00	9.52	9.55	9.52	9.53	3309	yfinance_1m
2026-09-24T11:27:00-04:00	9.5	9.535	9.48	9.48	1907	yfinance_1m
2026-09-24T11:28:00-04:00	9.51	9.51	9.481	9.481	989	yfinance_1m
2026-09-24T11:29:00-04:00	9.48	9.49	9.47	9.49	866	yfinance_1m
2026-09-24T11:30:00-04:00	9.46	9.5	9.46	9.5	3541	yfinance_1m
2026-09-24T11:31:00-04:00	9.5	9.51	9.48	9.505	2083	yfinance_1m
2026-09-24T11:32:00-04:00	9.5	9.5	9.5	9.5	547	yfinance_1m
2026-09-24T11:33:00-04:00	9.52	9.52	9.51	9.515	1674	yfinance_1m
2026-09-24T11:34:00-04:00	9.515	9.55	9.515	9.55	1898	yfinance_1m
2026-09-24T11:35:00-04:00	9.56	9.56	9.52	9.52	839	yfinance_1m
2026-09-24T11:36:00-04:00	9.55	9.55	9.52	9.55	6499	yfinance_1m
2026-09-24T11:37:00-04:00	9.55	9.56	9.53	9.56	2105	yfinance_1m
2026-09-24T11:38:00-04:00	9.56	9.56	9.55	9.56	2095	yfinance_1m
2026-09-24T11:39:00-04:00	9.57	9.57	9.55	9.55	2508	yfinance_1m
2026-09-24T11:40:00-04:00	9.56	9.57	9.55	9.57	2301	yfinance_1m
2026-09-24T11:41:00-04:00	9.59	9.59	9.58	9.59	2028	yfinance_1m
2026-09-24T11:42:00-04:00	9.6	9.6	9.575	9.575	1345	yfinance_1m
2026-09-24T11:43:00-04:00	9.575	9.63	9.575	9.6	2710	yfinance_1m
2026-09-24T11:44:00-04:00	9.62	9.62	9.62	9.62	1120	yfinance_1m
2026-09-24T11:45:00-04:00	9.64	9.65	9.625	9.6281	2177	yfinance_1m
2026-09-24T11:46:00-04:00	9.64	9.64	9.61	9.61	1104	yfinance_1m
2026-09-24T11:47:00-04:00	9.631	9.631	9.6	9.61	2527	yfinance_1m
2026-09-24T11:48:00-04:00	9.63	9.63	9.6	9.61	4619	yfinance_1m
2026-09-24T11:49:00-04:00	9.6	9.62	9.6	9.61	1185	yfinance_1m
2026-09-24T11:50:00-04:00	9.59	9.615	9.59	9.61	1328	yfinance_1m
2026-09-24T11:51:00-04:00	9.59	9.61	9.59	9.61	1007	yfinance_1m
2026-09-24T11:52:00-04:00	9.59	9.63	9.59	9.62	3397	yfinance_1m
2026-09-24T11:53:00-04:00	9.61	9.61	9.6	9.605	1987	yfinance_1m
2026-09-24T11:54:00-04:00	9.605	9.605	9.6	9.605	1353	yfinance_1m
2026-09-24T11:55:00-04:00	9.605	9.605	9.58	9.58	4643	yfinance_1m
2026-09-24T11:56:00-04:00	9.57	9.595	9.56	9.595	9699	yfinance_1m
2026-09-24T11:57:00-04:00	9.595	9.595	9.59	9.59	1959	yfinance_1m
2026-09-24T11:58:00-04:00	9.58	9.58	9.56	9.565	1898	yfinance_1m
2026-09-24T11:59:00-04:00	9.55	9.565	9.55	9.55	2868	yfinance_1m
2026-09-24T12:00:00-04:00	9.575	9.58	9.51	9.51	2571	yfinance_1m
2026-09-24T12:01:00-04:00	9.52	9.53	9.52	9.53	1819	yfinance_1m
2026-09-24T12:02:00-04:00	9.51	9.51	9.48	9.5	2454	yfinance_1m
2026-09-24T12:03:00-04:00	9.48	9.485	9.47	9.47	1127	yfinance_1m
2026-09-24T12:04:00-04:00	9.48	9.49	9.47	9.485	2257	yfinance_1m
2026-09-24T12:05:00-04:00	9.485	9.485	9.46	9.48	8808	yfinance_1m
2026-09-24T12:06:00-04:00	9.46	9.47	9.39	9.41	15209	yfinance_1m
2026-09-24T12:07:00-04:00	9.4	9.4	9.365	9.37	5906	yfinance_1m
2026-09-24T12:08:00-04:00	9.38	9.38	9.38	9.38	263	yfinance_1m
2026-09-24T12:09:00-04:00	9.4	9.41	9.39	9.41	2907	yfinance_1m
2026-09-24T12:10:00-04:00	9.41	9.43	9.41	9.43	2321	yfinance_1m
2026-09-24T12:11:00-04:00	9.45	9.45	9.44	9.44	1052	yfinance_1m
2026-09-24T12:12:00-04:00	9.41	9.45	9.41	9.43	814	yfinance_1m
2026-09-24T12:13:00-04:00	9.45	9.49	9.435	9.49	7700	yfinance_1m
2026-09-24T12:14:00-04:00	9.49	9.51	9.48	9.5	3410	yfinance_1m
2026-09-24T12:15:00-04:00	9.5	9.59	9.5	9.59	15435	yfinance_1m
2026-09-24T12:16:00-04:00	9.58	9.685	9.58	9.685	13057	yfinance_1m
2026-09-24T12:17:00-04:00	9.69	9.7	9.69	9.7	971	yfinance_1m
2026-09-24T12:18:00-04:00	9.72	9.74	9.71	9.71	3082	yfinance_1m
2026-09-24T12:19:00-04:00	9.7057	9.73	9.655	9.655	4196	yfinance_1m
2026-09-24T12:20:00-04:00	9.66	9.7	9.66	9.675	3290	yfinance_1m
2026-09-24T12:21:00-04:00	9.665	9.665	9.64	9.655	2205	yfinance_1m
2026-09-24T12:22:00-04:00	9.67	9.71	9.67	9.705	5240	yfinance_1m
2026-09-24T12:23:00-04:00	9.71	9.71	9.69	9.69	568	yfinance_1m
2026-09-24T12:24:00-04:00	9.71	9.74	9.681	9.74	11099	yfinance_1m
2026-09-24T12:25:00-04:00	9.71	9.71	9.67	9.67	2976	yfinance_1m
2026-09-24T12:26:00-04:00	9.67	9.705	9.665	9.705	4853	yfinance_1m
2026-09-24T12:27:00-04:00	9.67	9.71	9.67	9.71	2623	yfinance_1m
2026-09-24T12:28:00-04:00	9.72	9.74	9.72	9.73	3828	yfinance_1m
2026-09-24T12:29:00-04:00	9.735	9.77	9.73	9.77	3835	yfinance_1m
2026-09-24T12:30:00-04:00	9.77	9.77	9.74	9.75	2774	yfinance_1m
2026-09-24T12:31:00-04:00	9.75	9.75	9.71	9.71	2476	yfinance_1m
2026-09-24T12:32:00-04:00	9.715	9.73	9.715	9.73	3202	yfinance_1m
2026-09-24T12:33:00-04:00	9.725	9.74	9.72	9.72	1255	yfinance_1m
2026-09-24T12:34:00-04:00	9.71	9.71	9.71	9.71	2305	yfinance_1m
2026-09-24T12:35:00-04:00	9.69	9.72	9.69	9.72	1651	yfinance_1m
2026-09-24T12:36:00-04:00	9.72	9.74	9.72	9.74	4828	yfinance_1m
2026-09-24T12:37:00-04:00	9.74	9.74	9.71	9.7199	2735	yfinance_1m
2026-09-24T12:38:00-04:00	9.7	9.7	9.685	9.685	1713	yfinance_1m
2026-09-24T12:39:00-04:00	9.685	9.7	9.67	9.69	1980	yfinance_1m
2026-09-24T12:40:00-04:00	9.68	9.73	9.68	9.73	4657	yfinance_1m
2026-09-24T12:41:00-04:00	9.74	9.76	9.74	9.76	1847	yfinance_1m
2026-09-24T12:42:00-04:00	9.76	9.77	9.76	9.77	1567	yfinance_1m
2026-09-24T12:43:00-04:00	9.77	9.77	9.74	9.74	2320	yfinance_1m
2026-09-24T12:44:00-04:00	9.74	9.74	9.725	9.725	2859	yfinance_1m
2026-09-24T12:45:00-04:00	9.74	9.74	9.68	9.68	3630	yfinance_1m
2026-09-24T12:46:00-04:00	9.685	9.69	9.66	9.675	3701	yfinance_1m
2026-09-24T12:47:00-04:00	9.69	9.69	9.675	9.69	3248	yfinance_1m
2026-09-24T12:48:00-04:00	9.68	9.7	9.67	9.685	14376	yfinance_1m
2026-09-24T12:49:00-04:00	9.675	9.7	9.675	9.7	1181	yfinance_1m
2026-09-24T12:50:00-04:00	9.685	9.73	9.685	9.73	2886	yfinance_1m
2026-09-24T12:51:00-04:00	9.71	9.71	9.69	9.71	1105	yfinance_1m
2026-09-24T12:52:00-04:00	9.71	9.71	9.71	9.71	1560	yfinance_1m
2026-09-24T12:53:00-04:00	9.705	9.72	9.68	9.72	4459	yfinance_1m
2026-09-24T12:54:00-04:00	9.72	9.76	9.72	9.745	4041	yfinance_1m
2026-09-24T12:55:00-04:00	9.74	9.75	9.74	9.74	10712	yfinance_1m
2026-09-24T12:56:00-04:00	9.735	9.78	9.73	9.78	4308	yfinance_1m
2026-09-24T12:57:00-04:00	9.78	9.78	9.765	9.765	1440	yfinance_1m
2026-09-24T12:58:00-04:00	9.78	9.78	9.78	9.78	806	yfinance_1m
2026-09-24T12:59:00-04:00	9.765	9.78	9.76	9.76	2818	yfinance_1m
2026-09-24T13:00:00-04:00	9.75	9.76	9.73	9.76	3664	yfinance_1m
2026-09-24T13:01:00-04:00	9.77	9.77	9.735	9.765	15028	yfinance_1m
2026-09-24T13:02:00-04:00	9.77	9.785	9.76	9.785	3069	yfinance_1m
2026-09-24T13:03:00-04:00	9.8	9.83	9.8	9.81	2155	yfinance_1m
2026-09-24T13:04:00-04:00	9.8	9.82	9.79	9.795	6964	yfinance_1m
2026-09-24T13:05:00-04:00	9.8051	9.8051	9.77	9.78	2516	yfinance_1m
2026-09-24T13:06:00-04:00	9.785	9.79	9.775	9.78	4129	yfinance_1m
2026-09-24T13:07:00-04:00	9.79	9.79	9.77	9.77	3216	yfinance_1m
2026-09-24T13:08:00-04:00	9.775	9.79	9.75	9.79	2618	yfinance_1m
2026-09-24T13:09:00-04:00	9.8	9.8	9.79	9.79	987	yfinance_1m
2026-09-24T13:10:00-04:00	9.77	9.785	9.77	9.785	1629	yfinance_1m
2026-09-24T13:11:00-04:00	9.79	9.79	9.79	9.79	1243	yfinance_1m
2026-09-24T13:12:00-04:00	9.79	9.8	9.79	9.7965	2572	yfinance_1m
2026-09-24T13:13:00-04:00	9.785	9.8	9.785	9.8	2794	yfinance_1m
2026-09-24T13:14:00-04:00	9.81	9.84	9.81	9.84	2327	yfinance_1m
2026-09-24T13:15:00-04:00	9.84	9.84	9.8	9.8083	3194	yfinance_1m
2026-09-24T13:16:00-04:00	9.81	9.83	9.81	9.83	1667	yfinance_1m
2026-09-24T13:17:00-04:00	9.83	9.86	9.83	9.84	2730	yfinance_1m
2026-09-24T13:18:00-04:00	9.87	9.88	9.86	9.86	3105	yfinance_1m
2026-09-24T13:19:00-04:00	9.865	9.89	9.865	9.87	1980	yfinance_1m
2026-09-24T13:20:00-04:00	9.865	9.87	9.8412	9.8412	16985	yfinance_1m
2026-09-24T13:21:00-04:00	9.855	9.87	9.855	9.87	2498	yfinance_1m
2026-09-24T13:22:00-04:00	9.87	9.9	9.87	9.9	11580	yfinance_1m
2026-09-24T13:23:00-04:00	9.91	9.91	9.89	9.91	2484	yfinance_1m
2026-09-24T13:24:00-04:00	9.89	9.92	9.89	9.9	2389	yfinance_1m
2026-09-24T13:25:00-04:00	9.9	9.92	9.88	9.895	18667	yfinance_1m
2026-09-24T13:26:00-04:00	9.88	9.91	9.88	9.91	11238	yfinance_1m
2026-09-24T13:27:00-04:00	9.91	9.92	9.91	9.92	4504	yfinance_1m
2026-09-24T13:28:00-04:00	9.91	9.94	9.91	9.9377	3751	yfinance_1m
2026-09-24T13:29:00-04:00	9.94	9.94	9.9115	9.94	4415	yfinance_1m
2026-09-24T13:30:00-04:00	9.925	9.925	9.89	9.895	9311	yfinance_1m
2026-09-24T13:31:00-04:00	9.91	9.92	9.895	9.92	5500	yfinance_1m
2026-09-24T13:32:00-04:00	9.905	9.905	9.905	9.905	823	yfinance_1m
2026-09-24T13:33:00-04:00	9.905	9.905	9.87	9.874	3633	yfinance_1m
2026-09-24T13:34:00-04:00	9.86	9.86	9.82	9.83	32261	yfinance_1m
2026-09-24T13:35:00-04:00	9.79	9.8	9.79	9.8	429	yfinance_1m
2026-09-24T13:36:00-04:00	9.78	9.79	9.775	9.775	5629	yfinance_1m
2026-09-24T13:37:00-04:00	9.775	9.79	9.775	9.78	9468	yfinance_1m
2026-09-24T13:38:00-04:00	9.8	9.8	9.76	9.76	2989	yfinance_1m
2026-09-24T13:39:00-04:00	9.76	9.8	9.76	9.785	3815	yfinance_1m
2026-09-24T13:40:00-04:00	9.79	9.8	9.74	9.755	10390	yfinance_1m
2026-09-24T13:41:00-04:00	9.755	9.79	9.74	9.77	11579	yfinance_1m
2026-09-24T13:42:00-04:00	9.78	9.81	9.78	9.7813	5647	yfinance_1m
2026-09-24T13:43:00-04:00	9.79	9.81	9.77	9.78	3107	yfinance_1m
2026-09-24T13:44:00-04:00	9.79	9.81	9.78	9.79	2562	yfinance_1m
2026-09-24T13:45:00-04:00	9.8	9.8	9.78	9.78	1192	yfinance_1m
2026-09-24T13:46:00-04:00	9.79	9.79	9.785	9.79	1286	yfinance_1m
2026-09-24T13:47:00-04:00	9.8	9.805	9.8	9.805	2329	yfinance_1m
2026-09-24T13:48:00-04:00	9.81	9.81	9.8017	9.805	2591	yfinance_1m
2026-09-24T13:49:00-04:00	9.805	9.84	9.805	9.825	1472	yfinance_1m
2026-09-24T13:50:00-04:00	9.825	9.83	9.82	9.825	1911	yfinance_1m
2026-09-24T13:51:00-04:00	9.825	9.825	9.825	9.825	964	yfinance_1m
2026-09-24T13:52:00-04:00	9.825	9.825	9.825	9.825	580	yfinance_1m
2026-09-24T13:53:00-04:00	9.825	9.825	9.81	9.815	4043	yfinance_1m
2026-09-24T13:54:00-04:00	9.81	9.81	9.81	9.81	531	yfinance_1m
2026-09-24T13:55:00-04:00	9.81	9.81	9.79	9.79	2863	yfinance_1m
2026-09-24T13:56:00-04:00	9.8	9.81	9.8	9.81	2123	yfinance_1m
2026-09-24T13:57:00-04:00	9.795	9.81	9.78	9.78	1590	yfinance_1m
2026-09-24T13:58:00-04:00	9.81	9.81	9.78	9.8	9006	yfinance_1m
2026-09-24T13:59:00-04:00	9.785	9.81	9.785	9.8	1547	yfinance_1m
2026-09-24T14:00:00-04:00	9.81	9.84	9.79	9.79	9019	yfinance_1m
2026-09-24T14:01:00-04:00	9.78	9.78	9.75	9.75	2844	yfinance_1m
2026-09-24T14:02:00-04:00	9.75	9.76	9.75	9.76	1178	yfinance_1m
2026-09-24T14:03:00-04:00	9.745	9.77	9.745	9.755	3658	yfinance_1m
2026-09-24T14:04:00-04:00	9.7565	9.7565	9.73	9.73	3973	yfinance_1m
2026-09-24T14:05:00-04:00	9.72	9.72	9.72	9.72	2353	yfinance_1m
2026-09-24T14:06:00-04:00	9.7101	9.74	9.7101	9.73	5639	yfinance_1m
2026-09-24T14:07:00-04:00	9.725	9.725	9.725	9.725	4687	yfinance_1m
2026-09-24T14:08:00-04:00	9.73	9.74	9.725	9.735	3582	yfinance_1m
2026-09-24T14:09:00-04:00	9.735	9.75	9.735	9.75	2785	yfinance_1m
2026-09-24T14:10:00-04:00	9.76	9.76	9.74	9.74	1640	yfinance_1m
2026-09-24T14:11:00-04:00	9.74	9.76	9.74	9.76	2453	yfinance_1m
2026-09-24T14:12:00-04:00	9.755	9.755	9.75	9.75	1772	yfinance_1m
2026-09-24T14:13:00-04:00	9.75	9.75	9.72	9.73	2180	yfinance_1m
2026-09-24T14:14:00-04:00	9.73	9.75	9.73	9.73	1691	yfinance_1m
2026-09-24T14:15:00-04:00	9.725	9.74	9.725	9.74	1682	yfinance_1m
2026-09-24T14:16:00-04:00	9.75	9.77	9.75	9.7665	2333	yfinance_1m
2026-09-24T14:17:00-04:00	9.755	9.77	9.755	9.77	1089	yfinance_1m
2026-09-24T14:18:00-04:00	9.77	9.78	9.77	9.77	2787	yfinance_1m
2026-09-24T14:20:00-04:00	9.765	9.765	9.745	9.745	2288	yfinance_1m
2026-09-24T14:21:00-04:00	9.75	9.76	9.74	9.75	3164	yfinance_1m
2026-09-24T14:22:00-04:00	9.75	9.75	9.74	9.7489	2355	yfinance_1m
2026-09-24T14:23:00-04:00	9.74	9.745	9.74	9.74	2354	yfinance_1m
2026-09-24T14:24:00-04:00	9.74	9.75	9.74	9.75	1624	yfinance_1m
2026-09-24T14:25:00-04:00	9.745	9.795	9.745	9.78	3856	yfinance_1m
2026-09-24T14:26:00-04:00	9.785	9.8	9.785	9.785	1252	yfinance_1m
2026-09-24T14:27:00-04:00	9.77	9.77	9.77	9.77	589	yfinance_1m
2026-09-24T14:28:00-04:00	9.78	9.79	9.76	9.76	4545	yfinance_1m
2026-09-24T14:29:00-04:00	9.78	9.79	9.775	9.78	2964	yfinance_1m
2026-09-24T14:30:00-04:00	9.77	9.79	9.76	9.7602	1542	yfinance_1m
2026-09-24T14:31:00-04:00	9.77	9.77	9.765	9.765	2600	yfinance_1m
2026-09-24T14:32:00-04:00	9.77	9.79	9.72	9.79	32174	yfinance_1m
2026-09-24T14:33:00-04:00	9.8	9.82	9.74	9.75	85101	yfinance_1m
2026-09-24T14:34:00-04:00	9.75	9.76	9.72	9.7452	25061	yfinance_1m
2026-09-24T14:35:00-04:00	9.72	9.72	9.7	9.7	2024	yfinance_1m
2026-09-24T14:36:00-04:00	9.71	9.71	9.68	9.695	15555	yfinance_1m
2026-09-24T14:37:00-04:00	9.695	9.71	9.695	9.695	4744	yfinance_1m
2026-09-24T14:38:00-04:00	9.7	9.72	9.7	9.72	4016	yfinance_1m
2026-09-24T14:39:00-04:00	9.73	9.765	9.73	9.73	5956	yfinance_1m
2026-09-24T14:40:00-04:00	9.715	9.715	9.705	9.705	692	yfinance_1m
2026-09-24T14:41:00-04:00	9.705	9.71	9.695	9.695	1454	yfinance_1m
2026-09-24T14:42:00-04:00	9.695	9.71	9.695	9.695	2545	yfinance_1m
2026-09-24T14:43:00-04:00	9.71	9.71	9.66	9.66	5473	yfinance_1m
2026-09-24T14:44:00-04:00	9.66	9.67	9.65	9.67	2080	yfinance_1m
2026-09-24T14:45:00-04:00	9.67	9.67	9.66	9.67	3642	yfinance_1m
2026-09-24T14:46:00-04:00	9.67	9.68	9.67	9.68	1277	yfinance_1m
2026-09-24T14:47:00-04:00	9.68	9.68	9.67	9.67	1436	yfinance_1m
2026-09-24T14:48:00-04:00	9.67	9.68	9.67	9.68	2478	yfinance_1m
2026-09-24T14:49:00-04:00	9.67	9.71	9.66	9.71	4895	yfinance_1m
2026-09-24T14:50:00-04:00	9.71	9.75	9.71	9.73	4625	yfinance_1m
2026-09-24T14:51:00-04:00	9.73	9.73	9.71	9.71	2460	yfinance_1m
2026-09-24T14:52:00-04:00	9.72	9.73	9.72	9.73	2638	yfinance_1m
2026-09-24T14:53:00-04:00	9.72	9.73	9.72	9.73	1067	yfinance_1m
2026-09-24T14:54:00-04:00	9.72	9.73	9.7	9.71	3354	yfinance_1m
2026-09-24T14:55:00-04:00	9.7	9.71	9.7	9.705	2117	yfinance_1m
2026-09-24T14:56:00-04:00	9.705	9.72	9.705	9.72	3288	yfinance_1m
2026-09-24T14:57:00-04:00	9.715	9.725	9.71	9.72	4767	yfinance_1m
2026-09-24T14:58:00-04:00	9.72	9.72	9.72	9.72	1448	yfinance_1m
2026-09-24T14:59:00-04:00	9.72	9.72	9.71	9.71	6339	yfinance_1m
2026-09-24T15:00:00-04:00	9.72	9.75	9.72	9.74	4764	yfinance_1m
2026-09-24T15:01:00-04:00	9.74	9.74	9.73	9.73	2973	yfinance_1m
2026-09-24T15:02:00-04:00	9.73	9.74	9.71	9.71	3518	yfinance_1m
2026-09-24T15:03:00-04:00	9.715	9.72	9.71	9.72	3313	yfinance_1m
2026-09-24T15:04:00-04:00	9.72	9.73	9.715	9.715	3853	yfinance_1m
2026-09-24T15:05:00-04:00	9.73	9.735	9.73	9.73	1998	yfinance_1m
2026-09-24T15:06:00-04:00	9.73	9.75	9.725	9.725	2167	yfinance_1m
2026-09-24T15:07:00-04:00	9.725	9.74	9.72	9.74	2909	yfinance_1m
2026-09-24T15:08:00-04:00	9.73	9.75	9.73	9.73	5608	yfinance_1m
2026-09-24T15:09:00-04:00	9.73	9.73	9.73	9.73	1305	yfinance_1m
2026-09-24T15:10:00-04:00	9.73	9.75	9.73	9.74	3148	yfinance_1m
2026-09-24T15:11:00-04:00	9.74	9.75	9.73	9.73	2087	yfinance_1m
2026-09-24T15:12:00-04:00	9.74	9.74	9.73	9.74	1335	yfinance_1m
2026-09-24T15:13:00-04:00	9.73	9.745	9.73	9.745	2186	yfinance_1m
2026-09-24T15:14:00-04:00	9.73	9.74	9.73	9.74	1829	yfinance_1m
2026-09-24T15:15:00-04:00	9.73	9.74	9.72	9.72	1909	yfinance_1m
2026-09-24T15:16:00-04:00	9.72	9.72	9.71	9.72	3933	yfinance_1m
2026-09-24T15:17:00-04:00	9.71	9.725	9.71	9.725	3363	yfinance_1m
2026-09-24T15:18:00-04:00	9.73	9.74	9.73	9.74	3375	yfinance_1m
2026-09-24T15:19:00-04:00	9.745	9.755	9.74	9.755	6381	yfinance_1m
2026-09-24T15:20:00-04:00	9.76	9.76	9.75	9.75	5701	yfinance_1m
2026-09-24T15:21:00-04:00	9.75	9.76	9.745	9.76	3417	yfinance_1m
2026-09-24T15:22:00-04:00	9.75	9.77	9.75	9.77	5732	yfinance_1m
2026-09-24T15:23:00-04:00	9.77	9.77	9.76	9.76	1879	yfinance_1m
2026-09-24T15:24:00-04:00	9.77	9.77	9.7375	9.7375	11938	yfinance_1m
2026-09-24T15:25:00-04:00	9.735	9.745	9.73	9.74	6395	yfinance_1m
2026-09-24T15:26:00-04:00	9.7301	9.75	9.7301	9.74	3593	yfinance_1m
2026-09-24T15:27:00-04:00	9.74	9.765	9.74	9.75	7352	yfinance_1m
2026-09-24T15:28:00-04:00	9.74	9.745	9.73	9.73	2976	yfinance_1m
2026-09-24T15:29:00-04:00	9.73	9.74	9.72	9.72	7952	yfinance_1m
2026-09-24T15:30:00-04:00	9.72	9.774	9.72	9.774	9249	yfinance_1m
2026-09-24T15:31:00-04:00	9.75	9.77	9.75	9.77	5879	yfinance_1m
2026-09-24T15:32:00-04:00	9.76	9.77	9.76	9.77	2564	yfinance_1m
2026-09-24T15:33:00-04:00	9.7672	9.77	9.76	9.77	4427	yfinance_1m
2026-09-24T15:34:00-04:00	9.76	9.8	9.76	9.8	10357	yfinance_1m
2026-09-24T15:35:00-04:00	9.8	9.8	9.77	9.77	10577	yfinance_1m
2026-09-24T15:36:00-04:00	9.76	9.78	9.76	9.78	5670	yfinance_1m
2026-09-24T15:37:00-04:00	9.78	9.78	9.77	9.77	4061	yfinance_1m
2026-09-24T15:38:00-04:00	9.775	9.785	9.77	9.78	10404	yfinance_1m
2026-09-24T15:39:00-04:00	9.79	9.8	9.79	9.8	6148	yfinance_1m
2026-09-24T15:40:00-04:00	9.81	9.83	9.81	9.825	8530	yfinance_1m
2026-09-24T15:41:00-04:00	9.83	9.83	9.79	9.82	27278	yfinance_1m
2026-09-24T15:42:00-04:00	9.82	9.83	9.82	9.83	3960	yfinance_1m
2026-09-24T15:43:00-04:00	9.83	9.83	9.82	9.82	2968	yfinance_1m
2026-09-24T15:44:00-04:00	9.825	9.83	9.805	9.82	8038	yfinance_1m
2026-09-24T15:45:00-04:00	9.82	9.82	9.8	9.805	7555	yfinance_1m
2026-09-24T15:46:00-04:00	9.805	9.805	9.79	9.795	8826	yfinance_1m
2026-09-24T15:47:00-04:00	9.795	9.795	9.79	9.79	2903	yfinance_1m
2026-09-24T15:48:00-04:00	9.8	9.82	9.7825	9.785	17107	yfinance_1m
2026-09-24T15:49:00-04:00	9.785	9.83	9.785	9.83	10704	yfinance_1m
2026-09-24T15:50:00-04:00	9.82	9.84	9.8	9.82	16764	yfinance_1m
2026-09-24T15:51:00-04:00	9.82	9.85	9.82	9.845	13146	yfinance_1m
2026-09-24T15:52:00-04:00	9.85	9.87	9.84	9.87	34692	yfinance_1m
2026-09-24T15:53:00-04:00	9.87	9.88	9.87	9.87	11617	yfinance_1m
2026-09-24T15:54:00-04:00	9.87	9.9	9.87	9.88	20113	yfinance_1m
2026-09-24T15:55:00-04:00	9.89	9.91	9.87	9.87	29640	yfinance_1m
2026-09-24T15:56:00-04:00	9.88	9.88	9.8475	9.87	31562	yfinance_1m
2026-09-24T15:57:00-04:00	9.87	9.87	9.845	9.845	49044	yfinance_1m
2026-09-24T15:58:00-04:00	9.845	9.8575	9.83	9.835	65418	yfinance_1m
2026-09-24T15:59:00-04:00	9.835	9.835	9.795	9.82	80766	yfinance_1m
2026-09-25T09:30:00-04:00	9.85	10.04	9.84	10.014	59815	yfinance_1m
2026-09-25T09:31:00-04:00	10.0372	10.0399	9.975	9.975	15822	yfinance_1m
2026-09-25T09:32:00-04:00	9.975	9.975	9.9	9.93	2636	yfinance_1m
2026-09-25T09:33:00-04:00	9.93	9.97	9.93	9.95	2919	yfinance_1m
2026-09-25T09:34:00-04:00	9.949	9.949	9.89	9.93	4170	yfinance_1m
2026-09-25T09:35:00-04:00	9.943	9.96	9.924	9.96	1989	yfinance_1m
2026-09-25T09:36:00-04:00	9.93	9.93	9.914	9.915	2045	yfinance_1m
2026-09-25T09:37:00-04:00	9.9383	9.9383	9.915	9.915	1407	yfinance_1m
2026-09-25T09:38:00-04:00	9.925	9.97	9.925	9.97	5200	yfinance_1m
2026-09-25T09:39:00-04:00	9.95	9.95	9.92	9.94	879	yfinance_1m
2026-09-25T09:40:00-04:00	9.98	9.98	9.9501	9.96	3566	yfinance_1m
2026-09-25T09:41:00-04:00	9.965	9.99	9.9541	9.98	5260	yfinance_1m
2026-09-25T09:42:00-04:00	9.98	10.03	9.98	10.03	9527	yfinance_1m
2026-09-25T09:43:00-04:00	10.005	10.005	9.91	9.91	8407	yfinance_1m
2026-09-25T09:44:00-04:00	9.92	9.92	9.86	9.86	9862	yfinance_1m
2026-09-25T09:45:00-04:00	9.82	9.835	9.81	9.835	1571	yfinance_1m
2026-09-25T09:46:00-04:00	9.83	9.8648	9.83	9.8648	2900	yfinance_1m
2026-09-25T09:47:00-04:00	9.86	9.88	9.86	9.875	4973	yfinance_1m
2026-09-25T09:48:00-04:00	9.89	9.9	9.87	9.88	3124	yfinance_1m
2026-09-25T09:49:00-04:00	9.9	9.9459	9.9	9.9459	4241	yfinance_1m
2026-09-25T09:50:00-04:00	9.91	9.91	9.86	9.9	3877	yfinance_1m
2026-09-25T09:51:00-04:00	9.92	9.92	9.92	9.92	866	yfinance_1m
2026-09-25T09:52:00-04:00	9.91	9.91	9.895	9.9056	1252	yfinance_1m
2026-09-25T09:53:00-04:00	9.89	9.92	9.89	9.92	1711	yfinance_1m
2026-09-25T09:54:00-04:00	9.94	9.97	9.94	9.96	6106	yfinance_1m
2026-09-25T09:55:00-04:00	9.94	9.94	9.8612	9.8612	2422	yfinance_1m
2026-09-25T09:56:00-04:00	9.85	9.86	9.85	9.86	1205	yfinance_1m
2026-09-25T09:57:00-04:00	9.86	9.865	9.86	9.865	1362	yfinance_1m
2026-09-25T09:58:00-04:00	9.865	9.865	9.78	9.795	27357	yfinance_1m
2026-09-25T09:59:00-04:00	9.8	9.8	9.76	9.795	5433	yfinance_1m
2026-09-25T10:00:00-04:00	9.79	9.7956	9.75	9.78	7271	yfinance_1m
2026-09-25T10:01:00-04:00	9.7615	9.7615	9.75	9.75	7811	yfinance_1m
2026-09-25T10:02:00-04:00	9.745	9.79	9.715	9.78	8183	yfinance_1m
2026-09-25T10:03:00-04:00	9.78	9.78	9.7001	9.7001	2332	yfinance_1m
2026-09-25T10:04:00-04:00	9.7	9.7084	9.67	9.7084	2520	yfinance_1m
2026-09-25T10:05:00-04:00	9.68	9.68	9.66	9.66	1102	yfinance_1m
2026-09-25T10:06:00-04:00	9.66	9.7	9.655	9.68	3156	yfinance_1m
2026-09-25T10:07:00-04:00	9.68	9.72	9.68	9.68	3736	yfinance_1m
2026-09-25T10:08:00-04:00	9.68	9.72	9.675	9.72	1689	yfinance_1m
2026-09-25T10:09:00-04:00	9.725	9.74	9.725	9.74	561	yfinance_1m
2026-09-25T10:10:00-04:00	9.74	9.76	9.735	9.735	2542	yfinance_1m
2026-09-25T10:11:00-04:00	9.735	9.735	9.7	9.71	2830	yfinance_1m
2026-09-25T10:12:00-04:00	9.7	9.7	9.68	9.685	3493	yfinance_1m
2026-09-25T10:13:00-04:00	9.68	9.69	9.67	9.67	2391	yfinance_1m
2026-09-25T10:14:00-04:00	9.66	9.66	9.5614	9.59	12332	yfinance_1m
2026-09-25T10:15:00-04:00	9.58	9.61	9.58	9.59	1563	yfinance_1m
2026-09-25T10:16:00-04:00	9.59	9.6	9.55	9.55	6064	yfinance_1m
2026-09-25T10:17:00-04:00	9.55	9.57	9.55	9.57	1663	yfinance_1m
2026-09-25T10:18:00-04:00	9.58	9.615	9.58	9.615	2432	yfinance_1m
2026-09-25T10:19:00-04:00	9.6	9.6	9.6	9.6	744	yfinance_1m
2026-09-25T10:20:00-04:00	9.6	9.63	9.6	9.62	7936	yfinance_1m
2026-09-25T10:21:00-04:00	9.6	9.6	9.565	9.565	755	yfinance_1m
2026-09-25T10:22:00-04:00	9.54	9.57	9.54	9.57	13160	yfinance_1m
2026-09-25T10:23:00-04:00	9.555	9.58	9.555	9.58	1530	yfinance_1m
2026-09-25T10:24:00-04:00	9.6	9.6	9.5992	9.5992	1718	yfinance_1m
2026-09-25T10:25:00-04:00	9.5932	9.6	9.58	9.6	2807	yfinance_1m
2026-09-25T10:26:00-04:00	9.57	9.585	9.57	9.58	2215	yfinance_1m
2026-09-25T10:27:00-04:00	9.56	9.56	9.56	9.56	390	yfinance_1m
2026-09-25T10:28:00-04:00	9.55	9.5623	9.545	9.5623	2231	yfinance_1m
2026-09-25T10:29:00-04:00	9.56	9.56	9.55	9.56	1654	yfinance_1m
2026-09-25T10:30:00-04:00	9.54	9.5499	9.525	9.53	11880	yfinance_1m
2026-09-25T10:31:00-04:00	9.535	9.54	9.535	9.535	1953	yfinance_1m
2026-09-25T10:32:00-04:00	9.535	9.535	9.45	9.46	26593	yfinance_1m
2026-09-25T10:33:00-04:00	9.4513	9.52	9.4513	9.52	2968	yfinance_1m
2026-09-25T10:34:00-04:00	9.53	9.53	9.525	9.525	1237	yfinance_1m
2026-09-25T10:35:00-04:00	9.52	9.53	9.52	9.53	348	yfinance_1m
2026-09-25T10:36:00-04:00	9.53	9.545	9.525	9.525	5127	yfinance_1m
2026-09-25T10:37:00-04:00	9.52	9.54	9.52	9.54	1127	yfinance_1m
2026-09-25T10:38:00-04:00	9.54	9.545	9.54	9.54	1319	yfinance_1m
2026-09-25T10:39:00-04:00	9.535	9.55	9.535	9.55	840	yfinance_1m
2026-09-25T10:40:00-04:00	9.54	9.54	9.54	9.54	877	yfinance_1m
2026-09-25T10:41:00-04:00	9.54	9.54	9.54	9.54	869	yfinance_1m
2026-09-25T10:42:00-04:00	9.51	9.53	9.51	9.52	1587	yfinance_1m
2026-09-25T10:43:00-04:00	9.52	9.52	9.5	9.51	2838	yfinance_1m
2026-09-25T10:44:00-04:00	9.5165	9.5165	9.502	9.51	4541	yfinance_1m
2026-09-25T10:45:00-04:00	9.51	9.52	9.5006	9.52	3146	yfinance_1m
2026-09-25T10:46:00-04:00	9.5105	9.53	9.4933	9.529	6928	yfinance_1m
2026-09-25T10:47:00-04:00	9.53	9.545	9.53	9.54	1081	yfinance_1m
2026-09-25T10:48:00-04:00	9.54	9.55	9.52	9.52	2217	yfinance_1m
2026-09-25T10:49:00-04:00	9.505	9.52	9.505	9.51	1058	yfinance_1m
2026-09-25T10:50:00-04:00	9.509	9.51	9.49	9.49	2233	yfinance_1m
2026-09-25T10:51:00-04:00	9.49	9.5	9.46	9.48	5949	yfinance_1m
2026-09-25T10:52:00-04:00	9.47	9.47	9.43	9.44	7374	yfinance_1m
2026-09-25T10:53:00-04:00	9.43	9.43	9.4222	9.43	1818	yfinance_1m
2026-09-25T10:54:00-04:00	9.42	9.43	9.415	9.4298	3264	yfinance_1m
2026-09-25T10:55:00-04:00	9.43	9.47	9.43	9.47	2311	yfinance_1m
2026-09-25T10:56:00-04:00	9.465	9.48	9.465	9.48	1555	yfinance_1m
2026-09-25T10:57:00-04:00	9.48	9.5	9.48	9.5	1060	yfinance_1m
2026-09-25T10:58:00-04:00	9.485	9.5	9.485	9.5	997	yfinance_1m
2026-09-25T10:59:00-04:00	9.49	9.5	9.48	9.5	1444	yfinance_1m
2026-09-25T11:00:00-04:00	9.5	9.5	9.485	9.5	1558	yfinance_1m
2026-09-25T11:01:00-04:00	9.485	9.5	9.485	9.5	2369	yfinance_1m
2026-09-25T11:02:00-04:00	9.5	9.51	9.49	9.49	1470	yfinance_1m
2026-09-25T11:03:00-04:00	9.485	9.5	9.485	9.5	1595	yfinance_1m
2026-09-25T11:04:00-04:00	9.5	9.5	9.45	9.45	3467	yfinance_1m
2026-09-25T11:05:00-04:00	9.45	9.47	9.45	9.45	3201	yfinance_1m
2026-09-25T11:06:00-04:00	9.445	9.46	9.4301	9.45	5921	yfinance_1m
2026-09-25T11:07:00-04:00	9.459	9.47	9.455	9.47	1960	yfinance_1m
2026-09-25T11:08:00-04:00	9.46	9.46	9.445	9.445	2365	yfinance_1m
2026-09-25T11:09:00-04:00	9.44	9.44	9.43	9.43	7419	yfinance_1m
2026-09-25T11:10:00-04:00	9.43	9.44	9.42	9.42	4173	yfinance_1m
2026-09-25T11:11:00-04:00	9.43	9.44	9.43	9.4387	3459	yfinance_1m
2026-09-25T11:12:00-04:00	9.44	9.44	9.429	9.44	3698	yfinance_1m
2026-09-25T11:13:00-04:00	9.45	9.49	9.45	9.49	3325	yfinance_1m
2026-09-25T11:14:00-04:00	9.479	9.48	9.4701	9.4791	5224	yfinance_1m
2026-09-25T11:15:00-04:00	9.48	9.48	9.45	9.45	2530	yfinance_1m
2026-09-25T11:16:00-04:00	9.46	9.49	9.46	9.46	3399	yfinance_1m
2026-09-25T11:17:00-04:00	9.49	9.49	9.45	9.45	1719	yfinance_1m
2026-09-25T11:18:00-04:00	9.445	9.45	9.42	9.42	5343	yfinance_1m
2026-09-25T11:19:00-04:00	9.4213	9.425	9.415	9.415	1293	yfinance_1m
2026-09-25T11:20:00-04:00	9.405	9.41	9.4	9.41	2492	yfinance_1m
2026-09-25T11:21:00-04:00	9.41	9.47	9.3875	9.429	11125	yfinance_1m
2026-09-25T11:22:00-04:00	9.43	9.45	9.43	9.45	2025	yfinance_1m
2026-09-25T11:23:00-04:00	9.45	9.47	9.45	9.47	2241	yfinance_1m
2026-09-25T11:25:00-04:00	9.45	9.47	9.45	9.46	5685	yfinance_1m
2026-09-25T11:26:00-04:00	9.45	9.455	9.45	9.455	10556	yfinance_1m
2026-09-25T11:27:00-04:00	9.47	9.47	9.46	9.46	809	yfinance_1m
2026-09-25T11:28:00-04:00	9.45	9.46	9.449	9.46	2025	yfinance_1m
2026-09-25T11:29:00-04:00	9.46	9.46	9.45	9.45	1182	yfinance_1m
2026-09-25T11:30:00-04:00	9.46	9.5	9.45	9.46	7643	yfinance_1m
2026-09-25T11:31:00-04:00	9.46	9.46	9.44	9.445	2335	yfinance_1m
2026-09-25T11:32:00-04:00	9.47	9.4899	9.47	9.47	2710	yfinance_1m
2026-09-25T11:33:00-04:00	9.475	9.49	9.475	9.49	1246	yfinance_1m
2026-09-25T11:34:00-04:00	9.5	9.5	9.48	9.485	1203	yfinance_1m
2026-09-25T11:35:00-04:00	9.5	9.52	9.48	9.49	5149	yfinance_1m
2026-09-25T11:36:00-04:00	9.4899	9.49	9.48	9.49	2426	yfinance_1m
2026-09-25T11:37:00-04:00	9.485	9.485	9.4743	9.4743	998	yfinance_1m
2026-09-25T11:38:00-04:00	9.485	9.5	9.48	9.48	1543	yfinance_1m
2026-09-25T11:39:00-04:00	9.47	9.47	9.445	9.45	4119	yfinance_1m
2026-09-25T11:40:00-04:00	9.46	9.46	9.44	9.45	2181	yfinance_1m
2026-09-25T11:41:00-04:00	9.45	9.45	9.42	9.422	6053	yfinance_1m
2026-09-25T11:42:00-04:00	9.42	9.42	9.4	9.42	3534	yfinance_1m
2026-09-25T11:43:00-04:00	9.415	9.43	9.41	9.43	2073	yfinance_1m
2026-09-25T11:44:00-04:00	9.42	9.42	9.41	9.41	964	yfinance_1m
2026-09-25T11:45:00-04:00	9.41	9.415	9.4005	9.41	7782	yfinance_1m
2026-09-25T11:46:00-04:00	9.41	9.42	9.41	9.42	1484	yfinance_1m
2026-09-25T11:47:00-04:00	9.42	9.45	9.42	9.45	2538	yfinance_1m
2026-09-25T11:48:00-04:00	9.4439	9.445	9.43	9.43	1833	yfinance_1m
2026-09-25T11:49:00-04:00	9.42	9.44	9.42	9.43	1803	yfinance_1m
2026-09-25T11:50:00-04:00	9.44	9.45	9.4212	9.44	1857	yfinance_1m
2026-09-25T11:51:00-04:00	9.435	9.435	9.39	9.39	3456	yfinance_1m
2026-09-25T11:52:00-04:00	9.37	9.3997	9.37	9.385	4937	yfinance_1m
2026-09-25T11:53:00-04:00	9.4	9.4	9.37	9.385	1793	yfinance_1m
2026-09-25T11:54:00-04:00	9.39	9.44	9.39	9.42	3624	yfinance_1m
2026-09-25T11:55:00-04:00	9.43	9.44	9.43	9.44	1302	yfinance_1m
2026-09-25T11:56:00-04:00	9.43	9.46	9.43	9.46	1720	yfinance_1m
2026-09-25T11:57:00-04:00	9.46	9.47	9.45	9.47	1168	yfinance_1m
2026-09-25T11:58:00-04:00	9.47	9.505	9.47	9.505	1413	yfinance_1m
2026-09-25T11:59:00-04:00	9.5	9.5268	9.5	9.5268	2032	yfinance_1m
2026-09-25T12:00:00-04:00	9.505	9.5498	9.505	9.545	1623	yfinance_1m
2026-09-25T12:01:00-04:00	9.55	9.55	9.52	9.52	5078	yfinance_1m
2026-09-25T12:02:00-04:00	9.53	9.56	9.53	9.56	1764	yfinance_1m
2026-09-25T12:03:00-04:00	9.56	9.57	9.51	9.51	6788	yfinance_1m
2026-09-25T12:04:00-04:00	9.52	9.52	9.49	9.495	18653	yfinance_1m
2026-09-25T12:05:00-04:00	9.51	9.51	9.494	9.51	3903	yfinance_1m
2026-09-25T12:06:00-04:00	9.5	9.51	9.49	9.51	3395	yfinance_1m
2026-09-25T12:07:00-04:00	9.52	9.525	9.51	9.515	12611	yfinance_1m
2026-09-25T12:08:00-04:00	9.53	9.54	9.51	9.51	949	yfinance_1m
2026-09-25T12:09:00-04:00	9.54	9.55	9.525	9.54	2640	yfinance_1m
2026-09-25T12:10:00-04:00	9.55	9.58	9.535	9.535	15309	yfinance_1m
2026-09-25T12:11:00-04:00	9.535	9.54	9.525	9.54	1327	yfinance_1m
2026-09-25T12:12:00-04:00	9.525	9.53	9.51	9.51	1804	yfinance_1m
2026-09-25T12:13:00-04:00	9.5	9.53	9.49	9.52	15036	yfinance_1m
2026-09-25T12:14:00-04:00	9.52	9.52	9.5	9.52	4314	yfinance_1m
2026-09-25T12:15:00-04:00	9.52	9.605	9.52	9.605	7816	yfinance_1m
2026-09-25T12:16:00-04:00	9.605	9.63	9.605	9.62	4312	yfinance_1m
2026-09-25T12:17:00-04:00	9.625	9.63	9.61	9.62	1284	yfinance_1m
2026-09-25T12:18:00-04:00	9.6	9.62	9.6	9.6	1543	yfinance_1m
2026-09-25T12:19:00-04:00	9.61	9.61	9.6	9.605	3666	yfinance_1m
2026-09-25T12:20:00-04:00	9.605	9.605	9.59	9.59	1685	yfinance_1m
2026-09-25T12:21:00-04:00	9.58	9.58	9.55	9.565	4642	yfinance_1m
2026-09-25T12:22:00-04:00	9.55	9.55	9.5209	9.535	1944	yfinance_1m
2026-09-25T12:23:00-04:00	9.535	9.56	9.535	9.535	3893	yfinance_1m
2026-09-25T12:24:00-04:00	9.55	9.56	9.545	9.55	3045	yfinance_1m
2026-09-25T12:25:00-04:00	9.56	9.6	9.56	9.59	2079	yfinance_1m
2026-09-25T12:26:00-04:00	9.585	9.6	9.58	9.58	3337	yfinance_1m
2026-09-25T12:27:00-04:00	9.58	9.58	9.57	9.57	1277	yfinance_1m
2026-09-25T12:28:00-04:00	9.56	9.56	9.53	9.53	2297	yfinance_1m
2026-09-25T12:29:00-04:00	9.53	9.55	9.53	9.535	767	yfinance_1m
2026-09-25T12:30:00-04:00	9.52	9.535	9.52	9.535	770	yfinance_1m
2026-09-25T12:31:00-04:00	9.55	9.55	9.52	9.52	860	yfinance_1m
2026-09-25T12:32:00-04:00	9.55	9.55	9.535	9.55	1648	yfinance_1m
2026-09-25T12:33:00-04:00	9.535	9.535	9.52	9.53	1890	yfinance_1m
2026-09-25T12:34:00-04:00	9.52	9.52	9.45	9.45	7803	yfinance_1m
2026-09-25T12:35:00-04:00	9.46	9.49	9.46	9.485	1734	yfinance_1m
2026-09-25T12:36:00-04:00	9.48	9.49	9.475	9.475	1422	yfinance_1m
2026-09-25T12:37:00-04:00	9.49	9.52	9.49	9.505	3245	yfinance_1m
2026-09-25T12:38:00-04:00	9.5	9.5	9.48	9.49	1254	yfinance_1m
2026-09-25T12:39:00-04:00	9.49	9.51	9.49	9.51	916	yfinance_1m
2026-09-25T12:40:00-04:00	9.505	9.505	9.5	9.5	727	yfinance_1m
2026-09-25T12:41:00-04:00	9.49	9.5	9.48	9.5	1758	yfinance_1m
2026-09-25T12:42:00-04:00	9.51	9.52	9.505	9.505	1352	yfinance_1m
2026-09-25T12:43:00-04:00	9.5	9.51	9.5	9.5046	1247	yfinance_1m
2026-09-25T12:44:00-04:00	9.51	9.51	9.485	9.49	1610	yfinance_1m
2026-09-25T12:45:00-04:00	9.4998	9.5	9.49	9.49	3510	yfinance_1m
2026-09-25T12:46:00-04:00	9.49	9.52	9.485	9.52	4422	yfinance_1m
2026-09-25T12:47:00-04:00	9.53	9.54	9.53	9.54	847	yfinance_1m
2026-09-25T12:48:00-04:00	9.525	9.525	9.51	9.51	1912	yfinance_1m
2026-09-25T12:49:00-04:00	9.51	9.51	9.49	9.49	3611	yfinance_1m
2026-09-25T12:50:00-04:00	9.51	9.51	9.51	9.51	307	yfinance_1m
2026-09-25T12:51:00-04:00	9.5	9.51	9.49	9.5	1742	yfinance_1m
2026-09-25T12:52:00-04:00	9.4906	9.52	9.4906	9.52	3469	yfinance_1m
2026-09-25T12:53:00-04:00	9.52	9.545	9.52	9.545	3001	yfinance_1m
2026-09-25T12:54:00-04:00	9.545	9.56	9.545	9.56	1411	yfinance_1m
2026-09-25T12:55:00-04:00	9.56	9.565	9.55	9.55	1272	yfinance_1m
2026-09-25T12:56:00-04:00	9.56	9.56	9.55	9.55	1317	yfinance_1m
2026-09-25T12:57:00-04:00	9.54	9.55	9.535	9.54	3028	yfinance_1m
2026-09-25T12:58:00-04:00	9.55	9.55	9.55	9.55	493	yfinance_1m
2026-09-25T12:59:00-04:00	9.54	9.54	9.52	9.53	2558	yfinance_1m
2026-09-25T13:00:00-04:00	9.52	9.52	9.5	9.5	2233	yfinance_1m
2026-09-25T13:01:00-04:00	9.51	9.54	9.51	9.54	5063	yfinance_1m
2026-09-25T13:02:00-04:00	9.55	9.57	9.55	9.555	1894	yfinance_1m
2026-09-25T13:03:00-04:00	9.55	9.55	9.55	9.55	1236	yfinance_1m
2026-09-25T13:04:00-04:00	9.55	9.55	9.53	9.54	11023	yfinance_1m
2026-09-25T13:05:00-04:00	9.54	9.56	9.54	9.54	1949	yfinance_1m
2026-09-25T13:06:00-04:00	9.54	9.55	9.53	9.53	1744	yfinance_1m
2026-09-25T13:07:00-04:00	9.52	9.53	9.51	9.53	3786	yfinance_1m
2026-09-25T13:08:00-04:00	9.52	9.52	9.52	9.52	1028	yfinance_1m
2026-09-25T13:09:00-04:00	9.53	9.54	9.53	9.53	3824	yfinance_1m
2026-09-25T13:10:00-04:00	9.53	9.54	9.53	9.53	2060	yfinance_1m
2026-09-25T13:11:00-04:00	9.525	9.53	9.525	9.53	921	yfinance_1m
2026-09-25T13:12:00-04:00	9.525	9.53	9.52	9.53	1003	yfinance_1m
2026-09-25T13:13:00-04:00	9.53	9.56	9.53	9.545	4298	yfinance_1m
2026-09-25T13:14:00-04:00	9.545	9.545	9.545	9.545	582	yfinance_1m
2026-09-25T13:15:00-04:00	9.55	9.56	9.55	9.55	2340	yfinance_1m
2026-09-25T13:16:00-04:00	9.55	9.555	9.55	9.555	407	yfinance_1m
2026-09-25T13:17:00-04:00	9.55	9.56	9.55	9.555	3056	yfinance_1m
2026-09-25T13:18:00-04:00	9.56	9.56	9.494	9.51	10065	yfinance_1m
2026-09-25T13:19:00-04:00	9.51	9.51	9.5099	9.51	3319	yfinance_1m
2026-09-25T13:20:00-04:00	9.51	9.51	9.51	9.51	261	yfinance_1m
2026-09-25T13:21:00-04:00	9.52	9.52	9.51	9.52	2066	yfinance_1m
2026-09-25T13:22:00-04:00	9.52	9.53	9.52	9.525	1258	yfinance_1m
2026-09-25T13:23:00-04:00	9.52	9.53	9.52	9.53	1412	yfinance_1m
2026-09-25T13:24:00-04:00	9.53	9.54	9.525	9.54	2435	yfinance_1m
2026-09-25T13:25:00-04:00	9.54	9.56	9.539	9.54	4449	yfinance_1m
2026-09-25T13:26:00-04:00	9.55	9.58	9.55	9.56	3257	yfinance_1m
2026-09-25T13:27:00-04:00	9.56	9.56	9.545	9.55	1665	yfinance_1m
2026-09-25T13:28:00-04:00	9.56	9.56	9.55	9.55	747	yfinance_1m
2026-09-25T13:29:00-04:00	9.55	9.55	9.54	9.54	1451	yfinance_1m
2026-09-25T13:30:00-04:00	9.54	9.54	9.53	9.53	1292	yfinance_1m
2026-09-25T13:31:00-04:00	9.53	9.53	9.51	9.51	1818	yfinance_1m
2026-09-25T13:32:00-04:00	9.51	9.54	9.51	9.53	9606	yfinance_1m
2026-09-25T13:33:00-04:00	9.53	9.54	9.53	9.54	4696	yfinance_1m
2026-09-25T13:34:00-04:00	9.535	9.54	9.5283	9.535	1820	yfinance_1m
2026-09-25T13:36:00-04:00	9.52	9.52	9.52	9.52	1438	yfinance_1m
2026-09-25T13:37:00-04:00	9.52	9.55	9.51	9.55	5854	yfinance_1m
2026-09-25T13:38:00-04:00	9.54	9.54	9.54	9.54	1085	yfinance_1m
2026-09-25T13:39:00-04:00	9.54	9.56	9.53	9.56	7630	yfinance_1m
2026-09-25T13:40:00-04:00	9.55	9.56	9.55	9.56	3984	yfinance_1m
2026-09-25T13:41:00-04:00	9.55	9.56	9.55	9.55	1164	yfinance_1m
2026-09-25T13:42:00-04:00	9.55	9.56	9.55	9.56	1491	yfinance_1m
2026-09-25T13:43:00-04:00	9.57	9.58	9.5593	9.58	2944	yfinance_1m
2026-09-25T13:44:00-04:00	9.58	9.58	9.555	9.555	2176	yfinance_1m
2026-09-25T13:45:00-04:00	9.56	9.565	9.56	9.56	1540	yfinance_1m
2026-09-25T13:46:00-04:00	9.565	9.57	9.565	9.57	690	yfinance_1m
2026-09-25T13:47:00-04:00	9.565	9.57	9.56	9.56	725	yfinance_1m
2026-09-25T13:48:00-04:00	9.56	9.57	9.56	9.565	4192	yfinance_1m
2026-09-25T13:49:00-04:00	9.57	9.6	9.55	9.57	35096	yfinance_1m
2026-09-25T13:50:00-04:00	9.57	9.57	9.55	9.55	2227	yfinance_1m
2026-09-25T13:51:00-04:00	9.55	9.55	9.55	9.55	969	yfinance_1m
2026-09-25T13:52:00-04:00	9.55	9.55	9.54	9.54	1005	yfinance_1m
2026-09-25T13:53:00-04:00	9.55	9.55	9.53	9.53	5340	yfinance_1m
2026-09-25T13:54:00-04:00	9.55	9.55	9.51	9.51	1570	yfinance_1m
2026-09-25T13:55:00-04:00	9.51	9.52	9.51	9.515	1440	yfinance_1m
2026-09-25T13:56:00-04:00	9.52	9.53	9.52	9.53	5420	yfinance_1m
2026-09-25T13:57:00-04:00	9.53	9.53	9.52	9.53	3260	yfinance_1m
2026-09-25T13:58:00-04:00	9.53	9.53	9.53	9.53	147	yfinance_1m
2026-09-25T13:59:00-04:00	9.53	9.54	9.53	9.53	1410	yfinance_1m
2026-09-25T14:00:00-04:00	9.53	9.54	9.53	9.54	1183	yfinance_1m
2026-09-25T14:01:00-04:00	9.54	9.54	9.54	9.54	603	yfinance_1m
2026-09-25T14:02:00-04:00	9.53	9.54	9.505	9.51	4761	yfinance_1m
2026-09-25T14:03:00-04:00	9.53	9.53	9.51	9.53	1141	yfinance_1m
2026-09-25T14:04:00-04:00	9.525	9.525	9.512	9.512	1121	yfinance_1m
2026-09-25T14:05:00-04:00	9.51	9.51	9.51	9.51	115	yfinance_1m
2026-09-25T14:06:00-04:00	9.52	9.53	9.52	9.52	3062	yfinance_1m
2026-09-25T14:07:00-04:00	9.53	9.53	9.53	9.53	945	yfinance_1m
2026-09-25T14:08:00-04:00	9.52	9.52	9.51	9.51	574	yfinance_1m
2026-09-25T14:09:00-04:00	9.52	9.53	9.52	9.53	1996	yfinance_1m
2026-09-25T14:10:00-04:00	9.53	9.53	9.49	9.5	11099	yfinance_1m
2026-09-25T14:11:00-04:00	9.51	9.52	9.5	9.52	3040	yfinance_1m
2026-09-25T14:12:00-04:00	9.52	9.52	9.52	9.52	374	yfinance_1m
2026-09-25T14:13:00-04:00	9.52	9.535	9.515	9.515	4076	yfinance_1m
2026-09-25T14:14:00-04:00	9.52	9.52	9.51	9.51	1041	yfinance_1m
2026-09-25T14:15:00-04:00	9.52	9.52	9.52	9.52	476	yfinance_1m
2026-09-25T14:16:00-04:00	9.51	9.51	9.51	9.51	634	yfinance_1m
2026-09-25T14:17:00-04:00	9.52	9.56	9.52	9.535	15407	yfinance_1m
2026-09-25T14:18:00-04:00	9.535	9.54	9.535	9.54	1769	yfinance_1m
2026-09-25T14:19:00-04:00	9.54	9.54	9.54	9.54	939	yfinance_1m
2026-09-25T14:20:00-04:00	9.54	9.54	9.54	9.54	649	yfinance_1m
2026-09-25T14:21:00-04:00	9.54	9.56	9.535	9.545	7201	yfinance_1m
2026-09-25T14:22:00-04:00	9.54	9.54	9.53	9.53	2754	yfinance_1m
2026-09-25T14:23:00-04:00	9.53	9.53	9.5001	9.52	4753	yfinance_1m
2026-09-25T14:24:00-04:00	9.52	9.52	9.5	9.5	367	yfinance_1m
2026-09-25T14:25:00-04:00	9.4955	9.51	9.4955	9.5099	1794	yfinance_1m
2026-09-25T14:26:00-04:00	9.5	9.51	9.49	9.5	1924	yfinance_1m
2026-09-25T14:27:00-04:00	9.495	9.495	9.485	9.485	2850	yfinance_1m
2026-09-25T14:28:00-04:00	9.48	9.5	9.48	9.5	2699	yfinance_1m
2026-09-25T14:29:00-04:00	9.5	9.5	9.5	9.5	553	yfinance_1m
2026-09-25T14:30:00-04:00	9.49	9.5	9.49	9.5	1155	yfinance_1m
2026-09-25T14:31:00-04:00	9.5	9.5	9.49	9.49	775	yfinance_1m
2026-09-25T14:32:00-04:00	9.49	9.5	9.49	9.5	1367	yfinance_1m
2026-09-25T14:33:00-04:00	9.49	9.5	9.48	9.495	6467	yfinance_1m
2026-09-25T14:34:00-04:00	9.495	9.495	9.4825	9.4825	1096	yfinance_1m
2026-09-25T14:35:00-04:00	9.48	9.485	9.47	9.485	2505	yfinance_1m
2026-09-25T14:36:00-04:00	9.485	9.485	9.47	9.47	2226	yfinance_1m
2026-09-25T14:37:00-04:00	9.47	9.47	9.445	9.445	2684	yfinance_1m
2026-09-25T14:38:00-04:00	9.46	9.46	9.46	9.46	2139	yfinance_1m
2026-09-25T14:39:00-04:00	9.45	9.45	9.435	9.435	826	yfinance_1m
2026-09-25T14:40:00-04:00	9.435	9.435	9.42	9.435	2496	yfinance_1m
2026-09-25T14:41:00-04:00	9.45	9.45	9.44	9.45	1798	yfinance_1m
2026-09-25T14:42:00-04:00	9.45	9.47	9.45	9.46	8741	yfinance_1m
2026-09-25T14:43:00-04:00	9.47	9.49	9.47	9.49	3039	yfinance_1m
2026-09-25T14:45:00-04:00	9.5	9.505	9.49	9.49	5864	yfinance_1m
2026-09-25T14:46:00-04:00	9.5	9.5	9.49	9.49	1394	yfinance_1m
2026-09-25T14:47:00-04:00	9.485	9.49	9.485	9.49	771	yfinance_1m
2026-09-25T14:48:00-04:00	9.485	9.49	9.485	9.49	1795	yfinance_1m
2026-09-25T14:49:00-04:00	9.49	9.5	9.4848	9.49	3502	yfinance_1m
2026-09-25T14:50:00-04:00	9.5	9.5	9.5	9.5	488	yfinance_1m
2026-09-25T14:51:00-04:00	9.4999	9.5	9.49	9.49	2237	yfinance_1m
2026-09-25T14:52:00-04:00	9.495	9.495	9.495	9.495	898	yfinance_1m
2026-09-25T14:53:00-04:00	9.5	9.5	9.49	9.5	2681	yfinance_1m
2026-09-25T14:54:00-04:00	9.5	9.5	9.495	9.5	1438	yfinance_1m
2026-09-25T14:55:00-04:00	9.5	9.5	9.485	9.485	2672	yfinance_1m
2026-09-25T14:56:00-04:00	9.49	9.495	9.49	9.495	1143	yfinance_1m
2026-09-25T14:57:00-04:00	9.5	9.5	9.5	9.5	976	yfinance_1m
2026-09-25T14:58:00-04:00	9.5	9.5	9.49	9.49	603	yfinance_1m
2026-09-25T14:59:00-04:00	9.495	9.52	9.495	9.515	7465	yfinance_1m
2026-09-25T15:00:00-04:00	9.525	9.555	9.52	9.555	13197	yfinance_1m
2026-09-25T15:01:00-04:00	9.555	9.605	9.555	9.59	6640	yfinance_1m
2026-09-25T15:02:00-04:00	9.585	9.585	9.58	9.58	4667	yfinance_1m
2026-09-25T15:03:00-04:00	9.59	9.59	9.569	9.58	3459	yfinance_1m
2026-09-25T15:04:00-04:00	9.58	9.6	9.58	9.59	3678	yfinance_1m
2026-09-25T15:05:00-04:00	9.59	9.62	9.59	9.61	6360	yfinance_1m
2026-09-25T15:06:00-04:00	9.62	9.62	9.615	9.615	1152	yfinance_1m
2026-09-25T15:07:00-04:00	9.62	9.625	9.605	9.605	5760	yfinance_1m
2026-09-25T15:08:00-04:00	9.61	9.61	9.6	9.61	3069	yfinance_1m
2026-09-25T15:09:00-04:00	9.6	9.6	9.58	9.59	12968	yfinance_1m
2026-09-25T15:10:00-04:00	9.58	9.61	9.58	9.61	5996	yfinance_1m
2026-09-25T15:11:00-04:00	9.63	9.63	9.63	9.63	2029	yfinance_1m
2026-09-25T15:12:00-04:00	9.63	9.63	9.63	9.63	1004	yfinance_1m
2026-09-25T15:13:00-04:00	9.61	9.62	9.61	9.62	1760	yfinance_1m
2026-09-25T15:14:00-04:00	9.62	9.62	9.61	9.61	987	yfinance_1m
2026-09-25T15:15:00-04:00	9.615	9.615	9.61	9.61	1189	yfinance_1m
2026-09-25T15:16:00-04:00	9.605	9.605	9.59	9.6	10251	yfinance_1m
2026-09-25T15:17:00-04:00	9.6	9.61	9.6	9.6	1907	yfinance_1m
2026-09-25T15:18:00-04:00	9.61	9.61	9.61	9.61	1151	yfinance_1m
2026-09-25T15:19:00-04:00	9.6	9.62	9.6	9.6	5972	yfinance_1m
2026-09-25T15:20:00-04:00	9.6	9.6	9.6	9.6	399	yfinance_1m
2026-09-25T15:21:00-04:00	9.59	9.6	9.575	9.575	4699	yfinance_1m
2026-09-25T15:22:00-04:00	9.575	9.59	9.575	9.59	4884	yfinance_1m
2026-09-25T15:23:00-04:00	9.58	9.59	9.58	9.59	1174	yfinance_1m
2026-09-25T15:24:00-04:00	9.59	9.59	9.5767	9.5767	2156	yfinance_1m
2026-09-25T15:25:00-04:00	9.58	9.58	9.58	9.58	1085	yfinance_1m
2026-09-25T15:26:00-04:00	9.575	9.585	9.57	9.58	15331	yfinance_1m
2026-09-25T15:27:00-04:00	9.58	9.58	9.58	9.58	2041	yfinance_1m
2026-09-25T15:28:00-04:00	9.59	9.62	9.58	9.61	7041	yfinance_1m
2026-09-25T15:29:00-04:00	9.61	9.61	9.61	9.61	2486	yfinance_1m
2026-09-25T15:30:00-04:00	9.62	9.62	9.6	9.6	5406	yfinance_1m
2026-09-25T15:31:00-04:00	9.6	9.64	9.6	9.63	9636	yfinance_1m
2026-09-25T15:32:00-04:00	9.62	9.63	9.62	9.63	3633	yfinance_1m
2026-09-25T15:33:00-04:00	9.63	9.64	9.63	9.64	4376	yfinance_1m
2026-09-25T15:34:00-04:00	9.64	9.64	9.64	9.64	774	yfinance_1m
2026-09-25T15:35:00-04:00	9.63	9.635	9.62	9.62	9116	yfinance_1m
2026-09-25T15:36:00-04:00	9.63	9.63	9.62	9.62	2106	yfinance_1m
2026-09-25T15:37:00-04:00	9.63	9.64	9.6124	9.62	10813	yfinance_1m
2026-09-25T15:38:00-04:00	9.615	9.6299	9.6138	9.62	6243	yfinance_1m
2026-09-25T15:39:00-04:00	9.62	9.63	9.62	9.63	2460	yfinance_1m
2026-09-25T15:40:00-04:00	9.62	9.63	9.615	9.62	6745	yfinance_1m
2026-09-25T15:41:00-04:00	9.615	9.62	9.595	9.6	12175	yfinance_1m
2026-09-25T15:42:00-04:00	9.595	9.6	9.595	9.6	4575	yfinance_1m
2026-09-25T15:43:00-04:00	9.595	9.6	9.595	9.6	8928	yfinance_1m
2026-09-25T15:44:00-04:00	9.6	9.6	9.595	9.595	2200	yfinance_1m
2026-09-25T15:45:00-04:00	9.595	9.62	9.595	9.62	28318	yfinance_1m
2026-09-25T15:46:00-04:00	9.63	9.63	9.61	9.615	10541	yfinance_1m
2026-09-25T15:47:00-04:00	9.62	9.64	9.62	9.625	12490	yfinance_1m
2026-09-25T15:48:00-04:00	9.625	9.64	9.615	9.625	15439	yfinance_1m
2026-09-25T15:49:00-04:00	9.625	9.645	9.62	9.64	9720	yfinance_1m
2026-09-25T15:50:00-04:00	9.64	9.67	9.64	9.655	20371	yfinance_1m
2026-09-25T15:51:00-04:00	9.655	9.67	9.655	9.655	19442	yfinance_1m
2026-09-25T15:52:00-04:00	9.66	9.66	9.64	9.64	16255	yfinance_1m
2026-09-25T15:53:00-04:00	9.65	9.66	9.65	9.655	9865	yfinance_1m
2026-09-25T15:54:00-04:00	9.66	9.67	9.655	9.655	12651	yfinance_1m
2026-09-25T15:55:00-04:00	9.6592	9.66	9.65	9.655	20911	yfinance_1m
2026-09-25T15:56:00-04:00	9.655	9.655	9.63	9.65	34818	yfinance_1m
2026-09-25T15:57:00-04:00	9.645	9.6491	9.615	9.62	31834	yfinance_1m
2026-09-25T15:58:00-04:00	9.615	9.625	9.555	9.565	115725	yfinance_1m
2026-09-25T15:59:00-04:00	9.565	9.58	9.555	9.57	85861	yfinance_1m
2026-09-28T09:30:00-04:00	9.31	9.3291	9.31	9.322	25833	yfinance_1m
2026-09-28T09:31:00-04:00	9.413	9.413	9.252	9.3	6190	yfinance_1m
2026-09-28T09:32:00-04:00	9.295	9.32	9.27	9.32	2242	yfinance_1m
2026-09-28T09:33:00-04:00	9.365	9.37	9.365	9.37	1223	yfinance_1m
2026-09-28T09:34:00-04:00	9.35	9.35	9.35	9.35	1236	yfinance_1m
2026-09-28T09:35:00-04:00	9.35	9.37	9.33	9.331	1757	yfinance_1m
2026-09-28T09:36:00-04:00	9.33	9.45	9.33	9.43	6114	yfinance_1m
2026-09-28T09:37:00-04:00	9.43	9.465	9.43	9.465	3729	yfinance_1m
2026-09-28T09:39:00-04:00	9.5	9.54	9.49	9.54	7099	yfinance_1m
2026-09-28T09:40:00-04:00	9.54	9.54	9.4945	9.4945	2689	yfinance_1m
2026-09-28T09:41:00-04:00	9.525	9.57	9.525	9.57	1378	yfinance_1m
2026-09-28T09:42:00-04:00	9.56	9.59	9.56	9.5776	8538	yfinance_1m
2026-09-28T09:43:00-04:00	9.57	9.6152	9.57	9.6152	2773	yfinance_1m
2026-09-28T09:44:00-04:00	9.54	9.55	9.48	9.48	6779	yfinance_1m
2026-09-28T09:45:00-04:00	9.49	9.535	9.45	9.475	13721	yfinance_1m
2026-09-28T09:46:00-04:00	9.475	9.475	9.475	9.475	1297	yfinance_1m
2026-09-28T09:47:00-04:00	9.475	9.475	9.44	9.44	1541	yfinance_1m
2026-09-28T09:49:00-04:00	9.48	9.48	9.48	9.48	569	yfinance_1m
2026-09-28T09:50:00-04:00	9.465	9.465	9.39	9.39	4249	yfinance_1m
2026-09-28T09:51:00-04:00	9.41	9.41	9.41	9.41	723	yfinance_1m
2026-09-28T09:52:00-04:00	9.43	9.44	9.43	9.44	1673	yfinance_1m
2026-09-28T09:53:00-04:00	9.435	9.435	9.33	9.35	65110	yfinance_1m
2026-09-28T09:54:00-04:00	9.36	9.39	9.36	9.38	1032	yfinance_1m
2026-09-28T09:55:00-04:00	9.38	9.38	9.38	9.38	413	yfinance_1m
2026-09-28T09:56:00-04:00	9.38	9.38	9.38	9.38	6406	yfinance_1m
2026-09-28T09:58:00-04:00	9.41	9.41	9.3501	9.36	2052	yfinance_1m
2026-09-28T09:59:00-04:00	9.37	9.375	9.37	9.375	701	yfinance_1m
2026-09-28T10:00:00-04:00	9.3961	9.3961	9.28	9.325	3484	yfinance_1m
2026-09-28T10:01:00-04:00	9.33	9.35	9.32	9.33	2529	yfinance_1m
2026-09-28T10:02:00-04:00	9.36	9.37	9.36	9.37	728	yfinance_1m
2026-09-28T10:03:00-04:00	9.375	9.4	9.375	9.4	1292	yfinance_1m
2026-09-28T10:04:00-04:00	9.37	9.37	9.35	9.35	799	yfinance_1m
2026-09-28T10:05:00-04:00	9.32	9.32	9.32	9.32	557	yfinance_1m
2026-09-28T10:06:00-04:00	9.35	9.35	9.34	9.34	1060	yfinance_1m
2026-09-28T10:07:00-04:00	9.34	9.365	9.34	9.35	1833	yfinance_1m
2026-09-28T10:08:00-04:00	9.355	9.355	9.355	9.355	317	yfinance_1m
2026-09-28T10:09:00-04:00	9.355	9.385	9.355	9.375	1706	yfinance_1m
2026-09-28T10:10:00-04:00	9.36	9.365	9.36	9.365	15161	yfinance_1m
2026-09-28T10:11:00-04:00	9.38	9.4	9.38	9.4	2267	yfinance_1m
2026-09-28T10:12:00-04:00	9.38	9.38	9.38	9.38	243	yfinance_1m
2026-09-28T10:13:00-04:00	9.37	9.39	9.37	9.39	1984	yfinance_1m
2026-09-28T10:15:00-04:00	9.4	9.4	9.395	9.395	7466	yfinance_1m
2026-09-28T10:16:00-04:00	9.42	9.45	9.42	9.45	1065	yfinance_1m
2026-09-28T10:18:00-04:00	9.46	9.46	9.46	9.46	789	yfinance_1m
2026-09-28T10:20:00-04:00	9.44	9.45	9.43	9.43	852	yfinance_1m
2026-09-28T10:21:00-04:00	9.45	9.45	9.43	9.43	1074	yfinance_1m
2026-09-28T10:22:00-04:00	9.41	9.42	9.39	9.41	1958	yfinance_1m
2026-09-28T10:23:00-04:00	9.405	9.405	9.405	9.405	1284	yfinance_1m
2026-09-28T10:25:00-04:00	9.42	9.42	9.4	9.4	1454	yfinance_1m
2026-09-28T10:26:00-04:00	9.41	9.41	9.41	9.41	388	yfinance_1m
2026-09-28T10:27:00-04:00	9.42	9.42	9.39	9.41	2708	yfinance_1m
2026-09-28T10:29:00-04:00	9.4	9.4	9.39	9.4	1832	yfinance_1m
2026-09-28T10:30:00-04:00	9.39	9.39	9.325	9.325	3108	yfinance_1m
2026-09-28T10:31:00-04:00	9.31	9.338	9.31	9.338	976	yfinance_1m
2026-09-28T10:32:00-04:00	9.31	9.31	9.28	9.295	7650	yfinance_1m
2026-09-28T10:33:00-04:00	9.3	9.3	9.3	9.3	285	yfinance_1m
2026-09-28T10:34:00-04:00	9.3	9.32	9.3	9.32	1035	yfinance_1m
2026-09-28T10:35:00-04:00	9.34	9.34	9.32	9.33	748	yfinance_1m
2026-09-28T10:36:00-04:00	9.34	9.36	9.34	9.36	1675	yfinance_1m
2026-09-28T10:37:00-04:00	9.355	9.355	9.35	9.35	1101	yfinance_1m
2026-09-28T10:39:00-04:00	9.34	9.34	9.34	9.34	489	yfinance_1m
2026-09-28T10:40:00-04:00	9.34	9.34	9.33	9.33	1466	yfinance_1m
2026-09-28T10:41:00-04:00	9.34	9.34	9.34	9.34	297	yfinance_1m
2026-09-28T10:42:00-04:00	9.33	9.33	9.3201	9.3201	3661	yfinance_1m
2026-09-28T10:43:00-04:00	9.32	9.32	9.32	9.32	990	yfinance_1m
2026-09-28T10:44:00-04:00	9.32	9.36	9.31	9.36	9539	yfinance_1m
2026-09-28T10:45:00-04:00	9.35	9.39	9.35	9.37	14539	yfinance_1m
2026-09-28T10:46:00-04:00	9.38	9.38	9.36	9.37	3629	yfinance_1m
2026-09-28T10:47:00-04:00	9.36	9.36	9.35	9.36	3228	yfinance_1m
2026-09-28T10:48:00-04:00	9.37	9.38	9.37	9.38	1545	yfinance_1m
2026-09-28T10:49:00-04:00	9.39	9.395	9.3896	9.3896	2331	yfinance_1m
2026-09-28T10:50:00-04:00	9.39	9.405	9.38	9.405	3548	yfinance_1m
2026-09-28T10:51:00-04:00	9.4	9.4	9.355	9.355	3561	yfinance_1m
2026-09-28T10:52:00-04:00	9.35	9.35	9.33	9.33	1227	yfinance_1m
2026-09-28T10:53:00-04:00	9.32	9.32	9.32	9.32	503	yfinance_1m
2026-09-28T10:54:00-04:00	9.3	9.31	9.3	9.31	1049	yfinance_1m
2026-09-28T10:55:00-04:00	9.2801	9.295	9.28	9.285	6235	yfinance_1m
2026-09-28T10:56:00-04:00	9.3	9.32	9.3	9.3007	2887	yfinance_1m
2026-09-28T10:57:00-04:00	9.3028	9.3028	9.3028	9.3028	891	yfinance_1m
2026-09-28T10:58:00-04:00	9.32	9.32	9.32	9.32	666	yfinance_1m
2026-09-28T10:59:00-04:00	9.31	9.31	9.31	9.31	313	yfinance_1m
2026-09-28T11:00:00-04:00	9.31	9.32	9.31	9.32	2084	yfinance_1m
2026-09-28T11:03:00-04:00	9.315	9.33	9.315	9.33	1368	yfinance_1m
2026-09-28T11:05:00-04:00	9.31	9.31	9.3001	9.3001	875	yfinance_1m
2026-09-28T11:06:00-04:00	9.3	9.305	9.3	9.3	13081	yfinance_1m
2026-09-28T11:07:00-04:00	9.31	9.33	9.31	9.33	1018	yfinance_1m
2026-09-28T11:08:00-04:00	9.35	9.36	9.346	9.346	891	yfinance_1m
2026-09-28T11:09:00-04:00	9.34	9.34	9.32	9.3245	2637	yfinance_1m
2026-09-28T11:10:00-04:00	9.335	9.35	9.335	9.345	1902	yfinance_1m
2026-09-28T11:11:00-04:00	9.325	9.325	9.325	9.325	1174	yfinance_1m
2026-09-28T11:12:00-04:00	9.31	9.32	9.31	9.32	1058	yfinance_1m
2026-09-28T11:13:00-04:00	9.305	9.305	9.305	9.305	675	yfinance_1m
2026-09-28T11:14:00-04:00	9.29	9.29	9.285	9.285	1994	yfinance_1m
2026-09-28T11:15:00-04:00	9.29	9.29	9.28	9.28	7676	yfinance_1m
2026-09-28T11:16:00-04:00	9.29	9.29	9.29	9.29	1323	yfinance_1m
2026-09-28T11:17:00-04:00	9.27	9.27	9.25	9.25	3632	yfinance_1m
2026-09-28T11:19:00-04:00	9.25	9.25	9.2401	9.2401	1205	yfinance_1m
2026-09-28T11:20:00-04:00	9.24	9.24	9.22	9.23	3017	yfinance_1m
2026-09-28T11:21:00-04:00	9.22	9.22	9.22	9.22	1908	yfinance_1m
2026-09-28T11:22:00-04:00	9.215	9.215	9.215	9.215	625	yfinance_1m
2026-09-28T11:23:00-04:00	9.23	9.23	9.22	9.22	897	yfinance_1m
2026-09-28T11:24:00-04:00	9.23	9.235	9.23	9.235	3737	yfinance_1m
2026-09-28T11:25:00-04:00	9.235	9.28	9.235	9.27	8428	yfinance_1m
2026-09-28T11:26:00-04:00	9.27	9.27	9.2572	9.2572	808	yfinance_1m
2026-09-28T11:27:00-04:00	9.265	9.265	9.21	9.22	10263	yfinance_1m
2026-09-28T11:28:00-04:00	9.23	9.245	9.23	9.245	3995	yfinance_1m
2026-09-28T11:29:00-04:00	9.25	9.26	9.25	9.26	3017	yfinance_1m
2026-09-28T11:30:00-04:00	9.2628	9.2628	9.26	9.26	2152	yfinance_1m
2026-09-28T11:33:00-04:00	9.24	9.24	9.23	9.23	1334	yfinance_1m
2026-09-28T11:36:00-04:00	9.23	9.28	9.23	9.28	8374	yfinance_1m
2026-09-28T11:37:00-04:00	9.27	9.28	9.27	9.28	1158	yfinance_1m
2026-09-28T11:39:00-04:00	9.28	9.3	9.28	9.3	2125	yfinance_1m
2026-09-28T11:40:00-04:00	9.3	9.3	9.285	9.29	2772	yfinance_1m
2026-09-28T11:41:00-04:00	9.27	9.27	9.24	9.24	1796	yfinance_1m
2026-09-28T11:42:00-04:00	9.25	9.265	9.25	9.265	1783	yfinance_1m
2026-09-28T11:43:00-04:00	9.265	9.265	9.265	9.265	592	yfinance_1m
2026-09-28T11:45:00-04:00	9.26	9.26	9.25	9.25	1127	yfinance_1m
2026-09-28T11:46:00-04:00	9.25	9.29	9.25	9.29	10102	yfinance_1m
2026-09-28T11:47:00-04:00	9.3	9.305	9.29	9.305	1343	yfinance_1m
2026-09-28T11:48:00-04:00	9.32	9.32	9.32	9.32	437	yfinance_1m
2026-09-28T11:49:00-04:00	9.32	9.32	9.32	9.32	240	yfinance_1m
2026-09-28T11:50:00-04:00	9.32	9.32	9.32	9.32	943	yfinance_1m
2026-09-28T11:51:00-04:00	9.32	9.32	9.32	9.32	912	yfinance_1m
2026-09-28T11:53:00-04:00	9.315	9.315	9.315	9.315	682	yfinance_1m
2026-09-28T11:54:00-04:00	9.3	9.3	9.3	9.3	845	yfinance_1m
2026-09-28T11:55:00-04:00	9.3	9.31	9.3	9.31	2550	yfinance_1m
2026-09-28T11:56:00-04:00	9.31	9.31	9.31	9.31	177	yfinance_1m
2026-09-28T11:57:00-04:00	9.31	9.31	9.3	9.3	1922	yfinance_1m
2026-09-28T11:59:00-04:00	9.3	9.3	9.27	9.27	5066	yfinance_1m
2026-09-28T12:00:00-04:00	9.27	9.29	9.26	9.26	17316	yfinance_1m
2026-09-28T12:01:00-04:00	9.26	9.29	9.26	9.28	1499	yfinance_1m
2026-09-28T12:02:00-04:00	9.285	9.285	9.28	9.28	611	yfinance_1m
2026-09-28T12:03:00-04:00	9.28	9.28	9.28	9.28	1478	yfinance_1m
2026-09-28T12:04:00-04:00	9.27	9.27	9.27	9.27	2032	yfinance_1m
2026-09-28T12:05:00-04:00	9.27	9.27	9.27	9.27	797	yfinance_1m
2026-09-28T12:06:00-04:00	9.28	9.285	9.28	9.285	1318	yfinance_1m
2026-09-28T12:07:00-04:00	9.29	9.3	9.29	9.3	2754	yfinance_1m
2026-09-28T12:08:00-04:00	9.305	9.305	9.305	9.305	424	yfinance_1m
2026-09-28T12:09:00-04:00	9.3064	9.3064	9.3064	9.3064	1022	yfinance_1m
2026-09-28T12:11:00-04:00	9.3	9.3	9.3	9.3	419	yfinance_1m
2026-09-28T12:12:00-04:00	9.3	9.3	9.28	9.28	1458	yfinance_1m
2026-09-28T12:15:00-04:00	9.27	9.27	9.2501	9.26	9455	yfinance_1m
2026-09-28T12:16:00-04:00	9.27	9.31	9.26	9.31	7805	yfinance_1m
2026-09-28T12:17:00-04:00	9.32	9.32	9.2906	9.2906	6224	yfinance_1m
2026-09-28T12:18:00-04:00	9.31	9.32	9.31	9.32	1261	yfinance_1m
2026-09-28T12:19:00-04:00	9.31	9.31	9.31	9.31	775	yfinance_1m
2026-09-28T12:20:00-04:00	9.31	9.34	9.31	9.32	7196	yfinance_1m
2026-09-28T12:21:00-04:00	9.32	9.32	9.305	9.305	1844	yfinance_1m
2026-09-28T12:22:00-04:00	9.305	9.31	9.305	9.31	1819	yfinance_1m
2026-09-28T12:23:00-04:00	9.31	9.31	9.3099	9.31	2297	yfinance_1m
2026-09-28T12:24:00-04:00	9.3	9.325	9.3	9.325	1440	yfinance_1m
2026-09-28T12:25:00-04:00	9.34	9.34	9.3223	9.3223	449	yfinance_1m
2026-09-28T12:26:00-04:00	9.34	9.38	9.34	9.38	3268	yfinance_1m
2026-09-28T12:27:00-04:00	9.39	9.4	9.39	9.39	2783	yfinance_1m
2026-09-28T12:28:00-04:00	9.395	9.395	9.395	9.395	512	yfinance_1m
2026-09-28T12:29:00-04:00	9.3801	9.39	9.375	9.39	3943	yfinance_1m
2026-09-28T12:30:00-04:00	9.38	9.38	9.375	9.38	2147	yfinance_1m
2026-09-28T12:31:00-04:00	9.38	9.395	9.38	9.385	3367	yfinance_1m
2026-09-28T12:32:00-04:00	9.38	9.38	9.34	9.34	4304	yfinance_1m
2026-09-28T12:33:00-04:00	9.35	9.37	9.35	9.37	994	yfinance_1m
2026-09-28T12:34:00-04:00	9.365	9.365	9.365	9.365	622	yfinance_1m
2026-09-28T12:35:00-04:00	9.365	9.365	9.365	9.365	1170	yfinance_1m
2026-09-28T12:36:00-04:00	9.37	9.37	9.37	9.37	213	yfinance_1m
2026-09-28T12:37:00-04:00	9.37	9.37	9.37	9.37	1346	yfinance_1m
2026-09-28T12:38:00-04:00	9.36	9.36	9.34	9.34	1599	yfinance_1m
2026-09-28T12:40:00-04:00	9.35	9.35	9.35	9.35	1107	yfinance_1m
2026-09-28T12:42:00-04:00	9.345	9.35	9.335	9.335	1585	yfinance_1m
2026-09-28T12:43:00-04:00	9.335	9.34	9.33	9.34	961	yfinance_1m
2026-09-28T12:44:00-04:00	9.34	9.34	9.33	9.33	5123	yfinance_1m
2026-09-28T12:45:00-04:00	9.34	9.36	9.33	9.34	14535	yfinance_1m
2026-09-28T12:46:00-04:00	9.33	9.33	9.33	9.33	945	yfinance_1m
2026-09-28T12:47:00-04:00	9.31	9.31	9.31	9.31	402	yfinance_1m
2026-09-28T12:48:00-04:00	9.31	9.31	9.29	9.29	2058	yfinance_1m
2026-09-28T12:51:00-04:00	9.28	9.28	9.28	9.28	619	yfinance_1m
2026-09-28T12:52:00-04:00	9.265	9.27	9.265	9.27	817	yfinance_1m
2026-09-28T12:53:00-04:00	9.28	9.28	9.25	9.25	601	yfinance_1m
2026-09-28T12:54:00-04:00	9.24	9.27	9.24	9.27	1384	yfinance_1m
2026-09-28T12:55:00-04:00	9.25	9.25	9.24	9.24	892	yfinance_1m
2026-09-28T12:56:00-04:00	9.24	9.24	9.24	9.24	1299	yfinance_1m
2026-09-28T12:57:00-04:00	9.25	9.25	9.23	9.23	1094	yfinance_1m
2026-09-28T12:58:00-04:00	9.23	9.25	9.23	9.25	4288	yfinance_1m
2026-09-28T12:59:00-04:00	9.24	9.24	9.24	9.24	515	yfinance_1m
2026-09-28T13:00:00-04:00	9.24	9.24	9.22	9.22	963	yfinance_1m
2026-09-28T13:01:00-04:00	9.22	9.23	9.22	9.225	1436	yfinance_1m
2026-09-28T13:02:00-04:00	9.24	9.24	9.24	9.24	350	yfinance_1m
2026-09-28T13:03:00-04:00	9.24	9.24	9.2	9.215	10929	yfinance_1m
2026-09-28T13:04:00-04:00	9.215	9.22	9.2	9.22	9395	yfinance_1m
2026-09-28T13:05:00-04:00	9.22	9.23	9.22	9.23	665	yfinance_1m
2026-09-28T13:06:00-04:00	9.23	9.23	9.23	9.23	344	yfinance_1m
2026-09-28T13:07:00-04:00	9.23	9.23	9.225	9.225	903	yfinance_1m
2026-09-28T13:08:00-04:00	9.225	9.225	9.225	9.225	863	yfinance_1m
2026-09-28T13:09:00-04:00	9.23	9.23	9.205	9.21	6328	yfinance_1m
2026-09-28T13:10:00-04:00	9.21	9.21	9.21	9.21	1584	yfinance_1m
2026-09-28T13:11:00-04:00	9.22	9.32	9.22	9.3	8143	yfinance_1m
2026-09-28T13:12:00-04:00	9.315	9.36	9.29	9.355	3871	yfinance_1m
2026-09-28T13:13:00-04:00	9.33	9.35	9.33	9.35	935	yfinance_1m
2026-09-28T13:14:00-04:00	9.335	9.355	9.335	9.355	1891	yfinance_1m
2026-09-28T13:15:00-04:00	9.355	9.355	9.33	9.34	8889	yfinance_1m
2026-09-28T13:16:00-04:00	9.35	9.35	9.35	9.35	633	yfinance_1m
2026-09-28T13:17:00-04:00	9.35	9.35	9.33	9.34	3546	yfinance_1m
2026-09-28T13:18:00-04:00	9.34	9.34	9.33	9.33	1401	yfinance_1m
2026-09-28T13:19:00-04:00	9.33	9.33	9.32	9.32	980	yfinance_1m
2026-09-28T13:20:00-04:00	9.31	9.31	9.285	9.29	2616	yfinance_1m
2026-09-28T13:22:00-04:00	9.29	9.3	9.29	9.3	1210	yfinance_1m
2026-09-28T13:23:00-04:00	9.31	9.31	9.31	9.31	570	yfinance_1m
2026-09-28T13:25:00-04:00	9.3	9.3	9.29	9.29	1642	yfinance_1m
2026-09-28T13:26:00-04:00	9.29	9.29	9.285	9.285	1379	yfinance_1m
2026-09-28T13:27:00-04:00	9.29	9.29	9.282	9.282	1026	yfinance_1m
2026-09-28T13:30:00-04:00	9.29	9.3	9.29	9.3	1881	yfinance_1m
2026-09-28T13:31:00-04:00	9.3	9.3	9.29	9.295	1642	yfinance_1m
2026-09-28T13:32:00-04:00	9.3	9.3	9.3	9.3	806	yfinance_1m
2026-09-28T13:33:00-04:00	9.31	9.31	9.3	9.3	853	yfinance_1m
2026-09-28T13:34:00-04:00	9.295	9.3	9.29	9.3	857	yfinance_1m
2026-09-28T13:35:00-04:00	9.3	9.3	9.295	9.295	902	yfinance_1m
2026-09-28T13:36:00-04:00	9.3	9.3	9.3	9.3	901	yfinance_1m
2026-09-28T13:37:00-04:00	9.295	9.295	9.28	9.28	1416	yfinance_1m
2026-09-28T13:38:00-04:00	9.29	9.295	9.29	9.29	1732	yfinance_1m
2026-09-28T13:39:00-04:00	9.3	9.3	9.3	9.3	1658	yfinance_1m
2026-09-28T13:40:00-04:00	9.31	9.37	9.31	9.37	17461	yfinance_1m
2026-09-28T13:41:00-04:00	9.38	9.46	9.38	9.46	3775	yfinance_1m
2026-09-28T13:42:00-04:00	9.46	9.49	9.46	9.49	3633	yfinance_1m
2026-09-28T13:43:00-04:00	9.49	9.52	9.49	9.52	6676	yfinance_1m
2026-09-28T13:44:00-04:00	9.54	9.54	9.54	9.54	2148	yfinance_1m
2026-09-28T13:45:00-04:00	9.52	9.52	9.52	9.52	7675	yfinance_1m
2026-09-28T13:46:00-04:00	9.52	9.52	9.48	9.5	9344	yfinance_1m
2026-09-28T13:47:00-04:00	9.5	9.51	9.5	9.51	2282	yfinance_1m
2026-09-28T13:48:00-04:00	9.53	9.53	9.53	9.53	268	yfinance_1m
2026-09-28T13:49:00-04:00	9.53	9.55	9.53	9.54	1330	yfinance_1m
2026-09-28T13:50:00-04:00	9.55	9.55	9.5323	9.55	2644	yfinance_1m
2026-09-28T13:51:00-04:00	9.54	9.54	9.53	9.53	894	yfinance_1m
2026-09-28T13:52:00-04:00	9.53	9.53	9.53	9.53	2302	yfinance_1m
2026-09-28T13:53:00-04:00	9.51	9.52	9.51	9.52	2600	yfinance_1m
2026-09-28T13:54:00-04:00	9.52	9.52	9.52	9.52	610	yfinance_1m
2026-09-28T13:55:00-04:00	9.505	9.51	9.505	9.51	1317	yfinance_1m
2026-09-28T13:56:00-04:00	9.49	9.49	9.49	9.49	1153	yfinance_1m
2026-09-28T13:57:00-04:00	9.4899	9.5	9.4899	9.49	2150	yfinance_1m
2026-09-28T13:58:00-04:00	9.48	9.49	9.48	9.48	963	yfinance_1m
2026-09-28T13:59:00-04:00	9.4737	9.4737	9.47	9.47	832	yfinance_1m
2026-09-28T14:00:00-04:00	9.48	9.5	9.48	9.5	2895	yfinance_1m
2026-09-28T14:01:00-04:00	9.49	9.49	9.49	9.49	534	yfinance_1m
2026-09-28T14:02:00-04:00	9.5	9.5	9.495	9.495	1342	yfinance_1m
2026-09-28T14:04:00-04:00	9.49	9.5	9.49	9.5	398	yfinance_1m
2026-09-28T14:05:00-04:00	9.485	9.49	9.485	9.49	595	yfinance_1m
2026-09-28T14:06:00-04:00	9.5	9.51	9.5	9.51	3073	yfinance_1m
2026-09-28T14:08:00-04:00	9.51	9.51	9.51	9.51	1313	yfinance_1m
2026-09-28T14:09:00-04:00	9.51	9.51	9.51	9.51	691	yfinance_1m
2026-09-28T14:10:00-04:00	9.515	9.515	9.5	9.5	4123	yfinance_1m
2026-09-28T14:11:00-04:00	9.5	9.5	9.5	9.5	2928	yfinance_1m
2026-09-28T14:13:00-04:00	9.51	9.51	9.5	9.5	1619	yfinance_1m
2026-09-28T14:14:00-04:00	9.51	9.51	9.5	9.51	949	yfinance_1m
2026-09-28T14:15:00-04:00	9.52	9.52	9.51	9.51	7857	yfinance_1m
2026-09-28T14:16:00-04:00	9.5	9.5	9.5	9.5	600	yfinance_1m
2026-09-28T14:17:00-04:00	9.49	9.49	9.47	9.47	2117	yfinance_1m
2026-09-28T14:18:00-04:00	9.455	9.455	9.45	9.455	1860	yfinance_1m
2026-09-28T14:19:00-04:00	9.46	9.46	9.44	9.44	794	yfinance_1m
2026-09-28T14:20:00-04:00	9.44	9.45	9.44	9.44	803	yfinance_1m
2026-09-28T14:21:00-04:00	9.43	9.43	9.42	9.42	1075	yfinance_1m
2026-09-28T14:22:00-04:00	9.43	9.44	9.43	9.43	2129	yfinance_1m
2026-09-28T14:23:00-04:00	9.43	9.43	9.405	9.41	5027	yfinance_1m
2026-09-28T14:24:00-04:00	9.41	9.42	9.41	9.42	1806	yfinance_1m
2026-09-28T14:25:00-04:00	9.43	9.43	9.42	9.42	670	yfinance_1m
2026-09-28T14:26:00-04:00	9.43	9.44	9.43	9.44	2629	yfinance_1m
2026-09-28T14:27:00-04:00	9.45	9.45	9.45	9.45	210	yfinance_1m
2026-09-28T14:28:00-04:00	9.44	9.45	9.44	9.45	685	yfinance_1m
2026-09-28T14:29:00-04:00	9.449	9.45	9.42	9.42	4603	yfinance_1m
2026-09-28T14:30:00-04:00	9.41	9.41	9.4	9.4	1827	yfinance_1m
2026-09-28T14:31:00-04:00	9.39	9.39	9.39	9.39	1025	yfinance_1m
2026-09-28T14:32:00-04:00	9.38	9.39	9.38	9.39	2044	yfinance_1m
2026-09-28T14:33:00-04:00	9.39	9.39	9.385	9.385	501	yfinance_1m
2026-09-28T14:34:00-04:00	9.385	9.41	9.385	9.41	2822	yfinance_1m
2026-09-28T14:35:00-04:00	9.4	9.41	9.4	9.41	841	yfinance_1m
2026-09-28T14:36:00-04:00	9.41	9.42	9.41	9.42	931	yfinance_1m
2026-09-28T14:37:00-04:00	9.415	9.42	9.415	9.415	721	yfinance_1m
2026-09-28T14:38:00-04:00	9.42	9.42	9.415	9.415	322	yfinance_1m
2026-09-28T14:39:00-04:00	9.415	9.42	9.41	9.41	1997	yfinance_1m
2026-09-28T14:40:00-04:00	9.4	9.41	9.4	9.41	1107	yfinance_1m
2026-09-28T14:41:00-04:00	9.41	9.42	9.41	9.41	3127	yfinance_1m
2026-09-28T14:42:00-04:00	9.41	9.41	9.4	9.41	4498	yfinance_1m
2026-09-28T14:43:00-04:00	9.41	9.41	9.41	9.41	429	yfinance_1m
2026-09-28T14:44:00-04:00	9.42	9.42	9.42	9.42	672	yfinance_1m
2026-09-28T14:45:00-04:00	9.42	9.42	9.4	9.41	9252	yfinance_1m
2026-09-28T14:46:00-04:00	9.415	9.43	9.415	9.415	596	yfinance_1m
2026-09-28T14:47:00-04:00	9.42	9.42	9.41	9.41	1226	yfinance_1m
2026-09-28T14:48:00-04:00	9.41	9.41	9.41	9.41	2329	yfinance_1m
2026-09-28T14:50:00-04:00	9.4	9.4	9.38	9.38	3402	yfinance_1m
2026-09-28T14:51:00-04:00	9.38	9.38	9.38	9.38	868	yfinance_1m
2026-09-28T14:52:00-04:00	9.38	9.38	9.36	9.36	2606	yfinance_1m
2026-09-28T14:53:00-04:00	9.37	9.39	9.36	9.36	5169	yfinance_1m
2026-09-28T14:54:00-04:00	9.38	9.38	9.3688	9.38	1040	yfinance_1m
2026-09-28T14:55:00-04:00	9.37	9.37	9.365	9.365	335	yfinance_1m
2026-09-28T14:56:00-04:00	9.37	9.39	9.365	9.39	2147	yfinance_1m
2026-09-28T14:57:00-04:00	9.38	9.39	9.38	9.39	2274	yfinance_1m
2026-09-28T14:58:00-04:00	9.39	9.39	9.39	9.39	284	yfinance_1m
2026-09-28T14:59:00-04:00	9.39	9.39	9.39	9.39	1673	yfinance_1m
2026-09-28T15:00:00-04:00	9.38	9.38	9.355	9.355	4779	yfinance_1m
2026-09-28T15:02:00-04:00	9.35	9.37	9.35	9.37	2144	yfinance_1m
2026-09-28T15:03:00-04:00	9.36	9.36	9.3505	9.3505	2472	yfinance_1m
2026-09-28T15:04:00-04:00	9.35	9.35	9.34	9.34	8036	yfinance_1m
2026-09-28T15:05:00-04:00	9.3301	9.35	9.3301	9.35	1468	yfinance_1m
2026-09-28T15:06:00-04:00	9.34	9.34	9.34	9.34	564	yfinance_1m
2026-09-28T15:07:00-04:00	9.33	9.34	9.33	9.34	1856	yfinance_1m
2026-09-28T15:08:00-04:00	9.33	9.33	9.33	9.33	675	yfinance_1m
2026-09-28T15:09:00-04:00	9.32	9.33	9.32	9.33	1102	yfinance_1m
2026-09-28T15:10:00-04:00	9.33	9.33	9.33	9.33	553	yfinance_1m
2026-09-28T15:11:00-04:00	9.33	9.35	9.33	9.35	2661	yfinance_1m
2026-09-28T15:12:00-04:00	9.35	9.35	9.35	9.35	582	yfinance_1m
2026-09-28T15:13:00-04:00	9.35	9.36	9.35	9.36	1256	yfinance_1m
2026-09-28T15:14:00-04:00	9.34	9.35	9.34	9.35	1597	yfinance_1m
2026-09-28T15:15:00-04:00	9.35	9.37	9.34	9.37	15297	yfinance_1m
2026-09-28T15:16:00-04:00	9.37	9.37	9.37	9.37	1887	yfinance_1m
2026-09-28T15:17:00-04:00	9.37	9.37	9.36	9.36	2709	yfinance_1m
2026-09-28T15:18:00-04:00	9.36	9.37	9.36	9.36	1517	yfinance_1m
2026-09-28T15:19:00-04:00	9.365	9.365	9.35	9.35	3474	yfinance_1m
2026-09-28T15:20:00-04:00	9.35	9.35	9.33	9.33	1942	yfinance_1m
2026-09-28T15:21:00-04:00	9.33	9.3376	9.33	9.3376	2696	yfinance_1m
2026-09-28T15:22:00-04:00	9.33	9.34	9.305	9.31	3777	yfinance_1m
2026-09-28T15:23:00-04:00	9.31	9.3252	9.31	9.3252	3700	yfinance_1m
2026-09-28T15:24:00-04:00	9.33	9.33	9.31	9.31	4451	yfinance_1m
2026-09-28T15:25:00-04:00	9.31	9.31	9.3	9.305	2004	yfinance_1m
2026-09-28T15:26:00-04:00	9.31	9.31	9.3	9.3	2268	yfinance_1m
2026-09-28T15:27:00-04:00	9.3	9.3	9.295	9.3	950	yfinance_1m
2026-09-28T15:28:00-04:00	9.29	9.3	9.28	9.3	6686	yfinance_1m
2026-09-28T15:29:00-04:00	9.3	9.305	9.295	9.295	3292	yfinance_1m
2026-09-28T15:30:00-04:00	9.29	9.29	9.28	9.28	2911	yfinance_1m
2026-09-28T15:31:00-04:00	9.28	9.29	9.27	9.29	2174	yfinance_1m
2026-09-28T15:32:00-04:00	9.29	9.31	9.29	9.305	3535	yfinance_1m
2026-09-28T15:33:00-04:00	9.3	9.31	9.29	9.3	2671	yfinance_1m
2026-09-28T15:34:00-04:00	9.28	9.29	9.28	9.2801	2234	yfinance_1m
2026-09-28T15:35:00-04:00	9.28	9.29	9.27	9.27	4425	yfinance_1m
2026-09-28T15:36:00-04:00	9.28	9.28	9.28	9.28	1998	yfinance_1m
2026-09-28T15:37:00-04:00	9.26	9.27	9.26	9.265	5496	yfinance_1m
2026-09-28T15:38:00-04:00	9.26	9.2639	9.25	9.25	3666	yfinance_1m
2026-09-28T15:39:00-04:00	9.25	9.25	9.235	9.24	4208	yfinance_1m
2026-09-28T15:40:00-04:00	9.24	9.24	9.19	9.2175	11918	yfinance_1m
2026-09-28T15:41:00-04:00	9.215	9.23	9.215	9.23	1742	yfinance_1m
2026-09-28T15:42:00-04:00	9.2207	9.25	9.22	9.24	19129	yfinance_1m
2026-09-28T15:43:00-04:00	9.24	9.24	9.24	9.24	1387	yfinance_1m
2026-09-28T15:44:00-04:00	9.24	9.24	9.23	9.235	4371	yfinance_1m
2026-09-28T15:45:00-04:00	9.235	9.235	9.215	9.215	9601	yfinance_1m
2026-09-28T15:46:00-04:00	9.2199	9.22	9.215	9.215	2312	yfinance_1m
2026-09-28T15:47:00-04:00	9.215	9.215	9.205	9.205	5284	yfinance_1m
2026-09-28T15:48:00-04:00	9.21	9.21	9.205	9.21	11025	yfinance_1m
2026-09-28T15:49:00-04:00	9.21	9.21	9.195	9.21	6273	yfinance_1m
2026-09-28T15:50:00-04:00	9.22	9.23	9.21	9.23	12178	yfinance_1m
2026-09-28T15:51:00-04:00	9.23	9.23	9.21	9.225	7414	yfinance_1m
2026-09-28T15:52:00-04:00	9.225	9.23	9.225	9.225	1278	yfinance_1m
2026-09-28T15:53:00-04:00	9.225	9.23	9.215	9.23	15632	yfinance_1m
2026-09-28T15:54:00-04:00	9.225	9.225	9.2	9.205	18679	yfinance_1m
2026-09-28T15:55:00-04:00	9.2	9.205	9.19	9.1901	16984	yfinance_1m
2026-09-28T15:56:00-04:00	9.195	9.195	9.1638	9.17	37205	yfinance_1m
2026-09-28T15:57:00-04:00	9.165	9.18	9.165	9.17	19148	yfinance_1m
2026-09-28T15:58:00-04:00	9.18	9.185	9.14	9.155	70733	yfinance_1m
2026-09-28T15:59:00-04:00	9.155	9.16	9.13	9.135	61620	yfinance_1m
2026-09-29T09:30:00-04:00	9.16	9.4	9.06	9.1299	28850	yfinance_1m
2026-09-29T09:31:00-04:00	9.12	9.18	9.02	9.02	1935	yfinance_1m
2026-09-29T09:32:00-04:00	9.01	9.16	9.01	9.06	1302	yfinance_1m
2026-09-29T09:33:00-04:00	9.06	9.12	9.06	9.12	1104	yfinance_1m
2026-09-29T09:34:00-04:00	9.075	9.075	9.075	9.075	511	yfinance_1m
2026-09-29T09:35:00-04:00	9.06	9.1	9.06	9.1	1068	yfinance_1m
2026-09-29T09:36:00-04:00	9.105	9.105	8.95	8.9517	12552	yfinance_1m
2026-09-29T09:37:00-04:00	8.995	8.995	8.9526	8.995	1599	yfinance_1m
2026-09-29T09:38:00-04:00	9.038	9.065	9.015	9.065	6100	yfinance_1m
2026-09-29T09:40:00-04:00	9.14	9.14	9.03	9.03	8433	yfinance_1m
2026-09-29T09:41:00-04:00	9.1044	9.105	9.03	9.105	3894	yfinance_1m
2026-09-29T09:42:00-04:00	9.15	9.19	9.15	9.18	3534	yfinance_1m
2026-09-29T09:43:00-04:00	9.13	9.18	9.06	9.09	47589	yfinance_1m
2026-09-29T09:44:00-04:00	9.15	9.15	9.03	9.06	12246	yfinance_1m
2026-09-29T09:45:00-04:00	9.06	9.065	9.06	9.065	7714	yfinance_1m
2026-09-29T09:46:00-04:00	9.09	9.13	9.085	9.085	1541	yfinance_1m
2026-09-29T09:47:00-04:00	9.12	9.13	9.095	9.13	1752	yfinance_1m
2026-09-29T09:48:00-04:00	9.105	9.105	9.105	9.105	636	yfinance_1m
2026-09-29T09:49:00-04:00	9.105	9.105	9.08	9.1	4856	yfinance_1m
2026-09-29T09:50:00-04:00	9.12	9.12	9.0875	9.0875	1390	yfinance_1m
2026-09-29T09:52:00-04:00	9.115	9.115	9.115	9.115	633	yfinance_1m
2026-09-29T09:53:00-04:00	9.125	9.125	9.125	9.125	216	yfinance_1m
2026-09-29T09:54:00-04:00	9.1413	9.1413	9.11	9.12	1957	yfinance_1m
2026-09-29T09:55:00-04:00	9.15	9.15	9.14	9.14	1785	yfinance_1m
2026-09-29T09:56:00-04:00	9.17	9.22	9.17	9.22	3065	yfinance_1m
2026-09-29T09:57:00-04:00	9.22	9.22	9.205	9.21	2187	yfinance_1m
2026-09-29T09:58:00-04:00	9.205	9.205	9.205	9.205	885	yfinance_1m
2026-09-29T09:59:00-04:00	9.17	9.17	9.0636	9.0636	15902	yfinance_1m
2026-09-29T10:00:00-04:00	9.09	9.095	9.09	9.095	942	yfinance_1m
2026-09-29T10:01:00-04:00	9.06	9.06	9.05	9.05	398	yfinance_1m
2026-09-29T10:02:00-04:00	9.03	9.06	9.02	9.06	4197	yfinance_1m
2026-09-29T10:03:00-04:00	9.07	9.075	9.07	9.075	709	yfinance_1m
2026-09-29T10:05:00-04:00	9.15	9.15	9.04	9.04	6065	yfinance_1m
2026-09-29T10:06:00-04:00	9.04	9.04	9.04	9.04	245	yfinance_1m
2026-09-29T10:07:00-04:00	9.05	9.085	9.05	9.085	661	yfinance_1m
2026-09-29T10:08:00-04:00	9.05	9.065	9.05	9.065	8524	yfinance_1m
2026-09-29T10:09:00-04:00	9.03	9.03	9.02	9.02	531	yfinance_1m
2026-09-29T10:11:00-04:00	9.065	9.065	9.065	9.065	283	yfinance_1m
2026-09-29T10:12:00-04:00	9.03	9.03	9.03	9.03	644	yfinance_1m
2026-09-29T10:13:00-04:00	9.04	9.04	9.04	9.04	512	yfinance_1m
2026-09-29T10:14:00-04:00	9.04	9.04	9.0	9.01	1406	yfinance_1m
2026-09-29T10:15:00-04:00	9.0	9.0	8.98	8.985	10373	yfinance_1m
2026-09-29T10:16:00-04:00	9.0	9.05	9.0	9.045	13402	yfinance_1m
2026-09-29T10:17:00-04:00	9.045	9.07	9.045	9.07	3384	yfinance_1m
2026-09-29T10:19:00-04:00	9.1	9.18	9.1	9.125	22118	yfinance_1m
2026-09-29T10:20:00-04:00	9.125	9.24	9.125	9.23	28294	yfinance_1m
2026-09-29T10:21:00-04:00	9.195	9.2	9.17	9.195	1429	yfinance_1m
2026-09-29T10:22:00-04:00	9.17	9.2	9.17	9.195	11287	yfinance_1m
2026-09-29T10:24:00-04:00	9.195	9.195	9.195	9.195	505	yfinance_1m
2026-09-29T10:25:00-04:00	9.2	9.215	9.2	9.215	1809	yfinance_1m
2026-09-29T10:26:00-04:00	9.21	9.21	9.21	9.21	707	yfinance_1m
2026-09-29T10:27:00-04:00	9.21	9.23	9.21	9.21	4513	yfinance_1m
2026-09-29T10:28:00-04:00	9.215	9.225	9.21	9.22	4841	yfinance_1m
2026-09-29T10:29:00-04:00	9.19	9.2	9.19	9.2	2449	yfinance_1m
2026-09-29T10:30:00-04:00	9.21	9.21	9.21	9.21	138	yfinance_1m
2026-09-29T10:31:00-04:00	9.2	9.2	9.18	9.18	1556	yfinance_1m
2026-09-29T10:32:00-04:00	9.175	9.175	9.15	9.15	1440	yfinance_1m
2026-09-29T10:33:00-04:00	9.16	9.16	9.13	9.13	6163	yfinance_1m
2026-09-29T10:34:00-04:00	9.13	9.14	9.13	9.14	812	yfinance_1m
2026-09-29T10:35:00-04:00	9.14	9.14	9.125	9.14	3653	yfinance_1m
2026-09-29T10:36:00-04:00	9.14	9.14	9.11	9.115	2568	yfinance_1m
2026-09-29T10:37:00-04:00	9.12	9.12	9.115	9.115	382	yfinance_1m
2026-09-29T10:38:00-04:00	9.11	9.12	9.11	9.12	1451	yfinance_1m
2026-09-29T10:39:00-04:00	9.13	9.2	9.13	9.18	8368	yfinance_1m
2026-09-29T10:40:00-04:00	9.195	9.195	9.18	9.18	1441	yfinance_1m
2026-09-29T10:41:00-04:00	9.16	9.16	9.14	9.15	6125	yfinance_1m
2026-09-29T10:42:00-04:00	9.14	9.195	9.13	9.195	10938	yfinance_1m
2026-09-29T10:43:00-04:00	9.195	9.21	9.195	9.2	10343	yfinance_1m
2026-09-29T10:44:00-04:00	9.21	9.22	9.21	9.22	1754	yfinance_1m
2026-09-29T10:45:00-04:00	9.21	9.21	9.195	9.195	7763	yfinance_1m
2026-09-29T10:46:00-04:00	9.18	9.19	9.18	9.19	1217	yfinance_1m
2026-09-29T10:47:00-04:00	9.19	9.21	9.19	9.21	6651	yfinance_1m
2026-09-29T10:48:00-04:00	9.205	9.21	9.2	9.2	1240	yfinance_1m
2026-09-29T10:49:00-04:00	9.2	9.2	9.18	9.185	2245	yfinance_1m
2026-09-29T10:50:00-04:00	9.185	9.295	9.185	9.29	26321	yfinance_1m
2026-09-29T10:51:00-04:00	9.29	9.31	9.29	9.3	2026	yfinance_1m
2026-09-29T10:52:00-04:00	9.3	9.3	9.3	9.3	462	yfinance_1m
2026-09-29T10:53:00-04:00	9.29	9.29	9.26	9.26	4570	yfinance_1m
2026-09-29T10:54:00-04:00	9.27	9.275	9.26	9.27	1500	yfinance_1m
2026-09-29T10:55:00-04:00	9.27	9.295	9.27	9.28	6919	yfinance_1m
2026-09-29T10:56:00-04:00	9.2482	9.27	9.2482	9.2664	2285	yfinance_1m
2026-09-29T10:57:00-04:00	9.25	9.26	9.25	9.25	1852	yfinance_1m
2026-09-29T10:58:00-04:00	9.24	9.245	9.21	9.21	4781	yfinance_1m
2026-09-29T10:59:00-04:00	9.21	9.21	9.18	9.18	2189	yfinance_1m
2026-09-29T11:00:00-04:00	9.17	9.17	9.17	9.17	708	yfinance_1m
2026-09-29T11:01:00-04:00	9.14	9.14	9.135	9.135	943	yfinance_1m
2026-09-29T11:02:00-04:00	9.14	9.14	9.12	9.1266	1169	yfinance_1m
2026-09-29T11:03:00-04:00	9.13	9.14	9.13	9.14	1679	yfinance_1m
2026-09-29T11:04:00-04:00	9.13	9.13	9.13	9.13	613	yfinance_1m
2026-09-29T11:05:00-04:00	9.14	9.15	9.14	9.15	3140	yfinance_1m
2026-09-29T11:06:00-04:00	9.15	9.15	9.15	9.15	670	yfinance_1m
2026-09-29T11:07:00-04:00	9.15	9.15	9.14	9.14	707	yfinance_1m
2026-09-29T11:08:00-04:00	9.125	9.125	9.125	9.125	403	yfinance_1m
2026-09-29T11:09:00-04:00	9.13	9.14	9.13	9.13	2864	yfinance_1m
2026-09-29T11:10:00-04:00	9.14	9.165	9.14	9.165	9251	yfinance_1m
2026-09-29T11:11:00-04:00	9.17	9.175	9.165	9.175	6179	yfinance_1m
2026-09-29T11:12:00-04:00	9.175	9.175	9.16	9.16	6026	yfinance_1m
2026-09-29T11:13:00-04:00	9.165	9.165	9.165	9.165	715	yfinance_1m
2026-09-29T11:14:00-04:00	9.165	9.165	9.155	9.155	1108	yfinance_1m
2026-09-29T11:15:00-04:00	9.16	9.18	9.14	9.14	11407	yfinance_1m
2026-09-29T11:16:00-04:00	9.14	9.14	9.12	9.12	3168	yfinance_1m
2026-09-29T11:17:00-04:00	9.11	9.115	9.1	9.1	2918	yfinance_1m
2026-09-29T11:18:00-04:00	9.1	9.1	9.1	9.1	407	yfinance_1m
2026-09-29T11:19:00-04:00	9.1	9.1	9.1	9.1	1471	yfinance_1m
2026-09-29T11:20:00-04:00	9.1	9.1	9.07	9.07	6500	yfinance_1m
2026-09-29T11:21:00-04:00	9.08	9.08	9.08	9.08	1644	yfinance_1m
2026-09-29T11:22:00-04:00	9.07	9.07	9.06	9.07	3479	yfinance_1m
2026-09-29T11:23:00-04:00	9.06	9.06	9.06	9.06	102	yfinance_1m
2026-09-29T11:24:00-04:00	9.06	9.07	9.06	9.06	1615	yfinance_1m
2026-09-29T11:25:00-04:00	9.05	9.05	9.045	9.05	10635	yfinance_1m
2026-09-29T11:26:00-04:00	9.045	9.045	9.04	9.045	1153	yfinance_1m
2026-09-29T11:27:00-04:00	9.035	9.035	9.035	9.035	1204	yfinance_1m
2026-09-29T11:28:00-04:00	9.04	9.05	9.04	9.05	576	yfinance_1m
2026-09-29T11:29:00-04:00	9.04	9.04	9.04	9.04	437	yfinance_1m
2026-09-29T11:30:00-04:00	9.04	9.06	9.04	9.06	3173	yfinance_1m
2026-09-29T11:31:00-04:00	9.06	9.08	9.06	9.065	932	yfinance_1m
2026-09-29T11:32:00-04:00	9.06	9.07	9.06	9.07	1671	yfinance_1m
2026-09-29T11:33:00-04:00	9.08	9.09	9.08	9.09	748	yfinance_1m
2026-09-29T11:34:00-04:00	9.09	9.1	9.09	9.1	2208	yfinance_1m
2026-09-29T11:36:00-04:00	9.1	9.1	9.1	9.1	459	yfinance_1m
2026-09-29T11:37:00-04:00	9.09	9.095	9.09	9.095	1180	yfinance_1m
2026-09-29T11:38:00-04:00	9.09	9.1	9.09	9.1	1167	yfinance_1m
2026-09-29T11:39:00-04:00	9.1	9.105	9.1	9.1	1431	yfinance_1m
2026-09-29T11:40:00-04:00	9.105	9.105	9.105	9.105	460	yfinance_1m
2026-09-29T11:41:00-04:00	9.09	9.095	9.08	9.08	1043	yfinance_1m
2026-09-29T11:43:00-04:00	9.08	9.08	9.08	9.08	633	yfinance_1m
2026-09-29T11:44:00-04:00	9.071	9.11	9.07	9.09	8694	yfinance_1m
2026-09-29T11:45:00-04:00	9.085	9.09	9.085	9.085	7298	yfinance_1m
2026-09-29T11:46:00-04:00	9.085	9.085	9.085	9.085	285	yfinance_1m
2026-09-29T11:47:00-04:00	9.1	9.15	9.085	9.135	6301	yfinance_1m
2026-09-29T11:48:00-04:00	9.1	9.105	9.1	9.105	505	yfinance_1m
2026-09-29T11:49:00-04:00	9.11	9.12	9.11	9.12	328	yfinance_1m
2026-09-29T11:50:00-04:00	9.11	9.11	9.08	9.08	1427	yfinance_1m
2026-09-29T11:51:00-04:00	9.075	9.075	9.06	9.06	4033	yfinance_1m
2026-09-29T11:52:00-04:00	9.07	9.07	9.055	9.055	1040	yfinance_1m
2026-09-29T11:53:00-04:00	9.06	9.06	9.055	9.055	1014	yfinance_1m
2026-09-29T11:54:00-04:00	9.0672	9.07	9.0672	9.07	292	yfinance_1m
2026-09-29T11:55:00-04:00	9.06	9.07	9.05	9.055	1217	yfinance_1m
2026-09-29T11:56:00-04:00	9.055	9.07	9.055	9.055	867	yfinance_1m
2026-09-29T11:57:00-04:00	9.055	9.055	9.055	9.055	443	yfinance_1m
2026-09-29T11:58:00-04:00	9.07	9.08	9.06	9.08	938	yfinance_1m
2026-09-29T11:59:00-04:00	9.06	9.08	9.04	9.08	824	yfinance_1m
2026-09-29T12:00:00-04:00	9.07	9.07	9.07	9.07	135	yfinance_1m
2026-09-29T12:01:00-04:00	9.055	9.055	9.055	9.055	313	yfinance_1m
2026-09-29T12:02:00-04:00	9.07	9.07	9.05	9.055	1187	yfinance_1m
2026-09-29T12:03:00-04:00	9.06	9.07	9.05	9.05	10809	yfinance_1m
2026-09-29T12:04:00-04:00	9.06	9.07	9.06	9.06	501	yfinance_1m
2026-09-29T12:05:00-04:00	9.06	9.06	9.045	9.045	1552	yfinance_1m
2026-09-29T12:06:00-04:00	9.045	9.045	9.0427	9.045	1329	yfinance_1m
2026-09-29T12:07:00-04:00	9.04	9.04	9.04	9.04	593	yfinance_1m
2026-09-29T12:09:00-04:00	9.02	9.03	9.01	9.025	1567	yfinance_1m
2026-09-29T12:10:00-04:00	9.037	9.037	9.02	9.02	661	yfinance_1m
2026-09-29T12:11:00-04:00	9.02	9.02	9.02	9.02	260	yfinance_1m
2026-09-29T12:12:00-04:00	9.02	9.02	9.02	9.02	466	yfinance_1m
2026-09-29T12:13:00-04:00	9.02	9.03	9.01	9.02	1774	yfinance_1m
2026-09-29T12:14:00-04:00	9.01	9.015	9.01	9.01	644	yfinance_1m
2026-09-29T12:15:00-04:00	9.01	9.01	9.01	9.01	7060	yfinance_1m
2026-09-29T12:16:00-04:00	9.0	9.0	8.96	8.97	8927	yfinance_1m
2026-09-29T12:17:00-04:00	8.9601	8.97	8.9601	8.97	2601	yfinance_1m
2026-09-29T12:18:00-04:00	8.97	8.97	8.95	8.96	1751	yfinance_1m
2026-09-29T12:19:00-04:00	8.95	8.96	8.94	8.94	6151	yfinance_1m
2026-09-29T12:20:00-04:00	8.95	8.95	8.945	8.945	2170	yfinance_1m
2026-09-29T12:21:00-04:00	8.96	8.98	8.96	8.97	4287	yfinance_1m
2026-09-29T12:22:00-04:00	8.97	8.97	8.97	8.97	1393	yfinance_1m
2026-09-29T12:23:00-04:00	8.98	8.98	8.97	8.97	1557	yfinance_1m
2026-09-29T12:24:00-04:00	8.98	8.98	8.98	8.98	235	yfinance_1m
2026-09-29T12:25:00-04:00	8.98	8.98	8.98	8.98	547	yfinance_1m
2026-09-29T12:27:00-04:00	8.98	8.98	8.98	8.98	249	yfinance_1m
2026-09-29T12:28:00-04:00	8.99	8.99	8.99	8.99	1305	yfinance_1m
2026-09-29T12:29:00-04:00	8.99	8.99	8.97	8.97	3345	yfinance_1m
2026-09-29T12:30:00-04:00	8.98	8.98	8.97	8.97	520	yfinance_1m
2026-09-29T12:31:00-04:00	8.97	8.97	8.95	8.95	3054	yfinance_1m
2026-09-29T12:32:00-04:00	8.95	8.95	8.95	8.95	873	yfinance_1m
2026-09-29T12:33:00-04:00	8.96	8.97	8.96	8.97	2411	yfinance_1m
2026-09-29T12:34:00-04:00	8.97	8.98	8.97	8.98	5800	yfinance_1m
2026-09-29T12:35:00-04:00	8.97	8.98	8.97	8.98	823	yfinance_1m
2026-09-29T12:36:00-04:00	8.97	8.98	8.97	8.98	538	yfinance_1m
2026-09-29T12:37:00-04:00	8.97	8.97	8.96	8.96	315	yfinance_1m
2026-09-29T12:38:00-04:00	8.97	8.97	8.97	8.97	330	yfinance_1m
2026-09-29T12:39:00-04:00	8.96	8.96	8.96	8.96	1996	yfinance_1m
2026-09-29T12:40:00-04:00	8.96	8.96	8.94	8.945	1101	yfinance_1m
2026-09-29T12:41:00-04:00	8.945	8.95	8.94	8.94	8376	yfinance_1m
2026-09-29T12:42:00-04:00	8.93	8.94	8.925	8.94	419	yfinance_1m
2026-09-29T12:43:00-04:00	8.93	8.935	8.93	8.935	830	yfinance_1m
2026-09-29T12:44:00-04:00	8.93	8.93	8.925	8.93	2227	yfinance_1m
2026-09-29T12:45:00-04:00	8.93	8.93	8.915	8.915	8078	yfinance_1m
2026-09-29T12:46:00-04:00	8.915	8.915	8.915	8.915	382	yfinance_1m
2026-09-29T12:47:00-04:00	8.92	8.92	8.9	8.92	4318	yfinance_1m
2026-09-29T12:48:00-04:00	8.92	8.93	8.92	8.925	1595	yfinance_1m
2026-09-29T12:49:00-04:00	8.93	8.93	8.93	8.93	375	yfinance_1m
2026-09-29T12:50:00-04:00	8.93	8.93	8.93	8.93	228	yfinance_1m
2026-09-29T12:51:00-04:00	8.93	8.94	8.93	8.94	1536	yfinance_1m
2026-09-29T12:52:00-04:00	8.93	8.93	8.925	8.93	3515	yfinance_1m
2026-09-29T12:53:00-04:00	8.93	8.93	8.93	8.93	546	yfinance_1m
2026-09-29T12:54:00-04:00	8.9235	8.9235	8.91	8.91	1716	yfinance_1m
2026-09-29T12:55:00-04:00	8.915	8.915	8.895	8.9	3765	yfinance_1m
2026-09-29T12:56:00-04:00	8.9	8.9	8.9	8.9	994	yfinance_1m
2026-09-29T12:57:00-04:00	8.9	8.95	8.9	8.925	9252	yfinance_1m
2026-09-29T12:58:00-04:00	8.925	8.93	8.925	8.93	401	yfinance_1m
2026-09-29T12:59:00-04:00	8.94	8.94	8.93	8.93	402	yfinance_1m
2026-09-29T13:01:00-04:00	8.93	8.93	8.92	8.92	1270	yfinance_1m
2026-09-29T13:02:00-04:00	8.92	8.92	8.92	8.92	359	yfinance_1m
2026-09-29T13:03:00-04:00	8.92	8.92	8.92	8.92	140	yfinance_1m
2026-09-29T13:04:00-04:00	8.92	8.92	8.92	8.92	638	yfinance_1m
2026-09-29T13:05:00-04:00	8.92	8.92	8.92	8.92	2306	yfinance_1m
2026-09-29T13:06:00-04:00	8.91	8.92	8.91	8.92	800	yfinance_1m
2026-09-29T13:07:00-04:00	8.92	8.92	8.92	8.92	117	yfinance_1m
2026-09-29T13:08:00-04:00	8.92	8.92	8.92	8.92	881	yfinance_1m
2026-09-29T13:09:00-04:00	8.92	8.92	8.91	8.91	1784	yfinance_1m
2026-09-29T13:10:00-04:00	8.91	8.92	8.9	8.92	666	yfinance_1m
2026-09-29T13:11:00-04:00	8.91	8.92	8.91	8.91	2379	yfinance_1m
2026-09-29T13:12:00-04:00	8.91	8.91	8.91	8.91	492	yfinance_1m
2026-09-29T13:13:00-04:00	8.91	8.91	8.91	8.91	811	yfinance_1m
2026-09-29T13:14:00-04:00	8.91	8.91	8.91	8.91	218	yfinance_1m
2026-09-29T13:15:00-04:00	8.9	8.9	8.88	8.885	11725	yfinance_1m
2026-09-29T13:16:00-04:00	8.88	8.88	8.87	8.88	3529	yfinance_1m
2026-09-29T13:17:00-04:00	8.87	8.87	8.8669	8.8669	896	yfinance_1m
2026-09-29T13:18:00-04:00	8.87	8.87	8.87	8.87	267	yfinance_1m
2026-09-29T13:19:00-04:00	8.87	8.87	8.87	8.87	488	yfinance_1m
2026-09-29T13:20:00-04:00	8.87	8.88	8.87	8.88	2038	yfinance_1m
2026-09-29T13:21:00-04:00	8.88	8.88	8.88	8.88	1068	yfinance_1m
2026-09-29T13:22:00-04:00	8.88	8.89	8.88	8.89	5456	yfinance_1m
2026-09-29T13:23:00-04:00	8.895	8.915	8.895	8.915	3034	yfinance_1m
2026-09-29T13:24:00-04:00	8.92	8.925	8.915	8.925	1886	yfinance_1m
2026-09-29T13:25:00-04:00	8.93	8.94	8.92	8.94	1093	yfinance_1m
2026-09-29T13:26:00-04:00	8.94	8.94	8.94	8.94	1140	yfinance_1m
2026-09-29T13:27:00-04:00	8.94	8.95	8.94	8.95	1210	yfinance_1m
2026-09-29T13:28:00-04:00	8.95	8.95	8.93	8.935	3304	yfinance_1m
2026-09-29T13:30:00-04:00	8.93	8.93	8.93	8.93	869	yfinance_1m
2026-09-29T13:31:00-04:00	8.93	8.93	8.93	8.93	260	yfinance_1m
2026-09-29T13:32:00-04:00	8.93	8.93	8.93	8.93	623	yfinance_1m
2026-09-29T13:33:00-04:00	8.93	8.93	8.93	8.93	374	yfinance_1m
2026-09-29T13:34:00-04:00	8.94	8.94	8.93	8.93	319	yfinance_1m
2026-09-29T13:35:00-04:00	8.94	8.94	8.93	8.93	498	yfinance_1m
2026-09-29T13:36:00-04:00	8.935	8.935	8.935	8.935	325	yfinance_1m
2026-09-29T13:37:00-04:00	8.9301	8.94	8.9301	8.94	585	yfinance_1m
2026-09-29T13:38:00-04:00	8.94	8.945	8.935	8.945	3106	yfinance_1m
2026-09-29T13:39:00-04:00	8.945	8.945	8.945	8.945	958	yfinance_1m
2026-09-29T13:40:00-04:00	8.95	8.95	8.945	8.945	2042	yfinance_1m
2026-09-29T13:41:00-04:00	8.945	8.945	8.945	8.945	306	yfinance_1m
2026-09-29T13:42:00-04:00	8.945	8.945	8.945	8.945	208	yfinance_1m
2026-09-29T13:43:00-04:00	8.945	8.95	8.945	8.95	2079	yfinance_1m
2026-09-29T13:44:00-04:00	8.95	8.955	8.94	8.94	4450	yfinance_1m
2026-09-29T13:45:00-04:00	8.95	8.95	8.95	8.95	887	yfinance_1m
2026-09-29T13:46:00-04:00	8.95	8.95	8.94	8.94	9753	yfinance_1m
2026-09-29T13:48:00-04:00	8.94	8.94	8.93	8.93	692	yfinance_1m
2026-09-29T13:49:00-04:00	8.94	8.94	8.94	8.94	530	yfinance_1m
2026-09-29T13:50:00-04:00	8.94	8.94	8.94	8.94	891	yfinance_1m
2026-09-29T13:51:00-04:00	8.93	8.93	8.93	8.93	1693	yfinance_1m
2026-09-29T13:52:00-04:00	8.93	8.94	8.93	8.94	500	yfinance_1m
2026-09-29T13:54:00-04:00	8.93	8.93	8.92	8.92	875	yfinance_1m
2026-09-29T13:55:00-04:00	8.925	8.925	8.925	8.925	903	yfinance_1m
2026-09-29T13:56:00-04:00	8.92	8.92	8.92	8.92	279	yfinance_1m
2026-09-29T13:57:00-04:00	8.92	8.92	8.92	8.92	425	yfinance_1m
2026-09-29T13:58:00-04:00	8.92	8.92	8.92	8.92	431	yfinance_1m
2026-09-29T14:00:00-04:00	8.93	8.975	8.92	8.97	15911	yfinance_1m
2026-09-29T14:01:00-04:00	8.98	9.01	8.95	8.95	5225	yfinance_1m
2026-09-29T14:02:00-04:00	8.97	8.98	8.97	8.97	2130	yfinance_1m
2026-09-29T14:03:00-04:00	8.965	8.965	8.965	8.965	243	yfinance_1m
2026-09-29T14:04:00-04:00	8.95	8.96	8.945	8.96	2924	yfinance_1m
2026-09-29T14:05:00-04:00	8.9646	8.98	8.9646	8.98	1122	yfinance_1m
2026-09-29T14:06:00-04:00	8.98	9.0	8.98	9.0	1902	yfinance_1m
2026-09-29T14:07:00-04:00	8.99	8.99	8.96	8.96	620	yfinance_1m
2026-09-29T14:08:00-04:00	8.97	8.97	8.97	8.97	1362	yfinance_1m
2026-09-29T14:09:00-04:00	8.975	8.975	8.96	8.96	861	yfinance_1m
2026-09-29T14:10:00-04:00	8.975	8.975	8.975	8.975	970	yfinance_1m
2026-09-29T14:11:00-04:00	8.95	8.95	8.95	8.95	525	yfinance_1m
2026-09-29T14:12:00-04:00	8.94	8.94	8.93	8.94	1546	yfinance_1m
2026-09-29T14:13:00-04:00	8.94	8.96	8.94	8.958	3012	yfinance_1m
2026-09-29T14:14:00-04:00	8.955	8.955	8.955	8.955	427	yfinance_1m
2026-09-29T14:15:00-04:00	8.95	8.95	8.95	8.95	4360	yfinance_1m
2026-09-29T14:16:00-04:00	8.95	8.95	8.95	8.95	7118	yfinance_1m
2026-09-29T14:17:00-04:00	8.95	8.95	8.95	8.95	1116	yfinance_1m
2026-09-29T14:18:00-04:00	8.95	8.95	8.95	8.95	2790	yfinance_1m
2026-09-29T14:19:00-04:00	8.95	8.95	8.935	8.94	2087	yfinance_1m
2026-09-29T14:20:00-04:00	8.94	8.94	8.94	8.94	880	yfinance_1m
2026-09-29T14:21:00-04:00	8.931	8.95	8.931	8.94	1886	yfinance_1m
2026-09-29T14:22:00-04:00	8.94	8.94	8.931	8.935	1769	yfinance_1m
2026-09-29T14:23:00-04:00	8.94	8.94	8.935	8.935	1254	yfinance_1m
2026-09-29T14:24:00-04:00	8.935	8.935	8.9	8.9	5897	yfinance_1m
2026-09-29T14:25:00-04:00	8.9	8.9	8.9	8.9	548	yfinance_1m
2026-09-29T14:26:00-04:00	8.91	8.9101	8.91	8.9101	2767	yfinance_1m
2026-09-29T14:27:00-04:00	8.915	8.915	8.915	8.915	702	yfinance_1m
2026-09-29T14:28:00-04:00	8.915	8.93	8.915	8.93	2486	yfinance_1m
2026-09-29T14:29:00-04:00	8.925	8.925	8.925	8.925	506	yfinance_1m
2026-09-29T14:30:00-04:00	8.925	8.97	8.915	8.915	7887	yfinance_1m
2026-09-29T14:31:00-04:00	8.92	8.92	8.92	8.92	379	yfinance_1m
2026-09-29T14:32:00-04:00	8.92	8.92	8.92	8.92	845	yfinance_1m
2026-09-29T14:33:00-04:00	8.92	8.92	8.92	8.92	337	yfinance_1m
2026-09-29T14:34:00-04:00	8.92	8.92	8.915	8.915	1379	yfinance_1m
2026-09-29T14:35:00-04:00	8.92	8.92	8.91	8.91	1322	yfinance_1m
2026-09-29T14:36:00-04:00	8.905	8.915	8.905	8.915	5258	yfinance_1m
2026-09-29T14:37:00-04:00	8.92	8.93	8.92	8.93	1824	yfinance_1m
2026-09-29T14:38:00-04:00	8.925	8.935	8.925	8.935	2441	yfinance_1m
2026-09-29T14:39:00-04:00	8.94	8.97	8.94	8.955	8432	yfinance_1m
2026-09-29T14:40:00-04:00	8.955	8.96	8.955	8.96	1220	yfinance_1m
2026-09-29T14:41:00-04:00	8.97	8.9769	8.97	8.9769	758	yfinance_1m
2026-09-29T14:42:00-04:00	8.99	8.99	8.97	8.97	1520	yfinance_1m
2026-09-29T14:43:00-04:00	8.97	8.97	8.96	8.96	3136	yfinance_1m
2026-09-29T14:44:00-04:00	8.945	8.945	8.945	8.945	253	yfinance_1m
2026-09-29T14:45:00-04:00	8.945	8.96	8.945	8.945	2787	yfinance_1m
2026-09-29T14:46:00-04:00	8.945	8.95	8.945	8.95	7274	yfinance_1m
2026-09-29T14:47:00-04:00	8.95	8.95	8.95	8.95	1612	yfinance_1m
2026-09-29T14:48:00-04:00	8.96	8.97	8.955	8.97	1957	yfinance_1m
2026-09-29T14:49:00-04:00	8.965	8.97	8.965	8.97	470	yfinance_1m
2026-09-29T14:50:00-04:00	8.965	8.965	8.95	8.955	4345	yfinance_1m
2026-09-29T14:51:00-04:00	8.96	8.96	8.95	8.95	351	yfinance_1m
2026-09-29T14:52:00-04:00	8.95	8.95	8.95	8.95	2753	yfinance_1m
2026-09-29T14:53:00-04:00	8.96	8.96	8.955	8.96	1353	yfinance_1m
2026-09-29T14:54:00-04:00	8.955	8.955	8.955	8.955	288	yfinance_1m
2026-09-29T14:55:00-04:00	8.955	8.96	8.955	8.96	898	yfinance_1m
2026-09-29T14:56:00-04:00	8.96	8.96	8.95	8.955	990	yfinance_1m
2026-09-29T14:57:00-04:00	8.955	8.96	8.94	8.95	8691	yfinance_1m
2026-09-29T14:58:00-04:00	8.96	8.97	8.96	8.965	3946	yfinance_1m
2026-09-29T14:59:00-04:00	8.965	8.965	8.965	8.965	450	yfinance_1m
2026-09-29T15:00:00-04:00	8.97	8.97	8.965	8.965	1040	yfinance_1m
2026-09-29T15:01:00-04:00	8.965	8.975	8.965	8.975	2757	yfinance_1m
2026-09-29T15:02:00-04:00	8.98	8.995	8.96	8.965	15663	yfinance_1m
2026-09-29T15:03:00-04:00	8.96	8.98	8.96	8.98	1499	yfinance_1m
2026-09-29T15:04:00-04:00	8.97	8.97	8.97	8.97	682	yfinance_1m
2026-09-29T15:05:00-04:00	8.96	8.965	8.95	8.96	1722	yfinance_1m
2026-09-29T15:06:00-04:00	8.955	8.96	8.955	8.96	651	yfinance_1m
2026-09-29T15:07:00-04:00	8.955	8.955	8.95	8.95	1864	yfinance_1m
2026-09-29T15:08:00-04:00	8.94	8.94	8.935	8.935	860	yfinance_1m
2026-09-29T15:09:00-04:00	8.9305	8.935	8.9305	8.935	905	yfinance_1m
2026-09-29T15:10:00-04:00	8.935	8.935	8.935	8.935	732	yfinance_1m
2026-09-29T15:11:00-04:00	8.935	8.94	8.935	8.94	300	yfinance_1m
2026-09-29T15:12:00-04:00	8.94	8.955	8.935	8.95	5930	yfinance_1m
2026-09-29T15:13:00-04:00	8.945	8.95	8.945	8.945	917	yfinance_1m
2026-09-29T15:14:00-04:00	8.945	8.945	8.945	8.945	2051	yfinance_1m
2026-09-29T15:15:00-04:00	8.945	8.95	8.935	8.935	8990	yfinance_1m
2026-09-29T15:16:00-04:00	8.935	8.94	8.935	8.94	408	yfinance_1m
2026-09-29T15:17:00-04:00	8.935	8.935	8.93	8.93	5663	yfinance_1m
2026-09-29T15:18:00-04:00	8.94	8.94	8.935	8.94	1204	yfinance_1m
2026-09-29T15:19:00-04:00	8.94	8.945	8.935	8.945	4118	yfinance_1m
2026-09-29T15:20:00-04:00	8.94	8.94	8.94	8.94	2831	yfinance_1m
2026-09-29T15:21:00-04:00	8.94	8.94	8.935	8.935	1811	yfinance_1m
2026-09-29T15:22:00-04:00	8.935	8.94	8.93	8.94	3690	yfinance_1m
2026-09-29T15:23:00-04:00	8.94	8.94	8.935	8.94	3358	yfinance_1m
2026-09-29T15:24:00-04:00	8.94	8.94	8.925	8.925	2855	yfinance_1m
2026-09-29T15:25:00-04:00	8.93	8.935	8.93	8.935	1580	yfinance_1m
2026-09-29T15:26:00-04:00	8.935	8.935	8.92	8.93	2475	yfinance_1m
2026-09-29T15:27:00-04:00	8.93	8.93	8.925	8.925	571	yfinance_1m
2026-09-29T15:28:00-04:00	8.925	8.93	8.925	8.925	1354	yfinance_1m
2026-09-29T15:29:00-04:00	8.925	8.925	8.88	8.88	11313	yfinance_1m
2026-09-29T15:30:00-04:00	8.8817	8.885	8.875	8.88	2544	yfinance_1m
2026-09-29T15:31:00-04:00	8.875	8.88	8.875	8.88	1635	yfinance_1m
2026-09-29T15:32:00-04:00	8.885	8.895	8.885	8.895	3117	yfinance_1m
2026-09-29T15:33:00-04:00	8.895	8.895	8.89	8.89	2830	yfinance_1m
2026-09-29T15:34:00-04:00	8.8891	8.8891	8.88	8.885	1452	yfinance_1m
2026-09-29T15:35:00-04:00	8.88	8.885	8.87	8.875	5475	yfinance_1m
2026-09-29T15:36:00-04:00	8.875	8.88	8.875	8.88	1669	yfinance_1m
2026-09-29T15:37:00-04:00	8.88	8.9	8.88	8.9	4274	yfinance_1m
2026-09-29T15:38:00-04:00	8.895	8.8999	8.895	8.895	1384	yfinance_1m
2026-09-29T15:39:00-04:00	8.895	8.9	8.885	8.895	6489	yfinance_1m
2026-09-29T15:40:00-04:00	8.9	8.9	8.88	8.88	4321	yfinance_1m
2026-09-29T15:41:00-04:00	8.885	8.89	8.87	8.875	3763	yfinance_1m
2026-09-29T15:42:00-04:00	8.875	8.89	8.87	8.89	8728	yfinance_1m
2026-09-29T15:43:00-04:00	8.885	8.885	8.88	8.88	2065	yfinance_1m
2026-09-29T15:44:00-04:00	8.88	8.88	8.87	8.88	2544	yfinance_1m
2026-09-29T15:45:00-04:00	8.88	8.88	8.88	8.88	762	yfinance_1m
2026-09-29T15:46:00-04:00	8.88	8.88	8.87	8.87	2349	yfinance_1m
2026-09-29T15:47:00-04:00	8.87	8.87	8.86	8.865	7441	yfinance_1m
2026-09-29T15:48:00-04:00	8.865	8.87	8.865	8.865	2877	yfinance_1m
2026-09-29T15:49:00-04:00	8.865	8.865	8.845	8.85	9703	yfinance_1m
2026-09-29T15:50:00-04:00	8.86	8.895	8.86	8.895	10145	yfinance_1m
2026-09-29T15:51:00-04:00	8.895	8.895	8.885	8.895	11291	yfinance_1m
2026-09-29T15:52:00-04:00	8.9	8.905	8.895	8.905	5728	yfinance_1m
2026-09-29T15:53:00-04:00	8.905	8.91	8.9	8.91	5687	yfinance_1m
2026-09-29T15:54:00-04:00	8.905	8.925	8.89	8.89	13391	yfinance_1m
2026-09-29T15:55:00-04:00	8.89	8.91	8.89	8.91	12598	yfinance_1m
2026-09-29T15:56:00-04:00	8.91	8.915	8.865	8.88	26199	yfinance_1m
2026-09-29T15:57:00-04:00	8.875	8.89	8.875	8.885	24853	yfinance_1m
2026-09-29T15:58:00-04:00	8.885	8.885	8.815	8.815	60113	yfinance_1m
2026-09-29T15:59:00-04:00	8.815	8.845	8.805	8.82	91138	yfinance_1m
2026-09-30T09:30:00-04:00	8.92	8.92	8.76	8.835	24926	yfinance_1m
2026-09-30T09:31:00-04:00	8.835	8.95	8.835	8.95	1322	yfinance_1m
2026-09-30T09:32:00-04:00	8.95	8.99	8.945	8.945	682	yfinance_1m
2026-09-30T09:33:00-04:00	8.91	8.91	8.91	8.91	130	yfinance_1m
2026-09-30T09:34:00-04:00	8.91	8.91	8.905	8.91	451	yfinance_1m
2026-09-30T09:35:00-04:00	8.88	8.9	8.85	8.881	3430	yfinance_1m
2026-09-30T09:36:00-04:00	8.87	8.87	8.87	8.87	318	yfinance_1m
2026-09-30T09:37:00-04:00	8.87	8.87	8.87	8.87	145	yfinance_1m
2026-09-30T09:38:00-04:00	8.82	8.82	8.8	8.8	1000	yfinance_1m
2026-09-30T09:39:00-04:00	8.81	8.85	8.81	8.815	2424	yfinance_1m
2026-09-30T09:40:00-04:00	8.81	8.85	8.81	8.85	1028	yfinance_1m
2026-09-30T09:41:00-04:00	8.82	8.82	8.82	8.82	1512	yfinance_1m
2026-09-30T09:42:00-04:00	8.82	8.9	8.82	8.9	5071	yfinance_1m
2026-09-30T09:44:00-04:00	8.87	8.91	8.87	8.91	1808	yfinance_1m
2026-09-30T09:45:00-04:00	8.838	8.86	8.838	8.86	7837	yfinance_1m
2026-09-30T09:46:00-04:00	8.9	8.9	8.864	8.89	923	yfinance_1m
2026-09-30T09:47:00-04:00	8.9	8.9451	8.9	8.9451	2418	yfinance_1m
2026-09-30T09:48:00-04:00	8.905	8.905	8.905	8.905	371	yfinance_1m
2026-09-30T09:49:00-04:00	8.9079	8.9079	8.895	8.895	2000	yfinance_1m
2026-09-30T09:51:00-04:00	8.8601	8.94	8.8601	8.93	1020	yfinance_1m
2026-09-30T09:53:00-04:00	8.94	9.0	8.935	9.0	2548	yfinance_1m
2026-09-30T09:54:00-04:00	8.94	9.0499	8.94	9.0499	4733	yfinance_1m
2026-09-30T09:55:00-04:00	9.03	9.06	9.0164	9.06	1815	yfinance_1m
2026-09-30T09:56:00-04:00	9.06	9.08	9.0101	9.0101	2285	yfinance_1m
2026-09-30T09:57:00-04:00	9.09	9.1499	9.08	9.1499	5188	yfinance_1m
2026-09-30T09:58:00-04:00	9.105	9.16	9.09	9.09	5242	yfinance_1m
2026-09-30T09:59:00-04:00	9.065	9.08	9.04	9.065	6571	yfinance_1m
2026-09-30T10:00:00-04:00	9.09	9.09	9.02	9.02	3456	yfinance_1m
2026-09-30T10:01:00-04:00	9.015	9.015	8.99	9.0	6045	yfinance_1m
2026-09-30T10:02:00-04:00	9.01	9.03	9.01	9.03	2733	yfinance_1m
2026-09-30T10:04:00-04:00	9.0	9.0	9.0	9.0	479	yfinance_1m
2026-09-30T10:05:00-04:00	9.02	9.02	9.0	9.005	4591	yfinance_1m
2026-09-30T10:06:00-04:00	9.01	9.05	9.0	9.0151	24800	yfinance_1m
2026-09-30T10:07:00-04:00	9.03	9.03	9.01	9.01	1385	yfinance_1m
2026-09-30T10:08:00-04:00	8.98	9.02	8.95	8.99	23285	yfinance_1m
2026-09-30T10:10:00-04:00	9.01	9.01	8.95	8.95	2732	yfinance_1m
2026-09-30T10:11:00-04:00	8.93	8.93	8.92	8.93	540	yfinance_1m
2026-09-30T10:12:00-04:00	8.93	8.95	8.93	8.95	676	yfinance_1m
2026-09-30T10:13:00-04:00	8.96	8.965	8.96	8.965	1910	yfinance_1m
2026-09-30T10:14:00-04:00	8.98	8.99	8.98	8.98	1542	yfinance_1m
2026-09-30T10:15:00-04:00	8.985	9.04	8.985	9.035	30015	yfinance_1m
2026-09-30T10:16:00-04:00	9.035	9.035	9.03	9.03	1656	yfinance_1m
2026-09-30T10:17:00-04:00	9.03	9.03	9.02	9.02	2077	yfinance_1m
2026-09-30T10:18:00-04:00	9.02	9.04	9.02	9.03	3722	yfinance_1m
2026-09-30T10:19:00-04:00	9.01	9.02	9.01	9.01	879	yfinance_1m
2026-09-30T10:20:00-04:00	9.02	9.02	9.02	9.02	1562	yfinance_1m
2026-09-30T10:21:00-04:00	9.01	9.01	9.01	9.01	893	yfinance_1m
2026-09-30T10:22:00-04:00	9.005	9.005	8.99	8.99	917	yfinance_1m
2026-09-30T10:23:00-04:00	9.0	9.0	9.0	9.0	1151	yfinance_1m
2026-09-30T10:24:00-04:00	8.99	8.99	8.99	8.99	1022	yfinance_1m
2026-09-30T10:25:00-04:00	8.98	8.98	8.97	8.98	1194	yfinance_1m
2026-09-30T10:26:00-04:00	8.97	8.97	8.97	8.97	452	yfinance_1m
2026-09-30T10:27:00-04:00	8.96	8.975	8.96	8.975	1415	yfinance_1m
2026-09-30T10:28:00-04:00	8.975	8.975	8.94	8.94	1440	yfinance_1m
2026-09-30T10:30:00-04:00	8.955	8.97	8.955	8.97	2693	yfinance_1m
2026-09-30T10:31:00-04:00	8.97	8.97	8.97	8.97	258	yfinance_1m
2026-09-30T10:32:00-04:00	8.99	8.99	8.99	8.99	1201	yfinance_1m
2026-09-30T10:33:00-04:00	8.98	8.98	8.937	8.95	2759	yfinance_1m
2026-09-30T10:35:00-04:00	8.94	8.95	8.94	8.94	2470	yfinance_1m
2026-09-30T10:36:00-04:00	8.95	8.95	8.95	8.95	402	yfinance_1m
2026-09-30T10:37:00-04:00	8.96	8.97	8.96	8.97	320	yfinance_1m
2026-09-30T10:38:00-04:00	8.9638	8.97	8.96	8.965	1371	yfinance_1m
2026-09-30T10:39:00-04:00	8.98	8.98	8.97	8.97	1048	yfinance_1m
2026-09-30T10:40:00-04:00	8.95	8.95	8.95	8.95	749	yfinance_1m
2026-09-30T10:41:00-04:00	8.96	8.97	8.945	8.97	1142	yfinance_1m
2026-09-30T10:42:00-04:00	8.975	9.0	8.975	9.0	2985	yfinance_1m
2026-09-30T10:43:00-04:00	8.98	8.985	8.98	8.985	741	yfinance_1m
2026-09-30T10:44:00-04:00	8.97	8.97	8.97	8.97	884	yfinance_1m
2026-09-30T10:45:00-04:00	8.95	8.95	8.95	8.95	8524	yfinance_1m
2026-09-30T10:47:00-04:00	8.945	8.945	8.945	8.945	317	yfinance_1m
2026-09-30T10:48:00-04:00	8.95	8.96	8.95	8.96	1226	yfinance_1m
2026-09-30T10:49:00-04:00	8.955	8.96	8.945	8.945	1639	yfinance_1m
2026-09-30T10:51:00-04:00	8.945	8.945	8.945	8.945	1056	yfinance_1m
2026-09-30T10:52:00-04:00	8.95	8.96	8.95	8.95	527	yfinance_1m
2026-09-30T10:53:00-04:00	8.97	8.97	8.965	8.965	1910	yfinance_1m
2026-09-30T10:54:00-04:00	8.965	8.99	8.965	8.98	1454	yfinance_1m
2026-09-30T10:55:00-04:00	8.98	8.98	8.98	8.98	633	yfinance_1m
2026-09-30T10:56:00-04:00	8.99	8.99	8.99	8.99	300	yfinance_1m
2026-09-30T10:57:00-04:00	8.98	8.98	8.974	8.974	454	yfinance_1m
2026-09-30T10:58:00-04:00	8.9736	9.0	8.9736	9.0	4534	yfinance_1m
2026-09-30T10:59:00-04:00	9.01	9.01	9.0	9.0	3381	yfinance_1m
2026-09-30T11:00:00-04:00	9.01	9.03	9.01	9.03	2362	yfinance_1m
2026-09-30T11:01:00-04:00	9.03	9.03	9.03	9.03	245	yfinance_1m
2026-09-30T11:02:00-04:00	9.025	9.03	9.0	9.015	10513	yfinance_1m
2026-09-30T11:03:00-04:00	9.015	9.02	9.015	9.02	3678	yfinance_1m
2026-09-30T11:04:00-04:00	9.02	9.02	9.01	9.01	1321	yfinance_1m
2026-09-30T11:05:00-04:00	9.02	9.03	9.0126	9.0126	3137	yfinance_1m
2026-09-30T11:06:00-04:00	9.025	9.03	9.025	9.03	1924	yfinance_1m
2026-09-30T11:07:00-04:00	9.03	9.03	9.03	9.03	442	yfinance_1m
2026-09-30T11:08:00-04:00	9.025	9.045	9.025	9.045	3793	yfinance_1m
2026-09-30T11:09:00-04:00	9.06	9.065	9.06	9.065	442	yfinance_1m
2026-09-30T11:10:00-04:00	9.065	9.085	9.065	9.08	2607	yfinance_1m
2026-09-30T11:11:00-04:00	9.09	9.09	9.09	9.09	4746	yfinance_1m
2026-09-30T11:12:00-04:00	9.08	9.08	9.05	9.05	1359	yfinance_1m
2026-09-30T11:13:00-04:00	9.06	9.06	9.06	9.06	981	yfinance_1m
2026-09-30T11:14:00-04:00	9.06	9.06	9.0528	9.0528	937	yfinance_1m
2026-09-30T11:15:00-04:00	9.06	9.08	9.055	9.07	8887	yfinance_1m
2026-09-30T11:16:00-04:00	9.07	9.077	9.065	9.065	1130	yfinance_1m
2026-09-30T11:17:00-04:00	9.06	9.06	9.035	9.035	1488	yfinance_1m
2026-09-30T11:18:00-04:00	9.0332	9.0332	9.01	9.02	4409	yfinance_1m
2026-09-30T11:19:00-04:00	9.01	9.01	8.97	8.98	7175	yfinance_1m
2026-09-30T11:20:00-04:00	8.94	8.9447	8.94	8.94	1527	yfinance_1m
2026-09-30T11:21:00-04:00	8.92	8.92	8.915	8.915	456	yfinance_1m
2026-09-30T11:22:00-04:00	8.915	8.915	8.9	8.9	1104	yfinance_1m
2026-09-30T11:23:00-04:00	8.898	8.898	8.8701	8.8701	1852	yfinance_1m
2026-09-30T11:24:00-04:00	8.87	8.87	8.83	8.84	5650	yfinance_1m
2026-09-30T11:25:00-04:00	8.85	8.85	8.8495	8.8495	1158	yfinance_1m
2026-09-30T11:26:00-04:00	8.835	8.85	8.83	8.83	961	yfinance_1m
2026-09-30T11:27:00-04:00	8.84	8.84	8.83	8.84	1100	yfinance_1m
2026-09-30T11:28:00-04:00	8.84	8.85	8.83	8.85	4501	yfinance_1m
2026-09-30T11:29:00-04:00	8.8316	8.85	8.8316	8.85	1248	yfinance_1m
2026-09-30T11:30:00-04:00	8.85	8.85	8.83	8.835	2650	yfinance_1m
2026-09-30T11:31:00-04:00	8.8203	8.84	8.8203	8.84	1076	yfinance_1m
2026-09-30T11:32:00-04:00	8.85	8.86	8.85	8.86	1367	yfinance_1m
2026-09-30T11:33:00-04:00	8.85	8.85	8.85	8.85	1041	yfinance_1m
2026-09-30T11:35:00-04:00	8.84	8.84	8.8312	8.8312	1030	yfinance_1m
2026-09-30T11:36:00-04:00	8.842488	8.842488	8.842488	8.842488	635	yfinance_1m
2026-09-30T11:37:00-04:00	8.8437	8.86	8.84	8.86	2943	yfinance_1m
2026-09-30T11:38:00-04:00	8.87	8.87	8.87	8.87	2017	yfinance_1m
2026-09-30T11:39:00-04:00	8.87	8.87	8.87	8.87	1264	yfinance_1m
2026-09-30T11:40:00-04:00	8.88	8.915	8.88	8.9	4926	yfinance_1m
2026-09-30T11:41:00-04:00	8.9	8.9	8.9	8.9	884	yfinance_1m
2026-09-30T11:42:00-04:00	8.9	8.91	8.89	8.89	4416	yfinance_1m
2026-09-30T11:43:00-04:00	8.895	8.895	8.88	8.8899	2709	yfinance_1m
2026-09-30T11:44:00-04:00	8.88	8.89	8.88	8.89	2321	yfinance_1m
2026-09-30T11:45:00-04:00	8.9	8.92	8.9	8.915	9271	yfinance_1m
2026-09-30T11:46:00-04:00	8.915	8.915	8.915	8.915	220	yfinance_1m
2026-09-30T11:47:00-04:00	8.915	8.915	8.895	8.895	15086	yfinance_1m
2026-09-30T11:48:00-04:00	8.9	8.92	8.9	8.92	1596	yfinance_1m
2026-09-30T11:49:00-04:00	8.92	8.93	8.92	8.925	1965	yfinance_1m
2026-09-30T11:50:00-04:00	8.92	8.925	8.92	8.92	896	yfinance_1m
2026-09-30T11:51:00-04:00	8.93	8.93	8.905	8.905	1382	yfinance_1m
2026-09-30T11:52:00-04:00	8.89	8.89	8.89	8.89	854	yfinance_1m
2026-09-30T11:53:00-04:00	8.89	8.89	8.8505	8.8505	2363	yfinance_1m
2026-09-30T11:54:00-04:00	8.86	8.86	8.86	8.86	132	yfinance_1m
2026-09-30T11:55:00-04:00	8.86	8.87	8.86	8.86	594	yfinance_1m
2026-09-30T11:56:00-04:00	8.87	8.87	8.865	8.865	648	yfinance_1m
2026-09-30T11:57:00-04:00	8.87	8.8799	8.8501	8.87	3219	yfinance_1m
2026-09-30T11:58:00-04:00	8.865	8.865	8.8046	8.8046	10494	yfinance_1m
2026-09-30T11:59:00-04:00	8.81	8.835	8.81	8.835	6740	yfinance_1m
2026-09-30T12:00:00-04:00	8.83	8.84	8.83	8.84	2319	yfinance_1m
2026-09-30T12:01:00-04:00	8.85	8.865	8.85	8.86	2052	yfinance_1m
2026-09-30T12:02:00-04:00	8.865	8.865	8.86	8.86	1842	yfinance_1m
2026-09-30T12:03:00-04:00	8.865	8.865	8.86	8.86	2022	yfinance_1m
2026-09-30T12:04:00-04:00	8.85	8.85	8.85	8.85	1053	yfinance_1m
2026-09-30T12:05:00-04:00	8.84	8.84	8.84	8.84	621	yfinance_1m
2026-09-30T12:06:00-04:00	8.85	8.85	8.85	8.85	269	yfinance_1m
2026-09-30T12:07:00-04:00	8.84	8.8425	8.84	8.8425	478	yfinance_1m
2026-09-30T12:08:00-04:00	8.84	8.845	8.83	8.83	1396	yfinance_1m
2026-09-30T12:09:00-04:00	8.85	8.85	8.84	8.84	741	yfinance_1m
2026-09-30T12:11:00-04:00	8.84	8.84	8.82	8.83	1727	yfinance_1m
2026-09-30T12:12:00-04:00	8.83	8.83	8.83	8.83	174	yfinance_1m
2026-09-30T12:13:00-04:00	8.83	8.84	8.8224	8.83	1200	yfinance_1m
2026-09-30T12:14:00-04:00	8.84	8.9	8.84	8.9	5682	yfinance_1m
2026-09-30T12:15:00-04:00	8.89	8.895	8.885	8.885	8587	yfinance_1m
2026-09-30T12:16:00-04:00	8.885	8.885	8.86	8.86	2215	yfinance_1m
2026-09-30T12:17:00-04:00	8.87	8.87	8.87	8.87	597	yfinance_1m
2026-09-30T12:18:00-04:00	8.85	8.87	8.85	8.87	1358	yfinance_1m
2026-09-30T12:19:00-04:00	8.87	8.87	8.87	8.87	109	yfinance_1m
2026-09-30T12:20:00-04:00	8.86	8.87	8.86	8.87	2118	yfinance_1m
2026-09-30T12:21:00-04:00	8.88	8.89	8.88	8.89	1449	yfinance_1m
2026-09-30T12:22:00-04:00	8.885	8.89	8.885	8.89	553	yfinance_1m
2026-09-30T12:23:00-04:00	8.88	8.89	8.88	8.89	1566	yfinance_1m
2026-09-30T12:24:00-04:00	8.895	8.905	8.895	8.9	1432	yfinance_1m
2026-09-30T12:25:00-04:00	8.895	8.9	8.895	8.9	2490	yfinance_1m
2026-09-30T12:26:00-04:00	8.91	8.91	8.91	8.91	324	yfinance_1m
2026-09-30T12:27:00-04:00	8.91	8.91	8.91	8.91	944	yfinance_1m
2026-09-30T12:28:00-04:00	8.91	8.91	8.91	8.91	802	yfinance_1m
2026-09-30T12:30:00-04:00	8.91	8.92	8.91	8.91	1064	yfinance_1m
2026-09-30T12:31:00-04:00	8.918	8.918	8.91	8.91	670	yfinance_1m
2026-09-30T12:32:00-04:00	8.92	8.92	8.91	8.91	705	yfinance_1m
2026-09-30T12:33:00-04:00	8.92	8.92	8.92	8.92	155	yfinance_1m
2026-09-30T12:34:00-04:00	8.92	8.92	8.92	8.92	1952	yfinance_1m
2026-09-30T12:35:00-04:00	8.93	8.93	8.925	8.93	576	yfinance_1m
2026-09-30T12:36:00-04:00	8.93	8.93	8.92	8.92	1341	yfinance_1m
2026-09-30T12:37:00-04:00	8.93	8.93	8.93	8.93	1909	yfinance_1m
2026-09-30T12:38:00-04:00	8.94	8.955	8.93	8.955	6989	yfinance_1m
2026-09-30T12:39:00-04:00	8.96	8.9699	8.96	8.9699	1125	yfinance_1m
2026-09-30T12:40:00-04:00	8.97	8.97	8.94	8.94	3402	yfinance_1m
2026-09-30T12:41:00-04:00	8.94	8.96	8.94	8.955	1147	yfinance_1m
2026-09-30T12:42:00-04:00	8.955	8.96	8.955	8.96	848	yfinance_1m
2026-09-30T12:43:00-04:00	8.97	8.97	8.95	8.95	880	yfinance_1m
2026-09-30T12:44:00-04:00	8.965	8.965	8.95	8.95	5162	yfinance_1m
2026-09-30T12:45:00-04:00	8.955	8.97	8.955	8.97	13801	yfinance_1m
2026-09-30T12:46:00-04:00	8.96	8.96	8.94	8.95	4550	yfinance_1m
2026-09-30T12:47:00-04:00	8.96	8.96	8.9401	8.95	1059	yfinance_1m
2026-09-30T12:48:00-04:00	8.95	8.96	8.95	8.96	1073	yfinance_1m
2026-09-30T12:49:00-04:00	8.96	8.96	8.95	8.95	3489	yfinance_1m
2026-09-30T12:50:00-04:00	8.96	8.96	8.96	8.96	739	yfinance_1m
2026-09-30T12:51:00-04:00	8.96	8.96	8.95	8.95	3619	yfinance_1m
2026-09-30T12:52:00-04:00	8.95	8.95	8.95	8.95	705	yfinance_1m
2026-09-30T12:54:00-04:00	8.95	8.95	8.95	8.95	642	yfinance_1m
2026-09-30T12:55:00-04:00	8.95	8.95	8.93	8.93	6773	yfinance_1m
2026-09-30T12:56:00-04:00	8.93	8.93	8.93	8.93	420	yfinance_1m
2026-09-30T12:57:00-04:00	8.935	8.935	8.93	8.93	981	yfinance_1m
2026-09-30T12:58:00-04:00	8.925	8.93	8.925	8.93	2120	yfinance_1m
2026-09-30T13:01:00-04:00	8.92	8.92	8.915	8.915	1059	yfinance_1m
2026-09-30T13:02:00-04:00	8.915	8.915	8.91	8.91	2092	yfinance_1m
2026-09-30T13:03:00-04:00	8.91	8.91	8.91	8.91	1881	yfinance_1m
2026-09-30T13:05:00-04:00	8.91	8.91	8.91	8.91	424	yfinance_1m
2026-09-30T13:06:00-04:00	8.91	8.91	8.91	8.91	245	yfinance_1m
2026-09-30T13:07:00-04:00	8.9197	8.92	8.91	8.92	6971	yfinance_1m
2026-09-30T13:08:00-04:00	8.93	8.93	8.92	8.92	1259	yfinance_1m
2026-09-30T13:09:00-04:00	8.92	8.92	8.92	8.92	270	yfinance_1m
2026-09-30T13:10:00-04:00	8.91	8.91	8.91	8.91	1491	yfinance_1m
2026-09-30T13:11:00-04:00	8.9	8.9	8.88	8.88	2080	yfinance_1m
2026-09-30T13:12:00-04:00	8.88	8.88	8.88	8.88	970	yfinance_1m
2026-09-30T13:13:00-04:00	8.87	8.87	8.86	8.86	1168	yfinance_1m
2026-09-30T13:15:00-04:00	8.87	8.87	8.85	8.85	15332	yfinance_1m
2026-09-30T13:16:00-04:00	8.84	8.84	8.81	8.815	2727	yfinance_1m
2026-09-30T13:17:00-04:00	8.815	8.82	8.815	8.82	885	yfinance_1m
2026-09-30T13:18:00-04:00	8.8278	8.8278	8.82	8.82	280	yfinance_1m
2026-09-30T13:19:00-04:00	8.82	8.83	8.8104	8.82	2886	yfinance_1m
2026-09-30T13:20:00-04:00	8.81	8.815	8.81	8.815	1898	yfinance_1m
2026-09-30T13:21:00-04:00	8.815	8.815	8.815	8.815	923	yfinance_1m
2026-09-30T13:22:00-04:00	8.815	8.815	8.815	8.815	315	yfinance_1m
2026-09-30T13:23:00-04:00	8.8	8.81	8.79	8.805	8211	yfinance_1m
2026-09-30T13:24:00-04:00	8.82	8.82	8.805	8.805	987	yfinance_1m
2026-09-30T13:25:00-04:00	8.81	8.81	8.81	8.81	216	yfinance_1m
2026-09-30T13:26:00-04:00	8.81	8.81	8.79	8.8	6985	yfinance_1m
2026-09-30T13:27:00-04:00	8.81	8.81	8.81	8.81	402	yfinance_1m
2026-09-30T13:28:00-04:00	8.81	8.81	8.81	8.81	194	yfinance_1m
2026-09-30T13:29:00-04:00	8.82	8.82	8.82	8.82	1739	yfinance_1m
2026-09-30T13:30:00-04:00	8.81	8.815	8.81	8.81	1350	yfinance_1m
2026-09-30T13:31:00-04:00	8.81	8.81	8.79	8.79	2269	yfinance_1m
2026-09-30T13:32:00-04:00	8.795	8.8	8.795	8.8	1252	yfinance_1m
2026-09-30T13:33:00-04:00	8.81	8.81	8.805	8.81	2764	yfinance_1m
2026-09-30T13:35:00-04:00	8.81	8.82	8.81	8.81	732	yfinance_1m
2026-09-30T13:36:00-04:00	8.82	8.82	8.81	8.81	3174	yfinance_1m
2026-09-30T13:37:00-04:00	8.82	8.82	8.82	8.82	145	yfinance_1m
2026-09-30T13:38:00-04:00	8.82	8.83	8.82	8.83	2700	yfinance_1m
2026-09-30T13:39:00-04:00	8.84	8.85	8.84	8.84	5937	yfinance_1m
2026-09-30T13:40:00-04:00	8.84	8.84	8.84	8.84	1731	yfinance_1m
2026-09-30T13:41:00-04:00	8.85	8.85	8.85	8.85	409	yfinance_1m
2026-09-30T13:42:00-04:00	8.85	8.86	8.85	8.86	1164	yfinance_1m
2026-09-30T13:43:00-04:00	8.86	8.86	8.86	8.86	1534	yfinance_1m
2026-09-30T13:44:00-04:00	8.86	8.87	8.86	8.87	827	yfinance_1m
2026-09-30T13:45:00-04:00	8.86	8.86	8.85	8.85	1354	yfinance_1m
2026-09-30T13:46:00-04:00	8.85	8.85	8.84	8.845	9704	yfinance_1m
2026-09-30T13:47:00-04:00	8.845	8.86	8.84	8.84	12694	yfinance_1m
2026-09-30T13:49:00-04:00	8.85	8.85	8.85	8.85	205	yfinance_1m
2026-09-30T13:50:00-04:00	8.85	8.85	8.85	8.85	864	yfinance_1m
2026-09-30T13:51:00-04:00	8.84	8.84	8.84	8.84	694	yfinance_1m
2026-09-30T13:52:00-04:00	8.83	8.83	8.82	8.82	1949	yfinance_1m
2026-09-30T13:53:00-04:00	8.82	8.82	8.82	8.82	1034	yfinance_1m
2026-09-30T13:54:00-04:00	8.805	8.805	8.805	8.805	950	yfinance_1m
2026-09-30T13:55:00-04:00	8.805	8.8083	8.805	8.8083	542	yfinance_1m
2026-09-30T13:56:00-04:00	8.805	8.805	8.805	8.805	746	yfinance_1m
2026-09-30T13:57:00-04:00	8.805	8.805	8.8	8.8	1602	yfinance_1m
2026-09-30T14:00:00-04:00	8.8	8.8	8.74	8.74	19178	yfinance_1m
2026-09-30T14:01:00-04:00	8.73	8.735	8.68	8.685	8003	yfinance_1m
2026-09-30T14:02:00-04:00	8.69	8.698	8.69	8.69	2752	yfinance_1m
2026-09-30T14:03:00-04:00	8.69	8.72	8.69	8.72	3997	yfinance_1m
2026-09-30T14:04:00-04:00	8.71	8.72	8.71	8.71	971	yfinance_1m
2026-09-30T14:05:00-04:00	8.72	8.72	8.72	8.72	878	yfinance_1m
2026-09-30T14:06:00-04:00	8.71	8.71	8.675	8.675	2889	yfinance_1m
2026-09-30T14:07:00-04:00	8.68	8.68	8.675	8.675	1129	yfinance_1m
2026-09-30T14:08:00-04:00	8.675	8.68	8.675	8.675	2380	yfinance_1m
2026-09-30T14:09:00-04:00	8.6718	8.6718	8.6718	8.6718	617	yfinance_1m
2026-09-30T14:10:00-04:00	8.66	8.66	8.6491	8.6491	3881	yfinance_1m
2026-09-30T14:11:00-04:00	8.65	8.65	8.65	8.65	1585	yfinance_1m
2026-09-30T14:12:00-04:00	8.655	8.655	8.645	8.645	1323	yfinance_1m
2026-09-30T14:13:00-04:00	8.64	8.64	8.63	8.63	5460	yfinance_1m
2026-09-30T14:14:00-04:00	8.64	8.655	8.64	8.655	2236	yfinance_1m
2026-09-30T14:15:00-04:00	8.65	8.65	8.6401	8.645	5408	yfinance_1m
2026-09-30T14:16:00-04:00	8.645	8.65	8.64	8.65	8543	yfinance_1m
2026-09-30T14:17:00-04:00	8.66	8.66	8.64	8.64	1805	yfinance_1m
2026-09-30T14:19:00-04:00	8.6411	8.6411	8.64	8.64	916	yfinance_1m
2026-09-30T14:20:00-04:00	8.63	8.63	8.625	8.63	2892	yfinance_1m
2026-09-30T14:21:00-04:00	8.62	8.62	8.615	8.62	6872	yfinance_1m
2026-09-30T14:22:00-04:00	8.61	8.64	8.61	8.64	10907	yfinance_1m
2026-09-30T14:23:00-04:00	8.65	8.65	8.65	8.65	645	yfinance_1m
2026-09-30T14:24:00-04:00	8.65	8.65	8.64	8.645	2242	yfinance_1m
2026-09-30T14:25:00-04:00	8.64	8.64	8.64	8.64	768	yfinance_1m
2026-09-30T14:26:00-04:00	8.65	8.65	8.64	8.64	728	yfinance_1m
2026-09-30T14:27:00-04:00	8.65	8.66	8.645	8.66	3813	yfinance_1m
2026-09-30T14:28:00-04:00	8.655	8.66	8.655	8.66	2197	yfinance_1m
2026-09-30T14:29:00-04:00	8.67	8.68	8.67	8.68	1694	yfinance_1m
2026-09-30T14:30:00-04:00	8.675	8.675	8.67	8.67	2587	yfinance_1m
2026-09-30T14:33:00-04:00	8.66	8.67	8.655	8.655	2471	yfinance_1m
2026-09-30T14:34:00-04:00	8.65	8.65	8.63	8.635	9940	yfinance_1m
2026-09-30T14:35:00-04:00	8.63	8.63	8.63	8.63	936	yfinance_1m
2026-09-30T14:36:00-04:00	8.64	8.64	8.63	8.64	3183	yfinance_1m
2026-09-30T14:37:00-04:00	8.645	8.66	8.645	8.66	3388	yfinance_1m
2026-09-30T14:38:00-04:00	8.66	8.66	8.65	8.655	1842	yfinance_1m
2026-09-30T14:39:00-04:00	8.66	8.67	8.66	8.67	4817	yfinance_1m
2026-09-30T14:40:00-04:00	8.67	8.67	8.665	8.665	1857	yfinance_1m
2026-09-30T14:41:00-04:00	8.67	8.675	8.67	8.675	1656	yfinance_1m
2026-09-30T14:42:00-04:00	8.675	8.69	8.675	8.69	2217	yfinance_1m
2026-09-30T14:43:00-04:00	8.69	8.7	8.68	8.68	1671	yfinance_1m
2026-09-30T14:44:00-04:00	8.68	8.68	8.68	8.68	2505	yfinance_1m
2026-09-30T14:45:00-04:00	8.69	8.69	8.665	8.665	8683	yfinance_1m
2026-09-30T14:46:00-04:00	8.66	8.67	8.66	8.665	2018	yfinance_1m
2026-09-30T14:47:00-04:00	8.67	8.675	8.665	8.665	1928	yfinance_1m
2026-09-30T14:48:00-04:00	8.665	8.665	8.665	8.665	750	yfinance_1m
2026-09-30T14:49:00-04:00	8.6615	8.67	8.6615	8.67	1093	yfinance_1m
2026-09-30T14:50:00-04:00	8.67	8.67	8.665	8.67	693	yfinance_1m
2026-09-30T14:51:00-04:00	8.67	8.68	8.67	8.68	2657	yfinance_1m
2026-09-30T14:52:00-04:00	8.675	8.675	8.6701	8.675	3969	yfinance_1m
2026-09-30T14:53:00-04:00	8.68	8.695	8.66	8.66	9927	yfinance_1m
2026-09-30T14:54:00-04:00	8.66	8.66	8.66	8.66	583	yfinance_1m
2026-09-30T14:55:00-04:00	8.66	8.67	8.6401	8.665	36878	yfinance_1m
2026-09-30T14:56:00-04:00	8.67	8.69	8.67	8.69	6867	yfinance_1m
2026-09-30T14:57:00-04:00	8.69	8.69	8.69	8.69	673	yfinance_1m
2026-09-30T14:58:00-04:00	8.6815	8.7	8.6815	8.7	2928	yfinance_1m
2026-09-30T14:59:00-04:00	8.7	8.7	8.695	8.695	1335	yfinance_1m
2026-09-30T15:00:00-04:00	8.695	8.695	8.685	8.685	5736	yfinance_1m
2026-09-30T15:01:00-04:00	8.685	8.69	8.675	8.675	3188	yfinance_1m
2026-09-30T15:02:00-04:00	8.675	8.675	8.675	8.675	1209	yfinance_1m
2026-09-30T15:03:00-04:00	8.68	8.68	8.671	8.675	3100	yfinance_1m
2026-09-30T15:04:00-04:00	8.675	8.69	8.675	8.69	2339	yfinance_1m
2026-09-30T15:05:00-04:00	8.685	8.69	8.685	8.685	2313	yfinance_1m
2026-09-30T15:06:00-04:00	8.685	8.685	8.675	8.675	2114	yfinance_1m
2026-09-30T15:07:00-04:00	8.675	8.68	8.675	8.68	3354	yfinance_1m
2026-09-30T15:08:00-04:00	8.69	8.7	8.69	8.695	3040	yfinance_1m
2026-09-30T15:09:00-04:00	8.7	8.7	8.695	8.695	1225	yfinance_1m
2026-09-30T15:10:00-04:00	8.7	8.7	8.695	8.695	836	yfinance_1m
2026-09-30T15:11:00-04:00	8.7	8.7	8.7	8.7	406	yfinance_1m
2026-09-30T15:12:00-04:00	8.69	8.69	8.665	8.665	13473	yfinance_1m
2026-09-30T15:13:00-04:00	8.665	8.675	8.665	8.675	2870	yfinance_1m
2026-09-30T15:14:00-04:00	8.675	8.675	8.67	8.67	2534	yfinance_1m
2026-09-30T15:15:00-04:00	8.655	8.655	8.655	8.655	1832	yfinance_1m
2026-09-30T15:16:00-04:00	8.655	8.655	8.65	8.65	7882	yfinance_1m
2026-09-30T15:17:00-04:00	8.655	8.66	8.655	8.66	1376	yfinance_1m
2026-09-30T15:18:00-04:00	8.655	8.66	8.655	8.66	1490	yfinance_1m
2026-09-30T15:19:00-04:00	8.655	8.675	8.655	8.665	6626	yfinance_1m
2026-09-30T15:20:00-04:00	8.67	8.67	8.655	8.66	2909	yfinance_1m
2026-09-30T15:21:00-04:00	8.66	8.68	8.66	8.68	4954	yfinance_1m
2026-09-30T15:22:00-04:00	8.675	8.69	8.675	8.69	3512	yfinance_1m
2026-09-30T15:23:00-04:00	8.675	8.68	8.675	8.68	758	yfinance_1m
2026-09-30T15:24:00-04:00	8.68	8.68	8.6703	8.675	9851	yfinance_1m
2026-09-30T15:25:00-04:00	8.675	8.675	8.675	8.675	1212	yfinance_1m
2026-09-30T15:26:00-04:00	8.68	8.68	8.675	8.68	942	yfinance_1m
2026-09-30T15:27:00-04:00	8.675	8.68	8.675	8.68	4217	yfinance_1m
2026-09-30T15:28:00-04:00	8.675	8.68	8.665	8.665	6434	yfinance_1m
2026-09-30T15:29:00-04:00	8.66	8.66	8.635	8.64	9946	yfinance_1m
2026-09-30T15:30:00-04:00	8.635	8.64	8.63	8.64	8218	yfinance_1m
2026-09-30T15:31:00-04:00	8.645	8.65	8.635	8.65	8546	yfinance_1m
2026-09-30T15:32:00-04:00	8.655	8.655	8.655	8.655	4874	yfinance_1m
2026-09-30T15:33:00-04:00	8.66	8.665	8.66	8.665	3736	yfinance_1m
2026-09-30T15:34:00-04:00	8.67	8.67	8.65	8.65	3196	yfinance_1m
2026-09-30T15:35:00-04:00	8.65	8.65	8.64	8.65	3996	yfinance_1m
2026-09-30T15:36:00-04:00	8.65	8.65	8.635	8.635	4471	yfinance_1m
2026-09-30T15:37:00-04:00	8.63	8.63	8.62	8.62	3834	yfinance_1m
2026-09-30T15:38:00-04:00	8.63	8.63	8.63	8.63	1547	yfinance_1m
2026-09-30T15:39:00-04:00	8.63	8.645	8.625	8.645	4923	yfinance_1m
2026-09-30T15:40:00-04:00	8.64	8.645	8.635	8.635	8695	yfinance_1m
2026-09-30T15:41:00-04:00	8.635	8.635	8.625	8.625	4671	yfinance_1m
2026-09-30T15:42:00-04:00	8.63	8.63	8.61	8.615	8791	yfinance_1m
2026-09-30T15:43:00-04:00	8.61	8.61	8.605	8.605	5795	yfinance_1m
2026-09-30T15:44:00-04:00	8.605	8.61	8.605	8.61	5488	yfinance_1m
2026-09-30T15:45:00-04:00	8.61	8.62	8.61	8.62	454	yfinance_1m
2026-09-30T15:46:00-04:00	8.61	8.64	8.61	8.63	14326	yfinance_1m
2026-09-30T15:47:00-04:00	8.635	8.64	8.625	8.625	4870	yfinance_1m
2026-09-30T15:48:00-04:00	8.625	8.63	8.6216	8.6216	1358	yfinance_1m
2026-09-30T15:49:00-04:00	8.625	8.63	8.61	8.615	5873	yfinance_1m
2026-09-30T15:50:00-04:00	8.61	8.64	8.61	8.64	17010	yfinance_1m
2026-09-30T15:51:00-04:00	8.63	8.63	8.625	8.625	8604	yfinance_1m
2026-09-30T15:52:00-04:00	8.6293	8.63	8.615	8.625	12993	yfinance_1m
2026-09-30T15:53:00-04:00	8.63	8.64	8.625	8.635	8880	yfinance_1m
2026-09-30T15:54:00-04:00	8.635	8.64	8.615	8.62	14458	yfinance_1m
2026-09-30T15:55:00-04:00	8.62	8.65	8.605	8.65	31524	yfinance_1m
2026-09-30T15:56:00-04:00	8.635	8.66	8.635	8.66	19176	yfinance_1m
2026-09-30T15:57:00-04:00	8.655	8.66	8.64	8.645	19776	yfinance_1m
2026-09-30T15:58:00-04:00	8.64	8.65	8.605	8.62	43951	yfinance_1m
2026-09-30T15:59:00-04:00	8.615	8.65	8.615	8.65	76783	yfinance_1m
