timestamp_et	open	high	low	close	volume	source
2026-09-11T09:30:00-04:00	7.66	8.08	7.65	7.965	138711	yfinance_1m
2026-09-11T09:31:00-04:00	7.965	7.965	7.68	7.81	34769	yfinance_1m
2026-09-11T09:32:00-04:00	7.82	7.905	7.81	7.81	16148	yfinance_1m
2026-09-11T09:33:00-04:00	7.8	7.86	7.7099	7.8	30085	yfinance_1m
2026-09-11T09:34:00-04:00	7.8	7.8	7.73	7.77	26399	yfinance_1m
2026-09-11T09:35:00-04:00	7.8	7.8	7.76	7.78	5889	yfinance_1m
2026-09-11T09:36:00-04:00	7.76	7.76	7.7	7.7079	4447	yfinance_1m
2026-09-11T09:37:00-04:00	7.7	7.76	7.7	7.76	3829	yfinance_1m
2026-09-11T09:38:00-04:00	7.77	7.78	7.75	7.77	3425	yfinance_1m
2026-09-11T09:39:00-04:00	7.76	7.79	7.75	7.79	3666	yfinance_1m
2026-09-11T09:40:00-04:00	7.81	7.82	7.76	7.765	5347	yfinance_1m
2026-09-11T09:41:00-04:00	7.745	7.77	7.745	7.76	4097	yfinance_1m
2026-09-11T09:42:00-04:00	7.74	7.74	7.7248	7.725	2670	yfinance_1m
2026-09-11T09:43:00-04:00	7.71	7.71	7.69	7.7	7129	yfinance_1m
2026-09-11T09:44:00-04:00	7.7	7.74	7.7	7.735	3724	yfinance_1m
2026-09-11T09:45:00-04:00	7.735	7.78	7.735	7.77	5255	yfinance_1m
2026-09-11T09:46:00-04:00	7.77	7.89	7.77	7.865	12202	yfinance_1m
2026-09-11T09:47:00-04:00	7.84	7.85	7.82	7.85	5812	yfinance_1m
2026-09-11T09:48:00-04:00	7.86	7.87	7.845	7.87	2706	yfinance_1m
2026-09-11T09:49:00-04:00	7.865	7.89	7.85	7.88	11716	yfinance_1m
2026-09-11T09:50:00-04:00	7.88	7.88	7.825	7.825	19027	yfinance_1m
2026-09-11T09:51:00-04:00	7.82	7.82	7.805	7.82	3856	yfinance_1m
2026-09-11T09:52:00-04:00	7.82	7.84	7.82	7.84	1096	yfinance_1m
2026-09-11T09:53:00-04:00	7.85	7.85	7.81	7.826	5041	yfinance_1m
2026-09-11T09:54:00-04:00	7.815	7.82	7.79	7.81	4367	yfinance_1m
2026-09-11T09:55:00-04:00	7.82	7.8368	7.815	7.8368	1312	yfinance_1m
2026-09-11T09:56:00-04:00	7.84	7.86	7.82	7.86	4751	yfinance_1m
2026-09-11T09:57:00-04:00	7.86	7.865	7.84	7.845	3512	yfinance_1m
2026-09-11T09:58:00-04:00	7.845	7.87	7.8356	7.87	2928	yfinance_1m
2026-09-11T09:59:00-04:00	7.87	7.9	7.8666	7.89	4268	yfinance_1m
2026-09-11T10:00:00-04:00	7.86	7.88	7.85	7.85	12583	yfinance_1m
2026-09-11T10:01:00-04:00	7.845	7.845	7.81	7.835	3223	yfinance_1m
2026-09-11T10:02:00-04:00	7.83	7.86	7.825	7.85	3003	yfinance_1m
2026-09-11T10:03:00-04:00	7.83	7.835	7.81	7.81	1505	yfinance_1m
2026-09-11T10:04:00-04:00	7.8	7.81	7.8	7.81	1472	yfinance_1m
2026-09-11T10:05:00-04:00	7.805	7.805	7.79	7.79	4672	yfinance_1m
2026-09-11T10:06:00-04:00	7.785	7.82	7.785	7.82	1198	yfinance_1m
2026-09-11T10:07:00-04:00	7.815	7.8367	7.815	7.825	2537	yfinance_1m
2026-09-11T10:08:00-04:00	7.81	7.81	7.79	7.795	8739	yfinance_1m
2026-09-11T10:09:00-04:00	7.79	7.855	7.775	7.83	115016	yfinance_1m
2026-09-11T10:10:00-04:00	7.84	7.91	7.84	7.9	7426	yfinance_1m
2026-09-11T10:11:00-04:00	7.9	7.9	7.87	7.89	4300	yfinance_1m
2026-09-11T10:12:00-04:00	7.88	7.94	7.88	7.94	15972	yfinance_1m
2026-09-11T10:13:00-04:00	7.94	7.96	7.935	7.945	4845	yfinance_1m
2026-09-11T10:14:00-04:00	7.945	7.965	7.945	7.95	10762	yfinance_1m
2026-09-11T10:15:00-04:00	7.96	7.979	7.945	7.945	3277	yfinance_1m
2026-09-11T10:16:00-04:00	7.945	7.96	7.9	7.9	5463	yfinance_1m
2026-09-11T10:17:00-04:00	7.9	7.91	7.9	7.91	3006	yfinance_1m
2026-09-11T10:18:00-04:00	7.909	7.94	7.909	7.93	10213	yfinance_1m
2026-09-11T10:19:00-04:00	7.9223	7.935	7.91	7.935	2870	yfinance_1m
2026-09-11T10:20:00-04:00	7.95	7.96	7.94	7.96	4516	yfinance_1m
2026-09-11T10:21:00-04:00	7.949	7.96	7.94	7.955	2081	yfinance_1m
2026-09-11T10:22:00-04:00	7.955	7.955	7.92	7.94	14365	yfinance_1m
2026-09-11T10:23:00-04:00	7.93	7.93	7.925	7.93	3201	yfinance_1m
2026-09-11T10:24:00-04:00	7.92	7.92	7.92	7.92	1477	yfinance_1m
2026-09-11T10:25:00-04:00	7.91	7.92	7.91	7.91	3804	yfinance_1m
2026-09-11T10:26:00-04:00	7.9	7.9199	7.89	7.89	4092	yfinance_1m
2026-09-11T10:27:00-04:00	7.9	7.9	7.875	7.875	3096	yfinance_1m
2026-09-11T10:28:00-04:00	7.87	7.87	7.85	7.85	11696	yfinance_1m
2026-09-11T10:29:00-04:00	7.855	7.9	7.855	7.895	7316	yfinance_1m
2026-09-11T10:30:00-04:00	7.89	7.92	7.89	7.9	6652	yfinance_1m
2026-09-11T10:31:00-04:00	7.9	7.92	7.89	7.89	4362	yfinance_1m
2026-09-11T10:32:00-04:00	7.895	7.895	7.87	7.87	3424	yfinance_1m
2026-09-11T10:33:00-04:00	7.8637	7.885	7.8637	7.885	5043	yfinance_1m
2026-09-11T10:34:00-04:00	7.885	7.885	7.87	7.885	1418	yfinance_1m
2026-09-11T10:35:00-04:00	7.88	7.9	7.88	7.89	3786	yfinance_1m
2026-09-11T10:36:00-04:00	7.88	7.885	7.85	7.85	6277	yfinance_1m
2026-09-11T10:37:00-04:00	7.85	7.85	7.85	7.85	2273	yfinance_1m
2026-09-11T10:38:00-04:00	7.85	7.85	7.8101	7.83	3525	yfinance_1m
2026-09-11T10:39:00-04:00	7.83	7.845	7.83	7.845	3449	yfinance_1m
2026-09-11T10:40:00-04:00	7.845	7.87	7.845	7.87	5508	yfinance_1m
2026-09-11T10:41:00-04:00	7.87	7.87	7.86	7.87	1616	yfinance_1m
2026-09-11T10:42:00-04:00	7.87	7.87	7.86	7.86	4480	yfinance_1m
2026-09-11T10:43:00-04:00	7.85	7.85	7.835	7.84	2845	yfinance_1m
2026-09-11T10:44:00-04:00	7.84	7.86	7.84	7.86	5175	yfinance_1m
2026-09-11T10:45:00-04:00	7.859	7.87	7.855	7.87	3613	yfinance_1m
2026-09-11T10:46:00-04:00	7.86	7.86	7.84	7.84	3450	yfinance_1m
2026-09-11T10:47:00-04:00	7.825	7.825	7.8	7.805	2545	yfinance_1m
2026-09-11T10:48:00-04:00	7.805	7.849	7.805	7.83	4766	yfinance_1m
2026-09-11T10:49:00-04:00	7.84	7.875	7.835	7.875	5769	yfinance_1m
2026-09-11T10:50:00-04:00	7.9	7.9	7.8671	7.8671	2862	yfinance_1m
2026-09-11T10:51:00-04:00	7.86	7.86	7.85	7.855	3026	yfinance_1m
2026-09-11T10:52:00-04:00	7.855	7.855	7.84	7.84	1947	yfinance_1m
2026-09-11T10:53:00-04:00	7.845	7.845	7.845	7.845	1608	yfinance_1m
2026-09-11T10:54:00-04:00	7.84	7.845	7.84	7.845	2016	yfinance_1m
2026-09-11T10:55:00-04:00	7.845	7.845	7.84	7.84	457	yfinance_1m
2026-09-11T10:56:00-04:00	7.84	7.85	7.815	7.83	8313	yfinance_1m
2026-09-11T10:57:00-04:00	7.85	7.87	7.85	7.87	3181	yfinance_1m
2026-09-11T10:58:00-04:00	7.85	7.86	7.85	7.86	2795	yfinance_1m
2026-09-11T10:59:00-04:00	7.85	7.86	7.85	7.85	4572	yfinance_1m
2026-09-11T11:00:00-04:00	7.84	7.85	7.84	7.85	1454	yfinance_1m
2026-09-11T11:01:00-04:00	7.85	7.85	7.83	7.83	3099	yfinance_1m
2026-09-11T11:02:00-04:00	7.82	7.82	7.805	7.81	3788	yfinance_1m
2026-09-11T11:03:00-04:00	7.82	7.83	7.82	7.83	1078	yfinance_1m
2026-09-11T11:04:00-04:00	7.84	7.84	7.82	7.83	6761	yfinance_1m
2026-09-11T11:05:00-04:00	7.835	7.8425	7.835	7.84	6555	yfinance_1m
2026-09-11T11:06:00-04:00	7.85	7.87	7.85	7.87	3724	yfinance_1m
2026-09-11T11:07:00-04:00	7.86	7.87	7.86	7.86	4393	yfinance_1m
2026-09-11T11:08:00-04:00	7.87	7.87	7.86	7.86	1105	yfinance_1m
2026-09-11T11:09:00-04:00	7.85	7.86	7.845	7.85	1434	yfinance_1m
2026-09-11T11:10:00-04:00	7.84	7.85	7.84	7.85	532	yfinance_1m
2026-09-11T11:11:00-04:00	7.85	7.85	7.84	7.85	1355	yfinance_1m
2026-09-11T11:12:00-04:00	7.85	7.85	7.83	7.84	2496	yfinance_1m
2026-09-11T11:13:00-04:00	7.835	7.84	7.83	7.83	2414	yfinance_1m
2026-09-11T11:14:00-04:00	7.84	7.85	7.83	7.835	2462	yfinance_1m
2026-09-11T11:15:00-04:00	7.84	7.86	7.84	7.86	1711	yfinance_1m
2026-09-11T11:16:00-04:00	7.86	7.86	7.86	7.86	1164	yfinance_1m
2026-09-11T11:17:00-04:00	7.855	7.865	7.85	7.865	4449	yfinance_1m
2026-09-11T11:18:00-04:00	7.865	7.875	7.865	7.875	3438	yfinance_1m
2026-09-11T11:19:00-04:00	7.88	7.89	7.88	7.89	1764	yfinance_1m
2026-09-11T11:20:00-04:00	7.89	7.89	7.88	7.88	1866	yfinance_1m
2026-09-11T11:21:00-04:00	7.87	7.87	7.865	7.865	1179	yfinance_1m
2026-09-11T11:22:00-04:00	7.86	7.86	7.86	7.86	4460	yfinance_1m
2026-09-11T11:23:00-04:00	7.87	7.87	7.86	7.865	1422	yfinance_1m
2026-09-11T11:24:00-04:00	7.87	7.87	7.87	7.87	1626	yfinance_1m
2026-09-11T11:25:00-04:00	7.875	7.88	7.87	7.87	1804	yfinance_1m
2026-09-11T11:26:00-04:00	7.87	7.87	7.87	7.87	1325	yfinance_1m
2026-09-11T11:27:00-04:00	7.88	7.88	7.8703	7.8703	1276	yfinance_1m
2026-09-11T11:28:00-04:00	7.87	7.87	7.85	7.85	3710	yfinance_1m
2026-09-11T11:29:00-04:00	7.86	7.86	7.86	7.86	1893	yfinance_1m
2026-09-11T11:30:00-04:00	7.85	7.86	7.85	7.86	1015	yfinance_1m
2026-09-11T11:31:00-04:00	7.85	7.86	7.84	7.84	4389	yfinance_1m
2026-09-11T11:33:00-04:00	7.84	7.85	7.83	7.84	2834	yfinance_1m
2026-09-11T11:34:00-04:00	7.84	7.84	7.84	7.84	1543	yfinance_1m
2026-09-11T11:35:00-04:00	7.84	7.84	7.83	7.83	3644	yfinance_1m
2026-09-11T11:36:00-04:00	7.83	7.845	7.83	7.845	2048	yfinance_1m
2026-09-11T11:37:00-04:00	7.845	7.85	7.845	7.85	1237	yfinance_1m
2026-09-11T11:38:00-04:00	7.85	7.855	7.85	7.855	1775	yfinance_1m
2026-09-11T11:39:00-04:00	7.855	7.855	7.83	7.83	3272	yfinance_1m
2026-09-11T11:40:00-04:00	7.83	7.84	7.83	7.84	2037	yfinance_1m
2026-09-11T11:41:00-04:00	7.84	7.84	7.84	7.84	2212	yfinance_1m
2026-09-11T11:42:00-04:00	7.83	7.835	7.82	7.83	3698	yfinance_1m
2026-09-11T11:43:00-04:00	7.84	7.84	7.83	7.84	1330	yfinance_1m
2026-09-11T11:44:00-04:00	7.835	7.84	7.835	7.84	932	yfinance_1m
2026-09-11T11:45:00-04:00	7.83	7.835	7.82	7.82	3696	yfinance_1m
2026-09-11T11:46:00-04:00	7.81	7.83	7.81	7.83	1157	yfinance_1m
2026-09-11T11:47:00-04:00	7.81	7.81	7.8	7.81	4453	yfinance_1m
2026-09-11T11:48:00-04:00	7.81	7.81	7.79	7.79	3247	yfinance_1m
2026-09-11T11:49:00-04:00	7.79	7.805	7.79	7.79	1479	yfinance_1m
2026-09-11T11:50:00-04:00	7.8	7.86	7.79	7.855	14305	yfinance_1m
2026-09-11T11:51:00-04:00	7.855	7.855	7.84	7.84	1741	yfinance_1m
2026-09-11T11:52:00-04:00	7.85	7.86	7.84	7.86	14489	yfinance_1m
2026-09-11T11:53:00-04:00	7.86	7.86	7.82	7.82	7504	yfinance_1m
2026-09-11T11:54:00-04:00	7.83	7.84	7.83	7.84	1328	yfinance_1m
2026-09-11T11:55:00-04:00	7.835	7.835	7.81	7.81	3676	yfinance_1m
2026-09-11T11:56:00-04:00	7.82	7.82	7.81	7.815	1925	yfinance_1m
2026-09-11T11:57:00-04:00	7.815	7.82	7.81	7.82	3559	yfinance_1m
2026-09-11T11:58:00-04:00	7.83	7.85	7.82	7.845	11630	yfinance_1m
2026-09-11T11:59:00-04:00	7.86	7.88	7.775	7.775	16157	yfinance_1m
2026-09-11T12:00:00-04:00	7.76	7.8	7.76	7.8	5547	yfinance_1m
2026-09-11T12:01:00-04:00	7.81	7.83	7.81	7.83	1786	yfinance_1m
2026-09-11T12:02:00-04:00	7.84	7.84	7.835	7.835	983	yfinance_1m
2026-09-11T12:03:00-04:00	7.85	7.85	7.83	7.83	906	yfinance_1m
2026-09-11T12:04:00-04:00	7.83	7.87	7.83	7.87	6766	yfinance_1m
2026-09-11T12:05:00-04:00	7.89	7.9	7.88	7.885	6415	yfinance_1m
2026-09-11T12:06:00-04:00	7.88	7.93	7.88	7.93	9224	yfinance_1m
2026-09-11T12:07:00-04:00	7.91	7.91	7.85	7.85	11303	yfinance_1m
2026-09-11T12:08:00-04:00	7.85	7.85	7.83	7.83	1823	yfinance_1m
2026-09-11T12:09:00-04:00	7.81	7.83	7.81	7.83	2113	yfinance_1m
2026-09-11T12:10:00-04:00	7.82	7.845	7.82	7.845	15354	yfinance_1m
2026-09-11T12:11:00-04:00	7.845	7.87	7.845	7.87	3944	yfinance_1m
2026-09-11T12:12:00-04:00	7.86	7.87	7.855	7.855	3849	yfinance_1m
2026-09-11T12:13:00-04:00	7.85	7.855	7.85	7.855	2237	yfinance_1m
2026-09-11T12:14:00-04:00	7.855	7.855	7.842	7.842	3255	yfinance_1m
2026-09-11T12:15:00-04:00	7.84	7.84	7.835	7.84	1548	yfinance_1m
2026-09-11T12:16:00-04:00	7.85	7.865	7.85	7.865	2487	yfinance_1m
2026-09-11T12:17:00-04:00	7.865	7.865	7.86	7.86	1290	yfinance_1m
2026-09-11T12:18:00-04:00	7.86	7.8676	7.855	7.86	4061	yfinance_1m
2026-09-11T12:19:00-04:00	7.865	7.87	7.865	7.87	1696	yfinance_1m
2026-09-11T12:20:00-04:00	7.87	7.87	7.845	7.845	3846	yfinance_1m
2026-09-11T12:21:00-04:00	7.845	7.86	7.845	7.85	4328	yfinance_1m
2026-09-11T12:22:00-04:00	7.84	7.84	7.84	7.84	783	yfinance_1m
2026-09-11T12:23:00-04:00	7.84	7.84	7.84	7.84	1264	yfinance_1m
2026-09-11T12:24:00-04:00	7.83	7.85	7.83	7.85	2035	yfinance_1m
2026-09-11T12:25:00-04:00	7.85	7.85	7.845	7.85	2244	yfinance_1m
2026-09-11T12:26:00-04:00	7.845	7.85	7.84	7.85	1179	yfinance_1m
2026-09-11T12:27:00-04:00	7.845	7.85	7.84	7.84	4426	yfinance_1m
2026-09-11T12:28:00-04:00	7.83	7.85	7.83	7.845	4073	yfinance_1m
2026-09-11T12:29:00-04:00	7.84	7.85	7.84	7.85	4285	yfinance_1m
2026-09-11T12:30:00-04:00	7.86	7.87	7.86	7.86	3186	yfinance_1m
2026-09-11T12:31:00-04:00	7.8562	7.8562	7.855	7.855	836	yfinance_1m
2026-09-11T12:32:00-04:00	7.85	7.85	7.845	7.845	2491	yfinance_1m
2026-09-11T12:33:00-04:00	7.8495	7.855	7.8495	7.855	2152	yfinance_1m
2026-09-11T12:34:00-04:00	7.855	7.86	7.8514	7.86	2109	yfinance_1m
2026-09-11T12:35:00-04:00	7.855	7.86	7.855	7.855	1975	yfinance_1m
2026-09-11T12:36:00-04:00	7.855	7.855	7.84	7.84	4341	yfinance_1m
2026-09-11T12:37:00-04:00	7.84	7.84	7.84	7.84	790	yfinance_1m
2026-09-11T12:38:00-04:00	7.84	7.85	7.8327	7.85	2203	yfinance_1m
2026-09-11T12:39:00-04:00	7.845	7.845	7.845	7.845	580	yfinance_1m
2026-09-11T12:40:00-04:00	7.84	7.84	7.84	7.84	3126	yfinance_1m
2026-09-11T12:41:00-04:00	7.85	7.85	7.85	7.85	691	yfinance_1m
2026-09-11T12:42:00-04:00	7.845	7.845	7.845	7.845	306	yfinance_1m
2026-09-11T12:43:00-04:00	7.85	7.855	7.85	7.855	1978	yfinance_1m
2026-09-11T12:44:00-04:00	7.855	7.855	7.855	7.855	1536	yfinance_1m
2026-09-11T12:45:00-04:00	7.86	7.86	7.855	7.855	2387	yfinance_1m
2026-09-11T12:46:00-04:00	7.855	7.855	7.84	7.85	4503	yfinance_1m
2026-09-11T12:47:00-04:00	7.84	7.85	7.84	7.85	3344	yfinance_1m
2026-09-11T12:48:00-04:00	7.85	7.85	7.845	7.845	1807	yfinance_1m
2026-09-11T12:49:00-04:00	7.85	7.855	7.85	7.85	2390	yfinance_1m
2026-09-11T12:50:00-04:00	7.85	7.85	7.85	7.85	1362	yfinance_1m
2026-09-11T12:51:00-04:00	7.85	7.85	7.83	7.83	1833	yfinance_1m
2026-09-11T12:53:00-04:00	7.83	7.83	7.8	7.81	13775	yfinance_1m
2026-09-11T12:54:00-04:00	7.81	7.82	7.81	7.81	544	yfinance_1m
2026-09-11T12:55:00-04:00	7.81	7.81	7.8	7.8	4830	yfinance_1m
2026-09-11T12:56:00-04:00	7.79	7.8	7.79	7.79	3019	yfinance_1m
2026-09-11T12:57:00-04:00	7.7904	7.8	7.79	7.8	2714	yfinance_1m
2026-09-11T12:58:00-04:00	7.8	7.8	7.795	7.8	1342	yfinance_1m
2026-09-11T12:59:00-04:00	7.795	7.805	7.795	7.8	4029	yfinance_1m
2026-09-11T13:00:00-04:00	7.79	7.79	7.79	7.79	335	yfinance_1m
2026-09-11T13:02:00-04:00	7.8	7.81	7.8	7.805	5209	yfinance_1m
2026-09-11T13:03:00-04:00	7.8	7.805	7.8	7.805	315	yfinance_1m
2026-09-11T13:04:00-04:00	7.808	7.81	7.805	7.81	2845	yfinance_1m
2026-09-11T13:05:00-04:00	7.82	7.82	7.8	7.82	12011	yfinance_1m
2026-09-11T13:06:00-04:00	7.82	7.82	7.82	7.82	706	yfinance_1m
2026-09-11T13:07:00-04:00	7.83	7.84	7.81	7.81	5552	yfinance_1m
2026-09-11T13:08:00-04:00	7.82	7.82	7.81	7.81	2186	yfinance_1m
2026-09-11T13:09:00-04:00	7.83	7.83	7.83	7.83	348	yfinance_1m
2026-09-11T13:10:00-04:00	7.825	7.825	7.82	7.825	1405	yfinance_1m
2026-09-11T13:11:00-04:00	7.83	7.835	7.83	7.835	2075	yfinance_1m
2026-09-11T13:12:00-04:00	7.84	7.84	7.835	7.835	1015	yfinance_1m
2026-09-11T13:13:00-04:00	7.835	7.84	7.835	7.835	1155	yfinance_1m
2026-09-11T13:14:00-04:00	7.835	7.84	7.835	7.84	544	yfinance_1m
2026-09-11T13:15:00-04:00	7.84	7.84	7.84	7.84	3253	yfinance_1m
2026-09-11T13:16:00-04:00	7.84	7.84	7.83	7.84	3849	yfinance_1m
2026-09-11T13:17:00-04:00	7.835	7.84	7.835	7.84	2057	yfinance_1m
2026-09-11T13:18:00-04:00	7.835	7.8464	7.835	7.8464	3312	yfinance_1m
2026-09-11T13:19:00-04:00	7.835	7.835	7.83	7.83	4248	yfinance_1m
2026-09-11T13:20:00-04:00	7.82	7.83	7.82	7.83	5990	yfinance_1m
2026-09-11T13:21:00-04:00	7.84	7.84	7.84	7.84	2020	yfinance_1m
2026-09-11T13:22:00-04:00	7.85	7.88	7.85	7.88	2557	yfinance_1m
2026-09-11T13:23:00-04:00	7.88	7.9	7.88	7.9	4423	yfinance_1m
2026-09-11T13:24:00-04:00	7.905	7.9054	7.9	7.9	2999	yfinance_1m
2026-09-11T13:25:00-04:00	7.9	7.91	7.9	7.91	2848	yfinance_1m
2026-09-11T13:26:00-04:00	7.92	7.945	7.92	7.945	3711	yfinance_1m
2026-09-11T13:27:00-04:00	7.945	7.96	7.94	7.95	3005	yfinance_1m
2026-09-11T13:28:00-04:00	7.96	7.97	7.95	7.95	6658	yfinance_1m
2026-09-11T13:29:00-04:00	7.95	7.96	7.95	7.95	1964	yfinance_1m
2026-09-11T13:30:00-04:00	7.955	7.955	7.94	7.94	905	yfinance_1m
2026-09-11T13:31:00-04:00	7.945	7.945404	7.945	7.945404	1534	yfinance_1m
2026-09-11T13:32:00-04:00	7.96	7.96	7.94	7.94	11891	yfinance_1m
2026-09-11T13:33:00-04:00	7.94	7.95	7.94	7.95	1291	yfinance_1m
2026-09-11T13:34:00-04:00	7.95	7.95	7.95	7.95	605	yfinance_1m
2026-09-11T13:35:00-04:00	7.96	7.99	7.95	7.99	13562	yfinance_1m
2026-09-11T13:36:00-04:00	7.99	8.03	7.99	8.03	17706	yfinance_1m
2026-09-11T13:37:00-04:00	8.03	8.03	8.005	8.01	4753	yfinance_1m
2026-09-11T13:38:00-04:00	8.01	8.01	8.0	8.0	2401	yfinance_1m
2026-09-11T13:39:00-04:00	7.99	7.99	7.985	7.99	5720	yfinance_1m
2026-09-11T13:40:00-04:00	7.985	7.99	7.98	7.99	20889	yfinance_1m
2026-09-11T13:41:00-04:00	7.97	7.975	7.97	7.975	1143	yfinance_1m
2026-09-11T13:42:00-04:00	7.975	7.99	7.975	7.99	1398	yfinance_1m
2026-09-11T13:43:00-04:00	7.99	7.995	7.98	7.98	2702	yfinance_1m
2026-09-11T13:44:00-04:00	7.97	7.975	7.97	7.975	1954	yfinance_1m
2026-09-11T13:45:00-04:00	7.97	7.97	7.97	7.97	2127	yfinance_1m
2026-09-11T13:46:00-04:00	7.97	7.975	7.97	7.97	2757	yfinance_1m
2026-09-11T13:47:00-04:00	7.9799	8.02	7.9799	8.01	33000	yfinance_1m
2026-09-11T13:48:00-04:00	8.01	8.02	8.01	8.02	2317	yfinance_1m
2026-09-11T13:49:00-04:00	8.01	8.03	8.0022	8.03	5789	yfinance_1m
2026-09-11T13:50:00-04:00	8.04	8.04	8.03	8.03	3023	yfinance_1m
2026-09-11T13:51:00-04:00	8.025	8.035	8.025	8.035	6062	yfinance_1m
2026-09-11T13:52:00-04:00	8.03	8.03	8.02	8.02	3450	yfinance_1m
2026-09-11T13:53:00-04:00	8.02	8.02	8.01	8.01	6472	yfinance_1m
2026-09-11T13:54:00-04:00	8.01	8.0224	8.01	8.0224	2330	yfinance_1m
2026-09-11T13:55:00-04:00	8.02	8.02	8.02	8.02	2039	yfinance_1m
2026-09-11T13:56:00-04:00	8.015	8.02	8.01	8.02	2155	yfinance_1m
2026-09-11T13:57:00-04:00	8.015	8.02	8.01	8.0186	3345	yfinance_1m
2026-09-11T13:58:00-04:00	8.02	8.05	8.02	8.05	7896	yfinance_1m
2026-09-11T13:59:00-04:00	8.05	8.06	8.04	8.05	11342	yfinance_1m
2026-09-11T14:00:00-04:00	8.05	8.08	8.05	8.07	15927	yfinance_1m
2026-09-11T14:01:00-04:00	8.08	8.1	8.075	8.09	5092	yfinance_1m
2026-09-11T14:02:00-04:00	8.0987	8.1193	8.09	8.1193	10324	yfinance_1m
2026-09-11T14:03:00-04:00	8.105	8.14	8.105	8.13	5876	yfinance_1m
2026-09-11T14:04:00-04:00	8.12	8.12	8.08	8.11	14219	yfinance_1m
2026-09-11T14:05:00-04:00	8.11	8.11	8.065	8.065	6962	yfinance_1m
2026-09-11T14:06:00-04:00	8.065	8.07	8.065	8.065	937	yfinance_1m
2026-09-11T14:07:00-04:00	8.065	8.07	8.06	8.065	2383	yfinance_1m
2026-09-11T14:08:00-04:00	8.06	8.07	8.06	8.06	2954	yfinance_1m
2026-09-11T14:09:00-04:00	8.06	8.06	8.04	8.05	5306	yfinance_1m
2026-09-11T14:10:00-04:00	8.045	8.05	8.04	8.05	3487	yfinance_1m
2026-09-11T14:11:00-04:00	8.05	8.06	8.035	8.06	12250	yfinance_1m
2026-09-11T14:12:00-04:00	8.05	8.05	8.035	8.035	1821	yfinance_1m
2026-09-11T14:13:00-04:00	8.03	8.035	8.03	8.03	1829	yfinance_1m
2026-09-11T14:14:00-04:00	8.03	8.03	8.03	8.03	1563	yfinance_1m
2026-09-11T14:15:00-04:00	8.035	8.035	8.025	8.025	1792	yfinance_1m
2026-09-11T14:16:00-04:00	8.0286	8.03	8.025	8.025	1846	yfinance_1m
2026-09-11T14:17:00-04:00	8.025	8.03	8.025	8.025	2821	yfinance_1m
2026-09-11T14:18:00-04:00	8.03	8.03	8.02	8.0235	4256	yfinance_1m
2026-09-11T14:19:00-04:00	8.02	8.025	8.015	8.015	4430	yfinance_1m
2026-09-11T14:20:00-04:00	8.01	8.01	8.0	8.002	4841	yfinance_1m
2026-09-11T14:21:00-04:00	8.005	8.01	8.005	8.005	1312	yfinance_1m
2026-09-11T14:22:00-04:00	8.01	8.01	8.001	8.005	1358	yfinance_1m
2026-09-11T14:23:00-04:00	8.005	8.005	7.992	7.995	4470	yfinance_1m
2026-09-11T14:24:00-04:00	7.99	7.99	7.98	7.99	3712	yfinance_1m
2026-09-11T14:25:00-04:00	7.99	7.99	7.99	7.99	961	yfinance_1m
2026-09-11T14:26:00-04:00	7.99	7.99	7.99	7.99	1141	yfinance_1m
2026-09-11T14:27:00-04:00	7.985	8.01	7.985	8.01	2813	yfinance_1m
2026-09-11T14:28:00-04:00	8.01	8.01	8.0	8.01	3471	yfinance_1m
2026-09-11T14:29:00-04:00	8.005	8.005	8.005	8.005	1456	yfinance_1m
2026-09-11T14:30:00-04:00	8.005	8.005	8.005	8.005	935	yfinance_1m
2026-09-11T14:31:00-04:00	8.0	8.0	7.97	7.97	5775	yfinance_1m
2026-09-11T14:32:00-04:00	7.971	7.971	7.951	7.96	5139	yfinance_1m
2026-09-11T14:33:00-04:00	7.955	7.991	7.955	7.99	10110	yfinance_1m
2026-09-11T14:34:00-04:00	7.985	8.0	7.98	8.0	3795	yfinance_1m
2026-09-11T14:35:00-04:00	8.0	8.0	7.985	7.991	3474	yfinance_1m
2026-09-11T14:36:00-04:00	7.995	8.005	7.995	8.0	4393	yfinance_1m
2026-09-11T14:37:00-04:00	7.995	7.995	7.99	7.995	1716	yfinance_1m
2026-09-11T14:38:00-04:00	7.99	7.995	7.99	7.995	2601	yfinance_1m
2026-09-11T14:39:00-04:00	7.99	7.9903	7.99	7.99	2314	yfinance_1m
2026-09-11T14:40:00-04:00	7.99	8.005	7.98	8.0	13160	yfinance_1m
2026-09-11T14:41:00-04:00	7.99	8.01	7.99	8.01	1829	yfinance_1m
2026-09-11T14:42:00-04:00	8.0095	8.01	7.975	7.98	9818	yfinance_1m
2026-09-11T14:43:00-04:00	7.975	8.0	7.975	7.975	144237	yfinance_1m
2026-09-11T14:44:00-04:00	7.975	7.975	7.955	7.955	4567	yfinance_1m
2026-09-11T14:45:00-04:00	7.955	7.97	7.951	7.97	5584	yfinance_1m
2026-09-11T14:46:00-04:00	7.97	7.97	7.93	7.97	15595	yfinance_1m
2026-09-11T14:47:00-04:00	7.97	7.975	7.965	7.97	7118	yfinance_1m
2026-09-11T14:48:00-04:00	7.97	7.97	7.97	7.97	1813	yfinance_1m
2026-09-11T14:49:00-04:00	7.96	7.97	7.96	7.97	1431	yfinance_1m
2026-09-11T14:50:00-04:00	7.97	7.97	7.96	7.965	2429	yfinance_1m
2026-09-11T14:51:00-04:00	7.965	7.9686	7.96	7.961	2579	yfinance_1m
2026-09-11T14:52:00-04:00	7.965	7.97	7.96	7.97	1144	yfinance_1m
2026-09-11T14:53:00-04:00	7.965	7.97	7.965	7.965	551	yfinance_1m
2026-09-11T14:54:00-04:00	7.965	7.98	7.965	7.97	3403	yfinance_1m
2026-09-11T14:55:00-04:00	7.97	7.98	7.97	7.98	4183	yfinance_1m
2026-09-11T14:56:00-04:00	7.975	7.98	7.97	7.97	3340	yfinance_1m
2026-09-11T14:57:00-04:00	7.97	7.98	7.97	7.98	5217	yfinance_1m
2026-09-11T14:58:00-04:00	7.97	7.98	7.97	7.98	1534	yfinance_1m
2026-09-11T14:59:00-04:00	7.98	7.98	7.96	7.96	8022	yfinance_1m
2026-09-11T15:00:00-04:00	7.96	7.975	7.96	7.975	3097	yfinance_1m
2026-09-11T15:01:00-04:00	7.99	7.99	7.975	7.975	2995	yfinance_1m
2026-09-11T15:02:00-04:00	7.975	7.98	7.971	7.975	1480	yfinance_1m
2026-09-11T15:03:00-04:00	7.98	7.98	7.975	7.98	2090	yfinance_1m
2026-09-11T15:04:00-04:00	7.975	7.98	7.975	7.975	2271	yfinance_1m
2026-09-11T15:05:00-04:00	7.98	7.985	7.98	7.985	3344	yfinance_1m
2026-09-11T15:06:00-04:00	7.99	7.99	7.98	7.99	1338	yfinance_1m
2026-09-11T15:07:00-04:00	7.985	7.985	7.975	7.975	3738	yfinance_1m
2026-09-11T15:08:00-04:00	7.975	7.99	7.975	7.99	3394	yfinance_1m
2026-09-11T15:09:00-04:00	7.99	8.04	7.99	8.04	11594	yfinance_1m
2026-09-11T15:10:00-04:00	8.04	8.04	8.02	8.02	9214	yfinance_1m
2026-09-11T15:11:00-04:00	8.02	8.02	8.02	8.02	4934	yfinance_1m
2026-09-11T15:12:00-04:00	8.02	8.05	8.02	8.045	3546	yfinance_1m
2026-09-11T15:13:00-04:00	8.045	8.05	8.045	8.05	1316	yfinance_1m
2026-09-11T15:14:00-04:00	8.0492	8.05	8.04	8.04	6327	yfinance_1m
2026-09-11T15:15:00-04:00	8.03	8.03	8.0201	8.025	10192	yfinance_1m
2026-09-11T15:16:00-04:00	8.025	8.025	8.025	8.025	1939	yfinance_1m
2026-09-11T15:17:00-04:00	8.025	8.035	8.005	8.01	11325	yfinance_1m
2026-09-11T15:18:00-04:00	8.01	8.02	8.01	8.015	1620	yfinance_1m
2026-09-11T15:19:00-04:00	8.015	8.015	8.01	8.011	2367	yfinance_1m
2026-09-11T15:20:00-04:00	8.01	8.01	8.0	8.01	1899	yfinance_1m
2026-09-11T15:21:00-04:00	8.005	8.01	8.0	8.01	2054	yfinance_1m
2026-09-11T15:22:00-04:00	8.005	8.01	8.005	8.005	2427	yfinance_1m
2026-09-11T15:23:00-04:00	8.005	8.005	8.0	8.005	1403	yfinance_1m
2026-09-11T15:24:00-04:00	8.005	8.01	8.005	8.01	2855	yfinance_1m
2026-09-11T15:25:00-04:00	8.005	8.01	8.005	8.005	2779	yfinance_1m
2026-09-11T15:26:00-04:00	8.01	8.03	8.01	8.025	7230	yfinance_1m
2026-09-11T15:27:00-04:00	8.025	8.025	8.015	8.02	5774	yfinance_1m
2026-09-11T15:28:00-04:00	8.015	8.015	7.995	7.995	10002	yfinance_1m
2026-09-11T15:29:00-04:00	7.995	8.0	7.99	7.995	3633	yfinance_1m
2026-09-11T15:30:00-04:00	7.995	7.995	7.99	7.99	5188	yfinance_1m
2026-09-11T15:31:00-04:00	7.995	7.995	7.97	7.975	8851	yfinance_1m
2026-09-11T15:32:00-04:00	7.975	7.975	7.96	7.97	8193	yfinance_1m
2026-09-11T15:33:00-04:00	7.97	7.98	7.9638	7.98	3242	yfinance_1m
2026-09-11T15:34:00-04:00	7.975	7.98	7.975	7.975	2006	yfinance_1m
2026-09-11T15:35:00-04:00	7.975	7.985	7.97	7.97	9853	yfinance_1m
2026-09-11T15:36:00-04:00	7.965	7.975	7.96	7.97	8731	yfinance_1m
2026-09-11T15:37:00-04:00	7.97	7.97	7.93	7.94	13302	yfinance_1m
2026-09-11T15:38:00-04:00	7.94	7.945	7.94	7.9401	3501	yfinance_1m
2026-09-11T15:39:00-04:00	7.95	7.95	7.935	7.94	6959	yfinance_1m
2026-09-11T15:40:00-04:00	7.94	7.945	7.915	7.92	9633	yfinance_1m
2026-09-11T15:41:00-04:00	7.92	7.93	7.91	7.925	5068	yfinance_1m
2026-09-11T15:42:00-04:00	7.925	7.925	7.91	7.915	11104	yfinance_1m
2026-09-11T15:43:00-04:00	7.92	7.92	7.91	7.92	7139	yfinance_1m
2026-09-11T15:44:00-04:00	7.93	7.94	7.93	7.93	7572	yfinance_1m
2026-09-11T15:45:00-04:00	7.93	7.95	7.93	7.935	8057	yfinance_1m
2026-09-11T15:46:00-04:00	7.935	7.945	7.935	7.935	15830	yfinance_1m
2026-09-11T15:47:00-04:00	7.93	7.93	7.915	7.93	15680	yfinance_1m
2026-09-11T15:48:00-04:00	7.93	7.95	7.93	7.95	10896	yfinance_1m
2026-09-11T15:49:00-04:00	7.95	7.97	7.95	7.965	9658	yfinance_1m
2026-09-11T15:50:00-04:00	7.97	7.97	7.93	7.945	18812	yfinance_1m
2026-09-11T15:51:00-04:00	7.945	7.96	7.945	7.96	9940	yfinance_1m
2026-09-11T15:52:00-04:00	7.96	7.96	7.94	7.94	13620	yfinance_1m
2026-09-11T15:53:00-04:00	7.935	7.94	7.93	7.935	6310	yfinance_1m
2026-09-11T15:54:00-04:00	7.94	7.94	7.895	7.9	25172	yfinance_1m
2026-09-11T15:55:00-04:00	7.905	7.915	7.895	7.905	30042	yfinance_1m
2026-09-11T15:56:00-04:00	7.905	7.93	7.9	7.925	32572	yfinance_1m
2026-09-11T15:57:00-04:00	7.92	7.925	7.87	7.875	47836	yfinance_1m
2026-09-11T15:58:00-04:00	7.875	7.91	7.875	7.91	63451	yfinance_1m
2026-09-11T15:59:00-04:00	7.9	7.92	7.885	7.895	101256	yfinance_1m
2026-09-14T09:30:00-04:00	7.79	7.8	7.73	7.73	18345	yfinance_1m
2026-09-14T09:31:00-04:00	7.754	7.86	7.754	7.82	521	yfinance_1m
2026-09-14T09:32:00-04:00	7.819	7.819	7.819	7.819	297	yfinance_1m
2026-09-14T09:33:00-04:00	7.844	7.844	7.844	7.844	487	yfinance_1m
2026-09-14T09:34:00-04:00	7.86	7.88	7.86	7.88	722	yfinance_1m
2026-09-14T09:36:00-04:00	7.88	7.88	7.839	7.839	2339	yfinance_1m
2026-09-14T09:37:00-04:00	7.88	7.905	7.7	7.7	67038	yfinance_1m
2026-09-14T09:38:00-04:00	7.74	7.7994	7.66	7.725	21885	yfinance_1m
2026-09-14T09:39:00-04:00	7.671	7.745	7.665	7.69	16496	yfinance_1m
2026-09-14T09:40:00-04:00	7.67	7.72	7.67	7.685	4620	yfinance_1m
2026-09-14T09:41:00-04:00	7.69	7.69	7.675	7.675	1383	yfinance_1m
2026-09-14T09:42:00-04:00	7.675	7.71	7.66	7.7	12006	yfinance_1m
2026-09-14T09:43:00-04:00	7.72	7.75	7.72	7.74	6175	yfinance_1m
2026-09-14T09:44:00-04:00	7.735	7.76	7.735	7.75	2813	yfinance_1m
2026-09-14T09:45:00-04:00	7.75	7.79	7.75	7.78	3721	yfinance_1m
2026-09-14T09:46:00-04:00	7.785	7.81	7.78	7.795	3457	yfinance_1m
2026-09-14T09:47:00-04:00	7.8	7.8046	7.77	7.77	4648	yfinance_1m
2026-09-14T09:48:00-04:00	7.7899	7.81	7.77	7.81	2499	yfinance_1m
2026-09-14T09:49:00-04:00	7.8	7.82	7.795	7.795	5233	yfinance_1m
2026-09-14T09:50:00-04:00	7.79	7.81	7.761	7.761	5629	yfinance_1m
2026-09-14T09:51:00-04:00	7.78	7.78	7.75	7.775	6273	yfinance_1m
2026-09-14T09:52:00-04:00	7.79	7.85	7.79	7.83	3342	yfinance_1m
2026-09-14T09:53:00-04:00	7.85	7.87	7.85	7.86	922	yfinance_1m
2026-09-14T09:54:00-04:00	7.88	7.91	7.851	7.88	20756	yfinance_1m
2026-09-14T09:55:00-04:00	7.8694	7.875	7.84	7.865	9616	yfinance_1m
2026-09-14T09:56:00-04:00	7.91	7.91	7.851	7.851	6348	yfinance_1m
2026-09-14T09:57:00-04:00	7.87	7.87	7.85	7.87	849	yfinance_1m
2026-09-14T09:58:00-04:00	7.84	7.92	7.831	7.89	27136	yfinance_1m
2026-09-14T09:59:00-04:00	7.8801	7.92	7.88	7.9	8433	yfinance_1m
2026-09-14T10:00:00-04:00	7.9	7.91	7.872	7.885	10608	yfinance_1m
2026-09-14T10:01:00-04:00	7.89	7.92	7.89	7.891	12712	yfinance_1m
2026-09-14T10:02:00-04:00	7.9	7.91	7.83	7.845	8902	yfinance_1m
2026-09-14T10:03:00-04:00	7.86	7.875	7.86	7.86	3065	yfinance_1m
2026-09-14T10:04:00-04:00	7.855	7.855	7.85	7.85	1095	yfinance_1m
2026-09-14T10:05:00-04:00	7.85	7.865	7.85	7.865	5584	yfinance_1m
2026-09-14T10:06:00-04:00	7.86	7.93	7.86	7.93	19034	yfinance_1m
2026-09-14T10:07:00-04:00	7.95	7.96	7.945	7.95	7084	yfinance_1m
2026-09-14T10:08:00-04:00	7.944	8.02	7.9434	8.02	10232	yfinance_1m
2026-09-14T10:09:00-04:00	8.03	8.03	7.9992	8.005	7490	yfinance_1m
2026-09-14T10:10:00-04:00	8.02	8.0252	8.0	8.01	6256	yfinance_1m
2026-09-14T10:11:00-04:00	8.02	8.1317	8.02	8.1317	25025	yfinance_1m
2026-09-14T10:12:00-04:00	8.12	8.12	8.049	8.065	9935	yfinance_1m
2026-09-14T10:13:00-04:00	8.06	8.06	8.05	8.05	2182	yfinance_1m
2026-09-14T10:14:00-04:00	8.04	8.07	8.04	8.07	5086	yfinance_1m
2026-09-14T10:15:00-04:00	8.07	8.08	8.03	8.034	10905	yfinance_1m
2026-09-14T10:16:00-04:00	8.035	8.05	8.035	8.04	1713	yfinance_1m
2026-09-14T10:17:00-04:00	8.04	8.075	8.04	8.064	9541	yfinance_1m
2026-09-14T10:18:00-04:00	8.065	8.065	8.04	8.04	1481	yfinance_1m
2026-09-14T10:19:00-04:00	8.04	8.1	8.04	8.1	4876	yfinance_1m
2026-09-14T10:20:00-04:00	8.095	8.1023	8.07	8.085	1977	yfinance_1m
2026-09-14T10:21:00-04:00	8.07	8.08	8.05	8.08	3961	yfinance_1m
2026-09-14T10:22:00-04:00	8.08	8.08	8.075	8.075	2237	yfinance_1m
2026-09-14T10:23:00-04:00	8.075	8.075	8.05	8.05	3682	yfinance_1m
2026-09-14T10:24:00-04:00	8.04	8.07	8.03	8.07	5988	yfinance_1m
2026-09-14T10:25:00-04:00	8.06	8.06	8.04	8.04	5447	yfinance_1m
2026-09-14T10:26:00-04:00	8.06	8.06	8.05	8.05	1386	yfinance_1m
2026-09-14T10:27:00-04:00	8.06	8.06	8.04	8.0572	4108	yfinance_1m
2026-09-14T10:28:00-04:00	8.05	8.065	8.05	8.05	2994	yfinance_1m
2026-09-14T10:29:00-04:00	8.05	8.06	8.049	8.049	5206	yfinance_1m
2026-09-14T10:30:00-04:00	8.06	8.1	8.06	8.09	7738	yfinance_1m
2026-09-14T10:31:00-04:00	8.09	8.12	8.07	8.11	7783	yfinance_1m
2026-09-14T10:32:00-04:00	8.11	8.11	8.08	8.08	4640	yfinance_1m
2026-09-14T10:33:00-04:00	8.08	8.12	8.08	8.11	5351	yfinance_1m
2026-09-14T10:34:00-04:00	8.11	8.12	8.11	8.11	1546	yfinance_1m
2026-09-14T10:35:00-04:00	8.11	8.11	8.069	8.069	4666	yfinance_1m
2026-09-14T10:36:00-04:00	8.07	8.08	8.065	8.065	4225	yfinance_1m
2026-09-14T10:37:00-04:00	8.0628	8.08	8.045	8.079	15675	yfinance_1m
2026-09-14T10:38:00-04:00	8.07	8.1148	8.07	8.0823	18055	yfinance_1m
2026-09-14T10:39:00-04:00	8.1	8.11	8.09	8.09	7323	yfinance_1m
2026-09-14T10:40:00-04:00	8.085	8.09	8.06	8.06	10543	yfinance_1m
2026-09-14T10:41:00-04:00	8.065	8.07	8.04	8.05	4782	yfinance_1m
2026-09-14T10:42:00-04:00	8.06	8.06	8.0402	8.0402	4498	yfinance_1m
2026-09-14T10:43:00-04:00	8.04	8.0401	8.03	8.03	1887	yfinance_1m
2026-09-14T10:44:00-04:00	8.02	8.04	8.02	8.04	4358	yfinance_1m
2026-09-14T10:45:00-04:00	8.04	8.09	8.04	8.09	4650	yfinance_1m
2026-09-14T10:46:00-04:00	8.1	8.1104	8.1	8.1	4699	yfinance_1m
2026-09-14T10:47:00-04:00	8.1	8.1	8.08	8.08	1516	yfinance_1m
2026-09-14T10:48:00-04:00	8.08	8.09	8.08	8.085	6546	yfinance_1m
2026-09-14T10:49:00-04:00	8.08	8.08	8.08	8.08	878	yfinance_1m
2026-09-14T10:50:00-04:00	8.09	8.09	8.0708	8.0708	1705	yfinance_1m
2026-09-14T10:51:00-04:00	8.07	8.08	8.07	8.075	2777	yfinance_1m
2026-09-14T10:52:00-04:00	8.08	8.08	8.06	8.06	3972	yfinance_1m
2026-09-14T10:53:00-04:00	8.06	8.06	8.06	8.06	1012	yfinance_1m
2026-09-14T10:54:00-04:00	8.05	8.05	8.04	8.04	1722	yfinance_1m
2026-09-14T10:55:00-04:00	8.04	8.04	8.03	8.03	4210	yfinance_1m
2026-09-14T10:56:00-04:00	8.01	8.02	8.0	8.02	3823	yfinance_1m
2026-09-14T10:57:00-04:00	8.03	8.05	8.03	8.05	3226	yfinance_1m
2026-09-14T10:58:00-04:00	8.06	8.06	8.05	8.06	2550	yfinance_1m
2026-09-14T10:59:00-04:00	8.055	8.055	8.035	8.035	5621	yfinance_1m
2026-09-14T11:00:00-04:00	8.035	8.035	8.01	8.03	6669	yfinance_1m
2026-09-14T11:01:00-04:00	8.03	8.05	8.0238	8.04	2717	yfinance_1m
2026-09-14T11:02:00-04:00	8.04	8.06	8.04	8.06	3405	yfinance_1m
2026-09-14T11:03:00-04:00	8.06	8.1	8.06	8.1	4083	yfinance_1m
2026-09-14T11:04:00-04:00	8.1	8.1	8.09	8.09	2593	yfinance_1m
2026-09-14T11:05:00-04:00	8.09	8.125	8.09	8.11	6104	yfinance_1m
2026-09-14T11:06:00-04:00	8.125	8.18	8.125	8.165	11607	yfinance_1m
2026-09-14T11:07:00-04:00	8.16	8.1618	8.16	8.16	2039	yfinance_1m
2026-09-14T11:08:00-04:00	8.16	8.17	8.16	8.165	6007	yfinance_1m
2026-09-14T11:09:00-04:00	8.165	8.1658	8.14	8.14	7378	yfinance_1m
2026-09-14T11:10:00-04:00	8.1404	8.15	8.14	8.15	5795	yfinance_1m
2026-09-14T11:11:00-04:00	8.16	8.16	8.15	8.15	3099	yfinance_1m
2026-09-14T11:12:00-04:00	8.14	8.14	8.14	8.14	1312	yfinance_1m
2026-09-14T11:13:00-04:00	8.1382	8.1382	8.13	8.13	623	yfinance_1m
2026-09-14T11:14:00-04:00	8.135	8.14	8.13	8.13	1777	yfinance_1m
2026-09-14T11:15:00-04:00	8.12	8.13	8.12	8.12	10934	yfinance_1m
2026-09-14T11:16:00-04:00	8.13	8.13	8.13	8.13	216	yfinance_1m
2026-09-14T11:17:00-04:00	8.12	8.12	8.091	8.091	6350	yfinance_1m
2026-09-14T11:18:00-04:00	8.09	8.1	8.08	8.1	4644	yfinance_1m
2026-09-14T11:19:00-04:00	8.11	8.12	8.1	8.11	4622	yfinance_1m
2026-09-14T11:20:00-04:00	8.11	8.115	8.105	8.105	1623	yfinance_1m
2026-09-14T11:21:00-04:00	8.105	8.12	8.09	8.1	5360	yfinance_1m
2026-09-14T11:22:00-04:00	8.1101	8.13	8.1101	8.13	1941	yfinance_1m
2026-09-14T11:23:00-04:00	8.12	8.14	8.12	8.14	3684	yfinance_1m
2026-09-14T11:24:00-04:00	8.16	8.165	8.15	8.15	2085	yfinance_1m
2026-09-14T11:25:00-04:00	8.15	8.16	8.14	8.15	3488	yfinance_1m
2026-09-14T11:26:00-04:00	8.15	8.1537	8.15	8.1537	3455	yfinance_1m
2026-09-14T11:27:00-04:00	8.1475	8.15	8.1475	8.15	440	yfinance_1m
2026-09-14T11:28:00-04:00	8.1455	8.1455	8.13	8.131	2975	yfinance_1m
2026-09-14T11:29:00-04:00	8.135	8.1397	8.135	8.1392	3219	yfinance_1m
2026-09-14T11:30:00-04:00	8.13	8.13	8.12	8.12	4805	yfinance_1m
2026-09-14T11:31:00-04:00	8.12	8.12	8.091	8.091	6154	yfinance_1m
2026-09-14T11:32:00-04:00	8.09	8.12	8.08	8.12	9192	yfinance_1m
2026-09-14T11:33:00-04:00	8.13	8.16	8.13	8.16	3479	yfinance_1m
2026-09-14T11:34:00-04:00	8.15	8.15	8.15	8.15	532	yfinance_1m
2026-09-14T11:35:00-04:00	8.16	8.16	8.13	8.13	2283	yfinance_1m
2026-09-14T11:36:00-04:00	8.13	8.13	8.12	8.12	2186	yfinance_1m
2026-09-14T11:37:00-04:00	8.12	8.13	8.12	8.13	3412	yfinance_1m
2026-09-14T11:38:00-04:00	8.13	8.14	8.13	8.14	5029	yfinance_1m
2026-09-14T11:39:00-04:00	8.145	8.145	8.145	8.145	592	yfinance_1m
2026-09-14T11:40:00-04:00	8.14	8.14	8.13	8.13	2733	yfinance_1m
2026-09-14T11:41:00-04:00	8.12	8.13	8.12	8.13	4494	yfinance_1m
2026-09-14T11:42:00-04:00	8.14	8.14	8.135	8.135	1219	yfinance_1m
2026-09-14T11:43:00-04:00	8.12	8.12	8.09	8.09	6152	yfinance_1m
2026-09-14T11:44:00-04:00	8.08	8.09	8.07	8.09	3480	yfinance_1m
2026-09-14T11:45:00-04:00	8.09	8.09	8.07	8.07	2405	yfinance_1m
2026-09-14T11:46:00-04:00	8.05	8.0523	8.04	8.04	2583	yfinance_1m
2026-09-14T11:47:00-04:00	8.05	8.07	8.05	8.05	5515	yfinance_1m
2026-09-14T11:48:00-04:00	8.06	8.07	8.0501	8.07	4275	yfinance_1m
2026-09-14T11:49:00-04:00	8.06	8.06	8.05	8.05	2312	yfinance_1m
2026-09-14T11:50:00-04:00	8.03	8.06	8.03	8.06	3372	yfinance_1m
2026-09-14T11:51:00-04:00	8.06	8.06	8.05	8.06	3634	yfinance_1m
2026-09-14T11:52:00-04:00	8.07	8.08	8.07	8.075	2123	yfinance_1m
2026-09-14T11:53:00-04:00	8.08	8.08	8.06	8.06	1032	yfinance_1m
2026-09-14T11:54:00-04:00	8.06	8.09	8.06	8.07	1896	yfinance_1m
2026-09-14T11:55:00-04:00	8.07	8.07	8.06	8.07	2936	yfinance_1m
2026-09-14T11:56:00-04:00	8.07	8.08	8.07	8.08	2889	yfinance_1m
2026-09-14T11:57:00-04:00	8.07	8.08	8.07	8.075	2563	yfinance_1m
2026-09-14T11:58:00-04:00	8.09	8.09	8.07	8.075	3432	yfinance_1m
2026-09-14T11:59:00-04:00	8.07	8.09	8.07	8.08	6309	yfinance_1m
2026-09-14T12:00:00-04:00	8.09	8.1	8.06	8.06	11732	yfinance_1m
2026-09-14T12:01:00-04:00	8.06	8.07	8.06	8.06	4619	yfinance_1m
2026-09-14T12:02:00-04:00	8.065	8.08	8.06	8.08	3149	yfinance_1m
2026-09-14T12:03:00-04:00	8.08	8.08	8.08	8.08	3448	yfinance_1m
2026-09-14T12:04:00-04:00	8.065	8.065	8.065	8.065	615	yfinance_1m
2026-09-14T12:05:00-04:00	8.05	8.052	8.01	8.02	8306	yfinance_1m
2026-09-14T12:06:00-04:00	8.01	8.02	8.0	8.0	2509	yfinance_1m
2026-09-14T12:07:00-04:00	8.0	8.01	7.9931	8.01	7264	yfinance_1m
2026-09-14T12:09:00-04:00	8.01	8.02	8.0	8.0	1674	yfinance_1m
2026-09-14T12:10:00-04:00	8.01	8.0177	8.0	8.0	4046	yfinance_1m
2026-09-14T12:11:00-04:00	8.01	8.01	8.0	8.01	4175	yfinance_1m
2026-09-14T12:12:00-04:00	8.01	8.01	8.0	8.005	1746	yfinance_1m
2026-09-14T12:13:00-04:00	8.01	8.03	8.005	8.03	5275	yfinance_1m
2026-09-14T12:14:00-04:00	8.03	8.04	8.03	8.03	2441	yfinance_1m
2026-09-14T12:15:00-04:00	8.04	8.0631	8.04	8.06	2738	yfinance_1m
2026-09-14T12:16:00-04:00	8.06	8.08	8.06	8.07	7646	yfinance_1m
2026-09-14T12:17:00-04:00	8.06	8.06	8.06	8.06	2341	yfinance_1m
2026-09-14T12:18:00-04:00	8.05	8.05	8.05	8.05	405	yfinance_1m
2026-09-14T12:19:00-04:00	8.0558	8.06	8.05	8.06	4015	yfinance_1m
2026-09-14T12:20:00-04:00	8.05	8.055	8.05	8.05	1096	yfinance_1m
2026-09-14T12:21:00-04:00	8.055	8.055	8.05	8.055	1613	yfinance_1m
2026-09-14T12:22:00-04:00	8.06	8.065	8.055	8.06	5869	yfinance_1m
2026-09-14T12:23:00-04:00	8.07	8.07	8.065	8.065	1836	yfinance_1m
2026-09-14T12:24:00-04:00	8.06	8.06	8.06	8.06	1297	yfinance_1m
2026-09-14T12:25:00-04:00	8.05	8.05	8.03	8.03	5398	yfinance_1m
2026-09-14T12:26:00-04:00	8.03	8.0376	8.02	8.02	4662	yfinance_1m
2026-09-14T12:27:00-04:00	8.02	8.03	8.01	8.01	2907	yfinance_1m
2026-09-14T12:28:00-04:00	8.01	8.01	8.0	8.01	949	yfinance_1m
2026-09-14T12:29:00-04:00	8.01	8.01	8.0	8.0	3769	yfinance_1m
2026-09-14T12:30:00-04:00	8.0	8.0	7.97	7.975	4135	yfinance_1m
2026-09-14T12:31:00-04:00	7.98	7.995	7.98	7.99	3688	yfinance_1m
2026-09-14T12:32:00-04:00	7.99	7.99	7.99	7.99	1501	yfinance_1m
2026-09-14T12:33:00-04:00	7.99	7.99	7.97	7.97	1402	yfinance_1m
2026-09-14T12:34:00-04:00	7.97	7.97	7.96	7.965	2079	yfinance_1m
2026-09-14T12:35:00-04:00	7.95	7.95	7.95	7.95	986	yfinance_1m
2026-09-14T12:36:00-04:00	7.96	7.975	7.96	7.97	6593	yfinance_1m
2026-09-14T12:37:00-04:00	7.965	7.965	7.965	7.965	973	yfinance_1m
2026-09-14T12:38:00-04:00	7.96	7.96	7.96	7.96	1523	yfinance_1m
2026-09-14T12:39:00-04:00	7.96	7.97	7.95	7.97	5873	yfinance_1m
2026-09-14T12:40:00-04:00	7.9609	7.9609	7.9609	7.9609	873	yfinance_1m
2026-09-14T12:41:00-04:00	7.96	7.96	7.95	7.95	2478	yfinance_1m
2026-09-14T12:42:00-04:00	7.94	7.95	7.94	7.94	1139	yfinance_1m
2026-09-14T12:43:00-04:00	7.95	7.95	7.94	7.94	1985	yfinance_1m
2026-09-14T12:44:00-04:00	7.9433	7.9433	7.94	7.94	2296	yfinance_1m
2026-09-14T12:45:00-04:00	7.93	7.94	7.93	7.93	1359	yfinance_1m
2026-09-14T12:46:00-04:00	7.9306	7.9306	7.925	7.93	1793	yfinance_1m
2026-09-14T12:47:00-04:00	7.93	7.97	7.93	7.97	7210	yfinance_1m
2026-09-14T12:48:00-04:00	7.975	8.025	7.975	8.025	3198	yfinance_1m
2026-09-14T12:49:00-04:00	8.025	8.03	8.02	8.02	2029	yfinance_1m
2026-09-14T12:50:00-04:00	8.02	8.02	8.01	8.01	2263	yfinance_1m
2026-09-14T12:51:00-04:00	8.0	8.03	8.0	8.01	3878	yfinance_1m
2026-09-14T12:52:00-04:00	8.01	8.01	8.01	8.01	2327	yfinance_1m
2026-09-14T12:53:00-04:00	8.0	8.0	8.0	8.0	1235	yfinance_1m
2026-09-14T12:54:00-04:00	8.0	8.0	8.0	8.0	1103	yfinance_1m
2026-09-14T12:55:00-04:00	8.0	8.0	8.0	8.0	2622	yfinance_1m
2026-09-14T12:56:00-04:00	7.99	7.99	7.98	7.98	622	yfinance_1m
2026-09-14T12:57:00-04:00	7.99	8.0	7.97	7.97	3215	yfinance_1m
2026-09-14T12:58:00-04:00	7.97	7.98	7.96	7.96	3910	yfinance_1m
2026-09-14T12:59:00-04:00	7.96	7.97	7.95	7.95	3131	yfinance_1m
2026-09-14T13:00:00-04:00	7.95	7.95	7.93	7.93	2511	yfinance_1m
2026-09-14T13:01:00-04:00	7.94	7.94	7.92	7.92	3310	yfinance_1m
2026-09-14T13:02:00-04:00	7.92	7.92	7.92	7.92	1230	yfinance_1m
2026-09-14T13:03:00-04:00	7.92	7.92	7.9	7.9	2670	yfinance_1m
2026-09-14T13:04:00-04:00	7.91	7.93	7.91	7.925	5377	yfinance_1m
2026-09-14T13:05:00-04:00	7.92	7.92	7.9	7.9	2949	yfinance_1m
2026-09-14T13:06:00-04:00	7.89	7.905	7.89	7.895	6840	yfinance_1m
2026-09-14T13:07:00-04:00	7.89	7.9	7.89	7.895	4732	yfinance_1m
2026-09-14T13:08:00-04:00	7.895	7.895	7.86	7.895	21734	yfinance_1m
2026-09-14T13:09:00-04:00	7.9	7.905	7.9	7.9	5563	yfinance_1m
2026-09-14T13:10:00-04:00	7.891	7.8957	7.89	7.89	2095	yfinance_1m
2026-09-14T13:11:00-04:00	7.9	7.9	7.88	7.8999	4230	yfinance_1m
2026-09-14T13:12:00-04:00	7.89	7.89	7.8801	7.89	3255	yfinance_1m
2026-09-14T13:13:00-04:00	7.88	7.88	7.86	7.86	3765	yfinance_1m
2026-09-14T13:14:00-04:00	7.86	7.86	7.85	7.86	2824	yfinance_1m
2026-09-14T13:15:00-04:00	7.86	7.86	7.86	7.86	1287	yfinance_1m
2026-09-14T13:16:00-04:00	7.87	7.875	7.86	7.86	4055	yfinance_1m
2026-09-14T13:17:00-04:00	7.87	7.875	7.87	7.87	2089	yfinance_1m
2026-09-14T13:18:00-04:00	7.875	7.875	7.85	7.85	7114	yfinance_1m
2026-09-14T13:19:00-04:00	7.85	7.865	7.85	7.86	2938	yfinance_1m
2026-09-14T13:20:00-04:00	7.86	7.868	7.855	7.855	5397	yfinance_1m
2026-09-14T13:21:00-04:00	7.85	7.85	7.85	7.85	2080	yfinance_1m
2026-09-14T13:22:00-04:00	7.85	7.86	7.85	7.85	1874	yfinance_1m
2026-09-14T13:23:00-04:00	7.85	7.85	7.85	7.85	1032	yfinance_1m
2026-09-14T13:24:00-04:00	7.86	7.87	7.86	7.865	4857	yfinance_1m
2026-09-14T13:25:00-04:00	7.86	7.865	7.86	7.865	1766	yfinance_1m
2026-09-14T13:26:00-04:00	7.8603	7.8603	7.85	7.855	4471	yfinance_1m
2026-09-14T13:27:00-04:00	7.85	7.875	7.85	7.875	4001	yfinance_1m
2026-09-14T13:28:00-04:00	7.8799	7.88	7.8709	7.8709	4063	yfinance_1m
2026-09-14T13:29:00-04:00	7.875	7.89	7.87	7.89	3627	yfinance_1m
2026-09-14T13:30:00-04:00	7.88	7.88	7.875	7.88	3527	yfinance_1m
2026-09-14T13:31:00-04:00	7.89	7.89	7.88	7.88	4349	yfinance_1m
2026-09-14T13:32:00-04:00	7.88	7.88	7.87	7.87	315	yfinance_1m
2026-09-14T13:33:00-04:00	7.88	7.88	7.87	7.87	2169	yfinance_1m
2026-09-14T13:34:00-04:00	7.87	7.8795	7.86	7.87	5433	yfinance_1m
2026-09-14T13:35:00-04:00	7.875	7.875	7.86	7.865	4213	yfinance_1m
2026-09-14T13:36:00-04:00	7.86	7.86	7.86	7.86	2096	yfinance_1m
2026-09-14T13:37:00-04:00	7.86	7.86	7.85	7.85	3285	yfinance_1m
2026-09-14T13:38:00-04:00	7.85	7.85	7.835	7.835	6511	yfinance_1m
2026-09-14T13:39:00-04:00	7.84	7.855	7.84	7.855	5421	yfinance_1m
2026-09-14T13:41:00-04:00	7.85	7.855	7.84	7.855	4581	yfinance_1m
2026-09-14T13:42:00-04:00	7.86	7.86	7.85	7.855	4300	yfinance_1m
2026-09-14T13:43:00-04:00	7.855	7.855	7.85	7.855	1321	yfinance_1m
2026-09-14T13:44:00-04:00	7.855	7.865	7.855	7.865	2269	yfinance_1m
2026-09-14T13:45:00-04:00	7.865	7.865	7.865	7.865	2437	yfinance_1m
2026-09-14T13:46:00-04:00	7.86	7.86	7.85	7.85	3989	yfinance_1m
2026-09-14T13:47:00-04:00	7.85	7.86	7.85	7.855	1162	yfinance_1m
2026-09-14T13:48:00-04:00	7.86	7.865	7.8599	7.86	6861	yfinance_1m
2026-09-14T13:49:00-04:00	7.855	7.865	7.855	7.865	3311	yfinance_1m
2026-09-14T13:50:00-04:00	7.865	7.87	7.865	7.87	3868	yfinance_1m
2026-09-14T13:51:00-04:00	7.875	7.88	7.875	7.88	1392	yfinance_1m
2026-09-14T13:52:00-04:00	7.8797	7.885	7.8797	7.885	3930	yfinance_1m
2026-09-14T13:53:00-04:00	7.885	7.885	7.875	7.88	3748	yfinance_1m
2026-09-14T13:54:00-04:00	7.88	7.885	7.88	7.885	2393	yfinance_1m
2026-09-14T13:55:00-04:00	7.885	7.895	7.885	7.895	7072	yfinance_1m
2026-09-14T13:57:00-04:00	7.89	7.89	7.89	7.89	355	yfinance_1m
2026-09-14T13:58:00-04:00	7.895	7.905	7.881	7.895	10202	yfinance_1m
2026-09-14T13:59:00-04:00	7.895	7.91	7.89	7.905	5765	yfinance_1m
2026-09-14T14:00:00-04:00	7.905	7.905	7.89	7.89	3161	yfinance_1m
2026-09-14T14:01:00-04:00	7.9	7.9	7.89	7.89	4467	yfinance_1m
2026-09-14T14:02:00-04:00	7.89	7.89	7.89	7.89	1479	yfinance_1m
2026-09-14T14:03:00-04:00	7.891	7.891	7.88	7.88	3549	yfinance_1m
2026-09-14T14:04:00-04:00	7.885	7.8892	7.88	7.8892	1799	yfinance_1m
2026-09-14T14:05:00-04:00	7.88	7.885	7.86	7.86	10266	yfinance_1m
2026-09-14T14:06:00-04:00	7.86	7.87	7.86	7.865	5672	yfinance_1m
2026-09-14T14:07:00-04:00	7.865	7.865	7.865	7.865	1503	yfinance_1m
2026-09-14T14:08:00-04:00	7.865	7.865	7.85	7.85	4326	yfinance_1m
2026-09-14T14:09:00-04:00	7.85	7.865	7.85	7.865	4452	yfinance_1m
2026-09-14T14:10:00-04:00	7.86	7.865	7.86	7.865	753	yfinance_1m
2026-09-14T14:11:00-04:00	7.87	7.875	7.87	7.875	6937	yfinance_1m
2026-09-14T14:12:00-04:00	7.87	7.875	7.87	7.875	1979	yfinance_1m
2026-09-14T14:13:00-04:00	7.875	7.9	7.875	7.9	9308	yfinance_1m
2026-09-14T14:14:00-04:00	7.905	7.905	7.905	7.905	240	yfinance_1m
2026-09-14T14:15:00-04:00	7.9099	7.9099	7.9	7.905	3064	yfinance_1m
2026-09-14T14:16:00-04:00	7.905	7.91	7.901	7.905	4271	yfinance_1m
2026-09-14T14:17:00-04:00	7.905	7.915	7.905	7.915	6836	yfinance_1m
2026-09-14T14:18:00-04:00	7.915	7.915	7.88	7.88	14969	yfinance_1m
2026-09-14T14:19:00-04:00	7.881	7.89	7.881	7.89	5393	yfinance_1m
2026-09-14T14:20:00-04:00	7.8901	7.8901	7.885	7.885	1996	yfinance_1m
2026-09-14T14:21:00-04:00	7.885	7.885	7.88	7.88	2267	yfinance_1m
2026-09-14T14:22:00-04:00	7.88	7.885	7.88	7.885	1963	yfinance_1m
2026-09-14T14:23:00-04:00	7.885	7.885	7.88	7.88	1462	yfinance_1m
2026-09-14T14:24:00-04:00	7.88	7.885	7.875	7.875	2765	yfinance_1m
2026-09-14T14:25:00-04:00	7.875	7.875	7.87	7.87	2673	yfinance_1m
2026-09-14T14:26:00-04:00	7.87	7.87	7.86	7.86	3259	yfinance_1m
2026-09-14T14:27:00-04:00	7.861	7.865	7.86	7.86	2760	yfinance_1m
2026-09-14T14:28:00-04:00	7.86	7.86	7.84	7.845	13615	yfinance_1m
2026-09-14T14:29:00-04:00	7.84	7.845	7.83	7.835	6059	yfinance_1m
2026-09-14T14:30:00-04:00	7.83	7.835	7.825	7.825	4629	yfinance_1m
2026-09-14T14:31:00-04:00	7.825	7.825	7.82	7.825	1938	yfinance_1m
2026-09-14T14:32:00-04:00	7.83	7.8376	7.83	7.8376	4220	yfinance_1m
2026-09-14T14:33:00-04:00	7.835	7.835	7.83	7.835	2736	yfinance_1m
2026-09-14T14:34:00-04:00	7.835	7.835	7.835	7.835	1632	yfinance_1m
2026-09-14T14:35:00-04:00	7.83	7.835	7.83	7.835	863	yfinance_1m
2026-09-14T14:36:00-04:00	7.835	7.835	7.83	7.83	2498	yfinance_1m
2026-09-14T14:37:00-04:00	7.83	7.835	7.825	7.825	8146	yfinance_1m
2026-09-14T14:38:00-04:00	7.825	7.825	7.82	7.825	2739	yfinance_1m
2026-09-14T14:39:00-04:00	7.82	7.83	7.82	7.825	5485	yfinance_1m
2026-09-14T14:40:00-04:00	7.82	7.8294	7.82	7.82	2528	yfinance_1m
2026-09-14T14:41:00-04:00	7.825	7.825	7.82	7.82	2438	yfinance_1m
2026-09-14T14:42:00-04:00	7.82	7.825	7.815	7.825	5337	yfinance_1m
2026-09-14T14:43:00-04:00	7.825	7.83	7.825	7.825	3381	yfinance_1m
2026-09-14T14:44:00-04:00	7.825	7.825	7.825	7.825	1662	yfinance_1m
2026-09-14T14:45:00-04:00	7.82	7.825	7.82	7.82	2042	yfinance_1m
2026-09-14T14:46:00-04:00	7.82	7.82	7.81	7.81	10276	yfinance_1m
2026-09-14T14:47:00-04:00	7.81	7.82	7.81	7.815	1761	yfinance_1m
2026-09-14T14:48:00-04:00	7.815	7.82	7.81	7.82	2398	yfinance_1m
2026-09-14T14:49:00-04:00	7.81	7.815	7.81	7.815	2157	yfinance_1m
2026-09-14T14:50:00-04:00	7.815	7.815	7.8	7.805	8107	yfinance_1m
2026-09-14T14:51:00-04:00	7.8	7.815	7.8	7.81	5618	yfinance_1m
2026-09-14T14:52:00-04:00	7.815	7.8276	7.815	7.8276	5685	yfinance_1m
2026-09-14T14:53:00-04:00	7.83	7.835	7.83	7.8301	3268	yfinance_1m
2026-09-14T14:54:00-04:00	7.8399	7.84	7.835	7.835	3190	yfinance_1m
2026-09-14T14:55:00-04:00	7.835	7.835	7.8301	7.835	1089	yfinance_1m
2026-09-14T14:56:00-04:00	7.835	7.835	7.8315	7.835	2235	yfinance_1m
2026-09-14T14:57:00-04:00	7.84	7.85	7.84	7.845	10201	yfinance_1m
2026-09-14T14:58:00-04:00	7.845	7.855	7.8401	7.855	4502	yfinance_1m
2026-09-14T14:59:00-04:00	7.855	7.855	7.8403	7.845	9046	yfinance_1m
2026-09-14T15:00:00-04:00	7.84	7.855	7.831	7.85	12149	yfinance_1m
2026-09-14T15:01:00-04:00	7.85	7.85	7.84	7.843	2640	yfinance_1m
2026-09-14T15:02:00-04:00	7.85	7.86	7.841	7.85	3411	yfinance_1m
2026-09-14T15:03:00-04:00	7.8579	7.8579	7.84	7.855	7745	yfinance_1m
2026-09-14T15:04:00-04:00	7.855	7.855	7.855	7.855	1123	yfinance_1m
2026-09-14T15:05:00-04:00	7.8514	7.855	7.84	7.84	3951	yfinance_1m
2026-09-14T15:06:00-04:00	7.841	7.85	7.84	7.84	2879	yfinance_1m
2026-09-14T15:07:00-04:00	7.85	7.85	7.845	7.845	4546	yfinance_1m
2026-09-14T15:08:00-04:00	7.845	7.845	7.83	7.83	12185	yfinance_1m
2026-09-14T15:09:00-04:00	7.825	7.825	7.825	7.825	1954	yfinance_1m
2026-09-14T15:10:00-04:00	7.825	7.825	7.82	7.825	1620	yfinance_1m
2026-09-14T15:11:00-04:00	7.83	7.83	7.82	7.8201	6791	yfinance_1m
2026-09-14T15:12:00-04:00	7.825	7.825	7.82	7.8215	3132	yfinance_1m
2026-09-14T15:13:00-04:00	7.825	7.835	7.825	7.835	6822	yfinance_1m
2026-09-14T15:14:00-04:00	7.835	7.8359	7.835	7.835	1951	yfinance_1m
2026-09-14T15:15:00-04:00	7.8344	7.835	7.825	7.825	7155	yfinance_1m
2026-09-14T15:16:00-04:00	7.825	7.825	7.825	7.825	2481	yfinance_1m
2026-09-14T15:17:00-04:00	7.825	7.825	7.825	7.825	1615	yfinance_1m
2026-09-14T15:18:00-04:00	7.83	7.835	7.825	7.8293	9992	yfinance_1m
2026-09-14T15:19:00-04:00	7.825	7.825	7.825	7.825	2986	yfinance_1m
2026-09-14T15:20:00-04:00	7.825	7.825	7.82	7.825	1366	yfinance_1m
2026-09-14T15:21:00-04:00	7.825	7.835	7.825	7.835	6453	yfinance_1m
2026-09-14T15:22:00-04:00	7.835	7.835	7.83	7.83	2509	yfinance_1m
2026-09-14T15:23:00-04:00	7.8382	7.84	7.835	7.835	2945	yfinance_1m
2026-09-14T15:24:00-04:00	7.835	7.84	7.835	7.835	1636	yfinance_1m
2026-09-14T15:25:00-04:00	7.835	7.84	7.835	7.835	3155	yfinance_1m
2026-09-14T15:26:00-04:00	7.84	7.86	7.835	7.86	16620	yfinance_1m
2026-09-14T15:27:00-04:00	7.86	7.875	7.86	7.875	5766	yfinance_1m
2026-09-14T15:28:00-04:00	7.87	7.87	7.85	7.855	16723	yfinance_1m
2026-09-14T15:29:00-04:00	7.86	7.865	7.855	7.855	9183	yfinance_1m
2026-09-14T15:30:00-04:00	7.855	7.89	7.855	7.89	13605	yfinance_1m
2026-09-14T15:31:00-04:00	7.9	7.91	7.9	7.9	4160	yfinance_1m
2026-09-14T15:32:00-04:00	7.906	7.906	7.8989	7.8989	3283	yfinance_1m
2026-09-14T15:33:00-04:00	7.9	7.91	7.89	7.895	8330	yfinance_1m
2026-09-14T15:34:00-04:00	7.895	7.9	7.83	7.83	28738	yfinance_1m
2026-09-14T15:35:00-04:00	7.83	7.8392	7.825	7.825	3539	yfinance_1m
2026-09-14T15:36:00-04:00	7.825	7.835	7.825	7.835	8578	yfinance_1m
2026-09-14T15:37:00-04:00	7.835	7.845	7.83	7.83	12371	yfinance_1m
2026-09-14T15:38:00-04:00	7.825	7.84	7.82	7.835	12996	yfinance_1m
2026-09-14T15:39:00-04:00	7.83	7.84	7.83	7.84	11013	yfinance_1m
2026-09-14T15:40:00-04:00	7.84	7.84	7.81	7.815	10868	yfinance_1m
2026-09-14T15:41:00-04:00	7.815	7.83	7.81	7.83	10241	yfinance_1m
2026-09-14T15:42:00-04:00	7.835	7.84	7.83	7.835	5245	yfinance_1m
2026-09-14T15:43:00-04:00	7.835	7.835	7.83	7.83	3348	yfinance_1m
2026-09-14T15:44:00-04:00	7.835	7.835	7.825	7.825	8695	yfinance_1m
2026-09-14T15:45:00-04:00	7.825	7.825	7.82	7.82	6599	yfinance_1m
2026-09-14T15:46:00-04:00	7.82	7.83	7.82	7.825	10147	yfinance_1m
2026-09-14T15:47:00-04:00	7.825	7.825	7.82	7.825	2671	yfinance_1m
2026-09-14T15:48:00-04:00	7.825	7.825	7.81	7.815	9834	yfinance_1m
2026-09-14T15:49:00-04:00	7.81	7.81	7.8	7.8	24883	yfinance_1m
2026-09-14T15:50:00-04:00	7.8	7.8	7.78	7.785	20416	yfinance_1m
2026-09-14T15:51:00-04:00	7.785	7.79	7.76	7.78	41435	yfinance_1m
2026-09-14T15:52:00-04:00	7.79	7.8	7.78	7.78	19770	yfinance_1m
2026-09-14T15:53:00-04:00	7.775	7.775	7.77	7.77	11405	yfinance_1m
2026-09-14T15:54:00-04:00	7.77	7.775	7.75	7.75	17764	yfinance_1m
2026-09-14T15:55:00-04:00	7.75	7.755	7.72	7.725	33748	yfinance_1m
2026-09-14T15:56:00-04:00	7.72	7.725	7.69	7.69	40832	yfinance_1m
2026-09-14T15:57:00-04:00	7.7	7.715	7.695	7.715	56889	yfinance_1m
2026-09-14T15:58:00-04:00	7.715	7.715	7.68	7.685	113390	yfinance_1m
2026-09-14T15:59:00-04:00	7.685	7.72	7.685	7.715	104731	yfinance_1m
2026-09-15T09:30:00-04:00	7.7	7.71	7.55	7.7	34366	yfinance_1m
2026-09-15T09:31:00-04:00	7.7	7.71	7.69	7.71	4402	yfinance_1m
2026-09-15T09:32:00-04:00	7.75	7.7785	7.715	7.745	3995	yfinance_1m
2026-09-15T09:33:00-04:00	7.7468	7.7468	7.61	7.62	5952	yfinance_1m
2026-09-15T09:34:00-04:00	7.66	7.66	7.57	7.57	2287	yfinance_1m
2026-09-15T09:35:00-04:00	7.63	7.665	7.57	7.66	4999	yfinance_1m
2026-09-15T09:36:00-04:00	7.66	7.665	7.66	7.665	2762	yfinance_1m
2026-09-15T09:37:00-04:00	7.6799	7.7	7.64	7.7	19712	yfinance_1m
2026-09-15T09:38:00-04:00	7.718	7.73	7.68	7.73	2895	yfinance_1m
2026-09-15T09:39:00-04:00	7.7256	7.76	7.725	7.75	2808	yfinance_1m
2026-09-15T09:40:00-04:00	7.75	7.84	7.75	7.825	10530	yfinance_1m
2026-09-15T09:41:00-04:00	7.86	7.9	7.86	7.865	5045	yfinance_1m
2026-09-15T09:42:00-04:00	7.89	7.9	7.86	7.895	2753	yfinance_1m
2026-09-15T09:43:00-04:00	7.89	7.92	7.87	7.92	2123	yfinance_1m
2026-09-15T09:44:00-04:00	7.91	7.915	7.895	7.91	1035	yfinance_1m
2026-09-15T09:45:00-04:00	7.89	7.89	7.79	7.8275	37237	yfinance_1m
2026-09-15T09:46:00-04:00	7.8	7.8	7.8	7.8	866	yfinance_1m
2026-09-15T09:47:00-04:00	7.781	7.79	7.765	7.765	2035	yfinance_1m
2026-09-15T09:48:00-04:00	7.77	7.78	7.77	7.78	1364	yfinance_1m
2026-09-15T09:49:00-04:00	7.74	7.74	7.74	7.74	610	yfinance_1m
2026-09-15T09:50:00-04:00	7.705	7.705	7.675	7.675	5335	yfinance_1m
2026-09-15T09:51:00-04:00	7.661	7.7199	7.661	7.6954	3066	yfinance_1m
2026-09-15T09:52:00-04:00	7.71	7.71	7.71	7.71	1868	yfinance_1m
2026-09-15T09:53:00-04:00	7.7	7.72	7.7	7.71	3136	yfinance_1m
2026-09-15T09:54:00-04:00	7.72	7.73	7.71	7.71	1883	yfinance_1m
2026-09-15T09:55:00-04:00	7.705	7.73	7.7	7.72	7545	yfinance_1m
2026-09-15T09:56:00-04:00	7.73	7.73	7.73	7.73	4296	yfinance_1m
2026-09-15T09:57:00-04:00	7.72	7.72	7.71	7.71	3048	yfinance_1m
2026-09-15T09:58:00-04:00	7.71	7.71	7.7	7.71	1631	yfinance_1m
2026-09-15T09:59:00-04:00	7.7	7.7	7.685	7.685	1647	yfinance_1m
2026-09-15T10:00:00-04:00	7.68	7.685	7.67	7.67	1752	yfinance_1m
2026-09-15T10:01:00-04:00	7.67	7.67	7.64	7.64	4959	yfinance_1m
2026-09-15T10:02:00-04:00	7.64	7.64	7.61	7.61	1477	yfinance_1m
2026-09-15T10:03:00-04:00	7.61	7.63	7.595	7.595	5388	yfinance_1m
2026-09-15T10:04:00-04:00	7.595	7.6	7.595	7.6	705	yfinance_1m
2026-09-15T10:05:00-04:00	7.595	7.6	7.5925	7.6	2034	yfinance_1m
2026-09-15T10:06:00-04:00	7.595	7.595	7.575	7.575	4298	yfinance_1m
2026-09-15T10:07:00-04:00	7.58	7.5926	7.58	7.59	3132	yfinance_1m
2026-09-15T10:08:00-04:00	7.58	7.59	7.576	7.58	4271	yfinance_1m
2026-09-15T10:09:00-04:00	7.59	7.625	7.59	7.625	8322	yfinance_1m
2026-09-15T10:10:00-04:00	7.625	7.625	7.6131	7.625	2547	yfinance_1m
2026-09-15T10:11:00-04:00	7.625	7.625	7.61	7.61	4225	yfinance_1m
2026-09-15T10:12:00-04:00	7.6	7.61	7.58	7.58	1783	yfinance_1m
2026-09-15T10:13:00-04:00	7.605	7.605	7.605	7.605	1965	yfinance_1m
2026-09-15T10:14:00-04:00	7.58	7.58	7.544	7.555	7998	yfinance_1m
2026-09-15T10:15:00-04:00	7.56	7.56	7.54	7.56	4467	yfinance_1m
2026-09-15T10:16:00-04:00	7.55	7.6	7.55	7.59	4414	yfinance_1m
2026-09-15T10:17:00-04:00	7.58	7.615	7.58	7.58	5652	yfinance_1m
2026-09-15T10:18:00-04:00	7.59	7.59	7.58	7.58	3325	yfinance_1m
2026-09-15T10:19:00-04:00	7.58	7.6	7.58	7.6	18611	yfinance_1m
2026-09-15T10:20:00-04:00	7.615	7.6175	7.6	7.6175	6286	yfinance_1m
2026-09-15T10:21:00-04:00	7.615	7.6268	7.6	7.6	1825	yfinance_1m
2026-09-15T10:22:00-04:00	7.6265	7.6265	7.6	7.61	3285	yfinance_1m
2026-09-15T10:23:00-04:00	7.59	7.5935	7.58	7.5935	4225	yfinance_1m
2026-09-15T10:24:00-04:00	7.59	7.59	7.58	7.58	5260	yfinance_1m
2026-09-15T10:25:00-04:00	7.57	7.58	7.55	7.55	1544	yfinance_1m
2026-09-15T10:26:00-04:00	7.555	7.57	7.55	7.57	1472	yfinance_1m
2026-09-15T10:27:00-04:00	7.565	7.595	7.565	7.595	8275	yfinance_1m
2026-09-15T10:28:00-04:00	7.58	7.6	7.5701	7.6	3372	yfinance_1m
2026-09-15T10:29:00-04:00	7.6	7.63	7.6	7.6	3564	yfinance_1m
2026-09-15T10:30:00-04:00	7.6	7.6	7.6	7.6	1782	yfinance_1m
2026-09-15T10:32:00-04:00	7.6	7.605	7.6	7.6	4097	yfinance_1m
2026-09-15T10:33:00-04:00	7.59	7.61	7.59	7.61	1996	yfinance_1m
2026-09-15T10:34:00-04:00	7.6004	7.62	7.6004	7.615	3331	yfinance_1m
2026-09-15T10:35:00-04:00	7.615	7.62	7.61	7.61	3812	yfinance_1m
2026-09-15T10:36:00-04:00	7.61	7.635	7.61	7.63	9264	yfinance_1m
2026-09-15T10:37:00-04:00	7.64	7.65	7.635	7.65	1196	yfinance_1m
2026-09-15T10:38:00-04:00	7.65	7.65	7.64	7.64	1867	yfinance_1m
2026-09-15T10:39:00-04:00	7.63	7.65	7.63	7.64	4548	yfinance_1m
2026-09-15T10:40:00-04:00	7.64	7.64	7.6237	7.6237	1567	yfinance_1m
2026-09-15T10:41:00-04:00	7.62	7.62	7.61	7.61	1591	yfinance_1m
2026-09-15T10:42:00-04:00	7.6	7.61	7.59	7.61	11139	yfinance_1m
2026-09-15T10:43:00-04:00	7.61	7.615	7.61	7.615	2341	yfinance_1m
2026-09-15T10:44:00-04:00	7.615	7.615	7.615	7.615	1774	yfinance_1m
2026-09-15T10:45:00-04:00	7.615	7.64	7.61	7.64	3179	yfinance_1m
2026-09-15T10:46:00-04:00	7.64	7.64	7.62	7.63	14440	yfinance_1m
2026-09-15T10:47:00-04:00	7.61	7.61	7.61	7.61	501	yfinance_1m
2026-09-15T10:48:00-04:00	7.6017	7.615	7.6	7.615	1946	yfinance_1m
2026-09-15T10:49:00-04:00	7.61	7.615	7.6	7.6045	3002	yfinance_1m
2026-09-15T10:50:00-04:00	7.6	7.6	7.6	7.6	1160	yfinance_1m
2026-09-15T10:51:00-04:00	7.6	7.6197	7.59	7.6197	3727	yfinance_1m
2026-09-15T10:52:00-04:00	7.5923	7.5923	7.58	7.59	3400	yfinance_1m
2026-09-15T10:53:00-04:00	7.58	7.5801	7.58	7.5801	3846	yfinance_1m
2026-09-15T10:54:00-04:00	7.595	7.595	7.58	7.585	7193	yfinance_1m
2026-09-15T10:55:00-04:00	7.6	7.61	7.56	7.58	7217	yfinance_1m
2026-09-15T10:56:00-04:00	7.565	7.59	7.56	7.59	4025	yfinance_1m
2026-09-15T10:57:00-04:00	7.6	7.61	7.59	7.59	4311	yfinance_1m
2026-09-15T10:58:00-04:00	7.6	7.6	7.59	7.59	1771	yfinance_1m
2026-09-15T10:59:00-04:00	7.59	7.59	7.58	7.58	1680	yfinance_1m
2026-09-15T11:00:00-04:00	7.6	7.6	7.59	7.59	2663	yfinance_1m
2026-09-15T11:01:00-04:00	7.6	7.6	7.58	7.5918	5096	yfinance_1m
2026-09-15T11:02:00-04:00	7.58	7.58	7.57	7.57	2048	yfinance_1m
2026-09-15T11:03:00-04:00	7.56	7.56	7.56	7.56	818	yfinance_1m
2026-09-15T11:04:00-04:00	7.57	7.575	7.57	7.575	1756	yfinance_1m
2026-09-15T11:05:00-04:00	7.575	7.6	7.575	7.585	27255	yfinance_1m
2026-09-15T11:06:00-04:00	7.57	7.57	7.55	7.56	4960	yfinance_1m
2026-09-15T11:07:00-04:00	7.56	7.6	7.55	7.6	5184	yfinance_1m
2026-09-15T11:08:00-04:00	7.59	7.59	7.59	7.59	1170	yfinance_1m
2026-09-15T11:09:00-04:00	7.6	7.6	7.57	7.58	4065	yfinance_1m
2026-09-15T11:10:00-04:00	7.57	7.57	7.57	7.57	281	yfinance_1m
2026-09-15T11:11:00-04:00	7.57	7.58	7.57	7.58	4664	yfinance_1m
2026-09-15T11:13:00-04:00	7.56	7.56	7.56	7.56	3452	yfinance_1m
2026-09-15T11:14:00-04:00	7.55	7.56	7.55	7.56	1592	yfinance_1m
2026-09-15T11:15:00-04:00	7.56	7.57	7.56	7.57	618	yfinance_1m
2026-09-15T11:16:00-04:00	7.56	7.57	7.55	7.555	7044	yfinance_1m
2026-09-15T11:17:00-04:00	7.55	7.56	7.55	7.55	2476	yfinance_1m
2026-09-15T11:18:00-04:00	7.55	7.56	7.55	7.56	3203	yfinance_1m
2026-09-15T11:19:00-04:00	7.55	7.55	7.54	7.54	2968	yfinance_1m
2026-09-15T11:21:00-04:00	7.545	7.5498	7.54	7.54	2635	yfinance_1m
2026-09-15T11:22:00-04:00	7.55	7.55	7.545	7.545	575	yfinance_1m
2026-09-15T11:23:00-04:00	7.545	7.56	7.545	7.555	9820	yfinance_1m
2026-09-15T11:24:00-04:00	7.555	7.565	7.505	7.53	39997	yfinance_1m
2026-09-15T11:25:00-04:00	7.52	7.52	7.52	7.52	1846	yfinance_1m
2026-09-15T11:26:00-04:00	7.52	7.52	7.51	7.5101	11005	yfinance_1m
2026-09-15T11:27:00-04:00	7.52	7.5274	7.51	7.51	4315	yfinance_1m
2026-09-15T11:28:00-04:00	7.51	7.5141	7.51	7.51	4423	yfinance_1m
2026-09-15T11:29:00-04:00	7.51	7.51	7.51	7.51	4039	yfinance_1m
2026-09-15T11:30:00-04:00	7.52	7.53	7.51	7.525	6269	yfinance_1m
2026-09-15T11:31:00-04:00	7.525	7.545	7.525	7.54	18520	yfinance_1m
2026-09-15T11:32:00-04:00	7.53	7.53	7.52	7.52	1855	yfinance_1m
2026-09-15T11:33:00-04:00	7.525	7.54	7.525	7.525	4594	yfinance_1m
2026-09-15T11:34:00-04:00	7.52	7.53	7.52	7.53	4582	yfinance_1m
2026-09-15T11:35:00-04:00	7.52	7.5598	7.52	7.53	15519	yfinance_1m
2026-09-15T11:36:00-04:00	7.52	7.57	7.51	7.56	7990	yfinance_1m
2026-09-15T11:37:00-04:00	7.56	7.56	7.56	7.56	1247	yfinance_1m
2026-09-15T11:38:00-04:00	7.555	7.56	7.55	7.56	2258	yfinance_1m
2026-09-15T11:39:00-04:00	7.56	7.56	7.54	7.54	2297	yfinance_1m
2026-09-15T11:40:00-04:00	7.545	7.55	7.545	7.55	1014	yfinance_1m
2026-09-15T11:41:00-04:00	7.545	7.545	7.545	7.545	2603	yfinance_1m
2026-09-15T11:42:00-04:00	7.5541	7.56	7.55	7.55	1019	yfinance_1m
2026-09-15T11:43:00-04:00	7.55	7.57	7.55	7.57	5616	yfinance_1m
2026-09-15T11:44:00-04:00	7.57	7.57	7.57	7.57	1715	yfinance_1m
2026-09-15T11:45:00-04:00	7.56	7.56	7.55	7.55	19082	yfinance_1m
2026-09-15T11:46:00-04:00	7.55	7.56	7.55	7.56	2585	yfinance_1m
2026-09-15T11:47:00-04:00	7.555	7.555	7.55	7.55	1116	yfinance_1m
2026-09-15T11:48:00-04:00	7.55	7.55	7.55	7.55	1659	yfinance_1m
2026-09-15T11:49:00-04:00	7.57	7.57	7.56	7.56	1748	yfinance_1m
2026-09-15T11:50:00-04:00	7.57	7.59	7.56	7.58	1797	yfinance_1m
2026-09-15T11:51:00-04:00	7.57	7.57	7.57	7.57	7083	yfinance_1m
2026-09-15T11:52:00-04:00	7.58	7.6	7.58	7.5902	3207	yfinance_1m
2026-09-15T11:53:00-04:00	7.6	7.6	7.6	7.6	1816	yfinance_1m
2026-09-15T11:54:00-04:00	7.6	7.61	7.6	7.61	628	yfinance_1m
2026-09-15T11:55:00-04:00	7.6	7.61	7.6	7.61	3161	yfinance_1m
2026-09-15T11:56:00-04:00	7.6	7.605	7.59	7.6	6222	yfinance_1m
2026-09-15T11:57:00-04:00	7.59	7.6	7.58	7.58	4018	yfinance_1m
2026-09-15T11:59:00-04:00	7.58	7.58	7.58	7.58	756	yfinance_1m
2026-09-15T12:00:00-04:00	7.58	7.585	7.57	7.57	3430	yfinance_1m
2026-09-15T12:01:00-04:00	7.58	7.58	7.57	7.57	2353	yfinance_1m
2026-09-15T12:02:00-04:00	7.57	7.58	7.57	7.57	3008	yfinance_1m
2026-09-15T12:03:00-04:00	7.58	7.58	7.57	7.58	1520	yfinance_1m
2026-09-15T12:04:00-04:00	7.58	7.588	7.57	7.58	6719	yfinance_1m
2026-09-15T12:05:00-04:00	7.58	7.59	7.58	7.59	3068	yfinance_1m
2026-09-15T12:07:00-04:00	7.6	7.61	7.6	7.61	2908	yfinance_1m
2026-09-15T12:08:00-04:00	7.62	7.625	7.62	7.625	1683	yfinance_1m
2026-09-15T12:09:00-04:00	7.625	7.625	7.625	7.625	2262	yfinance_1m
2026-09-15T12:10:00-04:00	7.63	7.63	7.63	7.63	1453	yfinance_1m
2026-09-15T12:11:00-04:00	7.62	7.625	7.62	7.625	963	yfinance_1m
2026-09-15T12:12:00-04:00	7.62	7.625	7.62	7.625	4277	yfinance_1m
2026-09-15T12:13:00-04:00	7.62	7.62	7.61	7.61	2656	yfinance_1m
2026-09-15T12:14:00-04:00	7.615	7.615	7.6	7.6	3578	yfinance_1m
2026-09-15T12:15:00-04:00	7.605	7.665	7.6	7.65	61708	yfinance_1m
2026-09-15T12:16:00-04:00	7.65	7.65	7.62	7.64	12204	yfinance_1m
2026-09-15T12:17:00-04:00	7.64	7.64	7.635	7.64	821	yfinance_1m
2026-09-15T12:18:00-04:00	7.6301	7.66	7.6301	7.66	9124	yfinance_1m
2026-09-15T12:19:00-04:00	7.66	7.67	7.65	7.67	7389	yfinance_1m
2026-09-15T12:20:00-04:00	7.67	7.675	7.67	7.675	714	yfinance_1m
2026-09-15T12:21:00-04:00	7.67	7.69	7.67	7.69	15524	yfinance_1m
2026-09-15T12:22:00-04:00	7.69	7.69	7.69	7.69	818	yfinance_1m
2026-09-15T12:23:00-04:00	7.69	7.72	7.69	7.7	15338	yfinance_1m
2026-09-15T12:24:00-04:00	7.69	7.695	7.69	7.695	9453	yfinance_1m
2026-09-15T12:25:00-04:00	7.69	7.69	7.68	7.68	4146	yfinance_1m
2026-09-15T12:26:00-04:00	7.67	7.7	7.67	7.7	3218	yfinance_1m
2026-09-15T12:27:00-04:00	7.69	7.7	7.69	7.7	3017	yfinance_1m
2026-09-15T12:28:00-04:00	7.69	7.71	7.69	7.705	11304	yfinance_1m
2026-09-15T12:29:00-04:00	7.705	7.705	7.705	7.705	247	yfinance_1m
2026-09-15T12:30:00-04:00	7.7	7.705	7.7	7.705	1533	yfinance_1m
2026-09-15T12:31:00-04:00	7.705	7.745	7.705	7.74	29354	yfinance_1m
2026-09-15T12:32:00-04:00	7.75	7.7583	7.74	7.755	2972	yfinance_1m
2026-09-15T12:33:00-04:00	7.755	7.755	7.755	7.755	1977	yfinance_1m
2026-09-15T12:34:00-04:00	7.77	7.77	7.74	7.74	6992	yfinance_1m
2026-09-15T12:35:00-04:00	7.74	7.74	7.74	7.74	956	yfinance_1m
2026-09-15T12:36:00-04:00	7.74	7.755	7.74	7.755	4373	yfinance_1m
2026-09-15T12:37:00-04:00	7.7699	7.7699	7.7699	7.7699	1858	yfinance_1m
2026-09-15T12:38:00-04:00	7.76	7.77	7.745	7.745	6384	yfinance_1m
2026-09-15T12:39:00-04:00	7.745	7.7492	7.7408	7.7408	1755	yfinance_1m
2026-09-15T12:40:00-04:00	7.745	7.75	7.745	7.745	8668	yfinance_1m
2026-09-15T12:41:00-04:00	7.745	7.7578	7.745	7.7578	5588	yfinance_1m
2026-09-15T12:42:00-04:00	7.75	7.76	7.75	7.76	708	yfinance_1m
2026-09-15T12:43:00-04:00	7.75	7.76	7.75	7.76	2815	yfinance_1m
2026-09-15T12:44:00-04:00	7.76	7.76	7.76	7.76	2276	yfinance_1m
2026-09-15T12:45:00-04:00	7.76	7.79	7.7503	7.78	19434	yfinance_1m
2026-09-15T12:46:00-04:00	7.79	7.79	7.785	7.785	3595	yfinance_1m
2026-09-15T12:47:00-04:00	7.7818	7.7835	7.775	7.78	5327	yfinance_1m
2026-09-15T12:48:00-04:00	7.78	7.78	7.78	7.78	2746	yfinance_1m
2026-09-15T12:49:00-04:00	7.79	7.81	7.79	7.81	3469	yfinance_1m
2026-09-15T12:50:00-04:00	7.8083	7.83	7.8083	7.83	2254	yfinance_1m
2026-09-15T12:51:00-04:00	7.83	7.855	7.83	7.85	7062	yfinance_1m
2026-09-15T12:52:00-04:00	7.84	7.885	7.84	7.87	63643	yfinance_1m
2026-09-15T12:53:00-04:00	7.86	7.88	7.86	7.8775	5282	yfinance_1m
2026-09-15T12:54:00-04:00	7.87	7.905	7.87	7.905	7841	yfinance_1m
2026-09-15T12:55:00-04:00	7.905	7.95	7.9	7.945	4701	yfinance_1m
2026-09-15T12:56:00-04:00	7.945	7.945	7.945	7.945	6378	yfinance_1m
2026-09-15T12:57:00-04:00	7.94	7.94	7.91	7.91	8448	yfinance_1m
2026-09-15T12:58:00-04:00	7.91	7.94	7.91	7.94	3175	yfinance_1m
2026-09-15T12:59:00-04:00	7.93	7.93	7.92	7.92	2772	yfinance_1m
2026-09-15T13:00:00-04:00	7.91	7.915	7.9005	7.915	2717	yfinance_1m
2026-09-15T13:01:00-04:00	7.91	7.91	7.89	7.91	5777	yfinance_1m
2026-09-15T13:02:00-04:00	7.905	7.925	7.905	7.925	4189	yfinance_1m
2026-09-15T13:03:00-04:00	7.93	7.93	7.93	7.93	1103	yfinance_1m
2026-09-15T13:04:00-04:00	7.92	7.92	7.91	7.91	3121	yfinance_1m
2026-09-15T13:05:00-04:00	7.9	7.9	7.87	7.87	4699	yfinance_1m
2026-09-15T13:06:00-04:00	7.88	7.88	7.88	7.88	602	yfinance_1m
2026-09-15T13:07:00-04:00	7.88	7.895	7.88	7.89	2698	yfinance_1m
2026-09-15T13:08:00-04:00	7.89	7.8952	7.8722	7.88	4158	yfinance_1m
2026-09-15T13:09:00-04:00	7.88	7.88	7.87	7.88	3981	yfinance_1m
2026-09-15T13:10:00-04:00	7.87	7.88	7.87	7.88	1695	yfinance_1m
2026-09-15T13:11:00-04:00	7.89	7.91	7.89	7.91	3790	yfinance_1m
2026-09-15T13:12:00-04:00	7.9	7.91	7.9	7.91	1428	yfinance_1m
2026-09-15T13:13:00-04:00	7.9	7.9	7.89	7.9	4243	yfinance_1m
2026-09-15T13:14:00-04:00	7.89	7.89	7.88	7.88	5083	yfinance_1m
2026-09-15T13:15:00-04:00	7.89	7.895	7.89	7.89	1735	yfinance_1m
2026-09-15T13:16:00-04:00	7.88	7.895	7.88	7.895	1467	yfinance_1m
2026-09-15T13:17:00-04:00	7.88	7.88	7.88	7.88	411	yfinance_1m
2026-09-15T13:18:00-04:00	7.895	7.895	7.88	7.89	2014	yfinance_1m
2026-09-15T13:19:00-04:00	7.88	7.88	7.88	7.88	3013	yfinance_1m
2026-09-15T13:20:00-04:00	7.88	7.885	7.87	7.87	3501	yfinance_1m
2026-09-15T13:21:00-04:00	7.87	7.87	7.87	7.87	1590	yfinance_1m
2026-09-15T13:22:00-04:00	7.86	7.86	7.85	7.86	3730	yfinance_1m
2026-09-15T13:23:00-04:00	7.86	7.86	7.86	7.86	7410	yfinance_1m
2026-09-15T13:24:00-04:00	7.86	7.86	7.845	7.845	3336	yfinance_1m
2026-09-15T13:25:00-04:00	7.845	7.8463	7.82	7.83	21962	yfinance_1m
2026-09-15T13:26:00-04:00	7.83	7.85	7.83	7.85	5718	yfinance_1m
2026-09-15T13:27:00-04:00	7.85	7.85	7.85	7.85	429	yfinance_1m
2026-09-15T13:28:00-04:00	7.85	7.86	7.85	7.86	4467	yfinance_1m
2026-09-15T13:29:00-04:00	7.84	7.86	7.84	7.85	2250	yfinance_1m
2026-09-15T13:30:00-04:00	7.85	7.86	7.84	7.85	2513	yfinance_1m
2026-09-15T13:31:00-04:00	7.845	7.85	7.845	7.85	853	yfinance_1m
2026-09-15T13:32:00-04:00	7.845	7.86	7.845	7.855	5581	yfinance_1m
2026-09-15T13:33:00-04:00	7.85	7.85	7.849	7.85	6420	yfinance_1m
2026-09-15T13:34:00-04:00	7.85	7.85	7.85	7.85	403	yfinance_1m
2026-09-15T13:35:00-04:00	7.85	7.85	7.85	7.85	4749	yfinance_1m
2026-09-15T13:36:00-04:00	7.85	7.85	7.85	7.85	618	yfinance_1m
2026-09-15T13:37:00-04:00	7.84	7.87	7.84	7.87	18351	yfinance_1m
2026-09-15T13:38:00-04:00	7.87	7.875	7.87	7.874	694	yfinance_1m
2026-09-15T13:39:00-04:00	7.88	7.88	7.865	7.865	6666	yfinance_1m
2026-09-15T13:40:00-04:00	7.865	7.89	7.865	7.89	1870	yfinance_1m
2026-09-15T13:41:00-04:00	7.88	7.88	7.88	7.88	2007	yfinance_1m
2026-09-15T13:42:00-04:00	7.88	7.88	7.855	7.855	4118	yfinance_1m
2026-09-15T13:43:00-04:00	7.855	7.86	7.85	7.86	2500	yfinance_1m
2026-09-15T13:44:00-04:00	7.86	7.86	7.845	7.85	2015	yfinance_1m
2026-09-15T13:45:00-04:00	7.85	7.85	7.85	7.85	318	yfinance_1m
2026-09-15T13:46:00-04:00	7.85	7.85	7.85	7.85	1163	yfinance_1m
2026-09-15T13:47:00-04:00	7.85	7.85	7.8421	7.8421	1157	yfinance_1m
2026-09-15T13:48:00-04:00	7.84	7.855	7.84	7.855	4383	yfinance_1m
2026-09-15T13:49:00-04:00	7.855	7.855	7.855	7.855	1587	yfinance_1m
2026-09-15T13:50:00-04:00	7.855	7.855	7.855	7.855	520	yfinance_1m
2026-09-15T13:51:00-04:00	7.855	7.855	7.855	7.855	689	yfinance_1m
2026-09-15T13:52:00-04:00	7.855	7.855	7.855	7.855	1359	yfinance_1m
2026-09-15T13:53:00-04:00	7.855	7.855	7.835	7.835	7157	yfinance_1m
2026-09-15T13:54:00-04:00	7.835	7.835	7.825	7.83	2544	yfinance_1m
2026-09-15T13:55:00-04:00	7.83	7.835	7.83	7.835	2300	yfinance_1m
2026-09-15T13:56:00-04:00	7.835	7.845	7.835	7.845	2210	yfinance_1m
2026-09-15T13:57:00-04:00	7.85	7.87	7.85	7.87	2847	yfinance_1m
2026-09-15T13:58:00-04:00	7.87	7.87	7.865	7.87	3037	yfinance_1m
2026-09-15T13:59:00-04:00	7.87	7.87	7.87	7.87	682	yfinance_1m
2026-09-15T14:00:00-04:00	7.87	7.875	7.86	7.87	7618	yfinance_1m
2026-09-15T14:01:00-04:00	7.87	7.88	7.87	7.88	1401	yfinance_1m
2026-09-15T14:02:00-04:00	7.875	7.875	7.875	7.875	282	yfinance_1m
2026-09-15T14:03:00-04:00	7.88	7.885	7.865	7.8674	6087	yfinance_1m
2026-09-15T14:04:00-04:00	7.86	7.86	7.84	7.845	4078	yfinance_1m
2026-09-15T14:05:00-04:00	7.85	7.88	7.85	7.88	4314	yfinance_1m
2026-09-15T14:06:00-04:00	7.88	7.88	7.88	7.88	1267	yfinance_1m
2026-09-15T14:07:00-04:00	7.88	7.88	7.88	7.88	1182	yfinance_1m
2026-09-15T14:08:00-04:00	7.89	7.89	7.88	7.88	2248	yfinance_1m
2026-09-15T14:09:00-04:00	7.88	7.9	7.88	7.9	3888	yfinance_1m
2026-09-15T14:10:00-04:00	7.9	7.925	7.9	7.925	2893	yfinance_1m
2026-09-15T14:11:00-04:00	7.925	7.93	7.919	7.93	1092	yfinance_1m
2026-09-15T14:12:00-04:00	7.93	7.94	7.93	7.94	2766	yfinance_1m
2026-09-15T14:13:00-04:00	7.93	7.95	7.93	7.944	2130	yfinance_1m
2026-09-15T14:14:00-04:00	7.94	7.95	7.935	7.95	5139	yfinance_1m
2026-09-15T14:15:00-04:00	7.945	7.95	7.935	7.935	3913	yfinance_1m
2026-09-15T14:16:00-04:00	7.935	7.94	7.93	7.94	3782	yfinance_1m
2026-09-15T14:17:00-04:00	7.94	7.94	7.93	7.935	4455	yfinance_1m
2026-09-15T14:18:00-04:00	7.935	7.94	7.935	7.935	1157	yfinance_1m
2026-09-15T14:19:00-04:00	7.935	7.945	7.93	7.945	6801	yfinance_1m
2026-09-15T14:20:00-04:00	7.945	7.945	7.9425	7.945	1791	yfinance_1m
2026-09-15T14:21:00-04:00	7.945	7.96	7.945	7.955	3313	yfinance_1m
2026-09-15T14:22:00-04:00	7.9599	7.985	7.9599	7.96	7940	yfinance_1m
2026-09-15T14:23:00-04:00	7.96	7.96	7.93	7.93	4679	yfinance_1m
2026-09-15T14:24:00-04:00	7.94	7.94	7.92	7.92	2725	yfinance_1m
2026-09-15T14:25:00-04:00	7.93	7.93	7.92	7.92	4659	yfinance_1m
2026-09-15T14:26:00-04:00	7.9267	7.93	7.9	7.905	16830	yfinance_1m
2026-09-15T14:27:00-04:00	7.9	7.91	7.9	7.91	5321	yfinance_1m
2026-09-15T14:28:00-04:00	7.915	7.915	7.9	7.91	15255	yfinance_1m
2026-09-15T14:29:00-04:00	7.91	7.92	7.91	7.92	1695	yfinance_1m
2026-09-15T14:30:00-04:00	7.91	7.92	7.91	7.92	1193	yfinance_1m
2026-09-15T14:31:00-04:00	7.91	7.91	7.904	7.905	2377	yfinance_1m
2026-09-15T14:32:00-04:00	7.905	7.91	7.895	7.895	9705	yfinance_1m
2026-09-15T14:33:00-04:00	7.8992	7.8992	7.89	7.8903	1938	yfinance_1m
2026-09-15T14:34:00-04:00	7.894	7.9	7.89	7.9	3052	yfinance_1m
2026-09-15T14:35:00-04:00	7.895	7.895	7.885	7.885	4466	yfinance_1m
2026-09-15T14:36:00-04:00	7.881	7.885	7.87	7.875	3787	yfinance_1m
2026-09-15T14:37:00-04:00	7.87	7.88	7.87	7.87	4464	yfinance_1m
2026-09-15T14:38:00-04:00	7.87	7.87	7.865	7.87	2769	yfinance_1m
2026-09-15T14:39:00-04:00	7.87	7.875	7.865	7.875	2099	yfinance_1m
2026-09-15T14:40:00-04:00	7.87	7.87	7.864	7.864	3894	yfinance_1m
2026-09-15T14:41:00-04:00	7.865	7.88	7.865	7.87	3235	yfinance_1m
2026-09-15T14:42:00-04:00	7.87	7.87	7.87	7.87	1790	yfinance_1m
2026-09-15T14:43:00-04:00	7.87	7.8799	7.87	7.87	1372	yfinance_1m
2026-09-15T14:44:00-04:00	7.87	7.87	7.86	7.865	1462	yfinance_1m
2026-09-15T14:45:00-04:00	7.8686	7.8686	7.795	7.8	13423	yfinance_1m
2026-09-15T14:46:00-04:00	7.8	7.8	7.7751	7.79	1948	yfinance_1m
2026-09-15T14:47:00-04:00	7.79	7.79	7.79	7.79	1009	yfinance_1m
2026-09-15T14:48:00-04:00	7.79	7.79	7.785	7.785	1226	yfinance_1m
2026-09-15T14:49:00-04:00	7.8	7.8	7.785	7.8	2205	yfinance_1m
2026-09-15T14:50:00-04:00	7.8	7.81	7.79	7.79	4460	yfinance_1m
2026-09-15T14:51:00-04:00	7.8	7.805	7.795	7.795	6187	yfinance_1m
2026-09-15T14:52:00-04:00	7.8	7.8	7.794	7.795	2082	yfinance_1m
2026-09-15T14:53:00-04:00	7.795	7.795	7.785	7.79	2850	yfinance_1m
2026-09-15T14:54:00-04:00	7.785	7.79	7.785	7.79	1731	yfinance_1m
2026-09-15T14:55:00-04:00	7.785	7.795	7.785	7.795	2429	yfinance_1m
2026-09-15T14:56:00-04:00	7.795	7.8	7.795	7.795	2342	yfinance_1m
2026-09-15T14:57:00-04:00	7.79	7.795	7.785	7.785	5575	yfinance_1m
2026-09-15T14:58:00-04:00	7.785	7.785	7.765	7.77	7609	yfinance_1m
2026-09-15T14:59:00-04:00	7.77	7.77	7.77	7.77	715	yfinance_1m
2026-09-15T15:00:00-04:00	7.77	7.79	7.77	7.785	3924	yfinance_1m
2026-09-15T15:01:00-04:00	7.785	7.795	7.785	7.795	4065	yfinance_1m
2026-09-15T15:02:00-04:00	7.795	7.8	7.785	7.785	7550	yfinance_1m
2026-09-15T15:03:00-04:00	7.785	7.785	7.785	7.785	2354	yfinance_1m
2026-09-15T15:04:00-04:00	7.784	7.785	7.78	7.785	1169	yfinance_1m
2026-09-15T15:05:00-04:00	7.785	7.785	7.76	7.76	6408	yfinance_1m
2026-09-15T15:06:00-04:00	7.76	7.775	7.76	7.775	4286	yfinance_1m
2026-09-15T15:07:00-04:00	7.7701	7.775	7.7701	7.775	4349	yfinance_1m
2026-09-15T15:08:00-04:00	7.775	7.775	7.76	7.765	6200	yfinance_1m
2026-09-15T15:09:00-04:00	7.76	7.76	7.755	7.755	4074	yfinance_1m
2026-09-15T15:10:00-04:00	7.755	7.755	7.755	7.755	1534	yfinance_1m
2026-09-15T15:11:00-04:00	7.755	7.755	7.75	7.7503	5272	yfinance_1m
2026-09-15T15:12:00-04:00	7.75	7.758	7.744	7.755	5705	yfinance_1m
2026-09-15T15:13:00-04:00	7.76	7.76	7.755	7.755	6866	yfinance_1m
2026-09-15T15:14:00-04:00	7.76	7.765	7.76	7.765	2794	yfinance_1m
2026-09-15T15:15:00-04:00	7.765	7.765	7.76	7.76	4761	yfinance_1m
2026-09-15T15:16:00-04:00	7.765	7.765	7.76	7.76	2318	yfinance_1m
2026-09-15T15:17:00-04:00	7.765	7.775	7.7649	7.77	4596	yfinance_1m
2026-09-15T15:18:00-04:00	7.775	7.775	7.77	7.775	8846	yfinance_1m
2026-09-15T15:19:00-04:00	7.775	7.785	7.775	7.785	3590	yfinance_1m
2026-09-15T15:20:00-04:00	7.785	7.79	7.7603	7.765	7646	yfinance_1m
2026-09-15T15:21:00-04:00	7.764	7.764	7.764	7.764	887	yfinance_1m
2026-09-15T15:22:00-04:00	7.7602	7.765	7.76	7.765	2272	yfinance_1m
2026-09-15T15:23:00-04:00	7.765	7.77	7.765	7.765	1864	yfinance_1m
2026-09-15T15:24:00-04:00	7.77	7.77	7.765	7.77	3224	yfinance_1m
2026-09-15T15:25:00-04:00	7.77	7.78	7.77	7.7792	3712	yfinance_1m
2026-09-15T15:26:00-04:00	7.78	7.78	7.775	7.775	3327	yfinance_1m
2026-09-15T15:27:00-04:00	7.77	7.775	7.7608	7.765	5284	yfinance_1m
2026-09-15T15:28:00-04:00	7.765	7.7686	7.76	7.765	8071	yfinance_1m
2026-09-15T15:29:00-04:00	7.765	7.77	7.765	7.765	3836	yfinance_1m
2026-09-15T15:30:00-04:00	7.77	7.81	7.77	7.78	18513	yfinance_1m
2026-09-15T15:31:00-04:00	7.77	7.795	7.77	7.79	7460	yfinance_1m
2026-09-15T15:32:00-04:00	7.79	7.79	7.77	7.78	4423	yfinance_1m
2026-09-15T15:33:00-04:00	7.78	7.78	7.77	7.775	6368	yfinance_1m
2026-09-15T15:34:00-04:00	7.77	7.77	7.75	7.754	9517	yfinance_1m
2026-09-15T15:35:00-04:00	7.75	7.755	7.73	7.749	11147	yfinance_1m
2026-09-15T15:36:00-04:00	7.745	7.745	7.74	7.745	3684	yfinance_1m
2026-09-15T15:37:00-04:00	7.74	7.74	7.695	7.7	21888	yfinance_1m
2026-09-15T15:38:00-04:00	7.695	7.74	7.695	7.74	14462	yfinance_1m
2026-09-15T15:39:00-04:00	7.74	7.76	7.74	7.76	6020	yfinance_1m
2026-09-15T15:40:00-04:00	7.76	7.77	7.75	7.76	14909	yfinance_1m
2026-09-15T15:41:00-04:00	7.76	7.78	7.76	7.77	8776	yfinance_1m
2026-09-15T15:42:00-04:00	7.765	7.79	7.765	7.78	5630	yfinance_1m
2026-09-15T15:43:00-04:00	7.78	7.78	7.77	7.77	11890	yfinance_1m
2026-09-15T15:44:00-04:00	7.775	7.78	7.77	7.78	3849	yfinance_1m
2026-09-15T15:45:00-04:00	7.775	7.78	7.77	7.775	4572	yfinance_1m
2026-09-15T15:46:00-04:00	7.78	7.79	7.775	7.775	12964	yfinance_1m
2026-09-15T15:47:00-04:00	7.78	7.78	7.775	7.775	2414	yfinance_1m
2026-09-15T15:48:00-04:00	7.775	7.785	7.765	7.765	27126	yfinance_1m
2026-09-15T15:49:00-04:00	7.765	7.765	7.75	7.76	16312	yfinance_1m
2026-09-15T15:50:00-04:00	7.77	7.79	7.77	7.7825	15706	yfinance_1m
2026-09-15T15:51:00-04:00	7.78	7.785	7.76	7.765	14842	yfinance_1m
2026-09-15T15:52:00-04:00	7.765	7.765	7.74	7.745	33313	yfinance_1m
2026-09-15T15:53:00-04:00	7.745	7.775	7.745	7.755	29488	yfinance_1m
2026-09-15T15:54:00-04:00	7.76	7.765	7.745	7.755	34361	yfinance_1m
2026-09-15T15:55:00-04:00	7.755	7.755	7.705	7.705	61119	yfinance_1m
2026-09-15T15:56:00-04:00	7.71	7.735	7.705	7.735	29223	yfinance_1m
2026-09-15T15:57:00-04:00	7.735	7.76	7.73	7.755	53738	yfinance_1m
2026-09-15T15:58:00-04:00	7.75	7.77	7.7303	7.77	68378	yfinance_1m
2026-09-15T15:59:00-04:00	7.765	7.79	7.75	7.785	111603	yfinance_1m
2026-09-16T09:30:00-04:00	7.86	8.0	7.86	8.0	17771	yfinance_1m
2026-09-16T09:31:00-04:00	7.97	7.98	7.97	7.98	4482	yfinance_1m
2026-09-16T09:32:00-04:00	7.9362	7.98	7.8	7.8	8383	yfinance_1m
2026-09-16T09:33:00-04:00	7.84	7.9	7.835	7.874	3879	yfinance_1m
2026-09-16T09:34:00-04:00	7.875	7.925	7.86	7.89	6275	yfinance_1m
2026-09-16T09:35:00-04:00	7.905	7.905	7.8631	7.9	4237	yfinance_1m
2026-09-16T09:36:00-04:00	7.9287	7.9287	7.88	7.889	8512	yfinance_1m
2026-09-16T09:37:00-04:00	7.895	7.895	7.84	7.845	5442	yfinance_1m
2026-09-16T09:38:00-04:00	7.835	7.87	7.835	7.87	4056	yfinance_1m
2026-09-16T09:39:00-04:00	7.85	7.85	7.81	7.82	3585	yfinance_1m
2026-09-16T09:40:00-04:00	7.815	7.815	7.797	7.81	3530	yfinance_1m
2026-09-16T09:41:00-04:00	7.81	7.84	7.81	7.84	2404	yfinance_1m
2026-09-16T09:42:00-04:00	7.835	7.84	7.81	7.81	2873	yfinance_1m
2026-09-16T09:43:00-04:00	7.805	7.805	7.805	7.805	1824	yfinance_1m
2026-09-16T09:44:00-04:00	7.83	7.86	7.83	7.86	4918	yfinance_1m
2026-09-16T09:45:00-04:00	7.86	7.89	7.86	7.89	2834	yfinance_1m
2026-09-16T09:46:00-04:00	7.88	7.885	7.83	7.87	3099	yfinance_1m
2026-09-16T09:47:00-04:00	7.86	7.895	7.86	7.88	5650	yfinance_1m
2026-09-16T09:48:00-04:00	7.87	7.87	7.87	7.87	559	yfinance_1m
2026-09-16T09:49:00-04:00	7.88	7.88	7.83	7.83	3081	yfinance_1m
2026-09-16T09:50:00-04:00	7.85	7.885	7.825	7.8385	6181	yfinance_1m
2026-09-16T09:51:00-04:00	7.8363	7.845	7.825	7.83	2746	yfinance_1m
2026-09-16T09:52:00-04:00	7.845	7.865	7.845	7.865	1757	yfinance_1m
2026-09-16T09:53:00-04:00	7.87	7.98	7.87	7.94	16342	yfinance_1m
2026-09-16T09:54:00-04:00	7.94	8.0094	7.94	8.0094	7914	yfinance_1m
2026-09-16T09:55:00-04:00	8.0	8.01	7.97	7.97	6515	yfinance_1m
2026-09-16T09:56:00-04:00	7.97	8.0	7.945	7.945	56917	yfinance_1m
2026-09-16T09:57:00-04:00	7.94	7.99	7.93	7.97	9486	yfinance_1m
2026-09-16T09:58:00-04:00	7.985	8.01	7.985	7.985	549	yfinance_1m
2026-09-16T09:59:00-04:00	7.985	8.0	7.97	7.98	10824	yfinance_1m
2026-09-16T10:00:00-04:00	7.975	7.975	7.942	7.942	2504	yfinance_1m
2026-09-16T10:01:00-04:00	7.94	7.975	7.9308	7.975	4309	yfinance_1m
2026-09-16T10:02:00-04:00	7.975	7.99	7.97	7.98	5130	yfinance_1m
2026-09-16T10:03:00-04:00	7.99	7.99	7.9807	7.985	2675	yfinance_1m
2026-09-16T10:04:00-04:00	7.98	8.06	7.955	7.96	13858	yfinance_1m
2026-09-16T10:05:00-04:00	7.96	7.975	7.9484	7.9675	6019	yfinance_1m
2026-09-16T10:06:00-04:00	7.98	8.02	7.98	8.009	20188	yfinance_1m
2026-09-16T10:07:00-04:00	8.0	8.01	7.98	7.98	11045	yfinance_1m
2026-09-16T10:08:00-04:00	7.9767	7.995	7.965	7.995	3489	yfinance_1m
2026-09-16T10:09:00-04:00	7.995	8.0	7.99	8.0	1137	yfinance_1m
2026-09-16T10:10:00-04:00	8.0	8.0	8.0	8.0	1203	yfinance_1m
2026-09-16T10:11:00-04:00	8.0	8.0	7.985	7.985	2622	yfinance_1m
2026-09-16T10:12:00-04:00	7.985	7.985	7.9803	7.985	774	yfinance_1m
2026-09-16T10:13:00-04:00	7.985	7.985	7.97	7.97	4788	yfinance_1m
2026-09-16T10:14:00-04:00	7.96	8.015	7.96	8.0	6107	yfinance_1m
2026-09-16T10:15:00-04:00	7.99	7.99	7.99	7.99	1492	yfinance_1m
2026-09-16T10:16:00-04:00	7.985	7.995	7.98	7.995	2689	yfinance_1m
2026-09-16T10:17:00-04:00	7.9992	8.005	7.9992	8.0	2278	yfinance_1m
2026-09-16T10:18:00-04:00	7.99	8.0	7.97	7.9873	49748	yfinance_1m
2026-09-16T10:19:00-04:00	8.0	8.04	8.0	8.01	4324	yfinance_1m
2026-09-16T10:20:00-04:00	8.01	8.01	7.98	7.98	5074	yfinance_1m
2026-09-16T10:21:00-04:00	7.97	7.9742	7.95	7.95	7944	yfinance_1m
2026-09-16T10:22:00-04:00	7.9481	7.95	7.9481	7.95	716	yfinance_1m
2026-09-16T10:23:00-04:00	7.94	7.95	7.94	7.95	2601	yfinance_1m
2026-09-16T10:24:00-04:00	7.95	7.95	7.9	7.94	9517	yfinance_1m
2026-09-16T10:25:00-04:00	7.94	7.94	7.94	7.94	1191	yfinance_1m
2026-09-16T10:26:00-04:00	7.935	7.96	7.915	7.96	7426	yfinance_1m
2026-09-16T10:27:00-04:00	7.951	7.96	7.95	7.95	1364	yfinance_1m
2026-09-16T10:28:00-04:00	7.96	7.96	7.955	7.96	2325	yfinance_1m
2026-09-16T10:29:00-04:00	7.96	8.0	7.96	7.994	6529	yfinance_1m
2026-09-16T10:30:00-04:00	8.0076	8.0076	7.99	8.0	3020	yfinance_1m
2026-09-16T10:31:00-04:00	8.0	8.0	7.999	7.999	870	yfinance_1m
2026-09-16T10:32:00-04:00	7.99	7.99	7.945	7.945	2879	yfinance_1m
2026-09-16T10:33:00-04:00	7.95	7.97	7.95	7.96	4241	yfinance_1m
2026-09-16T10:34:00-04:00	7.96	7.98	7.96	7.98	1914	yfinance_1m
2026-09-16T10:35:00-04:00	7.99	7.9999	7.99	7.9999	678	yfinance_1m
2026-09-16T10:36:00-04:00	7.99	8.0	7.98	7.99	3620	yfinance_1m
2026-09-16T10:37:00-04:00	7.99	8.03	7.99	8.025	3970	yfinance_1m
2026-09-16T10:38:00-04:00	8.03	8.03	8.02	8.02	1378	yfinance_1m
2026-09-16T10:39:00-04:00	8.01	8.015	8.01	8.015	2495	yfinance_1m
2026-09-16T10:40:00-04:00	8.01	8.01	8.01	8.01	474	yfinance_1m
2026-09-16T10:41:00-04:00	8.02	8.02	8.02	8.02	2003	yfinance_1m
2026-09-16T10:42:00-04:00	8.01	8.03	8.01	8.03	2402	yfinance_1m
2026-09-16T10:43:00-04:00	8.03	8.045	8.03	8.045	3616	yfinance_1m
2026-09-16T10:44:00-04:00	8.045	8.05	8.04	8.04	6474	yfinance_1m
2026-09-16T10:45:00-04:00	8.039	8.09	8.039	8.09	9255	yfinance_1m
2026-09-16T10:46:00-04:00	8.08	8.14	8.08	8.13	8704	yfinance_1m
2026-09-16T10:47:00-04:00	8.14	8.14	8.14	8.14	1086	yfinance_1m
2026-09-16T10:48:00-04:00	8.14	8.14	8.13	8.13	1150	yfinance_1m
2026-09-16T10:49:00-04:00	8.14	8.14	8.07	8.07	12390	yfinance_1m
2026-09-16T10:50:00-04:00	8.07	8.1	8.07	8.09	9339	yfinance_1m
2026-09-16T10:51:00-04:00	8.09	8.09	8.079	8.08	5482	yfinance_1m
2026-09-16T10:52:00-04:00	8.09	8.125	8.09	8.125	3952	yfinance_1m
2026-09-16T10:53:00-04:00	8.13	8.14	8.13	8.13	4072	yfinance_1m
2026-09-16T10:54:00-04:00	8.13	8.13	8.119	8.12	5451	yfinance_1m
2026-09-16T10:55:00-04:00	8.12	8.17	8.12	8.15	24965	yfinance_1m
2026-09-16T10:56:00-04:00	8.15	8.155	8.145	8.15	5184	yfinance_1m
2026-09-16T10:57:00-04:00	8.15	8.15	8.134	8.135	4894	yfinance_1m
2026-09-16T10:58:00-04:00	8.1323	8.1397	8.115	8.13	6627	yfinance_1m
2026-09-16T10:59:00-04:00	8.13	8.21	8.125	8.2	18518	yfinance_1m
2026-09-16T11:00:00-04:00	8.2	8.21	8.19	8.19	5907	yfinance_1m
2026-09-16T11:01:00-04:00	8.19	8.2	8.19	8.195	9373	yfinance_1m
2026-09-16T11:02:00-04:00	8.195	8.21	8.19	8.19	7296	yfinance_1m
2026-09-16T11:03:00-04:00	8.185	8.199	8.185	8.195	4328	yfinance_1m
2026-09-16T11:04:00-04:00	8.195	8.2316	8.195	8.215	11383	yfinance_1m
2026-09-16T11:05:00-04:00	8.22	8.22	8.18	8.21	15911	yfinance_1m
2026-09-16T11:06:00-04:00	8.22	8.23	8.2001	8.225	11266	yfinance_1m
2026-09-16T11:07:00-04:00	8.2201	8.27	8.2101	8.27	12093	yfinance_1m
2026-09-16T11:08:00-04:00	8.27	8.285	8.265	8.2747	7612	yfinance_1m
2026-09-16T11:09:00-04:00	8.28	8.31	8.28	8.29	18936	yfinance_1m
2026-09-16T11:10:00-04:00	8.3	8.31	8.285	8.285	18506	yfinance_1m
2026-09-16T11:11:00-04:00	8.285	8.285	8.2604	8.2604	3887	yfinance_1m
2026-09-16T11:12:00-04:00	8.27	8.29	8.25	8.29	8209	yfinance_1m
2026-09-16T11:13:00-04:00	8.29	8.3	8.285	8.285	6772	yfinance_1m
2026-09-16T11:14:00-04:00	8.289	8.3294	8.289	8.32	7080	yfinance_1m
2026-09-16T11:15:00-04:00	8.315	8.315	8.29	8.3	10217	yfinance_1m
2026-09-16T11:16:00-04:00	8.3	8.3	8.27	8.27	10692	yfinance_1m
2026-09-16T11:17:00-04:00	8.27	8.28	8.27	8.28	6581	yfinance_1m
2026-09-16T11:18:00-04:00	8.2801	8.285	8.27	8.275	9048	yfinance_1m
2026-09-16T11:19:00-04:00	8.27	8.29	8.26	8.29	22808	yfinance_1m
2026-09-16T11:20:00-04:00	8.29	8.29	8.27	8.27	7438	yfinance_1m
2026-09-16T11:21:00-04:00	8.26	8.2617	8.2528	8.26	3538	yfinance_1m
2026-09-16T11:22:00-04:00	8.2699	8.32	8.26	8.3	19318	yfinance_1m
2026-09-16T11:23:00-04:00	8.3	8.3	8.285	8.29	6432	yfinance_1m
2026-09-16T11:24:00-04:00	8.29	8.31	8.28	8.31	4344	yfinance_1m
2026-09-16T11:25:00-04:00	8.3	8.31	8.2901	8.3	7997	yfinance_1m
2026-09-16T11:26:00-04:00	8.3	8.3	8.285	8.285	7000	yfinance_1m
2026-09-16T11:27:00-04:00	8.265	8.27	8.23	8.23	4487	yfinance_1m
2026-09-16T11:28:00-04:00	8.235	8.24	8.22	8.22	1868	yfinance_1m
2026-09-16T11:29:00-04:00	8.22	8.22	8.205	8.21	6695	yfinance_1m
2026-09-16T11:30:00-04:00	8.2	8.2	8.18	8.18	2146	yfinance_1m
2026-09-16T11:31:00-04:00	8.18	8.18	8.16	8.16	4991	yfinance_1m
2026-09-16T11:32:00-04:00	8.1522	8.17	8.1522	8.16	2409	yfinance_1m
2026-09-16T11:33:00-04:00	8.16	8.17	8.16	8.17	2965	yfinance_1m
2026-09-16T11:34:00-04:00	8.15	8.155	8.14	8.15	7136	yfinance_1m
2026-09-16T11:35:00-04:00	8.145	8.177	8.14	8.175	17385	yfinance_1m
2026-09-16T11:36:00-04:00	8.17	8.205	8.16	8.205	7755	yfinance_1m
2026-09-16T11:37:00-04:00	8.21	8.21	8.19	8.19	2874	yfinance_1m
2026-09-16T11:38:00-04:00	8.1907	8.195	8.19	8.19	3569	yfinance_1m
2026-09-16T11:39:00-04:00	8.18	8.19	8.18	8.19	5084	yfinance_1m
2026-09-16T11:40:00-04:00	8.195	8.208	8.195	8.208	2537	yfinance_1m
2026-09-16T11:41:00-04:00	8.2	8.2	8.1906	8.2	3081	yfinance_1m
2026-09-16T11:42:00-04:00	8.195	8.2	8.19	8.19	4407	yfinance_1m
2026-09-16T11:43:00-04:00	8.19	8.2	8.19	8.2	3676	yfinance_1m
2026-09-16T11:44:00-04:00	8.2	8.218	8.2	8.218	2102	yfinance_1m
2026-09-16T11:45:00-04:00	8.21	8.21	8.2	8.2	4551	yfinance_1m
2026-09-16T11:46:00-04:00	8.2	8.21	8.19	8.205	4231	yfinance_1m
2026-09-16T11:47:00-04:00	8.2001	8.295	8.2001	8.29	13877	yfinance_1m
2026-09-16T11:48:00-04:00	8.2999	8.31	8.29	8.29	4656	yfinance_1m
2026-09-16T11:49:00-04:00	8.28	8.28	8.24	8.26	7596	yfinance_1m
2026-09-16T11:50:00-04:00	8.26	8.26	8.25	8.25	3541	yfinance_1m
2026-09-16T11:51:00-04:00	8.25	8.25	8.24	8.25	5451	yfinance_1m
2026-09-16T11:52:00-04:00	8.25	8.25	8.25	8.25	2500	yfinance_1m
2026-09-16T11:53:00-04:00	8.25	8.28	8.25	8.27	6268	yfinance_1m
2026-09-16T11:54:00-04:00	8.26	8.26	8.25	8.25	4140	yfinance_1m
2026-09-16T11:55:00-04:00	8.2598	8.26	8.24	8.259	3859	yfinance_1m
2026-09-16T11:56:00-04:00	8.265	8.265	8.255	8.26	3934	yfinance_1m
2026-09-16T11:57:00-04:00	8.26	8.266	8.25	8.26	1694	yfinance_1m
2026-09-16T11:58:00-04:00	8.26	8.275	8.25	8.25	5447	yfinance_1m
2026-09-16T11:59:00-04:00	8.25	8.26	8.25	8.26	3836	yfinance_1m
2026-09-16T12:00:00-04:00	8.26	8.26	8.2508	8.26	3845	yfinance_1m
2026-09-16T12:01:00-04:00	8.26	8.28	8.26	8.275	3558	yfinance_1m
2026-09-16T12:02:00-04:00	8.275	8.28	8.27	8.275	1101	yfinance_1m
2026-09-16T12:03:00-04:00	8.275	8.29	8.275	8.29	4292	yfinance_1m
2026-09-16T12:04:00-04:00	8.285	8.295	8.285	8.295	3006	yfinance_1m
2026-09-16T12:05:00-04:00	8.295	8.36	8.29	8.35	36737	yfinance_1m
2026-09-16T12:06:00-04:00	8.35	8.41	8.35	8.395	47596	yfinance_1m
2026-09-16T12:07:00-04:00	8.4	8.42	8.4	8.42	8595	yfinance_1m
2026-09-16T12:08:00-04:00	8.405	8.405	8.36	8.375	40462	yfinance_1m
2026-09-16T12:09:00-04:00	8.39	8.3999	8.385	8.39	3741	yfinance_1m
2026-09-16T12:10:00-04:00	8.39	8.39	8.34	8.34	6641	yfinance_1m
2026-09-16T12:11:00-04:00	8.34	8.355	8.34	8.345	2338	yfinance_1m
2026-09-16T12:12:00-04:00	8.3408	8.345	8.33	8.33	3357	yfinance_1m
2026-09-16T12:13:00-04:00	8.33	8.3376	8.3219	8.33	1692	yfinance_1m
2026-09-16T12:14:00-04:00	8.33	8.35	8.315	8.335	27198	yfinance_1m
2026-09-16T12:15:00-04:00	8.32	8.32	8.3	8.31	25043	yfinance_1m
2026-09-16T12:16:00-04:00	8.31	8.32	8.31	8.32	4352	yfinance_1m
2026-09-16T12:17:00-04:00	8.32	8.33	8.3024	8.3024	12731	yfinance_1m
2026-09-16T12:18:00-04:00	8.31	8.319	8.31	8.319	2315	yfinance_1m
2026-09-16T12:19:00-04:00	8.32	8.32	8.31	8.31	1508	yfinance_1m
2026-09-16T12:20:00-04:00	8.31	8.31	8.28	8.29	3257	yfinance_1m
2026-09-16T12:21:00-04:00	8.29	8.29	8.28	8.28	1930	yfinance_1m
2026-09-16T12:22:00-04:00	8.28	8.28	8.27	8.27	1677	yfinance_1m
2026-09-16T12:23:00-04:00	8.26	8.28	8.26	8.28	2541	yfinance_1m
2026-09-16T12:24:00-04:00	8.289	8.29	8.25	8.28	49359	yfinance_1m
2026-09-16T12:25:00-04:00	8.285	8.3	8.285	8.3	5897	yfinance_1m
2026-09-16T12:26:00-04:00	8.3	8.309	8.3	8.3002	2982	yfinance_1m
2026-09-16T12:27:00-04:00	8.305	8.31	8.3	8.31	3423	yfinance_1m
2026-09-16T12:28:00-04:00	8.31	8.31	8.3	8.3	2006	yfinance_1m
2026-09-16T12:29:00-04:00	8.3	8.3	8.29	8.3	3846	yfinance_1m
2026-09-16T12:30:00-04:00	8.3	8.31	8.3	8.31	1040	yfinance_1m
2026-09-16T12:31:00-04:00	8.3	8.31	8.285	8.285	4106	yfinance_1m
2026-09-16T12:32:00-04:00	8.28	8.28	8.26	8.275	1464	yfinance_1m
2026-09-16T12:33:00-04:00	8.275	8.28	8.275	8.28	671	yfinance_1m
2026-09-16T12:34:00-04:00	8.29	8.3	8.28	8.3	7745	yfinance_1m
2026-09-16T12:35:00-04:00	8.29	8.31	8.28	8.28	19452	yfinance_1m
2026-09-16T12:36:00-04:00	8.28	8.295	8.28	8.295	1783	yfinance_1m
2026-09-16T12:37:00-04:00	8.299	8.31	8.299	8.31	1894	yfinance_1m
2026-09-16T12:38:00-04:00	8.29	8.31	8.29	8.3	17451	yfinance_1m
2026-09-16T12:39:00-04:00	8.3	8.31	8.29	8.29	8907	yfinance_1m
2026-09-16T12:41:00-04:00	8.285	8.285	8.28	8.28	17647	yfinance_1m
2026-09-16T12:44:00-04:00	8.275	8.28	8.27	8.275	5144	yfinance_1m
2026-09-16T12:45:00-04:00	8.28	8.295	8.275	8.295	3657	yfinance_1m
2026-09-16T12:46:00-04:00	8.295	8.3	8.295	8.295	1313	yfinance_1m
2026-09-16T12:47:00-04:00	8.295	8.3	8.2908	8.3	1955	yfinance_1m
2026-09-16T12:48:00-04:00	8.299	8.305	8.299	8.305	2644	yfinance_1m
2026-09-16T12:49:00-04:00	8.305	8.31	8.305	8.305	913	yfinance_1m
2026-09-16T12:50:00-04:00	8.31	8.315	8.255	8.27	11505	yfinance_1m
2026-09-16T12:51:00-04:00	8.27	8.27	8.24	8.24	2468	yfinance_1m
2026-09-16T12:52:00-04:00	8.25	8.26	8.25	8.255	3346	yfinance_1m
2026-09-16T12:53:00-04:00	8.255	8.259	8.2508	8.2508	1532	yfinance_1m
2026-09-16T12:54:00-04:00	8.255	8.265	8.245	8.245	6631	yfinance_1m
2026-09-16T12:55:00-04:00	8.26	8.26	8.255	8.255	699	yfinance_1m
2026-09-16T12:56:00-04:00	8.2592	8.2592	8.255	8.255	1500	yfinance_1m
2026-09-16T12:57:00-04:00	8.255	8.26	8.24	8.26	5221	yfinance_1m
2026-09-16T12:58:00-04:00	8.255	8.255	8.255	8.255	432	yfinance_1m
2026-09-16T12:59:00-04:00	8.26	8.26	8.25	8.25	2951	yfinance_1m
2026-09-16T13:00:00-04:00	8.25	8.25	8.245	8.245	1755	yfinance_1m
2026-09-16T13:01:00-04:00	8.245	8.245	8.21	8.21	4476	yfinance_1m
2026-09-16T13:02:00-04:00	8.2177	8.22	8.21	8.21	1598	yfinance_1m
2026-09-16T13:04:00-04:00	8.22	8.22	8.21	8.215	4583	yfinance_1m
2026-09-16T13:05:00-04:00	8.21	8.21	8.21	8.21	1541	yfinance_1m
2026-09-16T13:06:00-04:00	8.21	8.22	8.21	8.21	5933	yfinance_1m
2026-09-16T13:07:00-04:00	8.21	8.215	8.21	8.215	1426	yfinance_1m
2026-09-16T13:08:00-04:00	8.2109	8.215	8.201	8.201	3669	yfinance_1m
2026-09-16T13:09:00-04:00	8.2	8.2	8.2	8.2	448	yfinance_1m
2026-09-16T13:10:00-04:00	8.2	8.24	8.2	8.235	10049	yfinance_1m
2026-09-16T13:11:00-04:00	8.235	8.2377	8.2307	8.2377	1263	yfinance_1m
2026-09-16T13:12:00-04:00	8.23	8.2352	8.22	8.23	4148	yfinance_1m
2026-09-16T13:13:00-04:00	8.23	8.24	8.23	8.24	1704	yfinance_1m
2026-09-16T13:14:00-04:00	8.23	8.24	8.2201	8.2201	2741	yfinance_1m
2026-09-16T13:15:00-04:00	8.225	8.23	8.225	8.23	1020	yfinance_1m
2026-09-16T13:16:00-04:00	8.225	8.225	8.225	8.225	3200	yfinance_1m
2026-09-16T13:17:00-04:00	8.225	8.225	8.211	8.22	1618	yfinance_1m
2026-09-16T13:18:00-04:00	8.215	8.2179	8.205	8.215	5920	yfinance_1m
2026-09-16T13:19:00-04:00	8.22	8.22	8.13	8.13	51580	yfinance_1m
2026-09-16T13:20:00-04:00	8.13	8.165	8.13	8.16	15952	yfinance_1m
2026-09-16T13:21:00-04:00	8.155	8.16	8.155	8.16	1278	yfinance_1m
2026-09-16T13:22:00-04:00	8.15	8.15	8.14	8.145	6267	yfinance_1m
2026-09-16T13:23:00-04:00	8.16	8.16	8.145	8.145	911	yfinance_1m
2026-09-16T13:24:00-04:00	8.16	8.16	8.145	8.145	1350	yfinance_1m
2026-09-16T13:25:00-04:00	8.16	8.17	8.15	8.15	10262	yfinance_1m
2026-09-16T13:26:00-04:00	8.14	8.14	8.13	8.14	6091	yfinance_1m
2026-09-16T13:27:00-04:00	8.14	8.14	8.132	8.14	682	yfinance_1m
2026-09-16T13:28:00-04:00	8.14	8.16	8.14	8.15	6246	yfinance_1m
2026-09-16T13:29:00-04:00	8.15	8.16	8.15	8.16	2851	yfinance_1m
2026-09-16T13:30:00-04:00	8.1515	8.1554	8.14	8.1554	4034	yfinance_1m
2026-09-16T13:31:00-04:00	8.1406	8.1426	8.1	8.11	4994	yfinance_1m
2026-09-16T13:32:00-04:00	8.12	8.12	8.12	8.12	1966	yfinance_1m
2026-09-16T13:33:00-04:00	8.12	8.12	8.091	8.091	5807	yfinance_1m
2026-09-16T13:34:00-04:00	8.1	8.1	8.099	8.1	3819	yfinance_1m
2026-09-16T13:35:00-04:00	8.1	8.1	8.1	8.1	742	yfinance_1m
2026-09-16T13:36:00-04:00	8.1	8.1	8.0923	8.0923	759	yfinance_1m
2026-09-16T13:37:00-04:00	8.09	8.1	8.08	8.0878	5182	yfinance_1m
2026-09-16T13:38:00-04:00	8.09	8.09	8.09	8.09	461	yfinance_1m
2026-09-16T13:39:00-04:00	8.09	8.11	8.09	8.11	1776	yfinance_1m
2026-09-16T13:40:00-04:00	8.11	8.13	8.11	8.12	3575	yfinance_1m
2026-09-16T13:41:00-04:00	8.13	8.13	8.12	8.13	1167	yfinance_1m
2026-09-16T13:42:00-04:00	8.12	8.13	8.12	8.12	3187	yfinance_1m
2026-09-16T13:43:00-04:00	8.115	8.115	8.11	8.1125	1345	yfinance_1m
2026-09-16T13:44:00-04:00	8.11	8.115	8.105	8.11	2691	yfinance_1m
2026-09-16T13:45:00-04:00	8.105	8.105	8.105	8.105	1477	yfinance_1m
2026-09-16T13:46:00-04:00	8.105	8.11	8.105	8.105	1584	yfinance_1m
2026-09-16T13:47:00-04:00	8.105	8.105	8.08	8.08	6079	yfinance_1m
2026-09-16T13:48:00-04:00	8.08	8.08	8.0729	8.0729	3062	yfinance_1m
2026-09-16T13:49:00-04:00	8.075	8.075	8.075	8.075	925	yfinance_1m
2026-09-16T13:50:00-04:00	8.08	8.08	8.075	8.08	1539	yfinance_1m
2026-09-16T13:51:00-04:00	8.08	8.08	8.075	8.08	2153	yfinance_1m
2026-09-16T13:52:00-04:00	8.075	8.08	8.075	8.08	2185	yfinance_1m
2026-09-16T13:53:00-04:00	8.08	8.095	8.075	8.095	3714	yfinance_1m
2026-09-16T13:54:00-04:00	8.095	8.1	8.095	8.099	1107	yfinance_1m
2026-09-16T13:55:00-04:00	8.0998	8.0999	8.085	8.095	7554	yfinance_1m
2026-09-16T13:56:00-04:00	8.1	8.11	8.1	8.11	2314	yfinance_1m
2026-09-16T13:57:00-04:00	8.11	8.12	8.11	8.12	1459	yfinance_1m
2026-09-16T13:58:00-04:00	8.119	8.15	8.1186	8.145	4558	yfinance_1m
2026-09-16T13:59:00-04:00	8.145	8.16	8.14	8.145	23289	yfinance_1m
2026-09-16T14:00:00-04:00	8.145	8.175	8.12	8.125	5200	yfinance_1m
2026-09-16T14:01:00-04:00	8.11	8.11	8.05	8.06	10528	yfinance_1m
2026-09-16T14:02:00-04:00	8.04	8.08	8.035	8.065	7515	yfinance_1m
2026-09-16T14:03:00-04:00	8.08	8.1	8.08	8.095	2580	yfinance_1m
2026-09-16T14:04:00-04:00	8.09	8.1	8.085	8.1	6229	yfinance_1m
2026-09-16T14:05:00-04:00	8.11	8.13	8.11	8.13	6156	yfinance_1m
2026-09-16T14:06:00-04:00	8.14	8.19	8.14	8.17	16435	yfinance_1m
2026-09-16T14:07:00-04:00	8.17	8.18	8.17	8.17	7532	yfinance_1m
2026-09-16T14:08:00-04:00	8.17	8.195	8.17	8.19	8170	yfinance_1m
2026-09-16T14:09:00-04:00	8.181	8.195	8.18	8.195	3356	yfinance_1m
2026-09-16T14:10:00-04:00	8.195	8.195	8.1703	8.175	4940	yfinance_1m
2026-09-16T14:11:00-04:00	8.175	8.175	8.14	8.14	4138	yfinance_1m
2026-09-16T14:12:00-04:00	8.13	8.13	8.12	8.12	2474	yfinance_1m
2026-09-16T14:13:00-04:00	8.11	8.11	8.1	8.11	4556	yfinance_1m
2026-09-16T14:14:00-04:00	8.11	8.115	8.11	8.115	2968	yfinance_1m
2026-09-16T14:15:00-04:00	8.115	8.115	8.07	8.08	4254	yfinance_1m
2026-09-16T14:16:00-04:00	8.08	8.085	8.07	8.07	7036	yfinance_1m
2026-09-16T14:17:00-04:00	8.07	8.075	8.045	8.05	1892	yfinance_1m
2026-09-16T14:18:00-04:00	8.06	8.14	8.06	8.1	19129	yfinance_1m
2026-09-16T14:19:00-04:00	8.11	8.13	8.11	8.13	3800	yfinance_1m
2026-09-16T14:20:00-04:00	8.125	8.125	8.11	8.12	2708	yfinance_1m
2026-09-16T14:21:00-04:00	8.13	8.13	8.1	8.105	3957	yfinance_1m
2026-09-16T14:22:00-04:00	8.12	8.14	8.12	8.14	2315	yfinance_1m
2026-09-16T14:23:00-04:00	8.145	8.185	8.145	8.185	29788	yfinance_1m
2026-09-16T14:24:00-04:00	8.19	8.2199	8.185	8.2	10521	yfinance_1m
2026-09-16T14:25:00-04:00	8.21	8.21	8.205	8.205	1866	yfinance_1m
2026-09-16T14:26:00-04:00	8.22	8.22	8.22	8.22	1502	yfinance_1m
2026-09-16T14:27:00-04:00	8.21	8.22	8.21	8.22	3232	yfinance_1m
2026-09-16T14:28:00-04:00	8.2296	8.23	8.21	8.22	5887	yfinance_1m
2026-09-16T14:29:00-04:00	8.2299	8.23	8.2	8.21	9973	yfinance_1m
2026-09-16T14:30:00-04:00	8.22	8.22	8.2	8.2	2383	yfinance_1m
2026-09-16T14:31:00-04:00	8.19	8.19	8.16	8.16	2359	yfinance_1m
2026-09-16T14:32:00-04:00	8.16	8.16	8.16	8.16	3083	yfinance_1m
2026-09-16T14:33:00-04:00	8.16	8.165	8.15	8.16	4409	yfinance_1m
2026-09-16T14:34:00-04:00	8.16	8.16	8.16	8.16	1781	yfinance_1m
2026-09-16T14:35:00-04:00	8.16	8.16	8.13	8.15	6399	yfinance_1m
2026-09-16T14:36:00-04:00	8.155	8.165	8.1503	8.155	4848	yfinance_1m
2026-09-16T14:37:00-04:00	8.16	8.165	8.16	8.165	2576	yfinance_1m
2026-09-16T14:38:00-04:00	8.17	8.185	8.17	8.18	6947	yfinance_1m
2026-09-16T14:39:00-04:00	8.19	8.21	8.19	8.2	6185	yfinance_1m
2026-09-16T14:40:00-04:00	8.2	8.22	8.2	8.22	2166	yfinance_1m
2026-09-16T14:41:00-04:00	8.235	8.25	8.225	8.249	5797	yfinance_1m
2026-09-16T14:42:00-04:00	8.24	8.265	8.24	8.265	4386	yfinance_1m
2026-09-16T14:43:00-04:00	8.26	8.305	8.26	8.295	6825	yfinance_1m
2026-09-16T14:44:00-04:00	8.28	8.28	8.245	8.245	3819	yfinance_1m
2026-09-16T14:45:00-04:00	8.24	8.269	8.24	8.265	8607	yfinance_1m
2026-09-16T14:46:00-04:00	8.265	8.265	8.255	8.2601	9828	yfinance_1m
2026-09-16T14:47:00-04:00	8.265	8.27	8.255	8.255	6583	yfinance_1m
2026-09-16T14:48:00-04:00	8.255	8.27	8.25	8.255	8521	yfinance_1m
2026-09-16T14:49:00-04:00	8.2556	8.27	8.245	8.27	7911	yfinance_1m
2026-09-16T14:50:00-04:00	8.27	8.28	8.26	8.26	11648	yfinance_1m
2026-09-16T14:51:00-04:00	8.26	8.275	8.26	8.275	4839	yfinance_1m
2026-09-16T14:52:00-04:00	8.275	8.275	8.27	8.27	2825	yfinance_1m
2026-09-16T14:53:00-04:00	8.28	8.28	8.25	8.25	11439	yfinance_1m
2026-09-16T14:54:00-04:00	8.24	8.24	8.21	8.21	8931	yfinance_1m
2026-09-16T14:55:00-04:00	8.21	8.24	8.21	8.24	6954	yfinance_1m
2026-09-16T14:56:00-04:00	8.24	8.24	8.225	8.225	3632	yfinance_1m
2026-09-16T14:57:00-04:00	8.225	8.225	8.155	8.155	8972	yfinance_1m
2026-09-16T14:58:00-04:00	8.155	8.17	8.15	8.16	23294	yfinance_1m
2026-09-16T14:59:00-04:00	8.16	8.16	8.13	8.135	8608	yfinance_1m
2026-09-16T15:00:00-04:00	8.14	8.15	8.12	8.13	32329	yfinance_1m
2026-09-16T15:01:00-04:00	8.13	8.13	8.11	8.13	4407	yfinance_1m
2026-09-16T15:02:00-04:00	8.11	8.11	8.09	8.1	2971	yfinance_1m
2026-09-16T15:03:00-04:00	8.11	8.11	8.09	8.09	6131	yfinance_1m
2026-09-16T15:04:00-04:00	8.095	8.095	8.085	8.091	4521	yfinance_1m
2026-09-16T15:05:00-04:00	8.095	8.1	8.085	8.1	5545	yfinance_1m
2026-09-16T15:06:00-04:00	8.1	8.12	8.1	8.1	25717	yfinance_1m
2026-09-16T15:07:00-04:00	8.1	8.1	8.0801	8.085	6260	yfinance_1m
2026-09-16T15:08:00-04:00	8.08	8.085	8.06	8.085	7229	yfinance_1m
2026-09-16T15:09:00-04:00	8.09	8.094	8.085	8.094	2373	yfinance_1m
2026-09-16T15:10:00-04:00	8.085	8.1	8.085	8.085	3087	yfinance_1m
2026-09-16T15:11:00-04:00	8.08	8.08	8.05	8.0508	7557	yfinance_1m
2026-09-16T15:12:00-04:00	8.06	8.075	8.06	8.065	5254	yfinance_1m
2026-09-16T15:13:00-04:00	8.065	8.07	8.065	8.065	2565	yfinance_1m
2026-09-16T15:14:00-04:00	8.0603	8.085	8.06	8.07	6417	yfinance_1m
2026-09-16T15:15:00-04:00	8.07	8.07	8.07	8.07	2193	yfinance_1m
2026-09-16T15:16:00-04:00	8.07	8.075	8.06	8.075	3086	yfinance_1m
2026-09-16T15:17:00-04:00	8.075	8.075	8.065	8.065	5235	yfinance_1m
2026-09-16T15:18:00-04:00	8.065	8.075	8.055	8.075	8652	yfinance_1m
2026-09-16T15:19:00-04:00	8.075	8.075	8.05	8.07	9010	yfinance_1m
2026-09-16T15:20:00-04:00	8.08	8.095	8.065	8.065	6018	yfinance_1m
2026-09-16T15:21:00-04:00	8.07	8.07	8.07	8.07	2860	yfinance_1m
2026-09-16T15:22:00-04:00	8.08	8.09	8.06	8.06	5765	yfinance_1m
2026-09-16T15:23:00-04:00	8.07	8.08	8.065	8.075	5687	yfinance_1m
2026-09-16T15:24:00-04:00	8.07	8.07	8.055	8.055	7416	yfinance_1m
2026-09-16T15:25:00-04:00	8.055	8.055	8.0301	8.04	4830	yfinance_1m
2026-09-16T15:26:00-04:00	8.04	8.08	8.04	8.075	10752	yfinance_1m
2026-09-16T15:27:00-04:00	8.08	8.09	8.079	8.09	3248	yfinance_1m
2026-09-16T15:28:00-04:00	8.09	8.1	8.06	8.07	6650	yfinance_1m
2026-09-16T15:29:00-04:00	8.07	8.1	8.07	8.1	7214	yfinance_1m
2026-09-16T15:30:00-04:00	8.11	8.12	8.09	8.1	7985	yfinance_1m
2026-09-16T15:31:00-04:00	8.105	8.115	8.1	8.1	11840	yfinance_1m
2026-09-16T15:32:00-04:00	8.1	8.115	8.1	8.1	6431	yfinance_1m
2026-09-16T15:33:00-04:00	8.105	8.115	8.09	8.09	6037	yfinance_1m
2026-09-16T15:34:00-04:00	8.095	8.12	8.09	8.12	8472	yfinance_1m
2026-09-16T15:35:00-04:00	8.125	8.13	8.12	8.125	3111	yfinance_1m
2026-09-16T15:36:00-04:00	8.125	8.125	8.06	8.07	19391	yfinance_1m
2026-09-16T15:37:00-04:00	8.07	8.07	8.06	8.06	3559	yfinance_1m
2026-09-16T15:38:00-04:00	8.07	8.085	8.07	8.08	9926	yfinance_1m
2026-09-16T15:39:00-04:00	8.09	8.11	8.09	8.11	9832	yfinance_1m
2026-09-16T15:40:00-04:00	8.105	8.125	8.1	8.115	10970	yfinance_1m
2026-09-16T15:41:00-04:00	8.115	8.115	8.095	8.095	29979	yfinance_1m
2026-09-16T15:42:00-04:00	8.095	8.13	8.075	8.13	18696	yfinance_1m
2026-09-16T15:43:00-04:00	8.13	8.16	8.13	8.16	6455	yfinance_1m
2026-09-16T15:44:00-04:00	8.16	8.17	8.16	8.16	5033	yfinance_1m
2026-09-16T15:45:00-04:00	8.16	8.195	8.16	8.1914	10818	yfinance_1m
2026-09-16T15:46:00-04:00	8.195	8.205	8.195	8.2	10778	yfinance_1m
2026-09-16T15:47:00-04:00	8.2	8.225	8.2	8.225	10139	yfinance_1m
2026-09-16T15:48:00-04:00	8.225	8.25	8.225	8.25	7229	yfinance_1m
2026-09-16T15:49:00-04:00	8.245	8.25	8.22	8.24	26456	yfinance_1m
2026-09-16T15:50:00-04:00	8.24	8.27	8.23	8.23	23561	yfinance_1m
2026-09-16T15:51:00-04:00	8.23	8.28	8.23	8.28	13787	yfinance_1m
2026-09-16T15:52:00-04:00	8.285	8.3	8.265	8.28	19517	yfinance_1m
2026-09-16T15:53:00-04:00	8.27	8.28	8.27	8.275	10857	yfinance_1m
2026-09-16T15:54:00-04:00	8.275	8.2798	8.25	8.26	20667	yfinance_1m
2026-09-16T15:55:00-04:00	8.26	8.26	8.21	8.225	31018	yfinance_1m
2026-09-16T15:56:00-04:00	8.225	8.235	8.205	8.205	26017	yfinance_1m
2026-09-16T15:57:00-04:00	8.21	8.23	8.205	8.23	18967	yfinance_1m
2026-09-16T15:58:00-04:00	8.225	8.235	8.21	8.215	39948	yfinance_1m
2026-09-16T15:59:00-04:00	8.215	8.23	8.2	8.23	113415	yfinance_1m
2026-09-17T09:30:00-04:00	8.45	8.45	8.36	8.405	34860	yfinance_1m
2026-09-17T09:31:00-04:00	8.405	8.57	8.2405	8.55	18659	yfinance_1m
2026-09-17T09:32:00-04:00	8.57	8.774	8.5227	8.73	20947	yfinance_1m
2026-09-17T09:33:00-04:00	8.68	8.78	8.68	8.775	10024	yfinance_1m
2026-09-17T09:34:00-04:00	8.79	8.8	8.62	8.63	9449	yfinance_1m
2026-09-17T09:35:00-04:00	8.61	8.65	8.5556	8.65	13042	yfinance_1m
2026-09-17T09:36:00-04:00	8.67	8.69	8.635	8.68	12787	yfinance_1m
2026-09-17T09:37:00-04:00	8.66	8.6843	8.5903	8.639	4757	yfinance_1m
2026-09-17T09:38:00-04:00	8.64	8.71	8.63	8.63	11818	yfinance_1m
2026-09-17T09:39:00-04:00	8.62	8.65	8.52	8.535	8384	yfinance_1m
2026-09-17T09:40:00-04:00	8.52	8.58	8.49	8.54	97927	yfinance_1m
2026-09-17T09:41:00-04:00	8.52	8.6	8.519	8.55	34429	yfinance_1m
2026-09-17T09:42:00-04:00	8.55	8.68	8.55	8.645	34545	yfinance_1m
2026-09-17T09:43:00-04:00	8.635	8.635	8.59	8.6	9923	yfinance_1m
2026-09-17T09:44:00-04:00	8.61	8.68	8.58	8.665	27605	yfinance_1m
2026-09-17T09:45:00-04:00	8.66	8.6981	8.62	8.6981	9352	yfinance_1m
2026-09-17T09:46:00-04:00	8.675	8.675	8.62	8.66	6912	yfinance_1m
2026-09-17T09:47:00-04:00	8.66	8.75	8.66	8.72	15988	yfinance_1m
2026-09-17T09:48:00-04:00	8.72	8.725	8.66	8.67	5890	yfinance_1m
2026-09-17T09:49:00-04:00	8.675	8.72	8.675	8.72	4441	yfinance_1m
2026-09-17T09:50:00-04:00	8.72	8.74	8.712	8.725	7535	yfinance_1m
2026-09-17T09:51:00-04:00	8.73	8.8199	8.7	8.8199	63282	yfinance_1m
2026-09-17T09:52:00-04:00	8.805	8.805	8.7601	8.7652	12102	yfinance_1m
2026-09-17T09:53:00-04:00	8.761	8.8	8.76	8.76	21680	yfinance_1m
2026-09-17T09:54:00-04:00	8.765	8.78	8.7	8.78	57310	yfinance_1m
2026-09-17T09:55:00-04:00	8.79	8.8	8.79	8.8	12390	yfinance_1m
2026-09-17T09:56:00-04:00	8.79	8.79	8.76	8.767	6483	yfinance_1m
2026-09-17T09:57:00-04:00	8.76	8.7694	8.759	8.76	9600	yfinance_1m
2026-09-17T09:58:00-04:00	8.75	8.76	8.735	8.735	5276	yfinance_1m
2026-09-17T09:59:00-04:00	8.725	8.79	8.72	8.765	6230	yfinance_1m
2026-09-17T10:00:00-04:00	8.78	8.79	8.76	8.77	6530	yfinance_1m
2026-09-17T10:01:00-04:00	8.75	8.77	8.7177	8.77	5268	yfinance_1m
2026-09-17T10:02:00-04:00	8.76	8.82	8.76	8.815	17725	yfinance_1m
2026-09-17T10:03:00-04:00	8.815	8.828	8.8	8.8	12711	yfinance_1m
2026-09-17T10:04:00-04:00	8.79	8.84	8.77	8.82	12134	yfinance_1m
2026-09-17T10:05:00-04:00	8.82	8.87	8.815	8.83	34577	yfinance_1m
2026-09-17T10:06:00-04:00	8.84	8.8564	8.82	8.82	7473	yfinance_1m
2026-09-17T10:07:00-04:00	8.82	8.82	8.79	8.82	4862	yfinance_1m
2026-09-17T10:08:00-04:00	8.805	8.83	8.805	8.83	4697	yfinance_1m
2026-09-17T10:09:00-04:00	8.84	8.89	8.84	8.8737	7214	yfinance_1m
2026-09-17T10:10:00-04:00	8.88	8.885	8.87	8.87	5935	yfinance_1m
2026-09-17T10:11:00-04:00	8.87	8.87	8.8	8.8078	5493	yfinance_1m
2026-09-17T10:12:00-04:00	8.8	8.85	8.8	8.85	5585	yfinance_1m
2026-09-17T10:13:00-04:00	8.85	8.88	8.84	8.88	8761	yfinance_1m
2026-09-17T10:14:00-04:00	8.9	8.905	8.87	8.88	13599	yfinance_1m
2026-09-17T10:15:00-04:00	8.88	8.93	8.88	8.92	8910	yfinance_1m
2026-09-17T10:16:00-04:00	8.92	8.94	8.91	8.925	6448	yfinance_1m
2026-09-17T10:17:00-04:00	8.93	8.96	8.93	8.95	16204	yfinance_1m
2026-09-17T10:18:00-04:00	8.945	8.945	8.9	8.9	6826	yfinance_1m
2026-09-17T10:19:00-04:00	8.89	8.92	8.88	8.92	12652	yfinance_1m
2026-09-17T10:20:00-04:00	8.91	8.93	8.91	8.91	4363	yfinance_1m
2026-09-17T10:21:00-04:00	8.9	8.91	8.88	8.88	10633	yfinance_1m
2026-09-17T10:22:00-04:00	8.875	8.875	8.86	8.86	4008	yfinance_1m
2026-09-17T10:23:00-04:00	8.87	8.88	8.865	8.865	4281	yfinance_1m
2026-09-17T10:24:00-04:00	8.87	8.87	8.84	8.85	6632	yfinance_1m
2026-09-17T10:25:00-04:00	8.85	8.85	8.84	8.84	6033	yfinance_1m
2026-09-17T10:26:00-04:00	8.85	8.88	8.85	8.88	9922	yfinance_1m
2026-09-17T10:27:00-04:00	8.88	8.89	8.86	8.86	8501	yfinance_1m
2026-09-17T10:28:00-04:00	8.86	8.87	8.84	8.84	7993	yfinance_1m
2026-09-17T10:29:00-04:00	8.84	8.84	8.815	8.84	6376	yfinance_1m
2026-09-17T10:30:00-04:00	8.83	8.84	8.82	8.84	5869	yfinance_1m
2026-09-17T10:31:00-04:00	8.83	8.83	8.76	8.78	12013	yfinance_1m
2026-09-17T10:32:00-04:00	8.79	8.79	8.7352	8.7352	6627	yfinance_1m
2026-09-17T10:33:00-04:00	8.74	8.765	8.72	8.765	6281	yfinance_1m
2026-09-17T10:34:00-04:00	8.75	8.7528	8.75	8.75	2231	yfinance_1m
2026-09-17T10:35:00-04:00	8.75	8.77	8.75	8.755	5723	yfinance_1m
2026-09-17T10:36:00-04:00	8.74	8.75	8.72	8.72	4381	yfinance_1m
2026-09-17T10:37:00-04:00	8.72	8.72	8.69	8.6998	7348	yfinance_1m
2026-09-17T10:38:00-04:00	8.69	8.69	8.68	8.68	1688	yfinance_1m
2026-09-17T10:39:00-04:00	8.68	8.755	8.68	8.74	16321	yfinance_1m
2026-09-17T10:40:00-04:00	8.745	8.745	8.725	8.74	2978	yfinance_1m
2026-09-17T10:41:00-04:00	8.73	8.76	8.73	8.76	14830	yfinance_1m
2026-09-17T10:42:00-04:00	8.76	8.76	8.72	8.73	8953	yfinance_1m
2026-09-17T10:43:00-04:00	8.72	8.73	8.72	8.72	3604	yfinance_1m
2026-09-17T10:44:00-04:00	8.72	8.74	8.69	8.74	5629	yfinance_1m
2026-09-17T10:45:00-04:00	8.74	8.75	8.74	8.75	3004	yfinance_1m
2026-09-17T10:46:00-04:00	8.75	8.76	8.75	8.76	3414	yfinance_1m
2026-09-17T10:47:00-04:00	8.76	8.7726	8.75	8.76	22424	yfinance_1m
2026-09-17T10:48:00-04:00	8.7513	8.78	8.75	8.76	9218	yfinance_1m
2026-09-17T10:49:00-04:00	8.77	8.79	8.76	8.79	3262	yfinance_1m
2026-09-17T10:50:00-04:00	8.78	8.78	8.75	8.76	7844	yfinance_1m
2026-09-17T10:51:00-04:00	8.76	8.79	8.76	8.785	5595	yfinance_1m
2026-09-17T10:52:00-04:00	8.785	8.79	8.77	8.775	4646	yfinance_1m
2026-09-17T10:53:00-04:00	8.775	8.775	8.76	8.765	6204	yfinance_1m
2026-09-17T10:54:00-04:00	8.76	8.78	8.75	8.78	6588	yfinance_1m
2026-09-17T10:55:00-04:00	8.77	8.77	8.765	8.765	2897	yfinance_1m
2026-09-17T10:56:00-04:00	8.765	8.785	8.74	8.76	28392	yfinance_1m
2026-09-17T10:57:00-04:00	8.75	8.765	8.75	8.75	13385	yfinance_1m
2026-09-17T10:58:00-04:00	8.74	8.76	8.74	8.74	17278	yfinance_1m
2026-09-17T10:59:00-04:00	8.73	8.74	8.71	8.725	6187	yfinance_1m
2026-09-17T11:00:00-04:00	8.73	8.73	8.68	8.69	4040	yfinance_1m
2026-09-17T11:01:00-04:00	8.7	8.7	8.66	8.665	5504	yfinance_1m
2026-09-17T11:02:00-04:00	8.665	8.72	8.665	8.71	6089	yfinance_1m
2026-09-17T11:03:00-04:00	8.71	8.71	8.68	8.68	3065	yfinance_1m
2026-09-17T11:04:00-04:00	8.6629	8.68	8.6629	8.68	3296	yfinance_1m
2026-09-17T11:05:00-04:00	8.665	8.69	8.66	8.68	6102	yfinance_1m
2026-09-17T11:06:00-04:00	8.68	8.69	8.665	8.69	3602	yfinance_1m
2026-09-17T11:07:00-04:00	8.685	8.69	8.67	8.69	4125	yfinance_1m
2026-09-17T11:08:00-04:00	8.69	8.7	8.68	8.69	4243	yfinance_1m
2026-09-17T11:09:00-04:00	8.69	8.71	8.68	8.71	3941	yfinance_1m
2026-09-17T11:10:00-04:00	8.71	8.71	8.7	8.71	2668	yfinance_1m
2026-09-17T11:11:00-04:00	8.705	8.715	8.69	8.715	5377	yfinance_1m
2026-09-17T11:12:00-04:00	8.71	8.73	8.71	8.715	5344	yfinance_1m
2026-09-17T11:13:00-04:00	8.71	8.71	8.69	8.695	3381	yfinance_1m
2026-09-17T11:14:00-04:00	8.695	8.7	8.63	8.64	11468	yfinance_1m
2026-09-17T11:15:00-04:00	8.65	8.65	8.5919	8.5919	11024	yfinance_1m
2026-09-17T11:16:00-04:00	8.59	8.61	8.59	8.61	4166	yfinance_1m
2026-09-17T11:17:00-04:00	8.62	8.64	8.62	8.635	4058	yfinance_1m
2026-09-17T11:18:00-04:00	8.65	8.66	8.64	8.66	4215	yfinance_1m
2026-09-17T11:19:00-04:00	8.65	8.66	8.645	8.655	5199	yfinance_1m
2026-09-17T11:20:00-04:00	8.64	8.65	8.63	8.63	2795	yfinance_1m
2026-09-17T11:21:00-04:00	8.63	8.65	8.63	8.65	3718	yfinance_1m
2026-09-17T11:22:00-04:00	8.658	8.658	8.64	8.65	4046	yfinance_1m
2026-09-17T11:23:00-04:00	8.645	8.6579	8.64	8.645	3263	yfinance_1m
2026-09-17T11:24:00-04:00	8.64	8.6486	8.62	8.62	3787	yfinance_1m
2026-09-17T11:25:00-04:00	8.615	8.63	8.6	8.62	4576	yfinance_1m
2026-09-17T11:26:00-04:00	8.62	8.62	8.61	8.618	3256	yfinance_1m
2026-09-17T11:27:00-04:00	8.61	8.62	8.6	8.6	5884	yfinance_1m
2026-09-17T11:28:00-04:00	8.605	8.605	8.59	8.59	3740	yfinance_1m
2026-09-17T11:29:00-04:00	8.6	8.61	8.6	8.61	2013	yfinance_1m
2026-09-17T11:30:00-04:00	8.62	8.62	8.61	8.62	2907	yfinance_1m
2026-09-17T11:31:00-04:00	8.61	8.63	8.61	8.63	6410	yfinance_1m
2026-09-17T11:32:00-04:00	8.63	8.63	8.62	8.62	2464	yfinance_1m
2026-09-17T11:33:00-04:00	8.6293	8.64	8.6293	8.64	3584	yfinance_1m
2026-09-17T11:34:00-04:00	8.64	8.64	8.63	8.63	1810	yfinance_1m
2026-09-17T11:35:00-04:00	8.63	8.64	8.6268	8.64	1769	yfinance_1m
2026-09-17T11:36:00-04:00	8.6404	8.6578	8.64	8.65	2983	yfinance_1m
2026-09-17T11:37:00-04:00	8.66	8.66	8.64	8.64	2471	yfinance_1m
2026-09-17T11:38:00-04:00	8.63	8.64	8.63	8.63	1608	yfinance_1m
2026-09-17T11:39:00-04:00	8.63	8.64	8.63	8.635	1157	yfinance_1m
2026-09-17T11:40:00-04:00	8.65	8.67	8.65	8.665	3645	yfinance_1m
2026-09-17T11:41:00-04:00	8.67	8.67	8.66	8.67	3131	yfinance_1m
2026-09-17T11:42:00-04:00	8.67	8.68	8.66	8.67	1342	yfinance_1m
2026-09-17T11:43:00-04:00	8.67	8.675	8.67	8.67	3220	yfinance_1m
2026-09-17T11:44:00-04:00	8.67	8.67	8.65	8.655	4686	yfinance_1m
2026-09-17T11:45:00-04:00	8.655	8.66	8.65	8.65	2590	yfinance_1m
2026-09-17T11:46:00-04:00	8.64	8.65	8.64	8.65	3887	yfinance_1m
2026-09-17T11:47:00-04:00	8.65	8.66	8.65	8.66	1924	yfinance_1m
2026-09-17T11:48:00-04:00	8.67	8.67	8.66	8.67	2000	yfinance_1m
2026-09-17T11:49:00-04:00	8.665	8.665	8.65	8.655	2279	yfinance_1m
2026-09-17T11:50:00-04:00	8.66	8.66	8.6505	8.66	5585	yfinance_1m
2026-09-17T11:51:00-04:00	8.665	8.665	8.65	8.66	1768	yfinance_1m
2026-09-17T11:52:00-04:00	8.66	8.67	8.66	8.66	2205	yfinance_1m
2026-09-17T11:53:00-04:00	8.67	8.69	8.67	8.69	4242	yfinance_1m
2026-09-17T11:54:00-04:00	8.685	8.695	8.685	8.69	17399	yfinance_1m
2026-09-17T11:55:00-04:00	8.695	8.725	8.695	8.725	5403	yfinance_1m
2026-09-17T11:56:00-04:00	8.73	8.73	8.73	8.73	1133	yfinance_1m
2026-09-17T11:57:00-04:00	8.73	8.73	8.71	8.71	3547	yfinance_1m
2026-09-17T11:58:00-04:00	8.7199	8.7199	8.7	8.705	2062	yfinance_1m
2026-09-17T11:59:00-04:00	8.705	8.73	8.705	8.73	6467	yfinance_1m
2026-09-17T12:00:00-04:00	8.73	8.75	8.73	8.73	5775	yfinance_1m
2026-09-17T12:01:00-04:00	8.72	8.72	8.7	8.705	2697	yfinance_1m
2026-09-17T12:02:00-04:00	8.7	8.7	8.6761	8.68	5245	yfinance_1m
2026-09-17T12:03:00-04:00	8.68	8.69	8.68	8.68	2211	yfinance_1m
2026-09-17T12:04:00-04:00	8.68	8.75	8.67	8.74	35394	yfinance_1m
2026-09-17T12:05:00-04:00	8.74	8.74	8.72	8.72	2753	yfinance_1m
2026-09-17T12:06:00-04:00	8.71	8.71	8.7	8.7	1308	yfinance_1m
2026-09-17T12:07:00-04:00	8.69	8.695	8.685	8.685	2059	yfinance_1m
2026-09-17T12:08:00-04:00	8.69	8.69	8.68	8.68	2274	yfinance_1m
2026-09-17T12:09:00-04:00	8.6899	8.6899	8.67	8.68	3513	yfinance_1m
2026-09-17T12:10:00-04:00	8.675	8.68	8.67	8.68	4042	yfinance_1m
2026-09-17T12:11:00-04:00	8.685	8.69	8.68	8.69	1921	yfinance_1m
2026-09-17T12:12:00-04:00	8.69	8.7	8.685	8.685	3535	yfinance_1m
2026-09-17T12:13:00-04:00	8.69	8.705	8.69	8.7	3480	yfinance_1m
2026-09-17T12:14:00-04:00	8.7	8.71	8.7	8.705	3723	yfinance_1m
2026-09-17T12:15:00-04:00	8.705	8.72	8.705	8.71	3491	yfinance_1m
2026-09-17T12:16:00-04:00	8.705	8.705	8.7	8.7	4191	yfinance_1m
2026-09-17T12:17:00-04:00	8.71	8.73	8.71	8.72	4578	yfinance_1m
2026-09-17T12:18:00-04:00	8.71	8.71	8.71	8.71	957	yfinance_1m
2026-09-17T12:19:00-04:00	8.7	8.7099	8.7	8.7099	4080	yfinance_1m
2026-09-17T12:20:00-04:00	8.7	8.7	8.7	8.7	742	yfinance_1m
2026-09-17T12:21:00-04:00	8.7	8.72	8.7	8.72	2182	yfinance_1m
2026-09-17T12:22:00-04:00	8.73	8.73	8.72	8.73	1198	yfinance_1m
2026-09-17T12:23:00-04:00	8.73	8.75	8.73	8.75	2234	yfinance_1m
2026-09-17T12:24:00-04:00	8.7458	8.76	8.74	8.76	13965	yfinance_1m
2026-09-17T12:25:00-04:00	8.75	8.75	8.74	8.74	2644	yfinance_1m
2026-09-17T12:26:00-04:00	8.74	8.77	8.74	8.77	13052	yfinance_1m
2026-09-17T12:27:00-04:00	8.77	8.77	8.75	8.75	2487	yfinance_1m
2026-09-17T12:28:00-04:00	8.75	8.77	8.75	8.75	3330	yfinance_1m
2026-09-17T12:29:00-04:00	8.75	8.77	8.75	8.77	1355	yfinance_1m
2026-09-17T12:30:00-04:00	8.76	8.77	8.745	8.745	2150	yfinance_1m
2026-09-17T12:31:00-04:00	8.75	8.76	8.74	8.76	1889	yfinance_1m
2026-09-17T12:32:00-04:00	8.76	8.77	8.755	8.76	2483	yfinance_1m
2026-09-17T12:33:00-04:00	8.755	8.77	8.74	8.74	3489	yfinance_1m
2026-09-17T12:34:00-04:00	8.75	8.75	8.73	8.73	2953	yfinance_1m
2026-09-17T12:35:00-04:00	8.73	8.74	8.73	8.74	613	yfinance_1m
2026-09-17T12:36:00-04:00	8.735	8.74	8.735	8.74	1063	yfinance_1m
2026-09-17T12:37:00-04:00	8.73	8.73	8.72	8.73	1878	yfinance_1m
2026-09-17T12:38:00-04:00	8.72	8.72	8.71	8.71	2599	yfinance_1m
2026-09-17T12:39:00-04:00	8.72	8.72	8.71	8.715	2556	yfinance_1m
2026-09-17T12:40:00-04:00	8.71	8.72	8.7036	8.7036	1728	yfinance_1m
2026-09-17T12:41:00-04:00	8.73	8.73	8.72	8.72	1737	yfinance_1m
2026-09-17T12:42:00-04:00	8.72	8.72	8.71	8.71	2380	yfinance_1m
2026-09-17T12:43:00-04:00	8.73	8.73	8.72	8.73	2619	yfinance_1m
2026-09-17T12:44:00-04:00	8.73	8.73	8.72	8.73	1576	yfinance_1m
2026-09-17T12:45:00-04:00	8.73	8.73	8.71	8.72	2025	yfinance_1m
2026-09-17T12:46:00-04:00	8.72	8.72	8.71	8.72	1461	yfinance_1m
2026-09-17T12:47:00-04:00	8.72	8.72	8.7	8.71	8244	yfinance_1m
2026-09-17T12:48:00-04:00	8.7	8.7	8.7	8.7	1431	yfinance_1m
2026-09-17T12:49:00-04:00	8.705	8.715	8.705	8.71	2406	yfinance_1m
2026-09-17T12:50:00-04:00	8.71	8.72	8.71	8.71	1393	yfinance_1m
2026-09-17T12:51:00-04:00	8.72	8.72	8.72	8.72	4228	yfinance_1m
2026-09-17T12:53:00-04:00	8.72	8.7238	8.72	8.72	1407	yfinance_1m
2026-09-17T12:54:00-04:00	8.72	8.73	8.72	8.72	874	yfinance_1m
2026-09-17T12:55:00-04:00	8.73	8.73	8.72	8.725	4891	yfinance_1m
2026-09-17T12:56:00-04:00	8.73	8.74	8.725	8.74	1713	yfinance_1m
2026-09-17T12:57:00-04:00	8.75	8.76	8.75	8.76	2183	yfinance_1m
2026-09-17T12:58:00-04:00	8.76	8.77	8.76	8.77	2221	yfinance_1m
2026-09-17T12:59:00-04:00	8.78	8.78	8.78	8.78	1796	yfinance_1m
2026-09-17T13:00:00-04:00	8.78	8.79	8.78	8.785	2672	yfinance_1m
2026-09-17T13:01:00-04:00	8.78	8.78	8.78	8.78	2180	yfinance_1m
2026-09-17T13:02:00-04:00	8.78	8.79	8.77	8.785	4026	yfinance_1m
2026-09-17T13:03:00-04:00	8.78	8.78	8.78	8.78	1564	yfinance_1m
2026-09-17T13:04:00-04:00	8.79	8.79	8.78	8.79	1658	yfinance_1m
2026-09-17T13:05:00-04:00	8.785	8.785	8.785	8.785	639	yfinance_1m
2026-09-17T13:06:00-04:00	8.785	8.82	8.785	8.815	9230	yfinance_1m
2026-09-17T13:07:00-04:00	8.815	8.815	8.78	8.78	4639	yfinance_1m
2026-09-17T13:08:00-04:00	8.78	8.78	8.77	8.77	1004	yfinance_1m
2026-09-17T13:09:00-04:00	8.76	8.77	8.76	8.77	2740	yfinance_1m
2026-09-17T13:10:00-04:00	8.76	8.76	8.73	8.73	1875	yfinance_1m
2026-09-17T13:11:00-04:00	8.73	8.74	8.725	8.73	2346	yfinance_1m
2026-09-17T13:12:00-04:00	8.73	8.73	8.725	8.725	1768	yfinance_1m
2026-09-17T13:13:00-04:00	8.71	8.725	8.71	8.725	1601	yfinance_1m
2026-09-17T13:14:00-04:00	8.72	8.73	8.72	8.73	1210	yfinance_1m
2026-09-17T13:15:00-04:00	8.73	8.75	8.72	8.745	2844	yfinance_1m
2026-09-17T13:16:00-04:00	8.75	8.75	8.745	8.745	1918	yfinance_1m
2026-09-17T13:17:00-04:00	8.75	8.76	8.75	8.76	1571	yfinance_1m
2026-09-17T13:18:00-04:00	8.76	8.76	8.76	8.76	2000	yfinance_1m
2026-09-17T13:19:00-04:00	8.75	8.76	8.75	8.76	1305	yfinance_1m
2026-09-17T13:20:00-04:00	8.76	8.77	8.73	8.73	35558	yfinance_1m
2026-09-17T13:21:00-04:00	8.73	8.75	8.73	8.75	2708	yfinance_1m
2026-09-17T13:22:00-04:00	8.75	8.76	8.75	8.76	1746	yfinance_1m
2026-09-17T13:23:00-04:00	8.76	8.76	8.75	8.76	2210	yfinance_1m
2026-09-17T13:24:00-04:00	8.76	8.765	8.74	8.74	3915	yfinance_1m
2026-09-17T13:25:00-04:00	8.74	8.74	8.74	8.74	803	yfinance_1m
2026-09-17T13:26:00-04:00	8.7419	8.79	8.74	8.79	7583	yfinance_1m
2026-09-17T13:27:00-04:00	8.79	8.8	8.78	8.78	1739	yfinance_1m
2026-09-17T13:28:00-04:00	8.775	8.78	8.775	8.78	1784	yfinance_1m
2026-09-17T13:29:00-04:00	8.78	8.785	8.78	8.785	1413	yfinance_1m
2026-09-17T13:30:00-04:00	8.78	8.79	8.78	8.78	2520	yfinance_1m
2026-09-17T13:31:00-04:00	8.78	8.78	8.77	8.78	2238	yfinance_1m
2026-09-17T13:32:00-04:00	8.78	8.78	8.74	8.76	12405	yfinance_1m
2026-09-17T13:33:00-04:00	8.76	8.77	8.76	8.77	2288	yfinance_1m
2026-09-17T13:34:00-04:00	8.77	8.77	8.75	8.75	3708	yfinance_1m
2026-09-17T13:35:00-04:00	8.75	8.75	8.75	8.75	1700	yfinance_1m
2026-09-17T13:36:00-04:00	8.74	8.74	8.73	8.73	981	yfinance_1m
2026-09-17T13:37:00-04:00	8.73	8.7352	8.72	8.72	1490	yfinance_1m
2026-09-17T13:38:00-04:00	8.72	8.72	8.7	8.7	2742	yfinance_1m
2026-09-17T13:39:00-04:00	8.692	8.71	8.692	8.695	835	yfinance_1m
2026-09-17T13:40:00-04:00	8.695	8.71	8.695	8.71	2770	yfinance_1m
2026-09-17T13:41:00-04:00	8.6977	8.72	8.6901	8.6901	1516	yfinance_1m
2026-09-17T13:42:00-04:00	8.7	8.72	8.7	8.72	3211	yfinance_1m
2026-09-17T13:43:00-04:00	8.715	8.73	8.715	8.73	992	yfinance_1m
2026-09-17T13:44:00-04:00	8.715	8.715	8.675	8.675	5592	yfinance_1m
2026-09-17T13:45:00-04:00	8.675	8.675	8.675	8.675	829	yfinance_1m
2026-09-17T13:46:00-04:00	8.6684	8.69	8.6684	8.69	2557	yfinance_1m
2026-09-17T13:47:00-04:00	8.7	8.71	8.699	8.71	2108	yfinance_1m
2026-09-17T13:48:00-04:00	8.71	8.71	8.7	8.71	2324	yfinance_1m
2026-09-17T13:49:00-04:00	8.7	8.7	8.699	8.699	3311	yfinance_1m
2026-09-17T13:50:00-04:00	8.699	8.72	8.699	8.7199	1447	yfinance_1m
2026-09-17T13:51:00-04:00	8.72	8.73	8.71	8.72	2487	yfinance_1m
2026-09-17T13:52:00-04:00	8.72	8.73	8.72	8.73	3466	yfinance_1m
2026-09-17T13:53:00-04:00	8.74	8.74	8.72	8.73	2609	yfinance_1m
2026-09-17T13:54:00-04:00	8.73	8.73	8.72	8.72	3578	yfinance_1m
2026-09-17T13:55:00-04:00	8.73	8.7362	8.72	8.725	1727	yfinance_1m
2026-09-17T13:56:00-04:00	8.73	8.73	8.72	8.72	4530	yfinance_1m
2026-09-17T13:57:00-04:00	8.73	8.73	8.72	8.73	2132	yfinance_1m
2026-09-17T13:58:00-04:00	8.73	8.73	8.725	8.73	1697	yfinance_1m
2026-09-17T13:59:00-04:00	8.73	8.74	8.705	8.74	7569	yfinance_1m
2026-09-17T14:00:00-04:00	8.74	8.7699	8.74	8.7699	2964	yfinance_1m
2026-09-17T14:01:00-04:00	8.77	8.79	8.77	8.79	1992	yfinance_1m
2026-09-17T14:02:00-04:00	8.775	8.78	8.755	8.768413	2817	yfinance_1m
2026-09-17T14:03:00-04:00	8.77	8.78	8.77	8.777	1694	yfinance_1m
2026-09-17T14:04:00-04:00	8.79	8.79	8.76	8.77	3117	yfinance_1m
2026-09-17T14:05:00-04:00	8.77	8.78	8.77	8.78	1531	yfinance_1m
2026-09-17T14:06:00-04:00	8.79	8.79	8.76	8.77	2916	yfinance_1m
2026-09-17T14:07:00-04:00	8.77	8.77	8.765	8.77	3234	yfinance_1m
2026-09-17T14:08:00-04:00	8.77	8.78	8.76	8.77	5251	yfinance_1m
2026-09-17T14:09:00-04:00	8.78	8.78	8.78	8.78	1032	yfinance_1m
2026-09-17T14:10:00-04:00	8.78	8.79	8.78	8.789	3829	yfinance_1m
2026-09-17T14:11:00-04:00	8.79	8.8	8.79	8.7992	6610	yfinance_1m
2026-09-17T14:12:00-04:00	8.8	8.8	8.795	8.795	1749	yfinance_1m
2026-09-17T14:13:00-04:00	8.8	8.8	8.79	8.8	4133	yfinance_1m
2026-09-17T14:14:00-04:00	8.8	8.82	8.8	8.82	5182	yfinance_1m
2026-09-17T14:15:00-04:00	8.81	8.82	8.81	8.81	4078	yfinance_1m
2026-09-17T14:16:00-04:00	8.8015	8.81	8.8015	8.805	1389	yfinance_1m
2026-09-17T14:17:00-04:00	8.81	8.82	8.81	8.82	1121	yfinance_1m
2026-09-17T14:18:00-04:00	8.81	8.84	8.8	8.83	4728	yfinance_1m
2026-09-17T14:19:00-04:00	8.83	8.83	8.83	8.83	2033	yfinance_1m
2026-09-17T14:20:00-04:00	8.83	8.83	8.811	8.811	2561	yfinance_1m
2026-09-17T14:21:00-04:00	8.82	8.8298	8.82	8.82	3418	yfinance_1m
2026-09-17T14:22:00-04:00	8.83	8.83	8.81	8.83	5305	yfinance_1m
2026-09-17T14:23:00-04:00	8.82	8.84	8.82	8.82	8771	yfinance_1m
2026-09-17T14:24:00-04:00	8.81	8.81	8.76	8.76	4403	yfinance_1m
2026-09-17T14:25:00-04:00	8.77	8.79	8.77	8.79	3079	yfinance_1m
2026-09-17T14:26:00-04:00	8.79	8.8	8.79	8.8	2063	yfinance_1m
2026-09-17T14:27:00-04:00	8.8	8.8	8.79	8.8	3159	yfinance_1m
2026-09-17T14:28:00-04:00	8.81	8.835	8.8	8.83	6557	yfinance_1m
2026-09-17T14:29:00-04:00	8.83	8.83	8.8167	8.82	8492	yfinance_1m
2026-09-17T14:30:00-04:00	8.82	8.83	8.815	8.815	1582	yfinance_1m
2026-09-17T14:31:00-04:00	8.815	8.82	8.815	8.82	4053	yfinance_1m
2026-09-17T14:32:00-04:00	8.82	8.82	8.81	8.815	4592	yfinance_1m
2026-09-17T14:33:00-04:00	8.815	8.85	8.815	8.85	7601	yfinance_1m
2026-09-17T14:34:00-04:00	8.85	8.86	8.85	8.855	2541	yfinance_1m
2026-09-17T14:35:00-04:00	8.86	8.87	8.86	8.865	2286	yfinance_1m
2026-09-17T14:36:00-04:00	8.87	8.88	8.86	8.87	15824	yfinance_1m
2026-09-17T14:37:00-04:00	8.865	8.865	8.865	8.865	933	yfinance_1m
2026-09-17T14:38:00-04:00	8.865	8.88	8.86	8.87	5467	yfinance_1m
2026-09-17T14:39:00-04:00	8.875	8.88	8.875	8.875	1229	yfinance_1m
2026-09-17T14:40:00-04:00	8.87	8.89	8.87	8.89	5072	yfinance_1m
2026-09-17T14:41:00-04:00	8.9	8.91	8.89	8.91	5560	yfinance_1m
2026-09-17T14:42:00-04:00	8.91	8.925	8.86	8.91	64582	yfinance_1m
2026-09-17T14:43:00-04:00	8.91	8.92	8.91	8.91	4415	yfinance_1m
2026-09-17T14:44:00-04:00	8.91	8.92	8.88	8.8978	4047	yfinance_1m
2026-09-17T14:45:00-04:00	8.89	8.92	8.89	8.91	8543	yfinance_1m
2026-09-17T14:46:00-04:00	8.91	8.91	8.88	8.9	30272	yfinance_1m
2026-09-17T14:47:00-04:00	8.9	8.925	8.87	8.925	34048	yfinance_1m
2026-09-17T14:48:00-04:00	8.925	8.935	8.92	8.92	4756	yfinance_1m
2026-09-17T14:49:00-04:00	8.92	8.94	8.92	8.94	2622	yfinance_1m
2026-09-17T14:50:00-04:00	8.94	8.955	8.94	8.955	3775	yfinance_1m
2026-09-17T14:51:00-04:00	8.96	8.96	8.96	8.96	3365	yfinance_1m
2026-09-17T14:52:00-04:00	8.97	8.9899	8.97	8.97	11939	yfinance_1m
2026-09-17T14:53:00-04:00	8.97	8.98	8.97	8.98	4342	yfinance_1m
2026-09-17T14:54:00-04:00	8.98	8.98	8.9436	8.9436	8719	yfinance_1m
2026-09-17T14:55:00-04:00	8.9401	8.955	8.93	8.95	16490	yfinance_1m
2026-09-17T14:56:00-04:00	8.955	8.96	8.94	8.955	9619	yfinance_1m
2026-09-17T14:57:00-04:00	8.96	8.97	8.95	8.95	8965	yfinance_1m
2026-09-17T14:58:00-04:00	8.95	8.975	8.945	8.9703	6047	yfinance_1m
2026-09-17T14:59:00-04:00	8.97	8.99	8.965	8.985	6160	yfinance_1m
2026-09-17T15:00:00-04:00	8.985	9.01	8.98	9.0	29056	yfinance_1m
2026-09-17T15:01:00-04:00	9.0	9.01	9.0	9.01	2399	yfinance_1m
2026-09-17T15:02:00-04:00	9.0	9.02	9.0	9.01	13734	yfinance_1m
2026-09-17T15:03:00-04:00	9.01	9.02	9.01	9.02	4077	yfinance_1m
2026-09-17T15:04:00-04:00	9.03	9.04	9.02	9.025	9094	yfinance_1m
2026-09-17T15:05:00-04:00	9.03	9.04	9.01	9.01	13077	yfinance_1m
2026-09-17T15:06:00-04:00	9.01	9.01	8.985	8.985	6631	yfinance_1m
2026-09-17T15:07:00-04:00	8.98	8.995	8.98	8.99	26634	yfinance_1m
2026-09-17T15:08:00-04:00	9.0	9.02	8.995	9.02	3677	yfinance_1m
2026-09-17T15:09:00-04:00	9.02	9.03	9.0114	9.03	3639	yfinance_1m
2026-09-17T15:10:00-04:00	9.04	9.07	9.035	9.05	24399	yfinance_1m
2026-09-17T15:11:00-04:00	9.04	9.06	9.04	9.06	5644	yfinance_1m
2026-09-17T15:12:00-04:00	9.07	9.1	9.06	9.095	6127	yfinance_1m
2026-09-17T15:13:00-04:00	9.095	9.1	9.07	9.07	25807	yfinance_1m
2026-09-17T15:14:00-04:00	9.07	9.08	9.0601	9.07	16405	yfinance_1m
2026-09-17T15:15:00-04:00	9.07	9.085	9.03	9.04	22250	yfinance_1m
2026-09-17T15:16:00-04:00	9.04	9.05	9.03	9.0499	3591	yfinance_1m
2026-09-17T15:17:00-04:00	9.05	9.055	9.03	9.045	15580	yfinance_1m
2026-09-17T15:18:00-04:00	9.045	9.055	9.045	9.045	6778	yfinance_1m
2026-09-17T15:19:00-04:00	9.0414	9.05	9.0414	9.05	2646	yfinance_1m
2026-09-17T15:20:00-04:00	9.055	9.055	9.03	9.04	7366	yfinance_1m
2026-09-17T15:21:00-04:00	9.04	9.0414	9.035	9.035	4237	yfinance_1m
2026-09-17T15:22:00-04:00	9.035	9.045	9.032	9.045	8341	yfinance_1m
2026-09-17T15:23:00-04:00	9.045	9.045	8.985	8.985	15623	yfinance_1m
2026-09-17T15:24:00-04:00	8.99	8.995	8.99	8.99	6459	yfinance_1m
2026-09-17T15:25:00-04:00	8.985	9.0	8.97	8.99	12496	yfinance_1m
2026-09-17T15:26:00-04:00	8.99	9.0	8.99	9.0	6574	yfinance_1m
2026-09-17T15:27:00-04:00	9.0	9.0	8.9922	9.0	3474	yfinance_1m
2026-09-17T15:28:00-04:00	9.0	9.0	8.98	8.99	8927	yfinance_1m
2026-09-17T15:29:00-04:00	8.985	8.99	8.95	8.955	10614	yfinance_1m
2026-09-17T15:30:00-04:00	8.9502	8.9502	8.92	8.94	9973	yfinance_1m
2026-09-17T15:31:00-04:00	8.94	8.945	8.91	8.925	15029	yfinance_1m
2026-09-17T15:32:00-04:00	8.9208	8.97	8.9208	8.93	19164	yfinance_1m
2026-09-17T15:33:00-04:00	8.93	8.95	8.93	8.935	8531	yfinance_1m
2026-09-17T15:34:00-04:00	8.935	8.935	8.9	8.92	10763	yfinance_1m
2026-09-17T15:35:00-04:00	8.9102	8.9102	8.89	8.905	8362	yfinance_1m
2026-09-17T15:36:00-04:00	8.905	8.91	8.9	8.91	3466	yfinance_1m
2026-09-17T15:37:00-04:00	8.91	8.92	8.885	8.895	11129	yfinance_1m
2026-09-17T15:38:00-04:00	8.9	8.9164	8.9	8.91	12066	yfinance_1m
2026-09-17T15:39:00-04:00	8.91	8.91	8.89	8.89	6546	yfinance_1m
2026-09-17T15:40:00-04:00	8.9	8.91	8.895	8.91	9326	yfinance_1m
2026-09-17T15:41:00-04:00	8.9	8.905	8.9	8.905	6067	yfinance_1m
2026-09-17T15:42:00-04:00	8.905	8.945	8.905	8.945	11373	yfinance_1m
2026-09-17T15:43:00-04:00	8.945	8.95	8.91	8.925	19831	yfinance_1m
2026-09-17T15:44:00-04:00	8.93	8.94	8.92	8.93	14793	yfinance_1m
2026-09-17T15:45:00-04:00	8.93	8.93	8.91	8.91	7175	yfinance_1m
2026-09-17T15:46:00-04:00	8.9	8.9	8.87	8.87	10732	yfinance_1m
2026-09-17T15:47:00-04:00	8.87	8.87	8.85	8.86	10716	yfinance_1m
2026-09-17T15:48:00-04:00	8.855	8.88	8.85	8.88	9934	yfinance_1m
2026-09-17T15:49:00-04:00	8.88	8.88	8.86	8.86	8586	yfinance_1m
2026-09-17T15:50:00-04:00	8.87	8.89	8.865	8.87	20978	yfinance_1m
2026-09-17T15:51:00-04:00	8.87	8.87	8.8362	8.84	9163	yfinance_1m
2026-09-17T15:52:00-04:00	8.84	8.84	8.82	8.825	13816	yfinance_1m
2026-09-17T15:53:00-04:00	8.82	8.83	8.82	8.825	19054	yfinance_1m
2026-09-17T15:54:00-04:00	8.825	8.84	8.81	8.8171	17209	yfinance_1m
2026-09-17T15:55:00-04:00	8.81	8.815	8.785	8.805	30825	yfinance_1m
2026-09-17T15:56:00-04:00	8.805	8.805	8.76	8.785	28628	yfinance_1m
2026-09-17T15:57:00-04:00	8.785	8.815	8.785	8.8	31695	yfinance_1m
2026-09-17T15:58:00-04:00	8.8	8.805	8.77	8.77	58449	yfinance_1m
2026-09-17T15:59:00-04:00	8.78	8.8	8.76	8.76	56835	yfinance_1m
2026-09-18T09:30:00-04:00	8.76	8.82	8.72	8.82	63322	yfinance_1m
2026-09-18T09:31:00-04:00	8.85	8.965	8.85	8.91	17297	yfinance_1m
2026-09-18T09:32:00-04:00	8.88	8.9	8.829	8.835	4716	yfinance_1m
2026-09-18T09:33:00-04:00	8.835	8.835	8.7	8.735	5220	yfinance_1m
2026-09-18T09:34:00-04:00	8.735	8.735	8.56	8.56	7475	yfinance_1m
2026-09-18T09:35:00-04:00	8.55	8.55	8.4823	8.505	7796	yfinance_1m
2026-09-18T09:36:00-04:00	8.495	8.51	8.469	8.47	29752	yfinance_1m
2026-09-18T09:37:00-04:00	8.48	8.5	8.445	8.494	6879	yfinance_1m
2026-09-18T09:38:00-04:00	8.48	8.49	8.47	8.47	6844	yfinance_1m
2026-09-18T09:39:00-04:00	8.49	8.525	8.465	8.465	14198	yfinance_1m
2026-09-18T09:40:00-04:00	8.4719	8.4719	8.424	8.43	5692	yfinance_1m
2026-09-18T09:41:00-04:00	8.46	8.485	8.46	8.46	7499	yfinance_1m
2026-09-18T09:42:00-04:00	8.467044	8.495	8.467044	8.4807	13652	yfinance_1m
2026-09-18T09:43:00-04:00	8.48	8.53	8.479	8.53	12459	yfinance_1m
2026-09-18T09:44:00-04:00	8.545	8.56	8.53	8.53	7372	yfinance_1m
2026-09-18T09:45:00-04:00	8.55	8.5799	8.549	8.55	29828	yfinance_1m
2026-09-18T09:46:00-04:00	8.555	8.59	8.54	8.585	3394	yfinance_1m
2026-09-18T09:47:00-04:00	8.584	8.65	8.57	8.58	15449	yfinance_1m
2026-09-18T09:48:00-04:00	8.56	8.605	8.56	8.605	4868	yfinance_1m
2026-09-18T09:49:00-04:00	8.63	8.695	8.6299	8.655	21163	yfinance_1m
2026-09-18T09:51:00-04:00	8.644	8.665	8.6432	8.6432	5277	yfinance_1m
2026-09-18T09:52:00-04:00	8.66	8.684	8.66	8.684	2026	yfinance_1m
2026-09-18T09:53:00-04:00	8.7	8.71	8.644	8.644	11679	yfinance_1m
2026-09-18T09:54:00-04:00	8.6605	8.6605	8.63	8.634	5187	yfinance_1m
2026-09-18T09:55:00-04:00	8.634	8.634	8.61	8.61	3892	yfinance_1m
2026-09-18T09:56:00-04:00	8.62	8.62	8.609	8.62	2025	yfinance_1m
2026-09-18T09:57:00-04:00	8.625	8.64	8.56	8.6	15644	yfinance_1m
2026-09-18T09:58:00-04:00	8.61	8.61	8.609	8.609	1736	yfinance_1m
2026-09-18T09:59:00-04:00	8.61	8.61	8.57	8.575	6418	yfinance_1m
2026-09-18T10:00:00-04:00	8.56	8.594	8.56	8.594	4297	yfinance_1m
2026-09-18T10:01:00-04:00	8.5848	8.595	8.5848	8.59	4618	yfinance_1m
2026-09-18T10:02:00-04:00	8.595	8.6067	8.58	8.58	6803	yfinance_1m
2026-09-18T10:03:00-04:00	8.57	8.57	8.5482	8.5482	3986	yfinance_1m
2026-09-18T10:04:00-04:00	8.54	8.56	8.53	8.56	3182	yfinance_1m
2026-09-18T10:05:00-04:00	8.55	8.55	8.52	8.52	6005	yfinance_1m
2026-09-18T10:06:00-04:00	8.515	8.515	8.5	8.5	3629	yfinance_1m
2026-09-18T10:07:00-04:00	8.5	8.54	8.5	8.54	5516	yfinance_1m
2026-09-18T10:08:00-04:00	8.53	8.54	8.52	8.53	8452	yfinance_1m
2026-09-18T10:09:00-04:00	8.53	8.54	8.53	8.54	3576	yfinance_1m
2026-09-18T10:10:00-04:00	8.55	8.555	8.537588	8.54	4379	yfinance_1m
2026-09-18T10:11:00-04:00	8.54	8.56	8.54	8.54	7099	yfinance_1m
2026-09-18T10:12:00-04:00	8.54	8.54	8.49	8.49	8120	yfinance_1m
2026-09-18T10:13:00-04:00	8.48	8.485	8.46	8.485	5572	yfinance_1m
2026-09-18T10:14:00-04:00	8.49	8.505	8.48	8.505	4432	yfinance_1m
2026-09-18T10:15:00-04:00	8.505	8.505	8.48	8.49	12490	yfinance_1m
2026-09-18T10:16:00-04:00	8.48	8.4976	8.48	8.49	4218	yfinance_1m
2026-09-18T10:17:00-04:00	8.49	8.49	8.42	8.43	14330	yfinance_1m
2026-09-18T10:18:00-04:00	8.43	8.45	8.43	8.441	5441	yfinance_1m
2026-09-18T10:19:00-04:00	8.45	8.45	8.44	8.44	3765	yfinance_1m
2026-09-18T10:20:00-04:00	8.44	8.44	8.34	8.34	23600	yfinance_1m
2026-09-18T10:21:00-04:00	8.335	8.35	8.31	8.335	13404	yfinance_1m
2026-09-18T10:22:00-04:00	8.335	8.34	8.335	8.34	8613	yfinance_1m
2026-09-18T10:23:00-04:00	8.34	8.355	8.34	8.34	3405	yfinance_1m
2026-09-18T10:24:00-04:00	8.33	8.33	8.31	8.32	8777	yfinance_1m
2026-09-18T10:25:00-04:00	8.32	8.34	8.31	8.34	9031	yfinance_1m
2026-09-18T10:26:00-04:00	8.34	8.348	8.33	8.33	4014	yfinance_1m
2026-09-18T10:27:00-04:00	8.34	8.35	8.34	8.35	3272	yfinance_1m
2026-09-18T10:28:00-04:00	8.345	8.355	8.34	8.34	7935	yfinance_1m
2026-09-18T10:29:00-04:00	8.34	8.39	8.34	8.39	5926	yfinance_1m
2026-09-18T10:30:00-04:00	8.39	8.39	8.37	8.37	6383	yfinance_1m
2026-09-18T10:31:00-04:00	8.38	8.395	8.37	8.39	9904	yfinance_1m
2026-09-18T10:32:00-04:00	8.38	8.385	8.38	8.385	12745	yfinance_1m
2026-09-18T10:33:00-04:00	8.38	8.38	8.38	8.38	1627	yfinance_1m
2026-09-18T10:34:00-04:00	8.38	8.39	8.38	8.39	4517	yfinance_1m
2026-09-18T10:35:00-04:00	8.395	8.4	8.395	8.4	2970	yfinance_1m
2026-09-18T10:36:00-04:00	8.41	8.415	8.4	8.415	1943	yfinance_1m
2026-09-18T10:37:00-04:00	8.41	8.415	8.4	8.4	7285	yfinance_1m
2026-09-18T10:38:00-04:00	8.4	8.4	8.4	8.4	587	yfinance_1m
2026-09-18T10:39:00-04:00	8.4	8.42	8.4	8.405	8317	yfinance_1m
2026-09-18T10:40:00-04:00	8.41	8.41	8.41	8.41	1144	yfinance_1m
2026-09-18T10:41:00-04:00	8.41	8.42	8.41	8.42	3219	yfinance_1m
2026-09-18T10:42:00-04:00	8.43	8.43	8.39	8.4	17692	yfinance_1m
2026-09-18T10:43:00-04:00	8.4	8.4	8.4	8.4	1774	yfinance_1m
2026-09-18T10:44:00-04:00	8.4	8.41	8.4	8.405	2297	yfinance_1m
2026-09-18T10:45:00-04:00	8.4008	8.405	8.39	8.4	6806	yfinance_1m
2026-09-18T10:46:00-04:00	8.3901	8.4	8.3901	8.4	1996	yfinance_1m
2026-09-18T10:47:00-04:00	8.4099	8.42	8.4099	8.42	2070	yfinance_1m
2026-09-18T10:48:00-04:00	8.42	8.43	8.39	8.4	8948	yfinance_1m
2026-09-18T10:49:00-04:00	8.41	8.42	8.4037	8.4037	2238	yfinance_1m
2026-09-18T10:50:00-04:00	8.41	8.41	8.39	8.4	17172	yfinance_1m
2026-09-18T10:51:00-04:00	8.4	8.4	8.39	8.39	8185	yfinance_1m
2026-09-18T10:52:00-04:00	8.38	8.38	8.32	8.34	6982	yfinance_1m
2026-09-18T10:53:00-04:00	8.34	8.34	8.335	8.335	872	yfinance_1m
2026-09-18T10:54:00-04:00	8.335	8.335	8.31	8.31	13686	yfinance_1m
2026-09-18T10:55:00-04:00	8.3	8.3	8.28	8.28	2803	yfinance_1m
2026-09-18T10:56:00-04:00	8.285	8.285	8.26	8.26	3440	yfinance_1m
2026-09-18T10:57:00-04:00	8.25	8.25	8.23	8.23	5248	yfinance_1m
2026-09-18T10:58:00-04:00	8.23	8.265	8.23	8.26	3514	yfinance_1m
2026-09-18T10:59:00-04:00	8.26	8.265	8.26	8.265	2441	yfinance_1m
2026-09-18T11:00:00-04:00	8.26	8.26	8.25	8.255	4177	yfinance_1m
2026-09-18T11:01:00-04:00	8.26	8.26	8.24	8.245	6547	yfinance_1m
2026-09-18T11:02:00-04:00	8.245	8.2601	8.24	8.255	6532	yfinance_1m
2026-09-18T11:03:00-04:00	8.255	8.265	8.255	8.265	1844	yfinance_1m
2026-09-18T11:04:00-04:00	8.26	8.265	8.26	8.265	776	yfinance_1m
2026-09-18T11:05:00-04:00	8.27	8.29	8.27	8.28	9200	yfinance_1m
2026-09-18T11:06:00-04:00	8.27	8.28	8.27	8.28	3744	yfinance_1m
2026-09-18T11:07:00-04:00	8.28	8.28	8.26	8.27	6064	yfinance_1m
2026-09-18T11:08:00-04:00	8.27	8.27	8.27	8.27	3278	yfinance_1m
2026-09-18T11:09:00-04:00	8.27	8.27	8.27	8.27	1583	yfinance_1m
2026-09-18T11:10:00-04:00	8.26	8.26	8.26	8.26	5879	yfinance_1m
2026-09-18T11:11:00-04:00	8.27	8.27	8.24	8.25	18256	yfinance_1m
2026-09-18T11:12:00-04:00	8.25	8.27	8.25	8.26	4983	yfinance_1m
2026-09-18T11:13:00-04:00	8.26	8.26	8.26	8.26	349	yfinance_1m
2026-09-18T11:14:00-04:00	8.26	8.2699	8.26	8.2699	556	yfinance_1m
2026-09-18T11:15:00-04:00	8.26	8.29	8.26	8.29	7595	yfinance_1m
2026-09-18T11:16:00-04:00	8.29	8.3	8.29	8.29	2321	yfinance_1m
2026-09-18T11:17:00-04:00	8.29	8.3	8.29	8.3	5942	yfinance_1m
2026-09-18T11:18:00-04:00	8.3	8.32	8.3	8.31	7678	yfinance_1m
2026-09-18T11:19:00-04:00	8.31	8.32	8.29	8.31	9157	yfinance_1m
2026-09-18T11:20:00-04:00	8.31	8.325	8.31	8.325	8068	yfinance_1m
2026-09-18T11:21:00-04:00	8.33	8.33	8.31	8.31	6227	yfinance_1m
2026-09-18T11:22:00-04:00	8.31	8.31	8.31	8.31	3819	yfinance_1m
2026-09-18T11:24:00-04:00	8.31	8.31	8.31	8.31	2452	yfinance_1m
2026-09-18T11:25:00-04:00	8.31	8.31	8.31	8.31	1394	yfinance_1m
2026-09-18T11:26:00-04:00	8.31	8.31	8.3087	8.31	2782	yfinance_1m
2026-09-18T11:27:00-04:00	8.31	8.3178	8.3	8.3018	4914	yfinance_1m
2026-09-18T11:28:00-04:00	8.305	8.31	8.305	8.31	10193	yfinance_1m
2026-09-18T11:29:00-04:00	8.31	8.31	8.31	8.31	645	yfinance_1m
2026-09-18T11:30:00-04:00	8.31	8.31	8.28	8.29	10471	yfinance_1m
2026-09-18T11:31:00-04:00	8.3	8.31	8.3	8.31	3583	yfinance_1m
2026-09-18T11:32:00-04:00	8.3176	8.3176	8.3176	8.3176	450	yfinance_1m
2026-09-18T11:33:00-04:00	8.31	8.31	8.31	8.31	3237	yfinance_1m
2026-09-18T11:34:00-04:00	8.3072	8.325	8.3072	8.325	2687	yfinance_1m
2026-09-18T11:35:00-04:00	8.32	8.33	8.32	8.33	1158	yfinance_1m
2026-09-18T11:36:00-04:00	8.34	8.34	8.335	8.34	5699	yfinance_1m
2026-09-18T11:37:00-04:00	8.34	8.35	8.33	8.335	4472	yfinance_1m
2026-09-18T11:38:00-04:00	8.335	8.335	8.33	8.335	2876	yfinance_1m
2026-09-18T11:39:00-04:00	8.335	8.34	8.335	8.34	2103	yfinance_1m
2026-09-18T11:40:00-04:00	8.34	8.34	8.34	8.34	726	yfinance_1m
2026-09-18T11:41:00-04:00	8.35	8.385	8.35	8.37	13198	yfinance_1m
2026-09-18T11:42:00-04:00	8.37	8.38	8.37	8.38	1810	yfinance_1m
2026-09-18T11:43:00-04:00	8.39	8.39	8.38	8.39	3097	yfinance_1m
2026-09-18T11:44:00-04:00	8.38	8.39	8.38	8.39	5413	yfinance_1m
2026-09-18T11:46:00-04:00	8.4	8.405	8.39	8.39	3505	yfinance_1m
2026-09-18T11:47:00-04:00	8.39	8.4	8.39	8.39	5512	yfinance_1m
2026-09-18T11:48:00-04:00	8.38	8.38	8.38	8.38	1199	yfinance_1m
2026-09-18T11:49:00-04:00	8.38	8.38	8.35	8.35	8817	yfinance_1m
2026-09-18T11:50:00-04:00	8.35	8.35	8.34	8.34	3888	yfinance_1m
2026-09-18T11:51:00-04:00	8.35	8.35	8.325	8.33	4054	yfinance_1m
2026-09-18T11:52:00-04:00	8.33	8.335	8.33	8.33	1270	yfinance_1m
2026-09-18T11:53:00-04:00	8.335	8.345	8.335	8.34	5153	yfinance_1m
2026-09-18T11:54:00-04:00	8.335	8.34	8.335	8.34	2663	yfinance_1m
2026-09-18T11:55:00-04:00	8.34	8.34	8.34	8.34	1677	yfinance_1m
2026-09-18T11:56:00-04:00	8.34	8.34	8.29	8.31	7846	yfinance_1m
2026-09-18T11:57:00-04:00	8.31	8.31	8.305	8.305	1284	yfinance_1m
2026-09-18T11:58:00-04:00	8.305	8.305	8.305	8.305	1255	yfinance_1m
2026-09-18T11:59:00-04:00	8.305	8.31	8.295	8.3	13062	yfinance_1m
2026-09-18T12:00:00-04:00	8.3	8.3	8.28	8.3	3317	yfinance_1m
2026-09-18T12:01:00-04:00	8.31	8.32	8.3022	8.32	3319	yfinance_1m
2026-09-18T12:02:00-04:00	8.32	8.3299	8.32	8.3299	1580	yfinance_1m
2026-09-18T12:03:00-04:00	8.33	8.33	8.31	8.31	4433	yfinance_1m
2026-09-18T12:05:00-04:00	8.32	8.32	8.31	8.32	2777	yfinance_1m
2026-09-18T12:06:00-04:00	8.32	8.34	8.32	8.34	4866	yfinance_1m
2026-09-18T12:07:00-04:00	8.34	8.34	8.34	8.34	1365	yfinance_1m
2026-09-18T12:08:00-04:00	8.34	8.345	8.32	8.33	9383	yfinance_1m
2026-09-18T12:10:00-04:00	8.335	8.335	8.33	8.33	1940	yfinance_1m
2026-09-18T12:11:00-04:00	8.335	8.34	8.31	8.31	11044	yfinance_1m
2026-09-18T12:12:00-04:00	8.32	8.3219	8.31	8.3219	1612	yfinance_1m
2026-09-18T12:13:00-04:00	8.32	8.33	8.3	8.3	7691	yfinance_1m
2026-09-18T12:14:00-04:00	8.29	8.29	8.28	8.29	895	yfinance_1m
2026-09-18T12:15:00-04:00	8.28	8.31	8.28	8.3	5365	yfinance_1m
2026-09-18T12:16:00-04:00	8.305	8.305	8.29	8.3	2850	yfinance_1m
2026-09-18T12:17:00-04:00	8.3	8.31	8.2924	8.31	5333	yfinance_1m
2026-09-18T12:19:00-04:00	8.3	8.31	8.3	8.3	2162	yfinance_1m
2026-09-18T12:20:00-04:00	8.31	8.32	8.31	8.31	4080	yfinance_1m
2026-09-18T12:21:00-04:00	8.3116	8.315	8.31	8.315	1548	yfinance_1m
2026-09-18T12:22:00-04:00	8.315	8.32	8.31	8.32	3637	yfinance_1m
2026-09-18T12:23:00-04:00	8.32	8.32	8.32	8.32	3449	yfinance_1m
2026-09-18T12:24:00-04:00	8.32	8.32	8.32	8.32	238	yfinance_1m
2026-09-18T12:25:00-04:00	8.32	8.32	8.31	8.32	6465	yfinance_1m
2026-09-18T12:26:00-04:00	8.32	8.32	8.32	8.32	2009	yfinance_1m
2026-09-18T12:27:00-04:00	8.32	8.33	8.32	8.33	4337	yfinance_1m
2026-09-18T12:28:00-04:00	8.33	8.34	8.33	8.34	3830	yfinance_1m
2026-09-18T12:29:00-04:00	8.34	8.34	8.31	8.31	9737	yfinance_1m
2026-09-18T12:30:00-04:00	8.32	8.33	8.32	8.33	2671	yfinance_1m
2026-09-18T12:31:00-04:00	8.32	8.32	8.32	8.32	2108	yfinance_1m
2026-09-18T12:32:00-04:00	8.32	8.32	8.3	8.3	9026	yfinance_1m
2026-09-18T12:33:00-04:00	8.29	8.32	8.29	8.315	3411	yfinance_1m
2026-09-18T12:34:00-04:00	8.32	8.335	8.32	8.33	2403	yfinance_1m
2026-09-18T12:36:00-04:00	8.34	8.365	8.34	8.36	6230	yfinance_1m
2026-09-18T12:37:00-04:00	8.36	8.38	8.36	8.38	4126	yfinance_1m
2026-09-18T12:38:00-04:00	8.38	8.38	8.38	8.38	3557	yfinance_1m
2026-09-18T12:39:00-04:00	8.38	8.38	8.38	8.38	1854	yfinance_1m
2026-09-18T12:40:00-04:00	8.38	8.39	8.38	8.38	2076	yfinance_1m
2026-09-18T12:41:00-04:00	8.38	8.38	8.37	8.38	1016	yfinance_1m
2026-09-18T12:42:00-04:00	8.3878	8.39	8.37	8.3702	6821	yfinance_1m
2026-09-18T12:43:00-04:00	8.38	8.38	8.37	8.38	2989	yfinance_1m
2026-09-18T12:44:00-04:00	8.38	8.39	8.37	8.39	2022	yfinance_1m
2026-09-18T12:45:00-04:00	8.38	8.385	8.375	8.38	7538	yfinance_1m
2026-09-18T12:46:00-04:00	8.38	8.38	8.38	8.38	432	yfinance_1m
2026-09-18T12:47:00-04:00	8.38	8.41	8.38	8.41	4490	yfinance_1m
2026-09-18T12:48:00-04:00	8.41	8.42	8.4	8.41	4880	yfinance_1m
2026-09-18T12:49:00-04:00	8.41	8.42	8.4	8.42	5480	yfinance_1m
2026-09-18T12:50:00-04:00	8.42	8.42	8.41	8.42	2353	yfinance_1m
2026-09-18T12:51:00-04:00	8.42	8.42	8.41	8.42	1469	yfinance_1m
2026-09-18T12:52:00-04:00	8.41	8.425	8.41	8.42	2605	yfinance_1m
2026-09-18T12:53:00-04:00	8.42	8.42	8.42	8.42	2520	yfinance_1m
2026-09-18T12:54:00-04:00	8.42	8.42	8.405	8.41	5499	yfinance_1m
2026-09-18T12:55:00-04:00	8.41	8.41	8.395	8.395	4130	yfinance_1m
2026-09-18T12:56:00-04:00	8.4	8.41	8.4	8.41	1584	yfinance_1m
2026-09-18T12:57:00-04:00	8.4	8.41	8.4	8.4	1510	yfinance_1m
2026-09-18T12:58:00-04:00	8.41	8.41	8.39	8.39	4297	yfinance_1m
2026-09-18T12:59:00-04:00	8.39	8.398	8.385	8.39	9950	yfinance_1m
2026-09-18T13:00:00-04:00	8.39	8.39	8.38	8.38	1388	yfinance_1m
2026-09-18T13:01:00-04:00	8.385	8.385	8.38	8.38	1858	yfinance_1m
2026-09-18T13:02:00-04:00	8.385	8.385	8.385	8.385	1307	yfinance_1m
2026-09-18T13:03:00-04:00	8.385	8.4	8.385	8.4	5748	yfinance_1m
2026-09-18T13:04:00-04:00	8.4	8.4	8.3951	8.3951	729	yfinance_1m
2026-09-18T13:05:00-04:00	8.4	8.41	8.4	8.41	2026	yfinance_1m
2026-09-18T13:06:00-04:00	8.405	8.42	8.405	8.42	2758	yfinance_1m
2026-09-18T13:07:00-04:00	8.415	8.42	8.41	8.41	2396	yfinance_1m
2026-09-18T13:08:00-04:00	8.41	8.41	8.41	8.41	747	yfinance_1m
2026-09-18T13:09:00-04:00	8.41	8.41	8.39	8.41	12047	yfinance_1m
2026-09-18T13:10:00-04:00	8.41	8.41	8.4	8.41	2659	yfinance_1m
2026-09-18T13:11:00-04:00	8.41	8.41	8.41	8.41	2993	yfinance_1m
2026-09-18T13:12:00-04:00	8.4	8.41	8.4	8.4	3374	yfinance_1m
2026-09-18T13:13:00-04:00	8.4	8.41	8.4	8.41	1818	yfinance_1m
2026-09-18T13:14:00-04:00	8.41	8.41	8.405	8.41	1073	yfinance_1m
2026-09-18T13:15:00-04:00	8.405	8.405	8.4	8.405	2776	yfinance_1m
2026-09-18T13:16:00-04:00	8.41	8.41	8.38	8.38	11520	yfinance_1m
2026-09-18T13:17:00-04:00	8.375	8.385	8.375	8.385	2816	yfinance_1m
2026-09-18T13:18:00-04:00	8.385	8.385	8.38	8.38	638	yfinance_1m
2026-09-18T13:19:00-04:00	8.385	8.385	8.365	8.365	4379	yfinance_1m
2026-09-18T13:20:00-04:00	8.365	8.37	8.365	8.365	2081	yfinance_1m
2026-09-18T13:21:00-04:00	8.36	8.365	8.355	8.365	4460	yfinance_1m
2026-09-18T13:22:00-04:00	8.3691	8.3691	8.3691	8.3691	265	yfinance_1m
2026-09-18T13:23:00-04:00	8.37	8.37	8.365	8.365	2447	yfinance_1m
2026-09-18T13:24:00-04:00	8.3636	8.37	8.35	8.36	6201	yfinance_1m
2026-09-18T13:25:00-04:00	8.365	8.38	8.365	8.38	3274	yfinance_1m
2026-09-18T13:26:00-04:00	8.39	8.4	8.39	8.39	6143	yfinance_1m
2026-09-18T13:28:00-04:00	8.39	8.4	8.39	8.4	1253	yfinance_1m
2026-09-18T13:29:00-04:00	8.4	8.4	8.385	8.385	5736	yfinance_1m
2026-09-18T13:30:00-04:00	8.38	8.38	8.372	8.372	5120	yfinance_1m
2026-09-18T13:31:00-04:00	8.37	8.37	8.34	8.34	4621	yfinance_1m
2026-09-18T13:32:00-04:00	8.34	8.34	8.33	8.33	893	yfinance_1m
2026-09-18T13:33:00-04:00	8.34	8.345	8.34	8.345	2967	yfinance_1m
2026-09-18T13:34:00-04:00	8.345	8.345	8.34	8.345	4404	yfinance_1m
2026-09-18T13:35:00-04:00	8.35	8.36	8.35	8.36	3500	yfinance_1m
2026-09-18T13:36:00-04:00	8.36	8.36	8.351	8.351	923	yfinance_1m
2026-09-18T13:37:00-04:00	8.355	8.38	8.355	8.375	5361	yfinance_1m
2026-09-18T13:38:00-04:00	8.38	8.38	8.37	8.37	7919	yfinance_1m
2026-09-18T13:39:00-04:00	8.375	8.375	8.37	8.375	2631	yfinance_1m
2026-09-18T13:40:00-04:00	8.38	8.385	8.38	8.385	2037	yfinance_1m
2026-09-18T13:41:00-04:00	8.38	8.385	8.375	8.38	6084	yfinance_1m
2026-09-18T13:42:00-04:00	8.385	8.39	8.38	8.38	3650	yfinance_1m
2026-09-18T13:43:00-04:00	8.39	8.39	8.39	8.39	393	yfinance_1m
2026-09-18T13:44:00-04:00	8.39	8.395	8.385	8.385	10641	yfinance_1m
2026-09-18T13:45:00-04:00	8.385	8.39	8.385	8.39	1976	yfinance_1m
2026-09-18T13:46:00-04:00	8.395	8.41	8.395	8.41	3197	yfinance_1m
2026-09-18T13:47:00-04:00	8.41	8.41	8.4	8.41	6802	yfinance_1m
2026-09-18T13:48:00-04:00	8.415	8.42	8.41	8.42	1616	yfinance_1m
2026-09-18T13:49:00-04:00	8.42	8.43	8.41	8.42	3589	yfinance_1m
2026-09-18T13:50:00-04:00	8.42	8.42	8.42	8.42	1172	yfinance_1m
2026-09-18T13:51:00-04:00	8.41	8.41	8.39	8.395	10507	yfinance_1m
2026-09-18T13:52:00-04:00	8.395	8.395	8.395	8.395	886	yfinance_1m
2026-09-18T13:53:00-04:00	8.39	8.4	8.39	8.395	1434	yfinance_1m
2026-09-18T13:54:00-04:00	8.395	8.4	8.385	8.39	6660	yfinance_1m
2026-09-18T13:55:00-04:00	8.385	8.385	8.38	8.38	4237	yfinance_1m
2026-09-18T13:56:00-04:00	8.375	8.375	8.375	8.375	445	yfinance_1m
2026-09-18T13:57:00-04:00	8.38	8.38	8.375	8.375	2095	yfinance_1m
2026-09-18T13:58:00-04:00	8.38	8.38	8.375	8.375	2347	yfinance_1m
2026-09-18T13:59:00-04:00	8.375	8.38	8.375	8.38	1593	yfinance_1m
2026-09-18T14:00:00-04:00	8.38	8.39	8.38	8.39	2713	yfinance_1m
2026-09-18T14:01:00-04:00	8.39	8.405	8.39	8.4	6862	yfinance_1m
2026-09-18T14:02:00-04:00	8.4	8.4	8.38	8.38	15231	yfinance_1m
2026-09-18T14:03:00-04:00	8.39	8.39	8.39	8.39	992	yfinance_1m
2026-09-18T14:04:00-04:00	8.39	8.4	8.39	8.4	1912	yfinance_1m
2026-09-18T14:05:00-04:00	8.395	8.4	8.39	8.39	2539	yfinance_1m
2026-09-18T14:06:00-04:00	8.4	8.405	8.395	8.405	3964	yfinance_1m
2026-09-18T14:07:00-04:00	8.41	8.43	8.41	8.43	1532	yfinance_1m
2026-09-18T14:08:00-04:00	8.43	8.43	8.42	8.42	11520	yfinance_1m
2026-09-18T14:09:00-04:00	8.42	8.43	8.42	8.43	2189	yfinance_1m
2026-09-18T14:10:00-04:00	8.44	8.44	8.43	8.44	3131	yfinance_1m
2026-09-18T14:11:00-04:00	8.44	8.44	8.43	8.44	3481	yfinance_1m
2026-09-18T14:12:00-04:00	8.45	8.45	8.445	8.445	1915	yfinance_1m
2026-09-18T14:13:00-04:00	8.445	8.445	8.435	8.44	3532	yfinance_1m
2026-09-18T14:14:00-04:00	8.44	8.47	8.44	8.47	4052	yfinance_1m
2026-09-18T14:15:00-04:00	8.465	8.465	8.45	8.45	10989	yfinance_1m
2026-09-18T14:16:00-04:00	8.455	8.455	8.44	8.445	4687	yfinance_1m
2026-09-18T14:17:00-04:00	8.45	8.455	8.45	8.455	2413	yfinance_1m
2026-09-18T14:18:00-04:00	8.46	8.46	8.46	8.46	2515	yfinance_1m
2026-09-18T14:19:00-04:00	8.465	8.465	8.46	8.46	4858	yfinance_1m
2026-09-18T14:20:00-04:00	8.465	8.465	8.45	8.45	10952	yfinance_1m
2026-09-18T14:21:00-04:00	8.45	8.45	8.45	8.45	1905	yfinance_1m
2026-09-18T14:22:00-04:00	8.45	8.45	8.44	8.445	10526	yfinance_1m
2026-09-18T14:23:00-04:00	8.445	8.445	8.445	8.445	507	yfinance_1m
2026-09-18T14:24:00-04:00	8.445	8.45	8.435	8.435	6824	yfinance_1m
2026-09-18T14:25:00-04:00	8.43	8.435	8.43	8.435	1072	yfinance_1m
2026-09-18T14:26:00-04:00	8.435	8.44	8.435	8.435	1880	yfinance_1m
2026-09-18T14:27:00-04:00	8.44	8.47	8.44	8.455	14606	yfinance_1m
2026-09-18T14:28:00-04:00	8.455	8.49	8.455	8.49	3828	yfinance_1m
2026-09-18T14:29:00-04:00	8.49	8.5	8.49	8.49	7159	yfinance_1m
2026-09-18T14:30:00-04:00	8.49	8.495	8.49	8.495	4225	yfinance_1m
2026-09-18T14:31:00-04:00	8.5	8.505	8.49	8.49	13025	yfinance_1m
2026-09-18T14:32:00-04:00	8.48	8.48	8.46	8.46	3524	yfinance_1m
2026-09-18T14:33:00-04:00	8.46	8.465	8.46	8.465	482	yfinance_1m
2026-09-18T14:34:00-04:00	8.465	8.49	8.46	8.49	4730	yfinance_1m
2026-09-18T14:35:00-04:00	8.49	8.49	8.48	8.485	1694	yfinance_1m
2026-09-18T14:36:00-04:00	8.485	8.49	8.485	8.485	1770	yfinance_1m
2026-09-18T14:37:00-04:00	8.485	8.49	8.48	8.485	2820	yfinance_1m
2026-09-18T14:38:00-04:00	8.485	8.49	8.48	8.485	6932	yfinance_1m
2026-09-18T14:39:00-04:00	8.485	8.495	8.485	8.495	3318	yfinance_1m
2026-09-18T14:40:00-04:00	8.49	8.505	8.48	8.48	11223	yfinance_1m
2026-09-18T14:42:00-04:00	8.485	8.49	8.48	8.49	1746	yfinance_1m
2026-09-18T14:43:00-04:00	8.49	8.505	8.49	8.5	12883	yfinance_1m
2026-09-18T14:44:00-04:00	8.5	8.5	8.475	8.475	8326	yfinance_1m
2026-09-18T14:45:00-04:00	8.475	8.475	8.475	8.475	883	yfinance_1m
2026-09-18T14:46:00-04:00	8.48	8.495	8.48	8.49	13842	yfinance_1m
2026-09-18T14:47:00-04:00	8.5	8.51	8.5	8.51	3575	yfinance_1m
2026-09-18T14:48:00-04:00	8.51	8.51	8.51	8.51	1216	yfinance_1m
2026-09-18T14:49:00-04:00	8.51	8.51	8.48	8.49	11123	yfinance_1m
2026-09-18T14:50:00-04:00	8.48	8.48	8.46	8.46	5949	yfinance_1m
2026-09-18T14:51:00-04:00	8.45	8.4592	8.45	8.45	1316	yfinance_1m
2026-09-18T14:52:00-04:00	8.455	8.455	8.455	8.455	1447	yfinance_1m
2026-09-18T14:53:00-04:00	8.455	8.465	8.45	8.465	4478	yfinance_1m
2026-09-18T14:54:00-04:00	8.465	8.47	8.46	8.465	2490	yfinance_1m
2026-09-18T14:55:00-04:00	8.465	8.47	8.465	8.47	2362	yfinance_1m
2026-09-18T14:56:00-04:00	8.47	8.47	8.44	8.45	23183	yfinance_1m
2026-09-18T14:57:00-04:00	8.45	8.45	8.45	8.45	8085	yfinance_1m
2026-09-18T14:58:00-04:00	8.46	8.47	8.45	8.45	8341	yfinance_1m
2026-09-18T14:59:00-04:00	8.45	8.45	8.42	8.45	7703	yfinance_1m
2026-09-18T15:00:00-04:00	8.43	8.445	8.43	8.445	4213	yfinance_1m
2026-09-18T15:01:00-04:00	8.43	8.43	8.425	8.425	2751	yfinance_1m
2026-09-18T15:02:00-04:00	8.425	8.425	8.41	8.42	6653	yfinance_1m
2026-09-18T15:03:00-04:00	8.415	8.465	8.415	8.46	13467	yfinance_1m
2026-09-18T15:04:00-04:00	8.46	8.47	8.46	8.465	1763	yfinance_1m
2026-09-18T15:05:00-04:00	8.47	8.47	8.45	8.465	10165	yfinance_1m
2026-09-18T15:06:00-04:00	8.47	8.48	8.46	8.48	11495	yfinance_1m
2026-09-18T15:07:00-04:00	8.47	8.54	8.47	8.54	9767	yfinance_1m
2026-09-18T15:08:00-04:00	8.54	8.54	8.52	8.53	6756	yfinance_1m
2026-09-18T15:09:00-04:00	8.53	8.54	8.52	8.539	4167	yfinance_1m
2026-09-18T15:10:00-04:00	8.535	8.56	8.525	8.525	10683	yfinance_1m
2026-09-18T15:11:00-04:00	8.52	8.535	8.51	8.535	14716	yfinance_1m
2026-09-18T15:12:00-04:00	8.535	8.58	8.53	8.58	7398	yfinance_1m
2026-09-18T15:13:00-04:00	8.58	8.59	8.565	8.565	8293	yfinance_1m
2026-09-18T15:14:00-04:00	8.57	8.59	8.54	8.54	25375	yfinance_1m
2026-09-18T15:15:00-04:00	8.54	8.55	8.54	8.55	6001	yfinance_1m
2026-09-18T15:16:00-04:00	8.55	8.57	8.55	8.57	7064	yfinance_1m
2026-09-18T15:17:00-04:00	8.57	8.57	8.52	8.53	12720	yfinance_1m
2026-09-18T15:18:00-04:00	8.53	8.53	8.53	8.53	1978	yfinance_1m
2026-09-18T15:19:00-04:00	8.53	8.55	8.53	8.54	9616	yfinance_1m
2026-09-18T15:20:00-04:00	8.54	8.54	8.4775	8.4775	23381	yfinance_1m
2026-09-18T15:21:00-04:00	8.475	8.52	8.475	8.52	8840	yfinance_1m
2026-09-18T15:22:00-04:00	8.52	8.535	8.51	8.535	8026	yfinance_1m
2026-09-18T15:23:00-04:00	8.535	8.535	8.52	8.52	10722	yfinance_1m
2026-09-18T15:24:00-04:00	8.52	8.53	8.51	8.52	5697	yfinance_1m
2026-09-18T15:25:00-04:00	8.52	8.53	8.52	8.53	3989	yfinance_1m
2026-09-18T15:26:00-04:00	8.53	8.55	8.525	8.55	5385	yfinance_1m
2026-09-18T15:27:00-04:00	8.54	8.545	8.52	8.53	34171	yfinance_1m
2026-09-18T15:28:00-04:00	8.53	8.53	8.53	8.53	2174	yfinance_1m
2026-09-18T15:29:00-04:00	8.54	8.545	8.53	8.53	13885	yfinance_1m
2026-09-18T15:30:00-04:00	8.53	8.53	8.48	8.49	17609	yfinance_1m
2026-09-18T15:31:00-04:00	8.49	8.49	8.475	8.475	10576	yfinance_1m
2026-09-18T15:32:00-04:00	8.47	8.475	8.46	8.465	6519	yfinance_1m
2026-09-18T15:33:00-04:00	8.46	8.485	8.455	8.475	26309	yfinance_1m
2026-09-18T15:34:00-04:00	8.47	8.49	8.47	8.49	12185	yfinance_1m
2026-09-18T15:35:00-04:00	8.485	8.525	8.48	8.52	22329	yfinance_1m
2026-09-18T15:36:00-04:00	8.51	8.52	8.505	8.52	20558	yfinance_1m
2026-09-18T15:37:00-04:00	8.52	8.52	8.5	8.515	9578	yfinance_1m
2026-09-18T15:38:00-04:00	8.51	8.51	8.485	8.49	15387	yfinance_1m
2026-09-18T15:39:00-04:00	8.485	8.505	8.46	8.46	32119	yfinance_1m
2026-09-18T15:40:00-04:00	8.455	8.46	8.41	8.45	21519	yfinance_1m
2026-09-18T15:41:00-04:00	8.45	8.51	8.45	8.49	33114	yfinance_1m
2026-09-18T15:42:00-04:00	8.48	8.485	8.47	8.485	10267	yfinance_1m
2026-09-18T15:43:00-04:00	8.485	8.52	8.48	8.51	13028	yfinance_1m
2026-09-18T15:44:00-04:00	8.51	8.54	8.5	8.54	19804	yfinance_1m
2026-09-18T15:45:00-04:00	8.54	8.54	8.46	8.49	48565	yfinance_1m
2026-09-18T15:46:00-04:00	8.49	8.5	8.48	8.48	20506	yfinance_1m
2026-09-18T15:47:00-04:00	8.485	8.52	8.48	8.5	24788	yfinance_1m
2026-09-18T15:48:00-04:00	8.504	8.525	8.5	8.5	19434	yfinance_1m
2026-09-18T15:49:00-04:00	8.51	8.54	8.48	8.53	23112	yfinance_1m
2026-09-18T15:50:00-04:00	8.54	8.58	8.49	8.495	29571	yfinance_1m
2026-09-18T15:51:00-04:00	8.49	8.5	8.48	8.49	28165	yfinance_1m
2026-09-18T15:52:00-04:00	8.5	8.515	8.48	8.49	72816	yfinance_1m
2026-09-18T15:53:00-04:00	8.49	8.49	8.45	8.45	35341	yfinance_1m
2026-09-18T15:54:00-04:00	8.455	8.455	8.42	8.42	49283	yfinance_1m
2026-09-18T15:55:00-04:00	8.42	8.445	8.42	8.435	50670	yfinance_1m
2026-09-18T15:56:00-04:00	8.435	8.505	8.435	8.495	53425	yfinance_1m
2026-09-18T15:57:00-04:00	8.495	8.54	8.495	8.52	50854	yfinance_1m
2026-09-18T15:58:00-04:00	8.525	8.57	8.52	8.56	123715	yfinance_1m
2026-09-18T15:59:00-04:00	8.565	8.57	8.53	8.535	71738	yfinance_1m
2026-09-21T09:30:00-04:00	8.69	8.8	8.69	8.8	34242	yfinance_1m
2026-09-21T09:31:00-04:00	8.79	8.99	8.77	8.9767	3123	yfinance_1m
2026-09-21T09:32:00-04:00	8.98	9.0	8.92	8.95	16094	yfinance_1m
2026-09-21T09:33:00-04:00	8.94	8.94	8.9	8.93	3028	yfinance_1m
2026-09-21T09:34:00-04:00	8.95	8.95	8.88	8.9	3364	yfinance_1m
2026-09-21T09:35:00-04:00	8.91	9.06	8.89	9.03	8983	yfinance_1m
2026-09-21T09:36:00-04:00	9.025	9.025	8.91	8.91	6333	yfinance_1m
2026-09-21T09:37:00-04:00	8.94	9.03	8.94	9.01	4622	yfinance_1m
2026-09-21T09:38:00-04:00	9.0	9.05	8.97	8.97	2597	yfinance_1m
2026-09-21T09:39:00-04:00	8.9987	9.03	8.97	8.97	19244	yfinance_1m
2026-09-21T09:40:00-04:00	8.955	8.99	8.94	8.99	10329	yfinance_1m
2026-09-21T09:41:00-04:00	9.01	9.04	9.01	9.035	3607	yfinance_1m
2026-09-21T09:42:00-04:00	9.035	9.035	8.9234	8.925	7941	yfinance_1m
2026-09-21T09:43:00-04:00	8.95	8.95	8.8804	8.9186	4927	yfinance_1m
2026-09-21T09:44:00-04:00	8.9	8.93	8.9	8.925	1904	yfinance_1m
2026-09-21T09:45:00-04:00	8.95	9.0	8.95	9.0	1647	yfinance_1m
2026-09-21T09:46:00-04:00	9.03	9.03	9.0	9.0	817	yfinance_1m
2026-09-21T09:47:00-04:00	8.99	9.04	8.99	9.015	6459	yfinance_1m
2026-09-21T09:48:00-04:00	9.03	9.05	9.01	9.04	6364	yfinance_1m
2026-09-21T09:49:00-04:00	9.05	9.06	9.035	9.035	8494	yfinance_1m
2026-09-21T09:50:00-04:00	9.03	9.03	9.01	9.03	2517	yfinance_1m
2026-09-21T09:51:00-04:00	9.04	9.175	9.04	9.175	17471	yfinance_1m
2026-09-21T09:52:00-04:00	9.18	9.1977	9.12	9.13	41837	yfinance_1m
2026-09-21T09:53:00-04:00	9.12	9.12	9.08	9.08	8450	yfinance_1m
2026-09-21T09:54:00-04:00	9.07	9.075	9.06	9.06	698	yfinance_1m
2026-09-21T09:55:00-04:00	9.06	9.06	8.98	9.01	8607	yfinance_1m
2026-09-21T09:56:00-04:00	9.01	9.07	9.005	9.065	3984	yfinance_1m
2026-09-21T09:57:00-04:00	9.08	9.11	9.075	9.1	4053	yfinance_1m
2026-09-21T09:58:00-04:00	9.11	9.11	9.09	9.11	5870	yfinance_1m
2026-09-21T09:59:00-04:00	9.12	9.2	9.12	9.175	18484	yfinance_1m
2026-09-21T10:00:00-04:00	9.175	9.175	9.08	9.08	11015	yfinance_1m
2026-09-21T10:01:00-04:00	9.12	9.1532	9.12	9.1532	3225	yfinance_1m
2026-09-21T10:02:00-04:00	9.145	9.19	9.1255	9.15	10568	yfinance_1m
2026-09-21T10:03:00-04:00	9.15	9.15	9.135	9.145	4137	yfinance_1m
2026-09-21T10:04:00-04:00	9.15	9.16	9.13	9.13	11068	yfinance_1m
2026-09-21T10:05:00-04:00	9.13	9.13	9.075	9.075	5490	yfinance_1m
2026-09-21T10:06:00-04:00	9.075	9.15	9.0645	9.13	7081	yfinance_1m
2026-09-21T10:07:00-04:00	9.122	9.122	9.07	9.1	3804	yfinance_1m
2026-09-21T10:08:00-04:00	9.1094	9.15	9.1094	9.145	2975	yfinance_1m
2026-09-21T10:09:00-04:00	9.14	9.15	9.12	9.12	2617	yfinance_1m
2026-09-21T10:10:00-04:00	9.13	9.16	9.13	9.1423	4965	yfinance_1m
2026-09-21T10:11:00-04:00	9.155	9.16	9.13	9.13	8508	yfinance_1m
2026-09-21T10:12:00-04:00	9.13	9.15	9.12	9.15	7406	yfinance_1m
2026-09-21T10:13:00-04:00	9.15	9.16	9.15	9.16	5474	yfinance_1m
2026-09-21T10:14:00-04:00	9.16	9.17	9.14	9.15	17465	yfinance_1m
2026-09-21T10:15:00-04:00	9.15	9.15	9.15	9.15	973	yfinance_1m
2026-09-21T10:16:00-04:00	9.15	9.17	9.15	9.15	7127	yfinance_1m
2026-09-21T10:17:00-04:00	9.16	9.165	9.155	9.165	801	yfinance_1m
2026-09-21T10:18:00-04:00	9.16	9.17	9.16	9.17	1774	yfinance_1m
2026-09-21T10:19:00-04:00	9.175	9.22	9.1701	9.19	18655	yfinance_1m
2026-09-21T10:20:00-04:00	9.195	9.21	9.1714	9.1714	11482	yfinance_1m
2026-09-21T10:21:00-04:00	9.18	9.18	9.17	9.17	4055	yfinance_1m
2026-09-21T10:22:00-04:00	9.17	9.225	9.17	9.225	8813	yfinance_1m
2026-09-21T10:23:00-04:00	9.225	9.225	9.2	9.2	1734	yfinance_1m
2026-09-21T10:24:00-04:00	9.2	9.2	9.17	9.18	3545	yfinance_1m
2026-09-21T10:25:00-04:00	9.19	9.2	9.19	9.19	1710	yfinance_1m
2026-09-21T10:26:00-04:00	9.19	9.2247	9.19	9.2247	3575	yfinance_1m
2026-09-21T10:27:00-04:00	9.22	9.23	9.21	9.21	2210	yfinance_1m
2026-09-21T10:28:00-04:00	9.23	9.23	9.21	9.22	3790	yfinance_1m
2026-09-21T10:29:00-04:00	9.215	9.23	9.215	9.22	6646	yfinance_1m
2026-09-21T10:30:00-04:00	9.21	9.2259	9.21	9.22	4156	yfinance_1m
2026-09-21T10:31:00-04:00	9.21	9.21	9.1701	9.1701	3764	yfinance_1m
2026-09-21T10:32:00-04:00	9.19	9.19	9.155	9.18	6525	yfinance_1m
2026-09-21T10:33:00-04:00	9.18	9.19	9.175	9.18	2949	yfinance_1m
2026-09-21T10:34:00-04:00	9.18	9.19	9.162	9.19	5133	yfinance_1m
2026-09-21T10:35:00-04:00	9.19	9.19	9.18	9.18	2591	yfinance_1m
2026-09-21T10:36:00-04:00	9.18	9.2	9.18	9.19	2622	yfinance_1m
2026-09-21T10:37:00-04:00	9.2	9.23	9.2	9.23	9076	yfinance_1m
2026-09-21T10:38:00-04:00	9.22	9.24	9.22	9.235	10274	yfinance_1m
2026-09-21T10:39:00-04:00	9.235	9.25	9.235	9.24	10002	yfinance_1m
2026-09-21T10:40:00-04:00	9.23	9.26	9.23	9.26	13236	yfinance_1m
2026-09-21T10:41:00-04:00	9.25	9.27	9.25	9.2599	5866	yfinance_1m
2026-09-21T10:42:00-04:00	9.26	9.27	9.25	9.262	3256	yfinance_1m
2026-09-21T10:43:00-04:00	9.27	9.275	9.25	9.25	5232	yfinance_1m
2026-09-21T10:44:00-04:00	9.255	9.26	9.244	9.245	6491	yfinance_1m
2026-09-21T10:45:00-04:00	9.25	9.25	9.249	9.25	4304	yfinance_1m
2026-09-21T10:46:00-04:00	9.249	9.26	9.249	9.26	5729	yfinance_1m
2026-09-21T10:47:00-04:00	9.2563	9.26	9.24	9.24	7088	yfinance_1m
2026-09-21T10:48:00-04:00	9.23	9.25	9.2201	9.24	1267	yfinance_1m
2026-09-21T10:49:00-04:00	9.235	9.25	9.235	9.24	8708	yfinance_1m
2026-09-21T10:50:00-04:00	9.24	9.24	9.23	9.24	2395	yfinance_1m
2026-09-21T10:51:00-04:00	9.26	9.27	9.255	9.27	1551	yfinance_1m
2026-09-21T10:52:00-04:00	9.27	9.27	9.26	9.26	3090	yfinance_1m
2026-09-21T10:53:00-04:00	9.26	9.26	9.24	9.25	3115	yfinance_1m
2026-09-21T10:54:00-04:00	9.25	9.25	9.25	9.25	1553	yfinance_1m
2026-09-21T10:55:00-04:00	9.25	9.25	9.25	9.25	1397	yfinance_1m
2026-09-21T10:56:00-04:00	9.245	9.28	9.245	9.26	4055	yfinance_1m
2026-09-21T10:57:00-04:00	9.27	9.285	9.26	9.285	5466	yfinance_1m
2026-09-21T10:58:00-04:00	9.28	9.28	9.27	9.275	2622	yfinance_1m
2026-09-21T10:59:00-04:00	9.275	9.285	9.27	9.285	7691	yfinance_1m
2026-09-21T11:00:00-04:00	9.29	9.295	9.27	9.28	10213	yfinance_1m
2026-09-21T11:01:00-04:00	9.28	9.295	9.28	9.295	2073	yfinance_1m
2026-09-21T11:02:00-04:00	9.295	9.31	9.2801	9.305	9580	yfinance_1m
2026-09-21T11:03:00-04:00	9.305	9.33	9.3	9.327943	7042	yfinance_1m
2026-09-21T11:04:00-04:00	9.32	9.33	9.314	9.33	6653	yfinance_1m
2026-09-21T11:05:00-04:00	9.34	9.47	9.34	9.434	74592	yfinance_1m
2026-09-21T11:06:00-04:00	9.43	9.43	9.3684	9.41	25537	yfinance_1m
2026-09-21T11:07:00-04:00	9.41	9.45	9.4	9.44	7514	yfinance_1m
2026-09-21T11:08:00-04:00	9.455	9.5	9.455	9.495	12347	yfinance_1m
2026-09-21T11:09:00-04:00	9.485	9.49	9.4624	9.48	6945	yfinance_1m
2026-09-21T11:10:00-04:00	9.472	9.475	9.455	9.46	7666	yfinance_1m
2026-09-21T11:11:00-04:00	9.46	9.4799	9.45	9.47	5894	yfinance_1m
2026-09-21T11:12:00-04:00	9.47	9.49	9.47	9.49	2770	yfinance_1m
2026-09-21T11:13:00-04:00	9.484	9.495	9.48	9.49	3418	yfinance_1m
2026-09-21T11:14:00-04:00	9.49	9.53	9.4803	9.53	11628	yfinance_1m
2026-09-21T11:15:00-04:00	9.53	9.54	9.51	9.5151	6963	yfinance_1m
2026-09-21T11:16:00-04:00	9.515	9.52	9.5109	9.515	4105	yfinance_1m
2026-09-21T11:17:00-04:00	9.525	9.56	9.525	9.555	9497	yfinance_1m
2026-09-21T11:18:00-04:00	9.555	9.555	9.52	9.5473	8534	yfinance_1m
2026-09-21T11:19:00-04:00	9.54	9.55	9.54	9.55	4867	yfinance_1m
2026-09-21T11:20:00-04:00	9.56	9.59	9.55	9.59	5663	yfinance_1m
2026-09-21T11:21:00-04:00	9.59	9.63	9.5801	9.6278	64477	yfinance_1m
2026-09-21T11:22:00-04:00	9.6292	9.65	9.62	9.64	10383	yfinance_1m
2026-09-21T11:23:00-04:00	9.65	9.71	9.65	9.7052	18071	yfinance_1m
2026-09-21T11:24:00-04:00	9.7086	9.72	9.7	9.72	4156	yfinance_1m
2026-09-21T11:25:00-04:00	9.71	9.72	9.68	9.69	8011	yfinance_1m
2026-09-21T11:26:00-04:00	9.6897	9.6897	9.66	9.66	7543	yfinance_1m
2026-09-21T11:27:00-04:00	9.65	9.68	9.645	9.68	10369	yfinance_1m
2026-09-21T11:28:00-04:00	9.67	9.67	9.6307	9.665	12049	yfinance_1m
2026-09-21T11:29:00-04:00	9.65	9.67	9.65	9.655	3176	yfinance_1m
2026-09-21T11:30:00-04:00	9.655	9.67	9.65	9.67	10307	yfinance_1m
2026-09-21T11:31:00-04:00	9.67	9.67	9.66	9.66	3152	yfinance_1m
2026-09-21T11:32:00-04:00	9.67	9.67	9.6606	9.665	3425	yfinance_1m
2026-09-21T11:33:00-04:00	9.6663	9.67	9.66	9.67	5012	yfinance_1m
2026-09-21T11:34:00-04:00	9.68	9.69	9.6503	9.6503	16257	yfinance_1m
2026-09-21T11:35:00-04:00	9.66	9.67	9.6596	9.6596	4581	yfinance_1m
2026-09-21T11:36:00-04:00	9.66	9.66	9.65	9.655	5089	yfinance_1m
2026-09-21T11:37:00-04:00	9.66	9.665	9.655	9.66	4473	yfinance_1m
2026-09-21T11:38:00-04:00	9.67	9.67	9.66	9.67	2425	yfinance_1m
2026-09-21T11:39:00-04:00	9.67	9.675	9.6598	9.675	5442	yfinance_1m
2026-09-21T11:40:00-04:00	9.675	9.68	9.67	9.68	4678	yfinance_1m
2026-09-21T11:41:00-04:00	9.68	9.705	9.68	9.7	5689	yfinance_1m
2026-09-21T11:42:00-04:00	9.695	9.695	9.692	9.695	3864	yfinance_1m
2026-09-21T11:43:00-04:00	9.695	9.7	9.69	9.7	7897	yfinance_1m
2026-09-21T11:44:00-04:00	9.7091	9.7091	9.68	9.69	9880	yfinance_1m
2026-09-21T11:45:00-04:00	9.69	9.69	9.68	9.69	1195	yfinance_1m
2026-09-21T11:46:00-04:00	9.685	9.69	9.67	9.68	9902	yfinance_1m
2026-09-21T11:47:00-04:00	9.685	9.69	9.685	9.685	1539	yfinance_1m
2026-09-21T11:48:00-04:00	9.685	9.69	9.68	9.69	8645	yfinance_1m
2026-09-21T11:49:00-04:00	9.69	9.7	9.69	9.7	2347	yfinance_1m
2026-09-21T11:50:00-04:00	9.71	9.76	9.6925	9.76	15082	yfinance_1m
2026-09-21T11:51:00-04:00	9.755	9.7593	9.7301	9.7301	3628	yfinance_1m
2026-09-21T11:52:00-04:00	9.735	9.74	9.7314	9.74	2945	yfinance_1m
2026-09-21T11:53:00-04:00	9.735	9.735	9.7101	9.735	7510	yfinance_1m
2026-09-21T11:54:00-04:00	9.735	9.74	9.7115	9.72	4517	yfinance_1m
2026-09-21T11:55:00-04:00	9.72	9.735	9.72	9.735	4278	yfinance_1m
2026-09-21T11:56:00-04:00	9.74	9.74	9.735	9.735	1739	yfinance_1m
2026-09-21T11:57:00-04:00	9.735	9.735	9.68	9.685	9655	yfinance_1m
2026-09-21T11:58:00-04:00	9.685	9.73	9.685	9.72	8097	yfinance_1m
2026-09-21T11:59:00-04:00	9.725	9.735	9.7214	9.73	4184	yfinance_1m
2026-09-21T12:00:00-04:00	9.73	9.73	9.72	9.73	4175	yfinance_1m
2026-09-21T12:01:00-04:00	9.735	9.755	9.73	9.75	7878	yfinance_1m
2026-09-21T12:02:00-04:00	9.745	9.75	9.74	9.74	3973	yfinance_1m
2026-09-21T12:03:00-04:00	9.75	9.7522	9.75	9.75	1446	yfinance_1m
2026-09-21T12:04:00-04:00	9.75	9.75	9.71	9.725	4162	yfinance_1m
2026-09-21T12:05:00-04:00	9.72	9.7368	9.7101	9.725	4663	yfinance_1m
2026-09-21T12:06:00-04:00	9.72	9.72	9.65	9.6509	19894	yfinance_1m
2026-09-21T12:07:00-04:00	9.66	9.7	9.6509	9.7	9399	yfinance_1m
2026-09-21T12:08:00-04:00	9.71	9.71	9.7	9.705	2161	yfinance_1m
2026-09-21T12:09:00-04:00	9.7	9.71	9.69	9.7	5015	yfinance_1m
2026-09-21T12:10:00-04:00	9.7	9.7123	9.69	9.7123	4292	yfinance_1m
2026-09-21T12:11:00-04:00	9.72	9.74	9.72	9.725	3518	yfinance_1m
2026-09-21T12:12:00-04:00	9.725	9.725	9.715	9.7192	5200	yfinance_1m
2026-09-21T12:13:00-04:00	9.72	9.73	9.7001	9.7004	11329	yfinance_1m
2026-09-21T12:14:00-04:00	9.7	9.71	9.7	9.7003	3349	yfinance_1m
2026-09-21T12:15:00-04:00	9.715	9.72	9.7	9.71	7061	yfinance_1m
2026-09-21T12:16:00-04:00	9.71	9.73	9.7001	9.73	3465	yfinance_1m
2026-09-21T12:17:00-04:00	9.72	9.72	9.71	9.715	2553	yfinance_1m
2026-09-21T12:18:00-04:00	9.712	9.725	9.712	9.72	3511	yfinance_1m
2026-09-21T12:19:00-04:00	9.71	9.73	9.71	9.72	2608	yfinance_1m
2026-09-21T12:20:00-04:00	9.72	9.73	9.72	9.73	2448	yfinance_1m
2026-09-21T12:21:00-04:00	9.725	9.725	9.71	9.72	4024	yfinance_1m
2026-09-21T12:22:00-04:00	9.72	9.73	9.7101	9.73	1504	yfinance_1m
2026-09-21T12:23:00-04:00	9.725	9.735	9.7	9.71	18138	yfinance_1m
2026-09-21T12:24:00-04:00	9.71	9.71	9.69	9.7	7364	yfinance_1m
2026-09-21T12:25:00-04:00	9.7	9.71	9.7	9.71	2626	yfinance_1m
2026-09-21T12:26:00-04:00	9.72	9.73	9.71	9.72	4429	yfinance_1m
2026-09-21T12:27:00-04:00	9.72	9.72	9.7	9.7	3713	yfinance_1m
2026-09-21T12:28:00-04:00	9.7	9.745	9.7	9.705	75923	yfinance_1m
2026-09-21T12:29:00-04:00	9.72	9.72	9.72	9.72	1346	yfinance_1m
2026-09-21T12:30:00-04:00	9.72	9.7277	9.71	9.72	2014	yfinance_1m
2026-09-21T12:31:00-04:00	9.72	9.72	9.68	9.68	11243	yfinance_1m
2026-09-21T12:32:00-04:00	9.68	9.68	9.67	9.67	5328	yfinance_1m
2026-09-21T12:33:00-04:00	9.67	9.675	9.64	9.675	4841	yfinance_1m
2026-09-21T12:34:00-04:00	9.67	9.7	9.67	9.69	14209	yfinance_1m
2026-09-21T12:35:00-04:00	9.685	9.685	9.67	9.68	1220	yfinance_1m
2026-09-21T12:36:00-04:00	9.67	9.67	9.66	9.67	3614	yfinance_1m
2026-09-21T12:37:00-04:00	9.67	9.67	9.67	9.67	719	yfinance_1m
2026-09-21T12:38:00-04:00	9.67	9.68	9.66	9.675	17046	yfinance_1m
2026-09-21T12:39:00-04:00	9.68	9.68	9.675	9.68	3590	yfinance_1m
2026-09-21T12:40:00-04:00	9.675	9.68	9.675	9.68	2208	yfinance_1m
2026-09-21T12:41:00-04:00	9.675	9.675	9.6203	9.625	17941	yfinance_1m
2026-09-21T12:42:00-04:00	9.63	9.675	9.6	9.665	55493	yfinance_1m
2026-09-21T12:43:00-04:00	9.665	9.67	9.665	9.67	1499	yfinance_1m
2026-09-21T12:44:00-04:00	9.68	9.69	9.6601	9.69	3362	yfinance_1m
2026-09-21T12:45:00-04:00	9.69	9.69	9.67	9.67	5258	yfinance_1m
2026-09-21T12:46:00-04:00	9.665	9.665	9.66	9.66	3107	yfinance_1m
2026-09-21T12:47:00-04:00	9.655	9.66	9.625	9.64	9642	yfinance_1m
2026-09-21T12:48:00-04:00	9.65	9.66	9.65	9.66	1338	yfinance_1m
2026-09-21T12:49:00-04:00	9.6599	9.69	9.65	9.68	2938	yfinance_1m
2026-09-21T12:50:00-04:00	9.685	9.685	9.685	9.685	1310	yfinance_1m
2026-09-21T12:51:00-04:00	9.69	9.69	9.69	9.69	2418	yfinance_1m
2026-09-21T12:52:00-04:00	9.69	9.74	9.68	9.74	10826	yfinance_1m
2026-09-21T12:53:00-04:00	9.7476	9.76	9.7476	9.75	3747	yfinance_1m
2026-09-21T12:54:00-04:00	9.7631	9.7631	9.755	9.755	1365	yfinance_1m
2026-09-21T12:55:00-04:00	9.76	9.77	9.75	9.75	6322	yfinance_1m
2026-09-21T12:56:00-04:00	9.75	9.75	9.73	9.73	5614	yfinance_1m
2026-09-21T12:57:00-04:00	9.72	9.74	9.715	9.73	4550	yfinance_1m
2026-09-21T12:58:00-04:00	9.73	9.75	9.73	9.75	1973	yfinance_1m
2026-09-21T12:59:00-04:00	9.75	9.77	9.7401	9.77	18388	yfinance_1m
2026-09-21T13:00:00-04:00	9.76	9.76	9.745	9.745	4532	yfinance_1m
2026-09-21T13:01:00-04:00	9.745	9.75	9.745	9.75	1187	yfinance_1m
2026-09-21T13:02:00-04:00	9.75	9.755	9.75	9.75	6770	yfinance_1m
2026-09-21T13:03:00-04:00	9.75	9.75	9.7401	9.75	4101	yfinance_1m
2026-09-21T13:04:00-04:00	9.75	9.76	9.745	9.76	2281	yfinance_1m
2026-09-21T13:05:00-04:00	9.75	9.76	9.75	9.76	1722	yfinance_1m
2026-09-21T13:06:00-04:00	9.75	9.755	9.75	9.7518	524	yfinance_1m
2026-09-21T13:07:00-04:00	9.755	9.76	9.745	9.755	6753	yfinance_1m
2026-09-21T13:08:00-04:00	9.755	9.76	9.74	9.745	4605	yfinance_1m
2026-09-21T13:09:00-04:00	9.745	9.75	9.74	9.745	2845	yfinance_1m
2026-09-21T13:10:00-04:00	9.745	9.745	9.72	9.73	3573	yfinance_1m
2026-09-21T13:11:00-04:00	9.73	9.74	9.72	9.73	3918	yfinance_1m
2026-09-21T13:12:00-04:00	9.72	9.73	9.705	9.71	9291	yfinance_1m
2026-09-21T13:13:00-04:00	9.71	9.71	9.705	9.71	5633	yfinance_1m
2026-09-21T13:14:00-04:00	9.71	9.72	9.702	9.71	2569	yfinance_1m
2026-09-21T13:15:00-04:00	9.71	9.71	9.7	9.7	2220	yfinance_1m
2026-09-21T13:16:00-04:00	9.71	9.725	9.71	9.725	2344	yfinance_1m
2026-09-21T13:17:00-04:00	9.73	9.735	9.7201	9.7243	3620	yfinance_1m
2026-09-21T13:18:00-04:00	9.73	9.73	9.7208	9.73	1271	yfinance_1m
2026-09-21T13:19:00-04:00	9.73	9.73	9.695	9.695	5847	yfinance_1m
2026-09-21T13:20:00-04:00	9.695	9.695	9.685	9.685	2129	yfinance_1m
2026-09-21T13:21:00-04:00	9.6899	9.695	9.6899	9.695	1601	yfinance_1m
2026-09-21T13:22:00-04:00	9.7	9.7	9.665	9.675	3700	yfinance_1m
2026-09-21T13:23:00-04:00	9.68	9.68	9.675	9.68	1915	yfinance_1m
2026-09-21T13:24:00-04:00	9.675	9.69	9.675	9.685	2352	yfinance_1m
2026-09-21T13:25:00-04:00	9.7	9.7	9.6956	9.6956	1933	yfinance_1m
2026-09-21T13:26:00-04:00	9.68	9.68	9.68	9.68	512	yfinance_1m
2026-09-21T13:27:00-04:00	9.68	9.68	9.67	9.67	4163	yfinance_1m
2026-09-21T13:28:00-04:00	9.67	9.6752	9.66	9.6752	3629	yfinance_1m
2026-09-21T13:29:00-04:00	9.67	9.67	9.66	9.67	3141	yfinance_1m
2026-09-21T13:30:00-04:00	9.67	9.68	9.67	9.68	3325	yfinance_1m
2026-09-21T13:31:00-04:00	9.675	9.68	9.67	9.67	3861	yfinance_1m
2026-09-21T13:32:00-04:00	9.68	9.68	9.67	9.67	1202	yfinance_1m
2026-09-21T13:33:00-04:00	9.67	9.69	9.67	9.68	4665	yfinance_1m
2026-09-21T13:34:00-04:00	9.67	9.69	9.67	9.69	1905	yfinance_1m
2026-09-21T13:35:00-04:00	9.68	9.69	9.68	9.68	1127	yfinance_1m
2026-09-21T13:36:00-04:00	9.685	9.7	9.685	9.69	1374	yfinance_1m
2026-09-21T13:37:00-04:00	9.69	9.7	9.69	9.7	3142	yfinance_1m
2026-09-21T13:38:00-04:00	9.69	9.69	9.685	9.69	2700	yfinance_1m
2026-09-21T13:39:00-04:00	9.69	9.69	9.67	9.67	4027	yfinance_1m
2026-09-21T13:40:00-04:00	9.67	9.68	9.67	9.67	2767	yfinance_1m
2026-09-21T13:41:00-04:00	9.67	9.67	9.645	9.66	1978	yfinance_1m
2026-09-21T13:42:00-04:00	9.657	9.66	9.6404	9.66	5880	yfinance_1m
2026-09-21T13:43:00-04:00	9.645	9.66	9.6414	9.655	4056	yfinance_1m
2026-09-21T13:44:00-04:00	9.66	9.67	9.66	9.66	3204	yfinance_1m
2026-09-21T13:45:00-04:00	9.665	9.665	9.655	9.655	2072	yfinance_1m
2026-09-21T13:46:00-04:00	9.655	9.67	9.655	9.66	2225	yfinance_1m
2026-09-21T13:47:00-04:00	9.67	9.67	9.665	9.665	2060	yfinance_1m
2026-09-21T13:48:00-04:00	9.67	9.685	9.67	9.68	3985	yfinance_1m
2026-09-21T13:49:00-04:00	9.67	9.67	9.66	9.665	5421	yfinance_1m
2026-09-21T13:50:00-04:00	9.67	9.67	9.67	9.67	2048	yfinance_1m
2026-09-21T13:51:00-04:00	9.67	9.68	9.67	9.675	1138	yfinance_1m
2026-09-21T13:52:00-04:00	9.675	9.69	9.665	9.67	4317	yfinance_1m
2026-09-21T13:53:00-04:00	9.67	9.68	9.67	9.68	494	yfinance_1m
2026-09-21T13:54:00-04:00	9.69	9.69	9.67	9.68	4036	yfinance_1m
2026-09-21T13:55:00-04:00	9.68	9.68	9.67	9.67	2782	yfinance_1m
2026-09-21T13:56:00-04:00	9.6601	9.67	9.66	9.67	4161	yfinance_1m
2026-09-21T13:57:00-04:00	9.675	9.68	9.67	9.67	1125	yfinance_1m
2026-09-21T13:58:00-04:00	9.675	9.68	9.675	9.675	3383	yfinance_1m
2026-09-21T13:59:00-04:00	9.68	9.69	9.68	9.68	2011	yfinance_1m
2026-09-21T14:00:00-04:00	9.68	9.69	9.68	9.69	2014	yfinance_1m
2026-09-21T14:01:00-04:00	9.685	9.69	9.665	9.665	3489	yfinance_1m
2026-09-21T14:02:00-04:00	9.67	9.695	9.67	9.69	5449	yfinance_1m
2026-09-21T14:03:00-04:00	9.69	9.69	9.685	9.685	1005	yfinance_1m
2026-09-21T14:04:00-04:00	9.69	9.7	9.69	9.695	3044	yfinance_1m
2026-09-21T14:05:00-04:00	9.69	9.705	9.69	9.7	11330	yfinance_1m
2026-09-21T14:06:00-04:00	9.7	9.7	9.68	9.69	3463	yfinance_1m
2026-09-21T14:07:00-04:00	9.685	9.69	9.6832	9.6832	1337	yfinance_1m
2026-09-21T14:08:00-04:00	9.69	9.695	9.685	9.695	1432	yfinance_1m
2026-09-21T14:09:00-04:00	9.7	9.72	9.692	9.72	3592	yfinance_1m
2026-09-21T14:10:00-04:00	9.715	9.72	9.715	9.72	1784	yfinance_1m
2026-09-21T14:11:00-04:00	9.715	9.7404	9.71	9.74	8354	yfinance_1m
2026-09-21T14:12:00-04:00	9.74	9.77	9.74	9.755	4419	yfinance_1m
2026-09-21T14:13:00-04:00	9.755	9.77	9.755	9.77	6069	yfinance_1m
2026-09-21T14:14:00-04:00	9.78	9.78	9.74	9.745	15841	yfinance_1m
2026-09-21T14:15:00-04:00	9.745	9.745	9.745	9.745	813	yfinance_1m
2026-09-21T14:16:00-04:00	9.745	9.745	9.71	9.72	4809	yfinance_1m
2026-09-21T14:17:00-04:00	9.715	9.72	9.71	9.71	1919	yfinance_1m
2026-09-21T14:18:00-04:00	9.71	9.72	9.7061	9.72	2792	yfinance_1m
2026-09-21T14:19:00-04:00	9.7001	9.72	9.7001	9.7116	2411	yfinance_1m
2026-09-21T14:20:00-04:00	9.71	9.71	9.71	9.71	3204	yfinance_1m
2026-09-21T14:21:00-04:00	9.72	9.72	9.715	9.715	2034	yfinance_1m
2026-09-21T14:22:00-04:00	9.715	9.72	9.695	9.71	5919	yfinance_1m
2026-09-21T14:23:00-04:00	9.705	9.72	9.7	9.7128	3511	yfinance_1m
2026-09-21T14:24:00-04:00	9.72	9.73	9.72	9.72	2077	yfinance_1m
2026-09-21T14:25:00-04:00	9.72	9.72	9.71	9.72	2157	yfinance_1m
2026-09-21T14:26:00-04:00	9.72	9.725	9.71	9.72	7450	yfinance_1m
2026-09-21T14:27:00-04:00	9.7122	9.73	9.7122	9.725	1330	yfinance_1m
2026-09-21T14:28:00-04:00	9.73	9.73	9.715	9.725	3326	yfinance_1m
2026-09-21T14:29:00-04:00	9.73	9.73	9.7	9.73	20004	yfinance_1m
2026-09-21T14:30:00-04:00	9.72	9.75	9.72	9.75	4323	yfinance_1m
2026-09-21T14:31:00-04:00	9.74	9.75	9.74	9.745	4066	yfinance_1m
2026-09-21T14:32:00-04:00	9.74	9.75	9.74	9.75	3612	yfinance_1m
2026-09-21T14:33:00-04:00	9.75	9.75	9.735	9.735	4728	yfinance_1m
2026-09-21T14:34:00-04:00	9.735	9.735	9.735	9.735	1204	yfinance_1m
2026-09-21T14:35:00-04:00	9.735	9.735	9.72	9.72	6244	yfinance_1m
2026-09-21T14:36:00-04:00	9.725	9.73	9.7214	9.73	2319	yfinance_1m
2026-09-21T14:37:00-04:00	9.725	9.725	9.705	9.71	7720	yfinance_1m
2026-09-21T14:38:00-04:00	9.7001	9.72	9.7001	9.72	3848	yfinance_1m
2026-09-21T14:39:00-04:00	9.73	9.73	9.725	9.73	1743	yfinance_1m
2026-09-21T14:40:00-04:00	9.73	9.74	9.73	9.74	2062	yfinance_1m
2026-09-21T14:41:00-04:00	9.7392	9.77	9.735	9.765	6715	yfinance_1m
2026-09-21T14:42:00-04:00	9.765	9.77	9.75	9.755	5685	yfinance_1m
2026-09-21T14:43:00-04:00	9.755	9.78	9.755	9.78	4811	yfinance_1m
2026-09-21T14:44:00-04:00	9.775	9.78	9.77	9.78	6562	yfinance_1m
2026-09-21T14:45:00-04:00	9.78	9.79	9.77	9.775	8483	yfinance_1m
2026-09-21T14:46:00-04:00	9.7757	9.78	9.77	9.775	1676	yfinance_1m
2026-09-21T14:47:00-04:00	9.775	9.78	9.76	9.77	8464	yfinance_1m
2026-09-21T14:48:00-04:00	9.775	9.805	9.775	9.805	13093	yfinance_1m
2026-09-21T14:49:00-04:00	9.81	9.81	9.805	9.81	4106	yfinance_1m
2026-09-21T14:50:00-04:00	9.8184	9.82	9.81	9.81	5427	yfinance_1m
2026-09-21T14:51:00-04:00	9.82	9.82	9.81	9.8187	7098	yfinance_1m
2026-09-21T14:52:00-04:00	9.81	9.82	9.81	9.81	3041	yfinance_1m
2026-09-21T14:53:00-04:00	9.82	9.82	9.78	9.78	10713	yfinance_1m
2026-09-21T14:54:00-04:00	9.785	9.795	9.78	9.79	3315	yfinance_1m
2026-09-21T14:55:00-04:00	9.8	9.8	9.795	9.795	1994	yfinance_1m
2026-09-21T14:56:00-04:00	9.795	9.8	9.76	9.76	11505	yfinance_1m
2026-09-21T14:57:00-04:00	9.76	9.76	9.745	9.76	3989	yfinance_1m
2026-09-21T14:58:00-04:00	9.76	9.76	9.75	9.75	5616	yfinance_1m
2026-09-21T14:59:00-04:00	9.745	9.76	9.745	9.75	4881	yfinance_1m
2026-09-21T15:00:00-04:00	9.7401	9.77	9.7401	9.77	2779	yfinance_1m
2026-09-21T15:01:00-04:00	9.78	9.81	9.77	9.8	91997	yfinance_1m
2026-09-21T15:02:00-04:00	9.805	9.81	9.805	9.81	3380	yfinance_1m
2026-09-21T15:03:00-04:00	9.8001	9.815	9.8	9.815	7175	yfinance_1m
2026-09-21T15:04:00-04:00	9.82	9.82	9.815	9.815	1680	yfinance_1m
2026-09-21T15:05:00-04:00	9.82	9.82	9.81	9.815	5710	yfinance_1m
2026-09-21T15:06:00-04:00	9.81	9.825	9.8007	9.825	7018	yfinance_1m
2026-09-21T15:07:00-04:00	9.83	9.83	9.825	9.825	1510	yfinance_1m
2026-09-21T15:08:00-04:00	9.83	9.84	9.825	9.84	7497	yfinance_1m
2026-09-21T15:09:00-04:00	9.84	9.84	9.825	9.835	7595	yfinance_1m
2026-09-21T15:10:00-04:00	9.835	9.835	9.82	9.82	3910	yfinance_1m
2026-09-21T15:11:00-04:00	9.8258	9.83	9.825	9.825	1855	yfinance_1m
2026-09-21T15:12:00-04:00	9.825	9.83	9.815	9.815	6436	yfinance_1m
2026-09-21T15:13:00-04:00	9.82	9.825	9.815	9.825	7953	yfinance_1m
2026-09-21T15:14:00-04:00	9.825	9.83	9.825	9.825	2285	yfinance_1m
2026-09-21T15:15:00-04:00	9.83	9.84	9.83	9.84	5021	yfinance_1m
2026-09-21T15:16:00-04:00	9.839	9.86	9.835	9.855	5146	yfinance_1m
2026-09-21T15:17:00-04:00	9.86	9.875	9.859	9.87	5757	yfinance_1m
2026-09-21T15:18:00-04:00	9.87	9.885	9.87	9.87	9606	yfinance_1m
2026-09-21T15:19:00-04:00	9.88	9.89	9.8799	9.89	6554	yfinance_1m
2026-09-21T15:20:00-04:00	9.89	9.89	9.875	9.88	7183	yfinance_1m
2026-09-21T15:21:00-04:00	9.875	9.88	9.87	9.88	3502	yfinance_1m
2026-09-21T15:22:00-04:00	9.87	9.88	9.87	9.875	4759	yfinance_1m
2026-09-21T15:23:00-04:00	9.88	9.88	9.875	9.875	1425	yfinance_1m
2026-09-21T15:24:00-04:00	9.88	9.89	9.875	9.885	6632	yfinance_1m
2026-09-21T15:25:00-04:00	9.89	9.895	9.88	9.885	11062	yfinance_1m
2026-09-21T15:26:00-04:00	9.885	9.9	9.8801	9.89	6271	yfinance_1m
2026-09-21T15:27:00-04:00	9.89	9.9	9.885	9.885	2300	yfinance_1m
2026-09-21T15:28:00-04:00	9.8881	9.8881	9.875	9.88	18511	yfinance_1m
2026-09-21T15:29:00-04:00	9.88	9.89	9.87	9.875	17782	yfinance_1m
2026-09-21T15:30:00-04:00	9.875	9.88	9.86	9.865	16836	yfinance_1m
2026-09-21T15:31:00-04:00	9.87	9.89	9.86	9.865	12473	yfinance_1m
2026-09-21T15:32:00-04:00	9.86	9.88	9.86	9.875	6289	yfinance_1m
2026-09-21T15:33:00-04:00	9.875	9.88	9.875	9.88	4142	yfinance_1m
2026-09-21T15:34:00-04:00	9.88	9.92	9.879	9.92	15993	yfinance_1m
2026-09-21T15:35:00-04:00	9.92	9.92	9.905	9.905	28864	yfinance_1m
2026-09-21T15:36:00-04:00	9.905	9.945	9.905	9.945	10581	yfinance_1m
2026-09-21T15:37:00-04:00	9.945	9.95	9.94	9.945	11637	yfinance_1m
2026-09-21T15:38:00-04:00	9.95	9.96	9.945	9.955	6396	yfinance_1m
2026-09-21T15:39:00-04:00	9.9545	9.98	9.9545	9.98	9493	yfinance_1m
2026-09-21T15:40:00-04:00	9.975	9.98	9.935	9.935	30180	yfinance_1m
2026-09-21T15:41:00-04:00	9.935	9.95	9.925	9.93	22405	yfinance_1m
2026-09-21T15:42:00-04:00	9.928	9.935	9.92	9.93	10318	yfinance_1m
2026-09-21T15:43:00-04:00	9.93	9.93	9.902937	9.905	13960	yfinance_1m
2026-09-21T15:44:00-04:00	9.9	9.9	9.865	9.87	14586	yfinance_1m
2026-09-21T15:45:00-04:00	9.865	9.88	9.865	9.875	14826	yfinance_1m
2026-09-21T15:46:00-04:00	9.875	9.9	9.81	9.81	61620	yfinance_1m
2026-09-21T15:47:00-04:00	9.81	9.81	9.8	9.81	14277	yfinance_1m
2026-09-21T15:48:00-04:00	9.81	9.81	9.7701	9.785	18218	yfinance_1m
2026-09-21T15:49:00-04:00	9.79	9.795	9.74	9.74	24421	yfinance_1m
2026-09-21T15:50:00-04:00	9.74	9.79	9.74	9.7504	43318	yfinance_1m
2026-09-21T15:51:00-04:00	9.755	9.77	9.745	9.76	12673	yfinance_1m
2026-09-21T15:52:00-04:00	9.755	9.76	9.715	9.715	28965	yfinance_1m
2026-09-21T15:53:00-04:00	9.715	9.725	9.7001	9.725	14014	yfinance_1m
2026-09-21T15:54:00-04:00	9.725	9.755	9.725	9.73	26316	yfinance_1m
2026-09-21T15:55:00-04:00	9.725	9.76	9.69	9.755	39001	yfinance_1m
2026-09-21T15:56:00-04:00	9.75	9.76	9.735	9.755	44856	yfinance_1m
2026-09-21T15:57:00-04:00	9.76	9.77	9.735	9.76	42741	yfinance_1m
2026-09-21T15:58:00-04:00	9.755	9.77	9.725	9.74	74668	yfinance_1m
2026-09-21T15:59:00-04:00	9.735	9.77	9.735	9.755	171796	yfinance_1m
2026-09-22T09:30:00-04:00	9.79	9.835	9.58	9.58	45400	yfinance_1m
2026-09-22T09:31:00-04:00	9.58	9.58	9.53	9.535	11218	yfinance_1m
2026-09-22T09:32:00-04:00	9.5339	9.57	9.39	9.42	14197	yfinance_1m
2026-09-22T09:33:00-04:00	9.41	9.41	9.3701	9.405	6185	yfinance_1m
2026-09-22T09:34:00-04:00	9.39	9.39	9.32	9.32	12867	yfinance_1m
2026-09-22T09:35:00-04:00	9.3	9.41	9.3	9.39	12358	yfinance_1m
2026-09-22T09:36:00-04:00	9.3918	9.46	9.39	9.46	6144	yfinance_1m
2026-09-22T09:37:00-04:00	9.46	9.5	9.46	9.484	13691	yfinance_1m
2026-09-22T09:38:00-04:00	9.485	9.5	9.38	9.48	7246	yfinance_1m
2026-09-22T09:39:00-04:00	9.459	9.54	9.459	9.5	6528	yfinance_1m
2026-09-22T09:40:00-04:00	9.5111	9.52	9.47	9.52	5138	yfinance_1m
2026-09-22T09:41:00-04:00	9.505	9.505	9.4	9.43	5774	yfinance_1m
2026-09-22T09:42:00-04:00	9.41	9.46	9.41	9.44	3870	yfinance_1m
2026-09-22T09:43:00-04:00	9.444	9.444	9.42	9.42	3351	yfinance_1m
2026-09-22T09:44:00-04:00	9.425	9.425	9.39	9.425	3147	yfinance_1m
2026-09-22T09:45:00-04:00	9.44	9.5	9.435	9.5	8368	yfinance_1m
2026-09-22T09:46:00-04:00	9.49	9.54	9.485	9.54	6640	yfinance_1m
2026-09-22T09:47:00-04:00	9.519	9.57	9.519	9.53	5927	yfinance_1m
2026-09-22T09:48:00-04:00	9.535	9.539	9.535	9.539	913	yfinance_1m
2026-09-22T09:49:00-04:00	9.56	9.56	9.544	9.544	2641	yfinance_1m
2026-09-22T09:50:00-04:00	9.555	9.586	9.55	9.554	3067	yfinance_1m
2026-09-22T09:51:00-04:00	9.56	9.72	9.56	9.69	8994	yfinance_1m
2026-09-22T09:52:00-04:00	9.69	9.7851	9.69	9.755	4624	yfinance_1m
2026-09-22T09:53:00-04:00	9.75	9.82	9.72	9.77	11149	yfinance_1m
2026-09-22T09:54:00-04:00	9.8	9.8297	9.8	9.804	5994	yfinance_1m
2026-09-22T09:55:00-04:00	9.82	9.82	9.77	9.77	3797	yfinance_1m
2026-09-22T09:56:00-04:00	9.74	9.74	9.7	9.7024	2844	yfinance_1m
2026-09-22T09:57:00-04:00	9.725	9.725	9.675	9.709	3926	yfinance_1m
2026-09-22T09:58:00-04:00	9.75	9.75	9.73	9.734	9801	yfinance_1m
2026-09-22T09:59:00-04:00	9.725	9.755	9.72	9.75	5436	yfinance_1m
2026-09-22T10:00:00-04:00	9.78	9.78	9.765	9.765	636	yfinance_1m
2026-09-22T10:01:00-04:00	9.78	9.82	9.77	9.82	7123	yfinance_1m
2026-09-22T10:02:00-04:00	9.82	9.82	9.799602	9.799602	2934	yfinance_1m
2026-09-22T10:03:00-04:00	9.82	9.88	9.82	9.85	5572	yfinance_1m
2026-09-22T10:04:00-04:00	9.84	9.84	9.785	9.785	2240	yfinance_1m
2026-09-22T10:05:00-04:00	9.78	9.79	9.76	9.76	5145	yfinance_1m
2026-09-22T10:06:00-04:00	9.76	9.7902	9.75	9.7902	6677	yfinance_1m
2026-09-22T10:07:00-04:00	9.785	9.79	9.78	9.785	2645	yfinance_1m
2026-09-22T10:08:00-04:00	9.785	9.785	9.74	9.775	7828	yfinance_1m
2026-09-22T10:09:00-04:00	9.76	9.77	9.7428	9.7428	3588	yfinance_1m
2026-09-22T10:10:00-04:00	9.743	9.755	9.705	9.705	4095	yfinance_1m
2026-09-22T10:11:00-04:00	9.7014	9.71	9.69	9.7	6994	yfinance_1m
2026-09-22T10:12:00-04:00	9.7	9.8	9.7	9.8	7019	yfinance_1m
2026-09-22T10:13:00-04:00	9.81	9.85	9.8	9.85	9210	yfinance_1m
2026-09-22T10:14:00-04:00	9.82	9.88	9.81	9.88	3985	yfinance_1m
2026-09-22T10:15:00-04:00	9.8821	9.8821	9.81	9.86	8092	yfinance_1m
2026-09-22T10:16:00-04:00	9.8499	9.85	9.835	9.835	1623	yfinance_1m
2026-09-22T10:17:00-04:00	9.82	9.82	9.805	9.82	2177	yfinance_1m
2026-09-22T10:18:00-04:00	9.84	9.86	9.84	9.85	3513	yfinance_1m
2026-09-22T10:19:00-04:00	9.86	9.88	9.86	9.87	2914	yfinance_1m
2026-09-22T10:20:00-04:00	9.86	9.87	9.83	9.8469	4002	yfinance_1m
2026-09-22T10:21:00-04:00	9.85	9.85	9.78	9.78	9310	yfinance_1m
2026-09-22T10:22:00-04:00	9.78	9.87	9.78	9.86	11528	yfinance_1m
2026-09-22T10:23:00-04:00	9.87	9.87	9.855	9.855	4915	yfinance_1m
2026-09-22T10:24:00-04:00	9.87	9.89	9.85	9.89	4352	yfinance_1m
2026-09-22T10:25:00-04:00	9.88	9.88	9.84	9.86	11146	yfinance_1m
2026-09-22T10:26:00-04:00	9.86	9.89	9.85	9.89	5435	yfinance_1m
2026-09-22T10:27:00-04:00	9.88	9.88	9.72	9.72	17287	yfinance_1m
2026-09-22T10:28:00-04:00	9.72	9.72	9.66	9.66	3515	yfinance_1m
2026-09-22T10:29:00-04:00	9.67	9.715	9.67	9.71	6345	yfinance_1m
2026-09-22T10:30:00-04:00	9.73	9.74	9.7	9.705	11477	yfinance_1m
2026-09-22T10:31:00-04:00	9.71	9.71	9.71	9.71	589	yfinance_1m
2026-09-22T10:32:00-04:00	9.72	9.72	9.68	9.68	13769	yfinance_1m
2026-09-22T10:33:00-04:00	9.69	9.7	9.685	9.7	9093	yfinance_1m
2026-09-22T10:34:00-04:00	9.7	9.71	9.69	9.71	3596	yfinance_1m
2026-09-22T10:35:00-04:00	9.7	9.7	9.67	9.68	12930	yfinance_1m
2026-09-22T10:36:00-04:00	9.67	9.7	9.64	9.68	3917	yfinance_1m
2026-09-22T10:37:00-04:00	9.7	9.745	9.69	9.745	7097	yfinance_1m
2026-09-22T10:38:00-04:00	9.73	9.73	9.72	9.73	1514	yfinance_1m
2026-09-22T10:39:00-04:00	9.75	9.75	9.7101	9.72	1775	yfinance_1m
2026-09-22T10:40:00-04:00	9.72	9.73	9.72	9.73	2523	yfinance_1m
2026-09-22T10:41:00-04:00	9.73	9.73	9.71	9.72	7383	yfinance_1m
2026-09-22T10:42:00-04:00	9.73	9.73	9.715	9.715	1390	yfinance_1m
2026-09-22T10:43:00-04:00	9.712	9.73	9.68	9.68	10199	yfinance_1m
2026-09-22T10:44:00-04:00	9.69	9.71	9.68	9.7	3735	yfinance_1m
2026-09-22T10:45:00-04:00	9.7	9.7	9.67	9.67	7424	yfinance_1m
2026-09-22T10:46:00-04:00	9.66	9.66	9.66	9.66	1688	yfinance_1m
2026-09-22T10:47:00-04:00	9.65	9.69	9.65	9.69	14214	yfinance_1m
2026-09-22T10:48:00-04:00	9.68	9.7	9.68	9.685	5189	yfinance_1m
2026-09-22T10:49:00-04:00	9.69	9.7	9.69	9.69	915	yfinance_1m
2026-09-22T10:50:00-04:00	9.69	9.71	9.69	9.69	2726	yfinance_1m
2026-09-22T10:51:00-04:00	9.69	9.73	9.69	9.73	9601	yfinance_1m
2026-09-22T10:52:00-04:00	9.7225	9.74	9.7225	9.725	3148	yfinance_1m
2026-09-22T10:53:00-04:00	9.72	9.73	9.715	9.73	3638	yfinance_1m
2026-09-22T10:54:00-04:00	9.73	9.76	9.73	9.755	4104	yfinance_1m
2026-09-22T10:55:00-04:00	9.77	9.8	9.77	9.8	2421	yfinance_1m
2026-09-22T10:56:00-04:00	9.81	9.83	9.81	9.83	2653	yfinance_1m
2026-09-22T10:57:00-04:00	9.81	9.81	9.75	9.8	9452	yfinance_1m
2026-09-22T10:58:00-04:00	9.81	9.81	9.78	9.78	2042	yfinance_1m
2026-09-22T10:59:00-04:00	9.78	9.785	9.78	9.785	2037	yfinance_1m
2026-09-22T11:00:00-04:00	9.781	9.83	9.78	9.83	7115	yfinance_1m
2026-09-22T11:01:00-04:00	9.81	9.81	9.81	9.81	997	yfinance_1m
2026-09-22T11:02:00-04:00	9.82	9.83	9.81	9.82	2844	yfinance_1m
2026-09-22T11:03:00-04:00	9.81	9.84	9.81	9.84	4572	yfinance_1m
2026-09-22T11:04:00-04:00	9.84	9.84	9.82	9.84	9058	yfinance_1m
2026-09-22T11:05:00-04:00	9.85	9.94	9.85	9.9	28433	yfinance_1m
2026-09-22T11:06:00-04:00	9.91	9.91	9.8769	9.88	15390	yfinance_1m
2026-09-22T11:07:00-04:00	9.875	9.88	9.87	9.88	4324	yfinance_1m
2026-09-22T11:08:00-04:00	9.88	9.88	9.865	9.865	2105	yfinance_1m
2026-09-22T11:09:00-04:00	9.865	9.87	9.855	9.865	4833	yfinance_1m
2026-09-22T11:10:00-04:00	9.865	9.88	9.865	9.87	2886	yfinance_1m
2026-09-22T11:11:00-04:00	9.88	9.88	9.87	9.88	4421	yfinance_1m
2026-09-22T11:12:00-04:00	9.87	9.93	9.87	9.93	9369	yfinance_1m
2026-09-22T11:13:00-04:00	9.925	9.95	9.925	9.9494	9909	yfinance_1m
2026-09-22T11:14:00-04:00	9.94	9.95	9.94	9.95	3104	yfinance_1m
2026-09-22T11:15:00-04:00	9.95	9.99	9.95	9.99	14457	yfinance_1m
2026-09-22T11:16:00-04:00	9.99	10.0284	9.98	10.0101	27909	yfinance_1m
2026-09-22T11:17:00-04:00	10.01	10.01	9.97	9.97	10104	yfinance_1m
2026-09-22T11:18:00-04:00	9.9709	9.9709	9.9709	9.9709	375	yfinance_1m
2026-09-22T11:19:00-04:00	9.96	9.99	9.96	9.985	3831	yfinance_1m
2026-09-22T11:20:00-04:00	9.98	9.98	9.945	9.96	6006	yfinance_1m
2026-09-22T11:21:00-04:00	9.95	9.97	9.94	9.9541	9151	yfinance_1m
2026-09-22T11:22:00-04:00	9.965	9.965	9.955	9.955	1431	yfinance_1m
2026-09-22T11:23:00-04:00	9.95	9.96	9.95	9.96	2865	yfinance_1m
2026-09-22T11:24:00-04:00	9.97	9.97	9.97	9.97	1481	yfinance_1m
2026-09-22T11:25:00-04:00	9.96	9.97	9.96	9.97	726	yfinance_1m
2026-09-22T11:26:00-04:00	9.96	9.96	9.94	9.9401	4850	yfinance_1m
2026-09-22T11:27:00-04:00	9.94	9.94	9.9	9.91	7431	yfinance_1m
2026-09-22T11:28:00-04:00	9.91	9.92	9.9	9.91	2192	yfinance_1m
2026-09-22T11:29:00-04:00	9.91	9.91	9.875	9.88	13267	yfinance_1m
2026-09-22T11:30:00-04:00	9.87	9.91	9.87	9.91	6959	yfinance_1m
2026-09-22T11:31:00-04:00	9.91	9.91	9.9	9.9001	2301	yfinance_1m
2026-09-22T11:32:00-04:00	9.9	9.9	9.86	9.86	5867	yfinance_1m
2026-09-22T11:33:00-04:00	9.83	9.831	9.825	9.825	6227	yfinance_1m
2026-09-22T11:34:00-04:00	9.8292	9.8292	9.81	9.81	729	yfinance_1m
2026-09-22T11:35:00-04:00	9.82	9.83	9.82	9.83	3911	yfinance_1m
2026-09-22T11:36:00-04:00	9.84	9.86	9.84	9.86	4725	yfinance_1m
2026-09-22T11:37:00-04:00	9.86	9.865	9.855	9.86	2445	yfinance_1m
2026-09-22T11:38:00-04:00	9.86	9.8651	9.86	9.8651	2185	yfinance_1m
2026-09-22T11:39:00-04:00	9.87	9.88	9.86	9.86	5585	yfinance_1m
2026-09-22T11:40:00-04:00	9.8693	9.885	9.86	9.88	3224	yfinance_1m
2026-09-22T11:41:00-04:00	9.88	9.89	9.88	9.89	881	yfinance_1m
2026-09-22T11:42:00-04:00	9.89	9.89	9.872	9.89	1503	yfinance_1m
2026-09-22T11:43:00-04:00	9.885	9.9	9.885	9.9	4088	yfinance_1m
2026-09-22T11:45:00-04:00	9.895	9.895	9.88	9.885	3901	yfinance_1m
2026-09-22T11:46:00-04:00	9.89	9.89	9.86	9.86	2802	yfinance_1m
2026-09-22T11:47:00-04:00	9.86	9.86	9.855	9.86	1022	yfinance_1m
2026-09-22T11:48:00-04:00	9.8517	9.86	9.8517	9.86	1578	yfinance_1m
2026-09-22T11:49:00-04:00	9.85	9.92	9.845	9.92	19154	yfinance_1m
2026-09-22T11:50:00-04:00	9.91	9.91	9.87	9.89	4763	yfinance_1m
2026-09-22T11:51:00-04:00	9.89	9.89	9.88	9.89	2152	yfinance_1m
2026-09-22T11:52:00-04:00	9.892	9.892	9.892	9.892	209	yfinance_1m
2026-09-22T11:53:00-04:00	9.895	9.905	9.88	9.88	6785	yfinance_1m
2026-09-22T11:54:00-04:00	9.89	9.89	9.885	9.885	500	yfinance_1m
2026-09-22T11:55:00-04:00	9.88	9.885	9.86	9.86	4271	yfinance_1m
2026-09-22T11:56:00-04:00	9.865	9.87	9.81	9.81	38052	yfinance_1m
2026-09-22T11:57:00-04:00	9.82	9.82	9.8	9.8	2657	yfinance_1m
2026-09-22T11:58:00-04:00	9.79	9.81	9.78	9.81	2768	yfinance_1m
2026-09-22T11:59:00-04:00	9.8	9.81	9.79	9.81	4998	yfinance_1m
2026-09-22T12:00:00-04:00	9.81	9.84	9.81	9.84	4292	yfinance_1m
2026-09-22T12:01:00-04:00	9.83	9.83	9.82	9.82	588	yfinance_1m
2026-09-22T12:02:00-04:00	9.82	9.82	9.81	9.82	3705	yfinance_1m
2026-09-22T12:03:00-04:00	9.82	9.82	9.81	9.81	3628	yfinance_1m
2026-09-22T12:04:00-04:00	9.8	9.81	9.8	9.81	1019	yfinance_1m
2026-09-22T12:05:00-04:00	9.81	9.81	9.81	9.81	602	yfinance_1m
2026-09-22T12:06:00-04:00	9.81	9.81	9.8	9.8	1565	yfinance_1m
2026-09-22T12:07:00-04:00	9.81	9.81	9.8	9.8	773	yfinance_1m
2026-09-22T12:08:00-04:00	9.8	9.81	9.8	9.81	2481	yfinance_1m
2026-09-22T12:09:00-04:00	9.82	9.83	9.82	9.83	4445	yfinance_1m
2026-09-22T12:10:00-04:00	9.825	9.83	9.825	9.83	2330	yfinance_1m
2026-09-22T12:11:00-04:00	9.83	9.83	9.83	9.83	1547	yfinance_1m
2026-09-22T12:12:00-04:00	9.83	9.83	9.82	9.82	889	yfinance_1m
2026-09-22T12:13:00-04:00	9.83	9.83	9.82	9.82	1076	yfinance_1m
2026-09-22T12:14:00-04:00	9.8123	9.82	9.81	9.81	1423	yfinance_1m
2026-09-22T12:15:00-04:00	9.82	9.82	9.81	9.82	3266	yfinance_1m
2026-09-22T12:16:00-04:00	9.8254	9.8254	9.82	9.82	5140	yfinance_1m
2026-09-22T12:17:00-04:00	9.83	9.83	9.81	9.81	5546	yfinance_1m
2026-09-22T12:18:00-04:00	9.82	9.83	9.82	9.83	4913	yfinance_1m
2026-09-22T12:19:00-04:00	9.825	9.825	9.825	9.825	749	yfinance_1m
2026-09-22T12:20:00-04:00	9.8399	9.84	9.83	9.83	4596	yfinance_1m
2026-09-22T12:21:00-04:00	9.82	9.8201	9.81	9.81	1499	yfinance_1m
2026-09-22T12:22:00-04:00	9.8197	9.8197	9.815	9.815	944	yfinance_1m
2026-09-22T12:23:00-04:00	9.81	9.81	9.795	9.8	1184	yfinance_1m
2026-09-22T12:24:00-04:00	9.8	9.8	9.78	9.78	4535	yfinance_1m
2026-09-22T12:25:00-04:00	9.775	9.775	9.76	9.76	5111	yfinance_1m
2026-09-22T12:26:00-04:00	9.77	9.7778	9.76	9.7778	4661	yfinance_1m
2026-09-22T12:27:00-04:00	9.765	9.765	9.765	9.765	310	yfinance_1m
2026-09-22T12:28:00-04:00	9.77	9.78	9.77	9.77	1143	yfinance_1m
2026-09-22T12:29:00-04:00	9.77	9.78	9.77	9.77	5379	yfinance_1m
2026-09-22T12:30:00-04:00	9.76	9.765	9.75	9.765	2911	yfinance_1m
2026-09-22T12:31:00-04:00	9.765	9.765	9.765	9.765	1591	yfinance_1m
2026-09-22T12:32:00-04:00	9.78	9.785	9.77	9.78	5061	yfinance_1m
2026-09-22T12:33:00-04:00	9.78	9.78	9.77	9.78	1515	yfinance_1m
2026-09-22T12:34:00-04:00	9.78	9.805	9.77	9.805	3113	yfinance_1m
2026-09-22T12:35:00-04:00	9.795	9.805	9.795	9.805	1659	yfinance_1m
2026-09-22T12:36:00-04:00	9.82	9.82	9.79	9.805	6853	yfinance_1m
2026-09-22T12:37:00-04:00	9.805	9.805	9.805	9.805	1003	yfinance_1m
2026-09-22T12:38:00-04:00	9.805	9.805	9.785	9.785	1448	yfinance_1m
2026-09-22T12:39:00-04:00	9.79	9.79	9.79	9.79	370	yfinance_1m
2026-09-22T12:40:00-04:00	9.79	9.79	9.77	9.785	1125	yfinance_1m
2026-09-22T12:41:00-04:00	9.78	9.78	9.78	9.78	2963	yfinance_1m
2026-09-22T12:42:00-04:00	9.79	9.79	9.78	9.78	3772	yfinance_1m
2026-09-22T12:43:00-04:00	9.79	9.79	9.785	9.785	2626	yfinance_1m
2026-09-22T12:45:00-04:00	9.78	9.79	9.78	9.79	1238	yfinance_1m
2026-09-22T12:46:00-04:00	9.79	9.8	9.79	9.795	3615	yfinance_1m
2026-09-22T12:47:00-04:00	9.805	9.81	9.805	9.81	423	yfinance_1m
2026-09-22T12:48:00-04:00	9.805	9.86	9.8	9.855	5667	yfinance_1m
2026-09-22T12:49:00-04:00	9.845	9.85	9.845	9.85	1807	yfinance_1m
2026-09-22T12:50:00-04:00	9.85	9.85	9.85	9.85	2192	yfinance_1m
2026-09-22T12:51:00-04:00	9.84	9.85	9.84	9.85	3503	yfinance_1m
2026-09-22T12:52:00-04:00	9.85	9.85	9.8415	9.85	981	yfinance_1m
2026-09-22T12:53:00-04:00	9.85	9.865	9.85	9.865	3595	yfinance_1m
2026-09-22T12:54:00-04:00	9.865	9.87	9.865	9.87	1115	yfinance_1m
2026-09-22T12:55:00-04:00	9.87	9.87	9.87	9.87	1884	yfinance_1m
2026-09-22T12:56:00-04:00	9.88	9.88	9.83	9.83	8104	yfinance_1m
2026-09-22T12:57:00-04:00	9.84	9.84	9.83	9.84	1985	yfinance_1m
2026-09-22T12:58:00-04:00	9.84	9.84	9.8201	9.8201	2329	yfinance_1m
2026-09-22T12:59:00-04:00	9.83	9.84	9.83	9.835	1732	yfinance_1m
2026-09-22T13:00:00-04:00	9.835	9.835	9.835	9.835	925	yfinance_1m
2026-09-22T13:01:00-04:00	9.835	9.835	9.82	9.82	720	yfinance_1m
2026-09-22T13:02:00-04:00	9.82	9.82	9.805	9.805	1847	yfinance_1m
2026-09-22T13:04:00-04:00	9.8	9.8	9.79	9.79	1198	yfinance_1m
2026-09-22T13:05:00-04:00	9.8	9.81	9.79	9.8	12658	yfinance_1m
2026-09-22T13:06:00-04:00	9.81	9.81	9.81	9.81	1724	yfinance_1m
2026-09-22T13:07:00-04:00	9.82	9.82	9.805	9.805	1262	yfinance_1m
2026-09-22T13:08:00-04:00	9.805	9.805	9.805	9.805	900	yfinance_1m
2026-09-22T13:09:00-04:00	9.82	9.82	9.82	9.82	1130	yfinance_1m
2026-09-22T13:10:00-04:00	9.82	9.82	9.79	9.82	3477	yfinance_1m
2026-09-22T13:11:00-04:00	9.81	9.82	9.81	9.82	666	yfinance_1m
2026-09-22T13:12:00-04:00	9.79	9.82	9.79	9.82	929	yfinance_1m
2026-09-22T13:13:00-04:00	9.82	9.82	9.82	9.82	967	yfinance_1m
2026-09-22T13:14:00-04:00	9.81	9.81	9.81	9.81	2848	yfinance_1m
2026-09-22T13:15:00-04:00	9.81	9.81	9.795	9.795	4084	yfinance_1m
2026-09-22T13:16:00-04:00	9.795	9.81	9.795	9.805	3091	yfinance_1m
2026-09-22T13:17:00-04:00	9.805	9.805	9.805	9.805	759	yfinance_1m
2026-09-22T13:18:00-04:00	9.79	9.8172	9.79	9.79	5776	yfinance_1m
2026-09-22T13:19:00-04:00	9.785	9.8	9.75	9.76	12941	yfinance_1m
2026-09-22T13:20:00-04:00	9.76	9.76	9.7201	9.735	6709	yfinance_1m
2026-09-22T13:21:00-04:00	9.725	9.725	9.695	9.7	2317	yfinance_1m
2026-09-22T13:22:00-04:00	9.675	9.69	9.664094	9.69	1278	yfinance_1m
2026-09-22T13:23:00-04:00	9.69	9.69	9.67	9.69	2482	yfinance_1m
2026-09-22T13:24:00-04:00	9.69	9.7	9.681	9.7	13699	yfinance_1m
2026-09-22T13:25:00-04:00	9.69	9.69	9.68	9.68	5155	yfinance_1m
2026-09-22T13:26:00-04:00	9.68	9.68	9.68	9.68	857	yfinance_1m
2026-09-22T13:27:00-04:00	9.68	9.68	9.68	9.68	1565	yfinance_1m
2026-09-22T13:28:00-04:00	9.67	9.69	9.67	9.68	3916	yfinance_1m
2026-09-22T13:29:00-04:00	9.68	9.69	9.68	9.69	3313	yfinance_1m
2026-09-22T13:30:00-04:00	9.69	9.7	9.68	9.7	5805	yfinance_1m
2026-09-22T13:31:00-04:00	9.71	9.71	9.7	9.7094	2250	yfinance_1m
2026-09-22T13:32:00-04:00	9.7	9.7	9.69	9.69	3495	yfinance_1m
2026-09-22T13:33:00-04:00	9.695	9.695	9.695	9.695	1495	yfinance_1m
2026-09-22T13:34:00-04:00	9.68	9.69	9.6614	9.69	2083	yfinance_1m
2026-09-22T13:35:00-04:00	9.69	9.69	9.68	9.68	1008	yfinance_1m
2026-09-22T13:36:00-04:00	9.68	9.68	9.67	9.67	1364	yfinance_1m
2026-09-22T13:37:00-04:00	9.68	9.69	9.68	9.69	1587	yfinance_1m
2026-09-22T13:38:00-04:00	9.69	9.69	9.65	9.66	3483	yfinance_1m
2026-09-22T13:39:00-04:00	9.65	9.66	9.65	9.66	1233	yfinance_1m
2026-09-22T13:40:00-04:00	9.66	9.67	9.65	9.67	3862	yfinance_1m
2026-09-22T13:41:00-04:00	9.67	9.67	9.6501	9.6501	2474	yfinance_1m
2026-09-22T13:42:00-04:00	9.665	9.68	9.66	9.665	1938	yfinance_1m
2026-09-22T13:43:00-04:00	9.665	9.665	9.66	9.66	1332	yfinance_1m
2026-09-22T13:44:00-04:00	9.67	9.67	9.66	9.66	2023	yfinance_1m
2026-09-22T13:45:00-04:00	9.67	9.67	9.66	9.67	3483	yfinance_1m
2026-09-22T13:46:00-04:00	9.68	9.68	9.68	9.68	833	yfinance_1m
2026-09-22T13:47:00-04:00	9.68	9.68	9.67	9.67	1133	yfinance_1m
2026-09-22T13:48:00-04:00	9.68	9.685	9.66	9.68	12074	yfinance_1m
2026-09-22T13:49:00-04:00	9.68	9.69	9.68	9.69	1327	yfinance_1m
2026-09-22T13:50:00-04:00	9.69	9.69	9.67	9.68	2887	yfinance_1m
2026-09-22T13:51:00-04:00	9.68	9.68	9.68	9.68	995	yfinance_1m
2026-09-22T13:52:00-04:00	9.68	9.72	9.68	9.69	9023	yfinance_1m
2026-09-22T13:53:00-04:00	9.685	9.685	9.675	9.68	1488	yfinance_1m
2026-09-22T13:54:00-04:00	9.68	9.71	9.68	9.71	6196	yfinance_1m
2026-09-22T13:55:00-04:00	9.71	9.72	9.6856	9.69	4613	yfinance_1m
2026-09-22T13:56:00-04:00	9.7	9.72	9.7	9.7	3267	yfinance_1m
2026-09-22T13:57:00-04:00	9.7	9.72	9.7	9.72	1599	yfinance_1m
2026-09-22T13:58:00-04:00	9.71	9.72	9.69	9.72	9068	yfinance_1m
2026-09-22T13:59:00-04:00	9.715	9.74	9.715	9.74	2630	yfinance_1m
2026-09-22T14:00:00-04:00	9.725	9.725	9.71	9.71	1081	yfinance_1m
2026-09-22T14:01:00-04:00	9.72	9.7276	9.69	9.71	3609	yfinance_1m
2026-09-22T14:02:00-04:00	9.69	9.71	9.69	9.7	970	yfinance_1m
2026-09-22T14:03:00-04:00	9.71	9.72	9.7	9.7	3034	yfinance_1m
2026-09-22T14:04:00-04:00	9.71	9.73	9.71	9.71	3334	yfinance_1m
2026-09-22T14:05:00-04:00	9.72	9.72	9.71	9.72	1642	yfinance_1m
2026-09-22T14:06:00-04:00	9.7001	9.74	9.7001	9.74	3264	yfinance_1m
2026-09-22T14:07:00-04:00	9.73	9.73	9.71	9.72	2310	yfinance_1m
2026-09-22T14:08:00-04:00	9.705	9.71	9.7	9.7	1893	yfinance_1m
2026-09-22T14:09:00-04:00	9.71	9.72	9.705	9.72	3772	yfinance_1m
2026-09-22T14:10:00-04:00	9.73	9.735	9.73	9.73	2497	yfinance_1m
2026-09-22T14:11:00-04:00	9.74	9.745	9.735	9.735	2849	yfinance_1m
2026-09-22T14:12:00-04:00	9.73	9.73	9.72	9.72	5136	yfinance_1m
2026-09-22T14:13:00-04:00	9.71	9.73	9.71	9.7299	3512	yfinance_1m
2026-09-22T14:14:00-04:00	9.72	9.72	9.705	9.705	2270	yfinance_1m
2026-09-22T14:15:00-04:00	9.71	9.71	9.7	9.7	1166	yfinance_1m
2026-09-22T14:16:00-04:00	9.69	9.69	9.69	9.69	456	yfinance_1m
2026-09-22T14:17:00-04:00	9.68	9.7	9.68	9.7	10671	yfinance_1m
2026-09-22T14:18:00-04:00	9.7	9.72	9.7	9.72	4017	yfinance_1m
2026-09-22T14:19:00-04:00	9.72	9.736	9.72	9.736	4498	yfinance_1m
2026-09-22T14:20:00-04:00	9.73	9.74	9.73	9.74	1567	yfinance_1m
2026-09-22T14:21:00-04:00	9.74	9.75	9.73	9.75	3170	yfinance_1m
2026-09-22T14:22:00-04:00	9.75	9.775	9.75	9.77	11905	yfinance_1m
2026-09-22T14:23:00-04:00	9.77	9.77	9.765	9.765	1000	yfinance_1m
2026-09-22T14:24:00-04:00	9.76	9.775	9.76	9.77	2620	yfinance_1m
2026-09-22T14:25:00-04:00	9.77	9.77	9.76	9.765	1754	yfinance_1m
2026-09-22T14:26:00-04:00	9.765	9.8176	9.765	9.8176	6783	yfinance_1m
2026-09-22T14:27:00-04:00	9.82	9.82	9.82	9.82	565	yfinance_1m
2026-09-22T14:28:00-04:00	9.82	9.82	9.81	9.81	2549	yfinance_1m
2026-09-22T14:29:00-04:00	9.81	9.81	9.795	9.8	3171	yfinance_1m
2026-09-22T14:30:00-04:00	9.81	9.81	9.79	9.79	5521	yfinance_1m
2026-09-22T14:31:00-04:00	9.8	9.8	9.8	9.8	5902	yfinance_1m
2026-09-22T14:32:00-04:00	9.81	9.84	9.81	9.84	5167	yfinance_1m
2026-09-22T14:33:00-04:00	9.83	9.85	9.83	9.85	2765	yfinance_1m
2026-09-22T14:34:00-04:00	9.85	9.86	9.84	9.85	2641	yfinance_1m
2026-09-22T14:35:00-04:00	9.84	9.849	9.835	9.835	6030	yfinance_1m
2026-09-22T14:36:00-04:00	9.8307	9.84	9.83	9.83	1520	yfinance_1m
2026-09-22T14:37:00-04:00	9.83	9.83	9.8175	9.82	2925	yfinance_1m
2026-09-22T14:38:00-04:00	9.83	9.84	9.825	9.839	1900	yfinance_1m
2026-09-22T14:39:00-04:00	9.84	9.865	9.83	9.85	7815	yfinance_1m
2026-09-22T14:40:00-04:00	9.86	9.86	9.85	9.85	1698	yfinance_1m
2026-09-22T14:41:00-04:00	9.858	9.87	9.85	9.85	4200	yfinance_1m
2026-09-22T14:42:00-04:00	9.85	9.87	9.85	9.86	2740	yfinance_1m
2026-09-22T14:43:00-04:00	9.85	9.85	9.81	9.82	4046	yfinance_1m
2026-09-22T14:44:00-04:00	9.82	9.82	9.8	9.81	3043	yfinance_1m
2026-09-22T14:45:00-04:00	9.81	9.81	9.8	9.8	1342	yfinance_1m
2026-09-22T14:46:00-04:00	9.81	9.81	9.79	9.79	2290	yfinance_1m
2026-09-22T14:47:00-04:00	9.8	9.81	9.8	9.805	3863	yfinance_1m
2026-09-22T14:48:00-04:00	9.81	9.81	9.805	9.805	1044	yfinance_1m
2026-09-22T14:49:00-04:00	9.81	9.815	9.8	9.81	2374	yfinance_1m
2026-09-22T14:50:00-04:00	9.81	9.81	9.785	9.785	3822	yfinance_1m
2026-09-22T14:51:00-04:00	9.79	9.8	9.79	9.795	1533	yfinance_1m
2026-09-22T14:52:00-04:00	9.8	9.81	9.8	9.81	3313	yfinance_1m
2026-09-22T14:53:00-04:00	9.8	9.8	9.79	9.8	2416	yfinance_1m
2026-09-22T14:54:00-04:00	9.79	9.8	9.79	9.79	1811	yfinance_1m
2026-09-22T14:55:00-04:00	9.8	9.81	9.79	9.81	3027	yfinance_1m
2026-09-22T14:56:00-04:00	9.81	9.82	9.8	9.82	3297	yfinance_1m
2026-09-22T14:57:00-04:00	9.82	9.845	9.82	9.84	6355	yfinance_1m
2026-09-22T14:58:00-04:00	9.85	9.8565	9.8407	9.8495	4225	yfinance_1m
2026-09-22T14:59:00-04:00	9.85	9.85	9.8401	9.8401	1014	yfinance_1m
2026-09-22T15:00:00-04:00	9.845	9.855	9.845	9.845	7056	yfinance_1m
2026-09-22T15:01:00-04:00	9.84	9.85	9.8319	9.84	4323	yfinance_1m
2026-09-22T15:02:00-04:00	9.85	9.85	9.84	9.85	2064	yfinance_1m
2026-09-22T15:03:00-04:00	9.85	9.85	9.85	9.85	1082	yfinance_1m
2026-09-22T15:04:00-04:00	9.83	9.845	9.83	9.84	2302	yfinance_1m
2026-09-22T15:05:00-04:00	9.85	9.85	9.845	9.845	3328	yfinance_1m
2026-09-22T15:06:00-04:00	9.845	9.86	9.845	9.86	6148	yfinance_1m
2026-09-22T15:07:00-04:00	9.85	9.85	9.845	9.845	2895	yfinance_1m
2026-09-22T15:08:00-04:00	9.85	9.85	9.845	9.85	2921	yfinance_1m
2026-09-22T15:09:00-04:00	9.8401	9.85	9.8401	9.85	943	yfinance_1m
2026-09-22T15:10:00-04:00	9.845	9.915	9.845	9.88	54409	yfinance_1m
2026-09-22T15:11:00-04:00	9.88	9.88	9.84	9.855	18927	yfinance_1m
2026-09-22T15:12:00-04:00	9.86	9.86	9.84	9.85	3384	yfinance_1m
2026-09-22T15:13:00-04:00	9.86	9.86	9.83	9.835	7470	yfinance_1m
2026-09-22T15:14:00-04:00	9.835	9.86	9.835	9.8486	7647	yfinance_1m
2026-09-22T15:15:00-04:00	9.84	9.84	9.81	9.815	4463	yfinance_1m
2026-09-22T15:16:00-04:00	9.82	9.83	9.815	9.825	2649	yfinance_1m
2026-09-22T15:17:00-04:00	9.83	9.83	9.825	9.825	1615	yfinance_1m
2026-09-22T15:18:00-04:00	9.83	9.83	9.82	9.825	2184	yfinance_1m
2026-09-22T15:19:00-04:00	9.825	9.84	9.825	9.84	2198	yfinance_1m
2026-09-22T15:20:00-04:00	9.8367	9.84	9.82	9.83	7046	yfinance_1m
2026-09-22T15:21:00-04:00	9.83	9.84	9.83	9.833879	3719	yfinance_1m
2026-09-22T15:22:00-04:00	9.835	9.84	9.835	9.835	3565	yfinance_1m
2026-09-22T15:23:00-04:00	9.83	9.84	9.83	9.84	7983	yfinance_1m
2026-09-22T15:24:00-04:00	9.835	9.85	9.82	9.825	9820	yfinance_1m
2026-09-22T15:25:00-04:00	9.825	9.83	9.82	9.82	3052	yfinance_1m
2026-09-22T15:26:00-04:00	9.825	9.83	9.82	9.83	5078	yfinance_1m
2026-09-22T15:27:00-04:00	9.83	9.83	9.82	9.8294	4713	yfinance_1m
2026-09-22T15:28:00-04:00	9.82	9.825	9.82	9.825	6258	yfinance_1m
2026-09-22T15:29:00-04:00	9.825	9.835	9.81	9.82	17356	yfinance_1m
2026-09-22T15:30:00-04:00	9.81	9.82	9.81	9.81	4934	yfinance_1m
2026-09-22T15:31:00-04:00	9.81	9.83	9.81	9.8113	5763	yfinance_1m
2026-09-22T15:32:00-04:00	9.82	9.8294	9.81	9.8294	9718	yfinance_1m
2026-09-22T15:33:00-04:00	9.825	9.85	9.825	9.84	8301	yfinance_1m
2026-09-22T15:34:00-04:00	9.85	9.85	9.84	9.84	1611	yfinance_1m
2026-09-22T15:35:00-04:00	9.84	9.86	9.84	9.85	9560	yfinance_1m
2026-09-22T15:36:00-04:00	9.855	9.86	9.855	9.855	3812	yfinance_1m
2026-09-22T15:37:00-04:00	9.86	9.875	9.86	9.87	9630	yfinance_1m
2026-09-22T15:38:00-04:00	9.87	9.88	9.85	9.86	5864	yfinance_1m
2026-09-22T15:39:00-04:00	9.84	9.85	9.82	9.85	9332	yfinance_1m
2026-09-22T15:40:00-04:00	9.85	9.85	9.85	9.85	3885	yfinance_1m
2026-09-22T15:41:00-04:00	9.85	9.86	9.85	9.86	4493	yfinance_1m
2026-09-22T15:42:00-04:00	9.865	9.88	9.865	9.87	6327	yfinance_1m
2026-09-22T15:43:00-04:00	9.87	9.87	9.85	9.87	8232	yfinance_1m
2026-09-22T15:44:00-04:00	9.87	9.87	9.86	9.86	6131	yfinance_1m
2026-09-22T15:45:00-04:00	9.87	9.885	9.87	9.88	11087	yfinance_1m
2026-09-22T15:46:00-04:00	9.89	9.89	9.865	9.875	12639	yfinance_1m
2026-09-22T15:47:00-04:00	9.8709	9.88	9.85	9.85	11294	yfinance_1m
2026-09-22T15:48:00-04:00	9.85	9.85	9.84	9.84	7371	yfinance_1m
2026-09-22T15:49:00-04:00	9.8363	9.96	9.8363	9.93	62560	yfinance_1m
2026-09-22T15:50:00-04:00	9.93	9.93	9.89	9.895	12081	yfinance_1m
2026-09-22T15:51:00-04:00	9.89	9.905	9.86	9.9	24791	yfinance_1m
2026-09-22T15:52:00-04:00	9.9	9.9	9.875	9.88	25321	yfinance_1m
2026-09-22T15:53:00-04:00	9.88	9.89	9.86	9.885	16784	yfinance_1m
2026-09-22T15:54:00-04:00	9.885	9.885	9.87	9.88	13237	yfinance_1m
2026-09-22T15:55:00-04:00	9.87	9.9	9.87	9.89	23066	yfinance_1m
2026-09-22T15:56:00-04:00	9.895	9.925	9.89	9.925	30316	yfinance_1m
2026-09-22T15:57:00-04:00	9.925	9.97	9.915	9.945	52082	yfinance_1m
2026-09-22T15:58:00-04:00	9.94	9.95	9.92	9.92	83445	yfinance_1m
2026-09-22T15:59:00-04:00	9.925	9.93	9.88	9.895	103721	yfinance_1m
2026-09-23T09:30:00-04:00	9.79	9.79	9.69	9.69	46512	yfinance_1m
2026-09-23T09:31:00-04:00	9.675	9.72	9.675	9.72	1866	yfinance_1m
2026-09-23T09:32:00-04:00	9.79	9.83	9.79	9.799	4942	yfinance_1m
2026-09-23T09:33:00-04:00	9.8174	9.82	9.77	9.809	2533	yfinance_1m
2026-09-23T09:34:00-04:00	9.79	9.79	9.7	9.7	5823	yfinance_1m
2026-09-23T09:35:00-04:00	9.74	9.76	9.68	9.69	3961	yfinance_1m
2026-09-23T09:36:00-04:00	9.68	9.74	9.65	9.69	12612	yfinance_1m
2026-09-23T09:37:00-04:00	9.715	9.725	9.709	9.709	994	yfinance_1m
2026-09-23T09:38:00-04:00	9.71	9.72	9.69	9.72	2095	yfinance_1m
2026-09-23T09:39:00-04:00	9.719	9.719	9.68	9.68	8118	yfinance_1m
2026-09-23T09:40:00-04:00	9.6819	9.71	9.67	9.68	6006	yfinance_1m
2026-09-23T09:41:00-04:00	9.7	9.72	9.67	9.67	24194	yfinance_1m
2026-09-23T09:42:00-04:00	9.7	9.74	9.69	9.725	5397	yfinance_1m
2026-09-23T09:43:00-04:00	9.729	9.74	9.69	9.71	3529	yfinance_1m
2026-09-23T09:44:00-04:00	9.745	9.7758	9.72	9.72	1226	yfinance_1m
2026-09-23T09:45:00-04:00	9.745	9.79	9.69	9.7	8039	yfinance_1m
2026-09-23T09:46:00-04:00	9.74	9.76	9.74	9.74	1708	yfinance_1m
2026-09-23T09:47:00-04:00	9.755	9.815	9.74	9.815	2610	yfinance_1m
2026-09-23T09:48:00-04:00	9.8	9.8	9.73	9.735	12225	yfinance_1m
2026-09-23T09:49:00-04:00	9.71	9.76	9.71	9.745	3016	yfinance_1m
2026-09-23T09:50:00-04:00	9.745	9.83	9.74	9.81	7681	yfinance_1m
2026-09-23T09:51:00-04:00	9.795	9.8351	9.73	9.82	20430	yfinance_1m
2026-09-23T09:52:00-04:00	9.82	9.82	9.78	9.785	17661	yfinance_1m
2026-09-23T09:53:00-04:00	9.81	9.87	9.8	9.855	7746	yfinance_1m
2026-09-23T09:54:00-04:00	9.87	9.87	9.81	9.81	7298	yfinance_1m
2026-09-23T09:55:00-04:00	9.83	9.83	9.805	9.805	5966	yfinance_1m
2026-09-23T09:56:00-04:00	9.79	9.83	9.79	9.83	8171	yfinance_1m
2026-09-23T09:57:00-04:00	9.85	9.85	9.825	9.825	1385	yfinance_1m
2026-09-23T09:58:00-04:00	9.81	9.9	9.81	9.86	3101	yfinance_1m
2026-09-23T09:59:00-04:00	9.86	9.86	9.8	9.8	2010	yfinance_1m
2026-09-23T10:00:00-04:00	9.8131	9.89	9.8131	9.8615	4139	yfinance_1m
2026-09-23T10:01:00-04:00	9.9	9.96	9.9	9.945	9310	yfinance_1m
2026-09-23T10:02:00-04:00	9.945	9.945	9.9	9.9372	19269	yfinance_1m
2026-09-23T10:03:00-04:00	9.92	9.9599	9.92	9.94	3784	yfinance_1m
2026-09-23T10:04:00-04:00	9.9534	9.9534	9.9	9.91	14046	yfinance_1m
2026-09-23T10:05:00-04:00	9.93	9.93	9.885	9.885	3717	yfinance_1m
2026-09-23T10:06:00-04:00	9.885	9.91	9.87	9.895	2655	yfinance_1m
2026-09-23T10:07:00-04:00	9.89	9.91	9.88	9.91	6364	yfinance_1m
2026-09-23T10:08:00-04:00	9.9	9.9	9.88	9.895	2161	yfinance_1m
2026-09-23T10:09:00-04:00	9.89	9.9	9.89	9.89	845	yfinance_1m
2026-09-23T10:10:00-04:00	9.89	9.89	9.83	9.835	10804	yfinance_1m
2026-09-23T10:11:00-04:00	9.82	9.835	9.82	9.835	1238	yfinance_1m
2026-09-23T10:12:00-04:00	9.85	9.86	9.83	9.83	3766	yfinance_1m
2026-09-23T10:13:00-04:00	9.825	9.825	9.74	9.765	12013	yfinance_1m
2026-09-23T10:14:00-04:00	9.7899	9.7899	9.74	9.76	1052	yfinance_1m
2026-09-23T10:15:00-04:00	9.74	9.755	9.71	9.7197	2349	yfinance_1m
2026-09-23T10:16:00-04:00	9.73	9.76	9.7	9.755	7451	yfinance_1m
2026-09-23T10:17:00-04:00	9.765	9.765	9.75	9.76	3360	yfinance_1m
2026-09-23T10:18:00-04:00	9.76	9.76	9.71	9.71	2521	yfinance_1m
2026-09-23T10:19:00-04:00	9.7	9.715	9.7	9.7	1770	yfinance_1m
2026-09-23T10:20:00-04:00	9.68	9.685	9.67	9.675	2407	yfinance_1m
2026-09-23T10:21:00-04:00	9.675	9.69	9.675	9.685	3107	yfinance_1m
2026-09-23T10:22:00-04:00	9.685	9.685	9.62	9.62	6342	yfinance_1m
2026-09-23T10:23:00-04:00	9.6001	9.63	9.6001	9.63	3817	yfinance_1m
2026-09-23T10:24:00-04:00	9.62	9.67	9.62	9.655	5911	yfinance_1m
2026-09-23T10:25:00-04:00	9.65	9.66	9.635	9.65	4512	yfinance_1m
2026-09-23T10:26:00-04:00	9.655	9.6636	9.6525	9.6636	1533	yfinance_1m
2026-09-23T10:27:00-04:00	9.66	9.665	9.62	9.62	2959	yfinance_1m
2026-09-23T10:28:00-04:00	9.63	9.63	9.61	9.62	7893	yfinance_1m
2026-09-23T10:29:00-04:00	9.61	9.64	9.61	9.64	1972	yfinance_1m
2026-09-23T10:30:00-04:00	9.62	9.62	9.59	9.59	11542	yfinance_1m
2026-09-23T10:31:00-04:00	9.59	9.61	9.5542	9.61	12834	yfinance_1m
2026-09-23T10:32:00-04:00	9.61	9.62	9.6	9.61	5472	yfinance_1m
2026-09-23T10:33:00-04:00	9.61	9.61	9.6	9.61	3036	yfinance_1m
2026-09-23T10:34:00-04:00	9.62	9.64	9.585	9.64	3778	yfinance_1m
2026-09-23T10:35:00-04:00	9.63	9.64	9.62	9.64	2794	yfinance_1m
2026-09-23T10:36:00-04:00	9.645	9.69	9.645	9.675	4551	yfinance_1m
2026-09-23T10:37:00-04:00	9.71	9.72	9.68	9.68	17957	yfinance_1m
2026-09-23T10:38:00-04:00	9.68	9.7	9.6639	9.69	7360	yfinance_1m
2026-09-23T10:39:00-04:00	9.7	9.77	9.7	9.76	10558	yfinance_1m
2026-09-23T10:40:00-04:00	9.75	9.8	9.75	9.76	10824	yfinance_1m
2026-09-23T10:41:00-04:00	9.775	9.78	9.77	9.77	3024	yfinance_1m
2026-09-23T10:42:00-04:00	9.77	9.778	9.77	9.778	1773	yfinance_1m
2026-09-23T10:43:00-04:00	9.76	9.804	9.75	9.77	10538	yfinance_1m
2026-09-23T10:44:00-04:00	9.78	9.81	9.78	9.81	2411	yfinance_1m
2026-09-23T10:45:00-04:00	9.795	9.795	9.77	9.77	2385	yfinance_1m
2026-09-23T10:46:00-04:00	9.77	9.78	9.76	9.78	1715	yfinance_1m
2026-09-23T10:47:00-04:00	9.775	9.815	9.77	9.795	19589	yfinance_1m
2026-09-23T10:48:00-04:00	9.78	9.79	9.77	9.79	2157	yfinance_1m
2026-09-23T10:49:00-04:00	9.79	9.79	9.77	9.785	2762	yfinance_1m
2026-09-23T10:50:00-04:00	9.8	9.83	9.8	9.8	2796	yfinance_1m
2026-09-23T10:51:00-04:00	9.79	9.865	9.79	9.86	9915	yfinance_1m
2026-09-23T10:52:00-04:00	9.85	9.85	9.82	9.825	8238	yfinance_1m
2026-09-23T10:53:00-04:00	9.83	9.87	9.825	9.87	12894	yfinance_1m
2026-09-23T10:54:00-04:00	9.8541	9.9	9.8541	9.9	7211	yfinance_1m
2026-09-23T10:55:00-04:00	9.899	9.91	9.88	9.885	3058	yfinance_1m
2026-09-23T10:56:00-04:00	9.88	9.89	9.87	9.89	7894	yfinance_1m
2026-09-23T10:57:00-04:00	9.9	9.9	9.89	9.89	1886	yfinance_1m
2026-09-23T10:58:00-04:00	9.89	9.9	9.88	9.88	2277	yfinance_1m
2026-09-23T10:59:00-04:00	9.88	9.905	9.88	9.9	3578	yfinance_1m
2026-09-23T11:00:00-04:00	9.89	9.9	9.89	9.895	1730	yfinance_1m
2026-09-23T11:01:00-04:00	9.895	9.91	9.895	9.9	6120	yfinance_1m
2026-09-23T11:02:00-04:00	9.9	9.905	9.871	9.88	3553	yfinance_1m
2026-09-23T11:03:00-04:00	9.88	9.9	9.87	9.9	3205	yfinance_1m
2026-09-23T11:04:00-04:00	9.9	9.9	9.88	9.88	1473	yfinance_1m
2026-09-23T11:05:00-04:00	9.885	9.885	9.87	9.875	6595	yfinance_1m
2026-09-23T11:06:00-04:00	9.89	9.89	9.87	9.87	2910	yfinance_1m
2026-09-23T11:07:00-04:00	9.87	9.88	9.86	9.88	7183	yfinance_1m
2026-09-23T11:08:00-04:00	9.889	9.955	9.889	9.955	4764	yfinance_1m
2026-09-23T11:09:00-04:00	9.955	9.97	9.955	9.96	1515	yfinance_1m
2026-09-23T11:10:00-04:00	9.97	9.985	9.96	9.96	7016	yfinance_1m
2026-09-23T11:11:00-04:00	9.964	9.985	9.93	9.985	8689	yfinance_1m
2026-09-23T11:12:00-04:00	9.985	10.02	9.965	10.02	24377	yfinance_1m
2026-09-23T11:13:00-04:00	10.02	10.03	9.985	10.03	16546	yfinance_1m
2026-09-23T11:14:00-04:00	10.01	10.04	9.99	9.99	10670	yfinance_1m
2026-09-23T11:15:00-04:00	9.985	9.99	9.96	9.98	11078	yfinance_1m
2026-09-23T11:16:00-04:00	9.96	10.0	9.9401	9.99	7042	yfinance_1m
2026-09-23T11:17:00-04:00	10.0	10.0	9.88	9.89	45942	yfinance_1m
2026-09-23T11:18:00-04:00	9.9	9.9	9.88	9.88	2554	yfinance_1m
2026-09-23T11:19:00-04:00	9.89	9.91	9.89	9.9	1550	yfinance_1m
2026-09-23T11:20:00-04:00	9.89	9.9	9.89	9.89	1954	yfinance_1m
2026-09-23T11:21:00-04:00	9.88	9.88	9.855	9.865	8959	yfinance_1m
2026-09-23T11:22:00-04:00	9.865	9.88	9.854	9.865	3599	yfinance_1m
2026-09-23T11:23:00-04:00	9.88	9.92	9.88	9.92	3849	yfinance_1m
2026-09-23T11:24:00-04:00	9.92	9.94	9.92	9.94	1649	yfinance_1m
2026-09-23T11:25:00-04:00	9.92	9.92	9.92	9.92	993	yfinance_1m
2026-09-23T11:26:00-04:00	9.92	9.92	9.9	9.915	9793	yfinance_1m
2026-09-23T11:27:00-04:00	9.915	9.93	9.915	9.915	3941	yfinance_1m
2026-09-23T11:28:00-04:00	9.9299	9.9299	9.88	9.89	10372	yfinance_1m
2026-09-23T11:29:00-04:00	9.89	9.89	9.87	9.87	2516	yfinance_1m
2026-09-23T11:30:00-04:00	9.865	9.865	9.85	9.85	7675	yfinance_1m
2026-09-23T11:31:00-04:00	9.86	9.87	9.86	9.86	2752	yfinance_1m
2026-09-23T11:32:00-04:00	9.86	9.86	9.85	9.85	4235	yfinance_1m
2026-09-23T11:33:00-04:00	9.845	9.86	9.845	9.86	3013	yfinance_1m
2026-09-23T11:34:00-04:00	9.852	9.9	9.852	9.9	9047	yfinance_1m
2026-09-23T11:35:00-04:00	9.9	9.91	9.88	9.91	3325	yfinance_1m
2026-09-23T11:36:00-04:00	9.91	9.91	9.89	9.894	9725	yfinance_1m
2026-09-23T11:37:00-04:00	9.9	9.91	9.9	9.91	2937	yfinance_1m
2026-09-23T11:38:00-04:00	9.91	9.91	9.9	9.9	2811	yfinance_1m
2026-09-23T11:39:00-04:00	9.89	9.9	9.89	9.895	2961	yfinance_1m
2026-09-23T11:40:00-04:00	9.88	9.88	9.88	9.88	1368	yfinance_1m
2026-09-23T11:41:00-04:00	9.88	9.88	9.87	9.87	2622	yfinance_1m
2026-09-23T11:42:00-04:00	9.86	9.87	9.86	9.87	1504	yfinance_1m
2026-09-23T11:43:00-04:00	9.85	9.88	9.84	9.86	11637	yfinance_1m
2026-09-23T11:44:00-04:00	9.88	9.9	9.88	9.9	2717	yfinance_1m
2026-09-23T11:45:00-04:00	9.9	9.9	9.87	9.88	18866	yfinance_1m
2026-09-23T11:46:00-04:00	9.88	9.905	9.88	9.905	1776	yfinance_1m
2026-09-23T11:47:00-04:00	9.9	9.9	9.86	9.87	14885	yfinance_1m
2026-09-23T11:48:00-04:00	9.87	9.88	9.87	9.87	2147	yfinance_1m
2026-09-23T11:49:00-04:00	9.865	9.87	9.865	9.865	1666	yfinance_1m
2026-09-23T11:50:00-04:00	9.865	9.865	9.83	9.83	9163	yfinance_1m
2026-09-23T11:51:00-04:00	9.82	9.82	9.81	9.81	1975	yfinance_1m
2026-09-23T11:52:00-04:00	9.805	9.81	9.805	9.81	1783	yfinance_1m
2026-09-23T11:53:00-04:00	9.8062	9.8062	9.79	9.8	4995	yfinance_1m
2026-09-23T11:54:00-04:00	9.81	9.81	9.79	9.81	4826	yfinance_1m
2026-09-23T11:55:00-04:00	9.81	9.81	9.8	9.8	2981	yfinance_1m
2026-09-23T11:56:00-04:00	9.8	9.8	9.8	9.8	2543	yfinance_1m
2026-09-23T11:57:00-04:00	9.8	9.815	9.8	9.815	4579	yfinance_1m
2026-09-23T11:58:00-04:00	9.82	9.82	9.81	9.82	1902	yfinance_1m
2026-09-23T11:59:00-04:00	9.83	9.83	9.815	9.815	2439	yfinance_1m
2026-09-23T12:00:00-04:00	9.8	9.8	9.79	9.7925	1832	yfinance_1m
2026-09-23T12:01:00-04:00	9.78	9.785	9.75	9.75	4102	yfinance_1m
2026-09-23T12:02:00-04:00	9.74	9.76	9.73	9.76	11716	yfinance_1m
2026-09-23T12:03:00-04:00	9.76	9.79	9.76	9.79	2243	yfinance_1m
2026-09-23T12:04:00-04:00	9.785	9.81	9.785	9.81	2245	yfinance_1m
2026-09-23T12:05:00-04:00	9.785	9.785	9.78	9.785	2831	yfinance_1m
2026-09-23T12:06:00-04:00	9.7752	9.8	9.7752	9.8	3647	yfinance_1m
2026-09-23T12:07:00-04:00	9.78	9.81	9.78	9.79	5463	yfinance_1m
2026-09-23T12:08:00-04:00	9.79	9.8	9.79	9.79	1795	yfinance_1m
2026-09-23T12:09:00-04:00	9.79	9.79	9.765	9.765	2585	yfinance_1m
2026-09-23T12:10:00-04:00	9.78	9.78	9.775	9.775	1094	yfinance_1m
2026-09-23T12:11:00-04:00	9.79	9.8	9.78	9.8	3958	yfinance_1m
2026-09-23T12:12:00-04:00	9.785	9.8	9.785	9.79	3031	yfinance_1m
2026-09-23T12:13:00-04:00	9.79	9.79	9.77	9.78	1473	yfinance_1m
2026-09-23T12:14:00-04:00	9.79	9.81	9.79	9.81	2840	yfinance_1m
2026-09-23T12:15:00-04:00	9.81	9.81	9.795	9.795	915	yfinance_1m
2026-09-23T12:16:00-04:00	9.795	9.795	9.79	9.79	1500	yfinance_1m
2026-09-23T12:17:00-04:00	9.79	9.79	9.79	9.79	2378	yfinance_1m
2026-09-23T12:18:00-04:00	9.8	9.8	9.8	9.8	649	yfinance_1m
2026-09-23T12:19:00-04:00	9.79	9.79	9.78	9.785	3356	yfinance_1m
2026-09-23T12:20:00-04:00	9.78	9.79	9.71	9.725	17459	yfinance_1m
2026-09-23T12:21:00-04:00	9.72	9.725	9.72	9.725	2035	yfinance_1m
2026-09-23T12:22:00-04:00	9.7235	9.735	9.7235	9.73	1680	yfinance_1m
2026-09-23T12:23:00-04:00	9.74	9.74	9.7322	9.74	767	yfinance_1m
2026-09-23T12:24:00-04:00	9.73	9.77	9.73	9.75	7392	yfinance_1m
2026-09-23T12:25:00-04:00	9.74	9.74	9.71	9.72	16066	yfinance_1m
2026-09-23T12:26:00-04:00	9.727	9.755	9.727	9.755	3544	yfinance_1m
2026-09-23T12:27:00-04:00	9.76	9.77	9.76	9.77	2000	yfinance_1m
2026-09-23T12:28:00-04:00	9.77	9.77	9.76	9.77	2397	yfinance_1m
2026-09-23T12:29:00-04:00	9.75	9.76	9.74	9.74	614	yfinance_1m
2026-09-23T12:30:00-04:00	9.76	9.76	9.75	9.76	2686	yfinance_1m
2026-09-23T12:31:00-04:00	9.755	9.76	9.74	9.75	2127	yfinance_1m
2026-09-23T12:32:00-04:00	9.7475	9.7475	9.72	9.725	3161	yfinance_1m
2026-09-23T12:33:00-04:00	9.735	9.75	9.735	9.74	2214	yfinance_1m
2026-09-23T12:34:00-04:00	9.745	9.77	9.745	9.77	3854	yfinance_1m
2026-09-23T12:36:00-04:00	9.76	9.77	9.755	9.765	3076	yfinance_1m
2026-09-23T12:37:00-04:00	9.765	9.765	9.75	9.755	1812	yfinance_1m
2026-09-23T12:38:00-04:00	9.755	9.76	9.75	9.75	1970	yfinance_1m
2026-09-23T12:39:00-04:00	9.75	9.755	9.73	9.755	1157	yfinance_1m
2026-09-23T12:40:00-04:00	9.75	9.75	9.74	9.75	1113	yfinance_1m
2026-09-23T12:41:00-04:00	9.73	9.75	9.73	9.73	2475	yfinance_1m
2026-09-23T12:42:00-04:00	9.725	9.725	9.701	9.72	2426	yfinance_1m
2026-09-23T12:43:00-04:00	9.72	9.72	9.72	9.72	774	yfinance_1m
2026-09-23T12:44:00-04:00	9.72	9.74	9.72	9.72	1551	yfinance_1m
2026-09-23T12:45:00-04:00	9.715	9.73	9.7	9.73	2273	yfinance_1m
2026-09-23T12:46:00-04:00	9.72	9.74	9.72	9.74	1983	yfinance_1m
2026-09-23T12:47:00-04:00	9.725	9.74	9.725	9.74	1263	yfinance_1m
2026-09-23T12:48:00-04:00	9.725	9.74	9.71	9.71	2123	yfinance_1m
2026-09-23T12:49:00-04:00	9.725	9.74	9.725	9.725	906	yfinance_1m
2026-09-23T12:50:00-04:00	9.715	9.73	9.71	9.73	5631	yfinance_1m
2026-09-23T12:51:00-04:00	9.72	9.73	9.7125	9.73	1827	yfinance_1m
2026-09-23T12:52:00-04:00	9.72	9.72	9.715	9.715	1870	yfinance_1m
2026-09-23T12:53:00-04:00	9.71	9.72	9.69	9.72	6783	yfinance_1m
2026-09-23T12:54:00-04:00	9.71	9.73	9.71	9.726	6205	yfinance_1m
2026-09-23T12:55:00-04:00	9.73	9.735	9.73	9.735	1233	yfinance_1m
2026-09-23T12:56:00-04:00	9.735	9.77	9.73	9.76	7391	yfinance_1m
2026-09-23T12:57:00-04:00	9.76	9.76	9.76	9.76	2891	yfinance_1m
2026-09-23T12:58:00-04:00	9.76	9.76	9.73	9.735	3492	yfinance_1m
2026-09-23T12:59:00-04:00	9.74	9.74	9.72	9.72	1540	yfinance_1m
2026-09-23T13:00:00-04:00	9.72	9.72	9.7	9.71	10419	yfinance_1m
2026-09-23T13:01:00-04:00	9.71	9.71	9.71	9.71	980	yfinance_1m
2026-09-23T13:02:00-04:00	9.7	9.71	9.64	9.64	7810	yfinance_1m
2026-09-23T13:03:00-04:00	9.65	9.66	9.65	9.66	1885	yfinance_1m
2026-09-23T13:04:00-04:00	9.655	9.655	9.62	9.65	36536	yfinance_1m
2026-09-23T13:05:00-04:00	9.6344	9.635	9.61	9.62	4962	yfinance_1m
2026-09-23T13:06:00-04:00	9.625	9.64	9.625	9.64	1242	yfinance_1m
2026-09-23T13:07:00-04:00	9.625	9.625	9.625	9.625	413	yfinance_1m
2026-09-23T13:08:00-04:00	9.625	9.64	9.61	9.64	10096	yfinance_1m
2026-09-23T13:09:00-04:00	9.65	9.65	9.63	9.64	3859	yfinance_1m
2026-09-23T13:10:00-04:00	9.6593	9.6593	9.635	9.64	2760	yfinance_1m
2026-09-23T13:11:00-04:00	9.65	9.66	9.63	9.64	5675	yfinance_1m
2026-09-23T13:12:00-04:00	9.64	9.65	9.64	9.65	2223	yfinance_1m
2026-09-23T13:13:00-04:00	9.635	9.635	9.635	9.635	517	yfinance_1m
2026-09-23T13:14:00-04:00	9.65	9.6625	9.64	9.64	10828	yfinance_1m
2026-09-23T13:15:00-04:00	9.64	9.66	9.64	9.66	10292	yfinance_1m
2026-09-23T13:16:00-04:00	9.6599	9.66	9.65	9.66	3529	yfinance_1m
2026-09-23T13:17:00-04:00	9.6599	9.67	9.65	9.665	3231	yfinance_1m
2026-09-23T13:18:00-04:00	9.67	9.6764	9.67	9.6764	1214	yfinance_1m
2026-09-23T13:19:00-04:00	9.67	9.67	9.64	9.64	9049	yfinance_1m
2026-09-23T13:20:00-04:00	9.64	9.64	9.6	9.62	3214	yfinance_1m
2026-09-23T13:21:00-04:00	9.62	9.63	9.61	9.63	2302	yfinance_1m
2026-09-23T13:22:00-04:00	9.61	9.63	9.61	9.63	1940	yfinance_1m
2026-09-23T13:23:00-04:00	9.63	9.63	9.63	9.63	1714	yfinance_1m
2026-09-23T13:24:00-04:00	9.63	9.632	9.62	9.63	2118	yfinance_1m
2026-09-23T13:25:00-04:00	9.63	9.63	9.61	9.615	3726	yfinance_1m
2026-09-23T13:26:00-04:00	9.6	9.6	9.6	9.6	2475	yfinance_1m
2026-09-23T13:27:00-04:00	9.6	9.61	9.59	9.61	2266	yfinance_1m
2026-09-23T13:28:00-04:00	9.61	9.61	9.595	9.595	1310	yfinance_1m
2026-09-23T13:29:00-04:00	9.6	9.62	9.5849	9.62	4830	yfinance_1m
2026-09-23T13:30:00-04:00	9.62	9.62	9.62	9.62	547	yfinance_1m
2026-09-23T13:31:00-04:00	9.605	9.62	9.6	9.62	7179	yfinance_1m
2026-09-23T13:32:00-04:00	9.61	9.61	9.6073	9.6073	689	yfinance_1m
2026-09-23T13:33:00-04:00	9.605	9.61	9.6	9.61	4423	yfinance_1m
2026-09-23T13:34:00-04:00	9.61	9.61	9.609	9.61	3108	yfinance_1m
2026-09-23T13:36:00-04:00	9.59	9.6	9.59	9.59	4149	yfinance_1m
2026-09-23T13:37:00-04:00	9.5932	9.5932	9.5932	9.5932	229	yfinance_1m
2026-09-23T13:38:00-04:00	9.6	9.61	9.59	9.59	6735	yfinance_1m
2026-09-23T13:39:00-04:00	9.6	9.61	9.6	9.61	3944	yfinance_1m
2026-09-23T13:40:00-04:00	9.605	9.61	9.6	9.6	2383	yfinance_1m
2026-09-23T13:41:00-04:00	9.6	9.62	9.6	9.62	2310	yfinance_1m
2026-09-23T13:42:00-04:00	9.63	9.64	9.63	9.64	3496	yfinance_1m
2026-09-23T13:43:00-04:00	9.65	9.68	9.65	9.68	2818	yfinance_1m
2026-09-23T13:44:00-04:00	9.68	9.7	9.66	9.685	8525	yfinance_1m
2026-09-23T13:45:00-04:00	9.67	9.675	9.66	9.66	11278	yfinance_1m
2026-09-23T13:46:00-04:00	9.68	9.68	9.68	9.68	1022	yfinance_1m
2026-09-23T13:47:00-04:00	9.675	9.69	9.675	9.68	3583	yfinance_1m
2026-09-23T13:48:00-04:00	9.69	9.7	9.69	9.7	3677	yfinance_1m
2026-09-23T13:49:00-04:00	9.7	9.72	9.7	9.715	2090	yfinance_1m
2026-09-23T13:50:00-04:00	9.71	9.72	9.7	9.7	3930	yfinance_1m
2026-09-23T13:51:00-04:00	9.7	9.71	9.7	9.7099	1523	yfinance_1m
2026-09-23T13:52:00-04:00	9.7	9.7	9.7	9.7	1208	yfinance_1m
2026-09-23T13:53:00-04:00	9.695	9.695	9.68	9.68	8043	yfinance_1m
2026-09-23T13:54:00-04:00	9.68	9.7	9.68	9.7	2016	yfinance_1m
2026-09-23T13:55:00-04:00	9.68	9.69	9.68	9.69	1142	yfinance_1m
2026-09-23T13:56:00-04:00	9.69	9.69	9.68	9.69	1553	yfinance_1m
2026-09-23T13:57:00-04:00	9.68	9.68	9.68	9.68	1530	yfinance_1m
2026-09-23T13:58:00-04:00	9.68	9.69	9.68	9.69	3183	yfinance_1m
2026-09-23T13:59:00-04:00	9.68	9.68	9.64	9.65	8647	yfinance_1m
2026-09-23T14:00:00-04:00	9.64	9.65	9.64	9.65	5005	yfinance_1m
2026-09-23T14:01:00-04:00	9.659	9.66	9.65	9.66	1438	yfinance_1m
2026-09-23T14:02:00-04:00	9.645	9.645	9.61	9.62	4117	yfinance_1m
2026-09-23T14:03:00-04:00	9.63	9.65	9.63	9.65	1634	yfinance_1m
2026-09-23T14:04:00-04:00	9.6139	9.64	9.6139	9.64	3065	yfinance_1m
2026-09-23T14:05:00-04:00	9.625	9.625	9.61	9.61	1699	yfinance_1m
2026-09-23T14:06:00-04:00	9.62	9.63	9.6	9.62	2604	yfinance_1m
2026-09-23T14:07:00-04:00	9.62	9.62	9.605	9.605	750	yfinance_1m
2026-09-23T14:08:00-04:00	9.605	9.62	9.605	9.62	695	yfinance_1m
2026-09-23T14:09:00-04:00	9.605	9.62	9.59	9.62	7784	yfinance_1m
2026-09-23T14:10:00-04:00	9.62	9.64	9.61	9.625	14817	yfinance_1m
2026-09-23T14:11:00-04:00	9.62	9.63	9.61	9.615	1697	yfinance_1m
2026-09-23T14:12:00-04:00	9.62	9.63	9.62	9.63	3820	yfinance_1m
2026-09-23T14:13:00-04:00	9.625	9.64	9.625	9.64	2517	yfinance_1m
2026-09-23T14:14:00-04:00	9.63	9.64	9.63	9.64	2248	yfinance_1m
2026-09-23T14:15:00-04:00	9.64	9.64	9.64	9.64	364	yfinance_1m
2026-09-23T14:16:00-04:00	9.65	9.65	9.645	9.645	1108	yfinance_1m
2026-09-23T14:17:00-04:00	9.645	9.655	9.645	9.655	2304	yfinance_1m
2026-09-23T14:18:00-04:00	9.655	9.655	9.655	9.655	430	yfinance_1m
2026-09-23T14:19:00-04:00	9.655	9.655	9.655	9.655	1102	yfinance_1m
2026-09-23T14:20:00-04:00	9.655	9.66	9.65	9.655	8993	yfinance_1m
2026-09-23T14:21:00-04:00	9.655	9.67	9.65	9.65	5315	yfinance_1m
2026-09-23T14:22:00-04:00	9.66	9.66	9.66	9.66	1198	yfinance_1m
2026-09-23T14:23:00-04:00	9.65	9.655	9.65	9.655	988	yfinance_1m
2026-09-23T14:24:00-04:00	9.655	9.66	9.65	9.65	1196	yfinance_1m
2026-09-23T14:25:00-04:00	9.66	9.66	9.65	9.65	1018	yfinance_1m
2026-09-23T14:26:00-04:00	9.65	9.655	9.625	9.645	13653	yfinance_1m
2026-09-23T14:27:00-04:00	9.64	9.645	9.635	9.64	4520	yfinance_1m
2026-09-23T14:28:00-04:00	9.635	9.64	9.63	9.63	2165	yfinance_1m
2026-09-23T14:29:00-04:00	9.64	9.64	9.62	9.63	1592	yfinance_1m
2026-09-23T14:30:00-04:00	9.63	9.64	9.63	9.64	2448	yfinance_1m
2026-09-23T14:31:00-04:00	9.62	9.625	9.6	9.61	7070	yfinance_1m
2026-09-23T14:32:00-04:00	9.61	9.62	9.61	9.62	2612	yfinance_1m
2026-09-23T14:33:00-04:00	9.62	9.63	9.62	9.63	2583	yfinance_1m
2026-09-23T14:34:00-04:00	9.63	9.66	9.63	9.65	7536	yfinance_1m
2026-09-23T14:35:00-04:00	9.655	9.665	9.65	9.66	4968	yfinance_1m
2026-09-23T14:36:00-04:00	9.67	9.67	9.66	9.67	2242	yfinance_1m
2026-09-23T14:37:00-04:00	9.665	9.69	9.665	9.69	1570	yfinance_1m
2026-09-23T14:38:00-04:00	9.685	9.685	9.685	9.685	1020	yfinance_1m
2026-09-23T14:39:00-04:00	9.67	9.69	9.67	9.69	2412	yfinance_1m
2026-09-23T14:40:00-04:00	9.67	9.68	9.66	9.68	2381	yfinance_1m
2026-09-23T14:41:00-04:00	9.66	9.68	9.66	9.68	2407	yfinance_1m
2026-09-23T14:42:00-04:00	9.67	9.69	9.67	9.68	2494	yfinance_1m
2026-09-23T14:43:00-04:00	9.68	9.695	9.68	9.69	2481	yfinance_1m
2026-09-23T14:44:00-04:00	9.695	9.695	9.685	9.69	5063	yfinance_1m
2026-09-23T14:45:00-04:00	9.685	9.685	9.68	9.68	2200	yfinance_1m
2026-09-23T14:46:00-04:00	9.68	9.68	9.675	9.68	1551	yfinance_1m
2026-09-23T14:47:00-04:00	9.675	9.69	9.675	9.685	3690	yfinance_1m
2026-09-23T14:48:00-04:00	9.69	9.69	9.68	9.69	4103	yfinance_1m
2026-09-23T14:49:00-04:00	9.7	9.705	9.695	9.695	1780	yfinance_1m
2026-09-23T14:50:00-04:00	9.69	9.69	9.685	9.69	1508	yfinance_1m
2026-09-23T14:51:00-04:00	9.69	9.7	9.685	9.69	3155	yfinance_1m
2026-09-23T14:52:00-04:00	9.685	9.69	9.685	9.685	2132	yfinance_1m
2026-09-23T14:53:00-04:00	9.68	9.685	9.68	9.685	704	yfinance_1m
2026-09-23T14:54:00-04:00	9.685	9.69	9.68	9.68	6433	yfinance_1m
2026-09-23T14:55:00-04:00	9.68	9.695	9.68	9.695	4498	yfinance_1m
2026-09-23T14:56:00-04:00	9.695	9.695	9.69	9.69	4697	yfinance_1m
2026-09-23T14:57:00-04:00	9.69	9.7	9.68	9.69	2713	yfinance_1m
2026-09-23T14:58:00-04:00	9.69	9.695	9.68	9.685	5487	yfinance_1m
2026-09-23T14:59:00-04:00	9.685	9.685	9.675	9.68	4046	yfinance_1m
2026-09-23T15:00:00-04:00	9.685	9.685	9.67	9.67	5633	yfinance_1m
2026-09-23T15:01:00-04:00	9.67	9.68	9.66	9.66	4465	yfinance_1m
2026-09-23T15:02:00-04:00	9.66	9.66	9.65	9.65	499	yfinance_1m
2026-09-23T15:03:00-04:00	9.66	9.67	9.66	9.66	5652	yfinance_1m
2026-09-23T15:04:00-04:00	9.66	9.66	9.645	9.65	4364	yfinance_1m
2026-09-23T15:05:00-04:00	9.65	9.65	9.62	9.62	3783	yfinance_1m
2026-09-23T15:06:00-04:00	9.62	9.62	9.615	9.62	3990	yfinance_1m
2026-09-23T15:07:00-04:00	9.63	9.63	9.63	9.63	1825	yfinance_1m
2026-09-23T15:08:00-04:00	9.6302	9.65	9.6302	9.65	6208	yfinance_1m
2026-09-23T15:09:00-04:00	9.65	9.65	9.62	9.625	1595	yfinance_1m
2026-09-23T15:10:00-04:00	9.62	9.625	9.615	9.62	4600	yfinance_1m
2026-09-23T15:11:00-04:00	9.62	9.63	9.62	9.625	2039	yfinance_1m
2026-09-23T15:12:00-04:00	9.62	9.625	9.62	9.62	2231	yfinance_1m
2026-09-23T15:13:00-04:00	9.62	9.635	9.605	9.63	13666	yfinance_1m
2026-09-23T15:14:00-04:00	9.63	9.64	9.63	9.64	2046	yfinance_1m
2026-09-23T15:15:00-04:00	9.6309	9.6309	9.605	9.605	4296	yfinance_1m
2026-09-23T15:16:00-04:00	9.6	9.62	9.6	9.62	4898	yfinance_1m
2026-09-23T15:17:00-04:00	9.615	9.62	9.615	9.62	1372	yfinance_1m
2026-09-23T15:18:00-04:00	9.61	9.61	9.6	9.6	3110	yfinance_1m
2026-09-23T15:19:00-04:00	9.6	9.61	9.6	9.61	2495	yfinance_1m
2026-09-23T15:20:00-04:00	9.61	9.62	9.6	9.62	9988	yfinance_1m
2026-09-23T15:21:00-04:00	9.63	9.64	9.62	9.635	3270	yfinance_1m
2026-09-23T15:22:00-04:00	9.64	9.645	9.64	9.64	3085	yfinance_1m
2026-09-23T15:23:00-04:00	9.65	9.65	9.65	9.65	632	yfinance_1m
2026-09-23T15:24:00-04:00	9.64	9.655	9.64	9.65	4886	yfinance_1m
2026-09-23T15:25:00-04:00	9.645	9.645	9.645	9.645	1393	yfinance_1m
2026-09-23T15:26:00-04:00	9.645	9.66	9.6	9.6	11832	yfinance_1m
2026-09-23T15:27:00-04:00	9.59	9.59	9.575	9.58	4512	yfinance_1m
2026-09-23T15:28:00-04:00	9.579	9.58	9.57	9.57	2384	yfinance_1m
2026-09-23T15:29:00-04:00	9.575	9.575	9.54	9.5463	5702	yfinance_1m
2026-09-23T15:30:00-04:00	9.56	9.57	9.55	9.55	14027	yfinance_1m
2026-09-23T15:31:00-04:00	9.55	9.57	9.55	9.56	13803	yfinance_1m
2026-09-23T15:32:00-04:00	9.56	9.57	9.56	9.57	3481	yfinance_1m
2026-09-23T15:33:00-04:00	9.57	9.58	9.565	9.57	9562	yfinance_1m
2026-09-23T15:34:00-04:00	9.57	9.57	9.56	9.568	6848	yfinance_1m
2026-09-23T15:35:00-04:00	9.57	9.57	9.5617	9.57	6158	yfinance_1m
2026-09-23T15:36:00-04:00	9.57	9.58	9.56	9.57	9187	yfinance_1m
2026-09-23T15:37:00-04:00	9.57	9.57	9.56	9.57	4716	yfinance_1m
2026-09-23T15:38:00-04:00	9.55	9.57	9.55	9.57	4676	yfinance_1m
2026-09-23T15:39:00-04:00	9.57	9.59	9.56	9.57	18670	yfinance_1m
2026-09-23T15:40:00-04:00	9.57	9.57	9.55	9.55	10316	yfinance_1m
2026-09-23T15:41:00-04:00	9.55	9.56	9.54	9.56	13548	yfinance_1m
2026-09-23T15:42:00-04:00	9.56	9.56	9.549	9.55	5987	yfinance_1m
2026-09-23T15:43:00-04:00	9.55	9.62	9.53	9.6	23302	yfinance_1m
2026-09-23T15:44:00-04:00	9.6056	9.62	9.605	9.62	4441	yfinance_1m
2026-09-23T15:45:00-04:00	9.63	9.65	9.612	9.62	13714	yfinance_1m
2026-09-23T15:46:00-04:00	9.62	9.64	9.6	9.63	27688	yfinance_1m
2026-09-23T15:47:00-04:00	9.64	9.66	9.629	9.66	9350	yfinance_1m
2026-09-23T15:48:00-04:00	9.66	9.66	9.635	9.64	8635	yfinance_1m
2026-09-23T15:49:00-04:00	9.63	9.65	9.63	9.64	13945	yfinance_1m
2026-09-23T15:50:00-04:00	9.64	9.64	9.625	9.63	21497	yfinance_1m
2026-09-23T15:51:00-04:00	9.63	9.64	9.62	9.635	18143	yfinance_1m
2026-09-23T15:52:00-04:00	9.63	9.64	9.61	9.615	15986	yfinance_1m
2026-09-23T15:53:00-04:00	9.62	9.65	9.62	9.645	21505	yfinance_1m
2026-09-23T15:54:00-04:00	9.65	9.66	9.63	9.63	28337	yfinance_1m
2026-09-23T15:55:00-04:00	9.63	9.63	9.595	9.625	26932	yfinance_1m
2026-09-23T15:56:00-04:00	9.625	9.63	9.595	9.62	26787	yfinance_1m
2026-09-23T15:57:00-04:00	9.615	9.62	9.59	9.62	50709	yfinance_1m
2026-09-23T15:58:00-04:00	9.615	9.615	9.59	9.595	69870	yfinance_1m
2026-09-23T15:59:00-04:00	9.595	9.63	9.55	9.625	135239	yfinance_1m
2026-09-24T09:30:00-04:00	9.47	9.56	9.47	9.545	26520	yfinance_1m
2026-09-24T09:31:00-04:00	9.545	9.58	9.545	9.58	1851	yfinance_1m
2026-09-24T09:32:00-04:00	9.58	9.694	9.58	9.694	6036	yfinance_1m
2026-09-24T09:33:00-04:00	9.73	9.799	9.699	9.699	8444	yfinance_1m
2026-09-24T09:34:00-04:00	9.65	9.66	9.585	9.6	7988	yfinance_1m
2026-09-24T09:35:00-04:00	9.625	9.74	9.62	9.74	5511	yfinance_1m
2026-09-24T09:36:00-04:00	9.755	9.755	9.68	9.7	4578	yfinance_1m
2026-09-24T09:37:00-04:00	9.754	9.754	9.689	9.689	994	yfinance_1m
2026-09-24T09:38:00-04:00	9.73	9.8	9.73	9.7524	10005	yfinance_1m
2026-09-24T09:39:00-04:00	9.764	9.8	9.764	9.8	6432	yfinance_1m
2026-09-24T09:40:00-04:00	9.8	9.8	9.76	9.76	2714	yfinance_1m
2026-09-24T09:41:00-04:00	9.77	9.77	9.69	9.725	4245	yfinance_1m
2026-09-24T09:42:00-04:00	9.73	9.73	9.73	9.73	305	yfinance_1m
2026-09-24T09:43:00-04:00	9.725	9.725	9.695	9.695	3200	yfinance_1m
2026-09-24T09:44:00-04:00	9.7	9.7	9.64	9.64	2999	yfinance_1m
2026-09-24T09:45:00-04:00	9.63	9.67	9.615	9.66	6149	yfinance_1m
2026-09-24T09:46:00-04:00	9.66	9.66	9.66	9.66	3458	yfinance_1m
2026-09-24T09:47:00-04:00	9.665	9.665	9.66	9.66	3575	yfinance_1m
2026-09-24T09:48:00-04:00	9.66	9.66	9.58	9.585	2705	yfinance_1m
2026-09-24T09:49:00-04:00	9.6	9.63	9.6	9.63	1601	yfinance_1m
2026-09-24T09:50:00-04:00	9.64	9.655	9.6	9.6	1461	yfinance_1m
2026-09-24T09:51:00-04:00	9.6	9.6	9.55	9.55	2428	yfinance_1m
2026-09-24T09:52:00-04:00	9.5317	9.555	9.53	9.555	3030	yfinance_1m
2026-09-24T09:53:00-04:00	9.515	9.515	9.515	9.515	525	yfinance_1m
2026-09-24T09:54:00-04:00	9.52	9.52	9.435	9.46	11582	yfinance_1m
2026-09-24T09:56:00-04:00	9.46	9.555	9.46	9.555	4886	yfinance_1m
2026-09-24T09:57:00-04:00	9.575	9.575	9.575	9.575	1012	yfinance_1m
2026-09-24T09:58:00-04:00	9.6	9.6	9.575	9.575	1049	yfinance_1m
2026-09-24T09:59:00-04:00	9.575	9.6	9.52	9.6	23159	yfinance_1m
2026-09-24T10:00:00-04:00	9.59	9.59	9.59	9.59	1813	yfinance_1m
2026-09-24T10:01:00-04:00	9.62	9.62	9.55	9.58	17992	yfinance_1m
2026-09-24T10:02:00-04:00	9.58	9.725	9.58	9.66	19320	yfinance_1m
2026-09-24T10:03:00-04:00	9.655	9.71	9.6289	9.71	5635	yfinance_1m
2026-09-24T10:04:00-04:00	9.72	9.725	9.66	9.705	6594	yfinance_1m
2026-09-24T10:05:00-04:00	9.6807	9.75	9.6807	9.7185	5561	yfinance_1m
2026-09-24T10:06:00-04:00	9.75	9.84	9.725	9.84	8961	yfinance_1m
2026-09-24T10:07:00-04:00	9.82	9.82	9.76	9.76	5131	yfinance_1m
2026-09-24T10:08:00-04:00	9.76	9.77	9.751	9.751	2411	yfinance_1m
2026-09-24T10:09:00-04:00	9.765	9.765	9.7	9.7	8127	yfinance_1m
2026-09-24T10:10:00-04:00	9.665	9.6899	9.66	9.67	4028	yfinance_1m
2026-09-24T10:11:00-04:00	9.68	9.7	9.67	9.67	2508	yfinance_1m
2026-09-24T10:12:00-04:00	9.69	9.69	9.67	9.67	2013	yfinance_1m
2026-09-24T10:13:00-04:00	9.69	9.75	9.69	9.72	5561	yfinance_1m
2026-09-24T10:14:00-04:00	9.69	9.72	9.69	9.69	1338	yfinance_1m
2026-09-24T10:15:00-04:00	9.7	9.71	9.69	9.71	1125	yfinance_1m
2026-09-24T10:16:00-04:00	9.69	9.69	9.69	9.69	507	yfinance_1m
2026-09-24T10:17:00-04:00	9.685	9.71	9.67	9.67	3783	yfinance_1m
2026-09-24T10:18:00-04:00	9.6619	9.6619	9.64	9.66	2970	yfinance_1m
2026-09-24T10:19:00-04:00	9.66	9.66	9.63	9.635	7221	yfinance_1m
2026-09-24T10:20:00-04:00	9.62	9.62	9.61	9.61	780	yfinance_1m
2026-09-24T10:21:00-04:00	9.61	9.61	9.595	9.595	6824	yfinance_1m
2026-09-24T10:22:00-04:00	9.58	9.58	9.5678	9.5678	1096	yfinance_1m
2026-09-24T10:23:00-04:00	9.57	9.61	9.57	9.61	2051	yfinance_1m
2026-09-24T10:24:00-04:00	9.61	9.61	9.61	9.61	1403	yfinance_1m
2026-09-24T10:25:00-04:00	9.57	9.59	9.5443	9.59	2534	yfinance_1m
2026-09-24T10:26:00-04:00	9.59	9.59	9.565	9.565	1131	yfinance_1m
2026-09-24T10:27:00-04:00	9.555	9.6	9.555	9.6	4005	yfinance_1m
2026-09-24T10:28:00-04:00	9.61	9.63	9.61	9.61	1232	yfinance_1m
2026-09-24T10:29:00-04:00	9.61	9.65	9.61	9.65	2133	yfinance_1m
2026-09-24T10:30:00-04:00	9.61	9.61	9.59	9.61	2475	yfinance_1m
2026-09-24T10:31:00-04:00	9.59	9.6	9.59	9.6	2271	yfinance_1m
2026-09-24T10:32:00-04:00	9.62	9.62	9.5949	9.61	2140	yfinance_1m
2026-09-24T10:33:00-04:00	9.62	9.64	9.62	9.64	1386	yfinance_1m
2026-09-24T10:34:00-04:00	9.64	9.64	9.64	9.64	935	yfinance_1m
2026-09-24T10:35:00-04:00	9.625	9.625	9.56	9.5799	4103	yfinance_1m
2026-09-24T10:36:00-04:00	9.55	9.56	9.55	9.56	3150	yfinance_1m
2026-09-24T10:37:00-04:00	9.58	9.6	9.57	9.57	2279	yfinance_1m
2026-09-24T10:38:00-04:00	9.56	9.57	9.56	9.56	1462	yfinance_1m
2026-09-24T10:39:00-04:00	9.52	9.52	9.52	9.52	1427	yfinance_1m
2026-09-24T10:40:00-04:00	9.51	9.515	9.51	9.515	1399	yfinance_1m
2026-09-24T10:41:00-04:00	9.51	9.51	9.49	9.49	1390	yfinance_1m
2026-09-24T10:42:00-04:00	9.48	9.51	9.48	9.51	4597	yfinance_1m
2026-09-24T10:43:00-04:00	9.52	9.53	9.49	9.53	1077	yfinance_1m
2026-09-24T10:44:00-04:00	9.53	9.53	9.53	9.53	1324	yfinance_1m
2026-09-24T10:45:00-04:00	9.535	9.535	9.51	9.525	2886	yfinance_1m
2026-09-24T10:46:00-04:00	9.55	9.59	9.55	9.58	1819	yfinance_1m
2026-09-24T10:47:00-04:00	9.585	9.59	9.565	9.59	2232	yfinance_1m
2026-09-24T10:48:00-04:00	9.59	9.6	9.571	9.6	4349	yfinance_1m
2026-09-24T10:49:00-04:00	9.6	9.6	9.585	9.6	925	yfinance_1m
2026-09-24T10:50:00-04:00	9.61	9.62	9.595	9.61	2198	yfinance_1m
2026-09-24T10:51:00-04:00	9.62	9.62	9.585	9.59	502	yfinance_1m
2026-09-24T10:52:00-04:00	9.6	9.6	9.59	9.59	1187	yfinance_1m
2026-09-24T10:53:00-04:00	9.57	9.62	9.56	9.6	5225	yfinance_1m
2026-09-24T10:55:00-04:00	9.56	9.58	9.55	9.58	1318	yfinance_1m
2026-09-24T10:56:00-04:00	9.551	9.58	9.55	9.565	1646	yfinance_1m
2026-09-24T10:57:00-04:00	9.58	9.58	9.565	9.565	575	yfinance_1m
2026-09-24T10:58:00-04:00	9.58	9.58	9.54	9.54	1587	yfinance_1m
2026-09-24T10:59:00-04:00	9.53	9.54	9.52	9.54	2357	yfinance_1m
2026-09-24T11:00:00-04:00	9.5316	9.55	9.5316	9.55	4283	yfinance_1m
2026-09-24T11:01:00-04:00	9.535	9.56	9.535	9.5501	2360	yfinance_1m
2026-09-24T11:02:00-04:00	9.56	9.57	9.56	9.57	691	yfinance_1m
2026-09-24T11:03:00-04:00	9.57	9.57	9.55	9.55	2329	yfinance_1m
2026-09-24T11:04:00-04:00	9.56	9.56	9.56	9.56	772	yfinance_1m
2026-09-24T11:05:00-04:00	9.54	9.6	9.54	9.6	6795	yfinance_1m
2026-09-24T11:06:00-04:00	9.62	9.62	9.61	9.61	952	yfinance_1m
2026-09-24T11:07:00-04:00	9.6	9.62	9.6	9.62	1466	yfinance_1m
2026-09-24T11:08:00-04:00	9.62	9.62	9.61	9.615	4051	yfinance_1m
2026-09-24T11:09:00-04:00	9.6096	9.6096	9.59	9.59	2089	yfinance_1m
2026-09-24T11:10:00-04:00	9.6	9.6	9.58	9.58	6845	yfinance_1m
2026-09-24T11:11:00-04:00	9.58	9.59	9.58	9.58	1985	yfinance_1m
2026-09-24T11:12:00-04:00	9.58	9.59	9.55	9.55	3777	yfinance_1m
2026-09-24T11:13:00-04:00	9.55	9.56	9.55	9.56	2942	yfinance_1m
2026-09-24T11:14:00-04:00	9.57	9.57	9.56	9.56	764	yfinance_1m
2026-09-24T11:15:00-04:00	9.56	9.57	9.56	9.56	907	yfinance_1m
2026-09-24T11:16:00-04:00	9.57	9.605	9.57	9.585	3457	yfinance_1m
2026-09-24T11:17:00-04:00	9.58	9.6	9.58	9.58	5709	yfinance_1m
2026-09-24T11:18:00-04:00	9.595	9.595	9.55	9.55	3614	yfinance_1m
2026-09-24T11:19:00-04:00	9.55	9.55	9.55	9.55	474	yfinance_1m
2026-09-24T11:20:00-04:00	9.54	9.54	9.515	9.515	3649	yfinance_1m
2026-09-24T11:21:00-04:00	9.52	9.53	9.515	9.53	4748	yfinance_1m
2026-09-24T11:22:00-04:00	9.515	9.53	9.5	9.5	483	yfinance_1m
2026-09-24T11:23:00-04:00	9.53	9.53	9.5	9.52	1671	yfinance_1m
2026-09-24T11:24:00-04:00	9.53	9.54	9.53	9.54	1981	yfinance_1m
2026-09-24T11:25:00-04:00	9.54	9.54	9.49	9.5	2888	yfinance_1m
2026-09-24T11:26:00-04:00	9.52	9.55	9.52	9.53	3309	yfinance_1m
2026-09-24T11:27:00-04:00	9.5	9.535	9.48	9.48	1907	yfinance_1m
2026-09-24T11:28:00-04:00	9.51	9.51	9.481	9.481	989	yfinance_1m
2026-09-24T11:29:00-04:00	9.48	9.49	9.47	9.49	866	yfinance_1m
2026-09-24T11:30:00-04:00	9.46	9.5	9.46	9.5	3541	yfinance_1m
2026-09-24T11:31:00-04:00	9.5	9.51	9.48	9.505	2083	yfinance_1m
2026-09-24T11:32:00-04:00	9.5	9.5	9.5	9.5	547	yfinance_1m
2026-09-24T11:33:00-04:00	9.52	9.52	9.51	9.515	1674	yfinance_1m
2026-09-24T11:34:00-04:00	9.515	9.55	9.515	9.55	1898	yfinance_1m
2026-09-24T11:35:00-04:00	9.56	9.56	9.52	9.52	839	yfinance_1m
2026-09-24T11:36:00-04:00	9.55	9.55	9.52	9.55	6499	yfinance_1m
2026-09-24T11:37:00-04:00	9.55	9.56	9.53	9.56	2105	yfinance_1m
2026-09-24T11:38:00-04:00	9.56	9.56	9.55	9.56	2095	yfinance_1m
2026-09-24T11:39:00-04:00	9.57	9.57	9.55	9.55	2508	yfinance_1m
2026-09-24T11:40:00-04:00	9.56	9.57	9.55	9.57	2301	yfinance_1m
2026-09-24T11:41:00-04:00	9.59	9.59	9.58	9.59	2028	yfinance_1m
2026-09-24T11:42:00-04:00	9.6	9.6	9.575	9.575	1345	yfinance_1m
2026-09-24T11:43:00-04:00	9.575	9.63	9.575	9.6	2710	yfinance_1m
2026-09-24T11:44:00-04:00	9.62	9.62	9.62	9.62	1120	yfinance_1m
2026-09-24T11:45:00-04:00	9.64	9.65	9.625	9.6281	2177	yfinance_1m
2026-09-24T11:46:00-04:00	9.64	9.64	9.61	9.61	1104	yfinance_1m
2026-09-24T11:47:00-04:00	9.631	9.631	9.6	9.61	2527	yfinance_1m
2026-09-24T11:48:00-04:00	9.63	9.63	9.6	9.61	4619	yfinance_1m
2026-09-24T11:49:00-04:00	9.6	9.62	9.6	9.61	1185	yfinance_1m
2026-09-24T11:50:00-04:00	9.59	9.615	9.59	9.61	1328	yfinance_1m
2026-09-24T11:51:00-04:00	9.59	9.61	9.59	9.61	1007	yfinance_1m
2026-09-24T11:52:00-04:00	9.59	9.63	9.59	9.62	3397	yfinance_1m
2026-09-24T11:53:00-04:00	9.61	9.61	9.6	9.605	1987	yfinance_1m
2026-09-24T11:54:00-04:00	9.605	9.605	9.6	9.605	1353	yfinance_1m
2026-09-24T11:55:00-04:00	9.605	9.605	9.58	9.58	4643	yfinance_1m
2026-09-24T11:56:00-04:00	9.57	9.595	9.56	9.595	9699	yfinance_1m
2026-09-24T11:57:00-04:00	9.595	9.595	9.59	9.59	1959	yfinance_1m
2026-09-24T11:58:00-04:00	9.58	9.58	9.56	9.565	1898	yfinance_1m
2026-09-24T11:59:00-04:00	9.55	9.565	9.55	9.55	2868	yfinance_1m
2026-09-24T12:00:00-04:00	9.575	9.58	9.51	9.51	2571	yfinance_1m
2026-09-24T12:01:00-04:00	9.52	9.53	9.52	9.53	1819	yfinance_1m
2026-09-24T12:02:00-04:00	9.51	9.51	9.48	9.5	2454	yfinance_1m
2026-09-24T12:03:00-04:00	9.48	9.485	9.47	9.47	1127	yfinance_1m
2026-09-24T12:04:00-04:00	9.48	9.49	9.47	9.485	2257	yfinance_1m
2026-09-24T12:05:00-04:00	9.485	9.485	9.46	9.48	8808	yfinance_1m
2026-09-24T12:06:00-04:00	9.46	9.47	9.39	9.41	15209	yfinance_1m
2026-09-24T12:07:00-04:00	9.4	9.4	9.365	9.37	5906	yfinance_1m
2026-09-24T12:08:00-04:00	9.38	9.38	9.38	9.38	263	yfinance_1m
2026-09-24T12:09:00-04:00	9.4	9.41	9.39	9.41	2907	yfinance_1m
2026-09-24T12:10:00-04:00	9.41	9.43	9.41	9.43	2321	yfinance_1m
2026-09-24T12:11:00-04:00	9.45	9.45	9.44	9.44	1052	yfinance_1m
2026-09-24T12:12:00-04:00	9.41	9.45	9.41	9.43	814	yfinance_1m
2026-09-24T12:13:00-04:00	9.45	9.49	9.435	9.49	7700	yfinance_1m
2026-09-24T12:14:00-04:00	9.49	9.51	9.48	9.5	3410	yfinance_1m
2026-09-24T12:15:00-04:00	9.5	9.59	9.5	9.59	15435	yfinance_1m
2026-09-24T12:16:00-04:00	9.58	9.685	9.58	9.685	13057	yfinance_1m
2026-09-24T12:17:00-04:00	9.69	9.7	9.69	9.7	971	yfinance_1m
2026-09-24T12:18:00-04:00	9.72	9.74	9.71	9.71	3082	yfinance_1m
2026-09-24T12:19:00-04:00	9.7057	9.73	9.655	9.655	4196	yfinance_1m
2026-09-24T12:20:00-04:00	9.66	9.7	9.66	9.675	3290	yfinance_1m
2026-09-24T12:21:00-04:00	9.665	9.665	9.64	9.655	2205	yfinance_1m
2026-09-24T12:22:00-04:00	9.67	9.71	9.67	9.705	5240	yfinance_1m
2026-09-24T12:23:00-04:00	9.71	9.71	9.69	9.69	568	yfinance_1m
2026-09-24T12:24:00-04:00	9.71	9.74	9.681	9.74	11099	yfinance_1m
2026-09-24T12:25:00-04:00	9.71	9.71	9.67	9.67	2976	yfinance_1m
2026-09-24T12:26:00-04:00	9.67	9.705	9.665	9.705	4853	yfinance_1m
2026-09-24T12:27:00-04:00	9.67	9.71	9.67	9.71	2623	yfinance_1m
2026-09-24T12:28:00-04:00	9.72	9.74	9.72	9.73	3828	yfinance_1m
2026-09-24T12:29:00-04:00	9.735	9.77	9.73	9.77	3835	yfinance_1m
2026-09-24T12:30:00-04:00	9.77	9.77	9.74	9.75	2774	yfinance_1m
2026-09-24T12:31:00-04:00	9.75	9.75	9.71	9.71	2476	yfinance_1m
2026-09-24T12:32:00-04:00	9.715	9.73	9.715	9.73	3202	yfinance_1m
2026-09-24T12:33:00-04:00	9.725	9.74	9.72	9.72	1255	yfinance_1m
2026-09-24T12:34:00-04:00	9.71	9.71	9.71	9.71	2305	yfinance_1m
2026-09-24T12:35:00-04:00	9.69	9.72	9.69	9.72	1651	yfinance_1m
2026-09-24T12:36:00-04:00	9.72	9.74	9.72	9.74	4828	yfinance_1m
2026-09-24T12:37:00-04:00	9.74	9.74	9.71	9.7199	2735	yfinance_1m
2026-09-24T12:38:00-04:00	9.7	9.7	9.685	9.685	1713	yfinance_1m
2026-09-24T12:39:00-04:00	9.685	9.7	9.67	9.69	1980	yfinance_1m
2026-09-24T12:40:00-04:00	9.68	9.73	9.68	9.73	4657	yfinance_1m
2026-09-24T12:41:00-04:00	9.74	9.76	9.74	9.76	1847	yfinance_1m
2026-09-24T12:42:00-04:00	9.76	9.77	9.76	9.77	1567	yfinance_1m
2026-09-24T12:43:00-04:00	9.77	9.77	9.74	9.74	2320	yfinance_1m
2026-09-24T12:44:00-04:00	9.74	9.74	9.725	9.725	2859	yfinance_1m
2026-09-24T12:45:00-04:00	9.74	9.74	9.68	9.68	3630	yfinance_1m
2026-09-24T12:46:00-04:00	9.685	9.69	9.66	9.675	3701	yfinance_1m
2026-09-24T12:47:00-04:00	9.69	9.69	9.675	9.69	3248	yfinance_1m
2026-09-24T12:48:00-04:00	9.68	9.7	9.67	9.685	14376	yfinance_1m
2026-09-24T12:49:00-04:00	9.675	9.7	9.675	9.7	1181	yfinance_1m
2026-09-24T12:50:00-04:00	9.685	9.73	9.685	9.73	2886	yfinance_1m
2026-09-24T12:51:00-04:00	9.71	9.71	9.69	9.71	1105	yfinance_1m
2026-09-24T12:52:00-04:00	9.71	9.71	9.71	9.71	1560	yfinance_1m
2026-09-24T12:53:00-04:00	9.705	9.72	9.68	9.72	4459	yfinance_1m
2026-09-24T12:54:00-04:00	9.72	9.76	9.72	9.745	4041	yfinance_1m
2026-09-24T12:55:00-04:00	9.74	9.75	9.74	9.74	10712	yfinance_1m
2026-09-24T12:56:00-04:00	9.735	9.78	9.73	9.78	4308	yfinance_1m
2026-09-24T12:57:00-04:00	9.78	9.78	9.765	9.765	1440	yfinance_1m
2026-09-24T12:58:00-04:00	9.78	9.78	9.78	9.78	806	yfinance_1m
2026-09-24T12:59:00-04:00	9.765	9.78	9.76	9.76	2818	yfinance_1m
2026-09-24T13:00:00-04:00	9.75	9.76	9.73	9.76	3664	yfinance_1m
2026-09-24T13:01:00-04:00	9.77	9.77	9.735	9.765	15028	yfinance_1m
2026-09-24T13:02:00-04:00	9.77	9.785	9.76	9.785	3069	yfinance_1m
2026-09-24T13:03:00-04:00	9.8	9.83	9.8	9.81	2155	yfinance_1m
2026-09-24T13:04:00-04:00	9.8	9.82	9.79	9.795	6964	yfinance_1m
2026-09-24T13:05:00-04:00	9.8051	9.8051	9.77	9.78	2516	yfinance_1m
2026-09-24T13:06:00-04:00	9.785	9.79	9.775	9.78	4129	yfinance_1m
2026-09-24T13:07:00-04:00	9.79	9.79	9.77	9.77	3216	yfinance_1m
2026-09-24T13:08:00-04:00	9.775	9.79	9.75	9.79	2618	yfinance_1m
2026-09-24T13:09:00-04:00	9.8	9.8	9.79	9.79	987	yfinance_1m
2026-09-24T13:10:00-04:00	9.77	9.785	9.77	9.785	1629	yfinance_1m
2026-09-24T13:11:00-04:00	9.79	9.79	9.79	9.79	1243	yfinance_1m
2026-09-24T13:12:00-04:00	9.79	9.8	9.79	9.7965	2572	yfinance_1m
2026-09-24T13:13:00-04:00	9.785	9.8	9.785	9.8	2794	yfinance_1m
2026-09-24T13:14:00-04:00	9.81	9.84	9.81	9.84	2327	yfinance_1m
2026-09-24T13:15:00-04:00	9.84	9.84	9.8	9.8083	3194	yfinance_1m
2026-09-24T13:16:00-04:00	9.81	9.83	9.81	9.83	1667	yfinance_1m
2026-09-24T13:17:00-04:00	9.83	9.86	9.83	9.84	2730	yfinance_1m
2026-09-24T13:18:00-04:00	9.87	9.88	9.86	9.86	3105	yfinance_1m
2026-09-24T13:19:00-04:00	9.865	9.89	9.865	9.87	1980	yfinance_1m
2026-09-24T13:20:00-04:00	9.865	9.87	9.8412	9.8412	16985	yfinance_1m
2026-09-24T13:21:00-04:00	9.855	9.87	9.855	9.87	2498	yfinance_1m
2026-09-24T13:22:00-04:00	9.87	9.9	9.87	9.9	11580	yfinance_1m
2026-09-24T13:23:00-04:00	9.91	9.91	9.89	9.91	2484	yfinance_1m
2026-09-24T13:24:00-04:00	9.89	9.92	9.89	9.9	2389	yfinance_1m
2026-09-24T13:25:00-04:00	9.9	9.92	9.88	9.895	18667	yfinance_1m
2026-09-24T13:26:00-04:00	9.88	9.91	9.88	9.91	11238	yfinance_1m
2026-09-24T13:27:00-04:00	9.91	9.92	9.91	9.92	4504	yfinance_1m
2026-09-24T13:28:00-04:00	9.91	9.94	9.91	9.9377	3751	yfinance_1m
2026-09-24T13:29:00-04:00	9.94	9.94	9.9115	9.94	4415	yfinance_1m
2026-09-24T13:30:00-04:00	9.925	9.925	9.89	9.895	9311	yfinance_1m
2026-09-24T13:31:00-04:00	9.91	9.92	9.895	9.92	5500	yfinance_1m
2026-09-24T13:32:00-04:00	9.905	9.905	9.905	9.905	823	yfinance_1m
2026-09-24T13:33:00-04:00	9.905	9.905	9.87	9.874	3633	yfinance_1m
2026-09-24T13:34:00-04:00	9.86	9.86	9.82	9.83	32261	yfinance_1m
2026-09-24T13:35:00-04:00	9.79	9.8	9.79	9.8	429	yfinance_1m
2026-09-24T13:36:00-04:00	9.78	9.79	9.775	9.775	5629	yfinance_1m
2026-09-24T13:37:00-04:00	9.775	9.79	9.775	9.78	9468	yfinance_1m
2026-09-24T13:38:00-04:00	9.8	9.8	9.76	9.76	2989	yfinance_1m
2026-09-24T13:39:00-04:00	9.76	9.8	9.76	9.785	3815	yfinance_1m
2026-09-24T13:40:00-04:00	9.79	9.8	9.74	9.755	10390	yfinance_1m
2026-09-24T13:41:00-04:00	9.755	9.79	9.74	9.77	11579	yfinance_1m
2026-09-24T13:42:00-04:00	9.78	9.81	9.78	9.7813	5647	yfinance_1m
2026-09-24T13:43:00-04:00	9.79	9.81	9.77	9.78	3107	yfinance_1m
2026-09-24T13:44:00-04:00	9.79	9.81	9.78	9.79	2562	yfinance_1m
2026-09-24T13:45:00-04:00	9.8	9.8	9.78	9.78	1192	yfinance_1m
2026-09-24T13:46:00-04:00	9.79	9.79	9.785	9.79	1286	yfinance_1m
2026-09-24T13:47:00-04:00	9.8	9.805	9.8	9.805	2329	yfinance_1m
2026-09-24T13:48:00-04:00	9.81	9.81	9.8017	9.805	2591	yfinance_1m
2026-09-24T13:49:00-04:00	9.805	9.84	9.805	9.825	1472	yfinance_1m
2026-09-24T13:50:00-04:00	9.825	9.83	9.82	9.825	1911	yfinance_1m
2026-09-24T13:51:00-04:00	9.825	9.825	9.825	9.825	964	yfinance_1m
2026-09-24T13:52:00-04:00	9.825	9.825	9.825	9.825	580	yfinance_1m
2026-09-24T13:53:00-04:00	9.825	9.825	9.81	9.815	4043	yfinance_1m
2026-09-24T13:54:00-04:00	9.81	9.81	9.81	9.81	531	yfinance_1m
2026-09-24T13:55:00-04:00	9.81	9.81	9.79	9.79	2863	yfinance_1m
2026-09-24T13:56:00-04:00	9.8	9.81	9.8	9.81	2123	yfinance_1m
2026-09-24T13:57:00-04:00	9.795	9.81	9.78	9.78	1590	yfinance_1m
2026-09-24T13:58:00-04:00	9.81	9.81	9.78	9.8	9006	yfinance_1m
2026-09-24T13:59:00-04:00	9.785	9.81	9.785	9.8	1547	yfinance_1m
2026-09-24T14:00:00-04:00	9.81	9.84	9.79	9.79	9019	yfinance_1m
2026-09-24T14:01:00-04:00	9.78	9.78	9.75	9.75	2844	yfinance_1m
2026-09-24T14:02:00-04:00	9.75	9.76	9.75	9.76	1178	yfinance_1m
2026-09-24T14:03:00-04:00	9.745	9.77	9.745	9.755	3658	yfinance_1m
2026-09-24T14:04:00-04:00	9.7565	9.7565	9.73	9.73	3973	yfinance_1m
2026-09-24T14:05:00-04:00	9.72	9.72	9.72	9.72	2353	yfinance_1m
2026-09-24T14:06:00-04:00	9.7101	9.74	9.7101	9.73	5639	yfinance_1m
2026-09-24T14:07:00-04:00	9.725	9.725	9.725	9.725	4687	yfinance_1m
2026-09-24T14:08:00-04:00	9.73	9.74	9.725	9.735	3582	yfinance_1m
2026-09-24T14:09:00-04:00	9.735	9.75	9.735	9.75	2785	yfinance_1m
2026-09-24T14:10:00-04:00	9.76	9.76	9.74	9.74	1640	yfinance_1m
2026-09-24T14:11:00-04:00	9.74	9.76	9.74	9.76	2453	yfinance_1m
2026-09-24T14:12:00-04:00	9.755	9.755	9.75	9.75	1772	yfinance_1m
2026-09-24T14:13:00-04:00	9.75	9.75	9.72	9.73	2180	yfinance_1m
2026-09-24T14:14:00-04:00	9.73	9.75	9.73	9.73	1691	yfinance_1m
2026-09-24T14:15:00-04:00	9.725	9.74	9.725	9.74	1682	yfinance_1m
2026-09-24T14:16:00-04:00	9.75	9.77	9.75	9.7665	2333	yfinance_1m
2026-09-24T14:17:00-04:00	9.755	9.77	9.755	9.77	1089	yfinance_1m
2026-09-24T14:18:00-04:00	9.77	9.78	9.77	9.77	2787	yfinance_1m
2026-09-24T14:20:00-04:00	9.765	9.765	9.745	9.745	2288	yfinance_1m
2026-09-24T14:21:00-04:00	9.75	9.76	9.74	9.75	3164	yfinance_1m
2026-09-24T14:22:00-04:00	9.75	9.75	9.74	9.7489	2355	yfinance_1m
2026-09-24T14:23:00-04:00	9.74	9.745	9.74	9.74	2354	yfinance_1m
2026-09-24T14:24:00-04:00	9.74	9.75	9.74	9.75	1624	yfinance_1m
2026-09-24T14:25:00-04:00	9.745	9.795	9.745	9.78	3856	yfinance_1m
2026-09-24T14:26:00-04:00	9.785	9.8	9.785	9.785	1252	yfinance_1m
2026-09-24T14:27:00-04:00	9.77	9.77	9.77	9.77	589	yfinance_1m
2026-09-24T14:28:00-04:00	9.78	9.79	9.76	9.76	4545	yfinance_1m
2026-09-24T14:29:00-04:00	9.78	9.79	9.775	9.78	2964	yfinance_1m
2026-09-24T14:30:00-04:00	9.77	9.79	9.76	9.7602	1542	yfinance_1m
2026-09-24T14:31:00-04:00	9.77	9.77	9.765	9.765	2600	yfinance_1m
2026-09-24T14:32:00-04:00	9.77	9.79	9.72	9.79	32174	yfinance_1m
2026-09-24T14:33:00-04:00	9.8	9.82	9.74	9.75	85101	yfinance_1m
2026-09-24T14:34:00-04:00	9.75	9.76	9.72	9.7452	25061	yfinance_1m
2026-09-24T14:35:00-04:00	9.72	9.72	9.7	9.7	2024	yfinance_1m
2026-09-24T14:36:00-04:00	9.71	9.71	9.68	9.695	15555	yfinance_1m
2026-09-24T14:37:00-04:00	9.695	9.71	9.695	9.695	4744	yfinance_1m
2026-09-24T14:38:00-04:00	9.7	9.72	9.7	9.72	4016	yfinance_1m
2026-09-24T14:39:00-04:00	9.73	9.765	9.73	9.73	5956	yfinance_1m
2026-09-24T14:40:00-04:00	9.715	9.715	9.705	9.705	692	yfinance_1m
2026-09-24T14:41:00-04:00	9.705	9.71	9.695	9.695	1454	yfinance_1m
2026-09-24T14:42:00-04:00	9.695	9.71	9.695	9.695	2545	yfinance_1m
2026-09-24T14:43:00-04:00	9.71	9.71	9.66	9.66	5473	yfinance_1m
2026-09-24T14:44:00-04:00	9.66	9.67	9.65	9.67	2080	yfinance_1m
2026-09-24T14:45:00-04:00	9.67	9.67	9.66	9.67	3642	yfinance_1m
2026-09-24T14:46:00-04:00	9.67	9.68	9.67	9.68	1277	yfinance_1m
2026-09-24T14:47:00-04:00	9.68	9.68	9.67	9.67	1436	yfinance_1m
2026-09-24T14:48:00-04:00	9.67	9.68	9.67	9.68	2478	yfinance_1m
2026-09-24T14:49:00-04:00	9.67	9.71	9.66	9.71	4895	yfinance_1m
2026-09-24T14:50:00-04:00	9.71	9.75	9.71	9.73	4625	yfinance_1m
2026-09-24T14:51:00-04:00	9.73	9.73	9.71	9.71	2460	yfinance_1m
2026-09-24T14:52:00-04:00	9.72	9.73	9.72	9.73	2638	yfinance_1m
2026-09-24T14:53:00-04:00	9.72	9.73	9.72	9.73	1067	yfinance_1m
2026-09-24T14:54:00-04:00	9.72	9.73	9.7	9.71	3354	yfinance_1m
2026-09-24T14:55:00-04:00	9.7	9.71	9.7	9.705	2117	yfinance_1m
2026-09-24T14:56:00-04:00	9.705	9.72	9.705	9.72	3288	yfinance_1m
2026-09-24T14:57:00-04:00	9.715	9.725	9.71	9.72	4767	yfinance_1m
2026-09-24T14:58:00-04:00	9.72	9.72	9.72	9.72	1448	yfinance_1m
2026-09-24T14:59:00-04:00	9.72	9.72	9.71	9.71	6339	yfinance_1m
2026-09-24T15:00:00-04:00	9.72	9.75	9.72	9.74	4764	yfinance_1m
2026-09-24T15:01:00-04:00	9.74	9.74	9.73	9.73	2973	yfinance_1m
2026-09-24T15:02:00-04:00	9.73	9.74	9.71	9.71	3518	yfinance_1m
2026-09-24T15:03:00-04:00	9.715	9.72	9.71	9.72	3313	yfinance_1m
2026-09-24T15:04:00-04:00	9.72	9.73	9.715	9.715	3853	yfinance_1m
2026-09-24T15:05:00-04:00	9.73	9.735	9.73	9.73	1998	yfinance_1m
2026-09-24T15:06:00-04:00	9.73	9.75	9.725	9.725	2167	yfinance_1m
2026-09-24T15:07:00-04:00	9.725	9.74	9.72	9.74	2909	yfinance_1m
2026-09-24T15:08:00-04:00	9.73	9.75	9.73	9.73	5608	yfinance_1m
2026-09-24T15:09:00-04:00	9.73	9.73	9.73	9.73	1305	yfinance_1m
2026-09-24T15:10:00-04:00	9.73	9.75	9.73	9.74	3148	yfinance_1m
2026-09-24T15:11:00-04:00	9.74	9.75	9.73	9.73	2087	yfinance_1m
2026-09-24T15:12:00-04:00	9.74	9.74	9.73	9.74	1335	yfinance_1m
2026-09-24T15:13:00-04:00	9.73	9.745	9.73	9.745	2186	yfinance_1m
2026-09-24T15:14:00-04:00	9.73	9.74	9.73	9.74	1829	yfinance_1m
2026-09-24T15:15:00-04:00	9.73	9.74	9.72	9.72	1909	yfinance_1m
2026-09-24T15:16:00-04:00	9.72	9.72	9.71	9.72	3933	yfinance_1m
2026-09-24T15:17:00-04:00	9.71	9.725	9.71	9.725	3363	yfinance_1m
2026-09-24T15:18:00-04:00	9.73	9.74	9.73	9.74	3375	yfinance_1m
2026-09-24T15:19:00-04:00	9.745	9.755	9.74	9.755	6381	yfinance_1m
2026-09-24T15:20:00-04:00	9.76	9.76	9.75	9.75	5701	yfinance_1m
2026-09-24T15:21:00-04:00	9.75	9.76	9.745	9.76	3417	yfinance_1m
2026-09-24T15:22:00-04:00	9.75	9.77	9.75	9.77	5732	yfinance_1m
2026-09-24T15:23:00-04:00	9.77	9.77	9.76	9.76	1879	yfinance_1m
2026-09-24T15:24:00-04:00	9.77	9.77	9.7375	9.7375	11938	yfinance_1m
2026-09-24T15:25:00-04:00	9.735	9.745	9.73	9.74	6395	yfinance_1m
2026-09-24T15:26:00-04:00	9.7301	9.75	9.7301	9.74	3593	yfinance_1m
2026-09-24T15:27:00-04:00	9.74	9.765	9.74	9.75	7352	yfinance_1m
2026-09-24T15:28:00-04:00	9.74	9.745	9.73	9.73	2976	yfinance_1m
2026-09-24T15:29:00-04:00	9.73	9.74	9.72	9.72	7952	yfinance_1m
2026-09-24T15:30:00-04:00	9.72	9.774	9.72	9.774	9249	yfinance_1m
2026-09-24T15:31:00-04:00	9.75	9.77	9.75	9.77	5879	yfinance_1m
2026-09-24T15:32:00-04:00	9.76	9.77	9.76	9.77	2564	yfinance_1m
2026-09-24T15:33:00-04:00	9.7672	9.77	9.76	9.77	4427	yfinance_1m
2026-09-24T15:34:00-04:00	9.76	9.8	9.76	9.8	10357	yfinance_1m
2026-09-24T15:35:00-04:00	9.8	9.8	9.77	9.77	10577	yfinance_1m
2026-09-24T15:36:00-04:00	9.76	9.78	9.76	9.78	5670	yfinance_1m
2026-09-24T15:37:00-04:00	9.78	9.78	9.77	9.77	4061	yfinance_1m
2026-09-24T15:38:00-04:00	9.775	9.785	9.77	9.78	10404	yfinance_1m
2026-09-24T15:39:00-04:00	9.79	9.8	9.79	9.8	6148	yfinance_1m
2026-09-24T15:40:00-04:00	9.81	9.83	9.81	9.825	8530	yfinance_1m
2026-09-24T15:41:00-04:00	9.83	9.83	9.79	9.82	27278	yfinance_1m
2026-09-24T15:42:00-04:00	9.82	9.83	9.82	9.83	3960	yfinance_1m
2026-09-24T15:43:00-04:00	9.83	9.83	9.82	9.82	2968	yfinance_1m
2026-09-24T15:44:00-04:00	9.825	9.83	9.805	9.82	8038	yfinance_1m
2026-09-24T15:45:00-04:00	9.82	9.82	9.8	9.805	7555	yfinance_1m
2026-09-24T15:46:00-04:00	9.805	9.805	9.79	9.795	8826	yfinance_1m
2026-09-24T15:47:00-04:00	9.795	9.795	9.795	9.795	0	yfinance_1m
2026-09-24T15:48:00-04:00	9.8	9.82	9.7825	9.785	16978	yfinance_1m
2026-09-24T15:49:00-04:00	9.785	9.83	9.785	9.83	12203	yfinance_1m
2026-09-24T15:50:00-04:00	9.82	9.84	9.805	9.82	15095	yfinance_1m
2026-09-24T15:51:00-04:00	9.82	9.85	9.82	9.845	13614	yfinance_1m
2026-09-24T15:52:00-04:00	9.85	9.87	9.84	9.87	36194	yfinance_1m
2026-09-24T15:53:00-04:00	9.87	9.88	9.87	9.87	10487	yfinance_1m
2026-09-24T15:54:00-04:00	9.88	9.895	9.88	9.88	20309	yfinance_1m
2026-09-24T15:55:00-04:00	9.89	9.905	9.87	9.87	29118	yfinance_1m
2026-09-24T15:56:00-04:00	9.88	9.88	9.85	9.87	30945	yfinance_1m
2026-09-24T15:57:00-04:00	9.87	9.87	9.845	9.845	49000	yfinance_1m
2026-09-24T15:58:00-04:00	9.845	9.855	9.83	9.835	65387	yfinance_1m
2026-09-24T15:59:00-04:00	9.835	9.835	9.79	9.82	78305	yfinance_1m
